Datetime (UTC),Country,Zone name,Zone id,Carbon intensity gCO₂eq/kWh (direct),Carbon intensity gCO₂eq/kWh (Life cycle),Carbon-free energy percentage (CFE%),Renewable energy percentage (RE%),Data source,Data estimated,Data estimation method
2024-01-01 00:00:00,Russia,Europe-Ural,RU,391.88,357.41,31.89,2.68,so-ups.ru,false,
2024-01-01 01:00:00,Russia,Europe-Ural,RU,391.16,356.36,31.99,2.61,so-ups.ru,false,
2024-01-01 02:00:00,Russia,Europe-Ural,RU,391.5,357.05,31.96,2.64,so-ups.ru,false,
2024-01-01 03:00:00,Russia,Europe-Ural,RU,391.6,357.3,31.94,2.99,so-ups.ru,false,
2024-01-01 04:00:00,Russia,Europe-Ural,RU,389.55,355.55,32.28,3.53,so-ups.ru,false,
2024-01-01 05:00:00,Russia,Europe-Ural,RU,381.89,348.66,33.59,5.05,so-ups.ru,false,
2024-01-01 06:00:00,Russia,Europe-Ural,RU,382.16,349.17,33.57,5.33,so-ups.ru,false,
2024-01-01 07:00:00,Russia,Europe-Ural,RU,384.1,351.34,33.26,5.5,so-ups.ru,false,
2024-01-01 08:00:00,Russia,Europe-Ural,RU,383.1,350.4,33.41,5.61,so-ups.ru,false,
2024-01-01 09:00:00,Russia,Europe-Ural,RU,383.16,350.09,33.39,5.7,so-ups.ru,false,
2024-01-01 10:00:00,Russia,Europe-Ural,RU,383.31,349.99,33.37,5.67,so-ups.ru,false,
2024-01-01 11:00:00,Russia,Europe-Ural,RU,383.7,350.7,33.31,5.83,so-ups.ru,false,
2024-01-01 12:00:00,Russia,Europe-Ural,RU,382.6,349.7,33.5,6.35,so-ups.ru,false,
2024-01-01 13:00:00,Russia,Europe-Ural,RU,375.88,343.48,34.63,8.13,so-ups.ru,false,
2024-01-01 14:00:00,Russia,Europe-Ural,RU,374.44,342.81,34.91,8.82,so-ups.ru,false,
2024-01-01 15:00:00,Russia,Europe-Ural,RU,378.18,346.19,34.28,7.99,so-ups.ru,false,
2024-01-01 16:00:00,Russia,Europe-Ural,RU,376.49,344.55,34.57,8.2,so-ups.ru,false,
2024-01-01 17:00:00,Russia,Europe-Ural,RU,378.18,346.06,34.28,7.68,so-ups.ru,false,
2024-01-01 18:00:00,Russia,Europe-Ural,RU,378.53,346.24,34.22,7.3,so-ups.ru,false,
2024-01-01 19:00:00,Russia,Europe-Ural,RU,379.82,347.0,33.98,6.28,so-ups.ru,false,
2024-01-01 20:00:00,Russia,Europe-Ural,RU,376.69,344.64,34.56,6.37,so-ups.ru,false,
2024-01-01 21:00:00,Russia,Europe-Ural,RU,392.22,357.84,31.85,3.23,so-ups.ru,false,
2024-01-01 22:00:00,Russia,Europe-Ural,RU,392.3,357.56,31.82,2.71,so-ups.ru,false,
2024-01-01 23:00:00,Russia,Europe-Ural,RU,390.27,355.7,32.16,2.64,so-ups.ru,false,
2024-01-02 00:00:00,Russia,Europe-Ural,RU,390.17,355.72,32.18,2.57,so-ups.ru,false,
2024-01-02 01:00:00,Russia,Europe-Ural,RU,391.03,356.58,32.04,2.63,so-ups.ru,false,
2024-01-02 02:00:00,Russia,Europe-Ural,RU,391.55,357.12,31.94,3.01,so-ups.ru,false,
2024-01-02 03:00:00,Russia,Europe-Ural,RU,387.99,354.19,32.56,4.2,so-ups.ru,false,
2024-01-02 04:00:00,Russia,Europe-Ural,RU,390.06,356.15,32.19,4.45,so-ups.ru,false,
2024-01-02 05:00:00,Russia,Europe-Ural,RU,391.98,358.26,31.87,4.87,so-ups.ru,false,
2024-01-02 06:00:00,Russia,Europe-Ural,RU,393.97,360.38,31.53,5.09,so-ups.ru,false,
2024-01-02 07:00:00,Russia,Europe-Ural,RU,394.36,360.35,31.42,5.2,so-ups.ru,false,
2024-01-02 08:00:00,Russia,Europe-Ural,RU,394.15,359.91,31.47,5.37,so-ups.ru,false,
2024-01-02 09:00:00,Russia,Europe-Ural,RU,394.04,359.56,31.48,5.42,so-ups.ru,false,
2024-01-02 10:00:00,Russia,Europe-Ural,RU,394.3,359.67,31.43,5.44,so-ups.ru,false,
2024-01-02 11:00:00,Russia,Europe-Ural,RU,393.04,358.62,31.66,5.94,so-ups.ru,false,
2024-01-02 12:00:00,Russia,Europe-Ural,RU,389.83,355.89,32.22,6.88,so-ups.ru,false,
2024-01-02 13:00:00,Russia,Europe-Ural,RU,385.19,352.23,33.03,8.3,so-ups.ru,false,
2024-01-02 14:00:00,Russia,Europe-Ural,RU,384.99,352.27,33.07,8.48,so-ups.ru,false,
2024-01-02 15:00:00,Russia,Europe-Ural,RU,387.23,354.2,32.69,8.01,so-ups.ru,false,
2024-01-02 16:00:00,Russia,Europe-Ural,RU,388.19,354.63,32.51,7.63,so-ups.ru,false,
2024-01-02 17:00:00,Russia,Europe-Ural,RU,391.47,357.23,31.93,6.78,so-ups.ru,false,
2024-01-02 18:00:00,Russia,Europe-Ural,RU,393.4,358.8,31.59,6.09,so-ups.ru,false,
2024-01-02 19:00:00,Russia,Europe-Ural,RU,397.09,362.26,30.97,5.1,so-ups.ru,false,
2024-01-02 20:00:00,Russia,Europe-Ural,RU,394.26,359.65,31.46,4.97,so-ups.ru,false,
2024-01-02 21:00:00,Russia,Europe-Ural,RU,395.58,360.48,31.22,4.13,so-ups.ru,false,
2024-01-02 22:00:00,Russia,Europe-Ural,RU,397.37,362.51,30.93,3.5,so-ups.ru,false,
2024-01-02 23:00:00,Russia,Europe-Ural,RU,399.29,364.08,30.6,2.97,so-ups.ru,false,
2024-01-03 00:00:00,Russia,Europe-Ural,RU,400.23,364.78,30.42,2.71,so-ups.ru,false,
2024-01-03 01:00:00,Russia,Europe-Ural,RU,401.0,365.84,30.3,2.83,so-ups.ru,false,
2024-01-03 02:00:00,Russia,Europe-Ural,RU,399.67,365.04,30.52,3.49,so-ups.ru,false,
2024-01-03 03:00:00,Russia,Europe-Ural,RU,397.18,363.16,30.98,4.67,so-ups.ru,false,
2024-01-03 04:00:00,Russia,Europe-Ural,RU,399.6,365.32,30.55,4.76,so-ups.ru,false,
2024-01-03 05:00:00,Russia,Europe-Ural,RU,398.92,364.72,30.67,5.54,so-ups.ru,false,
2024-01-03 06:00:00,Russia,Europe-Ural,RU,397.11,363.19,31.0,6.48,so-ups.ru,false,
2024-01-03 07:00:00,Russia,Europe-Ural,RU,398.46,363.5,30.7,6.3,so-ups.ru,false,
2024-01-03 08:00:00,Russia,Europe-Ural,RU,399.35,364.0,30.55,6.4,so-ups.ru,false,
2024-01-03 09:00:00,Russia,Europe-Ural,RU,399.69,364.0,30.48,6.31,so-ups.ru,false,
2024-01-03 10:00:00,Russia,Europe-Ural,RU,401.7,365.73,30.13,5.95,so-ups.ru,false,
2024-01-03 11:00:00,Russia,Europe-Ural,RU,401.74,366.04,30.14,6.06,so-ups.ru,false,
2024-01-03 12:00:00,Russia,Europe-Ural,RU,400.27,364.99,30.4,6.53,so-ups.ru,false,
2024-01-03 13:00:00,Russia,Europe-Ural,RU,396.9,362.2,31.0,7.6,so-ups.ru,false,
2024-01-03 14:00:00,Russia,Europe-Ural,RU,399.53,364.27,30.54,7.07,so-ups.ru,false,
2024-01-03 15:00:00,Russia,Europe-Ural,RU,400.5,365.11,30.35,6.76,so-ups.ru,false,
2024-01-03 16:00:00,Russia,Europe-Ural,RU,402.73,367.14,29.99,6.08,so-ups.ru,false,
2024-01-03 17:00:00,Russia,Europe-Ural,RU,406.47,370.16,29.32,5.1,so-ups.ru,false,
2024-01-03 18:00:00,Russia,Europe-Ural,RU,406.74,370.32,29.28,4.74,so-ups.ru,false,
2024-01-03 19:00:00,Russia,Europe-Ural,RU,404.4,368.39,29.67,4.66,so-ups.ru,false,
2024-01-03 20:00:00,Russia,Europe-Ural,RU,399.53,363.77,30.46,4.62,so-ups.ru,false,
2024-01-03 21:00:00,Russia,Europe-Ural,RU,402.46,367.06,30.07,3.57,so-ups.ru,false,
2024-01-03 22:00:00,Russia,Europe-Ural,RU,405.7,370.32,29.53,2.77,so-ups.ru,false,
2024-01-03 23:00:00,Russia,Europe-Ural,RU,406.02,370.53,29.46,2.54,so-ups.ru,false,
2024-01-04 00:00:00,Russia,Europe-Ural,RU,404.89,368.74,29.58,2.47,so-ups.ru,false,
2024-01-04 01:00:00,Russia,Europe-Ural,RU,406.42,370.47,29.34,2.56,so-ups.ru,false,
2024-01-04 02:00:00,Russia,Europe-Ural,RU,405.56,370.0,29.5,3.29,so-ups.ru,false,
2024-01-04 03:00:00,Russia,Europe-Ural,RU,401.02,366.11,30.29,4.63,so-ups.ru,false,
2024-01-04 04:00:00,Russia,Europe-Ural,RU,403.94,369.03,29.8,4.79,so-ups.ru,false,
2024-01-04 05:00:00,Russia,Europe-Ural,RU,405.88,370.45,29.43,5.06,so-ups.ru,false,
2024-01-04 06:00:00,Russia,Europe-Ural,RU,403.87,368.77,29.79,6.04,so-ups.ru,false,
2024-01-04 07:00:00,Russia,Europe-Ural,RU,403.71,368.22,29.79,6.53,so-ups.ru,false,
2024-01-04 08:00:00,Russia,Europe-Ural,RU,403.88,367.87,29.75,6.39,so-ups.ru,false,
2024-01-04 09:00:00,Russia,Europe-Ural,RU,404.65,368.55,29.62,6.11,so-ups.ru,false,
2024-01-04 10:00:00,Russia,Europe-Ural,RU,404.93,369.29,29.6,6.33,so-ups.ru,false,
2024-01-04 11:00:00,Russia,Europe-Ural,RU,405.55,369.32,29.47,6.21,so-ups.ru,false,
2024-01-04 12:00:00,Russia,Europe-Ural,RU,404.04,367.92,29.73,6.54,so-ups.ru,false,
2024-01-04 13:00:00,Russia,Europe-Ural,RU,402.82,367.4,29.96,7.13,so-ups.ru,false,
2024-01-04 14:00:00,Russia,Europe-Ural,RU,406.1,370.6,29.41,6.67,so-ups.ru,false,
2024-01-04 15:00:00,Russia,Europe-Ural,RU,404.29,368.68,29.71,6.65,so-ups.ru,false,
2024-01-04 16:00:00,Russia,Europe-Ural,RU,405.55,369.53,29.49,5.97,so-ups.ru,false,
2024-01-04 17:00:00,Russia,Europe-Ural,RU,407.05,370.95,29.21,5.24,so-ups.ru,false,
2024-01-04 18:00:00,Russia,Europe-Ural,RU,404.76,368.26,29.58,4.97,so-ups.ru,false,
2024-01-04 19:00:00,Russia,Europe-Ural,RU,404.43,367.89,29.65,4.63,so-ups.ru,false,
2024-01-04 20:00:00,Russia,Europe-Ural,RU,401.76,365.68,30.08,4.47,so-ups.ru,false,
2024-01-04 21:00:00,Russia,Europe-Ural,RU,403.78,367.28,29.75,3.45,so-ups.ru,false,
2024-01-04 22:00:00,Russia,Europe-Ural,RU,406.96,371.0,29.33,2.94,so-ups.ru,false,
2024-01-04 23:00:00,Russia,Europe-Ural,RU,407.03,370.94,29.3,2.61,so-ups.ru,false,
2024-01-05 00:00:00,Russia,Europe-Ural,RU,407.37,371.07,29.17,2.45,so-ups.ru,false,
2024-01-05 01:00:00,Russia,Europe-Ural,RU,407.2,371.09,29.18,2.64,so-ups.ru,false,
2024-01-05 02:00:00,Russia,Europe-Ural,RU,405.68,369.95,29.45,3.44,so-ups.ru,false,
2024-01-05 03:00:00,Russia,Europe-Ural,RU,403.14,367.85,29.89,4.59,so-ups.ru,false,
2024-01-05 04:00:00,Russia,Europe-Ural,RU,405.44,369.68,29.45,4.71,so-ups.ru,false,
2024-01-05 05:00:00,Russia,Europe-Ural,RU,408.14,372.43,29.02,5.1,so-ups.ru,false,
2024-01-05 06:00:00,Russia,Europe-Ural,RU,405.68,370.09,29.43,6.04,so-ups.ru,false,
2024-01-05 07:00:00,Russia,Europe-Ural,RU,404.6,368.61,29.62,6.44,so-ups.ru,false,
2024-01-05 08:00:00,Russia,Europe-Ural,RU,404.43,368.46,29.65,6.47,so-ups.ru,false,
2024-01-05 09:00:00,Russia,Europe-Ural,RU,404.94,368.94,29.55,6.43,so-ups.ru,false,
2024-01-05 10:00:00,Russia,Europe-Ural,RU,407.1,370.94,29.19,6.17,so-ups.ru,false,
2024-01-05 11:00:00,Russia,Europe-Ural,RU,406.38,370.17,29.3,6.26,so-ups.ru,false,
2024-01-05 12:00:00,Russia,Europe-Ural,RU,405.27,369.53,29.53,6.78,so-ups.ru,false,
2024-01-05 13:00:00,Russia,Europe-Ural,RU,405.57,369.82,29.47,6.9,so-ups.ru,false,
2024-01-05 14:00:00,Russia,Europe-Ural,RU,404.82,369.16,29.61,7.02,so-ups.ru,false,
2024-01-05 15:00:00,Russia,Europe-Ural,RU,407.05,371.32,29.23,6.51,so-ups.ru,false,
2024-01-05 16:00:00,Russia,Europe-Ural,RU,407.09,371.07,29.22,6.01,so-ups.ru,false,
2024-01-05 17:00:00,Russia,Europe-Ural,RU,409.38,373.26,28.84,5.3,so-ups.ru,false,
2024-01-05 18:00:00,Russia,Europe-Ural,RU,409.0,372.68,28.9,4.9,so-ups.ru,false,
2024-01-05 19:00:00,Russia,Europe-Ural,RU,404.94,369.03,29.59,4.82,so-ups.ru,false,
2024-01-05 20:00:00,Russia,Europe-Ural,RU,402.51,366.41,29.99,4.61,so-ups.ru,false,
2024-01-05 21:00:00,Russia,Europe-Ural,RU,406.95,370.72,29.25,3.22,so-ups.ru,false,
2024-01-05 22:00:00,Russia,Europe-Ural,RU,407.88,371.75,29.08,2.68,so-ups.ru,false,
2024-01-05 23:00:00,Russia,Europe-Ural,RU,407.83,372.17,29.16,2.64,so-ups.ru,false,
2024-01-06 00:00:00,Russia,Europe-Ural,RU,408.02,371.93,29.08,2.52,so-ups.ru,false,
2024-01-06 01:00:00,Russia,Europe-Ural,RU,409.49,373.54,28.84,2.51,so-ups.ru,false,
2024-01-06 02:00:00,Russia,Europe-Ural,RU,407.71,372.21,29.16,3.34,so-ups.ru,false,
2024-01-06 03:00:00,Russia,Europe-Ural,RU,404.04,369.01,29.79,4.6,so-ups.ru,false,
2024-01-06 04:00:00,Russia,Europe-Ural,RU,406.25,370.74,29.39,4.76,so-ups.ru,false,
2024-01-06 05:00:00,Russia,Europe-Ural,RU,408.34,372.8,29.03,5.05,so-ups.ru,false,
2024-01-06 06:00:00,Russia,Europe-Ural,RU,408.08,372.46,29.09,5.47,so-ups.ru,false,
2024-01-06 07:00:00,Russia,Europe-Ural,RU,406.58,371.18,29.35,6.01,so-ups.ru,false,
2024-01-06 08:00:00,Russia,Europe-Ural,RU,405.11,369.35,29.56,6.32,so-ups.ru,false,
2024-01-06 09:00:00,Russia,Europe-Ural,RU,403.85,367.71,29.74,6.49,so-ups.ru,false,
2024-01-06 10:00:00,Russia,Europe-Ural,RU,405.8,369.73,29.41,5.99,so-ups.ru,false,
2024-01-06 11:00:00,Russia,Europe-Ural,RU,404.58,368.98,29.67,6.47,so-ups.ru,false,
2024-01-06 12:00:00,Russia,Europe-Ural,RU,402.32,367.24,30.06,7.06,so-ups.ru,false,
2024-01-06 13:00:00,Russia,Europe-Ural,RU,400.47,365.35,30.37,7.6,so-ups.ru,false,
2024-01-06 14:00:00,Russia,Europe-Ural,RU,401.69,366.58,30.16,7.48,so-ups.ru,false,
2024-01-06 15:00:00,Russia,Europe-Ural,RU,402.5,367.06,30.02,7.13,so-ups.ru,false,
2024-01-06 16:00:00,Russia,Europe-Ural,RU,406.21,370.2,29.36,6.2,so-ups.ru,false,
2024-01-06 17:00:00,Russia,Europe-Ural,RU,407.69,371.44,29.09,5.49,so-ups.ru,false,
2024-01-06 18:00:00,Russia,Europe-Ural,RU,408.05,371.62,29.05,5.08,so-ups.ru,false,
2024-01-06 19:00:00,Russia,Europe-Ural,RU,406.93,371.15,29.28,4.74,so-ups.ru,false,
2024-01-06 20:00:00,Russia,Europe-Ural,RU,404.21,368.69,29.75,4.64,so-ups.ru,false,
2024-01-06 21:00:00,Russia,Europe-Ural,RU,408.51,372.2,29.0,3.33,so-ups.ru,false,
2024-01-06 22:00:00,Russia,Europe-Ural,RU,410.6,374.49,28.66,2.67,so-ups.ru,false,
2024-01-06 23:00:00,Russia,Europe-Ural,RU,410.43,374.83,28.73,2.52,so-ups.ru,false,
2024-01-07 00:00:00,Russia,Europe-Ural,RU,411.08,375.21,28.64,2.41,so-ups.ru,false,
2024-01-07 01:00:00,Russia,Europe-Ural,RU,411.67,375.59,28.51,2.37,so-ups.ru,false,
2024-01-07 02:00:00,Russia,Europe-Ural,RU,409.46,374.13,28.89,3.14,so-ups.ru,false,
2024-01-07 03:00:00,Russia,Europe-Ural,RU,405.48,371.01,29.58,4.36,so-ups.ru,false,
2024-01-07 04:00:00,Russia,Europe-Ural,RU,405.79,371.28,29.54,4.82,so-ups.ru,false,
2024-01-07 05:00:00,Russia,Europe-Ural,RU,407.04,372.56,29.29,5.1,so-ups.ru,false,
2024-01-07 06:00:00,Russia,Europe-Ural,RU,407.45,372.8,29.23,5.37,so-ups.ru,false,
2024-01-07 07:00:00,Russia,Europe-Ural,RU,407.73,372.63,29.19,5.58,so-ups.ru,false,
2024-01-07 08:00:00,Russia,Europe-Ural,RU,406.57,371.22,29.37,5.73,so-ups.ru,false,
2024-01-07 09:00:00,Russia,Europe-Ural,RU,405.46,369.82,29.54,5.78,so-ups.ru,false,
2024-01-07 10:00:00,Russia,Europe-Ural,RU,406.05,370.55,29.45,6.02,so-ups.ru,false,
2024-01-07 11:00:00,Russia,Europe-Ural,RU,403.58,368.04,29.87,6.52,so-ups.ru,false,
2024-01-07 12:00:00,Russia,Europe-Ural,RU,400.79,366.08,30.39,7.2,so-ups.ru,false,
2024-01-07 13:00:00,Russia,Europe-Ural,RU,399.84,365.72,30.61,7.83,so-ups.ru,false,
2024-01-07 14:00:00,Russia,Europe-Ural,RU,398.99,364.91,30.7,7.84,so-ups.ru,false,
2024-01-07 15:00:00,Russia,Europe-Ural,RU,399.79,365.45,30.58,7.61,so-ups.ru,false,
2024-01-07 16:00:00,Russia,Europe-Ural,RU,401.81,367.01,30.19,6.7,so-ups.ru,false,
2024-01-07 17:00:00,Russia,Europe-Ural,RU,406.41,371.06,29.45,5.72,so-ups.ru,false,
2024-01-07 18:00:00,Russia,Europe-Ural,RU,407.16,371.41,29.29,5.04,so-ups.ru,false,
2024-01-07 19:00:00,Russia,Europe-Ural,RU,405.79,370.25,29.56,4.75,so-ups.ru,false,
2024-01-07 20:00:00,Russia,Europe-Ural,RU,404.88,369.21,29.72,4.38,so-ups.ru,false,
2024-01-07 21:00:00,Russia,Europe-Ural,RU,405.78,369.84,29.53,3.5,so-ups.ru,false,
2024-01-07 22:00:00,Russia,Europe-Ural,RU,408.06,371.98,29.11,2.7,so-ups.ru,false,
2024-01-07 23:00:00,Russia,Europe-Ural,RU,407.71,372.16,29.16,2.63,so-ups.ru,false,
2024-01-08 00:00:00,Russia,Europe-Ural,RU,407.74,372.0,29.14,2.59,so-ups.ru,false,
2024-01-08 01:00:00,Russia,Europe-Ural,RU,409.17,373.63,28.91,2.51,so-ups.ru,false,
2024-01-08 02:00:00,Russia,Europe-Ural,RU,406.79,371.66,29.32,3.36,so-ups.ru,false,
2024-01-08 03:00:00,Russia,Europe-Ural,RU,402.77,368.64,30.03,4.73,so-ups.ru,false,
2024-01-08 04:00:00,Russia,Europe-Ural,RU,404.92,370.41,29.62,4.78,so-ups.ru,false,
2024-01-08 05:00:00,Russia,Europe-Ural,RU,408.0,373.2,29.11,5.12,so-ups.ru,false,
2024-01-08 06:00:00,Russia,Europe-Ural,RU,404.66,370.05,29.66,6.42,so-ups.ru,false,
2024-01-08 07:00:00,Russia,Europe-Ural,RU,405.71,370.57,29.47,6.45,so-ups.ru,false,
2024-01-08 08:00:00,Russia,Europe-Ural,RU,406.99,371.19,29.26,6.36,so-ups.ru,false,
2024-01-08 09:00:00,Russia,Europe-Ural,RU,407.21,371.42,29.22,6.32,so-ups.ru,false,
2024-01-08 10:00:00,Russia,Europe-Ural,RU,407.58,371.23,29.12,6.19,so-ups.ru,false,
2024-01-08 11:00:00,Russia,Europe-Ural,RU,407.91,371.66,29.1,6.12,so-ups.ru,false,
2024-01-08 12:00:00,Russia,Europe-Ural,RU,406.4,370.67,29.37,6.61,so-ups.ru,false,
2024-01-08 13:00:00,Russia,Europe-Ural,RU,407.71,371.81,29.13,6.65,so-ups.ru,false,
2024-01-08 14:00:00,Russia,Europe-Ural,RU,408.35,372.47,29.06,6.7,so-ups.ru,false,
2024-01-08 15:00:00,Russia,Europe-Ural,RU,411.86,375.69,28.47,6.07,so-ups.ru,false,
2024-01-08 16:00:00,Russia,Europe-Ural,RU,411.66,375.09,28.48,5.58,so-ups.ru,false,
2024-01-08 17:00:00,Russia,Europe-Ural,RU,413.51,376.72,28.12,4.92,so-ups.ru,false,
2024-01-08 18:00:00,Russia,Europe-Ural,RU,413.1,376.38,28.23,4.53,so-ups.ru,false,
2024-01-08 19:00:00,Russia,Europe-Ural,RU,410.11,373.67,28.75,4.43,so-ups.ru,false,
2024-01-08 20:00:00,Russia,Europe-Ural,RU,405.16,369.49,29.6,4.41,so-ups.ru,false,
2024-01-08 21:00:00,Russia,Europe-Ural,RU,407.81,371.51,29.15,3.19,so-ups.ru,false,
2024-01-08 22:00:00,Russia,Europe-Ural,RU,409.07,373.58,28.95,2.74,so-ups.ru,false,
2024-01-08 23:00:00,Russia,Europe-Ural,RU,409.04,373.61,28.97,2.63,so-ups.ru,false,
2024-01-09 00:00:00,Russia,Europe-Ural,RU,409.36,372.98,28.87,2.56,so-ups.ru,false,
2024-01-09 01:00:00,Russia,Europe-Ural,RU,412.2,376.09,28.4,2.68,so-ups.ru,false,
2024-01-09 02:00:00,Russia,Europe-Ural,RU,413.11,377.47,28.26,3.41,so-ups.ru,false,
2024-01-09 03:00:00,Russia,Europe-Ural,RU,412.99,377.48,28.25,4.56,so-ups.ru,false,
2024-01-09 04:00:00,Russia,Europe-Ural,RU,416.4,380.34,27.67,4.81,so-ups.ru,false,
2024-01-09 05:00:00,Russia,Europe-Ural,RU,414.83,378.72,27.92,5.75,so-ups.ru,false,
2024-01-09 06:00:00,Russia,Europe-Ural,RU,411.65,375.49,28.43,6.31,so-ups.ru,false,
2024-01-09 07:00:00,Russia,Europe-Ural,RU,411.91,375.37,28.41,6.29,so-ups.ru,false,
2024-01-09 08:00:00,Russia,Europe-Ural,RU,413.91,376.63,28.04,5.83,so-ups.ru,false,
2024-01-09 09:00:00,Russia,Europe-Ural,RU,414.34,377.04,27.96,5.74,so-ups.ru,false,
2024-01-09 10:00:00,Russia,Europe-Ural,RU,414.9,377.45,27.87,5.77,so-ups.ru,false,
2024-01-09 11:00:00,Russia,Europe-Ural,RU,413.96,376.6,28.04,6.06,so-ups.ru,false,
2024-01-09 12:00:00,Russia,Europe-Ural,RU,412.78,375.68,28.23,6.28,so-ups.ru,false,
2024-01-09 13:00:00,Russia,Europe-Ural,RU,411.1,374.56,28.53,6.84,so-ups.ru,false,
2024-01-09 14:00:00,Russia,Europe-Ural,RU,410.18,374.11,28.72,7.0,so-ups.ru,false,
2024-01-09 15:00:00,Russia,Europe-Ural,RU,411.02,374.65,28.55,6.43,so-ups.ru,false,
2024-01-09 16:00:00,Russia,Europe-Ural,RU,414.51,377.49,27.95,5.45,so-ups.ru,false,
2024-01-09 17:00:00,Russia,Europe-Ural,RU,414.88,377.67,27.89,4.94,so-ups.ru,false,
2024-01-09 18:00:00,Russia,Europe-Ural,RU,411.26,374.22,28.51,4.85,so-ups.ru,false,
2024-01-09 19:00:00,Russia,Europe-Ural,RU,407.65,371.18,29.15,4.72,so-ups.ru,false,
2024-01-09 20:00:00,Russia,Europe-Ural,RU,404.74,368.55,29.65,4.39,so-ups.ru,false,
2024-01-09 21:00:00,Russia,Europe-Ural,RU,406.12,369.63,29.42,3.31,so-ups.ru,false,
2024-01-09 22:00:00,Russia,Europe-Ural,RU,408.97,372.17,28.95,2.71,so-ups.ru,false,
2024-01-09 23:00:00,Russia,Europe-Ural,RU,410.47,373.66,28.67,2.49,so-ups.ru,false,
2024-01-10 00:00:00,Russia,Europe-Ural,RU,411.05,373.95,28.56,2.45,so-ups.ru,false,
2024-01-10 01:00:00,Russia,Europe-Ural,RU,414.22,377.41,28.05,2.5,so-ups.ru,false,
2024-01-10 02:00:00,Russia,Europe-Ural,RU,415.57,378.81,27.79,3.14,so-ups.ru,false,
2024-01-10 03:00:00,Russia,Europe-Ural,RU,416.2,379.51,27.69,4.34,so-ups.ru,false,
2024-01-10 04:00:00,Russia,Europe-Ural,RU,417.85,381.36,27.42,5.03,so-ups.ru,false,
2024-01-10 05:00:00,Russia,Europe-Ural,RU,416.16,379.8,27.68,6.17,so-ups.ru,false,
2024-01-10 06:00:00,Russia,Europe-Ural,RU,412.83,376.49,28.26,6.82,so-ups.ru,false,
2024-01-10 07:00:00,Russia,Europe-Ural,RU,411.92,375.97,28.42,6.96,so-ups.ru,false,
2024-01-10 08:00:00,Russia,Europe-Ural,RU,414.0,378.06,28.08,6.41,so-ups.ru,false,
2024-01-10 09:00:00,Russia,Europe-Ural,RU,414.91,378.77,27.94,6.21,so-ups.ru,false,
2024-01-10 10:00:00,Russia,Europe-Ural,RU,416.72,380.31,27.64,5.94,so-ups.ru,false,
2024-01-10 11:00:00,Russia,Europe-Ural,RU,416.64,379.81,27.62,5.76,so-ups.ru,false,
2024-01-10 12:00:00,Russia,Europe-Ural,RU,413.53,376.75,28.13,6.33,so-ups.ru,false,
2024-01-10 13:00:00,Russia,Europe-Ural,RU,412.49,375.85,28.32,6.66,so-ups.ru,false,
2024-01-10 14:00:00,Russia,Europe-Ural,RU,410.63,374.02,28.65,6.83,so-ups.ru,false,
2024-01-10 15:00:00,Russia,Europe-Ural,RU,411.04,374.54,28.56,6.44,so-ups.ru,false,
2024-01-10 16:00:00,Russia,Europe-Ural,RU,415.82,378.31,27.72,5.21,so-ups.ru,false,
2024-01-10 17:00:00,Russia,Europe-Ural,RU,413.31,376.18,28.15,5.13,so-ups.ru,false,
2024-01-10 18:00:00,Russia,Europe-Ural,RU,412.23,375.07,28.36,4.7,so-ups.ru,false,
2024-01-10 19:00:00,Russia,Europe-Ural,RU,408.51,371.88,29.01,4.59,so-ups.ru,false,
2024-01-10 20:00:00,Russia,Europe-Ural,RU,403.77,367.92,29.82,4.61,so-ups.ru,false,
2024-01-10 21:00:00,Russia,Europe-Ural,RU,407.49,370.79,29.15,3.31,so-ups.ru,false,
2024-01-10 22:00:00,Russia,Europe-Ural,RU,409.44,372.52,28.8,2.74,so-ups.ru,false,
2024-01-10 23:00:00,Russia,Europe-Ural,RU,410.44,373.66,28.69,2.63,so-ups.ru,false,
2024-01-11 00:00:00,Russia,Europe-Ural,RU,410.98,373.8,28.58,2.65,so-ups.ru,false,
2024-01-11 01:00:00,Russia,Europe-Ural,RU,414.2,377.08,28.03,2.62,so-ups.ru,false,
2024-01-11 02:00:00,Russia,Europe-Ural,RU,415.87,379.55,27.78,3.37,so-ups.ru,false,
2024-01-11 03:00:00,Russia,Europe-Ural,RU,417.86,381.11,27.41,4.46,so-ups.ru,false,
2024-01-11 04:00:00,Russia,Europe-Ural,RU,415.37,379.26,27.83,5.93,so-ups.ru,false,
2024-01-11 05:00:00,Russia,Europe-Ural,RU,415.68,379.39,27.78,6.38,so-ups.ru,false,
2024-01-11 06:00:00,Russia,Europe-Ural,RU,412.46,376.3,28.34,7.09,so-ups.ru,false,
2024-01-11 07:00:00,Russia,Europe-Ural,RU,411.33,375.26,28.52,7.08,so-ups.ru,false,
2024-01-11 08:00:00,Russia,Europe-Ural,RU,413.91,377.24,28.07,6.42,so-ups.ru,false,
2024-01-11 09:00:00,Russia,Europe-Ural,RU,415.12,378.04,27.86,6.18,so-ups.ru,false,
2024-01-11 10:00:00,Russia,Europe-Ural,RU,415.28,378.15,27.81,6.17,so-ups.ru,false,
2024-01-11 11:00:00,Russia,Europe-Ural,RU,416.93,379.47,27.52,5.87,so-ups.ru,false,
2024-01-11 12:00:00,Russia,Europe-Ural,RU,415.81,378.64,27.72,6.21,so-ups.ru,false,
2024-01-11 13:00:00,Russia,Europe-Ural,RU,413.71,376.88,28.05,6.74,so-ups.ru,false,
2024-01-11 14:00:00,Russia,Europe-Ural,RU,412.98,376.25,28.21,6.85,so-ups.ru,false,
2024-01-11 15:00:00,Russia,Europe-Ural,RU,413.37,376.57,28.13,6.55,so-ups.ru,false,
2024-01-11 16:00:00,Russia,Europe-Ural,RU,419.16,381.55,27.14,5.18,so-ups.ru,false,
2024-01-11 17:00:00,Russia,Europe-Ural,RU,416.86,379.07,27.52,4.96,so-ups.ru,false,
2024-01-11 18:00:00,Russia,Europe-Ural,RU,414.48,376.86,27.92,4.72,so-ups.ru,false,
2024-01-11 19:00:00,Russia,Europe-Ural,RU,410.36,373.14,28.63,4.7,so-ups.ru,false,
2024-01-11 20:00:00,Russia,Europe-Ural,RU,411.07,373.52,28.5,3.85,so-ups.ru,false,
2024-01-11 21:00:00,Russia,Europe-Ural,RU,412.96,375.24,28.25,2.97,so-ups.ru,false,
2024-01-11 22:00:00,Russia,Europe-Ural,RU,414.59,377.29,28.02,2.69,so-ups.ru,false,
2024-01-11 23:00:00,Russia,Europe-Ural,RU,414.81,377.62,27.94,2.55,so-ups.ru,false,
2024-01-12 00:00:00,Russia,Europe-Ural,RU,416.04,378.94,27.7,2.57,so-ups.ru,false,
2024-01-12 01:00:00,Russia,Europe-Ural,RU,419.12,381.83,27.16,2.66,so-ups.ru,false,
2024-01-12 02:00:00,Russia,Europe-Ural,RU,421.44,384.41,26.8,3.15,so-ups.ru,false,
2024-01-12 03:00:00,Russia,Europe-Ural,RU,421.14,384.2,26.87,4.52,so-ups.ru,false,
2024-01-12 04:00:00,Russia,Europe-Ural,RU,422.45,385.54,26.63,5.08,so-ups.ru,false,
2024-01-12 05:00:00,Russia,Europe-Ural,RU,419.13,382.52,27.18,6.17,so-ups.ru,false,
2024-01-12 06:00:00,Russia,Europe-Ural,RU,416.32,380.1,27.67,6.76,so-ups.ru,false,
2024-01-12 07:00:00,Russia,Europe-Ural,RU,416.91,380.26,27.53,6.59,so-ups.ru,false,
2024-01-12 08:00:00,Russia,Europe-Ural,RU,418.99,381.61,27.18,6.03,so-ups.ru,false,
2024-01-12 09:00:00,Russia,Europe-Ural,RU,419.1,381.25,27.1,5.88,so-ups.ru,false,
2024-01-12 10:00:00,Russia,Europe-Ural,RU,422.22,384.17,26.6,5.94,so-ups.ru,false,
2024-01-12 11:00:00,Russia,Europe-Ural,RU,422.18,383.86,26.58,5.87,so-ups.ru,false,
2024-01-12 12:00:00,Russia,Europe-Ural,RU,420.13,382.4,26.95,6.48,so-ups.ru,false,
2024-01-12 13:00:00,Russia,Europe-Ural,RU,415.76,378.74,27.72,7.33,so-ups.ru,false,
2024-01-12 14:00:00,Russia,Europe-Ural,RU,414.97,378.3,27.87,7.51,so-ups.ru,false,
2024-01-12 15:00:00,Russia,Europe-Ural,RU,416.07,379.33,27.69,7.13,so-ups.ru,false,
2024-01-12 16:00:00,Russia,Europe-Ural,RU,419.23,381.46,27.11,6.13,so-ups.ru,false,
2024-01-12 17:00:00,Russia,Europe-Ural,RU,421.9,383.62,26.64,5.22,so-ups.ru,false,
2024-01-12 18:00:00,Russia,Europe-Ural,RU,421.29,383.12,26.76,4.77,so-ups.ru,false,
2024-01-12 19:00:00,Russia,Europe-Ural,RU,419.5,381.69,27.08,4.43,so-ups.ru,false,
2024-01-12 20:00:00,Russia,Europe-Ural,RU,422.31,383.44,26.55,3.28,so-ups.ru,false,
2024-01-12 21:00:00,Russia,Europe-Ural,RU,420.99,382.3,26.8,2.7,so-ups.ru,false,
2024-01-12 22:00:00,Russia,Europe-Ural,RU,421.67,383.35,26.76,2.41,so-ups.ru,false,
2024-01-12 23:00:00,Russia,Europe-Ural,RU,424.44,386.47,26.31,2.4,so-ups.ru,false,
2024-01-13 00:00:00,Russia,Europe-Ural,RU,423.81,385.24,26.35,2.29,so-ups.ru,false,
2024-01-13 01:00:00,Russia,Europe-Ural,RU,423.9,385.59,26.34,2.44,so-ups.ru,false,
2024-01-13 02:00:00,Russia,Europe-Ural,RU,424.74,386.43,26.21,2.79,so-ups.ru,false,
2024-01-13 03:00:00,Russia,Europe-Ural,RU,419.03,381.88,27.19,4.48,so-ups.ru,false,
2024-01-13 04:00:00,Russia,Europe-Ural,RU,422.96,385.28,26.52,4.56,so-ups.ru,false,
2024-01-13 05:00:00,Russia,Europe-Ural,RU,420.66,383.33,26.9,5.5,so-ups.ru,false,
2024-01-13 06:00:00,Russia,Europe-Ural,RU,421.48,384.01,26.75,5.69,so-ups.ru,false,
2024-01-13 07:00:00,Russia,Europe-Ural,RU,417.96,380.86,27.37,6.43,so-ups.ru,false,
2024-01-13 08:00:00,Russia,Europe-Ural,RU,420.11,382.37,26.97,6.02,so-ups.ru,false,
2024-01-13 09:00:00,Russia,Europe-Ural,RU,420.78,382.93,26.84,5.93,so-ups.ru,false,
2024-01-13 10:00:00,Russia,Europe-Ural,RU,423.1,384.92,26.42,5.48,so-ups.ru,false,
2024-01-13 11:00:00,Russia,Europe-Ural,RU,420.63,382.68,26.85,5.97,so-ups.ru,false,
2024-01-13 12:00:00,Russia,Europe-Ural,RU,419.23,381.37,27.1,6.33,so-ups.ru,false,
2024-01-13 13:00:00,Russia,Europe-Ural,RU,413.6,376.66,28.08,7.61,so-ups.ru,false,
2024-01-13 14:00:00,Russia,Europe-Ural,RU,413.13,376.26,28.18,7.76,so-ups.ru,false,
2024-01-13 15:00:00,Russia,Europe-Ural,RU,410.97,374.72,28.58,8.02,so-ups.ru,false,
2024-01-13 16:00:00,Russia,Europe-Ural,RU,413.81,376.81,28.06,7.0,so-ups.ru,false,
2024-01-13 17:00:00,Russia,Europe-Ural,RU,413.34,376.57,28.15,6.73,so-ups.ru,false,
2024-01-13 18:00:00,Russia,Europe-Ural,RU,416.57,378.99,27.55,5.51,so-ups.ru,false,
2024-01-13 19:00:00,Russia,Europe-Ural,RU,416.73,379.03,27.5,4.92,so-ups.ru,false,
2024-01-13 20:00:00,Russia,Europe-Ural,RU,415.84,378.05,27.66,4.31,so-ups.ru,false,
2024-01-13 21:00:00,Russia,Europe-Ural,RU,423.47,384.96,26.37,2.65,so-ups.ru,false,
2024-01-13 22:00:00,Russia,Europe-Ural,RU,424.04,385.83,26.35,2.38,so-ups.ru,false,
2024-01-13 23:00:00,Russia,Europe-Ural,RU,422.76,383.89,26.53,2.21,so-ups.ru,false,
2024-01-14 00:00:00,Russia,Europe-Ural,RU,422.71,383.85,26.53,2.19,so-ups.ru,false,
2024-01-14 01:00:00,Russia,Europe-Ural,RU,422.5,383.65,26.58,2.28,so-ups.ru,false,
2024-01-14 02:00:00,Russia,Europe-Ural,RU,423.5,384.74,26.39,2.56,so-ups.ru,false,
2024-01-14 03:00:00,Russia,Europe-Ural,RU,417.41,379.35,27.42,4.1,so-ups.ru,false,
2024-01-14 04:00:00,Russia,Europe-Ural,RU,419.87,381.41,26.95,4.22,so-ups.ru,false,
2024-01-14 05:00:00,Russia,Europe-Ural,RU,420.96,382.82,26.78,4.71,so-ups.ru,false,
2024-01-14 06:00:00,Russia,Europe-Ural,RU,418.41,380.85,27.26,5.61,so-ups.ru,false,
2024-01-14 07:00:00,Russia,Europe-Ural,RU,416.17,378.93,27.66,6.19,so-ups.ru,false,
2024-01-14 08:00:00,Russia,Europe-Ural,RU,414.88,377.57,27.88,6.51,so-ups.ru,false,
2024-01-14 09:00:00,Russia,Europe-Ural,RU,416.99,379.51,27.53,6.09,so-ups.ru,false,
2024-01-14 10:00:00,Russia,Europe-Ural,RU,418.17,380.37,27.3,5.78,so-ups.ru,false,
2024-01-14 11:00:00,Russia,Europe-Ural,RU,417.46,380.03,27.46,6.09,so-ups.ru,false,
2024-01-14 12:00:00,Russia,Europe-Ural,RU,415.17,377.92,27.82,6.61,so-ups.ru,false,
2024-01-14 13:00:00,Russia,Europe-Ural,RU,413.36,376.52,28.16,7.11,so-ups.ru,false,
2024-01-14 14:00:00,Russia,Europe-Ural,RU,411.03,374.72,28.57,7.56,so-ups.ru,false,
2024-01-14 15:00:00,Russia,Europe-Ural,RU,411.28,375.2,28.57,7.21,so-ups.ru,false,
2024-01-14 16:00:00,Russia,Europe-Ural,RU,415.06,378.32,27.91,6.1,so-ups.ru,false,
2024-01-14 17:00:00,Russia,Europe-Ural,RU,418.62,381.18,27.28,5.05,so-ups.ru,false,
2024-01-14 18:00:00,Russia,Europe-Ural,RU,416.51,379.2,27.66,4.85,so-ups.ru,false,
2024-01-14 19:00:00,Russia,Europe-Ural,RU,413.97,377.04,28.13,4.54,so-ups.ru,false,
2024-01-14 20:00:00,Russia,Europe-Ural,RU,416.75,379.14,27.58,3.19,so-ups.ru,false,
2024-01-14 21:00:00,Russia,Europe-Ural,RU,415.73,378.45,27.79,3.04,so-ups.ru,false,
2024-01-14 22:00:00,Russia,Europe-Ural,RU,416.34,378.85,27.69,2.67,so-ups.ru,false,
2024-01-14 23:00:00,Russia,Europe-Ural,RU,416.97,379.58,27.57,2.52,so-ups.ru,false,
2024-01-15 00:00:00,Russia,Europe-Ural,RU,417.92,380.63,27.38,2.5,so-ups.ru,false,
2024-01-15 01:00:00,Russia,Europe-Ural,RU,420.46,383.4,26.99,2.61,so-ups.ru,false,
2024-01-15 02:00:00,Russia,Europe-Ural,RU,423.25,385.94,26.48,2.89,so-ups.ru,false,
2024-01-15 03:00:00,Russia,Europe-Ural,RU,422.55,385.68,26.63,4.28,so-ups.ru,false,
2024-01-15 04:00:00,Russia,Europe-Ural,RU,423.89,386.95,26.33,4.78,so-ups.ru,false,
2024-01-15 05:00:00,Russia,Europe-Ural,RU,419.0,382.47,27.16,6.21,so-ups.ru,false,
2024-01-15 06:00:00,Russia,Europe-Ural,RU,413.41,377.06,28.11,7.26,so-ups.ru,false,
2024-01-15 07:00:00,Russia,Europe-Ural,RU,415.01,378.21,27.84,6.95,so-ups.ru,false,
2024-01-15 08:00:00,Russia,Europe-Ural,RU,418.54,381.43,27.25,6.3,so-ups.ru,false,
2024-01-15 09:00:00,Russia,Europe-Ural,RU,420.94,383.54,26.83,5.85,so-ups.ru,false,
2024-01-15 10:00:00,Russia,Europe-Ural,RU,421.89,384.69,26.68,5.83,so-ups.ru,false,
2024-01-15 11:00:00,Russia,Europe-Ural,RU,421.86,384.42,26.68,5.78,so-ups.ru,false,
2024-01-15 12:00:00,Russia,Europe-Ural,RU,418.84,381.73,27.2,6.37,so-ups.ru,false,
2024-01-15 13:00:00,Russia,Europe-Ural,RU,417.41,380.73,27.45,6.75,so-ups.ru,false,
2024-01-15 14:00:00,Russia,Europe-Ural,RU,415.54,379.17,27.78,7.09,so-ups.ru,false,
2024-01-15 15:00:00,Russia,Europe-Ural,RU,416.31,379.66,27.65,6.63,so-ups.ru,false,
2024-01-15 16:00:00,Russia,Europe-Ural,RU,418.99,381.91,27.2,5.65,so-ups.ru,false,
2024-01-15 17:00:00,Russia,Europe-Ural,RU,419.46,382.32,27.11,5.0,so-ups.ru,false,
2024-01-15 18:00:00,Russia,Europe-Ural,RU,416.57,379.34,27.6,4.82,so-ups.ru,false,
2024-01-15 19:00:00,Russia,Europe-Ural,RU,415.75,378.16,27.72,4.12,so-ups.ru,false,
2024-01-15 20:00:00,Russia,Europe-Ural,RU,418.37,380.27,27.27,3.04,so-ups.ru,false,
2024-01-15 21:00:00,Russia,Europe-Ural,RU,415.23,377.52,27.82,2.92,so-ups.ru,false,
2024-01-15 22:00:00,Russia,Europe-Ural,RU,416.33,379.19,27.66,2.61,so-ups.ru,false,
2024-01-15 23:00:00,Russia,Europe-Ural,RU,417.51,380.71,27.49,2.47,so-ups.ru,false,
2024-01-16 00:00:00,Russia,Europe-Ural,RU,418.01,380.87,27.38,2.43,so-ups.ru,false,
2024-01-16 01:00:00,Russia,Europe-Ural,RU,420.4,383.39,27.02,2.52,so-ups.ru,false,
2024-01-16 02:00:00,Russia,Europe-Ural,RU,422.63,385.7,26.6,2.92,so-ups.ru,false,
2024-01-16 03:00:00,Russia,Europe-Ural,RU,422.2,385.65,26.66,4.23,so-ups.ru,false,
2024-01-16 04:00:00,Russia,Europe-Ural,RU,420.6,384.18,26.95,5.12,so-ups.ru,false,
2024-01-16 05:00:00,Russia,Europe-Ural,RU,417.1,381.02,27.55,6.29,so-ups.ru,false,
2024-01-16 06:00:00,Russia,Europe-Ural,RU,413.28,377.72,28.22,7.07,so-ups.ru,false,
2024-01-16 07:00:00,Russia,Europe-Ural,RU,413.13,376.86,28.21,6.86,so-ups.ru,false,
2024-01-16 08:00:00,Russia,Europe-Ural,RU,417.01,380.87,27.54,6.14,so-ups.ru,false,
2024-01-16 09:00:00,Russia,Europe-Ural,RU,417.07,381.05,27.56,6.18,so-ups.ru,false,
2024-01-16 10:00:00,Russia,Europe-Ural,RU,417.47,380.48,27.45,5.99,so-ups.ru,false,
2024-01-16 11:00:00,Russia,Europe-Ural,RU,417.44,380.39,27.44,5.99,so-ups.ru,false,
2024-01-16 12:00:00,Russia,Europe-Ural,RU,414.81,378.4,27.89,6.61,so-ups.ru,false,
2024-01-16 13:00:00,Russia,Europe-Ural,RU,411.37,375.5,28.5,7.37,so-ups.ru,false,
2024-01-16 14:00:00,Russia,Europe-Ural,RU,411.43,375.84,28.52,7.54,so-ups.ru,false,
2024-01-16 15:00:00,Russia,Europe-Ural,RU,414.11,378.21,28.06,6.76,so-ups.ru,false,
2024-01-16 16:00:00,Russia,Europe-Ural,RU,419.83,382.92,27.07,5.32,so-ups.ru,false,
2024-01-16 17:00:00,Russia,Europe-Ural,RU,419.83,383.28,27.1,4.95,so-ups.ru,false,
2024-01-16 18:00:00,Russia,Europe-Ural,RU,417.82,380.86,27.4,4.61,so-ups.ru,false,
2024-01-16 19:00:00,Russia,Europe-Ural,RU,414.27,377.4,28.01,4.34,so-ups.ru,false,
2024-01-16 20:00:00,Russia,Europe-Ural,RU,417.02,379.62,27.53,3.16,so-ups.ru,false,
2024-01-16 21:00:00,Russia,Europe-Ural,RU,416.86,380.07,27.57,2.78,so-ups.ru,false,
2024-01-16 22:00:00,Russia,Europe-Ural,RU,417.31,380.59,27.53,2.43,so-ups.ru,false,
2024-01-16 23:00:00,Russia,Europe-Ural,RU,418.11,381.99,27.42,2.31,so-ups.ru,false,
2024-01-17 00:00:00,Russia,Europe-Ural,RU,418.41,382.53,27.33,2.37,so-ups.ru,false,
2024-01-17 01:00:00,Russia,Europe-Ural,RU,421.05,384.91,26.86,2.4,so-ups.ru,false,
2024-01-17 02:00:00,Russia,Europe-Ural,RU,424.11,387.43,26.31,2.78,so-ups.ru,false,
2024-01-17 03:00:00,Russia,Europe-Ural,RU,422.49,385.8,26.59,4.18,so-ups.ru,false,
2024-01-17 04:00:00,Russia,Europe-Ural,RU,422.37,385.89,26.61,4.91,so-ups.ru,false,
2024-01-17 05:00:00,Russia,Europe-Ural,RU,421.54,385.29,26.77,5.73,so-ups.ru,false,
2024-01-17 06:00:00,Russia,Europe-Ural,RU,417.65,381.95,27.46,6.64,so-ups.ru,false,
2024-01-17 07:00:00,Russia,Europe-Ural,RU,417.46,381.44,27.49,6.67,so-ups.ru,false,
2024-01-17 08:00:00,Russia,Europe-Ural,RU,419.96,383.38,27.03,5.99,so-ups.ru,false,
2024-01-17 09:00:00,Russia,Europe-Ural,RU,420.29,383.45,26.97,5.88,so-ups.ru,false,
2024-01-17 10:00:00,Russia,Europe-Ural,RU,421.09,384.26,26.89,5.88,so-ups.ru,false,
2024-01-17 11:00:00,Russia,Europe-Ural,RU,421.43,384.22,26.81,5.76,so-ups.ru,false,
2024-01-17 12:00:00,Russia,Europe-Ural,RU,417.83,381.32,27.41,6.53,so-ups.ru,false,
2024-01-17 13:00:00,Russia,Europe-Ural,RU,411.69,376.22,28.5,7.94,so-ups.ru,false,
2024-01-17 14:00:00,Russia,Europe-Ural,RU,410.44,375.19,28.73,8.3,so-ups.ru,false,
2024-01-17 15:00:00,Russia,Europe-Ural,RU,413.16,377.93,28.26,7.53,so-ups.ru,false,
2024-01-17 16:00:00,Russia,Europe-Ural,RU,415.49,379.76,27.88,6.81,so-ups.ru,false,
2024-01-17 17:00:00,Russia,Europe-Ural,RU,419.89,383.59,27.12,5.61,so-ups.ru,false,
2024-01-17 18:00:00,Russia,Europe-Ural,RU,420.6,384.03,26.99,4.95,so-ups.ru,false,
2024-01-17 19:00:00,Russia,Europe-Ural,RU,420.5,383.71,27.0,4.15,so-ups.ru,false,
2024-01-17 20:00:00,Russia,Europe-Ural,RU,421.01,383.79,26.89,3.25,so-ups.ru,false,
2024-01-17 21:00:00,Russia,Europe-Ural,RU,418.42,382.4,27.4,3.21,so-ups.ru,false,
2024-01-17 22:00:00,Russia,Europe-Ural,RU,418.3,382.41,27.44,3.1,so-ups.ru,false,
2024-01-17 23:00:00,Russia,Europe-Ural,RU,417.34,381.22,27.55,2.94,so-ups.ru,false,
2024-01-18 00:00:00,Russia,Europe-Ural,RU,418.37,382.1,27.35,2.97,so-ups.ru,false,
2024-01-18 01:00:00,Russia,Europe-Ural,RU,421.45,384.9,26.81,2.86,so-ups.ru,false,
2024-01-18 02:00:00,Russia,Europe-Ural,RU,424.75,387.84,26.23,3.06,so-ups.ru,false,
2024-01-18 03:00:00,Russia,Europe-Ural,RU,421.5,385.26,26.81,4.67,so-ups.ru,false,
2024-01-18 04:00:00,Russia,Europe-Ural,RU,423.63,387.33,26.46,5.05,so-ups.ru,false,
2024-01-18 05:00:00,Russia,Europe-Ural,RU,420.03,384.42,27.12,6.35,so-ups.ru,false,
2024-01-18 06:00:00,Russia,Europe-Ural,RU,415.15,379.95,27.95,7.47,so-ups.ru,false,
2024-01-18 07:00:00,Russia,Europe-Ural,RU,415.62,379.8,27.82,7.21,so-ups.ru,false,
2024-01-18 08:00:00,Russia,Europe-Ural,RU,420.32,384.21,27.04,6.26,so-ups.ru,false,
2024-01-18 09:00:00,Russia,Europe-Ural,RU,420.48,384.4,26.99,6.2,so-ups.ru,false,
2024-01-18 10:00:00,Russia,Europe-Ural,RU,419.98,383.41,27.05,6.13,so-ups.ru,false,
2024-01-18 11:00:00,Russia,Europe-Ural,RU,421.42,384.44,26.83,5.95,so-ups.ru,false,
2024-01-18 12:00:00,Russia,Europe-Ural,RU,416.3,379.97,27.7,6.8,so-ups.ru,false,
2024-01-18 13:00:00,Russia,Europe-Ural,RU,414.73,378.94,27.98,7.26,so-ups.ru,false,
2024-01-18 14:00:00,Russia,Europe-Ural,RU,412.45,377.15,28.39,7.73,so-ups.ru,false,
2024-01-18 15:00:00,Russia,Europe-Ural,RU,414.07,378.74,28.14,7.21,so-ups.ru,false,
2024-01-18 16:00:00,Russia,Europe-Ural,RU,417.05,381.37,27.66,6.35,so-ups.ru,false,
2024-01-18 17:00:00,Russia,Europe-Ural,RU,418.75,382.73,27.3,5.47,so-ups.ru,false,
2024-01-18 18:00:00,Russia,Europe-Ural,RU,416.86,380.74,27.62,5.29,so-ups.ru,false,
2024-01-18 19:00:00,Russia,Europe-Ural,RU,415.24,379.07,27.9,4.65,so-ups.ru,false,
2024-01-18 20:00:00,Russia,Europe-Ural,RU,416.11,379.74,27.77,3.76,so-ups.ru,false,
2024-01-18 21:00:00,Russia,Europe-Ural,RU,414.95,378.94,27.96,3.33,so-ups.ru,false,
2024-01-18 22:00:00,Russia,Europe-Ural,RU,412.75,377.02,28.35,3.26,so-ups.ru,false,
2024-01-18 23:00:00,Russia,Europe-Ural,RU,412.55,376.65,28.38,3.11,so-ups.ru,false,
2024-01-19 00:00:00,Russia,Europe-Ural,RU,413.37,377.33,28.21,3.07,so-ups.ru,false,
2024-01-19 01:00:00,Russia,Europe-Ural,RU,417.18,381.07,27.55,3.07,so-ups.ru,false,
2024-01-19 02:00:00,Russia,Europe-Ural,RU,420.75,383.87,26.91,3.11,so-ups.ru,false,
2024-01-19 03:00:00,Russia,Europe-Ural,RU,419.98,383.59,27.06,4.42,so-ups.ru,false,
2024-01-19 04:00:00,Russia,Europe-Ural,RU,422.26,386.03,26.68,4.97,so-ups.ru,false,
2024-01-19 05:00:00,Russia,Europe-Ural,RU,419.41,383.41,27.19,5.91,so-ups.ru,false,
2024-01-19 06:00:00,Russia,Europe-Ural,RU,416.39,380.89,27.7,6.48,so-ups.ru,false,
2024-01-19 07:00:00,Russia,Europe-Ural,RU,416.75,381.02,27.57,6.27,so-ups.ru,false,
2024-01-19 08:00:00,Russia,Europe-Ural,RU,419.25,382.73,27.14,5.69,so-ups.ru,false,
2024-01-19 09:00:00,Russia,Europe-Ural,RU,419.89,383.33,27.03,5.67,so-ups.ru,false,
2024-01-19 10:00:00,Russia,Europe-Ural,RU,420.1,382.86,26.98,5.44,so-ups.ru,false,
2024-01-19 11:00:00,Russia,Europe-Ural,RU,420.03,383.11,27.04,5.6,so-ups.ru,false,
2024-01-19 12:00:00,Russia,Europe-Ural,RU,416.62,380.14,27.62,6.33,so-ups.ru,false,
2024-01-19 13:00:00,Russia,Europe-Ural,RU,414.37,378.4,28.0,6.74,so-ups.ru,false,
2024-01-19 14:00:00,Russia,Europe-Ural,RU,410.49,375.36,28.74,7.59,so-ups.ru,false,
2024-01-19 15:00:00,Russia,Europe-Ural,RU,412.49,377.33,28.41,7.03,so-ups.ru,false,
2024-01-19 16:00:00,Russia,Europe-Ural,RU,414.46,378.7,28.04,6.21,so-ups.ru,false,
2024-01-19 17:00:00,Russia,Europe-Ural,RU,417.95,381.88,27.42,5.2,so-ups.ru,false,
2024-01-19 18:00:00,Russia,Europe-Ural,RU,415.35,379.17,27.86,5.22,so-ups.ru,false,
2024-01-19 19:00:00,Russia,Europe-Ural,RU,412.32,376.08,28.36,4.55,so-ups.ru,false,
2024-01-19 20:00:00,Russia,Europe-Ural,RU,413.46,377.34,28.16,3.7,so-ups.ru,false,
2024-01-19 21:00:00,Russia,Europe-Ural,RU,413.91,378.29,28.1,3.0,so-ups.ru,false,
2024-01-19 22:00:00,Russia,Europe-Ural,RU,412.85,377.34,28.33,2.92,so-ups.ru,false,
2024-01-19 23:00:00,Russia,Europe-Ural,RU,411.81,376.35,28.52,2.91,so-ups.ru,false,
2024-01-20 00:00:00,Russia,Europe-Ural,RU,410.42,374.6,28.71,2.81,so-ups.ru,false,
2024-01-20 01:00:00,Russia,Europe-Ural,RU,411.87,376.35,28.47,2.88,so-ups.ru,false,
2024-01-20 02:00:00,Russia,Europe-Ural,RU,414.59,378.8,28.0,3.01,so-ups.ru,false,
2024-01-20 03:00:00,Russia,Europe-Ural,RU,409.81,374.3,28.82,4.4,so-ups.ru,false,
2024-01-20 04:00:00,Russia,Europe-Ural,RU,412.12,376.61,28.43,4.79,so-ups.ru,false,
2024-01-20 05:00:00,Russia,Europe-Ural,RU,414.45,378.94,28.04,5.19,so-ups.ru,false,
2024-01-20 06:00:00,Russia,Europe-Ural,RU,412.5,376.68,28.35,5.51,so-ups.ru,false,
2024-01-20 07:00:00,Russia,Europe-Ural,RU,412.15,376.29,28.43,5.66,so-ups.ru,false,
2024-01-20 08:00:00,Russia,Europe-Ural,RU,411.11,375.37,28.61,5.8,so-ups.ru,false,
2024-01-20 09:00:00,Russia,Europe-Ural,RU,410.03,373.95,28.73,5.85,so-ups.ru,false,
2024-01-20 10:00:00,Russia,Europe-Ural,RU,411.07,374.58,28.56,5.75,so-ups.ru,false,
2024-01-20 11:00:00,Russia,Europe-Ural,RU,409.4,373.19,28.83,6.02,so-ups.ru,false,
2024-01-20 12:00:00,Russia,Europe-Ural,RU,407.47,371.95,29.17,6.59,so-ups.ru,false,
2024-01-20 13:00:00,Russia,Europe-Ural,RU,404.76,370.08,29.69,7.45,so-ups.ru,false,
2024-01-20 14:00:00,Russia,Europe-Ural,RU,404.53,370.22,29.75,7.83,so-ups.ru,false,
2024-01-20 15:00:00,Russia,Europe-Ural,RU,404.54,370.19,29.74,7.46,so-ups.ru,false,
2024-01-20 16:00:00,Russia,Europe-Ural,RU,407.29,372.34,29.28,6.39,so-ups.ru,false,
2024-01-20 17:00:00,Russia,Europe-Ural,RU,406.45,371.97,29.43,6.13,so-ups.ru,false,
2024-01-20 18:00:00,Russia,Europe-Ural,RU,408.92,373.09,28.96,4.92,so-ups.ru,false,
2024-01-20 19:00:00,Russia,Europe-Ural,RU,403.06,367.69,30.0,5.09,so-ups.ru,false,
2024-01-20 20:00:00,Russia,Europe-Ural,RU,405.44,369.55,29.53,3.75,so-ups.ru,false,
2024-01-20 21:00:00,Russia,Europe-Ural,RU,408.61,372.47,29.01,2.92,so-ups.ru,false,
2024-01-20 22:00:00,Russia,Europe-Ural,RU,406.81,371.02,29.32,2.89,so-ups.ru,false,
2024-01-20 23:00:00,Russia,Europe-Ural,RU,405.31,369.64,29.55,2.88,so-ups.ru,false,
2024-01-21 00:00:00,Russia,Europe-Ural,RU,406.61,371.22,29.37,2.79,so-ups.ru,false,
2024-01-21 01:00:00,Russia,Europe-Ural,RU,406.37,371.08,29.4,2.9,so-ups.ru,false,
2024-01-21 02:00:00,Russia,Europe-Ural,RU,408.86,373.51,29.0,3.04,so-ups.ru,false,
2024-01-21 03:00:00,Russia,Europe-Ural,RU,406.66,371.74,29.39,4.35,so-ups.ru,false,
2024-01-21 04:00:00,Russia,Europe-Ural,RU,407.97,373.02,29.17,4.69,so-ups.ru,false,
2024-01-21 05:00:00,Russia,Europe-Ural,RU,410.56,375.29,28.7,5.04,so-ups.ru,false,
2024-01-21 06:00:00,Russia,Europe-Ural,RU,407.95,373.23,29.14,6.11,so-ups.ru,false,
2024-01-21 07:00:00,Russia,Europe-Ural,RU,408.28,373.08,29.09,6.32,so-ups.ru,false,
2024-01-21 08:00:00,Russia,Europe-Ural,RU,410.75,374.82,28.62,5.82,so-ups.ru,false,
2024-01-21 09:00:00,Russia,Europe-Ural,RU,411.08,374.93,28.56,5.7,so-ups.ru,false,
2024-01-21 10:00:00,Russia,Europe-Ural,RU,411.47,375.21,28.48,5.58,so-ups.ru,false,
2024-01-21 11:00:00,Russia,Europe-Ural,RU,411.2,375.02,28.53,5.7,so-ups.ru,false,
2024-01-21 12:00:00,Russia,Europe-Ural,RU,406.12,370.66,29.4,6.76,so-ups.ru,false,
2024-01-21 13:00:00,Russia,Europe-Ural,RU,406.6,371.69,29.38,7.28,so-ups.ru,false,
2024-01-21 14:00:00,Russia,Europe-Ural,RU,403.91,369.82,29.85,8.09,so-ups.ru,false,
2024-01-21 15:00:00,Russia,Europe-Ural,RU,405.59,371.07,29.55,7.44,so-ups.ru,false,
2024-01-21 16:00:00,Russia,Europe-Ural,RU,409.14,374.42,28.96,6.59,so-ups.ru,false,
2024-01-21 17:00:00,Russia,Europe-Ural,RU,408.77,373.87,29.03,6.15,so-ups.ru,false,
2024-01-21 18:00:00,Russia,Europe-Ural,RU,408.54,372.96,29.01,5.48,so-ups.ru,false,
2024-01-21 19:00:00,Russia,Europe-Ural,RU,405.25,369.69,29.56,5.13,so-ups.ru,false,
2024-01-21 20:00:00,Russia,Europe-Ural,RU,408.01,371.45,29.07,3.9,so-ups.ru,false,
2024-01-21 21:00:00,Russia,Europe-Ural,RU,411.43,375.13,28.54,2.91,so-ups.ru,false,
2024-01-21 22:00:00,Russia,Europe-Ural,RU,411.23,375.17,28.57,2.63,so-ups.ru,false,
2024-01-21 23:00:00,Russia,Europe-Ural,RU,410.68,374.75,28.67,2.58,so-ups.ru,false,
2024-01-22 00:00:00,Russia,Europe-Ural,RU,411.44,375.4,28.49,2.55,so-ups.ru,false,
2024-01-22 01:00:00,Russia,Europe-Ural,RU,414.7,378.53,27.97,2.56,so-ups.ru,false,
2024-01-22 02:00:00,Russia,Europe-Ural,RU,416.3,380.16,27.68,3.14,so-ups.ru,false,
2024-01-22 03:00:00,Russia,Europe-Ural,RU,416.74,381.01,27.6,4.45,so-ups.ru,false,
2024-01-22 04:00:00,Russia,Europe-Ural,RU,418.49,382.69,27.3,4.96,so-ups.ru,false,
2024-01-22 05:00:00,Russia,Europe-Ural,RU,414.54,378.99,27.97,6.24,so-ups.ru,false,
2024-01-22 06:00:00,Russia,Europe-Ural,RU,411.17,375.56,28.54,6.95,so-ups.ru,false,
2024-01-22 07:00:00,Russia,Europe-Ural,RU,410.25,374.52,28.71,7.05,so-ups.ru,false,
2024-01-22 08:00:00,Russia,Europe-Ural,RU,412.52,376.04,28.29,6.38,so-ups.ru,false,
2024-01-22 09:00:00,Russia,Europe-Ural,RU,412.99,376.48,28.22,6.22,so-ups.ru,false,
2024-01-22 10:00:00,Russia,Europe-Ural,RU,413.85,377.07,28.06,6.06,so-ups.ru,false,
2024-01-22 11:00:00,Russia,Europe-Ural,RU,413.92,377.35,28.05,5.98,so-ups.ru,false,
2024-01-22 12:00:00,Russia,Europe-Ural,RU,410.42,374.42,28.69,6.85,so-ups.ru,false,
2024-01-22 13:00:00,Russia,Europe-Ural,RU,409.5,373.58,28.84,7.12,so-ups.ru,false,
2024-01-22 14:00:00,Russia,Europe-Ural,RU,408.18,372.67,29.06,7.47,so-ups.ru,false,
2024-01-22 15:00:00,Russia,Europe-Ural,RU,409.36,373.89,28.91,7.1,so-ups.ru,false,
2024-01-22 16:00:00,Russia,Europe-Ural,RU,412.01,376.32,28.46,6.27,so-ups.ru,false,
2024-01-22 17:00:00,Russia,Europe-Ural,RU,413.16,376.97,28.22,5.48,so-ups.ru,false,
2024-01-22 18:00:00,Russia,Europe-Ural,RU,412.05,375.86,28.41,4.99,so-ups.ru,false,
2024-01-22 19:00:00,Russia,Europe-Ural,RU,407.19,370.86,29.23,4.87,so-ups.ru,false,
2024-01-22 20:00:00,Russia,Europe-Ural,RU,410.36,374.25,28.7,3.71,so-ups.ru,false,
2024-01-22 21:00:00,Russia,Europe-Ural,RU,409.38,373.31,28.88,3.05,so-ups.ru,false,
2024-01-22 22:00:00,Russia,Europe-Ural,RU,410.88,374.92,28.65,2.72,so-ups.ru,false,
2024-01-22 23:00:00,Russia,Europe-Ural,RU,412.16,376.32,28.43,2.6,so-ups.ru,false,
2024-01-23 00:00:00,Russia,Europe-Ural,RU,412.52,376.02,28.33,2.53,so-ups.ru,false,
2024-01-23 01:00:00,Russia,Europe-Ural,RU,414.5,378.34,27.99,2.62,so-ups.ru,false,
2024-01-23 02:00:00,Russia,Europe-Ural,RU,416.34,380.49,27.69,3.29,so-ups.ru,false,
2024-01-23 03:00:00,Russia,Europe-Ural,RU,415.63,379.7,27.8,4.61,so-ups.ru,false,
2024-01-23 04:00:00,Russia,Europe-Ural,RU,416.37,380.18,27.65,5.17,so-ups.ru,false,
2024-01-23 05:00:00,Russia,Europe-Ural,RU,412.79,376.61,28.25,6.38,so-ups.ru,false,
2024-01-23 06:00:00,Russia,Europe-Ural,RU,409.68,374.07,28.79,7.19,so-ups.ru,false,
2024-01-23 07:00:00,Russia,Europe-Ural,RU,409.88,373.76,28.72,6.96,so-ups.ru,false,
2024-01-23 08:00:00,Russia,Europe-Ural,RU,412.6,376.06,28.27,6.33,so-ups.ru,false,
2024-01-23 09:00:00,Russia,Europe-Ural,RU,413.03,376.53,28.19,6.01,so-ups.ru,false,
2024-01-23 10:00:00,Russia,Europe-Ural,RU,414.25,377.62,28.0,5.88,so-ups.ru,false,
2024-01-23 11:00:00,Russia,Europe-Ural,RU,414.55,377.93,27.94,5.76,so-ups.ru,false,
2024-01-23 12:00:00,Russia,Europe-Ural,RU,409.78,373.43,28.77,6.74,so-ups.ru,false,
2024-01-23 13:00:00,Russia,Europe-Ural,RU,408.46,372.43,28.97,7.03,so-ups.ru,false,
2024-01-23 14:00:00,Russia,Europe-Ural,RU,405.14,369.79,29.6,7.84,so-ups.ru,false,
2024-01-23 15:00:00,Russia,Europe-Ural,RU,407.77,372.58,29.14,7.12,so-ups.ru,false,
2024-01-23 16:00:00,Russia,Europe-Ural,RU,409.75,374.21,28.81,6.2,so-ups.ru,false,
2024-01-23 17:00:00,Russia,Europe-Ural,RU,411.85,376.26,28.44,5.46,so-ups.ru,false,
2024-01-23 18:00:00,Russia,Europe-Ural,RU,411.48,375.21,28.49,4.84,so-ups.ru,false,
2024-01-23 19:00:00,Russia,Europe-Ural,RU,408.22,371.44,29.04,4.53,so-ups.ru,false,
2024-01-23 20:00:00,Russia,Europe-Ural,RU,407.31,370.44,29.16,3.71,so-ups.ru,false,
2024-01-23 21:00:00,Russia,Europe-Ural,RU,408.96,372.72,28.93,2.98,so-ups.ru,false,
2024-01-23 22:00:00,Russia,Europe-Ural,RU,411.21,375.42,28.6,2.54,so-ups.ru,false,
2024-01-23 23:00:00,Russia,Europe-Ural,RU,411.01,375.13,28.61,2.45,so-ups.ru,false,
2024-01-24 00:00:00,Russia,Europe-Ural,RU,412.61,376.41,28.33,2.33,so-ups.ru,false,
2024-01-24 01:00:00,Russia,Europe-Ural,RU,413.52,377.61,28.18,2.78,so-ups.ru,false,
2024-01-24 02:00:00,Russia,Europe-Ural,RU,415.82,379.82,27.78,3.21,so-ups.ru,false,
2024-01-24 03:00:00,Russia,Europe-Ural,RU,415.63,379.79,27.8,4.38,so-ups.ru,false,
2024-01-24 04:00:00,Russia,Europe-Ural,RU,414.91,379.27,27.92,5.35,so-ups.ru,false,
2024-01-24 05:00:00,Russia,Europe-Ural,RU,412.14,376.31,28.38,6.29,so-ups.ru,false,
2024-01-24 06:00:00,Russia,Europe-Ural,RU,409.16,372.98,28.87,6.84,so-ups.ru,false,
2024-01-24 07:00:00,Russia,Europe-Ural,RU,410.08,373.71,28.7,6.52,so-ups.ru,false,
2024-01-24 08:00:00,Russia,Europe-Ural,RU,411.61,374.94,28.44,6.09,so-ups.ru,false,
2024-01-24 09:00:00,Russia,Europe-Ural,RU,412.97,376.43,28.21,5.85,so-ups.ru,false,
2024-01-24 10:00:00,Russia,Europe-Ural,RU,412.47,375.73,28.29,5.92,so-ups.ru,false,
2024-01-24 11:00:00,Russia,Europe-Ural,RU,414.06,376.97,28.01,5.62,so-ups.ru,false,
2024-01-24 12:00:00,Russia,Europe-Ural,RU,409.66,373.32,28.78,6.63,so-ups.ru,false,
2024-01-24 13:00:00,Russia,Europe-Ural,RU,406.87,370.9,29.27,7.2,so-ups.ru,false,
2024-01-24 14:00:00,Russia,Europe-Ural,RU,404.05,368.61,29.77,7.85,so-ups.ru,false,
2024-01-24 15:00:00,Russia,Europe-Ural,RU,405.5,370.46,29.55,7.28,so-ups.ru,false,
2024-01-24 16:00:00,Russia,Europe-Ural,RU,407.66,372.21,29.18,6.53,so-ups.ru,false,
2024-01-24 17:00:00,Russia,Europe-Ural,RU,410.03,373.99,28.76,5.66,so-ups.ru,false,
2024-01-24 18:00:00,Russia,Europe-Ural,RU,406.61,370.39,29.32,5.48,so-ups.ru,false,
2024-01-24 19:00:00,Russia,Europe-Ural,RU,405.97,369.44,29.43,4.6,so-ups.ru,false,
2024-01-24 20:00:00,Russia,Europe-Ural,RU,407.56,371.02,29.17,3.42,so-ups.ru,false,
2024-01-24 21:00:00,Russia,Europe-Ural,RU,407.65,371.42,29.18,2.98,so-ups.ru,false,
2024-01-24 22:00:00,Russia,Europe-Ural,RU,409.13,372.96,28.92,2.52,so-ups.ru,false,
2024-01-24 23:00:00,Russia,Europe-Ural,RU,408.64,372.4,28.99,2.4,so-ups.ru,false,
2024-01-25 00:00:00,Russia,Europe-Ural,RU,410.0,373.96,28.77,2.47,so-ups.ru,false,
2024-01-25 01:00:00,Russia,Europe-Ural,RU,411.87,375.92,28.44,2.69,so-ups.ru,false,
2024-01-25 02:00:00,Russia,Europe-Ural,RU,416.17,379.99,27.72,3.0,so-ups.ru,false,
2024-01-25 03:00:00,Russia,Europe-Ural,RU,414.49,378.73,27.99,4.39,so-ups.ru,false,
2024-01-25 04:00:00,Russia,Europe-Ural,RU,414.35,378.67,28.0,5.26,so-ups.ru,false,
2024-01-25 05:00:00,Russia,Europe-Ural,RU,411.39,376.23,28.51,6.36,so-ups.ru,false,
2024-01-25 06:00:00,Russia,Europe-Ural,RU,405.9,370.55,29.45,7.26,so-ups.ru,false,
2024-01-25 07:00:00,Russia,Europe-Ural,RU,406.83,371.17,29.3,6.93,so-ups.ru,false,
2024-01-25 08:00:00,Russia,Europe-Ural,RU,408.71,372.56,28.94,6.37,so-ups.ru,false,
2024-01-25 09:00:00,Russia,Europe-Ural,RU,409.68,373.68,28.8,6.28,so-ups.ru,false,
2024-01-25 10:00:00,Russia,Europe-Ural,RU,409.9,374.1,28.76,6.36,so-ups.ru,false,
2024-01-25 11:00:00,Russia,Europe-Ural,RU,409.52,372.87,28.78,6.24,so-ups.ru,false,
2024-01-25 12:00:00,Russia,Europe-Ural,RU,406.75,370.23,29.26,6.75,so-ups.ru,false,
2024-01-25 13:00:00,Russia,Europe-Ural,RU,404.86,368.98,29.61,7.31,so-ups.ru,false,
2024-01-25 14:00:00,Russia,Europe-Ural,RU,403.85,368.26,29.8,7.7,so-ups.ru,false,
2024-01-25 15:00:00,Russia,Europe-Ural,RU,404.47,369.01,29.69,7.31,so-ups.ru,false,
2024-01-25 16:00:00,Russia,Europe-Ural,RU,408.38,372.24,29.01,6.27,so-ups.ru,false,
2024-01-25 17:00:00,Russia,Europe-Ural,RU,408.54,372.48,28.98,5.8,so-ups.ru,false,
2024-01-25 18:00:00,Russia,Europe-Ural,RU,406.99,370.29,29.21,5.17,so-ups.ru,false,
2024-01-25 19:00:00,Russia,Europe-Ural,RU,401.05,364.91,30.24,5.35,so-ups.ru,false,
2024-01-25 20:00:00,Russia,Europe-Ural,RU,413.36,375.55,28.11,3.49,so-ups.ru,false,
2024-01-25 21:00:00,Russia,Europe-Ural,RU,415.76,378.04,27.72,2.91,so-ups.ru,false,
2024-01-25 22:00:00,Russia,Europe-Ural,RU,417.8,379.5,27.34,2.35,so-ups.ru,false,
2024-01-25 23:00:00,Russia,Europe-Ural,RU,420.27,382.29,26.95,2.26,so-ups.ru,false,
2024-01-26 00:00:00,Russia,Europe-Ural,RU,421.93,383.86,26.66,2.31,so-ups.ru,false,
2024-01-26 01:00:00,Russia,Europe-Ural,RU,424.02,385.88,26.28,2.38,so-ups.ru,false,
2024-01-26 02:00:00,Russia,Europe-Ural,RU,427.5,389.38,25.7,2.88,so-ups.ru,false,
2024-01-26 03:00:00,Russia,Europe-Ural,RU,425.3,387.61,26.09,4.35,so-ups.ru,false,
2024-01-26 04:00:00,Russia,Europe-Ural,RU,422.23,385.33,26.63,5.7,so-ups.ru,false,
2024-01-26 05:00:00,Russia,Europe-Ural,RU,418.8,382.61,27.21,6.89,so-ups.ru,false,
2024-01-26 06:00:00,Russia,Europe-Ural,RU,413.89,377.9,28.05,7.68,so-ups.ru,false,
2024-01-26 07:00:00,Russia,Europe-Ural,RU,414.21,378.02,28.02,7.61,so-ups.ru,false,
2024-01-26 08:00:00,Russia,Europe-Ural,RU,417.24,380.33,27.48,6.97,so-ups.ru,false,
2024-01-26 09:00:00,Russia,Europe-Ural,RU,422.69,384.93,26.51,6.64,so-ups.ru,false,
2024-01-26 10:00:00,Russia,Europe-Ural,RU,423.21,385.26,26.43,6.55,so-ups.ru,false,
2024-01-26 11:00:00,Russia,Europe-Ural,RU,424.14,386.19,26.27,6.41,so-ups.ru,false,
2024-01-26 12:00:00,Russia,Europe-Ural,RU,422.3,384.6,26.6,6.83,so-ups.ru,false,
2024-01-26 13:00:00,Russia,Europe-Ural,RU,422.25,384.81,26.62,7.0,so-ups.ru,false,
2024-01-26 14:00:00,Russia,Europe-Ural,RU,418.9,381.76,27.19,7.64,so-ups.ru,false,
2024-01-26 15:00:00,Russia,Europe-Ural,RU,418.38,381.54,27.3,7.49,so-ups.ru,false,
2024-01-26 16:00:00,Russia,Europe-Ural,RU,421.65,384.59,26.77,6.62,so-ups.ru,false,
2024-01-26 17:00:00,Russia,Europe-Ural,RU,421.0,383.6,26.87,6.29,so-ups.ru,false,
2024-01-26 18:00:00,Russia,Europe-Ural,RU,420.83,383.1,26.87,5.7,so-ups.ru,false,
2024-01-26 19:00:00,Russia,Europe-Ural,RU,418.82,380.53,27.17,5.11,so-ups.ru,false,
2024-01-26 20:00:00,Russia,Europe-Ural,RU,423.99,385.28,26.3,3.55,so-ups.ru,false,
2024-01-26 21:00:00,Russia,Europe-Ural,RU,426.8,387.76,25.83,2.73,so-ups.ru,false,
2024-01-26 22:00:00,Russia,Europe-Ural,RU,426.95,387.76,25.81,2.31,so-ups.ru,false,
2024-01-26 23:00:00,Russia,Europe-Ural,RU,426.05,386.81,25.94,2.24,so-ups.ru,false,
2024-01-27 00:00:00,Russia,Europe-Ural,RU,427.58,388.78,25.72,2.2,so-ups.ru,false,
2024-01-27 01:00:00,Russia,Europe-Ural,RU,428.02,389.41,25.66,2.43,so-ups.ru,false,
2024-01-27 02:00:00,Russia,Europe-Ural,RU,427.62,388.99,25.71,3.0,so-ups.ru,false,
2024-01-27 03:00:00,Russia,Europe-Ural,RU,424.63,387.07,26.27,4.31,so-ups.ru,false,
2024-01-27 04:00:00,Russia,Europe-Ural,RU,425.38,387.68,26.12,4.81,so-ups.ru,false,
2024-01-27 05:00:00,Russia,Europe-Ural,RU,425.44,388.48,26.12,5.59,so-ups.ru,false,
2024-01-27 06:00:00,Russia,Europe-Ural,RU,421.77,384.91,26.74,6.59,so-ups.ru,false,
2024-01-27 07:00:00,Russia,Europe-Ural,RU,420.88,383.84,26.9,6.79,so-ups.ru,false,
2024-01-27 08:00:00,Russia,Europe-Ural,RU,421.53,384.29,26.78,6.72,so-ups.ru,false,
2024-01-27 09:00:00,Russia,Europe-Ural,RU,422.94,385.55,26.53,6.42,so-ups.ru,false,
2024-01-27 10:00:00,Russia,Europe-Ural,RU,422.84,385.5,26.54,6.43,so-ups.ru,false,
2024-01-27 11:00:00,Russia,Europe-Ural,RU,423.13,385.85,26.5,6.39,so-ups.ru,false,
2024-01-27 12:00:00,Russia,Europe-Ural,RU,421.52,384.56,26.8,6.66,so-ups.ru,false,
2024-01-27 13:00:00,Russia,Europe-Ural,RU,418.52,382.22,27.35,7.57,so-ups.ru,false,
2024-01-27 14:00:00,Russia,Europe-Ural,RU,416.94,381.08,27.62,8.0,so-ups.ru,false,
2024-01-27 15:00:00,Russia,Europe-Ural,RU,416.44,380.37,27.7,7.75,so-ups.ru,false,
2024-01-27 16:00:00,Russia,Europe-Ural,RU,419.13,382.65,27.25,6.83,so-ups.ru,false,
2024-01-27 17:00:00,Russia,Europe-Ural,RU,421.61,384.65,26.82,6.0,so-ups.ru,false,
2024-01-27 18:00:00,Russia,Europe-Ural,RU,422.13,384.42,26.66,5.17,so-ups.ru,false,
2024-01-27 19:00:00,Russia,Europe-Ural,RU,420.39,382.48,26.95,4.76,so-ups.ru,false,
2024-01-27 20:00:00,Russia,Europe-Ural,RU,421.54,383.67,26.76,3.89,so-ups.ru,false,
2024-01-27 21:00:00,Russia,Europe-Ural,RU,423.79,384.95,26.33,3.04,so-ups.ru,false,
2024-01-27 22:00:00,Russia,Europe-Ural,RU,424.47,385.69,26.23,2.64,so-ups.ru,false,
2024-01-27 23:00:00,Russia,Europe-Ural,RU,423.42,384.83,26.42,2.64,so-ups.ru,false,
2024-01-28 00:00:00,Russia,Europe-Ural,RU,424.83,387.14,26.25,2.61,so-ups.ru,false,
2024-01-28 01:00:00,Russia,Europe-Ural,RU,424.27,387.04,26.36,2.84,so-ups.ru,false,
2024-01-28 02:00:00,Russia,Europe-Ural,RU,424.86,387.52,26.25,3.37,so-ups.ru,false,
2024-01-28 03:00:00,Russia,Europe-Ural,RU,420.66,383.95,26.97,4.69,so-ups.ru,false,
2024-01-28 04:00:00,Russia,Europe-Ural,RU,423.31,386.75,26.53,4.85,so-ups.ru,false,
2024-01-28 05:00:00,Russia,Europe-Ural,RU,425.88,389.27,26.1,5.12,so-ups.ru,false,
2024-01-28 06:00:00,Russia,Europe-Ural,RU,423.84,387.3,26.41,5.84,so-ups.ru,false,
2024-01-28 07:00:00,Russia,Europe-Ural,RU,422.16,385.84,26.73,6.24,so-ups.ru,false,
2024-01-28 08:00:00,Russia,Europe-Ural,RU,421.69,385.28,26.77,6.24,so-ups.ru,false,
2024-01-28 09:00:00,Russia,Europe-Ural,RU,421.81,384.93,26.75,6.17,so-ups.ru,false,
2024-01-28 10:00:00,Russia,Europe-Ural,RU,422.87,385.93,26.57,6.02,so-ups.ru,false,
2024-01-28 11:00:00,Russia,Europe-Ural,RU,421.05,384.43,26.89,6.48,so-ups.ru,false,
2024-01-28 12:00:00,Russia,Europe-Ural,RU,419.52,383.31,27.2,6.99,so-ups.ru,false,
2024-01-28 13:00:00,Russia,Europe-Ural,RU,416.55,380.95,27.72,7.8,so-ups.ru,false,
2024-01-28 14:00:00,Russia,Europe-Ural,RU,412.83,377.75,28.35,8.61,so-ups.ru,false,
2024-01-28 15:00:00,Russia,Europe-Ural,RU,412.65,377.69,28.4,8.47,so-ups.ru,false,
2024-01-28 16:00:00,Russia,Europe-Ural,RU,415.66,380.41,27.9,7.6,so-ups.ru,false,
2024-01-28 17:00:00,Russia,Europe-Ural,RU,419.58,383.37,27.18,6.41,so-ups.ru,false,
2024-01-28 18:00:00,Russia,Europe-Ural,RU,423.71,386.34,26.42,4.98,so-ups.ru,false,
2024-01-28 19:00:00,Russia,Europe-Ural,RU,420.56,383.24,26.95,4.96,so-ups.ru,false,
2024-01-28 20:00:00,Russia,Europe-Ural,RU,423.75,385.63,26.38,3.62,so-ups.ru,false,
2024-01-28 21:00:00,Russia,Europe-Ural,RU,421.6,384.16,26.79,3.5,so-ups.ru,false,
2024-01-28 22:00:00,Russia,Europe-Ural,RU,423.62,386.72,26.51,2.94,so-ups.ru,false,
2024-01-28 23:00:00,Russia,Europe-Ural,RU,422.85,386.19,26.63,3.03,so-ups.ru,false,
2024-01-29 00:00:00,Russia,Europe-Ural,RU,423.24,386.85,26.57,3.15,so-ups.ru,false,
2024-01-29 01:00:00,Russia,Europe-Ural,RU,425.29,388.42,26.18,3.33,so-ups.ru,false,
2024-01-29 02:00:00,Russia,Europe-Ural,RU,427.05,390.15,25.85,3.83,so-ups.ru,false,
2024-01-29 03:00:00,Russia,Europe-Ural,RU,429.13,391.94,25.5,4.64,so-ups.ru,false,
2024-01-29 04:00:00,Russia,Europe-Ural,RU,427.49,390.58,25.79,5.68,so-ups.ru,false,
2024-01-29 05:00:00,Russia,Europe-Ural,RU,425.22,388.58,26.17,6.65,so-ups.ru,false,
2024-01-29 06:00:00,Russia,Europe-Ural,RU,420.41,384.39,26.99,7.58,so-ups.ru,false,
2024-01-29 07:00:00,Russia,Europe-Ural,RU,420.34,384.32,26.99,7.58,so-ups.ru,false,
2024-01-29 08:00:00,Russia,Europe-Ural,RU,424.9,387.98,26.2,6.61,so-ups.ru,false,
2024-01-29 09:00:00,Russia,Europe-Ural,RU,426.14,388.83,25.97,6.3,so-ups.ru,false,
2024-01-29 10:00:00,Russia,Europe-Ural,RU,426.45,389.34,25.94,6.34,so-ups.ru,false,
2024-01-29 11:00:00,Russia,Europe-Ural,RU,426.58,389.72,25.93,6.41,so-ups.ru,false,
2024-01-29 12:00:00,Russia,Europe-Ural,RU,425.18,388.06,26.17,6.85,so-ups.ru,false,
2024-01-29 13:00:00,Russia,Europe-Ural,RU,423.65,386.81,26.44,7.19,so-ups.ru,false,
2024-01-29 14:00:00,Russia,Europe-Ural,RU,419.62,383.75,27.16,8.05,so-ups.ru,false,
2024-01-29 15:00:00,Russia,Europe-Ural,RU,417.7,381.99,27.5,7.98,so-ups.ru,false,
2024-01-29 16:00:00,Russia,Europe-Ural,RU,421.85,385.49,26.79,6.74,so-ups.ru,false,
2024-01-29 17:00:00,Russia,Europe-Ural,RU,425.01,387.9,26.23,5.78,so-ups.ru,false,
2024-01-29 18:00:00,Russia,Europe-Ural,RU,424.16,386.87,26.35,5.27,so-ups.ru,false,
2024-01-29 19:00:00,Russia,Europe-Ural,RU,423.16,385.66,26.53,4.73,so-ups.ru,false,
2024-01-29 20:00:00,Russia,Europe-Ural,RU,423.8,385.91,26.4,3.88,so-ups.ru,false,
2024-01-29 21:00:00,Russia,Europe-Ural,RU,422.02,385.11,26.77,3.61,so-ups.ru,false,
2024-01-29 22:00:00,Russia,Europe-Ural,RU,424.49,387.84,26.37,3.12,so-ups.ru,false,
2024-01-29 23:00:00,Russia,Europe-Ural,RU,426.55,389.73,26.01,2.78,so-ups.ru,false,
2024-01-30 00:00:00,Russia,Europe-Ural,RU,425.99,388.92,26.07,2.99,so-ups.ru,false,
2024-01-30 01:00:00,Russia,Europe-Ural,RU,427.65,390.34,25.76,3.12,so-ups.ru,false,
2024-01-30 02:00:00,Russia,Europe-Ural,RU,429.08,391.85,25.5,3.71,so-ups.ru,false,
2024-01-30 03:00:00,Russia,Europe-Ural,RU,429.16,391.95,25.49,4.75,so-ups.ru,false,
2024-01-30 04:00:00,Russia,Europe-Ural,RU,427.78,390.78,25.72,5.67,so-ups.ru,false,
2024-01-30 05:00:00,Russia,Europe-Ural,RU,424.67,388.36,26.25,6.73,so-ups.ru,false,
2024-01-30 06:00:00,Russia,Europe-Ural,RU,420.42,384.9,26.99,7.61,so-ups.ru,false,
2024-01-30 07:00:00,Russia,Europe-Ural,RU,420.86,384.94,26.93,7.41,so-ups.ru,false,
2024-01-30 08:00:00,Russia,Europe-Ural,RU,424.45,387.77,26.29,6.58,so-ups.ru,false,
2024-01-30 09:00:00,Russia,Europe-Ural,RU,426.6,389.28,25.89,6.05,so-ups.ru,false,
2024-01-30 10:00:00,Russia,Europe-Ural,RU,426.83,389.54,25.86,6.06,so-ups.ru,false,
2024-01-30 11:00:00,Russia,Europe-Ural,RU,427.0,389.87,25.85,6.12,so-ups.ru,false,
2024-01-30 12:00:00,Russia,Europe-Ural,RU,425.46,388.71,26.12,6.48,so-ups.ru,false,
2024-01-30 13:00:00,Russia,Europe-Ural,RU,421.34,385.13,26.84,7.17,so-ups.ru,false,
2024-01-30 14:00:00,Russia,Europe-Ural,RU,418.69,383.06,27.31,7.78,so-ups.ru,false,
2024-01-30 15:00:00,Russia,Europe-Ural,RU,419.21,383.57,27.25,7.54,so-ups.ru,false,
2024-01-30 16:00:00,Russia,Europe-Ural,RU,422.99,386.55,26.6,6.46,so-ups.ru,false,
2024-01-30 17:00:00,Russia,Europe-Ural,RU,425.66,388.6,26.13,5.55,so-ups.ru,false,
2024-01-30 18:00:00,Russia,Europe-Ural,RU,424.0,387.17,26.41,5.23,so-ups.ru,false,
2024-01-30 19:00:00,Russia,Europe-Ural,RU,422.74,385.83,26.63,4.68,so-ups.ru,false,
2024-01-30 20:00:00,Russia,Europe-Ural,RU,422.33,384.79,26.66,3.91,so-ups.ru,false,
2024-01-30 21:00:00,Russia,Europe-Ural,RU,420.82,383.45,26.92,3.49,so-ups.ru,false,
2024-01-30 22:00:00,Russia,Europe-Ural,RU,422.6,385.75,26.65,3.07,so-ups.ru,false,
2024-01-30 23:00:00,Russia,Europe-Ural,RU,423.63,386.73,26.49,2.91,so-ups.ru,false,
2024-01-31 00:00:00,Russia,Europe-Ural,RU,426.41,388.72,25.96,2.93,so-ups.ru,false,
2024-01-31 01:00:00,Russia,Europe-Ural,RU,434.63,396.61,24.57,3.14,so-ups.ru,false,
2024-01-31 02:00:00,Russia,Europe-Ural,RU,436.16,397.85,24.26,3.7,so-ups.ru,false,
2024-01-31 03:00:00,Russia,Europe-Ural,RU,434.87,397.02,24.48,4.91,so-ups.ru,false,
2024-01-31 04:00:00,Russia,Europe-Ural,RU,432.7,394.91,24.85,5.25,so-ups.ru,false,
2024-01-31 05:00:00,Russia,Europe-Ural,RU,427.64,390.55,25.72,6.67,so-ups.ru,false,
2024-01-31 06:00:00,Russia,Europe-Ural,RU,422.2,385.76,26.65,7.55,so-ups.ru,false,
2024-01-31 07:00:00,Russia,Europe-Ural,RU,422.68,386.13,26.59,7.38,so-ups.ru,false,
2024-01-31 08:00:00,Russia,Europe-Ural,RU,426.31,389.02,25.94,6.53,so-ups.ru,false,
2024-01-31 09:00:00,Russia,Europe-Ural,RU,428.03,390.18,25.62,6.07,so-ups.ru,false,
2024-01-31 10:00:00,Russia,Europe-Ural,RU,427.82,390.08,25.67,6.21,so-ups.ru,false,
2024-01-31 11:00:00,Russia,Europe-Ural,RU,428.7,390.58,25.51,6.04,so-ups.ru,false,
2024-01-31 12:00:00,Russia,Europe-Ural,RU,427.22,389.15,25.76,6.28,so-ups.ru,false,
2024-01-31 13:00:00,Russia,Europe-Ural,RU,423.78,386.63,26.38,7.06,so-ups.ru,false,
2024-01-31 14:00:00,Russia,Europe-Ural,RU,421.44,384.91,26.8,7.68,so-ups.ru,false,
2024-01-31 15:00:00,Russia,Europe-Ural,RU,418.79,382.72,27.28,7.62,so-ups.ru,false,
2024-01-31 16:00:00,Russia,Europe-Ural,RU,422.6,385.42,26.6,6.45,so-ups.ru,false,
2024-01-31 17:00:00,Russia,Europe-Ural,RU,424.09,386.38,26.34,6.05,so-ups.ru,false,
2024-01-31 18:00:00,Russia,Europe-Ural,RU,425.85,387.64,26.03,5.34,so-ups.ru,false,
2024-01-31 19:00:00,Russia,Europe-Ural,RU,426.55,387.46,25.85,4.53,so-ups.ru,false,
2024-01-31 20:00:00,Russia,Europe-Ural,RU,426.73,387.89,25.81,3.86,so-ups.ru,false,
2024-01-31 21:00:00,Russia,Europe-Ural,RU,428.72,389.5,25.46,3.46,so-ups.ru,false,
2024-01-31 22:00:00,Russia,Europe-Ural,RU,430.3,391.26,25.24,2.96,so-ups.ru,false,
2024-01-31 23:00:00,Russia,Europe-Ural,RU,430.6,392.11,25.21,2.97,so-ups.ru,false,
2024-02-01 00:00:00,Russia,Europe-Ural,RU,431.87,393.16,24.98,2.95,so-ups.ru,false,
2024-02-01 01:00:00,Russia,Europe-Ural,RU,432.84,394.11,24.79,3.1,so-ups.ru,false,
2024-02-01 02:00:00,Russia,Europe-Ural,RU,433.63,394.76,24.65,3.84,so-ups.ru,false,
2024-02-01 03:00:00,Russia,Europe-Ural,RU,431.65,393.31,25.0,5.19,so-ups.ru,false,
2024-02-01 04:00:00,Russia,Europe-Ural,RU,431.75,393.36,24.94,5.76,so-ups.ru,false,
2024-02-01 05:00:00,Russia,Europe-Ural,RU,426.24,389.01,25.94,7.39,so-ups.ru,false,
2024-02-01 06:00:00,Russia,Europe-Ural,RU,424.17,386.97,26.31,7.81,so-ups.ru,false,
2024-02-01 07:00:00,Russia,Europe-Ural,RU,425.1,387.67,26.14,7.53,so-ups.ru,false,
2024-02-01 08:00:00,Russia,Europe-Ural,RU,427.11,388.92,25.77,6.96,so-ups.ru,false,
2024-02-01 09:00:00,Russia,Europe-Ural,RU,430.93,392.19,25.11,6.16,so-ups.ru,false,
2024-02-01 10:00:00,Russia,Europe-Ural,RU,430.62,391.75,25.16,6.17,so-ups.ru,false,
2024-02-01 11:00:00,Russia,Europe-Ural,RU,430.53,391.9,25.19,6.13,so-ups.ru,false,
2024-02-01 12:00:00,Russia,Europe-Ural,RU,428.02,389.9,25.64,6.64,so-ups.ru,false,
2024-02-01 13:00:00,Russia,Europe-Ural,RU,426.42,388.52,25.88,6.81,so-ups.ru,false,
2024-02-01 14:00:00,Russia,Europe-Ural,RU,422.54,385.33,26.59,7.8,so-ups.ru,false,
2024-02-01 15:00:00,Russia,Europe-Ural,RU,424.61,387.37,26.23,7.19,so-ups.ru,false,
2024-02-01 16:00:00,Russia,Europe-Ural,RU,427.55,389.58,25.73,6.21,so-ups.ru,false,
2024-02-01 17:00:00,Russia,Europe-Ural,RU,428.4,390.11,25.59,5.64,so-ups.ru,false,
2024-02-01 18:00:00,Russia,Europe-Ural,RU,423.93,385.57,26.32,5.69,so-ups.ru,false,
2024-02-01 19:00:00,Russia,Europe-Ural,RU,423.43,384.56,26.37,4.86,so-ups.ru,false,
2024-02-01 20:00:00,Russia,Europe-Ural,RU,423.27,384.58,26.36,4.07,so-ups.ru,false,
2024-02-01 21:00:00,Russia,Europe-Ural,RU,427.65,388.24,25.64,2.98,so-ups.ru,false,
2024-02-01 22:00:00,Russia,Europe-Ural,RU,426.7,387.75,25.81,2.81,so-ups.ru,false,
2024-02-01 23:00:00,Russia,Europe-Ural,RU,427.42,388.19,25.69,2.66,so-ups.ru,false,
2024-02-02 00:00:00,Russia,Europe-Ural,RU,429.64,390.79,25.34,2.65,so-ups.ru,false,
2024-02-02 01:00:00,Russia,Europe-Ural,RU,430.89,392.36,25.13,2.92,so-ups.ru,false,
2024-02-02 02:00:00,Russia,Europe-Ural,RU,431.93,393.84,24.98,3.7,so-ups.ru,false,
2024-02-02 03:00:00,Russia,Europe-Ural,RU,430.64,393.04,25.21,5.06,so-ups.ru,false,
2024-02-02 04:00:00,Russia,Europe-Ural,RU,430.4,392.66,25.21,5.71,so-ups.ru,false,
2024-02-02 05:00:00,Russia,Europe-Ural,RU,425.01,388.02,26.16,7.23,so-ups.ru,false,
2024-02-02 06:00:00,Russia,Europe-Ural,RU,421.7,384.9,26.73,7.83,so-ups.ru,false,
2024-02-02 07:00:00,Russia,Europe-Ural,RU,420.96,384.15,26.86,7.91,so-ups.ru,false,
2024-02-02 08:00:00,Russia,Europe-Ural,RU,426.91,389.42,25.84,6.66,so-ups.ru,false,
2024-02-02 09:00:00,Russia,Europe-Ural,RU,426.25,388.24,25.94,6.51,so-ups.ru,false,
2024-02-02 10:00:00,Russia,Europe-Ural,RU,426.72,388.5,25.85,6.38,so-ups.ru,false,
2024-02-02 11:00:00,Russia,Europe-Ural,RU,426.04,387.69,25.96,6.45,so-ups.ru,false,
2024-02-02 12:00:00,Russia,Europe-Ural,RU,424.3,386.04,26.21,6.67,so-ups.ru,false,
2024-02-02 13:00:00,Russia,Europe-Ural,RU,422.0,384.3,26.63,7.18,so-ups.ru,false,
2024-02-02 14:00:00,Russia,Europe-Ural,RU,418.95,381.93,27.16,7.94,so-ups.ru,false,
2024-02-02 15:00:00,Russia,Europe-Ural,RU,418.98,382.05,27.18,7.72,so-ups.ru,false,
2024-02-02 16:00:00,Russia,Europe-Ural,RU,422.12,384.83,26.68,6.91,so-ups.ru,false,
2024-02-02 17:00:00,Russia,Europe-Ural,RU,423.22,385.29,26.46,6.16,so-ups.ru,false,
2024-02-02 18:00:00,Russia,Europe-Ural,RU,420.38,382.54,26.95,5.99,so-ups.ru,false,
2024-02-02 19:00:00,Russia,Europe-Ural,RU,418.73,380.46,27.18,5.41,so-ups.ru,false,
2024-02-02 20:00:00,Russia,Europe-Ural,RU,424.25,385.2,26.23,3.71,so-ups.ru,false,
2024-02-02 21:00:00,Russia,Europe-Ural,RU,427.03,387.88,25.75,2.62,so-ups.ru,false,
2024-02-02 22:00:00,Russia,Europe-Ural,RU,425.89,386.85,25.96,2.59,so-ups.ru,false,
2024-02-02 23:00:00,Russia,Europe-Ural,RU,425.11,386.06,26.1,2.53,so-ups.ru,false,
2024-02-03 00:00:00,Russia,Europe-Ural,RU,425.21,386.33,26.08,2.56,so-ups.ru,false,
2024-02-03 01:00:00,Russia,Europe-Ural,RU,427.17,388.53,25.76,2.59,so-ups.ru,false,
2024-02-03 02:00:00,Russia,Europe-Ural,RU,427.88,389.32,25.67,3.29,so-ups.ru,false,
2024-02-03 03:00:00,Russia,Europe-Ural,RU,424.78,386.69,26.2,4.51,so-ups.ru,false,
2024-02-03 04:00:00,Russia,Europe-Ural,RU,425.32,387.75,26.14,5.07,so-ups.ru,false,
2024-02-03 05:00:00,Russia,Europe-Ural,RU,424.76,387.84,26.26,5.87,so-ups.ru,false,
2024-02-03 06:00:00,Russia,Europe-Ural,RU,420.6,384.33,26.98,6.94,so-ups.ru,false,
2024-02-03 07:00:00,Russia,Europe-Ural,RU,419.19,382.89,27.22,7.28,so-ups.ru,false,
2024-02-03 08:00:00,Russia,Europe-Ural,RU,419.24,382.37,27.16,7.13,so-ups.ru,false,
2024-02-03 09:00:00,Russia,Europe-Ural,RU,421.69,384.37,26.74,6.55,so-ups.ru,false,
2024-02-03 10:00:00,Russia,Europe-Ural,RU,422.19,384.98,26.67,6.51,so-ups.ru,false,
2024-02-03 11:00:00,Russia,Europe-Ural,RU,421.19,384.38,26.86,6.68,so-ups.ru,false,
2024-02-03 12:00:00,Russia,Europe-Ural,RU,419.2,382.9,27.23,7.18,so-ups.ru,false,
2024-02-03 13:00:00,Russia,Europe-Ural,RU,415.35,379.68,27.91,8.04,so-ups.ru,false,
2024-02-03 14:00:00,Russia,Europe-Ural,RU,413.35,377.92,28.23,8.62,so-ups.ru,false,
2024-02-03 15:00:00,Russia,Europe-Ural,RU,412.7,377.52,28.36,8.49,so-ups.ru,false,
2024-02-03 16:00:00,Russia,Europe-Ural,RU,413.7,378.35,28.21,7.84,so-ups.ru,false,
2024-02-03 17:00:00,Russia,Europe-Ural,RU,418.09,381.87,27.43,6.59,so-ups.ru,false,
2024-02-03 18:00:00,Russia,Europe-Ural,RU,417.91,380.78,27.4,5.99,so-ups.ru,false,
2024-02-03 19:00:00,Russia,Europe-Ural,RU,418.09,380.59,27.34,5.18,so-ups.ru,false,
2024-02-03 20:00:00,Russia,Europe-Ural,RU,422.19,383.49,26.6,3.7,so-ups.ru,false,
2024-02-03 21:00:00,Russia,Europe-Ural,RU,428.21,389.04,25.59,2.35,so-ups.ru,false,
2024-02-03 22:00:00,Russia,Europe-Ural,RU,426.4,387.03,25.87,2.2,so-ups.ru,false,
2024-02-03 23:00:00,Russia,Europe-Ural,RU,426.39,388.02,25.95,2.31,so-ups.ru,false,
2024-02-04 00:00:00,Russia,Europe-Ural,RU,426.18,387.08,25.92,2.14,so-ups.ru,false,
2024-02-04 01:00:00,Russia,Europe-Ural,RU,426.88,388.02,25.81,2.23,so-ups.ru,false,
2024-02-04 02:00:00,Russia,Europe-Ural,RU,425.08,386.46,26.13,3.01,so-ups.ru,false,
2024-02-04 03:00:00,Russia,Europe-Ural,RU,422.4,384.57,26.61,4.22,so-ups.ru,false,
2024-02-04 04:00:00,Russia,Europe-Ural,RU,424.57,386.69,26.25,4.49,so-ups.ru,false,
2024-02-04 05:00:00,Russia,Europe-Ural,RU,423.62,385.83,26.39,5.2,so-ups.ru,false,
2024-02-04 06:00:00,Russia,Europe-Ural,RU,420.74,383.99,26.93,6.28,so-ups.ru,false,
2024-02-04 07:00:00,Russia,Europe-Ural,RU,418.68,382.17,27.27,6.78,so-ups.ru,false,
2024-02-04 08:00:00,Russia,Europe-Ural,RU,419.53,382.48,27.12,6.6,so-ups.ru,false,
2024-02-04 09:00:00,Russia,Europe-Ural,RU,419.96,382.78,27.03,6.42,so-ups.ru,false,
2024-02-04 10:00:00,Russia,Europe-Ural,RU,419.22,382.22,27.17,6.64,so-ups.ru,false,
2024-02-04 11:00:00,Russia,Europe-Ural,RU,416.96,380.01,27.54,7.07,so-ups.ru,false,
2024-02-04 12:00:00,Russia,Europe-Ural,RU,414.26,378.0,28.05,7.9,so-ups.ru,false,
2024-02-04 13:00:00,Russia,Europe-Ural,RU,412.6,376.97,28.36,8.4,so-ups.ru,false,
2024-02-04 14:00:00,Russia,Europe-Ural,RU,410.48,375.31,28.72,9.04,so-ups.ru,false,
2024-02-04 15:00:00,Russia,Europe-Ural,RU,410.39,375.74,28.77,8.74,so-ups.ru,false,
2024-02-04 16:00:00,Russia,Europe-Ural,RU,411.92,376.99,28.49,8.08,so-ups.ru,false,
2024-02-04 17:00:00,Russia,Europe-Ural,RU,416.87,380.74,27.65,6.73,so-ups.ru,false,
2024-02-04 18:00:00,Russia,Europe-Ural,RU,417.69,380.96,27.46,5.8,so-ups.ru,false,
2024-02-04 19:00:00,Russia,Europe-Ural,RU,415.83,378.49,27.73,5.17,so-ups.ru,false,
2024-02-04 20:00:00,Russia,Europe-Ural,RU,421.74,382.97,26.66,3.38,so-ups.ru,false,
2024-02-04 21:00:00,Russia,Europe-Ural,RU,424.26,385.56,26.27,2.69,so-ups.ru,false,
2024-02-04 22:00:00,Russia,Europe-Ural,RU,423.53,384.93,26.39,2.45,so-ups.ru,false,
2024-02-04 23:00:00,Russia,Europe-Ural,RU,422.93,384.7,26.51,2.55,so-ups.ru,false,
2024-02-05 00:00:00,Russia,Europe-Ural,RU,424.42,385.95,26.23,2.49,so-ups.ru,false,
2024-02-05 01:00:00,Russia,Europe-Ural,RU,426.8,388.38,25.82,2.58,so-ups.ru,false,
2024-02-05 02:00:00,Russia,Europe-Ural,RU,428.86,390.24,25.47,3.34,so-ups.ru,false,
2024-02-05 03:00:00,Russia,Europe-Ural,RU,425.71,387.94,26.03,4.93,so-ups.ru,false,
2024-02-05 04:00:00,Russia,Europe-Ural,RU,424.47,387.28,26.25,6.04,so-ups.ru,false,
2024-02-05 05:00:00,Russia,Europe-Ural,RU,421.75,384.89,26.71,7.04,so-ups.ru,false,
2024-02-05 06:00:00,Russia,Europe-Ural,RU,416.73,380.33,27.58,8.04,so-ups.ru,false,
2024-02-05 07:00:00,Russia,Europe-Ural,RU,418.33,381.3,27.28,7.58,so-ups.ru,false,
2024-02-05 08:00:00,Russia,Europe-Ural,RU,421.44,383.55,26.73,6.85,so-ups.ru,false,
2024-02-05 09:00:00,Russia,Europe-Ural,RU,420.82,382.72,26.82,6.91,so-ups.ru,false,
2024-02-05 10:00:00,Russia,Europe-Ural,RU,420.48,382.38,26.88,6.98,so-ups.ru,false,
2024-02-05 11:00:00,Russia,Europe-Ural,RU,421.7,383.51,26.67,6.7,so-ups.ru,false,
2024-02-05 12:00:00,Russia,Europe-Ural,RU,418.68,380.91,27.2,7.37,so-ups.ru,false,
2024-02-05 13:00:00,Russia,Europe-Ural,RU,419.96,382.66,27.01,7.27,so-ups.ru,false,
2024-02-05 14:00:00,Russia,Europe-Ural,RU,416.36,379.87,27.65,8.17,so-ups.ru,false,
2024-02-05 15:00:00,Russia,Europe-Ural,RU,420.09,383.08,27.02,7.15,so-ups.ru,false,
2024-02-05 16:00:00,Russia,Europe-Ural,RU,419.73,382.88,27.09,6.95,so-ups.ru,false,
2024-02-05 17:00:00,Russia,Europe-Ural,RU,424.07,386.29,26.33,5.64,so-ups.ru,false,
2024-02-05 18:00:00,Russia,Europe-Ural,RU,417.59,380.07,27.42,6.0,so-ups.ru,false,
2024-02-05 19:00:00,Russia,Europe-Ural,RU,417.78,379.75,27.35,5.07,so-ups.ru,false,
2024-02-05 20:00:00,Russia,Europe-Ural,RU,416.32,378.24,27.6,4.52,so-ups.ru,false,
2024-02-05 21:00:00,Russia,Europe-Ural,RU,424.66,385.38,26.14,2.53,so-ups.ru,false,
2024-02-05 22:00:00,Russia,Europe-Ural,RU,423.83,385.06,26.33,2.48,so-ups.ru,false,
2024-02-05 23:00:00,Russia,Europe-Ural,RU,424.0,385.33,26.29,2.45,so-ups.ru,false,
2024-02-06 00:00:00,Russia,Europe-Ural,RU,425.95,387.44,25.94,2.4,so-ups.ru,false,
2024-02-06 01:00:00,Russia,Europe-Ural,RU,427.73,388.8,25.64,2.44,so-ups.ru,false,
2024-02-06 02:00:00,Russia,Europe-Ural,RU,429.92,391.31,25.27,3.3,so-ups.ru,false,
2024-02-06 03:00:00,Russia,Europe-Ural,RU,428.15,390.46,25.61,4.82,so-ups.ru,false,
2024-02-06 04:00:00,Russia,Europe-Ural,RU,425.67,387.82,26.0,5.79,so-ups.ru,false,
2024-02-06 05:00:00,Russia,Europe-Ural,RU,423.16,386.09,26.43,6.92,so-ups.ru,false,
2024-02-06 06:00:00,Russia,Europe-Ural,RU,419.4,382.59,27.09,7.67,so-ups.ru,false,
2024-02-06 07:00:00,Russia,Europe-Ural,RU,420.22,383.04,26.95,7.36,so-ups.ru,false,
2024-02-06 08:00:00,Russia,Europe-Ural,RU,422.39,385.1,26.57,6.77,so-ups.ru,false,
2024-02-06 09:00:00,Russia,Europe-Ural,RU,423.25,385.41,26.41,6.4,so-ups.ru,false,
2024-02-06 10:00:00,Russia,Europe-Ural,RU,421.66,383.89,26.68,6.71,so-ups.ru,false,
2024-02-06 11:00:00,Russia,Europe-Ural,RU,421.41,383.05,26.7,6.73,so-ups.ru,false,
2024-02-06 12:00:00,Russia,Europe-Ural,RU,418.72,380.79,27.18,7.28,so-ups.ru,false,
2024-02-06 13:00:00,Russia,Europe-Ural,RU,415.66,378.5,27.72,7.99,so-ups.ru,false,
2024-02-06 14:00:00,Russia,Europe-Ural,RU,415.68,378.91,27.74,8.26,so-ups.ru,false,
2024-02-06 15:00:00,Russia,Europe-Ural,RU,414.64,378.13,27.92,8.26,so-ups.ru,false,
2024-02-06 16:00:00,Russia,Europe-Ural,RU,419.4,382.71,27.13,7.03,so-ups.ru,false,
2024-02-06 17:00:00,Russia,Europe-Ural,RU,421.93,384.52,26.68,6.11,so-ups.ru,false,
2024-02-06 18:00:00,Russia,Europe-Ural,RU,421.25,383.17,26.75,5.57,so-ups.ru,false,
2024-02-06 19:00:00,Russia,Europe-Ural,RU,418.01,379.87,27.28,5.13,so-ups.ru,false,
2024-02-06 20:00:00,Russia,Europe-Ural,RU,416.94,378.83,27.47,4.56,so-ups.ru,false,
2024-02-06 21:00:00,Russia,Europe-Ural,RU,425.37,386.12,26.01,2.44,so-ups.ru,false,
2024-02-06 22:00:00,Russia,Europe-Ural,RU,425.93,386.44,25.9,1.99,so-ups.ru,false,
2024-02-06 23:00:00,Russia,Europe-Ural,RU,427.19,387.51,25.69,1.89,so-ups.ru,false,
2024-02-07 00:00:00,Russia,Europe-Ural,RU,428.0,388.38,25.56,1.93,so-ups.ru,false,
2024-02-07 01:00:00,Russia,Europe-Ural,RU,430.72,391.1,25.09,1.97,so-ups.ru,false,
2024-02-07 02:00:00,Russia,Europe-Ural,RU,430.16,391.57,25.24,3.18,so-ups.ru,false,
2024-02-07 03:00:00,Russia,Europe-Ural,RU,429.44,391.24,25.36,4.33,so-ups.ru,false,
2024-02-07 04:00:00,Russia,Europe-Ural,RU,424.71,387.01,26.19,5.83,so-ups.ru,false,
2024-02-07 05:00:00,Russia,Europe-Ural,RU,421.45,384.12,26.74,7.05,so-ups.ru,false,
2024-02-07 06:00:00,Russia,Europe-Ural,RU,418.31,380.98,27.27,7.6,so-ups.ru,false,
2024-02-07 07:00:00,Russia,Europe-Ural,RU,418.84,381.4,27.17,7.43,so-ups.ru,false,
2024-02-07 08:00:00,Russia,Europe-Ural,RU,422.48,384.19,26.52,6.59,so-ups.ru,false,
2024-02-07 09:00:00,Russia,Europe-Ural,RU,422.53,384.04,26.51,6.62,so-ups.ru,false,
2024-02-07 10:00:00,Russia,Europe-Ural,RU,423.27,384.69,26.38,6.53,so-ups.ru,false,
2024-02-07 11:00:00,Russia,Europe-Ural,RU,423.35,384.79,26.36,6.57,so-ups.ru,false,
2024-02-07 12:00:00,Russia,Europe-Ural,RU,420.82,383.09,26.83,7.18,so-ups.ru,false,
2024-02-07 13:00:00,Russia,Europe-Ural,RU,419.94,382.66,27.0,7.28,so-ups.ru,false,
2024-02-07 14:00:00,Russia,Europe-Ural,RU,417.76,381.57,27.42,8.08,so-ups.ru,false,
2024-02-07 15:00:00,Russia,Europe-Ural,RU,420.24,383.78,26.99,7.41,so-ups.ru,false,
2024-02-07 16:00:00,Russia,Europe-Ural,RU,422.15,384.72,26.63,6.49,so-ups.ru,false,
2024-02-07 17:00:00,Russia,Europe-Ural,RU,424.86,386.9,26.17,5.57,so-ups.ru,false,
2024-02-07 18:00:00,Russia,Europe-Ural,RU,422.75,384.74,26.53,5.26,so-ups.ru,false,
2024-02-07 19:00:00,Russia,Europe-Ural,RU,422.34,383.56,26.55,4.31,so-ups.ru,false,
2024-02-07 20:00:00,Russia,Europe-Ural,RU,416.9,378.73,27.49,4.46,so-ups.ru,false,
2024-02-07 21:00:00,Russia,Europe-Ural,RU,426.32,386.76,25.85,2.39,so-ups.ru,false,
2024-02-07 22:00:00,Russia,Europe-Ural,RU,428.2,388.49,25.53,1.89,so-ups.ru,false,
2024-02-07 23:00:00,Russia,Europe-Ural,RU,428.59,388.76,25.45,1.8,so-ups.ru,false,
2024-02-08 00:00:00,Russia,Europe-Ural,RU,430.2,390.69,25.21,1.83,so-ups.ru,false,
2024-02-08 01:00:00,Russia,Europe-Ural,RU,431.86,392.81,24.94,2.02,so-ups.ru,false,
2024-02-08 02:00:00,Russia,Europe-Ural,RU,430.71,392.36,25.16,3.18,so-ups.ru,false,
2024-02-08 03:00:00,Russia,Europe-Ural,RU,430.11,392.08,25.26,4.29,so-ups.ru,false,
2024-02-08 04:00:00,Russia,Europe-Ural,RU,425.6,387.81,26.02,5.66,so-ups.ru,false,
2024-02-08 05:00:00,Russia,Europe-Ural,RU,423.74,386.43,26.34,6.66,so-ups.ru,false,
2024-02-08 06:00:00,Russia,Europe-Ural,RU,420.67,383.23,26.87,7.33,so-ups.ru,false,
2024-02-08 07:00:00,Russia,Europe-Ural,RU,419.73,382.1,27.0,7.32,so-ups.ru,false,
2024-02-08 08:00:00,Russia,Europe-Ural,RU,422.45,384.49,26.53,6.73,so-ups.ru,false,
2024-02-08 09:00:00,Russia,Europe-Ural,RU,423.29,385.34,26.4,6.48,so-ups.ru,false,
2024-02-08 10:00:00,Russia,Europe-Ural,RU,423.06,384.8,26.42,6.53,so-ups.ru,false,
2024-02-08 11:00:00,Russia,Europe-Ural,RU,423.43,385.05,26.35,6.43,so-ups.ru,false,
2024-02-08 12:00:00,Russia,Europe-Ural,RU,420.5,382.62,26.87,7.03,so-ups.ru,false,
2024-02-08 13:00:00,Russia,Europe-Ural,RU,417.67,380.32,27.37,7.74,so-ups.ru,false,
2024-02-08 14:00:00,Russia,Europe-Ural,RU,416.8,379.58,27.53,7.99,so-ups.ru,false,
2024-02-08 15:00:00,Russia,Europe-Ural,RU,419.84,382.79,27.06,7.36,so-ups.ru,false,
2024-02-08 16:00:00,Russia,Europe-Ural,RU,426.72,389.0,25.89,6.01,so-ups.ru,false,
2024-02-08 17:00:00,Russia,Europe-Ural,RU,425.91,387.57,25.98,5.56,so-ups.ru,false,
2024-02-08 18:00:00,Russia,Europe-Ural,RU,425.17,386.56,26.09,5.03,so-ups.ru,false,
2024-02-08 19:00:00,Russia,Europe-Ural,RU,424.17,385.51,26.29,4.46,so-ups.ru,false,
2024-02-08 20:00:00,Russia,Europe-Ural,RU,419.81,381.59,27.02,4.41,so-ups.ru,false,
2024-02-08 21:00:00,Russia,Europe-Ural,RU,429.06,389.3,25.41,2.45,so-ups.ru,false,
2024-02-08 22:00:00,Russia,Europe-Ural,RU,429.46,389.65,25.31,2.03,so-ups.ru,false,
2024-02-08 23:00:00,Russia,Europe-Ural,RU,429.79,389.98,25.25,1.94,so-ups.ru,false,
2024-02-09 00:00:00,Russia,Europe-Ural,RU,431.07,391.4,25.05,2.03,so-ups.ru,false,
2024-02-09 01:00:00,Russia,Europe-Ural,RU,433.39,393.46,24.63,2.17,so-ups.ru,false,
2024-02-09 02:00:00,Russia,Europe-Ural,RU,432.72,393.34,24.77,3.15,so-ups.ru,false,
2024-02-09 03:00:00,Russia,Europe-Ural,RU,429.97,391.37,25.26,4.81,so-ups.ru,false,
2024-02-09 04:00:00,Russia,Europe-Ural,RU,426.92,388.6,25.76,5.88,so-ups.ru,false,
2024-02-09 05:00:00,Russia,Europe-Ural,RU,423.83,385.97,26.31,7.07,so-ups.ru,false,
2024-02-09 06:00:00,Russia,Europe-Ural,RU,418.97,381.64,27.14,8.02,so-ups.ru,false,
2024-02-09 07:00:00,Russia,Europe-Ural,RU,420.41,382.67,26.86,7.57,so-ups.ru,false,
2024-02-09 08:00:00,Russia,Europe-Ural,RU,424.49,386.09,26.17,6.68,so-ups.ru,false,
2024-02-09 09:00:00,Russia,Europe-Ural,RU,425.61,387.46,25.99,6.46,so-ups.ru,false,
2024-02-09 10:00:00,Russia,Europe-Ural,RU,427.1,388.75,25.74,6.14,so-ups.ru,false,
2024-02-09 11:00:00,Russia,Europe-Ural,RU,427.87,389.2,25.61,5.96,so-ups.ru,false,
2024-02-09 12:00:00,Russia,Europe-Ural,RU,425.96,387.49,25.94,6.24,so-ups.ru,false,
2024-02-09 13:00:00,Russia,Europe-Ural,RU,423.75,385.82,26.32,6.74,so-ups.ru,false,
2024-02-09 14:00:00,Russia,Europe-Ural,RU,420.77,383.19,26.85,7.51,so-ups.ru,false,
2024-02-09 15:00:00,Russia,Europe-Ural,RU,420.41,383.14,26.92,7.5,so-ups.ru,false,
2024-02-09 16:00:00,Russia,Europe-Ural,RU,422.31,384.94,26.61,6.85,so-ups.ru,false,
2024-02-09 17:00:00,Russia,Europe-Ural,RU,422.56,384.72,26.54,6.43,so-ups.ru,false,
2024-02-09 18:00:00,Russia,Europe-Ural,RU,422.87,384.52,26.47,5.74,so-ups.ru,false,
2024-02-09 19:00:00,Russia,Europe-Ural,RU,423.67,384.75,26.31,4.89,so-ups.ru,false,
2024-02-09 20:00:00,Russia,Europe-Ural,RU,428.83,389.63,25.45,3.47,so-ups.ru,false,
2024-02-09 21:00:00,Russia,Europe-Ural,RU,428.86,389.1,25.4,2.64,so-ups.ru,false,
2024-02-09 22:00:00,Russia,Europe-Ural,RU,430.2,390.63,25.21,2.34,so-ups.ru,false,
2024-02-09 23:00:00,Russia,Europe-Ural,RU,429.39,390.13,25.36,2.33,so-ups.ru,false,
2024-02-10 00:00:00,Russia,Europe-Ural,RU,428.7,388.96,25.42,2.32,so-ups.ru,false,
2024-02-10 01:00:00,Russia,Europe-Ural,RU,429.01,390.14,25.43,2.58,so-ups.ru,false,
2024-02-10 02:00:00,Russia,Europe-Ural,RU,428.59,389.49,25.49,3.2,so-ups.ru,false,
2024-02-10 03:00:00,Russia,Europe-Ural,RU,426.38,387.73,25.88,4.23,so-ups.ru,false,
2024-02-10 04:00:00,Russia,Europe-Ural,RU,428.78,389.34,25.42,4.39,so-ups.ru,false,
2024-02-10 05:00:00,Russia,Europe-Ural,RU,426.05,387.32,25.91,5.46,so-ups.ru,false,
2024-02-10 06:00:00,Russia,Europe-Ural,RU,421.92,383.55,26.62,6.63,so-ups.ru,false,
2024-02-10 07:00:00,Russia,Europe-Ural,RU,421.98,383.7,26.62,6.77,so-ups.ru,false,
2024-02-10 08:00:00,Russia,Europe-Ural,RU,421.7,383.36,26.65,6.73,so-ups.ru,false,
2024-02-10 09:00:00,Russia,Europe-Ural,RU,423.65,384.99,26.32,6.16,so-ups.ru,false,
2024-02-10 10:00:00,Russia,Europe-Ural,RU,424.26,385.9,26.24,6.05,so-ups.ru,false,
2024-02-10 11:00:00,Russia,Europe-Ural,RU,424.56,386.22,26.19,5.83,so-ups.ru,false,
2024-02-10 12:00:00,Russia,Europe-Ural,RU,420.88,382.72,26.81,6.6,so-ups.ru,false,
2024-02-10 13:00:00,Russia,Europe-Ural,RU,419.56,381.92,27.07,7.09,so-ups.ru,false,
2024-02-10 14:00:00,Russia,Europe-Ural,RU,415.7,378.42,27.72,8.13,so-ups.ru,false,
2024-02-10 15:00:00,Russia,Europe-Ural,RU,417.73,380.78,27.4,7.79,so-ups.ru,false,
2024-02-10 16:00:00,Russia,Europe-Ural,RU,419.47,382.37,27.12,7.16,so-ups.ru,false,
2024-02-10 17:00:00,Russia,Europe-Ural,RU,423.54,385.84,26.42,6.09,so-ups.ru,false,
2024-02-10 18:00:00,Russia,Europe-Ural,RU,421.86,383.77,26.65,5.71,so-ups.ru,false,
2024-02-10 19:00:00,Russia,Europe-Ural,RU,422.21,384.01,26.6,5.1,so-ups.ru,false,
2024-02-10 20:00:00,Russia,Europe-Ural,RU,427.35,388.1,25.67,3.63,so-ups.ru,false,
2024-02-10 21:00:00,Russia,Europe-Ural,RU,428.85,389.39,25.44,2.77,so-ups.ru,false,
2024-02-10 22:00:00,Russia,Europe-Ural,RU,429.66,390.5,25.32,2.42,so-ups.ru,false,
2024-02-10 23:00:00,Russia,Europe-Ural,RU,429.18,390.89,25.47,2.5,so-ups.ru,false,
2024-02-11 00:00:00,Russia,Europe-Ural,RU,429.2,390.27,25.39,2.34,so-ups.ru,false,
2024-02-11 01:00:00,Russia,Europe-Ural,RU,428.89,390.39,25.49,2.6,so-ups.ru,false,
2024-02-11 02:00:00,Russia,Europe-Ural,RU,427.2,389.33,25.82,3.27,so-ups.ru,false,
2024-02-11 03:00:00,Russia,Europe-Ural,RU,424.24,386.64,26.32,4.44,so-ups.ru,false,
2024-02-11 04:00:00,Russia,Europe-Ural,RU,425.78,387.94,26.04,4.68,so-ups.ru,false,
2024-02-11 05:00:00,Russia,Europe-Ural,RU,424.62,386.54,26.19,5.25,so-ups.ru,false,
2024-02-11 06:00:00,Russia,Europe-Ural,RU,421.24,383.75,26.79,6.2,so-ups.ru,false,
2024-02-11 07:00:00,Russia,Europe-Ural,RU,421.61,384.22,26.75,6.52,so-ups.ru,false,
2024-02-11 08:00:00,Russia,Europe-Ural,RU,420.92,383.07,26.81,6.49,so-ups.ru,false,
2024-02-11 09:00:00,Russia,Europe-Ural,RU,421.77,383.62,26.63,6.11,so-ups.ru,false,
2024-02-11 10:00:00,Russia,Europe-Ural,RU,422.24,384.39,26.58,6.05,so-ups.ru,false,
2024-02-11 11:00:00,Russia,Europe-Ural,RU,421.59,383.8,26.73,6.28,so-ups.ru,false,
2024-02-11 12:00:00,Russia,Europe-Ural,RU,419.76,382.25,27.03,6.63,so-ups.ru,false,
2024-02-11 13:00:00,Russia,Europe-Ural,RU,418.17,380.91,27.33,7.29,so-ups.ru,false,
2024-02-11 14:00:00,Russia,Europe-Ural,RU,416.61,379.75,27.57,7.89,so-ups.ru,false,
2024-02-11 15:00:00,Russia,Europe-Ural,RU,415.72,379.3,27.76,8.07,so-ups.ru,false,
2024-02-11 16:00:00,Russia,Europe-Ural,RU,417.45,381.26,27.49,7.59,so-ups.ru,false,
2024-02-11 17:00:00,Russia,Europe-Ural,RU,421.31,384.08,26.81,6.32,so-ups.ru,false,
2024-02-11 18:00:00,Russia,Europe-Ural,RU,423.0,385.05,26.44,5.21,so-ups.ru,false,
2024-02-11 19:00:00,Russia,Europe-Ural,RU,419.92,381.99,26.98,5.01,so-ups.ru,false,
2024-02-11 20:00:00,Russia,Europe-Ural,RU,423.3,384.42,26.35,3.63,so-ups.ru,false,
2024-02-11 21:00:00,Russia,Europe-Ural,RU,427.55,388.03,25.64,2.59,so-ups.ru,false,
2024-02-11 22:00:00,Russia,Europe-Ural,RU,425.96,386.59,25.91,2.56,so-ups.ru,false,
2024-02-11 23:00:00,Russia,Europe-Ural,RU,425.41,386.32,26.02,2.57,so-ups.ru,false,
2024-02-12 00:00:00,Russia,Europe-Ural,RU,428.22,389.86,25.6,2.55,so-ups.ru,false,
2024-02-12 01:00:00,Russia,Europe-Ural,RU,430.38,391.84,25.23,2.65,so-ups.ru,false,
2024-02-12 02:00:00,Russia,Europe-Ural,RU,431.82,393.81,24.97,3.32,so-ups.ru,false,
2024-02-12 03:00:00,Russia,Europe-Ural,RU,430.87,393.33,25.13,4.55,so-ups.ru,false,
2024-02-12 04:00:00,Russia,Europe-Ural,RU,428.27,391.27,25.6,5.78,so-ups.ru,false,
2024-02-12 05:00:00,Russia,Europe-Ural,RU,424.81,387.91,26.16,6.85,so-ups.ru,false,
2024-02-12 06:00:00,Russia,Europe-Ural,RU,420.9,384.21,26.83,7.7,so-ups.ru,false,
2024-02-12 07:00:00,Russia,Europe-Ural,RU,421.08,383.89,26.8,7.55,so-ups.ru,false,
2024-02-12 08:00:00,Russia,Europe-Ural,RU,423.25,385.52,26.43,7.07,so-ups.ru,false,
2024-02-12 09:00:00,Russia,Europe-Ural,RU,426.21,388.28,25.93,6.4,so-ups.ru,false,
2024-02-12 10:00:00,Russia,Europe-Ural,RU,426.72,388.85,25.85,6.36,so-ups.ru,false,
2024-02-12 11:00:00,Russia,Europe-Ural,RU,428.13,390.05,25.61,6.1,so-ups.ru,false,
2024-02-12 12:00:00,Russia,Europe-Ural,RU,424.45,386.29,26.22,6.75,so-ups.ru,false,
2024-02-12 13:00:00,Russia,Europe-Ural,RU,423.68,385.48,26.34,6.87,so-ups.ru,false,
2024-02-12 14:00:00,Russia,Europe-Ural,RU,419.55,382.0,27.07,7.85,so-ups.ru,false,
2024-02-12 15:00:00,Russia,Europe-Ural,RU,422.5,385.22,26.6,7.23,so-ups.ru,false,
2024-02-12 16:00:00,Russia,Europe-Ural,RU,424.09,386.81,26.36,6.57,so-ups.ru,false,
2024-02-12 17:00:00,Russia,Europe-Ural,RU,427.91,389.86,25.68,5.4,so-ups.ru,false,
2024-02-12 18:00:00,Russia,Europe-Ural,RU,425.46,386.44,26.02,5.0,so-ups.ru,false,
2024-02-12 19:00:00,Russia,Europe-Ural,RU,421.11,382.49,26.78,4.86,so-ups.ru,false,
2024-02-12 20:00:00,Russia,Europe-Ural,RU,423.4,384.5,26.4,3.77,so-ups.ru,false,
2024-02-12 21:00:00,Russia,Europe-Ural,RU,427.18,387.62,25.73,2.76,so-ups.ru,false,
2024-02-12 22:00:00,Russia,Europe-Ural,RU,427.1,387.65,25.74,2.55,so-ups.ru,false,
2024-02-12 23:00:00,Russia,Europe-Ural,RU,426.8,387.49,25.77,2.47,so-ups.ru,false,
2024-02-13 00:00:00,Russia,Europe-Ural,RU,429.41,391.0,25.4,2.44,so-ups.ru,false,
2024-02-13 01:00:00,Russia,Europe-Ural,RU,432.36,394.42,24.96,2.69,so-ups.ru,false,
2024-02-13 02:00:00,Russia,Europe-Ural,RU,432.93,394.95,24.83,3.45,so-ups.ru,false,
2024-02-13 03:00:00,Russia,Europe-Ural,RU,430.96,392.92,25.11,4.68,so-ups.ru,false,
2024-02-13 04:00:00,Russia,Europe-Ural,RU,427.95,389.95,25.62,5.72,so-ups.ru,false,
2024-02-13 05:00:00,Russia,Europe-Ural,RU,425.23,388.23,26.14,6.83,so-ups.ru,false,
2024-02-13 06:00:00,Russia,Europe-Ural,RU,419.89,383.43,27.05,7.99,so-ups.ru,false,
2024-02-13 07:00:00,Russia,Europe-Ural,RU,420.38,383.7,26.98,7.78,so-ups.ru,false,
2024-02-13 08:00:00,Russia,Europe-Ural,RU,423.17,385.31,26.44,7.0,so-ups.ru,false,
2024-02-13 09:00:00,Russia,Europe-Ural,RU,426.28,388.87,25.94,6.51,so-ups.ru,false,
2024-02-13 10:00:00,Russia,Europe-Ural,RU,425.22,388.08,26.02,6.43,so-ups.ru,false,
2024-02-13 11:00:00,Russia,Europe-Ural,RU,426.84,389.39,25.85,6.4,so-ups.ru,false,
2024-02-13 12:00:00,Russia,Europe-Ural,RU,424.57,387.26,26.23,6.84,so-ups.ru,false,
2024-02-13 13:00:00,Russia,Europe-Ural,RU,421.79,385.2,26.74,7.37,so-ups.ru,false,
2024-02-13 14:00:00,Russia,Europe-Ural,RU,418.94,382.52,27.21,8.13,so-ups.ru,false,
2024-02-13 15:00:00,Russia,Europe-Ural,RU,421.11,384.77,26.87,7.63,so-ups.ru,false,
2024-02-13 16:00:00,Russia,Europe-Ural,RU,424.36,387.65,26.33,6.71,so-ups.ru,false,
2024-02-13 17:00:00,Russia,Europe-Ural,RU,425.06,388.04,26.21,6.19,so-ups.ru,false,
2024-02-13 18:00:00,Russia,Europe-Ural,RU,423.82,386.17,26.39,5.66,so-ups.ru,false,
2024-02-13 19:00:00,Russia,Europe-Ural,RU,423.51,385.7,26.44,4.95,so-ups.ru,false,
2024-02-13 20:00:00,Russia,Europe-Ural,RU,427.22,388.22,25.75,3.43,so-ups.ru,false,
2024-02-13 21:00:00,Russia,Europe-Ural,RU,429.25,390.07,25.42,2.63,so-ups.ru,false,
2024-02-13 22:00:00,Russia,Europe-Ural,RU,428.17,389.3,25.62,2.53,so-ups.ru,false,
2024-02-13 23:00:00,Russia,Europe-Ural,RU,427.99,388.66,25.62,2.34,so-ups.ru,false,
2024-02-14 00:00:00,Russia,Europe-Ural,RU,429.29,390.09,25.38,2.31,so-ups.ru,false,
2024-02-14 01:00:00,Russia,Europe-Ural,RU,430.28,391.21,25.21,2.7,so-ups.ru,false,
2024-02-14 02:00:00,Russia,Europe-Ural,RU,431.87,393.07,24.96,3.49,so-ups.ru,false,
2024-02-14 03:00:00,Russia,Europe-Ural,RU,431.05,392.49,25.09,4.69,so-ups.ru,false,
2024-02-14 04:00:00,Russia,Europe-Ural,RU,430.53,392.5,25.16,5.51,so-ups.ru,false,
2024-02-14 05:00:00,Russia,Europe-Ural,RU,425.02,388.06,26.12,7.16,so-ups.ru,false,
2024-02-14 06:00:00,Russia,Europe-Ural,RU,420.36,383.2,26.93,7.95,so-ups.ru,false,
2024-02-14 07:00:00,Russia,Europe-Ural,RU,421.2,383.73,26.77,7.59,so-ups.ru,false,
2024-02-14 08:00:00,Russia,Europe-Ural,RU,426.02,388.43,25.96,6.8,so-ups.ru,false,
2024-02-14 09:00:00,Russia,Europe-Ural,RU,427.85,389.81,25.64,6.34,so-ups.ru,false,
2024-02-14 10:00:00,Russia,Europe-Ural,RU,428.45,390.34,25.53,6.13,so-ups.ru,false,
2024-02-14 11:00:00,Russia,Europe-Ural,RU,428.42,390.26,25.54,6.14,so-ups.ru,false,
2024-02-14 12:00:00,Russia,Europe-Ural,RU,426.37,388.48,25.9,6.57,so-ups.ru,false,
2024-02-14 13:00:00,Russia,Europe-Ural,RU,424.46,386.68,26.23,6.94,so-ups.ru,false,
2024-02-14 14:00:00,Russia,Europe-Ural,RU,422.42,385.29,26.6,7.58,so-ups.ru,false,
2024-02-14 15:00:00,Russia,Europe-Ural,RU,423.86,386.93,26.38,7.26,so-ups.ru,false,
2024-02-14 16:00:00,Russia,Europe-Ural,RU,427.33,389.95,25.79,6.27,so-ups.ru,false,
2024-02-14 17:00:00,Russia,Europe-Ural,RU,428.06,390.26,25.66,5.61,so-ups.ru,false,
2024-02-14 18:00:00,Russia,Europe-Ural,RU,427.42,389.26,25.76,5.07,so-ups.ru,false,
2024-02-14 19:00:00,Russia,Europe-Ural,RU,422.55,384.26,26.56,4.95,so-ups.ru,false,
2024-02-14 20:00:00,Russia,Europe-Ural,RU,425.3,386.61,26.09,3.77,so-ups.ru,false,
2024-02-14 21:00:00,Russia,Europe-Ural,RU,430.37,391.31,25.24,2.5,so-ups.ru,false,
2024-02-14 22:00:00,Russia,Europe-Ural,RU,427.93,389.03,25.65,2.48,so-ups.ru,false,
2024-02-14 23:00:00,Russia,Europe-Ural,RU,428.98,390.14,25.47,2.34,so-ups.ru,false,
2024-02-15 00:00:00,Russia,Europe-Ural,RU,430.3,391.19,25.23,2.38,so-ups.ru,false,
2024-02-15 01:00:00,Russia,Europe-Ural,RU,433.24,393.43,24.69,2.36,so-ups.ru,false,
2024-02-15 02:00:00,Russia,Europe-Ural,RU,435.77,396.32,24.27,2.97,so-ups.ru,false,
2024-02-15 03:00:00,Russia,Europe-Ural,RU,433.0,394.73,24.77,4.52,so-ups.ru,false,
2024-02-15 04:00:00,Russia,Europe-Ural,RU,430.14,392.56,25.27,5.77,so-ups.ru,false,
2024-02-15 05:00:00,Russia,Europe-Ural,RU,425.5,389.06,26.11,7.22,so-ups.ru,false,
2024-02-15 06:00:00,Russia,Europe-Ural,RU,421.02,384.67,26.86,8.09,so-ups.ru,false,
2024-02-15 07:00:00,Russia,Europe-Ural,RU,424.02,387.21,26.35,7.43,so-ups.ru,false,
2024-02-15 08:00:00,Russia,Europe-Ural,RU,425.06,387.75,26.15,7.03,so-ups.ru,false,
2024-02-15 09:00:00,Russia,Europe-Ural,RU,426.33,388.97,25.94,6.77,so-ups.ru,false,
2024-02-15 10:00:00,Russia,Europe-Ural,RU,427.93,390.59,25.67,6.63,so-ups.ru,false,
2024-02-15 11:00:00,Russia,Europe-Ural,RU,427.97,390.82,25.68,6.65,so-ups.ru,false,
2024-02-15 12:00:00,Russia,Europe-Ural,RU,426.77,389.73,25.89,6.9,so-ups.ru,false,
2024-02-15 13:00:00,Russia,Europe-Ural,RU,426.42,389.47,25.95,6.92,so-ups.ru,false,
2024-02-15 14:00:00,Russia,Europe-Ural,RU,423.81,387.23,26.4,7.55,so-ups.ru,false,
2024-02-15 15:00:00,Russia,Europe-Ural,RU,423.7,387.2,26.44,7.5,so-ups.ru,false,
2024-02-15 16:00:00,Russia,Europe-Ural,RU,425.99,389.17,26.05,6.71,so-ups.ru,false,
2024-02-15 17:00:00,Russia,Europe-Ural,RU,427.87,390.33,25.73,5.94,so-ups.ru,false,
2024-02-15 18:00:00,Russia,Europe-Ural,RU,427.28,389.21,25.79,5.35,so-ups.ru,false,
2024-02-15 19:00:00,Russia,Europe-Ural,RU,427.36,388.54,25.74,4.51,so-ups.ru,false,
2024-02-15 20:00:00,Russia,Europe-Ural,RU,429.25,390.2,25.4,3.47,so-ups.ru,false,
2024-02-15 21:00:00,Russia,Europe-Ural,RU,429.59,390.54,25.34,2.79,so-ups.ru,false,
2024-02-15 22:00:00,Russia,Europe-Ural,RU,429.68,391.36,25.4,2.79,so-ups.ru,false,
2024-02-15 23:00:00,Russia,Europe-Ural,RU,430.12,391.79,25.29,2.56,so-ups.ru,false,
2024-02-16 00:00:00,Russia,Europe-Ural,RU,429.91,391.31,25.32,2.73,so-ups.ru,false,
2024-02-16 01:00:00,Russia,Europe-Ural,RU,433.78,394.94,24.65,2.64,so-ups.ru,false,
2024-02-16 02:00:00,Russia,Europe-Ural,RU,436.01,397.51,24.27,3.14,so-ups.ru,false,
2024-02-16 03:00:00,Russia,Europe-Ural,RU,431.09,392.95,25.09,4.84,so-ups.ru,false,
2024-02-16 04:00:00,Russia,Europe-Ural,RU,429.65,392.27,25.37,5.84,so-ups.ru,false,
2024-02-16 05:00:00,Russia,Europe-Ural,RU,425.58,388.72,26.07,7.1,so-ups.ru,false,
2024-02-16 06:00:00,Russia,Europe-Ural,RU,422.49,385.99,26.59,7.8,so-ups.ru,false,
2024-02-16 07:00:00,Russia,Europe-Ural,RU,422.6,385.94,26.59,7.71,so-ups.ru,false,
2024-02-16 08:00:00,Russia,Europe-Ural,RU,424.98,387.86,26.16,7.19,so-ups.ru,false,
2024-02-16 09:00:00,Russia,Europe-Ural,RU,426.48,389.18,25.9,6.92,so-ups.ru,false,
2024-02-16 10:00:00,Russia,Europe-Ural,RU,428.91,391.53,25.49,6.52,so-ups.ru,false,
2024-02-16 11:00:00,Russia,Europe-Ural,RU,429.68,391.89,25.35,6.26,so-ups.ru,false,
2024-02-16 12:00:00,Russia,Europe-Ural,RU,430.15,392.6,25.29,6.25,so-ups.ru,false,
2024-02-16 13:00:00,Russia,Europe-Ural,RU,429.61,392.27,25.39,6.39,so-ups.ru,false,
2024-02-16 14:00:00,Russia,Europe-Ural,RU,426.53,389.38,25.92,7.09,so-ups.ru,false,
2024-02-16 15:00:00,Russia,Europe-Ural,RU,426.74,389.67,25.9,6.99,so-ups.ru,false,
2024-02-16 16:00:00,Russia,Europe-Ural,RU,430.11,392.37,25.33,5.99,so-ups.ru,false,
2024-02-16 17:00:00,Russia,Europe-Ural,RU,430.81,393.09,25.22,5.39,so-ups.ru,false,
2024-02-16 18:00:00,Russia,Europe-Ural,RU,430.79,392.77,25.21,4.77,so-ups.ru,false,
2024-02-16 19:00:00,Russia,Europe-Ural,RU,426.96,389.13,25.87,4.77,so-ups.ru,false,
2024-02-16 20:00:00,Russia,Europe-Ural,RU,424.35,386.24,26.29,4.44,so-ups.ru,false,
2024-02-16 21:00:00,Russia,Europe-Ural,RU,428.22,389.13,25.58,2.97,so-ups.ru,false,
2024-02-16 22:00:00,Russia,Europe-Ural,RU,430.11,392.17,25.36,2.77,so-ups.ru,false,
2024-02-16 23:00:00,Russia,Europe-Ural,RU,430.15,392.07,25.37,2.75,so-ups.ru,false,
2024-02-17 00:00:00,Russia,Europe-Ural,RU,430.69,391.92,25.19,2.46,so-ups.ru,false,
2024-02-17 01:00:00,Russia,Europe-Ural,RU,431.37,393.65,25.13,2.84,so-ups.ru,false,
2024-02-17 02:00:00,Russia,Europe-Ural,RU,430.47,392.95,25.29,3.49,so-ups.ru,false,
2024-02-17 03:00:00,Russia,Europe-Ural,RU,426.21,388.84,26.0,4.79,so-ups.ru,false,
2024-02-17 04:00:00,Russia,Europe-Ural,RU,428.73,391.46,25.58,4.94,so-ups.ru,false,
2024-02-17 05:00:00,Russia,Europe-Ural,RU,426.87,389.97,25.89,5.97,so-ups.ru,false,
2024-02-17 06:00:00,Russia,Europe-Ural,RU,422.91,386.43,26.57,7.09,so-ups.ru,false,
2024-02-17 07:00:00,Russia,Europe-Ural,RU,424.58,388.04,26.3,6.92,so-ups.ru,false,
2024-02-17 08:00:00,Russia,Europe-Ural,RU,424.57,387.41,26.27,6.81,so-ups.ru,false,
2024-02-17 09:00:00,Russia,Europe-Ural,RU,426.62,389.6,25.94,6.49,so-ups.ru,false,
2024-02-17 10:00:00,Russia,Europe-Ural,RU,425.65,388.54,26.1,6.48,so-ups.ru,false,
2024-02-17 11:00:00,Russia,Europe-Ural,RU,425.93,389.11,26.06,6.55,so-ups.ru,false,
2024-02-17 12:00:00,Russia,Europe-Ural,RU,424.81,388.06,26.25,6.81,so-ups.ru,false,
2024-02-17 13:00:00,Russia,Europe-Ural,RU,423.79,386.98,26.42,7.12,so-ups.ru,false,
2024-02-17 14:00:00,Russia,Europe-Ural,RU,422.19,386.0,26.7,7.63,so-ups.ru,false,
2024-02-17 15:00:00,Russia,Europe-Ural,RU,420.41,384.6,27.03,7.82,so-ups.ru,false,
2024-02-17 16:00:00,Russia,Europe-Ural,RU,425.97,389.2,26.07,6.43,so-ups.ru,false,
2024-02-17 17:00:00,Russia,Europe-Ural,RU,429.63,392.17,25.45,5.49,so-ups.ru,false,
2024-02-17 18:00:00,Russia,Europe-Ural,RU,430.86,392.68,25.2,4.64,so-ups.ru,false,
2024-02-17 19:00:00,Russia,Europe-Ural,RU,429.41,390.96,25.43,4.31,so-ups.ru,false,
2024-02-17 20:00:00,Russia,Europe-Ural,RU,425.68,387.74,26.08,4.27,so-ups.ru,false,
2024-02-17 21:00:00,Russia,Europe-Ural,RU,428.26,390.48,25.68,3.27,so-ups.ru,false,
2024-02-17 22:00:00,Russia,Europe-Ural,RU,430.29,392.88,25.39,2.82,so-ups.ru,false,
2024-02-17 23:00:00,Russia,Europe-Ural,RU,428.89,391.53,25.65,2.82,so-ups.ru,false,
2024-02-18 00:00:00,Russia,Europe-Ural,RU,429.13,391.61,25.52,2.65,so-ups.ru,false,
2024-02-18 01:00:00,Russia,Europe-Ural,RU,430.09,392.61,25.39,2.79,so-ups.ru,false,
2024-02-18 02:00:00,Russia,Europe-Ural,RU,429.5,392.14,25.49,3.44,so-ups.ru,false,
2024-02-18 03:00:00,Russia,Europe-Ural,RU,424.99,387.93,26.23,4.76,so-ups.ru,false,
2024-02-18 04:00:00,Russia,Europe-Ural,RU,426.25,389.35,26.02,5.12,so-ups.ru,false,
2024-02-18 05:00:00,Russia,Europe-Ural,RU,427.56,390.93,25.79,5.4,so-ups.ru,false,
2024-02-18 06:00:00,Russia,Europe-Ural,RU,424.25,387.86,26.37,6.5,so-ups.ru,false,
2024-02-18 07:00:00,Russia,Europe-Ural,RU,424.14,387.86,26.42,6.65,so-ups.ru,false,
2024-02-18 08:00:00,Russia,Europe-Ural,RU,423.29,386.38,26.51,6.68,so-ups.ru,false,
2024-02-18 09:00:00,Russia,Europe-Ural,RU,425.07,388.56,26.24,6.49,so-ups.ru,false,
2024-02-18 10:00:00,Russia,Europe-Ural,RU,426.56,389.64,25.96,6.17,so-ups.ru,false,
2024-02-18 11:00:00,Russia,Europe-Ural,RU,426.65,389.86,25.96,6.21,so-ups.ru,false,
2024-02-18 12:00:00,Russia,Europe-Ural,RU,423.38,387.13,26.55,6.83,so-ups.ru,false,
2024-02-18 13:00:00,Russia,Europe-Ural,RU,423.81,387.32,26.46,7.02,so-ups.ru,false,
2024-02-18 14:00:00,Russia,Europe-Ural,RU,418.52,382.57,27.34,8.23,so-ups.ru,false,
2024-02-18 15:00:00,Russia,Europe-Ural,RU,418.08,382.47,27.46,8.36,so-ups.ru,false,
2024-02-18 16:00:00,Russia,Europe-Ural,RU,419.33,383.87,27.28,7.83,so-ups.ru,false,
2024-02-18 17:00:00,Russia,Europe-Ural,RU,425.15,388.74,26.28,6.39,so-ups.ru,false,
2024-02-18 18:00:00,Russia,Europe-Ural,RU,427.61,390.43,25.79,5.35,so-ups.ru,false,
2024-02-18 19:00:00,Russia,Europe-Ural,RU,426.87,389.59,25.92,4.88,so-ups.ru,false,
2024-02-18 20:00:00,Russia,Europe-Ural,RU,425.56,388.28,26.15,4.37,so-ups.ru,false,
2024-02-18 21:00:00,Russia,Europe-Ural,RU,429.1,391.39,25.54,3.08,so-ups.ru,false,
2024-02-18 22:00:00,Russia,Europe-Ural,RU,430.14,392.61,25.36,2.71,so-ups.ru,false,
2024-02-18 23:00:00,Russia,Europe-Ural,RU,430.15,392.82,25.37,2.7,so-ups.ru,false,
2024-02-19 00:00:00,Russia,Europe-Ural,RU,430.71,392.55,25.21,2.69,so-ups.ru,false,
2024-02-19 01:00:00,Russia,Europe-Ural,RU,432.54,394.19,24.87,2.81,so-ups.ru,false,
2024-02-19 02:00:00,Russia,Europe-Ural,RU,433.61,395.9,24.73,3.53,so-ups.ru,false,
2024-02-19 03:00:00,Russia,Europe-Ural,RU,432.74,394.85,24.85,4.76,so-ups.ru,false,
2024-02-19 04:00:00,Russia,Europe-Ural,RU,431.87,394.02,24.99,5.63,so-ups.ru,false,
2024-02-19 05:00:00,Russia,Europe-Ural,RU,426.18,389.18,25.97,7.28,so-ups.ru,false,
2024-02-19 06:00:00,Russia,Europe-Ural,RU,420.64,384.75,26.94,8.35,so-ups.ru,false,
2024-02-19 07:00:00,Russia,Europe-Ural,RU,425.25,388.8,26.16,7.64,so-ups.ru,false,
2024-02-19 08:00:00,Russia,Europe-Ural,RU,427.65,390.56,25.73,7.0,so-ups.ru,false,
2024-02-19 09:00:00,Russia,Europe-Ural,RU,429.01,391.7,25.48,6.63,so-ups.ru,false,
2024-02-19 10:00:00,Russia,Europe-Ural,RU,430.03,392.43,25.3,6.37,so-ups.ru,false,
2024-02-19 11:00:00,Russia,Europe-Ural,RU,431.51,393.59,25.04,6.09,so-ups.ru,false,
2024-02-19 12:00:00,Russia,Europe-Ural,RU,427.99,390.59,25.66,6.73,so-ups.ru,false,
2024-02-19 13:00:00,Russia,Europe-Ural,RU,426.85,389.46,25.85,6.88,so-ups.ru,false,
2024-02-19 14:00:00,Russia,Europe-Ural,RU,424.79,388.15,26.23,7.63,so-ups.ru,false,
2024-02-19 15:00:00,Russia,Europe-Ural,RU,424.07,387.38,26.38,7.62,so-ups.ru,false,
2024-02-19 16:00:00,Russia,Europe-Ural,RU,426.53,389.77,25.98,6.79,so-ups.ru,false,
2024-02-19 17:00:00,Russia,Europe-Ural,RU,430.76,393.15,25.25,5.73,so-ups.ru,false,
2024-02-19 18:00:00,Russia,Europe-Ural,RU,430.27,392.15,25.29,5.18,so-ups.ru,false,
2024-02-19 19:00:00,Russia,Europe-Ural,RU,427.0,389.0,25.87,4.67,so-ups.ru,false,
2024-02-19 20:00:00,Russia,Europe-Ural,RU,424.13,386.86,26.38,4.52,so-ups.ru,false,
2024-02-19 21:00:00,Russia,Europe-Ural,RU,427.87,390.37,25.76,3.1,so-ups.ru,false,
2024-02-19 22:00:00,Russia,Europe-Ural,RU,430.25,392.87,25.36,2.57,so-ups.ru,false,
2024-02-19 23:00:00,Russia,Europe-Ural,RU,429.77,392.09,25.4,2.5,so-ups.ru,false,
2024-02-20 00:00:00,Russia,Europe-Ural,RU,430.6,392.36,25.22,2.47,so-ups.ru,false,
2024-02-20 01:00:00,Russia,Europe-Ural,RU,432.41,394.38,24.93,2.72,so-ups.ru,false,
2024-02-20 02:00:00,Russia,Europe-Ural,RU,434.76,396.6,24.52,3.26,so-ups.ru,false,
2024-02-20 03:00:00,Russia,Europe-Ural,RU,432.97,395.45,24.83,4.66,so-ups.ru,false,
2024-02-20 04:00:00,Russia,Europe-Ural,RU,430.95,393.49,25.17,5.5,so-ups.ru,false,
2024-02-20 05:00:00,Russia,Europe-Ural,RU,425.41,388.92,26.12,7.06,so-ups.ru,false,
2024-02-20 06:00:00,Russia,Europe-Ural,RU,421.16,385.09,26.86,7.95,so-ups.ru,false,
2024-02-20 07:00:00,Russia,Europe-Ural,RU,421.78,385.51,26.77,7.73,so-ups.ru,false,
2024-02-20 08:00:00,Russia,Europe-Ural,RU,425.79,388.92,26.07,6.62,so-ups.ru,false,
2024-02-20 09:00:00,Russia,Europe-Ural,RU,425.13,388.09,26.16,6.52,so-ups.ru,false,
2024-02-20 10:00:00,Russia,Europe-Ural,RU,426.49,389.38,25.93,6.27,so-ups.ru,false,
2024-02-20 11:00:00,Russia,Europe-Ural,RU,425.68,388.68,26.07,6.42,so-ups.ru,false,
2024-02-20 12:00:00,Russia,Europe-Ural,RU,423.99,386.67,26.34,6.61,so-ups.ru,false,
2024-02-20 13:00:00,Russia,Europe-Ural,RU,423.0,385.87,26.52,6.9,so-ups.ru,false,
2024-02-20 14:00:00,Russia,Europe-Ural,RU,420.75,384.18,26.92,7.52,so-ups.ru,false,
2024-02-20 15:00:00,Russia,Europe-Ural,RU,418.63,382.62,27.32,7.82,so-ups.ru,false,
2024-02-20 16:00:00,Russia,Europe-Ural,RU,422.66,386.12,26.64,6.72,so-ups.ru,false,
2024-02-20 17:00:00,Russia,Europe-Ural,RU,423.07,386.25,26.57,6.1,so-ups.ru,false,
2024-02-20 18:00:00,Russia,Europe-Ural,RU,423.51,386.66,26.48,5.38,so-ups.ru,false,
2024-02-20 19:00:00,Russia,Europe-Ural,RU,423.16,385.83,26.56,4.57,so-ups.ru,false,
2024-02-20 20:00:00,Russia,Europe-Ural,RU,421.5,383.85,26.77,4.11,so-ups.ru,false,
2024-02-20 21:00:00,Russia,Europe-Ural,RU,425.65,387.48,26.08,2.82,so-ups.ru,false,
2024-02-20 22:00:00,Russia,Europe-Ural,RU,426.94,389.01,25.88,2.42,so-ups.ru,false,
2024-02-20 23:00:00,Russia,Europe-Ural,RU,427.19,389.46,25.85,2.45,so-ups.ru,false,
2024-02-21 00:00:00,Russia,Europe-Ural,RU,428.12,390.47,25.66,2.38,so-ups.ru,false,
2024-02-21 01:00:00,Russia,Europe-Ural,RU,430.7,393.25,25.22,2.54,so-ups.ru,false,
2024-02-21 02:00:00,Russia,Europe-Ural,RU,431.57,393.82,25.02,3.19,so-ups.ru,false,
2024-02-21 03:00:00,Russia,Europe-Ural,RU,430.5,393.09,25.23,4.51,so-ups.ru,false,
2024-02-21 04:00:00,Russia,Europe-Ural,RU,427.71,390.68,25.7,5.56,so-ups.ru,false,
2024-02-21 05:00:00,Russia,Europe-Ural,RU,422.78,386.54,26.57,6.96,so-ups.ru,false,
2024-02-21 06:00:00,Russia,Europe-Ural,RU,418.49,382.85,27.33,7.98,so-ups.ru,false,
2024-02-21 07:00:00,Russia,Europe-Ural,RU,418.42,382.66,27.31,7.8,so-ups.ru,false,
2024-02-21 08:00:00,Russia,Europe-Ural,RU,422.37,385.89,26.62,6.78,so-ups.ru,false,
2024-02-21 09:00:00,Russia,Europe-Ural,RU,423.28,387.01,26.5,6.6,so-ups.ru,false,
2024-02-21 10:00:00,Russia,Europe-Ural,RU,424.19,387.97,26.36,6.48,so-ups.ru,false,
2024-02-21 11:00:00,Russia,Europe-Ural,RU,423.86,387.41,26.4,6.52,so-ups.ru,false,
2024-02-21 12:00:00,Russia,Europe-Ural,RU,422.37,386.12,26.67,6.81,so-ups.ru,false,
2024-02-21 13:00:00,Russia,Europe-Ural,RU,421.65,385.55,26.79,6.97,so-ups.ru,false,
2024-02-21 14:00:00,Russia,Europe-Ural,RU,419.74,384.06,27.15,7.58,so-ups.ru,false,
2024-02-21 15:00:00,Russia,Europe-Ural,RU,419.27,383.36,27.23,7.54,so-ups.ru,false,
2024-02-21 16:00:00,Russia,Europe-Ural,RU,423.47,387.34,26.54,6.46,so-ups.ru,false,
2024-02-21 17:00:00,Russia,Europe-Ural,RU,424.28,387.89,26.4,5.84,so-ups.ru,false,
2024-02-21 18:00:00,Russia,Europe-Ural,RU,422.58,385.87,26.65,5.5,so-ups.ru,false,
2024-02-21 19:00:00,Russia,Europe-Ural,RU,421.76,384.77,26.77,4.75,so-ups.ru,false,
2024-02-21 20:00:00,Russia,Europe-Ural,RU,418.71,381.39,27.27,4.41,so-ups.ru,false,
2024-02-21 21:00:00,Russia,Europe-Ural,RU,424.4,386.91,26.32,3.0,so-ups.ru,false,
2024-02-21 22:00:00,Russia,Europe-Ural,RU,425.36,387.55,26.13,2.59,so-ups.ru,false,
2024-02-21 23:00:00,Russia,Europe-Ural,RU,427.34,389.86,25.8,2.34,so-ups.ru,false,
2024-02-22 00:00:00,Russia,Europe-Ural,RU,427.48,390.13,25.75,2.43,so-ups.ru,false,
2024-02-22 01:00:00,Russia,Europe-Ural,RU,429.23,391.55,25.45,2.65,so-ups.ru,false,
2024-02-22 02:00:00,Russia,Europe-Ural,RU,431.86,394.53,25.03,3.32,so-ups.ru,false,
2024-02-22 03:00:00,Russia,Europe-Ural,RU,428.7,390.95,25.53,4.61,so-ups.ru,false,
2024-02-22 04:00:00,Russia,Europe-Ural,RU,425.54,388.64,26.1,5.95,so-ups.ru,false,
2024-02-22 05:00:00,Russia,Europe-Ural,RU,420.02,384.21,27.06,7.38,so-ups.ru,false,
2024-02-22 06:00:00,Russia,Europe-Ural,RU,414.73,379.32,27.94,8.29,so-ups.ru,false,
2024-02-22 07:00:00,Russia,Europe-Ural,RU,413.72,378.42,28.13,8.31,so-ups.ru,false,
2024-02-22 08:00:00,Russia,Europe-Ural,RU,416.44,380.18,27.64,7.6,so-ups.ru,false,
2024-02-22 09:00:00,Russia,Europe-Ural,RU,417.77,380.98,27.39,7.2,so-ups.ru,false,
2024-02-22 10:00:00,Russia,Europe-Ural,RU,420.41,383.19,26.93,6.54,so-ups.ru,false,
2024-02-22 11:00:00,Russia,Europe-Ural,RU,421.09,384.15,26.84,6.5,so-ups.ru,false,
2024-02-22 12:00:00,Russia,Europe-Ural,RU,421.95,384.96,26.7,6.37,so-ups.ru,false,
2024-02-22 13:00:00,Russia,Europe-Ural,RU,420.8,383.99,26.89,6.54,so-ups.ru,false,
2024-02-22 14:00:00,Russia,Europe-Ural,RU,417.24,381.13,27.52,7.48,so-ups.ru,false,
2024-02-22 15:00:00,Russia,Europe-Ural,RU,416.65,380.8,27.63,7.66,so-ups.ru,false,
2024-02-22 16:00:00,Russia,Europe-Ural,RU,421.94,385.24,26.73,6.25,so-ups.ru,false,
2024-02-22 17:00:00,Russia,Europe-Ural,RU,421.24,384.78,26.88,5.95,so-ups.ru,false,
2024-02-22 18:00:00,Russia,Europe-Ural,RU,421.52,384.49,26.78,5.11,so-ups.ru,false,
2024-02-22 19:00:00,Russia,Europe-Ural,RU,417.21,380.16,27.5,4.98,so-ups.ru,false,
2024-02-22 20:00:00,Russia,Europe-Ural,RU,417.51,380.13,27.45,4.29,so-ups.ru,false,
2024-02-22 21:00:00,Russia,Europe-Ural,RU,423.98,385.51,26.29,2.6,so-ups.ru,false,
2024-02-22 22:00:00,Russia,Europe-Ural,RU,425.35,386.97,26.1,2.19,so-ups.ru,false,
2024-02-22 23:00:00,Russia,Europe-Ural,RU,424.78,387.22,26.22,2.25,so-ups.ru,false,
2024-02-23 00:00:00,Russia,Europe-Ural,RU,424.68,387.39,26.21,2.27,so-ups.ru,false,
2024-02-23 01:00:00,Russia,Europe-Ural,RU,424.45,387.18,26.25,2.5,so-ups.ru,false,
2024-02-23 02:00:00,Russia,Europe-Ural,RU,423.89,386.76,26.36,3.18,so-ups.ru,false,
2024-02-23 03:00:00,Russia,Europe-Ural,RU,420.54,383.99,26.95,4.37,so-ups.ru,false,
2024-02-23 04:00:00,Russia,Europe-Ural,RU,422.26,385.76,26.64,4.7,so-ups.ru,false,
2024-02-23 05:00:00,Russia,Europe-Ural,RU,418.2,382.62,27.38,6.18,so-ups.ru,false,
2024-02-23 06:00:00,Russia,Europe-Ural,RU,414.49,379.26,27.98,7.31,so-ups.ru,false,
2024-02-23 07:00:00,Russia,Europe-Ural,RU,416.43,380.84,27.67,7.23,so-ups.ru,false,
2024-02-23 08:00:00,Russia,Europe-Ural,RU,416.04,380.21,27.71,7.19,so-ups.ru,false,
2024-02-23 09:00:00,Russia,Europe-Ural,RU,415.83,379.46,27.72,7.0,so-ups.ru,false,
2024-02-23 10:00:00,Russia,Europe-Ural,RU,418.22,381.5,27.32,6.55,so-ups.ru,false,
2024-02-23 11:00:00,Russia,Europe-Ural,RU,417.19,380.54,27.5,6.72,so-ups.ru,false,
2024-02-23 12:00:00,Russia,Europe-Ural,RU,415.34,378.89,27.82,7.0,so-ups.ru,false,
2024-02-23 13:00:00,Russia,Europe-Ural,RU,414.49,378.41,27.96,7.16,so-ups.ru,false,
2024-02-23 14:00:00,Russia,Europe-Ural,RU,412.37,376.86,28.38,7.95,so-ups.ru,false,
2024-02-23 15:00:00,Russia,Europe-Ural,RU,410.06,375.15,28.76,8.45,so-ups.ru,false,
2024-02-23 16:00:00,Russia,Europe-Ural,RU,411.68,376.25,28.48,7.77,so-ups.ru,false,
2024-02-23 17:00:00,Russia,Europe-Ural,RU,413.23,377.43,28.23,7.07,so-ups.ru,false,
2024-02-23 18:00:00,Russia,Europe-Ural,RU,416.2,379.9,27.69,5.87,so-ups.ru,false,
2024-02-23 19:00:00,Russia,Europe-Ural,RU,411.59,375.55,28.48,5.94,so-ups.ru,false,
2024-02-23 20:00:00,Russia,Europe-Ural,RU,413.68,376.62,28.06,4.66,so-ups.ru,false,
2024-02-23 21:00:00,Russia,Europe-Ural,RU,425.17,386.59,26.1,2.68,so-ups.ru,false,
2024-02-23 22:00:00,Russia,Europe-Ural,RU,425.18,386.55,26.07,2.3,so-ups.ru,false,
2024-02-23 23:00:00,Russia,Europe-Ural,RU,424.5,386.28,26.24,2.31,so-ups.ru,false,
2024-02-24 00:00:00,Russia,Europe-Ural,RU,425.59,388.15,26.1,2.37,so-ups.ru,false,
2024-02-24 01:00:00,Russia,Europe-Ural,RU,424.56,387.05,26.24,2.54,so-ups.ru,false,
2024-02-24 02:00:00,Russia,Europe-Ural,RU,423.5,386.09,26.43,3.23,so-ups.ru,false,
2024-02-24 03:00:00,Russia,Europe-Ural,RU,420.72,383.89,26.91,4.47,so-ups.ru,false,
2024-02-24 04:00:00,Russia,Europe-Ural,RU,420.39,384.24,26.99,5.13,so-ups.ru,false,
2024-02-24 05:00:00,Russia,Europe-Ural,RU,417.47,381.34,27.44,6.17,so-ups.ru,false,
2024-02-24 06:00:00,Russia,Europe-Ural,RU,414.59,379.25,27.98,7.14,so-ups.ru,false,
2024-02-24 07:00:00,Russia,Europe-Ural,RU,413.35,377.95,28.22,7.46,so-ups.ru,false,
2024-02-24 08:00:00,Russia,Europe-Ural,RU,414.36,378.9,28.03,7.23,so-ups.ru,false,
2024-02-24 09:00:00,Russia,Europe-Ural,RU,415.03,379.2,27.9,6.95,so-ups.ru,false,
2024-02-24 10:00:00,Russia,Europe-Ural,RU,417.67,381.54,27.43,6.43,so-ups.ru,false,
2024-02-24 11:00:00,Russia,Europe-Ural,RU,416.16,380.18,27.7,6.8,so-ups.ru,false,
2024-02-24 12:00:00,Russia,Europe-Ural,RU,416.6,380.56,27.64,6.73,so-ups.ru,false,
2024-02-24 13:00:00,Russia,Europe-Ural,RU,415.46,379.46,27.86,7.13,so-ups.ru,false,
2024-02-24 14:00:00,Russia,Europe-Ural,RU,410.98,375.75,28.62,8.17,so-ups.ru,false,
2024-02-24 15:00:00,Russia,Europe-Ural,RU,408.61,373.59,29.02,8.74,so-ups.ru,false,
2024-02-24 16:00:00,Russia,Europe-Ural,RU,410.17,374.45,28.72,7.97,so-ups.ru,false,
2024-02-24 17:00:00,Russia,Europe-Ural,RU,411.88,375.88,28.46,7.4,so-ups.ru,false,
2024-02-24 18:00:00,Russia,Europe-Ural,RU,412.74,376.74,28.27,6.61,so-ups.ru,false,
2024-02-24 19:00:00,Russia,Europe-Ural,RU,407.91,372.3,29.13,6.55,so-ups.ru,false,
2024-02-24 20:00:00,Russia,Europe-Ural,RU,414.35,377.67,28.01,5.0,so-ups.ru,false,
2024-02-24 21:00:00,Russia,Europe-Ural,RU,423.92,385.86,26.3,2.95,so-ups.ru,false,
2024-02-24 22:00:00,Russia,Europe-Ural,RU,423.49,385.31,26.36,2.62,so-ups.ru,false,
2024-02-24 23:00:00,Russia,Europe-Ural,RU,423.17,385.09,26.43,2.55,so-ups.ru,false,
2024-02-25 00:00:00,Russia,Europe-Ural,RU,424.08,386.45,26.32,2.56,so-ups.ru,false,
2024-02-25 01:00:00,Russia,Europe-Ural,RU,424.75,387.28,26.23,2.7,so-ups.ru,false,
2024-02-25 02:00:00,Russia,Europe-Ural,RU,422.59,385.79,26.6,3.41,so-ups.ru,false,
2024-02-25 03:00:00,Russia,Europe-Ural,RU,419.13,382.67,27.18,4.61,so-ups.ru,false,
2024-02-25 04:00:00,Russia,Europe-Ural,RU,418.28,381.89,27.31,5.21,so-ups.ru,false,
2024-02-25 05:00:00,Russia,Europe-Ural,RU,416.15,380.52,27.67,6.41,so-ups.ru,false,
2024-02-25 06:00:00,Russia,Europe-Ural,RU,414.17,378.85,28.02,7.06,so-ups.ru,false,
2024-02-25 07:00:00,Russia,Europe-Ural,RU,413.8,378.58,28.16,7.47,so-ups.ru,false,
2024-02-25 08:00:00,Russia,Europe-Ural,RU,413.2,377.69,28.2,7.32,so-ups.ru,false,
2024-02-25 09:00:00,Russia,Europe-Ural,RU,413.25,377.66,28.2,7.3,so-ups.ru,false,
2024-02-25 10:00:00,Russia,Europe-Ural,RU,415.32,379.29,27.81,6.67,so-ups.ru,false,
2024-02-25 11:00:00,Russia,Europe-Ural,RU,414.09,378.26,28.06,7.1,so-ups.ru,false,
2024-02-25 12:00:00,Russia,Europe-Ural,RU,414.49,378.37,27.98,6.96,so-ups.ru,false,
2024-02-25 13:00:00,Russia,Europe-Ural,RU,411.48,375.36,28.48,7.54,so-ups.ru,false,
2024-02-25 14:00:00,Russia,Europe-Ural,RU,408.75,373.27,28.97,8.44,so-ups.ru,false,
2024-02-25 15:00:00,Russia,Europe-Ural,RU,408.49,373.07,29.02,8.71,so-ups.ru,false,
2024-02-25 16:00:00,Russia,Europe-Ural,RU,411.47,375.79,28.51,7.81,so-ups.ru,false,
2024-02-25 17:00:00,Russia,Europe-Ural,RU,415.07,378.86,27.89,6.82,so-ups.ru,false,
2024-02-25 18:00:00,Russia,Europe-Ural,RU,418.48,381.64,27.24,5.61,so-ups.ru,false,
2024-02-25 19:00:00,Russia,Europe-Ural,RU,417.33,379.96,27.46,5.17,so-ups.ru,false,
2024-02-25 20:00:00,Russia,Europe-Ural,RU,414.09,376.63,27.97,4.81,so-ups.ru,false,
2024-02-25 21:00:00,Russia,Europe-Ural,RU,421.19,383.6,26.79,3.1,so-ups.ru,false,
2024-02-25 22:00:00,Russia,Europe-Ural,RU,422.45,384.34,26.59,2.62,so-ups.ru,false,
2024-02-25 23:00:00,Russia,Europe-Ural,RU,422.37,384.53,26.58,2.55,so-ups.ru,false,
2024-02-26 00:00:00,Russia,Europe-Ural,RU,422.29,384.45,26.58,2.69,so-ups.ru,false,
2024-02-26 01:00:00,Russia,Europe-Ural,RU,424.4,386.7,26.27,3.0,so-ups.ru,false,
2024-02-26 02:00:00,Russia,Europe-Ural,RU,426.56,389.16,25.92,3.62,so-ups.ru,false,
2024-02-26 03:00:00,Russia,Europe-Ural,RU,424.79,387.46,26.19,4.96,so-ups.ru,false,
2024-02-26 04:00:00,Russia,Europe-Ural,RU,420.72,384.21,26.85,6.23,so-ups.ru,false,
2024-02-26 05:00:00,Russia,Europe-Ural,RU,417.16,381.15,27.52,7.66,so-ups.ru,false,
2024-02-26 06:00:00,Russia,Europe-Ural,RU,412.85,377.03,28.22,8.54,so-ups.ru,false,
2024-02-26 07:00:00,Russia,Europe-Ural,RU,412.48,376.77,28.32,8.55,so-ups.ru,false,
2024-02-26 08:00:00,Russia,Europe-Ural,RU,415.82,379.41,27.72,7.76,so-ups.ru,false,
2024-02-26 09:00:00,Russia,Europe-Ural,RU,417.57,381.12,27.43,7.33,so-ups.ru,false,
2024-02-26 10:00:00,Russia,Europe-Ural,RU,420.1,383.43,27.02,6.89,so-ups.ru,false,
2024-02-26 11:00:00,Russia,Europe-Ural,RU,421.1,384.33,26.83,6.68,so-ups.ru,false,
2024-02-26 12:00:00,Russia,Europe-Ural,RU,419.11,382.6,27.19,7.04,so-ups.ru,false,
2024-02-26 13:00:00,Russia,Europe-Ural,RU,420.36,383.39,26.95,6.67,so-ups.ru,false,
2024-02-26 14:00:00,Russia,Europe-Ural,RU,418.52,382.05,27.29,7.41,so-ups.ru,false,
2024-02-26 15:00:00,Russia,Europe-Ural,RU,421.14,384.15,26.83,6.91,so-ups.ru,false,
2024-02-26 16:00:00,Russia,Europe-Ural,RU,422.96,385.89,26.55,6.26,so-ups.ru,false,
2024-02-26 17:00:00,Russia,Europe-Ural,RU,423.45,386.24,26.46,5.66,so-ups.ru,false,
2024-02-26 18:00:00,Russia,Europe-Ural,RU,422.13,384.65,26.66,5.12,so-ups.ru,false,
2024-02-26 19:00:00,Russia,Europe-Ural,RU,420.48,382.56,26.94,4.69,so-ups.ru,false,
2024-02-26 20:00:00,Russia,Europe-Ural,RU,417.8,380.02,27.39,4.49,so-ups.ru,false,
2024-02-26 21:00:00,Russia,Europe-Ural,RU,422.84,384.07,26.46,2.74,so-ups.ru,false,
2024-02-26 22:00:00,Russia,Europe-Ural,RU,424.66,386.33,26.24,2.45,so-ups.ru,false,
2024-02-26 23:00:00,Russia,Europe-Ural,RU,425.21,387.58,26.15,2.38,so-ups.ru,false,
2024-02-27 00:00:00,Russia,Europe-Ural,RU,424.42,386.43,26.23,2.63,so-ups.ru,false,
2024-02-27 01:00:00,Russia,Europe-Ural,RU,427.28,389.09,25.77,2.85,so-ups.ru,false,
2024-02-27 02:00:00,Russia,Europe-Ural,RU,427.69,389.95,25.73,3.68,so-ups.ru,false,
2024-02-27 03:00:00,Russia,Europe-Ural,RU,424.3,387.51,26.31,5.26,so-ups.ru,false,
2024-02-27 04:00:00,Russia,Europe-Ural,RU,420.75,384.96,26.88,6.41,so-ups.ru,false,
2024-02-27 05:00:00,Russia,Europe-Ural,RU,415.56,380.23,27.8,8.05,so-ups.ru,false,
2024-02-27 06:00:00,Russia,Europe-Ural,RU,414.33,378.86,28.03,8.32,so-ups.ru,false,
2024-02-27 07:00:00,Russia,Europe-Ural,RU,413.39,377.56,28.18,8.21,so-ups.ru,false,
2024-02-27 08:00:00,Russia,Europe-Ural,RU,419.35,382.68,27.13,6.99,so-ups.ru,false,
2024-02-27 09:00:00,Russia,Europe-Ural,RU,419.48,382.7,27.1,6.87,so-ups.ru,false,
2024-02-27 10:00:00,Russia,Europe-Ural,RU,419.56,382.88,27.09,6.77,so-ups.ru,false,
2024-02-27 11:00:00,Russia,Europe-Ural,RU,420.43,383.86,26.95,6.64,so-ups.ru,false,
2024-02-27 12:00:00,Russia,Europe-Ural,RU,418.29,381.95,27.33,7.05,so-ups.ru,false,
2024-02-27 13:00:00,Russia,Europe-Ural,RU,419.01,382.51,27.21,7.08,so-ups.ru,false,
2024-02-27 14:00:00,Russia,Europe-Ural,RU,415.32,379.5,27.87,7.93,so-ups.ru,false,
2024-02-27 15:00:00,Russia,Europe-Ural,RU,413.74,378.38,28.13,8.39,so-ups.ru,false,
2024-02-27 16:00:00,Russia,Europe-Ural,RU,418.84,382.62,27.28,7.13,so-ups.ru,false,
2024-02-27 17:00:00,Russia,Europe-Ural,RU,420.9,384.55,26.94,6.33,so-ups.ru,false,
2024-02-27 18:00:00,Russia,Europe-Ural,RU,419.37,383.05,27.19,5.95,so-ups.ru,false,
2024-02-27 19:00:00,Russia,Europe-Ural,RU,418.67,381.74,27.3,5.13,so-ups.ru,false,
2024-02-27 20:00:00,Russia,Europe-Ural,RU,416.35,379.52,27.67,4.66,so-ups.ru,false,
2024-02-27 21:00:00,Russia,Europe-Ural,RU,424.14,386.19,26.35,2.94,so-ups.ru,false,
2024-02-27 22:00:00,Russia,Europe-Ural,RU,424.28,386.23,26.32,2.72,so-ups.ru,false,
2024-02-27 23:00:00,Russia,Europe-Ural,RU,424.2,386.24,26.3,2.7,so-ups.ru,false,
2024-02-28 00:00:00,Russia,Europe-Ural,RU,424.36,386.3,26.25,2.74,so-ups.ru,false,
2024-02-28 01:00:00,Russia,Europe-Ural,RU,425.9,388.15,26.0,2.99,so-ups.ru,false,
2024-02-28 02:00:00,Russia,Europe-Ural,RU,426.99,389.52,25.82,3.75,so-ups.ru,false,
2024-02-28 03:00:00,Russia,Europe-Ural,RU,425.12,387.91,26.13,5.07,so-ups.ru,false,
2024-02-28 04:00:00,Russia,Europe-Ural,RU,422.58,385.86,26.57,6.12,so-ups.ru,false,
2024-02-28 05:00:00,Russia,Europe-Ural,RU,416.23,380.52,27.69,7.92,so-ups.ru,false,
2024-02-28 06:00:00,Russia,Europe-Ural,RU,413.2,377.57,28.18,8.44,so-ups.ru,false,
2024-02-28 07:00:00,Russia,Europe-Ural,RU,413.49,377.63,28.15,8.26,so-ups.ru,false,
2024-02-28 08:00:00,Russia,Europe-Ural,RU,418.57,382.03,27.26,7.18,so-ups.ru,false,
2024-02-28 09:00:00,Russia,Europe-Ural,RU,419.41,382.75,27.12,6.93,so-ups.ru,false,
2024-02-28 10:00:00,Russia,Europe-Ural,RU,419.09,382.53,27.17,6.87,so-ups.ru,false,
2024-02-28 11:00:00,Russia,Europe-Ural,RU,420.03,383.43,27.03,6.72,so-ups.ru,false,
2024-02-28 12:00:00,Russia,Europe-Ural,RU,418.13,381.76,27.35,7.05,so-ups.ru,false,
2024-02-28 13:00:00,Russia,Europe-Ural,RU,416.51,379.87,27.61,7.31,so-ups.ru,false,
2024-02-28 14:00:00,Russia,Europe-Ural,RU,410.91,375.28,28.63,8.26,so-ups.ru,false,
2024-02-28 15:00:00,Russia,Europe-Ural,RU,409.93,374.71,28.79,8.55,so-ups.ru,false,
2024-02-28 16:00:00,Russia,Europe-Ural,RU,415.3,379.52,27.88,7.34,so-ups.ru,false,
2024-02-28 17:00:00,Russia,Europe-Ural,RU,417.0,380.55,27.57,6.53,so-ups.ru,false,
2024-02-28 18:00:00,Russia,Europe-Ural,RU,415.26,378.67,27.84,6.11,so-ups.ru,false,
2024-02-28 19:00:00,Russia,Europe-Ural,RU,412.08,375.63,28.4,5.73,so-ups.ru,false,
2024-02-28 20:00:00,Russia,Europe-Ural,RU,409.42,372.93,28.84,5.46,so-ups.ru,false,
2024-02-28 21:00:00,Russia,Europe-Ural,RU,418.93,381.12,27.19,2.83,so-ups.ru,false,
2024-02-28 22:00:00,Russia,Europe-Ural,RU,418.84,381.13,27.16,2.56,so-ups.ru,false,
2024-02-28 23:00:00,Russia,Europe-Ural,RU,419.73,382.21,27.05,2.5,so-ups.ru,false,
2024-02-29 00:00:00,Russia,Europe-Ural,RU,418.28,380.53,27.26,2.83,so-ups.ru,false,
2024-02-29 01:00:00,Russia,Europe-Ural,RU,420.96,383.94,26.86,3.0,so-ups.ru,false,
2024-02-29 02:00:00,Russia,Europe-Ural,RU,421.66,384.63,26.73,3.8,so-ups.ru,false,
2024-02-29 03:00:00,Russia,Europe-Ural,RU,419.55,382.88,27.08,5.19,so-ups.ru,false,
2024-02-29 04:00:00,Russia,Europe-Ural,RU,417.28,380.89,27.46,6.23,so-ups.ru,false,
2024-02-29 05:00:00,Russia,Europe-Ural,RU,412.3,376.72,28.36,7.84,so-ups.ru,false,
2024-02-29 06:00:00,Russia,Europe-Ural,RU,408.53,373.12,28.99,8.56,so-ups.ru,false,
2024-02-29 07:00:00,Russia,Europe-Ural,RU,409.88,374.17,28.76,8.18,so-ups.ru,false,
2024-02-29 08:00:00,Russia,Europe-Ural,RU,414.43,377.93,27.97,7.1,so-ups.ru,false,
2024-02-29 09:00:00,Russia,Europe-Ural,RU,413.0,377.01,28.23,7.28,so-ups.ru,false,
2024-02-29 10:00:00,Russia,Europe-Ural,RU,413.14,376.91,28.18,7.11,so-ups.ru,false,
2024-02-29 11:00:00,Russia,Europe-Ural,RU,414.5,377.94,27.95,6.77,so-ups.ru,false,
2024-02-29 12:00:00,Russia,Europe-Ural,RU,412.92,376.68,28.2,6.95,so-ups.ru,false,
2024-02-29 13:00:00,Russia,Europe-Ural,RU,410.83,374.78,28.59,7.48,so-ups.ru,false,
2024-02-29 14:00:00,Russia,Europe-Ural,RU,408.28,372.66,29.04,8.19,so-ups.ru,false,
2024-02-29 15:00:00,Russia,Europe-Ural,RU,408.48,373.12,29.03,8.31,so-ups.ru,false,
2024-02-29 16:00:00,Russia,Europe-Ural,RU,412.16,376.59,28.42,7.42,so-ups.ru,false,
2024-02-29 17:00:00,Russia,Europe-Ural,RU,413.37,377.69,28.22,6.75,so-ups.ru,false,
2024-02-29 18:00:00,Russia,Europe-Ural,RU,415.08,378.68,27.89,5.63,so-ups.ru,false,
2024-02-29 19:00:00,Russia,Europe-Ural,RU,412.47,375.7,28.33,5.03,so-ups.ru,false,
2024-02-29 20:00:00,Russia,Europe-Ural,RU,409.64,373.47,28.83,4.79,so-ups.ru,false,
2024-02-29 21:00:00,Russia,Europe-Ural,RU,416.37,378.97,27.62,3.09,so-ups.ru,false,
2024-02-29 22:00:00,Russia,Europe-Ural,RU,417.25,379.52,27.5,2.73,so-ups.ru,false,
2024-02-29 23:00:00,Russia,Europe-Ural,RU,417.32,380.03,27.44,2.65,so-ups.ru,false,
2024-03-01 00:00:00,Russia,Europe-Ural,RU,419.26,382.01,27.15,2.63,so-ups.ru,false,
2024-03-01 01:00:00,Russia,Europe-Ural,RU,420.58,383.61,26.92,2.88,so-ups.ru,false,
2024-03-01 02:00:00,Russia,Europe-Ural,RU,419.87,383.34,27.02,3.89,so-ups.ru,false,
2024-03-01 03:00:00,Russia,Europe-Ural,RU,417.06,380.72,27.49,5.23,so-ups.ru,false,
2024-03-01 04:00:00,Russia,Europe-Ural,RU,415.53,379.45,27.79,6.22,so-ups.ru,false,
2024-03-01 05:00:00,Russia,Europe-Ural,RU,410.04,375.22,28.76,7.96,so-ups.ru,false,
2024-03-01 06:00:00,Russia,Europe-Ural,RU,406.94,371.89,29.28,8.53,so-ups.ru,false,
2024-03-01 07:00:00,Russia,Europe-Ural,RU,406.69,370.92,29.29,8.3,so-ups.ru,false,
2024-03-01 08:00:00,Russia,Europe-Ural,RU,412.29,376.49,28.35,7.24,so-ups.ru,false,
2024-03-01 09:00:00,Russia,Europe-Ural,RU,411.87,375.96,28.41,7.25,so-ups.ru,false,
2024-03-01 10:00:00,Russia,Europe-Ural,RU,411.81,375.65,28.41,7.17,so-ups.ru,false,
2024-03-01 11:00:00,Russia,Europe-Ural,RU,412.91,376.35,28.22,6.95,so-ups.ru,false,
2024-03-01 12:00:00,Russia,Europe-Ural,RU,411.92,375.72,28.41,7.21,so-ups.ru,false,
2024-03-01 13:00:00,Russia,Europe-Ural,RU,412.03,375.95,28.4,7.28,so-ups.ru,false,
2024-03-01 14:00:00,Russia,Europe-Ural,RU,409.18,373.76,28.91,8.11,so-ups.ru,false,
2024-03-01 15:00:00,Russia,Europe-Ural,RU,409.12,374.08,28.95,8.32,so-ups.ru,false,
2024-03-01 16:00:00,Russia,Europe-Ural,RU,413.35,377.91,28.22,7.16,so-ups.ru,false,
2024-03-01 17:00:00,Russia,Europe-Ural,RU,412.51,377.3,28.41,6.88,so-ups.ru,false,
2024-03-01 18:00:00,Russia,Europe-Ural,RU,410.67,375.23,28.67,6.45,so-ups.ru,false,
2024-03-01 19:00:00,Russia,Europe-Ural,RU,407.52,371.58,29.17,6.0,so-ups.ru,false,
2024-03-01 20:00:00,Russia,Europe-Ural,RU,408.28,371.87,29.02,5.21,so-ups.ru,false,
2024-03-01 21:00:00,Russia,Europe-Ural,RU,416.51,379.26,27.58,3.01,so-ups.ru,false,
2024-03-01 22:00:00,Russia,Europe-Ural,RU,418.1,381.14,27.37,2.75,so-ups.ru,false,
2024-03-01 23:00:00,Russia,Europe-Ural,RU,418.52,381.53,27.32,2.73,so-ups.ru,false,
2024-03-02 00:00:00,Russia,Europe-Ural,RU,419.78,382.27,27.09,2.77,so-ups.ru,false,
2024-03-02 01:00:00,Russia,Europe-Ural,RU,418.63,381.63,27.26,2.96,so-ups.ru,false,
2024-03-02 02:00:00,Russia,Europe-Ural,RU,417.98,381.5,27.39,3.78,so-ups.ru,false,
2024-03-02 03:00:00,Russia,Europe-Ural,RU,414.56,378.98,28.04,5.04,so-ups.ru,false,
2024-03-02 04:00:00,Russia,Europe-Ural,RU,412.46,376.78,28.35,5.9,so-ups.ru,false,
2024-03-02 05:00:00,Russia,Europe-Ural,RU,408.6,373.63,29.03,7.42,so-ups.ru,false,
2024-03-02 06:00:00,Russia,Europe-Ural,RU,406.29,371.18,29.43,8.14,so-ups.ru,false,
2024-03-02 07:00:00,Russia,Europe-Ural,RU,405.63,370.35,29.48,8.14,so-ups.ru,false,
2024-03-02 08:00:00,Russia,Europe-Ural,RU,406.37,371.15,29.4,7.96,so-ups.ru,false,
2024-03-02 09:00:00,Russia,Europe-Ural,RU,407.37,372.04,29.21,7.54,so-ups.ru,false,
2024-03-02 10:00:00,Russia,Europe-Ural,RU,408.23,373.05,29.07,7.28,so-ups.ru,false,
2024-03-02 11:00:00,Russia,Europe-Ural,RU,408.34,372.82,29.05,7.23,so-ups.ru,false,
2024-03-02 12:00:00,Russia,Europe-Ural,RU,407.95,372.52,29.12,7.34,so-ups.ru,false,
2024-03-02 13:00:00,Russia,Europe-Ural,RU,406.4,371.02,29.38,7.79,so-ups.ru,false,
2024-03-02 14:00:00,Russia,Europe-Ural,RU,404.15,369.16,29.8,8.58,so-ups.ru,false,
2024-03-02 15:00:00,Russia,Europe-Ural,RU,403.96,369.47,29.82,8.84,so-ups.ru,false,
2024-03-02 16:00:00,Russia,Europe-Ural,RU,408.46,373.72,29.08,7.83,so-ups.ru,false,
2024-03-02 17:00:00,Russia,Europe-Ural,RU,411.35,376.37,28.61,7.1,so-ups.ru,false,
2024-03-02 18:00:00,Russia,Europe-Ural,RU,414.26,378.36,28.06,5.89,so-ups.ru,false,
2024-03-02 19:00:00,Russia,Europe-Ural,RU,410.94,375.39,28.61,5.71,so-ups.ru,false,
2024-03-02 20:00:00,Russia,Europe-Ural,RU,411.75,376.16,28.49,5.05,so-ups.ru,false,
2024-03-02 21:00:00,Russia,Europe-Ural,RU,416.41,379.95,27.73,3.23,so-ups.ru,false,
2024-03-02 22:00:00,Russia,Europe-Ural,RU,417.58,381.63,27.6,2.94,so-ups.ru,false,
2024-03-02 23:00:00,Russia,Europe-Ural,RU,417.04,381.55,27.73,2.93,so-ups.ru,false,
2024-03-03 00:00:00,Russia,Europe-Ural,RU,416.86,380.5,27.67,2.78,so-ups.ru,false,
2024-03-03 01:00:00,Russia,Europe-Ural,RU,417.08,381.24,27.7,3.12,so-ups.ru,false,
2024-03-03 02:00:00,Russia,Europe-Ural,RU,414.74,379.0,28.06,3.89,so-ups.ru,false,
2024-03-03 03:00:00,Russia,Europe-Ural,RU,410.2,375.15,28.83,5.27,so-ups.ru,false,
2024-03-03 04:00:00,Russia,Europe-Ural,RU,410.26,375.25,28.79,5.75,so-ups.ru,false,
2024-03-03 05:00:00,Russia,Europe-Ural,RU,408.76,374.53,29.06,6.77,so-ups.ru,false,
2024-03-03 06:00:00,Russia,Europe-Ural,RU,403.51,369.99,29.97,8.1,so-ups.ru,false,
2024-03-03 07:00:00,Russia,Europe-Ural,RU,403.84,369.94,29.9,8.03,so-ups.ru,false,
2024-03-03 08:00:00,Russia,Europe-Ural,RU,403.81,369.74,29.91,8.04,so-ups.ru,false,
2024-03-03 09:00:00,Russia,Europe-Ural,RU,403.91,369.9,29.87,7.82,so-ups.ru,false,
2024-03-03 10:00:00,Russia,Europe-Ural,RU,405.4,371.07,29.61,7.46,so-ups.ru,false,
2024-03-03 11:00:00,Russia,Europe-Ural,RU,405.9,371.26,29.51,7.39,so-ups.ru,false,
2024-03-03 12:00:00,Russia,Europe-Ural,RU,406.43,371.39,29.41,7.19,so-ups.ru,false,
2024-03-03 13:00:00,Russia,Europe-Ural,RU,405.02,370.21,29.65,7.55,so-ups.ru,false,
2024-03-03 14:00:00,Russia,Europe-Ural,RU,401.45,367.72,30.3,8.76,so-ups.ru,false,
2024-03-03 15:00:00,Russia,Europe-Ural,RU,401.98,368.3,30.19,9.03,so-ups.ru,false,
2024-03-03 16:00:00,Russia,Europe-Ural,RU,404.88,370.28,29.68,8.23,so-ups.ru,false,
2024-03-03 17:00:00,Russia,Europe-Ural,RU,410.87,375.97,28.7,6.92,so-ups.ru,false,
2024-03-03 18:00:00,Russia,Europe-Ural,RU,412.68,376.71,28.34,5.86,so-ups.ru,false,
2024-03-03 19:00:00,Russia,Europe-Ural,RU,409.56,373.53,28.85,5.54,so-ups.ru,false,
2024-03-03 20:00:00,Russia,Europe-Ural,RU,406.7,371.17,29.37,5.26,so-ups.ru,false,
2024-03-03 21:00:00,Russia,Europe-Ural,RU,414.81,378.06,27.97,3.34,so-ups.ru,false,
2024-03-03 22:00:00,Russia,Europe-Ural,RU,414.65,377.73,27.93,2.92,so-ups.ru,false,
2024-03-03 23:00:00,Russia,Europe-Ural,RU,415.79,379.09,27.8,2.89,so-ups.ru,false,
2024-03-04 00:00:00,Russia,Europe-Ural,RU,416.36,379.31,27.66,2.85,so-ups.ru,false,
2024-03-04 01:00:00,Russia,Europe-Ural,RU,418.77,381.91,27.27,3.14,so-ups.ru,false,
2024-03-04 02:00:00,Russia,Europe-Ural,RU,419.78,383.19,27.13,3.99,so-ups.ru,false,
2024-03-04 03:00:00,Russia,Europe-Ural,RU,417.42,381.26,27.51,5.5,so-ups.ru,false,
2024-03-04 04:00:00,Russia,Europe-Ural,RU,413.94,378.14,28.11,6.78,so-ups.ru,false,
2024-03-04 05:00:00,Russia,Europe-Ural,RU,411.76,376.31,28.48,7.92,so-ups.ru,false,
2024-03-04 06:00:00,Russia,Europe-Ural,RU,408.58,373.1,29.01,8.49,so-ups.ru,false,
2024-03-04 07:00:00,Russia,Europe-Ural,RU,408.08,372.25,29.06,8.29,so-ups.ru,false,
2024-03-04 08:00:00,Russia,Europe-Ural,RU,410.88,375.25,28.61,7.69,so-ups.ru,false,
2024-03-04 09:00:00,Russia,Europe-Ural,RU,411.15,375.92,28.57,7.55,so-ups.ru,false,
2024-03-04 10:00:00,Russia,Europe-Ural,RU,411.89,376.2,28.41,7.25,so-ups.ru,false,
2024-03-04 11:00:00,Russia,Europe-Ural,RU,412.17,377.01,28.38,7.2,so-ups.ru,false,
2024-03-04 12:00:00,Russia,Europe-Ural,RU,418.45,382.63,27.34,7.0,so-ups.ru,false,
2024-03-04 13:00:00,Russia,Europe-Ural,RU,416.96,380.37,27.55,7.23,so-ups.ru,false,
2024-03-04 14:00:00,Russia,Europe-Ural,RU,414.85,378.85,27.9,7.88,so-ups.ru,false,
2024-03-04 15:00:00,Russia,Europe-Ural,RU,413.65,377.78,28.14,8.28,so-ups.ru,false,
2024-03-04 16:00:00,Russia,Europe-Ural,RU,415.88,380.28,27.81,7.74,so-ups.ru,false,
2024-03-04 17:00:00,Russia,Europe-Ural,RU,418.54,382.67,27.33,6.8,so-ups.ru,false,
2024-03-04 18:00:00,Russia,Europe-Ural,RU,417.15,380.91,27.54,6.27,so-ups.ru,false,
2024-03-04 19:00:00,Russia,Europe-Ural,RU,414.88,378.29,27.88,5.85,so-ups.ru,false,
2024-03-04 20:00:00,Russia,Europe-Ural,RU,414.32,377.49,27.97,5.17,so-ups.ru,false,
2024-03-04 21:00:00,Russia,Europe-Ural,RU,419.99,382.2,27.0,3.46,so-ups.ru,false,
2024-03-04 22:00:00,Russia,Europe-Ural,RU,422.03,385.4,26.71,3.13,so-ups.ru,false,
2024-03-04 23:00:00,Russia,Europe-Ural,RU,423.21,386.72,26.55,3.08,so-ups.ru,false,
2024-03-05 00:00:00,Russia,Europe-Ural,RU,422.18,384.49,26.62,3.04,so-ups.ru,false,
2024-03-05 01:00:00,Russia,Europe-Ural,RU,425.02,387.26,26.16,3.14,so-ups.ru,false,
2024-03-05 02:00:00,Russia,Europe-Ural,RU,425.56,388.22,26.08,3.99,so-ups.ru,false,
2024-03-05 03:00:00,Russia,Europe-Ural,RU,420.11,383.98,27.04,6.0,so-ups.ru,false,
2024-03-05 04:00:00,Russia,Europe-Ural,RU,417.39,381.17,27.49,7.06,so-ups.ru,false,
2024-03-05 05:00:00,Russia,Europe-Ural,RU,412.75,377.25,28.3,8.62,so-ups.ru,false,
2024-03-05 06:00:00,Russia,Europe-Ural,RU,411.57,375.67,28.48,8.73,so-ups.ru,false,
2024-03-05 07:00:00,Russia,Europe-Ural,RU,410.83,374.96,28.6,8.71,so-ups.ru,false,
2024-03-05 08:00:00,Russia,Europe-Ural,RU,416.88,381.11,27.59,7.45,so-ups.ru,false,
2024-03-05 09:00:00,Russia,Europe-Ural,RU,416.86,381.28,27.6,7.49,so-ups.ru,false,
2024-03-05 10:00:00,Russia,Europe-Ural,RU,418.46,382.5,27.31,7.08,so-ups.ru,false,
2024-03-05 11:00:00,Russia,Europe-Ural,RU,417.73,380.71,27.38,6.92,so-ups.ru,false,
2024-03-05 12:00:00,Russia,Europe-Ural,RU,419.28,382.72,27.12,6.73,so-ups.ru,false,
2024-03-05 13:00:00,Russia,Europe-Ural,RU,420.68,383.37,26.89,6.59,so-ups.ru,false,
2024-03-05 14:00:00,Russia,Europe-Ural,RU,416.67,379.93,27.56,7.48,so-ups.ru,false,
2024-03-05 15:00:00,Russia,Europe-Ural,RU,413.17,377.21,28.21,8.44,so-ups.ru,false,
2024-03-05 16:00:00,Russia,Europe-Ural,RU,415.51,380.15,27.84,7.86,so-ups.ru,false,
2024-03-05 17:00:00,Russia,Europe-Ural,RU,417.99,382.25,27.45,7.05,so-ups.ru,false,
2024-03-05 18:00:00,Russia,Europe-Ural,RU,418.76,382.92,27.32,6.24,so-ups.ru,false,
2024-03-05 19:00:00,Russia,Europe-Ural,RU,416.95,380.58,27.58,5.57,so-ups.ru,false,
2024-03-05 20:00:00,Russia,Europe-Ural,RU,413.91,377.25,28.07,5.24,so-ups.ru,false,
2024-03-05 21:00:00,Russia,Europe-Ural,RU,421.27,383.18,26.77,3.38,so-ups.ru,false,
2024-03-05 22:00:00,Russia,Europe-Ural,RU,422.35,384.42,26.61,3.03,so-ups.ru,false,
2024-03-05 23:00:00,Russia,Europe-Ural,RU,422.55,384.75,26.58,2.96,so-ups.ru,false,
2024-03-06 00:00:00,Russia,Europe-Ural,RU,423.23,385.34,26.42,2.95,so-ups.ru,false,
2024-03-06 01:00:00,Russia,Europe-Ural,RU,426.06,388.58,26.01,3.16,so-ups.ru,false,
2024-03-06 02:00:00,Russia,Europe-Ural,RU,426.17,388.91,25.99,3.69,so-ups.ru,false,
2024-03-06 03:00:00,Russia,Europe-Ural,RU,418.93,382.99,27.25,5.81,so-ups.ru,false,
2024-03-06 04:00:00,Russia,Europe-Ural,RU,414.48,378.78,28.0,7.17,so-ups.ru,false,
2024-03-06 05:00:00,Russia,Europe-Ural,RU,412.0,376.85,28.43,8.13,so-ups.ru,false,
2024-03-06 06:00:00,Russia,Europe-Ural,RU,408.63,373.24,29.0,8.21,so-ups.ru,false,
2024-03-06 07:00:00,Russia,Europe-Ural,RU,408.12,372.5,29.07,7.87,so-ups.ru,false,
2024-03-06 08:00:00,Russia,Europe-Ural,RU,410.22,373.75,28.68,7.05,so-ups.ru,false,
2024-03-06 09:00:00,Russia,Europe-Ural,RU,410.84,374.04,28.55,6.79,so-ups.ru,false,
2024-03-06 10:00:00,Russia,Europe-Ural,RU,412.63,376.22,28.27,6.57,so-ups.ru,false,
2024-03-06 11:00:00,Russia,Europe-Ural,RU,411.6,375.13,28.44,6.6,so-ups.ru,false,
2024-03-06 12:00:00,Russia,Europe-Ural,RU,410.82,374.17,28.56,6.69,so-ups.ru,false,
2024-03-06 13:00:00,Russia,Europe-Ural,RU,411.89,375.44,28.41,6.62,so-ups.ru,false,
2024-03-06 14:00:00,Russia,Europe-Ural,RU,407.63,371.61,29.12,7.48,so-ups.ru,false,
2024-03-06 15:00:00,Russia,Europe-Ural,RU,405.41,370.28,29.56,8.37,so-ups.ru,false,
2024-03-06 16:00:00,Russia,Europe-Ural,RU,405.96,370.72,29.46,7.96,so-ups.ru,false,
2024-03-06 17:00:00,Russia,Europe-Ural,RU,407.95,372.5,29.13,7.23,so-ups.ru,false,
2024-03-06 18:00:00,Russia,Europe-Ural,RU,411.55,375.35,28.51,5.91,so-ups.ru,false,
2024-03-06 19:00:00,Russia,Europe-Ural,RU,409.31,373.24,28.89,5.5,so-ups.ru,false,
2024-03-06 20:00:00,Russia,Europe-Ural,RU,404.79,369.34,29.67,5.47,so-ups.ru,false,
2024-03-06 21:00:00,Russia,Europe-Ural,RU,414.83,377.81,27.91,3.08,so-ups.ru,false,
2024-03-06 22:00:00,Russia,Europe-Ural,RU,413.66,376.81,28.13,2.91,so-ups.ru,false,
2024-03-06 23:00:00,Russia,Europe-Ural,RU,414.74,377.66,27.92,2.75,so-ups.ru,false,
2024-03-07 00:00:00,Russia,Europe-Ural,RU,414.41,377.64,27.99,3.01,so-ups.ru,false,
2024-03-07 01:00:00,Russia,Europe-Ural,RU,416.51,380.35,27.69,3.31,so-ups.ru,false,
2024-03-07 02:00:00,Russia,Europe-Ural,RU,418.93,382.96,27.25,3.82,so-ups.ru,false,
2024-03-07 03:00:00,Russia,Europe-Ural,RU,415.72,380.33,27.78,5.43,so-ups.ru,false,
2024-03-07 04:00:00,Russia,Europe-Ural,RU,410.98,375.79,28.59,6.84,so-ups.ru,false,
2024-03-07 05:00:00,Russia,Europe-Ural,RU,407.45,373.23,29.21,8.1,so-ups.ru,false,
2024-03-07 06:00:00,Russia,Europe-Ural,RU,405.73,371.75,29.54,8.42,so-ups.ru,false,
2024-03-07 07:00:00,Russia,Europe-Ural,RU,405.46,371.19,29.58,8.25,so-ups.ru,false,
2024-03-07 08:00:00,Russia,Europe-Ural,RU,407.22,372.16,29.25,7.64,so-ups.ru,false,
2024-03-07 09:00:00,Russia,Europe-Ural,RU,409.47,374.38,28.87,7.13,so-ups.ru,false,
2024-03-07 10:00:00,Russia,Europe-Ural,RU,409.21,374.08,28.91,7.15,so-ups.ru,false,
2024-03-07 11:00:00,Russia,Europe-Ural,RU,409.81,374.22,28.79,6.74,so-ups.ru,false,
2024-03-07 12:00:00,Russia,Europe-Ural,RU,410.55,374.78,28.66,6.57,so-ups.ru,false,
2024-03-07 13:00:00,Russia,Europe-Ural,RU,411.19,376.17,28.6,6.64,so-ups.ru,false,
2024-03-07 14:00:00,Russia,Europe-Ural,RU,406.19,370.96,29.42,7.54,so-ups.ru,false,
2024-03-07 15:00:00,Russia,Europe-Ural,RU,402.55,368.46,30.09,8.53,so-ups.ru,false,
2024-03-07 16:00:00,Russia,Europe-Ural,RU,407.03,371.85,29.29,7.45,so-ups.ru,false,
2024-03-07 17:00:00,Russia,Europe-Ural,RU,407.15,372.05,29.3,6.98,so-ups.ru,false,
2024-03-07 18:00:00,Russia,Europe-Ural,RU,408.71,372.95,28.99,5.95,so-ups.ru,false,
2024-03-07 19:00:00,Russia,Europe-Ural,RU,407.5,372.06,29.22,5.49,so-ups.ru,false,
2024-03-07 20:00:00,Russia,Europe-Ural,RU,405.11,369.61,29.62,5.05,so-ups.ru,false,
2024-03-07 21:00:00,Russia,Europe-Ural,RU,411.41,374.94,28.5,3.23,so-ups.ru,false,
2024-03-07 22:00:00,Russia,Europe-Ural,RU,412.13,376.22,28.44,2.79,so-ups.ru,false,
2024-03-07 23:00:00,Russia,Europe-Ural,RU,410.98,374.82,28.57,2.65,so-ups.ru,false,
2024-03-08 00:00:00,Russia,Europe-Ural,RU,411.28,375.19,28.53,2.64,so-ups.ru,false,
2024-03-08 01:00:00,Russia,Europe-Ural,RU,412.2,376.58,28.42,2.88,so-ups.ru,false,
2024-03-08 02:00:00,Russia,Europe-Ural,RU,410.82,375.58,28.63,3.57,so-ups.ru,false,
2024-03-08 03:00:00,Russia,Europe-Ural,RU,407.07,372.46,29.27,4.77,so-ups.ru,false,
2024-03-08 04:00:00,Russia,Europe-Ural,RU,408.33,373.34,29.04,5.07,so-ups.ru,false,
2024-03-08 05:00:00,Russia,Europe-Ural,RU,399.66,365.81,30.53,7.09,so-ups.ru,false,
2024-03-08 06:00:00,Russia,Europe-Ural,RU,398.17,364.31,30.82,7.72,so-ups.ru,false,
2024-03-08 07:00:00,Russia,Europe-Ural,RU,396.15,361.95,31.13,7.95,so-ups.ru,false,
2024-03-08 08:00:00,Russia,Europe-Ural,RU,396.71,362.1,31.02,7.68,so-ups.ru,false,
2024-03-08 09:00:00,Russia,Europe-Ural,RU,397.53,362.7,30.85,7.35,so-ups.ru,false,
2024-03-08 10:00:00,Russia,Europe-Ural,RU,398.41,363.2,30.72,7.19,so-ups.ru,false,
2024-03-08 11:00:00,Russia,Europe-Ural,RU,399.93,364.2,30.44,6.73,so-ups.ru,false,
2024-03-08 12:00:00,Russia,Europe-Ural,RU,397.17,362.53,30.96,7.34,so-ups.ru,false,
2024-03-08 13:00:00,Russia,Europe-Ural,RU,397.66,362.89,30.87,7.37,so-ups.ru,false,
2024-03-08 14:00:00,Russia,Europe-Ural,RU,394.73,360.08,31.37,8.22,so-ups.ru,false,
2024-03-08 15:00:00,Russia,Europe-Ural,RU,393.28,359.42,31.65,8.97,so-ups.ru,false,
2024-03-08 16:00:00,Russia,Europe-Ural,RU,397.35,362.76,30.95,7.79,so-ups.ru,false,
2024-03-08 17:00:00,Russia,Europe-Ural,RU,394.67,361.12,31.46,8.04,so-ups.ru,false,
2024-03-08 18:00:00,Russia,Europe-Ural,RU,399.05,364.67,30.64,6.61,so-ups.ru,false,
2024-03-08 19:00:00,Russia,Europe-Ural,RU,402.1,367.37,30.14,5.52,so-ups.ru,false,
2024-03-08 20:00:00,Russia,Europe-Ural,RU,400.15,365.08,30.48,5.28,so-ups.ru,false,
2024-03-08 21:00:00,Russia,Europe-Ural,RU,409.21,373.17,28.89,3.2,so-ups.ru,false,
2024-03-08 22:00:00,Russia,Europe-Ural,RU,409.18,373.34,28.88,2.86,so-ups.ru,false,
2024-03-08 23:00:00,Russia,Europe-Ural,RU,409.07,373.45,28.96,2.82,so-ups.ru,false,
2024-03-09 00:00:00,Russia,Europe-Ural,RU,409.48,374.2,28.89,2.77,so-ups.ru,false,
2024-03-09 01:00:00,Russia,Europe-Ural,RU,409.66,374.0,28.9,2.91,so-ups.ru,false,
2024-03-09 02:00:00,Russia,Europe-Ural,RU,409.06,373.8,28.97,3.51,so-ups.ru,false,
2024-03-09 03:00:00,Russia,Europe-Ural,RU,405.82,371.03,29.54,4.77,so-ups.ru,false,
2024-03-09 04:00:00,Russia,Europe-Ural,RU,405.66,370.82,29.51,5.25,so-ups.ru,false,
2024-03-09 05:00:00,Russia,Europe-Ural,RU,403.29,368.77,29.97,6.41,so-ups.ru,false,
2024-03-09 06:00:00,Russia,Europe-Ural,RU,399.66,365.94,30.58,7.43,so-ups.ru,false,
2024-03-09 07:00:00,Russia,Europe-Ural,RU,398.43,364.28,30.76,7.56,so-ups.ru,false,
2024-03-09 08:00:00,Russia,Europe-Ural,RU,399.45,364.57,30.55,7.1,so-ups.ru,false,
2024-03-09 09:00:00,Russia,Europe-Ural,RU,399.66,365.0,30.52,7.06,so-ups.ru,false,
2024-03-09 10:00:00,Russia,Europe-Ural,RU,401.44,366.81,30.23,6.78,so-ups.ru,false,
2024-03-09 11:00:00,Russia,Europe-Ural,RU,400.89,366.2,30.32,6.85,so-ups.ru,false,
2024-03-09 12:00:00,Russia,Europe-Ural,RU,399.14,365.1,30.66,7.38,so-ups.ru,false,
2024-03-09 13:00:00,Russia,Europe-Ural,RU,398.61,364.67,30.72,7.56,so-ups.ru,false,
2024-03-09 14:00:00,Russia,Europe-Ural,RU,397.05,363.67,31.05,8.18,so-ups.ru,false,
2024-03-09 15:00:00,Russia,Europe-Ural,RU,394.01,360.82,31.5,8.86,so-ups.ru,false,
2024-03-09 16:00:00,Russia,Europe-Ural,RU,397.26,363.51,30.98,8.12,so-ups.ru,false,
2024-03-09 17:00:00,Russia,Europe-Ural,RU,398.22,364.3,30.8,7.48,so-ups.ru,false,
2024-03-09 18:00:00,Russia,Europe-Ural,RU,399.56,364.9,30.56,6.63,so-ups.ru,false,
2024-03-09 19:00:00,Russia,Europe-Ural,RU,400.88,365.77,30.29,5.59,so-ups.ru,false,
2024-03-09 20:00:00,Russia,Europe-Ural,RU,396.95,362.2,30.99,5.6,so-ups.ru,false,
2024-03-09 21:00:00,Russia,Europe-Ural,RU,407.57,370.93,29.1,3.13,so-ups.ru,false,
2024-03-09 22:00:00,Russia,Europe-Ural,RU,407.64,371.11,29.09,2.8,so-ups.ru,false,
2024-03-09 23:00:00,Russia,Europe-Ural,RU,407.77,371.03,29.09,2.63,so-ups.ru,false,
2024-03-10 00:00:00,Russia,Europe-Ural,RU,408.22,371.9,29.02,2.62,so-ups.ru,false,
2024-03-10 01:00:00,Russia,Europe-Ural,RU,408.47,372.45,28.99,2.8,so-ups.ru,false,
2024-03-10 02:00:00,Russia,Europe-Ural,RU,408.93,373.17,28.96,3.4,so-ups.ru,false,
2024-03-10 03:00:00,Russia,Europe-Ural,RU,404.8,369.67,29.66,4.75,so-ups.ru,false,
2024-03-10 04:00:00,Russia,Europe-Ural,RU,406.55,371.21,29.38,5.1,so-ups.ru,false,
2024-03-10 05:00:00,Russia,Europe-Ural,RU,401.52,367.24,30.27,6.85,so-ups.ru,false,
2024-03-10 06:00:00,Russia,Europe-Ural,RU,399.35,365.42,30.66,7.54,so-ups.ru,false,
2024-03-10 07:00:00,Russia,Europe-Ural,RU,398.84,365.02,30.74,7.66,so-ups.ru,false,
2024-03-10 08:00:00,Russia,Europe-Ural,RU,399.2,364.91,30.66,7.41,so-ups.ru,false,
2024-03-10 09:00:00,Russia,Europe-Ural,RU,399.42,364.91,30.59,7.19,so-ups.ru,false,
2024-03-10 10:00:00,Russia,Europe-Ural,RU,400.58,365.84,30.39,6.89,so-ups.ru,false,
2024-03-10 11:00:00,Russia,Europe-Ural,RU,401.17,366.33,30.27,6.71,so-ups.ru,false,
2024-03-10 12:00:00,Russia,Europe-Ural,RU,400.01,365.14,30.49,7.14,so-ups.ru,false,
2024-03-10 13:00:00,Russia,Europe-Ural,RU,399.64,365.22,30.56,7.34,so-ups.ru,false,
2024-03-10 14:00:00,Russia,Europe-Ural,RU,396.81,363.22,31.1,8.45,so-ups.ru,false,
2024-03-10 15:00:00,Russia,Europe-Ural,RU,397.13,363.54,31.02,8.7,so-ups.ru,false,
2024-03-10 16:00:00,Russia,Europe-Ural,RU,403.1,368.83,30.0,7.43,so-ups.ru,false,
2024-03-10 17:00:00,Russia,Europe-Ural,RU,408.04,373.23,29.16,6.17,so-ups.ru,false,
2024-03-10 18:00:00,Russia,Europe-Ural,RU,408.65,373.0,28.99,5.22,so-ups.ru,false,
2024-03-10 19:00:00,Russia,Europe-Ural,RU,405.63,369.97,29.49,4.89,so-ups.ru,false,
2024-03-10 20:00:00,Russia,Europe-Ural,RU,402.95,367.44,29.95,4.58,so-ups.ru,false,
2024-03-10 21:00:00,Russia,Europe-Ural,RU,403.16,368.02,29.95,4.07,so-ups.ru,false,
2024-03-10 22:00:00,Russia,Europe-Ural,RU,405.2,370.33,29.65,3.59,so-ups.ru,false,
2024-03-10 23:00:00,Russia,Europe-Ural,RU,405.18,370.2,29.62,3.51,so-ups.ru,false,
2024-03-11 00:00:00,Russia,Europe-Ural,RU,405.94,370.66,29.48,3.55,so-ups.ru,false,
2024-03-11 01:00:00,Russia,Europe-Ural,RU,409.82,374.35,28.81,3.53,so-ups.ru,false,
2024-03-11 02:00:00,Russia,Europe-Ural,RU,411.59,376.11,28.52,4.34,so-ups.ru,false,
2024-03-11 03:00:00,Russia,Europe-Ural,RU,408.12,373.04,29.1,5.85,so-ups.ru,false,
2024-03-11 04:00:00,Russia,Europe-Ural,RU,404.57,370.32,29.71,7.27,so-ups.ru,false,
2024-03-11 05:00:00,Russia,Europe-Ural,RU,403.91,369.96,29.85,7.98,so-ups.ru,false,
2024-03-11 06:00:00,Russia,Europe-Ural,RU,401.1,366.95,30.32,8.4,so-ups.ru,false,
2024-03-11 07:00:00,Russia,Europe-Ural,RU,399.83,365.53,30.51,8.32,so-ups.ru,false,
2024-03-11 08:00:00,Russia,Europe-Ural,RU,401.99,367.27,30.14,7.8,so-ups.ru,false,
2024-03-11 09:00:00,Russia,Europe-Ural,RU,403.46,368.45,29.86,7.45,so-ups.ru,false,
2024-03-11 10:00:00,Russia,Europe-Ural,RU,403.51,368.64,29.86,7.45,so-ups.ru,false,
2024-03-11 11:00:00,Russia,Europe-Ural,RU,404.53,369.08,29.66,7.04,so-ups.ru,false,
2024-03-11 12:00:00,Russia,Europe-Ural,RU,405.14,369.88,29.58,7.03,so-ups.ru,false,
2024-03-11 13:00:00,Russia,Europe-Ural,RU,405.2,369.79,29.57,7.04,so-ups.ru,false,
2024-03-11 14:00:00,Russia,Europe-Ural,RU,402.41,367.61,30.04,7.8,so-ups.ru,false,
2024-03-11 15:00:00,Russia,Europe-Ural,RU,402.06,367.54,30.14,8.17,so-ups.ru,false,
2024-03-11 16:00:00,Russia,Europe-Ural,RU,405.86,370.86,29.5,7.28,so-ups.ru,false,
2024-03-11 17:00:00,Russia,Europe-Ural,RU,407.93,372.66,29.15,6.43,so-ups.ru,false,
2024-03-11 18:00:00,Russia,Europe-Ural,RU,405.79,370.29,29.48,5.98,so-ups.ru,false,
2024-03-11 19:00:00,Russia,Europe-Ural,RU,400.34,364.94,30.38,5.95,so-ups.ru,false,
2024-03-11 20:00:00,Russia,Europe-Ural,RU,398.55,363.2,30.68,5.34,so-ups.ru,false,
2024-03-11 21:00:00,Russia,Europe-Ural,RU,404.42,368.58,29.68,3.88,so-ups.ru,false,
2024-03-11 22:00:00,Russia,Europe-Ural,RU,407.03,371.21,29.29,3.28,so-ups.ru,false,
2024-03-11 23:00:00,Russia,Europe-Ural,RU,407.02,371.37,29.3,3.41,so-ups.ru,false,
2024-03-12 00:00:00,Russia,Europe-Ural,RU,407.76,372.37,29.15,3.45,so-ups.ru,false,
2024-03-12 01:00:00,Russia,Europe-Ural,RU,410.37,374.96,28.69,3.52,so-ups.ru,false,
2024-03-12 02:00:00,Russia,Europe-Ural,RU,412.68,377.43,28.3,4.03,so-ups.ru,false,
2024-03-12 03:00:00,Russia,Europe-Ural,RU,408.67,373.72,28.99,5.69,so-ups.ru,false,
2024-03-12 04:00:00,Russia,Europe-Ural,RU,404.47,370.18,29.68,6.99,so-ups.ru,false,
2024-03-12 05:00:00,Russia,Europe-Ural,RU,401.94,368.26,30.15,8.14,so-ups.ru,false,
2024-03-12 06:00:00,Russia,Europe-Ural,RU,398.54,364.92,30.74,8.71,so-ups.ru,false,
2024-03-12 07:00:00,Russia,Europe-Ural,RU,395.83,362.17,31.19,8.9,so-ups.ru,false,
2024-03-12 08:00:00,Russia,Europe-Ural,RU,401.91,367.09,30.13,7.41,so-ups.ru,false,
2024-03-12 09:00:00,Russia,Europe-Ural,RU,401.89,367.16,30.16,7.44,so-ups.ru,false,
2024-03-12 10:00:00,Russia,Europe-Ural,RU,403.22,368.8,29.93,7.02,so-ups.ru,false,
2024-03-12 11:00:00,Russia,Europe-Ural,RU,403.11,367.89,29.93,6.84,so-ups.ru,false,
2024-03-12 12:00:00,Russia,Europe-Ural,RU,404.09,369.18,29.76,6.75,so-ups.ru,false,
2024-03-12 13:00:00,Russia,Europe-Ural,RU,403.33,368.34,29.86,6.88,so-ups.ru,false,
2024-03-12 14:00:00,Russia,Europe-Ural,RU,399.59,365.33,30.51,7.81,so-ups.ru,false,
2024-03-12 15:00:00,Russia,Europe-Ural,RU,399.47,365.41,30.57,8.42,so-ups.ru,false,
2024-03-12 16:00:00,Russia,Europe-Ural,RU,400.75,366.39,30.35,7.77,so-ups.ru,false,
2024-03-12 17:00:00,Russia,Europe-Ural,RU,403.3,368.75,29.93,6.89,so-ups.ru,false,
2024-03-12 18:00:00,Russia,Europe-Ural,RU,402.06,367.64,30.18,6.34,so-ups.ru,false,
2024-03-12 19:00:00,Russia,Europe-Ural,RU,398.58,363.99,30.73,5.93,so-ups.ru,false,
2024-03-12 20:00:00,Russia,Europe-Ural,RU,401.81,366.68,30.14,4.59,so-ups.ru,false,
2024-03-12 21:00:00,Russia,Europe-Ural,RU,405.86,369.87,29.43,3.53,so-ups.ru,false,
2024-03-12 22:00:00,Russia,Europe-Ural,RU,406.37,370.87,29.4,3.51,so-ups.ru,false,
2024-03-12 23:00:00,Russia,Europe-Ural,RU,407.36,371.65,29.2,3.38,so-ups.ru,false,
2024-03-13 00:00:00,Russia,Europe-Ural,RU,407.92,372.8,29.13,3.55,so-ups.ru,false,
2024-03-13 01:00:00,Russia,Europe-Ural,RU,409.59,373.97,28.84,3.73,so-ups.ru,false,
2024-03-13 02:00:00,Russia,Europe-Ural,RU,412.55,377.19,28.33,4.07,so-ups.ru,false,
2024-03-13 03:00:00,Russia,Europe-Ural,RU,411.57,376.05,28.46,5.21,so-ups.ru,false,
2024-03-13 04:00:00,Russia,Europe-Ural,RU,406.11,371.23,29.4,6.64,so-ups.ru,false,
2024-03-13 05:00:00,Russia,Europe-Ural,RU,400.27,366.65,30.44,8.44,so-ups.ru,false,
2024-03-13 06:00:00,Russia,Europe-Ural,RU,400.66,366.74,30.37,8.44,so-ups.ru,false,
2024-03-13 07:00:00,Russia,Europe-Ural,RU,397.63,363.79,30.85,8.57,so-ups.ru,false,
2024-03-13 08:00:00,Russia,Europe-Ural,RU,401.17,366.55,30.28,7.7,so-ups.ru,false,
2024-03-13 09:00:00,Russia,Europe-Ural,RU,402.89,368.09,29.96,7.26,so-ups.ru,false,
2024-03-13 10:00:00,Russia,Europe-Ural,RU,402.97,368.06,29.95,7.23,so-ups.ru,false,
2024-03-13 11:00:00,Russia,Europe-Ural,RU,404.85,369.45,29.63,6.76,so-ups.ru,false,
2024-03-13 12:00:00,Russia,Europe-Ural,RU,404.35,368.75,29.71,6.86,so-ups.ru,false,
2024-03-13 13:00:00,Russia,Europe-Ural,RU,405.52,370.22,29.53,6.77,so-ups.ru,false,
2024-03-13 14:00:00,Russia,Europe-Ural,RU,402.66,368.09,30.05,7.57,so-ups.ru,false,
2024-03-13 15:00:00,Russia,Europe-Ural,RU,401.31,367.18,30.3,8.1,so-ups.ru,false,
2024-03-13 16:00:00,Russia,Europe-Ural,RU,403.14,368.31,29.96,7.46,so-ups.ru,false,
2024-03-13 17:00:00,Russia,Europe-Ural,RU,407.01,372.12,29.33,6.44,so-ups.ru,false,
2024-03-13 18:00:00,Russia,Europe-Ural,RU,408.02,372.59,29.12,5.44,so-ups.ru,false,
2024-03-13 19:00:00,Russia,Europe-Ural,RU,406.4,370.9,29.42,4.86,so-ups.ru,false,
2024-03-13 20:00:00,Russia,Europe-Ural,RU,408.06,372.45,29.11,3.74,so-ups.ru,false,
2024-03-13 21:00:00,Russia,Europe-Ural,RU,405.38,370.31,29.58,3.71,so-ups.ru,false,
2024-03-13 22:00:00,Russia,Europe-Ural,RU,405.93,371.39,29.57,3.67,so-ups.ru,false,
2024-03-13 23:00:00,Russia,Europe-Ural,RU,407.73,373.11,29.2,3.64,so-ups.ru,false,
2024-03-14 00:00:00,Russia,Europe-Ural,RU,407.93,373.22,29.14,3.69,so-ups.ru,false,
2024-03-14 01:00:00,Russia,Europe-Ural,RU,410.28,375.71,28.77,3.88,so-ups.ru,false,
2024-03-14 02:00:00,Russia,Europe-Ural,RU,412.71,377.82,28.33,4.34,so-ups.ru,false,
2024-03-14 03:00:00,Russia,Europe-Ural,RU,411.07,376.09,28.59,5.5,so-ups.ru,false,
2024-03-14 04:00:00,Russia,Europe-Ural,RU,410.64,375.92,28.66,6.25,so-ups.ru,false,
2024-03-14 05:00:00,Russia,Europe-Ural,RU,402.02,368.63,30.19,8.41,so-ups.ru,false,
2024-03-14 06:00:00,Russia,Europe-Ural,RU,398.6,365.29,30.74,8.92,so-ups.ru,false,
2024-03-14 07:00:00,Russia,Europe-Ural,RU,398.84,364.99,30.69,8.59,so-ups.ru,false,
2024-03-14 08:00:00,Russia,Europe-Ural,RU,401.16,366.9,30.28,8.05,so-ups.ru,false,
2024-03-14 09:00:00,Russia,Europe-Ural,RU,403.14,368.13,29.93,7.54,so-ups.ru,false,
2024-03-14 10:00:00,Russia,Europe-Ural,RU,404.17,369.13,29.76,7.41,so-ups.ru,false,
2024-03-14 11:00:00,Russia,Europe-Ural,RU,405.51,370.56,29.57,7.25,so-ups.ru,false,
2024-03-14 12:00:00,Russia,Europe-Ural,RU,405.49,370.46,29.54,7.23,so-ups.ru,false,
2024-03-14 13:00:00,Russia,Europe-Ural,RU,406.31,371.02,29.41,7.14,so-ups.ru,false,
2024-03-14 14:00:00,Russia,Europe-Ural,RU,402.39,367.67,30.08,8.09,so-ups.ru,false,
2024-03-14 15:00:00,Russia,Europe-Ural,RU,401.93,367.73,30.16,8.39,so-ups.ru,false,
2024-03-14 16:00:00,Russia,Europe-Ural,RU,402.41,368.08,30.1,8.07,so-ups.ru,false,
2024-03-14 17:00:00,Russia,Europe-Ural,RU,405.53,370.95,29.59,7.14,so-ups.ru,false,
2024-03-14 18:00:00,Russia,Europe-Ural,RU,405.65,370.63,29.52,6.32,so-ups.ru,false,
2024-03-14 19:00:00,Russia,Europe-Ural,RU,400.48,366.07,30.43,6.34,so-ups.ru,false,
2024-03-14 20:00:00,Russia,Europe-Ural,RU,402.58,367.29,30.04,5.04,so-ups.ru,false,
2024-03-14 21:00:00,Russia,Europe-Ural,RU,409.13,373.23,28.95,3.58,so-ups.ru,false,
2024-03-14 22:00:00,Russia,Europe-Ural,RU,407.73,371.62,29.16,3.45,so-ups.ru,false,
2024-03-14 23:00:00,Russia,Europe-Ural,RU,408.56,371.79,28.95,3.13,so-ups.ru,false,
2024-03-15 00:00:00,Russia,Europe-Ural,RU,410.01,373.7,28.72,3.14,so-ups.ru,false,
2024-03-15 01:00:00,Russia,Europe-Ural,RU,412.18,376.15,28.4,3.43,so-ups.ru,false,
2024-03-15 02:00:00,Russia,Europe-Ural,RU,415.7,379.87,27.81,3.81,so-ups.ru,false,
2024-03-15 03:00:00,Russia,Europe-Ural,RU,417.57,381.22,27.45,5.25,so-ups.ru,false,
2024-03-15 04:00:00,Russia,Europe-Ural,RU,412.47,376.71,28.35,6.79,so-ups.ru,false,
2024-03-15 05:00:00,Russia,Europe-Ural,RU,405.13,370.83,29.6,8.63,so-ups.ru,false,
2024-03-15 06:00:00,Russia,Europe-Ural,RU,404.31,369.63,29.74,8.79,so-ups.ru,false,
2024-03-15 07:00:00,Russia,Europe-Ural,RU,404.18,368.98,29.73,8.59,so-ups.ru,false,
2024-03-15 08:00:00,Russia,Europe-Ural,RU,406.03,370.15,29.41,8.04,so-ups.ru,false,
2024-03-15 09:00:00,Russia,Europe-Ural,RU,407.85,372.05,29.11,7.75,so-ups.ru,false,
2024-03-15 10:00:00,Russia,Europe-Ural,RU,408.72,372.72,28.95,7.54,so-ups.ru,false,
2024-03-15 11:00:00,Russia,Europe-Ural,RU,409.77,373.48,28.75,7.26,so-ups.ru,false,
2024-03-15 12:00:00,Russia,Europe-Ural,RU,410.84,374.48,28.58,7.22,so-ups.ru,false,
2024-03-15 13:00:00,Russia,Europe-Ural,RU,411.27,374.76,28.5,7.18,so-ups.ru,false,
2024-03-15 14:00:00,Russia,Europe-Ural,RU,407.72,372.0,29.14,8.01,so-ups.ru,false,
2024-03-15 15:00:00,Russia,Europe-Ural,RU,408.08,372.86,29.11,8.24,so-ups.ru,false,
2024-03-15 16:00:00,Russia,Europe-Ural,RU,407.45,372.45,29.24,8.17,so-ups.ru,false,
2024-03-15 17:00:00,Russia,Europe-Ural,RU,411.76,376.18,28.5,6.93,so-ups.ru,false,
2024-03-15 18:00:00,Russia,Europe-Ural,RU,412.7,376.56,28.32,6.07,so-ups.ru,false,
2024-03-15 19:00:00,Russia,Europe-Ural,RU,413.11,376.51,28.23,5.1,so-ups.ru,false,
2024-03-15 20:00:00,Russia,Europe-Ural,RU,411.67,374.71,28.45,4.55,so-ups.ru,false,
2024-03-15 21:00:00,Russia,Europe-Ural,RU,412.67,375.65,28.26,3.74,so-ups.ru,false,
2024-03-15 22:00:00,Russia,Europe-Ural,RU,412.58,375.79,28.32,3.64,so-ups.ru,false,
2024-03-15 23:00:00,Russia,Europe-Ural,RU,412.47,375.89,28.35,3.58,so-ups.ru,false,
2024-03-16 00:00:00,Russia,Europe-Ural,RU,412.38,376.03,28.42,3.75,so-ups.ru,false,
2024-03-16 01:00:00,Russia,Europe-Ural,RU,413.29,377.16,28.23,3.91,so-ups.ru,false,
2024-03-16 02:00:00,Russia,Europe-Ural,RU,417.06,380.58,27.57,3.77,so-ups.ru,false,
2024-03-16 03:00:00,Russia,Europe-Ural,RU,412.07,376.2,28.45,5.08,so-ups.ru,false,
2024-03-16 04:00:00,Russia,Europe-Ural,RU,412.23,376.49,28.4,5.61,so-ups.ru,false,
2024-03-16 05:00:00,Russia,Europe-Ural,RU,410.65,375.45,28.7,6.69,so-ups.ru,false,
2024-03-16 06:00:00,Russia,Europe-Ural,RU,409.15,373.8,28.92,7.31,so-ups.ru,false,
2024-03-16 07:00:00,Russia,Europe-Ural,RU,409.15,373.65,28.86,7.19,so-ups.ru,false,
2024-03-16 08:00:00,Russia,Europe-Ural,RU,408.69,373.16,28.95,7.21,so-ups.ru,false,
2024-03-16 09:00:00,Russia,Europe-Ural,RU,407.98,372.59,29.1,7.11,so-ups.ru,false,
2024-03-16 10:00:00,Russia,Europe-Ural,RU,409.32,373.85,28.89,7.02,so-ups.ru,false,
2024-03-16 11:00:00,Russia,Europe-Ural,RU,400.67,366.04,30.39,7.69,so-ups.ru,false,
2024-03-16 12:00:00,Russia,Europe-Ural,RU,400.55,366.02,30.41,7.66,so-ups.ru,false,
2024-03-16 13:00:00,Russia,Europe-Ural,RU,398.83,364.63,30.69,8.05,so-ups.ru,false,
2024-03-16 14:00:00,Russia,Europe-Ural,RU,397.38,363.53,30.93,8.43,so-ups.ru,false,
2024-03-16 15:00:00,Russia,Europe-Ural,RU,399.15,365.36,30.64,8.41,so-ups.ru,false,
2024-03-16 16:00:00,Russia,Europe-Ural,RU,398.86,364.95,30.71,8.29,so-ups.ru,false,
2024-03-16 17:00:00,Russia,Europe-Ural,RU,400.92,367.16,30.4,7.61,so-ups.ru,false,
2024-03-16 18:00:00,Russia,Europe-Ural,RU,402.63,368.03,30.07,6.77,so-ups.ru,false,
2024-03-16 19:00:00,Russia,Europe-Ural,RU,405.24,369.86,29.57,5.42,so-ups.ru,false,
2024-03-16 20:00:00,Russia,Europe-Ural,RU,407.85,372.26,29.14,4.49,so-ups.ru,false,
2024-03-16 21:00:00,Russia,Europe-Ural,RU,408.16,372.91,29.14,3.93,so-ups.ru,false,
2024-03-16 22:00:00,Russia,Europe-Ural,RU,406.93,372.14,29.37,3.87,so-ups.ru,false,
2024-03-16 23:00:00,Russia,Europe-Ural,RU,406.69,372.18,29.43,3.77,so-ups.ru,false,
2024-03-17 00:00:00,Russia,Europe-Ural,RU,405.54,370.77,29.63,3.83,so-ups.ru,false,
2024-03-17 01:00:00,Russia,Europe-Ural,RU,405.85,371.4,29.59,4.14,so-ups.ru,false,
2024-03-17 02:00:00,Russia,Europe-Ural,RU,406.82,372.47,29.42,4.36,so-ups.ru,false,
2024-03-17 03:00:00,Russia,Europe-Ural,RU,403.46,369.07,29.99,5.34,so-ups.ru,false,
2024-03-17 04:00:00,Russia,Europe-Ural,RU,404.33,369.88,29.81,5.82,so-ups.ru,false,
2024-03-17 05:00:00,Russia,Europe-Ural,RU,404.29,369.73,29.79,6.46,so-ups.ru,false,
2024-03-17 06:00:00,Russia,Europe-Ural,RU,400.3,366.35,30.49,7.53,so-ups.ru,false,
2024-03-17 07:00:00,Russia,Europe-Ural,RU,398.54,364.9,30.77,7.8,so-ups.ru,false,
2024-03-17 08:00:00,Russia,Europe-Ural,RU,397.9,363.86,30.86,7.77,so-ups.ru,false,
2024-03-17 09:00:00,Russia,Europe-Ural,RU,397.52,363.47,30.93,7.81,so-ups.ru,false,
2024-03-17 10:00:00,Russia,Europe-Ural,RU,397.26,363.19,30.98,7.85,so-ups.ru,false,
2024-03-17 11:00:00,Russia,Europe-Ural,RU,396.85,363.04,31.06,7.99,so-ups.ru,false,
2024-03-17 12:00:00,Russia,Europe-Ural,RU,396.88,363.31,31.08,8.2,so-ups.ru,false,
2024-03-17 13:00:00,Russia,Europe-Ural,RU,399.1,364.97,30.68,8.05,so-ups.ru,false,
2024-03-17 14:00:00,Russia,Europe-Ural,RU,398.81,365.14,30.75,8.37,so-ups.ru,false,
2024-03-17 15:00:00,Russia,Europe-Ural,RU,401.52,367.74,30.29,8.45,so-ups.ru,false,
2024-03-17 16:00:00,Russia,Europe-Ural,RU,402.72,368.65,30.07,8.12,so-ups.ru,false,
2024-03-17 17:00:00,Russia,Europe-Ural,RU,405.8,371.5,29.56,7.1,so-ups.ru,false,
2024-03-17 18:00:00,Russia,Europe-Ural,RU,401.5,367.77,30.34,7.19,so-ups.ru,false,
2024-03-17 19:00:00,Russia,Europe-Ural,RU,399.34,365.95,30.69,6.66,so-ups.ru,false,
2024-03-17 20:00:00,Russia,Europe-Ural,RU,404.28,369.65,29.81,4.86,so-ups.ru,false,
2024-03-17 21:00:00,Russia,Europe-Ural,RU,406.94,371.84,29.37,3.79,so-ups.ru,false,
2024-03-17 22:00:00,Russia,Europe-Ural,RU,406.6,371.91,29.47,3.76,so-ups.ru,false,
2024-03-17 23:00:00,Russia,Europe-Ural,RU,405.72,370.79,29.57,3.67,so-ups.ru,false,
2024-03-18 00:00:00,Russia,Europe-Ural,RU,406.3,371.61,29.48,3.82,so-ups.ru,false,
2024-03-18 01:00:00,Russia,Europe-Ural,RU,408.95,373.96,29.03,3.97,so-ups.ru,false,
2024-03-18 02:00:00,Russia,Europe-Ural,RU,412.5,377.28,28.37,4.15,so-ups.ru,false,
2024-03-18 03:00:00,Russia,Europe-Ural,RU,408.42,373.67,29.03,5.67,so-ups.ru,false,
2024-03-18 04:00:00,Russia,Europe-Ural,RU,406.38,372.18,29.43,6.84,so-ups.ru,false,
2024-03-18 05:00:00,Russia,Europe-Ural,RU,404.19,370.15,29.81,7.83,so-ups.ru,false,
2024-03-18 06:00:00,Russia,Europe-Ural,RU,401.44,367.27,30.26,8.3,so-ups.ru,false,
2024-03-18 07:00:00,Russia,Europe-Ural,RU,399.55,364.83,30.55,8.45,so-ups.ru,false,
2024-03-18 08:00:00,Russia,Europe-Ural,RU,406.35,370.87,29.38,7.32,so-ups.ru,false,
2024-03-18 09:00:00,Russia,Europe-Ural,RU,406.03,370.27,29.41,7.27,so-ups.ru,false,
2024-03-18 10:00:00,Russia,Europe-Ural,RU,405.39,369.88,29.53,7.18,so-ups.ru,false,
2024-03-18 11:00:00,Russia,Europe-Ural,RU,406.53,371.4,29.35,7.01,so-ups.ru,false,
2024-03-18 12:00:00,Russia,Europe-Ural,RU,406.73,371.16,29.31,6.87,so-ups.ru,false,
2024-03-18 13:00:00,Russia,Europe-Ural,RU,406.98,371.03,29.26,6.82,so-ups.ru,false,
2024-03-18 14:00:00,Russia,Europe-Ural,RU,402.04,366.8,30.11,7.84,so-ups.ru,false,
2024-03-18 15:00:00,Russia,Europe-Ural,RU,402.68,367.52,30.01,8.02,so-ups.ru,false,
2024-03-18 16:00:00,Russia,Europe-Ural,RU,401.92,366.96,30.16,7.83,so-ups.ru,false,
2024-03-18 17:00:00,Russia,Europe-Ural,RU,404.53,369.27,29.72,6.93,so-ups.ru,false,
2024-03-18 18:00:00,Russia,Europe-Ural,RU,403.37,367.64,29.86,6.37,so-ups.ru,false,
2024-03-18 19:00:00,Russia,Europe-Ural,RU,400.18,364.45,30.39,5.93,so-ups.ru,false,
2024-03-18 20:00:00,Russia,Europe-Ural,RU,404.22,367.62,29.69,4.41,so-ups.ru,false,
2024-03-18 21:00:00,Russia,Europe-Ural,RU,407.46,370.4,29.13,3.01,so-ups.ru,false,
2024-03-18 22:00:00,Russia,Europe-Ural,RU,408.31,371.53,29.01,2.71,so-ups.ru,false,
2024-03-18 23:00:00,Russia,Europe-Ural,RU,408.17,371.17,29.01,2.57,so-ups.ru,false,
2024-03-19 00:00:00,Russia,Europe-Ural,RU,406.95,369.99,29.24,3.04,so-ups.ru,false,
2024-03-19 01:00:00,Russia,Europe-Ural,RU,406.3,370.0,29.35,3.83,so-ups.ru,false,
2024-03-19 02:00:00,Russia,Europe-Ural,RU,408.89,372.1,28.91,4.22,so-ups.ru,false,
2024-03-19 03:00:00,Russia,Europe-Ural,RU,407.79,371.46,29.11,5.5,so-ups.ru,false,
2024-03-19 04:00:00,Russia,Europe-Ural,RU,404.51,369.57,29.69,6.88,so-ups.ru,false,
2024-03-19 05:00:00,Russia,Europe-Ural,RU,403.15,368.92,29.95,8.05,so-ups.ru,false,
2024-03-19 06:00:00,Russia,Europe-Ural,RU,400.49,366.61,30.42,8.56,so-ups.ru,false,
2024-03-19 07:00:00,Russia,Europe-Ural,RU,397.74,363.58,30.87,8.52,so-ups.ru,false,
2024-03-19 08:00:00,Russia,Europe-Ural,RU,399.15,365.24,30.64,7.9,so-ups.ru,false,
2024-03-19 09:00:00,Russia,Europe-Ural,RU,400.97,366.68,30.33,7.46,so-ups.ru,false,
2024-03-19 10:00:00,Russia,Europe-Ural,RU,401.52,366.76,30.21,7.35,so-ups.ru,false,
2024-03-19 11:00:00,Russia,Europe-Ural,RU,400.79,365.25,30.31,7.21,so-ups.ru,false,
2024-03-19 12:00:00,Russia,Europe-Ural,RU,401.82,366.2,30.13,7.03,so-ups.ru,false,
2024-03-19 13:00:00,Russia,Europe-Ural,RU,402.35,366.83,30.04,6.95,so-ups.ru,false,
2024-03-19 14:00:00,Russia,Europe-Ural,RU,398.16,363.08,30.78,7.95,so-ups.ru,false,
2024-03-19 15:00:00,Russia,Europe-Ural,RU,398.45,363.67,30.72,8.16,so-ups.ru,false,
2024-03-19 16:00:00,Russia,Europe-Ural,RU,400.22,365.07,30.43,7.75,so-ups.ru,false,
2024-03-19 17:00:00,Russia,Europe-Ural,RU,402.71,367.39,30.01,6.93,so-ups.ru,false,
2024-03-19 18:00:00,Russia,Europe-Ural,RU,396.83,361.66,30.97,6.75,so-ups.ru,false,
2024-03-19 19:00:00,Russia,Europe-Ural,RU,390.76,356.81,32.07,6.7,so-ups.ru,false,
2024-03-19 20:00:00,Russia,Europe-Ural,RU,390.9,357.01,32.08,5.91,so-ups.ru,false,
2024-03-19 21:00:00,Russia,Europe-Ural,RU,400.79,365.67,30.33,3.62,so-ups.ru,false,
2024-03-19 22:00:00,Russia,Europe-Ural,RU,398.32,362.84,30.7,3.55,so-ups.ru,false,
2024-03-19 23:00:00,Russia,Europe-Ural,RU,399.54,363.71,30.52,3.35,so-ups.ru,false,
2024-03-20 00:00:00,Russia,Europe-Ural,RU,401.4,365.94,30.23,3.5,so-ups.ru,false,
2024-03-20 01:00:00,Russia,Europe-Ural,RU,405.12,370.07,29.64,3.54,so-ups.ru,false,
2024-03-20 02:00:00,Russia,Europe-Ural,RU,406.66,371.22,29.36,4.05,so-ups.ru,false,
2024-03-20 03:00:00,Russia,Europe-Ural,RU,404.35,369.62,29.77,5.45,so-ups.ru,false,
2024-03-20 04:00:00,Russia,Europe-Ural,RU,403.32,368.46,29.89,6.34,so-ups.ru,false,
2024-03-20 05:00:00,Russia,Europe-Ural,RU,403.81,369.48,29.83,7.98,so-ups.ru,false,
2024-03-20 06:00:00,Russia,Europe-Ural,RU,400.05,365.63,30.44,8.53,so-ups.ru,false,
2024-03-20 07:00:00,Russia,Europe-Ural,RU,399.97,365.37,30.46,8.28,so-ups.ru,false,
2024-03-20 08:00:00,Russia,Europe-Ural,RU,403.34,368.7,29.87,7.46,so-ups.ru,false,
2024-03-20 09:00:00,Russia,Europe-Ural,RU,405.45,370.4,29.5,7.0,so-ups.ru,false,
2024-03-20 10:00:00,Russia,Europe-Ural,RU,403.21,367.54,29.87,7.39,so-ups.ru,false,
2024-03-20 11:00:00,Russia,Europe-Ural,RU,404.04,368.04,29.72,7.05,so-ups.ru,false,
2024-03-20 12:00:00,Russia,Europe-Ural,RU,403.25,367.6,29.81,7.18,so-ups.ru,false,
2024-03-20 13:00:00,Russia,Europe-Ural,RU,405.09,369.52,29.52,6.93,so-ups.ru,false,
2024-03-20 14:00:00,Russia,Europe-Ural,RU,401.35,366.36,30.21,7.83,so-ups.ru,false,
2024-03-20 15:00:00,Russia,Europe-Ural,RU,400.25,365.42,30.39,8.32,so-ups.ru,false,
2024-03-20 16:00:00,Russia,Europe-Ural,RU,401.3,366.21,30.22,8.04,so-ups.ru,false,
2024-03-20 17:00:00,Russia,Europe-Ural,RU,404.0,368.43,29.72,7.0,so-ups.ru,false,
2024-03-20 18:00:00,Russia,Europe-Ural,RU,406.84,370.96,29.27,6.03,so-ups.ru,false,
2024-03-20 19:00:00,Russia,Europe-Ural,RU,404.0,367.93,29.7,5.18,so-ups.ru,false,
2024-03-20 20:00:00,Russia,Europe-Ural,RU,403.52,367.39,29.78,4.59,so-ups.ru,false,
2024-03-20 21:00:00,Russia,Europe-Ural,RU,405.27,369.08,29.48,3.75,so-ups.ru,false,
2024-03-20 22:00:00,Russia,Europe-Ural,RU,403.97,367.89,29.73,3.77,so-ups.ru,false,
2024-03-20 23:00:00,Russia,Europe-Ural,RU,404.49,368.44,29.64,3.72,so-ups.ru,false,
2024-03-21 00:00:00,Russia,Europe-Ural,RU,405.61,369.87,29.44,3.75,so-ups.ru,false,
2024-03-21 01:00:00,Russia,Europe-Ural,RU,407.06,371.62,29.19,4.04,so-ups.ru,false,
2024-03-21 02:00:00,Russia,Europe-Ural,RU,411.44,375.9,28.49,4.39,so-ups.ru,false,
2024-03-21 03:00:00,Russia,Europe-Ural,RU,409.85,374.12,28.73,5.5,so-ups.ru,false,
2024-03-21 04:00:00,Russia,Europe-Ural,RU,407.24,371.85,29.18,6.61,so-ups.ru,false,
2024-03-21 05:00:00,Russia,Europe-Ural,RU,401.5,367.26,30.16,8.22,so-ups.ru,false,
2024-03-21 06:00:00,Russia,Europe-Ural,RU,398.91,364.32,30.57,8.62,so-ups.ru,false,
2024-03-21 07:00:00,Russia,Europe-Ural,RU,399.69,364.65,30.49,8.35,so-ups.ru,false,
2024-03-21 08:00:00,Russia,Europe-Ural,RU,402.64,367.78,29.98,7.76,so-ups.ru,false,
2024-03-21 09:00:00,Russia,Europe-Ural,RU,402.91,367.87,29.96,7.76,so-ups.ru,false,
2024-03-21 10:00:00,Russia,Europe-Ural,RU,402.71,367.13,29.96,7.59,so-ups.ru,false,
2024-03-21 11:00:00,Russia,Europe-Ural,RU,403.5,368.1,29.84,7.45,so-ups.ru,false,
2024-03-21 12:00:00,Russia,Europe-Ural,RU,402.98,367.47,29.92,7.44,so-ups.ru,false,
2024-03-21 13:00:00,Russia,Europe-Ural,RU,403.03,367.37,29.91,7.4,so-ups.ru,false,
2024-03-21 14:00:00,Russia,Europe-Ural,RU,399.87,365.32,30.45,8.13,so-ups.ru,false,
2024-03-21 15:00:00,Russia,Europe-Ural,RU,398.52,363.81,30.69,8.62,so-ups.ru,false,
2024-03-21 16:00:00,Russia,Europe-Ural,RU,400.24,365.41,30.4,8.2,so-ups.ru,false,
2024-03-21 17:00:00,Russia,Europe-Ural,RU,403.43,368.05,29.86,7.29,so-ups.ru,false,
2024-03-21 18:00:00,Russia,Europe-Ural,RU,401.89,366.39,30.12,6.68,so-ups.ru,false,
2024-03-21 19:00:00,Russia,Europe-Ural,RU,399.68,364.16,30.48,6.17,so-ups.ru,false,
2024-03-21 20:00:00,Russia,Europe-Ural,RU,400.95,365.18,30.29,5.16,so-ups.ru,false,
2024-03-21 21:00:00,Russia,Europe-Ural,RU,403.64,367.28,29.78,4.09,so-ups.ru,false,
2024-03-21 22:00:00,Russia,Europe-Ural,RU,402.62,367.03,29.98,4.04,so-ups.ru,false,
2024-03-21 23:00:00,Russia,Europe-Ural,RU,402.92,366.92,29.9,3.94,so-ups.ru,false,
2024-03-22 00:00:00,Russia,Europe-Ural,RU,403.58,368.03,29.83,4.12,so-ups.ru,false,
2024-03-22 01:00:00,Russia,Europe-Ural,RU,405.9,370.22,29.41,4.22,so-ups.ru,false,
2024-03-22 02:00:00,Russia,Europe-Ural,RU,410.03,374.36,28.71,4.44,so-ups.ru,false,
2024-03-22 03:00:00,Russia,Europe-Ural,RU,408.69,373.43,28.97,5.71,so-ups.ru,false,
2024-03-22 04:00:00,Russia,Europe-Ural,RU,406.05,371.24,29.41,6.87,so-ups.ru,false,
2024-03-22 05:00:00,Russia,Europe-Ural,RU,401.28,366.93,30.24,8.25,so-ups.ru,false,
2024-03-22 06:00:00,Russia,Europe-Ural,RU,400.1,365.91,30.44,8.81,so-ups.ru,false,
2024-03-22 07:00:00,Russia,Europe-Ural,RU,398.69,364.04,30.64,8.75,so-ups.ru,false,
2024-03-22 08:00:00,Russia,Europe-Ural,RU,402.81,367.67,29.96,7.9,so-ups.ru,false,
2024-03-22 09:00:00,Russia,Europe-Ural,RU,403.01,367.31,29.92,7.78,so-ups.ru,false,
2024-03-22 10:00:00,Russia,Europe-Ural,RU,403.5,367.82,29.79,7.71,so-ups.ru,false,
2024-03-22 11:00:00,Russia,Europe-Ural,RU,404.73,368.82,29.62,7.52,so-ups.ru,false,
2024-03-22 12:00:00,Russia,Europe-Ural,RU,405.2,369.08,29.54,7.46,so-ups.ru,false,
2024-03-22 13:00:00,Russia,Europe-Ural,RU,406.28,370.42,29.37,7.33,so-ups.ru,false,
2024-03-22 14:00:00,Russia,Europe-Ural,RU,403.15,368.04,29.91,7.96,so-ups.ru,false,
2024-03-22 15:00:00,Russia,Europe-Ural,RU,403.22,368.24,29.93,8.44,so-ups.ru,false,
2024-03-22 16:00:00,Russia,Europe-Ural,RU,405.68,370.48,29.51,7.86,so-ups.ru,false,
2024-03-22 17:00:00,Russia,Europe-Ural,RU,407.87,372.25,29.09,6.89,so-ups.ru,false,
2024-03-22 18:00:00,Russia,Europe-Ural,RU,405.77,369.83,29.48,6.61,so-ups.ru,false,
2024-03-22 19:00:00,Russia,Europe-Ural,RU,402.83,367.04,29.93,6.09,so-ups.ru,false,
2024-03-22 20:00:00,Russia,Europe-Ural,RU,406.38,369.61,29.3,4.57,so-ups.ru,false,
2024-03-22 21:00:00,Russia,Europe-Ural,RU,406.92,370.42,29.22,4.01,so-ups.ru,false,
2024-03-22 22:00:00,Russia,Europe-Ural,RU,406.2,369.88,29.38,4.0,so-ups.ru,false,
2024-03-22 23:00:00,Russia,Europe-Ural,RU,404.91,368.47,29.57,3.92,so-ups.ru,false,
2024-03-23 00:00:00,Russia,Europe-Ural,RU,406.43,369.65,29.31,3.89,so-ups.ru,false,
2024-03-23 01:00:00,Russia,Europe-Ural,RU,406.24,370.18,29.38,4.13,so-ups.ru,false,
2024-03-23 02:00:00,Russia,Europe-Ural,RU,406.99,370.98,29.26,4.46,so-ups.ru,false,
2024-03-23 03:00:00,Russia,Europe-Ural,RU,402.23,367.12,30.1,5.82,so-ups.ru,false,
2024-03-23 04:00:00,Russia,Europe-Ural,RU,405.68,370.13,29.48,5.91,so-ups.ru,false,
2024-03-23 05:00:00,Russia,Europe-Ural,RU,401.83,367.12,30.16,7.47,so-ups.ru,false,
2024-03-23 06:00:00,Russia,Europe-Ural,RU,403.37,368.31,29.9,7.65,so-ups.ru,false,
2024-03-23 07:00:00,Russia,Europe-Ural,RU,401.75,366.76,30.13,8.24,so-ups.ru,false,
2024-03-23 08:00:00,Russia,Europe-Ural,RU,400.59,365.41,30.28,8.24,so-ups.ru,false,
2024-03-23 09:00:00,Russia,Europe-Ural,RU,401.16,365.78,30.2,8.08,so-ups.ru,false,
2024-03-23 10:00:00,Russia,Europe-Ural,RU,402.0,366.36,30.07,7.97,so-ups.ru,false,
2024-03-23 11:00:00,Russia,Europe-Ural,RU,407.65,371.25,29.1,8.1,so-ups.ru,false,
2024-03-23 12:00:00,Russia,Europe-Ural,RU,405.7,369.73,29.41,8.49,so-ups.ru,false,
2024-03-23 13:00:00,Russia,Europe-Ural,RU,407.57,371.63,29.12,8.36,so-ups.ru,false,
2024-03-23 14:00:00,Russia,Europe-Ural,RU,406.61,370.97,29.27,8.61,so-ups.ru,false,
2024-03-23 15:00:00,Russia,Europe-Ural,RU,406.61,372.08,29.34,9.03,so-ups.ru,false,
2024-03-23 16:00:00,Russia,Europe-Ural,RU,407.13,372.17,29.25,8.8,so-ups.ru,false,
2024-03-23 17:00:00,Russia,Europe-Ural,RU,412.24,376.49,28.34,7.52,so-ups.ru,false,
2024-03-23 18:00:00,Russia,Europe-Ural,RU,408.69,373.05,28.95,7.31,so-ups.ru,false,
2024-03-23 19:00:00,Russia,Europe-Ural,RU,406.53,370.68,29.27,6.83,so-ups.ru,false,
2024-03-23 20:00:00,Russia,Europe-Ural,RU,410.0,373.8,28.68,5.53,so-ups.ru,false,
2024-03-23 21:00:00,Russia,Europe-Ural,RU,411.82,374.68,28.32,4.07,so-ups.ru,false,
2024-03-23 22:00:00,Russia,Europe-Ural,RU,410.67,373.71,28.53,4.0,so-ups.ru,false,
2024-03-23 23:00:00,Russia,Europe-Ural,RU,409.6,372.63,28.72,3.98,so-ups.ru,false,
2024-03-24 00:00:00,Russia,Europe-Ural,RU,411.19,374.59,28.51,3.87,so-ups.ru,false,
2024-03-24 01:00:00,Russia,Europe-Ural,RU,410.93,374.61,28.58,4.18,so-ups.ru,false,
2024-03-24 02:00:00,Russia,Europe-Ural,RU,412.28,376.23,28.35,4.37,so-ups.ru,false,
2024-03-24 03:00:00,Russia,Europe-Ural,RU,406.42,371.05,29.36,5.79,so-ups.ru,false,
2024-03-24 04:00:00,Russia,Europe-Ural,RU,409.22,373.62,28.88,5.99,so-ups.ru,false,
2024-03-24 05:00:00,Russia,Europe-Ural,RU,405.34,370.58,29.56,7.34,so-ups.ru,false,
2024-03-24 06:00:00,Russia,Europe-Ural,RU,402.55,368.1,30.08,8.33,so-ups.ru,false,
2024-03-24 07:00:00,Russia,Europe-Ural,RU,400.51,366.06,30.37,8.6,so-ups.ru,false,
2024-03-24 08:00:00,Russia,Europe-Ural,RU,400.4,365.9,30.38,8.54,so-ups.ru,false,
2024-03-24 09:00:00,Russia,Europe-Ural,RU,400.4,365.38,30.35,8.5,so-ups.ru,false,
2024-03-24 10:00:00,Russia,Europe-Ural,RU,402.14,366.92,30.04,8.3,so-ups.ru,false,
2024-03-24 11:00:00,Russia,Europe-Ural,RU,402.08,366.87,30.08,8.49,so-ups.ru,false,
2024-03-24 12:00:00,Russia,Europe-Ural,RU,401.66,366.78,30.18,8.72,so-ups.ru,false,
2024-03-24 13:00:00,Russia,Europe-Ural,RU,402.57,367.67,30.03,8.81,so-ups.ru,false,
2024-03-24 14:00:00,Russia,Europe-Ural,RU,402.36,367.69,30.06,8.92,so-ups.ru,false,
2024-03-24 15:00:00,Russia,Europe-Ural,RU,402.14,367.92,30.12,9.39,so-ups.ru,false,
2024-03-24 16:00:00,Russia,Europe-Ural,RU,403.66,369.47,29.87,8.98,so-ups.ru,false,
2024-03-24 17:00:00,Russia,Europe-Ural,RU,406.8,371.92,29.29,8.04,so-ups.ru,false,
2024-03-24 18:00:00,Russia,Europe-Ural,RU,405.7,370.57,29.47,7.37,so-ups.ru,false,
2024-03-24 19:00:00,Russia,Europe-Ural,RU,400.2,365.28,30.37,7.3,so-ups.ru,false,
2024-03-24 20:00:00,Russia,Europe-Ural,RU,403.72,368.0,29.79,5.91,so-ups.ru,false,
2024-03-24 21:00:00,Russia,Europe-Ural,RU,410.25,373.4,28.64,4.19,so-ups.ru,false,
2024-03-24 22:00:00,Russia,Europe-Ural,RU,409.39,372.93,28.77,4.14,so-ups.ru,false,
2024-03-24 23:00:00,Russia,Europe-Ural,RU,408.94,372.27,28.86,4.03,so-ups.ru,false,
2024-03-25 00:00:00,Russia,Europe-Ural,RU,410.79,374.06,28.55,4.03,so-ups.ru,false,
2024-03-25 01:00:00,Russia,Europe-Ural,RU,413.37,376.75,28.12,4.18,so-ups.ru,false,
2024-03-25 02:00:00,Russia,Europe-Ural,RU,417.41,380.22,27.39,4.37,so-ups.ru,false,
2024-03-25 03:00:00,Russia,Europe-Ural,RU,416.16,379.64,27.65,5.74,so-ups.ru,false,
2024-03-25 04:00:00,Russia,Europe-Ural,RU,410.17,374.51,28.68,7.52,so-ups.ru,false,
2024-03-25 05:00:00,Russia,Europe-Ural,RU,407.45,372.48,29.19,8.63,so-ups.ru,false,
2024-03-25 06:00:00,Russia,Europe-Ural,RU,406.87,371.95,29.28,9.0,so-ups.ru,false,
2024-03-25 07:00:00,Russia,Europe-Ural,RU,403.59,368.39,29.79,9.32,so-ups.ru,false,
2024-03-25 08:00:00,Russia,Europe-Ural,RU,407.1,371.29,29.2,8.51,so-ups.ru,false,
2024-03-25 09:00:00,Russia,Europe-Ural,RU,409.1,373.67,28.85,8.09,so-ups.ru,false,
2024-03-25 10:00:00,Russia,Europe-Ural,RU,409.58,373.93,28.79,7.91,so-ups.ru,false,
2024-03-25 11:00:00,Russia,Europe-Ural,RU,410.13,374.34,28.71,7.75,so-ups.ru,false,
2024-03-25 12:00:00,Russia,Europe-Ural,RU,410.3,374.59,28.63,7.68,so-ups.ru,false,
2024-03-25 13:00:00,Russia,Europe-Ural,RU,411.31,374.88,28.49,7.51,so-ups.ru,false,
2024-03-25 14:00:00,Russia,Europe-Ural,RU,407.88,372.17,29.12,8.24,so-ups.ru,false,
2024-03-25 15:00:00,Russia,Europe-Ural,RU,405.61,370.61,29.47,8.79,so-ups.ru,false,
2024-03-25 16:00:00,Russia,Europe-Ural,RU,407.55,372.52,29.16,8.34,so-ups.ru,false,
2024-03-25 17:00:00,Russia,Europe-Ural,RU,410.09,374.26,28.7,7.34,so-ups.ru,false,
2024-03-25 18:00:00,Russia,Europe-Ural,RU,410.87,374.76,28.59,6.58,so-ups.ru,false,
2024-03-25 19:00:00,Russia,Europe-Ural,RU,405.3,370.07,29.52,6.49,so-ups.ru,false,
2024-03-25 20:00:00,Russia,Europe-Ural,RU,406.77,370.5,29.26,5.33,so-ups.ru,false,
2024-03-25 21:00:00,Russia,Europe-Ural,RU,410.92,373.88,28.54,4.1,so-ups.ru,false,
2024-03-25 22:00:00,Russia,Europe-Ural,RU,411.36,374.35,28.48,3.88,so-ups.ru,false,
2024-03-25 23:00:00,Russia,Europe-Ural,RU,411.39,374.59,28.47,3.74,so-ups.ru,false,
2024-03-26 00:00:00,Russia,Europe-Ural,RU,410.67,374.08,28.57,3.89,so-ups.ru,false,
2024-03-26 01:00:00,Russia,Europe-Ural,RU,414.01,377.33,28.04,4.05,so-ups.ru,false,
2024-03-26 02:00:00,Russia,Europe-Ural,RU,415.64,378.71,27.7,4.37,so-ups.ru,false,
2024-03-26 03:00:00,Russia,Europe-Ural,RU,410.66,374.46,28.58,6.2,so-ups.ru,false,
2024-03-26 04:00:00,Russia,Europe-Ural,RU,411.33,375.54,28.47,6.94,so-ups.ru,false,
2024-03-26 05:00:00,Russia,Europe-Ural,RU,407.5,371.91,29.12,8.11,so-ups.ru,false,
2024-03-26 06:00:00,Russia,Europe-Ural,RU,406.11,370.79,29.41,8.64,so-ups.ru,false,
2024-03-26 07:00:00,Russia,Europe-Ural,RU,404.41,368.88,29.66,8.73,so-ups.ru,false,
2024-03-26 08:00:00,Russia,Europe-Ural,RU,407.35,371.02,29.14,7.82,so-ups.ru,false,
2024-03-26 09:00:00,Russia,Europe-Ural,RU,407.85,371.76,29.06,7.71,so-ups.ru,false,
2024-03-26 10:00:00,Russia,Europe-Ural,RU,408.27,372.29,29.01,7.78,so-ups.ru,false,
2024-03-26 11:00:00,Russia,Europe-Ural,RU,408.6,371.99,28.95,7.49,so-ups.ru,false,
2024-03-26 12:00:00,Russia,Europe-Ural,RU,409.06,372.36,28.85,7.38,so-ups.ru,false,
2024-03-26 13:00:00,Russia,Europe-Ural,RU,409.91,373.74,28.74,7.4,so-ups.ru,false,
2024-03-26 14:00:00,Russia,Europe-Ural,RU,406.54,370.97,29.36,8.23,so-ups.ru,false,
2024-03-26 15:00:00,Russia,Europe-Ural,RU,404.07,369.07,29.77,8.79,so-ups.ru,false,
2024-03-26 16:00:00,Russia,Europe-Ural,RU,407.83,372.48,29.14,8.15,so-ups.ru,false,
2024-03-26 17:00:00,Russia,Europe-Ural,RU,409.46,374.05,28.87,7.28,so-ups.ru,false,
2024-03-26 18:00:00,Russia,Europe-Ural,RU,408.66,372.44,28.99,6.61,so-ups.ru,false,
2024-03-26 19:00:00,Russia,Europe-Ural,RU,403.37,367.68,29.84,6.31,so-ups.ru,false,
2024-03-26 20:00:00,Russia,Europe-Ural,RU,403.49,367.1,29.83,5.46,so-ups.ru,false,
2024-03-26 21:00:00,Russia,Europe-Ural,RU,406.64,370.0,29.25,4.15,so-ups.ru,false,
2024-03-26 22:00:00,Russia,Europe-Ural,RU,407.58,370.77,29.12,3.78,so-ups.ru,false,
2024-03-26 23:00:00,Russia,Europe-Ural,RU,408.12,371.47,29.02,3.64,so-ups.ru,false,
2024-03-27 00:00:00,Russia,Europe-Ural,RU,408.71,372.04,28.89,3.67,so-ups.ru,false,
2024-03-27 01:00:00,Russia,Europe-Ural,RU,408.81,372.35,28.86,4.02,so-ups.ru,false,
2024-03-27 02:00:00,Russia,Europe-Ural,RU,409.74,373.86,28.75,4.83,so-ups.ru,false,
2024-03-27 03:00:00,Russia,Europe-Ural,RU,408.66,372.56,28.92,5.9,so-ups.ru,false,
2024-03-27 04:00:00,Russia,Europe-Ural,RU,406.58,371.1,29.29,7.09,so-ups.ru,false,
2024-03-27 05:00:00,Russia,Europe-Ural,RU,403.99,368.77,29.74,8.23,so-ups.ru,false,
2024-03-27 06:00:00,Russia,Europe-Ural,RU,402.23,367.32,30.07,8.64,so-ups.ru,false,
2024-03-27 07:00:00,Russia,Europe-Ural,RU,400.97,365.75,30.24,8.64,so-ups.ru,false,
2024-03-27 08:00:00,Russia,Europe-Ural,RU,404.04,368.3,29.74,8.05,so-ups.ru,false,
2024-03-27 09:00:00,Russia,Europe-Ural,RU,406.35,370.31,29.32,7.52,so-ups.ru,false,
2024-03-27 10:00:00,Russia,Europe-Ural,RU,407.59,371.35,29.13,7.38,so-ups.ru,false,
2024-03-27 11:00:00,Russia,Europe-Ural,RU,407.45,371.39,29.14,7.31,so-ups.ru,false,
2024-03-27 12:00:00,Russia,Europe-Ural,RU,408.72,372.67,28.93,7.16,so-ups.ru,false,
2024-03-27 13:00:00,Russia,Europe-Ural,RU,407.53,371.78,29.15,7.36,so-ups.ru,false,
2024-03-27 14:00:00,Russia,Europe-Ural,RU,403.86,368.93,29.8,8.17,so-ups.ru,false,
2024-03-27 15:00:00,Russia,Europe-Ural,RU,401.96,367.67,30.14,8.82,so-ups.ru,false,
2024-03-27 16:00:00,Russia,Europe-Ural,RU,405.15,370.65,29.6,8.26,so-ups.ru,false,
2024-03-27 17:00:00,Russia,Europe-Ural,RU,405.69,370.72,29.48,7.48,so-ups.ru,false,
2024-03-27 18:00:00,Russia,Europe-Ural,RU,405.63,369.82,29.49,6.76,so-ups.ru,false,
2024-03-27 19:00:00,Russia,Europe-Ural,RU,403.59,367.8,29.82,6.26,so-ups.ru,false,
2024-03-27 20:00:00,Russia,Europe-Ural,RU,405.68,369.08,29.47,4.91,so-ups.ru,false,
2024-03-27 21:00:00,Russia,Europe-Ural,RU,406.45,369.91,29.3,4.29,so-ups.ru,false,
2024-03-27 22:00:00,Russia,Europe-Ural,RU,405.6,369.26,29.45,4.23,so-ups.ru,false,
2024-03-27 23:00:00,Russia,Europe-Ural,RU,406.64,369.97,29.26,4.07,so-ups.ru,false,
2024-03-28 00:00:00,Russia,Europe-Ural,RU,405.29,369.27,29.52,4.59,so-ups.ru,false,
2024-03-28 01:00:00,Russia,Europe-Ural,RU,404.29,368.99,29.71,5.27,so-ups.ru,false,
2024-03-28 02:00:00,Russia,Europe-Ural,RU,409.98,373.95,28.73,4.96,so-ups.ru,false,
2024-03-28 03:00:00,Russia,Europe-Ural,RU,407.7,372.07,29.1,6.21,so-ups.ru,false,
2024-03-28 04:00:00,Russia,Europe-Ural,RU,408.43,373.1,28.96,7.02,so-ups.ru,false,
2024-03-28 05:00:00,Russia,Europe-Ural,RU,406.92,371.66,29.23,7.94,so-ups.ru,false,
2024-03-28 06:00:00,Russia,Europe-Ural,RU,403.34,368.42,29.87,8.74,so-ups.ru,false,
2024-03-28 07:00:00,Russia,Europe-Ural,RU,402.73,367.92,29.94,8.54,so-ups.ru,false,
2024-03-28 08:00:00,Russia,Europe-Ural,RU,404.99,369.62,29.58,8.04,so-ups.ru,false,
2024-03-28 09:00:00,Russia,Europe-Ural,RU,405.62,370.14,29.47,7.71,so-ups.ru,false,
2024-03-28 10:00:00,Russia,Europe-Ural,RU,405.13,369.46,29.55,7.79,so-ups.ru,false,
2024-03-28 11:00:00,Russia,Europe-Ural,RU,405.73,369.63,29.45,7.61,so-ups.ru,false,
2024-03-28 12:00:00,Russia,Europe-Ural,RU,408.72,372.42,28.9,7.33,so-ups.ru,false,
2024-03-28 13:00:00,Russia,Europe-Ural,RU,409.37,372.82,28.79,7.15,so-ups.ru,false,
2024-03-28 14:00:00,Russia,Europe-Ural,RU,405.71,369.78,29.46,8.03,so-ups.ru,false,
2024-03-28 15:00:00,Russia,Europe-Ural,RU,403.21,367.91,29.88,8.76,so-ups.ru,false,
2024-03-28 16:00:00,Russia,Europe-Ural,RU,405.59,369.96,29.51,8.47,so-ups.ru,false,
2024-03-28 17:00:00,Russia,Europe-Ural,RU,406.82,370.83,29.27,7.68,so-ups.ru,false,
2024-03-28 18:00:00,Russia,Europe-Ural,RU,404.31,368.15,29.67,7.26,so-ups.ru,false,
2024-03-28 19:00:00,Russia,Europe-Ural,RU,402.19,366.29,30.05,6.8,so-ups.ru,false,
2024-03-28 20:00:00,Russia,Europe-Ural,RU,406.01,369.46,29.4,5.36,so-ups.ru,false,
2024-03-28 21:00:00,Russia,Europe-Ural,RU,410.6,373.49,28.56,3.69,so-ups.ru,false,
2024-03-28 22:00:00,Russia,Europe-Ural,RU,409.42,372.41,28.76,3.59,so-ups.ru,false,
2024-03-28 23:00:00,Russia,Europe-Ural,RU,410.55,373.22,28.61,3.5,so-ups.ru,false,
2024-03-29 00:00:00,Russia,Europe-Ural,RU,410.95,373.68,28.52,3.51,so-ups.ru,false,
2024-03-29 01:00:00,Russia,Europe-Ural,RU,412.39,376.0,28.29,3.84,so-ups.ru,false,
2024-03-29 02:00:00,Russia,Europe-Ural,RU,414.9,378.54,27.82,4.06,so-ups.ru,false,
2024-03-29 03:00:00,Russia,Europe-Ural,RU,408.24,372.25,29.01,6.12,so-ups.ru,false,
2024-03-29 04:00:00,Russia,Europe-Ural,RU,405.85,370.68,29.45,7.49,so-ups.ru,false,
2024-03-29 05:00:00,Russia,Europe-Ural,RU,403.29,368.33,29.87,8.54,so-ups.ru,false,
2024-03-29 06:00:00,Russia,Europe-Ural,RU,400.21,365.4,30.39,9.08,so-ups.ru,false,
2024-03-29 07:00:00,Russia,Europe-Ural,RU,399.52,364.77,30.53,9.18,so-ups.ru,false,
2024-03-29 08:00:00,Russia,Europe-Ural,RU,402.45,367.25,30.01,8.49,so-ups.ru,false,
2024-03-29 09:00:00,Russia,Europe-Ural,RU,403.59,368.04,29.78,8.09,so-ups.ru,false,
2024-03-29 10:00:00,Russia,Europe-Ural,RU,405.22,369.63,29.55,8.05,so-ups.ru,false,
2024-03-29 11:00:00,Russia,Europe-Ural,RU,405.1,369.51,29.55,7.98,so-ups.ru,false,
2024-03-29 12:00:00,Russia,Europe-Ural,RU,402.8,367.52,29.97,7.95,so-ups.ru,false,
2024-03-29 13:00:00,Russia,Europe-Ural,RU,403.32,368.45,29.89,7.63,so-ups.ru,false,
2024-03-29 14:00:00,Russia,Europe-Ural,RU,400.53,365.98,30.39,8.19,so-ups.ru,false,
2024-03-29 15:00:00,Russia,Europe-Ural,RU,395.55,361.5,31.23,9.33,so-ups.ru,false,
2024-03-29 16:00:00,Russia,Europe-Ural,RU,397.31,362.94,30.94,8.74,so-ups.ru,false,
2024-03-29 17:00:00,Russia,Europe-Ural,RU,398.98,364.09,30.64,7.95,so-ups.ru,false,
2024-03-29 18:00:00,Russia,Europe-Ural,RU,397.99,363.21,30.81,7.37,so-ups.ru,false,
2024-03-29 19:00:00,Russia,Europe-Ural,RU,396.85,361.9,30.99,6.39,so-ups.ru,false,
2024-03-29 20:00:00,Russia,Europe-Ural,RU,394.52,359.81,31.43,5.89,so-ups.ru,false,
2024-03-29 21:00:00,Russia,Europe-Ural,RU,401.99,366.08,30.09,3.81,so-ups.ru,false,
2024-03-29 22:00:00,Russia,Europe-Ural,RU,400.92,365.32,30.28,3.65,so-ups.ru,false,
2024-03-29 23:00:00,Russia,Europe-Ural,RU,400.21,364.57,30.39,3.57,so-ups.ru,false,
2024-03-30 00:00:00,Russia,Europe-Ural,RU,401.08,365.6,30.29,3.71,so-ups.ru,false,
2024-03-30 01:00:00,Russia,Europe-Ural,RU,401.86,366.84,30.17,3.83,so-ups.ru,false,
2024-03-30 02:00:00,Russia,Europe-Ural,RU,402.01,367.07,30.18,4.33,so-ups.ru,false,
2024-03-30 03:00:00,Russia,Europe-Ural,RU,397.24,363.04,30.98,5.63,so-ups.ru,false,
2024-03-30 04:00:00,Russia,Europe-Ural,RU,396.6,362.68,31.05,6.49,so-ups.ru,false,
2024-03-30 05:00:00,Russia,Europe-Ural,RU,395.7,362.31,31.26,7.49,so-ups.ru,false,
2024-03-30 06:00:00,Russia,Europe-Ural,RU,390.6,357.57,32.12,8.69,so-ups.ru,false,
2024-03-30 07:00:00,Russia,Europe-Ural,RU,388.86,355.87,32.39,8.93,so-ups.ru,false,
2024-03-30 08:00:00,Russia,Europe-Ural,RU,391.48,357.77,31.93,8.5,so-ups.ru,false,
2024-03-30 09:00:00,Russia,Europe-Ural,RU,390.66,357.42,32.1,8.71,so-ups.ru,false,
2024-03-30 10:00:00,Russia,Europe-Ural,RU,393.76,360.16,31.59,8.03,so-ups.ru,false,
2024-03-30 11:00:00,Russia,Europe-Ural,RU,393.58,360.01,31.63,8.09,so-ups.ru,false,
2024-03-30 12:00:00,Russia,Europe-Ural,RU,394.16,360.43,31.52,7.89,so-ups.ru,false,
2024-03-30 13:00:00,Russia,Europe-Ural,RU,393.92,360.33,31.58,8.1,so-ups.ru,false,
2024-03-30 14:00:00,Russia,Europe-Ural,RU,391.08,358.05,32.07,8.78,so-ups.ru,false,
2024-03-30 15:00:00,Russia,Europe-Ural,RU,386.69,354.38,32.82,9.86,so-ups.ru,false,
2024-03-30 16:00:00,Russia,Europe-Ural,RU,389.31,356.13,32.34,9.31,so-ups.ru,false,
2024-03-30 17:00:00,Russia,Europe-Ural,RU,392.43,358.97,31.79,8.42,so-ups.ru,false,
2024-03-30 18:00:00,Russia,Europe-Ural,RU,396.27,361.77,31.11,6.95,so-ups.ru,false,
2024-03-30 19:00:00,Russia,Europe-Ural,RU,397.18,362.24,30.95,5.94,so-ups.ru,false,
2024-03-30 20:00:00,Russia,Europe-Ural,RU,399.53,364.42,30.57,4.86,so-ups.ru,false,
2024-03-30 21:00:00,Russia,Europe-Ural,RU,407.77,371.24,29.11,2.85,so-ups.ru,false,
2024-03-30 22:00:00,Russia,Europe-Ural,RU,405.89,369.39,29.43,2.72,so-ups.ru,false,
2024-03-30 23:00:00,Russia,Europe-Ural,RU,404.85,368.31,29.58,2.64,so-ups.ru,false,
2024-03-31 00:00:00,Russia,Europe-Ural,RU,405.15,368.96,29.59,2.83,so-ups.ru,false,
2024-03-31 01:00:00,Russia,Europe-Ural,RU,405.79,369.88,29.48,2.83,so-ups.ru,false,
2024-03-31 02:00:00,Russia,Europe-Ural,RU,404.46,368.36,29.69,3.31,so-ups.ru,false,
2024-03-31 03:00:00,Russia,Europe-Ural,RU,398.39,363.2,30.73,5.0,so-ups.ru,false,
2024-03-31 04:00:00,Russia,Europe-Ural,RU,400.05,364.59,30.45,5.47,so-ups.ru,false,
2024-03-31 05:00:00,Russia,Europe-Ural,RU,388.61,355.13,32.42,8.23,so-ups.ru,false,
2024-03-31 06:00:00,Russia,Europe-Ural,RU,387.11,353.99,32.72,9.11,so-ups.ru,false,
2024-03-31 07:00:00,Russia,Europe-Ural,RU,386.63,353.37,32.77,9.24,so-ups.ru,false,
2024-03-31 08:00:00,Russia,Europe-Ural,RU,387.65,354.16,32.58,9.02,so-ups.ru,false,
2024-03-31 09:00:00,Russia,Europe-Ural,RU,389.26,355.72,32.32,8.71,so-ups.ru,false,
2024-03-31 10:00:00,Russia,Europe-Ural,RU,388.78,355.8,32.43,8.91,so-ups.ru,false,
2024-03-31 11:00:00,Russia,Europe-Ural,RU,389.89,356.52,32.24,8.6,so-ups.ru,false,
2024-03-31 12:00:00,Russia,Europe-Ural,RU,389.89,356.8,32.25,8.65,so-ups.ru,false,
2024-03-31 13:00:00,Russia,Europe-Ural,RU,386.86,354.3,32.8,9.46,so-ups.ru,false,
2024-03-31 14:00:00,Russia,Europe-Ural,RU,385.31,352.57,33.03,9.9,so-ups.ru,false,
2024-03-31 15:00:00,Russia,Europe-Ural,RU,383.86,351.84,33.3,10.54,so-ups.ru,false,
2024-03-31 16:00:00,Russia,Europe-Ural,RU,385.55,353.46,33.02,10.28,so-ups.ru,false,
2024-03-31 17:00:00,Russia,Europe-Ural,RU,389.15,357.07,32.42,9.29,so-ups.ru,false,
2024-03-31 18:00:00,Russia,Europe-Ural,RU,391.85,358.99,31.91,8.11,so-ups.ru,false,
2024-03-31 19:00:00,Russia,Europe-Ural,RU,400.2,365.65,30.45,5.64,so-ups.ru,false,
2024-03-31 20:00:00,Russia,Europe-Ural,RU,396.51,362.22,31.1,5.43,so-ups.ru,false,
2024-03-31 21:00:00,Russia,Europe-Ural,RU,407.06,371.51,29.33,3.4,so-ups.ru,false,
2024-03-31 22:00:00,Russia,Europe-Ural,RU,407.72,372.44,29.23,3.36,so-ups.ru,false,
2024-03-31 23:00:00,Russia,Europe-Ural,RU,410.25,374.37,28.77,3.3,so-ups.ru,false,
2024-04-01 00:00:00,Russia,Europe-Ural,RU,411.76,375.94,28.5,3.51,so-ups.ru,false,
2024-04-01 01:00:00,Russia,Europe-Ural,RU,413.73,378.13,28.17,3.6,so-ups.ru,false,
2024-04-01 02:00:00,Russia,Europe-Ural,RU,417.18,381.13,27.56,3.77,so-ups.ru,false,
2024-04-01 03:00:00,Russia,Europe-Ural,RU,408.52,373.5,29.06,6.28,so-ups.ru,false,
2024-04-01 04:00:00,Russia,Europe-Ural,RU,402.62,368.37,30.07,8.03,so-ups.ru,false,
2024-04-01 05:00:00,Russia,Europe-Ural,RU,396.66,363.57,31.07,9.73,so-ups.ru,false,
2024-04-01 06:00:00,Russia,Europe-Ural,RU,396.28,362.75,31.15,9.88,so-ups.ru,false,
2024-04-01 07:00:00,Russia,Europe-Ural,RU,395.53,361.7,31.25,9.67,so-ups.ru,false,
2024-04-01 08:00:00,Russia,Europe-Ural,RU,396.39,362.44,31.11,9.42,so-ups.ru,false,
2024-04-01 09:00:00,Russia,Europe-Ural,RU,396.23,362.49,31.15,9.4,so-ups.ru,false,
2024-04-01 10:00:00,Russia,Europe-Ural,RU,400.6,366.44,30.4,8.58,so-ups.ru,false,
2024-04-01 11:00:00,Russia,Europe-Ural,RU,398.44,364.51,30.78,8.95,so-ups.ru,false,
2024-04-01 12:00:00,Russia,Europe-Ural,RU,398.82,364.79,30.72,8.9,so-ups.ru,false,
2024-04-01 13:00:00,Russia,Europe-Ural,RU,397.5,363.78,30.96,9.29,so-ups.ru,false,
2024-04-01 14:00:00,Russia,Europe-Ural,RU,397.2,363.59,30.99,9.25,so-ups.ru,false,
2024-04-01 15:00:00,Russia,Europe-Ural,RU,395.69,362.5,31.29,9.88,so-ups.ru,false,
2024-04-01 16:00:00,Russia,Europe-Ural,RU,396.8,364.05,31.13,9.68,so-ups.ru,false,
2024-04-01 17:00:00,Russia,Europe-Ural,RU,399.23,366.08,30.75,8.78,so-ups.ru,false,
2024-04-01 18:00:00,Russia,Europe-Ural,RU,397.81,364.75,30.98,8.29,so-ups.ru,false,
2024-04-01 19:00:00,Russia,Europe-Ural,RU,394.06,361.42,31.65,8.0,so-ups.ru,false,
2024-04-01 20:00:00,Russia,Europe-Ural,RU,391.24,358.25,32.12,7.48,so-ups.ru,false,
2024-04-01 21:00:00,Russia,Europe-Ural,RU,411.91,376.58,28.56,3.31,so-ups.ru,false,
2024-04-01 22:00:00,Russia,Europe-Ural,RU,408.94,373.64,29.02,3.15,so-ups.ru,false,
2024-04-01 23:00:00,Russia,Europe-Ural,RU,408.98,373.59,29.01,3.06,so-ups.ru,false,
2024-04-02 00:00:00,Russia,Europe-Ural,RU,407.16,372.12,29.31,3.15,so-ups.ru,false,
2024-04-02 01:00:00,Russia,Europe-Ural,RU,408.56,373.69,29.14,3.47,so-ups.ru,false,
2024-04-02 02:00:00,Russia,Europe-Ural,RU,404.03,370.08,29.9,5.03,so-ups.ru,false,
2024-04-02 03:00:00,Russia,Europe-Ural,RU,399.37,365.99,30.7,7.02,so-ups.ru,false,
2024-04-02 04:00:00,Russia,Europe-Ural,RU,394.75,361.92,31.48,8.18,so-ups.ru,false,
2024-04-02 05:00:00,Russia,Europe-Ural,RU,387.82,356.23,32.66,9.93,so-ups.ru,false,
2024-04-02 06:00:00,Russia,Europe-Ural,RU,384.18,352.49,33.26,10.56,so-ups.ru,false,
2024-04-02 07:00:00,Russia,Europe-Ural,RU,382.93,351.0,33.47,10.36,so-ups.ru,false,
2024-04-02 08:00:00,Russia,Europe-Ural,RU,388.39,355.52,32.52,8.88,so-ups.ru,false,
2024-04-02 09:00:00,Russia,Europe-Ural,RU,388.35,355.38,32.53,8.82,so-ups.ru,false,
2024-04-02 10:00:00,Russia,Europe-Ural,RU,387.15,354.4,32.73,9.04,so-ups.ru,false,
2024-04-02 11:00:00,Russia,Europe-Ural,RU,387.17,354.27,32.73,8.94,so-ups.ru,false,
2024-04-02 12:00:00,Russia,Europe-Ural,RU,387.48,354.53,32.68,9.04,so-ups.ru,false,
2024-04-02 13:00:00,Russia,Europe-Ural,RU,389.84,356.82,32.28,8.72,so-ups.ru,false,
2024-04-02 14:00:00,Russia,Europe-Ural,RU,387.23,354.92,32.75,9.42,so-ups.ru,false,
2024-04-02 15:00:00,Russia,Europe-Ural,RU,385.45,353.95,33.11,10.02,so-ups.ru,false,
2024-04-02 16:00:00,Russia,Europe-Ural,RU,385.81,354.18,33.05,10.09,so-ups.ru,false,
2024-04-02 17:00:00,Russia,Europe-Ural,RU,390.27,358.29,32.31,8.86,so-ups.ru,false,
2024-04-02 18:00:00,Russia,Europe-Ural,RU,392.54,359.61,31.89,7.68,so-ups.ru,false,
2024-04-02 19:00:00,Russia,Europe-Ural,RU,385.79,353.55,33.02,7.76,so-ups.ru,false,
2024-04-02 20:00:00,Russia,Europe-Ural,RU,389.35,356.06,32.4,6.13,so-ups.ru,false,
2024-04-02 21:00:00,Russia,Europe-Ural,RU,398.34,364.58,30.91,3.83,so-ups.ru,false,
2024-04-02 22:00:00,Russia,Europe-Ural,RU,398.79,365.26,30.81,3.32,so-ups.ru,false,
2024-04-02 23:00:00,Russia,Europe-Ural,RU,398.58,365.04,30.84,3.34,so-ups.ru,false,
2024-04-03 00:00:00,Russia,Europe-Ural,RU,399.85,365.6,30.62,3.23,so-ups.ru,false,
2024-04-03 01:00:00,Russia,Europe-Ural,RU,397.6,363.72,30.99,4.08,so-ups.ru,false,
2024-04-03 02:00:00,Russia,Europe-Ural,RU,394.88,361.9,31.43,5.37,so-ups.ru,false,
2024-04-03 03:00:00,Russia,Europe-Ural,RU,391.52,358.77,32.01,7.13,so-ups.ru,false,
2024-04-03 04:00:00,Russia,Europe-Ural,RU,392.61,360.33,31.79,7.71,so-ups.ru,false,
2024-04-03 05:00:00,Russia,Europe-Ural,RU,384.93,353.8,33.14,9.78,so-ups.ru,false,
2024-04-03 06:00:00,Russia,Europe-Ural,RU,382.74,351.33,33.52,10.18,so-ups.ru,false,
2024-04-03 07:00:00,Russia,Europe-Ural,RU,383.71,351.74,33.34,9.91,so-ups.ru,false,
2024-04-03 08:00:00,Russia,Europe-Ural,RU,386.13,353.83,32.91,9.31,so-ups.ru,false,
2024-04-03 09:00:00,Russia,Europe-Ural,RU,388.13,355.68,32.58,8.97,so-ups.ru,false,
2024-04-03 10:00:00,Russia,Europe-Ural,RU,389.82,357.24,32.3,8.68,so-ups.ru,false,
2024-04-03 11:00:00,Russia,Europe-Ural,RU,391.3,358.47,32.04,8.45,so-ups.ru,false,
2024-04-03 12:00:00,Russia,Europe-Ural,RU,392.69,359.52,31.78,8.09,so-ups.ru,false,
2024-04-03 13:00:00,Russia,Europe-Ural,RU,393.76,360.61,31.63,8.01,so-ups.ru,false,
2024-04-03 14:00:00,Russia,Europe-Ural,RU,390.91,357.86,32.1,8.77,so-ups.ru,false,
2024-04-03 15:00:00,Russia,Europe-Ural,RU,387.15,355.2,32.76,9.64,so-ups.ru,false,
2024-04-03 16:00:00,Russia,Europe-Ural,RU,387.71,355.96,32.71,9.85,so-ups.ru,false,
2024-04-03 17:00:00,Russia,Europe-Ural,RU,392.43,360.16,31.91,8.61,so-ups.ru,false,
2024-04-03 18:00:00,Russia,Europe-Ural,RU,392.22,359.91,31.95,7.89,so-ups.ru,false,
2024-04-03 19:00:00,Russia,Europe-Ural,RU,392.34,359.57,31.89,6.6,so-ups.ru,false,
2024-04-03 20:00:00,Russia,Europe-Ural,RU,393.58,360.22,31.64,5.26,so-ups.ru,false,
2024-04-03 21:00:00,Russia,Europe-Ural,RU,395.2,362.06,31.4,4.51,so-ups.ru,false,
2024-04-03 22:00:00,Russia,Europe-Ural,RU,394.61,361.38,31.52,4.29,so-ups.ru,false,
2024-04-03 23:00:00,Russia,Europe-Ural,RU,393.21,359.98,31.72,4.22,so-ups.ru,false,
2024-04-04 00:00:00,Russia,Europe-Ural,RU,394.93,361.58,31.45,4.21,so-ups.ru,false,
2024-04-04 01:00:00,Russia,Europe-Ural,RU,393.25,359.71,31.72,4.86,so-ups.ru,false,
2024-04-04 02:00:00,Russia,Europe-Ural,RU,396.63,362.84,31.13,5.11,so-ups.ru,false,
2024-04-04 03:00:00,Russia,Europe-Ural,RU,393.49,360.38,31.62,6.8,so-ups.ru,false,
2024-04-04 04:00:00,Russia,Europe-Ural,RU,395.01,361.86,31.38,7.44,so-ups.ru,false,
2024-04-04 05:00:00,Russia,Europe-Ural,RU,388.37,356.21,32.52,9.45,so-ups.ru,false,
2024-04-04 06:00:00,Russia,Europe-Ural,RU,389.4,356.98,32.37,9.45,so-ups.ru,false,
2024-04-04 07:00:00,Russia,Europe-Ural,RU,389.52,357.07,32.34,9.36,so-ups.ru,false,
2024-04-04 08:00:00,Russia,Europe-Ural,RU,392.4,359.54,31.86,8.64,so-ups.ru,false,
2024-04-04 09:00:00,Russia,Europe-Ural,RU,393.94,360.52,31.56,8.31,so-ups.ru,false,
2024-04-04 10:00:00,Russia,Europe-Ural,RU,396.0,362.71,31.23,8.0,so-ups.ru,false,
2024-04-04 11:00:00,Russia,Europe-Ural,RU,396.64,363.06,31.11,7.82,so-ups.ru,false,
2024-04-04 12:00:00,Russia,Europe-Ural,RU,397.92,364.29,30.89,7.74,so-ups.ru,false,
2024-04-04 13:00:00,Russia,Europe-Ural,RU,397.08,363.59,31.04,8.02,so-ups.ru,false,
2024-04-04 14:00:00,Russia,Europe-Ural,RU,391.71,359.23,31.99,9.06,so-ups.ru,false,
2024-04-04 15:00:00,Russia,Europe-Ural,RU,390.03,358.06,32.3,9.85,so-ups.ru,false,
2024-04-04 16:00:00,Russia,Europe-Ural,RU,391.22,359.35,32.11,9.71,so-ups.ru,false,
2024-04-04 17:00:00,Russia,Europe-Ural,RU,394.25,361.86,31.59,8.83,so-ups.ru,false,
2024-04-04 18:00:00,Russia,Europe-Ural,RU,393.81,361.18,31.66,8.02,so-ups.ru,false,
2024-04-04 19:00:00,Russia,Europe-Ural,RU,394.44,361.81,31.56,6.78,so-ups.ru,false,
2024-04-04 20:00:00,Russia,Europe-Ural,RU,393.06,360.52,31.8,6.13,so-ups.ru,false,
2024-04-04 21:00:00,Russia,Europe-Ural,RU,395.05,361.77,31.44,5.13,so-ups.ru,false,
2024-04-04 22:00:00,Russia,Europe-Ural,RU,394.67,361.57,31.49,4.95,so-ups.ru,false,
2024-04-04 23:00:00,Russia,Europe-Ural,RU,394.11,361.12,31.59,4.95,so-ups.ru,false,
2024-04-05 00:00:00,Russia,Europe-Ural,RU,394.87,361.75,31.4,4.94,so-ups.ru,false,
2024-04-05 01:00:00,Russia,Europe-Ural,RU,398.68,365.27,30.79,5.02,so-ups.ru,false,
2024-04-05 02:00:00,Russia,Europe-Ural,RU,401.01,367.09,30.36,5.27,so-ups.ru,false,
2024-04-05 03:00:00,Russia,Europe-Ural,RU,400.91,367.28,30.39,6.42,so-ups.ru,false,
2024-04-05 04:00:00,Russia,Europe-Ural,RU,398.72,365.71,30.77,7.62,so-ups.ru,false,
2024-04-05 05:00:00,Russia,Europe-Ural,RU,390.26,358.3,32.22,9.67,so-ups.ru,false,
2024-04-05 06:00:00,Russia,Europe-Ural,RU,388.32,356.36,32.54,10.11,so-ups.ru,false,
2024-04-05 07:00:00,Russia,Europe-Ural,RU,388.68,356.41,32.47,10.07,so-ups.ru,false,
2024-04-05 08:00:00,Russia,Europe-Ural,RU,392.57,359.46,31.81,9.14,so-ups.ru,false,
2024-04-05 09:00:00,Russia,Europe-Ural,RU,394.19,360.96,31.53,8.78,so-ups.ru,false,
2024-04-05 10:00:00,Russia,Europe-Ural,RU,394.35,361.15,31.5,8.74,so-ups.ru,false,
2024-04-05 11:00:00,Russia,Europe-Ural,RU,395.09,361.7,31.38,8.57,so-ups.ru,false,
2024-04-05 12:00:00,Russia,Europe-Ural,RU,395.44,361.88,31.31,8.42,so-ups.ru,false,
2024-04-05 13:00:00,Russia,Europe-Ural,RU,396.33,362.81,31.17,8.2,so-ups.ru,false,
2024-04-05 14:00:00,Russia,Europe-Ural,RU,394.96,361.74,31.42,8.54,so-ups.ru,false,
2024-04-05 15:00:00,Russia,Europe-Ural,RU,390.99,359.1,32.15,9.68,so-ups.ru,false,
2024-04-05 16:00:00,Russia,Europe-Ural,RU,392.9,360.59,31.82,9.19,so-ups.ru,false,
2024-04-05 17:00:00,Russia,Europe-Ural,RU,395.41,362.6,31.39,8.43,so-ups.ru,false,
2024-04-05 18:00:00,Russia,Europe-Ural,RU,394.8,361.96,31.49,7.65,so-ups.ru,false,
2024-04-05 19:00:00,Russia,Europe-Ural,RU,391.79,358.45,31.97,7.1,so-ups.ru,false,
2024-04-05 20:00:00,Russia,Europe-Ural,RU,395.72,362.18,31.3,5.51,so-ups.ru,false,
2024-04-05 21:00:00,Russia,Europe-Ural,RU,392.49,359.1,31.87,5.47,so-ups.ru,false,
2024-04-05 22:00:00,Russia,Europe-Ural,RU,392.21,359.01,31.92,5.36,so-ups.ru,false,
2024-04-05 23:00:00,Russia,Europe-Ural,RU,389.72,356.64,32.32,5.58,so-ups.ru,false,
2024-04-06 00:00:00,Russia,Europe-Ural,RU,391.54,358.6,32.05,5.48,so-ups.ru,false,
2024-04-06 01:00:00,Russia,Europe-Ural,RU,392.94,359.6,31.8,5.56,so-ups.ru,false,
2024-04-06 02:00:00,Russia,Europe-Ural,RU,392.26,359.48,31.92,6.13,so-ups.ru,false,
2024-04-06 03:00:00,Russia,Europe-Ural,RU,390.53,357.92,32.2,6.96,so-ups.ru,false,
2024-04-06 04:00:00,Russia,Europe-Ural,RU,389.84,357.63,32.33,7.88,so-ups.ru,false,
2024-04-06 05:00:00,Russia,Europe-Ural,RU,392.28,359.39,31.88,8.12,so-ups.ru,false,
2024-04-06 06:00:00,Russia,Europe-Ural,RU,387.72,355.23,32.65,9.26,so-ups.ru,false,
2024-04-06 07:00:00,Russia,Europe-Ural,RU,386.46,354.23,32.86,9.54,so-ups.ru,false,
2024-04-06 08:00:00,Russia,Europe-Ural,RU,388.74,355.84,32.46,9.03,so-ups.ru,false,
2024-04-06 09:00:00,Russia,Europe-Ural,RU,389.97,356.89,32.24,8.71,so-ups.ru,false,
2024-04-06 10:00:00,Russia,Europe-Ural,RU,390.76,357.61,32.12,8.61,so-ups.ru,false,
2024-04-06 11:00:00,Russia,Europe-Ural,RU,391.26,357.92,32.02,8.49,so-ups.ru,false,
2024-04-06 12:00:00,Russia,Europe-Ural,RU,392.61,359.32,31.81,8.29,so-ups.ru,false,
2024-04-06 13:00:00,Russia,Europe-Ural,RU,390.61,358.12,32.19,8.95,so-ups.ru,false,
2024-04-06 14:00:00,Russia,Europe-Ural,RU,388.94,356.99,32.5,9.28,so-ups.ru,false,
2024-04-06 15:00:00,Russia,Europe-Ural,RU,385.7,353.93,33.06,9.98,so-ups.ru,false,
2024-04-06 16:00:00,Russia,Europe-Ural,RU,385.11,353.94,33.18,10.39,so-ups.ru,false,
2024-04-06 17:00:00,Russia,Europe-Ural,RU,386.06,354.06,32.99,9.63,so-ups.ru,false,
2024-04-06 18:00:00,Russia,Europe-Ural,RU,386.57,354.25,32.88,8.65,so-ups.ru,false,
2024-04-06 19:00:00,Russia,Europe-Ural,RU,386.67,354.06,32.82,7.72,so-ups.ru,false,
2024-04-06 20:00:00,Russia,Europe-Ural,RU,390.14,356.75,32.24,6.3,so-ups.ru,false,
2024-04-06 21:00:00,Russia,Europe-Ural,RU,393.16,359.29,31.73,5.72,so-ups.ru,false,
2024-04-06 22:00:00,Russia,Europe-Ural,RU,391.14,357.3,32.06,5.67,so-ups.ru,false,
2024-04-06 23:00:00,Russia,Europe-Ural,RU,389.81,355.93,32.27,5.62,so-ups.ru,false,
2024-04-07 00:00:00,Russia,Europe-Ural,RU,392.01,358.3,31.91,5.51,so-ups.ru,false,
2024-04-07 01:00:00,Russia,Europe-Ural,RU,391.9,358.45,31.95,5.63,so-ups.ru,false,
2024-04-07 02:00:00,Russia,Europe-Ural,RU,392.34,358.82,31.89,5.79,so-ups.ru,false,
2024-04-07 03:00:00,Russia,Europe-Ural,RU,387.63,354.77,32.69,7.07,so-ups.ru,false,
2024-04-07 04:00:00,Russia,Europe-Ural,RU,386.75,353.69,32.8,7.66,so-ups.ru,false,
2024-04-07 05:00:00,Russia,Europe-Ural,RU,389.11,356.23,32.41,8.33,so-ups.ru,false,
2024-04-07 06:00:00,Russia,Europe-Ural,RU,385.05,352.7,33.11,9.39,so-ups.ru,false,
2024-04-07 07:00:00,Russia,Europe-Ural,RU,383.8,351.45,33.31,9.64,so-ups.ru,false,
2024-04-07 08:00:00,Russia,Europe-Ural,RU,384.4,351.78,33.18,9.44,so-ups.ru,false,
2024-04-07 09:00:00,Russia,Europe-Ural,RU,384.92,352.02,33.09,9.01,so-ups.ru,false,
2024-04-07 10:00:00,Russia,Europe-Ural,RU,382.51,350.35,33.53,9.56,so-ups.ru,false,
2024-04-07 11:00:00,Russia,Europe-Ural,RU,383.23,350.64,33.4,9.3,so-ups.ru,false,
2024-04-07 12:00:00,Russia,Europe-Ural,RU,382.91,350.58,33.47,9.36,so-ups.ru,false,
2024-04-07 13:00:00,Russia,Europe-Ural,RU,381.1,349.42,33.8,9.88,so-ups.ru,false,
2024-04-07 14:00:00,Russia,Europe-Ural,RU,382.72,351.12,33.55,10.05,so-ups.ru,false,
2024-04-07 15:00:00,Russia,Europe-Ural,RU,379.4,347.88,34.11,10.94,so-ups.ru,false,
2024-04-07 16:00:00,Russia,Europe-Ural,RU,379.61,348.48,34.08,10.98,so-ups.ru,false,
2024-04-07 17:00:00,Russia,Europe-Ural,RU,380.15,349.59,34.03,10.49,so-ups.ru,false,
2024-04-07 18:00:00,Russia,Europe-Ural,RU,379.6,349.06,34.12,9.74,so-ups.ru,false,
2024-04-07 19:00:00,Russia,Europe-Ural,RU,381.84,350.5,33.71,8.26,so-ups.ru,false,
2024-04-07 20:00:00,Russia,Europe-Ural,RU,384.84,352.25,33.16,6.64,so-ups.ru,false,
2024-04-07 21:00:00,Russia,Europe-Ural,RU,387.24,354.34,32.75,5.74,so-ups.ru,false,
2024-04-07 22:00:00,Russia,Europe-Ural,RU,385.03,351.94,33.11,5.71,so-ups.ru,false,
2024-04-07 23:00:00,Russia,Europe-Ural,RU,385.96,353.1,32.97,5.68,so-ups.ru,false,
2024-04-08 00:00:00,Russia,Europe-Ural,RU,385.46,352.75,33.03,5.74,so-ups.ru,false,
2024-04-08 01:00:00,Russia,Europe-Ural,RU,388.37,355.57,32.55,5.9,so-ups.ru,false,
2024-04-08 02:00:00,Russia,Europe-Ural,RU,392.16,359.23,31.88,5.93,so-ups.ru,false,
2024-04-08 03:00:00,Russia,Europe-Ural,RU,392.2,359.08,31.87,7.15,so-ups.ru,false,
2024-04-08 04:00:00,Russia,Europe-Ural,RU,388.87,356.26,32.43,8.51,so-ups.ru,false,
2024-04-08 05:00:00,Russia,Europe-Ural,RU,383.88,352.01,33.28,10.05,so-ups.ru,false,
2024-04-08 06:00:00,Russia,Europe-Ural,RU,382.56,350.77,33.53,10.5,so-ups.ru,false,
2024-04-08 07:00:00,Russia,Europe-Ural,RU,383.31,350.75,33.38,10.07,so-ups.ru,false,
2024-04-08 08:00:00,Russia,Europe-Ural,RU,385.26,352.32,33.04,9.49,so-ups.ru,false,
2024-04-08 09:00:00,Russia,Europe-Ural,RU,386.9,354.05,32.76,9.14,so-ups.ru,false,
2024-04-08 10:00:00,Russia,Europe-Ural,RU,385.61,352.5,32.97,9.3,so-ups.ru,false,
2024-04-08 11:00:00,Russia,Europe-Ural,RU,386.35,353.19,32.85,9.12,so-ups.ru,false,
2024-04-08 12:00:00,Russia,Europe-Ural,RU,386.4,353.38,32.85,9.15,so-ups.ru,false,
2024-04-08 13:00:00,Russia,Europe-Ural,RU,386.7,353.37,32.79,9.15,so-ups.ru,false,
2024-04-08 14:00:00,Russia,Europe-Ural,RU,384.36,351.5,33.2,9.72,so-ups.ru,false,
2024-04-08 15:00:00,Russia,Europe-Ural,RU,386.86,353.87,32.77,10.57,so-ups.ru,false,
2024-04-08 16:00:00,Russia,Europe-Ural,RU,388.37,355.78,32.55,10.45,so-ups.ru,false,
2024-04-08 17:00:00,Russia,Europe-Ural,RU,389.35,357.12,32.41,9.86,so-ups.ru,false,
2024-04-08 18:00:00,Russia,Europe-Ural,RU,390.81,358.32,32.17,8.86,so-ups.ru,false,
2024-04-08 19:00:00,Russia,Europe-Ural,RU,388.47,355.49,32.52,7.94,so-ups.ru,false,
2024-04-08 20:00:00,Russia,Europe-Ural,RU,387.16,353.67,32.73,7.11,so-ups.ru,false,
2024-04-08 21:00:00,Russia,Europe-Ural,RU,394.05,360.57,31.6,5.6,so-ups.ru,false,
2024-04-08 22:00:00,Russia,Europe-Ural,RU,392.19,358.91,31.94,5.58,so-ups.ru,false,
2024-04-08 23:00:00,Russia,Europe-Ural,RU,391.31,358.25,32.04,5.52,so-ups.ru,false,
2024-04-09 00:00:00,Russia,Europe-Ural,RU,392.82,359.47,31.78,5.44,so-ups.ru,false,
2024-04-09 01:00:00,Russia,Europe-Ural,RU,393.98,360.12,31.58,5.7,so-ups.ru,false,
2024-04-09 02:00:00,Russia,Europe-Ural,RU,395.55,361.7,31.28,5.98,so-ups.ru,false,
2024-04-09 03:00:00,Russia,Europe-Ural,RU,393.17,359.85,31.71,7.75,so-ups.ru,false,
2024-04-09 04:00:00,Russia,Europe-Ural,RU,387.72,355.28,32.64,9.47,so-ups.ru,false,
2024-04-09 05:00:00,Russia,Europe-Ural,RU,384.24,352.37,33.26,10.66,so-ups.ru,false,
2024-04-09 06:00:00,Russia,Europe-Ural,RU,381.65,350.22,33.7,11.2,so-ups.ru,false,
2024-04-09 07:00:00,Russia,Europe-Ural,RU,382.09,349.96,33.6,10.93,so-ups.ru,false,
2024-04-09 08:00:00,Russia,Europe-Ural,RU,384.97,352.69,33.12,10.25,so-ups.ru,false,
2024-04-09 09:00:00,Russia,Europe-Ural,RU,386.41,353.9,32.86,9.96,so-ups.ru,false,
2024-04-09 10:00:00,Russia,Europe-Ural,RU,387.61,354.99,32.65,9.76,so-ups.ru,false,
2024-04-09 11:00:00,Russia,Europe-Ural,RU,386.46,353.66,32.84,9.87,so-ups.ru,false,
2024-04-09 12:00:00,Russia,Europe-Ural,RU,388.52,355.28,32.48,9.4,so-ups.ru,false,
2024-04-09 13:00:00,Russia,Europe-Ural,RU,386.91,354.21,32.77,9.74,so-ups.ru,false,
2024-04-09 14:00:00,Russia,Europe-Ural,RU,386.12,353.47,32.92,9.94,so-ups.ru,false,
2024-04-09 15:00:00,Russia,Europe-Ural,RU,377.95,346.83,34.36,11.75,so-ups.ru,false,
2024-04-09 16:00:00,Russia,Europe-Ural,RU,378.68,347.13,34.21,11.6,so-ups.ru,false,
2024-04-09 17:00:00,Russia,Europe-Ural,RU,379.94,348.53,34.02,10.49,so-ups.ru,false,
2024-04-09 18:00:00,Russia,Europe-Ural,RU,379.8,348.65,34.09,9.66,so-ups.ru,false,
2024-04-09 19:00:00,Russia,Europe-Ural,RU,371.74,341.08,35.46,9.88,so-ups.ru,false,
2024-04-09 20:00:00,Russia,Europe-Ural,RU,378.92,347.25,34.21,7.44,so-ups.ru,false,
2024-04-09 21:00:00,Russia,Europe-Ural,RU,381.38,349.81,33.83,6.51,so-ups.ru,false,
2024-04-09 22:00:00,Russia,Europe-Ural,RU,378.46,346.57,34.27,6.58,so-ups.ru,false,
2024-04-09 23:00:00,Russia,Europe-Ural,RU,377.71,345.22,34.33,6.45,so-ups.ru,false,
2024-04-10 00:00:00,Russia,Europe-Ural,RU,378.94,346.83,34.16,6.46,so-ups.ru,false,
2024-04-10 01:00:00,Russia,Europe-Ural,RU,382.76,351.2,33.56,6.54,so-ups.ru,false,
2024-04-10 02:00:00,Russia,Europe-Ural,RU,385.39,353.78,33.12,6.8,so-ups.ru,false,
2024-04-10 03:00:00,Russia,Europe-Ural,RU,383.86,352.78,33.36,8.33,so-ups.ru,false,
2024-04-10 04:00:00,Russia,Europe-Ural,RU,378.01,347.5,34.36,10.14,so-ups.ru,false,
2024-04-10 05:00:00,Russia,Europe-Ural,RU,372.76,342.66,35.26,11.7,so-ups.ru,false,
2024-04-10 06:00:00,Russia,Europe-Ural,RU,370.48,341.18,35.63,12.26,so-ups.ru,false,
2024-04-10 07:00:00,Russia,Europe-Ural,RU,369.47,339.6,35.81,12.07,so-ups.ru,false,
2024-04-10 08:00:00,Russia,Europe-Ural,RU,374.26,343.28,34.98,10.92,so-ups.ru,false,
2024-04-10 09:00:00,Russia,Europe-Ural,RU,377.71,346.35,34.38,10.26,so-ups.ru,false,
2024-04-10 10:00:00,Russia,Europe-Ural,RU,379.21,347.13,34.09,9.92,so-ups.ru,false,
2024-04-10 11:00:00,Russia,Europe-Ural,RU,381.0,348.89,33.79,9.53,so-ups.ru,false,
2024-04-10 12:00:00,Russia,Europe-Ural,RU,381.56,349.38,33.69,9.41,so-ups.ru,false,
2024-04-10 13:00:00,Russia,Europe-Ural,RU,381.29,349.25,33.75,9.47,so-ups.ru,false,
2024-04-10 14:00:00,Russia,Europe-Ural,RU,378.31,346.7,34.27,10.18,so-ups.ru,false,
2024-04-10 15:00:00,Russia,Europe-Ural,RU,374.91,344.12,34.86,11.16,so-ups.ru,false,
2024-04-10 16:00:00,Russia,Europe-Ural,RU,373.74,343.85,35.14,11.7,so-ups.ru,false,
2024-04-10 17:00:00,Russia,Europe-Ural,RU,376.28,345.84,34.7,10.91,so-ups.ru,false,
2024-04-10 18:00:00,Russia,Europe-Ural,RU,378.18,347.49,34.37,9.87,so-ups.ru,false,
2024-04-10 19:00:00,Russia,Europe-Ural,RU,378.86,347.16,34.21,8.57,so-ups.ru,false,
2024-04-10 20:00:00,Russia,Europe-Ural,RU,380.09,347.75,33.97,7.12,so-ups.ru,false,
2024-04-10 21:00:00,Russia,Europe-Ural,RU,376.89,345.47,34.56,7.18,so-ups.ru,false,
2024-04-10 22:00:00,Russia,Europe-Ural,RU,375.49,344.85,34.84,7.23,so-ups.ru,false,
2024-04-10 23:00:00,Russia,Europe-Ural,RU,374.71,343.96,34.97,7.29,so-ups.ru,false,
2024-04-11 00:00:00,Russia,Europe-Ural,RU,374.45,343.54,34.99,7.29,so-ups.ru,false,
2024-04-11 01:00:00,Russia,Europe-Ural,RU,378.65,347.79,34.29,7.18,so-ups.ru,false,
2024-04-11 02:00:00,Russia,Europe-Ural,RU,382.65,351.19,33.57,7.11,so-ups.ru,false,
2024-04-11 03:00:00,Russia,Europe-Ural,RU,381.54,350.34,33.76,8.61,so-ups.ru,false,
2024-04-11 04:00:00,Russia,Europe-Ural,RU,378.38,347.57,34.29,9.96,so-ups.ru,false,
2024-04-11 05:00:00,Russia,Europe-Ural,RU,372.0,342.23,35.39,11.69,so-ups.ru,false,
2024-04-11 06:00:00,Russia,Europe-Ural,RU,368.1,338.98,36.08,12.57,so-ups.ru,false,
2024-04-11 07:00:00,Russia,Europe-Ural,RU,369.1,339.71,35.9,12.15,so-ups.ru,false,
2024-04-11 08:00:00,Russia,Europe-Ural,RU,370.55,340.44,35.61,11.64,so-ups.ru,false,
2024-04-11 09:00:00,Russia,Europe-Ural,RU,375.11,343.93,34.82,10.63,so-ups.ru,false,
2024-04-11 10:00:00,Russia,Europe-Ural,RU,374.67,343.52,34.89,10.74,so-ups.ru,false,
2024-04-11 11:00:00,Russia,Europe-Ural,RU,375.29,343.9,34.78,10.5,so-ups.ru,false,
2024-04-11 12:00:00,Russia,Europe-Ural,RU,376.25,344.67,34.61,10.41,so-ups.ru,false,
2024-04-11 13:00:00,Russia,Europe-Ural,RU,377.17,345.52,34.46,10.19,so-ups.ru,false,
2024-04-11 14:00:00,Russia,Europe-Ural,RU,375.64,344.13,34.71,10.62,so-ups.ru,false,
2024-04-11 15:00:00,Russia,Europe-Ural,RU,374.38,343.21,34.96,11.05,so-ups.ru,false,
2024-04-11 16:00:00,Russia,Europe-Ural,RU,371.73,341.77,35.45,12.02,so-ups.ru,false,
2024-04-11 17:00:00,Russia,Europe-Ural,RU,376.83,346.01,34.57,10.69,so-ups.ru,false,
2024-04-11 18:00:00,Russia,Europe-Ural,RU,376.07,345.28,34.71,10.22,so-ups.ru,false,
2024-04-11 19:00:00,Russia,Europe-Ural,RU,374.68,343.57,34.93,9.21,so-ups.ru,false,
2024-04-11 20:00:00,Russia,Europe-Ural,RU,372.69,340.99,35.23,8.36,so-ups.ru,false,
2024-04-11 21:00:00,Russia,Europe-Ural,RU,376.56,344.92,34.6,7.03,so-ups.ru,false,
2024-04-11 22:00:00,Russia,Europe-Ural,RU,374.65,343.66,34.95,7.12,so-ups.ru,false,
2024-04-11 23:00:00,Russia,Europe-Ural,RU,374.37,343.28,34.98,7.05,so-ups.ru,false,
2024-04-12 00:00:00,Russia,Europe-Ural,RU,374.47,343.09,34.94,7.08,so-ups.ru,false,
2024-04-12 01:00:00,Russia,Europe-Ural,RU,377.03,344.79,34.48,6.93,so-ups.ru,false,
2024-04-12 02:00:00,Russia,Europe-Ural,RU,381.6,349.16,33.7,6.98,so-ups.ru,false,
2024-04-12 03:00:00,Russia,Europe-Ural,RU,378.46,347.21,34.26,9.11,so-ups.ru,false,
2024-04-12 04:00:00,Russia,Europe-Ural,RU,376.71,345.83,34.57,10.27,so-ups.ru,false,
2024-04-12 05:00:00,Russia,Europe-Ural,RU,370.51,340.39,35.64,11.96,so-ups.ru,false,
2024-04-12 06:00:00,Russia,Europe-Ural,RU,367.76,338.0,36.08,12.55,so-ups.ru,false,
2024-04-12 07:00:00,Russia,Europe-Ural,RU,367.67,337.18,36.09,12.18,so-ups.ru,false,
2024-04-12 08:00:00,Russia,Europe-Ural,RU,370.41,339.72,35.62,11.58,so-ups.ru,false,
2024-04-12 09:00:00,Russia,Europe-Ural,RU,372.72,341.56,35.21,11.08,so-ups.ru,false,
2024-04-12 10:00:00,Russia,Europe-Ural,RU,372.32,340.55,35.25,11.04,so-ups.ru,false,
2024-04-12 11:00:00,Russia,Europe-Ural,RU,373.66,341.59,35.01,10.52,so-ups.ru,false,
2024-04-12 12:00:00,Russia,Europe-Ural,RU,371.01,339.27,35.48,11.05,so-ups.ru,false,
2024-04-12 13:00:00,Russia,Europe-Ural,RU,372.96,340.98,35.14,10.55,so-ups.ru,false,
2024-04-12 14:00:00,Russia,Europe-Ural,RU,371.31,339.95,35.45,11.03,so-ups.ru,false,
2024-04-12 15:00:00,Russia,Europe-Ural,RU,370.09,338.38,35.64,11.23,so-ups.ru,false,
2024-04-12 16:00:00,Russia,Europe-Ural,RU,367.74,336.86,36.07,11.98,so-ups.ru,false,
2024-04-12 17:00:00,Russia,Europe-Ural,RU,372.99,341.29,35.16,10.73,so-ups.ru,false,
2024-04-12 18:00:00,Russia,Europe-Ural,RU,370.88,339.0,35.49,10.38,so-ups.ru,false,
2024-04-12 19:00:00,Russia,Europe-Ural,RU,373.19,340.82,35.1,8.91,so-ups.ru,false,
2024-04-12 20:00:00,Russia,Europe-Ural,RU,374.83,342.36,34.83,7.65,so-ups.ru,false,
2024-04-12 21:00:00,Russia,Europe-Ural,RU,367.87,336.78,36.07,8.26,so-ups.ru,false,
2024-04-12 22:00:00,Russia,Europe-Ural,RU,366.94,336.36,36.26,8.06,so-ups.ru,false,
2024-04-12 23:00:00,Russia,Europe-Ural,RU,367.75,337.08,36.12,7.69,so-ups.ru,false,
2024-04-13 00:00:00,Russia,Europe-Ural,RU,367.45,336.45,36.16,7.67,so-ups.ru,false,
2024-04-13 01:00:00,Russia,Europe-Ural,RU,369.5,338.37,35.82,7.56,so-ups.ru,false,
2024-04-13 02:00:00,Russia,Europe-Ural,RU,368.54,337.95,35.99,8.26,so-ups.ru,false,
2024-04-13 03:00:00,Russia,Europe-Ural,RU,362.22,331.96,37.04,10.02,so-ups.ru,false,
2024-04-13 04:00:00,Russia,Europe-Ural,RU,369.18,338.37,35.84,9.88,so-ups.ru,false,
2024-04-13 05:00:00,Russia,Europe-Ural,RU,366.76,336.88,36.29,11.4,so-ups.ru,false,
2024-04-13 06:00:00,Russia,Europe-Ural,RU,365.39,335.67,36.53,11.91,so-ups.ru,false,
2024-04-13 07:00:00,Russia,Europe-Ural,RU,364.96,335.69,36.62,12.21,so-ups.ru,false,
2024-04-13 08:00:00,Russia,Europe-Ural,RU,367.45,337.43,36.16,11.51,so-ups.ru,false,
2024-04-13 09:00:00,Russia,Europe-Ural,RU,367.75,337.55,36.1,11.25,so-ups.ru,false,
2024-04-13 10:00:00,Russia,Europe-Ural,RU,369.34,339.0,35.83,11.07,so-ups.ru,false,
2024-04-13 11:00:00,Russia,Europe-Ural,RU,370.68,340.38,35.62,10.82,so-ups.ru,false,
2024-04-13 12:00:00,Russia,Europe-Ural,RU,369.69,338.56,35.73,10.6,so-ups.ru,false,
2024-04-13 13:00:00,Russia,Europe-Ural,RU,368.41,338.48,36.01,11.11,so-ups.ru,false,
2024-04-13 14:00:00,Russia,Europe-Ural,RU,367.37,337.75,36.21,11.45,so-ups.ru,false,
2024-04-13 15:00:00,Russia,Europe-Ural,RU,365.84,335.83,36.44,11.52,so-ups.ru,false,
2024-04-13 16:00:00,Russia,Europe-Ural,RU,365.57,335.99,36.5,11.91,so-ups.ru,false,
2024-04-13 17:00:00,Russia,Europe-Ural,RU,368.44,337.9,35.98,11.15,so-ups.ru,false,
2024-04-13 18:00:00,Russia,Europe-Ural,RU,366.19,334.87,36.31,10.47,so-ups.ru,false,
2024-04-13 19:00:00,Russia,Europe-Ural,RU,366.71,335.21,36.22,9.38,so-ups.ru,false,
2024-04-13 20:00:00,Russia,Europe-Ural,RU,365.51,334.17,36.4,8.37,so-ups.ru,false,
2024-04-13 21:00:00,Russia,Europe-Ural,RU,360.61,329.87,37.27,9.1,so-ups.ru,false,
2024-04-13 22:00:00,Russia,Europe-Ural,RU,359.35,328.68,37.5,8.98,so-ups.ru,false,
2024-04-13 23:00:00,Russia,Europe-Ural,RU,358.15,327.62,37.71,8.96,so-ups.ru,false,
2024-04-14 00:00:00,Russia,Europe-Ural,RU,357.77,327.65,37.8,9.03,so-ups.ru,false,
2024-04-14 01:00:00,Russia,Europe-Ural,RU,358.23,327.96,37.72,9.09,so-ups.ru,false,
2024-04-14 02:00:00,Russia,Europe-Ural,RU,357.74,327.65,37.81,9.44,so-ups.ru,false,
2024-04-14 03:00:00,Russia,Europe-Ural,RU,353.69,324.34,38.51,10.9,so-ups.ru,false,
2024-04-14 04:00:00,Russia,Europe-Ural,RU,358.82,328.92,37.62,10.8,so-ups.ru,false,
2024-04-14 05:00:00,Russia,Europe-Ural,RU,361.86,332.33,37.13,11.34,so-ups.ru,false,
2024-04-14 06:00:00,Russia,Europe-Ural,RU,361.02,331.31,37.25,11.81,so-ups.ru,false,
2024-04-14 07:00:00,Russia,Europe-Ural,RU,359.64,330.24,37.5,12.2,so-ups.ru,false,
2024-04-14 08:00:00,Russia,Europe-Ural,RU,358.89,329.41,37.62,12.23,so-ups.ru,false,
2024-04-14 09:00:00,Russia,Europe-Ural,RU,360.33,330.1,37.34,11.82,so-ups.ru,false,
2024-04-14 10:00:00,Russia,Europe-Ural,RU,360.94,330.83,37.24,11.77,so-ups.ru,false,
2024-04-14 11:00:00,Russia,Europe-Ural,RU,361.74,331.35,37.1,11.62,so-ups.ru,false,
2024-04-14 12:00:00,Russia,Europe-Ural,RU,361.22,330.83,37.18,11.64,so-ups.ru,false,
2024-04-14 13:00:00,Russia,Europe-Ural,RU,357.42,328.05,37.88,12.46,so-ups.ru,false,
2024-04-14 14:00:00,Russia,Europe-Ural,RU,357.34,328.28,37.9,12.59,so-ups.ru,false,
2024-04-14 15:00:00,Russia,Europe-Ural,RU,357.44,327.72,37.85,12.67,so-ups.ru,false,
2024-04-14 16:00:00,Russia,Europe-Ural,RU,358.41,329.03,37.71,13.1,so-ups.ru,false,
2024-04-14 17:00:00,Russia,Europe-Ural,RU,362.13,331.75,37.04,12.18,so-ups.ru,false,
2024-04-14 18:00:00,Russia,Europe-Ural,RU,364.81,333.73,36.55,10.98,so-ups.ru,false,
2024-04-14 19:00:00,Russia,Europe-Ural,RU,359.44,329.01,37.48,10.87,so-ups.ru,false,
2024-04-14 20:00:00,Russia,Europe-Ural,RU,359.69,329.16,37.43,9.73,so-ups.ru,false,
2024-04-14 21:00:00,Russia,Europe-Ural,RU,353.77,324.06,38.48,10.07,so-ups.ru,false,
2024-04-14 22:00:00,Russia,Europe-Ural,RU,351.65,322.98,38.91,10.26,so-ups.ru,false,
2024-04-14 23:00:00,Russia,Europe-Ural,RU,350.95,322.24,39.01,10.25,so-ups.ru,false,
2024-04-15 00:00:00,Russia,Europe-Ural,RU,351.75,322.57,38.85,10.17,so-ups.ru,false,
2024-04-15 01:00:00,Russia,Europe-Ural,RU,355.62,325.62,38.15,10.0,so-ups.ru,false,
2024-04-15 02:00:00,Russia,Europe-Ural,RU,361.27,331.26,37.21,9.98,so-ups.ru,false,
2024-04-15 03:00:00,Russia,Europe-Ural,RU,361.37,332.03,37.2,11.5,so-ups.ru,false,
2024-04-15 04:00:00,Russia,Europe-Ural,RU,364.53,334.74,36.67,11.59,so-ups.ru,false,
2024-04-15 05:00:00,Russia,Europe-Ural,RU,361.85,332.5,37.12,13.04,so-ups.ru,false,
2024-04-15 06:00:00,Russia,Europe-Ural,RU,359.64,330.04,37.47,13.32,so-ups.ru,false,
2024-04-15 07:00:00,Russia,Europe-Ural,RU,359.21,329.23,37.53,13.2,so-ups.ru,false,
2024-04-15 08:00:00,Russia,Europe-Ural,RU,362.03,331.93,37.06,12.7,so-ups.ru,false,
2024-04-15 09:00:00,Russia,Europe-Ural,RU,363.97,333.28,36.7,12.24,so-ups.ru,false,
2024-04-15 10:00:00,Russia,Europe-Ural,RU,364.34,333.83,36.65,12.29,so-ups.ru,false,
2024-04-15 11:00:00,Russia,Europe-Ural,RU,366.82,335.68,36.2,11.6,so-ups.ru,false,
2024-04-15 12:00:00,Russia,Europe-Ural,RU,366.95,335.84,36.19,11.5,so-ups.ru,false,
2024-04-15 13:00:00,Russia,Europe-Ural,RU,366.45,335.76,36.3,11.6,so-ups.ru,false,
2024-04-15 14:00:00,Russia,Europe-Ural,RU,365.12,334.08,36.5,11.74,so-ups.ru,false,
2024-04-15 15:00:00,Russia,Europe-Ural,RU,360.76,330.37,37.26,12.69,so-ups.ru,false,
2024-04-15 16:00:00,Russia,Europe-Ural,RU,360.26,330.2,37.35,12.9,so-ups.ru,false,
2024-04-15 17:00:00,Russia,Europe-Ural,RU,364.37,333.91,36.66,11.81,so-ups.ru,false,
2024-04-15 18:00:00,Russia,Europe-Ural,RU,360.63,330.25,37.29,11.51,so-ups.ru,false,
2024-04-15 19:00:00,Russia,Europe-Ural,RU,353.35,323.73,38.55,11.67,so-ups.ru,false,
2024-04-15 20:00:00,Russia,Europe-Ural,RU,354.15,324.35,38.4,10.49,so-ups.ru,false,
2024-04-15 21:00:00,Russia,Europe-Ural,RU,355.49,325.44,38.17,10.07,so-ups.ru,false,
2024-04-15 22:00:00,Russia,Europe-Ural,RU,353.31,323.52,38.55,10.16,so-ups.ru,false,
2024-04-15 23:00:00,Russia,Europe-Ural,RU,353.7,323.86,38.49,10.17,so-ups.ru,false,
2024-04-16 00:00:00,Russia,Europe-Ural,RU,354.6,324.66,38.33,10.17,so-ups.ru,false,
2024-04-16 01:00:00,Russia,Europe-Ural,RU,356.87,326.68,37.93,10.19,so-ups.ru,false,
2024-04-16 02:00:00,Russia,Europe-Ural,RU,363.6,332.68,36.77,9.98,so-ups.ru,false,
2024-04-16 03:00:00,Russia,Europe-Ural,RU,359.64,329.85,37.47,11.76,so-ups.ru,false,
2024-04-16 04:00:00,Russia,Europe-Ural,RU,360.18,330.15,37.37,12.1,so-ups.ru,false,
2024-04-16 05:00:00,Russia,Europe-Ural,RU,358.67,329.63,37.66,13.38,so-ups.ru,false,
2024-04-16 06:00:00,Russia,Europe-Ural,RU,356.96,328.2,37.97,13.87,so-ups.ru,false,
2024-04-16 07:00:00,Russia,Europe-Ural,RU,356.73,327.68,37.99,13.68,so-ups.ru,false,
2024-04-16 08:00:00,Russia,Europe-Ural,RU,358.8,329.47,37.63,13.09,so-ups.ru,false,
2024-04-16 09:00:00,Russia,Europe-Ural,RU,360.17,330.02,37.36,12.56,so-ups.ru,false,
2024-04-16 10:00:00,Russia,Europe-Ural,RU,360.87,330.59,37.24,12.37,so-ups.ru,false,
2024-04-16 11:00:00,Russia,Europe-Ural,RU,362.43,331.94,36.97,12.08,so-ups.ru,false,
2024-04-16 12:00:00,Russia,Europe-Ural,RU,363.65,332.94,36.76,11.95,so-ups.ru,false,
2024-04-16 13:00:00,Russia,Europe-Ural,RU,362.41,331.78,36.97,11.97,so-ups.ru,false,
2024-04-16 14:00:00,Russia,Europe-Ural,RU,360.98,330.53,37.22,12.19,so-ups.ru,false,
2024-04-16 15:00:00,Russia,Europe-Ural,RU,360.29,329.94,37.34,12.62,so-ups.ru,false,
2024-04-16 16:00:00,Russia,Europe-Ural,RU,360.0,329.73,37.39,12.93,so-ups.ru,false,
2024-04-16 17:00:00,Russia,Europe-Ural,RU,363.04,332.35,36.85,11.85,so-ups.ru,false,
2024-04-16 18:00:00,Russia,Europe-Ural,RU,358.3,328.19,37.67,11.96,so-ups.ru,false,
2024-04-16 19:00:00,Russia,Europe-Ural,RU,351.24,321.93,38.91,12.05,so-ups.ru,false,
2024-04-16 20:00:00,Russia,Europe-Ural,RU,350.46,321.17,39.04,11.15,so-ups.ru,false,
2024-04-16 21:00:00,Russia,Europe-Ural,RU,352.92,323.34,38.61,10.76,so-ups.ru,false,
2024-04-16 22:00:00,Russia,Europe-Ural,RU,352.3,322.72,38.73,10.58,so-ups.ru,false,
2024-04-16 23:00:00,Russia,Europe-Ural,RU,352.34,322.88,38.69,10.54,so-ups.ru,false,
2024-04-17 00:00:00,Russia,Europe-Ural,RU,353.41,323.74,38.52,10.47,so-ups.ru,false,
2024-04-17 01:00:00,Russia,Europe-Ural,RU,356.07,326.03,38.06,10.38,so-ups.ru,false,
2024-04-17 02:00:00,Russia,Europe-Ural,RU,361.74,331.48,37.12,10.35,so-ups.ru,false,
2024-04-17 03:00:00,Russia,Europe-Ural,RU,358.71,328.89,37.63,11.65,so-ups.ru,false,
2024-04-17 04:00:00,Russia,Europe-Ural,RU,362.34,332.01,36.97,11.64,so-ups.ru,false,
2024-04-17 05:00:00,Russia,Europe-Ural,RU,360.26,330.98,37.38,13.13,so-ups.ru,false,
2024-04-17 06:00:00,Russia,Europe-Ural,RU,358.61,329.25,37.65,13.44,so-ups.ru,false,
2024-04-17 07:00:00,Russia,Europe-Ural,RU,357.42,327.7,37.84,13.46,so-ups.ru,false,
2024-04-17 08:00:00,Russia,Europe-Ural,RU,357.86,328.06,37.76,13.16,so-ups.ru,false,
2024-04-17 09:00:00,Russia,Europe-Ural,RU,360.41,330.25,37.32,12.53,so-ups.ru,false,
2024-04-17 10:00:00,Russia,Europe-Ural,RU,361.55,331.36,37.12,12.38,so-ups.ru,false,
2024-04-17 11:00:00,Russia,Europe-Ural,RU,361.95,331.52,37.05,12.25,so-ups.ru,false,
2024-04-17 12:00:00,Russia,Europe-Ural,RU,362.98,332.37,36.87,12.12,so-ups.ru,false,
2024-04-17 13:00:00,Russia,Europe-Ural,RU,363.69,333.0,36.75,11.99,so-ups.ru,false,
2024-04-17 14:00:00,Russia,Europe-Ural,RU,364.78,333.87,36.56,11.9,so-ups.ru,false,
2024-04-17 15:00:00,Russia,Europe-Ural,RU,359.57,329.48,37.47,12.84,so-ups.ru,false,
2024-04-17 16:00:00,Russia,Europe-Ural,RU,359.2,329.45,37.55,13.06,so-ups.ru,false,
2024-04-17 17:00:00,Russia,Europe-Ural,RU,364.45,334.18,36.66,11.91,so-ups.ru,false,
2024-04-17 18:00:00,Russia,Europe-Ural,RU,360.74,330.64,37.28,11.52,so-ups.ru,false,
2024-04-17 19:00:00,Russia,Europe-Ural,RU,350.77,321.51,39.0,11.93,so-ups.ru,false,
2024-04-17 20:00:00,Russia,Europe-Ural,RU,348.04,319.08,39.48,11.3,so-ups.ru,false,
2024-04-17 21:00:00,Russia,Europe-Ural,RU,352.87,323.27,38.64,10.57,so-ups.ru,false,
2024-04-17 22:00:00,Russia,Europe-Ural,RU,352.05,322.49,38.77,10.43,so-ups.ru,false,
2024-04-17 23:00:00,Russia,Europe-Ural,RU,351.4,321.9,38.89,10.46,so-ups.ru,false,
2024-04-18 00:00:00,Russia,Europe-Ural,RU,352.45,322.83,38.69,10.39,so-ups.ru,false,
2024-04-18 01:00:00,Russia,Europe-Ural,RU,353.81,324.12,38.47,10.47,so-ups.ru,false,
2024-04-18 02:00:00,Russia,Europe-Ural,RU,357.2,327.01,37.88,10.67,so-ups.ru,false,
2024-04-18 03:00:00,Russia,Europe-Ural,RU,354.69,325.04,38.31,11.93,so-ups.ru,false,
2024-04-18 04:00:00,Russia,Europe-Ural,RU,356.27,326.53,38.04,12.61,so-ups.ru,false,
2024-04-18 05:00:00,Russia,Europe-Ural,RU,356.5,326.92,37.98,13.29,so-ups.ru,false,
2024-04-18 06:00:00,Russia,Europe-Ural,RU,355.75,326.29,38.12,13.72,so-ups.ru,false,
2024-04-18 07:00:00,Russia,Europe-Ural,RU,354.23,324.98,38.39,13.91,so-ups.ru,false,
2024-04-18 08:00:00,Russia,Europe-Ural,RU,356.12,326.6,38.06,13.39,so-ups.ru,false,
2024-04-18 09:00:00,Russia,Europe-Ural,RU,358.82,328.88,37.6,12.76,so-ups.ru,false,
2024-04-18 10:00:00,Russia,Europe-Ural,RU,360.69,330.47,37.27,12.48,so-ups.ru,false,
2024-04-18 11:00:00,Russia,Europe-Ural,RU,361.32,330.96,37.16,12.22,so-ups.ru,false,
2024-04-18 12:00:00,Russia,Europe-Ural,RU,362.36,331.82,36.98,12.24,so-ups.ru,false,
2024-04-18 13:00:00,Russia,Europe-Ural,RU,363.91,333.08,36.71,11.84,so-ups.ru,false,
2024-04-18 14:00:00,Russia,Europe-Ural,RU,360.38,330.03,37.33,12.59,so-ups.ru,false,
2024-04-18 15:00:00,Russia,Europe-Ural,RU,357.26,327.35,37.87,13.17,so-ups.ru,false,
2024-04-18 16:00:00,Russia,Europe-Ural,RU,357.18,327.35,37.89,13.3,so-ups.ru,false,
2024-04-18 17:00:00,Russia,Europe-Ural,RU,362.22,332.39,37.05,12.35,so-ups.ru,false,
2024-04-18 18:00:00,Russia,Europe-Ural,RU,356.98,327.28,37.93,12.19,so-ups.ru,false,
2024-04-18 19:00:00,Russia,Europe-Ural,RU,348.27,319.42,39.42,12.35,so-ups.ru,false,
2024-04-18 20:00:00,Russia,Europe-Ural,RU,348.87,319.77,39.32,11.12,so-ups.ru,false,
2024-04-18 21:00:00,Russia,Europe-Ural,RU,350.57,321.2,39.03,10.77,so-ups.ru,false,
2024-04-18 22:00:00,Russia,Europe-Ural,RU,349.18,320.0,39.27,10.68,so-ups.ru,false,
2024-04-18 23:00:00,Russia,Europe-Ural,RU,348.03,319.09,39.44,10.71,so-ups.ru,false,
2024-04-19 00:00:00,Russia,Europe-Ural,RU,349.64,320.35,39.19,10.63,so-ups.ru,false,
2024-04-19 01:00:00,Russia,Europe-Ural,RU,352.42,322.79,38.71,10.52,so-ups.ru,false,
2024-04-19 02:00:00,Russia,Europe-Ural,RU,357.17,327.26,37.89,10.79,so-ups.ru,false,
2024-04-19 03:00:00,Russia,Europe-Ural,RU,357.14,327.87,37.92,11.85,so-ups.ru,false,
2024-04-19 04:00:00,Russia,Europe-Ural,RU,360.74,330.83,37.28,12.14,so-ups.ru,false,
2024-04-19 05:00:00,Russia,Europe-Ural,RU,358.63,329.15,37.64,13.07,so-ups.ru,false,
2024-04-19 06:00:00,Russia,Europe-Ural,RU,357.87,328.88,37.8,13.51,so-ups.ru,false,
2024-04-19 07:00:00,Russia,Europe-Ural,RU,355.3,325.91,38.21,13.72,so-ups.ru,false,
2024-04-19 08:00:00,Russia,Europe-Ural,RU,359.13,329.19,37.54,13.04,so-ups.ru,false,
2024-04-19 09:00:00,Russia,Europe-Ural,RU,360.43,330.5,37.33,12.75,so-ups.ru,false,
2024-04-19 10:00:00,Russia,Europe-Ural,RU,358.79,328.84,37.6,12.86,so-ups.ru,false,
2024-04-19 11:00:00,Russia,Europe-Ural,RU,358.87,329.25,37.61,12.86,so-ups.ru,false,
2024-04-19 12:00:00,Russia,Europe-Ural,RU,360.3,330.07,37.33,12.45,so-ups.ru,false,
2024-04-19 13:00:00,Russia,Europe-Ural,RU,359.66,329.44,37.45,12.45,so-ups.ru,false,
2024-04-19 14:00:00,Russia,Europe-Ural,RU,357.2,327.42,37.89,12.41,so-ups.ru,false,
2024-04-19 15:00:00,Russia,Europe-Ural,RU,354.34,325.06,38.36,12.91,so-ups.ru,false,
2024-04-19 16:00:00,Russia,Europe-Ural,RU,357.13,328.01,37.93,13.1,so-ups.ru,false,
2024-04-19 17:00:00,Russia,Europe-Ural,RU,360.32,330.6,37.38,12.09,so-ups.ru,false,
2024-04-19 18:00:00,Russia,Europe-Ural,RU,354.53,325.02,38.36,12.11,so-ups.ru,false,
2024-04-19 19:00:00,Russia,Europe-Ural,RU,347.09,318.95,39.68,12.4,so-ups.ru,false,
2024-04-19 20:00:00,Russia,Europe-Ural,RU,344.26,315.91,40.12,11.45,so-ups.ru,false,
2024-04-19 21:00:00,Russia,Europe-Ural,RU,349.91,320.73,39.16,10.72,so-ups.ru,false,
2024-04-19 22:00:00,Russia,Europe-Ural,RU,349.8,321.2,39.2,10.43,so-ups.ru,false,
2024-04-19 23:00:00,Russia,Europe-Ural,RU,348.61,319.52,39.38,10.39,so-ups.ru,false,
2024-04-20 00:00:00,Russia,Europe-Ural,RU,347.88,319.45,39.55,10.5,so-ups.ru,false,
2024-04-20 01:00:00,Russia,Europe-Ural,RU,349.61,320.45,39.19,10.37,so-ups.ru,false,
2024-04-20 02:00:00,Russia,Europe-Ural,RU,348.25,319.38,39.43,10.92,so-ups.ru,false,
2024-04-20 03:00:00,Russia,Europe-Ural,RU,340.16,312.42,40.84,12.59,so-ups.ru,false,
2024-04-20 04:00:00,Russia,Europe-Ural,RU,344.22,317.29,40.21,13.09,so-ups.ru,false,
2024-04-20 05:00:00,Russia,Europe-Ural,RU,350.63,322.47,39.07,12.81,so-ups.ru,false,
2024-04-20 06:00:00,Russia,Europe-Ural,RU,346.83,319.09,39.69,13.64,so-ups.ru,false,
2024-04-20 07:00:00,Russia,Europe-Ural,RU,347.22,319.32,39.61,13.55,so-ups.ru,false,
2024-04-20 08:00:00,Russia,Europe-Ural,RU,352.61,324.16,38.7,12.73,so-ups.ru,false,
2024-04-20 09:00:00,Russia,Europe-Ural,RU,352.25,323.49,38.74,12.73,so-ups.ru,false,
2024-04-20 10:00:00,Russia,Europe-Ural,RU,352.26,323.37,38.71,12.64,so-ups.ru,false,
2024-04-20 11:00:00,Russia,Europe-Ural,RU,351.73,322.93,38.8,12.62,so-ups.ru,false,
2024-04-20 12:00:00,Russia,Europe-Ural,RU,350.39,322.06,39.04,12.68,so-ups.ru,false,
2024-04-20 13:00:00,Russia,Europe-Ural,RU,350.76,322.87,39.01,12.76,so-ups.ru,false,
2024-04-20 14:00:00,Russia,Europe-Ural,RU,344.29,317.21,40.17,13.81,so-ups.ru,false,
2024-04-20 15:00:00,Russia,Europe-Ural,RU,343.49,316.43,40.26,13.92,so-ups.ru,false,
2024-04-20 16:00:00,Russia,Europe-Ural,RU,343.45,316.07,40.28,14.09,so-ups.ru,false,
2024-04-20 17:00:00,Russia,Europe-Ural,RU,345.32,318.26,39.98,13.63,so-ups.ru,false,
2024-04-20 18:00:00,Russia,Europe-Ural,RU,340.99,313.74,40.67,13.21,so-ups.ru,false,
2024-04-20 19:00:00,Russia,Europe-Ural,RU,335.19,308.35,41.67,13.15,so-ups.ru,false,
2024-04-20 20:00:00,Russia,Europe-Ural,RU,338.17,310.8,41.16,11.81,so-ups.ru,false,
2024-04-20 21:00:00,Russia,Europe-Ural,RU,343.98,315.65,40.16,10.59,so-ups.ru,false,
2024-04-20 22:00:00,Russia,Europe-Ural,RU,343.24,314.82,40.32,10.33,so-ups.ru,false,
2024-04-20 23:00:00,Russia,Europe-Ural,RU,341.38,313.36,40.62,10.4,so-ups.ru,false,
2024-04-21 00:00:00,Russia,Europe-Ural,RU,342.04,314.0,40.49,10.36,so-ups.ru,false,
2024-04-21 01:00:00,Russia,Europe-Ural,RU,344.49,316.48,40.1,10.28,so-ups.ru,false,
2024-04-21 02:00:00,Russia,Europe-Ural,RU,344.11,315.75,40.16,10.61,so-ups.ru,false,
2024-04-21 03:00:00,Russia,Europe-Ural,RU,335.73,308.93,41.62,12.48,so-ups.ru,false,
2024-04-21 04:00:00,Russia,Europe-Ural,RU,338.24,311.78,41.2,13.13,so-ups.ru,false,
2024-04-21 05:00:00,Russia,Europe-Ural,RU,340.42,313.18,40.8,13.36,so-ups.ru,false,
2024-04-21 06:00:00,Russia,Europe-Ural,RU,341.5,314.25,40.62,13.7,so-ups.ru,false,
2024-04-21 07:00:00,Russia,Europe-Ural,RU,341.58,314.6,40.59,13.7,so-ups.ru,false,
2024-04-21 08:00:00,Russia,Europe-Ural,RU,342.37,315.41,40.45,13.58,so-ups.ru,false,
2024-04-21 09:00:00,Russia,Europe-Ural,RU,342.96,315.39,40.34,13.25,so-ups.ru,false,
2024-04-21 10:00:00,Russia,Europe-Ural,RU,343.51,316.25,40.29,13.29,so-ups.ru,false,
2024-04-21 11:00:00,Russia,Europe-Ural,RU,343.85,316.01,40.18,12.98,so-ups.ru,false,
2024-04-21 12:00:00,Russia,Europe-Ural,RU,342.4,314.96,40.46,13.48,so-ups.ru,false,
2024-04-21 13:00:00,Russia,Europe-Ural,RU,341.18,313.96,40.69,13.95,so-ups.ru,false,
2024-04-21 14:00:00,Russia,Europe-Ural,RU,344.28,317.37,40.2,13.65,so-ups.ru,false,
2024-04-21 15:00:00,Russia,Europe-Ural,RU,344.35,317.3,40.16,13.77,so-ups.ru,false,
2024-04-21 16:00:00,Russia,Europe-Ural,RU,346.49,320.02,39.85,14.08,so-ups.ru,false,
2024-04-21 17:00:00,Russia,Europe-Ural,RU,346.41,319.31,39.82,13.69,so-ups.ru,false,
2024-04-21 18:00:00,Russia,Europe-Ural,RU,344.95,317.88,40.05,13.04,so-ups.ru,false,
2024-04-21 19:00:00,Russia,Europe-Ural,RU,339.24,311.77,40.98,12.58,so-ups.ru,false,
2024-04-21 20:00:00,Russia,Europe-Ural,RU,340.82,313.46,40.75,11.46,so-ups.ru,false,
2024-04-21 21:00:00,Russia,Europe-Ural,RU,341.82,313.82,40.54,10.27,so-ups.ru,false,
2024-04-21 22:00:00,Russia,Europe-Ural,RU,340.38,312.39,40.8,10.19,so-ups.ru,false,
2024-04-21 23:00:00,Russia,Europe-Ural,RU,339.65,311.89,40.92,10.19,so-ups.ru,false,
2024-04-22 00:00:00,Russia,Europe-Ural,RU,342.62,314.42,40.44,10.09,so-ups.ru,false,
2024-04-22 01:00:00,Russia,Europe-Ural,RU,346.37,317.63,39.75,9.88,so-ups.ru,false,
2024-04-22 02:00:00,Russia,Europe-Ural,RU,350.83,322.28,39.02,10.04,so-ups.ru,false,
2024-04-22 03:00:00,Russia,Europe-Ural,RU,350.97,322.99,39.03,11.82,so-ups.ru,false,
2024-04-22 04:00:00,Russia,Europe-Ural,RU,356.13,327.37,38.11,11.86,so-ups.ru,false,
2024-04-22 05:00:00,Russia,Europe-Ural,RU,355.26,326.25,38.22,12.74,so-ups.ru,false,
2024-04-22 06:00:00,Russia,Europe-Ural,RU,354.56,326.13,38.35,13.26,so-ups.ru,false,
2024-04-22 07:00:00,Russia,Europe-Ural,RU,352.93,323.94,38.63,13.3,so-ups.ru,false,
2024-04-22 08:00:00,Russia,Europe-Ural,RU,356.13,326.52,38.07,12.66,so-ups.ru,false,
2024-04-22 09:00:00,Russia,Europe-Ural,RU,359.18,329.27,37.54,12.04,so-ups.ru,false,
2024-04-22 10:00:00,Russia,Europe-Ural,RU,358.95,329.18,37.59,12.25,so-ups.ru,false,
2024-04-22 11:00:00,Russia,Europe-Ural,RU,359.27,329.45,37.54,12.02,so-ups.ru,false,
2024-04-22 12:00:00,Russia,Europe-Ural,RU,359.66,329.91,37.47,12.07,so-ups.ru,false,
2024-04-22 13:00:00,Russia,Europe-Ural,RU,360.13,330.37,37.4,11.78,so-ups.ru,false,
2024-04-22 14:00:00,Russia,Europe-Ural,RU,359.74,330.02,37.47,12.02,so-ups.ru,false,
2024-04-22 15:00:00,Russia,Europe-Ural,RU,357.58,328.43,37.85,12.54,so-ups.ru,false,
2024-04-22 16:00:00,Russia,Europe-Ural,RU,356.45,327.59,38.06,12.8,so-ups.ru,false,
2024-04-22 17:00:00,Russia,Europe-Ural,RU,360.56,331.52,37.38,11.78,so-ups.ru,false,
2024-04-22 18:00:00,Russia,Europe-Ural,RU,356.32,327.17,38.08,11.67,so-ups.ru,false,
2024-04-22 19:00:00,Russia,Europe-Ural,RU,350.13,321.64,39.16,11.44,so-ups.ru,false,
2024-04-22 20:00:00,Russia,Europe-Ural,RU,348.31,319.27,39.43,10.41,so-ups.ru,false,
2024-04-22 21:00:00,Russia,Europe-Ural,RU,350.21,321.99,39.15,9.69,so-ups.ru,false,
2024-04-22 22:00:00,Russia,Europe-Ural,RU,348.24,319.26,39.45,9.5,so-ups.ru,false,
2024-04-22 23:00:00,Russia,Europe-Ural,RU,347.05,318.07,39.62,9.5,so-ups.ru,false,
2024-04-23 00:00:00,Russia,Europe-Ural,RU,348.44,319.48,39.41,9.47,so-ups.ru,false,
2024-04-23 01:00:00,Russia,Europe-Ural,RU,353.35,324.77,38.61,9.45,so-ups.ru,false,
2024-04-23 02:00:00,Russia,Europe-Ural,RU,358.42,329.59,37.75,9.6,so-ups.ru,false,
2024-04-23 03:00:00,Russia,Europe-Ural,RU,358.38,330.27,37.78,11.13,so-ups.ru,false,
2024-04-23 04:00:00,Russia,Europe-Ural,RU,362.3,334.07,37.11,11.7,so-ups.ru,false,
2024-04-23 05:00:00,Russia,Europe-Ural,RU,359.49,330.45,37.53,12.54,so-ups.ru,false,
2024-04-23 06:00:00,Russia,Europe-Ural,RU,359.38,330.55,37.55,12.74,so-ups.ru,false,
2024-04-23 07:00:00,Russia,Europe-Ural,RU,359.21,330.7,37.6,12.84,so-ups.ru,false,
2024-04-23 08:00:00,Russia,Europe-Ural,RU,356.59,327.37,38.01,12.81,so-ups.ru,false,
2024-04-23 09:00:00,Russia,Europe-Ural,RU,357.85,329.1,37.82,12.64,so-ups.ru,false,
2024-04-23 10:00:00,Russia,Europe-Ural,RU,360.34,331.53,37.39,12.25,so-ups.ru,false,
2024-04-23 11:00:00,Russia,Europe-Ural,RU,360.34,330.84,37.37,11.99,so-ups.ru,false,
2024-04-23 12:00:00,Russia,Europe-Ural,RU,360.24,330.45,37.37,11.92,so-ups.ru,false,
2024-04-23 13:00:00,Russia,Europe-Ural,RU,360.85,330.91,37.27,11.7,so-ups.ru,false,
2024-04-23 14:00:00,Russia,Europe-Ural,RU,360.1,330.85,37.42,12.14,so-ups.ru,false,
2024-04-23 15:00:00,Russia,Europe-Ural,RU,362.03,332.97,37.1,12.08,so-ups.ru,false,
2024-04-23 16:00:00,Russia,Europe-Ural,RU,362.32,333.83,37.09,12.29,so-ups.ru,false,
2024-04-23 17:00:00,Russia,Europe-Ural,RU,361.46,333.68,37.27,12.33,so-ups.ru,false,
2024-04-23 18:00:00,Russia,Europe-Ural,RU,358.82,331.06,37.72,11.91,so-ups.ru,false,
2024-04-23 19:00:00,Russia,Europe-Ural,RU,354.44,327.0,38.47,11.42,so-ups.ru,false,
2024-04-23 20:00:00,Russia,Europe-Ural,RU,350.99,321.99,38.99,10.2,so-ups.ru,false,
2024-04-23 21:00:00,Russia,Europe-Ural,RU,351.17,323.06,38.99,9.77,so-ups.ru,false,
2024-04-23 22:00:00,Russia,Europe-Ural,RU,348.89,320.66,39.39,9.62,so-ups.ru,false,
2024-04-23 23:00:00,Russia,Europe-Ural,RU,347.96,318.9,39.51,9.49,so-ups.ru,false,
2024-04-24 00:00:00,Russia,Europe-Ural,RU,351.54,323.09,38.93,9.26,so-ups.ru,false,
2024-04-24 01:00:00,Russia,Europe-Ural,RU,354.55,325.66,38.37,9.13,so-ups.ru,false,
2024-04-24 02:00:00,Russia,Europe-Ural,RU,359.59,330.59,37.54,9.39,so-ups.ru,false,
2024-04-24 03:00:00,Russia,Europe-Ural,RU,358.49,329.83,37.71,10.95,so-ups.ru,false,
2024-04-24 04:00:00,Russia,Europe-Ural,RU,363.57,334.72,36.81,11.2,so-ups.ru,false,
2024-04-24 05:00:00,Russia,Europe-Ural,RU,361.88,333.1,37.13,12.3,so-ups.ru,false,
2024-04-24 06:00:00,Russia,Europe-Ural,RU,358.02,328.96,37.76,12.81,so-ups.ru,false,
2024-04-24 07:00:00,Russia,Europe-Ural,RU,356.52,327.94,38.05,12.99,so-ups.ru,false,
2024-04-24 08:00:00,Russia,Europe-Ural,RU,357.15,328.58,37.93,12.8,so-ups.ru,false,
2024-04-24 09:00:00,Russia,Europe-Ural,RU,359.66,330.08,37.48,12.18,so-ups.ru,false,
2024-04-24 10:00:00,Russia,Europe-Ural,RU,361.06,331.37,37.24,12.02,so-ups.ru,false,
2024-04-24 11:00:00,Russia,Europe-Ural,RU,360.59,330.8,37.31,11.88,so-ups.ru,false,
2024-04-24 12:00:00,Russia,Europe-Ural,RU,361.18,331.64,37.22,11.75,so-ups.ru,false,
2024-04-24 13:00:00,Russia,Europe-Ural,RU,362.81,333.28,36.94,11.65,so-ups.ru,false,
2024-04-24 14:00:00,Russia,Europe-Ural,RU,360.79,330.88,37.27,11.64,so-ups.ru,false,
2024-04-24 15:00:00,Russia,Europe-Ural,RU,358.45,329.84,37.71,12.32,so-ups.ru,false,
2024-04-24 16:00:00,Russia,Europe-Ural,RU,358.66,330.82,37.72,12.71,so-ups.ru,false,
2024-04-24 17:00:00,Russia,Europe-Ural,RU,362.42,333.42,37.05,11.66,so-ups.ru,false,
2024-04-24 18:00:00,Russia,Europe-Ural,RU,358.44,329.68,37.73,11.32,so-ups.ru,false,
2024-04-24 19:00:00,Russia,Europe-Ural,RU,350.23,322.56,39.17,11.57,so-ups.ru,false,
2024-04-24 20:00:00,Russia,Europe-Ural,RU,349.64,321.67,39.28,10.45,so-ups.ru,false,
2024-04-24 21:00:00,Russia,Europe-Ural,RU,347.01,318.26,39.68,9.79,so-ups.ru,false,
2024-04-24 22:00:00,Russia,Europe-Ural,RU,346.06,317.5,39.85,9.62,so-ups.ru,false,
2024-04-24 23:00:00,Russia,Europe-Ural,RU,347.57,318.59,39.57,9.52,so-ups.ru,false,
2024-04-25 00:00:00,Russia,Europe-Ural,RU,347.87,318.73,39.52,9.5,so-ups.ru,false,
2024-04-25 01:00:00,Russia,Europe-Ural,RU,351.96,322.6,38.79,9.33,so-ups.ru,false,
2024-04-25 02:00:00,Russia,Europe-Ural,RU,353.75,324.74,38.5,9.96,so-ups.ru,false,
2024-04-25 03:00:00,Russia,Europe-Ural,RU,353.59,324.82,38.54,11.48,so-ups.ru,false,
2024-04-25 04:00:00,Russia,Europe-Ural,RU,359.81,331.16,37.49,11.52,so-ups.ru,false,
2024-04-25 05:00:00,Russia,Europe-Ural,RU,361.01,331.66,37.25,12.08,so-ups.ru,false,
2024-04-25 06:00:00,Russia,Europe-Ural,RU,357.27,328.6,37.89,12.79,so-ups.ru,false,
2024-04-25 07:00:00,Russia,Europe-Ural,RU,355.25,326.39,38.21,12.93,so-ups.ru,false,
2024-04-25 08:00:00,Russia,Europe-Ural,RU,358.38,329.65,37.72,12.55,so-ups.ru,false,
2024-04-25 09:00:00,Russia,Europe-Ural,RU,361.35,332.02,37.2,12.05,so-ups.ru,false,
2024-04-25 10:00:00,Russia,Europe-Ural,RU,361.9,331.66,37.06,11.73,so-ups.ru,false,
2024-04-25 11:00:00,Russia,Europe-Ural,RU,361.1,330.94,37.21,11.72,so-ups.ru,false,
2024-04-25 12:00:00,Russia,Europe-Ural,RU,362.23,332.32,37.03,11.55,so-ups.ru,false,
2024-04-25 13:00:00,Russia,Europe-Ural,RU,363.79,334.04,36.78,11.34,so-ups.ru,false,
2024-04-25 14:00:00,Russia,Europe-Ural,RU,361.32,331.08,37.17,11.54,so-ups.ru,false,
2024-04-25 15:00:00,Russia,Europe-Ural,RU,356.77,327.23,37.95,12.32,so-ups.ru,false,
2024-04-25 16:00:00,Russia,Europe-Ural,RU,357.78,328.98,37.83,12.5,so-ups.ru,false,
2024-04-25 17:00:00,Russia,Europe-Ural,RU,362.83,334.15,37.0,11.63,so-ups.ru,false,
2024-04-25 18:00:00,Russia,Europe-Ural,RU,356.29,327.12,38.07,11.32,so-ups.ru,false,
2024-04-25 19:00:00,Russia,Europe-Ural,RU,345.58,317.31,39.92,11.66,so-ups.ru,false,
2024-04-25 20:00:00,Russia,Europe-Ural,RU,339.44,312.07,40.99,11.71,so-ups.ru,false,
2024-04-25 21:00:00,Russia,Europe-Ural,RU,346.23,317.25,39.79,9.71,so-ups.ru,false,
2024-04-25 22:00:00,Russia,Europe-Ural,RU,346.63,317.56,39.72,9.27,so-ups.ru,false,
2024-04-25 23:00:00,Russia,Europe-Ural,RU,347.98,318.8,39.47,9.14,so-ups.ru,false,
2024-04-26 00:00:00,Russia,Europe-Ural,RU,349.15,319.74,39.28,9.08,so-ups.ru,false,
2024-04-26 01:00:00,Russia,Europe-Ural,RU,351.84,322.11,38.81,9.01,so-ups.ru,false,
2024-04-26 02:00:00,Russia,Europe-Ural,RU,353.42,324.23,38.55,9.8,so-ups.ru,false,
2024-04-26 03:00:00,Russia,Europe-Ural,RU,354.67,325.62,38.34,11.22,so-ups.ru,false,
2024-04-26 04:00:00,Russia,Europe-Ural,RU,360.97,331.37,37.25,11.16,so-ups.ru,false,
2024-04-26 05:00:00,Russia,Europe-Ural,RU,360.58,330.83,37.29,12.09,so-ups.ru,false,
2024-04-26 06:00:00,Russia,Europe-Ural,RU,359.78,330.98,37.48,12.74,so-ups.ru,false,
2024-04-26 07:00:00,Russia,Europe-Ural,RU,358.75,329.68,37.65,12.79,so-ups.ru,false,
2024-04-26 08:00:00,Russia,Europe-Ural,RU,360.66,332.11,37.36,12.42,so-ups.ru,false,
2024-04-26 09:00:00,Russia,Europe-Ural,RU,362.91,334.15,36.97,12.03,so-ups.ru,false,
2024-04-26 10:00:00,Russia,Europe-Ural,RU,363.8,334.43,36.79,11.88,so-ups.ru,false,
2024-04-26 11:00:00,Russia,Europe-Ural,RU,363.67,333.61,36.79,11.61,so-ups.ru,false,
2024-04-26 12:00:00,Russia,Europe-Ural,RU,363.77,334.13,36.78,11.59,so-ups.ru,false,
2024-04-26 13:00:00,Russia,Europe-Ural,RU,364.47,335.21,36.69,11.48,so-ups.ru,false,
2024-04-26 14:00:00,Russia,Europe-Ural,RU,362.66,333.43,37.0,11.71,so-ups.ru,false,
2024-04-26 15:00:00,Russia,Europe-Ural,RU,360.7,332.57,37.37,12.44,so-ups.ru,false,
2024-04-26 16:00:00,Russia,Europe-Ural,RU,361.24,333.62,37.3,12.77,so-ups.ru,false,
2024-04-26 17:00:00,Russia,Europe-Ural,RU,364.91,335.46,36.61,11.76,so-ups.ru,false,
2024-04-26 18:00:00,Russia,Europe-Ural,RU,360.88,332.13,37.33,11.76,so-ups.ru,false,
2024-04-26 19:00:00,Russia,Europe-Ural,RU,354.3,327.27,38.53,11.98,so-ups.ru,false,
2024-04-26 20:00:00,Russia,Europe-Ural,RU,346.63,319.9,39.83,11.98,so-ups.ru,false,
2024-04-26 21:00:00,Russia,Europe-Ural,RU,357.67,329.22,37.88,9.71,so-ups.ru,false,
2024-04-26 22:00:00,Russia,Europe-Ural,RU,358.53,328.56,37.68,9.06,so-ups.ru,false,
2024-04-26 23:00:00,Russia,Europe-Ural,RU,359.0,329.58,37.64,9.11,so-ups.ru,false,
2024-04-27 00:00:00,Russia,Europe-Ural,RU,359.81,330.76,37.52,9.15,so-ups.ru,false,
2024-04-27 01:00:00,Russia,Europe-Ural,RU,362.57,332.99,37.02,9.04,so-ups.ru,false,
2024-04-27 02:00:00,Russia,Europe-Ural,RU,364.58,334.72,36.65,9.59,so-ups.ru,false,
2024-04-27 03:00:00,Russia,Europe-Ural,RU,363.73,334.08,36.81,11.19,so-ups.ru,false,
2024-04-27 04:00:00,Russia,Europe-Ural,RU,369.32,339.05,35.84,11.2,so-ups.ru,false,
2024-04-27 05:00:00,Russia,Europe-Ural,RU,366.78,337.07,36.29,12.49,so-ups.ru,false,
2024-04-27 06:00:00,Russia,Europe-Ural,RU,365.65,336.18,36.47,12.88,so-ups.ru,false,
2024-04-27 07:00:00,Russia,Europe-Ural,RU,365.0,335.81,36.59,12.95,so-ups.ru,false,
2024-04-27 08:00:00,Russia,Europe-Ural,RU,367.14,337.9,36.23,12.55,so-ups.ru,false,
2024-04-27 09:00:00,Russia,Europe-Ural,RU,369.82,340.13,35.77,12.08,so-ups.ru,false,
2024-04-27 10:00:00,Russia,Europe-Ural,RU,369.56,339.75,35.8,12.04,so-ups.ru,false,
2024-04-27 11:00:00,Russia,Europe-Ural,RU,369.8,339.93,35.77,11.95,so-ups.ru,false,
2024-04-27 12:00:00,Russia,Europe-Ural,RU,369.21,339.02,35.84,11.77,so-ups.ru,false,
2024-04-27 13:00:00,Russia,Europe-Ural,RU,369.18,339.29,35.87,11.73,so-ups.ru,false,
2024-04-27 14:00:00,Russia,Europe-Ural,RU,367.54,337.99,36.17,12.0,so-ups.ru,false,
2024-04-27 15:00:00,Russia,Europe-Ural,RU,365.97,336.35,36.42,12.64,so-ups.ru,false,
2024-04-27 16:00:00,Russia,Europe-Ural,RU,363.94,334.93,36.78,12.9,so-ups.ru,false,
2024-04-27 17:00:00,Russia,Europe-Ural,RU,368.67,339.1,35.99,11.98,so-ups.ru,false,
2024-04-27 18:00:00,Russia,Europe-Ural,RU,365.04,335.94,36.62,11.94,so-ups.ru,false,
2024-04-27 19:00:00,Russia,Europe-Ural,RU,360.04,330.89,37.47,11.71,so-ups.ru,false,
2024-04-27 20:00:00,Russia,Europe-Ural,RU,355.2,326.65,38.32,11.5,so-ups.ru,false,
2024-04-27 21:00:00,Russia,Europe-Ural,RU,361.18,331.3,37.26,9.71,so-ups.ru,false,
2024-04-27 22:00:00,Russia,Europe-Ural,RU,361.82,332.33,37.13,9.22,so-ups.ru,false,
2024-04-27 23:00:00,Russia,Europe-Ural,RU,358.92,329.38,37.61,9.28,so-ups.ru,false,
2024-04-28 00:00:00,Russia,Europe-Ural,RU,357.98,328.85,37.79,9.42,so-ups.ru,false,
2024-04-28 01:00:00,Russia,Europe-Ural,RU,358.97,329.82,37.66,9.51,so-ups.ru,false,
2024-04-28 02:00:00,Russia,Europe-Ural,RU,357.95,329.01,37.81,10.08,so-ups.ru,false,
2024-04-28 03:00:00,Russia,Europe-Ural,RU,351.19,323.2,38.97,11.95,so-ups.ru,false,
2024-04-28 04:00:00,Russia,Europe-Ural,RU,355.84,327.79,38.18,12.14,so-ups.ru,false,
2024-04-28 05:00:00,Russia,Europe-Ural,RU,355.47,326.97,38.23,12.66,so-ups.ru,false,
2024-04-28 06:00:00,Russia,Europe-Ural,RU,355.74,327.19,38.17,13.05,so-ups.ru,false,
2024-04-28 07:00:00,Russia,Europe-Ural,RU,354.73,326.3,38.35,13.23,so-ups.ru,false,
2024-04-28 08:00:00,Russia,Europe-Ural,RU,352.85,324.24,38.65,13.4,so-ups.ru,false,
2024-04-28 09:00:00,Russia,Europe-Ural,RU,352.11,324.04,38.8,13.41,so-ups.ru,false,
2024-04-28 10:00:00,Russia,Europe-Ural,RU,351.79,323.99,38.85,13.44,so-ups.ru,false,
2024-04-28 11:00:00,Russia,Europe-Ural,RU,353.31,325.11,38.6,13.12,so-ups.ru,false,
2024-04-28 12:00:00,Russia,Europe-Ural,RU,352.65,324.3,38.7,13.14,so-ups.ru,false,
2024-04-28 13:00:00,Russia,Europe-Ural,RU,351.88,323.6,38.85,13.43,so-ups.ru,false,
2024-04-28 14:00:00,Russia,Europe-Ural,RU,354.0,325.6,38.48,13.21,so-ups.ru,false,
2024-04-28 15:00:00,Russia,Europe-Ural,RU,353.94,325.9,38.5,13.52,so-ups.ru,false,
2024-04-28 16:00:00,Russia,Europe-Ural,RU,354.14,326.52,38.47,13.83,so-ups.ru,false,
2024-04-28 17:00:00,Russia,Europe-Ural,RU,355.8,328.38,38.22,13.52,so-ups.ru,false,
2024-04-28 18:00:00,Russia,Europe-Ural,RU,357.16,329.61,38.0,12.64,so-ups.ru,false,
2024-04-28 19:00:00,Russia,Europe-Ural,RU,356.23,328.58,38.15,11.83,so-ups.ru,false,
2024-04-28 20:00:00,Russia,Europe-Ural,RU,350.4,322.7,39.15,11.77,so-ups.ru,false,
2024-04-28 21:00:00,Russia,Europe-Ural,RU,355.74,327.17,38.21,10.11,so-ups.ru,false,
2024-04-28 22:00:00,Russia,Europe-Ural,RU,354.85,326.8,38.39,9.93,so-ups.ru,false,
2024-04-28 23:00:00,Russia,Europe-Ural,RU,354.53,326.29,38.43,9.6,so-ups.ru,false,
2024-04-29 00:00:00,Russia,Europe-Ural,RU,354.33,325.61,38.43,9.5,so-ups.ru,false,
2024-04-29 01:00:00,Russia,Europe-Ural,RU,354.68,326.28,38.38,9.58,so-ups.ru,false,
2024-04-29 02:00:00,Russia,Europe-Ural,RU,354.85,326.28,38.35,10.2,so-ups.ru,false,
2024-04-29 03:00:00,Russia,Europe-Ural,RU,349.75,321.78,39.23,12.01,so-ups.ru,false,
2024-04-29 04:00:00,Russia,Europe-Ural,RU,356.51,327.99,38.05,12.07,so-ups.ru,false,
2024-04-29 05:00:00,Russia,Europe-Ural,RU,356.64,327.49,37.98,12.83,so-ups.ru,false,
2024-04-29 06:00:00,Russia,Europe-Ural,RU,357.85,328.68,37.78,13.1,so-ups.ru,false,
2024-04-29 07:00:00,Russia,Europe-Ural,RU,360.23,331.49,37.4,13.24,so-ups.ru,false,
2024-04-29 08:00:00,Russia,Europe-Ural,RU,360.05,331.58,37.45,13.44,so-ups.ru,false,
2024-04-29 09:00:00,Russia,Europe-Ural,RU,359.01,330.71,37.61,13.44,so-ups.ru,false,
2024-04-29 10:00:00,Russia,Europe-Ural,RU,359.62,331.4,37.52,13.29,so-ups.ru,false,
2024-04-29 11:00:00,Russia,Europe-Ural,RU,359.43,330.96,37.56,13.08,so-ups.ru,false,
2024-04-29 12:00:00,Russia,Europe-Ural,RU,358.93,330.53,37.64,13.15,so-ups.ru,false,
2024-04-29 13:00:00,Russia,Europe-Ural,RU,361.95,333.61,37.14,13.27,so-ups.ru,false,
2024-04-29 14:00:00,Russia,Europe-Ural,RU,363.09,334.2,36.93,13.05,so-ups.ru,false,
2024-04-29 15:00:00,Russia,Europe-Ural,RU,362.34,333.73,37.08,13.25,so-ups.ru,false,
2024-04-29 16:00:00,Russia,Europe-Ural,RU,360.53,332.36,37.39,13.63,so-ups.ru,false,
2024-04-29 17:00:00,Russia,Europe-Ural,RU,362.27,334.49,37.15,13.43,so-ups.ru,false,
2024-04-29 18:00:00,Russia,Europe-Ural,RU,364.39,335.55,36.72,12.2,so-ups.ru,false,
2024-04-29 19:00:00,Russia,Europe-Ural,RU,362.42,333.33,37.04,11.55,so-ups.ru,false,
2024-04-29 20:00:00,Russia,Europe-Ural,RU,357.66,328.85,37.88,11.6,so-ups.ru,false,
2024-04-29 21:00:00,Russia,Europe-Ural,RU,364.69,335.06,36.68,10.06,so-ups.ru,false,
2024-04-29 22:00:00,Russia,Europe-Ural,RU,363.3,334.2,36.94,9.89,so-ups.ru,false,
2024-04-29 23:00:00,Russia,Europe-Ural,RU,360.64,331.75,37.36,9.66,so-ups.ru,false,
2024-04-30 00:00:00,Russia,Europe-Ural,RU,359.83,330.82,37.49,9.67,so-ups.ru,false,
2024-04-30 01:00:00,Russia,Europe-Ural,RU,361.44,332.47,37.23,9.67,so-ups.ru,false,
2024-04-30 02:00:00,Russia,Europe-Ural,RU,360.61,331.49,37.35,10.26,so-ups.ru,false,
2024-04-30 03:00:00,Russia,Europe-Ural,RU,357.4,329.23,37.93,11.74,so-ups.ru,false,
2024-04-30 04:00:00,Russia,Europe-Ural,RU,356.95,329.26,38.02,12.84,so-ups.ru,false,
2024-04-30 05:00:00,Russia,Europe-Ural,RU,357.27,329.25,37.96,13.28,so-ups.ru,false,
2024-04-30 06:00:00,Russia,Europe-Ural,RU,356.18,328.34,38.13,13.78,so-ups.ru,false,
2024-04-30 07:00:00,Russia,Europe-Ural,RU,358.13,330.43,37.8,13.79,so-ups.ru,false,
2024-04-30 08:00:00,Russia,Europe-Ural,RU,354.85,326.44,38.33,13.85,so-ups.ru,false,
2024-04-30 09:00:00,Russia,Europe-Ural,RU,354.96,327.05,38.33,13.83,so-ups.ru,false,
2024-04-30 10:00:00,Russia,Europe-Ural,RU,356.44,329.01,38.1,13.68,so-ups.ru,false,
2024-04-30 11:00:00,Russia,Europe-Ural,RU,357.25,329.99,37.99,13.49,so-ups.ru,false,
2024-04-30 12:00:00,Russia,Europe-Ural,RU,355.93,328.46,38.19,13.52,so-ups.ru,false,
2024-04-30 13:00:00,Russia,Europe-Ural,RU,356.04,328.89,38.18,13.53,so-ups.ru,false,
2024-04-30 14:00:00,Russia,Europe-Ural,RU,354.86,327.27,38.36,13.65,so-ups.ru,false,
2024-04-30 15:00:00,Russia,Europe-Ural,RU,355.81,328.13,38.21,13.75,so-ups.ru,false,
2024-04-30 16:00:00,Russia,Europe-Ural,RU,356.8,328.8,38.03,13.7,so-ups.ru,false,
2024-04-30 17:00:00,Russia,Europe-Ural,RU,360.0,332.24,37.52,13.39,so-ups.ru,false,
2024-04-30 18:00:00,Russia,Europe-Ural,RU,357.98,330.11,37.85,12.82,so-ups.ru,false,
2024-04-30 19:00:00,Russia,Europe-Ural,RU,357.86,330.44,37.92,12.1,so-ups.ru,false,
2024-04-30 20:00:00,Russia,Europe-Ural,RU,352.58,324.99,38.81,11.83,so-ups.ru,false,
2024-04-30 21:00:00,Russia,Europe-Ural,RU,354.18,325.77,38.5,10.92,so-ups.ru,false,
2024-04-30 22:00:00,Russia,Europe-Ural,RU,351.68,323.91,38.94,10.79,so-ups.ru,false,
2024-04-30 23:00:00,Russia,Europe-Ural,RU,348.14,320.72,39.56,10.52,so-ups.ru,false,
2024-05-01 00:00:00,Russia,Europe-Ural,RU,347.24,320.09,39.72,10.54,so-ups.ru,false,
2024-05-01 01:00:00,Russia,Europe-Ural,RU,347.09,319.59,39.72,10.52,so-ups.ru,false,
2024-05-01 02:00:00,Russia,Europe-Ural,RU,345.82,318.72,39.94,11.32,so-ups.ru,false,
2024-05-01 03:00:00,Russia,Europe-Ural,RU,341.29,314.96,40.72,12.98,so-ups.ru,false,
2024-05-01 04:00:00,Russia,Europe-Ural,RU,344.41,317.81,40.18,13.32,so-ups.ru,false,
2024-05-01 05:00:00,Russia,Europe-Ural,RU,346.79,319.65,39.76,13.74,so-ups.ru,false,
2024-05-01 06:00:00,Russia,Europe-Ural,RU,349.35,321.66,39.3,13.78,so-ups.ru,false,
2024-05-01 07:00:00,Russia,Europe-Ural,RU,347.69,320.18,39.58,14.16,so-ups.ru,false,
2024-05-01 08:00:00,Russia,Europe-Ural,RU,347.25,319.95,39.67,14.41,so-ups.ru,false,
2024-05-01 09:00:00,Russia,Europe-Ural,RU,348.06,320.76,39.53,14.19,so-ups.ru,false,
2024-05-01 10:00:00,Russia,Europe-Ural,RU,348.75,321.53,39.41,14.15,so-ups.ru,false,
2024-05-01 11:00:00,Russia,Europe-Ural,RU,350.52,323.13,39.12,13.81,so-ups.ru,false,
2024-05-01 12:00:00,Russia,Europe-Ural,RU,348.95,321.77,39.39,14.13,so-ups.ru,false,
2024-05-01 13:00:00,Russia,Europe-Ural,RU,347.96,321.01,39.56,14.35,so-ups.ru,false,
2024-05-01 14:00:00,Russia,Europe-Ural,RU,348.98,321.79,39.4,14.29,so-ups.ru,false,
2024-05-01 15:00:00,Russia,Europe-Ural,RU,349.99,322.47,39.21,14.3,so-ups.ru,false,
2024-05-01 16:00:00,Russia,Europe-Ural,RU,350.27,323.07,39.19,14.71,so-ups.ru,false,
2024-05-01 17:00:00,Russia,Europe-Ural,RU,353.76,326.03,38.59,14.15,so-ups.ru,false,
2024-05-01 18:00:00,Russia,Europe-Ural,RU,348.74,321.79,39.45,14.29,so-ups.ru,false,
2024-05-01 19:00:00,Russia,Europe-Ural,RU,347.24,320.43,39.74,13.53,so-ups.ru,false,
2024-05-01 20:00:00,Russia,Europe-Ural,RU,342.78,316.7,40.53,13.28,so-ups.ru,false,
2024-05-01 21:00:00,Russia,Europe-Ural,RU,350.63,323.02,39.15,11.12,so-ups.ru,false,
2024-05-01 22:00:00,Russia,Europe-Ural,RU,348.32,320.99,39.55,11.0,so-ups.ru,false,
2024-05-01 23:00:00,Russia,Europe-Ural,RU,347.61,320.42,39.68,10.78,so-ups.ru,false,
2024-05-02 00:00:00,Russia,Europe-Ural,RU,347.5,319.89,39.66,10.68,so-ups.ru,false,
2024-05-02 01:00:00,Russia,Europe-Ural,RU,350.28,322.52,39.19,10.69,so-ups.ru,false,
2024-05-02 02:00:00,Russia,Europe-Ural,RU,353.75,325.16,38.56,11.12,so-ups.ru,false,
2024-05-02 03:00:00,Russia,Europe-Ural,RU,355.06,326.62,38.33,12.45,so-ups.ru,false,
2024-05-02 04:00:00,Russia,Europe-Ural,RU,360.28,331.63,37.45,12.67,so-ups.ru,false,
2024-05-02 05:00:00,Russia,Europe-Ural,RU,356.26,328.21,38.14,14.11,so-ups.ru,false,
2024-05-02 06:00:00,Russia,Europe-Ural,RU,355.01,327.08,38.34,14.58,so-ups.ru,false,
2024-05-02 07:00:00,Russia,Europe-Ural,RU,354.35,326.42,38.46,14.54,so-ups.ru,false,
2024-05-02 08:00:00,Russia,Europe-Ural,RU,355.09,326.83,38.31,14.24,so-ups.ru,false,
2024-05-02 09:00:00,Russia,Europe-Ural,RU,359.84,331.02,37.49,13.56,so-ups.ru,false,
2024-05-02 10:00:00,Russia,Europe-Ural,RU,361.24,332.28,37.24,13.58,so-ups.ru,false,
2024-05-02 11:00:00,Russia,Europe-Ural,RU,360.95,332.0,37.3,13.56,so-ups.ru,false,
2024-05-02 12:00:00,Russia,Europe-Ural,RU,360.91,331.43,37.27,13.47,so-ups.ru,false,
2024-05-02 13:00:00,Russia,Europe-Ural,RU,361.87,332.65,37.13,13.44,so-ups.ru,false,
2024-05-02 14:00:00,Russia,Europe-Ural,RU,361.77,332.47,37.15,13.34,so-ups.ru,false,
2024-05-02 15:00:00,Russia,Europe-Ural,RU,360.62,331.61,37.36,13.78,so-ups.ru,false,
2024-05-02 16:00:00,Russia,Europe-Ural,RU,361.67,333.17,37.21,14.01,so-ups.ru,false,
2024-05-02 17:00:00,Russia,Europe-Ural,RU,364.61,335.45,36.7,13.22,so-ups.ru,false,
2024-05-02 18:00:00,Russia,Europe-Ural,RU,362.16,333.14,37.1,13.01,so-ups.ru,false,
2024-05-02 19:00:00,Russia,Europe-Ural,RU,358.33,330.08,37.8,12.73,so-ups.ru,false,
2024-05-02 20:00:00,Russia,Europe-Ural,RU,352.09,323.56,38.82,12.57,so-ups.ru,false,
2024-05-02 21:00:00,Russia,Europe-Ural,RU,355.16,326.81,38.31,11.23,so-ups.ru,false,
2024-05-02 22:00:00,Russia,Europe-Ural,RU,354.17,326.32,38.53,10.98,so-ups.ru,false,
2024-05-02 23:00:00,Russia,Europe-Ural,RU,355.83,327.62,38.23,10.62,so-ups.ru,false,
2024-05-03 00:00:00,Russia,Europe-Ural,RU,356.16,327.26,38.13,10.49,so-ups.ru,false,
2024-05-03 01:00:00,Russia,Europe-Ural,RU,357.84,328.54,37.82,10.43,so-ups.ru,false,
2024-05-03 02:00:00,Russia,Europe-Ural,RU,361.66,332.29,37.17,10.92,so-ups.ru,false,
2024-05-03 03:00:00,Russia,Europe-Ural,RU,361.16,332.02,37.24,12.32,so-ups.ru,false,
2024-05-03 04:00:00,Russia,Europe-Ural,RU,364.86,335.5,36.62,12.64,so-ups.ru,false,
2024-05-03 05:00:00,Russia,Europe-Ural,RU,360.57,331.62,37.36,13.99,so-ups.ru,false,
2024-05-03 06:00:00,Russia,Europe-Ural,RU,360.15,331.41,37.43,14.36,so-ups.ru,false,
2024-05-03 07:00:00,Russia,Europe-Ural,RU,359.5,330.69,37.52,14.39,so-ups.ru,false,
2024-05-03 08:00:00,Russia,Europe-Ural,RU,359.72,330.79,37.49,14.12,so-ups.ru,false,
2024-05-03 09:00:00,Russia,Europe-Ural,RU,360.86,331.67,37.29,13.78,so-ups.ru,false,
2024-05-03 10:00:00,Russia,Europe-Ural,RU,361.67,332.68,37.16,13.76,so-ups.ru,false,
2024-05-03 11:00:00,Russia,Europe-Ural,RU,361.69,332.45,37.16,13.65,so-ups.ru,false,
2024-05-03 12:00:00,Russia,Europe-Ural,RU,359.52,329.84,37.49,13.61,so-ups.ru,false,
2024-05-03 13:00:00,Russia,Europe-Ural,RU,358.85,329.83,37.64,13.55,so-ups.ru,false,
2024-05-03 14:00:00,Russia,Europe-Ural,RU,358.11,329.59,37.8,13.78,so-ups.ru,false,
2024-05-03 15:00:00,Russia,Europe-Ural,RU,356.7,327.99,38.03,14.14,so-ups.ru,false,
2024-05-03 16:00:00,Russia,Europe-Ural,RU,356.78,328.32,38.03,14.24,so-ups.ru,false,
2024-05-03 17:00:00,Russia,Europe-Ural,RU,359.98,331.06,37.46,13.5,so-ups.ru,false,
2024-05-03 18:00:00,Russia,Europe-Ural,RU,357.95,329.87,37.87,13.39,so-ups.ru,false,
2024-05-03 19:00:00,Russia,Europe-Ural,RU,356.91,328.54,38.05,12.57,so-ups.ru,false,
2024-05-03 20:00:00,Russia,Europe-Ural,RU,356.71,326.93,37.99,11.33,so-ups.ru,false,
2024-05-03 21:00:00,Russia,Europe-Ural,RU,352.02,322.94,38.81,11.01,so-ups.ru,false,
2024-05-03 22:00:00,Russia,Europe-Ural,RU,350.72,322.44,39.09,11.05,so-ups.ru,false,
2024-05-03 23:00:00,Russia,Europe-Ural,RU,351.49,322.97,38.95,10.74,so-ups.ru,false,
2024-05-04 00:00:00,Russia,Europe-Ural,RU,351.11,322.36,38.98,10.68,so-ups.ru,false,
2024-05-04 01:00:00,Russia,Europe-Ural,RU,350.58,322.08,39.09,10.84,so-ups.ru,false,
2024-05-04 02:00:00,Russia,Europe-Ural,RU,352.44,324.13,38.78,11.18,so-ups.ru,false,
2024-05-04 03:00:00,Russia,Europe-Ural,RU,346.52,319.8,39.86,13.3,so-ups.ru,false,
2024-05-04 04:00:00,Russia,Europe-Ural,RU,348.7,321.6,39.45,13.55,so-ups.ru,false,
2024-05-04 05:00:00,Russia,Europe-Ural,RU,348.68,321.34,39.44,14.15,so-ups.ru,false,
2024-05-04 06:00:00,Russia,Europe-Ural,RU,350.79,323.3,39.07,14.41,so-ups.ru,false,
2024-05-04 07:00:00,Russia,Europe-Ural,RU,349.79,322.38,39.25,14.68,so-ups.ru,false,
2024-05-04 08:00:00,Russia,Europe-Ural,RU,348.7,321.45,39.44,14.91,so-ups.ru,false,
2024-05-04 09:00:00,Russia,Europe-Ural,RU,349.82,322.36,39.24,14.57,so-ups.ru,false,
2024-05-04 10:00:00,Russia,Europe-Ural,RU,349.94,322.08,39.19,14.46,so-ups.ru,false,
2024-05-04 11:00:00,Russia,Europe-Ural,RU,349.57,321.96,39.26,14.35,so-ups.ru,false,
2024-05-04 12:00:00,Russia,Europe-Ural,RU,346.36,318.99,39.8,14.95,so-ups.ru,false,
2024-05-04 13:00:00,Russia,Europe-Ural,RU,346.33,319.47,39.86,15.14,so-ups.ru,false,
2024-05-04 14:00:00,Russia,Europe-Ural,RU,348.66,320.75,39.41,14.81,so-ups.ru,false,
2024-05-04 15:00:00,Russia,Europe-Ural,RU,349.65,321.63,39.22,14.79,so-ups.ru,false,
2024-05-04 16:00:00,Russia,Europe-Ural,RU,350.59,323.05,39.11,14.97,so-ups.ru,false,
2024-05-04 17:00:00,Russia,Europe-Ural,RU,353.04,325.31,38.7,14.61,so-ups.ru,false,
2024-05-04 18:00:00,Russia,Europe-Ural,RU,353.5,325.98,38.64,14.0,so-ups.ru,false,
2024-05-04 19:00:00,Russia,Europe-Ural,RU,354.59,326.72,38.44,12.72,so-ups.ru,false,
2024-05-04 20:00:00,Russia,Europe-Ural,RU,352.88,324.49,38.68,11.76,so-ups.ru,false,
2024-05-04 21:00:00,Russia,Europe-Ural,RU,351.98,323.89,38.89,11.18,so-ups.ru,false,
2024-05-04 22:00:00,Russia,Europe-Ural,RU,349.27,321.53,39.36,11.28,so-ups.ru,false,
2024-05-04 23:00:00,Russia,Europe-Ural,RU,349.25,320.96,39.32,10.84,so-ups.ru,false,
2024-05-05 00:00:00,Russia,Europe-Ural,RU,349.04,320.93,39.36,10.9,so-ups.ru,false,
2024-05-05 01:00:00,Russia,Europe-Ural,RU,347.61,319.72,39.61,11.06,so-ups.ru,false,
2024-05-05 02:00:00,Russia,Europe-Ural,RU,349.07,321.48,39.38,11.6,so-ups.ru,false,
2024-05-05 03:00:00,Russia,Europe-Ural,RU,341.13,314.3,40.73,13.54,so-ups.ru,false,
2024-05-05 04:00:00,Russia,Europe-Ural,RU,342.49,315.63,40.48,13.88,so-ups.ru,false,
2024-05-05 05:00:00,Russia,Europe-Ural,RU,345.44,318.61,40.0,14.32,so-ups.ru,false,
2024-05-05 06:00:00,Russia,Europe-Ural,RU,346.39,319.68,39.85,14.45,so-ups.ru,false,
2024-05-05 07:00:00,Russia,Europe-Ural,RU,345.29,318.6,40.03,14.82,so-ups.ru,false,
2024-05-05 08:00:00,Russia,Europe-Ural,RU,343.99,317.37,40.24,14.93,so-ups.ru,false,
2024-05-05 09:00:00,Russia,Europe-Ural,RU,343.31,316.29,40.34,14.84,so-ups.ru,false,
2024-05-05 10:00:00,Russia,Europe-Ural,RU,344.58,317.49,40.13,14.61,so-ups.ru,false,
2024-05-05 11:00:00,Russia,Europe-Ural,RU,343.66,316.57,40.29,14.64,so-ups.ru,false,
2024-05-05 12:00:00,Russia,Europe-Ural,RU,344.38,317.15,40.16,14.52,so-ups.ru,false,
2024-05-05 13:00:00,Russia,Europe-Ural,RU,343.4,316.41,40.34,14.8,so-ups.ru,false,
2024-05-05 14:00:00,Russia,Europe-Ural,RU,342.71,315.96,40.48,15.12,so-ups.ru,false,
2024-05-05 15:00:00,Russia,Europe-Ural,RU,345.91,318.82,39.9,14.91,so-ups.ru,false,
2024-05-05 16:00:00,Russia,Europe-Ural,RU,346.47,318.98,39.79,14.98,so-ups.ru,false,
2024-05-05 17:00:00,Russia,Europe-Ural,RU,347.96,320.46,39.56,14.85,so-ups.ru,false,
2024-05-05 18:00:00,Russia,Europe-Ural,RU,348.03,320.75,39.55,14.29,so-ups.ru,false,
2024-05-05 19:00:00,Russia,Europe-Ural,RU,347.25,320.13,39.71,13.72,so-ups.ru,false,
2024-05-05 20:00:00,Russia,Europe-Ural,RU,347.83,320.02,39.56,12.43,so-ups.ru,false,
2024-05-05 21:00:00,Russia,Europe-Ural,RU,349.34,321.1,39.31,11.41,so-ups.ru,false,
2024-05-05 22:00:00,Russia,Europe-Ural,RU,348.58,321.25,39.5,11.51,so-ups.ru,false,
2024-05-05 23:00:00,Russia,Europe-Ural,RU,350.43,323.1,39.19,11.21,so-ups.ru,false,
2024-05-06 00:00:00,Russia,Europe-Ural,RU,349.76,321.66,39.25,11.06,so-ups.ru,false,
2024-05-06 01:00:00,Russia,Europe-Ural,RU,351.78,323.49,38.88,11.1,so-ups.ru,false,
2024-05-06 02:00:00,Russia,Europe-Ural,RU,354.24,325.71,38.47,11.51,so-ups.ru,false,
2024-05-06 03:00:00,Russia,Europe-Ural,RU,352.38,324.31,38.78,13.19,so-ups.ru,false,
2024-05-06 04:00:00,Russia,Europe-Ural,RU,355.87,327.93,38.2,13.57,so-ups.ru,false,
2024-05-06 05:00:00,Russia,Europe-Ural,RU,356.66,327.74,37.98,14.43,so-ups.ru,false,
2024-05-06 06:00:00,Russia,Europe-Ural,RU,360.27,330.81,37.34,14.9,so-ups.ru,false,
2024-05-06 07:00:00,Russia,Europe-Ural,RU,359.19,329.71,37.53,15.08,so-ups.ru,false,
2024-05-06 08:00:00,Russia,Europe-Ural,RU,363.47,333.6,36.81,14.26,so-ups.ru,false,
2024-05-06 09:00:00,Russia,Europe-Ural,RU,362.77,332.82,36.92,14.22,so-ups.ru,false,
2024-05-06 10:00:00,Russia,Europe-Ural,RU,362.5,332.42,36.97,14.13,so-ups.ru,false,
2024-05-06 11:00:00,Russia,Europe-Ural,RU,362.98,332.91,36.89,14.02,so-ups.ru,false,
2024-05-06 12:00:00,Russia,Europe-Ural,RU,365.29,334.95,36.49,13.84,so-ups.ru,false,
2024-05-06 13:00:00,Russia,Europe-Ural,RU,365.39,334.96,36.46,13.8,so-ups.ru,false,
2024-05-06 14:00:00,Russia,Europe-Ural,RU,366.03,335.72,36.38,13.9,so-ups.ru,false,
2024-05-06 15:00:00,Russia,Europe-Ural,RU,364.85,334.46,36.55,14.07,so-ups.ru,false,
2024-05-06 16:00:00,Russia,Europe-Ural,RU,363.78,334.01,36.78,14.36,so-ups.ru,false,
2024-05-06 17:00:00,Russia,Europe-Ural,RU,368.78,338.67,35.95,13.68,so-ups.ru,false,
2024-05-06 18:00:00,Russia,Europe-Ural,RU,364.76,334.32,36.59,13.55,so-ups.ru,false,
2024-05-06 19:00:00,Russia,Europe-Ural,RU,361.56,331.49,37.14,13.21,so-ups.ru,false,
2024-05-06 20:00:00,Russia,Europe-Ural,RU,362.14,331.82,37.04,12.0,so-ups.ru,false,
2024-05-06 21:00:00,Russia,Europe-Ural,RU,359.76,329.96,37.5,11.81,so-ups.ru,false,
2024-05-06 22:00:00,Russia,Europe-Ural,RU,358.89,329.56,37.66,11.74,so-ups.ru,false,
2024-05-06 23:00:00,Russia,Europe-Ural,RU,360.46,330.48,37.35,11.29,so-ups.ru,false,
2024-05-07 00:00:00,Russia,Europe-Ural,RU,360.58,330.13,37.29,11.18,so-ups.ru,false,
2024-05-07 01:00:00,Russia,Europe-Ural,RU,362.25,331.63,36.99,11.17,so-ups.ru,false,
2024-05-07 02:00:00,Russia,Europe-Ural,RU,366.14,335.78,36.38,11.44,so-ups.ru,false,
2024-05-07 03:00:00,Russia,Europe-Ural,RU,360.0,330.88,37.46,13.58,so-ups.ru,false,
2024-05-07 04:00:00,Russia,Europe-Ural,RU,361.9,332.58,37.12,14.18,so-ups.ru,false,
2024-05-07 05:00:00,Russia,Europe-Ural,RU,364.1,334.03,36.7,14.49,so-ups.ru,false,
2024-05-07 06:00:00,Russia,Europe-Ural,RU,365.34,335.03,36.46,14.69,so-ups.ru,false,
2024-05-07 07:00:00,Russia,Europe-Ural,RU,362.79,332.83,36.91,14.81,so-ups.ru,false,
2024-05-07 08:00:00,Russia,Europe-Ural,RU,363.22,333.22,36.85,14.65,so-ups.ru,false,
2024-05-07 09:00:00,Russia,Europe-Ural,RU,366.74,336.52,36.25,14.17,so-ups.ru,false,
2024-05-07 10:00:00,Russia,Europe-Ural,RU,365.61,335.3,36.42,14.36,so-ups.ru,false,
2024-05-07 11:00:00,Russia,Europe-Ural,RU,367.45,337.02,36.12,13.99,so-ups.ru,false,
2024-05-07 12:00:00,Russia,Europe-Ural,RU,367.18,336.47,36.15,13.9,so-ups.ru,false,
2024-05-07 13:00:00,Russia,Europe-Ural,RU,368.27,337.3,35.96,13.61,so-ups.ru,false,
2024-05-07 14:00:00,Russia,Europe-Ural,RU,369.04,338.08,35.84,13.5,so-ups.ru,false,
2024-05-07 15:00:00,Russia,Europe-Ural,RU,366.82,336.2,36.22,13.89,so-ups.ru,false,
2024-05-07 16:00:00,Russia,Europe-Ural,RU,366.73,336.42,36.26,14.07,so-ups.ru,false,
2024-05-07 17:00:00,Russia,Europe-Ural,RU,367.27,336.91,36.17,13.79,so-ups.ru,false,
2024-05-07 18:00:00,Russia,Europe-Ural,RU,364.29,334.42,36.7,13.54,so-ups.ru,false,
2024-05-07 19:00:00,Russia,Europe-Ural,RU,358.73,329.13,37.64,13.39,so-ups.ru,false,
2024-05-07 20:00:00,Russia,Europe-Ural,RU,357.43,327.75,37.86,12.59,so-ups.ru,false,
2024-05-07 21:00:00,Russia,Europe-Ural,RU,353.56,324.5,38.55,11.68,so-ups.ru,false,
2024-05-07 22:00:00,Russia,Europe-Ural,RU,352.68,323.82,38.72,11.52,so-ups.ru,false,
2024-05-07 23:00:00,Russia,Europe-Ural,RU,353.85,324.67,38.5,11.24,so-ups.ru,false,
2024-05-08 00:00:00,Russia,Europe-Ural,RU,353.22,323.8,38.59,11.22,so-ups.ru,false,
2024-05-08 01:00:00,Russia,Europe-Ural,RU,355.21,326.31,38.29,11.34,so-ups.ru,false,
2024-05-08 02:00:00,Russia,Europe-Ural,RU,358.88,329.42,37.64,11.48,so-ups.ru,false,
2024-05-08 03:00:00,Russia,Europe-Ural,RU,357.23,328.06,37.91,13.04,so-ups.ru,false,
2024-05-08 04:00:00,Russia,Europe-Ural,RU,359.41,329.96,37.53,13.56,so-ups.ru,false,
2024-05-08 05:00:00,Russia,Europe-Ural,RU,359.88,330.28,37.43,14.2,so-ups.ru,false,
2024-05-08 06:00:00,Russia,Europe-Ural,RU,358.82,329.12,37.59,14.3,so-ups.ru,false,
2024-05-08 07:00:00,Russia,Europe-Ural,RU,358.99,329.71,37.6,14.32,so-ups.ru,false,
2024-05-08 08:00:00,Russia,Europe-Ural,RU,358.41,328.82,37.67,14.1,so-ups.ru,false,
2024-05-08 09:00:00,Russia,Europe-Ural,RU,359.9,329.96,37.41,13.8,so-ups.ru,false,
2024-05-08 10:00:00,Russia,Europe-Ural,RU,360.53,330.47,37.3,13.72,so-ups.ru,false,
2024-05-08 11:00:00,Russia,Europe-Ural,RU,360.52,330.4,37.3,13.58,so-ups.ru,false,
2024-05-08 12:00:00,Russia,Europe-Ural,RU,360.1,329.98,37.37,13.39,so-ups.ru,false,
2024-05-08 13:00:00,Russia,Europe-Ural,RU,360.67,330.53,37.28,13.11,so-ups.ru,false,
2024-05-08 14:00:00,Russia,Europe-Ural,RU,357.81,328.14,37.78,13.65,so-ups.ru,false,
2024-05-08 15:00:00,Russia,Europe-Ural,RU,356.49,326.96,38.0,14.16,so-ups.ru,false,
2024-05-08 16:00:00,Russia,Europe-Ural,RU,356.3,326.77,38.03,14.34,so-ups.ru,false,
2024-05-08 17:00:00,Russia,Europe-Ural,RU,360.86,330.76,37.25,13.53,so-ups.ru,false,
2024-05-08 18:00:00,Russia,Europe-Ural,RU,356.47,327.14,38.03,13.61,so-ups.ru,false,
2024-05-08 19:00:00,Russia,Europe-Ural,RU,350.67,322.07,39.04,13.57,so-ups.ru,false,
2024-05-08 20:00:00,Russia,Europe-Ural,RU,344.99,317.14,40.04,13.45,so-ups.ru,false,
2024-05-08 21:00:00,Russia,Europe-Ural,RU,353.26,323.71,38.56,11.25,so-ups.ru,false,
2024-05-08 22:00:00,Russia,Europe-Ural,RU,355.28,325.66,38.24,10.67,so-ups.ru,false,
2024-05-08 23:00:00,Russia,Europe-Ural,RU,354.19,324.42,38.4,10.63,so-ups.ru,false,
2024-05-09 00:00:00,Russia,Europe-Ural,RU,354.61,325.04,38.33,10.64,so-ups.ru,false,
2024-05-09 01:00:00,Russia,Europe-Ural,RU,352.45,323.46,38.74,10.79,so-ups.ru,false,
2024-05-09 02:00:00,Russia,Europe-Ural,RU,352.75,323.96,38.68,11.35,so-ups.ru,false,
2024-05-09 03:00:00,Russia,Europe-Ural,RU,343.8,316.35,40.25,13.51,so-ups.ru,false,
2024-05-09 04:00:00,Russia,Europe-Ural,RU,347.09,319.2,39.68,13.65,so-ups.ru,false,
2024-05-09 05:00:00,Russia,Europe-Ural,RU,350.29,322.06,39.12,13.88,so-ups.ru,false,
2024-05-09 06:00:00,Russia,Europe-Ural,RU,349.05,321.02,39.33,14.46,so-ups.ru,false,
2024-05-09 07:00:00,Russia,Europe-Ural,RU,349.48,321.62,39.26,14.55,so-ups.ru,false,
2024-05-09 08:00:00,Russia,Europe-Ural,RU,348.82,320.62,39.34,14.53,so-ups.ru,false,
2024-05-09 09:00:00,Russia,Europe-Ural,RU,349.76,321.45,39.19,14.26,so-ups.ru,false,
2024-05-09 10:00:00,Russia,Europe-Ural,RU,350.49,322.2,39.06,14.1,so-ups.ru,false,
2024-05-09 11:00:00,Russia,Europe-Ural,RU,351.49,323.07,38.91,13.98,so-ups.ru,false,
2024-05-09 12:00:00,Russia,Europe-Ural,RU,350.64,322.08,39.04,13.99,so-ups.ru,false,
2024-05-09 13:00:00,Russia,Europe-Ural,RU,349.3,321.32,39.31,14.36,so-ups.ru,false,
2024-05-09 14:00:00,Russia,Europe-Ural,RU,348.86,320.68,39.35,14.49,so-ups.ru,false,
2024-05-09 15:00:00,Russia,Europe-Ural,RU,350.55,322.37,39.08,14.61,so-ups.ru,false,
2024-05-09 16:00:00,Russia,Europe-Ural,RU,350.92,322.95,39.02,14.84,so-ups.ru,false,
2024-05-09 17:00:00,Russia,Europe-Ural,RU,351.56,323.75,38.94,14.76,so-ups.ru,false,
2024-05-09 18:00:00,Russia,Europe-Ural,RU,347.93,320.76,39.58,14.51,so-ups.ru,false,
2024-05-09 19:00:00,Russia,Europe-Ural,RU,347.54,320.29,39.66,13.5,so-ups.ru,false,
2024-05-09 20:00:00,Russia,Europe-Ural,RU,342.63,315.24,40.45,13.2,so-ups.ru,false,
2024-05-09 21:00:00,Russia,Europe-Ural,RU,352.27,323.15,38.73,11.25,so-ups.ru,false,
2024-05-09 22:00:00,Russia,Europe-Ural,RU,351.75,322.5,38.85,10.88,so-ups.ru,false,
2024-05-09 23:00:00,Russia,Europe-Ural,RU,349.73,320.92,39.16,10.77,so-ups.ru,false,
2024-05-10 00:00:00,Russia,Europe-Ural,RU,349.7,320.58,39.18,10.68,so-ups.ru,false,
2024-05-10 01:00:00,Russia,Europe-Ural,RU,349.74,320.64,39.19,10.7,so-ups.ru,false,
2024-05-10 02:00:00,Russia,Europe-Ural,RU,348.52,319.71,39.39,11.44,so-ups.ru,false,
2024-05-10 03:00:00,Russia,Europe-Ural,RU,341.37,313.73,40.64,13.55,so-ups.ru,false,
2024-05-10 04:00:00,Russia,Europe-Ural,RU,345.04,316.99,39.99,13.79,so-ups.ru,false,
2024-05-10 05:00:00,Russia,Europe-Ural,RU,348.16,319.86,39.43,14.23,so-ups.ru,false,
2024-05-10 06:00:00,Russia,Europe-Ural,RU,349.16,320.71,39.27,14.48,so-ups.ru,false,
2024-05-10 07:00:00,Russia,Europe-Ural,RU,349.87,321.55,39.16,14.51,so-ups.ru,false,
2024-05-10 08:00:00,Russia,Europe-Ural,RU,349.89,321.65,39.17,14.62,so-ups.ru,false,
2024-05-10 09:00:00,Russia,Europe-Ural,RU,349.56,321.24,39.21,14.61,so-ups.ru,false,
2024-05-10 10:00:00,Russia,Europe-Ural,RU,349.79,321.43,39.16,14.5,so-ups.ru,false,
2024-05-10 11:00:00,Russia,Europe-Ural,RU,352.09,323.34,38.78,14.06,so-ups.ru,false,
2024-05-10 12:00:00,Russia,Europe-Ural,RU,352.78,323.95,38.65,13.93,so-ups.ru,false,
2024-05-10 13:00:00,Russia,Europe-Ural,RU,353.12,324.41,38.61,14.06,so-ups.ru,false,
2024-05-10 14:00:00,Russia,Europe-Ural,RU,352.57,323.88,38.72,14.25,so-ups.ru,false,
2024-05-10 15:00:00,Russia,Europe-Ural,RU,353.21,324.42,38.61,14.33,so-ups.ru,false,
2024-05-10 16:00:00,Russia,Europe-Ural,RU,354.13,325.7,38.46,14.48,so-ups.ru,false,
2024-05-10 17:00:00,Russia,Europe-Ural,RU,352.1,324.11,38.83,14.71,so-ups.ru,false,
2024-05-10 18:00:00,Russia,Europe-Ural,RU,352.76,324.78,38.72,13.97,so-ups.ru,false,
2024-05-10 19:00:00,Russia,Europe-Ural,RU,353.94,325.57,38.53,12.65,so-ups.ru,false,
2024-05-10 20:00:00,Russia,Europe-Ural,RU,346.25,318.04,39.81,12.78,so-ups.ru,false,
2024-05-10 21:00:00,Russia,Europe-Ural,RU,353.75,324.31,38.5,11.05,so-ups.ru,false,
2024-05-10 22:00:00,Russia,Europe-Ural,RU,352.09,322.81,38.79,10.93,so-ups.ru,false,
2024-05-10 23:00:00,Russia,Europe-Ural,RU,352.94,323.79,38.61,10.69,so-ups.ru,false,
2024-05-11 00:00:00,Russia,Europe-Ural,RU,352.71,323.47,38.65,10.68,so-ups.ru,false,
2024-05-11 01:00:00,Russia,Europe-Ural,RU,352.54,323.33,38.7,10.74,so-ups.ru,false,
2024-05-11 02:00:00,Russia,Europe-Ural,RU,351.3,322.19,38.94,11.43,so-ups.ru,false,
2024-05-11 03:00:00,Russia,Europe-Ural,RU,344.29,316.43,40.13,13.6,so-ups.ru,false,
2024-05-11 04:00:00,Russia,Europe-Ural,RU,349.05,320.76,39.33,13.67,so-ups.ru,false,
2024-05-11 05:00:00,Russia,Europe-Ural,RU,353.87,324.96,38.48,13.73,so-ups.ru,false,
2024-05-11 06:00:00,Russia,Europe-Ural,RU,353.65,324.88,38.52,14.2,so-ups.ru,false,
2024-05-11 07:00:00,Russia,Europe-Ural,RU,354.06,325.08,38.42,14.21,so-ups.ru,false,
2024-05-11 08:00:00,Russia,Europe-Ural,RU,354.55,325.76,38.36,14.22,so-ups.ru,false,
2024-05-11 09:00:00,Russia,Europe-Ural,RU,354.35,325.47,38.39,14.27,so-ups.ru,false,
2024-05-11 10:00:00,Russia,Europe-Ural,RU,353.54,324.76,38.49,14.19,so-ups.ru,false,
2024-05-11 11:00:00,Russia,Europe-Ural,RU,353.32,324.37,38.56,14.21,so-ups.ru,false,
2024-05-11 12:00:00,Russia,Europe-Ural,RU,355.17,326.19,38.26,13.99,so-ups.ru,false,
2024-05-11 13:00:00,Russia,Europe-Ural,RU,354.2,325.29,38.43,14.17,so-ups.ru,false,
2024-05-11 14:00:00,Russia,Europe-Ural,RU,352.82,323.91,38.65,14.36,so-ups.ru,false,
2024-05-11 15:00:00,Russia,Europe-Ural,RU,354.17,325.49,38.45,14.37,so-ups.ru,false,
2024-05-11 16:00:00,Russia,Europe-Ural,RU,353.31,324.82,38.61,14.87,so-ups.ru,false,
2024-05-11 17:00:00,Russia,Europe-Ural,RU,354.63,326.33,38.39,14.74,so-ups.ru,false,
2024-05-11 18:00:00,Russia,Europe-Ural,RU,351.76,323.65,38.88,14.41,so-ups.ru,false,
2024-05-11 19:00:00,Russia,Europe-Ural,RU,352.52,324.73,38.78,13.24,so-ups.ru,false,
2024-05-11 20:00:00,Russia,Europe-Ural,RU,346.79,319.08,39.74,13.01,so-ups.ru,false,
2024-05-11 21:00:00,Russia,Europe-Ural,RU,354.27,325.1,38.43,11.13,so-ups.ru,false,
2024-05-11 22:00:00,Russia,Europe-Ural,RU,352.07,322.82,38.78,10.99,so-ups.ru,false,
2024-05-11 23:00:00,Russia,Europe-Ural,RU,351.28,322.15,38.89,10.71,so-ups.ru,false,
2024-05-12 00:00:00,Russia,Europe-Ural,RU,350.85,321.78,38.99,10.68,so-ups.ru,false,
2024-05-12 01:00:00,Russia,Europe-Ural,RU,350.33,321.46,39.1,10.77,so-ups.ru,false,
2024-05-12 02:00:00,Russia,Europe-Ural,RU,347.57,318.93,39.57,11.52,so-ups.ru,false,
2024-05-12 03:00:00,Russia,Europe-Ural,RU,341.22,313.69,40.68,13.55,so-ups.ru,false,
2024-05-12 04:00:00,Russia,Europe-Ural,RU,345.25,317.61,40.01,13.75,so-ups.ru,false,
2024-05-12 05:00:00,Russia,Europe-Ural,RU,348.06,319.78,39.47,14.05,so-ups.ru,false,
2024-05-12 06:00:00,Russia,Europe-Ural,RU,350.06,321.65,39.13,14.21,so-ups.ru,false,
2024-05-12 07:00:00,Russia,Europe-Ural,RU,350.5,322.34,39.06,14.39,so-ups.ru,false,
2024-05-12 08:00:00,Russia,Europe-Ural,RU,348.39,320.18,39.42,14.73,so-ups.ru,false,
2024-05-12 09:00:00,Russia,Europe-Ural,RU,347.16,319.2,39.61,14.79,so-ups.ru,false,
2024-05-12 10:00:00,Russia,Europe-Ural,RU,349.38,321.27,39.26,14.43,so-ups.ru,false,
2024-05-12 11:00:00,Russia,Europe-Ural,RU,350.43,322.01,39.08,14.47,so-ups.ru,false,
2024-05-12 12:00:00,Russia,Europe-Ural,RU,351.94,323.22,38.81,14.14,so-ups.ru,false,
2024-05-12 13:00:00,Russia,Europe-Ural,RU,352.31,323.61,38.76,14.3,so-ups.ru,false,
2024-05-12 14:00:00,Russia,Europe-Ural,RU,352.0,323.82,38.82,14.5,so-ups.ru,false,
2024-05-12 15:00:00,Russia,Europe-Ural,RU,353.54,325.25,38.57,14.51,so-ups.ru,false,
2024-05-12 16:00:00,Russia,Europe-Ural,RU,354.58,326.39,38.4,14.61,so-ups.ru,false,
2024-05-12 17:00:00,Russia,Europe-Ural,RU,356.31,327.82,38.1,14.35,so-ups.ru,false,
2024-05-12 18:00:00,Russia,Europe-Ural,RU,351.09,322.92,38.95,14.3,so-ups.ru,false,
2024-05-12 19:00:00,Russia,Europe-Ural,RU,350.87,322.69,39.04,13.35,so-ups.ru,false,
2024-05-12 20:00:00,Russia,Europe-Ural,RU,345.58,317.36,39.92,12.95,so-ups.ru,false,
2024-05-12 21:00:00,Russia,Europe-Ural,RU,351.03,322.04,38.98,11.26,so-ups.ru,false,
2024-05-12 22:00:00,Russia,Europe-Ural,RU,351.52,322.24,38.88,10.89,so-ups.ru,false,
2024-05-12 23:00:00,Russia,Europe-Ural,RU,354.11,324.37,38.41,10.64,so-ups.ru,false,
2024-05-13 00:00:00,Russia,Europe-Ural,RU,354.0,324.61,38.43,10.73,so-ups.ru,false,
2024-05-13 01:00:00,Russia,Europe-Ural,RU,357.46,327.53,37.82,10.63,so-ups.ru,false,
2024-05-13 02:00:00,Russia,Europe-Ural,RU,360.17,329.81,37.35,11.11,so-ups.ru,false,
2024-05-13 03:00:00,Russia,Europe-Ural,RU,359.58,329.42,37.47,12.7,so-ups.ru,false,
2024-05-13 04:00:00,Russia,Europe-Ural,RU,365.39,335.27,36.49,13.12,so-ups.ru,false,
2024-05-13 05:00:00,Russia,Europe-Ural,RU,365.74,335.05,36.39,13.91,so-ups.ru,false,
2024-05-13 06:00:00,Russia,Europe-Ural,RU,363.45,333.45,36.8,14.52,so-ups.ru,false,
2024-05-13 07:00:00,Russia,Europe-Ural,RU,365.08,335.17,36.54,14.46,so-ups.ru,false,
2024-05-13 08:00:00,Russia,Europe-Ural,RU,366.55,336.61,36.3,14.2,so-ups.ru,false,
2024-05-13 09:00:00,Russia,Europe-Ural,RU,367.03,336.52,36.19,13.9,so-ups.ru,false,
2024-05-13 10:00:00,Russia,Europe-Ural,RU,368.26,337.84,35.99,13.76,so-ups.ru,false,
2024-05-13 11:00:00,Russia,Europe-Ural,RU,367.64,336.94,36.08,13.66,so-ups.ru,false,
2024-05-13 12:00:00,Russia,Europe-Ural,RU,369.04,338.21,35.84,13.47,so-ups.ru,false,
2024-05-13 13:00:00,Russia,Europe-Ural,RU,369.25,338.11,35.78,13.22,so-ups.ru,false,
2024-05-13 14:00:00,Russia,Europe-Ural,RU,370.42,339.33,35.6,12.95,so-ups.ru,false,
2024-05-13 15:00:00,Russia,Europe-Ural,RU,368.38,337.62,35.95,13.29,so-ups.ru,false,
2024-05-13 16:00:00,Russia,Europe-Ural,RU,365.39,335.59,36.51,14.07,so-ups.ru,false,
2024-05-13 17:00:00,Russia,Europe-Ural,RU,364.75,335.09,36.63,14.08,so-ups.ru,false,
2024-05-13 18:00:00,Russia,Europe-Ural,RU,364.86,334.53,36.58,13.14,so-ups.ru,false,
2024-05-13 19:00:00,Russia,Europe-Ural,RU,358.92,329.09,37.6,12.99,so-ups.ru,false,
2024-05-13 20:00:00,Russia,Europe-Ural,RU,354.8,325.19,38.3,12.59,so-ups.ru,false,
2024-05-13 21:00:00,Russia,Europe-Ural,RU,360.02,329.65,37.39,11.23,so-ups.ru,false,
2024-05-13 22:00:00,Russia,Europe-Ural,RU,360.9,330.37,37.23,10.95,so-ups.ru,false,
2024-05-13 23:00:00,Russia,Europe-Ural,RU,362.23,331.49,36.99,10.64,so-ups.ru,false,
2024-05-14 00:00:00,Russia,Europe-Ural,RU,362.74,332.08,36.91,10.75,so-ups.ru,false,
2024-05-14 01:00:00,Russia,Europe-Ural,RU,366.49,335.29,36.25,10.64,so-ups.ru,false,
2024-05-14 02:00:00,Russia,Europe-Ural,RU,369.17,337.72,35.79,11.09,so-ups.ru,false,
2024-05-14 03:00:00,Russia,Europe-Ural,RU,366.65,335.69,36.23,12.79,so-ups.ru,false,
2024-05-14 04:00:00,Russia,Europe-Ural,RU,374.2,342.29,34.92,12.59,so-ups.ru,false,
2024-05-14 05:00:00,Russia,Europe-Ural,RU,372.43,340.96,35.23,13.6,so-ups.ru,false,
2024-05-14 06:00:00,Russia,Europe-Ural,RU,368.97,338.06,35.83,14.38,so-ups.ru,false,
2024-05-14 07:00:00,Russia,Europe-Ural,RU,366.93,336.48,36.2,14.56,so-ups.ru,false,
2024-05-14 08:00:00,Russia,Europe-Ural,RU,368.32,337.88,35.98,14.26,so-ups.ru,false,
2024-05-14 09:00:00,Russia,Europe-Ural,RU,369.19,338.69,35.83,14.0,so-ups.ru,false,
2024-05-14 10:00:00,Russia,Europe-Ural,RU,369.04,338.06,35.82,13.93,so-ups.ru,false,
2024-05-14 11:00:00,Russia,Europe-Ural,RU,370.03,338.78,35.65,13.64,so-ups.ru,false,
2024-05-14 12:00:00,Russia,Europe-Ural,RU,369.45,338.26,35.75,13.7,so-ups.ru,false,
2024-05-14 13:00:00,Russia,Europe-Ural,RU,370.4,338.96,35.58,13.3,so-ups.ru,false,
2024-05-14 14:00:00,Russia,Europe-Ural,RU,371.54,340.58,35.42,13.22,so-ups.ru,false,
2024-05-14 15:00:00,Russia,Europe-Ural,RU,369.34,338.15,35.78,13.59,so-ups.ru,false,
2024-05-14 16:00:00,Russia,Europe-Ural,RU,366.08,335.74,36.36,14.42,so-ups.ru,false,
2024-05-14 17:00:00,Russia,Europe-Ural,RU,368.48,337.84,35.95,14.11,so-ups.ru,false,
2024-05-14 18:00:00,Russia,Europe-Ural,RU,365.35,334.8,36.48,13.89,so-ups.ru,false,
2024-05-14 19:00:00,Russia,Europe-Ural,RU,362.73,332.28,36.91,13.16,so-ups.ru,false,
2024-05-14 20:00:00,Russia,Europe-Ural,RU,357.57,327.69,37.81,12.86,so-ups.ru,false,
2024-05-14 21:00:00,Russia,Europe-Ural,RU,362.18,331.49,37.0,11.29,so-ups.ru,false,
2024-05-14 22:00:00,Russia,Europe-Ural,RU,359.93,329.52,37.4,11.23,so-ups.ru,false,
2024-05-14 23:00:00,Russia,Europe-Ural,RU,361.46,330.88,37.14,10.88,so-ups.ru,false,
2024-05-15 00:00:00,Russia,Europe-Ural,RU,361.8,331.25,37.07,10.96,so-ups.ru,false,
2024-05-15 01:00:00,Russia,Europe-Ural,RU,364.96,333.93,36.52,10.8,so-ups.ru,false,
2024-05-15 02:00:00,Russia,Europe-Ural,RU,367.99,336.67,35.99,11.22,so-ups.ru,false,
2024-05-15 03:00:00,Russia,Europe-Ural,RU,365.95,335.06,36.35,12.97,so-ups.ru,false,
2024-05-15 04:00:00,Russia,Europe-Ural,RU,370.67,339.23,35.53,13.09,so-ups.ru,false,
2024-05-15 05:00:00,Russia,Europe-Ural,RU,369.44,338.37,35.74,14.01,so-ups.ru,false,
2024-05-15 06:00:00,Russia,Europe-Ural,RU,368.18,337.41,35.96,14.39,so-ups.ru,false,
2024-05-15 07:00:00,Russia,Europe-Ural,RU,367.83,337.47,36.06,14.48,so-ups.ru,false,
2024-05-15 08:00:00,Russia,Europe-Ural,RU,369.82,339.32,35.72,14.02,so-ups.ru,false,
2024-05-15 09:00:00,Russia,Europe-Ural,RU,370.57,339.89,35.59,13.74,so-ups.ru,false,
2024-05-15 10:00:00,Russia,Europe-Ural,RU,371.56,341.19,35.44,13.72,so-ups.ru,false,
2024-05-15 11:00:00,Russia,Europe-Ural,RU,371.38,340.42,35.44,13.48,so-ups.ru,false,
2024-05-15 12:00:00,Russia,Europe-Ural,RU,371.33,340.32,35.45,13.39,so-ups.ru,false,
2024-05-15 13:00:00,Russia,Europe-Ural,RU,371.28,340.21,35.46,13.22,so-ups.ru,false,
2024-05-15 14:00:00,Russia,Europe-Ural,RU,370.51,339.52,35.59,13.33,so-ups.ru,false,
2024-05-15 15:00:00,Russia,Europe-Ural,RU,368.1,337.49,36.01,13.73,so-ups.ru,false,
2024-05-15 16:00:00,Russia,Europe-Ural,RU,365.92,336.28,36.43,14.44,so-ups.ru,false,
2024-05-15 17:00:00,Russia,Europe-Ural,RU,366.85,337.11,36.27,14.23,so-ups.ru,false,
2024-05-15 18:00:00,Russia,Europe-Ural,RU,366.68,336.37,36.27,13.41,so-ups.ru,false,
2024-05-15 19:00:00,Russia,Europe-Ural,RU,362.08,332.29,37.08,12.99,so-ups.ru,false,
2024-05-15 20:00:00,Russia,Europe-Ural,RU,357.72,327.87,37.8,12.75,so-ups.ru,false,
2024-05-15 21:00:00,Russia,Europe-Ural,RU,356.91,327.01,37.92,11.83,so-ups.ru,false,
2024-05-15 22:00:00,Russia,Europe-Ural,RU,357.72,327.77,37.78,11.47,so-ups.ru,false,
2024-05-15 23:00:00,Russia,Europe-Ural,RU,357.67,327.52,37.8,11.28,so-ups.ru,false,
2024-05-16 00:00:00,Russia,Europe-Ural,RU,357.55,327.57,37.81,11.34,so-ups.ru,false,
2024-05-16 01:00:00,Russia,Europe-Ural,RU,360.69,330.18,37.27,11.15,so-ups.ru,false,
2024-05-16 02:00:00,Russia,Europe-Ural,RU,363.14,332.37,36.85,11.68,so-ups.ru,false,
2024-05-16 03:00:00,Russia,Europe-Ural,RU,361.47,331.13,37.13,13.26,so-ups.ru,false,
2024-05-16 04:00:00,Russia,Europe-Ural,RU,367.9,336.81,36.02,13.19,so-ups.ru,false,
2024-05-16 05:00:00,Russia,Europe-Ural,RU,366.1,335.49,36.34,14.14,so-ups.ru,false,
2024-05-16 06:00:00,Russia,Europe-Ural,RU,363.29,333.26,36.82,14.81,so-ups.ru,false,
2024-05-16 07:00:00,Russia,Europe-Ural,RU,362.66,332.96,36.96,14.94,so-ups.ru,false,
2024-05-16 08:00:00,Russia,Europe-Ural,RU,362.92,332.93,36.9,14.56,so-ups.ru,false,
2024-05-16 09:00:00,Russia,Europe-Ural,RU,363.88,333.75,36.73,14.19,so-ups.ru,false,
2024-05-16 10:00:00,Russia,Europe-Ural,RU,365.12,334.52,36.5,13.98,so-ups.ru,false,
2024-05-16 11:00:00,Russia,Europe-Ural,RU,365.2,334.84,36.5,13.99,so-ups.ru,false,
2024-05-16 12:00:00,Russia,Europe-Ural,RU,365.4,334.79,36.46,13.9,so-ups.ru,false,
2024-05-16 13:00:00,Russia,Europe-Ural,RU,364.72,334.25,36.58,13.83,so-ups.ru,false,
2024-05-16 14:00:00,Russia,Europe-Ural,RU,363.6,333.03,36.76,13.89,so-ups.ru,false,
2024-05-16 15:00:00,Russia,Europe-Ural,RU,361.59,331.42,37.12,14.31,so-ups.ru,false,
2024-05-16 16:00:00,Russia,Europe-Ural,RU,361.22,331.63,37.21,14.85,so-ups.ru,false,
2024-05-16 17:00:00,Russia,Europe-Ural,RU,362.25,332.01,37.01,14.6,so-ups.ru,false,
2024-05-16 18:00:00,Russia,Europe-Ural,RU,363.51,333.48,36.82,13.75,so-ups.ru,false,
2024-05-16 19:00:00,Russia,Europe-Ural,RU,357.92,328.55,37.79,13.5,so-ups.ru,false,
2024-05-16 20:00:00,Russia,Europe-Ural,RU,349.81,320.99,39.16,13.64,so-ups.ru,false,
2024-05-16 21:00:00,Russia,Europe-Ural,RU,353.36,323.85,38.55,12.19,so-ups.ru,false,
2024-05-16 22:00:00,Russia,Europe-Ural,RU,352.62,323.27,38.69,11.89,so-ups.ru,false,
2024-05-16 23:00:00,Russia,Europe-Ural,RU,352.72,323.32,38.67,11.67,so-ups.ru,false,
2024-05-17 00:00:00,Russia,Europe-Ural,RU,352.44,323.19,38.7,11.7,so-ups.ru,false,
2024-05-17 01:00:00,Russia,Europe-Ural,RU,354.8,325.29,38.3,11.66,so-ups.ru,false,
2024-05-17 02:00:00,Russia,Europe-Ural,RU,359.01,328.98,37.57,11.97,so-ups.ru,false,
2024-05-17 03:00:00,Russia,Europe-Ural,RU,359.09,329.08,37.55,13.38,so-ups.ru,false,
2024-05-17 04:00:00,Russia,Europe-Ural,RU,364.08,333.5,36.68,13.49,so-ups.ru,false,
2024-05-17 05:00:00,Russia,Europe-Ural,RU,363.59,333.35,36.76,14.43,so-ups.ru,false,
2024-05-17 06:00:00,Russia,Europe-Ural,RU,362.53,332.92,36.97,14.99,so-ups.ru,false,
2024-05-17 07:00:00,Russia,Europe-Ural,RU,361.33,331.37,37.17,15.04,so-ups.ru,false,
2024-05-17 08:00:00,Russia,Europe-Ural,RU,362.49,332.81,36.97,14.63,so-ups.ru,false,
2024-05-17 09:00:00,Russia,Europe-Ural,RU,365.13,335.04,36.52,14.18,so-ups.ru,false,
2024-05-17 10:00:00,Russia,Europe-Ural,RU,365.41,334.97,36.46,13.99,so-ups.ru,false,
2024-05-17 11:00:00,Russia,Europe-Ural,RU,365.0,334.36,36.52,13.79,so-ups.ru,false,
2024-05-17 12:00:00,Russia,Europe-Ural,RU,365.24,334.75,36.49,13.67,so-ups.ru,false,
2024-05-17 13:00:00,Russia,Europe-Ural,RU,363.58,333.17,36.78,13.89,so-ups.ru,false,
2024-05-17 14:00:00,Russia,Europe-Ural,RU,363.02,332.5,36.87,13.8,so-ups.ru,false,
2024-05-17 15:00:00,Russia,Europe-Ural,RU,361.44,331.18,37.14,14.21,so-ups.ru,false,
2024-05-17 16:00:00,Russia,Europe-Ural,RU,357.23,328.1,37.9,15.12,so-ups.ru,false,
2024-05-17 17:00:00,Russia,Europe-Ural,RU,358.98,329.34,37.59,14.86,so-ups.ru,false,
2024-05-17 18:00:00,Russia,Europe-Ural,RU,360.06,330.43,37.41,13.96,so-ups.ru,false,
2024-05-17 19:00:00,Russia,Europe-Ural,RU,357.15,327.48,37.9,13.28,so-ups.ru,false,
2024-05-17 20:00:00,Russia,Europe-Ural,RU,348.52,319.74,39.39,13.51,so-ups.ru,false,
2024-05-17 21:00:00,Russia,Europe-Ural,RU,351.97,322.68,38.79,12.18,so-ups.ru,false,
2024-05-17 22:00:00,Russia,Europe-Ural,RU,350.11,321.07,39.11,12.17,so-ups.ru,false,
2024-05-17 23:00:00,Russia,Europe-Ural,RU,352.04,322.86,38.78,11.79,so-ups.ru,false,
2024-05-18 00:00:00,Russia,Europe-Ural,RU,350.1,321.16,39.11,11.88,so-ups.ru,false,
2024-05-18 01:00:00,Russia,Europe-Ural,RU,350.88,321.79,39.0,11.87,so-ups.ru,false,
2024-05-18 02:00:00,Russia,Europe-Ural,RU,349.18,320.36,39.28,12.36,so-ups.ru,false,
2024-05-18 03:00:00,Russia,Europe-Ural,RU,342.73,314.9,40.39,14.54,so-ups.ru,false,
2024-05-18 04:00:00,Russia,Europe-Ural,RU,348.82,320.35,39.34,14.62,so-ups.ru,false,
2024-05-18 05:00:00,Russia,Europe-Ural,RU,355.47,326.31,38.18,14.52,so-ups.ru,false,
2024-05-18 06:00:00,Russia,Europe-Ural,RU,352.46,323.74,38.7,15.5,so-ups.ru,false,
2024-05-18 07:00:00,Russia,Europe-Ural,RU,353.14,324.27,38.59,15.48,so-ups.ru,false,
2024-05-18 08:00:00,Russia,Europe-Ural,RU,352.51,323.82,38.69,15.69,so-ups.ru,false,
2024-05-18 09:00:00,Russia,Europe-Ural,RU,356.61,327.37,37.99,14.74,so-ups.ru,false,
2024-05-18 10:00:00,Russia,Europe-Ural,RU,356.45,327.12,38.01,14.61,so-ups.ru,false,
2024-05-18 11:00:00,Russia,Europe-Ural,RU,357.49,328.09,37.85,14.3,so-ups.ru,false,
2024-05-18 12:00:00,Russia,Europe-Ural,RU,356.88,327.43,37.94,14.34,so-ups.ru,false,
2024-05-18 13:00:00,Russia,Europe-Ural,RU,357.0,327.38,37.92,14.27,so-ups.ru,false,
2024-05-18 14:00:00,Russia,Europe-Ural,RU,356.39,326.8,38.02,14.42,so-ups.ru,false,
2024-05-18 15:00:00,Russia,Europe-Ural,RU,353.48,324.55,38.54,15.08,so-ups.ru,false,
2024-05-18 16:00:00,Russia,Europe-Ural,RU,352.68,323.93,38.68,15.49,so-ups.ru,false,
2024-05-18 17:00:00,Russia,Europe-Ural,RU,355.14,326.16,38.27,15.24,so-ups.ru,false,
2024-05-18 18:00:00,Russia,Europe-Ural,RU,354.37,325.45,38.4,14.51,so-ups.ru,false,
2024-05-18 19:00:00,Russia,Europe-Ural,RU,351.03,322.04,38.96,13.96,so-ups.ru,false,
2024-05-18 20:00:00,Russia,Europe-Ural,RU,345.51,317.22,39.91,14.0,so-ups.ru,false,
2024-05-18 21:00:00,Russia,Europe-Ural,RU,348.55,319.77,39.37,12.71,so-ups.ru,false,
2024-05-18 22:00:00,Russia,Europe-Ural,RU,347.15,318.41,39.63,12.38,so-ups.ru,false,
2024-05-18 23:00:00,Russia,Europe-Ural,RU,346.33,317.85,39.77,12.24,so-ups.ru,false,
2024-05-19 00:00:00,Russia,Europe-Ural,RU,345.25,316.93,39.96,12.31,so-ups.ru,false,
2024-05-19 01:00:00,Russia,Europe-Ural,RU,340.58,312.83,40.78,12.19,so-ups.ru,false,
2024-05-19 02:00:00,Russia,Europe-Ural,RU,341.7,313.85,40.57,12.49,so-ups.ru,false,
2024-05-19 03:00:00,Russia,Europe-Ural,RU,333.82,307.25,41.96,14.88,so-ups.ru,false,
2024-05-19 04:00:00,Russia,Europe-Ural,RU,338.06,311.0,41.21,15.05,so-ups.ru,false,
2024-05-19 05:00:00,Russia,Europe-Ural,RU,342.84,315.33,40.37,15.01,so-ups.ru,false,
2024-05-19 06:00:00,Russia,Europe-Ural,RU,343.6,315.92,40.24,15.29,so-ups.ru,false,
2024-05-19 07:00:00,Russia,Europe-Ural,RU,343.7,315.96,40.22,15.33,so-ups.ru,false,
2024-05-19 08:00:00,Russia,Europe-Ural,RU,342.98,315.5,40.33,15.37,so-ups.ru,false,
2024-05-19 09:00:00,Russia,Europe-Ural,RU,343.2,315.55,40.3,15.29,so-ups.ru,false,
2024-05-19 10:00:00,Russia,Europe-Ural,RU,342.93,315.39,40.37,15.4,so-ups.ru,false,
2024-05-19 11:00:00,Russia,Europe-Ural,RU,343.52,315.75,40.27,15.17,so-ups.ru,false,
2024-05-19 12:00:00,Russia,Europe-Ural,RU,343.72,315.83,40.23,15.03,so-ups.ru,false,
2024-05-19 13:00:00,Russia,Europe-Ural,RU,341.2,313.72,40.65,15.41,so-ups.ru,false,
2024-05-19 14:00:00,Russia,Europe-Ural,RU,341.7,314.01,40.57,15.56,so-ups.ru,false,
2024-05-19 15:00:00,Russia,Europe-Ural,RU,342.14,314.52,40.48,15.55,so-ups.ru,false,
2024-05-19 16:00:00,Russia,Europe-Ural,RU,343.17,315.48,40.33,15.72,so-ups.ru,false,
2024-05-19 17:00:00,Russia,Europe-Ural,RU,345.41,317.69,39.95,15.54,so-ups.ru,false,
2024-05-19 18:00:00,Russia,Europe-Ural,RU,342.71,315.01,40.39,15.37,so-ups.ru,false,
2024-05-19 19:00:00,Russia,Europe-Ural,RU,342.06,314.23,40.51,14.25,so-ups.ru,false,
2024-05-19 20:00:00,Russia,Europe-Ural,RU,334.99,308.07,41.76,14.27,so-ups.ru,false,
2024-05-19 21:00:00,Russia,Europe-Ural,RU,339.25,311.68,41.01,12.68,so-ups.ru,false,
2024-05-19 22:00:00,Russia,Europe-Ural,RU,340.63,312.81,40.76,11.91,so-ups.ru,false,
2024-05-19 23:00:00,Russia,Europe-Ural,RU,338.71,311.08,41.11,11.95,so-ups.ru,false,
2024-05-20 00:00:00,Russia,Europe-Ural,RU,339.57,311.86,40.96,12.09,so-ups.ru,false,
2024-05-20 01:00:00,Russia,Europe-Ural,RU,342.42,314.48,40.48,12.03,so-ups.ru,false,
2024-05-20 02:00:00,Russia,Europe-Ural,RU,347.93,319.32,39.5,12.07,so-ups.ru,false,
2024-05-20 03:00:00,Russia,Europe-Ural,RU,345.73,317.52,39.87,14.03,so-ups.ru,false,
2024-05-20 04:00:00,Russia,Europe-Ural,RU,352.4,323.34,38.71,13.94,so-ups.ru,false,
2024-05-20 05:00:00,Russia,Europe-Ural,RU,350.71,322.26,38.98,15.09,so-ups.ru,false,
2024-05-20 06:00:00,Russia,Europe-Ural,RU,351.51,323.04,38.88,15.38,so-ups.ru,false,
2024-05-20 07:00:00,Russia,Europe-Ural,RU,351.97,323.79,38.82,15.42,so-ups.ru,false,
2024-05-20 08:00:00,Russia,Europe-Ural,RU,352.8,324.38,38.67,15.08,so-ups.ru,false,
2024-05-20 09:00:00,Russia,Europe-Ural,RU,353.76,325.18,38.5,14.85,so-ups.ru,false,
2024-05-20 10:00:00,Russia,Europe-Ural,RU,354.99,326.4,38.31,14.55,so-ups.ru,false,
2024-05-20 11:00:00,Russia,Europe-Ural,RU,353.63,325.23,38.54,14.59,so-ups.ru,false,
2024-05-20 12:00:00,Russia,Europe-Ural,RU,353.05,324.56,38.63,14.55,so-ups.ru,false,
2024-05-20 13:00:00,Russia,Europe-Ural,RU,352.84,323.71,38.64,14.27,so-ups.ru,false,
2024-05-20 14:00:00,Russia,Europe-Ural,RU,354.4,325.15,38.38,14.11,so-ups.ru,false,
2024-05-20 15:00:00,Russia,Europe-Ural,RU,352.54,323.62,38.71,14.43,so-ups.ru,false,
2024-05-20 16:00:00,Russia,Europe-Ural,RU,350.85,322.93,39.03,15.03,so-ups.ru,false,
2024-05-20 17:00:00,Russia,Europe-Ural,RU,350.4,322.55,39.12,15.2,so-ups.ru,false,
2024-05-20 18:00:00,Russia,Europe-Ural,RU,351.11,322.58,38.97,14.11,so-ups.ru,false,
2024-05-20 19:00:00,Russia,Europe-Ural,RU,344.06,316.49,40.21,14.08,so-ups.ru,false,
2024-05-20 20:00:00,Russia,Europe-Ural,RU,334.41,307.45,41.85,14.14,so-ups.ru,false,
2024-05-20 21:00:00,Russia,Europe-Ural,RU,342.44,314.37,40.47,12.12,so-ups.ru,false,
2024-05-20 22:00:00,Russia,Europe-Ural,RU,341.62,313.77,40.59,11.8,so-ups.ru,false,
2024-05-20 23:00:00,Russia,Europe-Ural,RU,338.36,310.93,41.18,11.99,so-ups.ru,false,
2024-05-21 00:00:00,Russia,Europe-Ural,RU,337.95,310.49,41.22,11.93,so-ups.ru,false,
2024-05-21 01:00:00,Russia,Europe-Ural,RU,340.91,313.24,40.72,11.83,so-ups.ru,false,
2024-05-21 02:00:00,Russia,Europe-Ural,RU,348.15,319.51,39.47,11.91,so-ups.ru,false,
2024-05-21 03:00:00,Russia,Europe-Ural,RU,344.94,316.91,40.03,14.01,so-ups.ru,false,
2024-05-21 04:00:00,Russia,Europe-Ural,RU,349.63,321.09,39.2,14.25,so-ups.ru,false,
2024-05-21 05:00:00,Russia,Europe-Ural,RU,348.28,320.13,39.43,15.28,so-ups.ru,false,
2024-05-21 06:00:00,Russia,Europe-Ural,RU,346.59,319.13,39.74,15.95,so-ups.ru,false,
2024-05-21 07:00:00,Russia,Europe-Ural,RU,346.09,318.44,39.84,16.0,so-ups.ru,false,
2024-05-21 08:00:00,Russia,Europe-Ural,RU,346.47,318.84,39.78,15.75,so-ups.ru,false,
2024-05-21 09:00:00,Russia,Europe-Ural,RU,349.18,320.89,39.29,15.22,so-ups.ru,false,
2024-05-21 10:00:00,Russia,Europe-Ural,RU,351.02,322.33,38.96,14.91,so-ups.ru,false,
2024-05-21 11:00:00,Russia,Europe-Ural,RU,351.01,322.28,38.97,14.82,so-ups.ru,false,
2024-05-21 12:00:00,Russia,Europe-Ural,RU,351.7,322.82,38.84,14.56,so-ups.ru,false,
2024-05-21 13:00:00,Russia,Europe-Ural,RU,350.48,321.75,39.04,14.59,so-ups.ru,false,
2024-05-21 14:00:00,Russia,Europe-Ural,RU,351.85,322.83,38.82,14.35,so-ups.ru,false,
2024-05-21 15:00:00,Russia,Europe-Ural,RU,350.55,322.02,39.07,14.67,so-ups.ru,false,
2024-05-21 16:00:00,Russia,Europe-Ural,RU,348.68,320.62,39.39,15.15,so-ups.ru,false,
2024-05-21 17:00:00,Russia,Europe-Ural,RU,349.43,321.72,39.29,15.11,so-ups.ru,false,
2024-05-21 18:00:00,Russia,Europe-Ural,RU,350.51,322.69,39.1,14.15,so-ups.ru,false,
2024-05-21 19:00:00,Russia,Europe-Ural,RU,344.53,316.47,40.11,13.57,so-ups.ru,false,
2024-05-21 20:00:00,Russia,Europe-Ural,RU,333.56,306.9,42.02,14.17,so-ups.ru,false,
2024-05-21 21:00:00,Russia,Europe-Ural,RU,337.85,310.44,41.28,12.32,so-ups.ru,false,
2024-05-21 22:00:00,Russia,Europe-Ural,RU,337.16,309.9,41.39,12.0,so-ups.ru,false,
2024-05-21 23:00:00,Russia,Europe-Ural,RU,335.87,308.71,41.61,11.99,so-ups.ru,false,
2024-05-22 00:00:00,Russia,Europe-Ural,RU,336.93,309.78,41.41,11.91,so-ups.ru,false,
2024-05-22 01:00:00,Russia,Europe-Ural,RU,340.86,313.12,40.74,11.79,so-ups.ru,false,
2024-05-22 02:00:00,Russia,Europe-Ural,RU,347.24,318.88,39.61,11.9,so-ups.ru,false,
2024-05-22 03:00:00,Russia,Europe-Ural,RU,344.8,316.75,40.04,13.94,so-ups.ru,false,
2024-05-22 04:00:00,Russia,Europe-Ural,RU,347.97,319.79,39.47,14.5,so-ups.ru,false,
2024-05-22 05:00:00,Russia,Europe-Ural,RU,346.19,318.29,39.8,15.71,so-ups.ru,false,
2024-05-22 06:00:00,Russia,Europe-Ural,RU,347.21,319.13,39.61,15.81,so-ups.ru,false,
2024-05-22 07:00:00,Russia,Europe-Ural,RU,345.16,317.4,39.96,15.99,so-ups.ru,false,
2024-05-22 08:00:00,Russia,Europe-Ural,RU,348.35,320.07,39.42,15.44,so-ups.ru,false,
2024-05-22 09:00:00,Russia,Europe-Ural,RU,351.59,322.87,38.86,14.89,so-ups.ru,false,
2024-05-22 10:00:00,Russia,Europe-Ural,RU,352.52,323.63,38.69,14.73,so-ups.ru,false,
2024-05-22 11:00:00,Russia,Europe-Ural,RU,352.96,323.89,38.62,14.54,so-ups.ru,false,
2024-05-22 12:00:00,Russia,Europe-Ural,RU,352.67,323.79,38.66,14.59,so-ups.ru,false,
2024-05-22 13:00:00,Russia,Europe-Ural,RU,351.97,323.09,38.76,14.42,so-ups.ru,false,
2024-05-22 14:00:00,Russia,Europe-Ural,RU,354.67,325.33,38.31,14.35,so-ups.ru,false,
2024-05-22 15:00:00,Russia,Europe-Ural,RU,354.36,325.33,38.39,14.51,so-ups.ru,false,
2024-05-22 16:00:00,Russia,Europe-Ural,RU,349.04,320.55,39.26,15.28,so-ups.ru,false,
2024-05-22 17:00:00,Russia,Europe-Ural,RU,351.58,323.48,38.89,15.05,so-ups.ru,false,
2024-05-22 18:00:00,Russia,Europe-Ural,RU,353.27,324.83,38.59,14.06,so-ups.ru,false,
2024-05-22 19:00:00,Russia,Europe-Ural,RU,345.2,317.59,40.01,13.99,so-ups.ru,false,
2024-05-22 20:00:00,Russia,Europe-Ural,RU,344.39,316.43,40.13,13.66,so-ups.ru,false,
2024-05-22 21:00:00,Russia,Europe-Ural,RU,348.31,319.56,39.43,12.15,so-ups.ru,false,
2024-05-22 22:00:00,Russia,Europe-Ural,RU,347.12,318.55,39.63,11.86,so-ups.ru,false,
2024-05-22 23:00:00,Russia,Europe-Ural,RU,344.46,316.36,40.09,11.99,so-ups.ru,false,
2024-05-23 00:00:00,Russia,Europe-Ural,RU,344.93,316.64,40.03,11.96,so-ups.ru,false,
2024-05-23 01:00:00,Russia,Europe-Ural,RU,347.86,319.42,39.51,11.87,so-ups.ru,false,
2024-05-23 02:00:00,Russia,Europe-Ural,RU,352.78,323.6,38.65,12.11,so-ups.ru,false,
2024-05-23 03:00:00,Russia,Europe-Ural,RU,353.17,324.18,38.55,13.49,so-ups.ru,false,
2024-05-23 04:00:00,Russia,Europe-Ural,RU,357.09,327.56,37.89,13.78,so-ups.ru,false,
2024-05-23 05:00:00,Russia,Europe-Ural,RU,353.92,325.23,38.4,15.13,so-ups.ru,false,
2024-05-23 06:00:00,Russia,Europe-Ural,RU,354.47,325.48,38.35,15.45,so-ups.ru,false,
2024-05-23 07:00:00,Russia,Europe-Ural,RU,353.28,324.46,38.56,15.61,so-ups.ru,false,
2024-05-23 08:00:00,Russia,Europe-Ural,RU,353.43,324.53,38.54,15.27,so-ups.ru,false,
2024-05-23 09:00:00,Russia,Europe-Ural,RU,358.51,329.29,37.68,14.6,so-ups.ru,false,
2024-05-23 10:00:00,Russia,Europe-Ural,RU,358.77,329.16,37.6,14.31,so-ups.ru,false,
2024-05-23 11:00:00,Russia,Europe-Ural,RU,358.42,328.87,37.68,14.44,so-ups.ru,false,
2024-05-23 12:00:00,Russia,Europe-Ural,RU,360.21,330.66,37.37,14.1,so-ups.ru,false,
2024-05-23 13:00:00,Russia,Europe-Ural,RU,353.79,324.68,38.47,13.97,so-ups.ru,false,
2024-05-23 14:00:00,Russia,Europe-Ural,RU,353.62,324.56,38.51,13.8,so-ups.ru,false,
2024-05-23 15:00:00,Russia,Europe-Ural,RU,352.29,323.46,38.75,14.2,so-ups.ru,false,
2024-05-23 16:00:00,Russia,Europe-Ural,RU,347.58,319.16,39.53,14.82,so-ups.ru,false,
2024-05-23 17:00:00,Russia,Europe-Ural,RU,349.75,321.36,39.19,14.58,so-ups.ru,false,
2024-05-23 18:00:00,Russia,Europe-Ural,RU,354.67,325.86,38.35,13.17,so-ups.ru,false,
2024-05-23 19:00:00,Russia,Europe-Ural,RU,344.55,316.28,40.08,13.26,so-ups.ru,false,
2024-05-23 20:00:00,Russia,Europe-Ural,RU,338.42,310.86,41.15,13.29,so-ups.ru,false,
2024-05-23 21:00:00,Russia,Europe-Ural,RU,339.87,312.08,40.9,12.28,so-ups.ru,false,
2024-05-23 22:00:00,Russia,Europe-Ural,RU,337.96,310.55,41.22,12.23,so-ups.ru,false,
2024-05-23 23:00:00,Russia,Europe-Ural,RU,334.95,308.08,41.72,12.34,so-ups.ru,false,
2024-05-24 00:00:00,Russia,Europe-Ural,RU,335.33,308.19,41.69,12.33,so-ups.ru,false,
2024-05-24 01:00:00,Russia,Europe-Ural,RU,337.93,310.66,41.23,12.27,so-ups.ru,false,
2024-05-24 02:00:00,Russia,Europe-Ural,RU,343.5,315.72,40.27,12.38,so-ups.ru,false,
2024-05-24 03:00:00,Russia,Europe-Ural,RU,341.69,314.27,40.56,14.13,so-ups.ru,false,
2024-05-24 04:00:00,Russia,Europe-Ural,RU,348.67,320.33,39.36,14.3,so-ups.ru,false,
2024-05-24 05:00:00,Russia,Europe-Ural,RU,346.09,318.18,39.8,15.47,so-ups.ru,false,
2024-05-24 06:00:00,Russia,Europe-Ural,RU,343.77,316.32,40.2,15.99,so-ups.ru,false,
2024-05-24 07:00:00,Russia,Europe-Ural,RU,344.85,317.06,40.02,15.76,so-ups.ru,false,
2024-05-24 08:00:00,Russia,Europe-Ural,RU,347.97,319.68,39.48,15.2,so-ups.ru,false,
2024-05-24 09:00:00,Russia,Europe-Ural,RU,349.9,321.36,39.15,14.95,so-ups.ru,false,
2024-05-24 10:00:00,Russia,Europe-Ural,RU,351.39,322.61,38.89,14.67,so-ups.ru,false,
2024-05-24 11:00:00,Russia,Europe-Ural,RU,350.93,322.17,38.97,14.75,so-ups.ru,false,
2024-05-24 12:00:00,Russia,Europe-Ural,RU,352.53,323.71,38.69,14.48,so-ups.ru,false,
2024-05-24 13:00:00,Russia,Europe-Ural,RU,350.48,321.78,39.05,14.62,so-ups.ru,false,
2024-05-24 14:00:00,Russia,Europe-Ural,RU,351.13,322.2,38.93,14.45,so-ups.ru,false,
2024-05-24 15:00:00,Russia,Europe-Ural,RU,346.95,318.72,39.63,14.8,so-ups.ru,false,
2024-05-24 16:00:00,Russia,Europe-Ural,RU,343.21,315.53,40.28,15.53,so-ups.ru,false,
2024-05-24 17:00:00,Russia,Europe-Ural,RU,344.46,316.48,40.07,15.3,so-ups.ru,false,
2024-05-24 18:00:00,Russia,Europe-Ural,RU,346.44,318.28,39.76,14.45,so-ups.ru,false,
2024-05-24 19:00:00,Russia,Europe-Ural,RU,341.37,313.61,40.64,14.19,so-ups.ru,false,
2024-05-24 20:00:00,Russia,Europe-Ural,RU,335.18,308.27,41.71,14.15,so-ups.ru,false,
2024-05-24 21:00:00,Russia,Europe-Ural,RU,340.71,312.91,40.73,12.85,so-ups.ru,false,
2024-05-24 22:00:00,Russia,Europe-Ural,RU,340.13,312.48,40.83,12.56,so-ups.ru,false,
2024-05-24 23:00:00,Russia,Europe-Ural,RU,337.87,310.64,41.21,12.5,so-ups.ru,false,
2024-05-25 00:00:00,Russia,Europe-Ural,RU,335.2,308.51,41.63,12.63,so-ups.ru,false,
2024-05-25 01:00:00,Russia,Europe-Ural,RU,334.26,307.34,41.87,12.78,so-ups.ru,false,
2024-05-25 02:00:00,Russia,Europe-Ural,RU,337.21,310.15,41.34,12.99,so-ups.ru,false,
2024-05-25 03:00:00,Russia,Europe-Ural,RU,331.21,305.06,42.39,15.02,so-ups.ru,false,
2024-05-25 04:00:00,Russia,Europe-Ural,RU,336.32,309.6,41.51,15.28,so-ups.ru,false,
2024-05-25 05:00:00,Russia,Europe-Ural,RU,339.15,312.18,41.01,15.73,so-ups.ru,false,
2024-05-25 06:00:00,Russia,Europe-Ural,RU,337.15,310.52,41.36,16.58,so-ups.ru,false,
2024-05-25 07:00:00,Russia,Europe-Ural,RU,336.23,309.83,41.5,16.57,so-ups.ru,false,
2024-05-25 08:00:00,Russia,Europe-Ural,RU,338.04,311.39,41.21,16.35,so-ups.ru,false,
2024-05-25 09:00:00,Russia,Europe-Ural,RU,341.16,314.06,40.65,15.83,so-ups.ru,false,
2024-05-25 10:00:00,Russia,Europe-Ural,RU,344.18,316.57,40.13,15.21,so-ups.ru,false,
2024-05-25 11:00:00,Russia,Europe-Ural,RU,343.64,316.07,40.23,15.17,so-ups.ru,false,
2024-05-25 12:00:00,Russia,Europe-Ural,RU,344.61,317.18,40.09,14.94,so-ups.ru,false,
2024-05-25 13:00:00,Russia,Europe-Ural,RU,344.64,317.1,40.09,14.53,so-ups.ru,false,
2024-05-25 14:00:00,Russia,Europe-Ural,RU,342.82,315.26,40.4,14.75,so-ups.ru,false,
2024-05-25 15:00:00,Russia,Europe-Ural,RU,337.82,310.93,41.25,15.63,so-ups.ru,false,
2024-05-25 16:00:00,Russia,Europe-Ural,RU,333.79,307.71,41.97,16.42,so-ups.ru,false,
2024-05-25 17:00:00,Russia,Europe-Ural,RU,335.74,309.41,41.62,16.17,so-ups.ru,false,
2024-05-25 18:00:00,Russia,Europe-Ural,RU,338.72,311.83,41.08,15.01,so-ups.ru,false,
2024-05-25 19:00:00,Russia,Europe-Ural,RU,334.16,307.61,41.9,14.69,so-ups.ru,false,
2024-05-25 20:00:00,Russia,Europe-Ural,RU,329.08,302.91,42.75,14.4,so-ups.ru,false,
2024-05-25 21:00:00,Russia,Europe-Ural,RU,334.26,307.36,41.86,12.93,so-ups.ru,false,
2024-05-25 22:00:00,Russia,Europe-Ural,RU,333.45,306.64,42.0,12.67,so-ups.ru,false,
2024-05-25 23:00:00,Russia,Europe-Ural,RU,332.05,305.4,42.25,12.48,so-ups.ru,false,
2024-05-26 00:00:00,Russia,Europe-Ural,RU,328.54,302.36,42.87,12.69,so-ups.ru,false,
2024-05-26 01:00:00,Russia,Europe-Ural,RU,327.64,301.62,43.04,12.65,so-ups.ru,false,
2024-05-26 02:00:00,Russia,Europe-Ural,RU,327.66,301.9,43.0,13.03,so-ups.ru,false,
2024-05-26 03:00:00,Russia,Europe-Ural,RU,318.99,294.55,44.5,15.44,so-ups.ru,false,
2024-05-26 04:00:00,Russia,Europe-Ural,RU,325.24,300.11,43.42,15.56,so-ups.ru,false,
2024-05-26 05:00:00,Russia,Europe-Ural,RU,330.86,305.03,42.44,15.51,so-ups.ru,false,
2024-05-26 06:00:00,Russia,Europe-Ural,RU,333.96,307.72,41.91,15.52,so-ups.ru,false,
2024-05-26 07:00:00,Russia,Europe-Ural,RU,336.1,309.51,41.53,15.47,so-ups.ru,false,
2024-05-26 08:00:00,Russia,Europe-Ural,RU,335.04,308.69,41.69,15.59,so-ups.ru,false,
2024-05-26 09:00:00,Russia,Europe-Ural,RU,336.37,309.61,41.49,15.19,so-ups.ru,false,
2024-05-26 10:00:00,Russia,Europe-Ural,RU,338.35,311.29,41.15,15.01,so-ups.ru,false,
2024-05-26 11:00:00,Russia,Europe-Ural,RU,339.48,312.15,40.96,14.83,so-ups.ru,false,
2024-05-26 12:00:00,Russia,Europe-Ural,RU,340.52,313.11,40.78,14.7,so-ups.ru,false,
2024-05-26 13:00:00,Russia,Europe-Ural,RU,339.51,312.2,40.94,14.93,so-ups.ru,false,
2024-05-26 14:00:00,Russia,Europe-Ural,RU,335.82,309.08,41.58,15.61,so-ups.ru,false,
2024-05-26 15:00:00,Russia,Europe-Ural,RU,337.39,310.33,41.31,15.44,so-ups.ru,false,
2024-05-26 16:00:00,Russia,Europe-Ural,RU,337.44,310.58,41.3,15.61,so-ups.ru,false,
2024-05-26 17:00:00,Russia,Europe-Ural,RU,339.28,312.54,41.02,15.6,so-ups.ru,false,
2024-05-26 18:00:00,Russia,Europe-Ural,RU,336.92,310.69,41.43,15.36,so-ups.ru,false,
2024-05-26 19:00:00,Russia,Europe-Ural,RU,335.86,309.83,41.62,14.2,so-ups.ru,false,
2024-05-26 20:00:00,Russia,Europe-Ural,RU,327.61,302.04,43.05,14.42,so-ups.ru,false,
2024-05-26 21:00:00,Russia,Europe-Ural,RU,331.68,305.13,42.31,12.54,so-ups.ru,false,
2024-05-26 22:00:00,Russia,Europe-Ural,RU,328.13,302.08,42.91,12.67,so-ups.ru,false,
2024-05-26 23:00:00,Russia,Europe-Ural,RU,327.78,301.67,43.0,12.56,so-ups.ru,false,
2024-05-27 00:00:00,Russia,Europe-Ural,RU,328.35,302.09,42.89,12.3,so-ups.ru,false,
2024-05-27 01:00:00,Russia,Europe-Ural,RU,331.89,305.19,42.29,12.25,so-ups.ru,false,
2024-05-27 02:00:00,Russia,Europe-Ural,RU,339.18,311.66,41.01,12.18,so-ups.ru,false,
2024-05-27 03:00:00,Russia,Europe-Ural,RU,335.18,308.48,41.7,14.53,so-ups.ru,false,
2024-05-27 04:00:00,Russia,Europe-Ural,RU,342.96,315.3,40.34,14.34,so-ups.ru,false,
2024-05-27 05:00:00,Russia,Europe-Ural,RU,343.24,315.74,40.29,15.37,so-ups.ru,false,
2024-05-27 06:00:00,Russia,Europe-Ural,RU,344.37,316.71,40.1,15.5,so-ups.ru,false,
2024-05-27 07:00:00,Russia,Europe-Ural,RU,344.26,316.52,40.12,15.46,so-ups.ru,false,
2024-05-27 08:00:00,Russia,Europe-Ural,RU,344.16,316.56,40.16,15.58,so-ups.ru,false,
2024-05-27 09:00:00,Russia,Europe-Ural,RU,345.63,318.01,39.91,15.22,so-ups.ru,false,
2024-05-27 10:00:00,Russia,Europe-Ural,RU,347.75,320.16,39.56,15.07,so-ups.ru,false,
2024-05-27 11:00:00,Russia,Europe-Ural,RU,350.75,322.33,39.02,14.35,so-ups.ru,false,
2024-05-27 12:00:00,Russia,Europe-Ural,RU,350.74,321.96,38.99,14.14,so-ups.ru,false,
2024-05-27 13:00:00,Russia,Europe-Ural,RU,349.35,321.2,39.27,14.34,so-ups.ru,false,
2024-05-27 14:00:00,Russia,Europe-Ural,RU,351.79,323.33,38.85,13.97,so-ups.ru,false,
2024-05-27 15:00:00,Russia,Europe-Ural,RU,350.41,322.19,39.09,13.99,so-ups.ru,false,
2024-05-27 16:00:00,Russia,Europe-Ural,RU,350.7,322.52,39.05,14.1,so-ups.ru,false,
2024-05-27 17:00:00,Russia,Europe-Ural,RU,349.89,321.6,39.19,14.08,so-ups.ru,false,
2024-05-27 18:00:00,Russia,Europe-Ural,RU,345.5,317.63,39.94,14.1,so-ups.ru,false,
2024-05-27 19:00:00,Russia,Europe-Ural,RU,337.57,311.13,41.36,14.04,so-ups.ru,false,
2024-05-27 20:00:00,Russia,Europe-Ural,RU,335.58,308.48,41.66,12.97,so-ups.ru,false,
2024-05-27 21:00:00,Russia,Europe-Ural,RU,330.89,304.24,42.46,13.01,so-ups.ru,false,
2024-05-27 22:00:00,Russia,Europe-Ural,RU,327.47,301.43,43.06,13.21,so-ups.ru,false,
2024-05-27 23:00:00,Russia,Europe-Ural,RU,326.86,300.94,43.15,13.23,so-ups.ru,false,
2024-05-28 00:00:00,Russia,Europe-Ural,RU,328.85,302.76,42.81,13.2,so-ups.ru,false,
2024-05-28 01:00:00,Russia,Europe-Ural,RU,330.97,304.72,42.43,13.15,so-ups.ru,false,
2024-05-28 02:00:00,Russia,Europe-Ural,RU,337.6,310.37,41.28,12.89,so-ups.ru,false,
2024-05-28 03:00:00,Russia,Europe-Ural,RU,338.98,311.74,41.04,14.28,so-ups.ru,false,
2024-05-28 04:00:00,Russia,Europe-Ural,RU,345.68,317.73,39.86,14.2,so-ups.ru,false,
2024-05-28 05:00:00,Russia,Europe-Ural,RU,345.7,317.79,39.86,15.07,so-ups.ru,false,
2024-05-28 06:00:00,Russia,Europe-Ural,RU,346.46,318.93,39.75,15.3,so-ups.ru,false,
2024-05-28 07:00:00,Russia,Europe-Ural,RU,345.39,318.47,39.99,15.57,so-ups.ru,false,
2024-05-28 08:00:00,Russia,Europe-Ural,RU,344.85,317.51,40.05,15.41,so-ups.ru,false,
2024-05-28 09:00:00,Russia,Europe-Ural,RU,345.35,317.79,39.96,15.49,so-ups.ru,false,
2024-05-28 10:00:00,Russia,Europe-Ural,RU,348.17,319.81,39.45,14.91,so-ups.ru,false,
2024-05-28 11:00:00,Russia,Europe-Ural,RU,349.46,321.36,39.25,15.06,so-ups.ru,false,
2024-05-28 12:00:00,Russia,Europe-Ural,RU,353.44,324.85,38.57,14.26,so-ups.ru,false,
2024-05-28 13:00:00,Russia,Europe-Ural,RU,352.02,323.69,38.81,14.27,so-ups.ru,false,
2024-05-28 14:00:00,Russia,Europe-Ural,RU,352.12,323.79,38.8,14.18,so-ups.ru,false,
2024-05-28 15:00:00,Russia,Europe-Ural,RU,353.35,325.11,38.6,14.04,so-ups.ru,false,
2024-05-28 16:00:00,Russia,Europe-Ural,RU,352.47,324.55,38.78,14.11,so-ups.ru,false,
2024-05-28 17:00:00,Russia,Europe-Ural,RU,351.24,322.55,38.93,14.03,so-ups.ru,false,
2024-05-28 18:00:00,Russia,Europe-Ural,RU,347.39,320.35,39.68,14.28,so-ups.ru,false,
2024-05-28 19:00:00,Russia,Europe-Ural,RU,338.44,312.15,41.22,14.39,so-ups.ru,false,
2024-05-28 20:00:00,Russia,Europe-Ural,RU,332.54,305.74,42.17,13.73,so-ups.ru,false,
2024-05-28 21:00:00,Russia,Europe-Ural,RU,339.79,312.18,40.89,12.73,so-ups.ru,false,
2024-05-28 22:00:00,Russia,Europe-Ural,RU,336.75,309.51,41.42,12.81,so-ups.ru,false,
2024-05-28 23:00:00,Russia,Europe-Ural,RU,335.36,308.29,41.68,12.8,so-ups.ru,false,
2024-05-29 00:00:00,Russia,Europe-Ural,RU,334.6,307.63,41.78,12.74,so-ups.ru,false,
2024-05-29 01:00:00,Russia,Europe-Ural,RU,338.58,311.06,41.09,12.58,so-ups.ru,false,
2024-05-29 02:00:00,Russia,Europe-Ural,RU,345.94,317.61,39.8,12.4,so-ups.ru,false,
2024-05-29 03:00:00,Russia,Europe-Ural,RU,342.13,314.58,40.51,14.08,so-ups.ru,false,
2024-05-29 04:00:00,Russia,Europe-Ural,RU,350.29,321.7,39.08,13.91,so-ups.ru,false,
2024-05-29 05:00:00,Russia,Europe-Ural,RU,351.91,323.25,38.77,14.63,so-ups.ru,false,
2024-05-29 06:00:00,Russia,Europe-Ural,RU,354.67,326.26,38.35,14.68,so-ups.ru,false,
2024-05-29 07:00:00,Russia,Europe-Ural,RU,354.27,326.11,38.44,14.76,so-ups.ru,false,
2024-05-29 08:00:00,Russia,Europe-Ural,RU,353.61,325.33,38.53,14.86,so-ups.ru,false,
2024-05-29 09:00:00,Russia,Europe-Ural,RU,354.55,326.46,38.38,14.75,so-ups.ru,false,
2024-05-29 10:00:00,Russia,Europe-Ural,RU,356.15,327.5,38.09,14.44,so-ups.ru,false,
2024-05-29 11:00:00,Russia,Europe-Ural,RU,358.66,329.47,37.65,13.83,so-ups.ru,false,
2024-05-29 12:00:00,Russia,Europe-Ural,RU,360.92,331.33,37.26,13.56,so-ups.ru,false,
2024-05-29 13:00:00,Russia,Europe-Ural,RU,359.05,329.72,37.59,13.67,so-ups.ru,false,
2024-05-29 14:00:00,Russia,Europe-Ural,RU,358.82,329.63,37.63,13.71,so-ups.ru,false,
2024-05-29 15:00:00,Russia,Europe-Ural,RU,358.2,329.32,37.76,13.69,so-ups.ru,false,
2024-05-29 16:00:00,Russia,Europe-Ural,RU,358.07,329.58,37.8,13.87,so-ups.ru,false,
2024-05-29 17:00:00,Russia,Europe-Ural,RU,357.13,328.8,37.96,13.88,so-ups.ru,false,
2024-05-29 18:00:00,Russia,Europe-Ural,RU,354.2,326.25,38.48,13.85,so-ups.ru,false,
2024-05-29 19:00:00,Russia,Europe-Ural,RU,349.91,322.81,39.25,13.28,so-ups.ru,false,
2024-05-29 20:00:00,Russia,Europe-Ural,RU,345.75,318.27,39.93,12.59,so-ups.ru,false,
2024-05-29 21:00:00,Russia,Europe-Ural,RU,341.25,314.51,40.73,12.87,so-ups.ru,false,
2024-05-29 22:00:00,Russia,Europe-Ural,RU,335.41,308.5,41.67,12.93,so-ups.ru,false,
2024-05-29 23:00:00,Russia,Europe-Ural,RU,336.66,310.2,41.51,12.66,so-ups.ru,false,
2024-05-30 00:00:00,Russia,Europe-Ural,RU,335.47,308.65,41.68,12.63,so-ups.ru,false,
2024-05-30 01:00:00,Russia,Europe-Ural,RU,337.81,310.75,41.28,12.67,so-ups.ru,false,
2024-05-30 02:00:00,Russia,Europe-Ural,RU,345.34,317.43,39.96,12.47,so-ups.ru,false,
2024-05-30 03:00:00,Russia,Europe-Ural,RU,342.24,315.39,40.52,14.07,so-ups.ru,false,
2024-05-30 04:00:00,Russia,Europe-Ural,RU,350.43,322.21,39.09,13.87,so-ups.ru,false,
2024-05-30 05:00:00,Russia,Europe-Ural,RU,350.92,322.62,38.97,14.77,so-ups.ru,false,
2024-05-30 06:00:00,Russia,Europe-Ural,RU,353.55,325.82,38.56,14.94,so-ups.ru,false,
2024-05-30 07:00:00,Russia,Europe-Ural,RU,354.37,326.22,38.42,14.86,so-ups.ru,false,
2024-05-30 08:00:00,Russia,Europe-Ural,RU,352.43,324.57,38.75,15.16,so-ups.ru,false,
2024-05-30 09:00:00,Russia,Europe-Ural,RU,353.48,325.17,38.56,15.01,so-ups.ru,false,
2024-05-30 10:00:00,Russia,Europe-Ural,RU,356.14,327.63,38.1,14.66,so-ups.ru,false,
2024-05-30 11:00:00,Russia,Europe-Ural,RU,358.41,329.29,37.7,14.11,so-ups.ru,false,
2024-05-30 12:00:00,Russia,Europe-Ural,RU,360.3,331.16,37.38,13.85,so-ups.ru,false,
2024-05-30 13:00:00,Russia,Europe-Ural,RU,358.07,329.16,37.77,13.96,so-ups.ru,false,
2024-05-30 14:00:00,Russia,Europe-Ural,RU,358.81,329.49,37.63,13.65,so-ups.ru,false,
2024-05-30 15:00:00,Russia,Europe-Ural,RU,359.41,330.12,37.53,13.55,so-ups.ru,false,
2024-05-30 16:00:00,Russia,Europe-Ural,RU,357.15,328.26,37.93,13.73,so-ups.ru,false,
2024-05-30 17:00:00,Russia,Europe-Ural,RU,357.73,328.7,37.84,13.61,so-ups.ru,false,
2024-05-30 18:00:00,Russia,Europe-Ural,RU,357.19,328.96,37.96,13.25,so-ups.ru,false,
2024-05-30 19:00:00,Russia,Europe-Ural,RU,348.17,320.76,39.51,13.34,so-ups.ru,false,
2024-05-30 20:00:00,Russia,Europe-Ural,RU,342.63,315.34,40.46,12.95,so-ups.ru,false,
2024-05-30 21:00:00,Russia,Europe-Ural,RU,340.34,313.43,40.87,13.14,so-ups.ru,false,
2024-05-30 22:00:00,Russia,Europe-Ural,RU,336.25,309.01,41.53,13.15,so-ups.ru,false,
2024-05-30 23:00:00,Russia,Europe-Ural,RU,336.61,309.34,41.47,12.88,so-ups.ru,false,
2024-05-31 00:00:00,Russia,Europe-Ural,RU,337.63,310.28,41.27,12.85,so-ups.ru,false,
2024-05-31 01:00:00,Russia,Europe-Ural,RU,341.77,314.34,40.58,12.85,so-ups.ru,false,
2024-05-31 02:00:00,Russia,Europe-Ural,RU,349.95,321.55,39.15,12.68,so-ups.ru,false,
2024-05-31 03:00:00,Russia,Europe-Ural,RU,347.08,319.16,39.64,14.0,so-ups.ru,false,
2024-05-31 04:00:00,Russia,Europe-Ural,RU,355.2,326.37,38.23,13.82,so-ups.ru,false,
2024-05-31 05:00:00,Russia,Europe-Ural,RU,355.92,327.19,38.12,14.81,so-ups.ru,false,
2024-05-31 06:00:00,Russia,Europe-Ural,RU,358.18,329.22,37.72,14.94,so-ups.ru,false,
2024-05-31 07:00:00,Russia,Europe-Ural,RU,357.68,328.68,37.82,15.03,so-ups.ru,false,
2024-05-31 08:00:00,Russia,Europe-Ural,RU,357.11,328.68,37.93,14.95,so-ups.ru,false,
2024-05-31 09:00:00,Russia,Europe-Ural,RU,355.97,327.67,38.13,15.16,so-ups.ru,false,
2024-05-31 10:00:00,Russia,Europe-Ural,RU,359.81,330.86,37.45,14.55,so-ups.ru,false,
2024-05-31 11:00:00,Russia,Europe-Ural,RU,361.11,331.3,37.2,14.07,so-ups.ru,false,
2024-05-31 12:00:00,Russia,Europe-Ural,RU,362.32,332.39,37.0,13.82,so-ups.ru,false,
2024-05-31 13:00:00,Russia,Europe-Ural,RU,360.65,330.95,37.3,13.8,so-ups.ru,false,
2024-05-31 14:00:00,Russia,Europe-Ural,RU,358.93,329.46,37.6,13.81,so-ups.ru,false,
2024-05-31 15:00:00,Russia,Europe-Ural,RU,357.29,327.62,37.87,13.66,so-ups.ru,false,
2024-05-31 16:00:00,Russia,Europe-Ural,RU,355.35,326.59,38.24,14.02,so-ups.ru,false,
2024-05-31 17:00:00,Russia,Europe-Ural,RU,353.98,324.87,38.41,14.02,so-ups.ru,false,
2024-05-31 18:00:00,Russia,Europe-Ural,RU,352.46,324.29,38.75,13.9,so-ups.ru,false,
2024-05-31 19:00:00,Russia,Europe-Ural,RU,345.31,317.77,40.0,13.63,so-ups.ru,false,
2024-05-31 20:00:00,Russia,Europe-Ural,RU,335.81,308.93,41.63,13.51,so-ups.ru,false,
2024-05-31 21:00:00,Russia,Europe-Ural,RU,337.95,311.17,41.27,13.13,so-ups.ru,false,
2024-05-31 22:00:00,Russia,Europe-Ural,RU,333.78,306.9,41.96,12.96,so-ups.ru,false,
2024-05-31 23:00:00,Russia,Europe-Ural,RU,334.07,307.21,41.89,13.11,so-ups.ru,false,
2024-06-01 00:00:00,Russia,Europe-Ural,RU,333.51,307.52,42.04,13.25,so-ups.ru,false,
2024-06-01 01:00:00,Russia,Europe-Ural,RU,332.31,306.42,42.26,13.64,so-ups.ru,false,
2024-06-01 02:00:00,Russia,Europe-Ural,RU,335.62,309.34,41.68,13.68,so-ups.ru,false,
2024-06-01 03:00:00,Russia,Europe-Ural,RU,331.7,306.19,42.37,15.26,so-ups.ru,false,
2024-06-01 04:00:00,Russia,Europe-Ural,RU,338.72,311.8,41.12,15.08,so-ups.ru,false,
2024-06-01 05:00:00,Russia,Europe-Ural,RU,346.31,318.8,39.81,15.08,so-ups.ru,false,
2024-06-01 06:00:00,Russia,Europe-Ural,RU,345.28,317.65,39.95,15.88,so-ups.ru,false,
2024-06-01 07:00:00,Russia,Europe-Ural,RU,345.05,317.23,40.0,15.89,so-ups.ru,false,
2024-06-01 08:00:00,Russia,Europe-Ural,RU,344.37,317.4,40.14,16.13,so-ups.ru,false,
2024-06-01 09:00:00,Russia,Europe-Ural,RU,345.75,318.27,39.89,15.86,so-ups.ru,false,
2024-06-01 10:00:00,Russia,Europe-Ural,RU,348.2,319.83,39.44,15.35,so-ups.ru,false,
2024-06-01 11:00:00,Russia,Europe-Ural,RU,350.88,322.4,38.98,14.86,so-ups.ru,false,
2024-06-01 12:00:00,Russia,Europe-Ural,RU,352.36,323.69,38.72,14.7,so-ups.ru,false,
2024-06-01 13:00:00,Russia,Europe-Ural,RU,352.0,323.31,38.8,14.63,so-ups.ru,false,
2024-06-01 14:00:00,Russia,Europe-Ural,RU,351.58,323.46,38.9,14.68,so-ups.ru,false,
2024-06-01 15:00:00,Russia,Europe-Ural,RU,353.63,325.16,38.55,14.39,so-ups.ru,false,
2024-06-01 16:00:00,Russia,Europe-Ural,RU,350.98,322.23,38.96,14.68,so-ups.ru,false,
2024-06-01 17:00:00,Russia,Europe-Ural,RU,351.66,323.28,38.88,14.7,so-ups.ru,false,
2024-06-01 18:00:00,Russia,Europe-Ural,RU,349.08,321.55,39.34,14.46,so-ups.ru,false,
2024-06-01 19:00:00,Russia,Europe-Ural,RU,345.23,318.36,40.04,14.13,so-ups.ru,false,
2024-06-01 20:00:00,Russia,Europe-Ural,RU,343.17,316.64,40.41,13.26,so-ups.ru,false,
2024-06-01 21:00:00,Russia,Europe-Ural,RU,340.34,313.25,40.85,12.94,so-ups.ru,false,
2024-06-01 22:00:00,Russia,Europe-Ural,RU,338.29,312.01,41.24,12.96,so-ups.ru,false,
2024-06-01 23:00:00,Russia,Europe-Ural,RU,332.09,306.26,42.27,13.2,so-ups.ru,false,
2024-06-02 00:00:00,Russia,Europe-Ural,RU,329.66,304.03,42.74,13.37,so-ups.ru,false,
2024-06-02 01:00:00,Russia,Europe-Ural,RU,330.26,305.01,42.64,13.46,so-ups.ru,false,
2024-06-02 02:00:00,Russia,Europe-Ural,RU,333.92,307.87,41.99,13.42,so-ups.ru,false,
2024-06-02 03:00:00,Russia,Europe-Ural,RU,327.17,302.71,43.16,15.35,so-ups.ru,false,
2024-06-02 04:00:00,Russia,Europe-Ural,RU,333.32,308.05,42.1,15.42,so-ups.ru,false,
2024-06-02 05:00:00,Russia,Europe-Ural,RU,342.52,315.94,40.48,15.12,so-ups.ru,false,
2024-06-02 06:00:00,Russia,Europe-Ural,RU,348.03,320.8,39.52,14.9,so-ups.ru,false,
2024-06-02 07:00:00,Russia,Europe-Ural,RU,347.68,320.68,39.58,15.46,so-ups.ru,false,
2024-06-02 08:00:00,Russia,Europe-Ural,RU,348.72,321.41,39.41,15.36,so-ups.ru,false,
2024-06-02 09:00:00,Russia,Europe-Ural,RU,348.76,320.86,39.37,15.22,so-ups.ru,false,
2024-06-02 10:00:00,Russia,Europe-Ural,RU,350.35,322.33,39.1,14.95,so-ups.ru,false,
2024-06-02 11:00:00,Russia,Europe-Ural,RU,350.9,322.52,39.0,14.9,so-ups.ru,false,
2024-06-02 12:00:00,Russia,Europe-Ural,RU,351.3,322.54,38.88,14.66,so-ups.ru,false,
2024-06-02 13:00:00,Russia,Europe-Ural,RU,350.83,322.63,39.02,14.94,so-ups.ru,false,
2024-06-02 14:00:00,Russia,Europe-Ural,RU,352.15,324.22,38.82,14.9,so-ups.ru,false,
2024-06-02 15:00:00,Russia,Europe-Ural,RU,351.05,322.82,38.99,14.95,so-ups.ru,false,
2024-06-02 16:00:00,Russia,Europe-Ural,RU,351.37,323.54,38.95,15.08,so-ups.ru,false,
2024-06-02 17:00:00,Russia,Europe-Ural,RU,352.35,325.17,38.84,14.97,so-ups.ru,false,
2024-06-02 18:00:00,Russia,Europe-Ural,RU,350.48,323.45,39.14,14.59,so-ups.ru,false,
2024-06-02 19:00:00,Russia,Europe-Ural,RU,345.84,319.42,39.95,13.91,so-ups.ru,false,
2024-06-02 20:00:00,Russia,Europe-Ural,RU,342.56,315.96,40.52,13.55,so-ups.ru,false,
2024-06-02 21:00:00,Russia,Europe-Ural,RU,343.4,315.7,40.31,11.89,so-ups.ru,false,
2024-06-02 22:00:00,Russia,Europe-Ural,RU,343.11,314.91,40.35,11.4,so-ups.ru,false,
2024-06-02 23:00:00,Russia,Europe-Ural,RU,341.07,313.95,40.74,11.25,so-ups.ru,false,
2024-06-03 00:00:00,Russia,Europe-Ural,RU,339.85,312.71,40.95,11.27,so-ups.ru,false,
2024-06-03 01:00:00,Russia,Europe-Ural,RU,342.66,315.22,40.47,11.25,so-ups.ru,false,
2024-06-03 02:00:00,Russia,Europe-Ural,RU,348.51,320.04,39.34,11.39,so-ups.ru,false,
2024-06-03 03:00:00,Russia,Europe-Ural,RU,352.88,323.81,38.62,12.38,so-ups.ru,false,
2024-06-03 04:00:00,Russia,Europe-Ural,RU,355.44,326.36,38.15,13.32,so-ups.ru,false,
2024-06-03 05:00:00,Russia,Europe-Ural,RU,359.25,329.66,37.51,14.82,so-ups.ru,false,
2024-06-03 06:00:00,Russia,Europe-Ural,RU,363.37,333.37,36.81,14.75,so-ups.ru,false,
2024-06-03 07:00:00,Russia,Europe-Ural,RU,365.38,335.03,36.46,14.75,so-ups.ru,false,
2024-06-03 08:00:00,Russia,Europe-Ural,RU,364.79,334.44,36.57,14.94,so-ups.ru,false,
2024-06-03 09:00:00,Russia,Europe-Ural,RU,369.24,338.31,35.79,14.82,so-ups.ru,false,
2024-06-03 10:00:00,Russia,Europe-Ural,RU,372.25,340.89,35.27,14.38,so-ups.ru,false,
2024-06-03 11:00:00,Russia,Europe-Ural,RU,375.61,343.83,34.68,13.76,so-ups.ru,false,
2024-06-03 12:00:00,Russia,Europe-Ural,RU,376.53,344.59,34.51,13.51,so-ups.ru,false,
2024-06-03 13:00:00,Russia,Europe-Ural,RU,376.35,344.32,34.56,13.38,so-ups.ru,false,
2024-06-03 14:00:00,Russia,Europe-Ural,RU,375.08,343.28,34.77,13.27,so-ups.ru,false,
2024-06-03 15:00:00,Russia,Europe-Ural,RU,373.05,341.5,35.11,13.46,so-ups.ru,false,
2024-06-03 16:00:00,Russia,Europe-Ural,RU,371.28,340.14,35.45,13.69,so-ups.ru,false,
2024-06-03 17:00:00,Russia,Europe-Ural,RU,371.5,340.17,35.36,13.48,so-ups.ru,false,
2024-06-03 18:00:00,Russia,Europe-Ural,RU,368.98,337.88,35.85,13.22,so-ups.ru,false,
2024-06-03 19:00:00,Russia,Europe-Ural,RU,364.2,333.58,36.69,12.73,so-ups.ru,false,
2024-06-03 20:00:00,Russia,Europe-Ural,RU,363.38,332.81,36.85,11.75,so-ups.ru,false,
2024-06-03 21:00:00,Russia,Europe-Ural,RU,367.2,336.23,36.18,10.22,so-ups.ru,false,
2024-06-03 22:00:00,Russia,Europe-Ural,RU,360.14,330.08,37.38,10.71,so-ups.ru,false,
2024-06-03 23:00:00,Russia,Europe-Ural,RU,358.62,328.93,37.64,10.74,so-ups.ru,false,
2024-06-04 00:00:00,Russia,Europe-Ural,RU,358.72,328.99,37.63,10.76,so-ups.ru,false,
2024-06-04 01:00:00,Russia,Europe-Ural,RU,363.6,333.26,36.79,10.54,so-ups.ru,false,
2024-06-04 02:00:00,Russia,Europe-Ural,RU,371.61,340.25,35.37,10.28,so-ups.ru,false,
2024-06-04 03:00:00,Russia,Europe-Ural,RU,378.97,346.66,34.08,10.43,so-ups.ru,false,
2024-06-04 04:00:00,Russia,Europe-Ural,RU,378.57,346.31,34.12,11.78,so-ups.ru,false,
2024-06-04 05:00:00,Russia,Europe-Ural,RU,376.96,345.19,34.4,13.34,so-ups.ru,false,
2024-06-04 06:00:00,Russia,Europe-Ural,RU,376.89,345.17,34.41,13.89,so-ups.ru,false,
2024-06-04 07:00:00,Russia,Europe-Ural,RU,378.44,346.28,34.18,13.85,so-ups.ru,false,
2024-06-04 08:00:00,Russia,Europe-Ural,RU,377.77,346.09,34.34,14.06,so-ups.ru,false,
2024-06-04 09:00:00,Russia,Europe-Ural,RU,382.0,349.73,33.6,13.33,so-ups.ru,false,
2024-06-04 10:00:00,Russia,Europe-Ural,RU,383.78,351.62,33.3,13.11,so-ups.ru,false,
2024-06-04 11:00:00,Russia,Europe-Ural,RU,385.73,353.06,32.96,12.83,so-ups.ru,false,
2024-06-04 12:00:00,Russia,Europe-Ural,RU,386.08,352.99,32.87,12.47,so-ups.ru,false,
2024-06-04 13:00:00,Russia,Europe-Ural,RU,384.81,351.86,33.1,12.64,so-ups.ru,false,
2024-06-04 14:00:00,Russia,Europe-Ural,RU,386.68,353.39,32.77,12.13,so-ups.ru,false,
2024-06-04 15:00:00,Russia,Europe-Ural,RU,387.38,353.83,32.64,11.99,so-ups.ru,false,
2024-06-04 16:00:00,Russia,Europe-Ural,RU,386.83,353.2,32.73,12.19,so-ups.ru,false,
2024-06-04 17:00:00,Russia,Europe-Ural,RU,390.8,357.0,32.03,11.44,so-ups.ru,false,
2024-06-04 18:00:00,Russia,Europe-Ural,RU,387.13,354.41,32.71,11.56,so-ups.ru,false,
2024-06-04 19:00:00,Russia,Europe-Ural,RU,379.61,347.58,34.04,11.45,so-ups.ru,false,
2024-06-04 20:00:00,Russia,Europe-Ural,RU,373.35,342.36,35.15,11.28,so-ups.ru,false,
2024-06-04 21:00:00,Russia,Europe-Ural,RU,372.9,340.94,35.16,10.15,so-ups.ru,false,
2024-06-04 22:00:00,Russia,Europe-Ural,RU,368.81,337.44,35.87,10.17,so-ups.ru,false,
2024-06-04 23:00:00,Russia,Europe-Ural,RU,366.25,335.45,36.3,10.35,so-ups.ru,false,
2024-06-05 00:00:00,Russia,Europe-Ural,RU,365.96,335.25,36.32,10.37,so-ups.ru,false,
2024-06-05 01:00:00,Russia,Europe-Ural,RU,367.87,336.9,36.01,10.4,so-ups.ru,false,
2024-06-05 02:00:00,Russia,Europe-Ural,RU,376.03,344.09,34.58,10.11,so-ups.ru,false,
2024-06-05 03:00:00,Russia,Europe-Ural,RU,379.68,347.3,33.95,11.12,so-ups.ru,false,
2024-06-05 04:00:00,Russia,Europe-Ural,RU,381.62,349.09,33.61,12.13,so-ups.ru,false,
2024-06-05 05:00:00,Russia,Europe-Ural,RU,383.01,350.39,33.37,12.9,so-ups.ru,false,
2024-06-05 06:00:00,Russia,Europe-Ural,RU,387.25,353.89,32.65,12.61,so-ups.ru,false,
2024-06-05 07:00:00,Russia,Europe-Ural,RU,382.05,349.42,33.55,13.19,so-ups.ru,false,
2024-06-05 08:00:00,Russia,Europe-Ural,RU,380.26,347.87,33.87,13.39,so-ups.ru,false,
2024-06-05 09:00:00,Russia,Europe-Ural,RU,381.69,349.04,33.63,13.18,so-ups.ru,false,
2024-06-05 10:00:00,Russia,Europe-Ural,RU,383.34,350.44,33.34,12.92,so-ups.ru,false,
2024-06-05 11:00:00,Russia,Europe-Ural,RU,385.76,352.64,32.93,12.69,so-ups.ru,false,
2024-06-05 12:00:00,Russia,Europe-Ural,RU,386.88,353.53,32.73,12.26,so-ups.ru,false,
2024-06-05 13:00:00,Russia,Europe-Ural,RU,392.71,359.3,31.77,11.69,so-ups.ru,false,
2024-06-05 14:00:00,Russia,Europe-Ural,RU,392.92,359.32,31.72,11.39,so-ups.ru,false,
2024-06-05 15:00:00,Russia,Europe-Ural,RU,388.48,355.02,32.47,11.7,so-ups.ru,false,
2024-06-05 16:00:00,Russia,Europe-Ural,RU,385.75,352.93,32.95,12.11,so-ups.ru,false,
2024-06-05 17:00:00,Russia,Europe-Ural,RU,386.27,353.37,32.85,11.83,so-ups.ru,false,
2024-06-05 18:00:00,Russia,Europe-Ural,RU,383.89,351.28,33.28,11.57,so-ups.ru,false,
2024-06-05 19:00:00,Russia,Europe-Ural,RU,377.37,345.36,34.41,11.75,so-ups.ru,false,
2024-06-05 20:00:00,Russia,Europe-Ural,RU,372.24,340.27,35.27,11.05,so-ups.ru,false,
2024-06-05 21:00:00,Russia,Europe-Ural,RU,369.89,338.23,35.69,10.1,so-ups.ru,false,
2024-06-05 22:00:00,Russia,Europe-Ural,RU,367.65,336.32,36.08,9.78,so-ups.ru,false,
2024-06-05 23:00:00,Russia,Europe-Ural,RU,365.66,334.65,36.42,9.86,so-ups.ru,false,
2024-06-06 00:00:00,Russia,Europe-Ural,RU,363.8,332.97,36.72,9.92,so-ups.ru,false,
2024-06-06 01:00:00,Russia,Europe-Ural,RU,359.04,329.04,37.55,10.01,so-ups.ru,false,
2024-06-06 02:00:00,Russia,Europe-Ural,RU,365.85,334.71,36.39,9.98,so-ups.ru,false,
2024-06-06 03:00:00,Russia,Europe-Ural,RU,366.41,335.46,36.28,11.57,so-ups.ru,false,
2024-06-06 04:00:00,Russia,Europe-Ural,RU,375.93,343.84,34.63,11.38,so-ups.ru,false,
2024-06-06 05:00:00,Russia,Europe-Ural,RU,376.25,344.25,34.54,12.55,so-ups.ru,false,
2024-06-06 06:00:00,Russia,Europe-Ural,RU,377.03,344.94,34.42,12.84,so-ups.ru,false,
2024-06-06 07:00:00,Russia,Europe-Ural,RU,374.23,342.46,34.92,13.13,so-ups.ru,false,
2024-06-06 08:00:00,Russia,Europe-Ural,RU,371.62,340.22,35.37,13.43,so-ups.ru,false,
2024-06-06 09:00:00,Russia,Europe-Ural,RU,371.48,340.12,35.41,13.43,so-ups.ru,false,
2024-06-06 10:00:00,Russia,Europe-Ural,RU,373.04,341.43,35.12,13.14,so-ups.ru,false,
2024-06-06 11:00:00,Russia,Europe-Ural,RU,374.47,342.6,34.88,12.93,so-ups.ru,false,
2024-06-06 12:00:00,Russia,Europe-Ural,RU,378.06,345.6,34.25,12.09,so-ups.ru,false,
2024-06-06 13:00:00,Russia,Europe-Ural,RU,376.17,343.97,34.59,12.14,so-ups.ru,false,
2024-06-06 14:00:00,Russia,Europe-Ural,RU,374.99,342.83,34.79,11.99,so-ups.ru,false,
2024-06-06 15:00:00,Russia,Europe-Ural,RU,373.23,341.6,35.11,12.13,so-ups.ru,false,
2024-06-06 16:00:00,Russia,Europe-Ural,RU,367.23,336.6,36.17,12.69,so-ups.ru,false,
2024-06-06 17:00:00,Russia,Europe-Ural,RU,366.27,336.11,36.35,12.82,so-ups.ru,false,
2024-06-06 18:00:00,Russia,Europe-Ural,RU,361.19,331.53,37.22,12.82,so-ups.ru,false,
2024-06-06 19:00:00,Russia,Europe-Ural,RU,351.27,322.83,38.95,13.25,so-ups.ru,false,
2024-06-06 20:00:00,Russia,Europe-Ural,RU,347.12,318.56,39.65,12.51,so-ups.ru,false,
2024-06-06 21:00:00,Russia,Europe-Ural,RU,357.25,327.22,37.9,9.82,so-ups.ru,false,
2024-06-06 22:00:00,Russia,Europe-Ural,RU,355.57,325.78,38.19,9.44,so-ups.ru,false,
2024-06-06 23:00:00,Russia,Europe-Ural,RU,352.56,323.21,38.71,9.74,so-ups.ru,false,
2024-06-07 00:00:00,Russia,Europe-Ural,RU,354.55,324.78,38.33,9.29,so-ups.ru,false,
2024-06-07 01:00:00,Russia,Europe-Ural,RU,351.1,321.76,38.94,9.88,so-ups.ru,false,
2024-06-07 02:00:00,Russia,Europe-Ural,RU,358.89,329.3,37.63,10.0,so-ups.ru,false,
2024-06-07 03:00:00,Russia,Europe-Ural,RU,365.23,335.05,36.52,10.69,so-ups.ru,false,
2024-06-07 04:00:00,Russia,Europe-Ural,RU,367.19,336.44,36.13,11.72,so-ups.ru,false,
2024-06-07 05:00:00,Russia,Europe-Ural,RU,365.54,335.0,36.38,13.06,so-ups.ru,false,
2024-06-07 06:00:00,Russia,Europe-Ural,RU,367.22,336.4,36.11,13.34,so-ups.ru,false,
2024-06-07 07:00:00,Russia,Europe-Ural,RU,364.85,334.5,36.57,13.8,so-ups.ru,false,
2024-06-07 08:00:00,Russia,Europe-Ural,RU,363.88,334.09,36.76,13.97,so-ups.ru,false,
2024-06-07 09:00:00,Russia,Europe-Ural,RU,363.72,333.42,36.76,13.9,so-ups.ru,false,
2024-06-07 10:00:00,Russia,Europe-Ural,RU,363.97,333.49,36.71,13.72,so-ups.ru,false,
2024-06-07 11:00:00,Russia,Europe-Ural,RU,365.38,334.85,36.48,13.47,so-ups.ru,false,
2024-06-07 12:00:00,Russia,Europe-Ural,RU,367.4,336.45,36.12,12.92,so-ups.ru,false,
2024-06-07 13:00:00,Russia,Europe-Ural,RU,368.18,336.99,35.98,12.48,so-ups.ru,false,
2024-06-07 14:00:00,Russia,Europe-Ural,RU,368.79,337.48,35.87,12.01,so-ups.ru,false,
2024-06-07 15:00:00,Russia,Europe-Ural,RU,367.62,336.69,36.09,11.98,so-ups.ru,false,
2024-06-07 16:00:00,Russia,Europe-Ural,RU,365.09,334.32,36.52,12.3,so-ups.ru,false,
2024-06-07 17:00:00,Russia,Europe-Ural,RU,363.06,333.07,36.9,12.9,so-ups.ru,false,
2024-06-07 18:00:00,Russia,Europe-Ural,RU,360.53,330.51,37.32,12.66,so-ups.ru,false,
2024-06-07 19:00:00,Russia,Europe-Ural,RU,353.85,324.75,38.49,12.64,so-ups.ru,false,
2024-06-07 20:00:00,Russia,Europe-Ural,RU,351.32,322.0,38.91,11.52,so-ups.ru,false,
2024-06-07 21:00:00,Russia,Europe-Ural,RU,353.64,323.93,38.5,10.24,so-ups.ru,false,
2024-06-07 22:00:00,Russia,Europe-Ural,RU,349.7,320.55,39.2,10.38,so-ups.ru,false,
2024-06-07 23:00:00,Russia,Europe-Ural,RU,345.97,317.44,39.84,10.47,so-ups.ru,false,
2024-06-08 00:00:00,Russia,Europe-Ural,RU,347.29,318.4,39.61,9.92,so-ups.ru,false,
2024-06-08 01:00:00,Russia,Europe-Ural,RU,346.01,317.78,39.85,10.4,so-ups.ru,false,
2024-06-08 02:00:00,Russia,Europe-Ural,RU,350.82,321.7,38.97,10.24,so-ups.ru,false,
2024-06-08 03:00:00,Russia,Europe-Ural,RU,351.6,322.41,38.84,11.2,so-ups.ru,false,
2024-06-08 04:00:00,Russia,Europe-Ural,RU,357.35,327.74,37.85,11.78,so-ups.ru,false,
2024-06-08 05:00:00,Russia,Europe-Ural,RU,363.64,333.46,36.78,12.05,so-ups.ru,false,
2024-06-08 06:00:00,Russia,Europe-Ural,RU,363.58,333.72,36.79,12.95,so-ups.ru,false,
2024-06-08 07:00:00,Russia,Europe-Ural,RU,363.94,334.62,36.74,13.26,so-ups.ru,false,
2024-06-08 08:00:00,Russia,Europe-Ural,RU,362.57,333.26,36.99,13.54,so-ups.ru,false,
2024-06-08 09:00:00,Russia,Europe-Ural,RU,363.19,333.47,36.86,13.21,so-ups.ru,false,
2024-06-08 10:00:00,Russia,Europe-Ural,RU,362.16,332.47,37.05,13.43,so-ups.ru,false,
2024-06-08 11:00:00,Russia,Europe-Ural,RU,364.28,334.32,36.69,13.03,so-ups.ru,false,
2024-06-08 12:00:00,Russia,Europe-Ural,RU,366.19,335.86,36.35,12.57,so-ups.ru,false,
2024-06-08 13:00:00,Russia,Europe-Ural,RU,367.25,337.0,36.18,12.38,so-ups.ru,false,
2024-06-08 14:00:00,Russia,Europe-Ural,RU,365.15,335.36,36.56,12.49,so-ups.ru,false,
2024-06-08 15:00:00,Russia,Europe-Ural,RU,365.45,335.83,36.52,12.35,so-ups.ru,false,
2024-06-08 16:00:00,Russia,Europe-Ural,RU,365.44,335.65,36.5,12.17,so-ups.ru,false,
2024-06-08 17:00:00,Russia,Europe-Ural,RU,368.09,337.8,36.06,11.82,so-ups.ru,false,
2024-06-08 18:00:00,Russia,Europe-Ural,RU,363.86,334.03,36.77,11.73,so-ups.ru,false,
2024-06-08 19:00:00,Russia,Europe-Ural,RU,356.95,328.0,37.96,11.62,so-ups.ru,false,
2024-06-08 20:00:00,Russia,Europe-Ural,RU,356.4,326.9,38.03,10.32,so-ups.ru,false,
2024-06-08 21:00:00,Russia,Europe-Ural,RU,348.21,319.39,39.44,10.58,so-ups.ru,false,
2024-06-08 22:00:00,Russia,Europe-Ural,RU,346.06,317.38,39.83,10.24,so-ups.ru,false,
2024-06-08 23:00:00,Russia,Europe-Ural,RU,341.62,313.5,40.6,10.42,so-ups.ru,false,
2024-06-09 00:00:00,Russia,Europe-Ural,RU,340.57,312.51,40.78,10.45,so-ups.ru,false,
2024-06-09 01:00:00,Russia,Europe-Ural,RU,342.64,314.35,40.41,10.44,so-ups.ru,false,
2024-06-09 02:00:00,Russia,Europe-Ural,RU,346.57,318.08,39.72,10.47,so-ups.ru,false,
2024-06-09 03:00:00,Russia,Europe-Ural,RU,345.88,317.55,39.85,11.71,so-ups.ru,false,
2024-06-09 04:00:00,Russia,Europe-Ural,RU,353.29,324.08,38.55,11.79,so-ups.ru,false,
2024-06-09 05:00:00,Russia,Europe-Ural,RU,359.83,329.95,37.42,11.85,so-ups.ru,false,
2024-06-09 06:00:00,Russia,Europe-Ural,RU,357.96,328.64,37.75,13.01,so-ups.ru,false,
2024-06-09 07:00:00,Russia,Europe-Ural,RU,355.59,327.19,38.19,13.97,so-ups.ru,false,
2024-06-09 08:00:00,Russia,Europe-Ural,RU,355.66,326.83,38.15,13.88,so-ups.ru,false,
2024-06-09 09:00:00,Russia,Europe-Ural,RU,355.09,326.28,38.27,14.08,so-ups.ru,false,
2024-06-09 10:00:00,Russia,Europe-Ural,RU,355.82,327.21,38.14,14.02,so-ups.ru,false,
2024-06-09 11:00:00,Russia,Europe-Ural,RU,357.08,328.25,37.95,13.79,so-ups.ru,false,
2024-06-09 12:00:00,Russia,Europe-Ural,RU,357.37,328.56,37.9,13.82,so-ups.ru,false,
2024-06-09 13:00:00,Russia,Europe-Ural,RU,356.25,327.58,38.09,13.86,so-ups.ru,false,
2024-06-09 14:00:00,Russia,Europe-Ural,RU,357.35,328.74,37.93,13.75,so-ups.ru,false,
2024-06-09 15:00:00,Russia,Europe-Ural,RU,359.36,330.37,37.57,13.25,so-ups.ru,false,
2024-06-09 16:00:00,Russia,Europe-Ural,RU,359.95,331.04,37.47,13.12,so-ups.ru,false,
2024-06-09 17:00:00,Russia,Europe-Ural,RU,362.67,333.2,36.99,12.83,so-ups.ru,false,
2024-06-09 18:00:00,Russia,Europe-Ural,RU,363.46,333.82,36.86,12.0,so-ups.ru,false,
2024-06-09 19:00:00,Russia,Europe-Ural,RU,360.5,330.91,37.34,11.04,so-ups.ru,false,
2024-06-09 20:00:00,Russia,Europe-Ural,RU,354.05,325.1,38.47,10.76,so-ups.ru,false,
2024-06-09 21:00:00,Russia,Europe-Ural,RU,348.57,319.67,39.4,10.71,so-ups.ru,false,
2024-06-09 22:00:00,Russia,Europe-Ural,RU,345.96,317.45,39.83,10.3,so-ups.ru,false,
2024-06-09 23:00:00,Russia,Europe-Ural,RU,341.99,313.97,40.5,10.45,so-ups.ru,false,
2024-06-10 00:00:00,Russia,Europe-Ural,RU,341.38,313.45,40.62,10.54,so-ups.ru,false,
2024-06-10 01:00:00,Russia,Europe-Ural,RU,345.96,317.49,39.82,10.39,so-ups.ru,false,
2024-06-10 02:00:00,Russia,Europe-Ural,RU,355.47,325.83,38.16,10.1,so-ups.ru,false,
2024-06-10 03:00:00,Russia,Europe-Ural,RU,358.41,328.51,37.67,11.38,so-ups.ru,false,
2024-06-10 04:00:00,Russia,Europe-Ural,RU,364.57,334.02,36.61,11.94,so-ups.ru,false,
2024-06-10 05:00:00,Russia,Europe-Ural,RU,366.22,336.04,36.32,13.01,so-ups.ru,false,
2024-06-10 06:00:00,Russia,Europe-Ural,RU,366.79,336.64,36.22,13.44,so-ups.ru,false,
2024-06-10 07:00:00,Russia,Europe-Ural,RU,368.12,337.78,36.0,13.56,so-ups.ru,false,
2024-06-10 08:00:00,Russia,Europe-Ural,RU,367.78,337.33,36.07,13.52,so-ups.ru,false,
2024-06-10 09:00:00,Russia,Europe-Ural,RU,367.67,337.48,36.09,13.53,so-ups.ru,false,
2024-06-10 10:00:00,Russia,Europe-Ural,RU,369.51,339.0,35.78,13.34,so-ups.ru,false,
2024-06-10 11:00:00,Russia,Europe-Ural,RU,369.62,339.0,35.76,13.27,so-ups.ru,false,
2024-06-10 12:00:00,Russia,Europe-Ural,RU,371.88,340.84,35.34,12.61,so-ups.ru,false,
2024-06-10 13:00:00,Russia,Europe-Ural,RU,371.44,340.48,35.43,12.47,so-ups.ru,false,
2024-06-10 14:00:00,Russia,Europe-Ural,RU,371.38,340.02,35.44,12.41,so-ups.ru,false,
2024-06-10 15:00:00,Russia,Europe-Ural,RU,373.31,341.86,35.1,11.82,so-ups.ru,false,
2024-06-10 16:00:00,Russia,Europe-Ural,RU,373.66,342.7,35.06,11.79,so-ups.ru,false,
2024-06-10 17:00:00,Russia,Europe-Ural,RU,375.33,343.89,34.77,11.44,so-ups.ru,false,
2024-06-10 18:00:00,Russia,Europe-Ural,RU,372.77,341.68,35.23,11.3,so-ups.ru,false,
2024-06-10 19:00:00,Russia,Europe-Ural,RU,363.89,334.08,36.8,11.33,so-ups.ru,false,
2024-06-10 20:00:00,Russia,Europe-Ural,RU,356.38,326.44,38.03,10.82,so-ups.ru,false,
2024-06-10 21:00:00,Russia,Europe-Ural,RU,355.58,325.66,38.17,10.14,so-ups.ru,false,
2024-06-10 22:00:00,Russia,Europe-Ural,RU,354.88,325.04,38.29,9.63,so-ups.ru,false,
2024-06-10 23:00:00,Russia,Europe-Ural,RU,351.87,322.44,38.8,9.8,so-ups.ru,false,
2024-06-11 00:00:00,Russia,Europe-Ural,RU,348.78,319.88,39.36,9.95,so-ups.ru,false,
2024-06-11 01:00:00,Russia,Europe-Ural,RU,351.45,322.49,38.87,9.94,so-ups.ru,false,
2024-06-11 02:00:00,Russia,Europe-Ural,RU,361.88,331.93,37.09,9.68,so-ups.ru,false,
2024-06-11 03:00:00,Russia,Europe-Ural,RU,365.4,334.36,36.45,10.69,so-ups.ru,false,
2024-06-11 04:00:00,Russia,Europe-Ural,RU,368.18,336.98,35.96,11.62,so-ups.ru,false,
2024-06-11 05:00:00,Russia,Europe-Ural,RU,369.13,338.01,35.79,12.74,so-ups.ru,false,
2024-06-11 06:00:00,Russia,Europe-Ural,RU,370.73,339.97,35.57,13.17,so-ups.ru,false,
2024-06-11 07:00:00,Russia,Europe-Ural,RU,370.61,339.74,35.58,13.3,so-ups.ru,false,
2024-06-11 08:00:00,Russia,Europe-Ural,RU,369.91,339.39,35.71,13.4,so-ups.ru,false,
2024-06-11 09:00:00,Russia,Europe-Ural,RU,372.1,341.83,35.36,13.41,so-ups.ru,false,
2024-06-11 10:00:00,Russia,Europe-Ural,RU,372.49,341.56,35.26,13.29,so-ups.ru,false,
2024-06-11 11:00:00,Russia,Europe-Ural,RU,373.18,341.87,35.13,13.2,so-ups.ru,false,
2024-06-11 12:00:00,Russia,Europe-Ural,RU,377.06,345.39,34.46,12.44,so-ups.ru,false,
2024-06-11 13:00:00,Russia,Europe-Ural,RU,377.16,345.26,34.44,12.1,so-ups.ru,false,
2024-06-11 14:00:00,Russia,Europe-Ural,RU,376.2,344.47,34.61,12.02,so-ups.ru,false,
2024-06-11 15:00:00,Russia,Europe-Ural,RU,376.25,344.41,34.6,11.84,so-ups.ru,false,
2024-06-11 16:00:00,Russia,Europe-Ural,RU,373.05,341.41,35.14,12.17,so-ups.ru,false,
2024-06-11 17:00:00,Russia,Europe-Ural,RU,374.92,343.42,34.84,11.9,so-ups.ru,false,
2024-06-11 18:00:00,Russia,Europe-Ural,RU,374.41,343.16,34.94,11.25,so-ups.ru,false,
2024-06-11 19:00:00,Russia,Europe-Ural,RU,368.3,337.15,35.97,10.85,so-ups.ru,false,
2024-06-11 20:00:00,Russia,Europe-Ural,RU,365.63,334.35,36.42,9.94,so-ups.ru,false,
2024-06-11 21:00:00,Russia,Europe-Ural,RU,364.79,333.57,36.57,8.94,so-ups.ru,false,
2024-06-11 22:00:00,Russia,Europe-Ural,RU,365.15,333.77,36.51,8.36,so-ups.ru,false,
2024-06-11 23:00:00,Russia,Europe-Ural,RU,363.33,332.29,36.8,8.38,so-ups.ru,false,
2024-06-12 00:00:00,Russia,Europe-Ural,RU,355.53,325.31,38.16,8.62,so-ups.ru,false,
2024-06-12 01:00:00,Russia,Europe-Ural,RU,355.7,325.55,38.14,8.74,so-ups.ru,false,
2024-06-12 02:00:00,Russia,Europe-Ural,RU,360.78,330.58,37.27,8.8,so-ups.ru,false,
2024-06-12 03:00:00,Russia,Europe-Ural,RU,354.55,324.9,38.32,10.95,so-ups.ru,false,
2024-06-12 04:00:00,Russia,Europe-Ural,RU,359.94,329.67,37.41,11.48,so-ups.ru,false,
2024-06-12 05:00:00,Russia,Europe-Ural,RU,367.36,336.37,36.1,11.86,so-ups.ru,false,
2024-06-12 06:00:00,Russia,Europe-Ural,RU,364.64,334.36,36.59,13.26,so-ups.ru,false,
2024-06-12 07:00:00,Russia,Europe-Ural,RU,362.54,332.55,36.96,14.04,so-ups.ru,false,
2024-06-12 08:00:00,Russia,Europe-Ural,RU,364.57,335.32,36.65,14.31,so-ups.ru,false,
2024-06-12 09:00:00,Russia,Europe-Ural,RU,365.25,335.72,36.53,14.19,so-ups.ru,false,
2024-06-12 10:00:00,Russia,Europe-Ural,RU,365.76,336.15,36.44,14.09,so-ups.ru,false,
2024-06-12 11:00:00,Russia,Europe-Ural,RU,368.16,338.79,36.05,13.77,so-ups.ru,false,
2024-06-12 12:00:00,Russia,Europe-Ural,RU,370.09,339.84,35.69,13.2,so-ups.ru,false,
2024-06-12 13:00:00,Russia,Europe-Ural,RU,371.49,340.89,35.44,12.84,so-ups.ru,false,
2024-06-12 14:00:00,Russia,Europe-Ural,RU,374.15,343.21,34.99,12.17,so-ups.ru,false,
2024-06-12 15:00:00,Russia,Europe-Ural,RU,373.95,342.7,35.0,11.96,so-ups.ru,false,
2024-06-12 16:00:00,Russia,Europe-Ural,RU,375.0,343.6,34.83,11.5,so-ups.ru,false,
2024-06-12 17:00:00,Russia,Europe-Ural,RU,378.29,346.68,34.28,10.89,so-ups.ru,false,
2024-06-12 18:00:00,Russia,Europe-Ural,RU,374.68,343.46,34.9,10.83,so-ups.ru,false,
2024-06-12 19:00:00,Russia,Europe-Ural,RU,372.7,341.0,35.2,9.8,so-ups.ru,false,
2024-06-12 20:00:00,Russia,Europe-Ural,RU,366.55,335.12,36.23,9.23,so-ups.ru,false,
2024-06-12 21:00:00,Russia,Europe-Ural,RU,358.91,328.4,37.59,9.33,so-ups.ru,false,
2024-06-12 22:00:00,Russia,Europe-Ural,RU,358.35,327.86,37.69,8.8,so-ups.ru,false,
2024-06-12 23:00:00,Russia,Europe-Ural,RU,355.63,325.54,38.16,8.92,so-ups.ru,false,
2024-06-13 00:00:00,Russia,Europe-Ural,RU,354.32,324.39,38.39,9.02,so-ups.ru,false,
2024-06-13 01:00:00,Russia,Europe-Ural,RU,358.1,327.74,37.71,8.92,so-ups.ru,false,
2024-06-13 02:00:00,Russia,Europe-Ural,RU,362.52,331.69,36.96,9.36,so-ups.ru,false,
2024-06-13 03:00:00,Russia,Europe-Ural,RU,364.27,333.35,36.64,10.62,so-ups.ru,false,
2024-06-13 04:00:00,Russia,Europe-Ural,RU,372.59,340.76,35.19,10.74,so-ups.ru,false,
2024-06-13 05:00:00,Russia,Europe-Ural,RU,371.6,340.29,35.39,12.42,so-ups.ru,false,
2024-06-13 06:00:00,Russia,Europe-Ural,RU,374.97,343.38,34.8,12.42,so-ups.ru,false,
2024-06-13 07:00:00,Russia,Europe-Ural,RU,374.84,343.5,34.83,12.78,so-ups.ru,false,
2024-06-13 08:00:00,Russia,Europe-Ural,RU,374.46,343.38,34.92,13.03,so-ups.ru,false,
2024-06-13 09:00:00,Russia,Europe-Ural,RU,376.28,345.48,34.63,12.88,so-ups.ru,false,
2024-06-13 10:00:00,Russia,Europe-Ural,RU,376.31,345.88,34.63,12.94,so-ups.ru,false,
2024-06-13 11:00:00,Russia,Europe-Ural,RU,377.42,345.8,34.4,12.43,so-ups.ru,false,
2024-06-13 12:00:00,Russia,Europe-Ural,RU,380.94,348.82,33.77,11.73,so-ups.ru,false,
2024-06-13 13:00:00,Russia,Europe-Ural,RU,381.58,349.39,33.68,11.36,so-ups.ru,false,
2024-06-13 14:00:00,Russia,Europe-Ural,RU,383.73,351.12,33.31,10.78,so-ups.ru,false,
2024-06-13 15:00:00,Russia,Europe-Ural,RU,385.01,352.3,33.09,10.22,so-ups.ru,false,
2024-06-13 16:00:00,Russia,Europe-Ural,RU,384.62,352.1,33.17,10.17,so-ups.ru,false,
2024-06-13 17:00:00,Russia,Europe-Ural,RU,387.2,354.64,32.74,9.85,so-ups.ru,false,
2024-06-13 18:00:00,Russia,Europe-Ural,RU,383.26,351.86,33.47,9.95,so-ups.ru,false,
2024-06-13 19:00:00,Russia,Europe-Ural,RU,375.73,344.34,34.72,9.7,so-ups.ru,false,
2024-06-13 20:00:00,Russia,Europe-Ural,RU,367.64,335.98,36.06,9.1,so-ups.ru,false,
2024-06-13 21:00:00,Russia,Europe-Ural,RU,367.58,335.82,36.07,8.21,so-ups.ru,false,
2024-06-13 22:00:00,Russia,Europe-Ural,RU,363.76,332.64,36.75,8.21,so-ups.ru,false,
2024-06-13 23:00:00,Russia,Europe-Ural,RU,360.19,329.47,37.36,8.43,so-ups.ru,false,
2024-06-14 00:00:00,Russia,Europe-Ural,RU,358.3,327.88,37.69,8.55,so-ups.ru,false,
2024-06-14 01:00:00,Russia,Europe-Ural,RU,362.04,331.21,37.04,8.47,so-ups.ru,false,
2024-06-14 02:00:00,Russia,Europe-Ural,RU,366.79,335.48,36.19,8.97,so-ups.ru,false,
2024-06-14 03:00:00,Russia,Europe-Ural,RU,366.25,335.28,36.3,10.88,so-ups.ru,false,
2024-06-14 04:00:00,Russia,Europe-Ural,RU,376.42,344.21,34.53,10.69,so-ups.ru,false,
2024-06-14 05:00:00,Russia,Europe-Ural,RU,384.13,351.36,33.23,10.63,so-ups.ru,false,
2024-06-14 06:00:00,Russia,Europe-Ural,RU,384.07,351.87,33.26,11.13,so-ups.ru,false,
2024-06-14 07:00:00,Russia,Europe-Ural,RU,379.38,348.05,34.09,12.17,so-ups.ru,false,
2024-06-14 08:00:00,Russia,Europe-Ural,RU,380.17,349.01,33.96,12.12,so-ups.ru,false,
2024-06-14 09:00:00,Russia,Europe-Ural,RU,380.5,349.09,33.9,11.97,so-ups.ru,false,
2024-06-14 10:00:00,Russia,Europe-Ural,RU,379.67,348.34,34.05,12.24,so-ups.ru,false,
2024-06-14 11:00:00,Russia,Europe-Ural,RU,380.68,349.27,33.88,12.04,so-ups.ru,false,
2024-06-14 12:00:00,Russia,Europe-Ural,RU,381.08,349.59,33.82,11.73,so-ups.ru,false,
2024-06-14 13:00:00,Russia,Europe-Ural,RU,382.68,351.1,33.55,11.24,so-ups.ru,false,
2024-06-14 14:00:00,Russia,Europe-Ural,RU,383.52,351.5,33.37,10.76,so-ups.ru,false,
2024-06-14 15:00:00,Russia,Europe-Ural,RU,383.11,351.19,33.46,10.64,so-ups.ru,false,
2024-06-14 16:00:00,Russia,Europe-Ural,RU,384.66,352.57,33.2,10.11,so-ups.ru,false,
2024-06-14 17:00:00,Russia,Europe-Ural,RU,380.61,349.19,33.9,10.79,so-ups.ru,false,
2024-06-14 18:00:00,Russia,Europe-Ural,RU,380.08,349.04,34.01,10.31,so-ups.ru,false,
2024-06-14 19:00:00,Russia,Europe-Ural,RU,375.16,344.26,34.87,9.74,so-ups.ru,false,
2024-06-14 20:00:00,Russia,Europe-Ural,RU,368.49,337.71,35.99,9.21,so-ups.ru,false,
2024-06-14 21:00:00,Russia,Europe-Ural,RU,364.21,333.79,36.72,8.86,so-ups.ru,false,
2024-06-14 22:00:00,Russia,Europe-Ural,RU,363.85,333.11,36.76,8.04,so-ups.ru,false,
2024-06-14 23:00:00,Russia,Europe-Ural,RU,361.13,330.95,37.26,8.08,so-ups.ru,false,
2024-06-15 00:00:00,Russia,Europe-Ural,RU,359.86,330.2,37.51,8.24,so-ups.ru,false,
2024-06-15 01:00:00,Russia,Europe-Ural,RU,358.79,328.59,37.63,8.48,so-ups.ru,false,
2024-06-15 02:00:00,Russia,Europe-Ural,RU,363.0,332.5,36.91,8.84,so-ups.ru,false,
2024-06-15 03:00:00,Russia,Europe-Ural,RU,361.27,331.5,37.23,10.49,so-ups.ru,false,
2024-06-15 04:00:00,Russia,Europe-Ural,RU,369.46,338.49,35.78,10.4,so-ups.ru,false,
2024-06-15 05:00:00,Russia,Europe-Ural,RU,376.36,345.31,34.63,10.65,so-ups.ru,false,
2024-06-15 06:00:00,Russia,Europe-Ural,RU,378.11,346.72,34.31,10.95,so-ups.ru,false,
2024-06-15 07:00:00,Russia,Europe-Ural,RU,376.01,345.24,34.7,11.8,so-ups.ru,false,
2024-06-15 08:00:00,Russia,Europe-Ural,RU,375.57,345.04,34.77,11.96,so-ups.ru,false,
2024-06-15 09:00:00,Russia,Europe-Ural,RU,378.08,346.78,34.31,11.39,so-ups.ru,false,
2024-06-15 10:00:00,Russia,Europe-Ural,RU,377.3,345.89,34.44,11.51,so-ups.ru,false,
2024-06-15 11:00:00,Russia,Europe-Ural,RU,379.23,347.69,34.13,11.18,so-ups.ru,false,
2024-06-15 12:00:00,Russia,Europe-Ural,RU,381.7,349.88,33.7,10.75,so-ups.ru,false,
2024-06-15 13:00:00,Russia,Europe-Ural,RU,382.62,350.78,33.55,10.57,so-ups.ru,false,
2024-06-15 14:00:00,Russia,Europe-Ural,RU,384.97,352.68,33.15,10.03,so-ups.ru,false,
2024-06-15 15:00:00,Russia,Europe-Ural,RU,382.33,350.35,33.61,10.36,so-ups.ru,false,
2024-06-15 16:00:00,Russia,Europe-Ural,RU,382.72,350.89,33.54,10.16,so-ups.ru,false,
2024-06-15 17:00:00,Russia,Europe-Ural,RU,381.62,350.19,33.75,10.35,so-ups.ru,false,
2024-06-15 18:00:00,Russia,Europe-Ural,RU,380.37,349.02,33.97,9.9,so-ups.ru,false,
2024-06-15 19:00:00,Russia,Europe-Ural,RU,371.02,341.16,35.63,10.22,so-ups.ru,false,
2024-06-15 20:00:00,Russia,Europe-Ural,RU,367.39,337.01,36.2,9.35,so-ups.ru,false,
2024-06-15 21:00:00,Russia,Europe-Ural,RU,360.67,330.5,37.31,9.25,so-ups.ru,false,
2024-06-15 22:00:00,Russia,Europe-Ural,RU,362.58,331.67,36.95,8.09,so-ups.ru,false,
2024-06-15 23:00:00,Russia,Europe-Ural,RU,360.5,329.93,37.3,8.21,so-ups.ru,false,
2024-06-16 00:00:00,Russia,Europe-Ural,RU,357.02,326.98,37.88,8.34,so-ups.ru,false,
2024-06-16 01:00:00,Russia,Europe-Ural,RU,355.27,325.25,38.22,8.69,so-ups.ru,false,
2024-06-16 02:00:00,Russia,Europe-Ural,RU,357.1,326.94,37.9,8.91,so-ups.ru,false,
2024-06-16 03:00:00,Russia,Europe-Ural,RU,353.84,324.74,38.51,10.74,so-ups.ru,false,
2024-06-16 04:00:00,Russia,Europe-Ural,RU,357.85,327.87,37.77,11.29,so-ups.ru,false,
2024-06-16 05:00:00,Russia,Europe-Ural,RU,366.4,335.57,36.28,11.26,so-ups.ru,false,
2024-06-16 06:00:00,Russia,Europe-Ural,RU,373.02,341.25,35.12,11.0,so-ups.ru,false,
2024-06-16 07:00:00,Russia,Europe-Ural,RU,370.5,339.25,35.57,11.71,so-ups.ru,false,
2024-06-16 08:00:00,Russia,Europe-Ural,RU,372.03,340.59,35.3,11.49,so-ups.ru,false,
2024-06-16 09:00:00,Russia,Europe-Ural,RU,373.94,342.5,34.99,11.27,so-ups.ru,false,
2024-06-16 10:00:00,Russia,Europe-Ural,RU,374.29,343.04,34.96,11.33,so-ups.ru,false,
2024-06-16 11:00:00,Russia,Europe-Ural,RU,373.37,342.15,35.11,11.48,so-ups.ru,false,
2024-06-16 12:00:00,Russia,Europe-Ural,RU,372.96,341.35,35.14,11.49,so-ups.ru,false,
2024-06-16 13:00:00,Russia,Europe-Ural,RU,372.67,341.34,35.23,11.48,so-ups.ru,false,
2024-06-16 14:00:00,Russia,Europe-Ural,RU,373.61,342.37,35.09,11.44,so-ups.ru,false,
2024-06-16 15:00:00,Russia,Europe-Ural,RU,373.88,342.88,35.06,11.4,so-ups.ru,false,
2024-06-16 16:00:00,Russia,Europe-Ural,RU,373.47,342.51,35.12,11.39,so-ups.ru,false,
2024-06-16 17:00:00,Russia,Europe-Ural,RU,374.72,343.92,34.93,11.28,so-ups.ru,false,
2024-06-16 18:00:00,Russia,Europe-Ural,RU,374.72,343.49,34.9,10.87,so-ups.ru,false,
2024-06-16 19:00:00,Russia,Europe-Ural,RU,374.31,343.51,35.0,10.14,so-ups.ru,false,
2024-06-16 20:00:00,Russia,Europe-Ural,RU,370.98,339.62,35.52,9.32,so-ups.ru,false,
2024-06-16 21:00:00,Russia,Europe-Ural,RU,369.2,337.46,35.8,8.93,so-ups.ru,false,
2024-06-16 22:00:00,Russia,Europe-Ural,RU,367.21,335.66,36.15,8.54,so-ups.ru,false,
2024-06-16 23:00:00,Russia,Europe-Ural,RU,367.36,335.84,36.11,8.31,so-ups.ru,false,
2024-06-17 00:00:00,Russia,Europe-Ural,RU,365.84,334.37,36.37,8.32,so-ups.ru,false,
2024-06-17 01:00:00,Russia,Europe-Ural,RU,368.35,336.78,35.95,8.54,so-ups.ru,false,
2024-06-17 02:00:00,Russia,Europe-Ural,RU,376.73,344.64,34.53,8.36,so-ups.ru,false,
2024-06-17 03:00:00,Russia,Europe-Ural,RU,376.43,344.86,34.59,10.13,so-ups.ru,false,
2024-06-17 04:00:00,Russia,Europe-Ural,RU,382.14,349.91,33.6,10.61,so-ups.ru,false,
2024-06-17 05:00:00,Russia,Europe-Ural,RU,379.95,348.26,33.98,12.26,so-ups.ru,false,
2024-06-17 06:00:00,Russia,Europe-Ural,RU,380.64,348.86,33.86,12.68,so-ups.ru,false,
2024-06-17 07:00:00,Russia,Europe-Ural,RU,382.55,350.28,33.51,12.41,so-ups.ru,false,
2024-06-17 08:00:00,Russia,Europe-Ural,RU,382.08,349.96,33.59,12.6,so-ups.ru,false,
2024-06-17 09:00:00,Russia,Europe-Ural,RU,383.46,351.07,33.34,12.39,so-ups.ru,false,
2024-06-17 10:00:00,Russia,Europe-Ural,RU,383.15,350.9,33.4,12.6,so-ups.ru,false,
2024-06-17 11:00:00,Russia,Europe-Ural,RU,382.63,350.54,33.51,12.73,so-ups.ru,false,
2024-06-17 12:00:00,Russia,Europe-Ural,RU,386.27,353.9,32.9,12.04,so-ups.ru,false,
2024-06-17 13:00:00,Russia,Europe-Ural,RU,392.45,359.21,31.82,10.8,so-ups.ru,false,
2024-06-17 14:00:00,Russia,Europe-Ural,RU,394.76,361.28,31.43,10.41,so-ups.ru,false,
2024-06-17 15:00:00,Russia,Europe-Ural,RU,396.19,362.38,31.18,9.87,so-ups.ru,false,
2024-06-17 16:00:00,Russia,Europe-Ural,RU,395.78,362.17,31.26,9.67,so-ups.ru,false,
2024-06-17 17:00:00,Russia,Europe-Ural,RU,392.83,359.64,31.77,9.84,so-ups.ru,false,
2024-06-17 18:00:00,Russia,Europe-Ural,RU,392.6,359.41,31.82,9.24,so-ups.ru,false,
2024-06-17 19:00:00,Russia,Europe-Ural,RU,386.03,353.49,32.96,9.11,so-ups.ru,false,
2024-06-17 20:00:00,Russia,Europe-Ural,RU,381.92,349.15,33.63,8.3,so-ups.ru,false,
2024-06-17 21:00:00,Russia,Europe-Ural,RU,382.87,349.15,33.4,7.01,so-ups.ru,false,
2024-06-17 22:00:00,Russia,Europe-Ural,RU,382.26,348.56,33.51,6.5,so-ups.ru,false,
2024-06-17 23:00:00,Russia,Europe-Ural,RU,380.24,347.29,33.9,6.6,so-ups.ru,false,
2024-06-18 00:00:00,Russia,Europe-Ural,RU,379.91,346.95,33.92,6.58,so-ups.ru,false,
2024-06-18 01:00:00,Russia,Europe-Ural,RU,381.19,348.23,33.73,6.72,so-ups.ru,false,
2024-06-18 02:00:00,Russia,Europe-Ural,RU,388.94,355.38,32.39,7.12,so-ups.ru,false,
2024-06-18 03:00:00,Russia,Europe-Ural,RU,386.06,353.6,32.93,9.36,so-ups.ru,false,
2024-06-18 04:00:00,Russia,Europe-Ural,RU,394.2,360.9,31.53,9.52,so-ups.ru,false,
2024-06-18 05:00:00,Russia,Europe-Ural,RU,388.14,356.22,32.61,11.97,so-ups.ru,false,
2024-06-18 06:00:00,Russia,Europe-Ural,RU,386.84,355.43,32.86,12.78,so-ups.ru,false,
2024-06-18 07:00:00,Russia,Europe-Ural,RU,384.56,353.0,33.22,13.07,so-ups.ru,false,
2024-06-18 08:00:00,Russia,Europe-Ural,RU,384.63,353.26,33.22,13.0,so-ups.ru,false,
2024-06-18 09:00:00,Russia,Europe-Ural,RU,385.7,354.5,33.04,13.04,so-ups.ru,false,
2024-06-18 10:00:00,Russia,Europe-Ural,RU,387.84,356.41,32.69,12.78,so-ups.ru,false,
2024-06-18 11:00:00,Russia,Europe-Ural,RU,386.86,354.64,32.81,12.66,so-ups.ru,false,
2024-06-18 12:00:00,Russia,Europe-Ural,RU,394.32,361.7,31.56,11.49,so-ups.ru,false,
2024-06-18 13:00:00,Russia,Europe-Ural,RU,393.62,360.8,31.66,11.33,so-ups.ru,false,
2024-06-18 14:00:00,Russia,Europe-Ural,RU,393.63,360.45,31.64,11.12,so-ups.ru,false,
2024-06-18 15:00:00,Russia,Europe-Ural,RU,391.46,358.96,32.05,11.16,so-ups.ru,false,
2024-06-18 16:00:00,Russia,Europe-Ural,RU,389.37,356.91,32.39,11.19,so-ups.ru,false,
2024-06-18 17:00:00,Russia,Europe-Ural,RU,390.84,358.54,32.16,10.94,so-ups.ru,false,
2024-06-18 18:00:00,Russia,Europe-Ural,RU,395.18,362.11,31.39,9.55,so-ups.ru,false,
2024-06-18 19:00:00,Russia,Europe-Ural,RU,389.31,356.55,32.4,9.28,so-ups.ru,false,
2024-06-18 20:00:00,Russia,Europe-Ural,RU,388.55,355.52,32.51,7.76,so-ups.ru,false,
2024-06-18 21:00:00,Russia,Europe-Ural,RU,388.02,354.52,32.59,6.85,so-ups.ru,false,
2024-06-18 22:00:00,Russia,Europe-Ural,RU,388.38,355.09,32.55,6.41,so-ups.ru,false,
2024-06-18 23:00:00,Russia,Europe-Ural,RU,383.85,349.92,33.24,6.42,so-ups.ru,false,
2024-06-19 00:00:00,Russia,Europe-Ural,RU,383.3,349.63,33.34,6.48,so-ups.ru,false,
2024-06-19 01:00:00,Russia,Europe-Ural,RU,384.51,350.96,33.16,6.59,so-ups.ru,false,
2024-06-19 02:00:00,Russia,Europe-Ural,RU,390.64,357.05,32.13,6.85,so-ups.ru,false,
2024-06-19 03:00:00,Russia,Europe-Ural,RU,387.78,355.17,32.64,9.07,so-ups.ru,false,
2024-06-19 04:00:00,Russia,Europe-Ural,RU,393.41,359.87,31.63,9.7,so-ups.ru,false,
2024-06-19 05:00:00,Russia,Europe-Ural,RU,391.19,357.89,32.0,11.21,so-ups.ru,false,
2024-06-19 06:00:00,Russia,Europe-Ural,RU,390.46,357.61,32.16,11.94,so-ups.ru,false,
2024-06-19 07:00:00,Russia,Europe-Ural,RU,389.09,356.5,32.41,12.15,so-ups.ru,false,
2024-06-19 08:00:00,Russia,Europe-Ural,RU,386.29,354.91,32.94,12.87,so-ups.ru,false,
2024-06-19 09:00:00,Russia,Europe-Ural,RU,387.65,355.68,32.68,12.48,so-ups.ru,false,
2024-06-19 10:00:00,Russia,Europe-Ural,RU,387.45,355.22,32.7,12.52,so-ups.ru,false,
2024-06-19 11:00:00,Russia,Europe-Ural,RU,386.98,354.84,32.79,12.54,so-ups.ru,false,
2024-06-19 12:00:00,Russia,Europe-Ural,RU,392.84,359.8,31.77,11.52,so-ups.ru,false,
2024-06-19 13:00:00,Russia,Europe-Ural,RU,397.89,363.79,30.87,10.4,so-ups.ru,false,
2024-06-19 14:00:00,Russia,Europe-Ural,RU,396.7,363.0,31.1,10.58,so-ups.ru,false,
2024-06-19 15:00:00,Russia,Europe-Ural,RU,394.18,360.31,31.5,10.78,so-ups.ru,false,
2024-06-19 16:00:00,Russia,Europe-Ural,RU,394.42,360.51,31.46,10.52,so-ups.ru,false,
2024-06-19 17:00:00,Russia,Europe-Ural,RU,393.49,360.09,31.65,10.66,so-ups.ru,false,
2024-06-19 18:00:00,Russia,Europe-Ural,RU,391.77,358.94,31.97,10.4,so-ups.ru,false,
2024-06-19 19:00:00,Russia,Europe-Ural,RU,386.48,354.29,32.9,10.01,so-ups.ru,false,
2024-06-19 20:00:00,Russia,Europe-Ural,RU,380.32,348.22,33.93,9.49,so-ups.ru,false,
2024-06-19 21:00:00,Russia,Europe-Ural,RU,386.38,352.41,32.82,7.37,so-ups.ru,false,
2024-06-19 22:00:00,Russia,Europe-Ural,RU,386.5,352.32,32.78,6.79,so-ups.ru,false,
2024-06-19 23:00:00,Russia,Europe-Ural,RU,385.32,351.47,32.98,6.61,so-ups.ru,false,
2024-06-20 00:00:00,Russia,Europe-Ural,RU,383.48,350.24,33.34,6.54,so-ups.ru,false,
2024-06-20 01:00:00,Russia,Europe-Ural,RU,383.94,351.3,33.31,7.03,so-ups.ru,false,
2024-06-20 02:00:00,Russia,Europe-Ural,RU,388.32,355.15,32.54,7.33,so-ups.ru,false,
2024-06-20 03:00:00,Russia,Europe-Ural,RU,386.16,353.08,32.88,9.33,so-ups.ru,false,
2024-06-20 04:00:00,Russia,Europe-Ural,RU,394.1,360.7,31.54,9.53,so-ups.ru,false,
2024-06-20 05:00:00,Russia,Europe-Ural,RU,399.16,365.52,30.69,10.02,so-ups.ru,false,
2024-06-20 06:00:00,Russia,Europe-Ural,RU,393.58,360.98,31.66,11.61,so-ups.ru,false,
2024-06-20 07:00:00,Russia,Europe-Ural,RU,392.03,359.54,31.92,12.0,so-ups.ru,false,
2024-06-20 08:00:00,Russia,Europe-Ural,RU,390.23,357.99,32.23,12.36,so-ups.ru,false,
2024-06-20 09:00:00,Russia,Europe-Ural,RU,391.01,358.71,32.09,12.42,so-ups.ru,false,
2024-06-20 10:00:00,Russia,Europe-Ural,RU,392.67,360.0,31.8,12.14,so-ups.ru,false,
2024-06-20 11:00:00,Russia,Europe-Ural,RU,395.83,363.17,31.29,11.58,so-ups.ru,false,
2024-06-20 12:00:00,Russia,Europe-Ural,RU,400.52,367.15,30.48,10.59,so-ups.ru,false,
2024-06-20 13:00:00,Russia,Europe-Ural,RU,397.79,364.94,30.96,10.69,so-ups.ru,false,
2024-06-20 14:00:00,Russia,Europe-Ural,RU,398.68,365.35,30.8,10.0,so-ups.ru,false,
2024-06-20 15:00:00,Russia,Europe-Ural,RU,397.36,363.69,31.0,9.84,so-ups.ru,false,
2024-06-20 16:00:00,Russia,Europe-Ural,RU,398.77,364.57,30.73,9.41,so-ups.ru,false,
2024-06-20 17:00:00,Russia,Europe-Ural,RU,398.36,364.52,30.82,9.36,so-ups.ru,false,
2024-06-20 18:00:00,Russia,Europe-Ural,RU,393.91,360.73,31.6,9.33,so-ups.ru,false,
2024-06-20 19:00:00,Russia,Europe-Ural,RU,383.27,351.73,33.47,9.88,so-ups.ru,false,
2024-06-20 20:00:00,Russia,Europe-Ural,RU,383.24,350.54,33.42,8.15,so-ups.ru,false,
2024-06-20 21:00:00,Russia,Europe-Ural,RU,372.02,339.9,35.32,8.88,so-ups.ru,false,
2024-06-20 22:00:00,Russia,Europe-Ural,RU,371.54,339.46,35.39,8.4,so-ups.ru,false,
2024-06-20 23:00:00,Russia,Europe-Ural,RU,370.84,338.9,35.51,8.3,so-ups.ru,false,
2024-06-21 00:00:00,Russia,Europe-Ural,RU,375.44,342.92,34.73,7.36,so-ups.ru,false,
2024-06-21 01:00:00,Russia,Europe-Ural,RU,376.7,344.19,34.51,7.49,so-ups.ru,false,
2024-06-21 02:00:00,Russia,Europe-Ural,RU,380.2,348.01,33.94,8.1,so-ups.ru,false,
2024-06-21 03:00:00,Russia,Europe-Ural,RU,382.46,350.52,33.55,9.41,so-ups.ru,false,
2024-06-21 04:00:00,Russia,Europe-Ural,RU,382.2,349.34,33.55,9.92,so-ups.ru,false,
2024-06-21 05:00:00,Russia,Europe-Ural,RU,383.69,351.08,33.29,10.8,so-ups.ru,false,
2024-06-21 06:00:00,Russia,Europe-Ural,RU,386.57,354.17,32.82,10.66,so-ups.ru,false,
2024-06-21 07:00:00,Russia,Europe-Ural,RU,383.48,351.18,33.35,11.16,so-ups.ru,false,
2024-06-21 08:00:00,Russia,Europe-Ural,RU,379.82,348.13,33.98,11.91,so-ups.ru,false,
2024-06-21 09:00:00,Russia,Europe-Ural,RU,380.13,347.58,33.9,11.65,so-ups.ru,false,
2024-06-21 10:00:00,Russia,Europe-Ural,RU,378.86,346.49,34.12,11.83,so-ups.ru,false,
2024-06-21 11:00:00,Russia,Europe-Ural,RU,380.87,348.68,33.81,11.43,so-ups.ru,false,
2024-06-21 12:00:00,Russia,Europe-Ural,RU,384.6,351.99,33.17,10.83,so-ups.ru,false,
2024-06-21 13:00:00,Russia,Europe-Ural,RU,385.61,352.83,32.99,10.48,so-ups.ru,false,
2024-06-21 14:00:00,Russia,Europe-Ural,RU,383.41,350.84,33.38,10.61,so-ups.ru,false,
2024-06-21 15:00:00,Russia,Europe-Ural,RU,381.69,349.22,33.67,10.61,so-ups.ru,false,
2024-06-21 16:00:00,Russia,Europe-Ural,RU,379.62,347.79,34.05,11.03,so-ups.ru,false,
2024-06-21 17:00:00,Russia,Europe-Ural,RU,377.98,346.73,34.34,11.1,so-ups.ru,false,
2024-06-21 18:00:00,Russia,Europe-Ural,RU,374.5,343.77,34.95,11.2,so-ups.ru,false,
2024-06-21 19:00:00,Russia,Europe-Ural,RU,369.71,339.63,35.81,10.84,so-ups.ru,false,
2024-06-21 20:00:00,Russia,Europe-Ural,RU,365.86,334.63,36.38,9.89,so-ups.ru,false,
2024-06-21 21:00:00,Russia,Europe-Ural,RU,375.01,342.35,34.78,7.72,so-ups.ru,false,
2024-06-21 22:00:00,Russia,Europe-Ural,RU,373.37,341.22,35.03,7.65,so-ups.ru,false,
2024-06-21 23:00:00,Russia,Europe-Ural,RU,371.94,339.84,35.31,7.79,so-ups.ru,false,
2024-06-22 00:00:00,Russia,Europe-Ural,RU,372.31,340.18,35.25,7.71,so-ups.ru,false,
2024-06-22 01:00:00,Russia,Europe-Ural,RU,373.75,341.19,35.0,7.56,so-ups.ru,false,
2024-06-22 02:00:00,Russia,Europe-Ural,RU,378.06,345.01,34.25,7.57,so-ups.ru,false,
2024-06-22 03:00:00,Russia,Europe-Ural,RU,371.21,339.79,35.47,10.18,so-ups.ru,false,
2024-06-22 04:00:00,Russia,Europe-Ural,RU,378.16,345.64,34.24,10.12,so-ups.ru,false,
2024-06-22 05:00:00,Russia,Europe-Ural,RU,384.45,351.48,33.16,10.29,so-ups.ru,false,
2024-06-22 06:00:00,Russia,Europe-Ural,RU,383.44,351.31,33.37,11.43,so-ups.ru,false,
2024-06-22 07:00:00,Russia,Europe-Ural,RU,377.37,345.92,34.42,12.54,so-ups.ru,false,
2024-06-22 08:00:00,Russia,Europe-Ural,RU,377.78,346.27,34.33,12.22,so-ups.ru,false,
2024-06-22 09:00:00,Russia,Europe-Ural,RU,374.34,343.04,34.91,12.2,so-ups.ru,false,
2024-06-22 10:00:00,Russia,Europe-Ural,RU,376.01,344.65,34.65,12.06,so-ups.ru,false,
2024-06-22 11:00:00,Russia,Europe-Ural,RU,376.24,344.59,34.61,11.84,so-ups.ru,false,
2024-06-22 12:00:00,Russia,Europe-Ural,RU,380.01,347.86,33.95,11.06,so-ups.ru,false,
2024-06-22 13:00:00,Russia,Europe-Ural,RU,380.61,348.69,33.85,11.11,so-ups.ru,false,
2024-06-22 14:00:00,Russia,Europe-Ural,RU,380.38,348.14,33.89,10.97,so-ups.ru,false,
2024-06-22 15:00:00,Russia,Europe-Ural,RU,380.93,348.35,33.79,10.68,so-ups.ru,false,
2024-06-22 16:00:00,Russia,Europe-Ural,RU,382.81,350.53,33.49,10.3,so-ups.ru,false,
2024-06-22 17:00:00,Russia,Europe-Ural,RU,381.23,349.28,33.77,10.58,so-ups.ru,false,
2024-06-22 18:00:00,Russia,Europe-Ural,RU,381.55,349.21,33.68,9.97,so-ups.ru,false,
2024-06-22 19:00:00,Russia,Europe-Ural,RU,376.52,345.07,34.59,9.67,so-ups.ru,false,
2024-06-22 20:00:00,Russia,Europe-Ural,RU,374.13,343.06,35.02,8.94,so-ups.ru,false,
2024-06-22 21:00:00,Russia,Europe-Ural,RU,370.93,338.92,35.5,8.27,so-ups.ru,false,
2024-06-22 22:00:00,Russia,Europe-Ural,RU,368.91,337.1,35.85,7.97,so-ups.ru,false,
2024-06-22 23:00:00,Russia,Europe-Ural,RU,365.48,334.38,36.41,8.21,so-ups.ru,false,
2024-06-23 00:00:00,Russia,Europe-Ural,RU,363.48,332.47,36.79,8.28,so-ups.ru,false,
2024-06-23 01:00:00,Russia,Europe-Ural,RU,363.69,332.45,36.76,8.21,so-ups.ru,false,
2024-06-23 02:00:00,Russia,Europe-Ural,RU,367.97,336.23,36.01,8.24,so-ups.ru,false,
2024-06-23 03:00:00,Russia,Europe-Ural,RU,363.5,332.63,36.79,10.11,so-ups.ru,false,
2024-06-23 04:00:00,Russia,Europe-Ural,RU,371.11,339.32,35.46,10.02,so-ups.ru,false,
2024-06-23 05:00:00,Russia,Europe-Ural,RU,375.82,343.75,34.65,10.32,so-ups.ru,false,
2024-06-23 06:00:00,Russia,Europe-Ural,RU,378.58,346.71,34.2,10.72,so-ups.ru,false,
2024-06-23 07:00:00,Russia,Europe-Ural,RU,377.33,345.48,34.41,11.24,so-ups.ru,false,
2024-06-23 08:00:00,Russia,Europe-Ural,RU,377.16,345.27,34.42,11.12,so-ups.ru,false,
2024-06-23 09:00:00,Russia,Europe-Ural,RU,375.19,343.73,34.79,11.56,so-ups.ru,false,
2024-06-23 10:00:00,Russia,Europe-Ural,RU,376.44,344.85,34.56,11.33,so-ups.ru,false,
2024-06-23 11:00:00,Russia,Europe-Ural,RU,375.57,343.87,34.71,11.52,so-ups.ru,false,
2024-06-23 12:00:00,Russia,Europe-Ural,RU,375.04,343.35,34.79,11.74,so-ups.ru,false,
2024-06-23 13:00:00,Russia,Europe-Ural,RU,376.12,344.15,34.58,11.46,so-ups.ru,false,
2024-06-23 14:00:00,Russia,Europe-Ural,RU,374.44,342.73,34.91,11.57,so-ups.ru,false,
2024-06-23 15:00:00,Russia,Europe-Ural,RU,375.38,343.65,34.76,11.47,so-ups.ru,false,
2024-06-23 16:00:00,Russia,Europe-Ural,RU,375.28,343.65,34.77,11.34,so-ups.ru,false,
2024-06-23 17:00:00,Russia,Europe-Ural,RU,377.22,345.44,34.44,11.08,so-ups.ru,false,
2024-06-23 18:00:00,Russia,Europe-Ural,RU,380.51,348.26,33.88,10.07,so-ups.ru,false,
2024-06-23 19:00:00,Russia,Europe-Ural,RU,375.58,343.78,34.72,9.47,so-ups.ru,false,
2024-06-23 20:00:00,Russia,Europe-Ural,RU,378.86,345.7,34.11,7.65,so-ups.ru,false,
2024-06-23 21:00:00,Russia,Europe-Ural,RU,366.64,335.32,36.23,8.72,so-ups.ru,false,
2024-06-23 22:00:00,Russia,Europe-Ural,RU,366.41,334.99,36.27,8.2,so-ups.ru,false,
2024-06-23 23:00:00,Russia,Europe-Ural,RU,366.26,334.9,36.3,7.88,so-ups.ru,false,
2024-06-24 00:00:00,Russia,Europe-Ural,RU,367.91,336.15,35.99,7.71,so-ups.ru,false,
2024-06-24 01:00:00,Russia,Europe-Ural,RU,366.97,335.37,36.17,8.24,so-ups.ru,false,
2024-06-24 02:00:00,Russia,Europe-Ural,RU,375.09,342.69,34.77,8.16,so-ups.ru,false,
2024-06-24 03:00:00,Russia,Europe-Ural,RU,378.04,346.09,34.3,9.44,so-ups.ru,false,
2024-06-24 04:00:00,Russia,Europe-Ural,RU,387.22,354.11,32.71,9.3,so-ups.ru,false,
2024-06-24 05:00:00,Russia,Europe-Ural,RU,392.29,358.52,31.8,9.78,so-ups.ru,false,
2024-06-24 06:00:00,Russia,Europe-Ural,RU,392.01,358.87,31.9,10.46,so-ups.ru,false,
2024-06-24 07:00:00,Russia,Europe-Ural,RU,387.38,354.95,32.7,11.48,so-ups.ru,false,
2024-06-24 08:00:00,Russia,Europe-Ural,RU,387.53,354.99,32.67,11.31,so-ups.ru,false,
2024-06-24 09:00:00,Russia,Europe-Ural,RU,386.34,354.02,32.88,11.62,so-ups.ru,false,
2024-06-24 10:00:00,Russia,Europe-Ural,RU,387.9,355.89,32.63,11.37,so-ups.ru,false,
2024-06-24 11:00:00,Russia,Europe-Ural,RU,387.7,355.74,32.68,11.34,so-ups.ru,false,
2024-06-24 12:00:00,Russia,Europe-Ural,RU,392.15,359.48,31.91,10.46,so-ups.ru,false,
2024-06-24 13:00:00,Russia,Europe-Ural,RU,393.33,360.18,31.69,10.03,so-ups.ru,false,
2024-06-24 14:00:00,Russia,Europe-Ural,RU,393.87,360.44,31.59,9.71,so-ups.ru,false,
2024-06-24 15:00:00,Russia,Europe-Ural,RU,392.86,359.57,31.76,9.47,so-ups.ru,false,
2024-06-24 16:00:00,Russia,Europe-Ural,RU,390.25,357.16,32.2,9.69,so-ups.ru,false,
2024-06-24 17:00:00,Russia,Europe-Ural,RU,389.2,356.27,32.39,9.62,so-ups.ru,false,
2024-06-24 18:00:00,Russia,Europe-Ural,RU,387.16,354.77,32.76,9.38,so-ups.ru,false,
2024-06-24 19:00:00,Russia,Europe-Ural,RU,380.91,349.45,33.87,9.05,so-ups.ru,false,
2024-06-24 20:00:00,Russia,Europe-Ural,RU,382.56,349.83,33.53,7.12,so-ups.ru,false,
2024-06-24 21:00:00,Russia,Europe-Ural,RU,368.46,337.13,35.93,8.57,so-ups.ru,false,
2024-06-24 22:00:00,Russia,Europe-Ural,RU,366.94,335.32,36.2,8.06,so-ups.ru,false,
2024-06-24 23:00:00,Russia,Europe-Ural,RU,366.8,335.38,36.22,7.66,so-ups.ru,false,
2024-06-25 00:00:00,Russia,Europe-Ural,RU,368.64,337.14,35.91,7.32,so-ups.ru,false,
2024-06-25 01:00:00,Russia,Europe-Ural,RU,371.58,339.82,35.41,7.33,so-ups.ru,false,
2024-06-25 02:00:00,Russia,Europe-Ural,RU,375.94,343.8,34.66,7.58,so-ups.ru,false,
2024-06-25 03:00:00,Russia,Europe-Ural,RU,372.89,341.48,35.19,9.68,so-ups.ru,false,
2024-06-25 04:00:00,Russia,Europe-Ural,RU,380.03,347.79,33.95,9.87,so-ups.ru,false,
2024-06-25 05:00:00,Russia,Europe-Ural,RU,384.91,352.42,33.11,10.42,so-ups.ru,false,
2024-06-25 06:00:00,Russia,Europe-Ural,RU,382.73,350.82,33.52,11.35,so-ups.ru,false,
2024-06-25 07:00:00,Russia,Europe-Ural,RU,380.76,349.11,33.86,11.7,so-ups.ru,false,
2024-06-25 08:00:00,Russia,Europe-Ural,RU,380.06,348.87,34.0,11.89,so-ups.ru,false,
2024-06-25 09:00:00,Russia,Europe-Ural,RU,380.06,348.94,33.97,11.86,so-ups.ru,false,
2024-06-25 10:00:00,Russia,Europe-Ural,RU,380.04,348.82,33.99,11.97,so-ups.ru,false,
2024-06-25 11:00:00,Russia,Europe-Ural,RU,382.3,351.1,33.62,11.58,so-ups.ru,false,
2024-06-25 12:00:00,Russia,Europe-Ural,RU,386.53,354.77,32.9,10.63,so-ups.ru,false,
2024-06-25 13:00:00,Russia,Europe-Ural,RU,387.03,355.25,32.82,10.3,so-ups.ru,false,
2024-06-25 14:00:00,Russia,Europe-Ural,RU,387.09,354.89,32.79,9.98,so-ups.ru,false,
2024-06-25 15:00:00,Russia,Europe-Ural,RU,386.96,354.44,32.78,9.67,so-ups.ru,false,
2024-06-25 16:00:00,Russia,Europe-Ural,RU,385.94,353.81,32.96,9.68,so-ups.ru,false,
2024-06-25 17:00:00,Russia,Europe-Ural,RU,385.29,353.46,33.08,9.81,so-ups.ru,false,
2024-06-25 18:00:00,Russia,Europe-Ural,RU,382.25,350.86,33.63,9.73,so-ups.ru,false,
2024-06-25 19:00:00,Russia,Europe-Ural,RU,376.3,345.48,34.67,9.5,so-ups.ru,false,
2024-06-25 20:00:00,Russia,Europe-Ural,RU,368.86,337.99,35.91,9.02,so-ups.ru,false,
2024-06-25 21:00:00,Russia,Europe-Ural,RU,367.71,336.7,36.1,8.37,so-ups.ru,false,
2024-06-25 22:00:00,Russia,Europe-Ural,RU,363.73,332.68,36.74,8.31,so-ups.ru,false,
2024-06-25 23:00:00,Russia,Europe-Ural,RU,363.29,332.5,36.83,8.28,so-ups.ru,false,
2024-06-26 00:00:00,Russia,Europe-Ural,RU,364.71,333.45,36.57,8.21,so-ups.ru,false,
2024-06-26 01:00:00,Russia,Europe-Ural,RU,366.49,335.08,36.25,8.24,so-ups.ru,false,
2024-06-26 02:00:00,Russia,Europe-Ural,RU,372.72,340.65,35.17,8.18,so-ups.ru,false,
2024-06-26 03:00:00,Russia,Europe-Ural,RU,376.37,345.06,34.6,9.54,so-ups.ru,false,
2024-06-26 04:00:00,Russia,Europe-Ural,RU,381.66,349.76,33.69,9.8,so-ups.ru,false,
2024-06-26 05:00:00,Russia,Europe-Ural,RU,383.52,351.63,33.34,10.5,so-ups.ru,false,
2024-06-26 06:00:00,Russia,Europe-Ural,RU,382.14,351.05,33.61,11.56,so-ups.ru,false,
2024-06-26 07:00:00,Russia,Europe-Ural,RU,380.13,349.38,34.0,12.07,so-ups.ru,false,
2024-06-26 08:00:00,Russia,Europe-Ural,RU,379.01,347.86,34.15,11.88,so-ups.ru,false,
2024-06-26 09:00:00,Russia,Europe-Ural,RU,379.04,348.54,34.19,12.1,so-ups.ru,false,
2024-06-26 10:00:00,Russia,Europe-Ural,RU,379.55,349.2,34.13,12.25,so-ups.ru,false,
2024-06-26 11:00:00,Russia,Europe-Ural,RU,381.0,350.3,33.88,11.79,so-ups.ru,false,
2024-06-26 12:00:00,Russia,Europe-Ural,RU,384.26,353.53,33.33,11.27,so-ups.ru,false,
2024-06-26 13:00:00,Russia,Europe-Ural,RU,385.49,354.1,33.08,10.69,so-ups.ru,false,
2024-06-26 14:00:00,Russia,Europe-Ural,RU,385.4,353.97,33.11,10.49,so-ups.ru,false,
2024-06-26 15:00:00,Russia,Europe-Ural,RU,387.69,355.92,32.71,9.82,so-ups.ru,false,
2024-06-26 16:00:00,Russia,Europe-Ural,RU,385.5,353.92,33.05,9.93,so-ups.ru,false,
2024-06-26 17:00:00,Russia,Europe-Ural,RU,385.01,353.52,33.13,9.88,so-ups.ru,false,
2024-06-26 18:00:00,Russia,Europe-Ural,RU,381.71,350.74,33.7,9.82,so-ups.ru,false,
2024-06-26 19:00:00,Russia,Europe-Ural,RU,375.69,345.73,34.82,9.81,so-ups.ru,false,
2024-06-26 20:00:00,Russia,Europe-Ural,RU,372.93,342.52,35.26,8.6,so-ups.ru,false,
2024-06-26 21:00:00,Russia,Europe-Ural,RU,368.17,337.83,36.06,8.25,so-ups.ru,false,
2024-06-26 22:00:00,Russia,Europe-Ural,RU,362.45,332.49,37.03,8.37,so-ups.ru,false,
2024-06-26 23:00:00,Russia,Europe-Ural,RU,360.5,330.5,37.35,8.31,so-ups.ru,false,
2024-06-27 00:00:00,Russia,Europe-Ural,RU,361.47,331.36,37.18,8.29,so-ups.ru,false,
2024-06-27 01:00:00,Russia,Europe-Ural,RU,362.38,332.21,37.04,8.3,so-ups.ru,false,
2024-06-27 02:00:00,Russia,Europe-Ural,RU,368.98,338.69,35.93,8.62,so-ups.ru,false,
2024-06-27 03:00:00,Russia,Europe-Ural,RU,369.61,339.98,35.84,10.09,so-ups.ru,false,
2024-06-27 04:00:00,Russia,Europe-Ural,RU,377.26,346.35,34.49,9.97,so-ups.ru,false,
2024-06-27 05:00:00,Russia,Europe-Ural,RU,382.2,350.97,33.62,10.33,so-ups.ru,false,
2024-06-27 06:00:00,Russia,Europe-Ural,RU,381.12,350.63,33.86,11.19,so-ups.ru,false,
2024-06-27 07:00:00,Russia,Europe-Ural,RU,377.41,347.36,34.51,12.03,so-ups.ru,false,
2024-06-27 08:00:00,Russia,Europe-Ural,RU,377.59,347.37,34.47,11.93,so-ups.ru,false,
2024-06-27 09:00:00,Russia,Europe-Ural,RU,380.0,349.57,34.06,11.71,so-ups.ru,false,
2024-06-27 10:00:00,Russia,Europe-Ural,RU,379.98,349.31,34.06,11.6,so-ups.ru,false,
2024-06-27 11:00:00,Russia,Europe-Ural,RU,380.81,350.13,33.92,11.42,so-ups.ru,false,
2024-06-27 12:00:00,Russia,Europe-Ural,RU,387.1,355.58,32.81,10.26,so-ups.ru,false,
2024-06-27 13:00:00,Russia,Europe-Ural,RU,386.23,354.76,32.98,10.12,so-ups.ru,false,
2024-06-27 14:00:00,Russia,Europe-Ural,RU,384.85,353.6,33.22,10.04,so-ups.ru,false,
2024-06-27 15:00:00,Russia,Europe-Ural,RU,383.53,352.46,33.46,10.07,so-ups.ru,false,
2024-06-27 16:00:00,Russia,Europe-Ural,RU,380.7,349.64,33.93,10.16,so-ups.ru,false,
2024-06-27 17:00:00,Russia,Europe-Ural,RU,381.83,350.9,33.75,9.92,so-ups.ru,false,
2024-06-27 18:00:00,Russia,Europe-Ural,RU,376.84,346.61,34.61,10.1,so-ups.ru,false,
2024-06-27 19:00:00,Russia,Europe-Ural,RU,368.85,339.87,36.03,10.12,so-ups.ru,false,
2024-06-27 20:00:00,Russia,Europe-Ural,RU,366.33,336.48,36.4,8.63,so-ups.ru,false,
2024-06-27 21:00:00,Russia,Europe-Ural,RU,361.44,331.31,37.19,8.47,so-ups.ru,false,
2024-06-27 22:00:00,Russia,Europe-Ural,RU,357.49,327.35,37.85,8.48,so-ups.ru,false,
2024-06-27 23:00:00,Russia,Europe-Ural,RU,355.0,324.81,38.26,8.52,so-ups.ru,false,
2024-06-28 00:00:00,Russia,Europe-Ural,RU,359.59,329.47,37.51,8.0,so-ups.ru,false,
2024-06-28 01:00:00,Russia,Europe-Ural,RU,360.78,331.1,37.33,8.34,so-ups.ru,false,
2024-06-28 02:00:00,Russia,Europe-Ural,RU,365.31,335.5,36.57,8.75,so-ups.ru,false,
2024-06-28 03:00:00,Russia,Europe-Ural,RU,367.15,338.61,36.33,10.25,so-ups.ru,false,
2024-06-28 04:00:00,Russia,Europe-Ural,RU,374.79,344.5,34.92,10.11,so-ups.ru,false,
2024-06-28 05:00:00,Russia,Europe-Ural,RU,381.47,350.38,33.75,10.37,so-ups.ru,false,
2024-06-28 06:00:00,Russia,Europe-Ural,RU,378.19,347.29,34.32,11.42,so-ups.ru,false,
2024-06-28 07:00:00,Russia,Europe-Ural,RU,377.01,346.47,34.53,11.75,so-ups.ru,false,
2024-06-28 08:00:00,Russia,Europe-Ural,RU,377.21,346.89,34.52,11.66,so-ups.ru,false,
2024-06-28 09:00:00,Russia,Europe-Ural,RU,376.5,345.85,34.61,11.76,so-ups.ru,false,
2024-06-28 10:00:00,Russia,Europe-Ural,RU,375.88,345.57,34.73,12.09,so-ups.ru,false,
2024-06-28 11:00:00,Russia,Europe-Ural,RU,378.89,348.12,34.21,11.41,so-ups.ru,false,
2024-06-28 12:00:00,Russia,Europe-Ural,RU,383.47,352.25,33.44,10.57,so-ups.ru,false,
2024-06-28 13:00:00,Russia,Europe-Ural,RU,384.72,353.15,33.21,10.09,so-ups.ru,false,
2024-06-28 14:00:00,Russia,Europe-Ural,RU,384.86,353.1,33.18,9.85,so-ups.ru,false,
2024-06-28 15:00:00,Russia,Europe-Ural,RU,385.04,352.61,33.12,9.58,so-ups.ru,false,
2024-06-28 16:00:00,Russia,Europe-Ural,RU,384.05,352.13,33.29,9.7,so-ups.ru,false,
2024-06-28 17:00:00,Russia,Europe-Ural,RU,383.73,352.08,33.36,9.72,so-ups.ru,false,
2024-06-28 18:00:00,Russia,Europe-Ural,RU,382.54,351.22,33.57,9.46,so-ups.ru,false,
2024-06-28 19:00:00,Russia,Europe-Ural,RU,372.66,343.01,35.34,9.74,so-ups.ru,false,
2024-06-28 20:00:00,Russia,Europe-Ural,RU,367.96,337.9,36.11,8.85,so-ups.ru,false,
2024-06-28 21:00:00,Russia,Europe-Ural,RU,365.85,335.86,36.47,8.47,so-ups.ru,false,
2024-06-28 22:00:00,Russia,Europe-Ural,RU,362.06,331.77,37.08,8.48,so-ups.ru,false,
2024-06-28 23:00:00,Russia,Europe-Ural,RU,360.82,330.54,37.29,8.25,so-ups.ru,false,
2024-06-29 00:00:00,Russia,Europe-Ural,RU,360.46,331.35,37.38,8.34,so-ups.ru,false,
2024-06-29 01:00:00,Russia,Europe-Ural,RU,361.11,332.22,37.33,8.6,so-ups.ru,false,
2024-06-29 02:00:00,Russia,Europe-Ural,RU,365.68,335.92,36.48,8.47,so-ups.ru,false,
2024-06-29 03:00:00,Russia,Europe-Ural,RU,364.57,335.16,36.68,10.12,so-ups.ru,false,
2024-06-29 04:00:00,Russia,Europe-Ural,RU,371.15,340.96,35.55,10.32,so-ups.ru,false,
2024-06-29 05:00:00,Russia,Europe-Ural,RU,377.88,346.58,34.35,10.39,so-ups.ru,false,
2024-06-29 06:00:00,Russia,Europe-Ural,RU,376.95,345.93,34.51,11.32,so-ups.ru,false,
2024-06-29 07:00:00,Russia,Europe-Ural,RU,374.32,343.41,34.94,12.11,so-ups.ru,false,
2024-06-29 08:00:00,Russia,Europe-Ural,RU,375.88,344.94,34.67,11.85,so-ups.ru,false,
2024-06-29 09:00:00,Russia,Europe-Ural,RU,375.98,345.06,34.66,11.91,so-ups.ru,false,
2024-06-29 10:00:00,Russia,Europe-Ural,RU,376.7,345.26,34.54,11.79,so-ups.ru,false,
2024-06-29 11:00:00,Russia,Europe-Ural,RU,377.28,345.54,34.43,11.56,so-ups.ru,false,
2024-06-29 12:00:00,Russia,Europe-Ural,RU,381.09,349.33,33.8,11.0,so-ups.ru,false,
2024-06-29 13:00:00,Russia,Europe-Ural,RU,382.79,351.19,33.51,10.67,so-ups.ru,false,
2024-06-29 14:00:00,Russia,Europe-Ural,RU,382.92,351.24,33.48,10.59,so-ups.ru,false,
2024-06-29 15:00:00,Russia,Europe-Ural,RU,387.3,354.97,32.72,9.84,so-ups.ru,false,
2024-06-29 16:00:00,Russia,Europe-Ural,RU,385.05,352.82,33.1,9.96,so-ups.ru,false,
2024-06-29 17:00:00,Russia,Europe-Ural,RU,385.84,353.78,32.98,9.74,so-ups.ru,false,
2024-06-29 18:00:00,Russia,Europe-Ural,RU,384.97,353.06,33.14,9.37,so-ups.ru,false,
2024-06-29 19:00:00,Russia,Europe-Ural,RU,378.33,347.32,34.3,9.27,so-ups.ru,false,
2024-06-29 20:00:00,Russia,Europe-Ural,RU,374.78,343.87,34.91,8.64,so-ups.ru,false,
2024-06-29 21:00:00,Russia,Europe-Ural,RU,367.29,335.9,36.14,8.47,so-ups.ru,false,
2024-06-29 22:00:00,Russia,Europe-Ural,RU,363.37,332.68,36.84,8.55,so-ups.ru,false,
2024-06-29 23:00:00,Russia,Europe-Ural,RU,363.05,334.18,36.98,8.62,so-ups.ru,false,
2024-06-30 00:00:00,Russia,Europe-Ural,RU,360.0,329.85,37.43,8.48,so-ups.ru,false,
2024-06-30 01:00:00,Russia,Europe-Ural,RU,360.78,330.17,37.27,8.17,so-ups.ru,false,
2024-06-30 02:00:00,Russia,Europe-Ural,RU,361.81,331.54,37.11,8.67,so-ups.ru,false,
2024-06-30 03:00:00,Russia,Europe-Ural,RU,357.66,328.59,37.84,10.58,so-ups.ru,false,
2024-06-30 04:00:00,Russia,Europe-Ural,RU,364.62,334.71,36.61,10.68,so-ups.ru,false,
2024-06-30 05:00:00,Russia,Europe-Ural,RU,372.84,341.69,35.17,10.61,so-ups.ru,false,
2024-06-30 06:00:00,Russia,Europe-Ural,RU,377.41,345.49,34.4,10.56,so-ups.ru,false,
2024-06-30 07:00:00,Russia,Europe-Ural,RU,376.68,345.13,34.51,11.15,so-ups.ru,false,
2024-06-30 08:00:00,Russia,Europe-Ural,RU,376.81,345.14,34.49,11.19,so-ups.ru,false,
2024-06-30 09:00:00,Russia,Europe-Ural,RU,376.76,344.82,34.49,11.22,so-ups.ru,false,
2024-06-30 10:00:00,Russia,Europe-Ural,RU,375.97,343.83,34.62,11.47,so-ups.ru,false,
2024-06-30 11:00:00,Russia,Europe-Ural,RU,377.45,345.08,34.36,11.31,so-ups.ru,false,
2024-06-30 12:00:00,Russia,Europe-Ural,RU,378.9,346.27,34.11,11.12,so-ups.ru,false,
2024-06-30 13:00:00,Russia,Europe-Ural,RU,380.15,347.97,33.92,11.06,so-ups.ru,false,
2024-06-30 14:00:00,Russia,Europe-Ural,RU,383.32,350.8,33.39,10.74,so-ups.ru,false,
2024-06-30 15:00:00,Russia,Europe-Ural,RU,384.75,351.58,33.1,10.33,so-ups.ru,false,
2024-06-30 16:00:00,Russia,Europe-Ural,RU,381.69,348.82,33.64,10.51,so-ups.ru,false,
2024-06-30 17:00:00,Russia,Europe-Ural,RU,384.42,352.4,33.24,10.23,so-ups.ru,false,
2024-06-30 18:00:00,Russia,Europe-Ural,RU,386.56,354.35,32.86,9.35,so-ups.ru,false,
2024-06-30 19:00:00,Russia,Europe-Ural,RU,378.62,347.08,34.23,9.21,so-ups.ru,false,
2024-06-30 20:00:00,Russia,Europe-Ural,RU,375.23,343.1,34.75,8.14,so-ups.ru,false,
2024-06-30 21:00:00,Russia,Europe-Ural,RU,367.73,336.12,36.03,8.23,so-ups.ru,false,
2024-06-30 22:00:00,Russia,Europe-Ural,RU,363.75,332.62,36.75,8.2,so-ups.ru,false,
2024-06-30 23:00:00,Russia,Europe-Ural,RU,360.83,330.09,37.26,8.31,so-ups.ru,false,
2024-07-01 00:00:00,Russia,Europe-Ural,RU,365.27,333.98,36.48,8.37,so-ups.ru,false,
2024-07-01 01:00:00,Russia,Europe-Ural,RU,368.98,337.38,35.84,8.37,so-ups.ru,false,
2024-07-01 02:00:00,Russia,Europe-Ural,RU,375.44,343.17,34.72,8.4,so-ups.ru,false,
2024-07-01 03:00:00,Russia,Europe-Ural,RU,376.77,344.5,34.49,9.8,so-ups.ru,false,
2024-07-01 04:00:00,Russia,Europe-Ural,RU,383.45,351.31,33.37,10.34,so-ups.ru,false,
2024-07-01 05:00:00,Russia,Europe-Ural,RU,390.38,357.84,32.2,10.57,so-ups.ru,false,
2024-07-01 06:00:00,Russia,Europe-Ural,RU,388.12,355.67,32.55,11.3,so-ups.ru,false,
2024-07-01 07:00:00,Russia,Europe-Ural,RU,384.49,352.39,33.21,11.47,so-ups.ru,false,
2024-07-01 08:00:00,Russia,Europe-Ural,RU,388.77,355.76,32.44,11.29,so-ups.ru,false,
2024-07-01 09:00:00,Russia,Europe-Ural,RU,388.35,355.45,32.51,11.67,so-ups.ru,false,
2024-07-01 10:00:00,Russia,Europe-Ural,RU,392.08,358.56,31.86,11.04,so-ups.ru,false,
2024-07-01 11:00:00,Russia,Europe-Ural,RU,391.31,358.29,32.02,11.42,so-ups.ru,false,
2024-07-01 12:00:00,Russia,Europe-Ural,RU,399.11,364.56,30.64,9.94,so-ups.ru,false,
2024-07-01 13:00:00,Russia,Europe-Ural,RU,397.53,363.07,30.9,9.8,so-ups.ru,false,
2024-07-01 14:00:00,Russia,Europe-Ural,RU,397.48,363.66,30.97,9.7,so-ups.ru,false,
2024-07-01 15:00:00,Russia,Europe-Ural,RU,399.45,365.4,30.63,9.29,so-ups.ru,false,
2024-07-01 16:00:00,Russia,Europe-Ural,RU,396.29,362.36,31.16,9.35,so-ups.ru,false,
2024-07-01 17:00:00,Russia,Europe-Ural,RU,390.86,357.89,32.11,10.23,so-ups.ru,false,
2024-07-01 18:00:00,Russia,Europe-Ural,RU,388.52,355.89,32.47,9.8,so-ups.ru,false,
2024-07-01 19:00:00,Russia,Europe-Ural,RU,375.64,344.16,34.74,10.58,so-ups.ru,false,
2024-07-01 20:00:00,Russia,Europe-Ural,RU,375.6,343.08,34.67,8.9,so-ups.ru,false,
2024-07-01 21:00:00,Russia,Europe-Ural,RU,378.27,345.24,34.2,7.06,so-ups.ru,false,
2024-07-01 22:00:00,Russia,Europe-Ural,RU,375.39,342.63,34.71,6.81,so-ups.ru,false,
2024-07-01 23:00:00,Russia,Europe-Ural,RU,377.1,344.05,34.41,6.36,so-ups.ru,false,
2024-07-02 00:00:00,Russia,Europe-Ural,RU,375.05,342.65,34.74,6.85,so-ups.ru,false,
2024-07-02 01:00:00,Russia,Europe-Ural,RU,376.63,343.72,34.49,6.75,so-ups.ru,false,
2024-07-02 02:00:00,Russia,Europe-Ural,RU,379.7,346.57,33.98,7.09,so-ups.ru,false,
2024-07-02 03:00:00,Russia,Europe-Ural,RU,378.13,346.04,34.28,9.26,so-ups.ru,false,
2024-07-02 04:00:00,Russia,Europe-Ural,RU,388.14,354.79,32.54,9.14,so-ups.ru,false,
2024-07-02 05:00:00,Russia,Europe-Ural,RU,387.43,354.3,32.65,10.65,so-ups.ru,false,
2024-07-02 06:00:00,Russia,Europe-Ural,RU,387.96,355.21,32.59,11.3,so-ups.ru,false,
2024-07-02 07:00:00,Russia,Europe-Ural,RU,384.09,351.83,33.25,12.26,so-ups.ru,false,
2024-07-02 08:00:00,Russia,Europe-Ural,RU,386.8,354.03,32.77,12.04,so-ups.ru,false,
2024-07-02 09:00:00,Russia,Europe-Ural,RU,386.94,354.48,32.76,12.14,so-ups.ru,false,
2024-07-02 10:00:00,Russia,Europe-Ural,RU,386.96,354.35,32.74,12.12,so-ups.ru,false,
2024-07-02 11:00:00,Russia,Europe-Ural,RU,386.1,354.15,32.94,12.47,so-ups.ru,false,
2024-07-02 12:00:00,Russia,Europe-Ural,RU,393.89,360.62,31.57,11.06,so-ups.ru,false,
2024-07-02 13:00:00,Russia,Europe-Ural,RU,393.23,360.11,31.7,11.02,so-ups.ru,false,
2024-07-02 14:00:00,Russia,Europe-Ural,RU,393.62,360.63,31.64,10.88,so-ups.ru,false,
2024-07-02 15:00:00,Russia,Europe-Ural,RU,391.91,359.15,31.94,10.84,so-ups.ru,false,
2024-07-02 16:00:00,Russia,Europe-Ural,RU,388.94,356.62,32.46,10.83,so-ups.ru,false,
2024-07-02 17:00:00,Russia,Europe-Ural,RU,388.73,356.75,32.51,11.0,so-ups.ru,false,
2024-07-02 18:00:00,Russia,Europe-Ural,RU,389.41,357.17,32.39,10.15,so-ups.ru,false,
2024-07-02 19:00:00,Russia,Europe-Ural,RU,381.35,349.27,33.76,10.04,so-ups.ru,false,
2024-07-02 20:00:00,Russia,Europe-Ural,RU,386.05,352.9,32.93,7.52,so-ups.ru,false,
2024-07-02 21:00:00,Russia,Europe-Ural,RU,386.98,353.34,32.75,6.41,so-ups.ru,false,
2024-07-02 22:00:00,Russia,Europe-Ural,RU,386.18,351.91,32.84,5.78,so-ups.ru,false,
2024-07-02 23:00:00,Russia,Europe-Ural,RU,381.76,348.23,33.59,6.12,so-ups.ru,false,
2024-07-03 00:00:00,Russia,Europe-Ural,RU,382.18,349.05,33.57,6.15,so-ups.ru,false,
2024-07-03 01:00:00,Russia,Europe-Ural,RU,383.68,350.63,33.33,6.46,so-ups.ru,false,
2024-07-03 02:00:00,Russia,Europe-Ural,RU,384.52,351.66,33.19,7.08,so-ups.ru,false,
2024-07-03 03:00:00,Russia,Europe-Ural,RU,384.44,352.33,33.23,8.82,so-ups.ru,false,
2024-07-03 04:00:00,Russia,Europe-Ural,RU,382.24,350.47,33.6,10.76,so-ups.ru,false,
2024-07-03 05:00:00,Russia,Europe-Ural,RU,390.61,357.56,32.13,10.67,so-ups.ru,false,
2024-07-03 06:00:00,Russia,Europe-Ural,RU,389.36,356.53,32.32,11.39,so-ups.ru,false,
2024-07-03 07:00:00,Russia,Europe-Ural,RU,387.0,354.31,32.74,11.97,so-ups.ru,false,
2024-07-03 08:00:00,Russia,Europe-Ural,RU,386.91,354.58,32.78,11.98,so-ups.ru,false,
2024-07-03 09:00:00,Russia,Europe-Ural,RU,386.97,354.65,32.77,12.12,so-ups.ru,false,
2024-07-03 10:00:00,Russia,Europe-Ural,RU,386.98,354.67,32.77,12.12,so-ups.ru,false,
2024-07-03 11:00:00,Russia,Europe-Ural,RU,386.29,353.96,32.89,12.17,so-ups.ru,false,
2024-07-03 12:00:00,Russia,Europe-Ural,RU,394.21,360.62,31.5,10.68,so-ups.ru,false,
2024-07-03 13:00:00,Russia,Europe-Ural,RU,394.08,360.54,31.53,10.5,so-ups.ru,false,
2024-07-03 14:00:00,Russia,Europe-Ural,RU,392.39,358.93,31.82,10.41,so-ups.ru,false,
2024-07-03 15:00:00,Russia,Europe-Ural,RU,392.31,359.33,31.86,10.28,so-ups.ru,false,
2024-07-03 16:00:00,Russia,Europe-Ural,RU,389.28,356.23,32.36,10.4,so-ups.ru,false,
2024-07-03 17:00:00,Russia,Europe-Ural,RU,390.99,358.11,32.1,10.12,so-ups.ru,false,
2024-07-03 18:00:00,Russia,Europe-Ural,RU,387.7,355.13,32.65,9.93,so-ups.ru,false,
2024-07-03 19:00:00,Russia,Europe-Ural,RU,381.54,349.59,33.73,9.7,so-ups.ru,false,
2024-07-03 20:00:00,Russia,Europe-Ural,RU,381.94,349.24,33.63,7.97,so-ups.ru,false,
2024-07-03 21:00:00,Russia,Europe-Ural,RU,386.17,351.93,32.84,6.3,so-ups.ru,false,
2024-07-03 22:00:00,Russia,Europe-Ural,RU,382.06,348.85,33.59,6.46,so-ups.ru,false,
2024-07-03 23:00:00,Russia,Europe-Ural,RU,380.23,347.15,33.91,6.19,so-ups.ru,false,
2024-07-04 00:00:00,Russia,Europe-Ural,RU,379.62,346.87,34.03,6.25,so-ups.ru,false,
2024-07-04 01:00:00,Russia,Europe-Ural,RU,383.58,350.28,33.33,6.41,so-ups.ru,false,
2024-07-04 02:00:00,Russia,Europe-Ural,RU,386.1,353.22,32.92,7.13,so-ups.ru,false,
2024-07-04 03:00:00,Russia,Europe-Ural,RU,384.29,352.12,33.25,8.93,so-ups.ru,false,
2024-07-04 04:00:00,Russia,Europe-Ural,RU,385.09,352.84,33.09,10.38,so-ups.ru,false,
2024-07-04 05:00:00,Russia,Europe-Ural,RU,392.24,359.02,31.85,10.39,so-ups.ru,false,
2024-07-04 06:00:00,Russia,Europe-Ural,RU,391.06,357.94,32.03,11.1,so-ups.ru,false,
2024-07-04 07:00:00,Russia,Europe-Ural,RU,390.37,357.43,32.17,11.6,so-ups.ru,false,
2024-07-04 08:00:00,Russia,Europe-Ural,RU,391.25,358.96,32.06,11.62,so-ups.ru,false,
2024-07-04 09:00:00,Russia,Europe-Ural,RU,391.8,359.07,31.94,11.59,so-ups.ru,false,
2024-07-04 10:00:00,Russia,Europe-Ural,RU,392.02,358.86,31.88,12.03,so-ups.ru,false,
2024-07-04 11:00:00,Russia,Europe-Ural,RU,394.17,360.61,31.51,11.66,so-ups.ru,false,
2024-07-04 12:00:00,Russia,Europe-Ural,RU,399.27,364.89,30.61,10.5,so-ups.ru,false,
2024-07-04 13:00:00,Russia,Europe-Ural,RU,399.46,365.2,30.59,10.44,so-ups.ru,false,
2024-07-04 14:00:00,Russia,Europe-Ural,RU,400.17,365.56,30.46,10.11,so-ups.ru,false,
2024-07-04 15:00:00,Russia,Europe-Ural,RU,398.65,364.73,30.76,10.1,so-ups.ru,false,
2024-07-04 16:00:00,Russia,Europe-Ural,RU,397.22,363.44,31.0,9.87,so-ups.ru,false,
2024-07-04 17:00:00,Russia,Europe-Ural,RU,397.46,364.12,30.99,9.98,so-ups.ru,false,
2024-07-04 18:00:00,Russia,Europe-Ural,RU,393.54,360.37,31.66,10.0,so-ups.ru,false,
2024-07-04 19:00:00,Russia,Europe-Ural,RU,389.1,356.01,32.41,9.47,so-ups.ru,false,
2024-07-04 20:00:00,Russia,Europe-Ural,RU,387.86,354.33,32.59,7.95,so-ups.ru,false,
2024-07-04 21:00:00,Russia,Europe-Ural,RU,385.58,352.03,32.98,6.71,so-ups.ru,false,
2024-07-04 22:00:00,Russia,Europe-Ural,RU,381.47,348.11,33.68,6.69,so-ups.ru,false,
2024-07-04 23:00:00,Russia,Europe-Ural,RU,379.74,346.37,33.95,6.72,so-ups.ru,false,
2024-07-05 00:00:00,Russia,Europe-Ural,RU,379.34,346.02,34.02,6.75,so-ups.ru,false,
2024-07-05 01:00:00,Russia,Europe-Ural,RU,381.5,348.24,33.66,6.87,so-ups.ru,false,
2024-07-05 02:00:00,Russia,Europe-Ural,RU,387.18,353.79,32.71,7.3,so-ups.ru,false,
2024-07-05 03:00:00,Russia,Europe-Ural,RU,387.95,355.03,32.59,8.85,so-ups.ru,false,
2024-07-05 04:00:00,Russia,Europe-Ural,RU,395.97,362.11,31.2,9.09,so-ups.ru,false,
2024-07-05 05:00:00,Russia,Europe-Ural,RU,397.08,363.18,30.99,10.36,so-ups.ru,false,
2024-07-05 06:00:00,Russia,Europe-Ural,RU,397.58,364.05,30.94,10.82,so-ups.ru,false,
2024-07-05 07:00:00,Russia,Europe-Ural,RU,395.84,362.29,31.22,11.49,so-ups.ru,false,
2024-07-05 08:00:00,Russia,Europe-Ural,RU,394.79,361.77,31.42,11.74,so-ups.ru,false,
2024-07-05 09:00:00,Russia,Europe-Ural,RU,393.4,360.2,31.64,11.96,so-ups.ru,false,
2024-07-05 10:00:00,Russia,Europe-Ural,RU,394.24,361.01,31.5,11.84,so-ups.ru,false,
2024-07-05 11:00:00,Russia,Europe-Ural,RU,394.75,361.81,31.44,11.8,so-ups.ru,false,
2024-07-05 12:00:00,Russia,Europe-Ural,RU,400.28,366.31,30.47,10.61,so-ups.ru,false,
2024-07-05 13:00:00,Russia,Europe-Ural,RU,401.44,366.94,30.25,10.1,so-ups.ru,false,
2024-07-05 14:00:00,Russia,Europe-Ural,RU,403.34,368.13,29.9,9.52,so-ups.ru,false,
2024-07-05 15:00:00,Russia,Europe-Ural,RU,402.89,368.77,30.04,9.6,so-ups.ru,false,
2024-07-05 16:00:00,Russia,Europe-Ural,RU,399.56,366.05,30.62,9.78,so-ups.ru,false,
2024-07-05 17:00:00,Russia,Europe-Ural,RU,400.53,367.29,30.48,9.59,so-ups.ru,false,
2024-07-05 18:00:00,Russia,Europe-Ural,RU,397.5,364.6,31.0,9.45,so-ups.ru,false,
2024-07-05 19:00:00,Russia,Europe-Ural,RU,392.39,359.25,31.86,8.83,so-ups.ru,false,
2024-07-05 20:00:00,Russia,Europe-Ural,RU,386.81,353.99,32.81,8.31,so-ups.ru,false,
2024-07-05 21:00:00,Russia,Europe-Ural,RU,373.47,341.85,35.1,9.17,so-ups.ru,false,
2024-07-05 22:00:00,Russia,Europe-Ural,RU,369.99,338.51,35.67,9.04,so-ups.ru,false,
2024-07-05 23:00:00,Russia,Europe-Ural,RU,368.17,336.9,35.98,8.95,so-ups.ru,false,
2024-07-06 00:00:00,Russia,Europe-Ural,RU,368.25,337.37,35.99,8.85,so-ups.ru,false,
2024-07-06 01:00:00,Russia,Europe-Ural,RU,366.09,335.8,36.39,9.29,so-ups.ru,false,
2024-07-06 02:00:00,Russia,Europe-Ural,RU,376.73,345.28,34.55,8.14,so-ups.ru,false,
2024-07-06 03:00:00,Russia,Europe-Ural,RU,376.87,346.02,34.54,9.43,so-ups.ru,false,
2024-07-06 04:00:00,Russia,Europe-Ural,RU,383.46,351.99,33.41,9.58,so-ups.ru,false,
2024-07-06 05:00:00,Russia,Europe-Ural,RU,392.15,359.6,31.88,9.36,so-ups.ru,false,
2024-07-06 06:00:00,Russia,Europe-Ural,RU,395.13,362.1,31.38,9.79,so-ups.ru,false,
2024-07-06 07:00:00,Russia,Europe-Ural,RU,394.91,362.26,31.43,10.3,so-ups.ru,false,
2024-07-06 08:00:00,Russia,Europe-Ural,RU,394.72,362.11,31.46,10.44,so-ups.ru,false,
2024-07-06 09:00:00,Russia,Europe-Ural,RU,392.66,360.02,31.81,10.75,so-ups.ru,false,
2024-07-06 10:00:00,Russia,Europe-Ural,RU,391.66,359.31,32.01,10.92,so-ups.ru,false,
2024-07-06 11:00:00,Russia,Europe-Ural,RU,391.1,359.05,32.12,10.95,so-ups.ru,false,
2024-07-06 12:00:00,Russia,Europe-Ural,RU,394.95,362.34,31.45,10.21,so-ups.ru,false,
2024-07-06 13:00:00,Russia,Europe-Ural,RU,394.91,362.23,31.47,10.11,so-ups.ru,false,
2024-07-06 14:00:00,Russia,Europe-Ural,RU,396.13,362.83,31.22,9.53,so-ups.ru,false,
2024-07-06 15:00:00,Russia,Europe-Ural,RU,395.87,362.66,31.27,9.28,so-ups.ru,false,
2024-07-06 16:00:00,Russia,Europe-Ural,RU,393.84,360.89,31.62,9.3,so-ups.ru,false,
2024-07-06 17:00:00,Russia,Europe-Ural,RU,393.55,360.67,31.67,9.2,so-ups.ru,false,
2024-07-06 18:00:00,Russia,Europe-Ural,RU,389.82,357.64,32.34,8.74,so-ups.ru,false,
2024-07-06 19:00:00,Russia,Europe-Ural,RU,381.52,350.0,33.78,9.06,so-ups.ru,false,
2024-07-06 20:00:00,Russia,Europe-Ural,RU,379.66,347.88,34.08,7.8,so-ups.ru,false,
2024-07-06 21:00:00,Russia,Europe-Ural,RU,374.78,343.14,34.9,7.95,so-ups.ru,false,
2024-07-06 22:00:00,Russia,Europe-Ural,RU,372.97,342.21,35.24,7.82,so-ups.ru,false,
2024-07-06 23:00:00,Russia,Europe-Ural,RU,366.7,335.94,36.28,7.97,so-ups.ru,false,
2024-07-07 00:00:00,Russia,Europe-Ural,RU,363.87,333.73,36.76,8.11,so-ups.ru,false,
2024-07-07 01:00:00,Russia,Europe-Ural,RU,365.81,335.69,36.46,8.12,so-ups.ru,false,
2024-07-07 02:00:00,Russia,Europe-Ural,RU,365.29,335.08,36.54,8.36,so-ups.ru,false,
2024-07-07 03:00:00,Russia,Europe-Ural,RU,363.29,333.89,36.91,9.81,so-ups.ru,false,
2024-07-07 04:00:00,Russia,Europe-Ural,RU,371.39,340.95,35.47,9.92,so-ups.ru,false,
2024-07-07 05:00:00,Russia,Europe-Ural,RU,379.55,348.19,34.08,9.89,so-ups.ru,false,
2024-07-07 06:00:00,Russia,Europe-Ural,RU,382.74,350.8,33.52,10.18,so-ups.ru,false,
2024-07-07 07:00:00,Russia,Europe-Ural,RU,382.93,351.59,33.51,10.54,so-ups.ru,false,
2024-07-07 08:00:00,Russia,Europe-Ural,RU,381.94,350.9,33.68,10.89,so-ups.ru,false,
2024-07-07 09:00:00,Russia,Europe-Ural,RU,379.11,348.1,34.16,11.56,so-ups.ru,false,
2024-07-07 10:00:00,Russia,Europe-Ural,RU,378.73,347.81,34.23,12.01,so-ups.ru,false,
2024-07-07 11:00:00,Russia,Europe-Ural,RU,379.0,347.75,34.18,11.94,so-ups.ru,false,
2024-07-07 12:00:00,Russia,Europe-Ural,RU,377.76,347.14,34.41,12.5,so-ups.ru,false,
2024-07-07 13:00:00,Russia,Europe-Ural,RU,380.89,349.76,33.88,12.06,so-ups.ru,false,
2024-07-07 14:00:00,Russia,Europe-Ural,RU,381.39,350.11,33.78,11.84,so-ups.ru,false,
2024-07-07 15:00:00,Russia,Europe-Ural,RU,381.57,350.47,33.78,11.56,so-ups.ru,false,
2024-07-07 16:00:00,Russia,Europe-Ural,RU,381.29,350.34,33.83,11.07,so-ups.ru,false,
2024-07-07 17:00:00,Russia,Europe-Ural,RU,381.56,350.62,33.78,11.02,so-ups.ru,false,
2024-07-07 18:00:00,Russia,Europe-Ural,RU,382.9,351.98,33.56,10.15,so-ups.ru,false,
2024-07-07 19:00:00,Russia,Europe-Ural,RU,370.81,341.01,35.64,10.9,so-ups.ru,false,
2024-07-07 20:00:00,Russia,Europe-Ural,RU,364.11,333.75,36.73,10.03,so-ups.ru,false,
2024-07-07 21:00:00,Russia,Europe-Ural,RU,375.36,343.14,34.76,6.94,so-ups.ru,false,
2024-07-07 22:00:00,Russia,Europe-Ural,RU,373.91,341.6,35.0,6.55,so-ups.ru,false,
2024-07-07 23:00:00,Russia,Europe-Ural,RU,370.44,338.21,35.56,6.55,so-ups.ru,false,
2024-07-08 00:00:00,Russia,Europe-Ural,RU,370.28,339.23,35.67,6.75,so-ups.ru,false,
2024-07-08 01:00:00,Russia,Europe-Ural,RU,371.14,339.35,35.48,6.76,so-ups.ru,false,
2024-07-08 02:00:00,Russia,Europe-Ural,RU,375.24,343.48,34.78,7.18,so-ups.ru,false,
2024-07-08 03:00:00,Russia,Europe-Ural,RU,375.5,344.43,34.76,9.08,so-ups.ru,false,
2024-07-08 04:00:00,Russia,Europe-Ural,RU,384.9,352.91,33.15,9.28,so-ups.ru,false,
2024-07-08 05:00:00,Russia,Europe-Ural,RU,389.75,357.21,32.3,10.03,so-ups.ru,false,
2024-07-08 06:00:00,Russia,Europe-Ural,RU,389.83,357.15,32.27,10.63,so-ups.ru,false,
2024-07-08 07:00:00,Russia,Europe-Ural,RU,387.74,355.2,32.64,11.26,so-ups.ru,false,
2024-07-08 08:00:00,Russia,Europe-Ural,RU,386.06,353.77,32.93,11.59,so-ups.ru,false,
2024-07-08 09:00:00,Russia,Europe-Ural,RU,386.29,354.26,32.9,11.67,so-ups.ru,false,
2024-07-08 10:00:00,Russia,Europe-Ural,RU,386.99,355.2,32.81,11.81,so-ups.ru,false,
2024-07-08 11:00:00,Russia,Europe-Ural,RU,387.86,355.82,32.65,11.57,so-ups.ru,false,
2024-07-08 12:00:00,Russia,Europe-Ural,RU,392.62,359.91,31.82,10.7,so-ups.ru,false,
2024-07-08 13:00:00,Russia,Europe-Ural,RU,394.42,361.5,31.51,10.38,so-ups.ru,false,
2024-07-08 14:00:00,Russia,Europe-Ural,RU,394.54,361.4,31.48,10.17,so-ups.ru,false,
2024-07-08 15:00:00,Russia,Europe-Ural,RU,392.95,360.13,31.77,10.04,so-ups.ru,false,
2024-07-08 16:00:00,Russia,Europe-Ural,RU,390.23,358.06,32.26,10.24,so-ups.ru,false,
2024-07-08 17:00:00,Russia,Europe-Ural,RU,393.33,360.95,31.74,9.66,so-ups.ru,false,
2024-07-08 18:00:00,Russia,Europe-Ural,RU,388.81,356.93,32.52,9.69,so-ups.ru,false,
2024-07-08 19:00:00,Russia,Europe-Ural,RU,383.49,351.9,33.43,9.14,so-ups.ru,false,
2024-07-08 20:00:00,Russia,Europe-Ural,RU,376.25,345.31,34.68,8.76,so-ups.ru,false,
2024-07-08 21:00:00,Russia,Europe-Ural,RU,381.25,348.83,33.77,6.69,so-ups.ru,false,
2024-07-08 22:00:00,Russia,Europe-Ural,RU,377.43,345.59,34.45,6.61,so-ups.ru,false,
2024-07-08 23:00:00,Russia,Europe-Ural,RU,375.34,343.33,34.77,6.39,so-ups.ru,false,
2024-07-09 00:00:00,Russia,Europe-Ural,RU,375.61,343.92,34.74,6.45,so-ups.ru,false,
2024-07-09 01:00:00,Russia,Europe-Ural,RU,377.9,345.96,34.37,6.4,so-ups.ru,false,
2024-07-09 02:00:00,Russia,Europe-Ural,RU,382.24,350.14,33.6,6.92,so-ups.ru,false,
2024-07-09 03:00:00,Russia,Europe-Ural,RU,380.05,349.04,34.02,9.02,so-ups.ru,false,
2024-07-09 04:00:00,Russia,Europe-Ural,RU,384.35,352.65,33.26,9.78,so-ups.ru,false,
2024-07-09 05:00:00,Russia,Europe-Ural,RU,388.74,356.38,32.49,10.29,so-ups.ru,false,
2024-07-09 06:00:00,Russia,Europe-Ural,RU,387.66,355.37,32.66,11.09,so-ups.ru,false,
2024-07-09 07:00:00,Russia,Europe-Ural,RU,384.56,352.84,33.22,11.75,so-ups.ru,false,
2024-07-09 08:00:00,Russia,Europe-Ural,RU,382.78,351.45,33.52,12.28,so-ups.ru,false,
2024-07-09 09:00:00,Russia,Europe-Ural,RU,380.83,349.78,33.86,12.71,so-ups.ru,false,
2024-07-09 10:00:00,Russia,Europe-Ural,RU,379.11,348.58,34.18,13.25,so-ups.ru,false,
2024-07-09 11:00:00,Russia,Europe-Ural,RU,379.0,348.3,34.19,13.09,so-ups.ru,false,
2024-07-09 12:00:00,Russia,Europe-Ural,RU,384.95,353.38,33.15,12.04,so-ups.ru,false,
2024-07-09 13:00:00,Russia,Europe-Ural,RU,387.27,355.32,32.75,11.47,so-ups.ru,false,
2024-07-09 14:00:00,Russia,Europe-Ural,RU,386.14,353.95,32.93,11.35,so-ups.ru,false,
2024-07-09 15:00:00,Russia,Europe-Ural,RU,384.75,353.15,33.2,11.2,so-ups.ru,false,
2024-07-09 16:00:00,Russia,Europe-Ural,RU,385.22,353.7,33.12,10.95,so-ups.ru,false,
2024-07-09 17:00:00,Russia,Europe-Ural,RU,384.06,352.73,33.31,11.01,so-ups.ru,false,
2024-07-09 18:00:00,Russia,Europe-Ural,RU,384.83,352.83,33.17,10.06,so-ups.ru,false,
2024-07-09 19:00:00,Russia,Europe-Ural,RU,379.67,348.03,34.06,9.49,so-ups.ru,false,
2024-07-09 20:00:00,Russia,Europe-Ural,RU,376.07,344.55,34.68,8.52,so-ups.ru,false,
2024-07-09 21:00:00,Russia,Europe-Ural,RU,381.57,348.63,33.69,6.29,so-ups.ru,false,
2024-07-09 22:00:00,Russia,Europe-Ural,RU,377.24,344.95,34.45,6.27,so-ups.ru,false,
2024-07-09 23:00:00,Russia,Europe-Ural,RU,375.35,342.69,34.74,6.03,so-ups.ru,false,
2024-07-10 00:00:00,Russia,Europe-Ural,RU,374.08,341.89,34.97,6.13,so-ups.ru,false,
2024-07-10 01:00:00,Russia,Europe-Ural,RU,375.65,343.39,34.7,6.07,so-ups.ru,false,
2024-07-10 02:00:00,Russia,Europe-Ural,RU,378.74,346.04,34.16,6.69,so-ups.ru,false,
2024-07-10 03:00:00,Russia,Europe-Ural,RU,377.99,346.16,34.33,8.66,so-ups.ru,false,
2024-07-10 04:00:00,Russia,Europe-Ural,RU,387.08,354.1,32.74,8.87,so-ups.ru,false,
2024-07-10 05:00:00,Russia,Europe-Ural,RU,389.5,356.59,32.33,10.06,so-ups.ru,false,
2024-07-10 06:00:00,Russia,Europe-Ural,RU,385.64,353.48,32.99,11.3,so-ups.ru,false,
2024-07-10 07:00:00,Russia,Europe-Ural,RU,384.54,352.69,33.21,11.7,so-ups.ru,false,
2024-07-10 08:00:00,Russia,Europe-Ural,RU,385.35,353.71,33.08,11.54,so-ups.ru,false,
2024-07-10 09:00:00,Russia,Europe-Ural,RU,381.49,350.38,33.75,12.43,so-ups.ru,false,
2024-07-10 10:00:00,Russia,Europe-Ural,RU,381.03,349.76,33.81,12.62,so-ups.ru,false,
2024-07-10 11:00:00,Russia,Europe-Ural,RU,381.28,349.76,33.77,12.51,so-ups.ru,false,
2024-07-10 12:00:00,Russia,Europe-Ural,RU,387.86,355.53,32.63,11.39,so-ups.ru,false,
2024-07-10 13:00:00,Russia,Europe-Ural,RU,388.81,356.54,32.48,11.18,so-ups.ru,false,
2024-07-10 14:00:00,Russia,Europe-Ural,RU,387.58,355.53,32.7,11.22,so-ups.ru,false,
2024-07-10 15:00:00,Russia,Europe-Ural,RU,387.94,355.98,32.66,10.76,so-ups.ru,false,
2024-07-10 16:00:00,Russia,Europe-Ural,RU,388.38,356.27,32.56,10.31,so-ups.ru,false,
2024-07-10 17:00:00,Russia,Europe-Ural,RU,387.08,355.14,32.8,10.46,so-ups.ru,false,
2024-07-10 18:00:00,Russia,Europe-Ural,RU,386.95,354.84,32.81,9.86,so-ups.ru,false,
2024-07-10 19:00:00,Russia,Europe-Ural,RU,377.15,345.43,34.48,9.78,so-ups.ru,false,
2024-07-10 20:00:00,Russia,Europe-Ural,RU,381.39,349.33,33.77,7.66,so-ups.ru,false,
2024-07-10 21:00:00,Russia,Europe-Ural,RU,384.75,351.07,33.12,5.8,so-ups.ru,false,
2024-07-10 22:00:00,Russia,Europe-Ural,RU,381.46,348.05,33.68,5.65,so-ups.ru,false,
2024-07-10 23:00:00,Russia,Europe-Ural,RU,377.59,344.62,34.32,5.73,so-ups.ru,false,
2024-07-11 00:00:00,Russia,Europe-Ural,RU,376.83,344.75,34.53,5.88,so-ups.ru,false,
2024-07-11 01:00:00,Russia,Europe-Ural,RU,378.59,346.33,34.23,5.88,so-ups.ru,false,
2024-07-11 02:00:00,Russia,Europe-Ural,RU,383.21,350.22,33.39,6.07,so-ups.ru,false,
2024-07-11 03:00:00,Russia,Europe-Ural,RU,384.32,351.55,33.23,7.6,so-ups.ru,false,
2024-07-11 04:00:00,Russia,Europe-Ural,RU,389.88,356.39,32.25,8.17,so-ups.ru,false,
2024-07-11 05:00:00,Russia,Europe-Ural,RU,387.72,354.93,32.64,10.08,so-ups.ru,false,
2024-07-11 06:00:00,Russia,Europe-Ural,RU,387.23,354.72,32.72,10.69,so-ups.ru,false,
2024-07-11 07:00:00,Russia,Europe-Ural,RU,386.01,353.39,32.92,11.06,so-ups.ru,false,
2024-07-11 08:00:00,Russia,Europe-Ural,RU,385.03,353.42,33.14,11.53,so-ups.ru,false,
2024-07-11 09:00:00,Russia,Europe-Ural,RU,386.2,354.46,32.93,11.5,so-ups.ru,false,
2024-07-11 10:00:00,Russia,Europe-Ural,RU,386.82,354.76,32.81,11.57,so-ups.ru,false,
2024-07-11 11:00:00,Russia,Europe-Ural,RU,384.6,352.62,33.19,11.82,so-ups.ru,false,
2024-07-11 12:00:00,Russia,Europe-Ural,RU,385.5,353.46,33.04,11.58,so-ups.ru,false,
2024-07-11 13:00:00,Russia,Europe-Ural,RU,386.99,354.87,32.79,11.17,so-ups.ru,false,
2024-07-11 14:00:00,Russia,Europe-Ural,RU,387.88,355.8,32.66,10.79,so-ups.ru,false,
2024-07-11 15:00:00,Russia,Europe-Ural,RU,386.95,354.86,32.81,10.78,so-ups.ru,false,
2024-07-11 16:00:00,Russia,Europe-Ural,RU,386.03,354.05,32.97,10.74,so-ups.ru,false,
2024-07-11 17:00:00,Russia,Europe-Ural,RU,385.87,354.19,33.02,10.75,so-ups.ru,false,
2024-07-11 18:00:00,Russia,Europe-Ural,RU,384.27,352.56,33.28,10.23,so-ups.ru,false,
2024-07-11 19:00:00,Russia,Europe-Ural,RU,382.05,350.24,33.66,9.24,so-ups.ru,false,
2024-07-11 20:00:00,Russia,Europe-Ural,RU,372.14,341.41,35.38,9.26,so-ups.ru,false,
2024-07-11 21:00:00,Russia,Europe-Ural,RU,383.38,350.33,33.39,5.98,so-ups.ru,false,
2024-07-11 22:00:00,Russia,Europe-Ural,RU,380.16,346.98,33.91,5.62,so-ups.ru,false,
2024-07-11 23:00:00,Russia,Europe-Ural,RU,376.99,343.93,34.44,5.55,so-ups.ru,false,
2024-07-12 00:00:00,Russia,Europe-Ural,RU,374.96,342.71,34.83,5.7,so-ups.ru,false,
2024-07-12 01:00:00,Russia,Europe-Ural,RU,376.84,344.34,34.51,5.7,so-ups.ru,false,
2024-07-12 02:00:00,Russia,Europe-Ural,RU,379.74,347.1,33.98,6.4,so-ups.ru,false,
2024-07-12 03:00:00,Russia,Europe-Ural,RU,377.6,345.57,34.38,8.45,so-ups.ru,false,
2024-07-12 04:00:00,Russia,Europe-Ural,RU,383.7,351.21,33.33,8.9,so-ups.ru,false,
2024-07-12 05:00:00,Russia,Europe-Ural,RU,385.57,353.25,33.02,10.2,so-ups.ru,false,
2024-07-12 06:00:00,Russia,Europe-Ural,RU,385.87,353.74,32.96,10.75,so-ups.ru,false,
2024-07-12 07:00:00,Russia,Europe-Ural,RU,385.05,352.95,33.11,11.15,so-ups.ru,false,
2024-07-12 08:00:00,Russia,Europe-Ural,RU,383.41,351.57,33.39,11.48,so-ups.ru,false,
2024-07-12 09:00:00,Russia,Europe-Ural,RU,380.23,348.67,33.94,12.12,so-ups.ru,false,
2024-07-12 10:00:00,Russia,Europe-Ural,RU,378.63,347.22,34.2,12.55,so-ups.ru,false,
2024-07-12 11:00:00,Russia,Europe-Ural,RU,379.11,347.94,34.15,12.58,so-ups.ru,false,
2024-07-12 12:00:00,Russia,Europe-Ural,RU,382.28,350.76,33.6,11.86,so-ups.ru,false,
2024-07-12 13:00:00,Russia,Europe-Ural,RU,378.63,347.58,34.24,11.49,so-ups.ru,false,
2024-07-12 14:00:00,Russia,Europe-Ural,RU,378.25,347.57,34.35,11.29,so-ups.ru,false,
2024-07-12 15:00:00,Russia,Europe-Ural,RU,380.55,349.32,33.93,10.46,so-ups.ru,false,
2024-07-12 16:00:00,Russia,Europe-Ural,RU,382.9,351.52,33.53,9.76,so-ups.ru,false,
2024-07-12 17:00:00,Russia,Europe-Ural,RU,379.13,348.31,34.19,10.15,so-ups.ru,false,
2024-07-12 18:00:00,Russia,Europe-Ural,RU,376.03,345.17,34.71,9.9,so-ups.ru,false,
2024-07-12 19:00:00,Russia,Europe-Ural,RU,371.22,340.23,35.52,9.19,so-ups.ru,false,
2024-07-12 20:00:00,Russia,Europe-Ural,RU,364.18,333.38,36.7,8.79,so-ups.ru,false,
2024-07-12 21:00:00,Russia,Europe-Ural,RU,368.84,337.34,35.9,6.89,so-ups.ru,false,
2024-07-12 22:00:00,Russia,Europe-Ural,RU,364.38,332.85,36.63,6.88,so-ups.ru,false,
2024-07-12 23:00:00,Russia,Europe-Ural,RU,362.33,331.14,36.98,6.79,so-ups.ru,false,
2024-07-13 00:00:00,Russia,Europe-Ural,RU,360.19,329.64,37.39,6.92,so-ups.ru,false,
2024-07-13 01:00:00,Russia,Europe-Ural,RU,361.68,331.29,37.14,6.93,so-ups.ru,false,
2024-07-13 02:00:00,Russia,Europe-Ural,RU,364.69,334.25,36.63,7.01,so-ups.ru,false,
2024-07-13 03:00:00,Russia,Europe-Ural,RU,364.12,334.01,36.75,8.16,so-ups.ru,false,
2024-07-13 04:00:00,Russia,Europe-Ural,RU,371.49,340.65,35.47,8.62,so-ups.ru,false,
2024-07-13 05:00:00,Russia,Europe-Ural,RU,370.77,340.09,35.57,10.27,so-ups.ru,false,
2024-07-13 06:00:00,Russia,Europe-Ural,RU,372.11,341.52,35.36,10.92,so-ups.ru,false,
2024-07-13 07:00:00,Russia,Europe-Ural,RU,372.5,342.02,35.29,11.15,so-ups.ru,false,
2024-07-13 08:00:00,Russia,Europe-Ural,RU,370.6,340.59,35.64,11.55,so-ups.ru,false,
2024-07-13 09:00:00,Russia,Europe-Ural,RU,369.02,339.22,35.92,11.98,so-ups.ru,false,
2024-07-13 10:00:00,Russia,Europe-Ural,RU,367.64,337.84,36.14,12.3,so-ups.ru,false,
2024-07-13 11:00:00,Russia,Europe-Ural,RU,368.55,338.56,35.99,12.23,so-ups.ru,false,
2024-07-13 12:00:00,Russia,Europe-Ural,RU,372.41,342.05,35.33,11.51,so-ups.ru,false,
2024-07-13 13:00:00,Russia,Europe-Ural,RU,374.55,344.06,34.98,11.21,so-ups.ru,false,
2024-07-13 14:00:00,Russia,Europe-Ural,RU,376.1,345.36,34.71,10.8,so-ups.ru,false,
2024-07-13 15:00:00,Russia,Europe-Ural,RU,377.33,346.4,34.49,10.46,so-ups.ru,false,
2024-07-13 16:00:00,Russia,Europe-Ural,RU,374.24,344.05,35.04,10.64,so-ups.ru,false,
2024-07-13 17:00:00,Russia,Europe-Ural,RU,374.49,344.19,35.0,10.52,so-ups.ru,false,
2024-07-13 18:00:00,Russia,Europe-Ural,RU,373.17,342.99,35.22,10.14,so-ups.ru,false,
2024-07-13 19:00:00,Russia,Europe-Ural,RU,370.69,339.93,35.62,9.3,so-ups.ru,false,
2024-07-13 20:00:00,Russia,Europe-Ural,RU,372.13,340.36,35.33,7.52,so-ups.ru,false,
2024-07-13 21:00:00,Russia,Europe-Ural,RU,369.95,338.04,35.68,6.78,so-ups.ru,false,
2024-07-13 22:00:00,Russia,Europe-Ural,RU,366.29,334.57,36.3,6.61,so-ups.ru,false,
2024-07-13 23:00:00,Russia,Europe-Ural,RU,361.94,330.69,37.05,6.62,so-ups.ru,false,
2024-07-14 00:00:00,Russia,Europe-Ural,RU,359.51,328.92,37.5,6.8,so-ups.ru,false,
2024-07-14 01:00:00,Russia,Europe-Ural,RU,359.07,328.55,37.57,6.84,so-ups.ru,false,
2024-07-14 02:00:00,Russia,Europe-Ural,RU,361.58,330.89,37.13,7.01,so-ups.ru,false,
2024-07-14 03:00:00,Russia,Europe-Ural,RU,359.91,329.83,37.44,8.44,so-ups.ru,false,
2024-07-14 04:00:00,Russia,Europe-Ural,RU,366.95,336.14,36.21,8.82,so-ups.ru,false,
2024-07-14 05:00:00,Russia,Europe-Ural,RU,370.54,340.03,35.62,9.8,so-ups.ru,false,
2024-07-14 06:00:00,Russia,Europe-Ural,RU,369.52,339.1,35.79,10.64,so-ups.ru,false,
2024-07-14 07:00:00,Russia,Europe-Ural,RU,371.67,341.22,35.42,10.73,so-ups.ru,false,
2024-07-14 08:00:00,Russia,Europe-Ural,RU,371.74,340.73,35.39,10.95,so-ups.ru,false,
2024-07-14 09:00:00,Russia,Europe-Ural,RU,372.15,341.58,35.34,11.33,so-ups.ru,false,
2024-07-14 10:00:00,Russia,Europe-Ural,RU,370.14,340.02,35.71,11.88,so-ups.ru,false,
2024-07-14 11:00:00,Russia,Europe-Ural,RU,369.87,339.79,35.76,12.03,so-ups.ru,false,
2024-07-14 12:00:00,Russia,Europe-Ural,RU,371.15,340.62,35.52,11.7,so-ups.ru,false,
2024-07-14 13:00:00,Russia,Europe-Ural,RU,373.72,342.84,35.09,11.39,so-ups.ru,false,
2024-07-14 14:00:00,Russia,Europe-Ural,RU,375.61,344.9,34.79,11.2,so-ups.ru,false,
2024-07-14 15:00:00,Russia,Europe-Ural,RU,374.1,343.39,35.04,11.13,so-ups.ru,false,
2024-07-14 16:00:00,Russia,Europe-Ural,RU,375.91,344.97,34.72,10.64,so-ups.ru,false,
2024-07-14 17:00:00,Russia,Europe-Ural,RU,376.45,345.54,34.64,10.29,so-ups.ru,false,
2024-07-14 18:00:00,Russia,Europe-Ural,RU,373.28,342.58,35.18,10.13,so-ups.ru,false,
2024-07-14 19:00:00,Russia,Europe-Ural,RU,370.94,339.67,35.54,9.14,so-ups.ru,false,
2024-07-14 20:00:00,Russia,Europe-Ural,RU,372.61,340.21,35.2,7.37,so-ups.ru,false,
2024-07-14 21:00:00,Russia,Europe-Ural,RU,373.0,340.41,35.13,6.37,so-ups.ru,false,
2024-07-14 22:00:00,Russia,Europe-Ural,RU,369.72,337.51,35.69,6.27,so-ups.ru,false,
2024-07-14 23:00:00,Russia,Europe-Ural,RU,364.39,332.81,36.63,6.48,so-ups.ru,false,
2024-07-15 00:00:00,Russia,Europe-Ural,RU,368.41,336.25,35.93,5.73,so-ups.ru,false,
2024-07-15 01:00:00,Russia,Europe-Ural,RU,366.23,334.97,36.32,6.71,so-ups.ru,false,
2024-07-15 02:00:00,Russia,Europe-Ural,RU,375.4,343.03,34.73,6.23,so-ups.ru,false,
2024-07-15 03:00:00,Russia,Europe-Ural,RU,375.63,344.17,34.73,7.89,so-ups.ru,false,
2024-07-15 04:00:00,Russia,Europe-Ural,RU,381.93,349.9,33.64,8.82,so-ups.ru,false,
2024-07-15 05:00:00,Russia,Europe-Ural,RU,383.1,350.63,33.42,10.01,so-ups.ru,false,
2024-07-15 06:00:00,Russia,Europe-Ural,RU,383.21,350.99,33.41,10.61,so-ups.ru,false,
2024-07-15 07:00:00,Russia,Europe-Ural,RU,381.59,349.99,33.71,11.31,so-ups.ru,false,
2024-07-15 08:00:00,Russia,Europe-Ural,RU,382.61,351.22,33.56,11.32,so-ups.ru,false,
2024-07-15 09:00:00,Russia,Europe-Ural,RU,380.66,349.34,33.88,11.78,so-ups.ru,false,
2024-07-15 10:00:00,Russia,Europe-Ural,RU,379.47,348.24,34.08,12.19,so-ups.ru,false,
2024-07-15 11:00:00,Russia,Europe-Ural,RU,380.49,349.23,33.92,12.05,so-ups.ru,false,
2024-07-15 12:00:00,Russia,Europe-Ural,RU,383.82,351.83,33.33,11.3,so-ups.ru,false,
2024-07-15 13:00:00,Russia,Europe-Ural,RU,385.32,353.44,33.1,10.92,so-ups.ru,false,
2024-07-15 14:00:00,Russia,Europe-Ural,RU,385.22,353.44,33.12,10.64,so-ups.ru,false,
2024-07-15 15:00:00,Russia,Europe-Ural,RU,384.84,352.64,33.16,10.23,so-ups.ru,false,
2024-07-15 16:00:00,Russia,Europe-Ural,RU,385.85,353.64,32.99,9.87,so-ups.ru,false,
2024-07-15 17:00:00,Russia,Europe-Ural,RU,385.46,353.66,33.09,9.89,so-ups.ru,false,
2024-07-15 18:00:00,Russia,Europe-Ural,RU,390.86,357.91,32.13,8.34,so-ups.ru,false,
2024-07-15 19:00:00,Russia,Europe-Ural,RU,384.27,351.93,33.27,8.12,so-ups.ru,false,
2024-07-15 20:00:00,Russia,Europe-Ural,RU,380.21,347.53,33.93,7.14,so-ups.ru,false,
2024-07-15 21:00:00,Russia,Europe-Ural,RU,376.49,344.03,34.56,6.39,so-ups.ru,false,
2024-07-15 22:00:00,Russia,Europe-Ural,RU,371.16,339.29,35.49,6.68,so-ups.ru,false,
2024-07-15 23:00:00,Russia,Europe-Ural,RU,373.33,341.04,35.1,5.61,so-ups.ru,false,
2024-07-16 00:00:00,Russia,Europe-Ural,RU,371.82,339.32,35.34,5.62,so-ups.ru,false,
2024-07-16 01:00:00,Russia,Europe-Ural,RU,372.24,340.21,35.29,5.97,so-ups.ru,false,
2024-07-16 02:00:00,Russia,Europe-Ural,RU,379.86,346.87,33.96,5.86,so-ups.ru,false,
2024-07-16 03:00:00,Russia,Europe-Ural,RU,375.44,344.03,34.78,8.39,so-ups.ru,false,
2024-07-16 04:00:00,Russia,Europe-Ural,RU,378.67,346.99,34.21,9.5,so-ups.ru,false,
2024-07-16 05:00:00,Russia,Europe-Ural,RU,383.9,352.24,33.32,10.21,so-ups.ru,false,
2024-07-16 06:00:00,Russia,Europe-Ural,RU,386.76,354.31,32.81,10.51,so-ups.ru,false,
2024-07-16 07:00:00,Russia,Europe-Ural,RU,386.14,354.29,32.95,11.03,so-ups.ru,false,
2024-07-16 08:00:00,Russia,Europe-Ural,RU,385.03,353.05,33.12,11.29,so-ups.ru,false,
2024-07-16 09:00:00,Russia,Europe-Ural,RU,385.13,353.69,33.13,11.55,so-ups.ru,false,
2024-07-16 10:00:00,Russia,Europe-Ural,RU,384.24,352.91,33.29,11.87,so-ups.ru,false,
2024-07-16 11:00:00,Russia,Europe-Ural,RU,385.62,353.87,33.05,11.56,so-ups.ru,false,
2024-07-16 12:00:00,Russia,Europe-Ural,RU,387.88,355.7,32.64,11.07,so-ups.ru,false,
2024-07-16 13:00:00,Russia,Europe-Ural,RU,389.38,357.36,32.42,10.63,so-ups.ru,false,
2024-07-16 14:00:00,Russia,Europe-Ural,RU,388.54,356.53,32.56,10.24,so-ups.ru,false,
2024-07-16 15:00:00,Russia,Europe-Ural,RU,400.11,366.53,30.54,8.92,so-ups.ru,false,
2024-07-16 16:00:00,Russia,Europe-Ural,RU,398.76,365.0,30.75,8.74,so-ups.ru,false,
2024-07-16 17:00:00,Russia,Europe-Ural,RU,395.95,362.76,31.26,9.2,so-ups.ru,false,
2024-07-16 18:00:00,Russia,Europe-Ural,RU,400.15,366.61,30.54,8.0,so-ups.ru,false,
2024-07-16 19:00:00,Russia,Europe-Ural,RU,393.35,360.23,31.71,7.61,so-ups.ru,false,
2024-07-16 20:00:00,Russia,Europe-Ural,RU,388.75,355.5,32.47,6.88,so-ups.ru,false,
2024-07-16 21:00:00,Russia,Europe-Ural,RU,387.96,354.54,32.62,5.6,so-ups.ru,false,
2024-07-16 22:00:00,Russia,Europe-Ural,RU,379.54,346.54,34.05,5.9,so-ups.ru,false,
2024-07-16 23:00:00,Russia,Europe-Ural,RU,377.27,344.61,34.44,5.96,so-ups.ru,false,
2024-07-17 00:00:00,Russia,Europe-Ural,RU,376.8,344.15,34.5,5.62,so-ups.ru,false,
2024-07-17 01:00:00,Russia,Europe-Ural,RU,378.63,346.23,34.22,5.61,so-ups.ru,false,
2024-07-17 02:00:00,Russia,Europe-Ural,RU,382.89,350.91,33.51,5.9,so-ups.ru,false,
2024-07-17 03:00:00,Russia,Europe-Ural,RU,381.42,349.41,33.77,7.73,so-ups.ru,false,
2024-07-17 04:00:00,Russia,Europe-Ural,RU,382.4,350.73,33.57,9.34,so-ups.ru,false,
2024-07-17 05:00:00,Russia,Europe-Ural,RU,384.43,352.55,33.22,10.58,so-ups.ru,false,
2024-07-17 06:00:00,Russia,Europe-Ural,RU,386.94,354.92,32.8,10.89,so-ups.ru,false,
2024-07-17 07:00:00,Russia,Europe-Ural,RU,381.72,350.28,33.7,11.98,so-ups.ru,false,
2024-07-17 08:00:00,Russia,Europe-Ural,RU,380.44,349.3,33.93,12.29,so-ups.ru,false,
2024-07-17 09:00:00,Russia,Europe-Ural,RU,377.9,347.58,34.4,13.07,so-ups.ru,false,
2024-07-17 10:00:00,Russia,Europe-Ural,RU,378.83,348.16,34.22,12.95,so-ups.ru,false,
2024-07-17 11:00:00,Russia,Europe-Ural,RU,379.88,349.13,34.05,12.8,so-ups.ru,false,
2024-07-17 12:00:00,Russia,Europe-Ural,RU,387.89,355.99,32.65,11.28,so-ups.ru,false,
2024-07-17 13:00:00,Russia,Europe-Ural,RU,387.56,355.7,32.71,11.1,so-ups.ru,false,
2024-07-17 14:00:00,Russia,Europe-Ural,RU,388.66,356.81,32.54,10.83,so-ups.ru,false,
2024-07-17 15:00:00,Russia,Europe-Ural,RU,394.51,361.63,31.51,10.03,so-ups.ru,false,
2024-07-17 16:00:00,Russia,Europe-Ural,RU,387.39,355.04,32.72,10.83,so-ups.ru,false,
2024-07-17 17:00:00,Russia,Europe-Ural,RU,394.81,361.77,31.45,9.91,so-ups.ru,false,
2024-07-17 18:00:00,Russia,Europe-Ural,RU,393.19,360.18,31.72,9.56,so-ups.ru,false,
2024-07-17 19:00:00,Russia,Europe-Ural,RU,392.2,358.76,31.88,8.48,so-ups.ru,false,
2024-07-17 20:00:00,Russia,Europe-Ural,RU,390.04,356.32,32.22,7.27,so-ups.ru,false,
2024-07-17 21:00:00,Russia,Europe-Ural,RU,387.93,353.81,32.56,6.03,so-ups.ru,false,
2024-07-17 22:00:00,Russia,Europe-Ural,RU,389.54,356.39,32.34,5.26,so-ups.ru,false,
2024-07-17 23:00:00,Russia,Europe-Ural,RU,390.97,357.5,32.1,4.58,so-ups.ru,false,
2024-07-18 00:00:00,Russia,Europe-Ural,RU,387.67,353.36,32.59,4.48,so-ups.ru,false,
2024-07-18 01:00:00,Russia,Europe-Ural,RU,388.82,354.61,32.4,4.68,so-ups.ru,false,
2024-07-18 02:00:00,Russia,Europe-Ural,RU,394.09,359.36,31.47,4.91,so-ups.ru,false,
2024-07-18 03:00:00,Russia,Europe-Ural,RU,389.69,355.71,32.25,7.38,so-ups.ru,false,
2024-07-18 04:00:00,Russia,Europe-Ural,RU,392.75,358.96,31.74,8.38,so-ups.ru,false,
2024-07-18 05:00:00,Russia,Europe-Ural,RU,395.15,361.45,31.34,9.34,so-ups.ru,false,
2024-07-18 06:00:00,Russia,Europe-Ural,RU,390.59,357.85,32.15,10.81,so-ups.ru,false,
2024-07-18 07:00:00,Russia,Europe-Ural,RU,385.47,353.41,33.04,12.12,so-ups.ru,false,
2024-07-18 08:00:00,Russia,Europe-Ural,RU,387.22,354.76,32.72,11.88,so-ups.ru,false,
2024-07-18 09:00:00,Russia,Europe-Ural,RU,384.34,351.98,33.2,12.29,so-ups.ru,false,
2024-07-18 10:00:00,Russia,Europe-Ural,RU,384.83,352.6,33.13,12.26,so-ups.ru,false,
2024-07-18 11:00:00,Russia,Europe-Ural,RU,386.72,354.59,32.83,11.89,so-ups.ru,false,
2024-07-18 12:00:00,Russia,Europe-Ural,RU,391.85,358.89,31.93,10.93,so-ups.ru,false,
2024-07-18 13:00:00,Russia,Europe-Ural,RU,391.63,358.39,31.96,10.8,so-ups.ru,false,
2024-07-18 14:00:00,Russia,Europe-Ural,RU,395.99,361.81,31.19,9.94,so-ups.ru,false,
2024-07-18 15:00:00,Russia,Europe-Ural,RU,394.76,360.9,31.4,9.92,so-ups.ru,false,
2024-07-18 16:00:00,Russia,Europe-Ural,RU,397.83,363.63,30.88,9.09,so-ups.ru,false,
2024-07-18 17:00:00,Russia,Europe-Ural,RU,390.64,357.88,32.16,10.33,so-ups.ru,false,
2024-07-18 18:00:00,Russia,Europe-Ural,RU,392.97,359.85,31.75,9.56,so-ups.ru,false,
2024-07-18 19:00:00,Russia,Europe-Ural,RU,384.53,351.92,33.2,9.22,so-ups.ru,false,
2024-07-18 20:00:00,Russia,Europe-Ural,RU,386.04,352.07,32.86,7.4,so-ups.ru,false,
2024-07-18 21:00:00,Russia,Europe-Ural,RU,393.24,358.42,31.64,5.25,so-ups.ru,false,
2024-07-18 22:00:00,Russia,Europe-Ural,RU,395.4,359.99,31.22,4.19,so-ups.ru,false,
2024-07-18 23:00:00,Russia,Europe-Ural,RU,392.77,357.7,31.69,4.25,so-ups.ru,false,
2024-07-19 00:00:00,Russia,Europe-Ural,RU,391.15,356.21,31.97,4.31,so-ups.ru,false,
2024-07-19 01:00:00,Russia,Europe-Ural,RU,392.3,357.58,31.8,4.25,so-ups.ru,false,
2024-07-19 02:00:00,Russia,Europe-Ural,RU,391.69,357.37,31.91,5.25,so-ups.ru,false,
2024-07-19 03:00:00,Russia,Europe-Ural,RU,390.71,357.19,32.11,7.37,so-ups.ru,false,
2024-07-19 04:00:00,Russia,Europe-Ural,RU,394.15,360.09,31.49,8.12,so-ups.ru,false,
2024-07-19 05:00:00,Russia,Europe-Ural,RU,391.77,358.48,31.92,10.04,so-ups.ru,false,
2024-07-19 06:00:00,Russia,Europe-Ural,RU,387.86,355.58,32.63,11.4,so-ups.ru,false,
2024-07-19 07:00:00,Russia,Europe-Ural,RU,387.64,354.79,32.63,11.57,so-ups.ru,false,
2024-07-19 08:00:00,Russia,Europe-Ural,RU,385.59,353.2,32.99,11.85,so-ups.ru,false,
2024-07-19 09:00:00,Russia,Europe-Ural,RU,386.13,353.94,32.91,11.96,so-ups.ru,false,
2024-07-19 10:00:00,Russia,Europe-Ural,RU,387.91,355.28,32.59,11.55,so-ups.ru,false,
2024-07-19 11:00:00,Russia,Europe-Ural,RU,386.5,354.19,32.85,11.83,so-ups.ru,false,
2024-07-19 12:00:00,Russia,Europe-Ural,RU,392.98,359.74,31.72,10.51,so-ups.ru,false,
2024-07-19 13:00:00,Russia,Europe-Ural,RU,394.36,360.82,31.49,10.09,so-ups.ru,false,
2024-07-19 14:00:00,Russia,Europe-Ural,RU,395.35,361.42,31.3,9.77,so-ups.ru,false,
2024-07-19 15:00:00,Russia,Europe-Ural,RU,396.05,362.24,31.19,9.37,so-ups.ru,false,
2024-07-19 16:00:00,Russia,Europe-Ural,RU,394.31,361.13,31.52,9.48,so-ups.ru,false,
2024-07-19 17:00:00,Russia,Europe-Ural,RU,393.69,360.47,31.62,9.42,so-ups.ru,false,
2024-07-19 18:00:00,Russia,Europe-Ural,RU,388.23,355.05,32.54,9.51,so-ups.ru,false,
2024-07-19 19:00:00,Russia,Europe-Ural,RU,387.38,354.46,32.7,8.91,so-ups.ru,false,
2024-07-19 20:00:00,Russia,Europe-Ural,RU,383.7,350.94,33.34,7.72,so-ups.ru,false,
2024-07-19 21:00:00,Russia,Europe-Ural,RU,385.92,351.94,32.9,5.88,so-ups.ru,false,
2024-07-19 22:00:00,Russia,Europe-Ural,RU,384.22,350.39,33.18,5.64,so-ups.ru,false,
2024-07-19 23:00:00,Russia,Europe-Ural,RU,381.13,347.69,33.7,5.67,so-ups.ru,false,
2024-07-20 00:00:00,Russia,Europe-Ural,RU,382.07,348.33,33.56,5.38,so-ups.ru,false,
2024-07-20 01:00:00,Russia,Europe-Ural,RU,382.27,348.58,33.51,5.2,so-ups.ru,false,
2024-07-20 02:00:00,Russia,Europe-Ural,RU,386.96,352.99,32.73,5.36,so-ups.ru,false,
2024-07-20 03:00:00,Russia,Europe-Ural,RU,386.65,353.54,32.79,6.48,so-ups.ru,false,
2024-07-20 04:00:00,Russia,Europe-Ural,RU,387.45,354.68,32.69,7.6,so-ups.ru,false,
2024-07-20 05:00:00,Russia,Europe-Ural,RU,387.58,355.01,32.67,8.87,so-ups.ru,false,
2024-07-20 06:00:00,Russia,Europe-Ural,RU,385.4,352.69,33.0,9.9,so-ups.ru,false,
2024-07-20 07:00:00,Russia,Europe-Ural,RU,381.13,348.96,33.75,10.91,so-ups.ru,false,
2024-07-20 08:00:00,Russia,Europe-Ural,RU,379.61,347.8,34.03,11.36,so-ups.ru,false,
2024-07-20 09:00:00,Russia,Europe-Ural,RU,375.69,344.24,34.7,12.02,so-ups.ru,false,
2024-07-20 10:00:00,Russia,Europe-Ural,RU,379.27,347.44,34.09,11.46,so-ups.ru,false,
2024-07-20 11:00:00,Russia,Europe-Ural,RU,380.63,348.51,33.85,11.35,so-ups.ru,false,
2024-07-20 12:00:00,Russia,Europe-Ural,RU,383.55,351.35,33.36,10.69,so-ups.ru,false,
2024-07-20 13:00:00,Russia,Europe-Ural,RU,384.97,352.69,33.13,10.45,so-ups.ru,false,
2024-07-20 14:00:00,Russia,Europe-Ural,RU,382.78,350.55,33.5,10.29,so-ups.ru,false,
2024-07-20 15:00:00,Russia,Europe-Ural,RU,382.93,350.23,33.45,9.85,so-ups.ru,false,
2024-07-20 16:00:00,Russia,Europe-Ural,RU,382.89,350.86,33.49,9.77,so-ups.ru,false,
2024-07-20 17:00:00,Russia,Europe-Ural,RU,382.23,349.97,33.59,9.83,so-ups.ru,false,
2024-07-20 18:00:00,Russia,Europe-Ural,RU,385.48,352.98,33.04,8.84,so-ups.ru,false,
2024-07-20 19:00:00,Russia,Europe-Ural,RU,383.31,351.1,33.43,8.26,so-ups.ru,false,
2024-07-20 20:00:00,Russia,Europe-Ural,RU,386.6,353.18,32.82,6.1,so-ups.ru,false,
2024-07-20 21:00:00,Russia,Europe-Ural,RU,382.58,349.32,33.5,5.79,so-ups.ru,false,
2024-07-20 22:00:00,Russia,Europe-Ural,RU,376.22,343.5,34.57,5.89,so-ups.ru,false,
2024-07-20 23:00:00,Russia,Europe-Ural,RU,373.59,341.24,35.04,5.9,so-ups.ru,false,
2024-07-21 00:00:00,Russia,Europe-Ural,RU,370.89,339.08,35.53,6.04,so-ups.ru,false,
2024-07-21 01:00:00,Russia,Europe-Ural,RU,370.07,337.81,35.64,5.99,so-ups.ru,false,
2024-07-21 02:00:00,Russia,Europe-Ural,RU,374.43,342.02,34.89,6.09,so-ups.ru,false,
2024-07-21 03:00:00,Russia,Europe-Ural,RU,371.68,339.75,35.38,7.56,so-ups.ru,false,
2024-07-21 04:00:00,Russia,Europe-Ural,RU,378.92,346.61,34.14,7.69,so-ups.ru,false,
2024-07-21 05:00:00,Russia,Europe-Ural,RU,382.28,349.61,33.55,8.37,so-ups.ru,false,
2024-07-21 06:00:00,Russia,Europe-Ural,RU,380.96,348.32,33.75,9.3,so-ups.ru,false,
2024-07-21 07:00:00,Russia,Europe-Ural,RU,378.15,346.42,34.28,10.46,so-ups.ru,false,
2024-07-21 08:00:00,Russia,Europe-Ural,RU,375.78,344.96,34.71,11.26,so-ups.ru,false,
2024-07-21 09:00:00,Russia,Europe-Ural,RU,371.64,341.19,35.42,11.99,so-ups.ru,false,
2024-07-21 10:00:00,Russia,Europe-Ural,RU,371.84,341.33,35.38,11.99,so-ups.ru,false,
2024-07-21 11:00:00,Russia,Europe-Ural,RU,372.65,341.9,35.25,11.9,so-ups.ru,false,
2024-07-21 12:00:00,Russia,Europe-Ural,RU,374.51,343.43,34.92,11.49,so-ups.ru,false,
2024-07-21 13:00:00,Russia,Europe-Ural,RU,379.9,348.19,34.0,10.87,so-ups.ru,false,
2024-07-21 14:00:00,Russia,Europe-Ural,RU,382.07,350.23,33.63,10.54,so-ups.ru,false,
2024-07-21 15:00:00,Russia,Europe-Ural,RU,383.65,351.64,33.36,10.08,so-ups.ru,false,
2024-07-21 16:00:00,Russia,Europe-Ural,RU,382.97,351.45,33.5,10.02,so-ups.ru,false,
2024-07-21 17:00:00,Russia,Europe-Ural,RU,382.56,351.64,33.6,10.15,so-ups.ru,false,
2024-07-21 18:00:00,Russia,Europe-Ural,RU,382.6,351.42,33.58,9.54,so-ups.ru,false,
2024-07-21 19:00:00,Russia,Europe-Ural,RU,378.47,347.73,34.31,9.05,so-ups.ru,false,
2024-07-21 20:00:00,Russia,Europe-Ural,RU,377.45,345.62,34.43,7.36,so-ups.ru,false,
2024-07-21 21:00:00,Russia,Europe-Ural,RU,381.24,348.51,33.76,5.71,so-ups.ru,false,
2024-07-21 22:00:00,Russia,Europe-Ural,RU,379.0,345.98,34.12,5.32,so-ups.ru,false,
2024-07-21 23:00:00,Russia,Europe-Ural,RU,376.07,343.02,34.6,5.31,so-ups.ru,false,
2024-07-22 00:00:00,Russia,Europe-Ural,RU,377.25,344.68,34.44,5.01,so-ups.ru,false,
2024-07-22 01:00:00,Russia,Europe-Ural,RU,379.26,347.04,34.11,5.19,so-ups.ru,false,
2024-07-22 02:00:00,Russia,Europe-Ural,RU,383.88,350.92,33.27,5.6,so-ups.ru,false,
2024-07-22 03:00:00,Russia,Europe-Ural,RU,380.77,348.55,33.83,7.84,so-ups.ru,false,
2024-07-22 04:00:00,Russia,Europe-Ural,RU,382.97,351.02,33.47,9.14,so-ups.ru,false,
2024-07-22 05:00:00,Russia,Europe-Ural,RU,387.25,354.95,32.73,9.77,so-ups.ru,false,
2024-07-22 06:00:00,Russia,Europe-Ural,RU,379.68,348.77,34.06,11.85,so-ups.ru,false,
2024-07-22 07:00:00,Russia,Europe-Ural,RU,381.96,350.7,33.66,11.71,so-ups.ru,false,
2024-07-22 08:00:00,Russia,Europe-Ural,RU,380.53,349.53,33.9,12.08,so-ups.ru,false,
2024-07-22 09:00:00,Russia,Europe-Ural,RU,379.15,347.93,34.12,12.32,so-ups.ru,false,
2024-07-22 10:00:00,Russia,Europe-Ural,RU,380.9,349.59,33.83,12.18,so-ups.ru,false,
2024-07-22 11:00:00,Russia,Europe-Ural,RU,381.37,350.15,33.76,12.08,so-ups.ru,false,
2024-07-22 12:00:00,Russia,Europe-Ural,RU,385.28,353.56,33.08,11.31,so-ups.ru,false,
2024-07-22 13:00:00,Russia,Europe-Ural,RU,385.29,353.76,33.1,11.11,so-ups.ru,false,
2024-07-22 14:00:00,Russia,Europe-Ural,RU,383.95,352.83,33.35,11.07,so-ups.ru,false,
2024-07-22 15:00:00,Russia,Europe-Ural,RU,387.47,355.77,32.74,10.08,so-ups.ru,false,
2024-07-22 16:00:00,Russia,Europe-Ural,RU,386.87,355.25,32.85,9.86,so-ups.ru,false,
2024-07-22 17:00:00,Russia,Europe-Ural,RU,384.87,353.62,33.2,10.03,so-ups.ru,false,
2024-07-22 18:00:00,Russia,Europe-Ural,RU,379.64,348.71,34.09,9.91,so-ups.ru,false,
2024-07-22 19:00:00,Russia,Europe-Ural,RU,373.41,342.57,35.14,9.64,so-ups.ru,false,
2024-07-22 20:00:00,Russia,Europe-Ural,RU,369.85,338.78,35.73,8.78,so-ups.ru,false,
2024-07-22 21:00:00,Russia,Europe-Ural,RU,374.99,342.55,34.82,5.92,so-ups.ru,false,
2024-07-22 22:00:00,Russia,Europe-Ural,RU,374.08,342.17,34.98,5.74,so-ups.ru,false,
2024-07-22 23:00:00,Russia,Europe-Ural,RU,371.82,340.07,35.37,5.77,so-ups.ru,false,
2024-07-23 00:00:00,Russia,Europe-Ural,RU,373.39,341.56,35.1,5.44,so-ups.ru,false,
2024-07-23 01:00:00,Russia,Europe-Ural,RU,373.58,342.2,35.11,5.75,so-ups.ru,false,
2024-07-23 02:00:00,Russia,Europe-Ural,RU,374.94,343.66,34.85,6.47,so-ups.ru,false,
2024-07-23 03:00:00,Russia,Europe-Ural,RU,377.48,345.69,34.42,7.47,so-ups.ru,false,
2024-07-23 04:00:00,Russia,Europe-Ural,RU,380.37,348.4,33.92,8.34,so-ups.ru,false,
2024-07-23 05:00:00,Russia,Europe-Ural,RU,385.47,353.53,33.06,9.07,so-ups.ru,false,
2024-07-23 06:00:00,Russia,Europe-Ural,RU,381.59,350.59,33.75,10.33,so-ups.ru,false,
2024-07-23 07:00:00,Russia,Europe-Ural,RU,377.52,346.84,34.44,10.98,so-ups.ru,false,
2024-07-23 08:00:00,Russia,Europe-Ural,RU,378.55,347.94,34.28,10.88,so-ups.ru,false,
2024-07-23 09:00:00,Russia,Europe-Ural,RU,378.2,347.74,34.34,10.91,so-ups.ru,false,
2024-07-23 10:00:00,Russia,Europe-Ural,RU,377.12,346.1,34.49,11.09,so-ups.ru,false,
2024-07-23 11:00:00,Russia,Europe-Ural,RU,378.02,347.17,34.35,10.84,so-ups.ru,false,
2024-07-23 12:00:00,Russia,Europe-Ural,RU,379.77,348.35,34.03,10.32,so-ups.ru,false,
2024-07-23 13:00:00,Russia,Europe-Ural,RU,380.36,348.95,33.94,9.89,so-ups.ru,false,
2024-07-23 14:00:00,Russia,Europe-Ural,RU,377.16,346.51,34.52,10.16,so-ups.ru,false,
2024-07-23 15:00:00,Russia,Europe-Ural,RU,379.17,348.45,34.19,9.47,so-ups.ru,false,
2024-07-23 16:00:00,Russia,Europe-Ural,RU,376.47,346.23,34.66,9.85,so-ups.ru,false,
2024-07-23 17:00:00,Russia,Europe-Ural,RU,371.52,342.1,35.54,9.87,so-ups.ru,false,
2024-07-23 18:00:00,Russia,Europe-Ural,RU,370.6,341.24,35.68,9.23,so-ups.ru,false,
2024-07-23 19:00:00,Russia,Europe-Ural,RU,363.61,334.77,36.89,9.13,so-ups.ru,false,
2024-07-23 20:00:00,Russia,Europe-Ural,RU,358.99,329.7,37.64,8.5,so-ups.ru,false,
2024-07-23 21:00:00,Russia,Europe-Ural,RU,356.55,327.03,38.05,7.1,so-ups.ru,false,
2024-07-23 22:00:00,Russia,Europe-Ural,RU,357.4,328.26,37.91,6.67,so-ups.ru,false,
2024-07-23 23:00:00,Russia,Europe-Ural,RU,356.9,327.72,38.0,6.49,so-ups.ru,false,
2024-07-24 00:00:00,Russia,Europe-Ural,RU,358.76,328.6,37.64,5.86,so-ups.ru,false,
2024-07-24 01:00:00,Russia,Europe-Ural,RU,361.38,331.32,37.21,5.82,so-ups.ru,false,
2024-07-24 02:00:00,Russia,Europe-Ural,RU,362.29,332.9,37.06,7.06,so-ups.ru,false,
2024-07-24 03:00:00,Russia,Europe-Ural,RU,363.43,334.1,36.89,8.42,so-ups.ru,false,
2024-07-24 04:00:00,Russia,Europe-Ural,RU,370.8,340.77,35.61,8.86,so-ups.ru,false,
2024-07-24 05:00:00,Russia,Europe-Ural,RU,376.81,345.55,34.54,9.12,so-ups.ru,false,
2024-07-24 06:00:00,Russia,Europe-Ural,RU,377.52,346.75,34.45,9.7,so-ups.ru,false,
2024-07-24 07:00:00,Russia,Europe-Ural,RU,376.46,346.15,34.65,10.12,so-ups.ru,false,
2024-07-24 08:00:00,Russia,Europe-Ural,RU,375.34,345.4,34.85,10.37,so-ups.ru,false,
2024-07-24 09:00:00,Russia,Europe-Ural,RU,374.12,344.06,35.05,10.45,so-ups.ru,false,
2024-07-24 10:00:00,Russia,Europe-Ural,RU,375.04,344.86,34.88,10.41,so-ups.ru,false,
2024-07-24 11:00:00,Russia,Europe-Ural,RU,376.74,346.45,34.6,10.17,so-ups.ru,false,
2024-07-24 12:00:00,Russia,Europe-Ural,RU,377.83,347.16,34.4,9.77,so-ups.ru,false,
2024-07-24 13:00:00,Russia,Europe-Ural,RU,378.44,347.56,34.3,9.39,so-ups.ru,false,
2024-07-24 14:00:00,Russia,Europe-Ural,RU,381.73,350.47,33.72,9.15,so-ups.ru,false,
2024-07-24 15:00:00,Russia,Europe-Ural,RU,382.58,351.41,33.59,9.0,so-ups.ru,false,
2024-07-24 16:00:00,Russia,Europe-Ural,RU,382.1,351.16,33.67,8.81,so-ups.ru,false,
2024-07-24 17:00:00,Russia,Europe-Ural,RU,381.05,350.11,33.86,8.74,so-ups.ru,false,
2024-07-24 18:00:00,Russia,Europe-Ural,RU,375.91,345.67,34.75,9.07,so-ups.ru,false,
2024-07-24 19:00:00,Russia,Europe-Ural,RU,367.92,338.49,36.15,8.94,so-ups.ru,false,
2024-07-24 20:00:00,Russia,Europe-Ural,RU,362.48,332.6,37.03,8.6,so-ups.ru,false,
2024-07-24 21:00:00,Russia,Europe-Ural,RU,371.8,339.45,35.35,5.57,so-ups.ru,false,
2024-07-24 22:00:00,Russia,Europe-Ural,RU,368.67,336.61,35.89,5.32,so-ups.ru,false,
2024-07-24 23:00:00,Russia,Europe-Ural,RU,366.09,334.24,36.34,5.33,so-ups.ru,false,
2024-07-25 00:00:00,Russia,Europe-Ural,RU,364.9,333.38,36.53,5.36,so-ups.ru,false,
2024-07-25 01:00:00,Russia,Europe-Ural,RU,368.25,336.95,36.0,5.45,so-ups.ru,false,
2024-07-25 02:00:00,Russia,Europe-Ural,RU,373.98,341.74,34.99,5.8,so-ups.ru,false,
2024-07-25 03:00:00,Russia,Europe-Ural,RU,373.83,342.28,35.02,7.38,so-ups.ru,false,
2024-07-25 04:00:00,Russia,Europe-Ural,RU,378.87,346.91,34.17,8.19,so-ups.ru,false,
2024-07-25 05:00:00,Russia,Europe-Ural,RU,377.54,346.22,34.4,9.85,so-ups.ru,false,
2024-07-25 06:00:00,Russia,Europe-Ural,RU,379.1,347.72,34.13,10.2,so-ups.ru,false,
2024-07-25 07:00:00,Russia,Europe-Ural,RU,380.51,349.36,33.92,10.44,so-ups.ru,false,
2024-07-25 08:00:00,Russia,Europe-Ural,RU,376.92,346.28,34.54,11.08,so-ups.ru,false,
2024-07-25 09:00:00,Russia,Europe-Ural,RU,378.44,347.57,34.27,10.93,so-ups.ru,false,
2024-07-25 10:00:00,Russia,Europe-Ural,RU,378.88,348.06,34.2,11.01,so-ups.ru,false,
2024-07-25 11:00:00,Russia,Europe-Ural,RU,379.78,348.76,34.05,10.86,so-ups.ru,false,
2024-07-25 12:00:00,Russia,Europe-Ural,RU,382.12,350.84,33.63,10.31,so-ups.ru,false,
2024-07-25 13:00:00,Russia,Europe-Ural,RU,385.73,353.8,33.02,9.64,so-ups.ru,false,
2024-07-25 14:00:00,Russia,Europe-Ural,RU,386.2,354.66,32.98,9.51,so-ups.ru,false,
2024-07-25 15:00:00,Russia,Europe-Ural,RU,385.31,353.69,33.12,9.65,so-ups.ru,false,
2024-07-25 16:00:00,Russia,Europe-Ural,RU,386.95,355.23,32.83,9.15,so-ups.ru,false,
2024-07-25 17:00:00,Russia,Europe-Ural,RU,383.08,351.98,33.51,9.75,so-ups.ru,false,
2024-07-25 18:00:00,Russia,Europe-Ural,RU,381.95,351.17,33.71,9.25,so-ups.ru,false,
2024-07-25 19:00:00,Russia,Europe-Ural,RU,378.27,347.33,34.34,8.27,so-ups.ru,false,
2024-07-25 20:00:00,Russia,Europe-Ural,RU,378.87,346.88,34.17,6.31,so-ups.ru,false,
2024-07-25 21:00:00,Russia,Europe-Ural,RU,366.97,336.68,36.25,7.3,so-ups.ru,false,
2024-07-25 22:00:00,Russia,Europe-Ural,RU,365.49,333.97,36.42,6.42,so-ups.ru,false,
2024-07-25 23:00:00,Russia,Europe-Ural,RU,362.71,331.43,36.92,6.76,so-ups.ru,false,
2024-07-26 00:00:00,Russia,Europe-Ural,RU,366.61,334.97,36.2,5.74,so-ups.ru,false,
2024-07-26 01:00:00,Russia,Europe-Ural,RU,367.48,335.58,36.08,5.85,so-ups.ru,false,
2024-07-26 02:00:00,Russia,Europe-Ural,RU,372.7,341.01,35.22,6.54,so-ups.ru,false,
2024-07-26 03:00:00,Russia,Europe-Ural,RU,372.22,340.83,35.3,8.29,so-ups.ru,false,
2024-07-26 04:00:00,Russia,Europe-Ural,RU,376.89,345.11,34.51,9.04,so-ups.ru,false,
2024-07-26 05:00:00,Russia,Europe-Ural,RU,384.7,352.46,33.17,9.34,so-ups.ru,false,
2024-07-26 06:00:00,Russia,Europe-Ural,RU,384.21,352.79,33.26,10.16,so-ups.ru,false,
2024-07-26 07:00:00,Russia,Europe-Ural,RU,384.27,352.96,33.29,10.53,so-ups.ru,false,
2024-07-26 08:00:00,Russia,Europe-Ural,RU,383.41,352.08,33.43,10.76,so-ups.ru,false,
2024-07-26 09:00:00,Russia,Europe-Ural,RU,383.24,351.87,33.45,10.71,so-ups.ru,false,
2024-07-26 10:00:00,Russia,Europe-Ural,RU,382.53,351.24,33.58,11.0,so-ups.ru,false,
2024-07-26 11:00:00,Russia,Europe-Ural,RU,384.79,353.42,33.19,10.55,so-ups.ru,false,
2024-07-26 12:00:00,Russia,Europe-Ural,RU,387.93,356.0,32.66,9.83,so-ups.ru,false,
2024-07-26 13:00:00,Russia,Europe-Ural,RU,390.12,357.85,32.29,9.21,so-ups.ru,false,
2024-07-26 14:00:00,Russia,Europe-Ural,RU,388.73,356.69,32.54,9.27,so-ups.ru,false,
2024-07-26 15:00:00,Russia,Europe-Ural,RU,388.93,356.68,32.49,8.88,so-ups.ru,false,
2024-07-26 16:00:00,Russia,Europe-Ural,RU,386.72,354.66,32.86,8.98,so-ups.ru,false,
2024-07-26 17:00:00,Russia,Europe-Ural,RU,387.94,356.07,32.67,8.69,so-ups.ru,false,
2024-07-26 18:00:00,Russia,Europe-Ural,RU,381.67,350.66,33.74,8.97,so-ups.ru,false,
2024-07-26 19:00:00,Russia,Europe-Ural,RU,375.69,344.87,34.78,8.52,so-ups.ru,false,
2024-07-26 20:00:00,Russia,Europe-Ural,RU,372.18,341.42,35.37,7.43,so-ups.ru,false,
2024-07-26 21:00:00,Russia,Europe-Ural,RU,374.59,343.55,34.96,5.83,so-ups.ru,false,
2024-07-26 22:00:00,Russia,Europe-Ural,RU,370.23,339.61,35.68,5.73,so-ups.ru,false,
2024-07-26 23:00:00,Russia,Europe-Ural,RU,367.08,336.69,36.21,5.77,so-ups.ru,false,
2024-07-27 00:00:00,Russia,Europe-Ural,RU,364.49,334.39,36.69,5.81,so-ups.ru,false,
2024-07-27 01:00:00,Russia,Europe-Ural,RU,363.93,333.01,36.75,5.75,so-ups.ru,false,
2024-07-27 02:00:00,Russia,Europe-Ural,RU,369.28,337.62,35.81,5.93,so-ups.ru,false,
2024-07-27 03:00:00,Russia,Europe-Ural,RU,372.08,340.54,35.33,7.02,so-ups.ru,false,
2024-07-27 04:00:00,Russia,Europe-Ural,RU,375.88,344.36,34.69,7.62,so-ups.ru,false,
2024-07-27 05:00:00,Russia,Europe-Ural,RU,377.9,346.3,34.34,8.79,so-ups.ru,false,
2024-07-27 06:00:00,Russia,Europe-Ural,RU,376.23,345.23,34.64,9.95,so-ups.ru,false,
2024-07-27 07:00:00,Russia,Europe-Ural,RU,376.14,344.93,34.64,10.27,so-ups.ru,false,
2024-07-27 08:00:00,Russia,Europe-Ural,RU,375.54,344.36,34.73,10.49,so-ups.ru,false,
2024-07-27 09:00:00,Russia,Europe-Ural,RU,375.65,344.71,34.74,10.63,so-ups.ru,false,
2024-07-27 10:00:00,Russia,Europe-Ural,RU,377.12,345.77,34.47,10.37,so-ups.ru,false,
2024-07-27 11:00:00,Russia,Europe-Ural,RU,376.52,344.49,34.54,10.2,so-ups.ru,false,
2024-07-27 12:00:00,Russia,Europe-Ural,RU,379.35,346.8,34.05,9.68,so-ups.ru,false,
2024-07-27 13:00:00,Russia,Europe-Ural,RU,381.67,349.25,33.67,9.26,so-ups.ru,false,
2024-07-27 14:00:00,Russia,Europe-Ural,RU,384.11,351.38,33.24,8.85,so-ups.ru,false,
2024-07-27 15:00:00,Russia,Europe-Ural,RU,384.49,351.71,33.19,8.62,so-ups.ru,false,
2024-07-27 16:00:00,Russia,Europe-Ural,RU,383.95,351.35,33.28,8.5,so-ups.ru,false,
2024-07-27 17:00:00,Russia,Europe-Ural,RU,384.54,352.05,33.19,8.28,so-ups.ru,false,
2024-07-27 18:00:00,Russia,Europe-Ural,RU,381.79,350.18,33.71,8.17,so-ups.ru,false,
2024-07-27 19:00:00,Russia,Europe-Ural,RU,374.12,343.29,35.03,8.2,so-ups.ru,false,
2024-07-27 20:00:00,Russia,Europe-Ural,RU,374.87,342.67,34.85,6.25,so-ups.ru,false,
2024-07-27 21:00:00,Russia,Europe-Ural,RU,371.25,338.93,35.44,5.48,so-ups.ru,false,
2024-07-27 22:00:00,Russia,Europe-Ural,RU,367.28,335.45,36.11,5.48,so-ups.ru,false,
2024-07-27 23:00:00,Russia,Europe-Ural,RU,364.6,332.95,36.58,5.58,so-ups.ru,false,
2024-07-28 00:00:00,Russia,Europe-Ural,RU,361.35,330.24,37.16,5.75,so-ups.ru,false,
2024-07-28 01:00:00,Russia,Europe-Ural,RU,360.22,329.23,37.34,5.8,so-ups.ru,false,
2024-07-28 02:00:00,Russia,Europe-Ural,RU,363.46,332.34,36.77,5.99,so-ups.ru,false,
2024-07-28 03:00:00,Russia,Europe-Ural,RU,363.92,332.76,36.72,7.1,so-ups.ru,false,
2024-07-28 04:00:00,Russia,Europe-Ural,RU,371.63,339.74,35.37,7.26,so-ups.ru,false,
2024-07-28 05:00:00,Russia,Europe-Ural,RU,370.36,338.99,35.61,9.05,so-ups.ru,false,
2024-07-28 06:00:00,Russia,Europe-Ural,RU,371.47,341.2,35.48,10.06,so-ups.ru,false,
2024-07-28 07:00:00,Russia,Europe-Ural,RU,368.59,338.39,35.96,10.89,so-ups.ru,false,
2024-07-28 08:00:00,Russia,Europe-Ural,RU,369.9,339.29,35.71,10.9,so-ups.ru,false,
2024-07-28 09:00:00,Russia,Europe-Ural,RU,370.8,340.02,35.56,10.9,so-ups.ru,false,
2024-07-28 10:00:00,Russia,Europe-Ural,RU,372.66,342.1,35.25,10.73,so-ups.ru,false,
2024-07-28 11:00:00,Russia,Europe-Ural,RU,372.91,342.36,35.22,10.71,so-ups.ru,false,
2024-07-28 12:00:00,Russia,Europe-Ural,RU,377.51,346.01,34.41,9.7,so-ups.ru,false,
2024-07-28 13:00:00,Russia,Europe-Ural,RU,378.8,347.16,34.19,9.63,so-ups.ru,false,
2024-07-28 14:00:00,Russia,Europe-Ural,RU,380.65,348.71,33.87,9.21,so-ups.ru,false,
2024-07-28 15:00:00,Russia,Europe-Ural,RU,381.8,349.44,33.64,9.04,so-ups.ru,false,
2024-07-28 16:00:00,Russia,Europe-Ural,RU,384.98,352.45,33.12,8.42,so-ups.ru,false,
2024-07-28 17:00:00,Russia,Europe-Ural,RU,384.74,352.89,33.19,8.46,so-ups.ru,false,
2024-07-28 18:00:00,Russia,Europe-Ural,RU,385.07,353.46,33.16,7.86,so-ups.ru,false,
2024-07-28 19:00:00,Russia,Europe-Ural,RU,375.3,344.59,34.84,8.19,so-ups.ru,false,
2024-07-28 20:00:00,Russia,Europe-Ural,RU,374.01,342.66,35.03,6.66,so-ups.ru,false,
2024-07-28 21:00:00,Russia,Europe-Ural,RU,365.78,335.18,36.45,6.58,so-ups.ru,false,
2024-07-28 22:00:00,Russia,Europe-Ural,RU,362.03,331.49,37.06,6.52,so-ups.ru,false,
2024-07-28 23:00:00,Russia,Europe-Ural,RU,359.57,329.53,37.52,6.6,so-ups.ru,false,
2024-07-29 00:00:00,Russia,Europe-Ural,RU,358.03,327.36,37.74,6.51,so-ups.ru,false,
2024-07-29 01:00:00,Russia,Europe-Ural,RU,360.19,329.41,37.35,6.42,so-ups.ru,false,
2024-07-29 02:00:00,Russia,Europe-Ural,RU,369.94,338.39,35.7,6.58,so-ups.ru,false,
2024-07-29 03:00:00,Russia,Europe-Ural,RU,373.45,342.24,35.1,7.8,so-ups.ru,false,
2024-07-29 04:00:00,Russia,Europe-Ural,RU,374.47,343.37,34.94,9.23,so-ups.ru,false,
2024-07-29 05:00:00,Russia,Europe-Ural,RU,380.18,348.54,33.94,9.62,so-ups.ru,false,
2024-07-29 06:00:00,Russia,Europe-Ural,RU,379.99,348.42,33.98,10.28,so-ups.ru,false,
2024-07-29 07:00:00,Russia,Europe-Ural,RU,379.71,348.64,34.05,10.8,so-ups.ru,false,
2024-07-29 08:00:00,Russia,Europe-Ural,RU,380.03,348.48,33.96,10.69,so-ups.ru,false,
2024-07-29 09:00:00,Russia,Europe-Ural,RU,380.17,348.77,33.96,10.76,so-ups.ru,false,
2024-07-29 10:00:00,Russia,Europe-Ural,RU,382.21,350.67,33.6,10.55,so-ups.ru,false,
2024-07-29 11:00:00,Russia,Europe-Ural,RU,383.38,351.69,33.41,10.34,so-ups.ru,false,
2024-07-29 12:00:00,Russia,Europe-Ural,RU,389.39,356.8,32.37,9.17,so-ups.ru,false,
2024-07-29 13:00:00,Russia,Europe-Ural,RU,389.29,356.83,32.4,8.92,so-ups.ru,false,
2024-07-29 14:00:00,Russia,Europe-Ural,RU,388.36,355.96,32.55,8.87,so-ups.ru,false,
2024-07-29 15:00:00,Russia,Europe-Ural,RU,388.36,355.95,32.55,8.72,so-ups.ru,false,
2024-07-29 16:00:00,Russia,Europe-Ural,RU,387.81,355.27,32.64,8.58,so-ups.ru,false,
2024-07-29 17:00:00,Russia,Europe-Ural,RU,387.01,354.87,32.8,8.54,so-ups.ru,false,
2024-07-29 18:00:00,Russia,Europe-Ural,RU,384.77,353.45,33.21,8.29,so-ups.ru,false,
2024-07-29 19:00:00,Russia,Europe-Ural,RU,371.49,341.45,35.51,7.83,so-ups.ru,false,
2024-07-29 20:00:00,Russia,Europe-Ural,RU,361.37,331.01,37.19,7.46,so-ups.ru,false,
2024-07-29 21:00:00,Russia,Europe-Ural,RU,359.85,330.28,37.49,6.5,so-ups.ru,false,
2024-07-29 22:00:00,Russia,Europe-Ural,RU,357.24,327.77,37.93,6.39,so-ups.ru,false,
2024-07-29 23:00:00,Russia,Europe-Ural,RU,356.35,326.89,38.09,6.4,so-ups.ru,false,
2024-07-30 00:00:00,Russia,Europe-Ural,RU,355.83,325.91,38.15,6.34,so-ups.ru,false,
2024-07-30 01:00:00,Russia,Europe-Ural,RU,357.96,328.54,37.82,6.41,so-ups.ru,false,
2024-07-30 02:00:00,Russia,Europe-Ural,RU,363.65,333.54,36.82,6.64,so-ups.ru,false,
2024-07-30 03:00:00,Russia,Europe-Ural,RU,365.07,335.03,36.58,7.94,so-ups.ru,false,
2024-07-30 04:00:00,Russia,Europe-Ural,RU,372.91,342.3,35.24,8.29,so-ups.ru,false,
2024-07-30 05:00:00,Russia,Europe-Ural,RU,375.0,344.92,34.91,9.6,so-ups.ru,false,
2024-07-30 06:00:00,Russia,Europe-Ural,RU,373.49,343.34,35.15,10.33,so-ups.ru,false,
2024-07-30 07:00:00,Russia,Europe-Ural,RU,372.64,342.66,35.3,10.62,so-ups.ru,false,
2024-07-30 08:00:00,Russia,Europe-Ural,RU,371.27,341.66,35.54,10.87,so-ups.ru,false,
2024-07-30 09:00:00,Russia,Europe-Ural,RU,372.35,342.82,35.37,10.68,so-ups.ru,false,
2024-07-30 10:00:00,Russia,Europe-Ural,RU,373.76,343.91,35.11,10.41,so-ups.ru,false,
2024-07-30 11:00:00,Russia,Europe-Ural,RU,374.28,344.43,35.03,10.2,so-ups.ru,false,
2024-07-30 12:00:00,Russia,Europe-Ural,RU,377.37,346.83,34.48,9.46,so-ups.ru,false,
2024-07-30 13:00:00,Russia,Europe-Ural,RU,379.72,349.08,34.1,8.96,so-ups.ru,false,
2024-07-30 14:00:00,Russia,Europe-Ural,RU,376.66,346.05,34.62,9.08,so-ups.ru,false,
2024-07-30 15:00:00,Russia,Europe-Ural,RU,377.2,347.12,34.56,8.92,so-ups.ru,false,
2024-07-30 16:00:00,Russia,Europe-Ural,RU,377.16,346.89,34.55,8.56,so-ups.ru,false,
2024-07-30 17:00:00,Russia,Europe-Ural,RU,378.43,347.84,34.32,8.51,so-ups.ru,false,
2024-07-30 18:00:00,Russia,Europe-Ural,RU,376.14,345.77,34.72,7.97,so-ups.ru,false,
2024-07-30 19:00:00,Russia,Europe-Ural,RU,367.28,338.05,36.27,8.14,so-ups.ru,false,
2024-07-30 20:00:00,Russia,Europe-Ural,RU,365.49,336.47,36.58,6.53,so-ups.ru,false,
2024-07-30 21:00:00,Russia,Europe-Ural,RU,359.93,330.92,37.51,6.5,so-ups.ru,false,
2024-07-30 22:00:00,Russia,Europe-Ural,RU,357.01,328.17,37.99,6.44,so-ups.ru,false,
2024-07-30 23:00:00,Russia,Europe-Ural,RU,357.84,328.67,37.84,6.06,so-ups.ru,false,
2024-07-31 00:00:00,Russia,Europe-Ural,RU,357.99,329.23,37.82,6.08,so-ups.ru,false,
2024-07-31 01:00:00,Russia,Europe-Ural,RU,358.85,330.26,37.72,6.16,so-ups.ru,false,
2024-07-31 02:00:00,Russia,Europe-Ural,RU,362.77,333.86,37.03,6.78,so-ups.ru,false,
2024-07-31 03:00:00,Russia,Europe-Ural,RU,365.38,336.24,36.58,8.08,so-ups.ru,false,
2024-07-31 04:00:00,Russia,Europe-Ural,RU,370.42,340.55,35.68,8.52,so-ups.ru,false,
2024-07-31 05:00:00,Russia,Europe-Ural,RU,373.38,342.68,35.15,9.43,so-ups.ru,false,
2024-07-31 06:00:00,Russia,Europe-Ural,RU,371.18,341.17,35.53,10.4,so-ups.ru,false,
2024-07-31 07:00:00,Russia,Europe-Ural,RU,369.07,338.87,35.88,10.78,so-ups.ru,false,
2024-07-31 08:00:00,Russia,Europe-Ural,RU,368.64,338.61,35.97,10.77,so-ups.ru,false,
2024-07-31 09:00:00,Russia,Europe-Ural,RU,369.08,339.27,35.9,10.89,so-ups.ru,false,
2024-07-31 10:00:00,Russia,Europe-Ural,RU,370.6,340.7,35.65,10.67,so-ups.ru,false,
2024-07-31 11:00:00,Russia,Europe-Ural,RU,371.85,341.73,35.43,10.48,so-ups.ru,false,
2024-07-31 12:00:00,Russia,Europe-Ural,RU,375.27,344.88,34.85,9.72,so-ups.ru,false,
2024-07-31 13:00:00,Russia,Europe-Ural,RU,376.22,345.98,34.7,9.41,so-ups.ru,false,
2024-07-31 14:00:00,Russia,Europe-Ural,RU,376.0,345.56,34.74,9.22,so-ups.ru,false,
2024-07-31 15:00:00,Russia,Europe-Ural,RU,376.11,345.37,34.7,9.11,so-ups.ru,false,
2024-07-31 16:00:00,Russia,Europe-Ural,RU,376.69,346.04,34.61,8.79,so-ups.ru,false,
2024-07-31 17:00:00,Russia,Europe-Ural,RU,373.8,343.84,35.12,9.24,so-ups.ru,false,
2024-07-31 18:00:00,Russia,Europe-Ural,RU,369.71,340.23,35.84,8.94,so-ups.ru,false,
2024-07-31 19:00:00,Russia,Europe-Ural,RU,360.42,331.79,37.47,8.75,so-ups.ru,false,
2024-07-31 20:00:00,Russia,Europe-Ural,RU,357.72,328.48,37.88,7.37,so-ups.ru,false,
2024-07-31 21:00:00,Russia,Europe-Ural,RU,351.88,322.59,38.85,7.36,so-ups.ru,false,
2024-07-31 22:00:00,Russia,Europe-Ural,RU,349.8,320.12,39.16,6.89,so-ups.ru,false,
2024-07-31 23:00:00,Russia,Europe-Ural,RU,349.07,319.61,39.31,6.66,so-ups.ru,false,
2024-08-01 00:00:00,Russia,Europe-Ural,RU,351.16,322.07,38.94,6.52,so-ups.ru,false,
2024-08-01 01:00:00,Russia,Europe-Ural,RU,353.68,324.66,38.56,6.61,so-ups.ru,false,
2024-08-01 02:00:00,Russia,Europe-Ural,RU,356.59,327.49,38.07,7.36,so-ups.ru,false,
2024-08-01 03:00:00,Russia,Europe-Ural,RU,359.47,330.46,37.57,8.63,so-ups.ru,false,
2024-08-01 04:00:00,Russia,Europe-Ural,RU,364.82,335.53,36.68,9.39,so-ups.ru,false,
2024-08-01 05:00:00,Russia,Europe-Ural,RU,373.0,342.55,35.24,9.45,so-ups.ru,false,
2024-08-01 06:00:00,Russia,Europe-Ural,RU,374.52,343.93,34.95,9.93,so-ups.ru,false,
2024-08-01 07:00:00,Russia,Europe-Ural,RU,372.67,342.37,35.3,10.41,so-ups.ru,false,
2024-08-01 08:00:00,Russia,Europe-Ural,RU,371.54,341.72,35.52,10.51,so-ups.ru,false,
2024-08-01 09:00:00,Russia,Europe-Ural,RU,372.24,342.47,35.4,10.5,so-ups.ru,false,
2024-08-01 10:00:00,Russia,Europe-Ural,RU,372.82,343.13,35.31,10.59,so-ups.ru,false,
2024-08-01 11:00:00,Russia,Europe-Ural,RU,375.39,345.4,34.87,10.02,so-ups.ru,false,
2024-08-01 12:00:00,Russia,Europe-Ural,RU,377.23,346.99,34.54,9.49,so-ups.ru,false,
2024-08-01 13:00:00,Russia,Europe-Ural,RU,379.07,348.34,34.22,8.84,so-ups.ru,false,
2024-08-01 14:00:00,Russia,Europe-Ural,RU,378.58,347.91,34.31,8.86,so-ups.ru,false,
2024-08-01 15:00:00,Russia,Europe-Ural,RU,379.52,348.83,34.15,8.55,so-ups.ru,false,
2024-08-01 16:00:00,Russia,Europe-Ural,RU,376.18,345.87,34.73,8.89,so-ups.ru,false,
2024-08-01 17:00:00,Russia,Europe-Ural,RU,379.06,348.69,34.25,8.5,so-ups.ru,false,
2024-08-01 18:00:00,Russia,Europe-Ural,RU,371.28,341.64,35.58,8.72,so-ups.ru,false,
2024-08-01 19:00:00,Russia,Europe-Ural,RU,363.81,334.95,36.91,8.51,so-ups.ru,false,
2024-08-01 20:00:00,Russia,Europe-Ural,RU,361.44,332.08,37.27,7.04,so-ups.ru,false,
2024-08-01 21:00:00,Russia,Europe-Ural,RU,354.39,325.21,38.44,7.0,so-ups.ru,false,
2024-08-01 22:00:00,Russia,Europe-Ural,RU,350.65,321.97,39.09,7.06,so-ups.ru,false,
2024-08-01 23:00:00,Russia,Europe-Ural,RU,349.4,320.27,39.27,6.78,so-ups.ru,false,
2024-08-02 00:00:00,Russia,Europe-Ural,RU,349.17,319.85,39.3,6.82,so-ups.ru,false,
2024-08-02 01:00:00,Russia,Europe-Ural,RU,353.22,324.54,38.67,6.7,so-ups.ru,false,
2024-08-02 02:00:00,Russia,Europe-Ural,RU,354.46,326.38,38.5,7.57,so-ups.ru,false,
2024-08-02 03:00:00,Russia,Europe-Ural,RU,358.6,330.37,37.79,8.64,so-ups.ru,false,
2024-08-02 04:00:00,Russia,Europe-Ural,RU,364.16,335.44,36.82,9.34,so-ups.ru,false,
2024-08-02 05:00:00,Russia,Europe-Ural,RU,371.0,341.03,35.6,9.53,so-ups.ru,false,
2024-08-02 06:00:00,Russia,Europe-Ural,RU,371.45,341.25,35.51,9.98,so-ups.ru,false,
2024-08-02 07:00:00,Russia,Europe-Ural,RU,369.52,340.01,35.87,10.62,so-ups.ru,false,
2024-08-02 08:00:00,Russia,Europe-Ural,RU,369.4,339.35,35.85,10.54,so-ups.ru,false,
2024-08-02 09:00:00,Russia,Europe-Ural,RU,368.91,338.93,35.94,10.62,so-ups.ru,false,
2024-08-02 10:00:00,Russia,Europe-Ural,RU,370.25,339.92,35.69,10.45,so-ups.ru,false,
2024-08-02 11:00:00,Russia,Europe-Ural,RU,370.96,340.69,35.58,10.23,so-ups.ru,false,
2024-08-02 12:00:00,Russia,Europe-Ural,RU,369.23,339.25,35.89,10.55,so-ups.ru,false,
2024-08-02 13:00:00,Russia,Europe-Ural,RU,375.88,345.06,34.76,9.07,so-ups.ru,false,
2024-08-02 14:00:00,Russia,Europe-Ural,RU,373.07,342.83,35.26,9.61,so-ups.ru,false,
2024-08-02 15:00:00,Russia,Europe-Ural,RU,376.2,345.17,34.69,8.84,so-ups.ru,false,
2024-08-02 16:00:00,Russia,Europe-Ural,RU,373.37,342.6,35.17,9.04,so-ups.ru,false,
2024-08-02 17:00:00,Russia,Europe-Ural,RU,374.55,344.0,34.99,8.69,so-ups.ru,false,
2024-08-02 18:00:00,Russia,Europe-Ural,RU,368.35,338.74,36.07,8.98,so-ups.ru,false,
2024-08-02 19:00:00,Russia,Europe-Ural,RU,360.2,331.13,37.48,8.71,so-ups.ru,false,
2024-08-02 20:00:00,Russia,Europe-Ural,RU,359.08,328.8,37.59,7.12,so-ups.ru,false,
2024-08-02 21:00:00,Russia,Europe-Ural,RU,352.24,322.43,38.72,6.97,so-ups.ru,false,
2024-08-02 22:00:00,Russia,Europe-Ural,RU,351.55,321.85,38.86,6.55,so-ups.ru,false,
2024-08-02 23:00:00,Russia,Europe-Ural,RU,354.22,324.14,38.41,5.93,so-ups.ru,false,
2024-08-03 00:00:00,Russia,Europe-Ural,RU,349.78,320.17,39.15,6.17,so-ups.ru,false,
2024-08-03 01:00:00,Russia,Europe-Ural,RU,351.57,322.21,38.89,6.15,so-ups.ru,false,
2024-08-03 02:00:00,Russia,Europe-Ural,RU,354.68,325.11,38.36,6.56,so-ups.ru,false,
2024-08-03 03:00:00,Russia,Europe-Ural,RU,354.39,324.79,38.39,7.78,so-ups.ru,false,
2024-08-03 04:00:00,Russia,Europe-Ural,RU,359.13,329.62,37.61,8.66,so-ups.ru,false,
2024-08-03 05:00:00,Russia,Europe-Ural,RU,365.36,335.21,36.53,9.16,so-ups.ru,false,
2024-08-03 06:00:00,Russia,Europe-Ural,RU,366.37,336.4,36.36,10.1,so-ups.ru,false,
2024-08-03 07:00:00,Russia,Europe-Ural,RU,365.57,335.67,36.5,10.63,so-ups.ru,false,
2024-08-03 08:00:00,Russia,Europe-Ural,RU,366.36,336.9,36.39,10.77,so-ups.ru,false,
2024-08-03 09:00:00,Russia,Europe-Ural,RU,366.95,337.47,36.28,10.6,so-ups.ru,false,
2024-08-03 10:00:00,Russia,Europe-Ural,RU,365.25,336.35,36.59,10.94,so-ups.ru,false,
2024-08-03 11:00:00,Russia,Europe-Ural,RU,366.74,337.46,36.33,10.58,so-ups.ru,false,
2024-08-03 12:00:00,Russia,Europe-Ural,RU,369.5,339.6,35.84,9.87,so-ups.ru,false,
2024-08-03 13:00:00,Russia,Europe-Ural,RU,376.19,345.63,34.71,8.79,so-ups.ru,false,
2024-08-03 14:00:00,Russia,Europe-Ural,RU,375.63,344.86,34.79,8.61,so-ups.ru,false,
2024-08-03 15:00:00,Russia,Europe-Ural,RU,374.0,343.3,35.06,8.58,so-ups.ru,false,
2024-08-03 16:00:00,Russia,Europe-Ural,RU,374.03,343.94,35.09,8.64,so-ups.ru,false,
2024-08-03 17:00:00,Russia,Europe-Ural,RU,372.65,342.95,35.35,8.88,so-ups.ru,false,
2024-08-03 18:00:00,Russia,Europe-Ural,RU,372.19,342.27,35.42,8.12,so-ups.ru,false,
2024-08-03 19:00:00,Russia,Europe-Ural,RU,362.79,333.92,37.05,8.54,so-ups.ru,false,
2024-08-03 20:00:00,Russia,Europe-Ural,RU,363.77,333.32,36.79,6.65,so-ups.ru,false,
2024-08-03 21:00:00,Russia,Europe-Ural,RU,353.41,323.76,38.56,7.04,so-ups.ru,false,
2024-08-03 22:00:00,Russia,Europe-Ural,RU,352.11,322.0,38.76,6.15,so-ups.ru,false,
2024-08-03 23:00:00,Russia,Europe-Ural,RU,350.64,320.75,39.02,5.84,so-ups.ru,false,
2024-08-04 00:00:00,Russia,Europe-Ural,RU,351.36,321.31,38.89,5.38,so-ups.ru,false,
2024-08-04 01:00:00,Russia,Europe-Ural,RU,350.57,320.89,39.04,5.41,so-ups.ru,false,
2024-08-04 02:00:00,Russia,Europe-Ural,RU,349.3,319.72,39.24,6.32,so-ups.ru,false,
2024-08-04 03:00:00,Russia,Europe-Ural,RU,349.53,320.13,39.2,7.59,so-ups.ru,false,
2024-08-04 04:00:00,Russia,Europe-Ural,RU,351.97,322.57,38.79,8.77,so-ups.ru,false,
2024-08-04 05:00:00,Russia,Europe-Ural,RU,357.2,327.7,37.91,9.48,so-ups.ru,false,
2024-08-04 06:00:00,Russia,Europe-Ural,RU,360.14,331.01,37.44,10.28,so-ups.ru,false,
2024-08-04 07:00:00,Russia,Europe-Ural,RU,357.76,328.77,37.82,10.98,so-ups.ru,false,
2024-08-04 08:00:00,Russia,Europe-Ural,RU,359.2,330.25,37.59,11.1,so-ups.ru,false,
2024-08-04 09:00:00,Russia,Europe-Ural,RU,361.41,332.35,37.22,10.8,so-ups.ru,false,
2024-08-04 10:00:00,Russia,Europe-Ural,RU,362.06,333.28,37.11,10.89,so-ups.ru,false,
2024-08-04 11:00:00,Russia,Europe-Ural,RU,364.99,335.64,36.61,10.4,so-ups.ru,false,
2024-08-04 12:00:00,Russia,Europe-Ural,RU,368.09,338.44,36.09,9.89,so-ups.ru,false,
2024-08-04 13:00:00,Russia,Europe-Ural,RU,369.95,340.18,35.78,9.59,so-ups.ru,false,
2024-08-04 14:00:00,Russia,Europe-Ural,RU,370.63,340.81,35.69,9.43,so-ups.ru,false,
2024-08-04 15:00:00,Russia,Europe-Ural,RU,373.5,343.28,35.18,8.9,so-ups.ru,false,
2024-08-04 16:00:00,Russia,Europe-Ural,RU,375.62,344.83,34.78,8.39,so-ups.ru,false,
2024-08-04 17:00:00,Russia,Europe-Ural,RU,377.95,347.3,34.42,8.17,so-ups.ru,false,
2024-08-04 18:00:00,Russia,Europe-Ural,RU,377.05,346.69,34.58,7.29,so-ups.ru,false,
2024-08-04 19:00:00,Russia,Europe-Ural,RU,369.55,340.38,35.9,7.41,so-ups.ru,false,
2024-08-04 20:00:00,Russia,Europe-Ural,RU,364.07,334.23,36.77,6.39,so-ups.ru,false,
2024-08-04 21:00:00,Russia,Europe-Ural,RU,351.82,322.85,38.87,7.24,so-ups.ru,false,
2024-08-04 22:00:00,Russia,Europe-Ural,RU,347.51,319.05,39.62,7.32,so-ups.ru,false,
2024-08-04 23:00:00,Russia,Europe-Ural,RU,345.61,316.71,39.91,7.04,so-ups.ru,false,
2024-08-05 00:00:00,Russia,Europe-Ural,RU,344.91,315.97,40.03,6.95,so-ups.ru,false,
2024-08-05 01:00:00,Russia,Europe-Ural,RU,347.49,318.24,39.54,6.92,so-ups.ru,false,
2024-08-05 02:00:00,Russia,Europe-Ural,RU,350.27,320.75,39.08,7.62,so-ups.ru,false,
2024-08-05 03:00:00,Russia,Europe-Ural,RU,355.52,325.46,38.16,8.55,so-ups.ru,false,
2024-08-05 04:00:00,Russia,Europe-Ural,RU,364.44,333.77,36.64,8.9,so-ups.ru,false,
2024-08-05 05:00:00,Russia,Europe-Ural,RU,372.44,340.78,35.26,9.07,so-ups.ru,false,
2024-08-05 06:00:00,Russia,Europe-Ural,RU,371.99,341.01,35.35,9.91,so-ups.ru,false,
2024-08-05 07:00:00,Russia,Europe-Ural,RU,371.76,340.56,35.39,10.21,so-ups.ru,false,
2024-08-05 08:00:00,Russia,Europe-Ural,RU,371.51,340.42,35.43,10.22,so-ups.ru,false,
2024-08-05 09:00:00,Russia,Europe-Ural,RU,371.93,340.9,35.36,10.22,so-ups.ru,false,
2024-08-05 10:00:00,Russia,Europe-Ural,RU,372.8,342.11,35.23,10.26,so-ups.ru,false,
2024-08-05 11:00:00,Russia,Europe-Ural,RU,372.71,341.98,35.26,10.24,so-ups.ru,false,
2024-08-05 12:00:00,Russia,Europe-Ural,RU,376.98,345.44,34.51,9.33,so-ups.ru,false,
2024-08-05 13:00:00,Russia,Europe-Ural,RU,377.33,346.03,34.47,9.06,so-ups.ru,false,
2024-08-05 14:00:00,Russia,Europe-Ural,RU,376.29,345.44,34.67,9.08,so-ups.ru,false,
2024-08-05 15:00:00,Russia,Europe-Ural,RU,375.54,344.18,34.77,8.75,so-ups.ru,false,
2024-08-05 16:00:00,Russia,Europe-Ural,RU,376.42,345.26,34.63,8.73,so-ups.ru,false,
2024-08-05 17:00:00,Russia,Europe-Ural,RU,377.22,345.82,34.49,8.46,so-ups.ru,false,
2024-08-05 18:00:00,Russia,Europe-Ural,RU,370.02,339.68,35.74,8.69,so-ups.ru,false,
2024-08-05 19:00:00,Russia,Europe-Ural,RU,362.42,332.93,37.07,8.51,so-ups.ru,false,
2024-08-05 20:00:00,Russia,Europe-Ural,RU,356.7,326.87,38.01,7.58,so-ups.ru,false,
2024-08-05 21:00:00,Russia,Europe-Ural,RU,356.61,326.07,37.98,6.23,so-ups.ru,false,
2024-08-05 22:00:00,Russia,Europe-Ural,RU,354.18,323.94,38.4,6.24,so-ups.ru,false,
2024-08-05 23:00:00,Russia,Europe-Ural,RU,352.13,322.16,38.75,6.31,so-ups.ru,false,
2024-08-06 00:00:00,Russia,Europe-Ural,RU,350.82,321.18,39.01,6.35,so-ups.ru,false,
2024-08-06 01:00:00,Russia,Europe-Ural,RU,353.79,324.1,38.49,6.18,so-ups.ru,false,
2024-08-06 02:00:00,Russia,Europe-Ural,RU,357.42,326.97,37.85,6.49,so-ups.ru,false,
2024-08-06 03:00:00,Russia,Europe-Ural,RU,359.41,329.15,37.51,7.81,so-ups.ru,false,
2024-08-06 04:00:00,Russia,Europe-Ural,RU,368.36,337.09,35.95,7.88,so-ups.ru,false,
2024-08-06 05:00:00,Russia,Europe-Ural,RU,370.59,339.25,35.58,9.25,so-ups.ru,false,
2024-08-06 06:00:00,Russia,Europe-Ural,RU,370.25,338.99,35.64,9.99,so-ups.ru,false,
2024-08-06 07:00:00,Russia,Europe-Ural,RU,368.4,337.66,35.98,10.48,so-ups.ru,false,
2024-08-06 08:00:00,Russia,Europe-Ural,RU,368.37,337.6,35.98,10.41,so-ups.ru,false,
2024-08-06 09:00:00,Russia,Europe-Ural,RU,368.29,337.55,35.99,10.6,so-ups.ru,false,
2024-08-06 10:00:00,Russia,Europe-Ural,RU,368.21,337.51,36.0,10.82,so-ups.ru,false,
2024-08-06 11:00:00,Russia,Europe-Ural,RU,370.37,339.53,35.64,10.38,so-ups.ru,false,
2024-08-06 12:00:00,Russia,Europe-Ural,RU,372.82,341.92,35.23,9.96,so-ups.ru,false,
2024-08-06 13:00:00,Russia,Europe-Ural,RU,374.87,343.9,34.9,9.51,so-ups.ru,false,
2024-08-06 14:00:00,Russia,Europe-Ural,RU,373.23,342.21,35.17,9.57,so-ups.ru,false,
2024-08-06 15:00:00,Russia,Europe-Ural,RU,374.62,343.4,34.93,9.28,so-ups.ru,false,
2024-08-06 16:00:00,Russia,Europe-Ural,RU,375.28,344.15,34.82,9.06,so-ups.ru,false,
2024-08-06 17:00:00,Russia,Europe-Ural,RU,373.97,343.34,35.08,9.03,so-ups.ru,false,
2024-08-06 18:00:00,Russia,Europe-Ural,RU,369.01,338.79,35.91,8.87,so-ups.ru,false,
2024-08-06 19:00:00,Russia,Europe-Ural,RU,365.3,335.66,36.59,8.05,so-ups.ru,false,
2024-08-06 20:00:00,Russia,Europe-Ural,RU,367.32,336.32,36.18,5.95,so-ups.ru,false,
2024-08-06 21:00:00,Russia,Europe-Ural,RU,355.91,325.58,38.1,6.39,so-ups.ru,false,
2024-08-06 22:00:00,Russia,Europe-Ural,RU,353.33,323.12,38.55,6.21,so-ups.ru,false,
2024-08-06 23:00:00,Russia,Europe-Ural,RU,351.74,321.77,38.83,6.28,so-ups.ru,false,
2024-08-07 00:00:00,Russia,Europe-Ural,RU,351.5,321.61,38.86,6.29,so-ups.ru,false,
2024-08-07 01:00:00,Russia,Europe-Ural,RU,353.24,323.16,38.55,6.12,so-ups.ru,false,
2024-08-07 02:00:00,Russia,Europe-Ural,RU,355.14,325.25,38.26,6.79,so-ups.ru,false,
2024-08-07 03:00:00,Russia,Europe-Ural,RU,360.06,330.43,37.43,7.96,so-ups.ru,false,
2024-08-07 04:00:00,Russia,Europe-Ural,RU,368.72,338.06,35.95,8.27,so-ups.ru,false,
2024-08-07 05:00:00,Russia,Europe-Ural,RU,369.48,338.99,35.81,9.67,so-ups.ru,false,
2024-08-07 06:00:00,Russia,Europe-Ural,RU,369.52,339.26,35.8,10.29,so-ups.ru,false,
2024-08-07 07:00:00,Russia,Europe-Ural,RU,368.02,337.88,36.07,10.89,so-ups.ru,false,
2024-08-07 08:00:00,Russia,Europe-Ural,RU,370.42,340.02,35.65,10.64,so-ups.ru,false,
2024-08-07 09:00:00,Russia,Europe-Ural,RU,372.62,342.07,35.28,10.45,so-ups.ru,false,
2024-08-07 10:00:00,Russia,Europe-Ural,RU,372.87,342.65,35.25,10.62,so-ups.ru,false,
2024-08-07 11:00:00,Russia,Europe-Ural,RU,375.03,344.68,34.88,10.3,so-ups.ru,false,
2024-08-07 12:00:00,Russia,Europe-Ural,RU,379.14,348.27,34.18,9.57,so-ups.ru,false,
2024-08-07 13:00:00,Russia,Europe-Ural,RU,380.43,349.53,33.98,9.0,so-ups.ru,false,
2024-08-07 14:00:00,Russia,Europe-Ural,RU,386.52,354.81,32.91,8.74,so-ups.ru,false,
2024-08-07 15:00:00,Russia,Europe-Ural,RU,385.54,354.4,33.12,8.94,so-ups.ru,false,
2024-08-07 16:00:00,Russia,Europe-Ural,RU,386.21,354.73,32.99,8.62,so-ups.ru,false,
2024-08-07 17:00:00,Russia,Europe-Ural,RU,382.44,351.32,33.64,8.92,so-ups.ru,false,
2024-08-07 18:00:00,Russia,Europe-Ural,RU,378.94,348.26,34.24,8.74,so-ups.ru,false,
2024-08-07 19:00:00,Russia,Europe-Ural,RU,367.14,337.44,36.28,8.95,so-ups.ru,false,
2024-08-07 20:00:00,Russia,Europe-Ural,RU,370.93,339.92,35.58,6.5,so-ups.ru,false,
2024-08-07 21:00:00,Russia,Europe-Ural,RU,365.1,334.95,36.61,6.57,so-ups.ru,false,
2024-08-07 22:00:00,Russia,Europe-Ural,RU,360.03,329.63,37.43,6.45,so-ups.ru,false,
2024-08-07 23:00:00,Russia,Europe-Ural,RU,358.5,328.83,37.71,6.52,so-ups.ru,false,
2024-08-08 00:00:00,Russia,Europe-Ural,RU,360.24,330.12,37.4,6.39,so-ups.ru,false,
2024-08-08 01:00:00,Russia,Europe-Ural,RU,362.82,332.93,37.0,6.36,so-ups.ru,false,
2024-08-08 02:00:00,Russia,Europe-Ural,RU,366.08,336.16,36.44,6.74,so-ups.ru,false,
2024-08-08 03:00:00,Russia,Europe-Ural,RU,369.96,339.9,35.78,7.93,so-ups.ru,false,
2024-08-08 04:00:00,Russia,Europe-Ural,RU,375.87,344.81,34.73,8.46,so-ups.ru,false,
2024-08-08 05:00:00,Russia,Europe-Ural,RU,378.43,347.34,34.28,9.46,so-ups.ru,false,
2024-08-08 06:00:00,Russia,Europe-Ural,RU,378.63,347.98,34.28,10.23,so-ups.ru,false,
2024-08-08 07:00:00,Russia,Europe-Ural,RU,378.13,347.31,34.35,10.53,so-ups.ru,false,
2024-08-08 08:00:00,Russia,Europe-Ural,RU,378.24,347.55,34.33,10.58,so-ups.ru,false,
2024-08-08 09:00:00,Russia,Europe-Ural,RU,378.62,348.3,34.29,10.8,so-ups.ru,false,
2024-08-08 10:00:00,Russia,Europe-Ural,RU,379.11,348.66,34.2,10.69,so-ups.ru,false,
2024-08-08 11:00:00,Russia,Europe-Ural,RU,380.52,349.82,33.96,10.32,so-ups.ru,false,
2024-08-08 12:00:00,Russia,Europe-Ural,RU,382.22,350.98,33.65,9.94,so-ups.ru,false,
2024-08-08 13:00:00,Russia,Europe-Ural,RU,385.57,353.75,33.07,9.18,so-ups.ru,false,
2024-08-08 14:00:00,Russia,Europe-Ural,RU,383.0,351.49,33.52,9.39,so-ups.ru,false,
2024-08-08 15:00:00,Russia,Europe-Ural,RU,383.51,352.04,33.45,9.09,so-ups.ru,false,
2024-08-08 16:00:00,Russia,Europe-Ural,RU,382.88,351.54,33.55,9.1,so-ups.ru,false,
2024-08-08 17:00:00,Russia,Europe-Ural,RU,384.29,352.86,33.31,8.77,so-ups.ru,false,
2024-08-08 18:00:00,Russia,Europe-Ural,RU,379.83,349.09,34.09,8.54,so-ups.ru,false,
2024-08-08 19:00:00,Russia,Europe-Ural,RU,373.39,343.19,35.22,8.23,so-ups.ru,false,
2024-08-08 20:00:00,Russia,Europe-Ural,RU,374.43,343.39,35.01,6.27,so-ups.ru,false,
2024-08-08 21:00:00,Russia,Europe-Ural,RU,366.06,335.53,36.42,6.59,so-ups.ru,false,
2024-08-08 22:00:00,Russia,Europe-Ural,RU,362.42,331.54,37.0,6.57,so-ups.ru,false,
2024-08-08 23:00:00,Russia,Europe-Ural,RU,362.63,331.29,36.92,6.13,so-ups.ru,false,
2024-08-09 00:00:00,Russia,Europe-Ural,RU,359.93,328.93,37.4,6.19,so-ups.ru,false,
2024-08-09 01:00:00,Russia,Europe-Ural,RU,361.66,331.83,37.19,6.38,so-ups.ru,false,
2024-08-09 02:00:00,Russia,Europe-Ural,RU,362.42,332.36,37.04,6.91,so-ups.ru,false,
2024-08-09 03:00:00,Russia,Europe-Ural,RU,368.11,337.91,36.07,7.68,so-ups.ru,false,
2024-08-09 04:00:00,Russia,Europe-Ural,RU,372.32,341.85,35.36,8.6,so-ups.ru,false,
2024-08-09 05:00:00,Russia,Europe-Ural,RU,375.7,344.85,34.76,9.45,so-ups.ru,false,
2024-08-09 06:00:00,Russia,Europe-Ural,RU,373.66,343.12,35.11,10.24,so-ups.ru,false,
2024-08-09 07:00:00,Russia,Europe-Ural,RU,371.77,341.43,35.44,10.72,so-ups.ru,false,
2024-08-09 08:00:00,Russia,Europe-Ural,RU,371.74,341.33,35.43,10.67,so-ups.ru,false,
2024-08-09 09:00:00,Russia,Europe-Ural,RU,372.14,341.83,35.37,10.78,so-ups.ru,false,
2024-08-09 10:00:00,Russia,Europe-Ural,RU,372.86,342.42,35.25,10.73,so-ups.ru,false,
2024-08-09 11:00:00,Russia,Europe-Ural,RU,373.57,343.37,35.16,10.74,so-ups.ru,false,
2024-08-09 12:00:00,Russia,Europe-Ural,RU,377.4,346.74,34.5,10.04,so-ups.ru,false,
2024-08-09 13:00:00,Russia,Europe-Ural,RU,378.71,348.02,34.29,9.72,so-ups.ru,false,
2024-08-09 14:00:00,Russia,Europe-Ural,RU,377.5,346.35,34.45,9.48,so-ups.ru,false,
2024-08-09 15:00:00,Russia,Europe-Ural,RU,378.09,347.21,34.38,9.38,so-ups.ru,false,
2024-08-09 16:00:00,Russia,Europe-Ural,RU,378.9,348.06,34.25,8.97,so-ups.ru,false,
2024-08-09 17:00:00,Russia,Europe-Ural,RU,377.11,346.31,34.54,9.09,so-ups.ru,false,
2024-08-09 18:00:00,Russia,Europe-Ural,RU,375.19,345.0,34.9,8.92,so-ups.ru,false,
2024-08-09 19:00:00,Russia,Europe-Ural,RU,367.82,337.72,36.14,8.85,so-ups.ru,false,
2024-08-09 20:00:00,Russia,Europe-Ural,RU,366.19,335.72,36.4,7.67,so-ups.ru,false,
2024-08-09 21:00:00,Russia,Europe-Ural,RU,364.07,333.33,36.73,6.82,so-ups.ru,false,
2024-08-09 22:00:00,Russia,Europe-Ural,RU,360.68,329.69,37.28,6.6,so-ups.ru,false,
2024-08-09 23:00:00,Russia,Europe-Ural,RU,361.76,330.92,37.11,6.22,so-ups.ru,false,
2024-08-10 00:00:00,Russia,Europe-Ural,RU,361.75,330.86,37.1,6.17,so-ups.ru,false,
2024-08-10 01:00:00,Russia,Europe-Ural,RU,363.13,332.29,36.89,5.87,so-ups.ru,false,
2024-08-10 02:00:00,Russia,Europe-Ural,RU,360.42,330.25,37.35,6.9,so-ups.ru,false,
2024-08-10 03:00:00,Russia,Europe-Ural,RU,361.36,331.49,37.23,8.01,so-ups.ru,false,
2024-08-10 04:00:00,Russia,Europe-Ural,RU,370.79,339.92,35.58,7.9,so-ups.ru,false,
2024-08-10 05:00:00,Russia,Europe-Ural,RU,381.33,349.01,33.73,7.62,so-ups.ru,false,
2024-08-10 06:00:00,Russia,Europe-Ural,RU,377.54,346.06,34.4,9.24,so-ups.ru,false,
2024-08-10 07:00:00,Russia,Europe-Ural,RU,377.55,346.18,34.41,9.68,so-ups.ru,false,
2024-08-10 08:00:00,Russia,Europe-Ural,RU,377.94,346.64,34.35,9.87,so-ups.ru,false,
2024-08-10 09:00:00,Russia,Europe-Ural,RU,377.1,345.78,34.48,9.99,so-ups.ru,false,
2024-08-10 10:00:00,Russia,Europe-Ural,RU,377.87,346.65,34.36,9.89,so-ups.ru,false,
2024-08-10 11:00:00,Russia,Europe-Ural,RU,379.29,348.17,34.14,9.79,so-ups.ru,false,
2024-08-10 12:00:00,Russia,Europe-Ural,RU,385.35,353.7,33.1,9.02,so-ups.ru,false,
2024-08-10 13:00:00,Russia,Europe-Ural,RU,385.73,353.94,33.05,8.81,so-ups.ru,false,
2024-08-10 14:00:00,Russia,Europe-Ural,RU,385.84,353.94,33.01,8.64,so-ups.ru,false,
2024-08-10 15:00:00,Russia,Europe-Ural,RU,383.98,352.73,33.35,8.88,so-ups.ru,false,
2024-08-10 16:00:00,Russia,Europe-Ural,RU,385.27,353.85,33.13,8.56,so-ups.ru,false,
2024-08-10 17:00:00,Russia,Europe-Ural,RU,383.36,352.27,33.48,8.85,so-ups.ru,false,
2024-08-10 18:00:00,Russia,Europe-Ural,RU,380.08,349.03,34.04,8.47,so-ups.ru,false,
2024-08-10 19:00:00,Russia,Europe-Ural,RU,370.19,340.23,35.74,8.82,so-ups.ru,false,
2024-08-10 20:00:00,Russia,Europe-Ural,RU,370.13,339.44,35.72,7.23,so-ups.ru,false,
2024-08-10 21:00:00,Russia,Europe-Ural,RU,367.67,336.96,36.14,6.59,so-ups.ru,false,
2024-08-10 22:00:00,Russia,Europe-Ural,RU,363.38,333.08,36.87,6.57,so-ups.ru,false,
2024-08-10 23:00:00,Russia,Europe-Ural,RU,363.6,332.67,36.81,5.97,so-ups.ru,false,
2024-08-11 00:00:00,Russia,Europe-Ural,RU,363.55,332.87,36.82,5.71,so-ups.ru,false,
2024-08-11 01:00:00,Russia,Europe-Ural,RU,363.13,332.79,36.92,5.75,so-ups.ru,false,
2024-08-11 02:00:00,Russia,Europe-Ural,RU,361.59,331.74,37.18,6.54,so-ups.ru,false,
2024-08-11 03:00:00,Russia,Europe-Ural,RU,359.63,330.22,37.53,8.01,so-ups.ru,false,
2024-08-11 04:00:00,Russia,Europe-Ural,RU,366.69,336.5,36.3,8.11,so-ups.ru,false,
2024-08-11 05:00:00,Russia,Europe-Ural,RU,375.36,343.8,34.77,7.98,so-ups.ru,false,
2024-08-11 06:00:00,Russia,Europe-Ural,RU,375.16,343.71,34.77,8.97,so-ups.ru,false,
2024-08-11 07:00:00,Russia,Europe-Ural,RU,372.59,341.77,35.25,9.89,so-ups.ru,false,
2024-08-11 08:00:00,Russia,Europe-Ural,RU,373.14,342.37,35.16,9.96,so-ups.ru,false,
2024-08-11 09:00:00,Russia,Europe-Ural,RU,372.97,342.13,35.19,10.04,so-ups.ru,false,
2024-08-11 10:00:00,Russia,Europe-Ural,RU,372.44,342.02,35.28,10.28,so-ups.ru,false,
2024-08-11 11:00:00,Russia,Europe-Ural,RU,374.8,343.52,34.86,9.89,so-ups.ru,false,
2024-08-11 12:00:00,Russia,Europe-Ural,RU,378.88,347.16,34.17,9.29,so-ups.ru,false,
2024-08-11 13:00:00,Russia,Europe-Ural,RU,379.76,348.19,34.03,9.25,so-ups.ru,false,
2024-08-11 14:00:00,Russia,Europe-Ural,RU,381.22,349.17,33.78,8.77,so-ups.ru,false,
2024-08-11 15:00:00,Russia,Europe-Ural,RU,380.96,349.48,33.84,9.03,so-ups.ru,false,
2024-08-11 16:00:00,Russia,Europe-Ural,RU,384.86,353.22,33.18,8.36,so-ups.ru,false,
2024-08-11 17:00:00,Russia,Europe-Ural,RU,381.47,350.02,33.77,8.82,so-ups.ru,false,
2024-08-11 18:00:00,Russia,Europe-Ural,RU,384.24,352.69,33.31,7.5,so-ups.ru,false,
2024-08-11 19:00:00,Russia,Europe-Ural,RU,372.55,341.71,35.31,7.91,so-ups.ru,false,
2024-08-11 20:00:00,Russia,Europe-Ural,RU,372.39,340.53,35.28,6.34,so-ups.ru,false,
2024-08-11 21:00:00,Russia,Europe-Ural,RU,364.04,333.3,36.74,6.64,so-ups.ru,false,
2024-08-11 22:00:00,Russia,Europe-Ural,RU,359.3,329.21,37.56,6.74,so-ups.ru,false,
2024-08-11 23:00:00,Russia,Europe-Ural,RU,356.69,327.61,38.04,6.86,so-ups.ru,false,
2024-08-12 00:00:00,Russia,Europe-Ural,RU,357.07,327.68,37.97,6.84,so-ups.ru,false,
2024-08-12 01:00:00,Russia,Europe-Ural,RU,362.22,332.25,37.07,6.53,so-ups.ru,false,
2024-08-12 02:00:00,Russia,Europe-Ural,RU,361.95,331.91,37.11,7.09,so-ups.ru,false,
2024-08-12 03:00:00,Russia,Europe-Ural,RU,368.58,337.87,35.96,7.81,so-ups.ru,false,
2024-08-12 04:00:00,Russia,Europe-Ural,RU,376.63,345.65,34.57,8.15,so-ups.ru,false,
2024-08-12 05:00:00,Russia,Europe-Ural,RU,381.69,349.76,33.7,8.8,so-ups.ru,false,
2024-08-12 06:00:00,Russia,Europe-Ural,RU,379.21,347.89,34.14,9.84,so-ups.ru,false,
2024-08-12 07:00:00,Russia,Europe-Ural,RU,376.59,345.58,34.59,10.39,so-ups.ru,false,
2024-08-12 08:00:00,Russia,Europe-Ural,RU,378.04,346.97,34.35,9.9,so-ups.ru,false,
2024-08-12 09:00:00,Russia,Europe-Ural,RU,377.83,347.09,34.4,10.18,so-ups.ru,false,
2024-08-12 10:00:00,Russia,Europe-Ural,RU,379.21,348.2,34.15,9.92,so-ups.ru,false,
2024-08-12 11:00:00,Russia,Europe-Ural,RU,377.84,346.77,34.38,10.04,so-ups.ru,false,
2024-08-12 12:00:00,Russia,Europe-Ural,RU,380.51,349.05,33.91,9.69,so-ups.ru,false,
2024-08-12 13:00:00,Russia,Europe-Ural,RU,381.27,349.83,33.8,9.31,so-ups.ru,false,
2024-08-12 14:00:00,Russia,Europe-Ural,RU,380.92,349.69,33.87,9.03,so-ups.ru,false,
2024-08-12 15:00:00,Russia,Europe-Ural,RU,380.67,349.46,33.91,9.05,so-ups.ru,false,
2024-08-12 16:00:00,Russia,Europe-Ural,RU,382.16,350.82,33.66,8.99,so-ups.ru,false,
2024-08-12 17:00:00,Russia,Europe-Ural,RU,382.51,351.29,33.62,8.64,so-ups.ru,false,
2024-08-12 18:00:00,Russia,Europe-Ural,RU,378.4,347.78,34.32,8.38,so-ups.ru,false,
2024-08-12 19:00:00,Russia,Europe-Ural,RU,371.6,341.28,35.5,7.84,so-ups.ru,false,
2024-08-12 20:00:00,Russia,Europe-Ural,RU,359.84,330.61,37.52,8.19,so-ups.ru,false,
2024-08-12 21:00:00,Russia,Europe-Ural,RU,361.06,330.84,37.27,6.56,so-ups.ru,false,
2024-08-12 22:00:00,Russia,Europe-Ural,RU,358.33,328.47,37.74,6.57,so-ups.ru,false,
2024-08-12 23:00:00,Russia,Europe-Ural,RU,360.87,330.09,37.27,5.78,so-ups.ru,false,
2024-08-13 00:00:00,Russia,Europe-Ural,RU,361.45,330.5,37.13,5.74,so-ups.ru,false,
2024-08-13 01:00:00,Russia,Europe-Ural,RU,364.32,333.15,36.65,5.5,so-ups.ru,false,
2024-08-13 02:00:00,Russia,Europe-Ural,RU,366.51,335.57,36.31,6.24,so-ups.ru,false,
2024-08-13 03:00:00,Russia,Europe-Ural,RU,368.48,338.02,35.97,7.72,so-ups.ru,false,
2024-08-13 04:00:00,Russia,Europe-Ural,RU,376.44,345.08,34.61,8.07,so-ups.ru,false,
2024-08-13 05:00:00,Russia,Europe-Ural,RU,380.51,348.58,33.89,8.58,so-ups.ru,false,
2024-08-13 06:00:00,Russia,Europe-Ural,RU,378.47,346.85,34.24,9.43,so-ups.ru,false,
2024-08-13 07:00:00,Russia,Europe-Ural,RU,375.13,343.97,34.83,10.16,so-ups.ru,false,
2024-08-13 08:00:00,Russia,Europe-Ural,RU,375.11,344.16,34.85,10.09,so-ups.ru,false,
2024-08-13 09:00:00,Russia,Europe-Ural,RU,373.1,342.06,35.17,10.46,so-ups.ru,false,
2024-08-13 10:00:00,Russia,Europe-Ural,RU,374.36,344.04,34.99,10.53,so-ups.ru,false,
2024-08-13 11:00:00,Russia,Europe-Ural,RU,375.1,344.43,34.86,10.25,so-ups.ru,false,
2024-08-13 12:00:00,Russia,Europe-Ural,RU,378.46,347.44,34.29,9.73,so-ups.ru,false,
2024-08-13 13:00:00,Russia,Europe-Ural,RU,379.3,348.3,34.16,9.55,so-ups.ru,false,
2024-08-13 14:00:00,Russia,Europe-Ural,RU,380.46,349.3,33.97,9.08,so-ups.ru,false,
2024-08-13 15:00:00,Russia,Europe-Ural,RU,379.69,348.7,34.1,9.22,so-ups.ru,false,
2024-08-13 16:00:00,Russia,Europe-Ural,RU,379.12,348.24,34.19,9.31,so-ups.ru,false,
2024-08-13 17:00:00,Russia,Europe-Ural,RU,377.36,346.59,34.5,9.59,so-ups.ru,false,
2024-08-13 18:00:00,Russia,Europe-Ural,RU,377.21,346.16,34.51,8.6,so-ups.ru,false,
2024-08-13 19:00:00,Russia,Europe-Ural,RU,368.35,338.06,36.04,8.54,so-ups.ru,false,
2024-08-13 20:00:00,Russia,Europe-Ural,RU,371.1,339.77,35.53,6.39,so-ups.ru,false,
2024-08-13 21:00:00,Russia,Europe-Ural,RU,364.84,335.35,36.67,6.51,so-ups.ru,false,
2024-08-13 22:00:00,Russia,Europe-Ural,RU,360.55,331.12,37.4,6.47,so-ups.ru,false,
2024-08-13 23:00:00,Russia,Europe-Ural,RU,362.2,332.68,37.1,6.02,so-ups.ru,false,
2024-08-14 00:00:00,Russia,Europe-Ural,RU,362.88,332.35,36.94,5.58,so-ups.ru,false,
2024-08-14 01:00:00,Russia,Europe-Ural,RU,364.5,334.05,36.67,5.83,so-ups.ru,false,
2024-08-14 02:00:00,Russia,Europe-Ural,RU,367.63,336.74,36.12,6.09,so-ups.ru,false,
2024-08-14 03:00:00,Russia,Europe-Ural,RU,368.03,337.84,36.09,7.76,so-ups.ru,false,
2024-08-14 04:00:00,Russia,Europe-Ural,RU,374.84,344.31,34.93,8.22,so-ups.ru,false,
2024-08-14 05:00:00,Russia,Europe-Ural,RU,378.74,347.63,34.25,8.94,so-ups.ru,false,
2024-08-14 06:00:00,Russia,Europe-Ural,RU,377.86,346.64,34.38,9.53,so-ups.ru,false,
2024-08-14 07:00:00,Russia,Europe-Ural,RU,375.17,344.68,34.87,10.22,so-ups.ru,false,
2024-08-14 08:00:00,Russia,Europe-Ural,RU,373.87,343.51,35.09,10.47,so-ups.ru,false,
2024-08-14 09:00:00,Russia,Europe-Ural,RU,374.48,344.09,34.98,10.41,so-ups.ru,false,
2024-08-14 10:00:00,Russia,Europe-Ural,RU,375.59,345.22,34.8,10.39,so-ups.ru,false,
2024-08-14 11:00:00,Russia,Europe-Ural,RU,374.96,344.48,34.91,10.5,so-ups.ru,false,
2024-08-14 12:00:00,Russia,Europe-Ural,RU,379.42,348.66,34.14,9.76,so-ups.ru,false,
2024-08-14 13:00:00,Russia,Europe-Ural,RU,379.66,349.09,34.13,9.6,so-ups.ru,false,
2024-08-14 14:00:00,Russia,Europe-Ural,RU,380.56,349.44,33.94,9.33,so-ups.ru,false,
2024-08-14 15:00:00,Russia,Europe-Ural,RU,383.58,352.03,33.42,9.0,so-ups.ru,false,
2024-08-14 16:00:00,Russia,Europe-Ural,RU,380.89,350.09,33.89,9.54,so-ups.ru,false,
2024-08-14 17:00:00,Russia,Europe-Ural,RU,382.18,351.54,33.7,9.3,so-ups.ru,false,
2024-08-14 18:00:00,Russia,Europe-Ural,RU,377.79,347.49,34.45,9.05,so-ups.ru,false,
2024-08-14 19:00:00,Russia,Europe-Ural,RU,374.86,344.55,34.96,8.32,so-ups.ru,false,
2024-08-14 20:00:00,Russia,Europe-Ural,RU,374.05,343.96,35.11,6.99,so-ups.ru,false,
2024-08-14 21:00:00,Russia,Europe-Ural,RU,373.5,342.78,35.17,6.34,so-ups.ru,false,
2024-08-14 22:00:00,Russia,Europe-Ural,RU,372.26,341.59,35.37,5.98,so-ups.ru,false,
2024-08-14 23:00:00,Russia,Europe-Ural,RU,374.24,342.71,34.98,5.29,so-ups.ru,false,
2024-08-15 00:00:00,Russia,Europe-Ural,RU,375.92,344.19,34.67,5.04,so-ups.ru,false,
2024-08-15 01:00:00,Russia,Europe-Ural,RU,378.48,346.3,34.25,5.4,so-ups.ru,false,
2024-08-15 02:00:00,Russia,Europe-Ural,RU,383.51,351.11,33.39,5.92,so-ups.ru,false,
2024-08-15 03:00:00,Russia,Europe-Ural,RU,384.47,352.94,33.27,7.56,so-ups.ru,false,
2024-08-15 04:00:00,Russia,Europe-Ural,RU,391.22,358.73,32.09,7.78,so-ups.ru,false,
2024-08-15 05:00:00,Russia,Europe-Ural,RU,392.8,359.93,31.79,8.7,so-ups.ru,false,
2024-08-15 06:00:00,Russia,Europe-Ural,RU,391.65,359.29,32.02,9.53,so-ups.ru,false,
2024-08-15 07:00:00,Russia,Europe-Ural,RU,388.35,356.89,32.62,10.4,so-ups.ru,false,
2024-08-15 08:00:00,Russia,Europe-Ural,RU,388.73,356.61,32.51,10.16,so-ups.ru,false,
2024-08-15 09:00:00,Russia,Europe-Ural,RU,387.85,356.03,32.66,10.45,so-ups.ru,false,
2024-08-15 10:00:00,Russia,Europe-Ural,RU,389.01,357.23,32.47,10.43,so-ups.ru,false,
2024-08-15 11:00:00,Russia,Europe-Ural,RU,389.42,357.47,32.4,10.36,so-ups.ru,false,
2024-08-15 12:00:00,Russia,Europe-Ural,RU,395.43,362.66,31.35,9.25,so-ups.ru,false,
2024-08-15 13:00:00,Russia,Europe-Ural,RU,396.84,364.16,31.14,8.89,so-ups.ru,false,
2024-08-15 14:00:00,Russia,Europe-Ural,RU,394.72,362.35,31.51,9.08,so-ups.ru,false,
2024-08-15 15:00:00,Russia,Europe-Ural,RU,393.99,361.39,31.62,9.16,so-ups.ru,false,
2024-08-15 16:00:00,Russia,Europe-Ural,RU,391.59,359.64,32.05,9.58,so-ups.ru,false,
2024-08-15 17:00:00,Russia,Europe-Ural,RU,390.69,358.95,32.22,9.61,so-ups.ru,false,
2024-08-15 18:00:00,Russia,Europe-Ural,RU,388.45,356.67,32.6,8.93,so-ups.ru,false,
2024-08-15 19:00:00,Russia,Europe-Ural,RU,381.7,350.86,33.8,8.67,so-ups.ru,false,
2024-08-15 20:00:00,Russia,Europe-Ural,RU,387.02,355.91,32.92,6.53,so-ups.ru,false,
2024-08-15 21:00:00,Russia,Europe-Ural,RU,387.86,355.59,32.72,4.87,so-ups.ru,false,
2024-08-15 22:00:00,Russia,Europe-Ural,RU,384.47,351.39,33.22,4.59,so-ups.ru,false,
2024-08-15 23:00:00,Russia,Europe-Ural,RU,386.4,353.13,32.87,4.26,so-ups.ru,false,
2024-08-16 00:00:00,Russia,Europe-Ural,RU,385.11,351.47,33.05,4.21,so-ups.ru,false,
2024-08-16 01:00:00,Russia,Europe-Ural,RU,387.5,353.78,32.68,4.26,so-ups.ru,false,
2024-08-16 02:00:00,Russia,Europe-Ural,RU,390.05,356.48,32.25,4.98,so-ups.ru,false,
2024-08-16 03:00:00,Russia,Europe-Ural,RU,389.1,356.05,32.41,6.64,so-ups.ru,false,
2024-08-16 04:00:00,Russia,Europe-Ural,RU,394.09,360.68,31.55,7.22,so-ups.ru,false,
2024-08-16 05:00:00,Russia,Europe-Ural,RU,390.29,358.23,32.22,9.16,so-ups.ru,false,
2024-08-16 06:00:00,Russia,Europe-Ural,RU,387.03,354.86,32.8,10.0,so-ups.ru,false,
2024-08-16 07:00:00,Russia,Europe-Ural,RU,383.02,351.3,33.49,10.92,so-ups.ru,false,
2024-08-16 08:00:00,Russia,Europe-Ural,RU,382.78,350.83,33.5,10.87,so-ups.ru,false,
2024-08-16 09:00:00,Russia,Europe-Ural,RU,383.18,351.77,33.46,11.11,so-ups.ru,false,
2024-08-16 10:00:00,Russia,Europe-Ural,RU,384.06,352.22,33.29,10.83,so-ups.ru,false,
2024-08-16 11:00:00,Russia,Europe-Ural,RU,385.53,353.4,33.04,10.61,so-ups.ru,false,
2024-08-16 12:00:00,Russia,Europe-Ural,RU,388.84,356.07,32.45,9.91,so-ups.ru,false,
2024-08-16 13:00:00,Russia,Europe-Ural,RU,389.33,357.03,32.41,9.82,so-ups.ru,false,
2024-08-16 14:00:00,Russia,Europe-Ural,RU,389.68,357.73,32.37,9.58,so-ups.ru,false,
2024-08-16 15:00:00,Russia,Europe-Ural,RU,388.71,356.99,32.55,9.73,so-ups.ru,false,
2024-08-16 16:00:00,Russia,Europe-Ural,RU,388.55,356.74,32.56,9.76,so-ups.ru,false,
2024-08-16 17:00:00,Russia,Europe-Ural,RU,389.44,357.32,32.41,9.35,so-ups.ru,false,
2024-08-16 18:00:00,Russia,Europe-Ural,RU,385.25,353.26,33.1,9.02,so-ups.ru,false,
2024-08-16 19:00:00,Russia,Europe-Ural,RU,381.76,350.43,33.75,8.39,so-ups.ru,false,
2024-08-16 20:00:00,Russia,Europe-Ural,RU,386.78,353.65,32.82,5.81,so-ups.ru,false,
2024-08-16 21:00:00,Russia,Europe-Ural,RU,385.13,351.7,33.08,4.79,so-ups.ru,false,
2024-08-16 22:00:00,Russia,Europe-Ural,RU,379.61,346.42,34.0,4.77,so-ups.ru,false,
2024-08-16 23:00:00,Russia,Europe-Ural,RU,379.37,345.84,34.03,4.4,so-ups.ru,false,
2024-08-17 00:00:00,Russia,Europe-Ural,RU,379.47,346.14,34.03,4.48,so-ups.ru,false,
2024-08-17 01:00:00,Russia,Europe-Ural,RU,379.41,346.12,34.04,4.54,so-ups.ru,false,
2024-08-17 02:00:00,Russia,Europe-Ural,RU,378.7,346.25,34.2,5.39,so-ups.ru,false,
2024-08-17 03:00:00,Russia,Europe-Ural,RU,378.1,345.68,34.29,6.68,so-ups.ru,false,
2024-08-17 04:00:00,Russia,Europe-Ural,RU,385.76,352.62,32.96,6.68,so-ups.ru,false,
2024-08-17 05:00:00,Russia,Europe-Ural,RU,393.7,359.73,31.58,6.72,so-ups.ru,false,
2024-08-17 06:00:00,Russia,Europe-Ural,RU,390.94,357.35,32.06,7.93,so-ups.ru,false,
2024-08-17 07:00:00,Russia,Europe-Ural,RU,386.59,354.08,32.84,9.02,so-ups.ru,false,
2024-08-17 08:00:00,Russia,Europe-Ural,RU,386.55,354.04,32.84,9.1,so-ups.ru,false,
2024-08-17 09:00:00,Russia,Europe-Ural,RU,386.28,353.59,32.88,9.18,so-ups.ru,false,
2024-08-17 10:00:00,Russia,Europe-Ural,RU,385.74,353.43,32.99,9.34,so-ups.ru,false,
2024-08-17 11:00:00,Russia,Europe-Ural,RU,384.41,352.43,33.23,9.76,so-ups.ru,false,
2024-08-17 12:00:00,Russia,Europe-Ural,RU,385.12,353.46,33.13,9.73,so-ups.ru,false,
2024-08-17 13:00:00,Russia,Europe-Ural,RU,387.0,354.31,32.77,9.11,so-ups.ru,false,
2024-08-17 14:00:00,Russia,Europe-Ural,RU,388.93,357.05,32.5,9.0,so-ups.ru,false,
2024-08-17 15:00:00,Russia,Europe-Ural,RU,388.9,357.08,32.52,8.93,so-ups.ru,false,
2024-08-17 16:00:00,Russia,Europe-Ural,RU,390.36,358.02,32.23,8.45,so-ups.ru,false,
2024-08-17 17:00:00,Russia,Europe-Ural,RU,397.0,363.53,31.08,7.37,so-ups.ru,false,
2024-08-17 18:00:00,Russia,Europe-Ural,RU,396.71,363.41,31.14,6.38,so-ups.ru,false,
2024-08-17 19:00:00,Russia,Europe-Ural,RU,386.73,354.62,32.88,6.53,so-ups.ru,false,
2024-08-17 20:00:00,Russia,Europe-Ural,RU,382.04,350.79,33.71,6.35,so-ups.ru,false,
2024-08-17 21:00:00,Russia,Europe-Ural,RU,375.23,343.6,34.84,6.21,so-ups.ru,false,
2024-08-17 22:00:00,Russia,Europe-Ural,RU,368.72,337.95,35.95,6.37,so-ups.ru,false,
2024-08-17 23:00:00,Russia,Europe-Ural,RU,368.87,337.99,35.93,6.03,so-ups.ru,false,
2024-08-18 00:00:00,Russia,Europe-Ural,RU,367.62,337.07,36.15,6.16,so-ups.ru,false,
2024-08-18 01:00:00,Russia,Europe-Ural,RU,368.44,337.72,36.01,6.17,so-ups.ru,false,
2024-08-18 02:00:00,Russia,Europe-Ural,RU,366.44,335.82,36.34,6.71,so-ups.ru,false,
2024-08-18 03:00:00,Russia,Europe-Ural,RU,372.25,340.93,35.33,6.82,so-ups.ru,false,
2024-08-18 04:00:00,Russia,Europe-Ural,RU,380.09,348.34,33.98,7.01,so-ups.ru,false,
2024-08-18 05:00:00,Russia,Europe-Ural,RU,386.87,354.23,32.8,7.03,so-ups.ru,false,
2024-08-18 06:00:00,Russia,Europe-Ural,RU,387.44,354.68,32.69,7.84,so-ups.ru,false,
2024-08-18 07:00:00,Russia,Europe-Ural,RU,383.52,351.39,33.36,9.13,so-ups.ru,false,
2024-08-18 08:00:00,Russia,Europe-Ural,RU,383.66,350.95,33.31,9.1,so-ups.ru,false,
2024-08-18 09:00:00,Russia,Europe-Ural,RU,382.63,350.24,33.5,9.41,so-ups.ru,false,
2024-08-18 10:00:00,Russia,Europe-Ural,RU,382.56,350.23,33.52,9.58,so-ups.ru,false,
2024-08-18 11:00:00,Russia,Europe-Ural,RU,382.18,350.07,33.61,9.95,so-ups.ru,false,
2024-08-18 12:00:00,Russia,Europe-Ural,RU,383.95,351.59,33.29,9.62,so-ups.ru,false,
2024-08-18 13:00:00,Russia,Europe-Ural,RU,385.3,353.03,33.07,9.55,so-ups.ru,false,
2024-08-18 14:00:00,Russia,Europe-Ural,RU,387.03,354.76,32.79,9.33,so-ups.ru,false,
2024-08-18 15:00:00,Russia,Europe-Ural,RU,385.93,353.93,32.99,9.68,so-ups.ru,false,
2024-08-18 16:00:00,Russia,Europe-Ural,RU,390.92,358.57,32.14,8.59,so-ups.ru,false,
2024-08-18 17:00:00,Russia,Europe-Ural,RU,391.79,359.61,32.03,8.45,so-ups.ru,false,
2024-08-18 18:00:00,Russia,Europe-Ural,RU,392.19,359.51,31.93,7.3,so-ups.ru,false,
2024-08-18 19:00:00,Russia,Europe-Ural,RU,388.96,355.88,32.46,6.1,so-ups.ru,false,
2024-08-18 20:00:00,Russia,Europe-Ural,RU,383.27,351.02,33.45,5.68,so-ups.ru,false,
2024-08-18 21:00:00,Russia,Europe-Ural,RU,379.16,346.7,34.13,5.26,so-ups.ru,false,
2024-08-18 22:00:00,Russia,Europe-Ural,RU,378.84,345.62,34.13,4.57,so-ups.ru,false,
2024-08-18 23:00:00,Russia,Europe-Ural,RU,379.6,346.34,33.99,4.17,so-ups.ru,false,
2024-08-19 00:00:00,Russia,Europe-Ural,RU,382.14,350.03,33.65,4.32,so-ups.ru,false,
2024-08-19 01:00:00,Russia,Europe-Ural,RU,381.96,349.41,33.65,4.53,so-ups.ru,false,
2024-08-19 02:00:00,Russia,Europe-Ural,RU,378.36,346.38,34.26,6.25,so-ups.ru,false,
2024-08-19 03:00:00,Russia,Europe-Ural,RU,376.56,345.22,34.58,8.18,so-ups.ru,false,
2024-08-19 04:00:00,Russia,Europe-Ural,RU,383.3,350.87,33.37,8.43,so-ups.ru,false,
2024-08-19 05:00:00,Russia,Europe-Ural,RU,386.76,354.04,32.8,9.24,so-ups.ru,false,
2024-08-19 06:00:00,Russia,Europe-Ural,RU,388.09,355.66,32.59,9.78,so-ups.ru,false,
2024-08-19 07:00:00,Russia,Europe-Ural,RU,384.85,352.79,33.14,10.53,so-ups.ru,false,
2024-08-19 08:00:00,Russia,Europe-Ural,RU,386.42,354.46,32.87,10.34,so-ups.ru,false,
2024-08-19 09:00:00,Russia,Europe-Ural,RU,385.4,353.49,33.05,10.73,so-ups.ru,false,
2024-08-19 10:00:00,Russia,Europe-Ural,RU,387.19,355.31,32.75,10.62,so-ups.ru,false,
2024-08-19 11:00:00,Russia,Europe-Ural,RU,390.17,357.59,32.23,10.25,so-ups.ru,false,
2024-08-19 12:00:00,Russia,Europe-Ural,RU,397.48,364.39,30.99,9.11,so-ups.ru,false,
2024-08-19 13:00:00,Russia,Europe-Ural,RU,398.49,364.81,30.8,8.82,so-ups.ru,false,
2024-08-19 14:00:00,Russia,Europe-Ural,RU,398.06,364.24,30.86,8.64,so-ups.ru,false,
2024-08-19 15:00:00,Russia,Europe-Ural,RU,398.54,365.08,30.81,8.56,so-ups.ru,false,
2024-08-19 16:00:00,Russia,Europe-Ural,RU,396.68,363.67,31.14,8.69,so-ups.ru,false,
2024-08-19 17:00:00,Russia,Europe-Ural,RU,396.9,363.98,31.14,8.26,so-ups.ru,false,
2024-08-19 18:00:00,Russia,Europe-Ural,RU,394.66,361.46,31.49,7.59,so-ups.ru,false,
2024-08-19 19:00:00,Russia,Europe-Ural,RU,385.67,353.56,33.06,7.48,so-ups.ru,false,
2024-08-19 20:00:00,Russia,Europe-Ural,RU,383.07,350.56,33.47,6.13,so-ups.ru,false,
2024-08-19 21:00:00,Russia,Europe-Ural,RU,385.53,352.67,33.06,4.69,so-ups.ru,false,
2024-08-19 22:00:00,Russia,Europe-Ural,RU,381.79,349.14,33.68,4.72,so-ups.ru,false,
2024-08-19 23:00:00,Russia,Europe-Ural,RU,379.2,345.89,34.03,4.54,so-ups.ru,false,
2024-08-20 00:00:00,Russia,Europe-Ural,RU,379.5,345.91,33.98,4.51,so-ups.ru,false,
2024-08-20 01:00:00,Russia,Europe-Ural,RU,382.09,348.74,33.57,4.58,so-ups.ru,false,
2024-08-20 02:00:00,Russia,Europe-Ural,RU,384.12,351.33,33.28,5.25,so-ups.ru,false,
2024-08-20 03:00:00,Russia,Europe-Ural,RU,382.63,350.31,33.52,7.07,so-ups.ru,false,
2024-08-20 04:00:00,Russia,Europe-Ural,RU,385.94,353.52,32.96,8.09,so-ups.ru,false,
2024-08-20 05:00:00,Russia,Europe-Ural,RU,388.42,355.76,32.53,9.04,so-ups.ru,false,
2024-08-20 06:00:00,Russia,Europe-Ural,RU,388.3,356.14,32.56,9.69,so-ups.ru,false,
2024-08-20 07:00:00,Russia,Europe-Ural,RU,384.77,352.72,33.16,10.54,so-ups.ru,false,
2024-08-20 08:00:00,Russia,Europe-Ural,RU,384.53,352.82,33.22,10.66,so-ups.ru,false,
2024-08-20 09:00:00,Russia,Europe-Ural,RU,385.75,353.99,33.01,10.67,so-ups.ru,false,
2024-08-20 10:00:00,Russia,Europe-Ural,RU,387.42,355.53,32.73,10.57,so-ups.ru,false,
2024-08-20 11:00:00,Russia,Europe-Ural,RU,389.41,357.45,32.4,10.34,so-ups.ru,false,
2024-08-20 12:00:00,Russia,Europe-Ural,RU,394.3,361.51,31.54,9.52,so-ups.ru,false,
2024-08-20 13:00:00,Russia,Europe-Ural,RU,396.23,362.66,31.18,8.9,so-ups.ru,false,
2024-08-20 14:00:00,Russia,Europe-Ural,RU,396.32,363.47,31.21,8.89,so-ups.ru,false,
2024-08-20 15:00:00,Russia,Europe-Ural,RU,397.54,364.35,30.99,8.41,so-ups.ru,false,
2024-08-20 16:00:00,Russia,Europe-Ural,RU,397.79,364.92,30.97,8.46,so-ups.ru,false,
2024-08-20 17:00:00,Russia,Europe-Ural,RU,398.72,365.31,30.79,7.99,so-ups.ru,false,
2024-08-20 18:00:00,Russia,Europe-Ural,RU,392.66,359.72,31.83,8.02,so-ups.ru,false,
2024-08-20 19:00:00,Russia,Europe-Ural,RU,385.56,352.96,33.04,7.6,so-ups.ru,false,
2024-08-20 20:00:00,Russia,Europe-Ural,RU,388.05,355.39,32.63,5.71,so-ups.ru,false,
2024-08-20 21:00:00,Russia,Europe-Ural,RU,380.49,348.48,33.91,5.94,so-ups.ru,false,
2024-08-20 22:00:00,Russia,Europe-Ural,RU,380.12,347.64,33.96,5.11,so-ups.ru,false,
2024-08-20 23:00:00,Russia,Europe-Ural,RU,378.23,345.95,34.29,5.16,so-ups.ru,false,
2024-08-21 00:00:00,Russia,Europe-Ural,RU,377.31,345.46,34.4,5.41,so-ups.ru,false,
2024-08-21 01:00:00,Russia,Europe-Ural,RU,376.14,344.5,34.66,6.0,so-ups.ru,false,
2024-08-21 02:00:00,Russia,Europe-Ural,RU,379.03,347.14,34.17,6.35,so-ups.ru,false,
2024-08-21 03:00:00,Russia,Europe-Ural,RU,380.22,349.18,33.99,7.9,so-ups.ru,false,
2024-08-21 04:00:00,Russia,Europe-Ural,RU,387.64,355.73,32.69,8.11,so-ups.ru,false,
2024-08-21 05:00:00,Russia,Europe-Ural,RU,391.25,359.04,32.05,8.86,so-ups.ru,false,
2024-08-21 06:00:00,Russia,Europe-Ural,RU,392.39,360.24,31.85,9.33,so-ups.ru,false,
2024-08-21 07:00:00,Russia,Europe-Ural,RU,390.32,357.97,32.21,9.96,so-ups.ru,false,
2024-08-21 08:00:00,Russia,Europe-Ural,RU,388.67,356.98,32.53,10.37,so-ups.ru,false,
2024-08-21 09:00:00,Russia,Europe-Ural,RU,389.81,357.61,32.31,10.33,so-ups.ru,false,
2024-08-21 10:00:00,Russia,Europe-Ural,RU,391.53,359.09,32.0,10.2,so-ups.ru,false,
2024-08-21 11:00:00,Russia,Europe-Ural,RU,392.08,359.76,31.93,9.96,so-ups.ru,false,
2024-08-21 12:00:00,Russia,Europe-Ural,RU,398.49,365.08,30.8,8.91,so-ups.ru,false,
2024-08-21 13:00:00,Russia,Europe-Ural,RU,399.76,366.12,30.59,8.59,so-ups.ru,false,
2024-08-21 14:00:00,Russia,Europe-Ural,RU,400.86,366.89,30.39,8.18,so-ups.ru,false,
2024-08-21 15:00:00,Russia,Europe-Ural,RU,401.26,367.41,30.33,7.93,so-ups.ru,false,
2024-08-21 16:00:00,Russia,Europe-Ural,RU,400.86,367.71,30.42,8.06,so-ups.ru,false,
2024-08-21 17:00:00,Russia,Europe-Ural,RU,400.88,367.24,30.41,7.7,so-ups.ru,false,
2024-08-21 18:00:00,Russia,Europe-Ural,RU,396.47,363.39,31.18,7.52,so-ups.ru,false,
2024-08-21 19:00:00,Russia,Europe-Ural,RU,385.37,352.83,33.07,7.7,so-ups.ru,false,
2024-08-21 20:00:00,Russia,Europe-Ural,RU,388.28,356.05,32.62,5.74,so-ups.ru,false,
2024-08-21 21:00:00,Russia,Europe-Ural,RU,379.0,347.65,34.22,6.05,so-ups.ru,false,
2024-08-21 22:00:00,Russia,Europe-Ural,RU,376.13,344.81,34.69,5.8,so-ups.ru,false,
2024-08-21 23:00:00,Russia,Europe-Ural,RU,374.21,342.14,34.97,5.74,so-ups.ru,false,
2024-08-22 00:00:00,Russia,Europe-Ural,RU,374.61,342.57,34.87,5.75,so-ups.ru,false,
2024-08-22 01:00:00,Russia,Europe-Ural,RU,376.99,344.48,34.48,5.68,so-ups.ru,false,
2024-08-22 02:00:00,Russia,Europe-Ural,RU,379.13,347.01,34.14,6.12,so-ups.ru,false,
2024-08-22 03:00:00,Russia,Europe-Ural,RU,378.33,347.15,34.3,7.98,so-ups.ru,false,
2024-08-22 04:00:00,Russia,Europe-Ural,RU,383.44,351.6,33.39,8.61,so-ups.ru,false,
2024-08-22 05:00:00,Russia,Europe-Ural,RU,390.04,357.21,32.24,8.86,so-ups.ru,false,
2024-08-22 06:00:00,Russia,Europe-Ural,RU,391.16,358.17,32.04,9.31,so-ups.ru,false,
2024-08-22 07:00:00,Russia,Europe-Ural,RU,387.66,354.7,32.63,10.05,so-ups.ru,false,
2024-08-22 08:00:00,Russia,Europe-Ural,RU,388.02,354.89,32.56,9.96,so-ups.ru,false,
2024-08-22 09:00:00,Russia,Europe-Ural,RU,388.05,355.17,32.56,10.22,so-ups.ru,false,
2024-08-22 10:00:00,Russia,Europe-Ural,RU,390.31,357.24,32.18,9.9,so-ups.ru,false,
2024-08-22 11:00:00,Russia,Europe-Ural,RU,391.34,358.52,32.02,10.05,so-ups.ru,false,
2024-08-22 12:00:00,Russia,Europe-Ural,RU,398.44,364.65,30.79,8.86,so-ups.ru,false,
2024-08-22 13:00:00,Russia,Europe-Ural,RU,398.84,365.32,30.74,8.78,so-ups.ru,false,
2024-08-22 14:00:00,Russia,Europe-Ural,RU,398.78,365.31,30.75,8.52,so-ups.ru,false,
2024-08-22 15:00:00,Russia,Europe-Ural,RU,398.29,364.66,30.83,8.21,so-ups.ru,false,
2024-08-22 16:00:00,Russia,Europe-Ural,RU,394.19,361.69,31.57,8.74,so-ups.ru,false,
2024-08-22 17:00:00,Russia,Europe-Ural,RU,396.97,364.02,31.09,8.17,so-ups.ru,false,
2024-08-22 18:00:00,Russia,Europe-Ural,RU,391.7,358.96,31.98,7.79,so-ups.ru,false,
2024-08-22 19:00:00,Russia,Europe-Ural,RU,383.5,350.53,33.35,7.48,so-ups.ru,false,
2024-08-22 20:00:00,Russia,Europe-Ural,RU,375.71,343.51,34.7,7.13,so-ups.ru,false,
2024-08-22 21:00:00,Russia,Europe-Ural,RU,380.19,346.74,33.88,5.27,so-ups.ru,false,
2024-08-22 22:00:00,Russia,Europe-Ural,RU,376.31,343.21,34.54,5.31,so-ups.ru,false,
2024-08-22 23:00:00,Russia,Europe-Ural,RU,377.28,344.36,34.38,5.21,so-ups.ru,false,
2024-08-23 00:00:00,Russia,Europe-Ural,RU,377.96,344.7,34.25,5.06,so-ups.ru,false,
2024-08-23 01:00:00,Russia,Europe-Ural,RU,378.42,345.05,34.17,5.19,so-ups.ru,false,
2024-08-23 02:00:00,Russia,Europe-Ural,RU,381.2,348.26,33.73,5.57,so-ups.ru,false,
2024-08-23 03:00:00,Russia,Europe-Ural,RU,377.37,344.79,34.39,7.71,so-ups.ru,false,
2024-08-23 04:00:00,Russia,Europe-Ural,RU,382.77,350.08,33.47,8.47,so-ups.ru,false,
2024-08-23 05:00:00,Russia,Europe-Ural,RU,390.71,356.76,32.07,8.52,so-ups.ru,false,
2024-08-23 06:00:00,Russia,Europe-Ural,RU,392.12,358.54,31.85,9.04,so-ups.ru,false,
2024-08-23 07:00:00,Russia,Europe-Ural,RU,386.34,353.28,32.84,10.19,so-ups.ru,false,
2024-08-23 08:00:00,Russia,Europe-Ural,RU,386.76,354.09,32.78,10.29,so-ups.ru,false,
2024-08-23 09:00:00,Russia,Europe-Ural,RU,383.12,351.23,33.43,11.21,so-ups.ru,false,
2024-08-23 10:00:00,Russia,Europe-Ural,RU,382.62,350.65,33.51,11.38,so-ups.ru,false,
2024-08-23 11:00:00,Russia,Europe-Ural,RU,383.6,351.96,33.38,11.33,so-ups.ru,false,
2024-08-23 12:00:00,Russia,Europe-Ural,RU,388.39,355.67,32.52,10.34,so-ups.ru,false,
2024-08-23 13:00:00,Russia,Europe-Ural,RU,390.42,357.51,32.18,10.03,so-ups.ru,false,
2024-08-23 14:00:00,Russia,Europe-Ural,RU,399.54,365.8,30.61,9.31,so-ups.ru,false,
2024-08-23 15:00:00,Russia,Europe-Ural,RU,400.2,366.46,30.5,8.88,so-ups.ru,false,
2024-08-23 16:00:00,Russia,Europe-Ural,RU,396.02,363.13,31.24,9.52,so-ups.ru,false,
2024-08-23 17:00:00,Russia,Europe-Ural,RU,397.38,364.3,31.02,9.1,so-ups.ru,false,
2024-08-23 18:00:00,Russia,Europe-Ural,RU,393.95,360.78,31.59,8.61,so-ups.ru,false,
2024-08-23 19:00:00,Russia,Europe-Ural,RU,386.57,353.54,32.83,8.22,so-ups.ru,false,
2024-08-23 20:00:00,Russia,Europe-Ural,RU,380.4,347.94,33.9,7.94,so-ups.ru,false,
2024-08-23 21:00:00,Russia,Europe-Ural,RU,393.99,359.04,31.5,4.36,so-ups.ru,false,
2024-08-23 22:00:00,Russia,Europe-Ural,RU,390.91,356.39,32.05,4.4,so-ups.ru,false,
2024-08-23 23:00:00,Russia,Europe-Ural,RU,388.61,354.27,32.42,4.41,so-ups.ru,false,
2024-08-24 00:00:00,Russia,Europe-Ural,RU,388.56,354.02,32.43,4.34,so-ups.ru,false,
2024-08-24 01:00:00,Russia,Europe-Ural,RU,388.05,354.19,32.55,4.56,so-ups.ru,false,
2024-08-24 02:00:00,Russia,Europe-Ural,RU,389.47,355.81,32.32,4.73,so-ups.ru,false,
2024-08-24 03:00:00,Russia,Europe-Ural,RU,386.0,353.33,32.95,6.64,so-ups.ru,false,
2024-08-24 04:00:00,Russia,Europe-Ural,RU,386.54,354.17,32.85,7.72,so-ups.ru,false,
2024-08-24 05:00:00,Russia,Europe-Ural,RU,390.3,357.18,32.18,8.35,so-ups.ru,false,
2024-08-24 06:00:00,Russia,Europe-Ural,RU,388.47,355.91,32.49,9.65,so-ups.ru,false,
2024-08-24 07:00:00,Russia,Europe-Ural,RU,384.84,352.63,33.12,10.56,so-ups.ru,false,
2024-08-24 08:00:00,Russia,Europe-Ural,RU,384.74,352.31,33.13,10.62,so-ups.ru,false,
2024-08-24 09:00:00,Russia,Europe-Ural,RU,385.35,353.09,33.02,10.55,so-ups.ru,false,
2024-08-24 10:00:00,Russia,Europe-Ural,RU,382.96,350.63,33.44,10.97,so-ups.ru,false,
2024-08-24 11:00:00,Russia,Europe-Ural,RU,385.37,352.72,33.03,10.61,so-ups.ru,false,
2024-08-24 12:00:00,Russia,Europe-Ural,RU,387.36,354.19,32.67,10.21,so-ups.ru,false,
2024-08-24 13:00:00,Russia,Europe-Ural,RU,388.26,355.06,32.53,10.08,so-ups.ru,false,
2024-08-24 14:00:00,Russia,Europe-Ural,RU,391.5,357.87,31.97,9.3,so-ups.ru,false,
2024-08-24 15:00:00,Russia,Europe-Ural,RU,392.22,358.81,31.86,9.03,so-ups.ru,false,
2024-08-24 16:00:00,Russia,Europe-Ural,RU,390.49,357.84,32.18,9.35,so-ups.ru,false,
2024-08-24 17:00:00,Russia,Europe-Ural,RU,387.84,355.43,32.63,9.74,so-ups.ru,false,
2024-08-24 18:00:00,Russia,Europe-Ural,RU,387.05,353.81,32.73,8.76,so-ups.ru,false,
2024-08-24 19:00:00,Russia,Europe-Ural,RU,380.87,347.82,33.75,8.38,so-ups.ru,false,
2024-08-24 20:00:00,Russia,Europe-Ural,RU,370.77,338.93,35.52,8.17,so-ups.ru,false,
2024-08-24 21:00:00,Russia,Europe-Ural,RU,377.24,344.24,34.37,6.6,so-ups.ru,false,
2024-08-24 22:00:00,Russia,Europe-Ural,RU,377.08,343.94,34.42,5.84,so-ups.ru,false,
2024-08-24 23:00:00,Russia,Europe-Ural,RU,374.02,341.79,34.95,6.02,so-ups.ru,false,
2024-08-25 00:00:00,Russia,Europe-Ural,RU,373.41,341.22,35.09,6.13,so-ups.ru,false,
2024-08-25 01:00:00,Russia,Europe-Ural,RU,373.95,341.85,35.0,6.14,so-ups.ru,false,
2024-08-25 02:00:00,Russia,Europe-Ural,RU,374.44,342.86,34.95,6.47,so-ups.ru,false,
2024-08-25 03:00:00,Russia,Europe-Ural,RU,370.31,339.6,35.67,7.93,so-ups.ru,false,
2024-08-25 04:00:00,Russia,Europe-Ural,RU,374.51,343.07,34.91,8.19,so-ups.ru,false,
2024-08-25 05:00:00,Russia,Europe-Ural,RU,375.84,344.82,34.71,9.23,so-ups.ru,false,
2024-08-25 06:00:00,Russia,Europe-Ural,RU,378.85,346.94,34.15,9.32,so-ups.ru,false,
2024-08-25 07:00:00,Russia,Europe-Ural,RU,376.58,345.16,34.54,10.24,so-ups.ru,false,
2024-08-25 08:00:00,Russia,Europe-Ural,RU,377.59,345.64,34.36,10.15,so-ups.ru,false,
2024-08-25 09:00:00,Russia,Europe-Ural,RU,378.0,345.99,34.28,10.19,so-ups.ru,false,
2024-08-25 10:00:00,Russia,Europe-Ural,RU,377.65,345.76,34.34,10.36,so-ups.ru,false,
2024-08-25 11:00:00,Russia,Europe-Ural,RU,377.65,345.44,34.34,10.36,so-ups.ru,false,
2024-08-25 12:00:00,Russia,Europe-Ural,RU,378.97,346.89,34.13,10.36,so-ups.ru,false,
2024-08-25 13:00:00,Russia,Europe-Ural,RU,380.4,347.99,33.87,10.32,so-ups.ru,false,
2024-08-25 14:00:00,Russia,Europe-Ural,RU,381.11,348.54,33.75,10.16,so-ups.ru,false,
2024-08-25 15:00:00,Russia,Europe-Ural,RU,381.66,349.74,33.7,10.19,so-ups.ru,false,
2024-08-25 16:00:00,Russia,Europe-Ural,RU,380.81,349.27,33.85,10.4,so-ups.ru,false,
2024-08-25 17:00:00,Russia,Europe-Ural,RU,383.04,351.31,33.47,9.99,so-ups.ru,false,
2024-08-25 18:00:00,Russia,Europe-Ural,RU,383.55,351.14,33.34,8.74,so-ups.ru,false,
2024-08-25 19:00:00,Russia,Europe-Ural,RU,379.0,346.52,34.13,8.07,so-ups.ru,false,
2024-08-25 20:00:00,Russia,Europe-Ural,RU,370.25,338.72,35.62,8.32,so-ups.ru,false,
2024-08-25 21:00:00,Russia,Europe-Ural,RU,378.78,345.55,34.11,5.95,so-ups.ru,false,
2024-08-25 22:00:00,Russia,Europe-Ural,RU,375.44,342.83,34.7,6.13,so-ups.ru,false,
2024-08-25 23:00:00,Russia,Europe-Ural,RU,372.66,340.57,35.18,6.17,so-ups.ru,false,
2024-08-26 00:00:00,Russia,Europe-Ural,RU,371.49,339.31,35.39,6.2,so-ups.ru,false,
2024-08-26 01:00:00,Russia,Europe-Ural,RU,374.3,342.98,34.96,6.31,so-ups.ru,false,
2024-08-26 02:00:00,Russia,Europe-Ural,RU,379.0,347.26,34.17,6.4,so-ups.ru,false,
2024-08-26 03:00:00,Russia,Europe-Ural,RU,374.02,343.08,35.03,8.69,so-ups.ru,false,
2024-08-26 04:00:00,Russia,Europe-Ural,RU,381.85,349.97,33.67,8.85,so-ups.ru,false,
2024-08-26 05:00:00,Russia,Europe-Ural,RU,387.79,355.21,32.62,9.2,so-ups.ru,false,
2024-08-26 06:00:00,Russia,Europe-Ural,RU,387.49,354.71,32.66,9.91,so-ups.ru,false,
2024-08-26 07:00:00,Russia,Europe-Ural,RU,384.12,351.2,33.21,10.69,so-ups.ru,false,
2024-08-26 08:00:00,Russia,Europe-Ural,RU,385.46,352.65,33.0,10.54,so-ups.ru,false,
2024-08-26 09:00:00,Russia,Europe-Ural,RU,386.1,354.03,32.92,10.65,so-ups.ru,false,
2024-08-26 10:00:00,Russia,Europe-Ural,RU,386.52,354.53,32.85,10.87,so-ups.ru,false,
2024-08-26 11:00:00,Russia,Europe-Ural,RU,387.56,354.79,32.65,10.66,so-ups.ru,false,
2024-08-26 12:00:00,Russia,Europe-Ural,RU,392.13,358.65,31.85,9.83,so-ups.ru,false,
2024-08-26 13:00:00,Russia,Europe-Ural,RU,393.54,359.88,31.62,9.45,so-ups.ru,false,
2024-08-26 14:00:00,Russia,Europe-Ural,RU,392.49,358.89,31.8,9.47,so-ups.ru,false,
2024-08-26 15:00:00,Russia,Europe-Ural,RU,394.58,361.57,31.48,9.34,so-ups.ru,false,
2024-08-26 16:00:00,Russia,Europe-Ural,RU,392.52,360.08,31.86,9.58,so-ups.ru,false,
2024-08-26 17:00:00,Russia,Europe-Ural,RU,393.09,360.49,31.77,9.28,so-ups.ru,false,
2024-08-26 18:00:00,Russia,Europe-Ural,RU,391.7,358.79,31.98,8.48,so-ups.ru,false,
2024-08-26 19:00:00,Russia,Europe-Ural,RU,381.68,349.19,33.68,8.45,so-ups.ru,false,
2024-08-26 20:00:00,Russia,Europe-Ural,RU,379.62,347.29,34.04,7.34,so-ups.ru,false,
2024-08-26 21:00:00,Russia,Europe-Ural,RU,385.89,352.99,32.97,5.53,so-ups.ru,false,
2024-08-26 22:00:00,Russia,Europe-Ural,RU,381.3,349.07,33.78,5.63,so-ups.ru,false,
2024-08-26 23:00:00,Russia,Europe-Ural,RU,377.55,345.97,34.44,5.8,so-ups.ru,false,
2024-08-27 00:00:00,Russia,Europe-Ural,RU,377.75,346.22,34.4,5.81,so-ups.ru,false,
2024-08-27 01:00:00,Russia,Europe-Ural,RU,380.05,348.24,34.0,5.75,so-ups.ru,false,
2024-08-27 02:00:00,Russia,Europe-Ural,RU,382.83,350.56,33.52,5.95,so-ups.ru,false,
2024-08-27 03:00:00,Russia,Europe-Ural,RU,378.15,346.58,34.3,8.18,so-ups.ru,false,
2024-08-27 04:00:00,Russia,Europe-Ural,RU,383.98,352.04,33.29,8.65,so-ups.ru,false,
2024-08-27 05:00:00,Russia,Europe-Ural,RU,389.27,356.78,32.34,9.12,so-ups.ru,false,
2024-08-27 06:00:00,Russia,Europe-Ural,RU,389.47,356.27,32.3,9.56,so-ups.ru,false,
2024-08-27 07:00:00,Russia,Europe-Ural,RU,385.62,353.23,32.99,10.62,so-ups.ru,false,
2024-08-27 08:00:00,Russia,Europe-Ural,RU,383.74,351.67,33.32,10.96,so-ups.ru,false,
2024-08-27 09:00:00,Russia,Europe-Ural,RU,381.33,349.52,33.73,11.47,so-ups.ru,false,
2024-08-27 10:00:00,Russia,Europe-Ural,RU,382.28,350.15,33.55,11.5,so-ups.ru,false,
2024-08-27 11:00:00,Russia,Europe-Ural,RU,383.33,351.01,33.38,11.43,so-ups.ru,false,
2024-08-27 12:00:00,Russia,Europe-Ural,RU,387.83,355.09,32.6,10.65,so-ups.ru,false,
2024-08-27 13:00:00,Russia,Europe-Ural,RU,392.45,359.44,31.83,9.92,so-ups.ru,false,
2024-08-27 14:00:00,Russia,Europe-Ural,RU,393.83,360.67,31.59,9.47,so-ups.ru,false,
2024-08-27 15:00:00,Russia,Europe-Ural,RU,394.09,360.88,31.55,9.36,so-ups.ru,false,
2024-08-27 16:00:00,Russia,Europe-Ural,RU,394.57,361.94,31.5,9.34,so-ups.ru,false,
2024-08-27 17:00:00,Russia,Europe-Ural,RU,393.5,360.5,31.67,9.26,so-ups.ru,false,
2024-08-27 18:00:00,Russia,Europe-Ural,RU,389.83,356.92,32.29,8.76,so-ups.ru,false,
2024-08-27 19:00:00,Russia,Europe-Ural,RU,383.75,350.45,33.29,8.12,so-ups.ru,false,
2024-08-27 20:00:00,Russia,Europe-Ural,RU,381.4,348.71,33.72,7.13,so-ups.ru,false,
2024-08-27 21:00:00,Russia,Europe-Ural,RU,382.68,349.94,33.52,5.57,so-ups.ru,false,
2024-08-27 22:00:00,Russia,Europe-Ural,RU,378.83,346.79,34.19,5.68,so-ups.ru,false,
2024-08-27 23:00:00,Russia,Europe-Ural,RU,377.02,345.53,34.52,5.79,so-ups.ru,false,
2024-08-28 00:00:00,Russia,Europe-Ural,RU,375.75,343.67,34.71,5.67,so-ups.ru,false,
2024-08-28 01:00:00,Russia,Europe-Ural,RU,378.56,346.9,34.25,5.78,so-ups.ru,false,
2024-08-28 02:00:00,Russia,Europe-Ural,RU,381.38,349.58,33.77,5.98,so-ups.ru,false,
2024-08-28 03:00:00,Russia,Europe-Ural,RU,376.22,345.3,34.65,8.36,so-ups.ru,false,
2024-08-28 04:00:00,Russia,Europe-Ural,RU,382.85,351.03,33.48,8.7,so-ups.ru,false,
2024-08-28 05:00:00,Russia,Europe-Ural,RU,389.38,356.59,32.34,9.02,so-ups.ru,false,
2024-08-28 06:00:00,Russia,Europe-Ural,RU,389.48,356.14,32.29,9.45,so-ups.ru,false,
2024-08-28 07:00:00,Russia,Europe-Ural,RU,386.11,353.81,32.91,10.6,so-ups.ru,false,
2024-08-28 08:00:00,Russia,Europe-Ural,RU,385.55,353.44,33.01,10.81,so-ups.ru,false,
2024-08-28 09:00:00,Russia,Europe-Ural,RU,386.29,354.3,32.89,10.93,so-ups.ru,false,
2024-08-28 10:00:00,Russia,Europe-Ural,RU,386.45,354.19,32.85,11.05,so-ups.ru,false,
2024-08-28 11:00:00,Russia,Europe-Ural,RU,386.56,354.5,32.85,11.14,so-ups.ru,false,
2024-08-28 12:00:00,Russia,Europe-Ural,RU,391.17,358.23,32.04,10.38,so-ups.ru,false,
2024-08-28 13:00:00,Russia,Europe-Ural,RU,394.98,361.47,31.39,9.58,so-ups.ru,false,
2024-08-28 14:00:00,Russia,Europe-Ural,RU,394.79,361.39,31.42,9.48,so-ups.ru,false,
2024-08-28 15:00:00,Russia,Europe-Ural,RU,392.62,359.82,31.82,9.67,so-ups.ru,false,
2024-08-28 16:00:00,Russia,Europe-Ural,RU,392.41,359.92,31.86,9.65,so-ups.ru,false,
2024-08-28 17:00:00,Russia,Europe-Ural,RU,389.5,357.3,32.38,9.67,so-ups.ru,false,
2024-08-28 18:00:00,Russia,Europe-Ural,RU,384.9,352.95,33.15,9.44,so-ups.ru,false,
2024-08-28 19:00:00,Russia,Europe-Ural,RU,384.54,352.02,33.21,8.09,so-ups.ru,false,
2024-08-28 20:00:00,Russia,Europe-Ural,RU,373.98,342.47,35.02,7.93,so-ups.ru,false,
2024-08-28 21:00:00,Russia,Europe-Ural,RU,379.11,346.83,34.14,6.22,so-ups.ru,false,
2024-08-28 22:00:00,Russia,Europe-Ural,RU,378.13,345.82,34.3,5.8,so-ups.ru,false,
2024-08-28 23:00:00,Russia,Europe-Ural,RU,378.41,345.39,34.19,5.15,so-ups.ru,false,
2024-08-29 00:00:00,Russia,Europe-Ural,RU,378.88,346.12,34.11,5.16,so-ups.ru,false,
2024-08-29 01:00:00,Russia,Europe-Ural,RU,378.53,346.7,34.26,5.84,so-ups.ru,false,
2024-08-29 02:00:00,Russia,Europe-Ural,RU,379.61,347.82,34.03,6.39,so-ups.ru,false,
2024-08-29 03:00:00,Russia,Europe-Ural,RU,374.2,343.56,34.99,8.86,so-ups.ru,false,
2024-08-29 04:00:00,Russia,Europe-Ural,RU,381.81,350.02,33.68,8.99,so-ups.ru,false,
2024-08-29 05:00:00,Russia,Europe-Ural,RU,388.46,356.01,32.52,9.09,so-ups.ru,false,
2024-08-29 06:00:00,Russia,Europe-Ural,RU,388.55,356.09,32.5,9.54,so-ups.ru,false,
2024-08-29 07:00:00,Russia,Europe-Ural,RU,385.75,353.63,32.98,10.26,so-ups.ru,false,
2024-08-29 08:00:00,Russia,Europe-Ural,RU,383.35,351.35,33.39,10.78,so-ups.ru,false,
2024-08-29 09:00:00,Russia,Europe-Ural,RU,384.35,352.15,33.21,10.77,so-ups.ru,false,
2024-08-29 10:00:00,Russia,Europe-Ural,RU,384.26,351.73,33.21,10.8,so-ups.ru,false,
2024-08-29 11:00:00,Russia,Europe-Ural,RU,384.53,352.34,33.18,10.9,so-ups.ru,false,
2024-08-29 12:00:00,Russia,Europe-Ural,RU,388.81,355.88,32.44,10.17,so-ups.ru,false,
2024-08-29 13:00:00,Russia,Europe-Ural,RU,392.99,359.44,31.72,9.47,so-ups.ru,false,
2024-08-29 14:00:00,Russia,Europe-Ural,RU,392.77,358.99,31.74,9.13,so-ups.ru,false,
2024-08-29 15:00:00,Russia,Europe-Ural,RU,392.35,359.16,31.85,9.21,so-ups.ru,false,
2024-08-29 16:00:00,Russia,Europe-Ural,RU,392.62,359.92,31.82,9.14,so-ups.ru,false,
2024-08-29 17:00:00,Russia,Europe-Ural,RU,391.95,359.27,31.95,8.8,so-ups.ru,false,
2024-08-29 18:00:00,Russia,Europe-Ural,RU,386.87,354.23,32.8,8.08,so-ups.ru,false,
2024-08-29 19:00:00,Russia,Europe-Ural,RU,378.46,346.57,34.25,8.17,so-ups.ru,false,
2024-08-29 20:00:00,Russia,Europe-Ural,RU,377.73,345.16,34.34,6.64,so-ups.ru,false,
2024-08-29 21:00:00,Russia,Europe-Ural,RU,378.49,345.43,34.19,5.56,so-ups.ru,false,
2024-08-29 22:00:00,Russia,Europe-Ural,RU,379.11,346.13,34.09,4.9,so-ups.ru,false,
2024-08-29 23:00:00,Russia,Europe-Ural,RU,377.55,344.6,34.35,4.95,so-ups.ru,false,
2024-08-30 00:00:00,Russia,Europe-Ural,RU,379.41,347.24,34.07,4.95,so-ups.ru,false,
2024-08-30 01:00:00,Russia,Europe-Ural,RU,378.14,346.08,34.31,5.51,so-ups.ru,false,
2024-08-30 02:00:00,Russia,Europe-Ural,RU,380.83,349.28,33.85,6.0,so-ups.ru,false,
2024-08-30 03:00:00,Russia,Europe-Ural,RU,374.98,344.58,34.89,8.4,so-ups.ru,false,
2024-08-30 04:00:00,Russia,Europe-Ural,RU,381.05,349.44,33.79,8.57,so-ups.ru,false,
2024-08-30 05:00:00,Russia,Europe-Ural,RU,385.01,352.94,33.1,9.02,so-ups.ru,false,
2024-08-30 06:00:00,Russia,Europe-Ural,RU,386.55,354.36,32.84,9.53,so-ups.ru,false,
2024-08-30 07:00:00,Russia,Europe-Ural,RU,381.82,350.2,33.65,10.76,so-ups.ru,false,
2024-08-30 08:00:00,Russia,Europe-Ural,RU,381.9,349.48,33.6,10.63,so-ups.ru,false,
2024-08-30 09:00:00,Russia,Europe-Ural,RU,380.36,348.82,33.9,11.27,so-ups.ru,false,
2024-08-30 10:00:00,Russia,Europe-Ural,RU,379.61,347.95,34.02,11.57,so-ups.ru,false,
2024-08-30 11:00:00,Russia,Europe-Ural,RU,380.16,348.51,33.93,11.5,so-ups.ru,false,
2024-08-30 12:00:00,Russia,Europe-Ural,RU,385.13,352.49,33.05,10.6,so-ups.ru,false,
2024-08-30 13:00:00,Russia,Europe-Ural,RU,388.55,355.36,32.47,9.82,so-ups.ru,false,
2024-08-30 14:00:00,Russia,Europe-Ural,RU,387.65,354.59,32.63,9.67,so-ups.ru,false,
2024-08-30 15:00:00,Russia,Europe-Ural,RU,385.98,353.7,32.95,10.02,so-ups.ru,false,
2024-08-30 16:00:00,Russia,Europe-Ural,RU,387.43,355.76,32.74,9.96,so-ups.ru,false,
2024-08-30 17:00:00,Russia,Europe-Ural,RU,387.24,355.23,32.77,9.54,so-ups.ru,false,
2024-08-30 18:00:00,Russia,Europe-Ural,RU,382.99,351.1,33.48,9.18,so-ups.ru,false,
2024-08-30 19:00:00,Russia,Europe-Ural,RU,378.63,346.83,34.23,8.18,so-ups.ru,false,
2024-08-30 20:00:00,Russia,Europe-Ural,RU,375.94,344.21,34.69,7.22,so-ups.ru,false,
2024-08-30 21:00:00,Russia,Europe-Ural,RU,380.78,347.7,33.78,5.36,so-ups.ru,false,
2024-08-30 22:00:00,Russia,Europe-Ural,RU,377.76,344.92,34.32,5.19,so-ups.ru,false,
2024-08-30 23:00:00,Russia,Europe-Ural,RU,379.4,346.51,34.05,4.7,so-ups.ru,false,
2024-08-31 00:00:00,Russia,Europe-Ural,RU,377.93,345.24,34.31,4.71,so-ups.ru,false,
2024-08-31 01:00:00,Russia,Europe-Ural,RU,378.55,346.41,34.24,4.77,so-ups.ru,false,
2024-08-31 02:00:00,Russia,Europe-Ural,RU,376.86,345.13,34.5,5.47,so-ups.ru,false,
2024-08-31 03:00:00,Russia,Europe-Ural,RU,381.69,348.92,33.63,5.72,so-ups.ru,false,
2024-08-31 04:00:00,Russia,Europe-Ural,RU,377.62,345.72,34.35,7.8,so-ups.ru,false,
2024-08-31 05:00:00,Russia,Europe-Ural,RU,382.21,350.39,33.59,8.38,so-ups.ru,false,
2024-08-31 06:00:00,Russia,Europe-Ural,RU,383.59,351.86,33.33,8.98,so-ups.ru,false,
2024-08-31 07:00:00,Russia,Europe-Ural,RU,381.15,349.59,33.77,9.78,so-ups.ru,false,
2024-08-31 08:00:00,Russia,Europe-Ural,RU,380.46,348.83,33.88,10.09,so-ups.ru,false,
2024-08-31 09:00:00,Russia,Europe-Ural,RU,378.09,346.64,34.28,10.48,so-ups.ru,false,
2024-08-31 10:00:00,Russia,Europe-Ural,RU,378.91,347.14,34.14,10.43,so-ups.ru,false,
2024-08-31 11:00:00,Russia,Europe-Ural,RU,379.18,347.18,34.09,10.42,so-ups.ru,false,
2024-08-31 12:00:00,Russia,Europe-Ural,RU,380.6,348.37,33.85,10.26,so-ups.ru,false,
2024-08-31 13:00:00,Russia,Europe-Ural,RU,380.34,348.13,33.89,10.35,so-ups.ru,false,
2024-08-31 14:00:00,Russia,Europe-Ural,RU,383.29,350.89,33.38,9.75,so-ups.ru,false,
2024-08-31 15:00:00,Russia,Europe-Ural,RU,382.44,350.61,33.57,9.99,so-ups.ru,false,
2024-08-31 16:00:00,Russia,Europe-Ural,RU,382.35,350.83,33.6,10.07,so-ups.ru,false,
2024-08-31 17:00:00,Russia,Europe-Ural,RU,383.52,351.88,33.41,9.55,so-ups.ru,false,
2024-08-31 18:00:00,Russia,Europe-Ural,RU,383.03,350.55,33.4,8.24,so-ups.ru,false,
2024-08-31 19:00:00,Russia,Europe-Ural,RU,378.16,345.95,34.3,7.63,so-ups.ru,false,
2024-08-31 20:00:00,Russia,Europe-Ural,RU,373.86,341.98,34.98,6.74,so-ups.ru,false,
2024-08-31 21:00:00,Russia,Europe-Ural,RU,373.66,341.37,35.05,6.27,so-ups.ru,false,
2024-08-31 22:00:00,Russia,Europe-Ural,RU,368.11,336.43,35.98,6.42,so-ups.ru,false,
2024-08-31 23:00:00,Russia,Europe-Ural,RU,368.32,336.85,35.97,6.01,so-ups.ru,false,
2024-09-01 00:00:00,Russia,Europe-Ural,RU,367.91,336.57,36.07,6.02,so-ups.ru,false,
2024-09-01 01:00:00,Russia,Europe-Ural,RU,368.29,337.62,36.04,6.14,so-ups.ru,false,
2024-09-01 02:00:00,Russia,Europe-Ural,RU,366.86,336.87,36.28,6.8,so-ups.ru,false,
2024-09-01 03:00:00,Russia,Europe-Ural,RU,367.83,337.98,36.1,7.53,so-ups.ru,false,
2024-09-01 04:00:00,Russia,Europe-Ural,RU,373.44,342.94,35.13,7.89,so-ups.ru,false,
2024-09-01 05:00:00,Russia,Europe-Ural,RU,376.03,345.4,34.67,8.88,so-ups.ru,false,
2024-09-01 06:00:00,Russia,Europe-Ural,RU,375.07,344.64,34.87,9.82,so-ups.ru,false,
2024-09-01 07:00:00,Russia,Europe-Ural,RU,374.71,344.63,34.93,10.41,so-ups.ru,false,
2024-09-01 08:00:00,Russia,Europe-Ural,RU,378.9,348.12,34.19,9.84,so-ups.ru,false,
2024-09-01 09:00:00,Russia,Europe-Ural,RU,378.23,346.5,34.23,9.65,so-ups.ru,false,
2024-09-01 10:00:00,Russia,Europe-Ural,RU,379.99,347.66,33.93,9.54,so-ups.ru,false,
2024-09-01 11:00:00,Russia,Europe-Ural,RU,378.68,346.64,34.18,9.98,so-ups.ru,false,
2024-09-01 12:00:00,Russia,Europe-Ural,RU,379.38,347.12,34.01,9.9,so-ups.ru,false,
2024-09-01 13:00:00,Russia,Europe-Ural,RU,380.24,347.92,33.87,9.91,so-ups.ru,false,
2024-09-01 14:00:00,Russia,Europe-Ural,RU,380.85,348.44,33.77,9.74,so-ups.ru,false,
2024-09-01 15:00:00,Russia,Europe-Ural,RU,380.51,348.68,33.86,9.98,so-ups.ru,false,
2024-09-01 16:00:00,Russia,Europe-Ural,RU,380.25,348.66,33.95,10.24,so-ups.ru,false,
2024-09-01 17:00:00,Russia,Europe-Ural,RU,384.29,352.07,33.24,9.11,so-ups.ru,false,
2024-09-01 18:00:00,Russia,Europe-Ural,RU,382.32,350.32,33.56,8.46,so-ups.ru,false,
2024-09-01 19:00:00,Russia,Europe-Ural,RU,380.9,348.23,33.77,7.25,so-ups.ru,false,
2024-09-01 20:00:00,Russia,Europe-Ural,RU,376.87,344.68,34.51,6.67,so-ups.ru,false,
2024-09-01 21:00:00,Russia,Europe-Ural,RU,377.0,345.11,34.51,5.59,so-ups.ru,false,
2024-09-01 22:00:00,Russia,Europe-Ural,RU,377.72,346.0,34.39,4.93,so-ups.ru,false,
2024-09-01 23:00:00,Russia,Europe-Ural,RU,375.16,343.78,34.84,5.05,so-ups.ru,false,
2024-09-02 00:00:00,Russia,Europe-Ural,RU,374.1,342.66,34.97,4.99,so-ups.ru,false,
2024-09-02 01:00:00,Russia,Europe-Ural,RU,373.34,341.89,35.15,5.64,so-ups.ru,false,
2024-09-02 02:00:00,Russia,Europe-Ural,RU,379.75,347.9,34.05,5.5,so-ups.ru,false,
2024-09-02 03:00:00,Russia,Europe-Ural,RU,378.91,347.47,34.17,7.34,so-ups.ru,false,
2024-09-02 04:00:00,Russia,Europe-Ural,RU,380.77,348.58,33.8,8.37,so-ups.ru,false,
2024-09-02 05:00:00,Russia,Europe-Ural,RU,386.77,353.99,32.77,8.71,so-ups.ru,false,
2024-09-02 06:00:00,Russia,Europe-Ural,RU,380.42,348.6,33.85,10.41,so-ups.ru,false,
2024-09-02 07:00:00,Russia,Europe-Ural,RU,377.03,345.92,34.5,11.22,so-ups.ru,false,
2024-09-02 08:00:00,Russia,Europe-Ural,RU,384.03,352.02,33.28,9.95,so-ups.ru,false,
2024-09-02 09:00:00,Russia,Europe-Ural,RU,378.94,346.98,34.14,10.84,so-ups.ru,false,
2024-09-02 10:00:00,Russia,Europe-Ural,RU,377.59,345.38,34.35,11.15,so-ups.ru,false,
2024-09-02 11:00:00,Russia,Europe-Ural,RU,383.11,350.02,33.39,10.5,so-ups.ru,false,
2024-09-02 12:00:00,Russia,Europe-Ural,RU,385.95,352.32,32.89,10.06,so-ups.ru,false,
2024-09-02 13:00:00,Russia,Europe-Ural,RU,386.07,352.35,32.87,9.93,so-ups.ru,false,
2024-09-02 14:00:00,Russia,Europe-Ural,RU,387.46,353.53,32.63,9.24,so-ups.ru,false,
2024-09-02 15:00:00,Russia,Europe-Ural,RU,385.3,352.43,33.05,9.49,so-ups.ru,false,
2024-09-02 16:00:00,Russia,Europe-Ural,RU,385.13,353.14,33.12,9.64,so-ups.ru,false,
2024-09-02 17:00:00,Russia,Europe-Ural,RU,388.1,355.68,32.61,8.93,so-ups.ru,false,
2024-09-02 18:00:00,Russia,Europe-Ural,RU,382.38,349.82,33.58,8.62,so-ups.ru,false,
2024-09-02 19:00:00,Russia,Europe-Ural,RU,378.56,345.56,34.19,7.49,so-ups.ru,false,
2024-09-02 20:00:00,Russia,Europe-Ural,RU,373.92,341.36,35.0,6.86,so-ups.ru,false,
2024-09-02 21:00:00,Russia,Europe-Ural,RU,377.28,344.49,34.39,5.39,so-ups.ru,false,
2024-09-02 22:00:00,Russia,Europe-Ural,RU,377.63,344.91,34.32,4.72,so-ups.ru,false,
2024-09-02 23:00:00,Russia,Europe-Ural,RU,378.49,345.79,34.19,4.48,so-ups.ru,false,
2024-09-03 00:00:00,Russia,Europe-Ural,RU,380.3,347.13,33.89,4.43,so-ups.ru,false,
2024-09-03 01:00:00,Russia,Europe-Ural,RU,380.68,347.75,33.81,5.0,so-ups.ru,false,
2024-09-03 02:00:00,Russia,Europe-Ural,RU,384.09,351.07,33.26,5.41,so-ups.ru,false,
2024-09-03 03:00:00,Russia,Europe-Ural,RU,379.45,347.65,34.09,7.49,so-ups.ru,false,
2024-09-03 04:00:00,Russia,Europe-Ural,RU,383.7,351.51,33.29,8.02,so-ups.ru,false,
2024-09-03 05:00:00,Russia,Europe-Ural,RU,386.35,353.91,32.81,8.92,so-ups.ru,false,
2024-09-03 06:00:00,Russia,Europe-Ural,RU,387.64,354.29,32.61,9.14,so-ups.ru,false,
2024-09-03 07:00:00,Russia,Europe-Ural,RU,381.53,349.34,33.69,10.65,so-ups.ru,false,
2024-09-03 08:00:00,Russia,Europe-Ural,RU,381.36,348.96,33.72,10.58,so-ups.ru,false,
2024-09-03 09:00:00,Russia,Europe-Ural,RU,377.38,345.35,34.4,11.32,so-ups.ru,false,
2024-09-03 10:00:00,Russia,Europe-Ural,RU,382.39,349.96,33.55,10.71,so-ups.ru,false,
2024-09-03 11:00:00,Russia,Europe-Ural,RU,381.16,348.74,33.75,10.98,so-ups.ru,false,
2024-09-03 12:00:00,Russia,Europe-Ural,RU,385.69,352.41,32.94,10.21,so-ups.ru,false,
2024-09-03 13:00:00,Russia,Europe-Ural,RU,389.83,355.98,32.18,9.33,so-ups.ru,false,
2024-09-03 14:00:00,Russia,Europe-Ural,RU,391.79,357.81,31.91,8.86,so-ups.ru,false,
2024-09-03 15:00:00,Russia,Europe-Ural,RU,388.9,356.13,32.41,9.35,so-ups.ru,false,
2024-09-03 16:00:00,Russia,Europe-Ural,RU,388.71,356.77,32.52,9.45,so-ups.ru,false,
2024-09-03 17:00:00,Russia,Europe-Ural,RU,388.11,355.96,32.63,8.97,so-ups.ru,false,
2024-09-03 18:00:00,Russia,Europe-Ural,RU,384.29,351.23,33.21,8.04,so-ups.ru,false,
2024-09-03 19:00:00,Russia,Europe-Ural,RU,377.29,344.51,34.43,7.43,so-ups.ru,false,
2024-09-03 20:00:00,Russia,Europe-Ural,RU,375.36,342.64,34.76,6.71,so-ups.ru,false,
2024-09-03 21:00:00,Russia,Europe-Ural,RU,382.62,348.88,33.47,4.65,so-ups.ru,false,
2024-09-03 22:00:00,Russia,Europe-Ural,RU,383.2,349.44,33.42,4.19,so-ups.ru,false,
2024-09-03 23:00:00,Russia,Europe-Ural,RU,381.96,348.93,33.6,4.27,so-ups.ru,false,
2024-09-04 00:00:00,Russia,Europe-Ural,RU,382.77,350.22,33.53,4.38,so-ups.ru,false,
2024-09-04 01:00:00,Russia,Europe-Ural,RU,384.1,351.65,33.34,4.82,so-ups.ru,false,
2024-09-04 02:00:00,Russia,Europe-Ural,RU,385.79,353.28,32.96,5.32,so-ups.ru,false,
2024-09-04 03:00:00,Russia,Europe-Ural,RU,383.27,351.31,33.4,7.36,so-ups.ru,false,
2024-09-04 04:00:00,Russia,Europe-Ural,RU,388.13,355.74,32.54,7.81,so-ups.ru,false,
2024-09-04 05:00:00,Russia,Europe-Ural,RU,392.34,359.19,31.82,8.33,so-ups.ru,false,
2024-09-04 06:00:00,Russia,Europe-Ural,RU,390.66,358.15,32.07,9.04,so-ups.ru,false,
2024-09-04 07:00:00,Russia,Europe-Ural,RU,385.92,353.59,32.95,10.19,so-ups.ru,false,
2024-09-04 08:00:00,Russia,Europe-Ural,RU,383.69,351.75,33.34,10.33,so-ups.ru,false,
2024-09-04 09:00:00,Russia,Europe-Ural,RU,383.13,351.35,33.44,10.56,so-ups.ru,false,
2024-09-04 10:00:00,Russia,Europe-Ural,RU,384.59,352.52,33.19,10.32,so-ups.ru,false,
2024-09-04 11:00:00,Russia,Europe-Ural,RU,384.62,352.33,33.18,10.35,so-ups.ru,false,
2024-09-04 12:00:00,Russia,Europe-Ural,RU,386.18,353.71,32.91,10.29,so-ups.ru,false,
2024-09-04 13:00:00,Russia,Europe-Ural,RU,391.05,357.6,32.05,9.24,so-ups.ru,false,
2024-09-04 14:00:00,Russia,Europe-Ural,RU,391.22,358.07,32.05,8.98,so-ups.ru,false,
2024-09-04 15:00:00,Russia,Europe-Ural,RU,391.15,358.71,32.11,9.14,so-ups.ru,false,
2024-09-04 16:00:00,Russia,Europe-Ural,RU,390.67,358.45,32.21,9.31,so-ups.ru,false,
2024-09-04 17:00:00,Russia,Europe-Ural,RU,392.11,359.37,31.93,8.35,so-ups.ru,false,
2024-09-04 18:00:00,Russia,Europe-Ural,RU,388.93,356.19,32.47,7.97,so-ups.ru,false,
2024-09-04 19:00:00,Russia,Europe-Ural,RU,385.18,352.78,33.12,7.11,so-ups.ru,false,
2024-09-04 20:00:00,Russia,Europe-Ural,RU,388.5,355.47,32.55,5.12,so-ups.ru,false,
2024-09-04 21:00:00,Russia,Europe-Ural,RU,385.87,353.68,33.05,4.73,so-ups.ru,false,
2024-09-04 22:00:00,Russia,Europe-Ural,RU,384.82,352.44,33.23,4.23,so-ups.ru,false,
2024-09-04 23:00:00,Russia,Europe-Ural,RU,383.69,351.46,33.4,4.3,so-ups.ru,false,
2024-09-05 00:00:00,Russia,Europe-Ural,RU,383.36,351.17,33.41,4.32,so-ups.ru,false,
2024-09-05 01:00:00,Russia,Europe-Ural,RU,385.22,352.98,33.11,4.76,so-ups.ru,false,
2024-09-05 02:00:00,Russia,Europe-Ural,RU,388.4,355.65,32.58,4.87,so-ups.ru,false,
2024-09-05 03:00:00,Russia,Europe-Ural,RU,386.0,354.02,33.0,6.96,so-ups.ru,false,
2024-09-05 04:00:00,Russia,Europe-Ural,RU,386.27,354.47,32.87,7.95,so-ups.ru,false,
2024-09-05 05:00:00,Russia,Europe-Ural,RU,386.26,354.44,32.87,9.08,so-ups.ru,false,
2024-09-05 06:00:00,Russia,Europe-Ural,RU,386.53,354.55,32.89,9.44,so-ups.ru,false,
2024-09-05 07:00:00,Russia,Europe-Ural,RU,383.28,351.77,33.45,10.17,so-ups.ru,false,
2024-09-05 08:00:00,Russia,Europe-Ural,RU,380.89,349.66,33.86,10.5,so-ups.ru,false,
2024-09-05 09:00:00,Russia,Europe-Ural,RU,380.32,349.27,33.95,10.55,so-ups.ru,false,
2024-09-05 10:00:00,Russia,Europe-Ural,RU,382.54,351.26,33.58,10.31,so-ups.ru,false,
2024-09-05 11:00:00,Russia,Europe-Ural,RU,380.13,348.62,33.98,10.64,so-ups.ru,false,
2024-09-05 12:00:00,Russia,Europe-Ural,RU,382.07,350.52,33.66,10.46,so-ups.ru,false,
2024-09-05 13:00:00,Russia,Europe-Ural,RU,384.79,352.87,33.2,9.82,so-ups.ru,false,
2024-09-05 14:00:00,Russia,Europe-Ural,RU,386.08,353.85,32.96,9.4,so-ups.ru,false,
2024-09-05 15:00:00,Russia,Europe-Ural,RU,383.81,352.48,33.41,9.85,so-ups.ru,false,
2024-09-05 16:00:00,Russia,Europe-Ural,RU,387.49,355.55,32.75,9.22,so-ups.ru,false,
2024-09-05 17:00:00,Russia,Europe-Ural,RU,384.63,353.29,33.2,8.92,so-ups.ru,false,
2024-09-05 18:00:00,Russia,Europe-Ural,RU,389.05,356.08,32.46,7.04,so-ups.ru,false,
2024-09-05 19:00:00,Russia,Europe-Ural,RU,384.16,352.2,33.36,6.65,so-ups.ru,false,
2024-09-05 20:00:00,Russia,Europe-Ural,RU,385.15,352.82,33.18,5.18,so-ups.ru,false,
2024-09-05 21:00:00,Russia,Europe-Ural,RU,385.06,352.77,33.14,3.95,so-ups.ru,false,
2024-09-05 22:00:00,Russia,Europe-Ural,RU,385.53,353.02,33.12,3.48,so-ups.ru,false,
2024-09-05 23:00:00,Russia,Europe-Ural,RU,385.17,352.43,33.12,3.47,so-ups.ru,false,
2024-09-06 00:00:00,Russia,Europe-Ural,RU,386.15,353.48,32.93,3.47,so-ups.ru,false,
2024-09-06 01:00:00,Russia,Europe-Ural,RU,386.27,353.54,32.95,3.97,so-ups.ru,false,
2024-09-06 02:00:00,Russia,Europe-Ural,RU,390.63,357.91,32.17,4.13,so-ups.ru,false,
2024-09-06 03:00:00,Russia,Europe-Ural,RU,389.84,357.55,32.31,5.92,so-ups.ru,false,
2024-09-06 04:00:00,Russia,Europe-Ural,RU,382.83,351.8,33.51,8.34,so-ups.ru,false,
2024-09-06 05:00:00,Russia,Europe-Ural,RU,381.93,350.23,33.65,9.51,so-ups.ru,false,
2024-09-06 06:00:00,Russia,Europe-Ural,RU,378.45,347.63,34.28,10.42,so-ups.ru,false,
2024-09-06 07:00:00,Russia,Europe-Ural,RU,375.48,345.04,34.82,10.98,so-ups.ru,false,
2024-09-06 08:00:00,Russia,Europe-Ural,RU,373.39,343.1,35.17,11.35,so-ups.ru,false,
2024-09-06 09:00:00,Russia,Europe-Ural,RU,373.48,343.31,35.15,11.43,so-ups.ru,false,
2024-09-06 10:00:00,Russia,Europe-Ural,RU,373.29,342.85,35.11,11.23,so-ups.ru,false,
2024-09-06 11:00:00,Russia,Europe-Ural,RU,373.41,343.04,35.15,11.34,so-ups.ru,false,
2024-09-06 12:00:00,Russia,Europe-Ural,RU,377.57,346.63,34.43,10.77,so-ups.ru,false,
2024-09-06 13:00:00,Russia,Europe-Ural,RU,379.73,348.53,34.07,10.15,so-ups.ru,false,
2024-09-06 14:00:00,Russia,Europe-Ural,RU,379.9,348.58,34.05,9.99,so-ups.ru,false,
2024-09-06 15:00:00,Russia,Europe-Ural,RU,381.21,350.29,33.87,9.94,so-ups.ru,false,
2024-09-06 16:00:00,Russia,Europe-Ural,RU,382.11,351.29,33.69,9.85,so-ups.ru,false,
2024-09-06 17:00:00,Russia,Europe-Ural,RU,386.93,355.37,32.87,8.5,so-ups.ru,false,
2024-09-06 18:00:00,Russia,Europe-Ural,RU,380.07,348.82,33.99,8.38,so-ups.ru,false,
2024-09-06 19:00:00,Russia,Europe-Ural,RU,373.54,343.03,35.21,8.2,so-ups.ru,false,
2024-09-06 20:00:00,Russia,Europe-Ural,RU,374.71,343.8,34.96,6.81,so-ups.ru,false,
2024-09-06 21:00:00,Russia,Europe-Ural,RU,386.36,353.52,32.94,3.83,so-ups.ru,false,
2024-09-06 22:00:00,Russia,Europe-Ural,RU,385.35,351.69,32.96,3.1,so-ups.ru,false,
2024-09-06 23:00:00,Russia,Europe-Ural,RU,384.69,351.24,33.13,3.16,so-ups.ru,false,
2024-09-07 00:00:00,Russia,Europe-Ural,RU,383.97,350.35,33.24,3.16,so-ups.ru,false,
2024-09-07 01:00:00,Russia,Europe-Ural,RU,383.65,350.7,33.36,3.85,so-ups.ru,false,
2024-09-07 02:00:00,Russia,Europe-Ural,RU,385.12,352.4,33.08,4.04,so-ups.ru,false,
2024-09-07 03:00:00,Russia,Europe-Ural,RU,381.08,349.22,33.79,5.76,so-ups.ru,false,
2024-09-07 04:00:00,Russia,Europe-Ural,RU,384.18,352.2,33.22,6.26,so-ups.ru,false,
2024-09-07 05:00:00,Russia,Europe-Ural,RU,379.02,347.78,34.18,8.55,so-ups.ru,false,
2024-09-07 06:00:00,Russia,Europe-Ural,RU,375.03,344.56,34.87,10.01,so-ups.ru,false,
2024-09-07 07:00:00,Russia,Europe-Ural,RU,370.57,340.62,35.65,10.91,so-ups.ru,false,
2024-09-07 08:00:00,Russia,Europe-Ural,RU,371.19,341.47,35.51,10.85,so-ups.ru,false,
2024-09-07 09:00:00,Russia,Europe-Ural,RU,371.88,342.55,35.42,10.82,so-ups.ru,false,
2024-09-07 10:00:00,Russia,Europe-Ural,RU,372.53,342.59,35.32,10.58,so-ups.ru,false,
2024-09-07 11:00:00,Russia,Europe-Ural,RU,373.45,343.25,35.12,10.35,so-ups.ru,false,
2024-09-07 12:00:00,Russia,Europe-Ural,RU,373.4,343.0,35.12,10.51,so-ups.ru,false,
2024-09-07 13:00:00,Russia,Europe-Ural,RU,377.45,346.45,34.43,9.87,so-ups.ru,false,
2024-09-07 14:00:00,Russia,Europe-Ural,RU,378.39,347.4,34.3,9.79,so-ups.ru,false,
2024-09-07 15:00:00,Russia,Europe-Ural,RU,372.33,342.96,35.35,10.99,so-ups.ru,false,
2024-09-07 16:00:00,Russia,Europe-Ural,RU,374.4,344.88,34.99,10.77,so-ups.ru,false,
2024-09-07 17:00:00,Russia,Europe-Ural,RU,375.1,345.66,34.87,10.08,so-ups.ru,false,
2024-09-07 18:00:00,Russia,Europe-Ural,RU,379.56,348.37,34.1,8.15,so-ups.ru,false,
2024-09-07 19:00:00,Russia,Europe-Ural,RU,377.74,346.86,34.41,7.18,so-ups.ru,false,
2024-09-07 20:00:00,Russia,Europe-Ural,RU,377.48,345.95,34.4,5.53,so-ups.ru,false,
2024-09-07 21:00:00,Russia,Europe-Ural,RU,377.25,345.76,34.48,5.03,so-ups.ru,false,
2024-09-07 22:00:00,Russia,Europe-Ural,RU,378.51,347.27,34.21,4.31,so-ups.ru,false,
2024-09-07 23:00:00,Russia,Europe-Ural,RU,379.79,348.06,34.03,3.75,so-ups.ru,false,
2024-09-08 00:00:00,Russia,Europe-Ural,RU,380.17,348.44,33.99,3.83,so-ups.ru,false,
2024-09-08 01:00:00,Russia,Europe-Ural,RU,378.7,347.31,34.19,4.2,so-ups.ru,false,
2024-09-08 02:00:00,Russia,Europe-Ural,RU,378.25,347.46,34.29,4.6,so-ups.ru,false,
2024-09-08 03:00:00,Russia,Europe-Ural,RU,374.01,343.33,35.01,6.15,so-ups.ru,false,
2024-09-08 04:00:00,Russia,Europe-Ural,RU,371.4,341.41,35.46,7.85,so-ups.ru,false,
2024-09-08 05:00:00,Russia,Europe-Ural,RU,373.07,342.51,35.12,8.63,so-ups.ru,false,
2024-09-08 06:00:00,Russia,Europe-Ural,RU,373.56,343.58,35.08,9.57,so-ups.ru,false,
2024-09-08 07:00:00,Russia,Europe-Ural,RU,372.82,343.11,35.22,9.9,so-ups.ru,false,
2024-09-08 08:00:00,Russia,Europe-Ural,RU,372.44,342.43,35.25,10.01,so-ups.ru,false,
2024-09-08 09:00:00,Russia,Europe-Ural,RU,373.32,343.27,35.13,10.1,so-ups.ru,false,
2024-09-08 10:00:00,Russia,Europe-Ural,RU,375.05,344.3,34.82,9.59,so-ups.ru,false,
2024-09-08 11:00:00,Russia,Europe-Ural,RU,377.79,346.52,34.38,9.27,so-ups.ru,false,
2024-09-08 12:00:00,Russia,Europe-Ural,RU,376.68,346.13,34.58,9.82,so-ups.ru,false,
2024-09-08 13:00:00,Russia,Europe-Ural,RU,376.87,346.35,34.57,9.92,so-ups.ru,false,
2024-09-08 14:00:00,Russia,Europe-Ural,RU,378.38,347.2,34.3,9.51,so-ups.ru,false,
2024-09-08 15:00:00,Russia,Europe-Ural,RU,375.03,344.9,34.91,10.46,so-ups.ru,false,
2024-09-08 16:00:00,Russia,Europe-Ural,RU,376.0,345.83,34.73,10.53,so-ups.ru,false,
2024-09-08 17:00:00,Russia,Europe-Ural,RU,380.49,349.71,33.91,9.43,so-ups.ru,false,
2024-09-08 18:00:00,Russia,Europe-Ural,RU,391.92,359.23,31.95,6.4,so-ups.ru,false,
2024-09-08 19:00:00,Russia,Europe-Ural,RU,383.24,351.04,33.44,6.41,so-ups.ru,false,
2024-09-08 20:00:00,Russia,Europe-Ural,RU,385.08,353.02,33.17,4.67,so-ups.ru,false,
2024-09-08 21:00:00,Russia,Europe-Ural,RU,376.62,345.93,34.6,5.43,so-ups.ru,false,
2024-09-08 22:00:00,Russia,Europe-Ural,RU,376.63,345.39,34.6,4.9,so-ups.ru,false,
2024-09-08 23:00:00,Russia,Europe-Ural,RU,375.46,344.47,34.76,4.81,so-ups.ru,false,
2024-09-09 00:00:00,Russia,Europe-Ural,RU,374.31,343.26,34.96,5.11,so-ups.ru,false,
2024-09-09 01:00:00,Russia,Europe-Ural,RU,376.36,345.71,34.59,5.38,so-ups.ru,false,
2024-09-09 02:00:00,Russia,Europe-Ural,RU,379.3,348.5,34.11,6.03,so-ups.ru,false,
2024-09-09 03:00:00,Russia,Europe-Ural,RU,377.7,347.07,34.36,7.9,so-ups.ru,false,
2024-09-09 04:00:00,Russia,Europe-Ural,RU,382.24,351.13,33.61,8.38,so-ups.ru,false,
2024-09-09 05:00:00,Russia,Europe-Ural,RU,384.34,353.15,33.19,9.0,so-ups.ru,false,
2024-09-09 06:00:00,Russia,Europe-Ural,RU,380.21,349.02,33.93,10.25,so-ups.ru,false,
2024-09-09 07:00:00,Russia,Europe-Ural,RU,379.73,348.24,33.97,10.3,so-ups.ru,false,
2024-09-09 08:00:00,Russia,Europe-Ural,RU,381.76,349.91,33.64,10.02,so-ups.ru,false,
2024-09-09 09:00:00,Russia,Europe-Ural,RU,380.82,349.41,33.8,10.28,so-ups.ru,false,
2024-09-09 10:00:00,Russia,Europe-Ural,RU,382.14,350.51,33.6,9.95,so-ups.ru,false,
2024-09-09 11:00:00,Russia,Europe-Ural,RU,384.41,352.55,33.23,9.8,so-ups.ru,false,
2024-09-09 12:00:00,Russia,Europe-Ural,RU,387.18,354.47,32.73,9.29,so-ups.ru,false,
2024-09-09 13:00:00,Russia,Europe-Ural,RU,389.51,356.42,32.32,8.73,so-ups.ru,false,
2024-09-09 14:00:00,Russia,Europe-Ural,RU,390.51,357.86,32.18,8.71,so-ups.ru,false,
2024-09-09 15:00:00,Russia,Europe-Ural,RU,387.66,355.7,32.68,9.27,so-ups.ru,false,
2024-09-09 16:00:00,Russia,Europe-Ural,RU,388.41,356.38,32.53,9.09,so-ups.ru,false,
2024-09-09 17:00:00,Russia,Europe-Ural,RU,390.54,358.45,32.15,8.07,so-ups.ru,false,
2024-09-09 18:00:00,Russia,Europe-Ural,RU,380.41,349.13,33.92,8.0,so-ups.ru,false,
2024-09-09 19:00:00,Russia,Europe-Ural,RU,370.34,340.02,35.63,7.95,so-ups.ru,false,
2024-09-09 20:00:00,Russia,Europe-Ural,RU,367.44,336.89,36.1,6.72,so-ups.ru,false,
2024-09-09 21:00:00,Russia,Europe-Ural,RU,374.18,342.41,34.95,5.23,so-ups.ru,false,
2024-09-09 22:00:00,Russia,Europe-Ural,RU,372.84,341.2,35.21,4.82,so-ups.ru,false,
2024-09-09 23:00:00,Russia,Europe-Ural,RU,367.45,336.26,36.04,4.88,so-ups.ru,false,
2024-09-10 00:00:00,Russia,Europe-Ural,RU,371.25,340.61,35.48,5.0,so-ups.ru,false,
2024-09-10 01:00:00,Russia,Europe-Ural,RU,376.47,345.1,34.58,4.84,so-ups.ru,false,
2024-09-10 02:00:00,Russia,Europe-Ural,RU,379.86,347.48,33.96,5.12,so-ups.ru,false,
2024-09-10 03:00:00,Russia,Europe-Ural,RU,375.58,344.81,34.72,7.6,so-ups.ru,false,
2024-09-10 04:00:00,Russia,Europe-Ural,RU,378.51,347.59,34.17,8.23,so-ups.ru,false,
2024-09-10 05:00:00,Russia,Europe-Ural,RU,382.76,351.22,33.46,8.72,so-ups.ru,false,
2024-09-10 06:00:00,Russia,Europe-Ural,RU,382.83,351.34,33.39,9.0,so-ups.ru,false,
2024-09-10 07:00:00,Russia,Europe-Ural,RU,376.66,345.49,34.51,10.01,so-ups.ru,false,
2024-09-10 08:00:00,Russia,Europe-Ural,RU,374.94,343.93,34.82,10.3,so-ups.ru,false,
2024-09-10 09:00:00,Russia,Europe-Ural,RU,375.72,344.32,34.66,10.05,so-ups.ru,false,
2024-09-10 10:00:00,Russia,Europe-Ural,RU,375.13,343.57,34.78,10.26,so-ups.ru,false,
2024-09-10 11:00:00,Russia,Europe-Ural,RU,377.38,345.51,34.39,9.95,so-ups.ru,false,
2024-09-10 12:00:00,Russia,Europe-Ural,RU,380.71,348.4,33.74,9.34,so-ups.ru,false,
2024-09-10 13:00:00,Russia,Europe-Ural,RU,385.45,352.54,32.97,8.5,so-ups.ru,false,
2024-09-10 14:00:00,Russia,Europe-Ural,RU,385.96,353.06,32.9,8.29,so-ups.ru,false,
2024-09-10 15:00:00,Russia,Europe-Ural,RU,386.22,353.93,32.83,8.48,so-ups.ru,false,
2024-09-10 16:00:00,Russia,Europe-Ural,RU,387.78,355.74,32.64,8.36,so-ups.ru,false,
2024-09-10 17:00:00,Russia,Europe-Ural,RU,386.99,354.93,32.8,7.84,so-ups.ru,false,
2024-09-10 18:00:00,Russia,Europe-Ural,RU,378.75,347.09,34.19,7.92,so-ups.ru,false,
2024-09-10 19:00:00,Russia,Europe-Ural,RU,371.74,340.69,35.38,7.49,so-ups.ru,false,
2024-09-10 20:00:00,Russia,Europe-Ural,RU,370.53,339.46,35.62,6.29,so-ups.ru,false,
2024-09-10 21:00:00,Russia,Europe-Ural,RU,367.47,337.08,36.15,5.88,so-ups.ru,false,
2024-09-10 22:00:00,Russia,Europe-Ural,RU,366.53,335.99,36.27,5.43,so-ups.ru,false,
2024-09-10 23:00:00,Russia,Europe-Ural,RU,366.13,335.49,36.28,5.33,so-ups.ru,false,
2024-09-11 00:00:00,Russia,Europe-Ural,RU,369.53,338.46,35.74,5.05,so-ups.ru,false,
2024-09-11 01:00:00,Russia,Europe-Ural,RU,371.57,340.76,35.42,5.48,so-ups.ru,false,
2024-09-11 02:00:00,Russia,Europe-Ural,RU,375.03,343.9,34.83,5.73,so-ups.ru,false,
2024-09-11 03:00:00,Russia,Europe-Ural,RU,374.69,343.8,34.87,7.51,so-ups.ru,false,
2024-09-11 04:00:00,Russia,Europe-Ural,RU,376.54,345.61,34.56,8.39,so-ups.ru,false,
2024-09-11 05:00:00,Russia,Europe-Ural,RU,381.32,349.3,33.67,8.53,so-ups.ru,false,
2024-09-11 06:00:00,Russia,Europe-Ural,RU,382.23,350.4,33.56,8.88,so-ups.ru,false,
2024-09-11 07:00:00,Russia,Europe-Ural,RU,377.72,346.11,34.36,9.74,so-ups.ru,false,
2024-09-11 08:00:00,Russia,Europe-Ural,RU,377.1,345.45,34.45,9.8,so-ups.ru,false,
2024-09-11 09:00:00,Russia,Europe-Ural,RU,377.35,345.64,34.41,9.94,so-ups.ru,false,
2024-09-11 10:00:00,Russia,Europe-Ural,RU,375.64,344.08,34.71,10.17,so-ups.ru,false,
2024-09-11 11:00:00,Russia,Europe-Ural,RU,378.7,346.72,34.15,9.75,so-ups.ru,false,
2024-09-11 12:00:00,Russia,Europe-Ural,RU,385.14,352.3,33.06,8.93,so-ups.ru,false,
2024-09-11 13:00:00,Russia,Europe-Ural,RU,389.28,355.77,32.35,8.05,so-ups.ru,false,
2024-09-11 14:00:00,Russia,Europe-Ural,RU,389.11,355.74,32.39,7.88,so-ups.ru,false,
2024-09-11 15:00:00,Russia,Europe-Ural,RU,389.43,357.08,32.4,8.33,so-ups.ru,false,
2024-09-11 16:00:00,Russia,Europe-Ural,RU,388.62,356.24,32.5,8.33,so-ups.ru,false,
2024-09-11 17:00:00,Russia,Europe-Ural,RU,385.4,353.23,33.08,8.12,so-ups.ru,false,
2024-09-11 18:00:00,Russia,Europe-Ural,RU,377.58,346.06,34.41,8.16,so-ups.ru,false,
2024-09-11 19:00:00,Russia,Europe-Ural,RU,369.56,339.44,35.81,8.01,so-ups.ru,false,
2024-09-11 20:00:00,Russia,Europe-Ural,RU,365.78,335.54,36.46,7.31,so-ups.ru,false,
2024-09-11 21:00:00,Russia,Europe-Ural,RU,374.36,343.28,35.02,5.23,so-ups.ru,false,
2024-09-11 22:00:00,Russia,Europe-Ural,RU,374.44,342.43,34.92,4.48,so-ups.ru,false,
2024-09-11 23:00:00,Russia,Europe-Ural,RU,376.12,343.97,34.65,4.31,so-ups.ru,false,
2024-09-12 00:00:00,Russia,Europe-Ural,RU,375.81,343.8,34.6,4.28,so-ups.ru,false,
2024-09-12 01:00:00,Russia,Europe-Ural,RU,377.13,345.55,34.46,4.97,so-ups.ru,false,
2024-09-12 02:00:00,Russia,Europe-Ural,RU,380.33,348.43,33.91,5.24,so-ups.ru,false,
2024-09-12 03:00:00,Russia,Europe-Ural,RU,378.49,347.23,34.27,7.3,so-ups.ru,false,
2024-09-12 04:00:00,Russia,Europe-Ural,RU,379.3,347.87,34.07,8.21,so-ups.ru,false,
2024-09-12 05:00:00,Russia,Europe-Ural,RU,385.7,353.21,32.97,8.17,so-ups.ru,false,
2024-09-12 06:00:00,Russia,Europe-Ural,RU,384.48,352.13,33.18,8.87,so-ups.ru,false,
2024-09-12 07:00:00,Russia,Europe-Ural,RU,383.89,351.58,33.33,9.05,so-ups.ru,false,
2024-09-12 08:00:00,Russia,Europe-Ural,RU,382.85,350.54,33.49,9.16,so-ups.ru,false,
2024-09-12 09:00:00,Russia,Europe-Ural,RU,382.49,350.59,33.56,9.44,so-ups.ru,false,
2024-09-12 10:00:00,Russia,Europe-Ural,RU,383.04,350.7,33.44,9.45,so-ups.ru,false,
2024-09-12 11:00:00,Russia,Europe-Ural,RU,385.41,352.65,33.03,9.11,so-ups.ru,false,
2024-09-12 12:00:00,Russia,Europe-Ural,RU,386.35,353.59,32.87,8.78,so-ups.ru,false,
2024-09-12 13:00:00,Russia,Europe-Ural,RU,388.63,355.51,32.48,8.33,so-ups.ru,false,
2024-09-12 14:00:00,Russia,Europe-Ural,RU,389.05,355.74,32.41,8.12,so-ups.ru,false,
2024-09-12 15:00:00,Russia,Europe-Ural,RU,390.25,357.57,32.24,8.19,so-ups.ru,false,
2024-09-12 16:00:00,Russia,Europe-Ural,RU,391.74,359.29,32.02,7.91,so-ups.ru,false,
2024-09-12 17:00:00,Russia,Europe-Ural,RU,388.26,356.13,32.62,7.78,so-ups.ru,false,
2024-09-12 18:00:00,Russia,Europe-Ural,RU,385.82,353.66,33.02,6.88,so-ups.ru,false,
2024-09-12 19:00:00,Russia,Europe-Ural,RU,375.76,344.76,34.78,6.94,so-ups.ru,false,
2024-09-12 20:00:00,Russia,Europe-Ural,RU,372.89,341.29,35.22,5.79,so-ups.ru,false,
2024-09-12 21:00:00,Russia,Europe-Ural,RU,366.23,335.45,36.39,5.87,so-ups.ru,false,
2024-09-12 22:00:00,Russia,Europe-Ural,RU,367.32,336.05,36.21,5.25,so-ups.ru,false,
2024-09-12 23:00:00,Russia,Europe-Ural,RU,366.39,335.63,36.38,5.36,so-ups.ru,false,
2024-09-13 00:00:00,Russia,Europe-Ural,RU,367.29,336.49,36.2,5.38,so-ups.ru,false,
2024-09-13 01:00:00,Russia,Europe-Ural,RU,369.58,338.61,35.82,5.75,so-ups.ru,false,
2024-09-13 02:00:00,Russia,Europe-Ural,RU,373.05,342.0,35.17,6.09,so-ups.ru,false,
2024-09-13 03:00:00,Russia,Europe-Ural,RU,376.86,345.37,34.51,7.07,so-ups.ru,false,
2024-09-13 04:00:00,Russia,Europe-Ural,RU,376.97,345.55,34.51,8.11,so-ups.ru,false,
2024-09-13 05:00:00,Russia,Europe-Ural,RU,378.8,347.21,34.18,8.99,so-ups.ru,false,
2024-09-13 06:00:00,Russia,Europe-Ural,RU,379.46,347.91,34.08,9.44,so-ups.ru,false,
2024-09-13 07:00:00,Russia,Europe-Ural,RU,378.61,346.76,34.18,9.58,so-ups.ru,false,
2024-09-13 08:00:00,Russia,Europe-Ural,RU,377.16,345.76,34.46,9.85,so-ups.ru,false,
2024-09-13 09:00:00,Russia,Europe-Ural,RU,377.12,345.83,34.47,9.89,so-ups.ru,false,
2024-09-13 10:00:00,Russia,Europe-Ural,RU,377.55,346.13,34.39,9.89,so-ups.ru,false,
2024-09-13 11:00:00,Russia,Europe-Ural,RU,379.61,347.69,34.03,9.62,so-ups.ru,false,
2024-09-13 12:00:00,Russia,Europe-Ural,RU,382.83,350.14,33.45,9.06,so-ups.ru,false,
2024-09-13 13:00:00,Russia,Europe-Ural,RU,383.82,351.21,33.3,8.81,so-ups.ru,false,
2024-09-13 14:00:00,Russia,Europe-Ural,RU,384.16,351.84,33.27,8.72,so-ups.ru,false,
2024-09-13 15:00:00,Russia,Europe-Ural,RU,385.61,353.93,33.08,8.78,so-ups.ru,false,
2024-09-13 16:00:00,Russia,Europe-Ural,RU,382.64,351.44,33.59,9.33,so-ups.ru,false,
2024-09-13 17:00:00,Russia,Europe-Ural,RU,382.35,351.0,33.63,8.57,so-ups.ru,false,
2024-09-13 18:00:00,Russia,Europe-Ural,RU,377.76,346.31,34.4,7.91,so-ups.ru,false,
2024-09-13 19:00:00,Russia,Europe-Ural,RU,380.82,348.86,33.9,6.1,so-ups.ru,false,
2024-09-13 20:00:00,Russia,Europe-Ural,RU,377.98,345.95,34.36,5.21,so-ups.ru,false,
2024-09-13 21:00:00,Russia,Europe-Ural,RU,367.32,336.37,36.19,5.71,so-ups.ru,false,
2024-09-13 22:00:00,Russia,Europe-Ural,RU,367.94,336.96,36.1,5.14,so-ups.ru,false,
2024-09-13 23:00:00,Russia,Europe-Ural,RU,368.45,337.34,36.01,4.74,so-ups.ru,false,
2024-09-14 00:00:00,Russia,Europe-Ural,RU,367.95,336.79,36.05,4.83,so-ups.ru,false,
2024-09-14 01:00:00,Russia,Europe-Ural,RU,367.82,336.87,36.13,4.9,so-ups.ru,false,
2024-09-14 02:00:00,Russia,Europe-Ural,RU,366.36,335.89,36.35,5.88,so-ups.ru,false,
2024-09-14 03:00:00,Russia,Europe-Ural,RU,367.21,336.71,36.24,6.97,so-ups.ru,false,
2024-09-14 04:00:00,Russia,Europe-Ural,RU,374.67,343.23,34.91,6.83,so-ups.ru,false,
2024-09-14 05:00:00,Russia,Europe-Ural,RU,374.76,343.72,34.91,7.99,so-ups.ru,false,
2024-09-14 06:00:00,Russia,Europe-Ural,RU,374.37,343.64,35.0,8.88,so-ups.ru,false,
2024-09-14 07:00:00,Russia,Europe-Ural,RU,374.29,343.74,35.0,9.19,so-ups.ru,false,
2024-09-14 08:00:00,Russia,Europe-Ural,RU,374.57,343.54,34.92,9.1,so-ups.ru,false,
2024-09-14 09:00:00,Russia,Europe-Ural,RU,375.25,344.41,34.84,9.05,so-ups.ru,false,
2024-09-14 10:00:00,Russia,Europe-Ural,RU,373.83,343.08,35.08,9.37,so-ups.ru,false,
2024-09-14 11:00:00,Russia,Europe-Ural,RU,376.14,344.93,34.68,9.06,so-ups.ru,false,
2024-09-14 12:00:00,Russia,Europe-Ural,RU,376.78,345.09,34.55,9.06,so-ups.ru,false,
2024-09-14 13:00:00,Russia,Europe-Ural,RU,377.0,345.6,34.5,9.01,so-ups.ru,false,
2024-09-14 14:00:00,Russia,Europe-Ural,RU,377.5,346.03,34.45,9.06,so-ups.ru,false,
2024-09-14 15:00:00,Russia,Europe-Ural,RU,377.92,347.09,34.42,9.24,so-ups.ru,false,
2024-09-14 16:00:00,Russia,Europe-Ural,RU,376.98,346.61,34.58,9.49,so-ups.ru,false,
2024-09-14 17:00:00,Russia,Europe-Ural,RU,373.75,344.1,35.18,9.48,so-ups.ru,false,
2024-09-14 18:00:00,Russia,Europe-Ural,RU,371.31,341.35,35.57,8.6,so-ups.ru,false,
2024-09-14 19:00:00,Russia,Europe-Ural,RU,372.0,341.9,35.46,7.16,so-ups.ru,false,
2024-09-14 20:00:00,Russia,Europe-Ural,RU,365.51,335.76,36.58,6.8,so-ups.ru,false,
2024-09-14 21:00:00,Russia,Europe-Ural,RU,368.63,338.07,35.99,5.17,so-ups.ru,false,
2024-09-14 22:00:00,Russia,Europe-Ural,RU,364.82,334.67,36.65,5.21,so-ups.ru,false,
2024-09-14 23:00:00,Russia,Europe-Ural,RU,366.19,335.89,36.39,4.79,so-ups.ru,false,
2024-09-15 00:00:00,Russia,Europe-Ural,RU,366.14,335.57,36.44,4.84,so-ups.ru,false,
2024-09-15 01:00:00,Russia,Europe-Ural,RU,367.07,336.75,36.27,4.97,so-ups.ru,false,
2024-09-15 02:00:00,Russia,Europe-Ural,RU,365.29,335.38,36.58,5.67,so-ups.ru,false,
2024-09-15 03:00:00,Russia,Europe-Ural,RU,368.96,338.81,35.93,6.07,so-ups.ru,false,
2024-09-15 04:00:00,Russia,Europe-Ural,RU,373.43,342.57,35.13,6.32,so-ups.ru,false,
2024-09-15 05:00:00,Russia,Europe-Ural,RU,376.31,345.25,34.65,7.11,so-ups.ru,false,
2024-09-15 06:00:00,Russia,Europe-Ural,RU,371.35,341.05,35.52,8.66,so-ups.ru,false,
2024-09-15 07:00:00,Russia,Europe-Ural,RU,368.13,338.64,36.09,9.79,so-ups.ru,false,
2024-09-15 08:00:00,Russia,Europe-Ural,RU,368.75,339.04,35.94,9.53,so-ups.ru,false,
2024-09-15 09:00:00,Russia,Europe-Ural,RU,367.4,337.8,36.19,9.86,so-ups.ru,false,
2024-09-15 10:00:00,Russia,Europe-Ural,RU,367.69,337.97,36.15,10.05,so-ups.ru,false,
2024-09-15 11:00:00,Russia,Europe-Ural,RU,369.57,339.39,35.82,9.89,so-ups.ru,false,
2024-09-15 12:00:00,Russia,Europe-Ural,RU,371.53,341.29,35.49,9.76,so-ups.ru,false,
2024-09-15 13:00:00,Russia,Europe-Ural,RU,371.41,341.19,35.51,9.81,so-ups.ru,false,
2024-09-15 14:00:00,Russia,Europe-Ural,RU,370.87,340.8,35.63,10.04,so-ups.ru,false,
2024-09-15 15:00:00,Russia,Europe-Ural,RU,374.03,343.99,35.12,10.01,so-ups.ru,false,
2024-09-15 16:00:00,Russia,Europe-Ural,RU,377.03,346.93,34.61,9.67,so-ups.ru,false,
2024-09-15 17:00:00,Russia,Europe-Ural,RU,373.93,344.34,35.15,9.41,so-ups.ru,false,
2024-09-15 18:00:00,Russia,Europe-Ural,RU,370.32,340.08,35.7,8.49,so-ups.ru,false,
2024-09-15 19:00:00,Russia,Europe-Ural,RU,371.87,341.53,35.41,6.69,so-ups.ru,false,
2024-09-15 20:00:00,Russia,Europe-Ural,RU,369.68,338.75,35.8,5.68,so-ups.ru,false,
2024-09-15 21:00:00,Russia,Europe-Ural,RU,360.16,330.74,37.47,6.51,so-ups.ru,false,
2024-09-15 22:00:00,Russia,Europe-Ural,RU,357.76,327.98,37.87,6.16,so-ups.ru,false,
2024-09-15 23:00:00,Russia,Europe-Ural,RU,359.86,329.71,37.49,5.57,so-ups.ru,false,
2024-09-16 00:00:00,Russia,Europe-Ural,RU,361.53,331.97,37.23,5.72,so-ups.ru,false,
2024-09-16 01:00:00,Russia,Europe-Ural,RU,363.39,334.14,36.96,6.49,so-ups.ru,false,
2024-09-16 02:00:00,Russia,Europe-Ural,RU,365.58,335.92,36.53,6.99,so-ups.ru,false,
2024-09-16 03:00:00,Russia,Europe-Ural,RU,369.68,339.31,35.79,7.85,so-ups.ru,false,
2024-09-16 04:00:00,Russia,Europe-Ural,RU,377.36,346.67,34.48,8.13,so-ups.ru,false,
2024-09-16 05:00:00,Russia,Europe-Ural,RU,377.04,346.18,34.53,9.34,so-ups.ru,false,
2024-09-16 06:00:00,Russia,Europe-Ural,RU,376.55,345.49,34.59,9.64,so-ups.ru,false,
2024-09-16 07:00:00,Russia,Europe-Ural,RU,375.65,345.41,34.79,9.96,so-ups.ru,false,
2024-09-16 08:00:00,Russia,Europe-Ural,RU,376.25,345.44,34.65,9.82,so-ups.ru,false,
2024-09-16 09:00:00,Russia,Europe-Ural,RU,376.29,345.38,34.63,9.78,so-ups.ru,false,
2024-09-16 10:00:00,Russia,Europe-Ural,RU,379.66,348.19,34.05,9.44,so-ups.ru,false,
2024-09-16 11:00:00,Russia,Europe-Ural,RU,381.2,349.47,33.79,9.23,so-ups.ru,false,
2024-09-16 12:00:00,Russia,Europe-Ural,RU,382.13,350.22,33.63,8.96,so-ups.ru,false,
2024-09-16 13:00:00,Russia,Europe-Ural,RU,382.9,351.27,33.52,8.83,so-ups.ru,false,
2024-09-16 14:00:00,Russia,Europe-Ural,RU,383.09,351.56,33.51,8.78,so-ups.ru,false,
2024-09-16 15:00:00,Russia,Europe-Ural,RU,382.83,351.63,33.58,9.07,so-ups.ru,false,
2024-09-16 16:00:00,Russia,Europe-Ural,RU,383.84,352.47,33.41,8.8,so-ups.ru,false,
2024-09-16 17:00:00,Russia,Europe-Ural,RU,382.13,350.96,33.72,8.39,so-ups.ru,false,
2024-09-16 18:00:00,Russia,Europe-Ural,RU,376.48,345.47,34.67,7.96,so-ups.ru,false,
2024-09-16 19:00:00,Russia,Europe-Ural,RU,369.24,339.14,35.95,7.52,so-ups.ru,false,
2024-09-16 20:00:00,Russia,Europe-Ural,RU,364.99,335.4,36.68,6.9,so-ups.ru,false,
2024-09-16 21:00:00,Russia,Europe-Ural,RU,357.61,328.71,37.95,7.12,so-ups.ru,false,
2024-09-16 22:00:00,Russia,Europe-Ural,RU,357.05,327.97,38.04,6.85,so-ups.ru,false,
2024-09-16 23:00:00,Russia,Europe-Ural,RU,357.07,328.13,38.06,6.8,so-ups.ru,false,
2024-09-17 00:00:00,Russia,Europe-Ural,RU,359.41,330.17,37.63,6.62,so-ups.ru,false,
2024-09-17 01:00:00,Russia,Europe-Ural,RU,363.11,334.38,37.04,6.71,so-ups.ru,false,
2024-09-17 02:00:00,Russia,Europe-Ural,RU,368.54,339.25,36.05,6.95,so-ups.ru,false,
2024-09-17 03:00:00,Russia,Europe-Ural,RU,372.43,342.49,35.31,7.69,so-ups.ru,false,
2024-09-17 04:00:00,Russia,Europe-Ural,RU,377.77,347.09,34.43,8.01,so-ups.ru,false,
2024-09-17 05:00:00,Russia,Europe-Ural,RU,379.58,348.65,34.1,8.62,so-ups.ru,false,
2024-09-17 06:00:00,Russia,Europe-Ural,RU,377.33,346.5,34.49,9.48,so-ups.ru,false,
2024-09-17 07:00:00,Russia,Europe-Ural,RU,377.88,346.64,34.37,9.3,so-ups.ru,false,
2024-09-17 08:00:00,Russia,Europe-Ural,RU,377.02,345.98,34.51,9.36,so-ups.ru,false,
2024-09-17 09:00:00,Russia,Europe-Ural,RU,376.67,345.66,34.57,9.36,so-ups.ru,false,
2024-09-17 10:00:00,Russia,Europe-Ural,RU,377.38,346.31,34.45,9.43,so-ups.ru,false,
2024-09-17 11:00:00,Russia,Europe-Ural,RU,377.54,346.3,34.42,9.35,so-ups.ru,false,
2024-09-17 12:00:00,Russia,Europe-Ural,RU,380.86,349.34,33.85,9.02,so-ups.ru,false,
2024-09-17 13:00:00,Russia,Europe-Ural,RU,374.73,343.74,34.91,8.88,so-ups.ru,false,
2024-09-17 14:00:00,Russia,Europe-Ural,RU,376.31,345.31,34.65,8.74,so-ups.ru,false,
2024-09-17 15:00:00,Russia,Europe-Ural,RU,375.56,345.04,34.82,9.02,so-ups.ru,false,
2024-09-17 16:00:00,Russia,Europe-Ural,RU,375.66,345.14,34.8,8.76,so-ups.ru,false,
2024-09-17 17:00:00,Russia,Europe-Ural,RU,374.3,343.57,35.03,8.17,so-ups.ru,false,
2024-09-17 18:00:00,Russia,Europe-Ural,RU,369.17,339.15,35.93,7.87,so-ups.ru,false,
2024-09-17 19:00:00,Russia,Europe-Ural,RU,363.15,333.39,36.96,7.32,so-ups.ru,false,
2024-09-17 20:00:00,Russia,Europe-Ural,RU,356.89,328.28,38.11,7.16,so-ups.ru,false,
2024-09-17 21:00:00,Russia,Europe-Ural,RU,354.65,326.15,38.47,6.28,so-ups.ru,false,
2024-09-17 22:00:00,Russia,Europe-Ural,RU,355.42,326.99,38.34,5.87,so-ups.ru,false,
2024-09-17 23:00:00,Russia,Europe-Ural,RU,353.75,325.75,38.58,5.91,so-ups.ru,false,
2024-09-18 00:00:00,Russia,Europe-Ural,RU,353.92,325.52,38.54,6.07,so-ups.ru,false,
2024-09-18 01:00:00,Russia,Europe-Ural,RU,356.7,328.24,38.04,6.44,so-ups.ru,false,
2024-09-18 02:00:00,Russia,Europe-Ural,RU,360.05,331.11,37.49,7.14,so-ups.ru,false,
2024-09-18 03:00:00,Russia,Europe-Ural,RU,361.61,332.49,37.19,8.41,so-ups.ru,false,
2024-09-18 04:00:00,Russia,Europe-Ural,RU,366.35,336.71,36.35,8.7,so-ups.ru,false,
2024-09-18 05:00:00,Russia,Europe-Ural,RU,368.54,338.89,35.96,9.26,so-ups.ru,false,
2024-09-18 06:00:00,Russia,Europe-Ural,RU,370.0,340.28,35.75,9.54,so-ups.ru,false,
2024-09-18 07:00:00,Russia,Europe-Ural,RU,369.31,339.41,35.87,9.58,so-ups.ru,false,
2024-09-18 08:00:00,Russia,Europe-Ural,RU,366.66,336.87,36.31,9.79,so-ups.ru,false,
2024-09-18 09:00:00,Russia,Europe-Ural,RU,366.57,336.73,36.32,9.87,so-ups.ru,false,
2024-09-18 10:00:00,Russia,Europe-Ural,RU,368.82,338.71,35.91,9.62,so-ups.ru,false,
2024-09-18 11:00:00,Russia,Europe-Ural,RU,369.97,339.64,35.72,9.4,so-ups.ru,false,
2024-09-18 12:00:00,Russia,Europe-Ural,RU,373.37,342.41,35.13,8.89,so-ups.ru,false,
2024-09-18 13:00:00,Russia,Europe-Ural,RU,374.41,343.74,34.97,8.73,so-ups.ru,false,
2024-09-18 14:00:00,Russia,Europe-Ural,RU,375.1,344.26,34.85,8.68,so-ups.ru,false,
2024-09-18 15:00:00,Russia,Europe-Ural,RU,375.54,345.02,34.8,8.94,so-ups.ru,false,
2024-09-18 16:00:00,Russia,Europe-Ural,RU,377.22,346.85,34.53,8.53,so-ups.ru,false,
2024-09-18 17:00:00,Russia,Europe-Ural,RU,372.96,343.12,35.28,8.42,so-ups.ru,false,
2024-09-18 18:00:00,Russia,Europe-Ural,RU,368.3,338.34,36.06,7.94,so-ups.ru,false,
2024-09-18 19:00:00,Russia,Europe-Ural,RU,361.03,332.15,37.35,7.67,so-ups.ru,false,
2024-09-18 20:00:00,Russia,Europe-Ural,RU,350.52,322.9,39.14,7.9,so-ups.ru,false,
2024-09-18 21:00:00,Russia,Europe-Ural,RU,351.01,323.28,39.08,6.82,so-ups.ru,false,
2024-09-18 22:00:00,Russia,Europe-Ural,RU,348.48,320.77,39.46,6.7,so-ups.ru,false,
2024-09-18 23:00:00,Russia,Europe-Ural,RU,348.1,319.92,39.52,6.7,so-ups.ru,false,
2024-09-19 00:00:00,Russia,Europe-Ural,RU,347.92,320.15,39.58,6.98,so-ups.ru,false,
2024-09-19 01:00:00,Russia,Europe-Ural,RU,352.87,324.44,38.73,6.9,so-ups.ru,false,
2024-09-19 02:00:00,Russia,Europe-Ural,RU,360.14,331.4,37.48,6.91,so-ups.ru,false,
2024-09-19 03:00:00,Russia,Europe-Ural,RU,363.22,334.06,36.93,7.93,so-ups.ru,false,
2024-09-19 04:00:00,Russia,Europe-Ural,RU,367.34,338.27,36.24,8.63,so-ups.ru,false,
2024-09-19 05:00:00,Russia,Europe-Ural,RU,369.66,340.32,35.76,9.05,so-ups.ru,false,
2024-09-19 06:00:00,Russia,Europe-Ural,RU,368.43,339.02,35.99,9.51,so-ups.ru,false,
2024-09-19 07:00:00,Russia,Europe-Ural,RU,367.51,337.77,36.17,9.58,so-ups.ru,false,
2024-09-19 08:00:00,Russia,Europe-Ural,RU,366.13,336.48,36.39,9.67,so-ups.ru,false,
2024-09-19 09:00:00,Russia,Europe-Ural,RU,365.55,335.74,36.48,9.68,so-ups.ru,false,
2024-09-19 10:00:00,Russia,Europe-Ural,RU,366.6,336.36,36.29,9.44,so-ups.ru,false,
2024-09-19 11:00:00,Russia,Europe-Ural,RU,366.6,336.21,36.29,9.33,so-ups.ru,false,
2024-09-19 12:00:00,Russia,Europe-Ural,RU,369.05,338.78,35.88,9.15,so-ups.ru,false,
2024-09-19 13:00:00,Russia,Europe-Ural,RU,370.16,339.53,35.68,8.95,so-ups.ru,false,
2024-09-19 14:00:00,Russia,Europe-Ural,RU,371.1,341.04,35.56,9.11,so-ups.ru,false,
2024-09-19 15:00:00,Russia,Europe-Ural,RU,371.33,341.31,35.54,9.41,so-ups.ru,false,
2024-09-19 16:00:00,Russia,Europe-Ural,RU,370.82,341.47,35.65,9.22,so-ups.ru,false,
2024-09-19 17:00:00,Russia,Europe-Ural,RU,368.27,339.08,36.1,8.88,so-ups.ru,false,
2024-09-19 18:00:00,Russia,Europe-Ural,RU,366.77,337.14,36.34,8.0,so-ups.ru,false,
2024-09-19 19:00:00,Russia,Europe-Ural,RU,359.32,329.92,37.58,7.58,so-ups.ru,false,
2024-09-19 20:00:00,Russia,Europe-Ural,RU,355.32,325.86,38.28,6.67,so-ups.ru,false,
2024-09-19 21:00:00,Russia,Europe-Ural,RU,349.25,321.11,39.31,6.86,so-ups.ru,false,
2024-09-19 22:00:00,Russia,Europe-Ural,RU,349.49,321.89,39.28,6.65,so-ups.ru,false,
2024-09-19 23:00:00,Russia,Europe-Ural,RU,348.92,320.95,39.37,6.6,so-ups.ru,false,
2024-09-20 00:00:00,Russia,Europe-Ural,RU,351.1,323.19,39.03,6.59,so-ups.ru,false,
2024-09-20 01:00:00,Russia,Europe-Ural,RU,355.87,327.64,38.22,6.73,so-ups.ru,false,
2024-09-20 02:00:00,Russia,Europe-Ural,RU,360.89,332.64,37.32,6.95,so-ups.ru,false,
2024-09-20 03:00:00,Russia,Europe-Ural,RU,364.22,335.55,36.75,7.95,so-ups.ru,false,
2024-09-20 04:00:00,Russia,Europe-Ural,RU,365.43,336.49,36.49,8.89,so-ups.ru,false,
2024-09-20 05:00:00,Russia,Europe-Ural,RU,370.52,340.86,35.64,9.12,so-ups.ru,false,
2024-09-20 06:00:00,Russia,Europe-Ural,RU,369.02,339.5,35.88,9.6,so-ups.ru,false,
2024-09-20 07:00:00,Russia,Europe-Ural,RU,367.79,337.73,36.1,9.75,so-ups.ru,false,
2024-09-20 08:00:00,Russia,Europe-Ural,RU,365.01,334.93,36.56,9.8,so-ups.ru,false,
2024-09-20 09:00:00,Russia,Europe-Ural,RU,365.97,335.81,36.39,9.64,so-ups.ru,false,
2024-09-20 10:00:00,Russia,Europe-Ural,RU,367.84,337.52,36.07,9.53,so-ups.ru,false,
2024-09-20 11:00:00,Russia,Europe-Ural,RU,369.18,338.51,35.84,9.44,so-ups.ru,false,
2024-09-20 12:00:00,Russia,Europe-Ural,RU,366.12,336.03,36.37,10.05,so-ups.ru,false,
2024-09-20 13:00:00,Russia,Europe-Ural,RU,367.18,336.76,36.19,9.64,so-ups.ru,false,
2024-09-20 14:00:00,Russia,Europe-Ural,RU,368.08,338.13,36.06,9.89,so-ups.ru,false,
2024-09-20 15:00:00,Russia,Europe-Ural,RU,372.08,342.28,35.4,10.02,so-ups.ru,false,
2024-09-20 16:00:00,Russia,Europe-Ural,RU,370.89,341.08,35.6,9.83,so-ups.ru,false,
2024-09-20 17:00:00,Russia,Europe-Ural,RU,368.27,338.97,36.08,9.35,so-ups.ru,false,
2024-09-20 18:00:00,Russia,Europe-Ural,RU,366.01,336.83,36.48,8.55,so-ups.ru,false,
2024-09-20 19:00:00,Russia,Europe-Ural,RU,366.59,336.77,36.35,6.66,so-ups.ru,false,
2024-09-20 20:00:00,Russia,Europe-Ural,RU,361.79,332.02,37.19,5.99,so-ups.ru,false,
2024-09-20 21:00:00,Russia,Europe-Ural,RU,367.47,336.98,36.16,4.37,so-ups.ru,false,
2024-09-20 22:00:00,Russia,Europe-Ural,RU,364.41,333.85,36.72,4.35,so-ups.ru,false,
2024-09-20 23:00:00,Russia,Europe-Ural,RU,361.37,330.99,37.18,4.41,so-ups.ru,false,
2024-09-21 00:00:00,Russia,Europe-Ural,RU,363.24,333.64,36.92,4.45,so-ups.ru,false,
2024-09-21 01:00:00,Russia,Europe-Ural,RU,365.7,335.75,36.5,4.46,so-ups.ru,false,
2024-09-21 02:00:00,Russia,Europe-Ural,RU,369.65,339.47,35.82,4.72,so-ups.ru,false,
2024-09-21 03:00:00,Russia,Europe-Ural,RU,372.11,341.65,35.4,5.26,so-ups.ru,false,
2024-09-21 04:00:00,Russia,Europe-Ural,RU,379.14,347.97,34.16,5.45,so-ups.ru,false,
2024-09-21 05:00:00,Russia,Europe-Ural,RU,374.43,344.54,35.0,7.56,so-ups.ru,false,
2024-09-21 06:00:00,Russia,Europe-Ural,RU,369.86,340.24,35.77,8.89,so-ups.ru,false,
2024-09-21 07:00:00,Russia,Europe-Ural,RU,370.98,340.91,35.58,8.63,so-ups.ru,false,
2024-09-21 08:00:00,Russia,Europe-Ural,RU,371.88,341.78,35.38,8.27,so-ups.ru,false,
2024-09-21 09:00:00,Russia,Europe-Ural,RU,371.95,341.72,35.39,8.19,so-ups.ru,false,
2024-09-21 10:00:00,Russia,Europe-Ural,RU,373.11,342.65,35.21,8.12,so-ups.ru,false,
2024-09-21 11:00:00,Russia,Europe-Ural,RU,368.63,338.68,35.96,8.83,so-ups.ru,false,
2024-09-21 12:00:00,Russia,Europe-Ural,RU,368.44,338.28,35.99,8.94,so-ups.ru,false,
2024-09-21 13:00:00,Russia,Europe-Ural,RU,369.19,338.91,35.87,8.96,so-ups.ru,false,
2024-09-21 14:00:00,Russia,Europe-Ural,RU,369.13,339.62,35.91,9.24,so-ups.ru,false,
2024-09-21 15:00:00,Russia,Europe-Ural,RU,368.73,339.79,35.96,9.74,so-ups.ru,false,
2024-09-21 16:00:00,Russia,Europe-Ural,RU,369.43,340.12,35.86,9.47,so-ups.ru,false,
2024-09-21 17:00:00,Russia,Europe-Ural,RU,369.21,339.86,35.9,8.81,so-ups.ru,false,
2024-09-21 18:00:00,Russia,Europe-Ural,RU,375.34,344.32,34.82,6.48,so-ups.ru,false,
2024-09-21 19:00:00,Russia,Europe-Ural,RU,365.91,336.25,36.45,6.64,so-ups.ru,false,
2024-09-21 20:00:00,Russia,Europe-Ural,RU,361.14,330.87,37.25,6.04,so-ups.ru,false,
2024-09-21 21:00:00,Russia,Europe-Ural,RU,354.04,324.98,38.48,6.53,so-ups.ru,false,
2024-09-21 22:00:00,Russia,Europe-Ural,RU,354.77,325.52,38.36,5.77,so-ups.ru,false,
2024-09-21 23:00:00,Russia,Europe-Ural,RU,355.41,326.19,38.26,5.42,so-ups.ru,false,
2024-09-22 00:00:00,Russia,Europe-Ural,RU,357.56,328.48,37.9,5.18,so-ups.ru,false,
2024-09-22 01:00:00,Russia,Europe-Ural,RU,358.85,329.65,37.67,5.34,so-ups.ru,false,
2024-09-22 02:00:00,Russia,Europe-Ural,RU,360.91,331.58,37.3,5.54,so-ups.ru,false,
2024-09-22 03:00:00,Russia,Europe-Ural,RU,359.18,329.84,37.56,6.77,so-ups.ru,false,
2024-09-22 04:00:00,Russia,Europe-Ural,RU,362.01,332.54,37.07,7.67,so-ups.ru,false,
2024-09-22 05:00:00,Russia,Europe-Ural,RU,368.48,338.44,35.96,7.84,so-ups.ru,false,
2024-09-22 06:00:00,Russia,Europe-Ural,RU,366.82,337.11,36.28,8.71,so-ups.ru,false,
2024-09-22 07:00:00,Russia,Europe-Ural,RU,366.92,337.28,36.24,8.93,so-ups.ru,false,
2024-09-22 08:00:00,Russia,Europe-Ural,RU,367.96,338.18,36.07,8.75,so-ups.ru,false,
2024-09-22 09:00:00,Russia,Europe-Ural,RU,366.21,336.68,36.37,9.05,so-ups.ru,false,
2024-09-22 10:00:00,Russia,Europe-Ural,RU,367.27,337.34,36.21,8.98,so-ups.ru,false,
2024-09-22 11:00:00,Russia,Europe-Ural,RU,368.21,337.78,36.03,8.69,so-ups.ru,false,
2024-09-22 12:00:00,Russia,Europe-Ural,RU,369.64,339.36,35.78,8.74,so-ups.ru,false,
2024-09-22 13:00:00,Russia,Europe-Ural,RU,372.02,341.73,35.39,8.58,so-ups.ru,false,
2024-09-22 14:00:00,Russia,Europe-Ural,RU,372.35,341.89,35.33,8.77,so-ups.ru,false,
2024-09-22 15:00:00,Russia,Europe-Ural,RU,375.37,345.29,34.83,8.91,so-ups.ru,false,
2024-09-22 16:00:00,Russia,Europe-Ural,RU,375.69,345.47,34.78,8.64,so-ups.ru,false,
2024-09-22 17:00:00,Russia,Europe-Ural,RU,372.99,342.55,35.22,8.23,so-ups.ru,false,
2024-09-22 18:00:00,Russia,Europe-Ural,RU,369.62,338.79,35.79,7.53,so-ups.ru,false,
2024-09-22 19:00:00,Russia,Europe-Ural,RU,367.12,336.02,36.19,6.47,so-ups.ru,false,
2024-09-22 20:00:00,Russia,Europe-Ural,RU,362.34,331.95,37.06,5.97,so-ups.ru,false,
2024-09-22 21:00:00,Russia,Europe-Ural,RU,355.85,326.35,38.18,6.33,so-ups.ru,false,
2024-09-22 22:00:00,Russia,Europe-Ural,RU,358.16,328.62,37.81,5.53,so-ups.ru,false,
2024-09-22 23:00:00,Russia,Europe-Ural,RU,358.27,328.65,37.77,5.42,so-ups.ru,false,
2024-09-23 00:00:00,Russia,Europe-Ural,RU,358.48,328.9,37.71,5.55,so-ups.ru,false,
2024-09-23 01:00:00,Russia,Europe-Ural,RU,361.87,332.04,37.12,5.97,so-ups.ru,false,
2024-09-23 02:00:00,Russia,Europe-Ural,RU,367.87,337.81,36.14,6.46,so-ups.ru,false,
2024-09-23 03:00:00,Russia,Europe-Ural,RU,372.56,341.95,35.29,7.13,so-ups.ru,false,
2024-09-23 04:00:00,Russia,Europe-Ural,RU,374.85,344.0,34.89,7.9,so-ups.ru,false,
2024-09-23 05:00:00,Russia,Europe-Ural,RU,375.93,345.14,34.69,8.68,so-ups.ru,false,
2024-09-23 06:00:00,Russia,Europe-Ural,RU,373.78,342.97,35.05,9.35,so-ups.ru,false,
2024-09-23 07:00:00,Russia,Europe-Ural,RU,373.22,342.39,35.13,9.4,so-ups.ru,false,
2024-09-23 08:00:00,Russia,Europe-Ural,RU,372.49,341.63,35.27,9.45,so-ups.ru,false,
2024-09-23 09:00:00,Russia,Europe-Ural,RU,373.87,342.77,35.03,9.21,so-ups.ru,false,
2024-09-23 10:00:00,Russia,Europe-Ural,RU,374.76,343.75,34.88,9.19,so-ups.ru,false,
2024-09-23 11:00:00,Russia,Europe-Ural,RU,375.8,344.57,34.71,8.85,so-ups.ru,false,
2024-09-23 12:00:00,Russia,Europe-Ural,RU,378.0,347.02,34.34,8.64,so-ups.ru,false,
2024-09-23 13:00:00,Russia,Europe-Ural,RU,379.69,348.34,34.05,8.39,so-ups.ru,false,
2024-09-23 14:00:00,Russia,Europe-Ural,RU,378.49,347.62,34.27,8.74,so-ups.ru,false,
2024-09-23 15:00:00,Russia,Europe-Ural,RU,379.74,348.72,34.06,8.83,so-ups.ru,false,
2024-09-23 16:00:00,Russia,Europe-Ural,RU,380.22,349.31,33.99,8.52,so-ups.ru,false,
2024-09-23 17:00:00,Russia,Europe-Ural,RU,377.87,347.13,34.4,8.19,so-ups.ru,false,
2024-09-23 18:00:00,Russia,Europe-Ural,RU,371.29,340.59,35.5,8.05,so-ups.ru,false,
2024-09-23 19:00:00,Russia,Europe-Ural,RU,363.72,333.41,36.82,7.69,so-ups.ru,false,
2024-09-23 20:00:00,Russia,Europe-Ural,RU,354.42,324.97,38.43,7.59,so-ups.ru,false,
2024-09-23 21:00:00,Russia,Europe-Ural,RU,361.73,331.09,37.14,5.79,so-ups.ru,false,
2024-09-23 22:00:00,Russia,Europe-Ural,RU,362.65,331.88,36.94,5.16,so-ups.ru,false,
2024-09-23 23:00:00,Russia,Europe-Ural,RU,361.72,331.18,37.08,5.26,so-ups.ru,false,
2024-09-24 00:00:00,Russia,Europe-Ural,RU,364.68,334.7,36.67,5.33,so-ups.ru,false,
2024-09-24 01:00:00,Russia,Europe-Ural,RU,368.32,338.11,36.04,5.89,so-ups.ru,false,
2024-09-24 02:00:00,Russia,Europe-Ural,RU,376.27,345.39,34.64,5.92,so-ups.ru,false,
2024-09-24 03:00:00,Russia,Europe-Ural,RU,378.73,347.29,34.23,6.58,so-ups.ru,false,
2024-09-24 04:00:00,Russia,Europe-Ural,RU,379.69,348.83,34.03,7.68,so-ups.ru,false,
2024-09-24 05:00:00,Russia,Europe-Ural,RU,377.8,347.31,34.39,9.03,so-ups.ru,false,
2024-09-24 06:00:00,Russia,Europe-Ural,RU,375.96,345.02,34.68,9.35,so-ups.ru,false,
2024-09-24 07:00:00,Russia,Europe-Ural,RU,374.22,343.36,35.0,9.64,so-ups.ru,false,
2024-09-24 08:00:00,Russia,Europe-Ural,RU,374.48,343.62,34.94,9.27,so-ups.ru,false,
2024-09-24 09:00:00,Russia,Europe-Ural,RU,373.79,342.9,35.06,9.29,so-ups.ru,false,
2024-09-24 10:00:00,Russia,Europe-Ural,RU,375.21,344.17,34.81,9.16,so-ups.ru,false,
2024-09-24 11:00:00,Russia,Europe-Ural,RU,375.88,344.69,34.7,8.99,so-ups.ru,false,
2024-09-24 12:00:00,Russia,Europe-Ural,RU,377.0,345.61,34.5,8.85,so-ups.ru,false,
2024-09-24 13:00:00,Russia,Europe-Ural,RU,379.75,348.0,34.02,8.45,so-ups.ru,false,
2024-09-24 14:00:00,Russia,Europe-Ural,RU,379.58,348.46,34.08,8.72,so-ups.ru,false,
2024-09-24 15:00:00,Russia,Europe-Ural,RU,379.12,348.51,34.16,9.17,so-ups.ru,false,
2024-09-24 16:00:00,Russia,Europe-Ural,RU,379.04,348.59,34.2,8.98,so-ups.ru,false,
2024-09-24 17:00:00,Russia,Europe-Ural,RU,380.85,349.71,33.9,8.08,so-ups.ru,false,
2024-09-24 18:00:00,Russia,Europe-Ural,RU,377.2,345.88,34.5,7.36,so-ups.ru,false,
2024-09-24 19:00:00,Russia,Europe-Ural,RU,369.91,339.09,35.73,6.96,so-ups.ru,false,
2024-09-24 20:00:00,Russia,Europe-Ural,RU,366.47,336.15,36.31,6.01,so-ups.ru,false,
2024-09-24 21:00:00,Russia,Europe-Ural,RU,363.92,333.91,36.81,5.54,so-ups.ru,false,
2024-09-24 22:00:00,Russia,Europe-Ural,RU,363.72,333.13,36.81,4.93,so-ups.ru,false,
2024-09-24 23:00:00,Russia,Europe-Ural,RU,364.5,333.98,36.68,4.95,so-ups.ru,false,
2024-09-25 00:00:00,Russia,Europe-Ural,RU,367.61,337.0,36.14,4.9,so-ups.ru,false,
2024-09-25 01:00:00,Russia,Europe-Ural,RU,366.71,336.48,36.31,5.74,so-ups.ru,false,
2024-09-25 02:00:00,Russia,Europe-Ural,RU,375.39,344.85,34.83,5.65,so-ups.ru,false,
2024-09-25 03:00:00,Russia,Europe-Ural,RU,379.65,348.79,34.08,6.41,so-ups.ru,false,
2024-09-25 04:00:00,Russia,Europe-Ural,RU,377.21,346.62,34.5,7.97,so-ups.ru,false,
2024-09-25 05:00:00,Russia,Europe-Ural,RU,374.81,344.66,34.91,9.33,so-ups.ru,false,
2024-09-25 06:00:00,Russia,Europe-Ural,RU,373.86,343.47,35.04,9.57,so-ups.ru,false,
2024-09-25 07:00:00,Russia,Europe-Ural,RU,371.28,340.89,35.48,9.82,so-ups.ru,false,
2024-09-25 08:00:00,Russia,Europe-Ural,RU,371.96,341.64,35.36,9.43,so-ups.ru,false,
2024-09-25 09:00:00,Russia,Europe-Ural,RU,372.7,342.12,35.25,9.25,so-ups.ru,false,
2024-09-25 10:00:00,Russia,Europe-Ural,RU,372.22,341.92,35.34,9.51,so-ups.ru,false,
2024-09-25 11:00:00,Russia,Europe-Ural,RU,373.97,343.48,35.06,9.32,so-ups.ru,false,
2024-09-25 12:00:00,Russia,Europe-Ural,RU,375.51,344.53,34.77,9.09,so-ups.ru,false,
2024-09-25 13:00:00,Russia,Europe-Ural,RU,377.11,346.49,34.53,8.95,so-ups.ru,false,
2024-09-25 14:00:00,Russia,Europe-Ural,RU,376.02,345.99,34.75,9.35,so-ups.ru,false,
2024-09-25 15:00:00,Russia,Europe-Ural,RU,377.81,347.78,34.44,9.47,so-ups.ru,false,
2024-09-25 16:00:00,Russia,Europe-Ural,RU,376.62,346.3,34.63,9.17,so-ups.ru,false,
2024-09-25 17:00:00,Russia,Europe-Ural,RU,372.67,342.85,35.34,9.0,so-ups.ru,false,
2024-09-25 18:00:00,Russia,Europe-Ural,RU,372.08,341.68,35.42,7.8,so-ups.ru,false,
2024-09-25 19:00:00,Russia,Europe-Ural,RU,367.79,337.56,36.11,6.69,so-ups.ru,false,
2024-09-25 20:00:00,Russia,Europe-Ural,RU,364.37,333.41,36.68,5.52,so-ups.ru,false,
2024-09-25 21:00:00,Russia,Europe-Ural,RU,367.89,336.57,36.08,4.26,so-ups.ru,false,
2024-09-25 22:00:00,Russia,Europe-Ural,RU,363.08,332.19,36.83,4.26,so-ups.ru,false,
2024-09-25 23:00:00,Russia,Europe-Ural,RU,363.99,332.97,36.71,4.2,so-ups.ru,false,
2024-09-26 00:00:00,Russia,Europe-Ural,RU,367.78,337.01,36.11,4.13,so-ups.ru,false,
2024-09-26 01:00:00,Russia,Europe-Ural,RU,370.16,339.86,35.72,4.75,so-ups.ru,false,
2024-09-26 02:00:00,Russia,Europe-Ural,RU,376.96,346.26,34.56,4.98,so-ups.ru,false,
2024-09-26 03:00:00,Russia,Europe-Ural,RU,376.35,345.74,34.65,6.53,so-ups.ru,false,
2024-09-26 04:00:00,Russia,Europe-Ural,RU,376.66,346.08,34.58,7.51,so-ups.ru,false,
2024-09-26 05:00:00,Russia,Europe-Ural,RU,374.49,344.73,34.99,9.01,so-ups.ru,false,
2024-09-26 06:00:00,Russia,Europe-Ural,RU,371.14,341.58,35.57,9.88,so-ups.ru,false,
2024-09-26 07:00:00,Russia,Europe-Ural,RU,369.34,339.44,35.84,9.81,so-ups.ru,false,
2024-09-26 08:00:00,Russia,Europe-Ural,RU,366.3,336.96,36.4,10.15,so-ups.ru,false,
2024-09-26 09:00:00,Russia,Europe-Ural,RU,370.29,341.14,35.73,9.6,so-ups.ru,false,
2024-09-26 10:00:00,Russia,Europe-Ural,RU,370.74,340.73,35.61,9.48,so-ups.ru,false,
2024-09-26 11:00:00,Russia,Europe-Ural,RU,371.92,341.06,35.37,9.17,so-ups.ru,false,
2024-09-26 12:00:00,Russia,Europe-Ural,RU,374.59,343.86,34.94,9.11,so-ups.ru,false,
2024-09-26 13:00:00,Russia,Europe-Ural,RU,376.18,345.39,34.66,8.79,so-ups.ru,false,
2024-09-26 14:00:00,Russia,Europe-Ural,RU,377.98,347.67,34.41,8.92,so-ups.ru,false,
2024-09-26 15:00:00,Russia,Europe-Ural,RU,376.71,346.8,34.61,9.34,so-ups.ru,false,
2024-09-26 16:00:00,Russia,Europe-Ural,RU,377.27,347.04,34.55,9.06,so-ups.ru,false,
2024-09-26 17:00:00,Russia,Europe-Ural,RU,374.71,344.79,35.02,8.58,so-ups.ru,false,
2024-09-26 18:00:00,Russia,Europe-Ural,RU,377.36,346.25,34.51,6.57,so-ups.ru,false,
2024-09-26 19:00:00,Russia,Europe-Ural,RU,371.88,341.93,35.5,6.09,so-ups.ru,false,
2024-09-26 20:00:00,Russia,Europe-Ural,RU,370.88,339.69,35.6,4.46,so-ups.ru,false,
2024-09-26 21:00:00,Russia,Europe-Ural,RU,370.43,339.32,35.69,3.89,so-ups.ru,false,
2024-09-26 22:00:00,Russia,Europe-Ural,RU,366.32,334.86,36.34,3.88,so-ups.ru,false,
2024-09-26 23:00:00,Russia,Europe-Ural,RU,365.42,333.87,36.48,3.92,so-ups.ru,false,
2024-09-27 00:00:00,Russia,Europe-Ural,RU,369.02,337.74,35.9,4.02,so-ups.ru,false,
2024-09-27 01:00:00,Russia,Europe-Ural,RU,371.49,340.39,35.49,4.48,so-ups.ru,false,
2024-09-27 02:00:00,Russia,Europe-Ural,RU,374.98,343.63,34.89,5.14,so-ups.ru,false,
2024-09-27 03:00:00,Russia,Europe-Ural,RU,375.43,344.88,34.83,6.72,so-ups.ru,false,
2024-09-27 04:00:00,Russia,Europe-Ural,RU,375.36,344.94,34.85,7.79,so-ups.ru,false,
2024-09-27 05:00:00,Russia,Europe-Ural,RU,373.94,343.63,35.08,8.9,so-ups.ru,false,
2024-09-27 06:00:00,Russia,Europe-Ural,RU,370.39,340.23,35.67,9.75,so-ups.ru,false,
2024-09-27 07:00:00,Russia,Europe-Ural,RU,368.25,337.9,36.02,9.98,so-ups.ru,false,
2024-09-27 08:00:00,Russia,Europe-Ural,RU,372.37,341.5,35.3,9.0,so-ups.ru,false,
2024-09-27 09:00:00,Russia,Europe-Ural,RU,372.71,341.95,35.25,9.08,so-ups.ru,false,
2024-09-27 10:00:00,Russia,Europe-Ural,RU,373.63,342.39,35.07,8.91,so-ups.ru,false,
2024-09-27 11:00:00,Russia,Europe-Ural,RU,375.57,344.06,34.74,8.9,so-ups.ru,false,
2024-09-27 12:00:00,Russia,Europe-Ural,RU,377.91,346.26,34.34,8.55,so-ups.ru,false,
2024-09-27 13:00:00,Russia,Europe-Ural,RU,376.03,344.75,34.68,8.9,so-ups.ru,false,
2024-09-27 14:00:00,Russia,Europe-Ural,RU,375.66,345.44,34.81,9.4,so-ups.ru,false,
2024-09-27 15:00:00,Russia,Europe-Ural,RU,376.31,346.21,34.71,9.7,so-ups.ru,false,
2024-09-27 16:00:00,Russia,Europe-Ural,RU,376.44,346.37,34.67,9.39,so-ups.ru,false,
2024-09-27 17:00:00,Russia,Europe-Ural,RU,375.41,345.14,34.88,8.54,so-ups.ru,false,
2024-09-27 18:00:00,Russia,Europe-Ural,RU,369.96,340.43,35.81,8.27,so-ups.ru,false,
2024-09-27 19:00:00,Russia,Europe-Ural,RU,366.92,336.82,36.31,7.25,so-ups.ru,false,
2024-09-27 20:00:00,Russia,Europe-Ural,RU,369.13,337.96,35.89,5.06,so-ups.ru,false,
2024-09-27 21:00:00,Russia,Europe-Ural,RU,369.76,338.23,35.71,4.15,so-ups.ru,false,
2024-09-27 22:00:00,Russia,Europe-Ural,RU,367.87,336.18,36.05,4.08,so-ups.ru,false,
2024-09-27 23:00:00,Russia,Europe-Ural,RU,366.2,334.77,36.36,4.15,so-ups.ru,false,
2024-09-28 00:00:00,Russia,Europe-Ural,RU,366.32,335.37,36.35,4.29,so-ups.ru,false,
2024-09-28 01:00:00,Russia,Europe-Ural,RU,369.26,337.8,35.82,4.12,so-ups.ru,false,
2024-09-28 02:00:00,Russia,Europe-Ural,RU,373.48,342.11,35.13,4.31,so-ups.ru,false,
2024-09-28 03:00:00,Russia,Europe-Ural,RU,368.25,337.95,36.05,6.46,so-ups.ru,false,
2024-09-28 04:00:00,Russia,Europe-Ural,RU,373.3,342.49,35.17,6.77,so-ups.ru,false,
2024-09-28 05:00:00,Russia,Europe-Ural,RU,375.54,344.98,34.79,7.43,so-ups.ru,false,
2024-09-28 06:00:00,Russia,Europe-Ural,RU,369.97,340.21,35.75,9.08,so-ups.ru,false,
2024-09-28 07:00:00,Russia,Europe-Ural,RU,370.8,341.04,35.61,9.21,so-ups.ru,false,
2024-09-28 08:00:00,Russia,Europe-Ural,RU,371.74,341.64,35.45,8.96,so-ups.ru,false,
2024-09-28 09:00:00,Russia,Europe-Ural,RU,372.54,342.5,35.32,8.77,so-ups.ru,false,
2024-09-28 10:00:00,Russia,Europe-Ural,RU,373.56,343.66,35.16,8.92,so-ups.ru,false,
2024-09-28 11:00:00,Russia,Europe-Ural,RU,373.89,343.8,35.1,8.68,so-ups.ru,false,
2024-09-28 12:00:00,Russia,Europe-Ural,RU,374.01,343.72,35.07,8.73,so-ups.ru,false,
2024-09-28 13:00:00,Russia,Europe-Ural,RU,374.2,344.7,35.08,8.94,so-ups.ru,false,
2024-09-28 14:00:00,Russia,Europe-Ural,RU,375.43,345.58,34.87,9.01,so-ups.ru,false,
2024-09-28 15:00:00,Russia,Europe-Ural,RU,373.43,343.88,35.21,9.53,so-ups.ru,false,
2024-09-28 16:00:00,Russia,Europe-Ural,RU,377.76,347.47,34.46,8.39,so-ups.ru,false,
2024-09-28 17:00:00,Russia,Europe-Ural,RU,381.63,350.68,33.81,7.14,so-ups.ru,false,
2024-09-28 18:00:00,Russia,Europe-Ural,RU,377.9,346.88,34.44,6.48,so-ups.ru,false,
2024-09-28 19:00:00,Russia,Europe-Ural,RU,370.9,341.21,35.68,6.38,so-ups.ru,false,
2024-09-28 20:00:00,Russia,Europe-Ural,RU,371.41,340.86,35.56,4.97,so-ups.ru,false,
2024-09-28 21:00:00,Russia,Europe-Ural,RU,368.2,337.71,36.09,4.35,so-ups.ru,false,
2024-09-28 22:00:00,Russia,Europe-Ural,RU,367.76,337.64,36.18,4.02,so-ups.ru,false,
2024-09-28 23:00:00,Russia,Europe-Ural,RU,365.12,335.68,36.66,4.2,so-ups.ru,false,
2024-09-29 00:00:00,Russia,Europe-Ural,RU,365.31,335.22,36.6,4.06,so-ups.ru,false,
2024-09-29 01:00:00,Russia,Europe-Ural,RU,365.88,335.81,36.5,4.26,so-ups.ru,false,
2024-09-29 02:00:00,Russia,Europe-Ural,RU,365.68,335.81,36.51,4.82,so-ups.ru,false,
2024-09-29 03:00:00,Russia,Europe-Ural,RU,361.96,332.72,37.14,6.49,so-ups.ru,false,
2024-09-29 04:00:00,Russia,Europe-Ural,RU,364.69,335.3,36.66,6.95,so-ups.ru,false,
2024-09-29 05:00:00,Russia,Europe-Ural,RU,369.84,339.64,35.74,7.06,so-ups.ru,false,
2024-09-29 06:00:00,Russia,Europe-Ural,RU,369.1,339.31,35.89,8.08,so-ups.ru,false,
2024-09-29 07:00:00,Russia,Europe-Ural,RU,369.62,339.18,35.78,7.92,so-ups.ru,false,
2024-09-29 08:00:00,Russia,Europe-Ural,RU,370.1,339.62,35.68,7.99,so-ups.ru,false,
2024-09-29 09:00:00,Russia,Europe-Ural,RU,372.05,341.49,35.37,7.7,so-ups.ru,false,
2024-09-29 10:00:00,Russia,Europe-Ural,RU,369.84,339.41,35.75,8.33,so-ups.ru,false,
2024-09-29 11:00:00,Russia,Europe-Ural,RU,370.25,339.45,35.67,8.36,so-ups.ru,false,
2024-09-29 12:00:00,Russia,Europe-Ural,RU,369.6,339.06,35.79,8.51,so-ups.ru,false,
2024-09-29 13:00:00,Russia,Europe-Ural,RU,369.46,340.03,35.86,9.13,so-ups.ru,false,
2024-09-29 14:00:00,Russia,Europe-Ural,RU,368.85,339.7,35.99,9.62,so-ups.ru,false,
2024-09-29 15:00:00,Russia,Europe-Ural,RU,366.63,337.96,36.38,10.46,so-ups.ru,false,
2024-09-29 16:00:00,Russia,Europe-Ural,RU,368.52,339.79,36.08,9.93,so-ups.ru,false,
2024-09-29 17:00:00,Russia,Europe-Ural,RU,372.24,342.75,35.41,8.42,so-ups.ru,false,
2024-09-29 18:00:00,Russia,Europe-Ural,RU,372.53,341.95,35.34,7.06,so-ups.ru,false,
2024-09-29 19:00:00,Russia,Europe-Ural,RU,369.33,339.68,35.92,6.19,so-ups.ru,false,
2024-09-29 20:00:00,Russia,Europe-Ural,RU,372.65,341.5,35.26,4.14,so-ups.ru,false,
2024-09-29 21:00:00,Russia,Europe-Ural,RU,362.45,332.59,37.05,5.06,so-ups.ru,false,
2024-09-29 22:00:00,Russia,Europe-Ural,RU,358.03,328.11,37.8,5.0,so-ups.ru,false,
2024-09-29 23:00:00,Russia,Europe-Ural,RU,358.62,329.29,37.72,5.05,so-ups.ru,false,
2024-09-30 00:00:00,Russia,Europe-Ural,RU,361.87,332.43,37.13,4.97,so-ups.ru,false,
2024-09-30 01:00:00,Russia,Europe-Ural,RU,365.61,335.64,36.5,5.06,so-ups.ru,false,
2024-09-30 02:00:00,Russia,Europe-Ural,RU,372.71,342.67,35.32,5.47,so-ups.ru,false,
2024-09-30 03:00:00,Russia,Europe-Ural,RU,375.22,344.97,34.87,6.73,so-ups.ru,false,
2024-09-30 04:00:00,Russia,Europe-Ural,RU,376.93,346.84,34.6,7.44,so-ups.ru,false,
2024-09-30 05:00:00,Russia,Europe-Ural,RU,377.06,346.85,34.54,8.46,so-ups.ru,false,
2024-09-30 06:00:00,Russia,Europe-Ural,RU,373.34,343.6,35.21,9.19,so-ups.ru,false,
2024-09-30 07:00:00,Russia,Europe-Ural,RU,372.06,341.7,35.38,9.21,so-ups.ru,false,
2024-09-30 08:00:00,Russia,Europe-Ural,RU,371.68,341.2,35.43,9.12,so-ups.ru,false,
2024-09-30 09:00:00,Russia,Europe-Ural,RU,375.99,344.82,34.67,8.37,so-ups.ru,false,
2024-09-30 10:00:00,Russia,Europe-Ural,RU,377.97,346.69,34.34,8.41,so-ups.ru,false,
2024-09-30 11:00:00,Russia,Europe-Ural,RU,377.93,346.3,34.34,8.38,so-ups.ru,false,
2024-09-30 12:00:00,Russia,Europe-Ural,RU,378.81,347.34,34.2,8.2,so-ups.ru,false,
2024-09-30 13:00:00,Russia,Europe-Ural,RU,378.54,348.01,34.3,8.48,so-ups.ru,false,
2024-09-30 14:00:00,Russia,Europe-Ural,RU,374.97,345.18,34.94,9.48,so-ups.ru,false,
2024-09-30 15:00:00,Russia,Europe-Ural,RU,372.43,342.74,35.35,10.02,so-ups.ru,false,
2024-09-30 16:00:00,Russia,Europe-Ural,RU,373.78,343.97,35.13,9.42,so-ups.ru,false,
2024-09-30 17:00:00,Russia,Europe-Ural,RU,380.69,350.08,33.99,7.65,so-ups.ru,false,
2024-09-30 18:00:00,Russia,Europe-Ural,RU,377.57,346.4,34.46,6.86,so-ups.ru,false,
2024-09-30 19:00:00,Russia,Europe-Ural,RU,373.31,342.34,35.21,6.06,so-ups.ru,false,
2024-09-30 20:00:00,Russia,Europe-Ural,RU,372.54,341.04,35.31,4.5,so-ups.ru,false,
2024-09-30 21:00:00,Russia,Europe-Ural,RU,364.89,333.88,36.57,4.7,so-ups.ru,false,
2024-09-30 22:00:00,Russia,Europe-Ural,RU,364.79,334.55,36.65,4.67,so-ups.ru,false,
2024-09-30 23:00:00,Russia,Europe-Ural,RU,363.76,332.46,36.75,4.43,so-ups.ru,false,
2024-10-01 00:00:00,Russia,Europe-Ural,RU,367.37,335.85,36.09,4.36,so-ups.ru,false,
2024-10-01 01:00:00,Russia,Europe-Ural,RU,370.99,339.4,35.52,4.56,so-ups.ru,false,
2024-10-01 02:00:00,Russia,Europe-Ural,RU,378.23,346.41,34.29,4.76,so-ups.ru,false,
2024-10-01 03:00:00,Russia,Europe-Ural,RU,375.28,344.4,34.79,6.77,so-ups.ru,false,
2024-10-01 04:00:00,Russia,Europe-Ural,RU,378.03,347.21,34.36,7.43,so-ups.ru,false,
2024-10-01 05:00:00,Russia,Europe-Ural,RU,378.57,348.56,34.33,8.54,so-ups.ru,false,
2024-10-01 06:00:00,Russia,Europe-Ural,RU,372.76,342.89,35.31,9.68,so-ups.ru,false,
2024-10-01 07:00:00,Russia,Europe-Ural,RU,371.3,341.16,35.53,9.46,so-ups.ru,false,
2024-10-01 08:00:00,Russia,Europe-Ural,RU,372.92,343.12,35.25,8.98,so-ups.ru,false,
2024-10-01 09:00:00,Russia,Europe-Ural,RU,376.92,346.49,34.57,8.39,so-ups.ru,false,
2024-10-01 10:00:00,Russia,Europe-Ural,RU,376.28,345.09,34.61,8.28,so-ups.ru,false,
2024-10-01 11:00:00,Russia,Europe-Ural,RU,375.98,344.65,34.68,8.48,so-ups.ru,false,
2024-10-01 12:00:00,Russia,Europe-Ural,RU,376.91,345.82,34.5,8.38,so-ups.ru,false,
2024-10-01 13:00:00,Russia,Europe-Ural,RU,377.54,346.61,34.43,8.39,so-ups.ru,false,
2024-10-01 14:00:00,Russia,Europe-Ural,RU,374.34,344.19,35.03,9.37,so-ups.ru,false,
2024-10-01 15:00:00,Russia,Europe-Ural,RU,373.09,343.77,35.29,10.25,so-ups.ru,false,
2024-10-01 16:00:00,Russia,Europe-Ural,RU,374.44,345.06,35.03,9.51,so-ups.ru,false,
2024-10-01 17:00:00,Russia,Europe-Ural,RU,377.92,347.12,34.43,7.9,so-ups.ru,false,
2024-10-01 18:00:00,Russia,Europe-Ural,RU,376.43,345.32,34.67,7.19,so-ups.ru,false,
2024-10-01 19:00:00,Russia,Europe-Ural,RU,374.23,343.18,35.05,6.16,so-ups.ru,false,
2024-10-01 20:00:00,Russia,Europe-Ural,RU,371.68,339.91,35.4,4.61,so-ups.ru,false,
2024-10-01 21:00:00,Russia,Europe-Ural,RU,368.01,336.53,36.03,4.43,so-ups.ru,false,
2024-10-01 22:00:00,Russia,Europe-Ural,RU,366.59,335.29,36.33,4.39,so-ups.ru,false,
2024-10-01 23:00:00,Russia,Europe-Ural,RU,365.95,334.17,36.37,4.33,so-ups.ru,false,
2024-10-02 00:00:00,Russia,Europe-Ural,RU,369.78,338.02,35.72,4.27,so-ups.ru,false,
2024-10-02 01:00:00,Russia,Europe-Ural,RU,374.17,341.99,34.95,4.45,so-ups.ru,false,
2024-10-02 02:00:00,Russia,Europe-Ural,RU,380.07,347.83,33.98,4.67,so-ups.ru,false,
2024-10-02 03:00:00,Russia,Europe-Ural,RU,380.17,348.41,33.96,6.32,so-ups.ru,false,
2024-10-02 04:00:00,Russia,Europe-Ural,RU,381.62,349.84,33.71,7.04,so-ups.ru,false,
2024-10-02 05:00:00,Russia,Europe-Ural,RU,380.16,348.44,33.96,7.95,so-ups.ru,false,
2024-10-02 06:00:00,Russia,Europe-Ural,RU,376.96,346.05,34.53,8.99,so-ups.ru,false,
2024-10-02 07:00:00,Russia,Europe-Ural,RU,375.55,344.63,34.77,8.96,so-ups.ru,false,
2024-10-02 08:00:00,Russia,Europe-Ural,RU,377.06,345.48,34.49,8.38,so-ups.ru,false,
2024-10-02 09:00:00,Russia,Europe-Ural,RU,378.73,346.94,34.19,7.93,so-ups.ru,false,
2024-10-02 10:00:00,Russia,Europe-Ural,RU,378.28,346.16,34.26,7.99,so-ups.ru,false,
2024-10-02 11:00:00,Russia,Europe-Ural,RU,379.77,347.55,34.02,7.86,so-ups.ru,false,
2024-10-02 12:00:00,Russia,Europe-Ural,RU,381.33,348.83,33.77,7.75,so-ups.ru,false,
2024-10-02 13:00:00,Russia,Europe-Ural,RU,381.38,349.24,33.81,7.96,so-ups.ru,false,
2024-10-02 14:00:00,Russia,Europe-Ural,RU,378.71,346.93,34.27,8.74,so-ups.ru,false,
2024-10-02 15:00:00,Russia,Europe-Ural,RU,378.22,346.57,34.36,9.19,so-ups.ru,false,
2024-10-02 16:00:00,Russia,Europe-Ural,RU,381.86,350.08,33.74,8.8,so-ups.ru,false,
2024-10-02 17:00:00,Russia,Europe-Ural,RU,384.13,352.02,33.37,8.07,so-ups.ru,false,
2024-10-02 18:00:00,Russia,Europe-Ural,RU,382.84,350.09,33.57,7.09,so-ups.ru,false,
2024-10-02 19:00:00,Russia,Europe-Ural,RU,378.47,345.98,34.32,6.59,so-ups.ru,false,
2024-10-02 20:00:00,Russia,Europe-Ural,RU,379.97,346.75,33.98,4.85,so-ups.ru,false,
2024-10-02 21:00:00,Russia,Europe-Ural,RU,379.55,346.27,34.05,4.1,so-ups.ru,false,
2024-10-02 22:00:00,Russia,Europe-Ural,RU,382.23,348.55,33.57,3.4,so-ups.ru,false,
2024-10-02 23:00:00,Russia,Europe-Ural,RU,381.31,347.6,33.76,3.4,so-ups.ru,false,
2024-10-03 00:00:00,Russia,Europe-Ural,RU,383.67,349.56,33.34,3.29,so-ups.ru,false,
2024-10-03 01:00:00,Russia,Europe-Ural,RU,385.23,351.29,33.07,3.92,so-ups.ru,false,
2024-10-03 02:00:00,Russia,Europe-Ural,RU,390.03,355.9,32.29,4.36,so-ups.ru,false,
2024-10-03 03:00:00,Russia,Europe-Ural,RU,388.7,355.1,32.52,5.99,so-ups.ru,false,
2024-10-03 04:00:00,Russia,Europe-Ural,RU,390.67,356.88,32.15,6.58,so-ups.ru,false,
2024-10-03 05:00:00,Russia,Europe-Ural,RU,388.87,355.63,32.47,7.78,so-ups.ru,false,
2024-10-03 06:00:00,Russia,Europe-Ural,RU,383.35,350.91,33.41,8.93,so-ups.ru,false,
2024-10-03 07:00:00,Russia,Europe-Ural,RU,382.48,350.31,33.58,8.97,so-ups.ru,false,
2024-10-03 08:00:00,Russia,Europe-Ural,RU,383.23,350.76,33.44,8.53,so-ups.ru,false,
2024-10-03 09:00:00,Russia,Europe-Ural,RU,384.08,351.7,33.32,8.32,so-ups.ru,false,
2024-10-03 10:00:00,Russia,Europe-Ural,RU,385.15,352.4,33.1,8.13,so-ups.ru,false,
2024-10-03 11:00:00,Russia,Europe-Ural,RU,387.08,354.08,32.79,7.86,so-ups.ru,false,
2024-10-03 12:00:00,Russia,Europe-Ural,RU,386.96,353.83,32.79,7.9,so-ups.ru,false,
2024-10-03 13:00:00,Russia,Europe-Ural,RU,386.63,353.52,32.86,7.97,so-ups.ru,false,
2024-10-03 14:00:00,Russia,Europe-Ural,RU,384.16,351.6,33.32,8.89,so-ups.ru,false,
2024-10-03 15:00:00,Russia,Europe-Ural,RU,383.14,351.04,33.51,9.43,so-ups.ru,false,
2024-10-03 16:00:00,Russia,Europe-Ural,RU,384.88,352.48,33.22,8.66,so-ups.ru,false,
2024-10-03 17:00:00,Russia,Europe-Ural,RU,387.55,354.67,32.77,7.38,so-ups.ru,false,
2024-10-03 18:00:00,Russia,Europe-Ural,RU,386.45,353.15,32.94,6.57,so-ups.ru,false,
2024-10-03 19:00:00,Russia,Europe-Ural,RU,380.75,347.94,33.86,6.08,so-ups.ru,false,
2024-10-03 20:00:00,Russia,Europe-Ural,RU,380.74,347.29,33.81,4.78,so-ups.ru,false,
2024-10-03 21:00:00,Russia,Europe-Ural,RU,380.3,346.75,33.88,4.02,so-ups.ru,false,
2024-10-03 22:00:00,Russia,Europe-Ural,RU,378.02,344.86,34.25,3.95,so-ups.ru,false,
2024-10-03 23:00:00,Russia,Europe-Ural,RU,378.51,345.49,34.17,3.84,so-ups.ru,false,
2024-10-04 00:00:00,Russia,Europe-Ural,RU,379.65,346.26,33.99,4.01,so-ups.ru,false,
2024-10-04 01:00:00,Russia,Europe-Ural,RU,384.29,350.44,33.19,3.98,so-ups.ru,false,
2024-10-04 02:00:00,Russia,Europe-Ural,RU,389.94,355.98,32.24,4.43,so-ups.ru,false,
2024-10-04 03:00:00,Russia,Europe-Ural,RU,389.69,356.15,32.3,5.91,so-ups.ru,false,
2024-10-04 04:00:00,Russia,Europe-Ural,RU,388.78,355.69,32.44,6.9,so-ups.ru,false,
2024-10-04 05:00:00,Russia,Europe-Ural,RU,384.87,352.45,33.14,8.44,so-ups.ru,false,
2024-10-04 06:00:00,Russia,Europe-Ural,RU,381.13,349.21,33.77,9.18,so-ups.ru,false,
2024-10-04 07:00:00,Russia,Europe-Ural,RU,381.66,349.18,33.68,9.04,so-ups.ru,false,
2024-10-04 08:00:00,Russia,Europe-Ural,RU,383.56,351.09,33.36,8.57,so-ups.ru,false,
2024-10-04 09:00:00,Russia,Europe-Ural,RU,385.19,352.62,33.04,8.24,so-ups.ru,false,
2024-10-04 10:00:00,Russia,Europe-Ural,RU,386.38,353.35,32.85,8.19,so-ups.ru,false,
2024-10-04 11:00:00,Russia,Europe-Ural,RU,386.65,353.63,32.8,8.14,so-ups.ru,false,
2024-10-04 12:00:00,Russia,Europe-Ural,RU,389.34,355.7,32.34,7.77,so-ups.ru,false,
2024-10-04 13:00:00,Russia,Europe-Ural,RU,390.76,357.35,32.13,7.78,so-ups.ru,false,
2024-10-04 14:00:00,Russia,Europe-Ural,RU,389.75,356.66,32.31,8.24,so-ups.ru,false,
2024-10-04 15:00:00,Russia,Europe-Ural,RU,390.31,357.43,32.23,8.35,so-ups.ru,false,
2024-10-04 16:00:00,Russia,Europe-Ural,RU,391.35,358.39,32.06,7.7,so-ups.ru,false,
2024-10-04 17:00:00,Russia,Europe-Ural,RU,392.14,358.67,31.91,6.68,so-ups.ru,false,
2024-10-04 18:00:00,Russia,Europe-Ural,RU,389.92,356.22,32.27,5.97,so-ups.ru,false,
2024-10-04 19:00:00,Russia,Europe-Ural,RU,385.2,351.65,33.06,5.54,so-ups.ru,false,
2024-10-04 20:00:00,Russia,Europe-Ural,RU,385.38,351.3,33.01,4.22,so-ups.ru,false,
2024-10-04 21:00:00,Russia,Europe-Ural,RU,385.06,351.26,33.0,3.67,so-ups.ru,false,
2024-10-04 22:00:00,Russia,Europe-Ural,RU,383.12,349.29,33.4,3.73,so-ups.ru,false,
2024-10-04 23:00:00,Russia,Europe-Ural,RU,382.02,348.49,33.59,3.74,so-ups.ru,false,
2024-10-05 00:00:00,Russia,Europe-Ural,RU,384.83,351.0,33.09,3.65,so-ups.ru,false,
2024-10-05 01:00:00,Russia,Europe-Ural,RU,387.67,354.11,32.65,3.71,so-ups.ru,false,
2024-10-05 02:00:00,Russia,Europe-Ural,RU,390.95,357.23,32.09,3.89,so-ups.ru,false,
2024-10-05 03:00:00,Russia,Europe-Ural,RU,386.57,353.67,32.84,5.42,so-ups.ru,false,
2024-10-05 04:00:00,Russia,Europe-Ural,RU,389.37,355.98,32.35,5.93,so-ups.ru,false,
2024-10-05 05:00:00,Russia,Europe-Ural,RU,387.73,355.04,32.65,7.28,so-ups.ru,false,
2024-10-05 06:00:00,Russia,Europe-Ural,RU,388.15,355.39,32.58,7.69,so-ups.ru,false,
2024-10-05 07:00:00,Russia,Europe-Ural,RU,388.28,355.6,32.56,7.77,so-ups.ru,false,
2024-10-05 08:00:00,Russia,Europe-Ural,RU,389.34,356.31,32.35,7.52,so-ups.ru,false,
2024-10-05 09:00:00,Russia,Europe-Ural,RU,392.14,358.61,31.86,6.96,so-ups.ru,false,
2024-10-05 10:00:00,Russia,Europe-Ural,RU,392.88,359.01,31.72,6.96,so-ups.ru,false,
2024-10-05 11:00:00,Russia,Europe-Ural,RU,393.32,359.56,31.66,6.83,so-ups.ru,false,
2024-10-05 12:00:00,Russia,Europe-Ural,RU,393.23,359.93,31.69,7.11,so-ups.ru,false,
2024-10-05 13:00:00,Russia,Europe-Ural,RU,393.42,360.1,31.66,7.3,so-ups.ru,false,
2024-10-05 14:00:00,Russia,Europe-Ural,RU,393.14,360.03,31.72,7.88,so-ups.ru,false,
2024-10-05 15:00:00,Russia,Europe-Ural,RU,393.71,361.07,31.65,8.0,so-ups.ru,false,
2024-10-05 16:00:00,Russia,Europe-Ural,RU,393.43,360.37,31.67,7.47,so-ups.ru,false,
2024-10-05 17:00:00,Russia,Europe-Ural,RU,399.62,365.26,30.58,6.16,so-ups.ru,false,
2024-10-05 18:00:00,Russia,Europe-Ural,RU,399.23,364.57,30.65,5.35,so-ups.ru,false,
2024-10-05 19:00:00,Russia,Europe-Ural,RU,392.92,359.54,31.77,5.47,so-ups.ru,false,
2024-10-05 20:00:00,Russia,Europe-Ural,RU,393.57,360.03,31.63,4.43,so-ups.ru,false,
2024-10-05 21:00:00,Russia,Europe-Ural,RU,395.68,361.01,31.22,3.55,so-ups.ru,false,
2024-10-05 22:00:00,Russia,Europe-Ural,RU,396.35,361.88,31.15,3.09,so-ups.ru,false,
2024-10-05 23:00:00,Russia,Europe-Ural,RU,395.07,361.29,31.4,3.12,so-ups.ru,false,
2024-10-06 00:00:00,Russia,Europe-Ural,RU,394.47,360.75,31.46,3.19,so-ups.ru,false,
2024-10-06 01:00:00,Russia,Europe-Ural,RU,394.86,361.17,31.44,3.45,so-ups.ru,false,
2024-10-06 02:00:00,Russia,Europe-Ural,RU,394.45,361.12,31.49,4.0,so-ups.ru,false,
2024-10-06 03:00:00,Russia,Europe-Ural,RU,388.51,356.39,32.54,5.6,so-ups.ru,false,
2024-10-06 04:00:00,Russia,Europe-Ural,RU,390.72,358.19,32.11,6.0,so-ups.ru,false,
2024-10-06 05:00:00,Russia,Europe-Ural,RU,392.66,359.86,31.8,6.65,so-ups.ru,false,
2024-10-06 06:00:00,Russia,Europe-Ural,RU,392.3,359.83,31.85,7.31,so-ups.ru,false,
2024-10-06 07:00:00,Russia,Europe-Ural,RU,389.96,357.8,32.24,8.06,so-ups.ru,false,
2024-10-06 08:00:00,Russia,Europe-Ural,RU,391.23,358.38,32.02,7.79,so-ups.ru,false,
2024-10-06 09:00:00,Russia,Europe-Ural,RU,393.18,359.9,31.66,7.28,so-ups.ru,false,
2024-10-06 10:00:00,Russia,Europe-Ural,RU,393.63,360.29,31.6,7.2,so-ups.ru,false,
2024-10-06 11:00:00,Russia,Europe-Ural,RU,394.51,361.42,31.47,7.31,so-ups.ru,false,
2024-10-06 12:00:00,Russia,Europe-Ural,RU,391.56,358.45,31.96,7.98,so-ups.ru,false,
2024-10-06 13:00:00,Russia,Europe-Ural,RU,391.96,358.77,31.87,8.06,so-ups.ru,false,
2024-10-06 14:00:00,Russia,Europe-Ural,RU,391.59,358.94,31.97,8.6,so-ups.ru,false,
2024-10-06 15:00:00,Russia,Europe-Ural,RU,389.69,357.77,32.33,9.37,so-ups.ru,false,
2024-10-06 16:00:00,Russia,Europe-Ural,RU,393.04,360.76,31.72,8.59,so-ups.ru,false,
2024-10-06 17:00:00,Russia,Europe-Ural,RU,395.79,362.91,31.26,7.32,so-ups.ru,false,
2024-10-06 18:00:00,Russia,Europe-Ural,RU,393.97,360.86,31.54,6.47,so-ups.ru,false,
2024-10-06 19:00:00,Russia,Europe-Ural,RU,391.46,358.43,32.0,5.84,so-ups.ru,false,
2024-10-06 20:00:00,Russia,Europe-Ural,RU,390.15,356.33,32.16,4.66,so-ups.ru,false,
2024-10-06 21:00:00,Russia,Europe-Ural,RU,386.07,352.88,32.89,4.69,so-ups.ru,false,
2024-10-06 22:00:00,Russia,Europe-Ural,RU,387.61,354.18,32.63,4.05,so-ups.ru,false,
2024-10-06 23:00:00,Russia,Europe-Ural,RU,386.14,353.32,32.92,4.07,so-ups.ru,false,
2024-10-07 00:00:00,Russia,Europe-Ural,RU,388.66,355.5,32.49,4.02,so-ups.ru,false,
2024-10-07 01:00:00,Russia,Europe-Ural,RU,392.93,359.7,31.77,4.14,so-ups.ru,false,
2024-10-07 02:00:00,Russia,Europe-Ural,RU,399.07,365.12,30.67,4.38,so-ups.ru,false,
2024-10-07 03:00:00,Russia,Europe-Ural,RU,396.45,363.3,31.15,6.07,so-ups.ru,false,
2024-10-07 04:00:00,Russia,Europe-Ural,RU,398.13,364.97,30.84,6.74,so-ups.ru,false,
2024-10-07 05:00:00,Russia,Europe-Ural,RU,397.75,364.81,30.91,7.66,so-ups.ru,false,
2024-10-07 06:00:00,Russia,Europe-Ural,RU,395.04,362.22,31.41,8.55,so-ups.ru,false,
2024-10-07 07:00:00,Russia,Europe-Ural,RU,394.87,361.65,31.38,8.49,so-ups.ru,false,
2024-10-07 08:00:00,Russia,Europe-Ural,RU,396.45,362.84,31.13,8.1,so-ups.ru,false,
2024-10-07 09:00:00,Russia,Europe-Ural,RU,398.49,365.22,30.8,7.92,so-ups.ru,false,
2024-10-07 10:00:00,Russia,Europe-Ural,RU,397.48,364.06,30.94,8.07,so-ups.ru,false,
2024-10-07 11:00:00,Russia,Europe-Ural,RU,400.74,366.83,30.37,7.49,so-ups.ru,false,
2024-10-07 12:00:00,Russia,Europe-Ural,RU,400.68,366.65,30.41,7.55,so-ups.ru,false,
2024-10-07 13:00:00,Russia,Europe-Ural,RU,400.66,366.85,30.43,7.64,so-ups.ru,false,
2024-10-07 14:00:00,Russia,Europe-Ural,RU,400.42,367.28,30.48,8.06,so-ups.ru,false,
2024-10-07 15:00:00,Russia,Europe-Ural,RU,402.27,369.07,30.18,7.84,so-ups.ru,false,
2024-10-07 16:00:00,Russia,Europe-Ural,RU,402.01,368.7,30.23,7.47,so-ups.ru,false,
2024-10-07 17:00:00,Russia,Europe-Ural,RU,402.69,368.98,30.12,6.62,so-ups.ru,false,
2024-10-07 18:00:00,Russia,Europe-Ural,RU,399.69,366.31,30.65,6.35,so-ups.ru,false,
2024-10-07 19:00:00,Russia,Europe-Ural,RU,387.63,355.32,32.69,6.87,so-ups.ru,false,
2024-10-07 20:00:00,Russia,Europe-Ural,RU,393.72,359.51,31.61,4.49,so-ups.ru,false,
2024-10-07 21:00:00,Russia,Europe-Ural,RU,394.22,360.06,31.51,3.4,so-ups.ru,false,
2024-10-07 22:00:00,Russia,Europe-Ural,RU,393.06,359.15,31.73,3.34,so-ups.ru,false,
2024-10-07 23:00:00,Russia,Europe-Ural,RU,393.58,359.81,31.61,3.27,so-ups.ru,false,
2024-10-08 00:00:00,Russia,Europe-Ural,RU,394.51,359.78,31.4,3.16,so-ups.ru,false,
2024-10-08 01:00:00,Russia,Europe-Ural,RU,396.75,362.1,31.03,3.25,so-ups.ru,false,
2024-10-08 02:00:00,Russia,Europe-Ural,RU,403.58,368.83,29.86,3.45,so-ups.ru,false,
2024-10-08 03:00:00,Russia,Europe-Ural,RU,399.06,365.31,30.64,5.42,so-ups.ru,false,
2024-10-08 04:00:00,Russia,Europe-Ural,RU,398.43,364.27,30.74,6.2,so-ups.ru,false,
2024-10-08 05:00:00,Russia,Europe-Ural,RU,393.89,360.65,31.55,7.79,so-ups.ru,false,
2024-10-08 06:00:00,Russia,Europe-Ural,RU,389.64,356.88,32.3,8.59,so-ups.ru,false,
2024-10-08 07:00:00,Russia,Europe-Ural,RU,390.73,357.63,32.08,8.11,so-ups.ru,false,
2024-10-08 08:00:00,Russia,Europe-Ural,RU,392.22,358.7,31.84,7.89,so-ups.ru,false,
2024-10-08 09:00:00,Russia,Europe-Ural,RU,394.51,360.56,31.44,7.5,so-ups.ru,false,
2024-10-08 10:00:00,Russia,Europe-Ural,RU,396.28,362.17,31.12,7.1,so-ups.ru,false,
2024-10-08 11:00:00,Russia,Europe-Ural,RU,396.21,362.6,31.18,7.22,so-ups.ru,false,
2024-10-08 12:00:00,Russia,Europe-Ural,RU,395.24,361.63,31.34,7.35,so-ups.ru,false,
2024-10-08 13:00:00,Russia,Europe-Ural,RU,393.91,360.17,31.52,7.44,so-ups.ru,false,
2024-10-08 14:00:00,Russia,Europe-Ural,RU,389.74,357.33,32.29,8.74,so-ups.ru,false,
2024-10-08 15:00:00,Russia,Europe-Ural,RU,391.57,359.1,32.02,8.69,so-ups.ru,false,
2024-10-08 16:00:00,Russia,Europe-Ural,RU,391.91,359.47,31.94,8.1,so-ups.ru,false,
2024-10-08 17:00:00,Russia,Europe-Ural,RU,394.62,361.22,31.47,6.77,so-ups.ru,false,
2024-10-08 18:00:00,Russia,Europe-Ural,RU,391.74,358.66,31.98,6.37,so-ups.ru,false,
2024-10-08 19:00:00,Russia,Europe-Ural,RU,388.44,355.24,32.54,5.7,so-ups.ru,false,
2024-10-08 20:00:00,Russia,Europe-Ural,RU,390.41,355.54,32.13,3.83,so-ups.ru,false,
2024-10-08 21:00:00,Russia,Europe-Ural,RU,387.86,353.33,32.54,3.52,so-ups.ru,false,
2024-10-08 22:00:00,Russia,Europe-Ural,RU,389.46,354.65,32.27,2.9,so-ups.ru,false,
2024-10-08 23:00:00,Russia,Europe-Ural,RU,389.02,354.26,32.31,2.84,so-ups.ru,false,
2024-10-09 00:00:00,Russia,Europe-Ural,RU,391.58,356.43,31.89,2.79,so-ups.ru,false,
2024-10-09 01:00:00,Russia,Europe-Ural,RU,393.16,358.38,31.66,3.36,so-ups.ru,false,
2024-10-09 02:00:00,Russia,Europe-Ural,RU,398.36,363.43,30.76,3.53,so-ups.ru,false,
2024-10-09 03:00:00,Russia,Europe-Ural,RU,398.02,364.09,30.85,5.16,so-ups.ru,false,
2024-10-09 04:00:00,Russia,Europe-Ural,RU,397.95,363.65,30.85,6.03,so-ups.ru,false,
2024-10-09 05:00:00,Russia,Europe-Ural,RU,393.93,360.24,31.55,7.62,so-ups.ru,false,
2024-10-09 06:00:00,Russia,Europe-Ural,RU,392.19,359.26,31.86,8.26,so-ups.ru,false,
2024-10-09 07:00:00,Russia,Europe-Ural,RU,393.22,360.68,31.7,8.25,so-ups.ru,false,
2024-10-09 08:00:00,Russia,Europe-Ural,RU,395.88,362.53,31.23,7.53,so-ups.ru,false,
2024-10-09 09:00:00,Russia,Europe-Ural,RU,397.77,364.17,30.9,7.28,so-ups.ru,false,
2024-10-09 10:00:00,Russia,Europe-Ural,RU,398.93,364.97,30.69,7.05,so-ups.ru,false,
2024-10-09 11:00:00,Russia,Europe-Ural,RU,399.69,365.67,30.57,6.95,so-ups.ru,false,
2024-10-09 12:00:00,Russia,Europe-Ural,RU,401.29,367.01,30.29,6.75,so-ups.ru,false,
2024-10-09 13:00:00,Russia,Europe-Ural,RU,399.57,365.81,30.59,7.1,so-ups.ru,false,
2024-10-09 14:00:00,Russia,Europe-Ural,RU,396.41,363.02,31.15,8.08,so-ups.ru,false,
2024-10-09 15:00:00,Russia,Europe-Ural,RU,396.06,362.86,31.21,8.29,so-ups.ru,false,
2024-10-09 16:00:00,Russia,Europe-Ural,RU,396.4,362.5,31.12,7.73,so-ups.ru,false,
2024-10-09 17:00:00,Russia,Europe-Ural,RU,398.43,364.17,30.78,6.61,so-ups.ru,false,
2024-10-09 18:00:00,Russia,Europe-Ural,RU,395.89,361.63,31.21,6.06,so-ups.ru,false,
2024-10-09 19:00:00,Russia,Europe-Ural,RU,393.05,359.17,31.72,5.38,so-ups.ru,false,
2024-10-09 20:00:00,Russia,Europe-Ural,RU,396.32,361.66,31.14,3.71,so-ups.ru,false,
2024-10-09 21:00:00,Russia,Europe-Ural,RU,391.99,356.74,31.82,3.25,so-ups.ru,false,
2024-10-09 22:00:00,Russia,Europe-Ural,RU,393.92,358.52,31.48,2.7,so-ups.ru,false,
2024-10-09 23:00:00,Russia,Europe-Ural,RU,393.76,358.7,31.51,2.68,so-ups.ru,false,
2024-10-10 00:00:00,Russia,Europe-Ural,RU,395.92,360.71,31.18,2.69,so-ups.ru,false,
2024-10-10 01:00:00,Russia,Europe-Ural,RU,396.06,361.23,31.16,3.28,so-ups.ru,false,
2024-10-10 02:00:00,Russia,Europe-Ural,RU,402.85,367.57,29.98,3.32,so-ups.ru,false,
2024-10-10 03:00:00,Russia,Europe-Ural,RU,401.07,366.05,30.28,4.92,so-ups.ru,false,
2024-10-10 04:00:00,Russia,Europe-Ural,RU,398.11,363.92,30.78,6.41,so-ups.ru,false,
2024-10-10 05:00:00,Russia,Europe-Ural,RU,396.35,362.64,31.11,7.56,so-ups.ru,false,
2024-10-10 06:00:00,Russia,Europe-Ural,RU,391.61,358.7,31.95,8.76,so-ups.ru,false,
2024-10-10 07:00:00,Russia,Europe-Ural,RU,393.27,360.0,31.68,8.49,so-ups.ru,false,
2024-10-10 08:00:00,Russia,Europe-Ural,RU,395.24,361.4,31.32,7.96,so-ups.ru,false,
2024-10-10 09:00:00,Russia,Europe-Ural,RU,396.86,363.07,31.06,7.68,so-ups.ru,false,
2024-10-10 10:00:00,Russia,Europe-Ural,RU,398.22,364.16,30.81,7.48,so-ups.ru,false,
2024-10-10 11:00:00,Russia,Europe-Ural,RU,399.94,365.54,30.51,7.21,so-ups.ru,false,
2024-10-10 12:00:00,Russia,Europe-Ural,RU,400.37,366.01,30.45,7.26,so-ups.ru,false,
2024-10-10 13:00:00,Russia,Europe-Ural,RU,401.95,367.72,30.18,7.13,so-ups.ru,false,
2024-10-10 14:00:00,Russia,Europe-Ural,RU,396.14,362.98,31.22,8.55,so-ups.ru,false,
2024-10-10 15:00:00,Russia,Europe-Ural,RU,395.64,362.01,31.28,8.35,so-ups.ru,false,
2024-10-10 16:00:00,Russia,Europe-Ural,RU,397.17,363.53,31.03,7.63,so-ups.ru,false,
2024-10-10 17:00:00,Russia,Europe-Ural,RU,398.68,364.59,30.76,6.63,so-ups.ru,false,
2024-10-10 18:00:00,Russia,Europe-Ural,RU,399.43,364.77,30.61,5.64,so-ups.ru,false,
2024-10-10 19:00:00,Russia,Europe-Ural,RU,395.87,361.57,31.23,5.21,so-ups.ru,false,
2024-10-10 20:00:00,Russia,Europe-Ural,RU,398.55,362.94,30.71,3.51,so-ups.ru,false,
2024-10-10 21:00:00,Russia,Europe-Ural,RU,394.14,359.36,31.5,3.4,so-ups.ru,false,
2024-10-10 22:00:00,Russia,Europe-Ural,RU,397.13,362.1,31.0,2.8,so-ups.ru,false,
2024-10-10 23:00:00,Russia,Europe-Ural,RU,396.84,362.04,31.05,2.72,so-ups.ru,false,
2024-10-11 00:00:00,Russia,Europe-Ural,RU,396.58,361.3,31.03,2.68,so-ups.ru,false,
2024-10-11 01:00:00,Russia,Europe-Ural,RU,397.13,362.42,30.97,3.36,so-ups.ru,false,
2024-10-11 02:00:00,Russia,Europe-Ural,RU,403.59,368.13,29.84,3.33,so-ups.ru,false,
2024-10-11 03:00:00,Russia,Europe-Ural,RU,401.84,366.89,30.18,4.99,so-ups.ru,false,
2024-10-11 04:00:00,Russia,Europe-Ural,RU,398.52,364.15,30.72,6.41,so-ups.ru,false,
2024-10-11 05:00:00,Russia,Europe-Ural,RU,398.36,364.16,30.77,7.33,so-ups.ru,false,
2024-10-11 06:00:00,Russia,Europe-Ural,RU,395.3,362.07,31.29,8.21,so-ups.ru,false,
2024-10-11 07:00:00,Russia,Europe-Ural,RU,395.06,361.36,31.36,8.22,so-ups.ru,false,
2024-10-11 08:00:00,Russia,Europe-Ural,RU,397.65,363.39,30.9,7.69,so-ups.ru,false,
2024-10-11 09:00:00,Russia,Europe-Ural,RU,399.13,364.61,30.65,7.37,so-ups.ru,false,
2024-10-11 10:00:00,Russia,Europe-Ural,RU,399.8,365.14,30.53,7.34,so-ups.ru,false,
2024-10-11 11:00:00,Russia,Europe-Ural,RU,400.05,365.47,30.5,7.22,so-ups.ru,false,
2024-10-11 12:00:00,Russia,Europe-Ural,RU,397.72,363.83,30.9,7.16,so-ups.ru,false,
2024-10-11 13:00:00,Russia,Europe-Ural,RU,397.44,363.67,30.98,7.38,so-ups.ru,false,
2024-10-11 14:00:00,Russia,Europe-Ural,RU,394.14,360.82,31.56,8.26,so-ups.ru,false,
2024-10-11 15:00:00,Russia,Europe-Ural,RU,394.0,361.11,31.6,8.32,so-ups.ru,false,
2024-10-11 16:00:00,Russia,Europe-Ural,RU,389.58,356.67,32.33,8.54,so-ups.ru,false,
2024-10-11 17:00:00,Russia,Europe-Ural,RU,398.04,363.95,30.88,6.58,so-ups.ru,false,
2024-10-11 18:00:00,Russia,Europe-Ural,RU,390.05,356.81,32.26,6.96,so-ups.ru,false,
2024-10-11 19:00:00,Russia,Europe-Ural,RU,390.77,357.3,32.14,5.78,so-ups.ru,false,
2024-10-11 20:00:00,Russia,Europe-Ural,RU,397.48,362.89,30.95,3.77,so-ups.ru,false,
2024-10-11 21:00:00,Russia,Europe-Ural,RU,393.89,359.37,31.54,3.37,so-ups.ru,false,
2024-10-11 22:00:00,Russia,Europe-Ural,RU,393.74,359.41,31.59,2.9,so-ups.ru,false,
2024-10-11 23:00:00,Russia,Europe-Ural,RU,393.81,360.21,31.64,2.95,so-ups.ru,false,
2024-10-12 00:00:00,Russia,Europe-Ural,RU,394.16,360.39,31.59,2.93,so-ups.ru,false,
2024-10-12 01:00:00,Russia,Europe-Ural,RU,392.33,358.78,31.87,3.52,so-ups.ru,false,
2024-10-12 02:00:00,Russia,Europe-Ural,RU,395.73,361.59,31.3,3.54,so-ups.ru,false,
2024-10-12 03:00:00,Russia,Europe-Ural,RU,391.72,358.54,32.01,5.13,so-ups.ru,false,
2024-10-12 04:00:00,Russia,Europe-Ural,RU,395.27,361.38,31.36,5.38,so-ups.ru,false,
2024-10-12 05:00:00,Russia,Europe-Ural,RU,393.71,360.42,31.61,6.7,so-ups.ru,false,
2024-10-12 06:00:00,Russia,Europe-Ural,RU,393.11,360.34,31.77,7.55,so-ups.ru,false,
2024-10-12 07:00:00,Russia,Europe-Ural,RU,392.81,359.81,31.8,7.78,so-ups.ru,false,
2024-10-12 08:00:00,Russia,Europe-Ural,RU,392.9,360.01,31.8,7.79,so-ups.ru,false,
2024-10-12 09:00:00,Russia,Europe-Ural,RU,394.55,361.58,31.52,7.4,so-ups.ru,false,
2024-10-12 10:00:00,Russia,Europe-Ural,RU,395.13,362.23,31.45,7.21,so-ups.ru,false,
2024-10-12 11:00:00,Russia,Europe-Ural,RU,394.34,361.42,31.59,7.3,so-ups.ru,false,
2024-10-12 12:00:00,Russia,Europe-Ural,RU,390.79,358.46,32.18,7.87,so-ups.ru,false,
2024-10-12 13:00:00,Russia,Europe-Ural,RU,392.38,359.83,31.9,7.58,so-ups.ru,false,
2024-10-12 14:00:00,Russia,Europe-Ural,RU,392.1,359.56,31.97,8.43,so-ups.ru,false,
2024-10-12 15:00:00,Russia,Europe-Ural,RU,394.43,361.26,31.52,8.1,so-ups.ru,false,
2024-10-12 16:00:00,Russia,Europe-Ural,RU,392.77,359.86,31.8,7.77,so-ups.ru,false,
2024-10-12 17:00:00,Russia,Europe-Ural,RU,400.07,366.74,30.6,6.08,so-ups.ru,false,
2024-10-12 18:00:00,Russia,Europe-Ural,RU,397.77,364.54,30.99,5.52,so-ups.ru,false,
2024-10-12 19:00:00,Russia,Europe-Ural,RU,394.41,361.86,31.63,4.98,so-ups.ru,false,
2024-10-12 20:00:00,Russia,Europe-Ural,RU,393.53,360.84,31.74,4.32,so-ups.ru,false,
2024-10-12 21:00:00,Russia,Europe-Ural,RU,391.91,358.48,31.97,3.49,so-ups.ru,false,
2024-10-12 22:00:00,Russia,Europe-Ural,RU,388.66,355.42,32.51,3.51,so-ups.ru,false,
2024-10-12 23:00:00,Russia,Europe-Ural,RU,388.74,355.79,32.51,3.46,so-ups.ru,false,
2024-10-13 00:00:00,Russia,Europe-Ural,RU,388.28,354.75,32.55,3.42,so-ups.ru,false,
2024-10-13 01:00:00,Russia,Europe-Ural,RU,388.86,355.17,32.43,3.47,so-ups.ru,false,
2024-10-13 02:00:00,Russia,Europe-Ural,RU,391.28,357.57,32.0,3.58,so-ups.ru,false,
2024-10-13 03:00:00,Russia,Europe-Ural,RU,394.73,360.68,31.46,4.01,so-ups.ru,false,
2024-10-13 04:00:00,Russia,Europe-Ural,RU,392.06,358.54,31.91,5.37,so-ups.ru,false,
2024-10-13 05:00:00,Russia,Europe-Ural,RU,393.17,359.91,31.72,6.15,so-ups.ru,false,
2024-10-13 06:00:00,Russia,Europe-Ural,RU,391.46,359.22,32.07,7.27,so-ups.ru,false,
2024-10-13 07:00:00,Russia,Europe-Ural,RU,392.01,359.54,31.98,7.45,so-ups.ru,false,
2024-10-13 08:00:00,Russia,Europe-Ural,RU,391.17,358.48,32.1,7.49,so-ups.ru,false,
2024-10-13 09:00:00,Russia,Europe-Ural,RU,392.71,359.7,31.82,7.15,so-ups.ru,false,
2024-10-13 10:00:00,Russia,Europe-Ural,RU,395.06,362.33,31.45,6.87,so-ups.ru,false,
2024-10-13 11:00:00,Russia,Europe-Ural,RU,395.38,362.39,31.41,6.81,so-ups.ru,false,
2024-10-13 12:00:00,Russia,Europe-Ural,RU,394.5,361.65,31.54,7.32,so-ups.ru,false,
2024-10-13 13:00:00,Russia,Europe-Ural,RU,392.18,359.53,31.95,7.99,so-ups.ru,false,
2024-10-13 14:00:00,Russia,Europe-Ural,RU,395.4,362.44,31.38,8.08,so-ups.ru,false,
2024-10-13 15:00:00,Russia,Europe-Ural,RU,394.76,362.52,31.51,8.4,so-ups.ru,false,
2024-10-13 16:00:00,Russia,Europe-Ural,RU,396.6,363.96,31.18,7.77,so-ups.ru,false,
2024-10-13 17:00:00,Russia,Europe-Ural,RU,400.79,367.66,30.47,6.22,so-ups.ru,false,
2024-10-13 18:00:00,Russia,Europe-Ural,RU,400.12,366.61,30.56,5.31,so-ups.ru,false,
2024-10-13 19:00:00,Russia,Europe-Ural,RU,397.19,364.1,31.09,4.74,so-ups.ru,false,
2024-10-13 20:00:00,Russia,Europe-Ural,RU,395.73,362.42,31.32,3.8,so-ups.ru,false,
2024-10-13 21:00:00,Russia,Europe-Ural,RU,391.45,358.4,32.06,3.67,so-ups.ru,false,
2024-10-13 22:00:00,Russia,Europe-Ural,RU,390.2,357.31,32.26,3.56,so-ups.ru,false,
2024-10-13 23:00:00,Russia,Europe-Ural,RU,389.52,356.43,32.36,3.47,so-ups.ru,false,
2024-10-14 00:00:00,Russia,Europe-Ural,RU,390.42,357.21,32.18,3.62,so-ups.ru,false,
2024-10-14 01:00:00,Russia,Europe-Ural,RU,391.8,358.34,31.91,4.02,so-ups.ru,false,
2024-10-14 02:00:00,Russia,Europe-Ural,RU,399.24,364.66,30.63,3.94,so-ups.ru,false,
2024-10-14 03:00:00,Russia,Europe-Ural,RU,399.09,364.53,30.65,5.4,so-ups.ru,false,
2024-10-14 04:00:00,Russia,Europe-Ural,RU,401.9,367.66,30.21,5.95,so-ups.ru,false,
2024-10-14 05:00:00,Russia,Europe-Ural,RU,403.32,369.48,29.99,6.87,so-ups.ru,false,
2024-10-14 06:00:00,Russia,Europe-Ural,RU,400.31,366.96,30.48,7.65,so-ups.ru,false,
2024-10-14 07:00:00,Russia,Europe-Ural,RU,400.21,366.77,30.5,7.65,so-ups.ru,false,
2024-10-14 08:00:00,Russia,Europe-Ural,RU,401.9,367.77,30.2,7.19,so-ups.ru,false,
2024-10-14 09:00:00,Russia,Europe-Ural,RU,403.57,369.45,29.91,7.06,so-ups.ru,false,
2024-10-14 10:00:00,Russia,Europe-Ural,RU,405.51,371.09,29.57,6.66,so-ups.ru,false,
2024-10-14 11:00:00,Russia,Europe-Ural,RU,406.23,371.8,29.47,6.55,so-ups.ru,false,
2024-10-14 12:00:00,Russia,Europe-Ural,RU,407.9,373.34,29.17,6.21,so-ups.ru,false,
2024-10-14 13:00:00,Russia,Europe-Ural,RU,407.01,372.84,29.35,6.59,so-ups.ru,false,
2024-10-14 14:00:00,Russia,Europe-Ural,RU,405.4,371.01,29.62,7.12,so-ups.ru,false,
2024-10-14 15:00:00,Russia,Europe-Ural,RU,406.66,372.76,29.45,7.03,so-ups.ru,false,
2024-10-14 16:00:00,Russia,Europe-Ural,RU,403.58,370.08,30.0,7.2,so-ups.ru,false,
2024-10-14 17:00:00,Russia,Europe-Ural,RU,406.95,372.94,29.41,5.77,so-ups.ru,false,
2024-10-14 18:00:00,Russia,Europe-Ural,RU,399.66,366.59,30.71,6.28,so-ups.ru,false,
2024-10-14 19:00:00,Russia,Europe-Ural,RU,399.16,366.27,30.78,5.44,so-ups.ru,false,
2024-10-14 20:00:00,Russia,Europe-Ural,RU,398.01,364.63,30.96,4.5,so-ups.ru,false,
2024-10-14 21:00:00,Russia,Europe-Ural,RU,395.11,361.07,31.41,3.79,so-ups.ru,false,
2024-10-14 22:00:00,Russia,Europe-Ural,RU,393.16,359.87,31.73,3.81,so-ups.ru,false,
2024-10-14 23:00:00,Russia,Europe-Ural,RU,394.18,360.46,31.58,3.69,so-ups.ru,false,
2024-10-15 00:00:00,Russia,Europe-Ural,RU,394.63,360.59,31.45,3.68,so-ups.ru,false,
2024-10-15 01:00:00,Russia,Europe-Ural,RU,396.74,362.64,31.06,4.02,so-ups.ru,false,
2024-10-15 02:00:00,Russia,Europe-Ural,RU,403.52,368.85,29.93,4.01,so-ups.ru,false,
2024-10-15 03:00:00,Russia,Europe-Ural,RU,403.71,369.29,29.88,5.28,so-ups.ru,false,
2024-10-15 04:00:00,Russia,Europe-Ural,RU,405.38,371.0,29.63,5.96,so-ups.ru,false,
2024-10-15 05:00:00,Russia,Europe-Ural,RU,405.23,370.75,29.62,6.9,so-ups.ru,false,
2024-10-15 06:00:00,Russia,Europe-Ural,RU,402.42,368.49,30.09,7.54,so-ups.ru,false,
2024-10-15 07:00:00,Russia,Europe-Ural,RU,404.24,369.87,29.8,7.11,so-ups.ru,false,
2024-10-15 08:00:00,Russia,Europe-Ural,RU,405.28,370.89,29.63,6.84,so-ups.ru,false,
2024-10-15 09:00:00,Russia,Europe-Ural,RU,406.09,371.2,29.47,6.66,so-ups.ru,false,
2024-10-15 10:00:00,Russia,Europe-Ural,RU,406.66,371.36,29.35,6.41,so-ups.ru,false,
2024-10-15 11:00:00,Russia,Europe-Ural,RU,407.72,372.58,29.19,6.29,so-ups.ru,false,
2024-10-15 12:00:00,Russia,Europe-Ural,RU,407.44,372.49,29.21,6.31,so-ups.ru,false,
2024-10-15 13:00:00,Russia,Europe-Ural,RU,404.79,370.41,29.72,7.13,so-ups.ru,false,
2024-10-15 14:00:00,Russia,Europe-Ural,RU,404.13,369.86,29.81,7.89,so-ups.ru,false,
2024-10-15 15:00:00,Russia,Europe-Ural,RU,406.16,371.82,29.49,7.59,so-ups.ru,false,
2024-10-15 16:00:00,Russia,Europe-Ural,RU,405.64,371.68,29.6,7.21,so-ups.ru,false,
2024-10-15 17:00:00,Russia,Europe-Ural,RU,408.46,374.2,29.14,6.02,so-ups.ru,false,
2024-10-15 18:00:00,Russia,Europe-Ural,RU,405.18,370.99,29.69,5.83,so-ups.ru,false,
2024-10-15 19:00:00,Russia,Europe-Ural,RU,400.98,367.33,30.43,5.39,so-ups.ru,false,
2024-10-15 20:00:00,Russia,Europe-Ural,RU,400.72,367.01,30.48,4.5,so-ups.ru,false,
2024-10-15 21:00:00,Russia,Europe-Ural,RU,400.52,366.4,30.44,3.72,so-ups.ru,false,
2024-10-15 22:00:00,Russia,Europe-Ural,RU,400.78,365.83,30.42,3.09,so-ups.ru,false,
2024-10-15 23:00:00,Russia,Europe-Ural,RU,400.18,365.79,30.49,3.02,so-ups.ru,false,
2024-10-16 00:00:00,Russia,Europe-Ural,RU,401.79,367.09,30.18,3.0,so-ups.ru,false,
2024-10-16 01:00:00,Russia,Europe-Ural,RU,399.52,364.74,30.59,4.03,so-ups.ru,false,
2024-10-16 02:00:00,Russia,Europe-Ural,RU,405.23,369.89,29.63,4.12,so-ups.ru,false,
2024-10-16 03:00:00,Russia,Europe-Ural,RU,406.12,370.86,29.45,5.25,so-ups.ru,false,
2024-10-16 04:00:00,Russia,Europe-Ural,RU,407.93,372.75,29.13,5.77,so-ups.ru,false,
2024-10-16 05:00:00,Russia,Europe-Ural,RU,406.44,371.89,29.38,6.81,so-ups.ru,false,
2024-10-16 06:00:00,Russia,Europe-Ural,RU,405.18,371.1,29.64,7.39,so-ups.ru,false,
2024-10-16 07:00:00,Russia,Europe-Ural,RU,405.2,371.03,29.61,7.22,so-ups.ru,false,
2024-10-16 08:00:00,Russia,Europe-Ural,RU,405.73,371.25,29.52,6.98,so-ups.ru,false,
2024-10-16 09:00:00,Russia,Europe-Ural,RU,403.38,369.2,29.94,6.79,so-ups.ru,false,
2024-10-16 10:00:00,Russia,Europe-Ural,RU,403.3,369.06,29.94,6.81,so-ups.ru,false,
2024-10-16 11:00:00,Russia,Europe-Ural,RU,404.69,370.49,29.71,6.53,so-ups.ru,false,
2024-10-16 12:00:00,Russia,Europe-Ural,RU,403.6,369.15,29.9,6.71,so-ups.ru,false,
2024-10-16 13:00:00,Russia,Europe-Ural,RU,402.9,368.96,30.06,6.97,so-ups.ru,false,
2024-10-16 14:00:00,Russia,Europe-Ural,RU,398.15,364.76,30.88,8.15,so-ups.ru,false,
2024-10-16 15:00:00,Russia,Europe-Ural,RU,400.54,367.55,30.53,7.98,so-ups.ru,false,
2024-10-16 16:00:00,Russia,Europe-Ural,RU,399.74,366.48,30.63,7.27,so-ups.ru,false,
2024-10-16 17:00:00,Russia,Europe-Ural,RU,400.42,366.83,30.5,6.52,so-ups.ru,false,
2024-10-16 18:00:00,Russia,Europe-Ural,RU,393.81,361.08,31.68,6.08,so-ups.ru,false,
2024-10-16 19:00:00,Russia,Europe-Ural,RU,385.76,353.76,33.07,6.18,so-ups.ru,false,
2024-10-16 20:00:00,Russia,Europe-Ural,RU,385.26,352.65,33.08,4.76,so-ups.ru,false,
2024-10-16 21:00:00,Russia,Europe-Ural,RU,386.64,353.56,32.78,3.78,so-ups.ru,false,
2024-10-16 22:00:00,Russia,Europe-Ural,RU,387.37,353.78,32.67,3.13,so-ups.ru,false,
2024-10-16 23:00:00,Russia,Europe-Ural,RU,386.44,352.95,32.83,3.09,so-ups.ru,false,
2024-10-17 00:00:00,Russia,Europe-Ural,RU,388.9,355.69,32.44,3.23,so-ups.ru,false,
2024-10-17 01:00:00,Russia,Europe-Ural,RU,388.16,355.23,32.54,3.99,so-ups.ru,false,
2024-10-17 02:00:00,Russia,Europe-Ural,RU,396.29,362.61,31.17,3.9,so-ups.ru,false,
2024-10-17 03:00:00,Russia,Europe-Ural,RU,396.65,363.06,31.14,5.1,so-ups.ru,false,
2024-10-17 04:00:00,Russia,Europe-Ural,RU,398.25,364.72,30.82,5.47,so-ups.ru,false,
2024-10-17 05:00:00,Russia,Europe-Ural,RU,396.21,362.99,31.16,6.63,so-ups.ru,false,
2024-10-17 06:00:00,Russia,Europe-Ural,RU,392.98,360.28,31.71,7.27,so-ups.ru,false,
2024-10-17 07:00:00,Russia,Europe-Ural,RU,392.79,359.66,31.75,7.21,so-ups.ru,false,
2024-10-17 08:00:00,Russia,Europe-Ural,RU,394.38,360.93,31.47,6.75,so-ups.ru,false,
2024-10-17 09:00:00,Russia,Europe-Ural,RU,395.46,361.59,31.3,6.57,so-ups.ru,false,
2024-10-17 10:00:00,Russia,Europe-Ural,RU,395.58,361.97,31.27,6.47,so-ups.ru,false,
2024-10-17 11:00:00,Russia,Europe-Ural,RU,396.26,362.45,31.17,6.71,so-ups.ru,false,
2024-10-17 12:00:00,Russia,Europe-Ural,RU,390.89,358.07,32.1,7.58,so-ups.ru,false,
2024-10-17 13:00:00,Russia,Europe-Ural,RU,394.85,361.35,31.41,7.23,so-ups.ru,false,
2024-10-17 14:00:00,Russia,Europe-Ural,RU,392.28,359.85,31.9,8.07,so-ups.ru,false,
2024-10-17 15:00:00,Russia,Europe-Ural,RU,396.22,363.16,31.21,7.36,so-ups.ru,false,
2024-10-17 16:00:00,Russia,Europe-Ural,RU,391.23,359.36,32.13,7.63,so-ups.ru,false,
2024-10-17 17:00:00,Russia,Europe-Ural,RU,396.42,363.62,31.24,5.99,so-ups.ru,false,
2024-10-17 18:00:00,Russia,Europe-Ural,RU,392.2,360.32,32.0,6.05,so-ups.ru,false,
2024-10-17 19:00:00,Russia,Europe-Ural,RU,387.44,355.14,32.77,5.35,so-ups.ru,false,
2024-10-17 20:00:00,Russia,Europe-Ural,RU,388.72,355.73,32.51,4.18,so-ups.ru,false,
2024-10-17 21:00:00,Russia,Europe-Ural,RU,386.6,353.19,32.81,3.42,so-ups.ru,false,
2024-10-17 22:00:00,Russia,Europe-Ural,RU,389.35,356.07,32.37,2.9,so-ups.ru,false,
2024-10-17 23:00:00,Russia,Europe-Ural,RU,389.09,356.34,32.44,2.92,so-ups.ru,false,
2024-10-18 00:00:00,Russia,Europe-Ural,RU,388.86,355.86,32.39,3.0,so-ups.ru,false,
2024-10-18 01:00:00,Russia,Europe-Ural,RU,390.19,358.3,32.24,3.93,so-ups.ru,false,
2024-10-18 02:00:00,Russia,Europe-Ural,RU,396.61,363.17,31.1,3.85,so-ups.ru,false,
2024-10-18 03:00:00,Russia,Europe-Ural,RU,393.75,360.79,31.57,5.55,so-ups.ru,false,
2024-10-18 04:00:00,Russia,Europe-Ural,RU,396.73,363.78,31.05,5.94,so-ups.ru,false,
2024-10-18 05:00:00,Russia,Europe-Ural,RU,395.32,362.09,31.28,6.96,so-ups.ru,false,
2024-10-18 06:00:00,Russia,Europe-Ural,RU,393.02,360.1,31.69,7.67,so-ups.ru,false,
2024-10-18 07:00:00,Russia,Europe-Ural,RU,392.67,359.45,31.75,7.43,so-ups.ru,false,
2024-10-18 08:00:00,Russia,Europe-Ural,RU,393.89,360.2,31.54,7.04,so-ups.ru,false,
2024-10-18 09:00:00,Russia,Europe-Ural,RU,395.4,361.52,31.29,6.79,so-ups.ru,false,
2024-10-18 10:00:00,Russia,Europe-Ural,RU,396.72,363.16,31.06,6.64,so-ups.ru,false,
2024-10-18 11:00:00,Russia,Europe-Ural,RU,397.44,363.81,30.93,6.38,so-ups.ru,false,
2024-10-18 12:00:00,Russia,Europe-Ural,RU,396.76,363.03,31.05,6.5,so-ups.ru,false,
2024-10-18 13:00:00,Russia,Europe-Ural,RU,394.5,361.71,31.48,7.1,so-ups.ru,false,
2024-10-18 14:00:00,Russia,Europe-Ural,RU,392.32,359.99,31.87,8.04,so-ups.ru,false,
2024-10-18 15:00:00,Russia,Europe-Ural,RU,392.86,360.52,31.8,8.0,so-ups.ru,false,
2024-10-18 16:00:00,Russia,Europe-Ural,RU,391.57,359.3,32.01,7.58,so-ups.ru,false,
2024-10-18 17:00:00,Russia,Europe-Ural,RU,393.38,360.77,31.69,6.53,so-ups.ru,false,
2024-10-18 18:00:00,Russia,Europe-Ural,RU,394.7,362.07,31.51,6.0,so-ups.ru,false,
2024-10-18 19:00:00,Russia,Europe-Ural,RU,391.62,359.17,32.05,5.67,so-ups.ru,false,
2024-10-18 20:00:00,Russia,Europe-Ural,RU,394.07,360.69,31.54,4.46,so-ups.ru,false,
2024-10-18 21:00:00,Russia,Europe-Ural,RU,396.12,362.15,31.18,3.03,so-ups.ru,false,
2024-10-18 22:00:00,Russia,Europe-Ural,RU,396.2,361.93,31.13,2.53,so-ups.ru,false,
2024-10-18 23:00:00,Russia,Europe-Ural,RU,395.48,361.44,31.3,2.5,so-ups.ru,false,
2024-10-19 00:00:00,Russia,Europe-Ural,RU,394.64,360.52,31.43,2.5,so-ups.ru,false,
2024-10-19 01:00:00,Russia,Europe-Ural,RU,394.67,360.43,31.42,3.03,so-ups.ru,false,
2024-10-19 02:00:00,Russia,Europe-Ural,RU,398.94,364.45,30.68,3.01,so-ups.ru,false,
2024-10-19 03:00:00,Russia,Europe-Ural,RU,396.14,362.23,31.18,4.4,so-ups.ru,false,
2024-10-19 04:00:00,Russia,Europe-Ural,RU,396.76,363.43,31.08,5.18,so-ups.ru,false,
2024-10-19 05:00:00,Russia,Europe-Ural,RU,399.55,365.64,30.57,5.79,so-ups.ru,false,
2024-10-19 06:00:00,Russia,Europe-Ural,RU,399.57,365.9,30.57,6.25,so-ups.ru,false,
2024-10-19 07:00:00,Russia,Europe-Ural,RU,401.54,367.41,30.22,5.98,so-ups.ru,false,
2024-10-19 08:00:00,Russia,Europe-Ural,RU,396.45,363.08,31.12,6.64,so-ups.ru,false,
2024-10-19 09:00:00,Russia,Europe-Ural,RU,398.94,365.17,30.7,6.17,so-ups.ru,false,
2024-10-19 10:00:00,Russia,Europe-Ural,RU,399.49,365.59,30.61,5.88,so-ups.ru,false,
2024-10-19 11:00:00,Russia,Europe-Ural,RU,397.76,364.21,30.91,6.16,so-ups.ru,false,
2024-10-19 12:00:00,Russia,Europe-Ural,RU,396.09,363.0,31.19,6.75,so-ups.ru,false,
2024-10-19 13:00:00,Russia,Europe-Ural,RU,392.97,360.11,31.73,7.44,so-ups.ru,false,
2024-10-19 14:00:00,Russia,Europe-Ural,RU,391.04,358.83,32.12,8.34,so-ups.ru,false,
2024-10-19 15:00:00,Russia,Europe-Ural,RU,391.92,359.91,31.97,8.31,so-ups.ru,false,
2024-10-19 16:00:00,Russia,Europe-Ural,RU,393.37,360.98,31.66,7.28,so-ups.ru,false,
2024-10-19 17:00:00,Russia,Europe-Ural,RU,397.1,364.03,30.99,6.02,so-ups.ru,false,
2024-10-19 18:00:00,Russia,Europe-Ural,RU,397.87,365.09,30.92,5.15,so-ups.ru,false,
2024-10-19 19:00:00,Russia,Europe-Ural,RU,391.84,359.31,31.94,5.08,so-ups.ru,false,
2024-10-19 20:00:00,Russia,Europe-Ural,RU,393.41,359.94,31.64,3.82,so-ups.ru,false,
2024-10-19 21:00:00,Russia,Europe-Ural,RU,392.2,358.82,31.83,3.54,so-ups.ru,false,
2024-10-19 22:00:00,Russia,Europe-Ural,RU,394.89,360.2,31.29,2.9,so-ups.ru,false,
2024-10-19 23:00:00,Russia,Europe-Ural,RU,394.66,360.18,31.33,2.78,so-ups.ru,false,
2024-10-20 00:00:00,Russia,Europe-Ural,RU,395.57,361.06,31.21,2.75,so-ups.ru,false,
2024-10-20 01:00:00,Russia,Europe-Ural,RU,395.22,361.19,31.31,3.34,so-ups.ru,false,
2024-10-20 02:00:00,Russia,Europe-Ural,RU,398.68,364.1,30.68,3.28,so-ups.ru,false,
2024-10-20 03:00:00,Russia,Europe-Ural,RU,394.99,360.83,31.31,4.45,so-ups.ru,false,
2024-10-20 04:00:00,Russia,Europe-Ural,RU,397.63,363.56,30.87,4.86,so-ups.ru,false,
2024-10-20 05:00:00,Russia,Europe-Ural,RU,398.17,364.19,30.76,5.57,so-ups.ru,false,
2024-10-20 06:00:00,Russia,Europe-Ural,RU,397.49,364.51,30.91,6.42,so-ups.ru,false,
2024-10-20 07:00:00,Russia,Europe-Ural,RU,396.71,363.52,31.04,6.72,so-ups.ru,false,
2024-10-20 08:00:00,Russia,Europe-Ural,RU,397.28,363.96,30.92,6.51,so-ups.ru,false,
2024-10-20 09:00:00,Russia,Europe-Ural,RU,397.45,363.61,30.88,6.33,so-ups.ru,false,
2024-10-20 10:00:00,Russia,Europe-Ural,RU,397.82,363.91,30.82,6.18,so-ups.ru,false,
2024-10-20 11:00:00,Russia,Europe-Ural,RU,398.37,364.46,30.73,6.19,so-ups.ru,false,
2024-10-20 12:00:00,Russia,Europe-Ural,RU,395.79,361.95,31.17,6.77,so-ups.ru,false,
2024-10-20 13:00:00,Russia,Europe-Ural,RU,394.79,361.97,31.36,7.58,so-ups.ru,false,
2024-10-20 14:00:00,Russia,Europe-Ural,RU,395.29,362.51,31.28,8.14,so-ups.ru,false,
2024-10-20 15:00:00,Russia,Europe-Ural,RU,396.8,363.76,31.04,7.88,so-ups.ru,false,
2024-10-20 16:00:00,Russia,Europe-Ural,RU,395.69,362.9,31.24,7.5,so-ups.ru,false,
2024-10-20 17:00:00,Russia,Europe-Ural,RU,399.46,366.03,30.58,6.25,so-ups.ru,false,
2024-10-20 18:00:00,Russia,Europe-Ural,RU,399.57,366.31,30.56,5.29,so-ups.ru,false,
2024-10-20 19:00:00,Russia,Europe-Ural,RU,395.57,362.69,31.28,4.9,so-ups.ru,false,
2024-10-20 20:00:00,Russia,Europe-Ural,RU,394.82,361.0,31.33,3.67,so-ups.ru,false,
2024-10-20 21:00:00,Russia,Europe-Ural,RU,390.84,357.29,32.03,3.67,so-ups.ru,false,
2024-10-20 22:00:00,Russia,Europe-Ural,RU,391.1,357.3,31.95,3.09,so-ups.ru,false,
2024-10-20 23:00:00,Russia,Europe-Ural,RU,391.57,357.55,31.88,2.91,so-ups.ru,false,
2024-10-21 00:00:00,Russia,Europe-Ural,RU,392.26,358.1,31.75,3.07,so-ups.ru,false,
2024-10-21 01:00:00,Russia,Europe-Ural,RU,392.42,358.92,31.72,3.83,so-ups.ru,false,
2024-10-21 02:00:00,Russia,Europe-Ural,RU,400.19,366.06,30.43,3.88,so-ups.ru,false,
2024-10-21 03:00:00,Russia,Europe-Ural,RU,400.33,366.39,30.39,5.21,so-ups.ru,false,
2024-10-21 04:00:00,Russia,Europe-Ural,RU,404.71,370.13,29.62,5.4,so-ups.ru,false,
2024-10-21 05:00:00,Russia,Europe-Ural,RU,404.09,369.55,29.72,6.33,so-ups.ru,false,
2024-10-21 06:00:00,Russia,Europe-Ural,RU,395.55,361.98,31.15,7.99,so-ups.ru,false,
2024-10-21 07:00:00,Russia,Europe-Ural,RU,401.79,367.47,30.13,7.05,so-ups.ru,false,
2024-10-21 08:00:00,Russia,Europe-Ural,RU,400.18,365.79,30.39,7.19,so-ups.ru,false,
2024-10-21 09:00:00,Russia,Europe-Ural,RU,406.11,370.85,29.38,6.08,so-ups.ru,false,
2024-10-21 10:00:00,Russia,Europe-Ural,RU,404.41,370.01,29.69,6.54,so-ups.ru,false,
2024-10-21 11:00:00,Russia,Europe-Ural,RU,408.01,372.49,29.06,5.97,so-ups.ru,false,
2024-10-21 12:00:00,Russia,Europe-Ural,RU,405.26,370.59,29.55,6.58,so-ups.ru,false,
2024-10-21 13:00:00,Russia,Europe-Ural,RU,402.95,368.68,29.95,7.03,so-ups.ru,false,
2024-10-21 14:00:00,Russia,Europe-Ural,RU,396.04,363.13,31.17,8.93,so-ups.ru,false,
2024-10-21 15:00:00,Russia,Europe-Ural,RU,397.98,364.88,30.85,8.37,so-ups.ru,false,
2024-10-21 16:00:00,Russia,Europe-Ural,RU,396.53,363.91,31.12,8.13,so-ups.ru,false,
2024-10-21 17:00:00,Russia,Europe-Ural,RU,400.04,366.84,30.5,6.67,so-ups.ru,false,
2024-10-21 18:00:00,Russia,Europe-Ural,RU,396.83,363.3,31.04,6.31,so-ups.ru,false,
2024-10-21 19:00:00,Russia,Europe-Ural,RU,395.64,361.57,31.22,5.42,so-ups.ru,false,
2024-10-21 20:00:00,Russia,Europe-Ural,RU,392.69,358.54,31.67,4.41,so-ups.ru,false,
2024-10-21 21:00:00,Russia,Europe-Ural,RU,392.63,358.55,31.7,3.55,so-ups.ru,false,
2024-10-21 22:00:00,Russia,Europe-Ural,RU,393.14,359.32,31.61,3.13,so-ups.ru,false,
2024-10-21 23:00:00,Russia,Europe-Ural,RU,394.81,360.74,31.34,2.93,so-ups.ru,false,
2024-10-22 00:00:00,Russia,Europe-Ural,RU,394.86,360.69,31.3,3.14,so-ups.ru,false,
2024-10-22 01:00:00,Russia,Europe-Ural,RU,395.84,362.51,31.2,4.08,so-ups.ru,false,
2024-10-22 02:00:00,Russia,Europe-Ural,RU,402.52,368.87,30.09,4.06,so-ups.ru,false,
2024-10-22 03:00:00,Russia,Europe-Ural,RU,404.46,371.05,29.75,5.18,so-ups.ru,false,
2024-10-22 04:00:00,Russia,Europe-Ural,RU,407.76,373.89,29.15,5.37,so-ups.ru,false,
2024-10-22 05:00:00,Russia,Europe-Ural,RU,403.14,369.57,29.95,7.0,so-ups.ru,false,
2024-10-22 06:00:00,Russia,Europe-Ural,RU,401.02,367.75,30.29,7.55,so-ups.ru,false,
2024-10-22 07:00:00,Russia,Europe-Ural,RU,403.45,369.91,29.9,7.04,so-ups.ru,false,
2024-10-22 08:00:00,Russia,Europe-Ural,RU,404.42,369.98,29.72,6.45,so-ups.ru,false,
2024-10-22 09:00:00,Russia,Europe-Ural,RU,405.62,371.31,29.53,6.3,so-ups.ru,false,
2024-10-22 10:00:00,Russia,Europe-Ural,RU,406.28,371.88,29.41,6.14,so-ups.ru,false,
2024-10-22 11:00:00,Russia,Europe-Ural,RU,404.88,370.99,29.66,6.48,so-ups.ru,false,
2024-10-22 12:00:00,Russia,Europe-Ural,RU,405.07,371.17,29.62,6.57,so-ups.ru,false,
2024-10-22 13:00:00,Russia,Europe-Ural,RU,403.79,370.37,29.88,7.07,so-ups.ru,false,
2024-10-22 14:00:00,Russia,Europe-Ural,RU,397.08,364.52,31.08,8.77,so-ups.ru,false,
2024-10-22 15:00:00,Russia,Europe-Ural,RU,399.27,366.36,30.67,8.12,so-ups.ru,false,
2024-10-22 16:00:00,Russia,Europe-Ural,RU,395.93,363.64,31.24,8.29,so-ups.ru,false,
2024-10-22 17:00:00,Russia,Europe-Ural,RU,401.62,367.96,30.26,6.62,so-ups.ru,false,
2024-10-22 18:00:00,Russia,Europe-Ural,RU,396.88,363.66,31.1,6.76,so-ups.ru,false,
2024-10-22 19:00:00,Russia,Europe-Ural,RU,395.19,361.46,31.35,5.47,so-ups.ru,false,
2024-10-22 20:00:00,Russia,Europe-Ural,RU,394.16,359.88,31.45,4.44,so-ups.ru,false,
2024-10-22 21:00:00,Russia,Europe-Ural,RU,396.26,361.72,31.13,3.26,so-ups.ru,false,
2024-10-22 22:00:00,Russia,Europe-Ural,RU,397.06,362.44,30.99,2.85,so-ups.ru,false,
2024-10-22 23:00:00,Russia,Europe-Ural,RU,396.81,362.08,31.03,2.76,so-ups.ru,false,
2024-10-23 00:00:00,Russia,Europe-Ural,RU,398.31,363.31,30.73,2.94,so-ups.ru,false,
2024-10-23 01:00:00,Russia,Europe-Ural,RU,398.88,364.44,30.67,3.49,so-ups.ru,false,
2024-10-23 02:00:00,Russia,Europe-Ural,RU,403.55,368.83,29.87,3.9,so-ups.ru,false,
2024-10-23 03:00:00,Russia,Europe-Ural,RU,404.61,370.04,29.69,5.04,so-ups.ru,false,
2024-10-23 04:00:00,Russia,Europe-Ural,RU,406.24,371.52,29.38,5.62,so-ups.ru,false,
2024-10-23 05:00:00,Russia,Europe-Ural,RU,400.32,366.61,30.41,7.41,so-ups.ru,false,
2024-10-23 06:00:00,Russia,Europe-Ural,RU,396.94,363.69,31.01,8.26,so-ups.ru,false,
2024-10-23 07:00:00,Russia,Europe-Ural,RU,397.91,364.4,30.83,7.99,so-ups.ru,false,
2024-10-23 08:00:00,Russia,Europe-Ural,RU,399.17,364.92,30.6,7.52,so-ups.ru,false,
2024-10-23 09:00:00,Russia,Europe-Ural,RU,401.82,367.68,30.17,7.03,so-ups.ru,false,
2024-10-23 10:00:00,Russia,Europe-Ural,RU,400.95,366.98,30.32,7.21,so-ups.ru,false,
2024-10-23 11:00:00,Russia,Europe-Ural,RU,399.8,365.85,30.52,7.43,so-ups.ru,false,
2024-10-23 12:00:00,Russia,Europe-Ural,RU,399.79,365.49,30.48,7.56,so-ups.ru,false,
2024-10-23 13:00:00,Russia,Europe-Ural,RU,398.7,364.77,30.7,7.81,so-ups.ru,false,
2024-10-23 14:00:00,Russia,Europe-Ural,RU,396.93,364.16,31.04,8.69,so-ups.ru,false,
2024-10-23 15:00:00,Russia,Europe-Ural,RU,395.38,362.99,31.36,8.83,so-ups.ru,false,
2024-10-23 16:00:00,Russia,Europe-Ural,RU,394.44,362.42,31.52,8.49,so-ups.ru,false,
2024-10-23 17:00:00,Russia,Europe-Ural,RU,396.28,363.44,31.19,7.27,so-ups.ru,false,
2024-10-23 18:00:00,Russia,Europe-Ural,RU,396.78,363.77,31.12,6.44,so-ups.ru,false,
2024-10-23 19:00:00,Russia,Europe-Ural,RU,390.82,358.11,32.14,6.14,so-ups.ru,false,
2024-10-23 20:00:00,Russia,Europe-Ural,RU,395.18,361.05,31.33,4.26,so-ups.ru,false,
2024-10-23 21:00:00,Russia,Europe-Ural,RU,392.6,359.33,31.76,3.81,so-ups.ru,false,
2024-10-23 22:00:00,Russia,Europe-Ural,RU,390.41,356.39,32.1,3.55,so-ups.ru,false,
2024-10-23 23:00:00,Russia,Europe-Ural,RU,392.0,357.95,31.82,3.41,so-ups.ru,false,
2024-10-24 00:00:00,Russia,Europe-Ural,RU,393.21,358.38,31.57,3.35,so-ups.ru,false,
2024-10-24 01:00:00,Russia,Europe-Ural,RU,396.21,361.46,31.09,3.71,so-ups.ru,false,
2024-10-24 02:00:00,Russia,Europe-Ural,RU,400.37,365.56,30.38,4.16,so-ups.ru,false,
2024-10-24 03:00:00,Russia,Europe-Ural,RU,404.99,370.21,29.59,5.33,so-ups.ru,false,
2024-10-24 04:00:00,Russia,Europe-Ural,RU,404.73,370.41,29.65,6.2,so-ups.ru,false,
2024-10-24 05:00:00,Russia,Europe-Ural,RU,403.24,369.12,29.92,7.28,so-ups.ru,false,
2024-10-24 06:00:00,Russia,Europe-Ural,RU,400.83,367.02,30.37,8.0,so-ups.ru,false,
2024-10-24 07:00:00,Russia,Europe-Ural,RU,400.52,366.63,30.4,7.92,so-ups.ru,false,
2024-10-24 08:00:00,Russia,Europe-Ural,RU,402.06,368.15,30.16,7.66,so-ups.ru,false,
2024-10-24 09:00:00,Russia,Europe-Ural,RU,404.91,370.16,29.63,6.83,so-ups.ru,false,
2024-10-24 10:00:00,Russia,Europe-Ural,RU,405.77,371.23,29.49,6.72,so-ups.ru,false,
2024-10-24 11:00:00,Russia,Europe-Ural,RU,406.21,371.6,29.43,6.78,so-ups.ru,false,
2024-10-24 12:00:00,Russia,Europe-Ural,RU,407.18,372.49,29.28,6.88,so-ups.ru,false,
2024-10-24 13:00:00,Russia,Europe-Ural,RU,404.47,370.46,29.77,7.51,so-ups.ru,false,
2024-10-24 14:00:00,Russia,Europe-Ural,RU,400.45,366.63,30.45,8.28,so-ups.ru,false,
2024-10-24 15:00:00,Russia,Europe-Ural,RU,401.16,367.71,30.33,8.12,so-ups.ru,false,
2024-10-24 16:00:00,Russia,Europe-Ural,RU,402.8,369.26,30.06,7.14,so-ups.ru,false,
2024-10-24 17:00:00,Russia,Europe-Ural,RU,404.49,370.5,29.75,6.14,so-ups.ru,false,
2024-10-24 18:00:00,Russia,Europe-Ural,RU,401.96,368.1,30.2,5.83,so-ups.ru,false,
2024-10-24 19:00:00,Russia,Europe-Ural,RU,396.14,361.77,31.14,5.4,so-ups.ru,false,
2024-10-24 20:00:00,Russia,Europe-Ural,RU,397.19,362.3,30.94,4.04,so-ups.ru,false,
2024-10-24 21:00:00,Russia,Europe-Ural,RU,396.34,361.81,31.09,3.51,so-ups.ru,false,
2024-10-24 22:00:00,Russia,Europe-Ural,RU,394.62,360.01,31.38,3.45,so-ups.ru,false,
2024-10-24 23:00:00,Russia,Europe-Ural,RU,395.47,360.64,31.26,3.24,so-ups.ru,false,
2024-10-25 00:00:00,Russia,Europe-Ural,RU,396.87,362.11,30.99,3.3,so-ups.ru,false,
2024-10-25 01:00:00,Russia,Europe-Ural,RU,399.16,364.42,30.6,3.63,so-ups.ru,false,
2024-10-25 02:00:00,Russia,Europe-Ural,RU,402.64,367.99,30.02,4.15,so-ups.ru,false,
2024-10-25 03:00:00,Russia,Europe-Ural,RU,402.43,368.09,30.06,5.35,so-ups.ru,false,
2024-10-25 04:00:00,Russia,Europe-Ural,RU,405.15,370.47,29.61,5.68,so-ups.ru,false,
2024-10-25 05:00:00,Russia,Europe-Ural,RU,399.91,365.78,30.48,7.27,so-ups.ru,false,
2024-10-25 06:00:00,Russia,Europe-Ural,RU,396.47,362.27,31.09,8.11,so-ups.ru,false,
2024-10-25 07:00:00,Russia,Europe-Ural,RU,393.99,360.42,31.5,8.13,so-ups.ru,false,
2024-10-25 08:00:00,Russia,Europe-Ural,RU,396.92,363.03,31.04,7.49,so-ups.ru,false,
2024-10-25 09:00:00,Russia,Europe-Ural,RU,399.37,365.04,30.62,6.83,so-ups.ru,false,
2024-10-25 10:00:00,Russia,Europe-Ural,RU,400.03,365.68,30.49,6.73,so-ups.ru,false,
2024-10-25 11:00:00,Russia,Europe-Ural,RU,398.2,363.93,30.85,7.21,so-ups.ru,false,
2024-10-25 12:00:00,Russia,Europe-Ural,RU,396.98,363.11,31.04,7.3,so-ups.ru,false,
2024-10-25 13:00:00,Russia,Europe-Ural,RU,396.17,362.56,31.18,7.45,so-ups.ru,false,
2024-10-25 14:00:00,Russia,Europe-Ural,RU,393.27,360.64,31.72,8.4,so-ups.ru,false,
2024-10-25 15:00:00,Russia,Europe-Ural,RU,395.39,362.67,31.36,7.84,so-ups.ru,false,
2024-10-25 16:00:00,Russia,Europe-Ural,RU,397.03,364.15,31.11,7.08,so-ups.ru,false,
2024-10-25 17:00:00,Russia,Europe-Ural,RU,399.65,366.0,30.63,5.8,so-ups.ru,false,
2024-10-25 18:00:00,Russia,Europe-Ural,RU,400.3,366.16,30.5,5.89,so-ups.ru,false,
2024-10-25 19:00:00,Russia,Europe-Ural,RU,395.79,362.01,31.25,5.55,so-ups.ru,false,
2024-10-25 20:00:00,Russia,Europe-Ural,RU,399.25,364.24,30.61,4.07,so-ups.ru,false,
2024-10-25 21:00:00,Russia,Europe-Ural,RU,397.68,362.68,30.87,3.21,so-ups.ru,false,
2024-10-25 22:00:00,Russia,Europe-Ural,RU,398.05,363.04,30.79,2.74,so-ups.ru,false,
2024-10-25 23:00:00,Russia,Europe-Ural,RU,397.96,363.52,30.84,2.71,so-ups.ru,false,
2024-10-26 00:00:00,Russia,Europe-Ural,RU,399.65,364.35,30.52,2.54,so-ups.ru,false,
2024-10-26 01:00:00,Russia,Europe-Ural,RU,398.58,363.64,30.7,3.09,so-ups.ru,false,
2024-10-26 02:00:00,Russia,Europe-Ural,RU,395.89,361.6,31.2,4.51,so-ups.ru,false,
2024-10-26 03:00:00,Russia,Europe-Ural,RU,391.87,358.86,31.91,6.03,so-ups.ru,false,
2024-10-26 04:00:00,Russia,Europe-Ural,RU,402.22,367.57,30.1,5.0,so-ups.ru,false,
2024-10-26 05:00:00,Russia,Europe-Ural,RU,404.18,369.08,29.74,5.66,so-ups.ru,false,
2024-10-26 06:00:00,Russia,Europe-Ural,RU,402.84,367.97,29.99,6.5,so-ups.ru,false,
2024-10-26 07:00:00,Russia,Europe-Ural,RU,403.97,369.75,29.82,6.53,so-ups.ru,false,
2024-10-26 08:00:00,Russia,Europe-Ural,RU,402.57,368.43,30.06,6.68,so-ups.ru,false,
2024-10-26 09:00:00,Russia,Europe-Ural,RU,406.73,372.17,29.35,5.92,so-ups.ru,false,
2024-10-26 10:00:00,Russia,Europe-Ural,RU,408.14,373.36,29.1,5.61,so-ups.ru,false,
2024-10-26 11:00:00,Russia,Europe-Ural,RU,406.47,371.8,29.39,5.9,so-ups.ru,false,
2024-10-26 12:00:00,Russia,Europe-Ural,RU,403.84,369.66,29.86,6.54,so-ups.ru,false,
2024-10-26 13:00:00,Russia,Europe-Ural,RU,399.55,365.66,30.59,7.48,so-ups.ru,false,
2024-10-26 14:00:00,Russia,Europe-Ural,RU,394.7,361.77,31.45,8.81,so-ups.ru,false,
2024-10-26 15:00:00,Russia,Europe-Ural,RU,394.03,361.32,31.59,8.8,so-ups.ru,false,
2024-10-26 16:00:00,Russia,Europe-Ural,RU,391.08,358.64,32.1,8.82,so-ups.ru,false,
2024-10-26 17:00:00,Russia,Europe-Ural,RU,394.84,361.61,31.43,7.49,so-ups.ru,false,
2024-10-26 18:00:00,Russia,Europe-Ural,RU,392.78,360.0,31.8,7.12,so-ups.ru,false,
2024-10-26 19:00:00,Russia,Europe-Ural,RU,390.45,357.59,32.19,6.52,so-ups.ru,false,
2024-10-26 20:00:00,Russia,Europe-Ural,RU,394.43,360.54,31.48,4.71,so-ups.ru,false,
2024-10-26 21:00:00,Russia,Europe-Ural,RU,396.91,362.44,31.01,3.41,so-ups.ru,false,
2024-10-26 22:00:00,Russia,Europe-Ural,RU,396.7,361.96,31.05,2.86,so-ups.ru,false,
2024-10-26 23:00:00,Russia,Europe-Ural,RU,395.94,361.29,31.17,2.76,so-ups.ru,false,
2024-10-27 00:00:00,Russia,Europe-Ural,RU,397.39,362.21,30.91,2.62,so-ups.ru,false,
2024-10-27 01:00:00,Russia,Europe-Ural,RU,395.4,360.75,31.29,3.29,so-ups.ru,false,
2024-10-27 02:00:00,Russia,Europe-Ural,RU,396.51,362.21,31.13,3.4,so-ups.ru,false,
2024-10-27 03:00:00,Russia,Europe-Ural,RU,391.5,357.88,32.0,4.8,so-ups.ru,false,
2024-10-27 04:00:00,Russia,Europe-Ural,RU,394.3,360.32,31.49,4.91,so-ups.ru,false,
2024-10-27 05:00:00,Russia,Europe-Ural,RU,399.43,364.67,30.62,4.97,so-ups.ru,false,
2024-10-27 06:00:00,Russia,Europe-Ural,RU,398.53,364.38,30.76,5.69,so-ups.ru,false,
2024-10-27 07:00:00,Russia,Europe-Ural,RU,392.66,359.32,31.79,7.02,so-ups.ru,false,
2024-10-27 08:00:00,Russia,Europe-Ural,RU,393.67,360.3,31.61,6.76,so-ups.ru,false,
2024-10-27 09:00:00,Russia,Europe-Ural,RU,394.28,360.74,31.49,6.45,so-ups.ru,false,
2024-10-27 10:00:00,Russia,Europe-Ural,RU,393.5,360.12,31.63,6.69,so-ups.ru,false,
2024-10-27 11:00:00,Russia,Europe-Ural,RU,393.8,360.6,31.6,6.72,so-ups.ru,false,
2024-10-27 12:00:00,Russia,Europe-Ural,RU,389.32,356.42,32.38,7.75,so-ups.ru,false,
2024-10-27 13:00:00,Russia,Europe-Ural,RU,387.4,355.42,32.76,8.63,so-ups.ru,false,
2024-10-27 14:00:00,Russia,Europe-Ural,RU,386.07,354.29,33.0,9.42,so-ups.ru,false,
2024-10-27 15:00:00,Russia,Europe-Ural,RU,382.61,351.75,33.56,9.73,so-ups.ru,false,
2024-10-27 16:00:00,Russia,Europe-Ural,RU,386.23,354.97,32.93,8.55,so-ups.ru,false,
2024-10-27 17:00:00,Russia,Europe-Ural,RU,389.8,357.49,32.29,7.12,so-ups.ru,false,
2024-10-27 18:00:00,Russia,Europe-Ural,RU,387.85,355.15,32.65,6.59,so-ups.ru,false,
2024-10-27 19:00:00,Russia,Europe-Ural,RU,384.9,351.77,33.12,5.81,so-ups.ru,false,
2024-10-27 20:00:00,Russia,Europe-Ural,RU,385.41,352.01,32.97,4.61,so-ups.ru,false,
2024-10-27 21:00:00,Russia,Europe-Ural,RU,389.22,354.92,32.3,3.29,so-ups.ru,false,
2024-10-27 22:00:00,Russia,Europe-Ural,RU,391.39,357.39,31.98,2.89,so-ups.ru,false,
2024-10-27 23:00:00,Russia,Europe-Ural,RU,390.12,355.6,32.17,2.74,so-ups.ru,false,
2024-10-28 00:00:00,Russia,Europe-Ural,RU,392.33,357.54,31.78,2.64,so-ups.ru,false,
2024-10-28 01:00:00,Russia,Europe-Ural,RU,392.41,358.41,31.78,3.5,so-ups.ru,false,
2024-10-28 02:00:00,Russia,Europe-Ural,RU,398.57,363.86,30.75,3.63,so-ups.ru,false,
2024-10-28 03:00:00,Russia,Europe-Ural,RU,397.98,363.83,30.84,4.94,so-ups.ru,false,
2024-10-28 04:00:00,Russia,Europe-Ural,RU,395.76,362.4,31.21,6.22,so-ups.ru,false,
2024-10-28 05:00:00,Russia,Europe-Ural,RU,393.59,360.53,31.61,7.41,so-ups.ru,false,
2024-10-28 06:00:00,Russia,Europe-Ural,RU,389.36,356.82,32.35,8.49,so-ups.ru,false,
2024-10-28 07:00:00,Russia,Europe-Ural,RU,389.73,356.83,32.29,8.43,so-ups.ru,false,
2024-10-28 08:00:00,Russia,Europe-Ural,RU,391.55,357.69,31.93,7.79,so-ups.ru,false,
2024-10-28 09:00:00,Russia,Europe-Ural,RU,393.51,359.26,31.59,7.39,so-ups.ru,false,
2024-10-28 10:00:00,Russia,Europe-Ural,RU,394.01,360.08,31.54,7.59,so-ups.ru,false,
2024-10-28 11:00:00,Russia,Europe-Ural,RU,395.06,360.88,31.34,7.28,so-ups.ru,false,
2024-10-28 12:00:00,Russia,Europe-Ural,RU,394.95,361.0,31.36,7.39,so-ups.ru,false,
2024-10-28 13:00:00,Russia,Europe-Ural,RU,392.25,359.02,31.86,8.13,so-ups.ru,false,
2024-10-28 14:00:00,Russia,Europe-Ural,RU,389.57,356.93,32.28,8.84,so-ups.ru,false,
2024-10-28 15:00:00,Russia,Europe-Ural,RU,387.46,354.99,32.7,9.08,so-ups.ru,false,
2024-10-28 16:00:00,Russia,Europe-Ural,RU,388.0,355.33,32.59,8.35,so-ups.ru,false,
2024-10-28 17:00:00,Russia,Europe-Ural,RU,393.28,359.84,31.7,6.63,so-ups.ru,false,
2024-10-28 18:00:00,Russia,Europe-Ural,RU,395.94,361.87,31.2,5.48,so-ups.ru,false,
2024-10-28 19:00:00,Russia,Europe-Ural,RU,387.01,353.53,32.73,5.76,so-ups.ru,false,
2024-10-28 20:00:00,Russia,Europe-Ural,RU,391.13,356.63,31.97,3.82,so-ups.ru,false,
2024-10-28 21:00:00,Russia,Europe-Ural,RU,390.38,356.18,32.13,3.31,so-ups.ru,false,
2024-10-28 22:00:00,Russia,Europe-Ural,RU,391.36,356.97,31.96,2.89,so-ups.ru,false,
2024-10-28 23:00:00,Russia,Europe-Ural,RU,390.52,355.99,32.1,2.82,so-ups.ru,false,
2024-10-29 00:00:00,Russia,Europe-Ural,RU,392.37,357.49,31.75,2.65,so-ups.ru,false,
2024-10-29 01:00:00,Russia,Europe-Ural,RU,394.95,360.32,31.37,3.14,so-ups.ru,false,
2024-10-29 02:00:00,Russia,Europe-Ural,RU,398.3,363.36,30.78,3.58,so-ups.ru,false,
2024-10-29 03:00:00,Russia,Europe-Ural,RU,400.16,365.83,30.5,4.77,so-ups.ru,false,
2024-10-29 04:00:00,Russia,Europe-Ural,RU,398.98,364.68,30.66,5.63,so-ups.ru,false,
2024-10-29 05:00:00,Russia,Europe-Ural,RU,393.93,360.5,31.53,7.44,so-ups.ru,false,
2024-10-29 06:00:00,Russia,Europe-Ural,RU,391.26,358.5,32.03,8.3,so-ups.ru,false,
2024-10-29 07:00:00,Russia,Europe-Ural,RU,390.98,357.84,32.09,8.22,so-ups.ru,false,
2024-10-29 08:00:00,Russia,Europe-Ural,RU,391.71,358.24,31.94,7.92,so-ups.ru,false,
2024-10-29 09:00:00,Russia,Europe-Ural,RU,393.16,359.54,31.68,7.61,so-ups.ru,false,
2024-10-29 10:00:00,Russia,Europe-Ural,RU,393.21,359.71,31.72,7.77,so-ups.ru,false,
2024-10-29 11:00:00,Russia,Europe-Ural,RU,392.79,359.73,31.76,7.91,so-ups.ru,false,
2024-10-29 12:00:00,Russia,Europe-Ural,RU,394.41,361.42,31.5,7.82,so-ups.ru,false,
2024-10-29 13:00:00,Russia,Europe-Ural,RU,393.76,360.96,31.65,8.14,so-ups.ru,false,
2024-10-29 14:00:00,Russia,Europe-Ural,RU,389.94,358.01,32.29,9.13,so-ups.ru,false,
2024-10-29 15:00:00,Russia,Europe-Ural,RU,391.12,359.02,32.09,8.65,so-ups.ru,false,
2024-10-29 16:00:00,Russia,Europe-Ural,RU,399.04,366.1,30.75,6.81,so-ups.ru,false,
2024-10-29 17:00:00,Russia,Europe-Ural,RU,399.67,366.49,30.64,5.95,so-ups.ru,false,
2024-10-29 18:00:00,Russia,Europe-Ural,RU,399.86,366.05,30.6,5.14,so-ups.ru,false,
2024-10-29 19:00:00,Russia,Europe-Ural,RU,393.27,360.07,31.73,5.07,so-ups.ru,false,
2024-10-29 20:00:00,Russia,Europe-Ural,RU,393.42,359.25,31.62,3.79,so-ups.ru,false,
2024-10-29 21:00:00,Russia,Europe-Ural,RU,392.73,358.6,31.72,3.08,so-ups.ru,false,
2024-10-29 22:00:00,Russia,Europe-Ural,RU,393.45,358.5,31.57,2.5,so-ups.ru,false,
2024-10-29 23:00:00,Russia,Europe-Ural,RU,393.1,358.14,31.61,2.48,so-ups.ru,false,
2024-10-30 00:00:00,Russia,Europe-Ural,RU,395.11,360.14,31.26,2.36,so-ups.ru,false,
2024-10-30 01:00:00,Russia,Europe-Ural,RU,396.57,361.72,31.02,2.85,so-ups.ru,false,
2024-10-30 02:00:00,Russia,Europe-Ural,RU,399.92,364.68,30.47,3.5,so-ups.ru,false,
2024-10-30 03:00:00,Russia,Europe-Ural,RU,398.54,363.82,30.7,5.01,so-ups.ru,false,
2024-10-30 04:00:00,Russia,Europe-Ural,RU,400.09,365.67,30.46,5.73,so-ups.ru,false,
2024-10-30 05:00:00,Russia,Europe-Ural,RU,395.44,361.59,31.28,7.4,so-ups.ru,false,
2024-10-30 06:00:00,Russia,Europe-Ural,RU,391.27,358.28,31.99,8.42,so-ups.ru,false,
2024-10-30 07:00:00,Russia,Europe-Ural,RU,392.27,359.14,31.81,8.04,so-ups.ru,false,
2024-10-30 08:00:00,Russia,Europe-Ural,RU,393.26,359.94,31.65,7.8,so-ups.ru,false,
2024-10-30 09:00:00,Russia,Europe-Ural,RU,394.37,360.56,31.46,7.54,so-ups.ru,false,
2024-10-30 10:00:00,Russia,Europe-Ural,RU,395.33,361.49,31.28,7.43,so-ups.ru,false,
2024-10-30 11:00:00,Russia,Europe-Ural,RU,396.57,362.5,31.06,7.26,so-ups.ru,false,
2024-10-30 12:00:00,Russia,Europe-Ural,RU,395.08,361.53,31.31,7.68,so-ups.ru,false,
2024-10-30 13:00:00,Russia,Europe-Ural,RU,394.87,361.4,31.36,7.86,so-ups.ru,false,
2024-10-30 14:00:00,Russia,Europe-Ural,RU,391.59,359.15,31.97,8.88,so-ups.ru,false,
2024-10-30 15:00:00,Russia,Europe-Ural,RU,391.14,358.85,32.06,8.69,so-ups.ru,false,
2024-10-30 16:00:00,Russia,Europe-Ural,RU,395.47,362.49,31.32,7.4,so-ups.ru,false,
2024-10-30 17:00:00,Russia,Europe-Ural,RU,399.11,365.57,30.68,6.04,so-ups.ru,false,
2024-10-30 18:00:00,Russia,Europe-Ural,RU,394.48,361.07,31.48,6.09,so-ups.ru,false,
2024-10-30 19:00:00,Russia,Europe-Ural,RU,390.04,357.15,32.28,5.37,so-ups.ru,false,
2024-10-30 20:00:00,Russia,Europe-Ural,RU,391.3,357.71,32.02,3.89,so-ups.ru,false,
2024-10-30 21:00:00,Russia,Europe-Ural,RU,389.64,356.04,32.27,3.23,so-ups.ru,false,
2024-10-30 22:00:00,Russia,Europe-Ural,RU,390.33,356.22,32.1,2.63,so-ups.ru,false,
2024-10-30 23:00:00,Russia,Europe-Ural,RU,390.61,356.29,32.08,2.47,so-ups.ru,false,
2024-10-31 00:00:00,Russia,Europe-Ural,RU,391.24,356.74,31.94,2.48,so-ups.ru,false,
2024-10-31 01:00:00,Russia,Europe-Ural,RU,390.73,357.28,32.09,3.2,so-ups.ru,false,
2024-10-31 02:00:00,Russia,Europe-Ural,RU,396.21,362.3,31.19,3.6,so-ups.ru,false,
2024-10-31 03:00:00,Russia,Europe-Ural,RU,397.34,363.51,30.97,4.78,so-ups.ru,false,
2024-10-31 04:00:00,Russia,Europe-Ural,RU,397.84,363.83,30.87,5.47,so-ups.ru,false,
2024-10-31 05:00:00,Russia,Europe-Ural,RU,391.76,358.76,31.92,7.32,so-ups.ru,false,
2024-10-31 06:00:00,Russia,Europe-Ural,RU,389.2,356.83,32.4,8.16,so-ups.ru,false,
2024-10-31 07:00:00,Russia,Europe-Ural,RU,389.87,357.3,32.27,7.84,so-ups.ru,false,
2024-10-31 08:00:00,Russia,Europe-Ural,RU,391.18,358.3,32.06,7.55,so-ups.ru,false,
2024-10-31 09:00:00,Russia,Europe-Ural,RU,392.71,359.73,31.77,7.2,so-ups.ru,false,
2024-10-31 10:00:00,Russia,Europe-Ural,RU,392.6,359.77,31.78,7.37,so-ups.ru,false,
2024-10-31 11:00:00,Russia,Europe-Ural,RU,393.99,360.89,31.57,7.12,so-ups.ru,false,
2024-10-31 12:00:00,Russia,Europe-Ural,RU,392.55,359.89,31.79,7.53,so-ups.ru,false,
2024-10-31 13:00:00,Russia,Europe-Ural,RU,389.42,357.18,32.35,8.27,so-ups.ru,false,
2024-10-31 14:00:00,Russia,Europe-Ural,RU,388.29,356.41,32.57,8.73,so-ups.ru,false,
2024-10-31 15:00:00,Russia,Europe-Ural,RU,388.62,356.71,32.53,8.43,so-ups.ru,false,
2024-10-31 16:00:00,Russia,Europe-Ural,RU,390.37,358.14,32.23,7.51,so-ups.ru,false,
2024-10-31 17:00:00,Russia,Europe-Ural,RU,387.85,355.67,32.65,7.02,so-ups.ru,false,
2024-10-31 18:00:00,Russia,Europe-Ural,RU,389.95,356.91,32.29,6.18,so-ups.ru,false,
2024-10-31 19:00:00,Russia,Europe-Ural,RU,389.21,355.8,32.38,4.99,so-ups.ru,false,
2024-10-31 20:00:00,Russia,Europe-Ural,RU,383.11,349.9,33.4,4.82,so-ups.ru,false,
2024-10-31 21:00:00,Russia,Europe-Ural,RU,387.2,353.43,32.71,3.23,so-ups.ru,false,
2024-10-31 22:00:00,Russia,Europe-Ural,RU,389.0,354.8,32.39,2.53,so-ups.ru,false,
2024-10-31 23:00:00,Russia,Europe-Ural,RU,388.81,354.04,32.39,2.3,so-ups.ru,false,
2024-11-01 00:00:00,Russia,Europe-Ural,RU,389.47,354.85,32.2,2.32,so-ups.ru,false,
2024-11-01 01:00:00,Russia,Europe-Ural,RU,390.73,356.06,32.04,3.14,so-ups.ru,false,
2024-11-01 02:00:00,Russia,Europe-Ural,RU,394.06,359.44,31.48,3.87,so-ups.ru,false,
2024-11-01 03:00:00,Russia,Europe-Ural,RU,393.87,359.89,31.53,5.28,so-ups.ru,false,
2024-11-01 04:00:00,Russia,Europe-Ural,RU,395.53,361.63,31.25,5.88,so-ups.ru,false,
2024-11-01 05:00:00,Russia,Europe-Ural,RU,391.22,358.25,32.0,7.57,so-ups.ru,false,
2024-11-01 06:00:00,Russia,Europe-Ural,RU,388.78,356.23,32.44,8.19,so-ups.ru,false,
2024-11-01 07:00:00,Russia,Europe-Ural,RU,391.09,358.11,32.03,7.68,so-ups.ru,false,
2024-11-01 08:00:00,Russia,Europe-Ural,RU,393.14,359.48,31.66,7.08,so-ups.ru,false,
2024-11-01 09:00:00,Russia,Europe-Ural,RU,394.03,360.28,31.53,7.02,so-ups.ru,false,
2024-11-01 10:00:00,Russia,Europe-Ural,RU,392.22,358.94,31.85,7.52,so-ups.ru,false,
2024-11-01 11:00:00,Russia,Europe-Ural,RU,393.13,359.65,31.69,7.4,so-ups.ru,false,
2024-11-01 12:00:00,Russia,Europe-Ural,RU,392.34,359.06,31.84,7.64,so-ups.ru,false,
2024-11-01 13:00:00,Russia,Europe-Ural,RU,390.76,358.06,32.14,8.08,so-ups.ru,false,
2024-11-01 14:00:00,Russia,Europe-Ural,RU,388.38,356.16,32.55,8.7,so-ups.ru,false,
2024-11-01 15:00:00,Russia,Europe-Ural,RU,391.21,358.64,32.05,7.94,so-ups.ru,false,
2024-11-01 16:00:00,Russia,Europe-Ural,RU,392.12,359.17,31.9,7.11,so-ups.ru,false,
2024-11-01 17:00:00,Russia,Europe-Ural,RU,391.45,358.04,31.96,6.31,so-ups.ru,false,
2024-11-01 18:00:00,Russia,Europe-Ural,RU,387.84,354.87,32.62,6.24,so-ups.ru,false,
2024-11-01 19:00:00,Russia,Europe-Ural,RU,384.36,351.53,33.19,5.55,so-ups.ru,false,
2024-11-01 20:00:00,Russia,Europe-Ural,RU,378.25,345.5,34.22,5.39,so-ups.ru,false,
2024-11-01 21:00:00,Russia,Europe-Ural,RU,383.5,350.1,33.28,3.58,so-ups.ru,false,
2024-11-01 22:00:00,Russia,Europe-Ural,RU,386.73,353.22,32.75,2.95,so-ups.ru,false,
2024-11-01 23:00:00,Russia,Europe-Ural,RU,387.57,353.65,32.58,2.8,so-ups.ru,false,
2024-11-02 00:00:00,Russia,Europe-Ural,RU,388.3,354.22,32.5,2.85,so-ups.ru,false,
2024-11-02 01:00:00,Russia,Europe-Ural,RU,389.28,355.41,32.36,3.33,so-ups.ru,false,
2024-11-02 02:00:00,Russia,Europe-Ural,RU,395.1,361.17,31.39,3.6,so-ups.ru,false,
2024-11-02 03:00:00,Russia,Europe-Ural,RU,395.02,361.09,31.38,4.83,so-ups.ru,false,
2024-11-02 04:00:00,Russia,Europe-Ural,RU,389.56,356.55,32.31,6.54,so-ups.ru,false,
2024-11-02 05:00:00,Russia,Europe-Ural,RU,387.09,354.26,32.74,7.72,so-ups.ru,false,
2024-11-02 06:00:00,Russia,Europe-Ural,RU,383.78,351.84,33.31,8.7,so-ups.ru,false,
2024-11-02 07:00:00,Russia,Europe-Ural,RU,384.33,352.36,33.24,8.67,so-ups.ru,false,
2024-11-02 08:00:00,Russia,Europe-Ural,RU,385.73,353.17,32.97,8.2,so-ups.ru,false,
2024-11-02 09:00:00,Russia,Europe-Ural,RU,386.85,354.1,32.78,7.8,so-ups.ru,false,
2024-11-02 10:00:00,Russia,Europe-Ural,RU,387.08,354.31,32.75,7.84,so-ups.ru,false,
2024-11-02 11:00:00,Russia,Europe-Ural,RU,386.1,353.5,32.9,7.91,so-ups.ru,false,
2024-11-02 12:00:00,Russia,Europe-Ural,RU,385.6,352.85,32.99,8.01,so-ups.ru,false,
2024-11-02 13:00:00,Russia,Europe-Ural,RU,382.21,350.41,33.59,8.99,so-ups.ru,false,
2024-11-02 14:00:00,Russia,Europe-Ural,RU,383.39,351.66,33.41,9.08,so-ups.ru,false,
2024-11-02 15:00:00,Russia,Europe-Ural,RU,383.2,351.48,33.44,8.79,so-ups.ru,false,
2024-11-02 16:00:00,Russia,Europe-Ural,RU,387.01,354.47,32.75,7.62,so-ups.ru,false,
2024-11-02 17:00:00,Russia,Europe-Ural,RU,389.27,356.17,32.33,6.56,so-ups.ru,false,
2024-11-02 18:00:00,Russia,Europe-Ural,RU,384.74,351.43,33.08,6.4,so-ups.ru,false,
2024-11-02 19:00:00,Russia,Europe-Ural,RU,381.45,348.45,33.66,6.05,so-ups.ru,false,
2024-11-02 20:00:00,Russia,Europe-Ural,RU,382.59,349.04,33.41,4.61,so-ups.ru,false,
2024-11-02 21:00:00,Russia,Europe-Ural,RU,386.73,352.55,32.7,3.32,so-ups.ru,false,
2024-11-02 22:00:00,Russia,Europe-Ural,RU,389.22,354.48,32.29,2.65,so-ups.ru,false,
2024-11-02 23:00:00,Russia,Europe-Ural,RU,387.7,353.36,32.53,2.6,so-ups.ru,false,
2024-11-03 00:00:00,Russia,Europe-Ural,RU,388.73,354.6,32.41,2.64,so-ups.ru,false,
2024-11-03 01:00:00,Russia,Europe-Ural,RU,388.2,354.45,32.53,3.18,so-ups.ru,false,
2024-11-03 02:00:00,Russia,Europe-Ural,RU,391.22,356.69,31.96,3.3,so-ups.ru,false,
2024-11-03 03:00:00,Russia,Europe-Ural,RU,389.35,355.51,32.31,4.57,so-ups.ru,false,
2024-11-03 04:00:00,Russia,Europe-Ural,RU,390.83,356.97,32.04,4.85,so-ups.ru,false,
2024-11-03 05:00:00,Russia,Europe-Ural,RU,393.41,359.38,31.62,5.48,so-ups.ru,false,
2024-11-03 06:00:00,Russia,Europe-Ural,RU,387.83,354.71,32.59,7.06,so-ups.ru,false,
2024-11-03 07:00:00,Russia,Europe-Ural,RU,387.33,354.51,32.68,7.37,so-ups.ru,false,
2024-11-03 08:00:00,Russia,Europe-Ural,RU,388.21,355.1,32.52,7.3,so-ups.ru,false,
2024-11-03 09:00:00,Russia,Europe-Ural,RU,387.45,354.41,32.67,7.35,so-ups.ru,false,
2024-11-03 10:00:00,Russia,Europe-Ural,RU,388.63,355.51,32.47,7.27,so-ups.ru,false,
2024-11-03 11:00:00,Russia,Europe-Ural,RU,389.13,356.37,32.42,7.62,so-ups.ru,false,
2024-11-03 12:00:00,Russia,Europe-Ural,RU,387.42,354.79,32.7,7.95,so-ups.ru,false,
2024-11-03 13:00:00,Russia,Europe-Ural,RU,385.97,353.82,32.97,8.57,so-ups.ru,false,
2024-11-03 14:00:00,Russia,Europe-Ural,RU,383.8,352.46,33.38,9.62,so-ups.ru,false,
2024-11-03 15:00:00,Russia,Europe-Ural,RU,383.71,351.72,33.36,9.05,so-ups.ru,false,
2024-11-03 16:00:00,Russia,Europe-Ural,RU,383.81,351.86,33.33,8.56,so-ups.ru,false,
2024-11-03 17:00:00,Russia,Europe-Ural,RU,387.31,355.01,32.7,7.29,so-ups.ru,false,
2024-11-03 18:00:00,Russia,Europe-Ural,RU,385.89,352.94,32.9,6.53,so-ups.ru,false,
2024-11-03 19:00:00,Russia,Europe-Ural,RU,386.24,353.16,32.88,5.54,so-ups.ru,false,
2024-11-03 20:00:00,Russia,Europe-Ural,RU,379.18,346.66,34.07,5.91,so-ups.ru,false,
2024-11-03 21:00:00,Russia,Europe-Ural,RU,388.25,353.74,32.47,3.37,so-ups.ru,false,
2024-11-03 22:00:00,Russia,Europe-Ural,RU,390.25,355.43,32.09,2.57,so-ups.ru,false,
2024-11-03 23:00:00,Russia,Europe-Ural,RU,388.87,354.08,32.35,2.49,so-ups.ru,false,
2024-11-04 00:00:00,Russia,Europe-Ural,RU,389.66,355.09,32.21,2.54,so-ups.ru,false,
2024-11-04 01:00:00,Russia,Europe-Ural,RU,387.96,353.47,32.5,3.0,so-ups.ru,false,
2024-11-04 02:00:00,Russia,Europe-Ural,RU,390.54,355.96,32.07,3.3,so-ups.ru,false,
2024-11-04 03:00:00,Russia,Europe-Ural,RU,387.89,353.87,32.53,4.58,so-ups.ru,false,
2024-11-04 04:00:00,Russia,Europe-Ural,RU,390.42,356.99,32.11,5.0,so-ups.ru,false,
2024-11-04 05:00:00,Russia,Europe-Ural,RU,389.45,355.83,32.28,6.04,so-ups.ru,false,
2024-11-04 06:00:00,Russia,Europe-Ural,RU,386.81,354.24,32.76,7.25,so-ups.ru,false,
2024-11-04 07:00:00,Russia,Europe-Ural,RU,384.62,352.27,33.15,7.95,so-ups.ru,false,
2024-11-04 08:00:00,Russia,Europe-Ural,RU,385.42,353.41,33.03,7.99,so-ups.ru,false,
2024-11-04 09:00:00,Russia,Europe-Ural,RU,385.34,353.2,33.05,8.03,so-ups.ru,false,
2024-11-04 10:00:00,Russia,Europe-Ural,RU,386.6,354.35,32.86,7.89,so-ups.ru,false,
2024-11-04 11:00:00,Russia,Europe-Ural,RU,385.57,353.66,33.03,8.3,so-ups.ru,false,
2024-11-04 12:00:00,Russia,Europe-Ural,RU,384.7,353.14,33.18,8.54,so-ups.ru,false,
2024-11-04 13:00:00,Russia,Europe-Ural,RU,383.07,351.79,33.48,9.22,so-ups.ru,false,
2024-11-04 14:00:00,Russia,Europe-Ural,RU,383.53,352.25,33.39,9.34,so-ups.ru,false,
2024-11-04 15:00:00,Russia,Europe-Ural,RU,381.51,350.64,33.75,9.38,so-ups.ru,false,
2024-11-04 16:00:00,Russia,Europe-Ural,RU,381.3,350.32,33.78,8.84,so-ups.ru,false,
2024-11-04 17:00:00,Russia,Europe-Ural,RU,384.28,352.54,33.24,7.65,so-ups.ru,false,
2024-11-04 18:00:00,Russia,Europe-Ural,RU,384.57,352.1,33.22,6.8,so-ups.ru,false,
2024-11-04 19:00:00,Russia,Europe-Ural,RU,385.79,352.72,32.96,5.54,so-ups.ru,false,
2024-11-04 20:00:00,Russia,Europe-Ural,RU,383.49,350.45,33.33,4.94,so-ups.ru,false,
2024-11-04 21:00:00,Russia,Europe-Ural,RU,387.67,353.97,32.61,3.48,so-ups.ru,false,
2024-11-04 22:00:00,Russia,Europe-Ural,RU,387.51,354.0,32.66,3.24,so-ups.ru,false,
2024-11-04 23:00:00,Russia,Europe-Ural,RU,387.97,354.91,32.63,3.18,so-ups.ru,false,
2024-11-05 00:00:00,Russia,Europe-Ural,RU,389.52,356.02,32.33,3.12,so-ups.ru,false,
2024-11-05 01:00:00,Russia,Europe-Ural,RU,393.79,359.84,31.58,3.32,so-ups.ru,false,
2024-11-05 02:00:00,Russia,Europe-Ural,RU,395.05,361.35,31.39,4.35,so-ups.ru,false,
2024-11-05 03:00:00,Russia,Europe-Ural,RU,394.3,361.32,31.54,5.95,so-ups.ru,false,
2024-11-05 04:00:00,Russia,Europe-Ural,RU,395.96,363.04,31.25,6.54,so-ups.ru,false,
2024-11-05 05:00:00,Russia,Europe-Ural,RU,394.73,361.99,31.46,7.68,so-ups.ru,false,
2024-11-05 06:00:00,Russia,Europe-Ural,RU,392.34,359.64,31.88,8.34,so-ups.ru,false,
2024-11-05 07:00:00,Russia,Europe-Ural,RU,392.12,359.33,31.88,8.24,so-ups.ru,false,
2024-11-05 08:00:00,Russia,Europe-Ural,RU,393.77,360.28,31.55,7.73,so-ups.ru,false,
2024-11-05 09:00:00,Russia,Europe-Ural,RU,394.53,361.0,31.44,7.69,so-ups.ru,false,
2024-11-05 10:00:00,Russia,Europe-Ural,RU,395.19,361.09,31.33,7.64,so-ups.ru,false,
2024-11-05 11:00:00,Russia,Europe-Ural,RU,396.69,362.57,31.05,7.36,so-ups.ru,false,
2024-11-05 12:00:00,Russia,Europe-Ural,RU,396.42,362.45,31.1,7.42,so-ups.ru,false,
2024-11-05 13:00:00,Russia,Europe-Ural,RU,393.27,360.25,31.69,8.31,so-ups.ru,false,
2024-11-05 14:00:00,Russia,Europe-Ural,RU,391.6,358.93,32.01,8.81,so-ups.ru,false,
2024-11-05 15:00:00,Russia,Europe-Ural,RU,389.83,357.02,32.28,8.67,so-ups.ru,false,
2024-11-05 16:00:00,Russia,Europe-Ural,RU,391.86,358.63,31.95,7.79,so-ups.ru,false,
2024-11-05 17:00:00,Russia,Europe-Ural,RU,390.17,356.78,32.19,7.18,so-ups.ru,false,
2024-11-05 18:00:00,Russia,Europe-Ural,RU,389.71,355.75,32.28,6.52,so-ups.ru,false,
2024-11-05 19:00:00,Russia,Europe-Ural,RU,386.03,352.51,32.89,6.02,so-ups.ru,false,
2024-11-05 20:00:00,Russia,Europe-Ural,RU,385.5,351.26,32.97,4.84,so-ups.ru,false,
2024-11-05 21:00:00,Russia,Europe-Ural,RU,390.11,355.47,32.19,3.34,so-ups.ru,false,
2024-11-05 22:00:00,Russia,Europe-Ural,RU,390.82,356.01,32.05,2.96,so-ups.ru,false,
2024-11-05 23:00:00,Russia,Europe-Ural,RU,391.27,356.1,31.95,2.83,so-ups.ru,false,
2024-11-06 00:00:00,Russia,Europe-Ural,RU,393.57,358.45,31.54,2.87,so-ups.ru,false,
2024-11-06 01:00:00,Russia,Europe-Ural,RU,395.42,360.42,31.25,3.28,so-ups.ru,false,
2024-11-06 02:00:00,Russia,Europe-Ural,RU,399.76,364.57,30.5,3.7,so-ups.ru,false,
2024-11-06 03:00:00,Russia,Europe-Ural,RU,395.99,361.59,31.19,5.7,so-ups.ru,false,
2024-11-06 04:00:00,Russia,Europe-Ural,RU,396.97,362.86,31.01,6.4,so-ups.ru,false,
2024-11-06 05:00:00,Russia,Europe-Ural,RU,395.84,362.01,31.21,7.53,so-ups.ru,false,
2024-11-06 06:00:00,Russia,Europe-Ural,RU,393.58,360.21,31.63,8.3,so-ups.ru,false,
2024-11-06 07:00:00,Russia,Europe-Ural,RU,394.11,360.53,31.53,8.09,so-ups.ru,false,
2024-11-06 08:00:00,Russia,Europe-Ural,RU,395.57,361.6,31.25,7.73,so-ups.ru,false,
2024-11-06 09:00:00,Russia,Europe-Ural,RU,397.49,363.28,30.93,7.35,so-ups.ru,false,
2024-11-06 10:00:00,Russia,Europe-Ural,RU,397.82,364.1,30.9,7.47,so-ups.ru,false,
2024-11-06 11:00:00,Russia,Europe-Ural,RU,397.71,364.3,30.92,7.53,so-ups.ru,false,
2024-11-06 12:00:00,Russia,Europe-Ural,RU,397.42,363.69,30.95,7.62,so-ups.ru,false,
2024-11-06 13:00:00,Russia,Europe-Ural,RU,393.72,360.84,31.62,8.49,so-ups.ru,false,
2024-11-06 14:00:00,Russia,Europe-Ural,RU,393.57,360.71,31.65,8.59,so-ups.ru,false,
2024-11-06 15:00:00,Russia,Europe-Ural,RU,390.92,358.18,32.12,8.61,so-ups.ru,false,
2024-11-06 16:00:00,Russia,Europe-Ural,RU,393.31,360.02,31.7,7.71,so-ups.ru,false,
2024-11-06 17:00:00,Russia,Europe-Ural,RU,393.16,359.98,31.69,6.97,so-ups.ru,false,
2024-11-06 18:00:00,Russia,Europe-Ural,RU,389.65,356.22,32.32,6.8,so-ups.ru,false,
2024-11-06 19:00:00,Russia,Europe-Ural,RU,384.56,351.87,33.23,6.67,so-ups.ru,false,
2024-11-06 20:00:00,Russia,Europe-Ural,RU,389.83,355.3,32.24,4.45,so-ups.ru,false,
2024-11-06 21:00:00,Russia,Europe-Ural,RU,390.93,355.88,32.03,3.26,so-ups.ru,false,
2024-11-06 22:00:00,Russia,Europe-Ural,RU,392.59,357.98,31.76,3.15,so-ups.ru,false,
2024-11-06 23:00:00,Russia,Europe-Ural,RU,392.38,358.09,31.81,3.16,so-ups.ru,false,
2024-11-07 00:00:00,Russia,Europe-Ural,RU,394.41,359.3,31.43,3.05,so-ups.ru,false,
2024-11-07 01:00:00,Russia,Europe-Ural,RU,398.68,363.59,30.75,3.1,so-ups.ru,false,
2024-11-07 02:00:00,Russia,Europe-Ural,RU,403.48,368.01,29.9,3.49,so-ups.ru,false,
2024-11-07 03:00:00,Russia,Europe-Ural,RU,396.92,362.88,31.05,5.93,so-ups.ru,false,
2024-11-07 04:00:00,Russia,Europe-Ural,RU,398.02,363.64,30.84,6.55,so-ups.ru,false,
2024-11-07 05:00:00,Russia,Europe-Ural,RU,395.37,361.62,31.3,7.82,so-ups.ru,false,
2024-11-07 06:00:00,Russia,Europe-Ural,RU,393.69,360.18,31.6,8.46,so-ups.ru,false,
2024-11-07 07:00:00,Russia,Europe-Ural,RU,394.15,360.58,31.53,8.26,so-ups.ru,false,
2024-11-07 08:00:00,Russia,Europe-Ural,RU,397.58,363.36,30.92,7.58,so-ups.ru,false,
2024-11-07 09:00:00,Russia,Europe-Ural,RU,400.27,366.06,30.44,7.1,so-ups.ru,false,
2024-11-07 10:00:00,Russia,Europe-Ural,RU,399.56,365.63,30.6,7.48,so-ups.ru,false,
2024-11-07 11:00:00,Russia,Europe-Ural,RU,401.24,366.65,30.29,7.0,so-ups.ru,false,
2024-11-07 12:00:00,Russia,Europe-Ural,RU,399.32,365.56,30.63,7.62,so-ups.ru,false,
2024-11-07 13:00:00,Russia,Europe-Ural,RU,396.51,363.41,31.16,8.35,so-ups.ru,false,
2024-11-07 14:00:00,Russia,Europe-Ural,RU,395.27,362.0,31.35,8.49,so-ups.ru,false,
2024-11-07 15:00:00,Russia,Europe-Ural,RU,394.21,360.99,31.55,8.36,so-ups.ru,false,
2024-11-07 16:00:00,Russia,Europe-Ural,RU,397.12,363.73,31.04,7.58,so-ups.ru,false,
2024-11-07 17:00:00,Russia,Europe-Ural,RU,400.87,366.7,30.4,6.56,so-ups.ru,false,
2024-11-07 18:00:00,Russia,Europe-Ural,RU,398.03,363.69,30.85,6.29,so-ups.ru,false,
2024-11-07 19:00:00,Russia,Europe-Ural,RU,398.53,363.49,30.74,5.06,so-ups.ru,false,
2024-11-07 20:00:00,Russia,Europe-Ural,RU,398.67,363.19,30.68,3.95,so-ups.ru,false,
2024-11-07 21:00:00,Russia,Europe-Ural,RU,399.4,363.55,30.52,3.1,so-ups.ru,false,
2024-11-07 22:00:00,Russia,Europe-Ural,RU,400.32,364.26,30.41,2.68,so-ups.ru,false,
2024-11-07 23:00:00,Russia,Europe-Ural,RU,400.89,364.69,30.28,2.6,so-ups.ru,false,
2024-11-08 00:00:00,Russia,Europe-Ural,RU,402.14,366.18,30.1,2.66,so-ups.ru,false,
2024-11-08 01:00:00,Russia,Europe-Ural,RU,404.72,368.96,29.66,3.1,so-ups.ru,false,
2024-11-08 02:00:00,Russia,Europe-Ural,RU,408.92,373.33,29.0,3.64,so-ups.ru,false,
2024-11-08 03:00:00,Russia,Europe-Ural,RU,403.56,368.63,29.88,5.63,so-ups.ru,false,
2024-11-08 04:00:00,Russia,Europe-Ural,RU,405.4,371.55,29.62,6.44,so-ups.ru,false,
2024-11-08 05:00:00,Russia,Europe-Ural,RU,402.94,369.09,30.03,7.53,so-ups.ru,false,
2024-11-08 06:00:00,Russia,Europe-Ural,RU,401.42,367.5,30.25,7.85,so-ups.ru,false,
2024-11-08 07:00:00,Russia,Europe-Ural,RU,403.06,368.74,30.01,7.54,so-ups.ru,false,
2024-11-08 08:00:00,Russia,Europe-Ural,RU,404.87,370.3,29.68,7.21,so-ups.ru,false,
2024-11-08 09:00:00,Russia,Europe-Ural,RU,405.97,371.26,29.46,6.91,so-ups.ru,false,
2024-11-08 10:00:00,Russia,Europe-Ural,RU,405.85,371.1,29.48,6.86,so-ups.ru,false,
2024-11-08 11:00:00,Russia,Europe-Ural,RU,407.93,373.4,29.12,6.49,so-ups.ru,false,
2024-11-08 12:00:00,Russia,Europe-Ural,RU,407.61,373.25,29.2,6.64,so-ups.ru,false,
2024-11-08 13:00:00,Russia,Europe-Ural,RU,402.45,369.12,30.08,7.73,so-ups.ru,false,
2024-11-08 14:00:00,Russia,Europe-Ural,RU,399.35,366.27,30.66,8.38,so-ups.ru,false,
2024-11-08 15:00:00,Russia,Europe-Ural,RU,395.01,361.98,31.4,8.75,so-ups.ru,false,
2024-11-08 16:00:00,Russia,Europe-Ural,RU,396.03,363.11,31.24,8.12,so-ups.ru,false,
2024-11-08 17:00:00,Russia,Europe-Ural,RU,395.06,361.8,31.4,7.66,so-ups.ru,false,
2024-11-08 18:00:00,Russia,Europe-Ural,RU,393.33,359.58,31.7,7.13,so-ups.ru,false,
2024-11-08 19:00:00,Russia,Europe-Ural,RU,393.73,359.75,31.61,6.16,so-ups.ru,false,
2024-11-08 20:00:00,Russia,Europe-Ural,RU,394.19,359.38,31.47,4.96,so-ups.ru,false,
2024-11-08 21:00:00,Russia,Europe-Ural,RU,397.73,362.19,30.84,3.58,so-ups.ru,false,
2024-11-08 22:00:00,Russia,Europe-Ural,RU,398.68,363.03,30.66,3.07,so-ups.ru,false,
2024-11-08 23:00:00,Russia,Europe-Ural,RU,397.32,362.01,30.89,3.04,so-ups.ru,false,
2024-11-09 00:00:00,Russia,Europe-Ural,RU,397.75,362.73,30.89,3.15,so-ups.ru,false,
2024-11-09 01:00:00,Russia,Europe-Ural,RU,399.09,364.36,30.7,3.55,so-ups.ru,false,
2024-11-09 02:00:00,Russia,Europe-Ural,RU,401.37,366.15,30.27,3.62,so-ups.ru,false,
2024-11-09 03:00:00,Russia,Europe-Ural,RU,398.34,364.08,30.85,5.19,so-ups.ru,false,
2024-11-09 04:00:00,Russia,Europe-Ural,RU,395.34,361.56,31.36,6.44,so-ups.ru,false,
2024-11-09 05:00:00,Russia,Europe-Ural,RU,397.46,363.25,30.95,6.88,so-ups.ru,false,
2024-11-09 06:00:00,Russia,Europe-Ural,RU,396.84,363.08,31.09,7.56,so-ups.ru,false,
2024-11-09 07:00:00,Russia,Europe-Ural,RU,397.64,364.01,30.96,7.49,so-ups.ru,false,
2024-11-09 08:00:00,Russia,Europe-Ural,RU,397.8,364.17,30.91,7.42,so-ups.ru,false,
2024-11-09 09:00:00,Russia,Europe-Ural,RU,398.5,364.59,30.77,7.18,so-ups.ru,false,
2024-11-09 10:00:00,Russia,Europe-Ural,RU,400.19,365.86,30.48,6.82,so-ups.ru,false,
2024-11-09 11:00:00,Russia,Europe-Ural,RU,400.04,365.88,30.53,6.93,so-ups.ru,false,
2024-11-09 12:00:00,Russia,Europe-Ural,RU,399.35,365.27,30.64,7.18,so-ups.ru,false,
2024-11-09 13:00:00,Russia,Europe-Ural,RU,397.05,363.61,31.05,7.86,so-ups.ru,false,
2024-11-09 14:00:00,Russia,Europe-Ural,RU,396.03,362.98,31.25,8.4,so-ups.ru,false,
2024-11-09 15:00:00,Russia,Europe-Ural,RU,395.17,362.35,31.39,8.18,so-ups.ru,false,
2024-11-09 16:00:00,Russia,Europe-Ural,RU,393.6,360.36,31.62,7.89,so-ups.ru,false,
2024-11-09 17:00:00,Russia,Europe-Ural,RU,395.64,361.99,31.27,6.84,so-ups.ru,false,
2024-11-09 18:00:00,Russia,Europe-Ural,RU,396.0,361.98,31.23,5.99,so-ups.ru,false,
2024-11-09 19:00:00,Russia,Europe-Ural,RU,394.96,361.18,31.43,5.6,so-ups.ru,false,
2024-11-09 20:00:00,Russia,Europe-Ural,RU,398.58,363.67,30.69,3.72,so-ups.ru,false,
2024-11-09 21:00:00,Russia,Europe-Ural,RU,397.29,362.62,30.97,3.53,so-ups.ru,false,
2024-11-09 22:00:00,Russia,Europe-Ural,RU,394.16,360.4,31.52,3.66,so-ups.ru,false,
2024-11-09 23:00:00,Russia,Europe-Ural,RU,394.45,359.88,31.48,3.24,so-ups.ru,false,
2024-11-10 00:00:00,Russia,Europe-Ural,RU,394.46,359.93,31.48,3.15,so-ups.ru,false,
2024-11-10 01:00:00,Russia,Europe-Ural,RU,396.95,362.65,31.09,3.25,so-ups.ru,false,
2024-11-10 02:00:00,Russia,Europe-Ural,RU,398.66,364.11,30.79,3.6,so-ups.ru,false,
2024-11-10 03:00:00,Russia,Europe-Ural,RU,396.67,362.49,31.12,4.6,so-ups.ru,false,
2024-11-10 04:00:00,Russia,Europe-Ural,RU,395.71,361.86,31.28,5.5,so-ups.ru,false,
2024-11-10 05:00:00,Russia,Europe-Ural,RU,399.85,365.68,30.57,5.68,so-ups.ru,false,
2024-11-10 06:00:00,Russia,Europe-Ural,RU,400.92,366.58,30.38,6.17,so-ups.ru,false,
2024-11-10 07:00:00,Russia,Europe-Ural,RU,398.03,364.01,30.88,6.92,so-ups.ru,false,
2024-11-10 08:00:00,Russia,Europe-Ural,RU,398.2,364.03,30.83,6.86,so-ups.ru,false,
2024-11-10 09:00:00,Russia,Europe-Ural,RU,397.47,363.22,30.95,7.0,so-ups.ru,false,
2024-11-10 10:00:00,Russia,Europe-Ural,RU,398.3,364.36,30.82,6.98,so-ups.ru,false,
2024-11-10 11:00:00,Russia,Europe-Ural,RU,397.38,363.57,30.97,7.2,so-ups.ru,false,
2024-11-10 12:00:00,Russia,Europe-Ural,RU,395.79,362.51,31.24,7.74,so-ups.ru,false,
2024-11-10 13:00:00,Russia,Europe-Ural,RU,391.64,358.98,31.98,8.94,so-ups.ru,false,
2024-11-10 14:00:00,Russia,Europe-Ural,RU,392.55,360.16,31.84,9.1,so-ups.ru,false,
2024-11-10 15:00:00,Russia,Europe-Ural,RU,389.63,357.75,32.33,9.27,so-ups.ru,false,
2024-11-10 16:00:00,Russia,Europe-Ural,RU,394.55,361.99,31.51,8.17,so-ups.ru,false,
2024-11-10 17:00:00,Russia,Europe-Ural,RU,399.0,365.28,30.67,6.61,so-ups.ru,false,
2024-11-10 18:00:00,Russia,Europe-Ural,RU,402.22,367.68,30.11,5.33,so-ups.ru,false,
2024-11-10 19:00:00,Russia,Europe-Ural,RU,399.86,365.69,30.53,5.02,so-ups.ru,false,
2024-11-10 20:00:00,Russia,Europe-Ural,RU,401.58,366.71,30.22,3.63,so-ups.ru,false,
2024-11-10 21:00:00,Russia,Europe-Ural,RU,399.43,364.75,30.6,3.58,so-ups.ru,false,
2024-11-10 22:00:00,Russia,Europe-Ural,RU,399.83,365.54,30.51,3.24,so-ups.ru,false,
2024-11-10 23:00:00,Russia,Europe-Ural,RU,399.98,365.65,30.56,3.23,so-ups.ru,false,
2024-11-11 00:00:00,Russia,Europe-Ural,RU,400.99,366.64,30.36,3.25,so-ups.ru,false,
2024-11-11 01:00:00,Russia,Europe-Ural,RU,402.77,368.42,30.05,3.6,so-ups.ru,false,
2024-11-11 02:00:00,Russia,Europe-Ural,RU,405.26,370.87,29.61,4.39,so-ups.ru,false,
2024-11-11 03:00:00,Russia,Europe-Ural,RU,405.32,370.98,29.62,5.77,so-ups.ru,false,
2024-11-11 04:00:00,Russia,Europe-Ural,RU,408.06,373.43,29.13,6.1,so-ups.ru,false,
2024-11-11 05:00:00,Russia,Europe-Ural,RU,406.14,372.01,29.46,7.18,so-ups.ru,false,
2024-11-11 06:00:00,Russia,Europe-Ural,RU,403.26,369.24,29.95,7.94,so-ups.ru,false,
2024-11-11 07:00:00,Russia,Europe-Ural,RU,403.26,369.0,29.93,7.75,so-ups.ru,false,
2024-11-11 08:00:00,Russia,Europe-Ural,RU,406.21,371.89,29.47,7.32,so-ups.ru,false,
2024-11-11 09:00:00,Russia,Europe-Ural,RU,407.78,373.22,29.15,7.0,so-ups.ru,false,
2024-11-11 10:00:00,Russia,Europe-Ural,RU,408.52,373.62,29.05,6.96,so-ups.ru,false,
2024-11-11 11:00:00,Russia,Europe-Ural,RU,408.61,373.85,29.02,6.95,so-ups.ru,false,
2024-11-11 12:00:00,Russia,Europe-Ural,RU,409.29,374.68,28.9,6.87,so-ups.ru,false,
2024-11-11 13:00:00,Russia,Europe-Ural,RU,403.94,370.2,29.82,8.09,so-ups.ru,false,
2024-11-11 14:00:00,Russia,Europe-Ural,RU,404.37,370.33,29.76,8.12,so-ups.ru,false,
2024-11-11 15:00:00,Russia,Europe-Ural,RU,403.0,369.17,30.02,8.01,so-ups.ru,false,
2024-11-11 16:00:00,Russia,Europe-Ural,RU,402.02,368.48,30.21,7.53,so-ups.ru,false,
2024-11-11 17:00:00,Russia,Europe-Ural,RU,401.87,367.99,30.24,6.81,so-ups.ru,false,
2024-11-11 18:00:00,Russia,Europe-Ural,RU,398.72,364.99,30.78,6.7,so-ups.ru,false,
2024-11-11 19:00:00,Russia,Europe-Ural,RU,398.97,364.42,30.7,5.53,so-ups.ru,false,
2024-11-11 20:00:00,Russia,Europe-Ural,RU,401.22,365.53,30.26,3.86,so-ups.ru,false,
2024-11-11 21:00:00,Russia,Europe-Ural,RU,402.74,367.1,30.0,3.07,so-ups.ru,false,
2024-11-11 22:00:00,Russia,Europe-Ural,RU,403.77,368.56,29.84,2.71,so-ups.ru,false,
2024-11-11 23:00:00,Russia,Europe-Ural,RU,403.79,368.06,29.86,2.62,so-ups.ru,false,
2024-11-12 00:00:00,Russia,Europe-Ural,RU,405.58,369.88,29.54,2.65,so-ups.ru,false,
2024-11-12 01:00:00,Russia,Europe-Ural,RU,407.37,371.56,29.23,3.09,so-ups.ru,false,
2024-11-12 02:00:00,Russia,Europe-Ural,RU,413.64,377.63,28.15,3.2,so-ups.ru,false,
2024-11-12 03:00:00,Russia,Europe-Ural,RU,409.37,374.36,28.9,5.1,so-ups.ru,false,
2024-11-12 04:00:00,Russia,Europe-Ural,RU,408.26,373.79,29.1,6.12,so-ups.ru,false,
2024-11-12 05:00:00,Russia,Europe-Ural,RU,403.11,369.29,30.01,7.81,so-ups.ru,false,
2024-11-12 06:00:00,Russia,Europe-Ural,RU,401.21,367.86,30.31,8.29,so-ups.ru,false,
2024-11-12 07:00:00,Russia,Europe-Ural,RU,401.85,368.34,30.21,8.11,so-ups.ru,false,
2024-11-12 08:00:00,Russia,Europe-Ural,RU,403.3,369.59,29.98,7.8,so-ups.ru,false,
2024-11-12 09:00:00,Russia,Europe-Ural,RU,405.5,371.09,29.55,7.2,so-ups.ru,false,
2024-11-12 10:00:00,Russia,Europe-Ural,RU,407.31,373.03,29.29,7.12,so-ups.ru,false,
2024-11-12 11:00:00,Russia,Europe-Ural,RU,406.92,372.84,29.33,7.1,so-ups.ru,false,
2024-11-12 12:00:00,Russia,Europe-Ural,RU,406.5,372.6,29.42,7.37,so-ups.ru,false,
2024-11-12 13:00:00,Russia,Europe-Ural,RU,401.96,368.75,30.21,8.33,so-ups.ru,false,
2024-11-12 14:00:00,Russia,Europe-Ural,RU,401.44,368.34,30.33,8.52,so-ups.ru,false,
2024-11-12 15:00:00,Russia,Europe-Ural,RU,403.75,370.19,29.95,7.94,so-ups.ru,false,
2024-11-12 16:00:00,Russia,Europe-Ural,RU,404.37,370.92,29.84,7.27,so-ups.ru,false,
2024-11-12 17:00:00,Russia,Europe-Ural,RU,405.65,371.7,29.6,6.24,so-ups.ru,false,
2024-11-12 18:00:00,Russia,Europe-Ural,RU,405.47,371.58,29.7,5.73,so-ups.ru,false,
2024-11-12 19:00:00,Russia,Europe-Ural,RU,400.52,366.61,30.51,5.37,so-ups.ru,false,
2024-11-12 20:00:00,Russia,Europe-Ural,RU,404.9,370.19,29.72,3.56,so-ups.ru,false,
2024-11-12 21:00:00,Russia,Europe-Ural,RU,403.01,369.05,30.07,3.18,so-ups.ru,false,
2024-11-12 22:00:00,Russia,Europe-Ural,RU,403.81,369.63,29.97,2.78,so-ups.ru,false,
2024-11-12 23:00:00,Russia,Europe-Ural,RU,404.88,370.77,29.79,2.74,so-ups.ru,false,
2024-11-13 00:00:00,Russia,Europe-Ural,RU,405.91,371.02,29.52,2.68,so-ups.ru,false,
2024-11-13 01:00:00,Russia,Europe-Ural,RU,405.7,370.95,29.58,3.22,so-ups.ru,false,
2024-11-13 02:00:00,Russia,Europe-Ural,RU,411.66,376.73,28.57,3.38,so-ups.ru,false,
2024-11-13 03:00:00,Russia,Europe-Ural,RU,407.27,373.15,29.31,5.3,so-ups.ru,false,
2024-11-13 04:00:00,Russia,Europe-Ural,RU,405.7,371.7,29.58,6.33,so-ups.ru,false,
2024-11-13 05:00:00,Russia,Europe-Ural,RU,404.87,370.93,29.72,7.14,so-ups.ru,false,
2024-11-13 06:00:00,Russia,Europe-Ural,RU,401.06,367.99,30.33,7.99,so-ups.ru,false,
2024-11-13 07:00:00,Russia,Europe-Ural,RU,401.28,368.12,30.33,7.99,so-ups.ru,false,
2024-11-13 08:00:00,Russia,Europe-Ural,RU,408.79,374.04,29.04,7.54,so-ups.ru,false,
2024-11-13 09:00:00,Russia,Europe-Ural,RU,409.92,375.1,28.8,7.14,so-ups.ru,false,
2024-11-13 10:00:00,Russia,Europe-Ural,RU,410.31,375.74,28.74,7.35,so-ups.ru,false,
2024-11-13 11:00:00,Russia,Europe-Ural,RU,410.75,376.49,28.67,7.37,so-ups.ru,false,
2024-11-13 12:00:00,Russia,Europe-Ural,RU,409.42,375.05,28.89,7.63,so-ups.ru,false,
2024-11-13 13:00:00,Russia,Europe-Ural,RU,405.61,372.18,29.57,8.58,so-ups.ru,false,
2024-11-13 14:00:00,Russia,Europe-Ural,RU,404.81,371.13,29.71,8.58,so-ups.ru,false,
2024-11-13 15:00:00,Russia,Europe-Ural,RU,404.08,370.73,29.87,8.65,so-ups.ru,false,
2024-11-13 16:00:00,Russia,Europe-Ural,RU,403.83,370.32,29.93,7.91,so-ups.ru,false,
2024-11-13 17:00:00,Russia,Europe-Ural,RU,406.72,372.97,29.43,6.88,so-ups.ru,false,
2024-11-13 18:00:00,Russia,Europe-Ural,RU,406.19,372.27,29.55,6.52,so-ups.ru,false,
2024-11-13 19:00:00,Russia,Europe-Ural,RU,407.16,371.91,29.28,5.04,so-ups.ru,false,
2024-11-13 20:00:00,Russia,Europe-Ural,RU,409.02,372.98,28.9,3.59,so-ups.ru,false,
2024-11-13 21:00:00,Russia,Europe-Ural,RU,409.91,373.95,28.79,3.07,so-ups.ru,false,
2024-11-13 22:00:00,Russia,Europe-Ural,RU,408.96,373.49,28.96,3.04,so-ups.ru,false,
2024-11-13 23:00:00,Russia,Europe-Ural,RU,407.62,371.83,29.15,2.93,so-ups.ru,false,
2024-11-14 00:00:00,Russia,Europe-Ural,RU,409.31,373.63,28.9,2.98,so-ups.ru,false,
2024-11-14 01:00:00,Russia,Europe-Ural,RU,413.52,377.75,28.17,3.02,so-ups.ru,false,
2024-11-14 02:00:00,Russia,Europe-Ural,RU,418.06,381.76,27.37,3.16,so-ups.ru,false,
2024-11-14 03:00:00,Russia,Europe-Ural,RU,416.22,380.27,27.69,4.63,so-ups.ru,false,
2024-11-14 04:00:00,Russia,Europe-Ural,RU,411.3,376.75,28.56,6.31,so-ups.ru,false,
2024-11-14 05:00:00,Russia,Europe-Ural,RU,409.84,375.31,28.82,7.28,so-ups.ru,false,
2024-11-14 06:00:00,Russia,Europe-Ural,RU,406.18,371.82,29.42,8.08,so-ups.ru,false,
2024-11-14 07:00:00,Russia,Europe-Ural,RU,407.02,372.11,29.28,7.87,so-ups.ru,false,
2024-11-14 08:00:00,Russia,Europe-Ural,RU,409.05,373.82,28.92,7.33,so-ups.ru,false,
2024-11-14 09:00:00,Russia,Europe-Ural,RU,411.62,376.12,28.48,6.91,so-ups.ru,false,
2024-11-14 10:00:00,Russia,Europe-Ural,RU,411.9,376.22,28.44,6.97,so-ups.ru,false,
2024-11-14 11:00:00,Russia,Europe-Ural,RU,411.9,376.29,28.41,7.01,so-ups.ru,false,
2024-11-14 12:00:00,Russia,Europe-Ural,RU,411.95,376.34,28.4,7.06,so-ups.ru,false,
2024-11-14 13:00:00,Russia,Europe-Ural,RU,409.09,374.11,28.92,7.87,so-ups.ru,false,
2024-11-14 14:00:00,Russia,Europe-Ural,RU,405.86,371.33,29.48,8.4,so-ups.ru,false,
2024-11-14 15:00:00,Russia,Europe-Ural,RU,405.08,370.92,29.63,8.35,so-ups.ru,false,
2024-11-14 16:00:00,Russia,Europe-Ural,RU,410.5,375.19,28.71,6.85,so-ups.ru,false,
2024-11-14 17:00:00,Russia,Europe-Ural,RU,411.33,376.4,28.57,6.11,so-ups.ru,false,
2024-11-14 18:00:00,Russia,Europe-Ural,RU,412.75,377.38,28.33,5.26,so-ups.ru,false,
2024-11-14 19:00:00,Russia,Europe-Ural,RU,408.95,373.45,28.95,4.72,so-ups.ru,false,
2024-11-14 20:00:00,Russia,Europe-Ural,RU,410.43,374.04,28.65,3.39,so-ups.ru,false,
2024-11-14 21:00:00,Russia,Europe-Ural,RU,410.01,373.42,28.71,2.84,so-ups.ru,false,
2024-11-14 22:00:00,Russia,Europe-Ural,RU,411.25,374.23,28.51,2.34,so-ups.ru,false,
2024-11-14 23:00:00,Russia,Europe-Ural,RU,411.11,374.14,28.52,2.26,so-ups.ru,false,
2024-11-15 00:00:00,Russia,Europe-Ural,RU,412.31,375.72,28.36,2.36,so-ups.ru,false,
2024-11-15 01:00:00,Russia,Europe-Ural,RU,412.87,376.89,28.26,3.02,so-ups.ru,false,
2024-11-15 02:00:00,Russia,Europe-Ural,RU,417.19,380.7,27.5,3.28,so-ups.ru,false,
2024-11-15 03:00:00,Russia,Europe-Ural,RU,416.06,379.98,27.69,4.66,so-ups.ru,false,
2024-11-15 04:00:00,Russia,Europe-Ural,RU,413.29,377.76,28.17,5.99,so-ups.ru,false,
2024-11-15 05:00:00,Russia,Europe-Ural,RU,410.47,375.49,28.66,7.2,so-ups.ru,false,
2024-11-15 06:00:00,Russia,Europe-Ural,RU,408.23,373.38,29.04,7.8,so-ups.ru,false,
2024-11-15 07:00:00,Russia,Europe-Ural,RU,407.12,371.77,29.22,7.84,so-ups.ru,false,
2024-11-15 08:00:00,Russia,Europe-Ural,RU,409.54,373.94,28.82,7.44,so-ups.ru,false,
2024-11-15 09:00:00,Russia,Europe-Ural,RU,411.78,376.12,28.43,7.01,so-ups.ru,false,
2024-11-15 10:00:00,Russia,Europe-Ural,RU,412.66,376.8,28.29,6.93,so-ups.ru,false,
2024-11-15 11:00:00,Russia,Europe-Ural,RU,412.85,377.15,28.25,6.92,so-ups.ru,false,
2024-11-15 12:00:00,Russia,Europe-Ural,RU,412.99,377.25,28.22,6.92,so-ups.ru,false,
2024-11-15 13:00:00,Russia,Europe-Ural,RU,407.89,373.12,29.12,8.12,so-ups.ru,false,
2024-11-15 14:00:00,Russia,Europe-Ural,RU,406.95,372.52,29.32,8.38,so-ups.ru,false,
2024-11-15 15:00:00,Russia,Europe-Ural,RU,405.26,371.17,29.59,8.38,so-ups.ru,false,
2024-11-15 16:00:00,Russia,Europe-Ural,RU,408.52,373.74,29.04,7.34,so-ups.ru,false,
2024-11-15 17:00:00,Russia,Europe-Ural,RU,407.05,372.5,29.29,7.05,so-ups.ru,false,
2024-11-15 18:00:00,Russia,Europe-Ural,RU,406.57,371.64,29.38,6.43,so-ups.ru,false,
2024-11-15 19:00:00,Russia,Europe-Ural,RU,409.2,374.03,28.91,5.06,so-ups.ru,false,
2024-11-15 20:00:00,Russia,Europe-Ural,RU,410.5,374.96,28.73,3.72,so-ups.ru,false,
2024-11-15 21:00:00,Russia,Europe-Ural,RU,410.89,374.74,28.64,2.98,so-ups.ru,false,
2024-11-15 22:00:00,Russia,Europe-Ural,RU,412.01,375.72,28.42,2.44,so-ups.ru,false,
2024-11-15 23:00:00,Russia,Europe-Ural,RU,409.83,372.86,28.72,2.35,so-ups.ru,false,
2024-11-16 00:00:00,Russia,Europe-Ural,RU,411.38,374.68,28.52,2.3,so-ups.ru,false,
2024-11-16 01:00:00,Russia,Europe-Ural,RU,410.1,373.79,28.74,2.77,so-ups.ru,false,
2024-11-16 02:00:00,Russia,Europe-Ural,RU,412.77,376.38,28.31,3.06,so-ups.ru,false,
2024-11-16 03:00:00,Russia,Europe-Ural,RU,409.67,374.2,28.85,4.39,so-ups.ru,false,
2024-11-16 04:00:00,Russia,Europe-Ural,RU,410.4,374.37,28.67,4.92,so-ups.ru,false,
2024-11-16 05:00:00,Russia,Europe-Ural,RU,404.95,370.04,29.62,6.81,so-ups.ru,false,
2024-11-16 06:00:00,Russia,Europe-Ural,RU,406.79,371.33,29.29,6.81,so-ups.ru,false,
2024-11-16 07:00:00,Russia,Europe-Ural,RU,406.75,371.52,29.33,7.01,so-ups.ru,false,
2024-11-16 08:00:00,Russia,Europe-Ural,RU,406.77,371.81,29.32,6.98,so-ups.ru,false,
2024-11-16 09:00:00,Russia,Europe-Ural,RU,407.37,372.23,29.23,6.89,so-ups.ru,false,
2024-11-16 10:00:00,Russia,Europe-Ural,RU,407.12,372.21,29.27,7.15,so-ups.ru,false,
2024-11-16 11:00:00,Russia,Europe-Ural,RU,406.91,371.95,29.29,7.23,so-ups.ru,false,
2024-11-16 12:00:00,Russia,Europe-Ural,RU,405.55,371.27,29.58,7.75,so-ups.ru,false,
2024-11-16 13:00:00,Russia,Europe-Ural,RU,401.52,368.35,30.32,8.9,so-ups.ru,false,
2024-11-16 14:00:00,Russia,Europe-Ural,RU,400.66,367.66,30.47,9.04,so-ups.ru,false,
2024-11-16 15:00:00,Russia,Europe-Ural,RU,398.83,366.09,30.75,9.05,so-ups.ru,false,
2024-11-16 16:00:00,Russia,Europe-Ural,RU,402.97,369.61,30.01,7.78,so-ups.ru,false,
2024-11-16 17:00:00,Russia,Europe-Ural,RU,404.23,370.82,29.81,7.15,so-ups.ru,false,
2024-11-16 18:00:00,Russia,Europe-Ural,RU,408.89,374.75,29.02,5.42,so-ups.ru,false,
2024-11-16 19:00:00,Russia,Europe-Ural,RU,406.55,373.02,29.46,5.07,so-ups.ru,false,
2024-11-16 20:00:00,Russia,Europe-Ural,RU,409.96,375.17,28.82,3.52,so-ups.ru,false,
2024-11-16 21:00:00,Russia,Europe-Ural,RU,407.44,373.4,29.31,3.22,so-ups.ru,false,
2024-11-16 22:00:00,Russia,Europe-Ural,RU,408.19,373.33,29.11,2.44,so-ups.ru,false,
2024-11-16 23:00:00,Russia,Europe-Ural,RU,408.18,374.02,29.16,2.48,so-ups.ru,false,
2024-11-17 00:00:00,Russia,Europe-Ural,RU,408.36,373.68,29.13,2.29,so-ups.ru,false,
2024-11-17 01:00:00,Russia,Europe-Ural,RU,409.22,374.45,29.0,2.36,so-ups.ru,false,
2024-11-17 02:00:00,Russia,Europe-Ural,RU,409.4,374.59,28.98,3.06,so-ups.ru,false,
2024-11-17 03:00:00,Russia,Europe-Ural,RU,405.6,371.36,29.64,4.24,so-ups.ru,false,
2024-11-17 04:00:00,Russia,Europe-Ural,RU,409.04,373.96,28.99,4.34,so-ups.ru,false,
2024-11-17 05:00:00,Russia,Europe-Ural,RU,408.54,374.03,29.09,5.13,so-ups.ru,false,
2024-11-17 06:00:00,Russia,Europe-Ural,RU,405.85,371.42,29.55,5.94,so-ups.ru,false,
2024-11-17 07:00:00,Russia,Europe-Ural,RU,402.84,369.12,30.07,6.77,so-ups.ru,false,
2024-11-17 08:00:00,Russia,Europe-Ural,RU,401.96,368.28,30.19,6.92,so-ups.ru,false,
2024-11-17 09:00:00,Russia,Europe-Ural,RU,402.37,368.65,30.11,6.81,so-ups.ru,false,
2024-11-17 10:00:00,Russia,Europe-Ural,RU,400.81,367.16,30.36,7.16,so-ups.ru,false,
2024-11-17 11:00:00,Russia,Europe-Ural,RU,401.52,367.98,30.28,7.34,so-ups.ru,false,
2024-11-17 12:00:00,Russia,Europe-Ural,RU,398.41,365.23,30.82,8.15,so-ups.ru,false,
2024-11-17 13:00:00,Russia,Europe-Ural,RU,394.14,361.94,31.58,9.38,so-ups.ru,false,
2024-11-17 14:00:00,Russia,Europe-Ural,RU,394.81,362.4,31.46,9.43,so-ups.ru,false,
2024-11-17 15:00:00,Russia,Europe-Ural,RU,392.34,360.33,31.88,9.54,so-ups.ru,false,
2024-11-17 16:00:00,Russia,Europe-Ural,RU,392.23,360.51,31.91,9.17,so-ups.ru,false,
2024-11-17 17:00:00,Russia,Europe-Ural,RU,396.09,363.71,31.25,7.93,so-ups.ru,false,
2024-11-17 18:00:00,Russia,Europe-Ural,RU,400.58,367.4,30.5,6.53,so-ups.ru,false,
2024-11-17 19:00:00,Russia,Europe-Ural,RU,404.76,371.08,29.79,4.94,so-ups.ru,false,
2024-11-17 20:00:00,Russia,Europe-Ural,RU,403.36,369.51,29.99,3.7,so-ups.ru,false,
2024-11-17 21:00:00,Russia,Europe-Ural,RU,403.43,369.04,30.0,2.69,so-ups.ru,false,
2024-11-17 22:00:00,Russia,Europe-Ural,RU,405.36,370.62,29.65,2.54,so-ups.ru,false,
2024-11-17 23:00:00,Russia,Europe-Ural,RU,405.73,370.62,29.55,2.32,so-ups.ru,false,
2024-11-18 00:00:00,Russia,Europe-Ural,RU,406.67,371.34,29.37,2.37,so-ups.ru,false,
2024-11-18 01:00:00,Russia,Europe-Ural,RU,405.87,371.29,29.5,3.14,so-ups.ru,false,
2024-11-18 02:00:00,Russia,Europe-Ural,RU,411.05,376.08,28.63,3.5,so-ups.ru,false,
2024-11-18 03:00:00,Russia,Europe-Ural,RU,409.42,374.73,28.89,4.87,so-ups.ru,false,
2024-11-18 04:00:00,Russia,Europe-Ural,RU,406.6,372.61,29.38,6.32,so-ups.ru,false,
2024-11-18 05:00:00,Russia,Europe-Ural,RU,405.38,371.5,29.57,7.22,so-ups.ru,false,
2024-11-18 06:00:00,Russia,Europe-Ural,RU,402.14,368.74,30.18,8.15,so-ups.ru,false,
2024-11-18 07:00:00,Russia,Europe-Ural,RU,402.65,369.13,30.07,7.99,so-ups.ru,false,
2024-11-18 08:00:00,Russia,Europe-Ural,RU,404.9,370.76,29.68,7.5,so-ups.ru,false,
2024-11-18 09:00:00,Russia,Europe-Ural,RU,406.14,371.64,29.44,7.14,so-ups.ru,false,
2024-11-18 10:00:00,Russia,Europe-Ural,RU,407.15,372.76,29.29,7.1,so-ups.ru,false,
2024-11-18 11:00:00,Russia,Europe-Ural,RU,407.37,372.93,29.26,7.07,so-ups.ru,false,
2024-11-18 12:00:00,Russia,Europe-Ural,RU,408.12,373.88,29.13,7.08,so-ups.ru,false,
2024-11-18 13:00:00,Russia,Europe-Ural,RU,402.11,368.66,30.17,8.38,so-ups.ru,false,
2024-11-18 14:00:00,Russia,Europe-Ural,RU,399.12,366.03,30.7,8.91,so-ups.ru,false,
2024-11-18 15:00:00,Russia,Europe-Ural,RU,398.17,365.16,30.86,8.7,so-ups.ru,false,
2024-11-18 16:00:00,Russia,Europe-Ural,RU,397.68,365.01,30.99,8.36,so-ups.ru,false,
2024-11-18 17:00:00,Russia,Europe-Ural,RU,398.88,365.93,30.74,7.57,so-ups.ru,false,
2024-11-18 18:00:00,Russia,Europe-Ural,RU,401.57,367.88,30.33,6.44,so-ups.ru,false,
2024-11-18 19:00:00,Russia,Europe-Ural,RU,404.12,370.06,29.85,4.96,so-ups.ru,false,
2024-11-18 20:00:00,Russia,Europe-Ural,RU,406.08,371.56,29.54,3.67,so-ups.ru,false,
2024-11-18 21:00:00,Russia,Europe-Ural,RU,409.91,375.15,28.91,2.54,so-ups.ru,false,
2024-11-18 22:00:00,Russia,Europe-Ural,RU,407.25,372.11,29.31,2.4,so-ups.ru,false,
2024-11-18 23:00:00,Russia,Europe-Ural,RU,406.81,371.57,29.36,2.27,so-ups.ru,false,
2024-11-19 00:00:00,Russia,Europe-Ural,RU,408.18,372.99,29.15,2.35,so-ups.ru,false,
2024-11-19 01:00:00,Russia,Europe-Ural,RU,409.55,374.8,28.9,2.85,so-ups.ru,false,
2024-11-19 02:00:00,Russia,Europe-Ural,RU,410.39,375.29,28.73,3.7,so-ups.ru,false,
2024-11-19 03:00:00,Russia,Europe-Ural,RU,406.49,372.27,29.41,5.65,so-ups.ru,false,
2024-11-19 04:00:00,Russia,Europe-Ural,RU,406.09,371.83,29.46,6.37,so-ups.ru,false,
2024-11-19 05:00:00,Russia,Europe-Ural,RU,405.93,371.77,29.48,7.1,so-ups.ru,false,
2024-11-19 06:00:00,Russia,Europe-Ural,RU,404.37,370.3,29.77,7.6,so-ups.ru,false,
2024-11-19 07:00:00,Russia,Europe-Ural,RU,404.43,370.06,29.74,7.52,so-ups.ru,false,
2024-11-19 08:00:00,Russia,Europe-Ural,RU,407.49,372.67,29.21,6.81,so-ups.ru,false,
2024-11-19 09:00:00,Russia,Europe-Ural,RU,407.25,372.52,29.24,6.85,so-ups.ru,false,
2024-11-19 10:00:00,Russia,Europe-Ural,RU,407.69,372.94,29.17,6.83,so-ups.ru,false,
2024-11-19 11:00:00,Russia,Europe-Ural,RU,408.27,373.58,29.08,6.83,so-ups.ru,false,
2024-11-19 12:00:00,Russia,Europe-Ural,RU,407.37,372.83,29.24,7.15,so-ups.ru,false,
2024-11-19 13:00:00,Russia,Europe-Ural,RU,401.51,367.86,30.26,8.37,so-ups.ru,false,
2024-11-19 14:00:00,Russia,Europe-Ural,RU,398.64,365.55,30.77,8.9,so-ups.ru,false,
2024-11-19 15:00:00,Russia,Europe-Ural,RU,397.67,365.01,30.97,8.88,so-ups.ru,false,
2024-11-19 16:00:00,Russia,Europe-Ural,RU,400.88,367.38,30.4,7.85,so-ups.ru,false,
2024-11-19 17:00:00,Russia,Europe-Ural,RU,401.43,367.84,30.33,7.29,so-ups.ru,false,
2024-11-19 18:00:00,Russia,Europe-Ural,RU,398.28,364.67,30.85,6.84,so-ups.ru,false,
2024-11-19 19:00:00,Russia,Europe-Ural,RU,401.71,367.8,30.26,5.29,so-ups.ru,false,
2024-11-19 20:00:00,Russia,Europe-Ural,RU,396.17,362.68,31.22,4.95,so-ups.ru,false,
2024-11-19 21:00:00,Russia,Europe-Ural,RU,405.75,371.35,29.59,2.65,so-ups.ru,false,
2024-11-19 22:00:00,Russia,Europe-Ural,RU,405.41,370.79,29.65,2.39,so-ups.ru,false,
2024-11-19 23:00:00,Russia,Europe-Ural,RU,404.61,370.11,29.76,2.24,so-ups.ru,false,
2024-11-20 00:00:00,Russia,Europe-Ural,RU,403.06,368.16,29.99,2.24,so-ups.ru,false,
2024-11-20 01:00:00,Russia,Europe-Ural,RU,405.56,371.1,29.6,2.72,so-ups.ru,false,
2024-11-20 02:00:00,Russia,Europe-Ural,RU,410.0,375.17,28.82,3.06,so-ups.ru,false,
2024-11-20 03:00:00,Russia,Europe-Ural,RU,408.94,374.21,29.0,4.33,so-ups.ru,false,
2024-11-20 04:00:00,Russia,Europe-Ural,RU,405.41,371.39,29.61,5.7,so-ups.ru,false,
2024-11-20 05:00:00,Russia,Europe-Ural,RU,398.87,365.92,30.75,7.59,so-ups.ru,false,
2024-11-20 06:00:00,Russia,Europe-Ural,RU,396.13,363.42,31.21,8.2,so-ups.ru,false,
2024-11-20 07:00:00,Russia,Europe-Ural,RU,398.33,365.21,30.83,7.68,so-ups.ru,false,
2024-11-20 08:00:00,Russia,Europe-Ural,RU,398.99,365.65,30.7,7.35,so-ups.ru,false,
2024-11-20 09:00:00,Russia,Europe-Ural,RU,399.22,365.61,30.64,7.23,so-ups.ru,false,
2024-11-20 10:00:00,Russia,Europe-Ural,RU,400.86,367.06,30.38,7.11,so-ups.ru,false,
2024-11-20 11:00:00,Russia,Europe-Ural,RU,401.25,367.86,30.31,7.06,so-ups.ru,false,
2024-11-20 12:00:00,Russia,Europe-Ural,RU,399.76,366.34,30.57,7.32,so-ups.ru,false,
2024-11-20 13:00:00,Russia,Europe-Ural,RU,394.14,361.7,31.56,8.52,so-ups.ru,false,
2024-11-20 14:00:00,Russia,Europe-Ural,RU,394.11,361.65,31.58,8.56,so-ups.ru,false,
2024-11-20 15:00:00,Russia,Europe-Ural,RU,393.55,360.89,31.67,8.28,so-ups.ru,false,
2024-11-20 16:00:00,Russia,Europe-Ural,RU,396.2,363.13,31.18,7.31,so-ups.ru,false,
2024-11-20 17:00:00,Russia,Europe-Ural,RU,399.3,365.94,30.66,6.27,so-ups.ru,false,
2024-11-20 18:00:00,Russia,Europe-Ural,RU,396.86,363.57,31.1,6.02,so-ups.ru,false,
2024-11-20 19:00:00,Russia,Europe-Ural,RU,396.17,362.69,31.21,5.06,so-ups.ru,false,
2024-11-20 20:00:00,Russia,Europe-Ural,RU,391.4,358.38,32.04,4.92,so-ups.ru,false,
2024-11-20 21:00:00,Russia,Europe-Ural,RU,397.63,363.49,30.93,2.67,so-ups.ru,false,
2024-11-20 22:00:00,Russia,Europe-Ural,RU,397.09,363.34,31.03,2.53,so-ups.ru,false,
2024-11-20 23:00:00,Russia,Europe-Ural,RU,397.34,363.51,30.98,2.36,so-ups.ru,false,
2024-11-21 00:00:00,Russia,Europe-Ural,RU,398.08,363.5,30.82,2.29,so-ups.ru,false,
2024-11-21 01:00:00,Russia,Europe-Ural,RU,402.3,367.53,30.1,2.33,so-ups.ru,false,
2024-11-21 02:00:00,Russia,Europe-Ural,RU,405.37,370.55,29.58,3.0,so-ups.ru,false,
2024-11-21 03:00:00,Russia,Europe-Ural,RU,406.15,371.78,29.47,4.27,so-ups.ru,false,
2024-11-21 04:00:00,Russia,Europe-Ural,RU,405.07,371.13,29.63,5.25,so-ups.ru,false,
2024-11-21 05:00:00,Russia,Europe-Ural,RU,399.56,366.6,30.63,7.03,so-ups.ru,false,
2024-11-21 06:00:00,Russia,Europe-Ural,RU,397.22,364.1,31.0,7.46,so-ups.ru,false,
2024-11-21 07:00:00,Russia,Europe-Ural,RU,396.11,363.05,31.15,7.5,so-ups.ru,false,
2024-11-21 08:00:00,Russia,Europe-Ural,RU,399.66,366.21,30.56,6.79,so-ups.ru,false,
2024-11-21 09:00:00,Russia,Europe-Ural,RU,398.88,365.46,30.68,6.88,so-ups.ru,false,
2024-11-21 10:00:00,Russia,Europe-Ural,RU,398.26,365.02,30.8,7.1,so-ups.ru,false,
2024-11-21 11:00:00,Russia,Europe-Ural,RU,398.77,365.42,30.71,7.02,so-ups.ru,false,
2024-11-21 12:00:00,Russia,Europe-Ural,RU,394.98,362.19,31.37,7.88,so-ups.ru,false,
2024-11-21 13:00:00,Russia,Europe-Ural,RU,392.75,360.44,31.76,8.62,so-ups.ru,false,
2024-11-21 14:00:00,Russia,Europe-Ural,RU,394.54,362.2,31.47,8.3,so-ups.ru,false,
2024-11-21 15:00:00,Russia,Europe-Ural,RU,395.52,363.02,31.28,7.85,so-ups.ru,false,
2024-11-21 16:00:00,Russia,Europe-Ural,RU,398.59,365.51,30.78,6.81,so-ups.ru,false,
2024-11-21 17:00:00,Russia,Europe-Ural,RU,398.39,364.88,30.81,6.11,so-ups.ru,false,
2024-11-21 18:00:00,Russia,Europe-Ural,RU,398.04,364.69,30.89,5.55,so-ups.ru,false,
2024-11-21 19:00:00,Russia,Europe-Ural,RU,397.48,364.11,30.99,4.8,so-ups.ru,false,
2024-11-21 20:00:00,Russia,Europe-Ural,RU,395.0,361.79,31.42,4.16,so-ups.ru,false,
2024-11-21 21:00:00,Russia,Europe-Ural,RU,399.34,365.38,30.61,2.39,so-ups.ru,false,
2024-11-21 22:00:00,Russia,Europe-Ural,RU,399.83,365.87,30.55,2.12,so-ups.ru,false,
2024-11-21 23:00:00,Russia,Europe-Ural,RU,400.0,366.11,30.52,2.05,so-ups.ru,false,
2024-11-22 00:00:00,Russia,Europe-Ural,RU,401.57,367.27,30.27,2.04,so-ups.ru,false,
2024-11-22 01:00:00,Russia,Europe-Ural,RU,403.92,369.6,29.88,2.27,so-ups.ru,false,
2024-11-22 02:00:00,Russia,Europe-Ural,RU,407.15,372.72,29.3,2.85,so-ups.ru,false,
2024-11-22 03:00:00,Russia,Europe-Ural,RU,408.11,373.61,29.13,4.08,so-ups.ru,false,
2024-11-22 04:00:00,Russia,Europe-Ural,RU,409.33,374.31,28.88,4.66,so-ups.ru,false,
2024-11-22 05:00:00,Russia,Europe-Ural,RU,402.7,368.79,30.05,6.67,so-ups.ru,false,
2024-11-22 06:00:00,Russia,Europe-Ural,RU,400.84,367.41,30.38,7.31,so-ups.ru,false,
2024-11-22 07:00:00,Russia,Europe-Ural,RU,402.03,368.28,30.17,6.99,so-ups.ru,false,
2024-11-22 08:00:00,Russia,Europe-Ural,RU,402.17,368.75,30.15,6.99,so-ups.ru,false,
2024-11-22 09:00:00,Russia,Europe-Ural,RU,402.87,369.37,30.04,6.89,so-ups.ru,false,
2024-11-22 10:00:00,Russia,Europe-Ural,RU,401.93,368.63,30.2,7.05,so-ups.ru,false,
2024-11-22 11:00:00,Russia,Europe-Ural,RU,401.59,368.14,30.25,7.1,so-ups.ru,false,
2024-11-22 12:00:00,Russia,Europe-Ural,RU,399.85,366.7,30.56,7.51,so-ups.ru,false,
2024-11-22 13:00:00,Russia,Europe-Ural,RU,396.75,364.26,31.12,8.33,so-ups.ru,false,
2024-11-22 14:00:00,Russia,Europe-Ural,RU,398.83,365.84,30.74,7.86,so-ups.ru,false,
2024-11-22 15:00:00,Russia,Europe-Ural,RU,401.2,367.93,30.34,7.19,so-ups.ru,false,
2024-11-22 16:00:00,Russia,Europe-Ural,RU,407.27,372.96,29.28,5.62,so-ups.ru,false,
2024-11-22 17:00:00,Russia,Europe-Ural,RU,406.96,372.82,29.38,5.15,so-ups.ru,false,
2024-11-22 18:00:00,Russia,Europe-Ural,RU,406.96,372.9,29.4,4.66,so-ups.ru,false,
2024-11-22 19:00:00,Russia,Europe-Ural,RU,404.15,370.41,29.89,4.22,so-ups.ru,false,
2024-11-22 20:00:00,Russia,Europe-Ural,RU,402.68,368.98,30.15,3.37,so-ups.ru,false,
2024-11-22 21:00:00,Russia,Europe-Ural,RU,400.37,366.67,30.51,2.57,so-ups.ru,false,
2024-11-22 22:00:00,Russia,Europe-Ural,RU,397.98,364.83,30.91,2.55,so-ups.ru,false,
2024-11-22 23:00:00,Russia,Europe-Ural,RU,398.97,365.52,30.76,2.44,so-ups.ru,false,
2024-11-23 00:00:00,Russia,Europe-Ural,RU,399.02,365.32,30.78,2.47,so-ups.ru,false,
2024-11-23 01:00:00,Russia,Europe-Ural,RU,400.0,366.29,30.59,2.54,so-ups.ru,false,
2024-11-23 02:00:00,Russia,Europe-Ural,RU,402.29,368.64,30.23,3.04,so-ups.ru,false,
2024-11-23 03:00:00,Russia,Europe-Ural,RU,400.26,367.03,30.61,4.18,so-ups.ru,false,
2024-11-23 04:00:00,Russia,Europe-Ural,RU,401.79,368.27,30.32,4.85,so-ups.ru,false,
2024-11-23 05:00:00,Russia,Europe-Ural,RU,404.21,370.37,29.89,5.22,so-ups.ru,false,
2024-11-23 06:00:00,Russia,Europe-Ural,RU,399.14,365.62,30.71,6.64,so-ups.ru,false,
2024-11-23 07:00:00,Russia,Europe-Ural,RU,400.21,366.74,30.53,6.49,so-ups.ru,false,
2024-11-23 08:00:00,Russia,Europe-Ural,RU,399.32,366.05,30.67,6.71,so-ups.ru,false,
2024-11-23 09:00:00,Russia,Europe-Ural,RU,400.22,366.88,30.51,6.55,so-ups.ru,false,
2024-11-23 10:00:00,Russia,Europe-Ural,RU,402.54,368.73,30.11,6.21,so-ups.ru,false,
2024-11-23 11:00:00,Russia,Europe-Ural,RU,401.74,368.22,30.29,6.5,so-ups.ru,false,
2024-11-23 12:00:00,Russia,Europe-Ural,RU,398.2,365.18,30.89,7.29,so-ups.ru,false,
2024-11-23 13:00:00,Russia,Europe-Ural,RU,397.24,364.43,31.06,7.79,so-ups.ru,false,
2024-11-23 14:00:00,Russia,Europe-Ural,RU,395.76,363.25,31.33,8.07,so-ups.ru,false,
2024-11-23 15:00:00,Russia,Europe-Ural,RU,393.71,361.3,31.64,7.74,so-ups.ru,false,
2024-11-23 16:00:00,Russia,Europe-Ural,RU,394.03,361.73,31.59,7.16,so-ups.ru,false,
2024-11-23 17:00:00,Russia,Europe-Ural,RU,396.96,364.04,31.09,6.05,so-ups.ru,false,
2024-11-23 18:00:00,Russia,Europe-Ural,RU,394.24,360.9,31.55,5.8,so-ups.ru,false,
2024-11-23 19:00:00,Russia,Europe-Ural,RU,395.24,361.75,31.36,4.82,so-ups.ru,false,
2024-11-23 20:00:00,Russia,Europe-Ural,RU,397.53,363.05,30.94,3.44,so-ups.ru,false,
2024-11-23 21:00:00,Russia,Europe-Ural,RU,400.08,365.22,30.51,2.44,so-ups.ru,false,
2024-11-23 22:00:00,Russia,Europe-Ural,RU,396.68,362.26,31.12,2.48,so-ups.ru,false,
2024-11-23 23:00:00,Russia,Europe-Ural,RU,395.38,361.64,31.33,2.49,so-ups.ru,false,
2024-11-24 00:00:00,Russia,Europe-Ural,RU,396.07,362.38,31.27,2.47,so-ups.ru,false,
2024-11-24 01:00:00,Russia,Europe-Ural,RU,397.66,364.31,31.03,2.59,so-ups.ru,false,
2024-11-24 02:00:00,Russia,Europe-Ural,RU,398.98,365.37,30.79,2.97,so-ups.ru,false,
2024-11-24 03:00:00,Russia,Europe-Ural,RU,394.54,361.35,31.53,4.24,so-ups.ru,false,
2024-11-24 04:00:00,Russia,Europe-Ural,RU,397.8,364.03,30.95,4.45,so-ups.ru,false,
2024-11-24 05:00:00,Russia,Europe-Ural,RU,401.37,366.8,30.28,4.65,so-ups.ru,false,
2024-11-24 06:00:00,Russia,Europe-Ural,RU,401.2,366.85,30.3,5.4,so-ups.ru,false,
2024-11-24 07:00:00,Russia,Europe-Ural,RU,400.01,366.07,30.52,5.84,so-ups.ru,false,
2024-11-24 08:00:00,Russia,Europe-Ural,RU,400.1,365.76,30.5,5.88,so-ups.ru,false,
2024-11-24 09:00:00,Russia,Europe-Ural,RU,399.66,365.41,30.58,5.97,so-ups.ru,false,
2024-11-24 10:00:00,Russia,Europe-Ural,RU,397.97,363.91,30.88,6.42,so-ups.ru,false,
2024-11-24 11:00:00,Russia,Europe-Ural,RU,397.28,362.95,30.98,6.63,so-ups.ru,false,
2024-11-24 12:00:00,Russia,Europe-Ural,RU,393.46,359.95,31.65,7.58,so-ups.ru,false,
2024-11-24 13:00:00,Russia,Europe-Ural,RU,391.93,358.78,31.93,8.36,so-ups.ru,false,
2024-11-24 14:00:00,Russia,Europe-Ural,RU,391.87,359.11,31.94,8.44,so-ups.ru,false,
2024-11-24 15:00:00,Russia,Europe-Ural,RU,391.36,358.88,32.04,8.41,so-ups.ru,false,
2024-11-24 16:00:00,Russia,Europe-Ural,RU,391.92,358.96,31.93,7.89,so-ups.ru,false,
2024-11-24 17:00:00,Russia,Europe-Ural,RU,393.18,360.21,31.7,7.09,so-ups.ru,false,
2024-11-24 18:00:00,Russia,Europe-Ural,RU,392.82,359.66,31.77,6.39,so-ups.ru,false,
2024-11-24 19:00:00,Russia,Europe-Ural,RU,392.29,359.16,31.85,5.52,so-ups.ru,false,
2024-11-24 20:00:00,Russia,Europe-Ural,RU,392.96,358.98,31.71,4.38,so-ups.ru,false,
2024-11-24 21:00:00,Russia,Europe-Ural,RU,398.86,363.75,30.71,2.56,so-ups.ru,false,
2024-11-24 22:00:00,Russia,Europe-Ural,RU,398.11,363.32,30.83,2.48,so-ups.ru,false,
2024-11-24 23:00:00,Russia,Europe-Ural,RU,398.4,363.35,30.77,2.25,so-ups.ru,false,
2024-11-25 00:00:00,Russia,Europe-Ural,RU,399.15,364.05,30.64,2.27,so-ups.ru,false,
2024-11-25 01:00:00,Russia,Europe-Ural,RU,400.84,365.49,30.34,2.69,so-ups.ru,false,
2024-11-25 02:00:00,Russia,Europe-Ural,RU,406.7,370.76,29.33,2.96,so-ups.ru,false,
2024-11-25 03:00:00,Russia,Europe-Ural,RU,407.18,371.72,29.26,4.24,so-ups.ru,false,
2024-11-25 04:00:00,Russia,Europe-Ural,RU,407.29,371.99,29.24,5.11,so-ups.ru,false,
2024-11-25 05:00:00,Russia,Europe-Ural,RU,400.11,366.22,30.49,7.27,so-ups.ru,false,
2024-11-25 06:00:00,Russia,Europe-Ural,RU,395.92,362.03,31.2,8.16,so-ups.ru,false,
2024-11-25 07:00:00,Russia,Europe-Ural,RU,396.51,362.44,31.07,7.93,so-ups.ru,false,
2024-11-25 08:00:00,Russia,Europe-Ural,RU,397.88,363.42,30.81,7.57,so-ups.ru,false,
2024-11-25 09:00:00,Russia,Europe-Ural,RU,401.42,366.39,30.23,6.89,so-ups.ru,false,
2024-11-25 10:00:00,Russia,Europe-Ural,RU,402.18,367.01,30.09,7.09,so-ups.ru,false,
2024-11-25 11:00:00,Russia,Europe-Ural,RU,403.71,368.39,29.8,6.8,so-ups.ru,false,
2024-11-25 12:00:00,Russia,Europe-Ural,RU,401.57,366.5,30.19,7.34,so-ups.ru,false,
2024-11-25 13:00:00,Russia,Europe-Ural,RU,401.51,367.3,30.23,7.74,so-ups.ru,false,
2024-11-25 14:00:00,Russia,Europe-Ural,RU,399.65,365.68,30.54,7.95,so-ups.ru,false,
2024-11-25 15:00:00,Russia,Europe-Ural,RU,402.21,368.33,30.13,7.36,so-ups.ru,false,
2024-11-25 16:00:00,Russia,Europe-Ural,RU,407.01,372.43,29.31,6.02,so-ups.ru,false,
2024-11-25 17:00:00,Russia,Europe-Ural,RU,405.19,370.41,29.62,5.66,so-ups.ru,false,
2024-11-25 18:00:00,Russia,Europe-Ural,RU,398.67,364.46,30.74,5.95,so-ups.ru,false,
2024-11-25 19:00:00,Russia,Europe-Ural,RU,396.71,362.45,31.1,5.34,so-ups.ru,false,
2024-11-25 20:00:00,Russia,Europe-Ural,RU,395.79,361.3,31.23,4.55,so-ups.ru,false,
2024-11-25 21:00:00,Russia,Europe-Ural,RU,402.76,367.3,29.99,2.32,so-ups.ru,false,
2024-11-25 22:00:00,Russia,Europe-Ural,RU,403.07,367.7,29.95,2.06,so-ups.ru,false,
2024-11-25 23:00:00,Russia,Europe-Ural,RU,404.11,368.25,29.79,1.82,so-ups.ru,false,
2024-11-26 00:00:00,Russia,Europe-Ural,RU,406.2,370.67,29.43,1.88,so-ups.ru,false,
2024-11-26 01:00:00,Russia,Europe-Ural,RU,409.28,373.52,28.92,1.94,so-ups.ru,false,
2024-11-26 02:00:00,Russia,Europe-Ural,RU,411.7,375.87,28.49,2.84,so-ups.ru,false,
2024-11-26 03:00:00,Russia,Europe-Ural,RU,410.81,375.25,28.66,4.18,so-ups.ru,false,
2024-11-26 04:00:00,Russia,Europe-Ural,RU,408.58,373.42,29.04,5.35,so-ups.ru,false,
2024-11-26 05:00:00,Russia,Europe-Ural,RU,403.14,369.37,29.97,7.08,so-ups.ru,false,
2024-11-26 06:00:00,Russia,Europe-Ural,RU,400.07,366.56,30.49,7.76,so-ups.ru,false,
2024-11-26 07:00:00,Russia,Europe-Ural,RU,402.06,367.85,30.13,7.32,so-ups.ru,false,
2024-11-26 08:00:00,Russia,Europe-Ural,RU,403.15,368.43,29.95,7.01,so-ups.ru,false,
2024-11-26 09:00:00,Russia,Europe-Ural,RU,404.12,369.03,29.77,6.82,so-ups.ru,false,
2024-11-26 10:00:00,Russia,Europe-Ural,RU,403.85,369.05,29.83,6.96,so-ups.ru,false,
2024-11-26 11:00:00,Russia,Europe-Ural,RU,403.47,368.74,29.89,7.1,so-ups.ru,false,
2024-11-26 12:00:00,Russia,Europe-Ural,RU,400.71,366.86,30.4,7.85,so-ups.ru,false,
2024-11-26 13:00:00,Russia,Europe-Ural,RU,399.06,365.98,30.72,8.46,so-ups.ru,false,
2024-11-26 14:00:00,Russia,Europe-Ural,RU,396.78,364.37,31.13,8.93,so-ups.ru,false,
2024-11-26 15:00:00,Russia,Europe-Ural,RU,397.89,365.15,30.92,8.34,so-ups.ru,false,
2024-11-26 16:00:00,Russia,Europe-Ural,RU,400.54,367.07,30.43,7.28,so-ups.ru,false,
2024-11-26 17:00:00,Russia,Europe-Ural,RU,403.73,369.72,29.91,6.19,so-ups.ru,false,
2024-11-26 18:00:00,Russia,Europe-Ural,RU,400.91,367.17,30.4,5.99,so-ups.ru,false,
2024-11-26 19:00:00,Russia,Europe-Ural,RU,403.56,369.29,29.97,4.61,so-ups.ru,false,
2024-11-26 20:00:00,Russia,Europe-Ural,RU,399.2,365.05,30.7,4.36,so-ups.ru,false,
2024-11-26 21:00:00,Russia,Europe-Ural,RU,401.55,366.57,30.27,2.96,so-ups.ru,false,
2024-11-26 22:00:00,Russia,Europe-Ural,RU,402.32,367.75,30.15,2.65,so-ups.ru,false,
2024-11-26 23:00:00,Russia,Europe-Ural,RU,404.15,369.54,29.84,2.51,so-ups.ru,false,
2024-11-27 00:00:00,Russia,Europe-Ural,RU,403.19,368.16,29.93,2.49,so-ups.ru,false,
2024-11-27 01:00:00,Russia,Europe-Ural,RU,408.96,373.7,28.98,2.5,so-ups.ru,false,
2024-11-27 02:00:00,Russia,Europe-Ural,RU,412.75,377.3,28.34,3.01,so-ups.ru,false,
2024-11-27 03:00:00,Russia,Europe-Ural,RU,413.31,377.86,28.25,4.16,so-ups.ru,false,
2024-11-27 04:00:00,Russia,Europe-Ural,RU,410.21,375.57,28.78,5.56,so-ups.ru,false,
2024-11-27 05:00:00,Russia,Europe-Ural,RU,403.63,369.73,29.91,7.26,so-ups.ru,false,
2024-11-27 06:00:00,Russia,Europe-Ural,RU,400.55,367.12,30.41,7.93,so-ups.ru,false,
2024-11-27 07:00:00,Russia,Europe-Ural,RU,399.97,366.15,30.5,7.71,so-ups.ru,false,
2024-11-27 08:00:00,Russia,Europe-Ural,RU,401.5,367.32,30.24,7.38,so-ups.ru,false,
2024-11-27 09:00:00,Russia,Europe-Ural,RU,402.66,367.99,30.04,7.12,so-ups.ru,false,
2024-11-27 10:00:00,Russia,Europe-Ural,RU,402.61,367.95,30.03,7.35,so-ups.ru,false,
2024-11-27 11:00:00,Russia,Europe-Ural,RU,403.38,368.31,29.9,7.2,so-ups.ru,false,
2024-11-27 12:00:00,Russia,Europe-Ural,RU,401.33,367.01,30.25,7.81,so-ups.ru,false,
2024-11-27 13:00:00,Russia,Europe-Ural,RU,399.24,365.8,30.64,8.5,so-ups.ru,false,
2024-11-27 14:00:00,Russia,Europe-Ural,RU,397.57,364.65,30.96,8.67,so-ups.ru,false,
2024-11-27 15:00:00,Russia,Europe-Ural,RU,398.29,365.28,30.86,8.16,so-ups.ru,false,
2024-11-27 16:00:00,Russia,Europe-Ural,RU,402.58,368.89,30.1,6.96,so-ups.ru,false,
2024-11-27 17:00:00,Russia,Europe-Ural,RU,403.48,369.52,29.96,6.33,so-ups.ru,false,
2024-11-27 18:00:00,Russia,Europe-Ural,RU,401.45,367.25,30.3,5.77,so-ups.ru,false,
2024-11-27 19:00:00,Russia,Europe-Ural,RU,398.27,364.07,30.84,5.33,so-ups.ru,false,
2024-11-27 20:00:00,Russia,Europe-Ural,RU,397.1,362.74,31.0,4.29,so-ups.ru,false,
2024-11-27 21:00:00,Russia,Europe-Ural,RU,401.18,365.87,30.28,2.81,so-ups.ru,false,
2024-11-27 22:00:00,Russia,Europe-Ural,RU,400.77,365.66,30.37,2.6,so-ups.ru,false,
2024-11-27 23:00:00,Russia,Europe-Ural,RU,402.66,367.24,30.07,2.45,so-ups.ru,false,
2024-11-28 00:00:00,Russia,Europe-Ural,RU,403.2,368.02,29.94,2.46,so-ups.ru,false,
2024-11-28 01:00:00,Russia,Europe-Ural,RU,407.58,372.43,29.23,2.56,so-ups.ru,false,
2024-11-28 02:00:00,Russia,Europe-Ural,RU,411.56,376.25,28.55,3.1,so-ups.ru,false,
2024-11-28 03:00:00,Russia,Europe-Ural,RU,412.37,377.38,28.42,4.28,so-ups.ru,false,
2024-11-28 04:00:00,Russia,Europe-Ural,RU,414.08,378.58,28.08,4.5,so-ups.ru,false,
2024-11-28 05:00:00,Russia,Europe-Ural,RU,404.21,370.26,29.79,6.98,so-ups.ru,false,
2024-11-28 06:00:00,Russia,Europe-Ural,RU,400.47,367.09,30.45,8.0,so-ups.ru,false,
2024-11-28 07:00:00,Russia,Europe-Ural,RU,402.87,368.27,29.97,7.35,so-ups.ru,false,
2024-11-28 08:00:00,Russia,Europe-Ural,RU,406.83,371.31,29.28,6.53,so-ups.ru,false,
2024-11-28 09:00:00,Russia,Europe-Ural,RU,405.0,369.82,29.62,6.89,so-ups.ru,false,
2024-11-28 10:00:00,Russia,Europe-Ural,RU,406.25,371.54,29.43,6.9,so-ups.ru,false,
2024-11-28 11:00:00,Russia,Europe-Ural,RU,404.53,370.61,29.75,7.33,so-ups.ru,false,
2024-11-28 12:00:00,Russia,Europe-Ural,RU,400.93,367.01,30.36,7.96,so-ups.ru,false,
2024-11-28 13:00:00,Russia,Europe-Ural,RU,397.59,364.72,30.96,8.9,so-ups.ru,false,
2024-11-28 14:00:00,Russia,Europe-Ural,RU,396.95,364.22,31.09,8.95,so-ups.ru,false,
2024-11-28 15:00:00,Russia,Europe-Ural,RU,398.75,365.51,30.74,8.24,so-ups.ru,false,
2024-11-28 16:00:00,Russia,Europe-Ural,RU,402.18,368.51,30.17,7.12,so-ups.ru,false,
2024-11-28 17:00:00,Russia,Europe-Ural,RU,398.04,365.03,30.9,7.38,so-ups.ru,false,
2024-11-28 18:00:00,Russia,Europe-Ural,RU,399.48,365.46,30.63,6.31,so-ups.ru,false,
2024-11-28 19:00:00,Russia,Europe-Ural,RU,394.38,360.68,31.49,6.13,so-ups.ru,false,
2024-11-28 20:00:00,Russia,Europe-Ural,RU,395.11,360.68,31.33,4.79,so-ups.ru,false,
2024-11-28 21:00:00,Russia,Europe-Ural,RU,402.85,367.33,29.98,2.75,so-ups.ru,false,
2024-11-28 22:00:00,Russia,Europe-Ural,RU,402.4,366.75,30.06,2.47,so-ups.ru,false,
2024-11-28 23:00:00,Russia,Europe-Ural,RU,402.68,367.01,30.01,2.4,so-ups.ru,false,
2024-11-29 00:00:00,Russia,Europe-Ural,RU,404.79,368.86,29.67,2.43,so-ups.ru,false,
2024-11-29 01:00:00,Russia,Europe-Ural,RU,406.64,370.44,29.3,2.57,so-ups.ru,false,
2024-11-29 02:00:00,Russia,Europe-Ural,RU,411.63,375.81,28.5,3.04,so-ups.ru,false,
2024-11-29 03:00:00,Russia,Europe-Ural,RU,411.32,376.0,28.57,4.4,so-ups.ru,false,
2024-11-29 04:00:00,Russia,Europe-Ural,RU,405.89,371.25,29.49,6.21,so-ups.ru,false,
2024-11-29 05:00:00,Russia,Europe-Ural,RU,403.08,369.3,30.0,7.39,so-ups.ru,false,
2024-11-29 06:00:00,Russia,Europe-Ural,RU,398.5,365.29,30.76,8.28,so-ups.ru,false,
2024-11-29 07:00:00,Russia,Europe-Ural,RU,401.65,368.06,30.23,7.64,so-ups.ru,false,
2024-11-29 08:00:00,Russia,Europe-Ural,RU,400.84,366.66,30.36,7.62,so-ups.ru,false,
2024-11-29 09:00:00,Russia,Europe-Ural,RU,402.59,367.78,30.05,7.15,so-ups.ru,false,
2024-11-29 10:00:00,Russia,Europe-Ural,RU,402.78,368.37,30.03,7.31,so-ups.ru,false,
2024-11-29 11:00:00,Russia,Europe-Ural,RU,402.51,368.14,30.08,7.35,so-ups.ru,false,
2024-11-29 12:00:00,Russia,Europe-Ural,RU,397.04,363.22,31.02,8.53,so-ups.ru,false,
2024-11-29 13:00:00,Russia,Europe-Ural,RU,395.53,362.19,31.3,9.0,so-ups.ru,false,
2024-11-29 14:00:00,Russia,Europe-Ural,RU,395.38,362.33,31.36,9.0,so-ups.ru,false,
2024-11-29 15:00:00,Russia,Europe-Ural,RU,395.04,361.81,31.39,8.5,so-ups.ru,false,
2024-11-29 16:00:00,Russia,Europe-Ural,RU,398.36,365.39,30.87,7.66,so-ups.ru,false,
2024-11-29 17:00:00,Russia,Europe-Ural,RU,398.38,365.13,30.86,7.21,so-ups.ru,false,
2024-11-29 18:00:00,Russia,Europe-Ural,RU,399.92,365.49,30.54,6.01,so-ups.ru,false,
2024-11-29 19:00:00,Russia,Europe-Ural,RU,396.82,362.28,31.07,5.56,so-ups.ru,false,
2024-11-29 20:00:00,Russia,Europe-Ural,RU,393.63,358.94,31.57,5.13,so-ups.ru,false,
2024-11-29 21:00:00,Russia,Europe-Ural,RU,396.36,361.33,31.07,3.03,so-ups.ru,false,
2024-11-29 22:00:00,Russia,Europe-Ural,RU,395.98,361.11,31.16,2.72,so-ups.ru,false,
2024-11-29 23:00:00,Russia,Europe-Ural,RU,395.94,361.57,31.21,2.76,so-ups.ru,false,
2024-11-30 00:00:00,Russia,Europe-Ural,RU,396.0,361.55,31.21,2.75,so-ups.ru,false,
2024-11-30 01:00:00,Russia,Europe-Ural,RU,398.96,364.35,30.75,2.78,so-ups.ru,false,
2024-11-30 02:00:00,Russia,Europe-Ural,RU,401.66,367.01,30.28,2.97,so-ups.ru,false,
2024-11-30 03:00:00,Russia,Europe-Ural,RU,399.93,365.82,30.6,4.14,so-ups.ru,false,
2024-11-30 04:00:00,Russia,Europe-Ural,RU,403.14,368.78,30.03,4.26,so-ups.ru,false,
2024-11-30 05:00:00,Russia,Europe-Ural,RU,402.19,367.94,30.18,5.29,so-ups.ru,false,
2024-11-30 06:00:00,Russia,Europe-Ural,RU,397.34,363.87,31.05,6.73,so-ups.ru,false,
2024-11-30 07:00:00,Russia,Europe-Ural,RU,395.73,362.47,31.32,7.22,so-ups.ru,false,
2024-11-30 08:00:00,Russia,Europe-Ural,RU,396.22,362.93,31.24,7.14,so-ups.ru,false,
2024-11-30 09:00:00,Russia,Europe-Ural,RU,397.19,363.74,31.05,6.99,so-ups.ru,false,
2024-11-30 10:00:00,Russia,Europe-Ural,RU,397.21,363.47,31.03,6.97,so-ups.ru,false,
2024-11-30 11:00:00,Russia,Europe-Ural,RU,396.44,362.97,31.17,7.2,so-ups.ru,false,
2024-11-30 12:00:00,Russia,Europe-Ural,RU,386.82,354.91,32.85,8.53,so-ups.ru,false,
2024-11-30 13:00:00,Russia,Europe-Ural,RU,386.78,355.19,32.87,8.81,so-ups.ru,false,
2024-11-30 14:00:00,Russia,Europe-Ural,RU,383.95,352.73,33.37,9.12,so-ups.ru,false,
2024-11-30 15:00:00,Russia,Europe-Ural,RU,387.37,355.19,32.74,7.93,so-ups.ru,false,
2024-11-30 16:00:00,Russia,Europe-Ural,RU,388.28,356.08,32.6,7.41,so-ups.ru,false,
2024-11-30 17:00:00,Russia,Europe-Ural,RU,393.64,360.68,31.67,5.92,so-ups.ru,false,
2024-11-30 18:00:00,Russia,Europe-Ural,RU,393.67,360.19,31.65,5.24,so-ups.ru,false,
2024-11-30 19:00:00,Russia,Europe-Ural,RU,391.02,357.76,32.12,4.83,so-ups.ru,false,
2024-11-30 20:00:00,Russia,Europe-Ural,RU,390.2,356.67,32.23,4.2,so-ups.ru,false,
2024-11-30 21:00:00,Russia,Europe-Ural,RU,391.7,357.51,31.93,2.66,so-ups.ru,false,
2024-11-30 22:00:00,Russia,Europe-Ural,RU,390.6,356.89,32.13,2.42,so-ups.ru,false,
2024-11-30 23:00:00,Russia,Europe-Ural,RU,391.12,358.1,32.15,2.46,so-ups.ru,false,
2024-12-01 00:00:00,Russia,Europe-Ural,RU,389.35,355.4,32.37,2.26,so-ups.ru,false,
2024-12-01 01:00:00,Russia,Europe-Ural,RU,391.33,357.49,32.06,2.4,so-ups.ru,false,
2024-12-01 02:00:00,Russia,Europe-Ural,RU,391.26,357.51,32.08,3.09,so-ups.ru,false,
2024-12-01 03:00:00,Russia,Europe-Ural,RU,389.44,356.19,32.4,4.15,so-ups.ru,false,
2024-12-01 04:00:00,Russia,Europe-Ural,RU,391.74,358.18,31.97,4.47,so-ups.ru,false,
2024-12-01 05:00:00,Russia,Europe-Ural,RU,395.81,362.23,31.29,4.71,so-ups.ru,false,
2024-12-01 06:00:00,Russia,Europe-Ural,RU,394.2,361.08,31.58,5.74,so-ups.ru,false,
2024-12-01 07:00:00,Russia,Europe-Ural,RU,393.21,360.3,31.73,6.13,so-ups.ru,false,
2024-12-01 08:00:00,Russia,Europe-Ural,RU,393.62,360.99,31.69,6.22,so-ups.ru,false,
2024-12-01 09:00:00,Russia,Europe-Ural,RU,393.91,361.03,31.62,6.17,so-ups.ru,false,
2024-12-01 10:00:00,Russia,Europe-Ural,RU,395.38,362.29,31.36,6.05,so-ups.ru,false,
2024-12-01 11:00:00,Russia,Europe-Ural,RU,396.08,362.83,31.27,6.21,so-ups.ru,false,
2024-12-01 12:00:00,Russia,Europe-Ural,RU,393.37,360.75,31.69,6.93,so-ups.ru,false,
2024-12-01 13:00:00,Russia,Europe-Ural,RU,391.86,359.24,31.96,7.51,so-ups.ru,false,
2024-12-01 14:00:00,Russia,Europe-Ural,RU,393.09,360.96,31.79,7.38,so-ups.ru,false,
2024-12-01 15:00:00,Russia,Europe-Ural,RU,394.14,361.65,31.59,6.78,so-ups.ru,false,
2024-12-01 16:00:00,Russia,Europe-Ural,RU,395.97,363.31,31.26,5.97,so-ups.ru,false,
2024-12-01 17:00:00,Russia,Europe-Ural,RU,394.33,361.8,31.57,5.73,so-ups.ru,false,
2024-12-01 18:00:00,Russia,Europe-Ural,RU,393.99,360.87,31.62,5.09,so-ups.ru,false,
2024-12-01 19:00:00,Russia,Europe-Ural,RU,387.44,354.72,32.75,5.07,so-ups.ru,false,
2024-12-01 20:00:00,Russia,Europe-Ural,RU,380.85,348.65,33.87,5.16,so-ups.ru,false,
2024-12-01 21:00:00,Russia,Europe-Ural,RU,389.72,356.06,32.3,2.74,so-ups.ru,false,
2024-12-01 22:00:00,Russia,Europe-Ural,RU,387.98,354.3,32.59,2.45,so-ups.ru,false,
2024-12-01 23:00:00,Russia,Europe-Ural,RU,386.99,352.8,32.74,2.27,so-ups.ru,false,
2024-12-02 00:00:00,Russia,Europe-Ural,RU,389.42,355.28,32.32,2.23,so-ups.ru,false,
2024-12-02 01:00:00,Russia,Europe-Ural,RU,394.37,360.21,31.48,2.38,so-ups.ru,false,
2024-12-02 02:00:00,Russia,Europe-Ural,RU,399.17,364.71,30.68,2.96,so-ups.ru,false,
2024-12-02 03:00:00,Russia,Europe-Ural,RU,399.65,365.64,30.62,4.44,so-ups.ru,false,
2024-12-02 04:00:00,Russia,Europe-Ural,RU,398.9,365.35,30.75,5.54,so-ups.ru,false,
2024-12-02 05:00:00,Russia,Europe-Ural,RU,396.76,363.8,31.12,6.58,so-ups.ru,false,
2024-12-02 06:00:00,Russia,Europe-Ural,RU,393.12,360.58,31.73,7.47,so-ups.ru,false,
2024-12-02 07:00:00,Russia,Europe-Ural,RU,392.57,359.63,31.83,7.63,so-ups.ru,false,
2024-12-02 08:00:00,Russia,Europe-Ural,RU,394.71,361.43,31.41,7.08,so-ups.ru,false,
2024-12-02 09:00:00,Russia,Europe-Ural,RU,396.11,362.77,31.22,6.96,so-ups.ru,false,
2024-12-02 10:00:00,Russia,Europe-Ural,RU,397.44,364.19,30.99,6.82,so-ups.ru,false,
2024-12-02 11:00:00,Russia,Europe-Ural,RU,395.86,363.02,31.27,7.18,so-ups.ru,false,
2024-12-02 12:00:00,Russia,Europe-Ural,RU,394.29,361.76,31.54,7.5,so-ups.ru,false,
2024-12-02 13:00:00,Russia,Europe-Ural,RU,391.51,359.37,32.02,8.22,so-ups.ru,false,
2024-12-02 14:00:00,Russia,Europe-Ural,RU,392.96,360.63,31.81,7.95,so-ups.ru,false,
2024-12-02 15:00:00,Russia,Europe-Ural,RU,393.88,361.43,31.64,7.37,so-ups.ru,false,
2024-12-02 16:00:00,Russia,Europe-Ural,RU,395.81,363.2,31.32,6.49,so-ups.ru,false,
2024-12-02 17:00:00,Russia,Europe-Ural,RU,392.16,359.84,31.98,6.59,so-ups.ru,false,
2024-12-02 18:00:00,Russia,Europe-Ural,RU,393.3,360.17,31.74,5.49,so-ups.ru,false,
2024-12-02 19:00:00,Russia,Europe-Ural,RU,384.51,352.69,33.29,5.96,so-ups.ru,false,
2024-12-02 20:00:00,Russia,Europe-Ural,RU,385.55,353.53,33.09,4.6,so-ups.ru,false,
2024-12-02 21:00:00,Russia,Europe-Ural,RU,392.5,359.3,31.87,2.68,so-ups.ru,false,
2024-12-02 22:00:00,Russia,Europe-Ural,RU,389.33,355.95,32.39,2.48,so-ups.ru,false,
2024-12-02 23:00:00,Russia,Europe-Ural,RU,390.59,357.57,32.2,2.41,so-ups.ru,false,
2024-12-03 00:00:00,Russia,Europe-Ural,RU,392.06,359.5,31.98,2.46,so-ups.ru,false,
2024-12-03 01:00:00,Russia,Europe-Ural,RU,397.19,363.57,31.06,2.33,so-ups.ru,false,
2024-12-03 02:00:00,Russia,Europe-Ural,RU,401.13,367.39,30.38,2.86,so-ups.ru,false,
2024-12-03 03:00:00,Russia,Europe-Ural,RU,400.41,366.88,30.52,4.51,so-ups.ru,false,
2024-12-03 04:00:00,Russia,Europe-Ural,RU,399.78,366.48,30.62,5.52,so-ups.ru,false,
2024-12-03 05:00:00,Russia,Europe-Ural,RU,395.39,362.85,31.35,6.99,so-ups.ru,false,
2024-12-03 06:00:00,Russia,Europe-Ural,RU,393.81,361.25,31.63,7.52,so-ups.ru,false,
2024-12-03 07:00:00,Russia,Europe-Ural,RU,394.1,361.44,31.58,7.4,so-ups.ru,false,
2024-12-03 08:00:00,Russia,Europe-Ural,RU,396.8,363.49,31.11,6.69,so-ups.ru,false,
2024-12-03 09:00:00,Russia,Europe-Ural,RU,396.87,363.58,31.09,6.57,so-ups.ru,false,
2024-12-03 10:00:00,Russia,Europe-Ural,RU,396.97,363.89,31.08,6.72,so-ups.ru,false,
2024-12-03 11:00:00,Russia,Europe-Ural,RU,396.39,363.38,31.19,6.83,so-ups.ru,false,
2024-12-03 12:00:00,Russia,Europe-Ural,RU,394.1,361.27,31.59,7.37,so-ups.ru,false,
2024-12-03 13:00:00,Russia,Europe-Ural,RU,390.8,358.55,32.17,8.25,so-ups.ru,false,
2024-12-03 14:00:00,Russia,Europe-Ural,RU,390.88,358.62,32.16,8.1,so-ups.ru,false,
2024-12-03 15:00:00,Russia,Europe-Ural,RU,392.8,360.27,31.84,7.49,so-ups.ru,false,
2024-12-03 16:00:00,Russia,Europe-Ural,RU,394.03,361.44,31.64,6.74,so-ups.ru,false,
2024-12-03 17:00:00,Russia,Europe-Ural,RU,393.5,361.02,31.75,6.3,so-ups.ru,false,
2024-12-03 18:00:00,Russia,Europe-Ural,RU,389.84,357.57,32.36,6.19,so-ups.ru,false,
2024-12-03 19:00:00,Russia,Europe-Ural,RU,386.37,354.05,32.95,5.63,so-ups.ru,false,
2024-12-03 20:00:00,Russia,Europe-Ural,RU,382.79,350.48,33.56,5.17,so-ups.ru,false,
2024-12-03 21:00:00,Russia,Europe-Ural,RU,389.67,355.96,32.3,2.72,so-ups.ru,false,
2024-12-03 22:00:00,Russia,Europe-Ural,RU,390.18,356.53,32.24,2.36,so-ups.ru,false,
2024-12-03 23:00:00,Russia,Europe-Ural,RU,389.44,355.89,32.38,2.27,so-ups.ru,false,
2024-12-04 00:00:00,Russia,Europe-Ural,RU,390.48,356.67,32.18,2.27,so-ups.ru,false,
2024-12-04 01:00:00,Russia,Europe-Ural,RU,395.91,362.1,31.27,2.34,so-ups.ru,false,
2024-12-04 02:00:00,Russia,Europe-Ural,RU,396.81,362.69,31.1,3.34,so-ups.ru,false,
2024-12-04 03:00:00,Russia,Europe-Ural,RU,399.08,364.87,30.7,4.42,so-ups.ru,false,
2024-12-04 04:00:00,Russia,Europe-Ural,RU,401.2,367.11,30.33,5.07,so-ups.ru,false,
2024-12-04 05:00:00,Russia,Europe-Ural,RU,396.84,363.25,31.08,6.54,so-ups.ru,false,
2024-12-04 06:00:00,Russia,Europe-Ural,RU,393.35,360.42,31.68,7.49,so-ups.ru,false,
2024-12-04 07:00:00,Russia,Europe-Ural,RU,394.2,361.28,31.55,7.31,so-ups.ru,false,
2024-12-04 08:00:00,Russia,Europe-Ural,RU,396.4,363.04,31.15,6.78,so-ups.ru,false,
2024-12-04 09:00:00,Russia,Europe-Ural,RU,396.99,363.59,31.05,6.62,so-ups.ru,false,
2024-12-04 10:00:00,Russia,Europe-Ural,RU,396.16,362.73,31.2,6.88,so-ups.ru,false,
2024-12-04 11:00:00,Russia,Europe-Ural,RU,395.34,362.09,31.34,7.12,so-ups.ru,false,
2024-12-04 12:00:00,Russia,Europe-Ural,RU,393.04,360.36,31.76,7.72,so-ups.ru,false,
2024-12-04 13:00:00,Russia,Europe-Ural,RU,390.93,358.69,32.15,8.24,so-ups.ru,false,
2024-12-04 14:00:00,Russia,Europe-Ural,RU,391.91,359.55,31.98,7.95,so-ups.ru,false,
2024-12-04 15:00:00,Russia,Europe-Ural,RU,394.33,361.61,31.56,7.29,so-ups.ru,false,
2024-12-04 16:00:00,Russia,Europe-Ural,RU,399.58,366.03,30.65,5.91,so-ups.ru,false,
2024-12-04 17:00:00,Russia,Europe-Ural,RU,399.24,365.78,30.73,5.36,so-ups.ru,false,
2024-12-04 18:00:00,Russia,Europe-Ural,RU,394.74,361.99,31.54,5.52,so-ups.ru,false,
2024-12-04 19:00:00,Russia,Europe-Ural,RU,389.13,356.95,32.5,5.31,so-ups.ru,false,
2024-12-04 20:00:00,Russia,Europe-Ural,RU,384.23,352.1,33.32,5.0,so-ups.ru,false,
2024-12-04 21:00:00,Russia,Europe-Ural,RU,394.26,360.48,31.56,2.59,so-ups.ru,false,
2024-12-04 22:00:00,Russia,Europe-Ural,RU,393.09,359.57,31.77,2.33,so-ups.ru,false,
2024-12-04 23:00:00,Russia,Europe-Ural,RU,393.71,360.43,31.67,2.24,so-ups.ru,false,
2024-12-05 00:00:00,Russia,Europe-Ural,RU,394.91,361.28,31.45,2.21,so-ups.ru,false,
2024-12-05 01:00:00,Russia,Europe-Ural,RU,399.14,364.97,30.71,2.27,so-ups.ru,false,
2024-12-05 02:00:00,Russia,Europe-Ural,RU,402.43,368.28,30.15,2.89,so-ups.ru,false,
2024-12-05 03:00:00,Russia,Europe-Ural,RU,401.26,367.39,30.34,4.49,so-ups.ru,false,
2024-12-05 04:00:00,Russia,Europe-Ural,RU,404.61,370.5,29.76,5.35,so-ups.ru,false,
2024-12-05 05:00:00,Russia,Europe-Ural,RU,400.29,366.85,30.52,6.87,so-ups.ru,false,
2024-12-05 06:00:00,Russia,Europe-Ural,RU,398.16,364.85,30.86,7.38,so-ups.ru,false,
2024-12-05 07:00:00,Russia,Europe-Ural,RU,397.98,364.7,30.9,7.39,so-ups.ru,false,
2024-12-05 08:00:00,Russia,Europe-Ural,RU,400.61,366.9,30.45,6.82,so-ups.ru,false,
2024-12-05 09:00:00,Russia,Europe-Ural,RU,401.18,367.25,30.33,6.71,so-ups.ru,false,
2024-12-05 10:00:00,Russia,Europe-Ural,RU,401.47,367.52,30.29,6.69,so-ups.ru,false,
2024-12-05 11:00:00,Russia,Europe-Ural,RU,401.54,367.72,30.27,6.77,so-ups.ru,false,
2024-12-05 12:00:00,Russia,Europe-Ural,RU,398.46,364.87,30.78,7.37,so-ups.ru,false,
2024-12-05 13:00:00,Russia,Europe-Ural,RU,396.32,363.47,31.2,8.1,so-ups.ru,false,
2024-12-05 14:00:00,Russia,Europe-Ural,RU,397.44,364.24,30.99,7.71,so-ups.ru,false,
2024-12-05 15:00:00,Russia,Europe-Ural,RU,401.11,367.4,30.36,6.78,so-ups.ru,false,
2024-12-05 16:00:00,Russia,Europe-Ural,RU,403.71,369.63,29.92,5.89,so-ups.ru,false,
2024-12-05 17:00:00,Russia,Europe-Ural,RU,404.42,370.38,29.82,5.15,so-ups.ru,false,
2024-12-05 18:00:00,Russia,Europe-Ural,RU,404.04,369.79,29.89,4.59,so-ups.ru,false,
2024-12-05 19:00:00,Russia,Europe-Ural,RU,398.55,364.72,30.82,4.35,so-ups.ru,false,
2024-12-05 20:00:00,Russia,Europe-Ural,RU,393.28,359.21,31.69,4.1,so-ups.ru,false,
2024-12-05 21:00:00,Russia,Europe-Ural,RU,398.71,364.0,30.75,2.56,so-ups.ru,false,
2024-12-05 22:00:00,Russia,Europe-Ural,RU,398.45,363.68,30.8,2.24,so-ups.ru,false,
2024-12-05 23:00:00,Russia,Europe-Ural,RU,398.35,363.69,30.81,2.12,so-ups.ru,false,
2024-12-06 00:00:00,Russia,Europe-Ural,RU,399.54,364.95,30.61,2.16,so-ups.ru,false,
2024-12-06 01:00:00,Russia,Europe-Ural,RU,404.06,368.88,29.83,2.19,so-ups.ru,false,
2024-12-06 02:00:00,Russia,Europe-Ural,RU,408.02,372.52,29.14,2.77,so-ups.ru,false,
2024-12-06 03:00:00,Russia,Europe-Ural,RU,409.66,374.39,28.86,3.94,so-ups.ru,false,
2024-12-06 04:00:00,Russia,Europe-Ural,RU,406.49,371.83,29.42,5.47,so-ups.ru,false,
2024-12-06 05:00:00,Russia,Europe-Ural,RU,401.78,367.93,30.24,6.98,so-ups.ru,false,
2024-12-06 06:00:00,Russia,Europe-Ural,RU,399.57,366.16,30.62,7.72,so-ups.ru,false,
2024-12-06 07:00:00,Russia,Europe-Ural,RU,400.38,366.69,30.48,7.49,so-ups.ru,false,
2024-12-06 08:00:00,Russia,Europe-Ural,RU,401.99,367.83,30.2,7.01,so-ups.ru,false,
2024-12-06 09:00:00,Russia,Europe-Ural,RU,403.21,369.13,29.98,6.87,so-ups.ru,false,
2024-12-06 10:00:00,Russia,Europe-Ural,RU,403.31,369.6,29.99,7.0,so-ups.ru,false,
2024-12-06 11:00:00,Russia,Europe-Ural,RU,403.21,369.41,30.01,7.06,so-ups.ru,false,
2024-12-06 12:00:00,Russia,Europe-Ural,RU,401.23,367.43,30.33,7.49,so-ups.ru,false,
2024-12-06 13:00:00,Russia,Europe-Ural,RU,397.99,364.74,30.91,8.22,so-ups.ru,false,
2024-12-06 14:00:00,Russia,Europe-Ural,RU,397.31,364.42,31.04,8.26,so-ups.ru,false,
2024-12-06 15:00:00,Russia,Europe-Ural,RU,400.05,366.75,30.56,7.49,so-ups.ru,false,
2024-12-06 16:00:00,Russia,Europe-Ural,RU,402.14,368.5,30.19,6.56,so-ups.ru,false,
2024-12-06 17:00:00,Russia,Europe-Ural,RU,404.49,370.63,29.83,5.62,so-ups.ru,false,
2024-12-06 18:00:00,Russia,Europe-Ural,RU,402.77,368.9,30.13,5.31,so-ups.ru,false,
2024-12-06 19:00:00,Russia,Europe-Ural,RU,401.75,367.79,30.3,4.39,so-ups.ru,false,
2024-12-06 20:00:00,Russia,Europe-Ural,RU,398.68,364.8,30.83,3.98,so-ups.ru,false,
2024-12-06 21:00:00,Russia,Europe-Ural,RU,399.74,365.72,30.64,2.71,so-ups.ru,false,
2024-12-06 22:00:00,Russia,Europe-Ural,RU,399.02,364.63,30.74,2.34,so-ups.ru,false,
2024-12-06 23:00:00,Russia,Europe-Ural,RU,398.75,364.52,30.81,2.34,so-ups.ru,false,
2024-12-07 00:00:00,Russia,Europe-Ural,RU,398.1,363.54,30.89,2.2,so-ups.ru,false,
2024-12-07 01:00:00,Russia,Europe-Ural,RU,400.85,366.88,30.48,2.43,so-ups.ru,false,
2024-12-07 02:00:00,Russia,Europe-Ural,RU,403.11,368.99,30.08,2.68,so-ups.ru,false,
2024-12-07 03:00:00,Russia,Europe-Ural,RU,401.37,367.06,30.36,3.69,so-ups.ru,false,
2024-12-07 04:00:00,Russia,Europe-Ural,RU,405.15,370.92,29.71,4.08,so-ups.ru,false,
2024-12-07 05:00:00,Russia,Europe-Ural,RU,406.49,371.61,29.45,4.55,so-ups.ru,false,
2024-12-07 06:00:00,Russia,Europe-Ural,RU,401.43,367.61,30.35,6.1,so-ups.ru,false,
2024-12-07 07:00:00,Russia,Europe-Ural,RU,401.17,367.4,30.39,6.32,so-ups.ru,false,
2024-12-07 08:00:00,Russia,Europe-Ural,RU,401.98,367.72,30.24,6.08,so-ups.ru,false,
2024-12-07 09:00:00,Russia,Europe-Ural,RU,403.22,369.02,30.04,5.85,so-ups.ru,false,
2024-12-07 10:00:00,Russia,Europe-Ural,RU,404.07,369.55,29.83,5.62,so-ups.ru,false,
2024-12-07 11:00:00,Russia,Europe-Ural,RU,402.94,368.57,30.05,5.97,so-ups.ru,false,
2024-12-07 12:00:00,Russia,Europe-Ural,RU,401.22,367.27,30.35,6.49,so-ups.ru,false,
2024-12-07 13:00:00,Russia,Europe-Ural,RU,396.96,363.58,31.09,7.48,so-ups.ru,false,
2024-12-07 14:00:00,Russia,Europe-Ural,RU,400.18,366.52,30.56,6.99,so-ups.ru,false,
2024-12-07 15:00:00,Russia,Europe-Ural,RU,401.54,367.73,30.31,6.34,so-ups.ru,false,
2024-12-07 16:00:00,Russia,Europe-Ural,RU,402.23,368.32,30.18,5.83,so-ups.ru,false,
2024-12-07 17:00:00,Russia,Europe-Ural,RU,405.29,371.26,29.68,4.96,so-ups.ru,false,
2024-12-07 18:00:00,Russia,Europe-Ural,RU,402.82,368.78,30.07,4.7,so-ups.ru,false,
2024-12-07 19:00:00,Russia,Europe-Ural,RU,399.15,365.77,30.75,4.55,so-ups.ru,false,
2024-12-07 20:00:00,Russia,Europe-Ural,RU,395.85,362.34,31.3,4.26,so-ups.ru,false,
2024-12-07 21:00:00,Russia,Europe-Ural,RU,396.29,362.68,31.21,2.72,so-ups.ru,false,
2024-12-07 22:00:00,Russia,Europe-Ural,RU,394.97,361.6,31.46,2.46,so-ups.ru,false,
2024-12-07 23:00:00,Russia,Europe-Ural,RU,393.88,360.72,31.66,2.35,so-ups.ru,false,
2024-12-08 00:00:00,Russia,Europe-Ural,RU,394.0,360.56,31.67,2.23,so-ups.ru,false,
2024-12-08 01:00:00,Russia,Europe-Ural,RU,395.55,362.22,31.42,2.32,so-ups.ru,false,
2024-12-08 02:00:00,Russia,Europe-Ural,RU,394.28,361.05,31.62,3.05,so-ups.ru,false,
2024-12-08 03:00:00,Russia,Europe-Ural,RU,392.23,359.07,31.95,4.1,so-ups.ru,false,
2024-12-08 04:00:00,Russia,Europe-Ural,RU,396.2,362.45,31.24,4.18,so-ups.ru,false,
2024-12-08 05:00:00,Russia,Europe-Ural,RU,399.12,365.38,30.73,4.59,so-ups.ru,false,
2024-12-08 06:00:00,Russia,Europe-Ural,RU,399.44,365.99,30.68,5.21,so-ups.ru,false,
2024-12-08 07:00:00,Russia,Europe-Ural,RU,397.64,364.42,31.0,5.83,so-ups.ru,false,
2024-12-08 08:00:00,Russia,Europe-Ural,RU,398.68,365.18,30.82,5.67,so-ups.ru,false,
2024-12-08 09:00:00,Russia,Europe-Ural,RU,399.11,365.3,30.74,5.54,so-ups.ru,false,
2024-12-08 10:00:00,Russia,Europe-Ural,RU,399.06,365.26,30.72,5.61,so-ups.ru,false,
2024-12-08 11:00:00,Russia,Europe-Ural,RU,398.24,364.7,30.89,6.01,so-ups.ru,false,
2024-12-08 12:00:00,Russia,Europe-Ural,RU,394.9,361.82,31.47,6.87,so-ups.ru,false,
2024-12-08 13:00:00,Russia,Europe-Ural,RU,390.21,357.98,32.3,8.2,so-ups.ru,false,
2024-12-08 14:00:00,Russia,Europe-Ural,RU,391.14,358.73,32.13,7.98,so-ups.ru,false,
2024-12-08 15:00:00,Russia,Europe-Ural,RU,393.07,360.57,31.8,7.39,so-ups.ru,false,
2024-12-08 16:00:00,Russia,Europe-Ural,RU,394.31,361.72,31.57,6.75,so-ups.ru,false,
2024-12-08 17:00:00,Russia,Europe-Ural,RU,398.17,365.21,30.94,5.66,so-ups.ru,false,
2024-12-08 18:00:00,Russia,Europe-Ural,RU,396.17,363.47,31.31,5.19,so-ups.ru,false,
2024-12-08 19:00:00,Russia,Europe-Ural,RU,393.51,360.76,31.73,4.49,so-ups.ru,false,
2024-12-08 20:00:00,Russia,Europe-Ural,RU,389.82,357.29,32.37,4.24,so-ups.ru,false,
2024-12-08 21:00:00,Russia,Europe-Ural,RU,394.86,361.2,31.48,2.67,so-ups.ru,false,
2024-12-08 22:00:00,Russia,Europe-Ural,RU,393.54,359.44,31.67,2.32,so-ups.ru,false,
2024-12-08 23:00:00,Russia,Europe-Ural,RU,394.22,360.98,31.6,2.28,so-ups.ru,false,
2024-12-09 00:00:00,Russia,Europe-Ural,RU,395.26,361.54,31.36,2.25,so-ups.ru,false,
2024-12-09 01:00:00,Russia,Europe-Ural,RU,398.21,364.23,30.85,2.35,so-ups.ru,false,
2024-12-09 02:00:00,Russia,Europe-Ural,RU,402.24,367.84,30.14,2.86,so-ups.ru,false,
2024-12-09 03:00:00,Russia,Europe-Ural,RU,404.05,369.66,29.84,4.02,so-ups.ru,false,
2024-12-09 04:00:00,Russia,Europe-Ural,RU,404.0,369.58,29.83,4.83,so-ups.ru,false,
2024-12-09 05:00:00,Russia,Europe-Ural,RU,397.9,364.57,30.89,6.7,so-ups.ru,false,
2024-12-09 06:00:00,Russia,Europe-Ural,RU,395.15,362.23,31.39,7.58,so-ups.ru,false,
2024-12-09 07:00:00,Russia,Europe-Ural,RU,396.63,363.34,31.1,7.27,so-ups.ru,false,
2024-12-09 08:00:00,Russia,Europe-Ural,RU,398.83,365.05,30.71,6.7,so-ups.ru,false,
2024-12-09 09:00:00,Russia,Europe-Ural,RU,399.38,365.42,30.63,6.65,so-ups.ru,false,
2024-12-09 10:00:00,Russia,Europe-Ural,RU,399.78,366.08,30.58,6.7,so-ups.ru,false,
2024-12-09 11:00:00,Russia,Europe-Ural,RU,397.26,363.67,31.02,7.09,so-ups.ru,false,
2024-12-09 12:00:00,Russia,Europe-Ural,RU,394.95,361.96,31.44,7.62,so-ups.ru,false,
2024-12-09 13:00:00,Russia,Europe-Ural,RU,393.97,361.4,31.59,7.96,so-ups.ru,false,
2024-12-09 14:00:00,Russia,Europe-Ural,RU,396.87,363.83,31.11,7.39,so-ups.ru,false,
2024-12-09 15:00:00,Russia,Europe-Ural,RU,401.53,367.72,30.31,6.16,so-ups.ru,false,
2024-12-09 16:00:00,Russia,Europe-Ural,RU,403.36,369.55,30.02,5.45,so-ups.ru,false,
2024-12-09 17:00:00,Russia,Europe-Ural,RU,402.36,368.49,30.19,5.16,so-ups.ru,false,
2024-12-09 18:00:00,Russia,Europe-Ural,RU,400.35,366.16,30.52,4.64,so-ups.ru,false,
2024-12-09 19:00:00,Russia,Europe-Ural,RU,394.21,360.73,31.59,4.55,so-ups.ru,false,
2024-12-09 20:00:00,Russia,Europe-Ural,RU,390.91,358.21,32.2,4.35,so-ups.ru,false,
2024-12-09 21:00:00,Russia,Europe-Ural,RU,394.93,361.53,31.49,2.74,so-ups.ru,false,
2024-12-09 22:00:00,Russia,Europe-Ural,RU,395.73,362.01,31.34,2.35,so-ups.ru,false,
2024-12-09 23:00:00,Russia,Europe-Ural,RU,396.64,363.13,31.19,2.17,so-ups.ru,false,
2024-12-10 00:00:00,Russia,Europe-Ural,RU,398.08,364.25,30.93,2.15,so-ups.ru,false,
2024-12-10 01:00:00,Russia,Europe-Ural,RU,401.26,367.58,30.37,2.31,so-ups.ru,false,
2024-12-10 02:00:00,Russia,Europe-Ural,RU,404.72,370.54,29.77,2.87,so-ups.ru,false,
2024-12-10 03:00:00,Russia,Europe-Ural,RU,406.36,371.93,29.46,4.0,so-ups.ru,false,
2024-12-10 04:00:00,Russia,Europe-Ural,RU,407.46,372.98,29.26,4.7,so-ups.ru,false,
2024-12-10 05:00:00,Russia,Europe-Ural,RU,401.4,367.87,30.33,6.58,so-ups.ru,false,
2024-12-10 06:00:00,Russia,Europe-Ural,RU,398.3,365.08,30.84,7.28,so-ups.ru,false,
2024-12-10 07:00:00,Russia,Europe-Ural,RU,398.98,365.58,30.75,7.04,so-ups.ru,false,
2024-12-10 08:00:00,Russia,Europe-Ural,RU,400.56,366.97,30.46,6.67,so-ups.ru,false,
2024-12-10 09:00:00,Russia,Europe-Ural,RU,405.86,371.52,29.52,6.44,so-ups.ru,false,
2024-12-10 10:00:00,Russia,Europe-Ural,RU,405.89,371.36,29.52,6.47,so-ups.ru,false,
2024-12-10 11:00:00,Russia,Europe-Ural,RU,402.42,368.46,30.14,7.16,so-ups.ru,false,
2024-12-10 12:00:00,Russia,Europe-Ural,RU,399.56,366.03,30.62,7.79,so-ups.ru,false,
2024-12-10 13:00:00,Russia,Europe-Ural,RU,396.67,363.87,31.15,8.47,so-ups.ru,false,
2024-12-10 14:00:00,Russia,Europe-Ural,RU,397.24,364.37,31.06,8.23,so-ups.ru,false,
2024-12-10 15:00:00,Russia,Europe-Ural,RU,399.06,365.9,30.74,7.57,so-ups.ru,false,
2024-12-10 16:00:00,Russia,Europe-Ural,RU,400.8,367.15,30.44,6.95,so-ups.ru,false,
2024-12-10 17:00:00,Russia,Europe-Ural,RU,402.58,368.81,30.17,5.93,so-ups.ru,false,
2024-12-10 18:00:00,Russia,Europe-Ural,RU,398.28,364.64,30.89,6.28,so-ups.ru,false,
2024-12-10 19:00:00,Russia,Europe-Ural,RU,399.53,365.85,30.68,4.89,so-ups.ru,false,
2024-12-10 20:00:00,Russia,Europe-Ural,RU,396.86,362.85,31.13,4.46,so-ups.ru,false,
2024-12-10 21:00:00,Russia,Europe-Ural,RU,402.3,367.69,30.2,2.61,so-ups.ru,false,
2024-12-10 22:00:00,Russia,Europe-Ural,RU,401.68,366.93,30.29,2.31,so-ups.ru,false,
2024-12-10 23:00:00,Russia,Europe-Ural,RU,402.38,368.31,30.22,2.29,so-ups.ru,false,
2024-12-11 00:00:00,Russia,Europe-Ural,RU,402.57,368.03,30.15,2.26,so-ups.ru,false,
2024-12-11 01:00:00,Russia,Europe-Ural,RU,405.11,370.32,29.69,2.36,so-ups.ru,false,
2024-12-11 02:00:00,Russia,Europe-Ural,RU,408.39,373.18,29.1,2.92,so-ups.ru,false,
2024-12-11 03:00:00,Russia,Europe-Ural,RU,409.94,374.7,28.8,4.11,so-ups.ru,false,
2024-12-11 04:00:00,Russia,Europe-Ural,RU,409.12,374.14,28.95,5.12,so-ups.ru,false,
2024-12-11 05:00:00,Russia,Europe-Ural,RU,405.71,371.09,29.54,6.33,so-ups.ru,false,
2024-12-11 06:00:00,Russia,Europe-Ural,RU,402.11,368.19,30.15,7.19,so-ups.ru,false,
2024-12-11 07:00:00,Russia,Europe-Ural,RU,402.43,368.25,30.1,7.1,so-ups.ru,false,
2024-12-11 08:00:00,Russia,Europe-Ural,RU,406.3,371.78,29.42,6.33,so-ups.ru,false,
2024-12-11 09:00:00,Russia,Europe-Ural,RU,406.55,371.85,29.39,6.27,so-ups.ru,false,
2024-12-11 10:00:00,Russia,Europe-Ural,RU,405.98,371.22,29.48,6.36,so-ups.ru,false,
2024-12-11 11:00:00,Russia,Europe-Ural,RU,403.86,369.27,29.86,6.75,so-ups.ru,false,
2024-12-11 12:00:00,Russia,Europe-Ural,RU,402.39,368.31,30.12,7.23,so-ups.ru,false,
2024-12-11 13:00:00,Russia,Europe-Ural,RU,399.76,366.12,30.62,7.9,so-ups.ru,false,
2024-12-11 14:00:00,Russia,Europe-Ural,RU,401.49,367.92,30.34,7.62,so-ups.ru,false,
2024-12-11 15:00:00,Russia,Europe-Ural,RU,402.05,368.44,30.27,7.17,so-ups.ru,false,
2024-12-11 16:00:00,Russia,Europe-Ural,RU,405.31,371.08,29.69,6.09,so-ups.ru,false,
2024-12-11 17:00:00,Russia,Europe-Ural,RU,400.8,367.38,30.49,6.26,so-ups.ru,false,
2024-12-11 18:00:00,Russia,Europe-Ural,RU,401.02,366.91,30.43,5.48,so-ups.ru,false,
2024-12-11 19:00:00,Russia,Europe-Ural,RU,393.93,360.54,31.66,5.61,so-ups.ru,false,
2024-12-11 20:00:00,Russia,Europe-Ural,RU,394.76,360.3,31.45,4.32,so-ups.ru,false,
2024-12-11 21:00:00,Russia,Europe-Ural,RU,399.62,364.59,30.61,2.71,so-ups.ru,false,
2024-12-11 22:00:00,Russia,Europe-Ural,RU,398.76,364.1,30.78,2.47,so-ups.ru,false,
2024-12-11 23:00:00,Russia,Europe-Ural,RU,396.76,362.32,31.12,2.33,so-ups.ru,false,
2024-12-12 00:00:00,Russia,Europe-Ural,RU,397.65,363.26,30.96,2.36,so-ups.ru,false,
2024-12-12 01:00:00,Russia,Europe-Ural,RU,401.86,366.86,30.21,2.31,so-ups.ru,false,
2024-12-12 02:00:00,Russia,Europe-Ural,RU,405.7,370.47,29.55,2.81,so-ups.ru,false,
2024-12-12 03:00:00,Russia,Europe-Ural,RU,406.14,371.15,29.47,4.06,so-ups.ru,false,
2024-12-12 04:00:00,Russia,Europe-Ural,RU,404.83,370.32,29.72,5.11,so-ups.ru,false,
2024-12-12 05:00:00,Russia,Europe-Ural,RU,399.85,366.26,30.59,6.81,so-ups.ru,false,
2024-12-12 06:00:00,Russia,Europe-Ural,RU,398.29,364.94,30.86,7.32,so-ups.ru,false,
2024-12-12 07:00:00,Russia,Europe-Ural,RU,396.12,362.66,31.23,7.22,so-ups.ru,false,
2024-12-12 08:00:00,Russia,Europe-Ural,RU,397.13,363.7,31.06,6.9,so-ups.ru,false,
2024-12-12 09:00:00,Russia,Europe-Ural,RU,398.18,364.23,30.84,6.55,so-ups.ru,false,
2024-12-12 10:00:00,Russia,Europe-Ural,RU,397.68,363.98,30.95,6.75,so-ups.ru,false,
2024-12-12 11:00:00,Russia,Europe-Ural,RU,396.67,363.04,31.14,6.96,so-ups.ru,false,
2024-12-12 12:00:00,Russia,Europe-Ural,RU,392.63,359.95,31.86,7.97,so-ups.ru,false,
2024-12-12 13:00:00,Russia,Europe-Ural,RU,390.56,357.74,32.19,8.3,so-ups.ru,false,
2024-12-12 14:00:00,Russia,Europe-Ural,RU,391.55,358.95,32.05,8.09,so-ups.ru,false,
2024-12-12 15:00:00,Russia,Europe-Ural,RU,396.18,363.36,31.25,7.0,so-ups.ru,false,
2024-12-12 16:00:00,Russia,Europe-Ural,RU,395.55,362.58,31.37,6.71,so-ups.ru,false,
2024-12-12 17:00:00,Russia,Europe-Ural,RU,397.19,363.91,31.1,5.88,so-ups.ru,false,
2024-12-12 18:00:00,Russia,Europe-Ural,RU,393.04,359.92,31.81,5.96,so-ups.ru,false,
2024-12-12 19:00:00,Russia,Europe-Ural,RU,394.03,360.61,31.65,4.74,so-ups.ru,false,
2024-12-12 20:00:00,Russia,Europe-Ural,RU,385.71,352.86,33.07,5.23,so-ups.ru,false,
2024-12-12 21:00:00,Russia,Europe-Ural,RU,393.54,359.58,31.65,2.97,so-ups.ru,false,
2024-12-12 22:00:00,Russia,Europe-Ural,RU,393.34,359.15,31.69,2.71,so-ups.ru,false,
2024-12-12 23:00:00,Russia,Europe-Ural,RU,392.79,359.02,31.81,2.61,so-ups.ru,false,
2024-12-13 00:00:00,Russia,Europe-Ural,RU,393.77,359.41,31.59,2.56,so-ups.ru,false,
2024-12-13 01:00:00,Russia,Europe-Ural,RU,396.75,362.31,31.08,2.66,so-ups.ru,false,
2024-12-13 02:00:00,Russia,Europe-Ural,RU,402.71,367.72,30.06,2.86,so-ups.ru,false,
2024-12-13 03:00:00,Russia,Europe-Ural,RU,403.87,368.55,29.84,4.05,so-ups.ru,false,
2024-12-13 04:00:00,Russia,Europe-Ural,RU,403.78,368.88,29.84,5.08,so-ups.ru,false,
2024-12-13 05:00:00,Russia,Europe-Ural,RU,399.18,365.23,30.66,6.7,so-ups.ru,false,
2024-12-13 06:00:00,Russia,Europe-Ural,RU,398.82,364.88,30.69,6.93,so-ups.ru,false,
2024-12-13 07:00:00,Russia,Europe-Ural,RU,398.32,364.24,30.79,6.96,so-ups.ru,false,
2024-12-13 08:00:00,Russia,Europe-Ural,RU,400.03,365.62,30.51,6.48,so-ups.ru,false,
2024-12-13 09:00:00,Russia,Europe-Ural,RU,400.66,366.21,30.41,6.45,so-ups.ru,false,
2024-12-13 10:00:00,Russia,Europe-Ural,RU,401.6,366.86,30.23,6.19,so-ups.ru,false,
2024-12-13 11:00:00,Russia,Europe-Ural,RU,399.3,365.1,30.62,6.74,so-ups.ru,false,
2024-12-13 12:00:00,Russia,Europe-Ural,RU,397.01,362.93,31.02,7.17,so-ups.ru,false,
2024-12-13 13:00:00,Russia,Europe-Ural,RU,393.45,359.89,31.64,7.95,so-ups.ru,false,
2024-12-13 14:00:00,Russia,Europe-Ural,RU,393.98,360.88,31.58,7.9,so-ups.ru,false,
2024-12-13 15:00:00,Russia,Europe-Ural,RU,397.53,363.7,30.96,6.98,so-ups.ru,false,
2024-12-13 16:00:00,Russia,Europe-Ural,RU,399.94,365.73,30.54,6.12,so-ups.ru,false,
2024-12-13 17:00:00,Russia,Europe-Ural,RU,396.99,363.08,31.05,6.17,so-ups.ru,false,
2024-12-13 18:00:00,Russia,Europe-Ural,RU,396.9,362.86,31.07,5.47,so-ups.ru,false,
2024-12-13 19:00:00,Russia,Europe-Ural,RU,394.72,360.94,31.46,4.99,so-ups.ru,false,
2024-12-13 20:00:00,Russia,Europe-Ural,RU,396.03,361.56,31.21,3.72,so-ups.ru,false,
2024-12-13 21:00:00,Russia,Europe-Ural,RU,395.2,360.2,31.32,2.79,so-ups.ru,false,
2024-12-13 22:00:00,Russia,Europe-Ural,RU,393.61,358.94,31.6,2.72,so-ups.ru,false,
2024-12-13 23:00:00,Russia,Europe-Ural,RU,393.14,358.87,31.71,2.67,so-ups.ru,false,
2024-12-14 00:00:00,Russia,Europe-Ural,RU,394.23,359.66,31.52,2.56,so-ups.ru,false,
2024-12-14 01:00:00,Russia,Europe-Ural,RU,395.86,360.85,31.19,2.64,so-ups.ru,false,
2024-12-14 02:00:00,Russia,Europe-Ural,RU,400.02,364.74,30.5,2.74,so-ups.ru,false,
2024-12-14 03:00:00,Russia,Europe-Ural,RU,398.45,363.79,30.78,3.84,so-ups.ru,false,
2024-12-14 04:00:00,Russia,Europe-Ural,RU,402.11,367.16,30.14,4.04,so-ups.ru,false,
2024-12-14 05:00:00,Russia,Europe-Ural,RU,407.31,371.85,29.24,4.11,so-ups.ru,false,
2024-12-14 06:00:00,Russia,Europe-Ural,RU,404.87,370.2,29.71,5.13,so-ups.ru,false,
2024-12-14 07:00:00,Russia,Europe-Ural,RU,400.46,366.52,30.47,6.17,so-ups.ru,false,
2024-12-14 08:00:00,Russia,Europe-Ural,RU,402.16,367.71,30.17,5.84,so-ups.ru,false,
2024-12-14 09:00:00,Russia,Europe-Ural,RU,404.22,369.12,29.8,5.25,so-ups.ru,false,
2024-12-14 10:00:00,Russia,Europe-Ural,RU,403.74,369.19,29.91,5.43,so-ups.ru,false,
2024-12-14 11:00:00,Russia,Europe-Ural,RU,399.87,365.79,30.57,6.22,so-ups.ru,false,
2024-12-14 12:00:00,Russia,Europe-Ural,RU,395.64,362.08,31.31,7.19,so-ups.ru,false,
2024-12-14 13:00:00,Russia,Europe-Ural,RU,394.2,361.04,31.57,7.8,so-ups.ru,false,
2024-12-14 14:00:00,Russia,Europe-Ural,RU,392.11,359.24,31.91,8.02,so-ups.ru,false,
2024-12-14 15:00:00,Russia,Europe-Ural,RU,392.07,359.35,31.93,7.72,so-ups.ru,false,
2024-12-14 16:00:00,Russia,Europe-Ural,RU,395.24,361.98,31.36,6.81,so-ups.ru,false,
2024-12-14 17:00:00,Russia,Europe-Ural,RU,401.05,366.89,30.38,5.26,so-ups.ru,false,
2024-12-14 18:00:00,Russia,Europe-Ural,RU,392.91,359.38,31.76,5.89,so-ups.ru,false,
2024-12-14 19:00:00,Russia,Europe-Ural,RU,391.3,358.04,32.05,5.31,so-ups.ru,false,
2024-12-14 20:00:00,Russia,Europe-Ural,RU,393.82,359.69,31.59,3.98,so-ups.ru,false,
2024-12-14 21:00:00,Russia,Europe-Ural,RU,396.62,361.73,31.09,2.72,so-ups.ru,false,
2024-12-14 22:00:00,Russia,Europe-Ural,RU,394.96,360.04,31.35,2.74,so-ups.ru,false,
2024-12-14 23:00:00,Russia,Europe-Ural,RU,394.25,359.68,31.48,2.66,so-ups.ru,false,
2024-12-15 00:00:00,Russia,Europe-Ural,RU,393.53,359.02,31.64,2.76,so-ups.ru,false,
2024-12-15 01:00:00,Russia,Europe-Ural,RU,395.62,360.8,31.26,2.7,so-ups.ru,false,
2024-12-15 02:00:00,Russia,Europe-Ural,RU,398.23,363.23,30.78,2.69,so-ups.ru,false,
2024-12-15 03:00:00,Russia,Europe-Ural,RU,396.83,361.95,31.04,3.74,so-ups.ru,false,
2024-12-15 04:00:00,Russia,Europe-Ural,RU,399.32,363.99,30.59,3.89,so-ups.ru,false,
2024-12-15 05:00:00,Russia,Europe-Ural,RU,403.74,368.21,29.83,4.13,so-ups.ru,false,
2024-12-15 06:00:00,Russia,Europe-Ural,RU,401.66,366.88,30.22,5.18,so-ups.ru,false,
2024-12-15 07:00:00,Russia,Europe-Ural,RU,402.05,367.21,30.16,5.37,so-ups.ru,false,
2024-12-15 08:00:00,Russia,Europe-Ural,RU,402.89,367.76,30.01,5.19,so-ups.ru,false,
2024-12-15 09:00:00,Russia,Europe-Ural,RU,403.49,368.25,29.9,5.14,so-ups.ru,false,
2024-12-15 10:00:00,Russia,Europe-Ural,RU,401.96,366.9,30.17,5.51,so-ups.ru,false,
2024-12-15 11:00:00,Russia,Europe-Ural,RU,399.46,364.75,30.62,6.15,so-ups.ru,false,
2024-12-15 12:00:00,Russia,Europe-Ural,RU,396.14,362.09,31.2,6.91,so-ups.ru,false,
2024-12-15 13:00:00,Russia,Europe-Ural,RU,391.11,358.21,32.1,8.3,so-ups.ru,false,
2024-12-15 14:00:00,Russia,Europe-Ural,RU,390.86,358.13,32.15,8.41,so-ups.ru,false,
2024-12-15 15:00:00,Russia,Europe-Ural,RU,394.77,361.42,31.47,7.43,so-ups.ru,false,
2024-12-15 16:00:00,Russia,Europe-Ural,RU,397.87,363.98,30.93,6.5,so-ups.ru,false,
2024-12-15 17:00:00,Russia,Europe-Ural,RU,402.61,367.68,30.08,5.06,so-ups.ru,false,
2024-12-15 18:00:00,Russia,Europe-Ural,RU,402.15,366.81,30.14,4.26,so-ups.ru,false,
2024-12-15 19:00:00,Russia,Europe-Ural,RU,392.62,358.57,31.8,4.76,so-ups.ru,false,
2024-12-15 20:00:00,Russia,Europe-Ural,RU,392.34,358.03,31.83,3.94,so-ups.ru,false,
2024-12-15 21:00:00,Russia,Europe-Ural,RU,392.48,357.78,31.79,2.95,so-ups.ru,false,
2024-12-15 22:00:00,Russia,Europe-Ural,RU,392.11,356.82,31.81,2.56,so-ups.ru,false,
2024-12-15 23:00:00,Russia,Europe-Ural,RU,392.41,357.63,31.8,2.48,so-ups.ru,false,
2024-12-16 00:00:00,Russia,Europe-Ural,RU,394.3,359.11,31.44,2.35,so-ups.ru,false,
2024-12-16 01:00:00,Russia,Europe-Ural,RU,397.82,362.49,30.84,2.55,so-ups.ru,false,
2024-12-16 02:00:00,Russia,Europe-Ural,RU,402.59,366.68,30.01,2.78,so-ups.ru,false,
2024-12-16 03:00:00,Russia,Europe-Ural,RU,403.9,368.35,29.79,4.1,so-ups.ru,false,
2024-12-16 04:00:00,Russia,Europe-Ural,RU,404.78,369.21,29.65,4.75,so-ups.ru,false,
2024-12-16 05:00:00,Russia,Europe-Ural,RU,400.74,365.62,30.35,6.23,so-ups.ru,false,
2024-12-16 06:00:00,Russia,Europe-Ural,RU,396.79,362.92,31.04,7.48,so-ups.ru,false,
2024-12-16 07:00:00,Russia,Europe-Ural,RU,397.24,362.64,30.96,7.19,so-ups.ru,false,
2024-12-16 08:00:00,Russia,Europe-Ural,RU,399.74,365.07,30.52,6.59,so-ups.ru,false,
2024-12-16 09:00:00,Russia,Europe-Ural,RU,400.04,365.83,30.5,6.71,so-ups.ru,false,
2024-12-16 10:00:00,Russia,Europe-Ural,RU,400.77,366.31,30.38,6.6,so-ups.ru,false,
2024-12-16 11:00:00,Russia,Europe-Ural,RU,398.42,364.32,30.79,7.03,so-ups.ru,false,
2024-12-16 12:00:00,Russia,Europe-Ural,RU,394.94,361.68,31.4,7.89,so-ups.ru,false,
2024-12-16 13:00:00,Russia,Europe-Ural,RU,394.32,361.2,31.51,8.16,so-ups.ru,false,
2024-12-16 14:00:00,Russia,Europe-Ural,RU,395.52,362.42,31.33,7.89,so-ups.ru,false,
2024-12-16 15:00:00,Russia,Europe-Ural,RU,398.92,365.14,30.71,6.78,so-ups.ru,false,
2024-12-16 16:00:00,Russia,Europe-Ural,RU,401.84,367.64,30.23,5.95,so-ups.ru,false,
2024-12-16 17:00:00,Russia,Europe-Ural,RU,402.54,368.03,30.1,5.1,so-ups.ru,false,
2024-12-16 18:00:00,Russia,Europe-Ural,RU,401.11,366.32,30.35,4.47,so-ups.ru,false,
2024-12-16 19:00:00,Russia,Europe-Ural,RU,395.61,361.76,31.33,4.39,so-ups.ru,false,
2024-12-16 20:00:00,Russia,Europe-Ural,RU,392.43,358.58,31.86,3.95,so-ups.ru,false,
2024-12-16 21:00:00,Russia,Europe-Ural,RU,393.0,358.57,31.73,2.86,so-ups.ru,false,
2024-12-16 22:00:00,Russia,Europe-Ural,RU,392.85,358.16,31.74,2.45,so-ups.ru,false,
2024-12-16 23:00:00,Russia,Europe-Ural,RU,392.46,357.54,31.79,2.32,so-ups.ru,false,
2024-12-17 00:00:00,Russia,Europe-Ural,RU,393.26,358.41,31.66,2.37,so-ups.ru,false,
2024-12-17 01:00:00,Russia,Europe-Ural,RU,395.93,361.13,31.19,2.6,so-ups.ru,false,
2024-12-17 02:00:00,Russia,Europe-Ural,RU,401.73,366.55,30.2,2.84,so-ups.ru,false,
2024-12-17 03:00:00,Russia,Europe-Ural,RU,402.88,368.01,30.02,4.13,so-ups.ru,false,
2024-12-17 04:00:00,Russia,Europe-Ural,RU,402.67,367.79,30.04,5.05,so-ups.ru,false,
2024-12-17 05:00:00,Russia,Europe-Ural,RU,397.46,363.65,30.96,6.69,so-ups.ru,false,
2024-12-17 06:00:00,Russia,Europe-Ural,RU,395.61,361.92,31.27,7.14,so-ups.ru,false,
2024-12-17 07:00:00,Russia,Europe-Ural,RU,396.38,362.77,31.15,6.95,so-ups.ru,false,
2024-12-17 08:00:00,Russia,Europe-Ural,RU,397.96,363.83,30.87,6.45,so-ups.ru,false,
2024-12-17 09:00:00,Russia,Europe-Ural,RU,399.89,365.55,30.53,6.13,so-ups.ru,false,
2024-12-17 10:00:00,Russia,Europe-Ural,RU,397.88,363.98,30.89,6.57,so-ups.ru,false,
2024-12-17 11:00:00,Russia,Europe-Ural,RU,396.46,362.76,31.13,7.04,so-ups.ru,false,
2024-12-17 12:00:00,Russia,Europe-Ural,RU,394.39,361.05,31.5,7.56,so-ups.ru,false,
2024-12-17 13:00:00,Russia,Europe-Ural,RU,390.83,357.85,32.12,8.31,so-ups.ru,false,
2024-12-17 14:00:00,Russia,Europe-Ural,RU,393.32,360.61,31.71,7.93,so-ups.ru,false,
2024-12-17 15:00:00,Russia,Europe-Ural,RU,396.17,363.2,31.23,7.2,so-ups.ru,false,
2024-12-17 16:00:00,Russia,Europe-Ural,RU,401.99,367.85,30.21,5.66,so-ups.ru,false,
2024-12-17 17:00:00,Russia,Europe-Ural,RU,400.35,366.76,30.52,5.34,so-ups.ru,false,
2024-12-17 18:00:00,Russia,Europe-Ural,RU,401.05,366.82,30.39,4.56,so-ups.ru,false,
2024-12-17 19:00:00,Russia,Europe-Ural,RU,395.68,362.04,31.32,4.47,so-ups.ru,false,
2024-12-17 20:00:00,Russia,Europe-Ural,RU,392.91,359.46,31.8,4.02,so-ups.ru,false,
2024-12-17 21:00:00,Russia,Europe-Ural,RU,396.54,362.96,31.2,2.78,so-ups.ru,false,
2024-12-17 22:00:00,Russia,Europe-Ural,RU,396.28,362.42,31.23,2.55,so-ups.ru,false,
2024-12-17 23:00:00,Russia,Europe-Ural,RU,395.54,361.93,31.36,2.54,so-ups.ru,false,
2024-12-18 00:00:00,Russia,Europe-Ural,RU,395.8,362.11,31.31,2.6,so-ups.ru,false,
2024-12-18 01:00:00,Russia,Europe-Ural,RU,399.85,366.05,30.6,2.58,so-ups.ru,false,
2024-12-18 02:00:00,Russia,Europe-Ural,RU,404.85,370.33,29.72,2.86,so-ups.ru,false,
2024-12-18 03:00:00,Russia,Europe-Ural,RU,406.1,371.25,29.47,4.05,so-ups.ru,false,
2024-12-18 04:00:00,Russia,Europe-Ural,RU,405.73,370.64,29.52,4.79,so-ups.ru,false,
2024-12-18 05:00:00,Russia,Europe-Ural,RU,400.71,366.48,30.4,6.5,so-ups.ru,false,
2024-12-18 06:00:00,Russia,Europe-Ural,RU,399.01,365.06,30.69,6.98,so-ups.ru,false,
2024-12-18 07:00:00,Russia,Europe-Ural,RU,398.24,364.15,30.82,6.93,so-ups.ru,false,
2024-12-18 08:00:00,Russia,Europe-Ural,RU,399.37,365.21,30.63,6.59,so-ups.ru,false,
2024-12-18 09:00:00,Russia,Europe-Ural,RU,400.01,365.96,30.52,6.58,so-ups.ru,false,
2024-12-18 10:00:00,Russia,Europe-Ural,RU,399.58,365.5,30.6,6.69,so-ups.ru,false,
2024-12-18 11:00:00,Russia,Europe-Ural,RU,398.37,364.49,30.81,6.95,so-ups.ru,false,
2024-12-18 12:00:00,Russia,Europe-Ural,RU,393.24,360.22,31.71,8.07,so-ups.ru,false,
2024-12-18 13:00:00,Russia,Europe-Ural,RU,392.39,359.53,31.85,8.52,so-ups.ru,false,
2024-12-18 14:00:00,Russia,Europe-Ural,RU,391.43,358.53,32.0,8.53,so-ups.ru,false,
2024-12-18 15:00:00,Russia,Europe-Ural,RU,395.78,362.56,31.27,7.46,so-ups.ru,false,
2024-12-18 16:00:00,Russia,Europe-Ural,RU,398.24,364.69,30.83,6.62,so-ups.ru,false,
2024-12-18 17:00:00,Russia,Europe-Ural,RU,396.55,363.48,31.17,6.46,so-ups.ru,false,
2024-12-18 18:00:00,Russia,Europe-Ural,RU,398.81,364.45,30.74,5.18,so-ups.ru,false,
2024-12-18 19:00:00,Russia,Europe-Ural,RU,393.69,360.19,31.66,5.26,so-ups.ru,false,
2024-12-18 20:00:00,Russia,Europe-Ural,RU,394.12,359.72,31.53,4.04,so-ups.ru,false,
2024-12-18 21:00:00,Russia,Europe-Ural,RU,397.85,362.86,30.89,2.62,so-ups.ru,false,
2024-12-18 22:00:00,Russia,Europe-Ural,RU,397.43,361.88,30.92,2.28,so-ups.ru,false,
2024-12-18 23:00:00,Russia,Europe-Ural,RU,397.33,362.71,31.0,2.37,so-ups.ru,false,
2024-12-19 00:00:00,Russia,Europe-Ural,RU,398.05,362.76,30.83,2.28,so-ups.ru,false,
2024-12-19 01:00:00,Russia,Europe-Ural,RU,402.79,367.51,30.01,2.32,so-ups.ru,false,
2024-12-19 02:00:00,Russia,Europe-Ural,RU,407.29,371.57,29.24,2.63,so-ups.ru,false,
2024-12-19 03:00:00,Russia,Europe-Ural,RU,405.64,370.46,29.51,4.27,so-ups.ru,false,
2024-12-19 04:00:00,Russia,Europe-Ural,RU,408.91,373.75,28.97,4.81,so-ups.ru,false,
2024-12-19 05:00:00,Russia,Europe-Ural,RU,405.56,370.6,29.53,6.09,so-ups.ru,false,
2024-12-19 06:00:00,Russia,Europe-Ural,RU,404.13,369.0,29.76,6.35,so-ups.ru,false,
2024-12-19 07:00:00,Russia,Europe-Ural,RU,402.28,367.84,30.11,6.81,so-ups.ru,false,
2024-12-19 08:00:00,Russia,Europe-Ural,RU,402.93,368.21,30.0,6.56,so-ups.ru,false,
2024-12-19 09:00:00,Russia,Europe-Ural,RU,401.66,367.17,30.22,6.87,so-ups.ru,false,
2024-12-19 10:00:00,Russia,Europe-Ural,RU,403.96,369.29,29.82,6.52,so-ups.ru,false,
2024-12-19 11:00:00,Russia,Europe-Ural,RU,399.75,365.38,30.54,7.28,so-ups.ru,false,
2024-12-19 12:00:00,Russia,Europe-Ural,RU,397.52,364.21,30.95,7.87,so-ups.ru,false,
2024-12-19 13:00:00,Russia,Europe-Ural,RU,394.75,361.46,31.43,8.37,so-ups.ru,false,
2024-12-19 14:00:00,Russia,Europe-Ural,RU,393.44,360.37,31.66,8.53,so-ups.ru,false,
2024-12-19 15:00:00,Russia,Europe-Ural,RU,396.56,363.02,31.11,7.6,so-ups.ru,false,
2024-12-19 16:00:00,Russia,Europe-Ural,RU,398.64,364.83,30.78,6.96,so-ups.ru,false,
2024-12-19 17:00:00,Russia,Europe-Ural,RU,398.24,364.22,30.84,6.32,so-ups.ru,false,
2024-12-19 18:00:00,Russia,Europe-Ural,RU,398.88,364.37,30.72,5.39,so-ups.ru,false,
2024-12-19 19:00:00,Russia,Europe-Ural,RU,396.34,362.56,31.2,5.0,so-ups.ru,false,
2024-12-19 20:00:00,Russia,Europe-Ural,RU,395.32,360.82,31.33,4.1,so-ups.ru,false,
2024-12-19 21:00:00,Russia,Europe-Ural,RU,398.89,363.36,30.68,2.49,so-ups.ru,false,
2024-12-19 22:00:00,Russia,Europe-Ural,RU,398.01,362.48,30.82,2.35,so-ups.ru,false,
2024-12-19 23:00:00,Russia,Europe-Ural,RU,398.09,363.02,30.84,2.42,so-ups.ru,false,
2024-12-20 00:00:00,Russia,Europe-Ural,RU,399.14,363.95,30.64,2.44,so-ups.ru,false,
2024-12-20 01:00:00,Russia,Europe-Ural,RU,402.65,367.28,30.03,2.49,so-ups.ru,false,
2024-12-20 02:00:00,Russia,Europe-Ural,RU,407.49,371.7,29.21,2.72,so-ups.ru,false,
2024-12-20 03:00:00,Russia,Europe-Ural,RU,406.36,371.13,29.4,4.32,so-ups.ru,false,
2024-12-20 04:00:00,Russia,Europe-Ural,RU,401.98,367.34,30.16,5.93,so-ups.ru,false,
2024-12-20 05:00:00,Russia,Europe-Ural,RU,398.37,364.46,30.79,7.26,so-ups.ru,false,
2024-12-20 06:00:00,Russia,Europe-Ural,RU,396.95,363.41,31.04,7.7,so-ups.ru,false,
2024-12-20 07:00:00,Russia,Europe-Ural,RU,398.55,364.7,30.75,7.39,so-ups.ru,false,
2024-12-20 08:00:00,Russia,Europe-Ural,RU,401.66,367.08,30.21,6.55,so-ups.ru,false,
2024-12-20 09:00:00,Russia,Europe-Ural,RU,401.04,366.48,30.33,6.56,so-ups.ru,false,
2024-12-20 10:00:00,Russia,Europe-Ural,RU,401.24,366.79,30.3,6.6,so-ups.ru,false,
2024-12-20 11:00:00,Russia,Europe-Ural,RU,400.96,366.63,30.35,6.67,so-ups.ru,false,
2024-12-20 12:00:00,Russia,Europe-Ural,RU,399.46,365.91,30.64,7.22,so-ups.ru,false,
2024-12-20 13:00:00,Russia,Europe-Ural,RU,395.54,362.36,31.32,8.07,so-ups.ru,false,
2024-12-20 14:00:00,Russia,Europe-Ural,RU,394.34,361.55,31.53,8.22,so-ups.ru,false,
2024-12-20 15:00:00,Russia,Europe-Ural,RU,399.06,365.71,30.72,6.98,so-ups.ru,false,
2024-12-20 16:00:00,Russia,Europe-Ural,RU,401.0,367.25,30.39,6.2,so-ups.ru,false,
2024-12-20 17:00:00,Russia,Europe-Ural,RU,398.22,364.36,30.87,5.96,so-ups.ru,false,
2024-12-20 18:00:00,Russia,Europe-Ural,RU,394.78,361.04,31.45,5.89,so-ups.ru,false,
2024-12-20 19:00:00,Russia,Europe-Ural,RU,394.36,360.71,31.54,4.97,so-ups.ru,false,
2024-12-20 20:00:00,Russia,Europe-Ural,RU,395.22,360.87,31.36,3.91,so-ups.ru,false,
2024-12-20 21:00:00,Russia,Europe-Ural,RU,398.72,363.87,30.75,2.6,so-ups.ru,false,
2024-12-20 22:00:00,Russia,Europe-Ural,RU,398.58,363.81,30.78,2.54,so-ups.ru,false,
2024-12-20 23:00:00,Russia,Europe-Ural,RU,399.06,364.64,30.71,2.53,so-ups.ru,false,
2024-12-21 00:00:00,Russia,Europe-Ural,RU,399.86,365.64,30.65,2.52,so-ups.ru,false,
2024-12-21 01:00:00,Russia,Europe-Ural,RU,401.12,366.61,30.4,2.64,so-ups.ru,false,
2024-12-21 02:00:00,Russia,Europe-Ural,RU,403.54,368.27,29.93,2.7,so-ups.ru,false,
2024-12-21 03:00:00,Russia,Europe-Ural,RU,402.63,368.18,30.12,3.97,so-ups.ru,false,
2024-12-21 04:00:00,Russia,Europe-Ural,RU,406.42,371.1,29.41,3.97,so-ups.ru,false,
2024-12-21 05:00:00,Russia,Europe-Ural,RU,409.36,374.04,28.92,4.41,so-ups.ru,false,
2024-12-21 06:00:00,Russia,Europe-Ural,RU,404.8,370.57,29.71,5.72,so-ups.ru,false,
2024-12-21 07:00:00,Russia,Europe-Ural,RU,403.4,369.49,29.97,6.28,so-ups.ru,false,
2024-12-21 08:00:00,Russia,Europe-Ural,RU,404.86,370.35,29.72,5.86,so-ups.ru,false,
2024-12-21 09:00:00,Russia,Europe-Ural,RU,406.19,371.67,29.5,5.63,so-ups.ru,false,
2024-12-21 10:00:00,Russia,Europe-Ural,RU,406.13,371.73,29.51,5.69,so-ups.ru,false,
2024-12-21 11:00:00,Russia,Europe-Ural,RU,403.85,369.57,29.9,6.1,so-ups.ru,false,
2024-12-21 12:00:00,Russia,Europe-Ural,RU,400.38,366.86,30.54,6.95,so-ups.ru,false,
2024-12-21 13:00:00,Russia,Europe-Ural,RU,397.86,364.59,30.98,7.61,so-ups.ru,false,
2024-12-21 14:00:00,Russia,Europe-Ural,RU,396.46,363.5,31.23,7.81,so-ups.ru,false,
2024-12-21 15:00:00,Russia,Europe-Ural,RU,398.58,365.25,30.83,7.03,so-ups.ru,false,
2024-12-21 16:00:00,Russia,Europe-Ural,RU,400.26,366.63,30.55,6.32,so-ups.ru,false,
2024-12-21 17:00:00,Russia,Europe-Ural,RU,405.18,370.75,29.71,4.92,so-ups.ru,false,
2024-12-21 18:00:00,Russia,Europe-Ural,RU,398.63,364.97,30.85,5.15,so-ups.ru,false,
2024-12-21 19:00:00,Russia,Europe-Ural,RU,396.42,363.17,31.22,4.59,so-ups.ru,false,
2024-12-21 20:00:00,Russia,Europe-Ural,RU,398.2,364.55,30.93,3.45,so-ups.ru,false,
2024-12-21 21:00:00,Russia,Europe-Ural,RU,396.73,362.85,31.14,2.89,so-ups.ru,false,
2024-12-21 22:00:00,Russia,Europe-Ural,RU,393.47,359.6,31.69,2.9,so-ups.ru,false,
2024-12-21 23:00:00,Russia,Europe-Ural,RU,391.75,358.16,32.01,2.87,so-ups.ru,false,
2024-12-22 00:00:00,Russia,Europe-Ural,RU,392.38,358.56,31.9,2.76,so-ups.ru,false,
2024-12-22 01:00:00,Russia,Europe-Ural,RU,393.77,360.14,31.66,2.79,so-ups.ru,false,
2024-12-22 02:00:00,Russia,Europe-Ural,RU,397.79,363.8,30.97,2.84,so-ups.ru,false,
2024-12-22 03:00:00,Russia,Europe-Ural,RU,396.69,362.89,31.15,3.83,so-ups.ru,false,
2024-12-22 04:00:00,Russia,Europe-Ural,RU,399.72,365.9,30.61,4.02,so-ups.ru,false,
2024-12-22 05:00:00,Russia,Europe-Ural,RU,403.02,368.99,30.05,4.18,so-ups.ru,false,
2024-12-22 06:00:00,Russia,Europe-Ural,RU,404.63,370.25,29.77,4.47,so-ups.ru,false,
2024-12-22 07:00:00,Russia,Europe-Ural,RU,402.85,368.75,30.07,4.96,so-ups.ru,false,
2024-12-22 08:00:00,Russia,Europe-Ural,RU,402.34,368.06,30.17,5.15,so-ups.ru,false,
2024-12-22 09:00:00,Russia,Europe-Ural,RU,404.3,369.61,29.82,4.71,so-ups.ru,false,
2024-12-22 10:00:00,Russia,Europe-Ural,RU,402.17,367.78,30.18,5.23,so-ups.ru,false,
2024-12-22 11:00:00,Russia,Europe-Ural,RU,399.69,365.76,30.61,5.87,so-ups.ru,false,
2024-12-22 12:00:00,Russia,Europe-Ural,RU,396.69,363.04,31.13,6.69,so-ups.ru,false,
2024-12-22 13:00:00,Russia,Europe-Ural,RU,392.51,359.71,31.87,7.8,so-ups.ru,false,
2024-12-22 14:00:00,Russia,Europe-Ural,RU,390.3,358.27,32.28,8.28,so-ups.ru,false,
2024-12-22 15:00:00,Russia,Europe-Ural,RU,393.74,361.14,31.67,7.4,so-ups.ru,false,
2024-12-22 16:00:00,Russia,Europe-Ural,RU,396.35,363.43,31.21,6.56,so-ups.ru,false,
2024-12-22 17:00:00,Russia,Europe-Ural,RU,404.15,369.85,29.86,4.67,so-ups.ru,false,
2024-12-22 18:00:00,Russia,Europe-Ural,RU,400.6,366.71,30.48,4.62,so-ups.ru,false,
2024-12-22 19:00:00,Russia,Europe-Ural,RU,398.15,364.29,30.89,4.12,so-ups.ru,false,
2024-12-22 20:00:00,Russia,Europe-Ural,RU,396.69,362.79,31.13,3.36,so-ups.ru,false,
2024-12-22 21:00:00,Russia,Europe-Ural,RU,395.45,361.12,31.33,2.89,so-ups.ru,false,
2024-12-22 22:00:00,Russia,Europe-Ural,RU,393.61,360.11,31.67,2.9,so-ups.ru,false,
2024-12-22 23:00:00,Russia,Europe-Ural,RU,392.19,358.64,31.9,2.8,so-ups.ru,false,
2024-12-23 00:00:00,Russia,Europe-Ural,RU,394.35,360.58,31.52,2.77,so-ups.ru,false,
2024-12-23 01:00:00,Russia,Europe-Ural,RU,397.86,363.93,30.91,2.77,so-ups.ru,false,
2024-12-23 02:00:00,Russia,Europe-Ural,RU,404.13,369.28,29.81,2.79,so-ups.ru,false,
2024-12-23 03:00:00,Russia,Europe-Ural,RU,405.95,371.37,29.49,4.05,so-ups.ru,false,
2024-12-23 04:00:00,Russia,Europe-Ural,RU,408.92,374.12,28.98,4.6,so-ups.ru,false,
2024-12-23 05:00:00,Russia,Europe-Ural,RU,403.1,369.06,30.0,6.36,so-ups.ru,false,
2024-12-23 06:00:00,Russia,Europe-Ural,RU,401.19,367.61,30.33,6.86,so-ups.ru,false,
2024-12-23 07:00:00,Russia,Europe-Ural,RU,400.14,366.86,30.53,7.18,so-ups.ru,false,
2024-12-23 08:00:00,Russia,Europe-Ural,RU,401.91,368.21,30.23,6.69,so-ups.ru,false,
2024-12-23 09:00:00,Russia,Europe-Ural,RU,401.98,367.94,30.19,6.56,so-ups.ru,false,
2024-12-23 10:00:00,Russia,Europe-Ural,RU,401.56,367.72,30.28,6.71,so-ups.ru,false,
2024-12-23 11:00:00,Russia,Europe-Ural,RU,400.01,366.29,30.54,6.99,so-ups.ru,false,
2024-12-23 12:00:00,Russia,Europe-Ural,RU,398.24,364.93,30.85,7.37,so-ups.ru,false,
2024-12-23 13:00:00,Russia,Europe-Ural,RU,395.39,362.67,31.36,8.04,so-ups.ru,false,
2024-12-23 14:00:00,Russia,Europe-Ural,RU,395.1,362.29,31.4,7.86,so-ups.ru,false,
2024-12-23 15:00:00,Russia,Europe-Ural,RU,397.47,364.38,31.0,7.22,so-ups.ru,false,
2024-12-23 16:00:00,Russia,Europe-Ural,RU,398.96,365.51,30.74,6.57,so-ups.ru,false,
2024-12-23 17:00:00,Russia,Europe-Ural,RU,399.57,365.6,30.62,5.92,so-ups.ru,false,
2024-12-23 18:00:00,Russia,Europe-Ural,RU,399.68,365.87,30.63,5.2,so-ups.ru,false,
2024-12-23 19:00:00,Russia,Europe-Ural,RU,395.48,362.15,31.36,4.82,so-ups.ru,false,
2024-12-23 20:00:00,Russia,Europe-Ural,RU,397.81,363.61,30.93,3.34,so-ups.ru,false,
2024-12-23 21:00:00,Russia,Europe-Ural,RU,395.44,361.75,31.36,3.09,so-ups.ru,false,
2024-12-23 22:00:00,Russia,Europe-Ural,RU,394.21,360.24,31.55,2.92,so-ups.ru,false,
2024-12-23 23:00:00,Russia,Europe-Ural,RU,394.24,360.73,31.55,2.8,so-ups.ru,false,
2024-12-24 00:00:00,Russia,Europe-Ural,RU,395.41,361.54,31.33,2.79,so-ups.ru,false,
2024-12-24 01:00:00,Russia,Europe-Ural,RU,399.94,365.92,30.57,2.81,so-ups.ru,false,
2024-12-24 02:00:00,Russia,Europe-Ural,RU,405.76,370.99,29.55,2.87,so-ups.ru,false,
2024-12-24 03:00:00,Russia,Europe-Ural,RU,405.63,371.3,29.57,4.32,so-ups.ru,false,
2024-12-24 04:00:00,Russia,Europe-Ural,RU,406.0,371.52,29.49,5.01,so-ups.ru,false,
2024-12-24 05:00:00,Russia,Europe-Ural,RU,399.41,365.52,30.62,6.9,so-ups.ru,false,
2024-12-24 06:00:00,Russia,Europe-Ural,RU,396.71,363.4,31.11,7.59,so-ups.ru,false,
2024-12-24 07:00:00,Russia,Europe-Ural,RU,397.34,363.84,31.0,7.42,so-ups.ru,false,
2024-12-24 08:00:00,Russia,Europe-Ural,RU,403.18,368.8,29.99,6.14,so-ups.ru,false,
2024-12-24 09:00:00,Russia,Europe-Ural,RU,400.86,366.85,30.38,6.56,so-ups.ru,false,
2024-12-24 10:00:00,Russia,Europe-Ural,RU,401.26,367.45,30.32,6.55,so-ups.ru,false,
2024-12-24 11:00:00,Russia,Europe-Ural,RU,399.16,365.54,30.68,6.92,so-ups.ru,false,
2024-12-24 12:00:00,Russia,Europe-Ural,RU,397.23,363.84,31.01,7.28,so-ups.ru,false,
2024-12-24 13:00:00,Russia,Europe-Ural,RU,392.95,360.35,31.77,8.25,so-ups.ru,false,
2024-12-24 14:00:00,Russia,Europe-Ural,RU,392.88,360.43,31.78,8.21,so-ups.ru,false,
2024-12-24 15:00:00,Russia,Europe-Ural,RU,394.37,361.48,31.52,7.54,so-ups.ru,false,
2024-12-24 16:00:00,Russia,Europe-Ural,RU,396.5,363.38,31.17,6.85,so-ups.ru,false,
2024-12-24 17:00:00,Russia,Europe-Ural,RU,394.4,361.64,31.55,6.53,so-ups.ru,false,
2024-12-24 18:00:00,Russia,Europe-Ural,RU,392.84,359.89,31.81,5.96,so-ups.ru,false,
2024-12-24 19:00:00,Russia,Europe-Ural,RU,390.89,358.23,32.16,5.28,so-ups.ru,false,
2024-12-24 20:00:00,Russia,Europe-Ural,RU,391.51,358.04,32.02,4.32,so-ups.ru,false,
2024-12-24 21:00:00,Russia,Europe-Ural,RU,395.73,361.67,31.3,2.82,so-ups.ru,false,
2024-12-24 22:00:00,Russia,Europe-Ural,RU,395.51,361.31,31.33,2.46,so-ups.ru,false,
2024-12-24 23:00:00,Russia,Europe-Ural,RU,396.59,363.03,31.19,2.43,so-ups.ru,false,
2024-12-25 00:00:00,Russia,Europe-Ural,RU,396.31,362.47,31.2,2.57,so-ups.ru,false,
2024-12-25 01:00:00,Russia,Europe-Ural,RU,400.7,366.66,30.45,2.56,so-ups.ru,false,
2024-12-25 02:00:00,Russia,Europe-Ural,RU,404.85,370.62,29.72,2.98,so-ups.ru,false,
2024-12-25 03:00:00,Russia,Europe-Ural,RU,404.17,370.09,29.83,4.52,so-ups.ru,false,
2024-12-25 04:00:00,Russia,Europe-Ural,RU,407.42,372.77,29.24,4.85,so-ups.ru,false,
2024-12-25 05:00:00,Russia,Europe-Ural,RU,403.53,369.65,29.92,6.22,so-ups.ru,false,
2024-12-25 06:00:00,Russia,Europe-Ural,RU,399.34,365.92,30.65,7.11,so-ups.ru,false,
2024-12-25 07:00:00,Russia,Europe-Ural,RU,399.71,366.33,30.6,7.0,so-ups.ru,false,
2024-12-25 08:00:00,Russia,Europe-Ural,RU,403.42,369.51,29.97,6.11,so-ups.ru,false,
2024-12-25 09:00:00,Russia,Europe-Ural,RU,401.0,366.87,30.36,6.3,so-ups.ru,false,
2024-12-25 10:00:00,Russia,Europe-Ural,RU,398.65,364.79,30.76,6.65,so-ups.ru,false,
2024-12-25 11:00:00,Russia,Europe-Ural,RU,397.47,363.81,30.97,6.94,so-ups.ru,false,
2024-12-25 12:00:00,Russia,Europe-Ural,RU,395.98,362.58,31.23,7.46,so-ups.ru,false,
2024-12-25 13:00:00,Russia,Europe-Ural,RU,392.26,359.62,31.88,8.38,so-ups.ru,false,
2024-12-25 14:00:00,Russia,Europe-Ural,RU,389.04,356.77,32.44,8.73,so-ups.ru,false,
2024-12-25 15:00:00,Russia,Europe-Ural,RU,393.48,360.67,31.68,7.74,so-ups.ru,false,
2024-12-25 16:00:00,Russia,Europe-Ural,RU,396.77,363.99,31.14,6.91,so-ups.ru,false,
2024-12-25 17:00:00,Russia,Europe-Ural,RU,394.81,362.22,31.49,6.64,so-ups.ru,false,
2024-12-25 18:00:00,Russia,Europe-Ural,RU,396.02,363.25,31.3,5.64,so-ups.ru,false,
2024-12-25 19:00:00,Russia,Europe-Ural,RU,392.56,360.27,31.91,5.37,so-ups.ru,false,
2024-12-25 20:00:00,Russia,Europe-Ural,RU,391.51,358.5,32.05,4.41,so-ups.ru,false,
2024-12-25 21:00:00,Russia,Europe-Ural,RU,396.19,362.36,31.24,2.76,so-ups.ru,false,
2024-12-25 22:00:00,Russia,Europe-Ural,RU,395.22,361.15,31.38,2.53,so-ups.ru,false,
2024-12-25 23:00:00,Russia,Europe-Ural,RU,395.9,362.5,31.31,2.52,so-ups.ru,false,
2024-12-26 00:00:00,Russia,Europe-Ural,RU,396.1,362.12,31.23,2.49,so-ups.ru,false,
2024-12-26 01:00:00,Russia,Europe-Ural,RU,400.24,366.11,30.52,2.51,so-ups.ru,false,
2024-12-26 02:00:00,Russia,Europe-Ural,RU,405.65,371.14,29.58,2.75,so-ups.ru,false,
2024-12-26 03:00:00,Russia,Europe-Ural,RU,404.44,369.9,29.77,4.2,so-ups.ru,false,
2024-12-26 04:00:00,Russia,Europe-Ural,RU,402.13,367.92,30.16,5.56,so-ups.ru,false,
2024-12-26 05:00:00,Russia,Europe-Ural,RU,397.26,363.97,31.01,7.26,so-ups.ru,false,
2024-12-26 06:00:00,Russia,Europe-Ural,RU,396.59,363.54,31.14,7.48,so-ups.ru,false,
2024-12-26 07:00:00,Russia,Europe-Ural,RU,396.49,363.17,31.15,7.31,so-ups.ru,false,
2024-12-26 08:00:00,Russia,Europe-Ural,RU,397.69,364.47,30.95,6.98,so-ups.ru,false,
2024-12-26 09:00:00,Russia,Europe-Ural,RU,397.51,363.62,30.95,6.85,so-ups.ru,false,
2024-12-26 10:00:00,Russia,Europe-Ural,RU,396.73,363.12,31.09,7.08,so-ups.ru,false,
2024-12-26 11:00:00,Russia,Europe-Ural,RU,396.44,362.95,31.15,7.18,so-ups.ru,false,
2024-12-26 12:00:00,Russia,Europe-Ural,RU,395.72,362.35,31.27,7.46,so-ups.ru,false,
2024-12-26 13:00:00,Russia,Europe-Ural,RU,392.28,359.43,31.88,8.17,so-ups.ru,false,
2024-12-26 14:00:00,Russia,Europe-Ural,RU,391.04,358.58,32.11,8.31,so-ups.ru,false,
2024-12-26 15:00:00,Russia,Europe-Ural,RU,394.33,361.44,31.54,7.51,so-ups.ru,false,
2024-12-26 16:00:00,Russia,Europe-Ural,RU,398.59,364.58,30.78,6.17,so-ups.ru,false,
2024-12-26 17:00:00,Russia,Europe-Ural,RU,395.46,362.0,31.34,6.17,so-ups.ru,false,
2024-12-26 18:00:00,Russia,Europe-Ural,RU,394.62,360.46,31.45,5.4,so-ups.ru,false,
2024-12-26 19:00:00,Russia,Europe-Ural,RU,393.32,359.67,31.7,4.75,so-ups.ru,false,
2024-12-26 20:00:00,Russia,Europe-Ural,RU,389.86,356.16,32.28,4.29,so-ups.ru,false,
2024-12-26 21:00:00,Russia,Europe-Ural,RU,393.6,358.98,31.61,2.74,so-ups.ru,false,
2024-12-26 22:00:00,Russia,Europe-Ural,RU,393.67,359.18,31.61,2.45,so-ups.ru,false,
2024-12-26 23:00:00,Russia,Europe-Ural,RU,393.09,358.56,31.69,2.33,so-ups.ru,false,
2024-12-27 00:00:00,Russia,Europe-Ural,RU,393.82,359.19,31.56,2.4,so-ups.ru,false,
2024-12-27 01:00:00,Russia,Europe-Ural,RU,397.07,362.18,30.99,2.4,so-ups.ru,false,
2024-12-27 02:00:00,Russia,Europe-Ural,RU,402.62,366.94,30.03,2.52,so-ups.ru,false,
2024-12-27 03:00:00,Russia,Europe-Ural,RU,401.17,366.44,30.3,4.18,so-ups.ru,false,
2024-12-27 04:00:00,Russia,Europe-Ural,RU,397.79,363.7,30.88,5.77,so-ups.ru,false,
2024-12-27 05:00:00,Russia,Europe-Ural,RU,394.14,360.86,31.53,7.12,so-ups.ru,false,
2024-12-27 06:00:00,Russia,Europe-Ural,RU,393.84,360.47,31.59,7.22,so-ups.ru,false,
2024-12-27 07:00:00,Russia,Europe-Ural,RU,395.99,362.06,31.2,6.73,so-ups.ru,false,
2024-12-27 08:00:00,Russia,Europe-Ural,RU,397.22,363.18,31.0,6.48,so-ups.ru,false,
2024-12-27 09:00:00,Russia,Europe-Ural,RU,395.26,360.86,31.3,6.57,so-ups.ru,false,
2024-12-27 10:00:00,Russia,Europe-Ural,RU,393.2,359.58,31.69,7.3,so-ups.ru,false,
2024-12-27 11:00:00,Russia,Europe-Ural,RU,393.06,359.47,31.71,7.37,so-ups.ru,false,
2024-12-27 12:00:00,Russia,Europe-Ural,RU,390.93,357.89,32.09,7.98,so-ups.ru,false,
2024-12-27 13:00:00,Russia,Europe-Ural,RU,389.31,356.44,32.37,8.37,so-ups.ru,false,
2024-12-27 14:00:00,Russia,Europe-Ural,RU,389.33,356.96,32.39,8.38,so-ups.ru,false,
2024-12-27 15:00:00,Russia,Europe-Ural,RU,393.63,360.61,31.65,7.3,so-ups.ru,false,
2024-12-27 16:00:00,Russia,Europe-Ural,RU,397.24,363.81,31.03,6.26,so-ups.ru,false,
2024-12-27 17:00:00,Russia,Europe-Ural,RU,398.1,364.6,30.9,5.52,so-ups.ru,false,
2024-12-27 18:00:00,Russia,Europe-Ural,RU,395.14,361.26,31.38,5.19,so-ups.ru,false,
2024-12-27 19:00:00,Russia,Europe-Ural,RU,395.29,361.29,31.37,4.25,so-ups.ru,false,
2024-12-27 20:00:00,Russia,Europe-Ural,RU,393.29,359.23,31.71,3.73,so-ups.ru,false,
2024-12-27 21:00:00,Russia,Europe-Ural,RU,394.94,360.23,31.39,2.65,so-ups.ru,false,
2024-12-27 22:00:00,Russia,Europe-Ural,RU,396.35,361.29,31.13,1.94,so-ups.ru,false,
2024-12-27 23:00:00,Russia,Europe-Ural,RU,395.85,361.3,31.25,1.91,so-ups.ru,false,
2024-12-28 00:00:00,Russia,Europe-Ural,RU,395.99,361.39,31.23,2.02,so-ups.ru,false,
2024-12-28 01:00:00,Russia,Europe-Ural,RU,397.5,363.08,30.98,2.47,so-ups.ru,false,
2024-12-28 02:00:00,Russia,Europe-Ural,RU,402.14,366.98,30.16,2.66,so-ups.ru,false,
2024-12-28 03:00:00,Russia,Europe-Ural,RU,401.47,366.38,30.26,3.91,so-ups.ru,false,
2024-12-28 04:00:00,Russia,Europe-Ural,RU,398.54,364.08,30.78,5.33,so-ups.ru,false,
2024-12-28 05:00:00,Russia,Europe-Ural,RU,396.05,362.23,31.22,6.49,so-ups.ru,false,
2024-12-28 06:00:00,Russia,Europe-Ural,RU,392.94,359.27,31.72,7.05,so-ups.ru,false,
2024-12-28 07:00:00,Russia,Europe-Ural,RU,391.95,358.17,31.9,7.13,so-ups.ru,false,
2024-12-28 08:00:00,Russia,Europe-Ural,RU,394.21,360.54,31.55,6.76,so-ups.ru,false,
2024-12-28 09:00:00,Russia,Europe-Ural,RU,394.44,360.45,31.48,6.66,so-ups.ru,false,
2024-12-28 10:00:00,Russia,Europe-Ural,RU,394.31,360.38,31.51,6.73,so-ups.ru,false,
2024-12-28 11:00:00,Russia,Europe-Ural,RU,393.91,360.11,31.59,6.89,so-ups.ru,false,
2024-12-28 12:00:00,Russia,Europe-Ural,RU,390.94,357.45,32.09,7.51,so-ups.ru,false,
2024-12-28 13:00:00,Russia,Europe-Ural,RU,387.0,354.42,32.8,8.51,so-ups.ru,false,
2024-12-28 14:00:00,Russia,Europe-Ural,RU,386.44,354.04,32.91,8.55,so-ups.ru,false,
2024-12-28 15:00:00,Russia,Europe-Ural,RU,388.61,355.81,32.52,7.98,so-ups.ru,false,
2024-12-28 16:00:00,Russia,Europe-Ural,RU,392.2,358.83,31.9,6.96,so-ups.ru,false,
2024-12-28 17:00:00,Russia,Europe-Ural,RU,393.83,360.3,31.63,6.23,so-ups.ru,false,
2024-12-28 18:00:00,Russia,Europe-Ural,RU,394.71,360.41,31.45,5.2,so-ups.ru,false,
2024-12-28 19:00:00,Russia,Europe-Ural,RU,389.8,356.41,32.3,5.18,so-ups.ru,false,
2024-12-28 20:00:00,Russia,Europe-Ural,RU,387.12,354.1,32.79,4.68,so-ups.ru,false,
2024-12-28 21:00:00,Russia,Europe-Ural,RU,393.51,359.5,31.67,2.89,so-ups.ru,false,
2024-12-28 22:00:00,Russia,Europe-Ural,RU,394.33,360.16,31.53,2.23,so-ups.ru,false,
2024-12-28 23:00:00,Russia,Europe-Ural,RU,394.42,360.12,31.5,2.14,so-ups.ru,false,
2024-12-29 00:00:00,Russia,Europe-Ural,RU,395.32,361.44,31.4,2.11,so-ups.ru,false,
2024-12-29 01:00:00,Russia,Europe-Ural,RU,396.69,362.95,31.16,2.24,so-ups.ru,false,
2024-12-29 02:00:00,Russia,Europe-Ural,RU,396.19,363.0,31.26,2.99,so-ups.ru,false,
2024-12-29 03:00:00,Russia,Europe-Ural,RU,394.48,361.39,31.55,4.08,so-ups.ru,false,
2024-12-29 04:00:00,Russia,Europe-Ural,RU,397.53,363.93,31.01,4.25,so-ups.ru,false,
2024-12-29 05:00:00,Russia,Europe-Ural,RU,400.89,366.86,30.41,4.48,so-ups.ru,false,
2024-12-29 06:00:00,Russia,Europe-Ural,RU,400.34,366.58,30.5,5.11,so-ups.ru,false,
2024-12-29 07:00:00,Russia,Europe-Ural,RU,398.73,365.48,30.79,5.71,so-ups.ru,false,
2024-12-29 08:00:00,Russia,Europe-Ural,RU,397.66,364.0,30.97,5.75,so-ups.ru,false,
2024-12-29 09:00:00,Russia,Europe-Ural,RU,396.96,363.37,31.09,5.9,so-ups.ru,false,
2024-12-29 10:00:00,Russia,Europe-Ural,RU,397.92,364.06,30.91,5.68,so-ups.ru,false,
2024-12-29 11:00:00,Russia,Europe-Ural,RU,395.79,362.12,31.28,6.23,so-ups.ru,false,
2024-12-29 12:00:00,Russia,Europe-Ural,RU,391.89,358.92,31.98,7.19,so-ups.ru,false,
2024-12-29 13:00:00,Russia,Europe-Ural,RU,387.44,355.2,32.75,8.39,so-ups.ru,false,
2024-12-29 14:00:00,Russia,Europe-Ural,RU,387.19,355.15,32.8,8.4,so-ups.ru,false,
2024-12-29 15:00:00,Russia,Europe-Ural,RU,388.38,355.9,32.56,7.94,so-ups.ru,false,
2024-12-29 16:00:00,Russia,Europe-Ural,RU,392.68,359.32,31.81,6.8,so-ups.ru,false,
2024-12-29 17:00:00,Russia,Europe-Ural,RU,395.15,361.55,31.4,6.08,so-ups.ru,false,
2024-12-29 18:00:00,Russia,Europe-Ural,RU,397.57,363.55,30.99,4.94,so-ups.ru,false,
2024-12-29 19:00:00,Russia,Europe-Ural,RU,393.67,359.9,31.66,4.64,so-ups.ru,false,
2024-12-29 20:00:00,Russia,Europe-Ural,RU,391.19,358.35,32.13,4.27,so-ups.ru,false,
2024-12-29 21:00:00,Russia,Europe-Ural,RU,395.49,361.5,31.33,2.53,so-ups.ru,false,
2024-12-29 22:00:00,Russia,Europe-Ural,RU,393.33,358.86,31.65,2.26,so-ups.ru,false,
2024-12-29 23:00:00,Russia,Europe-Ural,RU,392.33,358.4,31.87,2.3,so-ups.ru,false,
2024-12-30 00:00:00,Russia,Europe-Ural,RU,392.1,357.92,31.88,2.18,so-ups.ru,false,
2024-12-30 01:00:00,Russia,Europe-Ural,RU,394.12,359.94,31.54,2.23,so-ups.ru,false,
2024-12-30 02:00:00,Russia,Europe-Ural,RU,395.38,361.04,31.3,2.76,so-ups.ru,false,
2024-12-30 03:00:00,Russia,Europe-Ural,RU,393.78,359.87,31.59,3.88,so-ups.ru,false,
2024-12-30 04:00:00,Russia,Europe-Ural,RU,397.14,363.05,31.0,4.07,so-ups.ru,false,
2024-12-30 05:00:00,Russia,Europe-Ural,RU,400.85,366.72,30.39,4.44,so-ups.ru,false,
2024-12-30 06:00:00,Russia,Europe-Ural,RU,396.45,363.4,31.16,6.02,so-ups.ru,false,
2024-12-30 07:00:00,Russia,Europe-Ural,RU,393.27,360.4,31.7,6.9,so-ups.ru,false,
2024-12-30 08:00:00,Russia,Europe-Ural,RU,394.76,361.78,31.44,6.67,so-ups.ru,false,
2024-12-30 09:00:00,Russia,Europe-Ural,RU,395.33,362.67,31.37,6.73,so-ups.ru,false,
2024-12-30 10:00:00,Russia,Europe-Ural,RU,396.05,362.85,31.23,6.45,so-ups.ru,false,
2024-12-30 11:00:00,Russia,Europe-Ural,RU,395.14,362.05,31.38,6.6,so-ups.ru,false,
2024-12-30 12:00:00,Russia,Europe-Ural,RU,394.09,361.47,31.58,7.01,so-ups.ru,false,
2024-12-30 13:00:00,Russia,Europe-Ural,RU,387.68,355.87,32.69,8.55,so-ups.ru,false,
2024-12-30 14:00:00,Russia,Europe-Ural,RU,389.63,357.69,32.36,8.27,so-ups.ru,false,
2024-12-30 15:00:00,Russia,Europe-Ural,RU,392.27,359.69,31.89,7.53,so-ups.ru,false,
2024-12-30 16:00:00,Russia,Europe-Ural,RU,398.93,365.87,30.77,6.13,so-ups.ru,false,
2024-12-30 17:00:00,Russia,Europe-Ural,RU,401.92,368.4,30.26,5.13,so-ups.ru,false,
2024-12-30 18:00:00,Russia,Europe-Ural,RU,400.45,366.9,30.52,4.57,so-ups.ru,false,
2024-12-30 19:00:00,Russia,Europe-Ural,RU,396.5,363.11,31.18,4.21,so-ups.ru,false,
2024-12-30 20:00:00,Russia,Europe-Ural,RU,390.83,357.92,32.16,4.18,so-ups.ru,false,
2024-12-30 21:00:00,Russia,Europe-Ural,RU,393.92,360.02,31.59,2.62,so-ups.ru,false,
2024-12-30 22:00:00,Russia,Europe-Ural,RU,392.22,358.29,31.88,2.32,so-ups.ru,false,
2024-12-30 23:00:00,Russia,Europe-Ural,RU,389.44,355.25,32.33,2.26,so-ups.ru,false,
2024-12-31 00:00:00,Russia,Europe-Ural,RU,389.34,355.46,32.36,2.18,so-ups.ru,false,
2024-12-31 01:00:00,Russia,Europe-Ural,RU,390.02,356.44,32.26,2.25,so-ups.ru,false,
2024-12-31 02:00:00,Russia,Europe-Ural,RU,393.1,359.26,31.71,2.41,so-ups.ru,false,
2024-12-31 03:00:00,Russia,Europe-Ural,RU,388.18,355.16,32.56,4.03,so-ups.ru,false,
2024-12-31 04:00:00,Russia,Europe-Ural,RU,392.59,358.84,31.78,4.21,so-ups.ru,false,
2024-12-31 05:00:00,Russia,Europe-Ural,RU,396.6,363.29,31.13,4.57,so-ups.ru,false,
2024-12-31 06:00:00,Russia,Europe-Ural,RU,395.37,362.28,31.34,5.29,so-ups.ru,false,
2024-12-31 07:00:00,Russia,Europe-Ural,RU,393.91,361.46,31.61,5.79,so-ups.ru,false,
2024-12-31 08:00:00,Russia,Europe-Ural,RU,393.6,361.07,31.65,5.84,so-ups.ru,false,
2024-12-31 09:00:00,Russia,Europe-Ural,RU,393.53,360.71,31.67,5.84,so-ups.ru,false,
2024-12-31 10:00:00,Russia,Europe-Ural,RU,392.22,359.2,31.87,6.06,so-ups.ru,false,
2024-12-31 11:00:00,Russia,Europe-Ural,RU,391.34,358.59,32.04,6.33,so-ups.ru,false,
2024-12-31 12:00:00,Russia,Europe-Ural,RU,387.22,355.47,32.78,7.46,so-ups.ru,false,
2024-12-31 13:00:00,Russia,Europe-Ural,RU,381.04,350.31,33.86,8.93,so-ups.ru,false,
2024-12-31 14:00:00,Russia,Europe-Ural,RU,379.87,349.1,34.05,9.22,so-ups.ru,false,
2024-12-31 15:00:00,Russia,Europe-Ural,RU,382.59,351.2,33.56,8.45,so-ups.ru,false,
2024-12-31 16:00:00,Russia,Europe-Ural,RU,387.75,355.53,32.68,7.07,so-ups.ru,false,
2024-12-31 17:00:00,Russia,Europe-Ural,RU,388.48,356.41,32.57,6.4,so-ups.ru,false,
2024-12-31 18:00:00,Russia,Europe-Ural,RU,388.08,356.04,32.66,5.75,so-ups.ru,false,
2024-12-31 19:00:00,Russia,Europe-Ural,RU,382.71,351.36,33.61,6.05,so-ups.ru,false,
2024-12-31 20:00:00,Russia,Europe-Ural,RU,383.23,351.44,33.51,4.9,so-ups.ru,false,
2024-12-31 21:00:00,Russia,Europe-Ural,RU,385.45,353.16,33.1,4.37,so-ups.ru,false,
2024-12-31 22:00:00,Russia,Europe-Ural,RU,382.29,350.55,33.66,4.34,so-ups.ru,false,
2024-12-31 23:00:00,Russia,Europe-Ural,RU,389.93,357.1,32.34,2.57,so-ups.ru,false,
