Datetime (UTC),Country,Zone name,Zone id,Carbon intensity gCO₂eq/kWh (direct),Carbon intensity gCO₂eq/kWh (Life cycle),Carbon-free energy percentage (CFE%),Renewable energy percentage (RE%),Data source,Data estimated,Data estimation method
2024-01-01 00:00:00,North Macedonia,North Macedonia,MK,491.39,548.75,28.98,16.07,entsoe.eu,false,
2024-01-01 01:00:00,North Macedonia,North Macedonia,MK,509.7,568.79,26.37,12.71,entsoe.eu,false,
2024-01-01 02:00:00,North Macedonia,North Macedonia,MK,522.21,582.3,24.48,11.45,entsoe.eu,false,
2024-01-01 03:00:00,North Macedonia,North Macedonia,MK,529.58,590.15,23.49,10.53,entsoe.eu,false,
2024-01-01 04:00:00,North Macedonia,North Macedonia,MK,539.76,601.04,21.84,10.25,entsoe.eu,false,
2024-01-01 05:00:00,North Macedonia,North Macedonia,MK,561.75,624.43,19.05,7.19,entsoe.eu,false,
2024-01-01 06:00:00,North Macedonia,North Macedonia,MK,552.43,614.41,20.09,9.55,entsoe.eu,false,
2024-01-01 07:00:00,North Macedonia,North Macedonia,MK,552.64,615.11,20.01,8.71,entsoe.eu,false,
2024-01-01 08:00:00,North Macedonia,North Macedonia,MK,492.38,551.2,28.08,16.47,entsoe.eu,false,
2024-01-01 09:00:00,North Macedonia,North Macedonia,MK,476.56,534.76,29.81,18.87,entsoe.eu,false,
2024-01-01 10:00:00,North Macedonia,North Macedonia,MK,475.18,534.19,29.56,18.02,entsoe.eu,false,
2024-01-01 11:00:00,North Macedonia,North Macedonia,MK,473.15,532.64,29.52,17.55,entsoe.eu,false,
2024-01-01 12:00:00,North Macedonia,North Macedonia,MK,498.81,559.84,26.22,13.91,entsoe.eu,false,
2024-01-01 13:00:00,North Macedonia,North Macedonia,MK,515.33,575.62,24.92,13.4,entsoe.eu,false,
2024-01-01 14:00:00,North Macedonia,North Macedonia,MK,482.89,537.89,30.74,20.56,entsoe.eu,false,
2024-01-01 15:00:00,North Macedonia,North Macedonia,MK,469.49,522.27,33.5,23.53,entsoe.eu,false,
2024-01-01 16:00:00,North Macedonia,North Macedonia,MK,458.24,509.88,35.2,25.38,entsoe.eu,false,
2024-01-01 17:00:00,North Macedonia,North Macedonia,MK,457.37,509.16,35.23,24.77,entsoe.eu,false,
2024-01-01 18:00:00,North Macedonia,North Macedonia,MK,461.22,513.53,34.7,23.84,entsoe.eu,false,
2024-01-01 19:00:00,North Macedonia,North Macedonia,MK,465.9,518.91,34.02,22.2,entsoe.eu,false,
2024-01-01 20:00:00,North Macedonia,North Macedonia,MK,462.7,515.86,34.35,21.81,entsoe.eu,false,
2024-01-01 21:00:00,North Macedonia,North Macedonia,MK,447.51,501.24,35.42,22.67,entsoe.eu,false,
2024-01-01 22:00:00,North Macedonia,North Macedonia,MK,453.76,510.29,33.14,19.22,entsoe.eu,false,
2024-01-01 23:00:00,North Macedonia,North Macedonia,MK,450.53,506.98,33.52,19.17,entsoe.eu,false,
2024-01-02 00:00:00,North Macedonia,North Macedonia,MK,476.57,533.51,30.92,16.07,entsoe.eu,false,
2024-01-02 01:00:00,North Macedonia,North Macedonia,MK,499.0,555.94,28.89,13.57,entsoe.eu,false,
2024-01-02 02:00:00,North Macedonia,North Macedonia,MK,523.31,582.04,25.34,11.19,entsoe.eu,false,
2024-01-02 03:00:00,North Macedonia,North Macedonia,MK,541.41,600.84,22.98,10.31,entsoe.eu,false,
2024-01-02 04:00:00,North Macedonia,North Macedonia,MK,535.21,593.86,23.77,12.7,entsoe.eu,false,
2024-01-02 05:00:00,North Macedonia,North Macedonia,MK,532.08,590.15,23.99,16.38,entsoe.eu,false,
2024-01-02 06:00:00,North Macedonia,North Macedonia,MK,539.59,598.05,22.57,17.16,entsoe.eu,false,
2024-01-02 07:00:00,North Macedonia,North Macedonia,MK,526.81,584.21,24.51,19.53,entsoe.eu,false,
2024-01-02 08:00:00,North Macedonia,North Macedonia,MK,514.6,573.77,24.24,20.6,entsoe.eu,false,
2024-01-02 09:00:00,North Macedonia,North Macedonia,MK,504.92,564.36,25.38,20.16,entsoe.eu,false,
2024-01-02 10:00:00,North Macedonia,North Macedonia,MK,482.11,541.11,28.17,21.38,entsoe.eu,false,
2024-01-02 11:00:00,North Macedonia,North Macedonia,MK,487.61,547.35,27.06,20.95,entsoe.eu,false,
2024-01-02 12:00:00,North Macedonia,North Macedonia,MK,485.16,544.01,27.93,20.8,entsoe.eu,false,
2024-01-02 13:00:00,North Macedonia,North Macedonia,MK,492.32,548.62,28.38,22.73,entsoe.eu,false,
2024-01-02 14:00:00,North Macedonia,North Macedonia,MK,513.42,569.23,26.61,21.85,entsoe.eu,false,
2024-01-02 15:00:00,North Macedonia,North Macedonia,MK,491.82,546.32,29.45,24.59,entsoe.eu,false,
2024-01-02 16:00:00,North Macedonia,North Macedonia,MK,475.36,528.63,31.68,26.98,entsoe.eu,false,
2024-01-02 17:00:00,North Macedonia,North Macedonia,MK,478.9,532.44,31.37,25.94,entsoe.eu,false,
2024-01-02 18:00:00,North Macedonia,North Macedonia,MK,477.32,530.05,32.03,26.29,entsoe.eu,false,
2024-01-02 19:00:00,North Macedonia,North Macedonia,MK,480.57,533.72,31.66,25.3,entsoe.eu,false,
2024-01-02 20:00:00,North Macedonia,North Macedonia,MK,489.15,544.05,29.68,23.2,entsoe.eu,false,
2024-01-02 21:00:00,North Macedonia,North Macedonia,MK,452.74,506.18,33.99,26.68,entsoe.eu,false,
2024-01-02 22:00:00,North Macedonia,North Macedonia,MK,475.02,531.89,30.07,21.71,entsoe.eu,false,
2024-01-02 23:00:00,North Macedonia,North Macedonia,MK,489.65,547.83,28.2,17.73,entsoe.eu,false,
2024-01-03 00:00:00,North Macedonia,North Macedonia,MK,508.91,565.27,27.42,17.03,entsoe.eu,false,
2024-01-03 01:00:00,North Macedonia,North Macedonia,MK,563.88,624.08,20.05,9.75,entsoe.eu,false,
2024-01-03 02:00:00,North Macedonia,North Macedonia,MK,570.99,631.85,18.92,8.87,entsoe.eu,false,
2024-01-03 03:00:00,North Macedonia,North Macedonia,MK,570.24,631.24,18.85,8.96,entsoe.eu,false,
2024-01-03 04:00:00,North Macedonia,North Macedonia,MK,586.1,647.81,16.65,8.99,entsoe.eu,false,
2024-01-03 05:00:00,North Macedonia,North Macedonia,MK,547.21,605.18,22.18,16.71,entsoe.eu,false,
2024-01-03 06:00:00,North Macedonia,North Macedonia,MK,542.45,600.49,22.64,17.96,entsoe.eu,false,
2024-01-03 07:00:00,North Macedonia,North Macedonia,MK,535.44,593.03,23.48,19.32,entsoe.eu,false,
2024-01-03 08:00:00,North Macedonia,North Macedonia,MK,515.18,572.8,25.3,21.64,entsoe.eu,false,
2024-01-03 09:00:00,North Macedonia,North Macedonia,MK,514.87,574.25,24.46,19.44,entsoe.eu,false,
2024-01-03 10:00:00,North Macedonia,North Macedonia,MK,512.2,571.15,24.91,20.47,entsoe.eu,false,
2024-01-03 11:00:00,North Macedonia,North Macedonia,MK,506.16,564.09,26.15,21.55,entsoe.eu,false,
2024-01-03 12:00:00,North Macedonia,North Macedonia,MK,492.21,548.79,28.33,23.33,entsoe.eu,false,
2024-01-03 13:00:00,North Macedonia,North Macedonia,MK,476.5,531.83,30.44,25.58,entsoe.eu,false,
2024-01-03 14:00:00,North Macedonia,North Macedonia,MK,488.62,547.34,26.87,22.98,entsoe.eu,false,
2024-01-03 15:00:00,North Macedonia,North Macedonia,MK,480.22,536.11,29.48,25.16,entsoe.eu,false,
2024-01-03 16:00:00,North Macedonia,North Macedonia,MK,453.29,508.08,32.44,28.68,entsoe.eu,false,
2024-01-03 17:00:00,North Macedonia,North Macedonia,MK,477.1,531.82,30.67,25.63,entsoe.eu,false,
2024-01-03 18:00:00,North Macedonia,North Macedonia,MK,481.28,537.23,29.62,24.51,entsoe.eu,false,
2024-01-03 19:00:00,North Macedonia,North Macedonia,MK,479.08,533.8,30.88,24.05,entsoe.eu,false,
2024-01-03 20:00:00,North Macedonia,North Macedonia,MK,482.73,538.16,30.47,22.04,entsoe.eu,false,
2024-01-03 21:00:00,North Macedonia,North Macedonia,MK,451.04,506.65,33.63,23.61,entsoe.eu,false,
2024-01-03 22:00:00,North Macedonia,North Macedonia,MK,462.54,519.34,32.02,20.06,entsoe.eu,false,
2024-01-03 23:00:00,North Macedonia,North Macedonia,MK,451.07,507.86,33.11,20.67,entsoe.eu,false,
2024-01-04 00:00:00,North Macedonia,North Macedonia,MK,475.68,533.37,30.33,17.47,entsoe.eu,false,
2024-01-04 01:00:00,North Macedonia,North Macedonia,MK,511.74,572.41,25.25,11.96,entsoe.eu,false,
2024-01-04 02:00:00,North Macedonia,North Macedonia,MK,528.91,591.35,22.57,9.56,entsoe.eu,false,
2024-01-04 03:00:00,North Macedonia,North Macedonia,MK,540.58,603.77,20.83,8.91,entsoe.eu,false,
2024-01-04 04:00:00,North Macedonia,North Macedonia,MK,553.71,617.57,18.78,9.29,entsoe.eu,false,
2024-01-04 05:00:00,North Macedonia,North Macedonia,MK,522.82,583.45,23.3,15.92,entsoe.eu,false,
2024-01-04 06:00:00,North Macedonia,North Macedonia,MK,520.01,579.34,24.13,17.9,entsoe.eu,false,
2024-01-04 07:00:00,North Macedonia,North Macedonia,MK,521.23,582.53,22.9,16.29,entsoe.eu,false,
2024-01-04 08:00:00,North Macedonia,North Macedonia,MK,464.34,526.12,29.47,24.93,entsoe.eu,false,
2024-01-04 09:00:00,North Macedonia,North Macedonia,MK,403.83,460.06,38.83,35.72,entsoe.eu,false,
2024-01-04 10:00:00,North Macedonia,North Macedonia,MK,386.56,441.7,40.99,38.34,entsoe.eu,false,
2024-01-04 11:00:00,North Macedonia,North Macedonia,MK,400.45,457.76,38.22,35.74,entsoe.eu,false,
2024-01-04 12:00:00,North Macedonia,North Macedonia,MK,405.76,464.03,37.08,35.25,entsoe.eu,false,
2024-01-04 13:00:00,North Macedonia,North Macedonia,MK,517.99,584.21,18.94,17.88,entsoe.eu,false,
2024-01-04 14:00:00,North Macedonia,North Macedonia,MK,481.92,542.12,25.69,25.64,entsoe.eu,false,
2024-01-04 15:00:00,North Macedonia,North Macedonia,MK,455.88,515.11,29.04,29.03,entsoe.eu,false,
2024-01-04 16:00:00,North Macedonia,North Macedonia,MK,452.2,510.5,30.24,30.18,entsoe.eu,false,
2024-01-04 17:00:00,North Macedonia,North Macedonia,MK,433.53,491.18,32.98,32.84,entsoe.eu,false,
2024-01-04 18:00:00,North Macedonia,North Macedonia,MK,467.71,525.24,28.9,28.72,entsoe.eu,false,
2024-01-04 19:00:00,North Macedonia,North Macedonia,MK,486.07,544.56,26.69,26.49,entsoe.eu,false,
2024-01-04 20:00:00,North Macedonia,North Macedonia,MK,499.33,557.86,25.85,24.16,entsoe.eu,false,
2024-01-04 21:00:00,North Macedonia,North Macedonia,MK,437.86,492.94,33.83,29.92,entsoe.eu,false,
2024-01-04 22:00:00,North Macedonia,North Macedonia,MK,448.92,505.63,32.08,27.11,entsoe.eu,false,
2024-01-04 23:00:00,North Macedonia,North Macedonia,MK,441.4,495.16,34.8,28.37,entsoe.eu,false,
2024-01-05 00:00:00,North Macedonia,North Macedonia,MK,473.26,528.31,31.03,24.66,entsoe.eu,false,
2024-01-05 01:00:00,North Macedonia,North Macedonia,MK,546.34,606.82,20.86,15.11,entsoe.eu,false,
2024-01-05 02:00:00,North Macedonia,North Macedonia,MK,583.32,646.72,15.59,10.5,entsoe.eu,false,
2024-01-05 03:00:00,North Macedonia,North Macedonia,MK,593.97,657.94,14.05,9.92,entsoe.eu,false,
2024-01-05 04:00:00,North Macedonia,North Macedonia,MK,595.48,659.76,13.02,12.12,entsoe.eu,false,
2024-01-05 05:00:00,North Macedonia,North Macedonia,MK,562.17,624.31,17.28,16.94,entsoe.eu,false,
2024-01-05 06:00:00,North Macedonia,North Macedonia,MK,531.92,592.07,21.38,21.2,entsoe.eu,false,
2024-01-05 07:00:00,North Macedonia,North Macedonia,MK,535.0,598.64,19.12,18.24,entsoe.eu,false,
2024-01-05 08:00:00,North Macedonia,North Macedonia,MK,494.86,557.63,25.14,22.27,entsoe.eu,false,
2024-01-05 09:00:00,North Macedonia,North Macedonia,MK,490.48,551.81,26.31,21.95,entsoe.eu,false,
2024-01-05 10:00:00,North Macedonia,North Macedonia,MK,455.04,512.81,32.37,24.46,entsoe.eu,false,
2024-01-05 11:00:00,North Macedonia,North Macedonia,MK,484.64,545.56,27.35,17.61,entsoe.eu,false,
2024-01-05 12:00:00,North Macedonia,North Macedonia,MK,438.11,494.01,34.05,26.53,entsoe.eu,false,
2024-01-05 13:00:00,North Macedonia,North Macedonia,MK,453.32,511.04,30.86,26.08,entsoe.eu,false,
2024-01-05 14:00:00,North Macedonia,North Macedonia,MK,466.99,523.6,29.86,26.82,entsoe.eu,false,
2024-01-05 15:00:00,North Macedonia,North Macedonia,MK,455.11,511.58,30.75,29.52,entsoe.eu,false,
2024-01-05 16:00:00,North Macedonia,North Macedonia,MK,450.68,505.64,32.31,30.16,entsoe.eu,false,
2024-01-05 17:00:00,North Macedonia,North Macedonia,MK,451.09,505.74,32.19,31.08,entsoe.eu,false,
2024-01-05 18:00:00,North Macedonia,North Macedonia,MK,445.14,498.43,33.3,33.28,entsoe.eu,false,
2024-01-05 19:00:00,North Macedonia,North Macedonia,MK,489.15,545.92,27.46,25.82,entsoe.eu,false,
2024-01-05 20:00:00,North Macedonia,North Macedonia,MK,486.42,541.71,29.36,24.3,entsoe.eu,false,
2024-01-05 21:00:00,North Macedonia,North Macedonia,MK,452.66,505.62,34.58,26.37,entsoe.eu,false,
2024-01-05 22:00:00,North Macedonia,North Macedonia,MK,456.67,510.14,34.55,23.39,entsoe.eu,false,
2024-01-05 23:00:00,North Macedonia,North Macedonia,MK,471.47,528.25,31.19,18.53,entsoe.eu,false,
2024-01-06 00:00:00,North Macedonia,North Macedonia,MK,484.78,542.6,29.44,16.22,entsoe.eu,false,
2024-01-06 01:00:00,North Macedonia,North Macedonia,MK,521.24,582.95,23.78,9.96,entsoe.eu,false,
2024-01-06 02:00:00,North Macedonia,North Macedonia,MK,536.3,599.85,21.39,6.91,entsoe.eu,false,
2024-01-06 03:00:00,North Macedonia,North Macedonia,MK,546.3,609.56,20.53,6.53,entsoe.eu,false,
2024-01-06 04:00:00,North Macedonia,North Macedonia,MK,546.6,609.19,20.85,7.31,entsoe.eu,false,
2024-01-06 05:00:00,North Macedonia,North Macedonia,MK,522.68,586.42,21.77,10.93,entsoe.eu,false,
2024-01-06 06:00:00,North Macedonia,North Macedonia,MK,519.7,585.81,20.38,11.38,entsoe.eu,false,
2024-01-06 07:00:00,North Macedonia,North Macedonia,MK,489.63,556.11,23.15,17.93,entsoe.eu,false,
2024-01-06 08:00:00,North Macedonia,North Macedonia,MK,405.35,464.09,35.96,32.14,entsoe.eu,false,
2024-01-06 09:00:00,North Macedonia,North Macedonia,MK,359.82,416.34,41.95,39.76,entsoe.eu,false,
2024-01-06 10:00:00,North Macedonia,North Macedonia,MK,343.1,397.44,44.71,43.05,entsoe.eu,false,
2024-01-06 11:00:00,North Macedonia,North Macedonia,MK,322.27,375.37,47.45,46.68,entsoe.eu,false,
2024-01-06 12:00:00,North Macedonia,North Macedonia,MK,323.89,376.6,47.43,46.46,entsoe.eu,false,
2024-01-06 13:00:00,North Macedonia,North Macedonia,MK,331.74,385.09,45.87,45.07,entsoe.eu,false,
2024-01-06 14:00:00,North Macedonia,North Macedonia,MK,343.96,400.38,42.36,42.34,entsoe.eu,false,
2024-01-06 15:00:00,North Macedonia,North Macedonia,MK,340.55,398.04,43.9,43.88,entsoe.eu,false,
2024-01-06 16:00:00,North Macedonia,North Macedonia,MK,336.88,393.41,45.03,45.0,entsoe.eu,false,
2024-01-06 17:00:00,North Macedonia,North Macedonia,MK,347.44,404.92,43.44,43.38,entsoe.eu,false,
2024-01-06 18:00:00,North Macedonia,North Macedonia,MK,367.72,427.51,40.06,39.92,entsoe.eu,false,
2024-01-06 19:00:00,North Macedonia,North Macedonia,MK,395.17,454.32,37.84,36.61,entsoe.eu,false,
2024-01-06 20:00:00,North Macedonia,North Macedonia,MK,447.04,504.9,32.72,26.52,entsoe.eu,false,
2024-01-06 21:00:00,North Macedonia,North Macedonia,MK,444.97,501.76,33.58,24.66,entsoe.eu,false,
2024-01-06 22:00:00,North Macedonia,North Macedonia,MK,421.28,477.34,36.29,27.7,entsoe.eu,false,
2024-01-06 23:00:00,North Macedonia,North Macedonia,MK,459.51,515.42,32.73,20.35,entsoe.eu,false,
2024-01-07 00:00:00,North Macedonia,North Macedonia,MK,467.18,524.5,31.07,18.31,entsoe.eu,false,
2024-01-07 01:00:00,North Macedonia,North Macedonia,MK,530.04,596.51,19.63,7.0,entsoe.eu,false,
2024-01-07 02:00:00,North Macedonia,North Macedonia,MK,554.13,623.78,15.41,3.31,entsoe.eu,false,
2024-01-07 03:00:00,North Macedonia,North Macedonia,MK,557.89,627.81,14.86,3.22,entsoe.eu,false,
2024-01-07 04:00:00,North Macedonia,North Macedonia,MK,564.77,633.76,14.79,3.12,entsoe.eu,false,
2024-01-07 05:00:00,North Macedonia,North Macedonia,MK,558.77,624.15,17.53,6.13,entsoe.eu,false,
2024-01-07 06:00:00,North Macedonia,North Macedonia,MK,548.77,613.6,18.8,8.06,entsoe.eu,false,
2024-01-07 07:00:00,North Macedonia,North Macedonia,MK,542.85,606.54,20.16,9.46,entsoe.eu,false,
2024-01-07 08:00:00,North Macedonia,North Macedonia,MK,494.62,555.37,26.34,16.27,entsoe.eu,false,
2024-01-07 09:00:00,North Macedonia,North Macedonia,MK,477.19,538.52,27.83,17.03,entsoe.eu,false,
2024-01-07 10:00:00,North Macedonia,North Macedonia,MK,468.6,528.58,29.48,18.59,entsoe.eu,false,
2024-01-07 11:00:00,North Macedonia,North Macedonia,MK,466.41,527.09,29.1,18.76,entsoe.eu,false,
2024-01-07 12:00:00,North Macedonia,North Macedonia,MK,479.61,542.79,25.87,17.52,entsoe.eu,false,
2024-01-07 13:00:00,North Macedonia,North Macedonia,MK,522.82,587.37,20.66,13.92,entsoe.eu,false,
2024-01-07 14:00:00,North Macedonia,North Macedonia,MK,484.4,551.34,22.33,21.09,entsoe.eu,false,
2024-01-07 15:00:00,North Macedonia,North Macedonia,MK,368.96,428.25,38.09,38.09,entsoe.eu,false,
2024-01-07 16:00:00,North Macedonia,North Macedonia,MK,373.76,434.49,38.03,38.02,entsoe.eu,false,
2024-01-07 17:00:00,North Macedonia,North Macedonia,MK,370.38,430.07,39.31,39.29,entsoe.eu,false,
2024-01-07 18:00:00,North Macedonia,North Macedonia,MK,393.38,453.42,36.47,36.42,entsoe.eu,false,
2024-01-07 19:00:00,North Macedonia,North Macedonia,MK,404.58,465.47,34.27,34.27,entsoe.eu,false,
2024-01-07 20:00:00,North Macedonia,North Macedonia,MK,468.23,529.93,27.93,23.82,entsoe.eu,false,
2024-01-07 21:00:00,North Macedonia,North Macedonia,MK,449.37,508.82,31.26,23.78,entsoe.eu,false,
2024-01-07 22:00:00,North Macedonia,North Macedonia,MK,464.76,523.67,30.31,19.26,entsoe.eu,false,
2024-01-07 23:00:00,North Macedonia,North Macedonia,MK,454.57,515.23,30.41,20.05,entsoe.eu,false,
2024-01-08 00:00:00,North Macedonia,North Macedonia,MK,481.53,542.16,28.04,14.47,entsoe.eu,false,
2024-01-08 01:00:00,North Macedonia,North Macedonia,MK,522.34,587.77,21.56,6.97,entsoe.eu,false,
2024-01-08 02:00:00,North Macedonia,North Macedonia,MK,530.14,596.48,20.42,5.58,entsoe.eu,false,
2024-01-08 03:00:00,North Macedonia,North Macedonia,MK,534.9,601.89,19.56,5.36,entsoe.eu,false,
2024-01-08 04:00:00,North Macedonia,North Macedonia,MK,558.22,625.94,16.55,4.81,entsoe.eu,false,
2024-01-08 05:00:00,North Macedonia,North Macedonia,MK,577.05,645.09,14.02,5.96,entsoe.eu,false,
2024-01-08 06:00:00,North Macedonia,North Macedonia,MK,530.77,605.07,13.61,12.03,entsoe.eu,false,
2024-01-08 07:00:00,North Macedonia,North Macedonia,MK,432.85,503.93,25.74,25.74,entsoe.eu,false,
2024-01-08 08:00:00,North Macedonia,North Macedonia,MK,385.17,449.6,34.79,34.75,entsoe.eu,false,
2024-01-08 09:00:00,North Macedonia,North Macedonia,MK,366.62,426.96,38.94,38.88,entsoe.eu,false,
2024-01-08 10:00:00,North Macedonia,North Macedonia,MK,359.58,417.05,41.37,41.32,entsoe.eu,false,
2024-01-08 11:00:00,North Macedonia,North Macedonia,MK,368.24,426.15,40.73,40.64,entsoe.eu,false,
2024-01-08 12:00:00,North Macedonia,North Macedonia,MK,360.12,416.11,42.25,42.19,entsoe.eu,false,
2024-01-08 13:00:00,North Macedonia,North Macedonia,MK,392.98,452.41,36.16,35.79,entsoe.eu,false,
2024-01-08 14:00:00,North Macedonia,North Macedonia,MK,408.41,473.44,31.56,31.55,entsoe.eu,false,
2024-01-08 15:00:00,North Macedonia,North Macedonia,MK,404.77,469.24,32.79,32.78,entsoe.eu,false,
2024-01-08 16:00:00,North Macedonia,North Macedonia,MK,422.04,485.63,31.76,31.02,entsoe.eu,false,
2024-01-08 17:00:00,North Macedonia,North Macedonia,MK,429.77,493.64,30.49,29.82,entsoe.eu,false,
2024-01-08 18:00:00,North Macedonia,North Macedonia,MK,420.66,485.78,31.95,31.02,entsoe.eu,false,
2024-01-08 19:00:00,North Macedonia,North Macedonia,MK,429.32,495.65,30.11,30.07,entsoe.eu,false,
2024-01-08 20:00:00,North Macedonia,North Macedonia,MK,443.79,504.35,30.94,27.31,entsoe.eu,false,
2024-01-08 21:00:00,North Macedonia,North Macedonia,MK,438.73,492.99,35.27,27.69,entsoe.eu,false,
2024-01-08 22:00:00,North Macedonia,North Macedonia,MK,445.64,500.31,34.93,24.98,entsoe.eu,false,
2024-01-08 23:00:00,North Macedonia,North Macedonia,MK,456.38,516.21,30.52,20.88,entsoe.eu,false,
2024-01-09 00:00:00,North Macedonia,North Macedonia,MK,453.56,511.32,32.0,21.99,entsoe.eu,false,
2024-01-09 01:00:00,North Macedonia,North Macedonia,MK,522.59,583.59,23.75,13.09,entsoe.eu,false,
2024-01-09 02:00:00,North Macedonia,North Macedonia,MK,532.94,599.29,19.07,10.38,entsoe.eu,false,
2024-01-09 03:00:00,North Macedonia,North Macedonia,MK,546.78,611.37,18.56,11.28,entsoe.eu,false,
2024-01-09 04:00:00,North Macedonia,North Macedonia,MK,551.23,614.97,18.16,13.46,entsoe.eu,false,
2024-01-09 05:00:00,North Macedonia,North Macedonia,MK,514.63,580.58,19.21,18.99,entsoe.eu,false,
2024-01-09 06:00:00,North Macedonia,North Macedonia,MK,464.66,534.21,23.79,23.79,entsoe.eu,false,
2024-01-09 07:00:00,North Macedonia,North Macedonia,MK,436.34,503.92,28.24,28.24,entsoe.eu,false,
2024-01-09 08:00:00,North Macedonia,North Macedonia,MK,385.89,446.81,36.89,36.89,entsoe.eu,false,
2024-01-09 09:00:00,North Macedonia,North Macedonia,MK,371.69,432.04,38.36,38.35,entsoe.eu,false,
2024-01-09 10:00:00,North Macedonia,North Macedonia,MK,376.64,436.26,37.6,37.6,entsoe.eu,false,
2024-01-09 11:00:00,North Macedonia,North Macedonia,MK,388.43,450.75,35.18,35.17,entsoe.eu,false,
2024-01-09 12:00:00,North Macedonia,North Macedonia,MK,357.95,417.06,40.06,40.06,entsoe.eu,false,
2024-01-09 13:00:00,North Macedonia,North Macedonia,MK,344.88,401.91,42.16,42.16,entsoe.eu,false,
2024-01-09 14:00:00,North Macedonia,North Macedonia,MK,350.13,408.8,40.75,40.75,entsoe.eu,false,
2024-01-09 15:00:00,North Macedonia,North Macedonia,MK,344.73,404.3,41.6,41.58,entsoe.eu,false,
2024-01-09 16:00:00,North Macedonia,North Macedonia,MK,345.09,404.75,42.01,41.97,entsoe.eu,false,
2024-01-09 17:00:00,North Macedonia,North Macedonia,MK,347.28,407.22,41.8,41.74,entsoe.eu,false,
2024-01-09 18:00:00,North Macedonia,North Macedonia,MK,354.89,415.14,40.87,40.83,entsoe.eu,false,
2024-01-09 19:00:00,North Macedonia,North Macedonia,MK,358.75,418.9,40.32,40.32,entsoe.eu,false,
2024-01-09 20:00:00,North Macedonia,North Macedonia,MK,367.2,427.18,38.56,38.51,entsoe.eu,false,
2024-01-09 21:00:00,North Macedonia,North Macedonia,MK,366.68,424.23,40.16,39.41,entsoe.eu,false,
2024-01-09 22:00:00,North Macedonia,North Macedonia,MK,379.57,435.17,40.45,37.67,entsoe.eu,false,
2024-01-09 23:00:00,North Macedonia,North Macedonia,MK,417.83,477.19,35.01,31.12,entsoe.eu,false,
2024-01-10 00:00:00,North Macedonia,North Macedonia,MK,460.05,521.38,29.26,23.46,entsoe.eu,false,
2024-01-10 01:00:00,North Macedonia,North Macedonia,MK,504.42,570.68,22.45,16.36,entsoe.eu,false,
2024-01-10 02:00:00,North Macedonia,North Macedonia,MK,522.21,589.56,19.33,14.04,entsoe.eu,false,
2024-01-10 03:00:00,North Macedonia,North Macedonia,MK,538.62,607.92,16.14,11.33,entsoe.eu,false,
2024-01-10 04:00:00,North Macedonia,North Macedonia,MK,547.0,618.07,13.51,12.87,entsoe.eu,false,
2024-01-10 05:00:00,North Macedonia,North Macedonia,MK,433.03,499.42,29.33,29.33,entsoe.eu,false,
2024-01-10 06:00:00,North Macedonia,North Macedonia,MK,396.75,460.96,34.4,34.4,entsoe.eu,false,
2024-01-10 07:00:00,North Macedonia,North Macedonia,MK,367.79,428.93,38.78,38.78,entsoe.eu,false,
2024-01-10 08:00:00,North Macedonia,North Macedonia,MK,352.09,411.15,41.66,41.62,entsoe.eu,false,
2024-01-10 09:00:00,North Macedonia,North Macedonia,MK,338.08,395.17,44.0,43.9,entsoe.eu,false,
2024-01-10 10:00:00,North Macedonia,North Macedonia,MK,341.97,399.23,43.3,43.21,entsoe.eu,false,
2024-01-10 11:00:00,North Macedonia,North Macedonia,MK,345.71,402.9,42.99,42.89,entsoe.eu,false,
2024-01-10 12:00:00,North Macedonia,North Macedonia,MK,340.63,397.85,43.45,43.05,entsoe.eu,false,
2024-01-10 13:00:00,North Macedonia,North Macedonia,MK,336.61,392.88,43.81,43.77,entsoe.eu,false,
2024-01-10 14:00:00,North Macedonia,North Macedonia,MK,367.08,428.7,37.51,37.51,entsoe.eu,false,
2024-01-10 15:00:00,North Macedonia,North Macedonia,MK,366.41,429.25,37.74,37.73,entsoe.eu,false,
2024-01-10 16:00:00,North Macedonia,North Macedonia,MK,363.58,426.51,38.29,38.25,entsoe.eu,false,
2024-01-10 17:00:00,North Macedonia,North Macedonia,MK,363.57,426.54,38.42,38.4,entsoe.eu,false,
2024-01-10 18:00:00,North Macedonia,North Macedonia,MK,373.02,438.11,36.31,36.3,entsoe.eu,false,
2024-01-10 19:00:00,North Macedonia,North Macedonia,MK,378.26,442.79,34.79,34.79,entsoe.eu,false,
2024-01-10 20:00:00,North Macedonia,North Macedonia,MK,396.88,463.47,31.91,31.91,entsoe.eu,false,
2024-01-10 21:00:00,North Macedonia,North Macedonia,MK,401.83,459.34,35.54,33.65,entsoe.eu,false,
2024-01-10 22:00:00,North Macedonia,North Macedonia,MK,420.86,478.43,33.8,29.88,entsoe.eu,false,
2024-01-10 23:00:00,North Macedonia,North Macedonia,MK,465.6,528.85,27.02,21.82,entsoe.eu,false,
2024-01-11 00:00:00,North Macedonia,North Macedonia,MK,492.82,557.48,23.49,17.3,entsoe.eu,false,
2024-01-11 01:00:00,North Macedonia,North Macedonia,MK,512.44,576.73,21.82,15.6,entsoe.eu,false,
2024-01-11 02:00:00,North Macedonia,North Macedonia,MK,521.77,584.56,21.79,16.02,entsoe.eu,false,
2024-01-11 03:00:00,North Macedonia,North Macedonia,MK,538.23,599.89,20.83,15.71,entsoe.eu,false,
2024-01-11 04:00:00,North Macedonia,North Macedonia,MK,553.51,616.93,17.63,15.6,entsoe.eu,false,
2024-01-11 05:00:00,North Macedonia,North Macedonia,MK,504.22,569.24,21.43,21.39,entsoe.eu,false,
2024-01-11 06:00:00,North Macedonia,North Macedonia,MK,436.9,500.68,29.4,29.39,entsoe.eu,false,
2024-01-11 07:00:00,North Macedonia,North Macedonia,MK,412.91,477.83,31.49,31.49,entsoe.eu,false,
2024-01-11 08:00:00,North Macedonia,North Macedonia,MK,380.27,440.84,37.84,37.83,entsoe.eu,false,
2024-01-11 09:00:00,North Macedonia,North Macedonia,MK,387.43,450.26,36.27,36.17,entsoe.eu,false,
2024-01-11 10:00:00,North Macedonia,North Macedonia,MK,380.82,442.91,36.86,35.93,entsoe.eu,false,
2024-01-11 11:00:00,North Macedonia,North Macedonia,MK,393.29,457.42,34.81,33.66,entsoe.eu,false,
2024-01-11 12:00:00,North Macedonia,North Macedonia,MK,386.0,449.93,35.45,35.18,entsoe.eu,false,
2024-01-11 13:00:00,North Macedonia,North Macedonia,MK,384.43,445.28,35.99,35.99,entsoe.eu,false,
2024-01-11 14:00:00,North Macedonia,North Macedonia,MK,408.8,471.19,32.59,32.59,entsoe.eu,false,
2024-01-11 15:00:00,North Macedonia,North Macedonia,MK,401.91,460.68,34.93,34.93,entsoe.eu,false,
2024-01-11 16:00:00,North Macedonia,North Macedonia,MK,401.49,455.34,37.23,36.34,entsoe.eu,false,
2024-01-11 17:00:00,North Macedonia,North Macedonia,MK,407.83,461.0,37.0,36.12,entsoe.eu,false,
2024-01-11 18:00:00,North Macedonia,North Macedonia,MK,412.26,466.11,36.36,34.8,entsoe.eu,false,
2024-01-11 19:00:00,North Macedonia,North Macedonia,MK,419.06,474.69,34.2,34.16,entsoe.eu,false,
2024-01-11 20:00:00,North Macedonia,North Macedonia,MK,422.13,479.51,33.21,31.9,entsoe.eu,false,
2024-01-11 21:00:00,North Macedonia,North Macedonia,MK,437.48,493.21,34.03,28.65,entsoe.eu,false,
2024-01-11 22:00:00,North Macedonia,North Macedonia,MK,462.91,520.2,30.89,24.28,entsoe.eu,false,
2024-01-11 23:00:00,North Macedonia,North Macedonia,MK,494.97,555.21,26.25,19.44,entsoe.eu,false,
2024-01-12 00:00:00,North Macedonia,North Macedonia,MK,493.6,552.78,27.02,19.89,entsoe.eu,false,
2024-01-12 01:00:00,North Macedonia,North Macedonia,MK,527.94,589.44,22.45,15.38,entsoe.eu,false,
2024-01-12 02:00:00,North Macedonia,North Macedonia,MK,554.34,617.46,19.04,11.97,entsoe.eu,false,
2024-01-12 03:00:00,North Macedonia,North Macedonia,MK,561.83,624.91,18.17,11.89,entsoe.eu,false,
2024-01-12 04:00:00,North Macedonia,North Macedonia,MK,567.04,631.47,16.3,12.49,entsoe.eu,false,
2024-01-12 05:00:00,North Macedonia,North Macedonia,MK,527.04,590.69,19.39,19.35,entsoe.eu,false,
2024-01-12 06:00:00,North Macedonia,North Macedonia,MK,440.69,501.03,29.8,29.79,entsoe.eu,false,
2024-01-12 07:00:00,North Macedonia,North Macedonia,MK,417.01,483.3,29.86,29.86,entsoe.eu,false,
2024-01-12 08:00:00,North Macedonia,North Macedonia,MK,378.22,442.04,36.46,36.43,entsoe.eu,false,
2024-01-12 09:00:00,North Macedonia,North Macedonia,MK,383.13,446.45,36.93,36.9,entsoe.eu,false,
2024-01-12 10:00:00,North Macedonia,North Macedonia,MK,383.01,446.88,36.83,36.8,entsoe.eu,false,
2024-01-12 11:00:00,North Macedonia,North Macedonia,MK,378.33,440.87,37.58,37.58,entsoe.eu,false,
2024-01-12 12:00:00,North Macedonia,North Macedonia,MK,366.22,427.6,39.16,39.16,entsoe.eu,false,
2024-01-12 13:00:00,North Macedonia,North Macedonia,MK,371.77,434.78,37.12,37.12,entsoe.eu,false,
2024-01-12 14:00:00,North Macedonia,North Macedonia,MK,387.69,449.63,34.94,34.94,entsoe.eu,false,
2024-01-12 15:00:00,North Macedonia,North Macedonia,MK,358.28,419.39,39.08,39.08,entsoe.eu,false,
2024-01-12 16:00:00,North Macedonia,North Macedonia,MK,348.37,409.0,40.86,40.86,entsoe.eu,false,
2024-01-12 17:00:00,North Macedonia,North Macedonia,MK,343.82,402.51,42.12,42.12,entsoe.eu,false,
2024-01-12 18:00:00,North Macedonia,North Macedonia,MK,360.04,419.23,39.95,39.95,entsoe.eu,false,
2024-01-12 19:00:00,North Macedonia,North Macedonia,MK,386.02,448.36,35.57,35.56,entsoe.eu,false,
2024-01-12 20:00:00,North Macedonia,North Macedonia,MK,399.8,463.25,33.07,33.07,entsoe.eu,false,
2024-01-12 21:00:00,North Macedonia,North Macedonia,MK,428.64,492.82,29.36,29.33,entsoe.eu,false,
2024-01-12 22:00:00,North Macedonia,North Macedonia,MK,442.15,504.76,28.96,28.07,entsoe.eu,false,
2024-01-12 23:00:00,North Macedonia,North Macedonia,MK,475.87,535.9,27.48,23.23,entsoe.eu,false,
2024-01-13 00:00:00,North Macedonia,North Macedonia,MK,493.1,554.05,25.58,19.91,entsoe.eu,false,
2024-01-13 01:00:00,North Macedonia,North Macedonia,MK,544.08,608.76,18.76,12.69,entsoe.eu,false,
2024-01-13 02:00:00,North Macedonia,North Macedonia,MK,552.65,619.12,16.75,11.21,entsoe.eu,false,
2024-01-13 03:00:00,North Macedonia,North Macedonia,MK,556.58,621.22,17.54,11.77,entsoe.eu,false,
2024-01-13 04:00:00,North Macedonia,North Macedonia,MK,546.59,610.1,18.99,14.03,entsoe.eu,false,
2024-01-13 05:00:00,North Macedonia,North Macedonia,MK,544.68,608.68,18.62,14.64,entsoe.eu,false,
2024-01-13 06:00:00,North Macedonia,North Macedonia,MK,523.94,585.6,21.82,18.64,entsoe.eu,false,
2024-01-13 07:00:00,North Macedonia,North Macedonia,MK,524.56,586.01,22.62,17.21,entsoe.eu,false,
2024-01-13 08:00:00,North Macedonia,North Macedonia,MK,514.6,578.5,22.65,15.75,entsoe.eu,false,
2024-01-13 09:00:00,North Macedonia,North Macedonia,MK,512.82,574.64,24.5,16.37,entsoe.eu,false,
2024-01-13 10:00:00,North Macedonia,North Macedonia,MK,502.95,563.6,26.51,17.29,entsoe.eu,false,
2024-01-13 11:00:00,North Macedonia,North Macedonia,MK,505.9,566.1,26.65,17.17,entsoe.eu,false,
2024-01-13 12:00:00,North Macedonia,North Macedonia,MK,510.86,569.35,26.98,17.92,entsoe.eu,false,
2024-01-13 13:00:00,North Macedonia,North Macedonia,MK,496.55,553.14,28.74,21.67,entsoe.eu,false,
2024-01-13 14:00:00,North Macedonia,North Macedonia,MK,471.78,527.31,30.31,27.44,entsoe.eu,false,
2024-01-13 15:00:00,North Macedonia,North Macedonia,MK,425.15,481.53,33.25,33.1,entsoe.eu,false,
2024-01-13 16:00:00,North Macedonia,North Macedonia,MK,415.79,468.26,37.78,33.58,entsoe.eu,false,
2024-01-13 17:00:00,North Macedonia,North Macedonia,MK,424.62,477.69,36.68,32.18,entsoe.eu,false,
2024-01-13 18:00:00,North Macedonia,North Macedonia,MK,426.94,480.17,36.73,31.13,entsoe.eu,false,
2024-01-13 19:00:00,North Macedonia,North Macedonia,MK,440.91,495.55,34.27,29.61,entsoe.eu,false,
2024-01-13 20:00:00,North Macedonia,North Macedonia,MK,442.39,498.21,33.11,29.14,entsoe.eu,false,
2024-01-13 21:00:00,North Macedonia,North Macedonia,MK,452.97,508.75,32.93,26.06,entsoe.eu,false,
2024-01-13 22:00:00,North Macedonia,North Macedonia,MK,454.91,510.91,32.86,24.47,entsoe.eu,false,
2024-01-13 23:00:00,North Macedonia,North Macedonia,MK,487.18,545.87,28.71,18.71,entsoe.eu,false,
2024-01-14 00:00:00,North Macedonia,North Macedonia,MK,470.26,526.97,31.37,21.79,entsoe.eu,false,
2024-01-14 01:00:00,North Macedonia,North Macedonia,MK,535.76,597.78,22.58,11.86,entsoe.eu,false,
2024-01-14 02:00:00,North Macedonia,North Macedonia,MK,529.97,591.41,23.26,12.95,entsoe.eu,false,
2024-01-14 03:00:00,North Macedonia,North Macedonia,MK,529.1,589.55,23.85,13.59,entsoe.eu,false,
2024-01-14 04:00:00,North Macedonia,North Macedonia,MK,549.55,611.67,20.85,11.7,entsoe.eu,false,
2024-01-14 05:00:00,North Macedonia,North Macedonia,MK,551.17,613.61,20.21,11.98,entsoe.eu,false,
2024-01-14 06:00:00,North Macedonia,North Macedonia,MK,526.68,587.0,24.15,15.72,entsoe.eu,false,
2024-01-14 07:00:00,North Macedonia,North Macedonia,MK,515.92,577.99,24.11,15.49,entsoe.eu,false,
2024-01-14 08:00:00,North Macedonia,North Macedonia,MK,494.12,555.27,27.3,16.86,entsoe.eu,false,
2024-01-14 09:00:00,North Macedonia,North Macedonia,MK,481.53,541.01,29.83,18.9,entsoe.eu,false,
2024-01-14 10:00:00,North Macedonia,North Macedonia,MK,465.42,523.31,32.24,21.35,entsoe.eu,false,
2024-01-14 11:00:00,North Macedonia,North Macedonia,MK,474.26,533.05,30.84,19.93,entsoe.eu,false,
2024-01-14 12:00:00,North Macedonia,North Macedonia,MK,499.43,559.32,27.63,17.29,entsoe.eu,false,
2024-01-14 13:00:00,North Macedonia,North Macedonia,MK,523.62,582.77,25.16,16.37,entsoe.eu,false,
2024-01-14 14:00:00,North Macedonia,North Macedonia,MK,487.6,542.84,29.81,24.07,entsoe.eu,false,
2024-01-14 15:00:00,North Macedonia,North Macedonia,MK,440.42,492.89,34.96,32.12,entsoe.eu,false,
2024-01-14 16:00:00,North Macedonia,North Macedonia,MK,397.03,449.09,38.73,37.57,entsoe.eu,false,
2024-01-14 17:00:00,North Macedonia,North Macedonia,MK,399.62,451.19,39.12,36.56,entsoe.eu,false,
2024-01-14 18:00:00,North Macedonia,North Macedonia,MK,408.14,460.31,38.02,35.31,entsoe.eu,false,
2024-01-14 19:00:00,North Macedonia,North Macedonia,MK,425.97,479.09,36.05,32.36,entsoe.eu,false,
2024-01-14 20:00:00,North Macedonia,North Macedonia,MK,471.41,529.56,29.22,24.06,entsoe.eu,false,
2024-01-14 21:00:00,North Macedonia,North Macedonia,MK,478.76,536.68,29.46,21.67,entsoe.eu,false,
2024-01-14 22:00:00,North Macedonia,North Macedonia,MK,494.43,552.3,28.24,19.75,entsoe.eu,false,
2024-01-14 23:00:00,North Macedonia,North Macedonia,MK,505.12,565.01,26.34,16.14,entsoe.eu,false,
2024-01-15 00:00:00,North Macedonia,North Macedonia,MK,507.92,567.82,25.99,16.19,entsoe.eu,false,
2024-01-15 01:00:00,North Macedonia,North Macedonia,MK,545.11,608.06,20.69,10.8,entsoe.eu,false,
2024-01-15 02:00:00,North Macedonia,North Macedonia,MK,559.23,621.71,19.51,10.28,entsoe.eu,false,
2024-01-15 03:00:00,North Macedonia,North Macedonia,MK,562.91,625.8,18.49,10.92,entsoe.eu,false,
2024-01-15 04:00:00,North Macedonia,North Macedonia,MK,577.67,642.71,15.18,10.37,entsoe.eu,false,
2024-01-15 05:00:00,North Macedonia,North Macedonia,MK,561.85,627.61,14.94,14.85,entsoe.eu,false,
2024-01-15 06:00:00,North Macedonia,North Macedonia,MK,455.42,514.37,29.04,29.03,entsoe.eu,false,
2024-01-15 07:00:00,North Macedonia,North Macedonia,MK,461.72,522.31,27.63,27.62,entsoe.eu,false,
2024-01-15 08:00:00,North Macedonia,North Macedonia,MK,419.23,476.5,33.55,33.55,entsoe.eu,false,
2024-01-15 09:00:00,North Macedonia,North Macedonia,MK,456.07,514.72,29.58,27.83,entsoe.eu,false,
2024-01-15 10:00:00,North Macedonia,North Macedonia,MK,471.23,530.74,28.36,24.37,entsoe.eu,false,
2024-01-15 11:00:00,North Macedonia,North Macedonia,MK,469.75,527.71,29.73,24.84,entsoe.eu,false,
2024-01-15 12:00:00,North Macedonia,North Macedonia,MK,454.48,510.35,32.15,27.89,entsoe.eu,false,
2024-01-15 13:00:00,North Macedonia,North Macedonia,MK,428.01,482.19,34.78,33.28,entsoe.eu,false,
2024-01-15 14:00:00,North Macedonia,North Macedonia,MK,493.89,555.23,23.97,23.77,entsoe.eu,false,
2024-01-15 15:00:00,North Macedonia,North Macedonia,MK,436.98,495.81,31.49,31.48,entsoe.eu,false,
2024-01-15 16:00:00,North Macedonia,North Macedonia,MK,412.39,468.26,35.17,35.16,entsoe.eu,false,
2024-01-15 17:00:00,North Macedonia,North Macedonia,MK,414.0,470.52,34.7,34.7,entsoe.eu,false,
2024-01-15 18:00:00,North Macedonia,North Macedonia,MK,410.82,468.24,34.78,34.78,entsoe.eu,false,
2024-01-15 19:00:00,North Macedonia,North Macedonia,MK,422.87,483.34,32.17,32.17,entsoe.eu,false,
2024-01-15 20:00:00,North Macedonia,North Macedonia,MK,462.65,524.27,27.74,24.89,entsoe.eu,false,
2024-01-15 21:00:00,North Macedonia,North Macedonia,MK,464.3,522.04,30.5,24.67,entsoe.eu,false,
2024-01-15 22:00:00,North Macedonia,North Macedonia,MK,451.56,507.2,33.06,27.1,entsoe.eu,false,
2024-01-15 23:00:00,North Macedonia,North Macedonia,MK,480.43,541.62,27.37,18.61,entsoe.eu,false,
2024-01-16 00:00:00,North Macedonia,North Macedonia,MK,485.23,545.17,27.75,18.84,entsoe.eu,false,
2024-01-16 01:00:00,North Macedonia,North Macedonia,MK,543.89,609.1,19.13,9.98,entsoe.eu,false,
2024-01-16 02:00:00,North Macedonia,North Macedonia,MK,542.25,607.85,18.97,10.04,entsoe.eu,false,
2024-01-16 03:00:00,North Macedonia,North Macedonia,MK,550.8,616.97,17.32,10.59,entsoe.eu,false,
2024-01-16 04:00:00,North Macedonia,North Macedonia,MK,562.02,630.91,13.57,11.35,entsoe.eu,false,
2024-01-16 05:00:00,North Macedonia,North Macedonia,MK,480.46,547.72,23.04,23.02,entsoe.eu,false,
2024-01-16 06:00:00,North Macedonia,North Macedonia,MK,407.32,470.53,32.52,32.52,entsoe.eu,false,
2024-01-16 07:00:00,North Macedonia,North Macedonia,MK,382.45,445.01,36.23,36.23,entsoe.eu,false,
2024-01-16 08:00:00,North Macedonia,North Macedonia,MK,287.47,340.85,51.19,51.1,entsoe.eu,false,
2024-01-16 09:00:00,North Macedonia,North Macedonia,MK,289.06,342.76,51.44,51.39,entsoe.eu,false,
2024-01-16 10:00:00,North Macedonia,North Macedonia,MK,308.7,365.14,48.34,48.26,entsoe.eu,false,
2024-01-16 11:00:00,North Macedonia,North Macedonia,MK,310.5,366.76,48.09,47.79,entsoe.eu,false,
2024-01-16 12:00:00,North Macedonia,North Macedonia,MK,312.68,370.77,46.87,46.81,entsoe.eu,false,
2024-01-16 13:00:00,North Macedonia,North Macedonia,MK,323.92,385.28,43.3,43.29,entsoe.eu,false,
2024-01-16 14:00:00,North Macedonia,North Macedonia,MK,326.83,389.55,41.14,41.14,entsoe.eu,false,
2024-01-16 15:00:00,North Macedonia,North Macedonia,MK,305.61,364.58,45.57,45.57,entsoe.eu,false,
2024-01-16 16:00:00,North Macedonia,North Macedonia,MK,308.41,367.49,45.61,45.39,entsoe.eu,false,
2024-01-16 17:00:00,North Macedonia,North Macedonia,MK,307.43,365.93,45.9,45.63,entsoe.eu,false,
2024-01-16 18:00:00,North Macedonia,North Macedonia,MK,310.64,370.0,45.03,45.0,entsoe.eu,false,
2024-01-16 19:00:00,North Macedonia,North Macedonia,MK,307.87,365.36,45.49,45.48,entsoe.eu,false,
2024-01-16 20:00:00,North Macedonia,North Macedonia,MK,322.54,380.82,42.78,42.7,entsoe.eu,false,
2024-01-16 21:00:00,North Macedonia,North Macedonia,MK,340.18,392.04,44.99,40.05,entsoe.eu,false,
2024-01-16 22:00:00,North Macedonia,North Macedonia,MK,366.61,420.32,42.0,34.92,entsoe.eu,false,
2024-01-16 23:00:00,North Macedonia,North Macedonia,MK,366.86,421.15,41.27,34.23,Electricity Maps Estimation,true,ESTIMATED_TIME_SLICER_AVERAGE
2024-01-17 00:00:00,North Macedonia,North Macedonia,MK,396.46,451.65,37.88,31.65,Electricity Maps Estimation,true,ESTIMATED_TIME_SLICER_AVERAGE
2024-01-17 01:00:00,North Macedonia,North Macedonia,MK,435.93,494.03,32.38,26.58,Electricity Maps Estimation,true,ESTIMATED_TIME_SLICER_AVERAGE
2024-01-17 02:00:00,North Macedonia,North Macedonia,MK,453.06,512.4,29.74,25.48,Electricity Maps Estimation,true,ESTIMATED_TIME_SLICER_AVERAGE
2024-01-17 03:00:00,North Macedonia,North Macedonia,MK,455.69,514.91,29.48,25.84,Electricity Maps Estimation,true,ESTIMATED_TIME_SLICER_AVERAGE
2024-01-17 04:00:00,North Macedonia,North Macedonia,MK,442.67,503.45,29.02,28.68,Electricity Maps Estimation,true,ESTIMATED_TIME_SLICER_AVERAGE
2024-01-17 05:00:00,North Macedonia,North Macedonia,MK,397.96,457.33,34.75,34.74,Electricity Maps Estimation,true,ESTIMATED_TIME_SLICER_AVERAGE
2024-01-17 06:00:00,North Macedonia,North Macedonia,MK,383.08,447.4,34.58,34.58,Electricity Maps Estimation,true,ESTIMATED_TIME_SLICER_AVERAGE
2024-01-17 07:00:00,North Macedonia,North Macedonia,MK,372.47,440.09,34.91,34.91,Electricity Maps Estimation,true,ESTIMATED_TIME_SLICER_AVERAGE
2024-01-17 08:00:00,North Macedonia,North Macedonia,MK,350.05,415.11,38.88,38.88,Electricity Maps Estimation,true,ESTIMATED_TIME_SLICER_AVERAGE
2024-01-17 09:00:00,North Macedonia,North Macedonia,MK,341.69,404.64,40.7,40.14,Electricity Maps Estimation,true,ESTIMATED_TIME_SLICER_AVERAGE
2024-01-17 10:00:00,North Macedonia,North Macedonia,MK,337.41,401.93,40.98,40.95,Electricity Maps Estimation,false,
2024-01-17 11:00:00,North Macedonia,North Macedonia,MK,340.36,404.93,40.94,40.92,Electricity Maps Estimation,false,
2024-01-17 12:00:00,North Macedonia,North Macedonia,MK,351.78,419.44,37.79,37.78,Electricity Maps Estimation,false,
2024-01-17 13:00:00,North Macedonia,North Macedonia,MK,363.16,432.34,35.13,35.13,Electricity Maps Estimation,true,ESTIMATED_TIME_SLICER_AVERAGE
2024-01-17 14:00:00,North Macedonia,North Macedonia,MK,380.44,449.37,32.88,32.88,Electricity Maps Estimation,true,ESTIMATED_TIME_SLICER_AVERAGE
2024-01-17 15:00:00,North Macedonia,North Macedonia,MK,365.42,433.19,36.2,36.2,Electricity Maps Estimation,true,ESTIMATED_TIME_SLICER_AVERAGE
2024-01-17 16:00:00,North Macedonia,North Macedonia,MK,348.57,416.56,37.79,37.79,Electricity Maps Estimation,true,ESTIMATED_TIME_SLICER_AVERAGE
2024-01-17 17:00:00,North Macedonia,North Macedonia,MK,343.22,411.05,38.27,38.27,Electricity Maps Estimation,true,ESTIMATED_TIME_SLICER_AVERAGE
2024-01-17 18:00:00,North Macedonia,North Macedonia,MK,345.86,412.63,38.11,38.11,Electricity Maps Estimation,true,ESTIMATED_TIME_SLICER_AVERAGE
2024-01-17 19:00:00,North Macedonia,North Macedonia,MK,356.06,420.95,38.37,38.37,Electricity Maps Estimation,true,ESTIMATED_TIME_SLICER_AVERAGE
2024-01-17 20:00:00,North Macedonia,North Macedonia,MK,435.47,492.62,32.64,29.81,Electricity Maps Estimation,true,ESTIMATED_TIME_SLICER_AVERAGE
2024-01-17 21:00:00,North Macedonia,North Macedonia,MK,415.46,471.14,36.4,29.96,Electricity Maps Estimation,true,ESTIMATED_TIME_SLICER_AVERAGE
2024-01-17 22:00:00,North Macedonia,North Macedonia,MK,431.94,486.69,35.71,26.33,Electricity Maps Estimation,true,ESTIMATED_TIME_SLICER_AVERAGE
2024-01-17 23:00:00,North Macedonia,North Macedonia,MK,433.51,489.56,34.85,24.28,entsoe.eu,false,
2024-01-18 00:00:00,North Macedonia,North Macedonia,MK,459.35,515.12,32.62,22.34,entsoe.eu,false,
2024-01-18 01:00:00,North Macedonia,North Macedonia,MK,491.64,551.65,27.06,16.74,entsoe.eu,false,
2024-01-18 02:00:00,North Macedonia,North Macedonia,MK,492.96,555.14,25.49,16.13,entsoe.eu,false,
2024-01-18 03:00:00,North Macedonia,North Macedonia,MK,490.52,553.6,25.03,18.51,entsoe.eu,false,
2024-01-18 04:00:00,North Macedonia,North Macedonia,MK,459.18,523.88,27.78,26.38,entsoe.eu,false,
2024-01-18 05:00:00,North Macedonia,North Macedonia,MK,471.66,534.17,26.52,26.52,entsoe.eu,false,
2024-01-18 06:00:00,North Macedonia,North Macedonia,MK,421.97,486.83,30.96,30.96,entsoe.eu,false,
2024-01-18 07:00:00,North Macedonia,North Macedonia,MK,337.79,396.74,43.6,43.6,entsoe.eu,false,
2024-01-18 08:00:00,North Macedonia,North Macedonia,MK,305.74,360.69,49.55,49.55,entsoe.eu,false,
2024-01-18 09:00:00,North Macedonia,North Macedonia,MK,301.5,355.47,51.07,51.07,entsoe.eu,false,
2024-01-18 10:00:00,North Macedonia,North Macedonia,MK,285.44,337.19,53.77,53.77,entsoe.eu,false,
2024-01-18 11:00:00,North Macedonia,North Macedonia,MK,292.98,345.83,52.43,52.43,entsoe.eu,false,
2024-01-18 12:00:00,North Macedonia,North Macedonia,MK,284.9,336.33,53.95,53.95,entsoe.eu,false,
2024-01-18 13:00:00,North Macedonia,North Macedonia,MK,301.59,354.65,50.86,50.86,entsoe.eu,false,
2024-01-18 14:00:00,North Macedonia,North Macedonia,MK,324.1,381.03,46.18,46.18,entsoe.eu,false,
2024-01-18 15:00:00,North Macedonia,North Macedonia,MK,328.05,386.46,45.18,45.18,entsoe.eu,false,
2024-01-18 16:00:00,North Macedonia,North Macedonia,MK,324.62,385.53,43.91,43.91,entsoe.eu,false,
2024-01-18 17:00:00,North Macedonia,North Macedonia,MK,327.27,388.41,43.31,43.31,entsoe.eu,false,
2024-01-18 18:00:00,North Macedonia,North Macedonia,MK,332.45,393.96,42.47,42.47,entsoe.eu,false,
2024-01-18 19:00:00,North Macedonia,North Macedonia,MK,338.46,397.2,42.39,42.39,entsoe.eu,false,
2024-01-18 20:00:00,North Macedonia,North Macedonia,MK,404.11,464.04,34.76,32.76,entsoe.eu,false,
2024-01-18 21:00:00,North Macedonia,North Macedonia,MK,397.7,454.42,38.61,32.26,entsoe.eu,false,
2024-01-18 22:00:00,North Macedonia,North Macedonia,MK,428.53,483.44,36.63,26.97,entsoe.eu,false,
2024-01-18 23:00:00,North Macedonia,North Macedonia,MK,440.06,495.16,35.87,22.75,entsoe.eu,false,
2024-01-19 00:00:00,North Macedonia,North Macedonia,MK,450.1,505.66,34.67,21.66,entsoe.eu,false,
2024-01-19 01:00:00,North Macedonia,North Macedonia,MK,489.37,547.72,29.35,16.43,entsoe.eu,false,
2024-01-19 02:00:00,North Macedonia,North Macedonia,MK,508.86,568.15,26.83,14.68,entsoe.eu,false,
2024-01-19 03:00:00,North Macedonia,North Macedonia,MK,516.82,575.61,25.9,15.82,entsoe.eu,false,
2024-01-19 04:00:00,North Macedonia,North Macedonia,MK,526.05,583.61,25.24,17.73,entsoe.eu,false,
2024-01-19 05:00:00,North Macedonia,North Macedonia,MK,508.25,565.2,26.83,20.83,entsoe.eu,false,
2024-01-19 06:00:00,North Macedonia,North Macedonia,MK,470.67,526.99,30.24,25.77,entsoe.eu,false,
2024-01-19 07:00:00,North Macedonia,North Macedonia,MK,386.6,447.63,36.19,32.24,entsoe.eu,false,
2024-01-19 08:00:00,North Macedonia,North Macedonia,MK,295.93,352.51,48.81,47.16,entsoe.eu,false,
2024-01-19 09:00:00,North Macedonia,North Macedonia,MK,289.5,344.32,50.28,48.18,entsoe.eu,false,
2024-01-19 10:00:00,North Macedonia,North Macedonia,MK,282.2,335.59,51.73,49.81,entsoe.eu,false,
2024-01-19 11:00:00,North Macedonia,North Macedonia,MK,288.58,343.41,49.83,49.06,entsoe.eu,false,
2024-01-19 12:00:00,North Macedonia,North Macedonia,MK,312.26,370.29,45.47,44.99,entsoe.eu,false,
2024-01-19 13:00:00,North Macedonia,North Macedonia,MK,407.68,467.88,33.39,33.39,entsoe.eu,false,
2024-01-19 14:00:00,North Macedonia,North Macedonia,MK,440.2,496.31,32.05,32.05,entsoe.eu,false,
2024-01-19 15:00:00,North Macedonia,North Macedonia,MK,390.63,443.55,38.65,38.65,entsoe.eu,false,
2024-01-19 16:00:00,North Macedonia,North Macedonia,MK,372.33,422.95,41.71,41.71,entsoe.eu,false,
2024-01-19 17:00:00,North Macedonia,North Macedonia,MK,372.7,423.41,41.61,41.6,entsoe.eu,false,
2024-01-19 18:00:00,North Macedonia,North Macedonia,MK,393.83,443.78,40.41,39.71,entsoe.eu,false,
2024-01-19 19:00:00,North Macedonia,North Macedonia,MK,422.63,474.56,36.85,35.29,entsoe.eu,false,
2024-01-19 20:00:00,North Macedonia,North Macedonia,MK,438.63,491.9,35.1,30.34,entsoe.eu,false,
2024-01-19 21:00:00,North Macedonia,North Macedonia,MK,420.06,471.54,38.41,31.22,entsoe.eu,false,
2024-01-19 22:00:00,North Macedonia,North Macedonia,MK,410.31,459.67,40.98,31.72,entsoe.eu,false,
2024-01-19 23:00:00,North Macedonia,North Macedonia,MK,425.24,476.59,38.99,27.84,entsoe.eu,false,
2024-01-20 00:00:00,North Macedonia,North Macedonia,MK,445.42,498.84,35.85,24.17,entsoe.eu,false,
2024-01-20 01:00:00,North Macedonia,North Macedonia,MK,468.02,522.35,33.21,21.58,entsoe.eu,false,
2024-01-20 02:00:00,North Macedonia,North Macedonia,MK,486.74,541.99,30.76,20.03,entsoe.eu,false,
2024-01-20 03:00:00,North Macedonia,North Macedonia,MK,499.36,555.25,29.16,19.25,entsoe.eu,false,
2024-01-20 04:00:00,North Macedonia,North Macedonia,MK,507.73,563.94,28.14,18.79,entsoe.eu,false,
2024-01-20 05:00:00,North Macedonia,North Macedonia,MK,496.09,551.82,29.36,21.02,entsoe.eu,false,
2024-01-20 06:00:00,North Macedonia,North Macedonia,MK,494.18,552.23,27.77,20.82,entsoe.eu,false,
2024-01-20 07:00:00,North Macedonia,North Macedonia,MK,459.46,514.23,32.65,27.37,entsoe.eu,false,
2024-01-20 08:00:00,North Macedonia,North Macedonia,MK,438.52,491.68,35.41,30.47,entsoe.eu,false,
2024-01-20 09:00:00,North Macedonia,North Macedonia,MK,421.88,473.83,37.57,32.66,entsoe.eu,false,
2024-01-20 10:00:00,North Macedonia,North Macedonia,MK,418.72,469.71,38.72,33.99,entsoe.eu,false,
2024-01-20 11:00:00,North Macedonia,North Macedonia,MK,415.36,466.06,39.16,34.73,entsoe.eu,false,
2024-01-20 12:00:00,North Macedonia,North Macedonia,MK,401.67,450.93,41.2,36.22,entsoe.eu,false,
2024-01-20 13:00:00,North Macedonia,North Macedonia,MK,402.83,451.87,41.11,36.52,entsoe.eu,false,
2024-01-20 14:00:00,North Macedonia,North Macedonia,MK,394.34,443.21,41.67,37.87,entsoe.eu,false,
2024-01-20 15:00:00,North Macedonia,North Macedonia,MK,379.76,429.89,41.48,40.54,entsoe.eu,false,
2024-01-20 16:00:00,North Macedonia,North Macedonia,MK,361.08,411.83,42.68,42.3,entsoe.eu,false,
2024-01-20 17:00:00,North Macedonia,North Macedonia,MK,360.53,411.03,43.01,42.13,entsoe.eu,false,
2024-01-20 18:00:00,North Macedonia,North Macedonia,MK,368.95,419.4,42.57,40.45,entsoe.eu,false,
2024-01-20 19:00:00,North Macedonia,North Macedonia,MK,401.76,455.38,37.47,36.02,entsoe.eu,false,
2024-01-20 20:00:00,North Macedonia,North Macedonia,MK,408.57,464.59,35.79,32.92,entsoe.eu,false,
2024-01-20 21:00:00,North Macedonia,North Macedonia,MK,377.24,425.92,43.72,38.76,entsoe.eu,false,
2024-01-20 22:00:00,North Macedonia,North Macedonia,MK,368.51,416.76,44.88,39.02,entsoe.eu,false,
2024-01-20 23:00:00,North Macedonia,North Macedonia,MK,448.67,504.4,34.07,24.26,entsoe.eu,false,
2024-01-21 00:00:00,North Macedonia,North Macedonia,MK,449.83,509.35,31.36,22.26,entsoe.eu,false,
2024-01-21 01:00:00,North Macedonia,North Macedonia,MK,449.7,510.97,30.19,22.14,entsoe.eu,false,
2024-01-21 02:00:00,North Macedonia,North Macedonia,MK,452.03,514.58,28.78,22.42,entsoe.eu,false,
2024-01-21 03:00:00,North Macedonia,North Macedonia,MK,468.11,531.48,26.52,20.6,entsoe.eu,false,
2024-01-21 04:00:00,North Macedonia,North Macedonia,MK,480.08,543.2,25.54,20.09,entsoe.eu,false,
2024-01-21 05:00:00,North Macedonia,North Macedonia,MK,470.69,533.25,27.26,19.97,entsoe.eu,false,
2024-01-21 06:00:00,North Macedonia,North Macedonia,MK,479.58,541.15,26.67,21.68,entsoe.eu,false,
2024-01-21 07:00:00,North Macedonia,North Macedonia,MK,460.85,518.5,30.74,26.07,entsoe.eu,false,
2024-01-21 08:00:00,North Macedonia,North Macedonia,MK,443.88,499.78,33.66,28.17,entsoe.eu,false,
2024-01-21 09:00:00,North Macedonia,North Macedonia,MK,425.05,480.09,36.57,29.2,entsoe.eu,false,
2024-01-21 10:00:00,North Macedonia,North Macedonia,MK,413.35,470.87,36.41,27.89,entsoe.eu,false,
2024-01-21 11:00:00,North Macedonia,North Macedonia,MK,362.42,418.44,42.3,34.12,entsoe.eu,false,
2024-01-21 12:00:00,North Macedonia,North Macedonia,MK,351.74,407.35,43.48,36.37,entsoe.eu,false,
2024-01-21 13:00:00,North Macedonia,North Macedonia,MK,423.78,478.64,36.01,30.2,entsoe.eu,false,
2024-01-21 14:00:00,North Macedonia,North Macedonia,MK,433.53,486.67,35.3,32.52,entsoe.eu,false,
2024-01-21 15:00:00,North Macedonia,North Macedonia,MK,366.98,419.32,41.73,41.51,entsoe.eu,false,
2024-01-21 16:00:00,North Macedonia,North Macedonia,MK,339.83,393.72,44.48,44.29,entsoe.eu,false,
2024-01-21 17:00:00,North Macedonia,North Macedonia,MK,378.63,432.01,40.61,37.69,entsoe.eu,false,
2024-01-21 18:00:00,North Macedonia,North Macedonia,MK,392.74,445.95,39.8,35.11,entsoe.eu,false,
2024-01-21 19:00:00,North Macedonia,North Macedonia,MK,384.41,436.83,40.83,36.8,entsoe.eu,false,
2024-01-21 20:00:00,North Macedonia,North Macedonia,MK,403.67,456.95,39.15,33.25,entsoe.eu,false,
2024-01-21 21:00:00,North Macedonia,North Macedonia,MK,401.22,453.55,40.62,32.3,entsoe.eu,false,
2024-01-21 22:00:00,North Macedonia,North Macedonia,MK,414.43,468.26,38.46,29.42,entsoe.eu,false,
2024-01-21 23:00:00,North Macedonia,North Macedonia,MK,384.01,437.39,41.45,31.28,entsoe.eu,false,
2024-01-22 00:00:00,North Macedonia,North Macedonia,MK,399.25,453.6,39.38,29.44,entsoe.eu,false,
2024-01-22 01:00:00,North Macedonia,North Macedonia,MK,425.47,483.05,34.75,25.79,entsoe.eu,false,
2024-01-22 02:00:00,North Macedonia,North Macedonia,MK,425.61,483.67,34.04,26.69,entsoe.eu,false,
2024-01-22 03:00:00,North Macedonia,North Macedonia,MK,420.3,477.87,34.5,28.51,entsoe.eu,false,
2024-01-22 04:00:00,North Macedonia,North Macedonia,MK,438.07,498.8,30.19,27.34,entsoe.eu,false,
2024-01-22 05:00:00,North Macedonia,North Macedonia,MK,397.06,457.5,33.9,33.81,entsoe.eu,false,
2024-01-22 06:00:00,North Macedonia,North Macedonia,MK,331.54,391.41,42.21,42.2,entsoe.eu,false,
2024-01-22 07:00:00,North Macedonia,North Macedonia,MK,312.06,371.1,44.24,44.24,entsoe.eu,false,
2024-01-22 08:00:00,North Macedonia,North Macedonia,MK,288.44,343.43,49.35,48.95,entsoe.eu,false,
2024-01-22 09:00:00,North Macedonia,North Macedonia,MK,306.81,361.57,47.48,46.11,entsoe.eu,false,
2024-01-22 10:00:00,North Macedonia,North Macedonia,MK,314.72,370.34,46.19,44.58,entsoe.eu,false,
2024-01-22 11:00:00,North Macedonia,North Macedonia,MK,308.11,364.69,45.93,45.46,entsoe.eu,false,
2024-01-22 12:00:00,North Macedonia,North Macedonia,MK,294.03,350.22,47.48,47.26,entsoe.eu,false,
2024-01-22 13:00:00,North Macedonia,North Macedonia,MK,304.78,363.26,45.03,45.02,entsoe.eu,false,
2024-01-22 14:00:00,North Macedonia,North Macedonia,MK,336.32,395.7,40.99,40.98,entsoe.eu,false,
2024-01-22 15:00:00,North Macedonia,North Macedonia,MK,316.93,377.0,42.49,42.49,entsoe.eu,false,
2024-01-22 16:00:00,North Macedonia,North Macedonia,MK,313.84,373.1,43.18,43.17,entsoe.eu,false,
2024-01-22 17:00:00,North Macedonia,North Macedonia,MK,303.06,362.94,44.4,44.4,entsoe.eu,false,
2024-01-22 18:00:00,North Macedonia,North Macedonia,MK,304.12,363.62,44.57,44.56,entsoe.eu,false,
2024-01-22 19:00:00,North Macedonia,North Macedonia,MK,330.95,391.67,40.32,40.3,entsoe.eu,false,
2024-01-22 20:00:00,North Macedonia,North Macedonia,MK,349.46,409.72,38.71,38.65,entsoe.eu,false,
2024-01-22 21:00:00,North Macedonia,North Macedonia,MK,361.57,416.78,40.57,38.41,entsoe.eu,false,
2024-01-22 22:00:00,North Macedonia,North Macedonia,MK,367.95,421.52,41.16,37.4,entsoe.eu,false,
2024-01-22 23:00:00,North Macedonia,North Macedonia,MK,429.63,488.04,33.19,27.28,entsoe.eu,false,
2024-01-23 00:00:00,North Macedonia,North Macedonia,MK,461.42,519.49,30.43,24.49,entsoe.eu,false,
2024-01-23 01:00:00,North Macedonia,North Macedonia,MK,492.49,553.12,26.1,20.02,entsoe.eu,false,
2024-01-23 02:00:00,North Macedonia,North Macedonia,MK,502.56,563.78,24.51,19.57,entsoe.eu,false,
2024-01-23 03:00:00,North Macedonia,North Macedonia,MK,506.02,567.47,23.95,19.5,entsoe.eu,false,
2024-01-23 04:00:00,North Macedonia,North Macedonia,MK,444.39,501.03,31.99,29.64,entsoe.eu,false,
2024-01-23 05:00:00,North Macedonia,North Macedonia,MK,385.36,436.98,39.77,39.65,entsoe.eu,false,
2024-01-23 06:00:00,North Macedonia,North Macedonia,MK,433.28,492.26,30.9,30.84,entsoe.eu,false,
2024-01-23 07:00:00,North Macedonia,North Macedonia,MK,360.78,420.72,38.19,38.17,entsoe.eu,false,
2024-01-23 08:00:00,North Macedonia,North Macedonia,MK,386.19,447.06,34.98,34.16,entsoe.eu,false,
2024-01-23 09:00:00,North Macedonia,North Macedonia,MK,371.12,430.66,37.41,35.17,entsoe.eu,false,
2024-01-23 10:00:00,North Macedonia,North Macedonia,MK,389.44,449.2,35.66,32.26,entsoe.eu,false,
2024-01-23 11:00:00,North Macedonia,North Macedonia,MK,394.11,452.26,36.2,32.72,entsoe.eu,false,
2024-01-23 12:00:00,North Macedonia,North Macedonia,MK,401.24,459.68,35.42,31.64,entsoe.eu,false,
2024-01-23 13:00:00,North Macedonia,North Macedonia,MK,391.91,450.1,35.53,34.82,entsoe.eu,false,
2024-01-23 14:00:00,North Macedonia,North Macedonia,MK,387.44,442.52,37.55,37.46,entsoe.eu,false,
2024-01-23 15:00:00,North Macedonia,North Macedonia,MK,349.0,400.01,43.54,43.5,entsoe.eu,false,
2024-01-23 16:00:00,North Macedonia,North Macedonia,MK,361.25,413.23,42.07,41.33,entsoe.eu,false,
2024-01-23 17:00:00,North Macedonia,North Macedonia,MK,355.78,408.94,41.6,41.52,entsoe.eu,false,
2024-01-23 18:00:00,North Macedonia,North Macedonia,MK,351.0,404.36,41.99,41.97,entsoe.eu,false,
2024-01-23 19:00:00,North Macedonia,North Macedonia,MK,354.05,408.49,41.27,41.24,entsoe.eu,false,
2024-01-23 20:00:00,North Macedonia,North Macedonia,MK,360.49,414.65,40.54,40.48,entsoe.eu,false,
2024-01-23 21:00:00,North Macedonia,North Macedonia,MK,382.9,436.71,39.5,36.62,entsoe.eu,false,
2024-01-23 22:00:00,North Macedonia,North Macedonia,MK,427.19,484.92,33.66,28.27,entsoe.eu,false,
2024-01-23 23:00:00,North Macedonia,North Macedonia,MK,432.66,491.51,32.77,25.99,entsoe.eu,false,
2024-01-24 00:00:00,North Macedonia,North Macedonia,MK,481.96,546.47,24.32,19.39,entsoe.eu,false,
2024-01-24 01:00:00,North Macedonia,North Macedonia,MK,523.68,590.71,18.99,13.84,entsoe.eu,false,
2024-01-24 02:00:00,North Macedonia,North Macedonia,MK,527.7,593.26,19.65,14.04,entsoe.eu,false,
2024-01-24 03:00:00,North Macedonia,North Macedonia,MK,513.79,578.11,21.59,16.41,entsoe.eu,false,
2024-01-24 04:00:00,North Macedonia,North Macedonia,MK,467.94,529.61,27.01,23.59,entsoe.eu,false,
2024-01-24 05:00:00,North Macedonia,North Macedonia,MK,390.69,446.16,37.15,36.5,entsoe.eu,false,
2024-01-24 06:00:00,North Macedonia,North Macedonia,MK,352.56,411.25,39.71,39.7,entsoe.eu,false,
2024-01-24 07:00:00,North Macedonia,North Macedonia,MK,307.05,365.76,45.04,45.04,entsoe.eu,false,
2024-01-24 08:00:00,North Macedonia,North Macedonia,MK,257.96,314.87,51.67,51.67,entsoe.eu,false,
2024-01-24 09:00:00,North Macedonia,North Macedonia,MK,243.12,294.54,56.11,56.08,entsoe.eu,false,
2024-01-24 10:00:00,North Macedonia,North Macedonia,MK,263.54,315.17,54.29,52.37,entsoe.eu,false,
2024-01-24 11:00:00,North Macedonia,North Macedonia,MK,261.66,312.9,54.64,52.84,entsoe.eu,false,
2024-01-24 12:00:00,North Macedonia,North Macedonia,MK,288.81,344.69,49.67,45.54,entsoe.eu,false,
2024-01-24 13:00:00,North Macedonia,North Macedonia,MK,371.7,432.6,37.03,32.93,entsoe.eu,false,
2024-01-24 14:00:00,North Macedonia,North Macedonia,MK,409.08,469.59,32.72,30.88,entsoe.eu,false,
2024-01-24 15:00:00,North Macedonia,North Macedonia,MK,363.26,419.62,39.16,38.85,entsoe.eu,false,
2024-01-24 16:00:00,North Macedonia,North Macedonia,MK,358.74,413.46,40.66,39.64,entsoe.eu,false,
2024-01-24 17:00:00,North Macedonia,North Macedonia,MK,369.87,423.5,40.47,38.82,entsoe.eu,false,
2024-01-24 18:00:00,North Macedonia,North Macedonia,MK,373.33,426.19,40.74,38.42,entsoe.eu,false,
2024-01-24 19:00:00,North Macedonia,North Macedonia,MK,362.19,412.67,43.92,39.03,entsoe.eu,false,
2024-01-24 20:00:00,North Macedonia,North Macedonia,MK,373.99,426.42,42.49,34.73,entsoe.eu,false,
2024-01-24 21:00:00,North Macedonia,North Macedonia,MK,369.22,419.87,44.73,34.64,entsoe.eu,false,
2024-01-24 22:00:00,North Macedonia,North Macedonia,MK,382.64,434.75,42.66,31.37,entsoe.eu,false,
2024-01-24 23:00:00,North Macedonia,North Macedonia,MK,431.49,487.36,36.33,23.37,entsoe.eu,false,
2024-01-25 00:00:00,North Macedonia,North Macedonia,MK,451.93,507.73,34.51,21.42,entsoe.eu,false,
2024-01-25 01:00:00,North Macedonia,North Macedonia,MK,478.52,536.83,30.48,17.61,entsoe.eu,false,
2024-01-25 02:00:00,North Macedonia,North Macedonia,MK,496.49,555.13,28.36,16.39,entsoe.eu,false,
2024-01-25 03:00:00,North Macedonia,North Macedonia,MK,497.57,554.95,28.62,18.0,entsoe.eu,false,
2024-01-25 04:00:00,North Macedonia,North Macedonia,MK,501.42,559.12,27.97,18.57,entsoe.eu,false,
2024-01-25 05:00:00,North Macedonia,North Macedonia,MK,462.82,516.96,32.87,26.62,entsoe.eu,false,
2024-01-25 06:00:00,North Macedonia,North Macedonia,MK,420.43,474.34,36.68,31.48,entsoe.eu,false,
2024-01-25 07:00:00,North Macedonia,North Macedonia,MK,399.14,453.12,38.53,33.95,entsoe.eu,false,
2024-01-25 08:00:00,North Macedonia,North Macedonia,MK,401.97,459.08,36.57,31.22,entsoe.eu,false,
2024-01-25 09:00:00,North Macedonia,North Macedonia,MK,384.61,439.04,40.43,33.17,entsoe.eu,false,
2024-01-25 10:00:00,North Macedonia,North Macedonia,MK,370.93,426.0,41.33,34.22,entsoe.eu,false,
2024-01-25 11:00:00,North Macedonia,North Macedonia,MK,382.21,437.36,40.35,32.94,entsoe.eu,false,
2024-01-25 12:00:00,North Macedonia,North Macedonia,MK,409.12,463.91,38.15,30.61,entsoe.eu,false,
2024-01-25 13:00:00,North Macedonia,North Macedonia,MK,420.37,475.52,36.45,29.81,entsoe.eu,false,
2024-01-25 14:00:00,North Macedonia,North Macedonia,MK,443.78,499.62,33.19,28.16,entsoe.eu,false,
2024-01-25 15:00:00,North Macedonia,North Macedonia,MK,362.25,415.86,41.23,39.23,entsoe.eu,false,
2024-01-25 16:00:00,North Macedonia,North Macedonia,MK,351.94,404.47,43.64,39.32,entsoe.eu,false,
2024-01-25 17:00:00,North Macedonia,North Macedonia,MK,360.97,412.83,42.71,39.76,entsoe.eu,false,
2024-01-25 18:00:00,North Macedonia,North Macedonia,MK,364.85,417.04,42.06,38.96,entsoe.eu,false,
2024-01-25 19:00:00,North Macedonia,North Macedonia,MK,370.39,422.31,42.08,37.52,entsoe.eu,false,
2024-01-25 20:00:00,North Macedonia,North Macedonia,MK,418.53,474.97,35.64,28.31,entsoe.eu,false,
2024-01-25 21:00:00,North Macedonia,North Macedonia,MK,422.28,476.63,37.56,26.71,entsoe.eu,false,
2024-01-25 22:00:00,North Macedonia,North Macedonia,MK,415.68,470.4,38.1,26.53,entsoe.eu,false,
2024-01-25 23:00:00,North Macedonia,North Macedonia,MK,434.76,491.08,35.54,23.2,entsoe.eu,false,
2024-01-26 00:00:00,North Macedonia,North Macedonia,MK,448.11,503.73,34.83,22.24,entsoe.eu,false,
2024-01-26 01:00:00,North Macedonia,North Macedonia,MK,478.69,535.53,31.22,18.66,entsoe.eu,false,
2024-01-26 02:00:00,North Macedonia,North Macedonia,MK,476.13,531.86,32.01,19.88,entsoe.eu,false,
2024-01-26 03:00:00,North Macedonia,North Macedonia,MK,481.64,537.36,31.28,20.01,entsoe.eu,false,
2024-01-26 04:00:00,North Macedonia,North Macedonia,MK,468.59,524.32,31.77,23.29,entsoe.eu,false,
2024-01-26 05:00:00,North Macedonia,North Macedonia,MK,449.44,504.69,33.38,27.02,entsoe.eu,false,
2024-01-26 06:00:00,North Macedonia,North Macedonia,MK,424.16,480.87,34.32,30.09,entsoe.eu,false,
2024-01-26 07:00:00,North Macedonia,North Macedonia,MK,412.37,471.01,34.42,30.03,entsoe.eu,false,
2024-01-26 08:00:00,North Macedonia,North Macedonia,MK,427.2,494.83,28.58,22.05,entsoe.eu,false,
2024-01-26 09:00:00,North Macedonia,North Macedonia,MK,307.51,363.13,48.25,42.42,entsoe.eu,false,
2024-01-26 10:00:00,North Macedonia,North Macedonia,MK,289.31,341.94,52.02,46.76,entsoe.eu,false,
2024-01-26 11:00:00,North Macedonia,North Macedonia,MK,305.64,360.73,48.62,43.41,entsoe.eu,false,
2024-01-26 12:00:00,North Macedonia,North Macedonia,MK,311.61,368.63,47.19,41.86,entsoe.eu,false,
2024-01-26 13:00:00,North Macedonia,North Macedonia,MK,445.12,502.96,32.07,26.68,entsoe.eu,false,
2024-01-26 14:00:00,North Macedonia,North Macedonia,MK,465.93,527.05,27.67,23.83,entsoe.eu,false,
2024-01-26 15:00:00,North Macedonia,North Macedonia,MK,381.81,438.04,37.31,37.29,entsoe.eu,false,
2024-01-26 16:00:00,North Macedonia,North Macedonia,MK,375.64,428.81,40.53,37.88,entsoe.eu,false,
2024-01-26 17:00:00,North Macedonia,North Macedonia,MK,378.8,431.11,40.77,37.88,entsoe.eu,false,
2024-01-26 18:00:00,North Macedonia,North Macedonia,MK,388.0,437.02,42.35,37.55,entsoe.eu,false,
2024-01-26 19:00:00,North Macedonia,North Macedonia,MK,431.44,484.17,36.42,30.58,entsoe.eu,false,
2024-01-26 20:00:00,North Macedonia,North Macedonia,MK,445.67,499.6,35.07,27.23,entsoe.eu,false,
2024-01-26 21:00:00,North Macedonia,North Macedonia,MK,455.47,512.11,33.06,23.32,entsoe.eu,false,
2024-01-26 22:00:00,North Macedonia,North Macedonia,MK,445.61,501.5,34.45,23.83,entsoe.eu,false,
2024-01-26 23:00:00,North Macedonia,North Macedonia,MK,453.4,509.72,33.47,21.98,entsoe.eu,false,
2024-01-27 00:00:00,North Macedonia,North Macedonia,MK,484.57,543.69,29.09,16.67,entsoe.eu,false,
2024-01-27 01:00:00,North Macedonia,North Macedonia,MK,502.47,561.55,27.39,15.18,entsoe.eu,false,
2024-01-27 02:00:00,North Macedonia,North Macedonia,MK,479.99,537.61,30.02,19.18,entsoe.eu,false,
2024-01-27 03:00:00,North Macedonia,North Macedonia,MK,487.06,543.47,29.95,19.71,entsoe.eu,false,
2024-01-27 04:00:00,North Macedonia,North Macedonia,MK,485.01,540.29,30.68,21.1,entsoe.eu,false,
2024-01-27 05:00:00,North Macedonia,North Macedonia,MK,478.36,535.34,29.98,21.88,entsoe.eu,false,
2024-01-27 06:00:00,North Macedonia,North Macedonia,MK,460.54,514.51,33.12,26.87,entsoe.eu,false,
2024-01-27 07:00:00,North Macedonia,North Macedonia,MK,443.28,498.27,33.8,28.83,entsoe.eu,false,
2024-01-27 08:00:00,North Macedonia,North Macedonia,MK,404.56,458.67,37.22,34.71,entsoe.eu,false,
2024-01-27 09:00:00,North Macedonia,North Macedonia,MK,408.11,460.74,38.2,34.27,entsoe.eu,false,
2024-01-27 10:00:00,North Macedonia,North Macedonia,MK,401.16,451.69,40.39,35.44,entsoe.eu,false,
2024-01-27 11:00:00,North Macedonia,North Macedonia,MK,399.93,450.25,40.55,35.96,entsoe.eu,false,
2024-01-27 12:00:00,North Macedonia,North Macedonia,MK,416.21,467.93,38.29,33.29,entsoe.eu,false,
2024-01-27 13:00:00,North Macedonia,North Macedonia,MK,423.26,476.3,36.97,31.32,entsoe.eu,false,
2024-01-27 14:00:00,North Macedonia,North Macedonia,MK,412.14,463.71,38.71,33.77,entsoe.eu,false,
2024-01-27 15:00:00,North Macedonia,North Macedonia,MK,402.41,456.85,37.44,33.96,entsoe.eu,false,
2024-01-27 16:00:00,North Macedonia,North Macedonia,MK,378.64,430.3,41.52,37.13,entsoe.eu,false,
2024-01-27 17:00:00,North Macedonia,North Macedonia,MK,387.42,437.94,41.89,35.46,entsoe.eu,false,
2024-01-27 18:00:00,North Macedonia,North Macedonia,MK,386.02,436.42,42.18,35.25,entsoe.eu,false,
2024-01-27 19:00:00,North Macedonia,North Macedonia,MK,403.59,455.99,39.43,32.11,entsoe.eu,false,
2024-01-27 20:00:00,North Macedonia,North Macedonia,MK,415.49,469.11,37.89,29.47,entsoe.eu,false,
2024-01-27 21:00:00,North Macedonia,North Macedonia,MK,400.26,453.49,39.92,29.89,entsoe.eu,false,
2024-01-27 22:00:00,North Macedonia,North Macedonia,MK,406.57,460.91,38.89,27.88,entsoe.eu,false,
2024-01-27 23:00:00,North Macedonia,North Macedonia,MK,452.38,509.1,33.75,20.67,entsoe.eu,false,
2024-01-28 00:00:00,North Macedonia,North Macedonia,MK,471.24,529.94,30.93,17.36,entsoe.eu,false,
2024-01-28 01:00:00,North Macedonia,North Macedonia,MK,470.61,531.02,29.82,16.62,entsoe.eu,false,
2024-01-28 02:00:00,North Macedonia,North Macedonia,MK,463.65,525.29,29.65,16.52,entsoe.eu,false,
2024-01-28 03:00:00,North Macedonia,North Macedonia,MK,469.57,531.64,28.67,16.34,entsoe.eu,false,
2024-01-28 04:00:00,North Macedonia,North Macedonia,MK,447.03,510.48,29.82,17.61,entsoe.eu,false,
2024-01-28 05:00:00,North Macedonia,North Macedonia,MK,470.1,528.96,30.13,19.53,entsoe.eu,false,
2024-01-28 06:00:00,North Macedonia,North Macedonia,MK,448.59,511.3,29.02,22.2,entsoe.eu,false,
2024-01-28 07:00:00,North Macedonia,North Macedonia,MK,317.0,373.14,46.15,41.48,entsoe.eu,false,
2024-01-28 08:00:00,North Macedonia,North Macedonia,MK,270.8,320.36,54.91,50.6,entsoe.eu,false,
2024-01-28 09:00:00,North Macedonia,North Macedonia,MK,283.84,336.32,52.62,46.33,entsoe.eu,false,
2024-01-28 10:00:00,North Macedonia,North Macedonia,MK,268.62,319.5,54.99,49.0,entsoe.eu,false,
2024-01-28 11:00:00,North Macedonia,North Macedonia,MK,279.86,331.03,53.23,48.75,entsoe.eu,false,
2024-01-28 12:00:00,North Macedonia,North Macedonia,MK,297.66,349.38,51.07,46.84,entsoe.eu,false,
2024-01-28 13:00:00,North Macedonia,North Macedonia,MK,424.67,482.18,34.41,28.54,entsoe.eu,false,
2024-01-28 14:00:00,North Macedonia,North Macedonia,MK,489.3,548.77,27.0,21.34,entsoe.eu,false,
2024-01-28 15:00:00,North Macedonia,North Macedonia,MK,450.91,508.35,31.26,27.51,entsoe.eu,false,
2024-01-28 16:00:00,North Macedonia,North Macedonia,MK,453.11,509.5,31.97,26.95,entsoe.eu,false,
2024-01-28 17:00:00,North Macedonia,North Macedonia,MK,446.43,500.17,34.41,28.34,entsoe.eu,false,
2024-01-28 18:00:00,North Macedonia,North Macedonia,MK,450.09,503.55,34.55,27.23,entsoe.eu,false,
2024-01-28 19:00:00,North Macedonia,North Macedonia,MK,459.39,514.08,33.07,25.39,entsoe.eu,false,
2024-01-28 20:00:00,North Macedonia,North Macedonia,MK,489.34,547.87,28.86,18.83,entsoe.eu,false,
2024-01-28 21:00:00,North Macedonia,North Macedonia,MK,485.84,543.96,29.94,17.7,entsoe.eu,false,
2024-01-28 22:00:00,North Macedonia,North Macedonia,MK,478.68,537.17,30.46,16.93,entsoe.eu,false,
2024-01-28 23:00:00,North Macedonia,North Macedonia,MK,462.33,519.79,32.59,18.84,entsoe.eu,false,
2024-01-29 00:00:00,North Macedonia,North Macedonia,MK,480.66,539.6,30.0,16.04,entsoe.eu,false,
2024-01-29 01:00:00,North Macedonia,North Macedonia,MK,485.08,543.5,29.78,16.17,entsoe.eu,false,
2024-01-29 02:00:00,North Macedonia,North Macedonia,MK,483.39,542.09,29.55,16.8,entsoe.eu,false,
2024-01-29 03:00:00,North Macedonia,North Macedonia,MK,493.4,551.89,28.35,17.13,entsoe.eu,false,
2024-01-29 04:00:00,North Macedonia,North Macedonia,MK,507.46,566.32,26.16,17.97,entsoe.eu,false,
2024-01-29 05:00:00,North Macedonia,North Macedonia,MK,500.62,561.26,24.8,20.54,entsoe.eu,false,
2024-01-29 06:00:00,North Macedonia,North Macedonia,MK,478.6,540.19,25.49,24.09,entsoe.eu,false,
2024-01-29 07:00:00,North Macedonia,North Macedonia,MK,437.89,500.64,29.23,27.67,entsoe.eu,false,
2024-01-29 08:00:00,North Macedonia,North Macedonia,MK,397.01,457.53,35.34,31.52,entsoe.eu,false,
2024-01-29 09:00:00,North Macedonia,North Macedonia,MK,403.79,461.97,35.8,30.6,entsoe.eu,false,
2024-01-29 10:00:00,North Macedonia,North Macedonia,MK,407.27,466.11,35.25,30.02,entsoe.eu,false,
2024-01-29 11:00:00,North Macedonia,North Macedonia,MK,409.04,467.49,35.05,29.93,entsoe.eu,false,
2024-01-29 12:00:00,North Macedonia,North Macedonia,MK,429.01,486.88,33.7,27.77,entsoe.eu,false,
2024-01-29 13:00:00,North Macedonia,North Macedonia,MK,435.99,493.21,33.21,28.13,entsoe.eu,false,
2024-01-29 14:00:00,North Macedonia,North Macedonia,MK,421.31,479.87,32.73,31.04,entsoe.eu,false,
2024-01-29 15:00:00,North Macedonia,North Macedonia,MK,370.5,433.53,35.93,35.93,entsoe.eu,false,
2024-01-29 16:00:00,North Macedonia,North Macedonia,MK,365.3,427.67,37.11,37.11,entsoe.eu,false,
2024-01-29 17:00:00,North Macedonia,North Macedonia,MK,393.37,454.94,34.21,34.21,entsoe.eu,false,
2024-01-29 18:00:00,North Macedonia,North Macedonia,MK,423.16,482.02,32.46,30.16,entsoe.eu,false,
2024-01-29 19:00:00,North Macedonia,North Macedonia,MK,444.83,503.84,30.56,27.59,entsoe.eu,false,
2024-01-29 20:00:00,North Macedonia,North Macedonia,MK,445.55,502.55,32.28,27.18,entsoe.eu,false,
2024-01-29 21:00:00,North Macedonia,North Macedonia,MK,451.57,507.87,33.13,24.38,entsoe.eu,false,
2024-01-29 22:00:00,North Macedonia,North Macedonia,MK,440.47,497.23,34.01,24.4,entsoe.eu,false,
2024-01-29 23:00:00,North Macedonia,North Macedonia,MK,454.83,511.79,32.69,22.24,entsoe.eu,false,
2024-01-30 00:00:00,North Macedonia,North Macedonia,MK,457.36,513.86,32.57,22.69,entsoe.eu,false,
2024-01-30 01:00:00,North Macedonia,North Macedonia,MK,465.74,523.68,30.77,21.54,entsoe.eu,false,
2024-01-30 02:00:00,North Macedonia,North Macedonia,MK,486.05,546.94,26.92,18.41,entsoe.eu,false,
2024-01-30 03:00:00,North Macedonia,North Macedonia,MK,502.45,564.14,24.54,17.63,entsoe.eu,false,
2024-01-30 04:00:00,North Macedonia,North Macedonia,MK,507.34,569.07,23.58,18.97,entsoe.eu,false,
2024-01-30 05:00:00,North Macedonia,North Macedonia,MK,456.21,512.35,31.39,27.92,entsoe.eu,false,
2024-01-30 06:00:00,North Macedonia,North Macedonia,MK,422.54,478.79,33.58,33.27,entsoe.eu,false,
2024-01-30 07:00:00,North Macedonia,North Macedonia,MK,468.12,528.63,27.05,25.94,entsoe.eu,false,
2024-01-30 08:00:00,North Macedonia,North Macedonia,MK,513.93,577.06,21.98,18.57,entsoe.eu,false,
2024-01-30 09:00:00,North Macedonia,North Macedonia,MK,519.49,582.75,21.85,17.34,entsoe.eu,false,
2024-01-30 10:00:00,North Macedonia,North Macedonia,MK,537.8,603.39,18.64,14.32,entsoe.eu,false,
2024-01-30 11:00:00,North Macedonia,North Macedonia,MK,551.61,617.8,16.72,13.49,entsoe.eu,false,
2024-01-30 12:00:00,North Macedonia,North Macedonia,MK,523.8,586.48,21.3,17.84,entsoe.eu,false,
2024-01-30 13:00:00,North Macedonia,North Macedonia,MK,529.69,592.51,20.12,18.49,entsoe.eu,false,
2024-01-30 14:00:00,North Macedonia,North Macedonia,MK,533.55,598.63,17.93,17.91,entsoe.eu,false,
2024-01-30 15:00:00,North Macedonia,North Macedonia,MK,455.45,516.96,27.65,27.63,entsoe.eu,false,
2024-01-30 16:00:00,North Macedonia,North Macedonia,MK,389.04,449.47,35.67,35.67,entsoe.eu,false,
2024-01-30 17:00:00,North Macedonia,North Macedonia,MK,392.86,451.84,35.76,35.76,entsoe.eu,false,
2024-01-30 18:00:00,North Macedonia,North Macedonia,MK,402.7,462.05,34.57,34.57,entsoe.eu,false,
2024-01-30 19:00:00,North Macedonia,North Macedonia,MK,450.28,512.88,27.87,27.85,entsoe.eu,false,
2024-01-30 20:00:00,North Macedonia,North Macedonia,MK,470.61,534.09,25.0,24.94,entsoe.eu,false,
2024-01-30 21:00:00,North Macedonia,North Macedonia,MK,434.89,490.87,33.58,29.68,entsoe.eu,false,
2024-01-30 22:00:00,North Macedonia,North Macedonia,MK,423.39,481.8,33.52,29.9,entsoe.eu,false,
2024-01-30 23:00:00,North Macedonia,North Macedonia,MK,501.28,563.95,24.05,17.28,entsoe.eu,false,
2024-01-31 00:00:00,North Macedonia,North Macedonia,MK,529.53,592.0,21.58,14.54,entsoe.eu,false,
2024-01-31 01:00:00,North Macedonia,North Macedonia,MK,537.97,601.45,19.89,13.97,entsoe.eu,false,
2024-01-31 02:00:00,North Macedonia,North Macedonia,MK,559.06,625.56,15.87,11.06,entsoe.eu,false,
2024-01-31 03:00:00,North Macedonia,North Macedonia,MK,567.64,634.57,14.39,11.35,entsoe.eu,false,
2024-01-31 04:00:00,North Macedonia,North Macedonia,MK,566.6,634.3,13.31,13.28,entsoe.eu,false,
2024-01-31 05:00:00,North Macedonia,North Macedonia,MK,480.77,542.64,24.81,24.79,entsoe.eu,false,
2024-01-31 06:00:00,North Macedonia,North Macedonia,MK,426.03,488.07,30.59,30.59,entsoe.eu,false,
2024-01-31 07:00:00,North Macedonia,North Macedonia,MK,415.51,478.73,32.24,31.49,entsoe.eu,false,
2024-01-31 08:00:00,North Macedonia,North Macedonia,MK,421.96,485.11,31.7,31.61,entsoe.eu,false,
2024-01-31 09:00:00,North Macedonia,North Macedonia,MK,418.12,476.37,35.47,33.85,entsoe.eu,false,
2024-01-31 10:00:00,North Macedonia,North Macedonia,MK,415.97,472.32,37.15,34.36,entsoe.eu,false,
2024-01-31 11:00:00,North Macedonia,North Macedonia,MK,425.15,482.05,35.8,33.18,entsoe.eu,false,
2024-01-31 12:00:00,North Macedonia,North Macedonia,MK,437.44,496.2,33.35,30.93,entsoe.eu,false,
2024-01-31 13:00:00,North Macedonia,North Macedonia,MK,538.32,603.36,18.47,15.95,entsoe.eu,false,
2024-01-31 14:00:00,North Macedonia,North Macedonia,MK,495.55,561.22,22.21,22.21,entsoe.eu,false,
2024-01-31 15:00:00,North Macedonia,North Macedonia,MK,430.82,494.42,29.52,29.52,entsoe.eu,false,
2024-01-31 16:00:00,North Macedonia,North Macedonia,MK,393.24,456.29,34.16,34.16,entsoe.eu,false,
2024-01-31 17:00:00,North Macedonia,North Macedonia,MK,392.11,453.52,34.97,34.97,entsoe.eu,false,
2024-01-31 18:00:00,North Macedonia,North Macedonia,MK,398.72,459.27,34.44,34.44,entsoe.eu,false,
2024-01-31 19:00:00,North Macedonia,North Macedonia,MK,412.52,473.47,32.34,32.33,entsoe.eu,false,
2024-01-31 20:00:00,North Macedonia,North Macedonia,MK,458.58,525.47,24.81,24.79,entsoe.eu,false,
2024-01-31 21:00:00,North Macedonia,North Macedonia,MK,415.06,476.62,32.4,31.72,entsoe.eu,false,
2024-01-31 22:00:00,North Macedonia,North Macedonia,MK,442.09,500.58,31.45,27.18,entsoe.eu,false,
2024-01-31 23:00:00,North Macedonia,North Macedonia,MK,461.66,522.17,28.5,23.74,entsoe.eu,false,
2024-02-01 00:00:00,North Macedonia,North Macedonia,MK,467.09,527.24,28.29,23.21,entsoe.eu,false,
2024-02-01 01:00:00,North Macedonia,North Macedonia,MK,521.02,584.24,21.59,15.92,entsoe.eu,false,
2024-02-01 02:00:00,North Macedonia,North Macedonia,MK,522.55,584.7,21.86,17.17,entsoe.eu,false,
2024-02-01 03:00:00,North Macedonia,North Macedonia,MK,514.81,577.07,21.91,19.69,entsoe.eu,false,
2024-02-01 04:00:00,North Macedonia,North Macedonia,MK,474.1,535.72,25.52,25.48,entsoe.eu,false,
2024-02-01 05:00:00,North Macedonia,North Macedonia,MK,399.96,454.93,36.36,36.34,entsoe.eu,false,
2024-02-01 06:00:00,North Macedonia,North Macedonia,MK,377.66,431.98,38.82,38.82,entsoe.eu,false,
2024-02-01 07:00:00,North Macedonia,North Macedonia,MK,375.78,430.06,39.72,39.71,entsoe.eu,false,
2024-02-01 08:00:00,North Macedonia,North Macedonia,MK,383.64,438.39,39.79,39.3,entsoe.eu,false,
2024-02-01 09:00:00,North Macedonia,North Macedonia,MK,402.9,459.83,37.85,36.12,entsoe.eu,false,
2024-02-01 10:00:00,North Macedonia,North Macedonia,MK,420.77,479.29,35.8,33.29,entsoe.eu,false,
2024-02-01 11:00:00,North Macedonia,North Macedonia,MK,428.78,487.98,34.12,30.57,entsoe.eu,false,
2024-02-01 12:00:00,North Macedonia,North Macedonia,MK,427.84,484.94,35.52,30.79,entsoe.eu,false,
2024-02-01 13:00:00,North Macedonia,North Macedonia,MK,438.24,494.91,33.15,28.53,entsoe.eu,false,
2024-02-01 14:00:00,North Macedonia,North Macedonia,MK,428.78,481.56,35.64,33.38,entsoe.eu,false,
2024-02-01 15:00:00,North Macedonia,North Macedonia,MK,402.5,455.69,37.21,37.19,entsoe.eu,false,
2024-02-01 16:00:00,North Macedonia,North Macedonia,MK,396.76,448.74,38.91,37.5,entsoe.eu,false,
2024-02-01 17:00:00,North Macedonia,North Macedonia,MK,397.03,448.17,39.99,36.62,entsoe.eu,false,
2024-02-01 18:00:00,North Macedonia,North Macedonia,MK,401.73,453.41,38.99,36.39,entsoe.eu,false,
2024-02-01 19:00:00,North Macedonia,North Macedonia,MK,401.94,454.11,38.56,36.19,entsoe.eu,false,
2024-02-01 20:00:00,North Macedonia,North Macedonia,MK,413.48,466.77,37.08,33.67,entsoe.eu,false,
2024-02-01 21:00:00,North Macedonia,North Macedonia,MK,424.08,477.07,36.85,31.31,entsoe.eu,false,
2024-02-01 22:00:00,North Macedonia,North Macedonia,MK,433.95,486.51,36.63,29.12,entsoe.eu,false,
2024-02-01 23:00:00,North Macedonia,North Macedonia,MK,514.54,574.45,25.11,15.75,entsoe.eu,false,
2024-02-02 00:00:00,North Macedonia,North Macedonia,MK,537.96,596.76,23.65,14.22,entsoe.eu,false,
2024-02-02 01:00:00,North Macedonia,North Macedonia,MK,570.54,629.93,20.36,10.55,entsoe.eu,false,
2024-02-02 02:00:00,North Macedonia,North Macedonia,MK,565.41,624.48,20.88,11.68,entsoe.eu,false,
2024-02-02 03:00:00,North Macedonia,North Macedonia,MK,564.89,624.09,20.71,12.06,entsoe.eu,false,
2024-02-02 04:00:00,North Macedonia,North Macedonia,MK,571.8,634.76,17.18,11.01,entsoe.eu,false,
2024-02-02 05:00:00,North Macedonia,North Macedonia,MK,535.06,595.11,21.84,17.84,entsoe.eu,false,
2024-02-02 06:00:00,North Macedonia,North Macedonia,MK,515.68,576.64,22.34,21.19,entsoe.eu,false,
2024-02-02 07:00:00,North Macedonia,North Macedonia,MK,492.27,552.49,24.66,24.65,entsoe.eu,false,
2024-02-02 08:00:00,North Macedonia,North Macedonia,MK,524.45,587.69,19.88,19.86,entsoe.eu,false,
2024-02-02 09:00:00,North Macedonia,North Macedonia,MK,539.1,607.45,16.14,16.14,entsoe.eu,false,
2024-02-02 10:00:00,North Macedonia,North Macedonia,MK,516.01,582.93,20.95,20.92,entsoe.eu,false,
2024-02-02 11:00:00,North Macedonia,North Macedonia,MK,539.95,608.02,17.65,17.64,entsoe.eu,false,
2024-02-02 12:00:00,North Macedonia,North Macedonia,MK,587.88,656.3,11.07,11.07,entsoe.eu,false,
2024-02-02 13:00:00,North Macedonia,North Macedonia,MK,602.2,669.77,10.1,10.07,entsoe.eu,false,
2024-02-02 14:00:00,North Macedonia,North Macedonia,MK,536.84,598.2,19.87,19.86,entsoe.eu,false,
2024-02-02 15:00:00,North Macedonia,North Macedonia,MK,500.46,560.36,24.33,24.32,entsoe.eu,false,
2024-02-02 16:00:00,North Macedonia,North Macedonia,MK,449.43,504.49,31.79,31.79,entsoe.eu,false,
2024-02-02 17:00:00,North Macedonia,North Macedonia,MK,455.72,513.88,29.42,29.42,entsoe.eu,false,
2024-02-02 18:00:00,North Macedonia,North Macedonia,MK,463.26,520.81,28.95,28.94,entsoe.eu,false,
2024-02-02 19:00:00,North Macedonia,North Macedonia,MK,501.88,563.16,23.14,23.12,entsoe.eu,false,
2024-02-02 20:00:00,North Macedonia,North Macedonia,MK,495.69,556.28,24.67,22.41,entsoe.eu,false,
2024-02-02 21:00:00,North Macedonia,North Macedonia,MK,490.89,550.28,26.57,21.39,entsoe.eu,false,
2024-02-02 22:00:00,North Macedonia,North Macedonia,MK,466.44,522.51,31.16,24.19,entsoe.eu,false,
2024-02-02 23:00:00,North Macedonia,North Macedonia,MK,530.2,590.74,22.81,14.63,entsoe.eu,false,
2024-02-03 00:00:00,North Macedonia,North Macedonia,MK,542.14,603.54,21.21,12.98,entsoe.eu,false,
2024-02-03 01:00:00,North Macedonia,North Macedonia,MK,563.11,625.51,18.62,10.46,entsoe.eu,false,
2024-02-03 02:00:00,North Macedonia,North Macedonia,MK,565.36,627.2,18.8,10.55,entsoe.eu,false,
2024-02-03 03:00:00,North Macedonia,North Macedonia,MK,561.85,622.9,19.73,11.09,entsoe.eu,false,
2024-02-03 04:00:00,North Macedonia,North Macedonia,MK,558.59,619.99,19.72,11.39,entsoe.eu,false,
2024-02-03 05:00:00,North Macedonia,North Macedonia,MK,530.98,589.44,24.25,15.55,entsoe.eu,false,
2024-02-03 06:00:00,North Macedonia,North Macedonia,MK,531.45,590.12,24.18,15.9,entsoe.eu,false,
2024-02-03 07:00:00,North Macedonia,North Macedonia,MK,503.24,562.82,26.47,17.84,entsoe.eu,false,
2024-02-03 08:00:00,North Macedonia,North Macedonia,MK,493.4,551.69,28.34,19.25,entsoe.eu,false,
2024-02-03 09:00:00,North Macedonia,North Macedonia,MK,464.6,521.39,31.89,23.09,entsoe.eu,false,
2024-02-03 10:00:00,North Macedonia,North Macedonia,MK,458.6,514.82,32.61,24.52,entsoe.eu,false,
2024-02-03 11:00:00,North Macedonia,North Macedonia,MK,458.75,514.77,32.71,24.43,entsoe.eu,false,
2024-02-03 12:00:00,North Macedonia,North Macedonia,MK,488.38,546.03,29.08,20.22,entsoe.eu,false,
2024-02-03 13:00:00,North Macedonia,North Macedonia,MK,497.54,555.06,28.25,19.31,entsoe.eu,false,
2024-02-03 14:00:00,North Macedonia,North Macedonia,MK,493.02,547.6,29.96,22.4,entsoe.eu,false,
2024-02-03 15:00:00,North Macedonia,North Macedonia,MK,446.28,498.9,35.03,28.86,entsoe.eu,false,
2024-02-03 16:00:00,North Macedonia,North Macedonia,MK,420.94,473.0,37.53,32.08,entsoe.eu,false,
2024-02-03 17:00:00,North Macedonia,North Macedonia,MK,413.17,463.93,39.09,33.13,entsoe.eu,false,
2024-02-03 18:00:00,North Macedonia,North Macedonia,MK,423.92,475.58,37.74,30.95,entsoe.eu,false,
2024-02-03 19:00:00,North Macedonia,North Macedonia,MK,445.56,498.74,34.89,27.95,entsoe.eu,false,
2024-02-03 20:00:00,North Macedonia,North Macedonia,MK,456.17,510.62,33.5,25.59,entsoe.eu,false,
2024-02-03 21:00:00,North Macedonia,North Macedonia,MK,446.1,500.25,34.87,25.52,entsoe.eu,false,
2024-02-03 22:00:00,North Macedonia,North Macedonia,MK,445.82,499.62,35.29,25.05,entsoe.eu,false,
2024-02-03 23:00:00,North Macedonia,North Macedonia,MK,481.76,537.2,31.13,19.97,entsoe.eu,false,
2024-02-04 00:00:00,North Macedonia,North Macedonia,MK,489.03,545.09,30.13,18.64,entsoe.eu,false,
2024-02-04 01:00:00,North Macedonia,North Macedonia,MK,492.3,547.67,30.26,18.66,entsoe.eu,false,
2024-02-04 02:00:00,North Macedonia,North Macedonia,MK,497.18,553.14,29.46,17.84,entsoe.eu,false,
2024-02-04 03:00:00,North Macedonia,North Macedonia,MK,512.78,569.88,27.24,15.95,entsoe.eu,false,
2024-02-04 04:00:00,North Macedonia,North Macedonia,MK,510.32,566.93,27.49,16.77,entsoe.eu,false,
2024-02-04 05:00:00,North Macedonia,North Macedonia,MK,500.87,556.16,28.98,18.95,entsoe.eu,false,
2024-02-04 06:00:00,North Macedonia,North Macedonia,MK,489.08,544.19,29.95,21.59,entsoe.eu,false,
2024-02-04 07:00:00,North Macedonia,North Macedonia,MK,474.75,529.86,31.01,24.17,entsoe.eu,false,
2024-02-04 08:00:00,North Macedonia,North Macedonia,MK,488.44,545.87,28.13,22.31,entsoe.eu,false,
2024-02-04 09:00:00,North Macedonia,North Macedonia,MK,507.29,566.14,25.28,20.88,entsoe.eu,false,
2024-02-04 10:00:00,North Macedonia,North Macedonia,MK,511.59,569.67,25.31,21.07,entsoe.eu,false,
2024-02-04 11:00:00,North Macedonia,North Macedonia,MK,510.47,568.6,25.57,20.53,entsoe.eu,false,
2024-02-04 12:00:00,North Macedonia,North Macedonia,MK,501.6,559.35,26.77,20.91,entsoe.eu,false,
2024-02-04 13:00:00,North Macedonia,North Macedonia,MK,524.52,582.15,24.77,18.78,entsoe.eu,false,
2024-02-04 14:00:00,North Macedonia,North Macedonia,MK,518.67,575.01,26.29,19.11,entsoe.eu,false,
2024-02-04 15:00:00,North Macedonia,North Macedonia,MK,483.72,537.97,30.66,23.83,entsoe.eu,false,
2024-02-04 16:00:00,North Macedonia,North Macedonia,MK,414.13,463.89,39.61,34.0,entsoe.eu,false,
2024-02-04 17:00:00,North Macedonia,North Macedonia,MK,408.81,458.95,39.8,34.2,entsoe.eu,false,
2024-02-04 18:00:00,North Macedonia,North Macedonia,MK,408.45,458.07,40.4,33.92,entsoe.eu,false,
2024-02-04 19:00:00,North Macedonia,North Macedonia,MK,414.24,464.06,39.82,33.22,entsoe.eu,false,
2024-02-04 20:00:00,North Macedonia,North Macedonia,MK,416.59,467.39,39.25,31.66,entsoe.eu,false,
2024-02-04 21:00:00,North Macedonia,North Macedonia,MK,433.57,486.18,37.02,27.49,entsoe.eu,false,
2024-02-04 22:00:00,North Macedonia,North Macedonia,MK,423.84,474.92,38.96,28.18,entsoe.eu,false,
2024-02-04 23:00:00,North Macedonia,North Macedonia,MK,478.71,534.09,31.47,19.33,entsoe.eu,false,
2024-02-05 00:00:00,North Macedonia,North Macedonia,MK,495.82,551.68,29.44,16.9,entsoe.eu,false,
2024-02-05 01:00:00,North Macedonia,North Macedonia,MK,503.99,561.04,27.91,15.27,entsoe.eu,false,
2024-02-05 02:00:00,North Macedonia,North Macedonia,MK,517.38,575.62,25.99,13.39,entsoe.eu,false,
2024-02-05 03:00:00,North Macedonia,North Macedonia,MK,524.54,584.57,24.03,12.56,entsoe.eu,false,
2024-02-05 04:00:00,North Macedonia,North Macedonia,MK,512.18,570.59,26.01,15.17,entsoe.eu,false,
2024-02-05 05:00:00,North Macedonia,North Macedonia,MK,490.82,546.9,29.08,20.31,entsoe.eu,false,
2024-02-05 06:00:00,North Macedonia,North Macedonia,MK,481.67,538.81,28.98,22.13,entsoe.eu,false,
2024-02-05 07:00:00,North Macedonia,North Macedonia,MK,458.72,515.39,31.2,25.58,entsoe.eu,false,
2024-02-05 08:00:00,North Macedonia,North Macedonia,MK,430.27,486.19,34.68,27.71,entsoe.eu,false,
2024-02-05 09:00:00,North Macedonia,North Macedonia,MK,449.09,507.82,31.52,23.93,entsoe.eu,false,
2024-02-05 10:00:00,North Macedonia,North Macedonia,MK,423.7,478.27,36.47,28.89,entsoe.eu,false,
2024-02-05 11:00:00,North Macedonia,North Macedonia,MK,421.63,475.23,37.15,29.67,entsoe.eu,false,
2024-02-05 12:00:00,North Macedonia,North Macedonia,MK,419.06,473.47,36.91,29.26,entsoe.eu,false,
2024-02-05 13:00:00,North Macedonia,North Macedonia,MK,468.46,527.04,29.9,21.3,entsoe.eu,false,
2024-02-05 14:00:00,North Macedonia,North Macedonia,MK,506.77,565.61,25.91,18.14,entsoe.eu,false,
2024-02-05 15:00:00,North Macedonia,North Macedonia,MK,467.94,524.92,30.19,24.27,entsoe.eu,false,
2024-02-05 16:00:00,North Macedonia,North Macedonia,MK,433.75,487.27,35.48,29.35,entsoe.eu,false,
2024-02-05 17:00:00,North Macedonia,North Macedonia,MK,426.89,479.17,36.84,30.59,entsoe.eu,false,
2024-02-05 18:00:00,North Macedonia,North Macedonia,MK,430.65,482.89,36.68,29.74,entsoe.eu,false,
2024-02-05 19:00:00,North Macedonia,North Macedonia,MK,442.3,494.56,35.83,28.09,entsoe.eu,false,
2024-02-05 20:00:00,North Macedonia,North Macedonia,MK,466.57,521.83,32.1,23.59,entsoe.eu,false,
2024-02-05 21:00:00,North Macedonia,North Macedonia,MK,450.62,504.38,34.94,24.35,entsoe.eu,false,
2024-02-05 22:00:00,North Macedonia,North Macedonia,MK,448.37,502.2,35.21,23.8,entsoe.eu,false,
2024-02-05 23:00:00,North Macedonia,North Macedonia,MK,473.57,526.86,33.25,20.81,entsoe.eu,false,
2024-02-06 00:00:00,North Macedonia,North Macedonia,MK,485.04,538.85,31.87,19.34,entsoe.eu,false,
2024-02-06 01:00:00,North Macedonia,North Macedonia,MK,503.54,558.26,29.58,17.17,entsoe.eu,false,
2024-02-06 02:00:00,North Macedonia,North Macedonia,MK,512.64,568.01,28.22,16.28,entsoe.eu,false,
2024-02-06 03:00:00,North Macedonia,North Macedonia,MK,512.6,569.43,27.12,16.14,entsoe.eu,false,
2024-02-06 04:00:00,North Macedonia,North Macedonia,MK,520.43,578.69,25.3,15.27,entsoe.eu,false,
2024-02-06 05:00:00,North Macedonia,North Macedonia,MK,500.76,557.11,27.85,19.75,entsoe.eu,false,
2024-02-06 06:00:00,North Macedonia,North Macedonia,MK,490.61,546.57,28.98,21.35,entsoe.eu,false,
2024-02-06 07:00:00,North Macedonia,North Macedonia,MK,475.77,532.92,30.2,21.24,entsoe.eu,false,
2024-02-06 08:00:00,North Macedonia,North Macedonia,MK,447.62,503.6,33.99,23.65,entsoe.eu,false,
2024-02-06 09:00:00,North Macedonia,North Macedonia,MK,454.87,511.44,33.18,22.45,entsoe.eu,false,
2024-02-06 10:00:00,North Macedonia,North Macedonia,MK,443.92,497.36,36.14,25.51,entsoe.eu,false,
2024-02-06 11:00:00,North Macedonia,North Macedonia,MK,458.71,513.54,33.82,23.53,entsoe.eu,false,
2024-02-06 12:00:00,North Macedonia,North Macedonia,MK,446.13,501.17,34.61,24.95,entsoe.eu,false,
2024-02-06 13:00:00,North Macedonia,North Macedonia,MK,472.49,528.36,31.69,21.28,entsoe.eu,false,
2024-02-06 14:00:00,North Macedonia,North Macedonia,MK,507.51,563.67,27.86,18.35,entsoe.eu,false,
2024-02-06 15:00:00,North Macedonia,North Macedonia,MK,506.99,563.99,26.8,19.4,entsoe.eu,false,
2024-02-06 16:00:00,North Macedonia,North Macedonia,MK,453.48,508.29,32.9,26.61,entsoe.eu,false,
2024-02-06 17:00:00,North Macedonia,North Macedonia,MK,441.32,494.96,34.56,29.03,entsoe.eu,false,
2024-02-06 18:00:00,North Macedonia,North Macedonia,MK,456.86,511.56,32.61,26.51,entsoe.eu,false,
2024-02-06 19:00:00,North Macedonia,North Macedonia,MK,472.36,527.44,31.18,24.22,entsoe.eu,false,
2024-02-06 20:00:00,North Macedonia,North Macedonia,MK,478.54,534.47,30.29,22.36,entsoe.eu,false,
2024-02-06 21:00:00,North Macedonia,North Macedonia,MK,478.76,535.0,30.51,20.45,entsoe.eu,false,
2024-02-06 22:00:00,North Macedonia,North Macedonia,MK,484.9,540.06,30.79,19.61,entsoe.eu,false,
2024-02-06 23:00:00,North Macedonia,North Macedonia,MK,530.48,588.96,24.44,13.53,entsoe.eu,false,
2024-02-07 00:00:00,North Macedonia,North Macedonia,MK,533.29,590.21,25.29,13.28,entsoe.eu,false,
2024-02-07 01:00:00,North Macedonia,North Macedonia,MK,537.57,595.05,24.58,12.61,entsoe.eu,false,
2024-02-07 02:00:00,North Macedonia,North Macedonia,MK,547.63,605.91,22.96,11.95,entsoe.eu,false,
2024-02-07 03:00:00,North Macedonia,North Macedonia,MK,552.01,610.55,22.12,12.46,entsoe.eu,false,
2024-02-07 04:00:00,North Macedonia,North Macedonia,MK,573.01,632.39,19.42,10.78,entsoe.eu,false,
2024-02-07 05:00:00,North Macedonia,North Macedonia,MK,554.13,611.83,21.89,14.93,entsoe.eu,false,
2024-02-07 06:00:00,North Macedonia,North Macedonia,MK,538.25,597.66,22.13,16.23,entsoe.eu,false,
2024-02-07 07:00:00,North Macedonia,North Macedonia,MK,517.33,576.33,24.66,17.83,entsoe.eu,false,
2024-02-07 08:00:00,North Macedonia,North Macedonia,MK,500.9,562.41,25.08,16.8,entsoe.eu,false,
2024-02-07 09:00:00,North Macedonia,North Macedonia,MK,489.03,549.83,26.63,17.91,entsoe.eu,false,
2024-02-07 10:00:00,North Macedonia,North Macedonia,MK,478.99,538.16,28.6,19.78,entsoe.eu,false,
2024-02-07 11:00:00,North Macedonia,North Macedonia,MK,470.28,529.02,29.64,20.82,entsoe.eu,false,
2024-02-07 12:00:00,North Macedonia,North Macedonia,MK,468.21,526.41,30.29,21.5,entsoe.eu,false,
2024-02-07 13:00:00,North Macedonia,North Macedonia,MK,475.77,533.68,29.57,21.29,entsoe.eu,false,
2024-02-07 14:00:00,North Macedonia,North Macedonia,MK,528.4,589.22,22.43,15.65,entsoe.eu,false,
2024-02-07 15:00:00,North Macedonia,North Macedonia,MK,512.51,574.85,22.21,18.96,entsoe.eu,false,
2024-02-07 16:00:00,North Macedonia,North Macedonia,MK,458.45,516.28,29.86,26.99,entsoe.eu,false,
2024-02-07 17:00:00,North Macedonia,North Macedonia,MK,447.5,503.7,31.96,28.88,entsoe.eu,false,
2024-02-07 18:00:00,North Macedonia,North Macedonia,MK,460.41,518.22,29.83,26.19,entsoe.eu,false,
2024-02-07 19:00:00,North Macedonia,North Macedonia,MK,492.89,553.64,25.4,19.86,entsoe.eu,false,
2024-02-07 20:00:00,North Macedonia,North Macedonia,MK,494.34,555.09,25.78,18.26,entsoe.eu,false,
2024-02-07 21:00:00,North Macedonia,North Macedonia,MK,469.56,526.0,31.12,21.69,entsoe.eu,false,
2024-02-07 22:00:00,North Macedonia,North Macedonia,MK,454.7,510.06,33.18,22.64,entsoe.eu,false,
2024-02-07 23:00:00,North Macedonia,North Macedonia,MK,509.98,567.76,26.9,14.38,entsoe.eu,false,
2024-02-08 00:00:00,North Macedonia,North Macedonia,MK,530.7,587.55,25.42,13.68,entsoe.eu,false,
2024-02-08 01:00:00,North Macedonia,North Macedonia,MK,587.59,649.47,17.08,5.33,entsoe.eu,false,
2024-02-08 02:00:00,North Macedonia,North Macedonia,MK,596.65,660.37,14.88,4.07,entsoe.eu,false,
2024-02-08 03:00:00,North Macedonia,North Macedonia,MK,610.72,675.0,12.93,3.8,entsoe.eu,false,
2024-02-08 04:00:00,North Macedonia,North Macedonia,MK,613.59,681.03,10.11,4.47,entsoe.eu,false,
2024-02-08 05:00:00,North Macedonia,North Macedonia,MK,594.6,661.24,11.6,10.11,entsoe.eu,false,
2024-02-08 06:00:00,North Macedonia,North Macedonia,MK,558.49,624.83,14.85,14.85,entsoe.eu,false,
2024-02-08 07:00:00,North Macedonia,North Macedonia,MK,497.74,560.02,23.19,23.1,entsoe.eu,false,
2024-02-08 08:00:00,North Macedonia,North Macedonia,MK,456.25,520.35,27.85,27.09,entsoe.eu,false,
2024-02-08 09:00:00,North Macedonia,North Macedonia,MK,447.63,510.61,29.57,28.16,entsoe.eu,false,
2024-02-08 10:00:00,North Macedonia,North Macedonia,MK,428.38,487.82,33.96,31.47,entsoe.eu,false,
2024-02-08 11:00:00,North Macedonia,North Macedonia,MK,443.66,502.2,32.97,29.77,entsoe.eu,false,
2024-02-08 12:00:00,North Macedonia,North Macedonia,MK,426.34,485.87,34.11,31.57,entsoe.eu,false,
2024-02-08 13:00:00,North Macedonia,North Macedonia,MK,437.67,498.66,31.81,30.22,entsoe.eu,false,
2024-02-08 14:00:00,North Macedonia,North Macedonia,MK,565.94,633.11,14.19,11.35,entsoe.eu,false,
2024-02-08 15:00:00,North Macedonia,North Macedonia,MK,551.01,619.72,14.46,14.46,entsoe.eu,false,
2024-02-08 16:00:00,North Macedonia,North Macedonia,MK,478.97,537.68,27.09,25.39,entsoe.eu,false,
2024-02-08 17:00:00,North Macedonia,North Macedonia,MK,490.3,548.24,26.52,24.74,entsoe.eu,false,
2024-02-08 18:00:00,North Macedonia,North Macedonia,MK,484.93,542.74,27.21,24.68,entsoe.eu,false,
2024-02-08 19:00:00,North Macedonia,North Macedonia,MK,504.36,563.67,24.97,19.95,entsoe.eu,false,
2024-02-08 20:00:00,North Macedonia,North Macedonia,MK,516.38,576.93,23.5,16.77,entsoe.eu,false,
2024-02-08 21:00:00,North Macedonia,North Macedonia,MK,494.04,551.83,27.7,18.75,entsoe.eu,false,
2024-02-08 22:00:00,North Macedonia,North Macedonia,MK,488.66,545.82,28.73,18.74,entsoe.eu,false,
2024-02-08 23:00:00,North Macedonia,North Macedonia,MK,537.11,596.23,23.28,11.79,entsoe.eu,false,
2024-02-09 00:00:00,North Macedonia,North Macedonia,MK,546.73,604.99,23.03,10.93,entsoe.eu,false,
2024-02-09 01:00:00,North Macedonia,North Macedonia,MK,569.77,629.78,19.85,7.77,entsoe.eu,false,
2024-02-09 02:00:00,North Macedonia,North Macedonia,MK,589.15,650.59,17.07,5.62,entsoe.eu,false,
2024-02-09 03:00:00,North Macedonia,North Macedonia,MK,597.63,659.42,15.89,5.34,entsoe.eu,false,
2024-02-09 04:00:00,North Macedonia,North Macedonia,MK,599.2,660.86,15.44,6.83,entsoe.eu,false,
2024-02-09 05:00:00,North Macedonia,North Macedonia,MK,569.46,630.6,18.22,11.16,entsoe.eu,false,
2024-02-09 06:00:00,North Macedonia,North Macedonia,MK,548.48,609.34,20.22,14.16,entsoe.eu,false,
2024-02-09 07:00:00,North Macedonia,North Macedonia,MK,544.14,611.13,17.06,10.76,entsoe.eu,false,
2024-02-09 08:00:00,North Macedonia,North Macedonia,MK,533.59,599.73,19.18,12.88,entsoe.eu,false,
2024-02-09 09:00:00,North Macedonia,North Macedonia,MK,499.03,561.05,25.24,19.47,entsoe.eu,false,
2024-02-09 10:00:00,North Macedonia,North Macedonia,MK,471.71,530.86,29.88,24.01,entsoe.eu,false,
2024-02-09 11:00:00,North Macedonia,North Macedonia,MK,488.56,550.95,26.01,20.88,entsoe.eu,false,
2024-02-09 12:00:00,North Macedonia,North Macedonia,MK,489.73,550.03,27.05,21.48,entsoe.eu,false,
2024-02-09 13:00:00,North Macedonia,North Macedonia,MK,431.46,488.78,33.39,26.98,entsoe.eu,false,
2024-02-09 14:00:00,North Macedonia,North Macedonia,MK,454.54,514.84,28.94,24.5,entsoe.eu,false,
2024-02-09 15:00:00,North Macedonia,North Macedonia,MK,450.23,507.56,30.3,30.2,entsoe.eu,false,
2024-02-09 16:00:00,North Macedonia,North Macedonia,MK,413.74,467.03,36.23,35.47,entsoe.eu,false,
2024-02-09 17:00:00,North Macedonia,North Macedonia,MK,416.0,472.61,34.07,32.96,entsoe.eu,false,
2024-02-09 18:00:00,North Macedonia,North Macedonia,MK,411.06,466.43,35.69,31.9,entsoe.eu,false,
2024-02-09 19:00:00,North Macedonia,North Macedonia,MK,430.83,485.46,34.59,29.17,entsoe.eu,false,
2024-02-09 20:00:00,North Macedonia,North Macedonia,MK,436.76,489.5,35.76,27.67,entsoe.eu,false,
2024-02-09 21:00:00,North Macedonia,North Macedonia,MK,434.11,484.39,37.78,27.98,entsoe.eu,false,
2024-02-09 22:00:00,North Macedonia,North Macedonia,MK,435.87,486.28,37.76,26.57,entsoe.eu,false,
2024-02-09 23:00:00,North Macedonia,North Macedonia,MK,499.22,558.38,26.86,13.71,entsoe.eu,false,
2024-02-10 00:00:00,North Macedonia,North Macedonia,MK,519.35,578.52,24.84,11.87,entsoe.eu,false,
2024-02-10 01:00:00,North Macedonia,North Macedonia,MK,511.08,568.88,26.36,13.26,entsoe.eu,false,
2024-02-10 02:00:00,North Macedonia,North Macedonia,MK,516.57,575.62,24.96,12.47,entsoe.eu,false,
2024-02-10 03:00:00,North Macedonia,North Macedonia,MK,524.38,583.73,23.96,12.24,entsoe.eu,false,
2024-02-10 04:00:00,North Macedonia,North Macedonia,MK,536.78,596.77,22.21,11.85,entsoe.eu,false,
2024-02-10 05:00:00,North Macedonia,North Macedonia,MK,532.01,591.95,22.7,12.17,entsoe.eu,false,
2024-02-10 06:00:00,North Macedonia,North Macedonia,MK,509.22,568.16,25.11,17.02,entsoe.eu,false,
2024-02-10 07:00:00,North Macedonia,North Macedonia,MK,446.86,505.23,31.41,22.68,entsoe.eu,false,
2024-02-10 08:00:00,North Macedonia,North Macedonia,MK,424.77,484.03,33.08,26.34,entsoe.eu,false,
2024-02-10 09:00:00,North Macedonia,North Macedonia,MK,408.76,467.03,35.76,28.76,entsoe.eu,false,
2024-02-10 10:00:00,North Macedonia,North Macedonia,MK,387.43,444.14,38.86,32.56,entsoe.eu,false,
2024-02-10 11:00:00,North Macedonia,North Macedonia,MK,377.66,434.13,40.03,34.04,entsoe.eu,false,
2024-02-10 12:00:00,North Macedonia,North Macedonia,MK,394.96,453.65,36.74,30.03,entsoe.eu,false,
2024-02-10 13:00:00,North Macedonia,North Macedonia,MK,467.97,529.9,27.28,19.0,entsoe.eu,false,
2024-02-10 14:00:00,North Macedonia,North Macedonia,MK,488.18,550.99,24.47,18.68,entsoe.eu,false,
2024-02-10 15:00:00,North Macedonia,North Macedonia,MK,434.71,494.33,30.45,29.75,entsoe.eu,false,
2024-02-10 16:00:00,North Macedonia,North Macedonia,MK,436.62,494.42,31.65,29.21,entsoe.eu,false,
2024-02-10 17:00:00,North Macedonia,North Macedonia,MK,417.81,475.37,33.72,29.73,entsoe.eu,false,
2024-02-10 18:00:00,North Macedonia,North Macedonia,MK,397.84,454.06,36.65,30.5,entsoe.eu,false,
2024-02-10 19:00:00,North Macedonia,North Macedonia,MK,419.26,475.75,34.79,26.64,entsoe.eu,false,
2024-02-10 20:00:00,North Macedonia,North Macedonia,MK,450.08,509.45,30.47,20.81,entsoe.eu,false,
2024-02-10 21:00:00,North Macedonia,North Macedonia,MK,431.8,489.01,33.97,21.21,entsoe.eu,false,
2024-02-10 22:00:00,North Macedonia,North Macedonia,MK,424.6,479.81,35.92,22.55,entsoe.eu,false,
2024-02-10 23:00:00,North Macedonia,North Macedonia,MK,466.06,509.63,39.57,23.83,entsoe.eu,false,
2024-02-11 00:00:00,North Macedonia,North Macedonia,MK,493.37,538.5,36.11,20.18,entsoe.eu,false,
2024-02-11 01:00:00,North Macedonia,North Macedonia,MK,524.47,571.57,32.15,14.63,entsoe.eu,false,
2024-02-11 02:00:00,North Macedonia,North Macedonia,MK,510.68,557.99,33.54,17.19,entsoe.eu,false,
2024-02-11 03:00:00,North Macedonia,North Macedonia,MK,447.05,492.59,40.63,30.67,entsoe.eu,false,
2024-02-11 04:00:00,North Macedonia,North Macedonia,MK,464.95,510.86,38.54,27.58,entsoe.eu,false,
2024-02-11 05:00:00,North Macedonia,North Macedonia,MK,483.51,529.35,36.9,22.93,entsoe.eu,false,
2024-02-11 06:00:00,North Macedonia,North Macedonia,MK,480.11,525.54,37.6,23.57,entsoe.eu,false,
2024-02-11 07:00:00,North Macedonia,North Macedonia,MK,445.47,488.49,42.17,27.95,entsoe.eu,false,
2024-02-11 08:00:00,North Macedonia,North Macedonia,MK,432.45,474.72,44.18,29.48,entsoe.eu,false,
2024-02-11 09:00:00,North Macedonia,North Macedonia,MK,371.32,410.91,51.72,40.29,entsoe.eu,false,
2024-02-11 10:00:00,North Macedonia,North Macedonia,MK,359.11,397.61,53.39,41.06,entsoe.eu,false,
2024-02-11 11:00:00,North Macedonia,North Macedonia,MK,340.53,378.06,55.66,44.08,entsoe.eu,false,
2024-02-11 12:00:00,North Macedonia,North Macedonia,MK,345.24,383.57,54.77,43.37,entsoe.eu,false,
2024-02-11 13:00:00,North Macedonia,North Macedonia,MK,362.83,401.12,52.84,39.96,entsoe.eu,false,
2024-02-11 14:00:00,North Macedonia,North Macedonia,MK,392.09,439.5,43.71,33.06,entsoe.eu,false,
2024-02-11 15:00:00,North Macedonia,North Macedonia,MK,426.65,484.65,33.21,26.14,entsoe.eu,false,
2024-02-11 16:00:00,North Macedonia,North Macedonia,MK,386.97,442.13,38.27,33.17,entsoe.eu,false,
2024-02-11 17:00:00,North Macedonia,North Macedonia,MK,355.78,408.48,43.41,38.91,entsoe.eu,false,
2024-02-11 18:00:00,North Macedonia,North Macedonia,MK,360.77,413.16,43.05,36.64,entsoe.eu,false,
2024-02-11 19:00:00,North Macedonia,North Macedonia,MK,375.99,427.67,41.95,32.9,entsoe.eu,false,
2024-02-11 20:00:00,North Macedonia,North Macedonia,MK,413.64,469.86,36.1,24.67,entsoe.eu,false,
2024-02-11 21:00:00,North Macedonia,North Macedonia,MK,409.81,465.05,37.33,24.05,entsoe.eu,false,
2024-02-11 22:00:00,North Macedonia,North Macedonia,MK,425.11,480.56,35.97,20.73,entsoe.eu,false,
2024-02-11 23:00:00,North Macedonia,North Macedonia,MK,450.37,510.05,31.28,16.58,entsoe.eu,false,
2024-02-12 00:00:00,North Macedonia,North Macedonia,MK,476.9,537.58,28.05,11.88,entsoe.eu,false,
2024-02-12 01:00:00,North Macedonia,North Macedonia,MK,482.27,542.01,28.08,11.97,entsoe.eu,false,
2024-02-12 02:00:00,North Macedonia,North Macedonia,MK,492.33,552.83,26.59,11.21,entsoe.eu,false,
2024-02-12 03:00:00,North Macedonia,North Macedonia,MK,488.83,551.29,25.72,11.18,entsoe.eu,false,
2024-02-12 04:00:00,North Macedonia,North Macedonia,MK,508.67,573.0,22.33,10.8,entsoe.eu,false,
2024-02-12 05:00:00,North Macedonia,North Macedonia,MK,506.03,568.17,23.79,13.64,entsoe.eu,false,
2024-02-12 06:00:00,North Macedonia,North Macedonia,MK,458.05,519.22,28.27,21.32,entsoe.eu,false,
2024-02-12 07:00:00,North Macedonia,North Macedonia,MK,409.46,470.69,33.15,28.99,entsoe.eu,false,
2024-02-12 08:00:00,North Macedonia,North Macedonia,MK,361.38,418.89,40.74,38.35,entsoe.eu,false,
2024-02-12 09:00:00,North Macedonia,North Macedonia,MK,388.68,445.1,38.98,33.17,entsoe.eu,false,
2024-02-12 10:00:00,North Macedonia,North Macedonia,MK,394.1,447.94,40.3,33.46,entsoe.eu,false,
2024-02-12 11:00:00,North Macedonia,North Macedonia,MK,435.91,491.8,34.99,27.34,entsoe.eu,false,
2024-02-12 12:00:00,North Macedonia,North Macedonia,MK,492.69,551.71,27.49,19.57,entsoe.eu,false,
2024-02-12 13:00:00,North Macedonia,North Macedonia,MK,549.65,612.15,19.53,11.29,entsoe.eu,false,
2024-02-12 14:00:00,North Macedonia,North Macedonia,MK,555.75,618.45,18.87,10.05,entsoe.eu,false,
2024-02-12 15:00:00,North Macedonia,North Macedonia,MK,550.17,611.3,19.94,13.44,entsoe.eu,false,
2024-02-12 16:00:00,North Macedonia,North Macedonia,MK,504.09,561.35,26.34,20.77,entsoe.eu,false,
2024-02-12 17:00:00,North Macedonia,North Macedonia,MK,471.68,528.79,29.41,24.26,entsoe.eu,false,
2024-02-12 18:00:00,North Macedonia,North Macedonia,MK,507.49,566.13,25.42,18.86,entsoe.eu,false,
2024-02-12 19:00:00,North Macedonia,North Macedonia,MK,516.53,575.75,24.37,17.0,entsoe.eu,false,
2024-02-12 20:00:00,North Macedonia,North Macedonia,MK,524.01,581.03,25.2,16.95,entsoe.eu,false,
2024-02-12 21:00:00,North Macedonia,North Macedonia,MK,506.62,562.43,27.95,17.52,entsoe.eu,false,
2024-02-12 22:00:00,North Macedonia,North Macedonia,MK,508.12,564.94,27.31,16.14,entsoe.eu,false,
2024-02-12 23:00:00,North Macedonia,North Macedonia,MK,542.59,603.28,21.61,10.75,entsoe.eu,false,
2024-02-13 00:00:00,North Macedonia,North Macedonia,MK,566.87,628.48,18.65,8.47,entsoe.eu,false,
2024-02-13 01:00:00,North Macedonia,North Macedonia,MK,576.52,637.54,17.97,8.61,entsoe.eu,false,
2024-02-13 02:00:00,North Macedonia,North Macedonia,MK,577.06,637.87,17.92,9.14,entsoe.eu,false,
2024-02-13 03:00:00,North Macedonia,North Macedonia,MK,580.26,642.27,16.6,9.32,entsoe.eu,false,
2024-02-13 04:00:00,North Macedonia,North Macedonia,MK,588.31,649.95,15.82,10.11,entsoe.eu,false,
2024-02-13 05:00:00,North Macedonia,North Macedonia,MK,584.18,643.23,17.66,13.34,entsoe.eu,false,
2024-02-13 06:00:00,North Macedonia,North Macedonia,MK,564.49,625.15,18.28,15.3,entsoe.eu,false,
2024-02-13 07:00:00,North Macedonia,North Macedonia,MK,564.45,627.32,16.81,14.65,entsoe.eu,false,
2024-02-13 08:00:00,North Macedonia,North Macedonia,MK,561.53,627.05,15.56,13.05,entsoe.eu,false,
2024-02-13 09:00:00,North Macedonia,North Macedonia,MK,565.3,631.23,14.75,13.31,entsoe.eu,false,
2024-02-13 10:00:00,North Macedonia,North Macedonia,MK,574.81,639.1,14.82,13.57,entsoe.eu,false,
2024-02-13 11:00:00,North Macedonia,North Macedonia,MK,575.36,638.0,15.89,13.94,entsoe.eu,false,
2024-02-13 12:00:00,North Macedonia,North Macedonia,MK,554.43,615.49,19.01,15.84,entsoe.eu,false,
2024-02-13 13:00:00,North Macedonia,North Macedonia,MK,554.75,615.62,18.86,16.79,entsoe.eu,false,
2024-02-13 14:00:00,North Macedonia,North Macedonia,MK,552.94,614.17,18.7,17.39,entsoe.eu,false,
2024-02-13 15:00:00,North Macedonia,North Macedonia,MK,515.89,576.28,22.4,22.4,entsoe.eu,false,
2024-02-13 16:00:00,North Macedonia,North Macedonia,MK,484.47,543.38,26.19,26.19,entsoe.eu,false,
2024-02-13 17:00:00,North Macedonia,North Macedonia,MK,496.41,556.51,24.37,24.37,entsoe.eu,false,
2024-02-13 18:00:00,North Macedonia,North Macedonia,MK,529.82,592.17,19.92,19.92,entsoe.eu,false,
2024-02-13 19:00:00,North Macedonia,North Macedonia,MK,524.05,583.03,22.9,20.5,entsoe.eu,false,
2024-02-13 20:00:00,North Macedonia,North Macedonia,MK,518.42,575.87,24.79,20.14,entsoe.eu,false,
2024-02-13 21:00:00,North Macedonia,North Macedonia,MK,501.62,558.25,27.35,19.64,entsoe.eu,false,
2024-02-13 22:00:00,North Macedonia,North Macedonia,MK,500.99,555.57,28.9,19.67,entsoe.eu,false,
2024-02-13 23:00:00,North Macedonia,North Macedonia,MK,528.49,589.13,22.8,11.79,entsoe.eu,false,
2024-02-14 00:00:00,North Macedonia,North Macedonia,MK,527.84,589.06,22.5,11.04,entsoe.eu,false,
2024-02-14 01:00:00,North Macedonia,North Macedonia,MK,562.12,624.36,18.54,8.08,entsoe.eu,false,
2024-02-14 02:00:00,North Macedonia,North Macedonia,MK,570.54,635.34,15.96,7.04,entsoe.eu,false,
2024-02-14 03:00:00,North Macedonia,North Macedonia,MK,583.07,647.89,14.63,6.8,entsoe.eu,false,
2024-02-14 04:00:00,North Macedonia,North Macedonia,MK,601.39,669.52,10.47,5.88,entsoe.eu,false,
2024-02-14 05:00:00,North Macedonia,North Macedonia,MK,578.65,642.71,15.21,9.94,entsoe.eu,false,
2024-02-14 06:00:00,North Macedonia,North Macedonia,MK,579.08,645.26,13.61,10.53,entsoe.eu,false,
2024-02-14 07:00:00,North Macedonia,North Macedonia,MK,515.64,580.52,20.96,20.27,entsoe.eu,false,
2024-02-14 08:00:00,North Macedonia,North Macedonia,MK,482.35,544.49,26.36,26.28,entsoe.eu,false,
2024-02-14 09:00:00,North Macedonia,North Macedonia,MK,416.26,469.96,39.46,39.34,entsoe.eu,false,
2024-02-14 10:00:00,North Macedonia,North Macedonia,MK,394.59,446.9,42.57,42.42,entsoe.eu,false,
2024-02-14 11:00:00,North Macedonia,North Macedonia,MK,410.01,464.82,38.96,38.87,entsoe.eu,false,
2024-02-14 12:00:00,North Macedonia,North Macedonia,MK,410.91,465.49,39.22,39.13,entsoe.eu,false,
2024-02-14 13:00:00,North Macedonia,North Macedonia,MK,447.44,503.78,34.32,34.22,entsoe.eu,false,
2024-02-14 14:00:00,North Macedonia,North Macedonia,MK,536.5,599.94,19.83,18.38,entsoe.eu,false,
2024-02-14 15:00:00,North Macedonia,North Macedonia,MK,494.6,560.33,23.67,23.67,entsoe.eu,false,
2024-02-14 16:00:00,North Macedonia,North Macedonia,MK,467.35,529.73,27.66,27.24,entsoe.eu,false,
2024-02-14 17:00:00,North Macedonia,North Macedonia,MK,451.6,512.43,30.04,29.85,entsoe.eu,false,
2024-02-14 18:00:00,North Macedonia,North Macedonia,MK,472.07,532.45,27.77,25.37,entsoe.eu,false,
2024-02-14 19:00:00,North Macedonia,North Macedonia,MK,498.03,559.73,24.14,18.84,entsoe.eu,false,
2024-02-14 20:00:00,North Macedonia,North Macedonia,MK,490.33,550.54,26.19,18.92,entsoe.eu,false,
2024-02-14 21:00:00,North Macedonia,North Macedonia,MK,462.17,518.45,31.61,21.88,entsoe.eu,false,
2024-02-14 22:00:00,North Macedonia,North Macedonia,MK,462.87,519.2,31.46,21.58,entsoe.eu,false,
2024-02-14 23:00:00,North Macedonia,North Macedonia,MK,503.6,564.01,25.55,14.76,entsoe.eu,false,
2024-02-15 00:00:00,North Macedonia,North Macedonia,MK,503.35,563.1,25.97,14.84,entsoe.eu,false,
2024-02-15 01:00:00,North Macedonia,North Macedonia,MK,529.04,591.52,21.9,10.74,entsoe.eu,false,
2024-02-15 02:00:00,North Macedonia,North Macedonia,MK,529.81,592.53,21.5,10.4,entsoe.eu,false,
2024-02-15 03:00:00,North Macedonia,North Macedonia,MK,536.44,599.14,20.75,9.86,entsoe.eu,false,
2024-02-15 04:00:00,North Macedonia,North Macedonia,MK,555.32,618.35,18.54,9.36,entsoe.eu,false,
2024-02-15 05:00:00,North Macedonia,North Macedonia,MK,550.2,613.26,18.55,12.34,entsoe.eu,false,
2024-02-15 06:00:00,North Macedonia,North Macedonia,MK,577.75,645.95,12.37,9.75,entsoe.eu,false,
2024-02-15 07:00:00,North Macedonia,North Macedonia,MK,554.25,622.84,14.63,10.33,entsoe.eu,false,
2024-02-15 08:00:00,North Macedonia,North Macedonia,MK,547.05,611.43,18.15,13.49,entsoe.eu,false,
2024-02-15 09:00:00,North Macedonia,North Macedonia,MK,502.42,561.44,26.45,21.46,entsoe.eu,false,
2024-02-15 10:00:00,North Macedonia,North Macedonia,MK,496.99,555.56,27.45,22.53,entsoe.eu,false,
2024-02-15 11:00:00,North Macedonia,North Macedonia,MK,478.05,535.58,30.12,26.36,entsoe.eu,false,
2024-02-15 12:00:00,North Macedonia,North Macedonia,MK,498.31,557.14,26.64,20.6,entsoe.eu,false,
2024-02-15 13:00:00,North Macedonia,North Macedonia,MK,501.83,562.23,25.03,17.88,entsoe.eu,false,
2024-02-15 14:00:00,North Macedonia,North Macedonia,MK,516.4,578.47,22.42,15.92,entsoe.eu,false,
2024-02-15 15:00:00,North Macedonia,North Macedonia,MK,523.59,590.71,18.23,17.17,entsoe.eu,false,
2024-02-15 16:00:00,North Macedonia,North Macedonia,MK,453.51,515.12,28.82,28.81,entsoe.eu,false,
2024-02-15 17:00:00,North Macedonia,North Macedonia,MK,459.34,520.06,28.18,28.17,entsoe.eu,false,
2024-02-15 18:00:00,North Macedonia,North Macedonia,MK,457.47,517.14,28.72,27.99,entsoe.eu,false,
2024-02-15 19:00:00,North Macedonia,North Macedonia,MK,486.94,548.04,25.19,21.46,entsoe.eu,false,
2024-02-15 20:00:00,North Macedonia,North Macedonia,MK,491.57,552.52,25.25,18.89,entsoe.eu,false,
2024-02-15 21:00:00,North Macedonia,North Macedonia,MK,459.11,514.91,31.75,23.14,entsoe.eu,false,
2024-02-15 22:00:00,North Macedonia,North Macedonia,MK,453.64,509.42,32.55,22.42,entsoe.eu,false,
2024-02-15 23:00:00,North Macedonia,North Macedonia,MK,445.21,500.28,33.93,22.54,Electricity Maps Estimation,true,ESTIMATED_TIME_SLICER_AVERAGE
2024-02-16 00:00:00,North Macedonia,North Macedonia,MK,450.11,505.48,33.32,21.92,Electricity Maps Estimation,true,ESTIMATED_TIME_SLICER_AVERAGE
2024-02-16 01:00:00,North Macedonia,North Macedonia,MK,463.93,520.58,31.19,19.91,Electricity Maps Estimation,true,ESTIMATED_TIME_SLICER_AVERAGE
2024-02-16 02:00:00,North Macedonia,North Macedonia,MK,468.8,526.16,30.29,18.9,Electricity Maps Estimation,true,ESTIMATED_TIME_SLICER_AVERAGE
2024-02-16 03:00:00,North Macedonia,North Macedonia,MK,478.23,536.43,28.77,18.44,Electricity Maps Estimation,true,ESTIMATED_TIME_SLICER_AVERAGE
2024-02-16 04:00:00,North Macedonia,North Macedonia,MK,499.44,557.54,26.63,18.18,Electricity Maps Estimation,true,ESTIMATED_TIME_SLICER_AVERAGE
2024-02-16 05:00:00,North Macedonia,North Macedonia,MK,500.35,557.92,26.36,21.19,Electricity Maps Estimation,true,ESTIMATED_TIME_SLICER_AVERAGE
2024-02-16 06:00:00,North Macedonia,North Macedonia,MK,485.83,545.78,25.72,23.91,Electricity Maps Estimation,true,ESTIMATED_TIME_SLICER_AVERAGE
2024-02-16 07:00:00,North Macedonia,North Macedonia,MK,458.86,518.15,28.97,27.72,Electricity Maps Estimation,true,ESTIMATED_TIME_SLICER_AVERAGE
2024-02-16 08:00:00,North Macedonia,North Macedonia,MK,446.79,504.37,31.83,28.7,Electricity Maps Estimation,true,ESTIMATED_TIME_SLICER_AVERAGE
2024-02-16 09:00:00,North Macedonia,North Macedonia,MK,438.6,495.19,33.94,31.32,Electricity Maps Estimation,true,ESTIMATED_TIME_SLICER_AVERAGE
2024-02-16 10:00:00,North Macedonia,North Macedonia,MK,435.71,491.36,34.88,31.95,Electricity Maps Estimation,true,ESTIMATED_TIME_SLICER_AVERAGE
2024-02-16 11:00:00,North Macedonia,North Macedonia,MK,474.84,532.98,28.5,23.96,Electricity Maps Estimation,true,ESTIMATED_TIME_SLICER_AVERAGE
2024-02-16 12:00:00,North Macedonia,North Macedonia,MK,460.56,517.18,30.9,25.35,Electricity Maps Estimation,true,ESTIMATED_TIME_SLICER_AVERAGE
2024-02-16 13:00:00,North Macedonia,North Macedonia,MK,463.26,520.94,29.98,24.43,Electricity Maps Estimation,true,ESTIMATED_TIME_SLICER_AVERAGE
2024-02-16 14:00:00,North Macedonia,North Macedonia,MK,497.25,556.02,25.96,21.27,Electricity Maps Estimation,true,ESTIMATED_TIME_SLICER_AVERAGE
2024-02-16 15:00:00,North Macedonia,North Macedonia,MK,498.71,557.15,25.46,23.66,Electricity Maps Estimation,true,ESTIMATED_TIME_SLICER_AVERAGE
2024-02-16 16:00:00,North Macedonia,North Macedonia,MK,468.1,524.74,29.07,29.07,Electricity Maps Estimation,true,ESTIMATED_TIME_SLICER_AVERAGE
2024-02-16 17:00:00,North Macedonia,North Macedonia,MK,461.74,518.06,29.88,29.75,Electricity Maps Estimation,true,ESTIMATED_TIME_SLICER_AVERAGE
2024-02-16 18:00:00,North Macedonia,North Macedonia,MK,467.19,523.52,29.66,27.57,Electricity Maps Estimation,true,ESTIMATED_TIME_SLICER_AVERAGE
2024-02-16 19:00:00,North Macedonia,North Macedonia,MK,478.66,534.55,29.2,25.15,Electricity Maps Estimation,true,ESTIMATED_TIME_SLICER_AVERAGE
2024-02-16 20:00:00,North Macedonia,North Macedonia,MK,488.05,544.35,28.37,22.6,Electricity Maps Estimation,true,ESTIMATED_TIME_SLICER_AVERAGE
2024-02-16 21:00:00,North Macedonia,North Macedonia,MK,480.03,535.11,30.11,22.48,Electricity Maps Estimation,true,ESTIMATED_TIME_SLICER_AVERAGE
2024-02-16 22:00:00,North Macedonia,North Macedonia,MK,481.22,536.71,29.9,21.05,Electricity Maps Estimation,true,ESTIMATED_TIME_SLICER_AVERAGE
2024-02-16 23:00:00,North Macedonia,North Macedonia,MK,514.09,572.69,25.34,14.17,Electricity Maps Estimation,true,ESTIMATED_TIME_SLICER_AVERAGE
2024-02-17 00:00:00,North Macedonia,North Macedonia,MK,524.63,582.08,25.13,13.19,Electricity Maps Estimation,true,ESTIMATED_TIME_SLICER_AVERAGE
2024-02-17 01:00:00,North Macedonia,North Macedonia,MK,536.1,594.39,23.49,12.03,Electricity Maps Estimation,true,ESTIMATED_TIME_SLICER_AVERAGE
2024-02-17 02:00:00,North Macedonia,North Macedonia,MK,545.97,604.92,22.12,11.09,Electricity Maps Estimation,true,ESTIMATED_TIME_SLICER_AVERAGE
2024-02-17 03:00:00,North Macedonia,North Macedonia,MK,555.18,614.51,20.97,10.57,Electricity Maps Estimation,true,ESTIMATED_TIME_SLICER_AVERAGE
2024-02-17 04:00:00,North Macedonia,North Macedonia,MK,559.29,619.03,20.24,10.63,Electricity Maps Estimation,true,ESTIMATED_TIME_SLICER_AVERAGE
2024-02-17 05:00:00,North Macedonia,North Macedonia,MK,544.82,603.13,22.4,13.2,Electricity Maps Estimation,true,ESTIMATED_TIME_SLICER_AVERAGE
2024-02-17 06:00:00,North Macedonia,North Macedonia,MK,530.08,589.75,22.74,15.14,Electricity Maps Estimation,true,ESTIMATED_TIME_SLICER_AVERAGE
2024-02-17 07:00:00,North Macedonia,North Macedonia,MK,499.3,558.34,25.83,19.8,Electricity Maps Estimation,true,ESTIMATED_TIME_SLICER_AVERAGE
2024-02-17 08:00:00,North Macedonia,North Macedonia,MK,498.53,558.31,25.6,21.15,Electricity Maps Estimation,true,ESTIMATED_TIME_SLICER_AVERAGE
2024-02-17 09:00:00,North Macedonia,North Macedonia,MK,475.47,532.96,29.7,26.59,Electricity Maps Estimation,true,ESTIMATED_TIME_SLICER_AVERAGE
2024-02-17 10:00:00,North Macedonia,North Macedonia,MK,463.26,519.22,31.95,28.48,Electricity Maps Estimation,true,ESTIMATED_TIME_SLICER_AVERAGE
2024-02-17 11:00:00,North Macedonia,North Macedonia,MK,472.46,528.98,30.49,26.48,Electricity Maps Estimation,true,ESTIMATED_TIME_SLICER_AVERAGE
2024-02-17 12:00:00,North Macedonia,North Macedonia,MK,469.93,526.73,30.77,26.61,Electricity Maps Estimation,true,ESTIMATED_TIME_SLICER_AVERAGE
2024-02-17 13:00:00,North Macedonia,North Macedonia,MK,507.29,566.85,24.88,18.69,Electricity Maps Estimation,true,ESTIMATED_TIME_SLICER_AVERAGE
2024-02-17 14:00:00,North Macedonia,North Macedonia,MK,523.56,583.54,22.99,16.92,Electricity Maps Estimation,true,ESTIMATED_TIME_SLICER_AVERAGE
2024-02-17 15:00:00,North Macedonia,North Macedonia,MK,510.4,568.31,24.88,21.64,Electricity Maps Estimation,true,ESTIMATED_TIME_SLICER_AVERAGE
2024-02-17 16:00:00,North Macedonia,North Macedonia,MK,480.22,535.65,28.95,27.04,Electricity Maps Estimation,true,ESTIMATED_TIME_SLICER_AVERAGE
2024-02-17 17:00:00,North Macedonia,North Macedonia,MK,475.56,531.47,29.17,27.0,Electricity Maps Estimation,true,ESTIMATED_TIME_SLICER_AVERAGE
2024-02-17 18:00:00,North Macedonia,North Macedonia,MK,476.23,532.88,28.73,25.96,Electricity Maps Estimation,true,ESTIMATED_TIME_SLICER_AVERAGE
2024-02-17 19:00:00,North Macedonia,North Macedonia,MK,483.44,538.93,29.1,24.04,Electricity Maps Estimation,true,ESTIMATED_TIME_SLICER_AVERAGE
2024-02-17 20:00:00,North Macedonia,North Macedonia,MK,505.04,562.29,26.08,20.86,Electricity Maps Estimation,true,ESTIMATED_TIME_SLICER_AVERAGE
2024-02-17 21:00:00,North Macedonia,North Macedonia,MK,508.67,566.64,25.64,18.52,Electricity Maps Estimation,true,ESTIMATED_TIME_SLICER_AVERAGE
2024-02-17 22:00:00,North Macedonia,North Macedonia,MK,517.44,575.88,24.8,16.14,Electricity Maps Estimation,true,ESTIMATED_TIME_SLICER_AVERAGE
2024-02-17 23:00:00,North Macedonia,North Macedonia,MK,566.89,627.35,19.37,8.71,Electricity Maps Estimation,true,ESTIMATED_TIME_SLICER_AVERAGE
2024-02-18 00:00:00,North Macedonia,North Macedonia,MK,581.11,641.44,18.12,7.44,Electricity Maps Estimation,true,ESTIMATED_TIME_SLICER_AVERAGE
2024-02-18 01:00:00,North Macedonia,North Macedonia,MK,586.1,646.75,17.36,7.06,Electricity Maps Estimation,true,ESTIMATED_TIME_SLICER_AVERAGE
2024-02-18 02:00:00,North Macedonia,North Macedonia,MK,592.34,653.51,16.35,6.73,Electricity Maps Estimation,true,ESTIMATED_TIME_SLICER_AVERAGE
2024-02-18 03:00:00,North Macedonia,North Macedonia,MK,596.9,658.15,15.81,6.73,Electricity Maps Estimation,true,ESTIMATED_TIME_SLICER_AVERAGE
2024-02-18 04:00:00,North Macedonia,North Macedonia,MK,597.81,659.07,15.7,7.06,Electricity Maps Estimation,true,ESTIMATED_TIME_SLICER_AVERAGE
2024-02-18 05:00:00,North Macedonia,North Macedonia,MK,589.04,649.66,17.03,7.91,Electricity Maps Estimation,true,ESTIMATED_TIME_SLICER_AVERAGE
2024-02-18 06:00:00,North Macedonia,North Macedonia,MK,591.63,653.92,15.73,7.72,Electricity Maps Estimation,true,ESTIMATED_TIME_SLICER_AVERAGE
2024-02-18 07:00:00,North Macedonia,North Macedonia,MK,548.04,610.88,19.55,11.2,Electricity Maps Estimation,true,ESTIMATED_TIME_SLICER_AVERAGE
2024-02-18 08:00:00,North Macedonia,North Macedonia,MK,552.58,616.78,18.09,11.43,Electricity Maps Estimation,true,ESTIMATED_TIME_SLICER_AVERAGE
2024-02-18 09:00:00,North Macedonia,North Macedonia,MK,546.92,610.04,19.2,12.87,Electricity Maps Estimation,true,ESTIMATED_TIME_SLICER_AVERAGE
2024-02-18 10:00:00,North Macedonia,North Macedonia,MK,553.56,616.6,18.38,13.18,Electricity Maps Estimation,true,ESTIMATED_TIME_SLICER_AVERAGE
2024-02-18 11:00:00,North Macedonia,North Macedonia,MK,565.03,628.83,16.67,12.4,Electricity Maps Estimation,true,ESTIMATED_TIME_SLICER_AVERAGE
2024-02-18 12:00:00,North Macedonia,North Macedonia,MK,572.04,636.77,15.66,9.98,Electricity Maps Estimation,true,ESTIMATED_TIME_SLICER_AVERAGE
2024-02-18 13:00:00,North Macedonia,North Macedonia,MK,579.55,643.89,15.37,8.49,Electricity Maps Estimation,true,ESTIMATED_TIME_SLICER_AVERAGE
2024-02-18 14:00:00,North Macedonia,North Macedonia,MK,572.02,634.24,17.37,10.23,Electricity Maps Estimation,true,ESTIMATED_TIME_SLICER_AVERAGE
2024-02-18 15:00:00,North Macedonia,North Macedonia,MK,544.98,604.66,21.12,15.66,Electricity Maps Estimation,true,ESTIMATED_TIME_SLICER_AVERAGE
2024-02-18 16:00:00,North Macedonia,North Macedonia,MK,509.02,565.39,26.14,22.06,Electricity Maps Estimation,true,ESTIMATED_TIME_SLICER_AVERAGE
2024-02-18 17:00:00,North Macedonia,North Macedonia,MK,501.91,558.02,27.21,21.96,Electricity Maps Estimation,true,ESTIMATED_TIME_SLICER_AVERAGE
2024-02-18 18:00:00,North Macedonia,North Macedonia,MK,498.82,555.1,27.54,21.12,Electricity Maps Estimation,true,ESTIMATED_TIME_SLICER_AVERAGE
2024-02-18 19:00:00,North Macedonia,North Macedonia,MK,510.47,567.26,26.23,19.18,Electricity Maps Estimation,true,ESTIMATED_TIME_SLICER_AVERAGE
2024-02-18 20:00:00,North Macedonia,North Macedonia,MK,525.59,584.02,24.06,15.62,Electricity Maps Estimation,true,ESTIMATED_TIME_SLICER_AVERAGE
2024-02-18 21:00:00,North Macedonia,North Macedonia,MK,527.56,586.61,24.14,13.12,Electricity Maps Estimation,true,ESTIMATED_TIME_SLICER_AVERAGE
2024-02-18 22:00:00,North Macedonia,North Macedonia,MK,526.63,585.74,24.32,11.49,Electricity Maps Estimation,true,ESTIMATED_TIME_SLICER_AVERAGE
2024-02-18 23:00:00,North Macedonia,North Macedonia,MK,531.14,590.24,23.81,11.14,entsoe.eu,false,
2024-02-19 00:00:00,North Macedonia,North Macedonia,MK,560.59,621.79,19.79,7.18,entsoe.eu,false,
2024-02-19 01:00:00,North Macedonia,North Macedonia,MK,566.69,628.28,18.96,6.4,entsoe.eu,false,
2024-02-19 02:00:00,North Macedonia,North Macedonia,MK,573.93,635.9,17.98,6.07,entsoe.eu,false,
2024-02-19 03:00:00,North Macedonia,North Macedonia,MK,578.98,642.14,16.62,5.99,entsoe.eu,false,
2024-02-19 04:00:00,North Macedonia,North Macedonia,MK,589.95,653.74,15.0,6.58,entsoe.eu,false,
2024-02-19 05:00:00,North Macedonia,North Macedonia,MK,589.29,652.58,14.91,9.01,entsoe.eu,false,
2024-02-19 06:00:00,North Macedonia,North Macedonia,MK,589.58,654.12,13.37,11.56,entsoe.eu,false,
2024-02-19 07:00:00,North Macedonia,North Macedonia,MK,575.5,641.69,13.37,13.36,entsoe.eu,false,
2024-02-19 08:00:00,North Macedonia,North Macedonia,MK,567.9,635.83,13.03,13.03,entsoe.eu,false,
2024-02-19 09:00:00,North Macedonia,North Macedonia,MK,574.3,642.39,12.42,12.38,entsoe.eu,false,
2024-02-19 10:00:00,North Macedonia,North Macedonia,MK,589.76,656.5,11.8,11.74,entsoe.eu,false,
2024-02-19 11:00:00,North Macedonia,North Macedonia,MK,606.27,673.28,10.23,9.38,entsoe.eu,false,
2024-02-19 12:00:00,North Macedonia,North Macedonia,MK,596.05,661.98,11.93,10.6,entsoe.eu,false,
2024-02-19 13:00:00,North Macedonia,North Macedonia,MK,587.92,650.38,14.93,12.89,entsoe.eu,false,
2024-02-19 14:00:00,North Macedonia,North Macedonia,MK,580.79,642.48,15.77,14.92,entsoe.eu,false,
2024-02-19 15:00:00,North Macedonia,North Macedonia,MK,554.1,613.84,19.24,19.22,entsoe.eu,false,
2024-02-19 16:00:00,North Macedonia,North Macedonia,MK,510.83,570.99,22.98,22.98,entsoe.eu,false,
2024-02-19 17:00:00,North Macedonia,North Macedonia,MK,490.56,549.56,25.56,25.56,entsoe.eu,false,
2024-02-19 18:00:00,North Macedonia,North Macedonia,MK,519.18,579.93,21.99,21.36,entsoe.eu,false,
2024-02-19 19:00:00,North Macedonia,North Macedonia,MK,516.23,573.69,24.88,20.75,entsoe.eu,false,
2024-02-19 20:00:00,North Macedonia,North Macedonia,MK,517.14,574.62,25.01,19.49,entsoe.eu,false,
2024-02-19 21:00:00,North Macedonia,North Macedonia,MK,499.13,556.34,27.23,19.71,entsoe.eu,false,
2024-02-19 22:00:00,North Macedonia,North Macedonia,MK,507.68,564.8,26.73,18.11,entsoe.eu,false,
2024-02-19 23:00:00,North Macedonia,North Macedonia,MK,544.89,604.17,22.29,11.84,entsoe.eu,false,
2024-02-20 00:00:00,North Macedonia,North Macedonia,MK,568.84,627.93,20.17,9.5,entsoe.eu,false,
2024-02-20 01:00:00,North Macedonia,North Macedonia,MK,543.91,603.8,22.16,10.51,entsoe.eu,false,
2024-02-20 02:00:00,North Macedonia,North Macedonia,MK,548.16,607.06,22.29,11.02,entsoe.eu,false,
2024-02-20 03:00:00,North Macedonia,North Macedonia,MK,549.99,609.17,21.81,11.66,entsoe.eu,false,
2024-02-20 04:00:00,North Macedonia,North Macedonia,MK,539.92,600.8,21.22,13.95,entsoe.eu,false,
2024-02-20 05:00:00,North Macedonia,North Macedonia,MK,536.63,595.8,22.06,17.36,entsoe.eu,false,
2024-02-20 06:00:00,North Macedonia,North Macedonia,MK,485.66,542.78,27.61,25.12,entsoe.eu,false,
2024-02-20 07:00:00,North Macedonia,North Macedonia,MK,471.58,528.95,28.78,26.26,entsoe.eu,false,
2024-02-20 08:00:00,North Macedonia,North Macedonia,MK,499.32,558.79,25.14,21.86,entsoe.eu,false,
2024-02-20 09:00:00,North Macedonia,North Macedonia,MK,512.46,573.5,23.27,18.78,entsoe.eu,false,
2024-02-20 10:00:00,North Macedonia,North Macedonia,MK,522.03,583.05,22.66,16.79,entsoe.eu,false,
2024-02-20 11:00:00,North Macedonia,North Macedonia,MK,539.64,600.14,21.42,15.07,entsoe.eu,false,
2024-02-20 12:00:00,North Macedonia,North Macedonia,MK,519.8,579.01,23.71,18.78,entsoe.eu,false,
2024-02-20 13:00:00,North Macedonia,North Macedonia,MK,506.37,565.43,24.87,20.72,entsoe.eu,false,
2024-02-20 14:00:00,North Macedonia,North Macedonia,MK,514.26,575.83,22.18,20.25,entsoe.eu,false,
2024-02-20 15:00:00,North Macedonia,North Macedonia,MK,468.33,526.14,28.32,28.31,entsoe.eu,false,
2024-02-20 16:00:00,North Macedonia,North Macedonia,MK,444.02,499.67,31.87,31.86,entsoe.eu,false,
2024-02-20 17:00:00,North Macedonia,North Macedonia,MK,422.66,476.51,34.94,34.93,entsoe.eu,false,
2024-02-20 18:00:00,North Macedonia,North Macedonia,MK,445.83,501.64,31.62,31.61,entsoe.eu,false,
2024-02-20 19:00:00,North Macedonia,North Macedonia,MK,454.44,510.0,31.3,29.34,entsoe.eu,false,
2024-02-20 20:00:00,North Macedonia,North Macedonia,MK,489.69,549.2,26.0,22.0,entsoe.eu,false,
2024-02-20 21:00:00,North Macedonia,North Macedonia,MK,485.41,543.66,27.9,19.75,entsoe.eu,false,
2024-02-20 22:00:00,North Macedonia,North Macedonia,MK,480.43,539.49,27.76,19.46,entsoe.eu,false,
2024-02-20 23:00:00,North Macedonia,North Macedonia,MK,486.01,545.61,26.98,17.88,Electricity Maps Estimation,true,ESTIMATED_TIME_SLICER_AVERAGE
2024-02-21 00:00:00,North Macedonia,North Macedonia,MK,497.63,557.32,25.92,16.7,Electricity Maps Estimation,true,ESTIMATED_TIME_SLICER_AVERAGE
2024-02-21 01:00:00,North Macedonia,North Macedonia,MK,519.16,580.32,23.04,14.21,Electricity Maps Estimation,true,ESTIMATED_TIME_SLICER_AVERAGE
2024-02-21 02:00:00,North Macedonia,North Macedonia,MK,534.98,597.62,20.47,13.26,Electricity Maps Estimation,true,ESTIMATED_TIME_SLICER_AVERAGE
2024-02-21 03:00:00,North Macedonia,North Macedonia,MK,540.76,604.02,19.45,13.09,Electricity Maps Estimation,true,ESTIMATED_TIME_SLICER_AVERAGE
2024-02-21 04:00:00,North Macedonia,North Macedonia,MK,539.92,604.0,18.73,14.21,Electricity Maps Estimation,true,ESTIMATED_TIME_SLICER_AVERAGE
2024-02-21 05:00:00,North Macedonia,North Macedonia,MK,513.9,574.61,22.96,19.28,Electricity Maps Estimation,true,ESTIMATED_TIME_SLICER_AVERAGE
2024-02-21 06:00:00,North Macedonia,North Macedonia,MK,495.13,557.47,23.12,23.11,Electricity Maps Estimation,true,ESTIMATED_TIME_SLICER_AVERAGE
2024-02-21 07:00:00,North Macedonia,North Macedonia,MK,481.92,545.35,23.89,22.87,Electricity Maps Estimation,true,ESTIMATED_TIME_SLICER_AVERAGE
2024-02-21 08:00:00,North Macedonia,North Macedonia,MK,466.62,527.21,27.96,22.37,Electricity Maps Estimation,true,ESTIMATED_TIME_SLICER_AVERAGE
2024-02-21 09:00:00,North Macedonia,North Macedonia,MK,461.63,522.67,28.73,20.52,Electricity Maps Estimation,true,ESTIMATED_TIME_SLICER_AVERAGE
2024-02-21 10:00:00,North Macedonia,North Macedonia,MK,514.69,578.2,21.44,17.82,Electricity Maps Estimation,true,ESTIMATED_TIME_SLICER_AVERAGE
2024-02-21 11:00:00,North Macedonia,North Macedonia,MK,531.46,595.15,19.55,16.95,Electricity Maps Estimation,true,ESTIMATED_TIME_SLICER_AVERAGE
2024-02-21 12:00:00,North Macedonia,North Macedonia,MK,529.02,591.97,20.13,18.22,Electricity Maps Estimation,true,ESTIMATED_TIME_SLICER_AVERAGE
2024-02-21 13:00:00,North Macedonia,North Macedonia,MK,535.87,599.85,18.66,17.83,Electricity Maps Estimation,true,ESTIMATED_TIME_SLICER_AVERAGE
2024-02-21 14:00:00,North Macedonia,North Macedonia,MK,531.11,595.75,18.53,18.39,Electricity Maps Estimation,true,ESTIMATED_TIME_SLICER_AVERAGE
2024-02-21 15:00:00,North Macedonia,North Macedonia,MK,501.67,563.98,22.61,22.57,Electricity Maps Estimation,true,ESTIMATED_TIME_SLICER_AVERAGE
2024-02-21 16:00:00,North Macedonia,North Macedonia,MK,463.25,523.34,27.46,27.45,Electricity Maps Estimation,true,ESTIMATED_TIME_SLICER_AVERAGE
2024-02-21 17:00:00,North Macedonia,North Macedonia,MK,459.01,519.09,27.86,27.85,Electricity Maps Estimation,true,ESTIMATED_TIME_SLICER_AVERAGE
2024-02-21 18:00:00,North Macedonia,North Macedonia,MK,481.46,542.33,25.39,25.34,Electricity Maps Estimation,true,ESTIMATED_TIME_SLICER_AVERAGE
2024-02-21 19:00:00,North Macedonia,North Macedonia,MK,507.29,569.32,22.43,22.33,Electricity Maps Estimation,true,ESTIMATED_TIME_SLICER_AVERAGE
2024-02-21 20:00:00,North Macedonia,North Macedonia,MK,528.85,593.33,18.82,18.46,Electricity Maps Estimation,true,ESTIMATED_TIME_SLICER_AVERAGE
2024-02-21 21:00:00,North Macedonia,North Macedonia,MK,517.81,579.92,21.72,19.04,Electricity Maps Estimation,true,ESTIMATED_TIME_SLICER_AVERAGE
2024-02-21 22:00:00,North Macedonia,North Macedonia,MK,522.36,586.16,20.38,16.82,Electricity Maps Estimation,true,ESTIMATED_TIME_SLICER_AVERAGE
2024-02-21 23:00:00,North Macedonia,North Macedonia,MK,533.44,597.18,19.51,15.51,entsoe.eu,false,
2024-02-22 00:00:00,North Macedonia,North Macedonia,MK,570.19,634.78,15.62,11.44,entsoe.eu,false,
2024-02-22 01:00:00,North Macedonia,North Macedonia,MK,591.23,656.15,13.39,9.93,entsoe.eu,false,
2024-02-22 02:00:00,North Macedonia,North Macedonia,MK,610.76,677.07,10.61,8.03,entsoe.eu,false,
2024-02-22 03:00:00,North Macedonia,North Macedonia,MK,613.79,681.58,9.31,7.47,entsoe.eu,false,
2024-02-22 04:00:00,North Macedonia,North Macedonia,MK,613.21,680.77,9.26,8.5,entsoe.eu,false,
2024-02-22 05:00:00,North Macedonia,North Macedonia,MK,563.43,626.97,16.15,16.07,entsoe.eu,false,
2024-02-22 06:00:00,North Macedonia,North Macedonia,MK,542.9,605.98,18.43,17.69,entsoe.eu,false,
2024-02-22 07:00:00,North Macedonia,North Macedonia,MK,535.6,602.81,17.17,13.83,entsoe.eu,false,
2024-02-22 08:00:00,North Macedonia,North Macedonia,MK,498.34,564.19,22.17,16.73,entsoe.eu,false,
2024-02-22 09:00:00,North Macedonia,North Macedonia,MK,480.44,544.58,25.67,19.14,entsoe.eu,false,
2024-02-22 10:00:00,North Macedonia,North Macedonia,MK,506.84,569.13,24.31,16.02,entsoe.eu,false,
2024-02-22 11:00:00,North Macedonia,North Macedonia,MK,511.78,573.19,24.18,16.06,entsoe.eu,false,
2024-02-22 12:00:00,North Macedonia,North Macedonia,MK,528.45,590.09,22.33,14.68,entsoe.eu,false,
2024-02-22 13:00:00,North Macedonia,North Macedonia,MK,560.49,623.19,18.28,12.14,entsoe.eu,false,
2024-02-22 14:00:00,North Macedonia,North Macedonia,MK,606.91,670.67,12.66,9.35,entsoe.eu,false,
2024-02-22 15:00:00,North Macedonia,North Macedonia,MK,616.77,680.03,11.48,10.99,entsoe.eu,false,
2024-02-22 16:00:00,North Macedonia,North Macedonia,MK,565.83,626.84,17.46,17.38,entsoe.eu,false,
2024-02-22 17:00:00,North Macedonia,North Macedonia,MK,547.44,608.19,19.41,19.19,entsoe.eu,false,
2024-02-22 18:00:00,North Macedonia,North Macedonia,MK,545.06,603.92,21.12,20.01,entsoe.eu,false,
2024-02-22 19:00:00,North Macedonia,North Macedonia,MK,571.26,632.43,17.44,15.86,entsoe.eu,false,
2024-02-22 20:00:00,North Macedonia,North Macedonia,MK,582.4,645.0,15.67,13.3,entsoe.eu,false,
2024-02-22 21:00:00,North Macedonia,North Macedonia,MK,537.19,595.38,22.63,18.86,entsoe.eu,false,
2024-02-22 22:00:00,North Macedonia,North Macedonia,MK,548.25,607.33,21.12,16.73,entsoe.eu,false,
2024-02-22 23:00:00,North Macedonia,North Macedonia,MK,591.34,654.0,15.11,9.91,entsoe.eu,false,
2024-02-23 00:00:00,North Macedonia,North Macedonia,MK,612.12,676.03,12.41,7.27,entsoe.eu,false,
2024-02-23 01:00:00,North Macedonia,North Macedonia,MK,600.92,665.4,13.15,7.99,entsoe.eu,false,
2024-02-23 02:00:00,North Macedonia,North Macedonia,MK,611.86,676.86,11.66,7.38,entsoe.eu,false,
2024-02-23 03:00:00,North Macedonia,North Macedonia,MK,614.76,680.74,10.7,7.02,entsoe.eu,false,
2024-02-23 04:00:00,North Macedonia,North Macedonia,MK,601.71,664.95,13.33,10.82,entsoe.eu,false,
2024-02-23 05:00:00,North Macedonia,North Macedonia,MK,571.95,632.55,17.7,14.92,entsoe.eu,false,
2024-02-23 06:00:00,North Macedonia,North Macedonia,MK,546.8,610.31,18.52,14.21,entsoe.eu,false,
2024-02-23 07:00:00,North Macedonia,North Macedonia,MK,497.86,562.72,22.95,15.53,entsoe.eu,false,
2024-02-23 08:00:00,North Macedonia,North Macedonia,MK,507.86,572.12,23.2,13.71,entsoe.eu,false,
2024-02-23 09:00:00,North Macedonia,North Macedonia,MK,417.37,472.7,38.45,30.33,entsoe.eu,false,
2024-02-23 10:00:00,North Macedonia,North Macedonia,MK,412.25,466.71,39.52,31.41,entsoe.eu,false,
2024-02-23 11:00:00,North Macedonia,North Macedonia,MK,396.5,449.52,41.68,34.09,entsoe.eu,false,
2024-02-23 12:00:00,North Macedonia,North Macedonia,MK,384.9,438.62,42.31,35.48,entsoe.eu,false,
2024-02-23 13:00:00,North Macedonia,North Macedonia,MK,469.49,534.88,25.36,17.56,entsoe.eu,false,
2024-02-23 14:00:00,North Macedonia,North Macedonia,MK,491.53,556.67,22.81,17.66,entsoe.eu,false,
2024-02-23 15:00:00,North Macedonia,North Macedonia,MK,520.9,587.43,18.6,16.46,entsoe.eu,false,
2024-02-23 16:00:00,North Macedonia,North Macedonia,MK,517.81,579.27,21.75,20.69,entsoe.eu,false,
2024-02-23 17:00:00,North Macedonia,North Macedonia,MK,519.6,579.97,22.2,21.29,entsoe.eu,false,
2024-02-23 18:00:00,North Macedonia,North Macedonia,MK,553.41,616.59,17.57,15.51,entsoe.eu,false,
2024-02-23 19:00:00,North Macedonia,North Macedonia,MK,570.8,631.88,17.25,15.14,entsoe.eu,false,
2024-02-23 20:00:00,North Macedonia,North Macedonia,MK,591.65,654.72,14.35,11.09,entsoe.eu,false,
2024-02-23 21:00:00,North Macedonia,North Macedonia,MK,585.85,647.33,16.14,11.66,entsoe.eu,false,
2024-02-23 22:00:00,North Macedonia,North Macedonia,MK,579.02,640.74,16.98,10.14,entsoe.eu,false,
2024-02-23 23:00:00,North Macedonia,North Macedonia,MK,611.24,675.02,12.62,6.15,entsoe.eu,false,
2024-02-24 00:00:00,North Macedonia,North Macedonia,MK,624.04,688.2,10.97,5.91,entsoe.eu,false,
2024-02-24 01:00:00,North Macedonia,North Macedonia,MK,615.65,682.15,10.4,5.1,entsoe.eu,false,
2024-02-24 02:00:00,North Macedonia,North Macedonia,MK,613.02,680.78,9.91,4.26,entsoe.eu,false,
2024-02-24 03:00:00,North Macedonia,North Macedonia,MK,633.12,699.71,8.57,4.53,entsoe.eu,false,
2024-02-24 04:00:00,North Macedonia,North Macedonia,MK,619.13,684.24,10.74,6.73,entsoe.eu,false,
2024-02-24 05:00:00,North Macedonia,North Macedonia,MK,587.09,649.79,15.19,11.14,entsoe.eu,false,
2024-02-24 06:00:00,North Macedonia,North Macedonia,MK,546.59,609.75,19.06,12.15,entsoe.eu,false,
2024-02-24 07:00:00,North Macedonia,North Macedonia,MK,481.93,542.76,27.04,17.45,entsoe.eu,false,
2024-02-24 08:00:00,North Macedonia,North Macedonia,MK,427.52,487.79,33.15,23.21,entsoe.eu,false,
2024-02-24 09:00:00,North Macedonia,North Macedonia,MK,351.86,403.74,45.76,37.42,entsoe.eu,false,
2024-02-24 10:00:00,North Macedonia,North Macedonia,MK,341.4,391.9,47.64,39.25,entsoe.eu,false,
2024-02-24 11:00:00,North Macedonia,North Macedonia,MK,353.44,405.32,45.63,36.87,entsoe.eu,false,
2024-02-24 12:00:00,North Macedonia,North Macedonia,MK,358.96,411.66,44.26,35.32,entsoe.eu,false,
2024-02-24 13:00:00,North Macedonia,North Macedonia,MK,448.88,506.33,32.08,23.28,entsoe.eu,false,
2024-02-24 14:00:00,North Macedonia,North Macedonia,MK,501.96,561.4,25.35,19.85,entsoe.eu,false,
2024-02-24 15:00:00,North Macedonia,North Macedonia,MK,513.59,574.27,22.94,20.36,entsoe.eu,false,
2024-02-24 16:00:00,North Macedonia,North Macedonia,MK,479.91,538.52,27.14,25.09,entsoe.eu,false,
2024-02-24 17:00:00,North Macedonia,North Macedonia,MK,470.97,531.11,27.2,23.96,entsoe.eu,false,
2024-02-24 18:00:00,North Macedonia,North Macedonia,MK,480.88,542.32,25.78,20.83,entsoe.eu,false,
2024-02-24 19:00:00,North Macedonia,North Macedonia,MK,514.71,575.01,23.35,18.82,entsoe.eu,false,
2024-02-24 20:00:00,North Macedonia,North Macedonia,MK,511.18,571.59,23.74,18.53,entsoe.eu,false,
2024-02-24 21:00:00,North Macedonia,North Macedonia,MK,521.77,582.5,22.64,17.24,entsoe.eu,false,
2024-02-24 22:00:00,North Macedonia,North Macedonia,MK,520.89,581.74,22.72,16.63,entsoe.eu,false,
2024-02-24 23:00:00,North Macedonia,North Macedonia,MK,591.15,655.48,14.27,7.47,entsoe.eu,false,
2024-02-25 00:00:00,North Macedonia,North Macedonia,MK,599.9,663.72,13.67,7.46,entsoe.eu,false,
2024-02-25 01:00:00,North Macedonia,North Macedonia,MK,610.87,676.5,11.44,6.01,entsoe.eu,false,
2024-02-25 02:00:00,North Macedonia,North Macedonia,MK,612.43,679.2,10.57,5.18,entsoe.eu,false,
2024-02-25 03:00:00,North Macedonia,North Macedonia,MK,611.09,677.61,10.81,5.74,entsoe.eu,false,
2024-02-25 04:00:00,North Macedonia,North Macedonia,MK,606.83,673.67,10.99,5.99,entsoe.eu,false,
2024-02-25 05:00:00,North Macedonia,North Macedonia,MK,597.8,664.24,12.12,6.62,entsoe.eu,false,
2024-02-25 06:00:00,North Macedonia,North Macedonia,MK,582.26,647.19,14.4,9.64,entsoe.eu,false,
2024-02-25 07:00:00,North Macedonia,North Macedonia,MK,551.96,615.14,18.28,13.49,entsoe.eu,false,
2024-02-25 08:00:00,North Macedonia,North Macedonia,MK,539.44,602.39,19.67,14.86,entsoe.eu,false,
2024-02-25 09:00:00,North Macedonia,North Macedonia,MK,536.37,600.27,19.65,13.57,entsoe.eu,false,
2024-02-25 10:00:00,North Macedonia,North Macedonia,MK,516.45,577.55,23.32,16.36,entsoe.eu,false,
2024-02-25 11:00:00,North Macedonia,North Macedonia,MK,509.73,571.16,23.84,16.29,entsoe.eu,false,
2024-02-25 12:00:00,North Macedonia,North Macedonia,MK,533.67,596.84,20.55,13.22,entsoe.eu,false,
2024-02-25 13:00:00,North Macedonia,North Macedonia,MK,561.56,625.87,17.0,11.27,entsoe.eu,false,
2024-02-25 14:00:00,North Macedonia,North Macedonia,MK,553.76,616.65,18.22,14.11,entsoe.eu,false,
2024-02-25 15:00:00,North Macedonia,North Macedonia,MK,507.35,568.11,23.43,20.75,entsoe.eu,false,
2024-02-25 16:00:00,North Macedonia,North Macedonia,MK,428.19,484.88,33.23,29.93,entsoe.eu,false,
2024-02-25 17:00:00,North Macedonia,North Macedonia,MK,403.02,460.38,35.8,32.22,entsoe.eu,false,
2024-02-25 18:00:00,North Macedonia,North Macedonia,MK,402.97,458.9,36.25,31.46,entsoe.eu,false,
2024-02-25 19:00:00,North Macedonia,North Macedonia,MK,441.93,497.65,32.86,27.64,entsoe.eu,false,
2024-02-25 20:00:00,North Macedonia,North Macedonia,MK,441.54,498.14,32.62,26.05,entsoe.eu,false,
2024-02-25 21:00:00,North Macedonia,North Macedonia,MK,464.94,524.74,28.71,20.76,entsoe.eu,false,
2024-02-25 22:00:00,North Macedonia,North Macedonia,MK,452.3,513.45,29.25,20.2,entsoe.eu,false,
2024-02-25 23:00:00,North Macedonia,North Macedonia,MK,546.0,612.54,17.24,7.69,entsoe.eu,false,
2024-02-26 00:00:00,North Macedonia,North Macedonia,MK,523.13,586.46,21.26,11.85,entsoe.eu,false,
2024-02-26 01:00:00,North Macedonia,North Macedonia,MK,526.05,589.95,20.64,11.22,entsoe.eu,false,
2024-02-26 02:00:00,North Macedonia,North Macedonia,MK,552.71,616.94,17.71,10.38,entsoe.eu,false,
2024-02-26 03:00:00,North Macedonia,North Macedonia,MK,597.19,663.13,11.89,9.75,entsoe.eu,false,
2024-02-26 04:00:00,North Macedonia,North Macedonia,MK,603.5,668.74,11.45,11.39,entsoe.eu,false,
2024-02-26 05:00:00,North Macedonia,North Macedonia,MK,565.96,627.13,17.4,17.4,entsoe.eu,false,
2024-02-26 06:00:00,North Macedonia,North Macedonia,MK,528.5,587.75,22.25,20.69,entsoe.eu,false,
2024-02-26 07:00:00,North Macedonia,North Macedonia,MK,495.09,551.67,27.07,24.85,entsoe.eu,false,
2024-02-26 08:00:00,North Macedonia,North Macedonia,MK,503.97,561.7,25.68,23.0,entsoe.eu,false,
2024-02-26 09:00:00,North Macedonia,North Macedonia,MK,506.12,565.24,24.99,20.59,entsoe.eu,false,
2024-02-26 10:00:00,North Macedonia,North Macedonia,MK,482.74,541.8,27.46,21.78,entsoe.eu,false,
2024-02-26 11:00:00,North Macedonia,North Macedonia,MK,462.42,522.18,28.76,23.93,entsoe.eu,false,
2024-02-26 12:00:00,North Macedonia,North Macedonia,MK,447.44,504.84,31.42,27.24,entsoe.eu,false,
2024-02-26 13:00:00,North Macedonia,North Macedonia,MK,465.09,522.52,29.49,26.59,entsoe.eu,false,
2024-02-26 14:00:00,North Macedonia,North Macedonia,MK,467.23,524.4,29.16,27.6,entsoe.eu,false,
2024-02-26 15:00:00,North Macedonia,North Macedonia,MK,476.67,535.18,27.4,26.41,entsoe.eu,false,
2024-02-26 16:00:00,North Macedonia,North Macedonia,MK,464.45,520.66,30.0,28.37,entsoe.eu,false,
2024-02-26 17:00:00,North Macedonia,North Macedonia,MK,424.07,478.67,34.81,32.13,entsoe.eu,false,
2024-02-26 18:00:00,North Macedonia,North Macedonia,MK,444.76,500.77,32.1,28.96,entsoe.eu,false,
2024-02-26 19:00:00,North Macedonia,North Macedonia,MK,468.77,524.76,29.81,27.66,entsoe.eu,false,
2024-02-26 20:00:00,North Macedonia,North Macedonia,MK,486.95,544.62,27.32,24.2,entsoe.eu,false,
2024-02-26 21:00:00,North Macedonia,North Macedonia,MK,492.78,551.15,26.4,23.17,entsoe.eu,false,
2024-02-26 22:00:00,North Macedonia,North Macedonia,MK,504.72,563.08,25.39,21.55,entsoe.eu,false,
2024-02-26 23:00:00,North Macedonia,North Macedonia,MK,551.67,612.68,19.23,16.53,entsoe.eu,false,
2024-02-27 00:00:00,North Macedonia,North Macedonia,MK,583.67,649.2,13.44,11.36,entsoe.eu,false,
2024-02-27 01:00:00,North Macedonia,North Macedonia,MK,599.09,665.65,11.33,9.56,entsoe.eu,false,
2024-02-27 02:00:00,North Macedonia,North Macedonia,MK,628.1,697.42,6.83,6.16,entsoe.eu,false,
2024-02-27 03:00:00,North Macedonia,North Macedonia,MK,621.84,689.71,8.22,8.19,entsoe.eu,false,
2024-02-27 04:00:00,North Macedonia,North Macedonia,MK,576.47,640.3,14.86,14.78,entsoe.eu,false,
2024-02-27 05:00:00,North Macedonia,North Macedonia,MK,540.92,602.43,19.5,19.49,entsoe.eu,false,
2024-02-27 06:00:00,North Macedonia,North Macedonia,MK,491.99,556.84,22.02,21.28,entsoe.eu,false,
2024-02-27 07:00:00,North Macedonia,North Macedonia,MK,487.34,550.71,23.75,20.86,entsoe.eu,false,
2024-02-27 08:00:00,North Macedonia,North Macedonia,MK,476.43,538.94,25.81,20.63,entsoe.eu,false,
2024-02-27 09:00:00,North Macedonia,North Macedonia,MK,437.92,497.36,31.89,23.63,entsoe.eu,false,
2024-02-27 10:00:00,North Macedonia,North Macedonia,MK,427.61,486.86,33.08,24.63,entsoe.eu,false,
2024-02-27 11:00:00,North Macedonia,North Macedonia,MK,432.74,496.06,29.9,22.57,entsoe.eu,false,
2024-02-27 12:00:00,North Macedonia,North Macedonia,MK,438.45,498.53,31.09,24.65,entsoe.eu,false,
2024-02-27 13:00:00,North Macedonia,North Macedonia,MK,468.79,529.06,27.63,23.52,entsoe.eu,false,
2024-02-27 14:00:00,North Macedonia,North Macedonia,MK,496.78,557.38,24.29,23.11,entsoe.eu,false,
2024-02-27 15:00:00,North Macedonia,North Macedonia,MK,475.11,533.87,27.19,27.19,entsoe.eu,false,
2024-02-27 16:00:00,North Macedonia,North Macedonia,MK,405.4,461.67,35.09,35.09,entsoe.eu,false,
2024-02-27 17:00:00,North Macedonia,North Macedonia,MK,405.41,462.14,34.89,34.34,entsoe.eu,false,
2024-02-27 18:00:00,North Macedonia,North Macedonia,MK,428.81,485.16,32.99,32.27,entsoe.eu,false,
2024-02-27 19:00:00,North Macedonia,North Macedonia,MK,447.4,505.58,30.07,30.07,entsoe.eu,false,
2024-02-27 20:00:00,North Macedonia,North Macedonia,MK,488.59,547.22,25.99,25.99,entsoe.eu,false,
2024-02-27 21:00:00,North Macedonia,North Macedonia,MK,467.82,522.72,30.24,29.95,entsoe.eu,false,
2024-02-27 22:00:00,North Macedonia,North Macedonia,MK,498.39,556.39,25.79,24.02,entsoe.eu,false,
2024-02-27 23:00:00,North Macedonia,North Macedonia,MK,560.77,624.42,16.66,14.7,entsoe.eu,false,
2024-02-28 00:00:00,North Macedonia,North Macedonia,MK,568.63,633.77,14.85,14.26,entsoe.eu,false,
2024-02-28 01:00:00,North Macedonia,North Macedonia,MK,615.05,684.22,8.11,7.72,entsoe.eu,false,
2024-02-28 02:00:00,North Macedonia,North Macedonia,MK,620.38,689.87,7.38,7.35,entsoe.eu,false,
2024-02-28 03:00:00,North Macedonia,North Macedonia,MK,619.94,687.92,8.34,8.27,entsoe.eu,false,
2024-02-28 04:00:00,North Macedonia,North Macedonia,MK,619.39,688.19,7.87,7.81,entsoe.eu,false,
2024-02-28 05:00:00,North Macedonia,North Macedonia,MK,562.81,627.98,15.24,15.23,entsoe.eu,false,
2024-02-28 06:00:00,North Macedonia,North Macedonia,MK,484.18,553.07,20.19,20.19,entsoe.eu,false,
2024-02-28 07:00:00,North Macedonia,North Macedonia,MK,478.38,547.76,20.76,18.99,entsoe.eu,false,
2024-02-28 08:00:00,North Macedonia,North Macedonia,MK,461.61,530.07,23.14,20.0,entsoe.eu,false,
2024-02-28 09:00:00,North Macedonia,North Macedonia,MK,479.02,545.27,23.32,18.24,entsoe.eu,false,
2024-02-28 10:00:00,North Macedonia,North Macedonia,MK,414.48,476.98,32.29,25.92,entsoe.eu,false,
2024-02-28 11:00:00,North Macedonia,North Macedonia,MK,383.15,442.84,37.16,31.91,entsoe.eu,false,
2024-02-28 12:00:00,North Macedonia,North Macedonia,MK,390.17,450.61,35.63,29.84,entsoe.eu,false,
2024-02-28 13:00:00,North Macedonia,North Macedonia,MK,438.84,501.31,29.11,24.67,entsoe.eu,false,
2024-02-28 14:00:00,North Macedonia,North Macedonia,MK,511.38,577.32,19.51,19.46,entsoe.eu,false,
2024-02-28 15:00:00,North Macedonia,North Macedonia,MK,459.12,522.94,25.57,25.57,entsoe.eu,false,
2024-02-28 16:00:00,North Macedonia,North Macedonia,MK,377.18,434.57,37.54,37.54,entsoe.eu,false,
2024-02-28 17:00:00,North Macedonia,North Macedonia,MK,372.56,429.43,38.36,38.36,entsoe.eu,false,
2024-02-28 18:00:00,North Macedonia,North Macedonia,MK,389.32,447.91,35.27,35.27,entsoe.eu,false,
2024-02-28 19:00:00,North Macedonia,North Macedonia,MK,453.45,516.07,26.8,26.8,entsoe.eu,false,
2024-02-28 20:00:00,North Macedonia,North Macedonia,MK,497.02,562.01,21.45,21.03,entsoe.eu,false,
2024-02-28 21:00:00,North Macedonia,North Macedonia,MK,508.48,570.84,22.19,20.52,entsoe.eu,false,
2024-02-28 22:00:00,North Macedonia,North Macedonia,MK,518.67,582.99,20.12,17.95,entsoe.eu,false,
2024-02-28 23:00:00,North Macedonia,North Macedonia,MK,570.8,635.49,15.18,12.93,entsoe.eu,false,
2024-02-29 00:00:00,North Macedonia,North Macedonia,MK,583.18,647.48,14.25,12.16,entsoe.eu,false,
2024-02-29 01:00:00,North Macedonia,North Macedonia,MK,610.37,678.39,9.48,7.04,entsoe.eu,false,
2024-02-29 02:00:00,North Macedonia,North Macedonia,MK,629.97,699.45,6.66,5.31,entsoe.eu,false,
2024-02-29 03:00:00,North Macedonia,North Macedonia,MK,632.38,702.71,5.74,5.66,entsoe.eu,false,
2024-02-29 04:00:00,North Macedonia,North Macedonia,MK,593.02,659.38,11.74,11.66,entsoe.eu,false,
2024-02-29 05:00:00,North Macedonia,North Macedonia,MK,559.51,620.56,17.97,17.93,entsoe.eu,false,
2024-02-29 06:00:00,North Macedonia,North Macedonia,MK,530.85,592.49,20.36,19.94,entsoe.eu,false,
2024-02-29 07:00:00,North Macedonia,North Macedonia,MK,488.22,548.91,24.99,23.85,entsoe.eu,false,
2024-02-29 08:00:00,North Macedonia,North Macedonia,MK,457.94,517.03,28.79,27.53,entsoe.eu,false,
2024-02-29 09:00:00,North Macedonia,North Macedonia,MK,426.15,485.35,32.06,28.87,entsoe.eu,false,
2024-02-29 10:00:00,North Macedonia,North Macedonia,MK,398.84,457.97,34.97,29.69,entsoe.eu,false,
2024-02-29 11:00:00,North Macedonia,North Macedonia,MK,426.6,487.22,31.38,26.79,entsoe.eu,false,
2024-02-29 12:00:00,North Macedonia,North Macedonia,MK,441.16,498.32,31.92,28.5,entsoe.eu,false,
2024-02-29 13:00:00,North Macedonia,North Macedonia,MK,494.87,555.14,24.9,22.64,entsoe.eu,false,
2024-02-29 14:00:00,North Macedonia,North Macedonia,MK,530.8,593.52,19.74,19.19,entsoe.eu,false,
2024-02-29 15:00:00,North Macedonia,North Macedonia,MK,507.57,568.86,22.59,22.58,entsoe.eu,false,
2024-02-29 16:00:00,North Macedonia,North Macedonia,MK,481.21,540.49,26.33,26.0,entsoe.eu,false,
2024-02-29 17:00:00,North Macedonia,North Macedonia,MK,472.75,531.52,27.48,26.75,entsoe.eu,false,
2024-02-29 18:00:00,North Macedonia,North Macedonia,MK,491.98,551.73,25.02,24.83,entsoe.eu,false,
2024-02-29 19:00:00,North Macedonia,North Macedonia,MK,522.16,582.33,22.03,21.71,entsoe.eu,false,
2024-02-29 20:00:00,North Macedonia,North Macedonia,MK,555.53,618.63,17.41,15.8,entsoe.eu,false,
2024-02-29 21:00:00,North Macedonia,North Macedonia,MK,555.39,618.3,17.7,15.29,entsoe.eu,false,
2024-02-29 22:00:00,North Macedonia,North Macedonia,MK,565.89,630.12,15.85,13.52,entsoe.eu,false,
2024-02-29 23:00:00,North Macedonia,North Macedonia,MK,614.21,666.53,18.95,13.31,entsoe.eu,false,
2024-03-01 00:00:00,North Macedonia,North Macedonia,MK,631.85,684.65,16.94,11.79,entsoe.eu,false,
2024-03-01 01:00:00,North Macedonia,North Macedonia,MK,677.78,733.48,10.91,6.17,entsoe.eu,false,
2024-03-01 02:00:00,North Macedonia,North Macedonia,MK,689.11,745.17,9.45,5.91,entsoe.eu,false,
2024-03-01 03:00:00,North Macedonia,North Macedonia,MK,706.21,763.28,6.96,5.99,entsoe.eu,false,
2024-03-01 04:00:00,North Macedonia,North Macedonia,MK,677.33,732.69,10.62,10.23,entsoe.eu,false,
2024-03-01 05:00:00,North Macedonia,North Macedonia,MK,627.96,680.01,17.3,16.54,entsoe.eu,false,
2024-03-01 06:00:00,North Macedonia,North Macedonia,MK,601.45,651.14,21.16,20.59,entsoe.eu,false,
2024-03-01 07:00:00,North Macedonia,North Macedonia,MK,582.38,630.77,23.67,23.64,entsoe.eu,false,
2024-03-01 08:00:00,North Macedonia,North Macedonia,MK,587.33,636.12,23.04,22.95,entsoe.eu,false,
2024-03-01 09:00:00,North Macedonia,North Macedonia,MK,546.5,593.51,27.91,26.68,entsoe.eu,false,
2024-03-01 10:00:00,North Macedonia,North Macedonia,MK,542.73,589.79,28.37,26.52,entsoe.eu,false,
2024-03-01 11:00:00,North Macedonia,North Macedonia,MK,553.75,601.61,26.89,25.05,entsoe.eu,false,
2024-03-01 12:00:00,North Macedonia,North Macedonia,MK,544.22,591.55,28.1,26.06,entsoe.eu,false,
2024-03-01 13:00:00,North Macedonia,North Macedonia,MK,541.8,588.93,28.37,26.73,entsoe.eu,false,
2024-03-01 14:00:00,North Macedonia,North Macedonia,MK,562.21,610.58,25.8,23.83,entsoe.eu,false,
2024-03-01 15:00:00,North Macedonia,North Macedonia,MK,540.68,587.09,28.79,27.3,entsoe.eu,false,
2024-03-01 16:00:00,North Macedonia,North Macedonia,MK,495.0,538.24,35.0,33.09,entsoe.eu,false,
2024-03-01 17:00:00,North Macedonia,North Macedonia,MK,466.85,508.2,38.8,36.55,entsoe.eu,false,
2024-03-01 18:00:00,North Macedonia,North Macedonia,MK,477.56,519.6,37.44,34.7,entsoe.eu,false,
2024-03-01 19:00:00,North Macedonia,North Macedonia,MK,505.85,549.83,33.59,31.68,entsoe.eu,false,
2024-03-01 20:00:00,North Macedonia,North Macedonia,MK,557.16,605.39,26.38,23.53,entsoe.eu,false,
2024-03-01 21:00:00,North Macedonia,North Macedonia,MK,555.34,603.86,26.62,22.42,entsoe.eu,false,
2024-03-01 22:00:00,North Macedonia,North Macedonia,MK,553.19,601.54,27.01,21.6,entsoe.eu,false,
2024-03-01 23:00:00,North Macedonia,North Macedonia,MK,592.01,642.53,22.21,16.19,entsoe.eu,false,
2024-03-02 00:00:00,North Macedonia,North Macedonia,MK,606.07,657.51,20.22,15.17,entsoe.eu,false,
2024-03-02 01:00:00,North Macedonia,North Macedonia,MK,646.46,700.55,14.9,9.93,entsoe.eu,false,
2024-03-02 02:00:00,North Macedonia,North Macedonia,MK,659.87,714.75,13.04,9.22,entsoe.eu,false,
2024-03-02 03:00:00,North Macedonia,North Macedonia,MK,661.72,716.75,12.7,10.0,entsoe.eu,false,
2024-03-02 04:00:00,North Macedonia,North Macedonia,MK,666.81,721.97,12.1,9.69,entsoe.eu,false,
2024-03-02 05:00:00,North Macedonia,North Macedonia,MK,621.31,673.35,18.1,16.3,entsoe.eu,false,
2024-03-02 06:00:00,North Macedonia,North Macedonia,MK,621.0,672.68,18.18,17.16,entsoe.eu,false,
2024-03-02 07:00:00,North Macedonia,North Macedonia,MK,639.19,691.75,15.81,15.5,entsoe.eu,false,
2024-03-02 08:00:00,North Macedonia,North Macedonia,MK,599.94,649.7,21.03,21.03,entsoe.eu,false,
2024-03-02 09:00:00,North Macedonia,North Macedonia,MK,577.9,626.22,23.93,23.93,entsoe.eu,false,
2024-03-02 10:00:00,North Macedonia,North Macedonia,MK,590.54,641.57,21.77,21.5,entsoe.eu,false,
2024-03-02 11:00:00,North Macedonia,North Macedonia,MK,590.81,642.36,21.64,20.59,entsoe.eu,false,
2024-03-02 12:00:00,North Macedonia,North Macedonia,MK,625.12,676.71,17.81,16.08,entsoe.eu,false,
2024-03-02 13:00:00,North Macedonia,North Macedonia,MK,627.81,679.41,17.41,16.67,entsoe.eu,false,
2024-03-02 14:00:00,North Macedonia,North Macedonia,MK,635.01,686.97,16.44,16.43,entsoe.eu,false,
2024-03-02 15:00:00,North Macedonia,North Macedonia,MK,610.86,661.42,19.56,19.52,entsoe.eu,false,
2024-03-02 16:00:00,North Macedonia,North Macedonia,MK,560.46,607.78,26.17,26.04,entsoe.eu,false,
2024-03-02 17:00:00,North Macedonia,North Macedonia,MK,497.33,540.53,34.55,33.81,entsoe.eu,false,
2024-03-02 18:00:00,North Macedonia,North Macedonia,MK,526.57,571.81,30.72,29.04,entsoe.eu,false,
2024-03-02 19:00:00,North Macedonia,North Macedonia,MK,560.19,607.68,26.21,25.31,entsoe.eu,false,
2024-03-02 20:00:00,North Macedonia,North Macedonia,MK,583.93,633.47,23.01,21.5,entsoe.eu,false,
2024-03-02 21:00:00,North Macedonia,North Macedonia,MK,570.27,619.09,24.84,22.25,entsoe.eu,false,
2024-03-02 22:00:00,North Macedonia,North Macedonia,MK,574.2,623.45,24.36,21.05,entsoe.eu,false,
2024-03-02 23:00:00,North Macedonia,North Macedonia,MK,603.45,654.7,20.49,16.93,entsoe.eu,false,
2024-03-03 00:00:00,North Macedonia,North Macedonia,MK,627.71,680.24,17.28,14.5,entsoe.eu,false,
2024-03-03 01:00:00,North Macedonia,North Macedonia,MK,654.01,708.18,13.72,12.15,entsoe.eu,false,
2024-03-03 02:00:00,North Macedonia,North Macedonia,MK,678.96,734.75,10.38,9.63,entsoe.eu,false,
2024-03-03 03:00:00,North Macedonia,North Macedonia,MK,682.29,738.27,9.93,9.48,entsoe.eu,false,
2024-03-03 04:00:00,North Macedonia,North Macedonia,MK,677.71,733.45,10.52,10.0,entsoe.eu,false,
2024-03-03 05:00:00,North Macedonia,North Macedonia,MK,658.62,712.95,13.13,12.24,entsoe.eu,false,
2024-03-03 06:00:00,North Macedonia,North Macedonia,MK,641.62,694.81,15.52,13.35,entsoe.eu,false,
2024-03-03 07:00:00,North Macedonia,North Macedonia,MK,634.18,686.74,16.57,13.94,entsoe.eu,false,
2024-03-03 08:00:00,North Macedonia,North Macedonia,MK,624.44,676.28,17.87,15.49,entsoe.eu,false,
2024-03-03 09:00:00,North Macedonia,North Macedonia,MK,587.34,637.25,22.94,17.19,entsoe.eu,false,
2024-03-03 10:00:00,North Macedonia,North Macedonia,MK,568.74,618.01,25.47,17.06,entsoe.eu,false,
2024-03-03 11:00:00,North Macedonia,North Macedonia,MK,564.9,613.91,25.95,17.46,entsoe.eu,false,
2024-03-03 12:00:00,North Macedonia,North Macedonia,MK,591.95,642.42,22.29,16.01,entsoe.eu,false,
2024-03-03 13:00:00,North Macedonia,North Macedonia,MK,623.12,675.26,18.05,14.41,entsoe.eu,false,
2024-03-03 14:00:00,North Macedonia,North Macedonia,MK,627.81,680.11,17.2,16.52,entsoe.eu,false,
2024-03-03 15:00:00,North Macedonia,North Macedonia,MK,596.58,646.95,21.25,20.45,entsoe.eu,false,
2024-03-03 16:00:00,North Macedonia,North Macedonia,MK,525.06,570.48,30.7,30.58,entsoe.eu,false,
2024-03-03 17:00:00,North Macedonia,North Macedonia,MK,478.46,520.69,36.93,36.4,entsoe.eu,false,
2024-03-03 18:00:00,North Macedonia,North Macedonia,MK,473.3,515.38,37.62,36.12,entsoe.eu,false,
2024-03-03 19:00:00,North Macedonia,North Macedonia,MK,494.27,537.87,34.87,32.69,entsoe.eu,false,
2024-03-03 20:00:00,North Macedonia,North Macedonia,MK,520.91,566.25,31.33,29.66,entsoe.eu,false,
2024-03-03 21:00:00,North Macedonia,North Macedonia,MK,523.25,569.01,30.99,28.44,entsoe.eu,false,
2024-03-03 22:00:00,North Macedonia,North Macedonia,MK,547.02,594.38,27.87,25.03,entsoe.eu,false,
2024-03-03 23:00:00,North Macedonia,North Macedonia,MK,599.49,650.29,21.01,17.55,entsoe.eu,false,
2024-03-04 00:00:00,North Macedonia,North Macedonia,MK,632.06,684.89,16.73,13.38,entsoe.eu,false,
2024-03-04 01:00:00,North Macedonia,North Macedonia,MK,677.28,732.98,10.77,7.82,entsoe.eu,false,
2024-03-04 02:00:00,North Macedonia,North Macedonia,MK,684.24,740.3,9.83,7.61,entsoe.eu,false,
2024-03-04 03:00:00,North Macedonia,North Macedonia,MK,684.17,740.23,9.81,8.12,entsoe.eu,false,
2024-03-04 04:00:00,North Macedonia,North Macedonia,MK,656.34,710.58,13.37,12.56,entsoe.eu,false,
2024-03-04 05:00:00,North Macedonia,North Macedonia,MK,602.71,659.91,16.77,14.07,entsoe.eu,false,
2024-03-04 06:00:00,North Macedonia,North Macedonia,MK,575.55,641.13,14.38,11.08,entsoe.eu,false,
2024-03-04 07:00:00,North Macedonia,North Macedonia,MK,566.53,631.55,15.91,11.3,entsoe.eu,false,
2024-03-04 08:00:00,North Macedonia,North Macedonia,MK,534.79,602.91,17.16,11.06,entsoe.eu,false,
2024-03-04 09:00:00,North Macedonia,North Macedonia,MK,516.02,580.61,21.23,14.26,entsoe.eu,false,
2024-03-04 10:00:00,North Macedonia,North Macedonia,MK,505.61,569.12,23.1,15.16,entsoe.eu,false,
2024-03-04 11:00:00,North Macedonia,North Macedonia,MK,474.1,534.43,28.5,20.3,entsoe.eu,false,
2024-03-04 12:00:00,North Macedonia,North Macedonia,MK,494.19,556.44,25.01,16.49,entsoe.eu,false,
2024-03-04 13:00:00,North Macedonia,North Macedonia,MK,526.21,589.12,21.2,14.73,entsoe.eu,false,
2024-03-04 14:00:00,North Macedonia,North Macedonia,MK,557.19,622.42,16.3,13.03,entsoe.eu,false,
2024-03-04 15:00:00,North Macedonia,North Macedonia,MK,518.52,581.48,20.83,19.42,entsoe.eu,false,
2024-03-04 16:00:00,North Macedonia,North Macedonia,MK,486.82,548.58,24.37,23.69,entsoe.eu,false,
2024-03-04 17:00:00,North Macedonia,North Macedonia,MK,448.74,507.31,29.82,29.06,entsoe.eu,false,
2024-03-04 18:00:00,North Macedonia,North Macedonia,MK,438.8,495.8,31.84,30.15,entsoe.eu,false,
2024-03-04 19:00:00,North Macedonia,North Macedonia,MK,482.04,542.87,25.67,23.24,entsoe.eu,false,
2024-03-04 20:00:00,North Macedonia,North Macedonia,MK,564.2,613.2,25.65,21.05,entsoe.eu,false,
2024-03-04 21:00:00,North Macedonia,North Macedonia,MK,508.1,554.28,32.95,27.59,entsoe.eu,false,
2024-03-04 22:00:00,North Macedonia,North Macedonia,MK,497.59,548.28,32.09,23.91,entsoe.eu,false,
2024-03-04 23:00:00,North Macedonia,North Macedonia,MK,515.97,564.79,31.29,22.95,Electricity Maps Estimation,true,ESTIMATED_TIME_SLICER_AVERAGE
2024-03-05 00:00:00,North Macedonia,North Macedonia,MK,577.56,627.28,24.59,16.0,Electricity Maps Estimation,true,ESTIMATED_TIME_SLICER_AVERAGE
2024-03-05 01:00:00,North Macedonia,North Macedonia,MK,619.88,671.85,19.09,11.34,Electricity Maps Estimation,true,ESTIMATED_TIME_SLICER_AVERAGE
2024-03-05 02:00:00,North Macedonia,North Macedonia,MK,634.29,686.86,17.21,10.15,Electricity Maps Estimation,true,ESTIMATED_TIME_SLICER_AVERAGE
2024-03-05 03:00:00,North Macedonia,North Macedonia,MK,652.45,706.13,14.56,9.74,Electricity Maps Estimation,true,ESTIMATED_TIME_SLICER_AVERAGE
2024-03-05 04:00:00,North Macedonia,North Macedonia,MK,665.32,719.68,12.66,10.11,Electricity Maps Estimation,true,ESTIMATED_TIME_SLICER_AVERAGE
2024-03-05 05:00:00,North Macedonia,North Macedonia,MK,640.99,694.12,15.54,13.18,Electricity Maps Estimation,true,ESTIMATED_TIME_SLICER_AVERAGE
2024-03-05 06:00:00,North Macedonia,North Macedonia,MK,593.39,644.8,20.7,20.3,Electricity Maps Estimation,true,ESTIMATED_TIME_SLICER_AVERAGE
2024-03-05 07:00:00,North Macedonia,North Macedonia,MK,563.48,614.92,24.51,24.51,Electricity Maps Estimation,true,ESTIMATED_TIME_SLICER_AVERAGE
2024-03-05 08:00:00,North Macedonia,North Macedonia,MK,543.23,594.06,27.44,27.44,Electricity Maps Estimation,true,ESTIMATED_TIME_SLICER_AVERAGE
2024-03-05 09:00:00,North Macedonia,North Macedonia,MK,596.23,645.73,21.69,21.69,Electricity Maps Estimation,true,ESTIMATED_TIME_SLICER_AVERAGE
2024-03-05 10:00:00,North Macedonia,North Macedonia,MK,633.2,685.07,16.67,16.66,Electricity Maps Estimation,true,ESTIMATED_TIME_SLICER_AVERAGE
2024-03-05 11:00:00,North Macedonia,North Macedonia,MK,633.94,685.96,16.54,16.52,Electricity Maps Estimation,true,ESTIMATED_TIME_SLICER_AVERAGE
2024-03-05 12:00:00,North Macedonia,North Macedonia,MK,612.47,663.52,19.28,18.23,Electricity Maps Estimation,true,ESTIMATED_TIME_SLICER_AVERAGE
2024-03-05 13:00:00,North Macedonia,North Macedonia,MK,624.9,676.74,17.49,17.49,Electricity Maps Estimation,true,ESTIMATED_TIME_SLICER_AVERAGE
2024-03-05 14:00:00,North Macedonia,North Macedonia,MK,611.12,662.26,19.13,19.13,Electricity Maps Estimation,true,ESTIMATED_TIME_SLICER_AVERAGE
2024-03-05 15:00:00,North Macedonia,North Macedonia,MK,534.29,581.17,28.81,28.81,Electricity Maps Estimation,true,ESTIMATED_TIME_SLICER_AVERAGE
2024-03-05 16:00:00,North Macedonia,North Macedonia,MK,462.38,504.46,38.35,38.35,Electricity Maps Estimation,true,ESTIMATED_TIME_SLICER_AVERAGE
2024-03-05 17:00:00,North Macedonia,North Macedonia,MK,448.37,489.66,40.13,40.13,Electricity Maps Estimation,true,ESTIMATED_TIME_SLICER_AVERAGE
2024-03-05 18:00:00,North Macedonia,North Macedonia,MK,447.95,488.9,40.36,40.36,Electricity Maps Estimation,true,ESTIMATED_TIME_SLICER_AVERAGE
2024-03-05 19:00:00,North Macedonia,North Macedonia,MK,481.75,524.84,35.95,35.95,Electricity Maps Estimation,true,ESTIMATED_TIME_SLICER_AVERAGE
2024-03-05 20:00:00,North Macedonia,North Macedonia,MK,528.65,573.95,30.39,29.99,Electricity Maps Estimation,true,ESTIMATED_TIME_SLICER_AVERAGE
2024-03-05 21:00:00,North Macedonia,North Macedonia,MK,518.84,563.75,31.8,29.99,Electricity Maps Estimation,true,ESTIMATED_TIME_SLICER_AVERAGE
2024-03-05 22:00:00,North Macedonia,North Macedonia,MK,528.67,574.32,30.81,26.67,Electricity Maps Estimation,true,ESTIMATED_TIME_SLICER_AVERAGE
2024-03-05 23:00:00,North Macedonia,North Macedonia,MK,488.98,532.2,36.34,29.04,entsoe.eu,false,
2024-03-06 00:00:00,North Macedonia,North Macedonia,MK,530.34,576.24,30.86,24.01,entsoe.eu,false,
2024-03-06 01:00:00,North Macedonia,North Macedonia,MK,524.87,570.48,31.28,25.04,entsoe.eu,false,
2024-03-06 02:00:00,North Macedonia,North Macedonia,MK,525.4,570.85,31.19,25.81,entsoe.eu,false,
2024-03-06 03:00:00,North Macedonia,North Macedonia,MK,565.46,613.39,25.7,22.66,entsoe.eu,false,
2024-03-06 04:00:00,North Macedonia,North Macedonia,MK,599.37,649.18,21.04,21.04,entsoe.eu,false,
2024-03-06 05:00:00,North Macedonia,North Macedonia,MK,564.15,611.48,25.77,25.77,entsoe.eu,false,
2024-03-06 06:00:00,North Macedonia,North Macedonia,MK,400.94,440.5,46.56,45.49,entsoe.eu,false,
2024-03-06 07:00:00,North Macedonia,North Macedonia,MK,356.34,399.77,50.83,48.31,entsoe.eu,false,
2024-03-06 08:00:00,North Macedonia,North Macedonia,MK,347.82,389.25,53.0,50.88,entsoe.eu,false,
2024-03-06 09:00:00,North Macedonia,North Macedonia,MK,361.12,402.93,51.61,47.64,entsoe.eu,false,
2024-03-06 10:00:00,North Macedonia,North Macedonia,MK,348.32,392.13,52.32,48.93,entsoe.eu,false,
2024-03-06 11:00:00,North Macedonia,North Macedonia,MK,354.35,398.42,51.22,48.56,entsoe.eu,false,
2024-03-06 12:00:00,North Macedonia,North Macedonia,MK,347.16,391.2,51.72,48.48,entsoe.eu,false,
2024-03-06 13:00:00,North Macedonia,North Macedonia,MK,392.32,432.88,47.19,45.45,entsoe.eu,false,
2024-03-06 14:00:00,North Macedonia,North Macedonia,MK,408.33,445.94,46.09,46.09,entsoe.eu,false,
2024-03-06 15:00:00,North Macedonia,North Macedonia,MK,442.87,482.34,41.72,41.72,entsoe.eu,false,
2024-03-06 16:00:00,North Macedonia,North Macedonia,MK,380.95,416.44,49.86,49.86,entsoe.eu,false,
2024-03-06 17:00:00,North Macedonia,North Macedonia,MK,345.78,378.89,54.56,54.56,entsoe.eu,false,
2024-03-06 18:00:00,North Macedonia,North Macedonia,MK,350.53,383.92,53.95,53.95,entsoe.eu,false,
2024-03-06 19:00:00,North Macedonia,North Macedonia,MK,395.05,431.5,48.03,48.03,entsoe.eu,false,
2024-03-06 20:00:00,North Macedonia,North Macedonia,MK,436.31,475.59,42.61,42.61,entsoe.eu,false,
2024-03-06 21:00:00,North Macedonia,North Macedonia,MK,428.45,467.46,43.46,43.45,entsoe.eu,false,
2024-03-06 22:00:00,North Macedonia,North Macedonia,MK,444.64,484.73,41.46,40.1,entsoe.eu,false,
2024-03-06 23:00:00,North Macedonia,North Macedonia,MK,515.82,561.02,32.43,27.01,entsoe.eu,false,
2024-03-07 00:00:00,North Macedonia,North Macedonia,MK,533.88,580.48,29.9,24.96,entsoe.eu,false,
2024-03-07 01:00:00,North Macedonia,North Macedonia,MK,567.82,616.51,25.4,20.97,entsoe.eu,false,
2024-03-07 02:00:00,North Macedonia,North Macedonia,MK,581.35,630.7,23.5,20.6,entsoe.eu,false,
2024-03-07 03:00:00,North Macedonia,North Macedonia,MK,590.93,641.11,21.88,20.98,entsoe.eu,false,
2024-03-07 04:00:00,North Macedonia,North Macedonia,MK,577.58,626.82,23.55,23.52,entsoe.eu,false,
2024-03-07 05:00:00,North Macedonia,North Macedonia,MK,523.16,568.33,30.95,30.95,entsoe.eu,false,
2024-03-07 06:00:00,North Macedonia,North Macedonia,MK,461.63,509.53,36.92,36.92,entsoe.eu,false,
2024-03-07 07:00:00,North Macedonia,North Macedonia,MK,402.81,452.81,44.0,43.61,entsoe.eu,false,
2024-03-07 08:00:00,North Macedonia,North Macedonia,MK,407.73,456.0,45.03,45.03,entsoe.eu,false,
2024-03-07 09:00:00,North Macedonia,North Macedonia,MK,400.48,448.39,45.7,45.69,entsoe.eu,false,
2024-03-07 10:00:00,North Macedonia,North Macedonia,MK,392.99,443.17,44.85,44.36,entsoe.eu,false,
2024-03-07 11:00:00,North Macedonia,North Macedonia,MK,398.65,450.17,43.03,42.77,entsoe.eu,false,
2024-03-07 12:00:00,North Macedonia,North Macedonia,MK,419.27,472.21,40.62,40.53,entsoe.eu,false,
2024-03-07 13:00:00,North Macedonia,North Macedonia,MK,452.31,503.09,37.59,37.59,entsoe.eu,false,
2024-03-07 14:00:00,North Macedonia,North Macedonia,MK,488.11,538.88,32.93,32.93,entsoe.eu,false,
2024-03-07 15:00:00,North Macedonia,North Macedonia,MK,423.18,471.27,40.67,40.67,entsoe.eu,false,
2024-03-07 16:00:00,North Macedonia,North Macedonia,MK,402.76,439.54,47.15,47.15,entsoe.eu,false,
2024-03-07 17:00:00,North Macedonia,North Macedonia,MK,374.38,409.33,50.96,50.94,entsoe.eu,false,
2024-03-07 18:00:00,North Macedonia,North Macedonia,MK,365.96,400.39,51.99,51.98,entsoe.eu,false,
2024-03-07 19:00:00,North Macedonia,North Macedonia,MK,372.93,407.85,51.06,51.05,entsoe.eu,false,
2024-03-07 20:00:00,North Macedonia,North Macedonia,MK,392.85,429.39,48.36,48.05,entsoe.eu,false,
2024-03-07 21:00:00,North Macedonia,North Macedonia,MK,403.44,441.01,47.1,45.55,entsoe.eu,false,
2024-03-07 22:00:00,North Macedonia,North Macedonia,MK,415.52,454.32,45.52,41.66,entsoe.eu,false,
2024-03-07 23:00:00,North Macedonia,North Macedonia,MK,501.88,546.32,34.69,28.06,entsoe.eu,false,
2024-03-08 00:00:00,North Macedonia,North Macedonia,MK,583.48,633.57,23.82,17.26,entsoe.eu,false,
2024-03-08 01:00:00,North Macedonia,North Macedonia,MK,605.2,656.79,20.91,14.55,entsoe.eu,false,
2024-03-08 02:00:00,North Macedonia,North Macedonia,MK,607.73,659.24,20.45,15.45,entsoe.eu,false,
2024-03-08 03:00:00,North Macedonia,North Macedonia,MK,634.41,687.4,16.67,13.66,entsoe.eu,false,
2024-03-08 04:00:00,North Macedonia,North Macedonia,MK,628.32,680.64,17.14,16.57,entsoe.eu,false,
2024-03-08 05:00:00,North Macedonia,North Macedonia,MK,619.96,671.31,18.46,17.51,entsoe.eu,false,
2024-03-08 06:00:00,North Macedonia,North Macedonia,MK,475.91,520.47,37.01,37.01,entsoe.eu,false,
2024-03-08 07:00:00,North Macedonia,North Macedonia,MK,431.68,478.49,43.33,42.92,entsoe.eu,false,
2024-03-08 08:00:00,North Macedonia,North Macedonia,MK,418.23,464.06,45.37,44.89,entsoe.eu,false,
2024-03-08 09:00:00,North Macedonia,North Macedonia,MK,399.43,444.22,46.86,46.19,entsoe.eu,false,
2024-03-08 10:00:00,North Macedonia,North Macedonia,MK,439.15,489.03,40.46,38.87,entsoe.eu,false,
2024-03-08 11:00:00,North Macedonia,North Macedonia,MK,413.98,460.46,44.2,43.94,entsoe.eu,false,
2024-03-08 12:00:00,North Macedonia,North Macedonia,MK,403.03,449.55,45.3,45.04,entsoe.eu,false,
2024-03-08 13:00:00,North Macedonia,North Macedonia,MK,442.76,490.15,40.23,40.23,entsoe.eu,false,
2024-03-08 14:00:00,North Macedonia,North Macedonia,MK,468.19,516.03,37.23,37.18,entsoe.eu,false,
2024-03-08 15:00:00,North Macedonia,North Macedonia,MK,445.86,496.42,38.08,38.08,entsoe.eu,false,
2024-03-08 16:00:00,North Macedonia,North Macedonia,MK,418.4,468.16,41.27,41.27,entsoe.eu,false,
2024-03-08 17:00:00,North Macedonia,North Macedonia,MK,449.84,494.46,39.26,39.26,entsoe.eu,false,
2024-03-08 18:00:00,North Macedonia,North Macedonia,MK,478.28,520.02,37.11,37.1,entsoe.eu,false,
2024-03-08 19:00:00,North Macedonia,North Macedonia,MK,488.79,531.22,35.76,35.74,entsoe.eu,false,
2024-03-08 20:00:00,North Macedonia,North Macedonia,MK,527.9,572.98,30.75,30.71,entsoe.eu,false,
2024-03-08 21:00:00,North Macedonia,North Macedonia,MK,526.42,571.94,30.6,30.18,entsoe.eu,false,
2024-03-08 22:00:00,North Macedonia,North Macedonia,MK,506.9,551.28,33.26,31.64,entsoe.eu,false,
2024-03-08 23:00:00,North Macedonia,North Macedonia,MK,538.1,585.29,28.97,26.35,entsoe.eu,false,
2024-03-09 00:00:00,North Macedonia,North Macedonia,MK,609.35,661.46,19.56,16.14,entsoe.eu,false,
2024-03-09 01:00:00,North Macedonia,North Macedonia,MK,611.97,664.24,19.17,16.03,entsoe.eu,false,
2024-03-09 02:00:00,North Macedonia,North Macedonia,MK,626.11,679.29,17.14,15.22,entsoe.eu,false,
2024-03-09 03:00:00,North Macedonia,North Macedonia,MK,626.97,680.38,16.9,15.43,entsoe.eu,false,
2024-03-09 04:00:00,North Macedonia,North Macedonia,MK,616.32,669.05,18.36,16.4,entsoe.eu,false,
2024-03-09 05:00:00,North Macedonia,North Macedonia,MK,618.52,670.97,18.32,16.19,entsoe.eu,false,
2024-03-09 06:00:00,North Macedonia,North Macedonia,MK,614.63,666.72,19.11,16.08,entsoe.eu,false,
2024-03-09 07:00:00,North Macedonia,North Macedonia,MK,585.86,636.18,23.15,19.02,entsoe.eu,false,
2024-03-09 08:00:00,North Macedonia,North Macedonia,MK,549.59,597.75,28.19,21.76,entsoe.eu,false,
2024-03-09 09:00:00,North Macedonia,North Macedonia,MK,440.15,481.57,42.41,36.25,entsoe.eu,false,
2024-03-09 10:00:00,North Macedonia,North Macedonia,MK,426.13,466.45,44.36,37.84,entsoe.eu,false,
2024-03-09 11:00:00,North Macedonia,North Macedonia,MK,445.5,486.85,41.65,36.51,entsoe.eu,false,
2024-03-09 12:00:00,North Macedonia,North Macedonia,MK,422.98,463.25,44.47,39.15,entsoe.eu,false,
2024-03-09 13:00:00,North Macedonia,North Macedonia,MK,426.16,467.84,43.36,38.67,entsoe.eu,false,
2024-03-09 14:00:00,North Macedonia,North Macedonia,MK,420.05,462.9,43.2,40.17,entsoe.eu,false,
2024-03-09 15:00:00,North Macedonia,North Macedonia,MK,403.53,448.48,43.5,41.78,entsoe.eu,false,
2024-03-09 16:00:00,North Macedonia,North Macedonia,MK,409.88,459.4,40.44,38.52,entsoe.eu,false,
2024-03-09 17:00:00,North Macedonia,North Macedonia,MK,429.35,468.04,43.42,43.19,entsoe.eu,false,
2024-03-09 18:00:00,North Macedonia,North Macedonia,MK,458.88,499.61,39.6,38.59,entsoe.eu,false,
2024-03-09 19:00:00,North Macedonia,North Macedonia,MK,482.88,525.45,36.51,34.72,entsoe.eu,false,
2024-03-09 20:00:00,North Macedonia,North Macedonia,MK,512.7,557.68,32.53,30.34,entsoe.eu,false,
2024-03-09 21:00:00,North Macedonia,North Macedonia,MK,483.59,526.73,36.46,33.56,entsoe.eu,false,
2024-03-09 22:00:00,North Macedonia,North Macedonia,MK,491.69,535.55,35.4,31.61,entsoe.eu,false,
2024-03-09 23:00:00,North Macedonia,North Macedonia,MK,549.21,597.14,27.82,23.12,entsoe.eu,false,
2024-03-10 00:00:00,North Macedonia,North Macedonia,MK,610.19,662.2,19.69,15.11,entsoe.eu,false,
2024-03-10 01:00:00,North Macedonia,North Macedonia,MK,641.17,695.23,15.54,11.35,entsoe.eu,false,
2024-03-10 02:00:00,North Macedonia,North Macedonia,MK,654.01,708.84,13.76,10.45,entsoe.eu,false,
2024-03-10 03:00:00,North Macedonia,North Macedonia,MK,655.99,710.92,13.48,10.47,entsoe.eu,false,
2024-03-10 04:00:00,North Macedonia,North Macedonia,MK,650.26,704.85,14.32,10.72,entsoe.eu,false,
2024-03-10 05:00:00,North Macedonia,North Macedonia,MK,653.53,708.17,14.12,9.92,entsoe.eu,false,
2024-03-10 06:00:00,North Macedonia,North Macedonia,MK,625.92,678.43,18.17,13.05,entsoe.eu,false,
2024-03-10 07:00:00,North Macedonia,North Macedonia,MK,567.57,616.53,26.09,19.04,entsoe.eu,false,
2024-03-10 08:00:00,North Macedonia,North Macedonia,MK,556.88,606.0,27.82,17.4,entsoe.eu,false,
2024-03-10 09:00:00,North Macedonia,North Macedonia,MK,542.41,590.94,29.8,18.38,entsoe.eu,false,
2024-03-10 10:00:00,North Macedonia,North Macedonia,MK,522.38,569.9,32.57,19.8,entsoe.eu,false,
2024-03-10 11:00:00,North Macedonia,North Macedonia,MK,533.28,581.52,31.09,18.04,entsoe.eu,false,
2024-03-10 12:00:00,North Macedonia,North Macedonia,MK,536.18,584.51,30.72,17.63,entsoe.eu,false,
2024-03-10 13:00:00,North Macedonia,North Macedonia,MK,570.61,620.65,25.97,15.31,entsoe.eu,false,
2024-03-10 14:00:00,North Macedonia,North Macedonia,MK,582.54,632.58,23.83,18.0,entsoe.eu,false,
2024-03-10 15:00:00,North Macedonia,North Macedonia,MK,550.2,597.88,27.53,25.15,entsoe.eu,false,
2024-03-10 16:00:00,North Macedonia,North Macedonia,MK,508.66,552.92,33.12,31.35,entsoe.eu,false,
2024-03-10 17:00:00,North Macedonia,North Macedonia,MK,476.18,518.28,37.57,34.57,entsoe.eu,false,
2024-03-10 18:00:00,North Macedonia,North Macedonia,MK,466.45,508.07,38.92,34.92,entsoe.eu,false,
2024-03-10 19:00:00,North Macedonia,North Macedonia,MK,469.48,511.38,38.5,34.17,entsoe.eu,false,
2024-03-10 20:00:00,North Macedonia,North Macedonia,MK,477.81,520.67,37.46,31.87,entsoe.eu,false,
2024-03-10 21:00:00,North Macedonia,North Macedonia,MK,437.03,477.5,43.0,35.74,entsoe.eu,false,
2024-03-10 22:00:00,North Macedonia,North Macedonia,MK,422.21,461.78,44.89,37.59,entsoe.eu,false,
2024-03-10 23:00:00,North Macedonia,North Macedonia,MK,444.72,485.73,42.17,32.68,entsoe.eu,false,
2024-03-11 00:00:00,North Macedonia,North Macedonia,MK,501.13,545.91,34.53,25.61,entsoe.eu,false,
2024-03-11 01:00:00,North Macedonia,North Macedonia,MK,495.9,540.41,35.26,25.44,entsoe.eu,false,
2024-03-11 02:00:00,North Macedonia,North Macedonia,MK,509.93,555.22,33.3,25.09,entsoe.eu,false,
2024-03-11 03:00:00,North Macedonia,North Macedonia,MK,525.22,571.3,31.21,24.86,entsoe.eu,false,
2024-03-11 04:00:00,North Macedonia,North Macedonia,MK,546.47,593.57,28.33,24.28,entsoe.eu,false,
2024-03-11 05:00:00,North Macedonia,North Macedonia,MK,546.03,592.84,28.47,24.42,entsoe.eu,false,
2024-03-11 06:00:00,North Macedonia,North Macedonia,MK,490.6,535.37,35.37,29.79,entsoe.eu,false,
2024-03-11 07:00:00,North Macedonia,North Macedonia,MK,256.04,298.09,62.15,54.47,entsoe.eu,false,
2024-03-11 08:00:00,North Macedonia,North Macedonia,MK,220.94,260.9,67.54,59.29,entsoe.eu,false,
2024-03-11 09:00:00,North Macedonia,North Macedonia,MK,231.92,260.85,70.15,57.38,entsoe.eu,false,
2024-03-11 10:00:00,North Macedonia,North Macedonia,MK,175.29,206.34,76.19,69.08,entsoe.eu,false,
2024-03-11 11:00:00,North Macedonia,North Macedonia,MK,174.08,205.45,75.89,69.14,entsoe.eu,false,
2024-03-11 12:00:00,North Macedonia,North Macedonia,MK,173.89,205.78,75.25,69.26,entsoe.eu,false,
2024-03-11 13:00:00,North Macedonia,North Macedonia,MK,174.52,207.13,74.68,68.8,entsoe.eu,false,
2024-03-11 14:00:00,North Macedonia,North Macedonia,MK,187.73,218.12,73.63,66.8,entsoe.eu,false,
2024-03-11 15:00:00,North Macedonia,North Macedonia,MK,215.52,248.08,69.37,63.38,entsoe.eu,false,
2024-03-11 16:00:00,North Macedonia,North Macedonia,MK,217.55,256.15,66.45,61.04,entsoe.eu,false,
2024-03-11 17:00:00,North Macedonia,North Macedonia,MK,228.44,269.33,64.84,60.35,entsoe.eu,false,
2024-03-11 18:00:00,North Macedonia,North Macedonia,MK,238.18,279.8,63.6,58.38,entsoe.eu,false,
2024-03-11 19:00:00,North Macedonia,North Macedonia,MK,250.72,293.74,61.49,55.07,entsoe.eu,false,
2024-03-11 20:00:00,North Macedonia,North Macedonia,MK,275.33,317.39,58.79,49.87,entsoe.eu,false,
2024-03-11 21:00:00,North Macedonia,North Macedonia,MK,284.86,325.67,58.57,48.15,entsoe.eu,false,
2024-03-11 22:00:00,North Macedonia,North Macedonia,MK,309.29,351.74,55.5,44.21,entsoe.eu,false,
2024-03-11 23:00:00,North Macedonia,North Macedonia,MK,332.56,373.25,54.25,41.26,entsoe.eu,false,
2024-03-12 00:00:00,North Macedonia,North Macedonia,MK,443.87,489.19,40.86,27.44,entsoe.eu,false,
2024-03-12 01:00:00,North Macedonia,North Macedonia,MK,505.72,553.9,33.44,19.06,entsoe.eu,false,
2024-03-12 02:00:00,North Macedonia,North Macedonia,MK,547.43,597.12,28.36,14.3,entsoe.eu,false,
2024-03-12 03:00:00,North Macedonia,North Macedonia,MK,585.21,635.64,23.75,11.56,entsoe.eu,false,
2024-03-12 04:00:00,North Macedonia,North Macedonia,MK,624.58,677.21,18.4,10.07,entsoe.eu,false,
2024-03-12 05:00:00,North Macedonia,North Macedonia,MK,622.66,674.73,18.74,10.69,entsoe.eu,false,
2024-03-12 06:00:00,North Macedonia,North Macedonia,MK,492.48,537.52,35.68,26.26,entsoe.eu,false,
2024-03-12 07:00:00,North Macedonia,North Macedonia,MK,377.34,416.88,51.03,42.09,entsoe.eu,false,
2024-03-12 08:00:00,North Macedonia,North Macedonia,MK,384.12,426.41,49.01,39.16,entsoe.eu,false,
2024-03-12 09:00:00,North Macedonia,North Macedonia,MK,335.95,374.78,55.46,46.32,entsoe.eu,false,
2024-03-12 10:00:00,North Macedonia,North Macedonia,MK,327.5,366.99,56.17,47.84,entsoe.eu,false,
2024-03-12 11:00:00,North Macedonia,North Macedonia,MK,321.07,360.93,56.49,49.41,entsoe.eu,false,
2024-03-12 12:00:00,North Macedonia,North Macedonia,MK,313.78,352.64,57.25,51.65,entsoe.eu,false,
2024-03-12 13:00:00,North Macedonia,North Macedonia,MK,318.39,359.01,55.71,50.43,entsoe.eu,false,
2024-03-12 14:00:00,North Macedonia,North Macedonia,MK,372.73,415.77,48.15,43.61,entsoe.eu,false,
2024-03-12 15:00:00,North Macedonia,North Macedonia,MK,394.07,438.34,44.6,42.47,entsoe.eu,false,
2024-03-12 16:00:00,North Macedonia,North Macedonia,MK,352.17,397.3,48.74,48.05,entsoe.eu,false,
2024-03-12 17:00:00,North Macedonia,North Macedonia,MK,343.66,385.41,51.39,50.22,entsoe.eu,false,
2024-03-12 18:00:00,North Macedonia,North Macedonia,MK,346.7,387.35,51.6,50.81,entsoe.eu,false,
2024-03-12 19:00:00,North Macedonia,North Macedonia,MK,356.76,399.54,49.52,49.26,entsoe.eu,false,
2024-03-12 20:00:00,North Macedonia,North Macedonia,MK,414.65,459.96,41.96,40.58,entsoe.eu,false,
2024-03-12 21:00:00,North Macedonia,North Macedonia,MK,406.27,443.81,46.9,42.24,entsoe.eu,false,
2024-03-12 22:00:00,North Macedonia,North Macedonia,MK,449.02,489.32,41.19,37.13,entsoe.eu,false,
2024-03-12 23:00:00,North Macedonia,North Macedonia,MK,521.86,567.04,31.69,25.83,entsoe.eu,false,
2024-03-13 00:00:00,North Macedonia,North Macedonia,MK,570.94,619.13,25.1,21.1,entsoe.eu,false,
2024-03-13 01:00:00,North Macedonia,North Macedonia,MK,637.58,690.09,16.26,13.09,entsoe.eu,false,
2024-03-13 02:00:00,North Macedonia,North Macedonia,MK,643.16,695.98,15.39,13.68,entsoe.eu,false,
2024-03-13 03:00:00,North Macedonia,North Macedonia,MK,647.21,700.24,14.73,14.27,entsoe.eu,false,
2024-03-13 04:00:00,North Macedonia,North Macedonia,MK,660.56,714.19,12.96,12.91,entsoe.eu,false,
2024-03-13 05:00:00,North Macedonia,North Macedonia,MK,653.11,706.07,14.19,14.19,entsoe.eu,false,
2024-03-13 06:00:00,North Macedonia,North Macedonia,MK,603.52,657.02,19.26,19.26,entsoe.eu,false,
2024-03-13 07:00:00,North Macedonia,North Macedonia,MK,408.79,456.55,43.31,43.31,entsoe.eu,false,
2024-03-13 08:00:00,North Macedonia,North Macedonia,MK,392.98,440.14,45.19,45.19,entsoe.eu,false,
2024-03-13 09:00:00,North Macedonia,North Macedonia,MK,396.56,442.83,45.52,45.41,entsoe.eu,false,
2024-03-13 10:00:00,North Macedonia,North Macedonia,MK,374.39,419.49,48.53,46.32,entsoe.eu,false,
2024-03-13 11:00:00,North Macedonia,North Macedonia,MK,391.47,437.34,46.15,43.82,entsoe.eu,false,
2024-03-13 12:00:00,North Macedonia,North Macedonia,MK,381.25,429.86,45.69,43.9,entsoe.eu,false,
2024-03-13 13:00:00,North Macedonia,North Macedonia,MK,438.4,488.45,38.13,38.13,entsoe.eu,false,
2024-03-13 14:00:00,North Macedonia,North Macedonia,MK,563.48,610.8,25.87,25.87,entsoe.eu,false,
2024-03-13 15:00:00,North Macedonia,North Macedonia,MK,463.34,504.01,39.17,39.17,entsoe.eu,false,
2024-03-13 16:00:00,North Macedonia,North Macedonia,MK,433.0,475.34,41.33,41.33,entsoe.eu,false,
2024-03-13 17:00:00,North Macedonia,North Macedonia,MK,444.68,484.1,41.66,41.66,entsoe.eu,false,
2024-03-13 18:00:00,North Macedonia,North Macedonia,MK,448.97,488.65,41.14,41.08,entsoe.eu,false,
2024-03-13 19:00:00,North Macedonia,North Macedonia,MK,481.17,522.84,37.07,37.07,entsoe.eu,false,
2024-03-13 20:00:00,North Macedonia,North Macedonia,MK,518.58,562.9,32.1,32.03,entsoe.eu,false,
2024-03-13 21:00:00,North Macedonia,North Macedonia,MK,543.04,589.15,29.18,27.29,entsoe.eu,false,
2024-03-13 22:00:00,North Macedonia,North Macedonia,MK,547.06,593.68,28.57,25.63,entsoe.eu,false,
2024-03-13 23:00:00,North Macedonia,North Macedonia,MK,516.31,578.59,21.7,18.78,entsoe.eu,false,
2024-03-14 00:00:00,North Macedonia,North Macedonia,MK,564.17,628.52,16.05,13.09,entsoe.eu,false,
2024-03-14 01:00:00,North Macedonia,North Macedonia,MK,589.93,653.4,14.27,10.99,entsoe.eu,false,
2024-03-14 02:00:00,North Macedonia,North Macedonia,MK,585.21,648.73,14.72,11.23,entsoe.eu,false,
2024-03-14 03:00:00,North Macedonia,North Macedonia,MK,590.05,655.1,13.12,11.04,entsoe.eu,false,
2024-03-14 04:00:00,North Macedonia,North Macedonia,MK,592.17,656.86,12.77,12.54,entsoe.eu,false,
2024-03-14 05:00:00,North Macedonia,North Macedonia,MK,580.62,647.04,12.91,12.91,entsoe.eu,false,
2024-03-14 06:00:00,North Macedonia,North Macedonia,MK,499.18,565.81,20.18,20.18,entsoe.eu,false,
2024-03-14 07:00:00,North Macedonia,North Macedonia,MK,425.29,491.26,28.17,28.17,entsoe.eu,false,
2024-03-14 08:00:00,North Macedonia,North Macedonia,MK,412.57,477.66,31.35,30.28,entsoe.eu,false,
2024-03-14 09:00:00,North Macedonia,North Macedonia,MK,394.44,454.48,36.25,33.75,entsoe.eu,false,
2024-03-14 10:00:00,North Macedonia,North Macedonia,MK,403.19,467.23,32.24,29.87,entsoe.eu,false,
2024-03-14 11:00:00,North Macedonia,North Macedonia,MK,463.33,534.97,20.55,20.12,entsoe.eu,false,
2024-03-14 12:00:00,North Macedonia,North Macedonia,MK,465.05,532.72,22.71,22.69,entsoe.eu,false,
2024-03-14 13:00:00,North Macedonia,North Macedonia,MK,508.74,576.54,18.67,18.67,entsoe.eu,false,
2024-03-14 14:00:00,North Macedonia,North Macedonia,MK,489.12,552.73,23.05,23.05,entsoe.eu,false,
2024-03-14 15:00:00,North Macedonia,North Macedonia,MK,457.59,517.71,28.19,28.19,entsoe.eu,false,
2024-03-14 16:00:00,North Macedonia,North Macedonia,MK,391.4,446.09,37.45,37.45,entsoe.eu,false,
2024-03-14 17:00:00,North Macedonia,North Macedonia,MK,390.76,445.34,37.57,37.57,entsoe.eu,false,
2024-03-14 18:00:00,North Macedonia,North Macedonia,MK,403.77,457.85,36.81,36.46,entsoe.eu,false,
2024-03-14 19:00:00,North Macedonia,North Macedonia,MK,443.23,499.77,31.74,31.49,entsoe.eu,false,
2024-03-14 20:00:00,North Macedonia,North Macedonia,MK,470.81,531.08,26.92,26.9,entsoe.eu,false,
2024-03-14 21:00:00,North Macedonia,North Macedonia,MK,462.04,519.32,29.62,29.26,entsoe.eu,false,
2024-03-14 22:00:00,North Macedonia,North Macedonia,MK,475.93,532.15,29.02,27.23,entsoe.eu,false,
2024-03-14 23:00:00,North Macedonia,North Macedonia,MK,541.66,589.93,28.3,23.38,entsoe.eu,false,
2024-03-15 00:00:00,North Macedonia,North Macedonia,MK,595.1,646.37,21.68,16.03,entsoe.eu,false,
2024-03-15 01:00:00,North Macedonia,North Macedonia,MK,625.14,678.41,17.52,13.1,entsoe.eu,false,
2024-03-15 02:00:00,North Macedonia,North Macedonia,MK,624.27,677.63,17.59,13.04,entsoe.eu,false,
2024-03-15 03:00:00,North Macedonia,North Macedonia,MK,631.54,685.31,16.54,12.83,entsoe.eu,false,
2024-03-15 04:00:00,North Macedonia,North Macedonia,MK,643.74,697.91,14.94,12.74,entsoe.eu,false,
2024-03-15 05:00:00,North Macedonia,North Macedonia,MK,621.71,673.03,18.37,18.06,entsoe.eu,false,
2024-03-15 06:00:00,North Macedonia,North Macedonia,MK,591.26,640.38,22.4,22.14,entsoe.eu,false,
2024-03-15 07:00:00,North Macedonia,North Macedonia,MK,607.79,659.08,19.83,18.9,entsoe.eu,false,
2024-03-15 08:00:00,North Macedonia,North Macedonia,MK,601.91,654.04,20.39,19.01,entsoe.eu,false,
2024-03-15 09:00:00,North Macedonia,North Macedonia,MK,595.44,646.5,21.64,17.88,entsoe.eu,false,
2024-03-15 10:00:00,North Macedonia,North Macedonia,MK,657.72,711.77,13.48,11.42,entsoe.eu,false,
2024-03-15 11:00:00,North Macedonia,North Macedonia,MK,664.86,718.96,12.67,12.25,entsoe.eu,false,
2024-03-15 12:00:00,North Macedonia,North Macedonia,MK,595.92,645.54,21.85,21.35,entsoe.eu,false,
2024-03-15 13:00:00,North Macedonia,North Macedonia,MK,544.51,590.91,28.6,28.27,entsoe.eu,false,
2024-03-15 14:00:00,North Macedonia,North Macedonia,MK,508.89,552.93,33.25,33.05,entsoe.eu,false,
2024-03-15 15:00:00,North Macedonia,North Macedonia,MK,494.05,536.6,35.49,35.46,entsoe.eu,false,
2024-03-15 16:00:00,North Macedonia,North Macedonia,MK,434.79,473.39,43.24,43.23,entsoe.eu,false,
2024-03-15 17:00:00,North Macedonia,North Macedonia,MK,434.52,473.08,43.28,43.27,entsoe.eu,false,
2024-03-15 18:00:00,North Macedonia,North Macedonia,MK,442.66,481.63,42.38,42.35,entsoe.eu,false,
2024-03-15 19:00:00,North Macedonia,North Macedonia,MK,491.81,534.09,35.86,35.78,entsoe.eu,false,
2024-03-15 20:00:00,North Macedonia,North Macedonia,MK,507.68,551.71,33.13,32.8,entsoe.eu,false,
2024-03-15 21:00:00,North Macedonia,North Macedonia,MK,489.21,532.62,35.43,34.34,entsoe.eu,false,
2024-03-15 22:00:00,North Macedonia,North Macedonia,MK,492.66,536.76,34.98,32.18,entsoe.eu,false,
2024-03-15 23:00:00,North Macedonia,North Macedonia,MK,560.6,609.54,26.03,21.74,entsoe.eu,false,
2024-03-16 00:00:00,North Macedonia,North Macedonia,MK,612.3,665.07,19.12,14.19,entsoe.eu,false,
2024-03-16 01:00:00,North Macedonia,North Macedonia,MK,641.98,696.68,15.23,10.2,entsoe.eu,false,
2024-03-16 02:00:00,North Macedonia,North Macedonia,MK,644.61,699.66,14.77,10.39,entsoe.eu,false,
2024-03-16 03:00:00,North Macedonia,North Macedonia,MK,644.57,699.6,14.81,10.07,entsoe.eu,false,
2024-03-16 04:00:00,North Macedonia,North Macedonia,MK,651.36,706.7,13.89,9.7,entsoe.eu,false,
2024-03-16 05:00:00,North Macedonia,North Macedonia,MK,634.36,688.35,16.23,12.24,entsoe.eu,false,
2024-03-16 06:00:00,North Macedonia,North Macedonia,MK,602.33,653.98,20.74,15.89,entsoe.eu,false,
2024-03-16 07:00:00,North Macedonia,North Macedonia,MK,581.76,632.18,23.74,17.2,entsoe.eu,false,
2024-03-16 08:00:00,North Macedonia,North Macedonia,MK,612.61,665.41,19.61,12.11,entsoe.eu,false,
2024-03-16 09:00:00,North Macedonia,North Macedonia,MK,527.42,576.07,31.1,16.96,entsoe.eu,false,
2024-03-16 10:00:00,North Macedonia,North Macedonia,MK,521.54,569.67,31.72,19.11,entsoe.eu,false,
2024-03-16 11:00:00,North Macedonia,North Macedonia,MK,534.65,583.54,29.92,18.45,entsoe.eu,false,
2024-03-16 12:00:00,North Macedonia,North Macedonia,MK,550.8,600.7,27.62,18.1,entsoe.eu,false,
2024-03-16 13:00:00,North Macedonia,North Macedonia,MK,567.97,618.7,25.31,16.24,entsoe.eu,false,
2024-03-16 14:00:00,North Macedonia,North Macedonia,MK,598.98,650.87,20.93,16.5,entsoe.eu,false,
2024-03-16 15:00:00,North Macedonia,North Macedonia,MK,565.15,613.98,25.35,23.51,entsoe.eu,false,
2024-03-16 16:00:00,North Macedonia,North Macedonia,MK,495.8,539.15,34.82,34.45,entsoe.eu,false,
2024-03-16 17:00:00,North Macedonia,North Macedonia,MK,476.28,517.99,37.55,37.28,entsoe.eu,false,
2024-03-16 18:00:00,North Macedonia,North Macedonia,MK,491.91,534.54,35.57,35.32,entsoe.eu,false,
2024-03-16 19:00:00,North Macedonia,North Macedonia,MK,538.43,584.38,29.27,28.8,entsoe.eu,false,
2024-03-16 20:00:00,North Macedonia,North Macedonia,MK,535.09,581.85,29.31,27.57,entsoe.eu,false,
2024-03-16 21:00:00,North Macedonia,North Macedonia,MK,540.64,588.33,28.62,24.49,entsoe.eu,false,
2024-03-16 22:00:00,North Macedonia,North Macedonia,MK,543.21,591.28,28.29,23.06,entsoe.eu,false,
2024-03-16 23:00:00,North Macedonia,North Macedonia,MK,589.24,640.48,22.14,16.9,entsoe.eu,false,
2024-03-17 00:00:00,North Macedonia,North Macedonia,MK,601.78,653.77,20.45,15.59,entsoe.eu,false,
2024-03-17 01:00:00,North Macedonia,North Macedonia,MK,615.45,668.36,18.6,14.16,entsoe.eu,false,
2024-03-17 02:00:00,North Macedonia,North Macedonia,MK,629.48,683.46,16.69,12.51,entsoe.eu,false,
2024-03-17 03:00:00,North Macedonia,North Macedonia,MK,639.62,694.13,15.37,11.54,entsoe.eu,false,
2024-03-17 04:00:00,North Macedonia,North Macedonia,MK,638.37,692.62,15.74,10.67,entsoe.eu,false,
2024-03-17 05:00:00,North Macedonia,North Macedonia,MK,622.25,675.16,18.33,11.79,entsoe.eu,false,
2024-03-17 06:00:00,North Macedonia,North Macedonia,MK,595.99,647.27,22.08,14.4,entsoe.eu,false,
2024-03-17 07:00:00,North Macedonia,North Macedonia,MK,588.71,639.77,22.94,15.5,entsoe.eu,false,
2024-03-17 08:00:00,North Macedonia,North Macedonia,MK,545.43,594.48,28.9,18.08,entsoe.eu,false,
2024-03-17 09:00:00,North Macedonia,North Macedonia,MK,512.23,559.62,33.35,20.54,entsoe.eu,false,
2024-03-17 10:00:00,North Macedonia,North Macedonia,MK,488.49,534.67,36.63,22.04,entsoe.eu,false,
2024-03-17 11:00:00,North Macedonia,North Macedonia,MK,514.11,561.58,33.11,20.39,entsoe.eu,false,
2024-03-17 12:00:00,North Macedonia,North Macedonia,MK,537.68,586.19,29.86,19.47,entsoe.eu,false,
2024-03-17 13:00:00,North Macedonia,North Macedonia,MK,558.97,608.52,26.97,18.11,entsoe.eu,false,
2024-03-17 14:00:00,North Macedonia,North Macedonia,MK,568.46,618.33,25.22,19.67,entsoe.eu,false,
2024-03-17 15:00:00,North Macedonia,North Macedonia,MK,502.39,547.21,33.61,31.78,entsoe.eu,false,
2024-03-17 16:00:00,North Macedonia,North Macedonia,MK,471.16,513.08,38.09,35.73,entsoe.eu,false,
2024-03-17 17:00:00,North Macedonia,North Macedonia,MK,450.08,490.48,41.1,37.61,entsoe.eu,false,
2024-03-17 18:00:00,North Macedonia,North Macedonia,MK,437.52,479.03,42.29,37.24,entsoe.eu,false,
2024-03-17 19:00:00,North Macedonia,North Macedonia,MK,461.53,502.82,39.45,35.95,entsoe.eu,false,
2024-03-17 20:00:00,North Macedonia,North Macedonia,MK,496.49,540.35,34.82,30.86,entsoe.eu,false,
2024-03-17 21:00:00,North Macedonia,North Macedonia,MK,523.54,569.58,31.53,24.62,entsoe.eu,false,
2024-03-17 22:00:00,North Macedonia,North Macedonia,MK,556.96,605.31,27.38,17.95,entsoe.eu,false,
2024-03-17 23:00:00,North Macedonia,North Macedonia,MK,566.4,615.26,26.2,17.37,entsoe.eu,false,
2024-03-18 00:00:00,North Macedonia,North Macedonia,MK,556.32,604.44,27.3,20.58,entsoe.eu,false,
2024-03-18 01:00:00,North Macedonia,North Macedonia,MK,569.54,618.44,25.55,19.17,entsoe.eu,false,
2024-03-18 02:00:00,North Macedonia,North Macedonia,MK,564.62,613.12,26.19,19.96,entsoe.eu,false,
2024-03-18 03:00:00,North Macedonia,North Macedonia,MK,548.69,595.9,28.22,22.79,entsoe.eu,false,
2024-03-18 04:00:00,North Macedonia,North Macedonia,MK,526.86,578.51,27.27,23.55,entsoe.eu,false,
2024-03-18 05:00:00,North Macedonia,North Macedonia,MK,357.76,414.77,39.93,34.05,entsoe.eu,false,
2024-03-18 06:00:00,North Macedonia,North Macedonia,MK,330.29,385.42,45.51,39.86,entsoe.eu,false,
2024-03-18 07:00:00,North Macedonia,North Macedonia,MK,310.69,362.6,50.26,45.66,entsoe.eu,false,
2024-03-18 08:00:00,North Macedonia,North Macedonia,MK,300.01,348.79,53.26,48.55,entsoe.eu,false,
2024-03-18 09:00:00,North Macedonia,North Macedonia,MK,305.26,353.04,53.47,48.86,entsoe.eu,false,
2024-03-18 10:00:00,North Macedonia,North Macedonia,MK,325.47,374.52,50.85,46.16,entsoe.eu,false,
2024-03-18 11:00:00,North Macedonia,North Macedonia,MK,343.5,393.85,48.3,43.87,entsoe.eu,false,
2024-03-18 12:00:00,North Macedonia,North Macedonia,MK,377.86,430.75,43.25,39.24,entsoe.eu,false,
2024-03-18 13:00:00,North Macedonia,North Macedonia,MK,424.3,481.77,35.84,32.2,entsoe.eu,false,
2024-03-18 14:00:00,North Macedonia,North Macedonia,MK,448.96,512.21,29.35,26.91,entsoe.eu,false,
2024-03-18 15:00:00,North Macedonia,North Macedonia,MK,488.04,555.01,22.31,20.61,entsoe.eu,false,
2024-03-18 16:00:00,North Macedonia,North Macedonia,MK,427.18,489.28,31.55,30.45,entsoe.eu,false,
2024-03-18 17:00:00,North Macedonia,North Macedonia,MK,429.7,493.08,30.82,29.11,entsoe.eu,false,
2024-03-18 18:00:00,North Macedonia,North Macedonia,MK,429.4,492.17,30.89,28.68,entsoe.eu,false,
2024-03-18 19:00:00,North Macedonia,North Macedonia,MK,433.92,496.6,29.92,27.85,entsoe.eu,false,
2024-03-18 20:00:00,North Macedonia,North Macedonia,MK,456.64,518.3,27.68,24.42,entsoe.eu,false,
2024-03-18 21:00:00,North Macedonia,North Macedonia,MK,445.14,503.66,30.74,26.63,entsoe.eu,false,
2024-03-18 22:00:00,North Macedonia,North Macedonia,MK,470.32,528.66,28.44,24.5,entsoe.eu,false,
2024-03-18 23:00:00,North Macedonia,North Macedonia,MK,542.9,610.33,16.38,11.43,entsoe.eu,false,
2024-03-19 00:00:00,North Macedonia,North Macedonia,MK,592.52,661.6,10.65,6.89,entsoe.eu,false,
2024-03-19 01:00:00,North Macedonia,North Macedonia,MK,595.39,664.62,10.22,6.99,entsoe.eu,false,
2024-03-19 02:00:00,North Macedonia,North Macedonia,MK,606.92,680.06,6.74,3.89,entsoe.eu,false,
2024-03-19 03:00:00,North Macedonia,North Macedonia,MK,611.6,684.09,6.55,4.87,entsoe.eu,false,
2024-03-19 04:00:00,North Macedonia,North Macedonia,MK,609.54,679.18,8.23,7.77,entsoe.eu,false,
2024-03-19 05:00:00,North Macedonia,North Macedonia,MK,578.74,647.37,11.88,9.99,entsoe.eu,false,
2024-03-19 06:00:00,North Macedonia,North Macedonia,MK,540.51,607.7,16.38,14.03,entsoe.eu,false,
2024-03-19 07:00:00,North Macedonia,North Macedonia,MK,521.5,588.79,18.24,15.12,entsoe.eu,false,
2024-03-19 08:00:00,North Macedonia,North Macedonia,MK,548.64,610.56,18.63,17.77,entsoe.eu,false,
2024-03-19 09:00:00,North Macedonia,North Macedonia,MK,529.62,590.45,21.29,19.39,entsoe.eu,false,
2024-03-19 10:00:00,North Macedonia,North Macedonia,MK,526.1,584.94,22.86,21.08,entsoe.eu,false,
2024-03-19 11:00:00,North Macedonia,North Macedonia,MK,505.73,562.68,25.79,24.44,entsoe.eu,false,
2024-03-19 12:00:00,North Macedonia,North Macedonia,MK,498.98,558.28,24.97,23.81,entsoe.eu,false,
2024-03-19 13:00:00,North Macedonia,North Macedonia,MK,487.0,545.46,26.33,26.27,entsoe.eu,false,
2024-03-19 14:00:00,North Macedonia,North Macedonia,MK,497.73,556.84,24.92,24.92,entsoe.eu,false,
2024-03-19 15:00:00,North Macedonia,North Macedonia,MK,423.51,479.99,33.29,33.29,entsoe.eu,false,
2024-03-19 16:00:00,North Macedonia,North Macedonia,MK,331.53,384.1,44.14,44.14,entsoe.eu,false,
2024-03-19 17:00:00,North Macedonia,North Macedonia,MK,338.37,391.38,43.59,43.06,entsoe.eu,false,
2024-03-19 18:00:00,North Macedonia,North Macedonia,MK,337.43,390.45,43.66,42.49,entsoe.eu,false,
2024-03-19 19:00:00,North Macedonia,North Macedonia,MK,378.97,434.78,37.81,37.81,entsoe.eu,false,
2024-03-19 20:00:00,North Macedonia,North Macedonia,MK,378.98,436.96,36.88,34.9,entsoe.eu,false,
2024-03-19 21:00:00,North Macedonia,North Macedonia,MK,376.23,432.9,38.15,34.61,entsoe.eu,false,
2024-03-19 22:00:00,North Macedonia,North Macedonia,MK,387.1,445.26,36.44,31.34,entsoe.eu,false,
2024-03-19 23:00:00,North Macedonia,North Macedonia,MK,389.88,448.46,36.02,29.89,entsoe.eu,false,
2024-03-20 00:00:00,North Macedonia,North Macedonia,MK,431.43,494.01,29.79,23.62,entsoe.eu,false,
2024-03-20 01:00:00,North Macedonia,North Macedonia,MK,420.04,482.97,30.73,23.61,entsoe.eu,false,
2024-03-20 02:00:00,North Macedonia,North Macedonia,MK,415.15,477.43,31.82,25.36,entsoe.eu,false,
2024-03-20 03:00:00,North Macedonia,North Macedonia,MK,401.27,461.72,34.41,28.93,entsoe.eu,false,
2024-03-20 04:00:00,North Macedonia,North Macedonia,MK,414.29,476.01,31.63,27.7,entsoe.eu,false,
2024-03-20 05:00:00,North Macedonia,North Macedonia,MK,411.5,473.17,32.01,27.68,entsoe.eu,false,
2024-03-20 06:00:00,North Macedonia,North Macedonia,MK,372.91,429.37,39.54,35.05,entsoe.eu,false,
2024-03-20 07:00:00,North Macedonia,North Macedonia,MK,368.39,424.33,40.8,34.61,entsoe.eu,false,
2024-03-20 08:00:00,North Macedonia,North Macedonia,MK,347.72,400.2,45.36,39.18,entsoe.eu,false,
2024-03-20 09:00:00,North Macedonia,North Macedonia,MK,350.12,401.76,45.77,40.29,entsoe.eu,false,
2024-03-20 10:00:00,North Macedonia,North Macedonia,MK,351.3,403.39,45.52,40.07,entsoe.eu,false,
2024-03-20 11:00:00,North Macedonia,North Macedonia,MK,345.49,396.85,46.52,41.43,entsoe.eu,false,
2024-03-20 12:00:00,North Macedonia,North Macedonia,MK,359.8,412.52,43.62,37.17,entsoe.eu,false,
2024-03-20 13:00:00,North Macedonia,North Macedonia,MK,362.85,417.4,42.2,35.62,entsoe.eu,false,
2024-03-20 14:00:00,North Macedonia,North Macedonia,MK,386.99,445.24,37.1,31.99,entsoe.eu,false,
2024-03-20 15:00:00,North Macedonia,North Macedonia,MK,384.68,445.21,35.14,33.35,entsoe.eu,false,
2024-03-20 16:00:00,North Macedonia,North Macedonia,MK,320.88,379.81,43.6,43.6,entsoe.eu,false,
2024-03-20 17:00:00,North Macedonia,North Macedonia,MK,319.2,380.8,42.95,42.95,entsoe.eu,false,
2024-03-20 18:00:00,North Macedonia,North Macedonia,MK,323.87,383.86,42.74,42.74,entsoe.eu,false,
2024-03-20 19:00:00,North Macedonia,North Macedonia,MK,323.55,382.08,42.63,42.63,entsoe.eu,false,
2024-03-20 20:00:00,North Macedonia,North Macedonia,MK,333.45,391.47,41.27,41.27,entsoe.eu,false,
2024-03-20 21:00:00,North Macedonia,North Macedonia,MK,333.81,388.64,42.78,42.15,entsoe.eu,false,
2024-03-20 22:00:00,North Macedonia,North Macedonia,MK,322.05,373.29,46.52,42.17,entsoe.eu,false,
2024-03-20 23:00:00,North Macedonia,North Macedonia,MK,398.32,454.35,37.51,27.39,entsoe.eu,false,
2024-03-21 00:00:00,North Macedonia,North Macedonia,MK,461.57,520.44,30.13,19.19,entsoe.eu,false,
2024-03-21 01:00:00,North Macedonia,North Macedonia,MK,496.13,558.66,24.84,13.23,entsoe.eu,false,
2024-03-21 02:00:00,North Macedonia,North Macedonia,MK,502.51,564.97,24.28,12.88,entsoe.eu,false,
2024-03-21 03:00:00,North Macedonia,North Macedonia,MK,508.31,570.25,23.84,13.61,entsoe.eu,false,
2024-03-21 04:00:00,North Macedonia,North Macedonia,MK,532.02,594.73,20.87,13.01,entsoe.eu,false,
2024-03-21 05:00:00,North Macedonia,North Macedonia,MK,457.73,517.89,28.85,23.53,entsoe.eu,false,
2024-03-21 06:00:00,North Macedonia,North Macedonia,MK,433.12,499.41,27.66,24.92,entsoe.eu,false,
2024-03-21 07:00:00,North Macedonia,North Macedonia,MK,454.15,522.16,25.61,21.93,entsoe.eu,false,
2024-03-21 08:00:00,North Macedonia,North Macedonia,MK,422.37,484.11,33.08,28.71,entsoe.eu,false,
2024-03-21 09:00:00,North Macedonia,North Macedonia,MK,395.63,452.59,39.17,34.84,entsoe.eu,false,
2024-03-21 10:00:00,North Macedonia,North Macedonia,MK,407.23,462.79,38.74,35.23,entsoe.eu,false,
2024-03-21 11:00:00,North Macedonia,North Macedonia,MK,451.01,508.25,33.17,28.35,entsoe.eu,false,
2024-03-21 12:00:00,North Macedonia,North Macedonia,MK,479.43,538.37,28.94,24.39,entsoe.eu,false,
2024-03-21 13:00:00,North Macedonia,North Macedonia,MK,536.27,598.16,21.01,14.47,entsoe.eu,false,
2024-03-21 14:00:00,North Macedonia,North Macedonia,MK,541.19,605.17,19.06,13.13,entsoe.eu,false,
2024-03-21 15:00:00,North Macedonia,North Macedonia,MK,504.89,570.14,21.8,19.56,entsoe.eu,false,
2024-03-21 16:00:00,North Macedonia,North Macedonia,MK,446.41,511.77,27.28,27.26,entsoe.eu,false,
2024-03-21 17:00:00,North Macedonia,North Macedonia,MK,433.21,498.54,28.42,28.42,entsoe.eu,false,
2024-03-21 18:00:00,North Macedonia,North Macedonia,MK,433.22,497.12,29.21,29.2,entsoe.eu,false,
2024-03-21 19:00:00,North Macedonia,North Macedonia,MK,447.62,511.26,27.74,27.04,entsoe.eu,false,
2024-03-21 20:00:00,North Macedonia,North Macedonia,MK,474.97,537.66,25.72,21.27,entsoe.eu,false,
2024-03-21 21:00:00,North Macedonia,North Macedonia,MK,451.14,508.47,31.82,23.98,entsoe.eu,false,
2024-03-21 22:00:00,North Macedonia,North Macedonia,MK,450.58,507.58,31.91,23.64,entsoe.eu,false,
2024-03-21 23:00:00,North Macedonia,North Macedonia,MK,488.93,548.65,26.87,17.18,entsoe.eu,false,
2024-03-22 00:00:00,North Macedonia,North Macedonia,MK,524.3,585.64,22.84,12.01,entsoe.eu,false,
2024-03-22 01:00:00,North Macedonia,North Macedonia,MK,540.56,601.15,21.81,10.75,entsoe.eu,false,
2024-03-22 02:00:00,North Macedonia,North Macedonia,MK,551.65,612.4,20.65,9.86,entsoe.eu,false,
2024-03-22 03:00:00,North Macedonia,North Macedonia,MK,553.46,614.0,20.44,10.72,entsoe.eu,false,
2024-03-22 04:00:00,North Macedonia,North Macedonia,MK,567.28,629.25,18.08,10.2,entsoe.eu,false,
2024-03-22 05:00:00,North Macedonia,North Macedonia,MK,521.51,584.7,21.33,15.01,entsoe.eu,false,
2024-03-22 06:00:00,North Macedonia,North Macedonia,MK,505.26,567.2,23.64,17.83,entsoe.eu,false,
2024-03-22 07:00:00,North Macedonia,North Macedonia,MK,497.27,559.99,24.56,16.52,entsoe.eu,false,
2024-03-22 08:00:00,North Macedonia,North Macedonia,MK,495.74,558.11,25.05,17.79,entsoe.eu,false,
2024-03-22 09:00:00,North Macedonia,North Macedonia,MK,505.47,566.57,25.07,16.89,entsoe.eu,false,
2024-03-22 10:00:00,North Macedonia,North Macedonia,MK,492.37,550.41,28.58,18.38,entsoe.eu,false,
2024-03-22 11:00:00,North Macedonia,North Macedonia,MK,490.16,548.47,28.78,17.85,entsoe.eu,false,
2024-03-22 12:00:00,North Macedonia,North Macedonia,MK,488.04,546.0,29.26,17.65,entsoe.eu,false,
2024-03-22 13:00:00,North Macedonia,North Macedonia,MK,491.43,549.82,28.55,17.03,entsoe.eu,false,
2024-03-22 14:00:00,North Macedonia,North Macedonia,MK,522.1,582.95,23.12,15.58,entsoe.eu,false,
2024-03-22 15:00:00,North Macedonia,North Macedonia,MK,528.11,594.93,17.96,14.84,entsoe.eu,false,
2024-03-22 16:00:00,North Macedonia,North Macedonia,MK,514.1,577.63,20.82,20.09,entsoe.eu,false,
2024-03-22 17:00:00,North Macedonia,North Macedonia,MK,471.6,532.58,26.13,26.13,entsoe.eu,false,
2024-03-22 18:00:00,North Macedonia,North Macedonia,MK,438.17,494.38,32.39,30.9,entsoe.eu,false,
2024-03-22 19:00:00,North Macedonia,North Macedonia,MK,472.95,531.6,27.68,26.12,entsoe.eu,false,
2024-03-22 20:00:00,North Macedonia,North Macedonia,MK,508.42,569.29,23.31,20.35,entsoe.eu,false,
2024-03-22 21:00:00,North Macedonia,North Macedonia,MK,472.66,530.4,29.25,22.43,entsoe.eu,false,
2024-03-22 22:00:00,North Macedonia,North Macedonia,MK,474.45,534.1,28.0,20.17,entsoe.eu,false,
2024-03-22 23:00:00,North Macedonia,North Macedonia,MK,598.62,651.21,21.08,10.02,entsoe.eu,false,
2024-03-23 00:00:00,North Macedonia,North Macedonia,MK,616.17,668.34,19.36,10.44,entsoe.eu,false,
2024-03-23 01:00:00,North Macedonia,North Macedonia,MK,639.28,692.82,16.22,8.54,entsoe.eu,false,
2024-03-23 02:00:00,North Macedonia,North Macedonia,MK,642.59,696.33,15.76,8.37,entsoe.eu,false,
2024-03-23 03:00:00,North Macedonia,North Macedonia,MK,648.69,702.84,14.87,8.24,entsoe.eu,false,
2024-03-23 04:00:00,North Macedonia,North Macedonia,MK,642.59,696.41,15.76,8.32,entsoe.eu,false,
2024-03-23 05:00:00,North Macedonia,North Macedonia,MK,549.79,597.82,28.54,17.5,entsoe.eu,false,
2024-03-23 06:00:00,North Macedonia,North Macedonia,MK,490.29,535.3,36.43,23.36,entsoe.eu,false,
2024-03-23 07:00:00,North Macedonia,North Macedonia,MK,484.29,529.83,37.2,23.51,entsoe.eu,false,
2024-03-23 08:00:00,North Macedonia,North Macedonia,MK,490.71,537.13,36.35,22.91,entsoe.eu,false,
2024-03-23 09:00:00,North Macedonia,North Macedonia,MK,497.74,544.5,35.3,22.59,entsoe.eu,false,
2024-03-23 10:00:00,North Macedonia,North Macedonia,MK,486.25,532.34,36.93,23.64,entsoe.eu,false,
2024-03-23 11:00:00,North Macedonia,North Macedonia,MK,492.27,538.61,36.21,22.44,entsoe.eu,false,
2024-03-23 12:00:00,North Macedonia,North Macedonia,MK,501.76,548.53,35.0,20.5,entsoe.eu,false,
2024-03-23 13:00:00,North Macedonia,North Macedonia,MK,530.69,578.8,31.26,16.57,entsoe.eu,false,
2024-03-23 14:00:00,North Macedonia,North Macedonia,MK,522.38,570.02,32.41,17.16,entsoe.eu,false,
2024-03-23 15:00:00,North Macedonia,North Macedonia,MK,547.83,595.95,28.52,18.73,entsoe.eu,false,
2024-03-23 16:00:00,North Macedonia,North Macedonia,MK,503.0,547.58,34.46,25.92,entsoe.eu,false,
2024-03-23 17:00:00,North Macedonia,North Macedonia,MK,494.45,537.98,35.66,28.0,entsoe.eu,false,
2024-03-23 18:00:00,North Macedonia,North Macedonia,MK,481.44,524.16,37.45,28.63,entsoe.eu,false,
2024-03-23 19:00:00,North Macedonia,North Macedonia,MK,521.98,567.68,32.06,22.35,entsoe.eu,false,
2024-03-23 20:00:00,North Macedonia,North Macedonia,MK,524.15,570.22,31.96,21.67,entsoe.eu,false,
2024-03-23 21:00:00,North Macedonia,North Macedonia,MK,524.98,571.43,32.23,18.74,entsoe.eu,false,
2024-03-23 22:00:00,North Macedonia,North Macedonia,MK,517.95,564.09,32.97,18.68,entsoe.eu,false,
2024-03-23 23:00:00,North Macedonia,North Macedonia,MK,532.13,579.65,30.76,15.3,entsoe.eu,false,
2024-03-24 00:00:00,North Macedonia,North Macedonia,MK,566.44,616.46,25.99,10.41,entsoe.eu,false,
2024-03-24 01:00:00,North Macedonia,North Macedonia,MK,582.91,633.82,23.76,9.46,entsoe.eu,false,
2024-03-24 02:00:00,North Macedonia,North Macedonia,MK,587.26,638.37,23.2,9.05,entsoe.eu,false,
2024-03-24 03:00:00,North Macedonia,North Macedonia,MK,593.94,645.41,22.29,8.67,entsoe.eu,false,
2024-03-24 04:00:00,North Macedonia,North Macedonia,MK,593.71,645.11,22.35,8.49,entsoe.eu,false,
2024-03-24 05:00:00,North Macedonia,North Macedonia,MK,543.48,591.64,29.11,14.48,entsoe.eu,false,
2024-03-24 06:00:00,North Macedonia,North Macedonia,MK,545.54,593.82,28.78,15.15,entsoe.eu,false,
2024-03-24 07:00:00,North Macedonia,North Macedonia,MK,540.93,589.48,29.47,14.51,entsoe.eu,false,
2024-03-24 08:00:00,North Macedonia,North Macedonia,MK,540.03,588.89,29.54,15.0,entsoe.eu,false,
2024-03-24 09:00:00,North Macedonia,North Macedonia,MK,487.2,533.31,36.39,21.89,entsoe.eu,false,
2024-03-24 10:00:00,North Macedonia,North Macedonia,MK,459.98,504.96,39.92,24.62,entsoe.eu,false,
2024-03-24 11:00:00,North Macedonia,North Macedonia,MK,462.75,507.31,39.55,25.21,entsoe.eu,false,
2024-03-24 12:00:00,North Macedonia,North Macedonia,MK,481.8,527.18,37.07,23.23,entsoe.eu,false,
2024-03-24 13:00:00,North Macedonia,North Macedonia,MK,472.51,515.98,38.32,26.69,entsoe.eu,false,
2024-03-24 14:00:00,North Macedonia,North Macedonia,MK,512.09,557.62,33.16,22.59,entsoe.eu,false,
2024-03-24 15:00:00,North Macedonia,North Macedonia,MK,564.27,612.74,26.2,17.96,entsoe.eu,false,
2024-03-24 16:00:00,North Macedonia,North Macedonia,MK,503.74,547.87,34.09,27.4,entsoe.eu,false,
2024-03-24 17:00:00,North Macedonia,North Macedonia,MK,478.53,520.82,37.19,33.17,entsoe.eu,false,
2024-03-24 18:00:00,North Macedonia,North Macedonia,MK,447.0,487.42,41.46,35.2,entsoe.eu,false,
2024-03-24 19:00:00,North Macedonia,North Macedonia,MK,495.46,539.0,35.13,28.4,entsoe.eu,false,
2024-03-24 20:00:00,North Macedonia,North Macedonia,MK,513.19,558.12,32.94,24.49,entsoe.eu,false,
2024-03-24 21:00:00,North Macedonia,North Macedonia,MK,485.1,528.58,36.79,24.61,entsoe.eu,false,
2024-03-24 22:00:00,North Macedonia,North Macedonia,MK,471.44,514.3,38.64,24.01,entsoe.eu,false,
2024-03-24 23:00:00,North Macedonia,North Macedonia,MK,497.96,543.56,35.19,16.24,entsoe.eu,false,
2024-03-25 00:00:00,North Macedonia,North Macedonia,MK,523.98,570.76,31.99,12.72,entsoe.eu,false,
2024-03-25 01:00:00,North Macedonia,North Macedonia,MK,534.74,582.37,30.34,12.12,entsoe.eu,false,
2024-03-25 02:00:00,North Macedonia,North Macedonia,MK,528.87,576.96,30.73,13.85,entsoe.eu,false,
2024-03-25 03:00:00,North Macedonia,North Macedonia,MK,556.17,605.46,27.18,11.86,entsoe.eu,false,
2024-03-25 04:00:00,North Macedonia,North Macedonia,MK,543.68,594.73,27.24,19.23,entsoe.eu,false,
2024-03-25 05:00:00,North Macedonia,North Macedonia,MK,508.39,559.59,31.89,27.27,entsoe.eu,false,
2024-03-25 06:00:00,North Macedonia,North Macedonia,MK,411.36,456.24,44.8,42.22,entsoe.eu,false,
2024-03-25 07:00:00,North Macedonia,North Macedonia,MK,349.95,388.8,54.27,50.94,entsoe.eu,false,
2024-03-25 08:00:00,North Macedonia,North Macedonia,MK,349.14,388.06,54.1,51.48,entsoe.eu,false,
2024-03-25 09:00:00,North Macedonia,North Macedonia,MK,350.12,389.02,54.15,50.99,entsoe.eu,false,
2024-03-25 10:00:00,North Macedonia,North Macedonia,MK,346.95,385.74,54.43,51.47,entsoe.eu,false,
2024-03-25 11:00:00,North Macedonia,North Macedonia,MK,343.64,382.43,54.75,51.03,entsoe.eu,false,
2024-03-25 12:00:00,North Macedonia,North Macedonia,MK,339.89,379.0,55.26,50.44,entsoe.eu,false,
2024-03-25 13:00:00,North Macedonia,North Macedonia,MK,371.03,411.49,51.37,45.57,entsoe.eu,false,
2024-03-25 14:00:00,North Macedonia,North Macedonia,MK,414.08,457.57,45.32,37.96,entsoe.eu,false,
2024-03-25 15:00:00,North Macedonia,North Macedonia,MK,446.01,495.1,38.24,33.11,entsoe.eu,false,
2024-03-25 16:00:00,North Macedonia,North Macedonia,MK,391.81,436.19,45.66,42.75,entsoe.eu,false,
2024-03-25 17:00:00,North Macedonia,North Macedonia,MK,387.59,434.08,45.0,43.05,entsoe.eu,false,
2024-03-25 18:00:00,North Macedonia,North Macedonia,MK,385.67,434.31,44.28,41.58,entsoe.eu,false,
2024-03-25 19:00:00,North Macedonia,North Macedonia,MK,405.36,453.38,42.53,38.81,entsoe.eu,false,
2024-03-25 20:00:00,North Macedonia,North Macedonia,MK,428.58,478.09,39.7,33.57,entsoe.eu,false,
2024-03-25 21:00:00,North Macedonia,North Macedonia,MK,413.7,458.33,43.59,33.46,entsoe.eu,false,
2024-03-25 22:00:00,North Macedonia,North Macedonia,MK,403.76,445.31,46.23,34.42,entsoe.eu,false,
2024-03-25 23:00:00,North Macedonia,North Macedonia,MK,393.2,431.87,49.61,31.62,entsoe.eu,false,
2024-03-26 00:00:00,North Macedonia,North Macedonia,MK,382.52,420.55,50.8,33.44,entsoe.eu,false,
2024-03-26 01:00:00,North Macedonia,North Macedonia,MK,426.49,467.64,44.99,25.93,entsoe.eu,false,
2024-03-26 02:00:00,North Macedonia,North Macedonia,MK,430.43,471.7,44.38,26.14,entsoe.eu,false,
2024-03-26 03:00:00,North Macedonia,North Macedonia,MK,475.03,518.76,38.52,22.4,entsoe.eu,false,
2024-03-26 04:00:00,North Macedonia,North Macedonia,MK,464.43,506.58,39.61,28.52,entsoe.eu,false,
2024-03-26 05:00:00,North Macedonia,North Macedonia,MK,444.1,484.86,42.25,32.46,entsoe.eu,false,
2024-03-26 06:00:00,North Macedonia,North Macedonia,MK,428.47,469.43,44.59,30.85,entsoe.eu,false,
2024-03-26 07:00:00,North Macedonia,North Macedonia,MK,384.46,423.12,50.48,35.5,entsoe.eu,false,
2024-03-26 08:00:00,North Macedonia,North Macedonia,MK,394.82,434.51,48.98,35.36,entsoe.eu,false,
2024-03-26 09:00:00,North Macedonia,North Macedonia,MK,381.9,420.85,50.7,36.71,entsoe.eu,false,
2024-03-26 10:00:00,North Macedonia,North Macedonia,MK,384.17,423.23,50.43,36.6,entsoe.eu,false,
2024-03-26 11:00:00,North Macedonia,North Macedonia,MK,393.68,432.84,49.04,37.3,entsoe.eu,false,
2024-03-26 12:00:00,North Macedonia,North Macedonia,MK,425.77,466.49,45.09,34.42,entsoe.eu,false,
2024-03-26 13:00:00,North Macedonia,North Macedonia,MK,471.51,515.08,38.66,29.36,entsoe.eu,false,
2024-03-26 14:00:00,North Macedonia,North Macedonia,MK,464.76,507.14,39.15,33.45,entsoe.eu,false,
2024-03-26 15:00:00,North Macedonia,North Macedonia,MK,440.97,480.76,42.16,39.7,entsoe.eu,false,
2024-03-26 16:00:00,North Macedonia,North Macedonia,MK,328.58,365.05,54.55,54.55,entsoe.eu,false,
2024-03-26 17:00:00,North Macedonia,North Macedonia,MK,316.83,355.13,55.33,55.33,entsoe.eu,false,
2024-03-26 18:00:00,North Macedonia,North Macedonia,MK,303.18,342.0,56.47,56.0,entsoe.eu,false,
2024-03-26 19:00:00,North Macedonia,North Macedonia,MK,323.13,362.91,53.81,51.79,entsoe.eu,false,
2024-03-26 20:00:00,North Macedonia,North Macedonia,MK,338.21,380.93,50.75,47.62,entsoe.eu,false,
2024-03-26 21:00:00,North Macedonia,North Macedonia,MK,372.54,414.13,48.79,40.25,entsoe.eu,false,
2024-03-26 22:00:00,North Macedonia,North Macedonia,MK,385.73,425.88,48.38,38.58,entsoe.eu,false,
2024-03-26 23:00:00,North Macedonia,North Macedonia,MK,434.22,480.58,41.05,26.28,entsoe.eu,false,
2024-03-27 00:00:00,North Macedonia,North Macedonia,MK,516.88,563.86,32.69,15.75,entsoe.eu,false,
2024-03-27 01:00:00,North Macedonia,North Macedonia,MK,525.79,572.56,31.86,15.67,entsoe.eu,false,
2024-03-27 02:00:00,North Macedonia,North Macedonia,MK,540.51,588.17,29.9,13.79,entsoe.eu,false,
2024-03-27 03:00:00,North Macedonia,North Macedonia,MK,548.79,596.91,28.89,12.43,entsoe.eu,false,
2024-03-27 04:00:00,North Macedonia,North Macedonia,MK,586.43,636.48,23.85,10.94,entsoe.eu,false,
2024-03-27 05:00:00,North Macedonia,North Macedonia,MK,472.26,527.27,31.95,25.04,entsoe.eu,false,
2024-03-27 06:00:00,North Macedonia,North Macedonia,MK,414.04,467.44,39.14,31.87,entsoe.eu,false,
2024-03-27 07:00:00,North Macedonia,North Macedonia,MK,384.36,438.5,42.14,36.08,entsoe.eu,false,
2024-03-27 08:00:00,North Macedonia,North Macedonia,MK,402.57,445.72,46.55,33.82,entsoe.eu,false,
2024-03-27 09:00:00,North Macedonia,North Macedonia,MK,373.38,414.02,50.95,38.41,entsoe.eu,false,
2024-03-27 10:00:00,North Macedonia,North Macedonia,MK,369.56,411.42,51.07,39.47,entsoe.eu,false,
2024-03-27 11:00:00,North Macedonia,North Macedonia,MK,367.5,409.8,51.1,40.15,entsoe.eu,false,
2024-03-27 12:00:00,North Macedonia,North Macedonia,MK,366.92,409.79,50.78,38.97,entsoe.eu,false,
2024-03-27 13:00:00,North Macedonia,North Macedonia,MK,423.69,468.06,43.94,31.09,entsoe.eu,false,
2024-03-27 14:00:00,North Macedonia,North Macedonia,MK,430.29,477.65,41.12,31.87,entsoe.eu,false,
2024-03-27 15:00:00,North Macedonia,North Macedonia,MK,379.01,429.77,44.12,39.55,entsoe.eu,false,
2024-03-27 16:00:00,North Macedonia,North Macedonia,MK,341.03,387.13,50.35,47.29,entsoe.eu,false,
2024-03-27 17:00:00,North Macedonia,North Macedonia,MK,329.9,378.52,50.87,49.69,entsoe.eu,false,
2024-03-27 18:00:00,North Macedonia,North Macedonia,MK,337.64,387.81,49.42,48.76,entsoe.eu,false,
2024-03-27 19:00:00,North Macedonia,North Macedonia,MK,381.86,436.25,42.97,40.35,entsoe.eu,false,
2024-03-27 20:00:00,North Macedonia,North Macedonia,MK,374.2,427.92,43.12,37.36,entsoe.eu,false,
2024-03-27 21:00:00,North Macedonia,North Macedonia,MK,360.85,414.01,43.91,36.48,entsoe.eu,false,
2024-03-27 22:00:00,North Macedonia,North Macedonia,MK,356.85,405.98,46.82,36.58,entsoe.eu,false,
2024-03-27 23:00:00,North Macedonia,North Macedonia,MK,389.48,439.46,43.48,31.16,entsoe.eu,false,
2024-03-28 00:00:00,North Macedonia,North Macedonia,MK,416.16,464.19,42.11,27.56,entsoe.eu,false,
2024-03-28 01:00:00,North Macedonia,North Macedonia,MK,466.15,513.62,37.57,20.34,entsoe.eu,false,
2024-03-28 02:00:00,North Macedonia,North Macedonia,MK,490.57,537.65,35.23,17.54,entsoe.eu,false,
2024-03-28 03:00:00,North Macedonia,North Macedonia,MK,531.4,578.6,31.05,11.71,entsoe.eu,false,
2024-03-28 04:00:00,North Macedonia,North Macedonia,MK,550.44,598.62,28.54,11.78,entsoe.eu,false,
2024-03-28 05:00:00,North Macedonia,North Macedonia,MK,546.91,594.46,29.1,13.69,entsoe.eu,false,
2024-03-28 06:00:00,North Macedonia,North Macedonia,MK,456.36,504.56,38.13,28.5,entsoe.eu,false,
2024-03-28 07:00:00,North Macedonia,North Macedonia,MK,416.05,463.08,43.17,37.22,entsoe.eu,false,
2024-03-28 08:00:00,North Macedonia,North Macedonia,MK,393.62,437.18,47.63,40.54,entsoe.eu,false,
2024-03-28 09:00:00,North Macedonia,North Macedonia,MK,360.7,403.99,51.67,45.27,entsoe.eu,false,
2024-03-28 10:00:00,North Macedonia,North Macedonia,MK,348.9,390.6,53.43,46.31,entsoe.eu,false,
2024-03-28 11:00:00,North Macedonia,North Macedonia,MK,360.32,402.58,51.98,44.61,entsoe.eu,false,
2024-03-28 12:00:00,North Macedonia,North Macedonia,MK,367.89,410.52,51.04,42.92,entsoe.eu,false,
2024-03-28 13:00:00,North Macedonia,North Macedonia,MK,411.03,455.74,45.67,34.21,entsoe.eu,false,
2024-03-28 14:00:00,North Macedonia,North Macedonia,MK,494.68,540.6,35.81,19.09,entsoe.eu,false,
2024-03-28 15:00:00,North Macedonia,North Macedonia,MK,547.35,595.13,28.57,18.1,entsoe.eu,false,
2024-03-28 16:00:00,North Macedonia,North Macedonia,MK,444.11,484.42,42.02,34.66,entsoe.eu,false,
2024-03-28 17:00:00,North Macedonia,North Macedonia,MK,437.28,476.85,42.8,37.24,entsoe.eu,false,
2024-03-28 18:00:00,North Macedonia,North Macedonia,MK,433.67,473.01,43.19,38.2,entsoe.eu,false,
2024-03-28 19:00:00,North Macedonia,North Macedonia,MK,442.8,482.91,41.99,36.2,entsoe.eu,false,
2024-03-28 20:00:00,North Macedonia,North Macedonia,MK,523.09,569.11,31.57,22.13,entsoe.eu,false,
2024-03-28 21:00:00,North Macedonia,North Macedonia,MK,507.99,553.35,33.62,23.3,entsoe.eu,false,
2024-03-28 22:00:00,North Macedonia,North Macedonia,MK,519.83,566.2,32.12,20.28,entsoe.eu,false,
2024-03-28 23:00:00,North Macedonia,North Macedonia,MK,516.76,563.38,31.97,18.97,entsoe.eu,false,
2024-03-29 00:00:00,North Macedonia,North Macedonia,MK,537.2,585.31,28.98,15.45,entsoe.eu,false,
2024-03-29 01:00:00,North Macedonia,North Macedonia,MK,547.64,596.4,27.58,14.61,entsoe.eu,false,
2024-03-29 02:00:00,North Macedonia,North Macedonia,MK,540.23,588.71,28.56,14.54,entsoe.eu,false,
2024-03-29 03:00:00,North Macedonia,North Macedonia,MK,544.78,593.37,27.95,15.12,entsoe.eu,false,
2024-03-29 04:00:00,North Macedonia,North Macedonia,MK,567.78,617.35,25.02,14.95,entsoe.eu,false,
2024-03-29 05:00:00,North Macedonia,North Macedonia,MK,502.37,548.36,33.63,20.54,entsoe.eu,false,
2024-03-29 06:00:00,North Macedonia,North Macedonia,MK,442.43,485.88,41.44,25.12,entsoe.eu,false,
2024-03-29 07:00:00,North Macedonia,North Macedonia,MK,374.63,414.97,50.32,32.09,entsoe.eu,false,
2024-03-29 08:00:00,North Macedonia,North Macedonia,MK,377.04,417.97,49.97,32.02,entsoe.eu,false,
2024-03-29 09:00:00,North Macedonia,North Macedonia,MK,397.4,439.4,47.35,29.64,entsoe.eu,false,
2024-03-29 10:00:00,North Macedonia,North Macedonia,MK,399.96,442.34,46.96,28.2,entsoe.eu,false,
2024-03-29 11:00:00,North Macedonia,North Macedonia,MK,388.31,429.52,48.53,30.79,entsoe.eu,false,
2024-03-29 12:00:00,North Macedonia,North Macedonia,MK,378.01,418.84,49.86,30.91,entsoe.eu,false,
2024-03-29 13:00:00,North Macedonia,North Macedonia,MK,411.01,453.3,45.6,27.28,entsoe.eu,false,
2024-03-29 14:00:00,North Macedonia,North Macedonia,MK,482.31,528.15,36.2,21.72,entsoe.eu,false,
2024-03-29 15:00:00,North Macedonia,North Macedonia,MK,538.64,586.48,28.82,18.48,entsoe.eu,false,
2024-03-29 16:00:00,North Macedonia,North Macedonia,MK,514.26,559.36,32.14,24.48,entsoe.eu,false,
2024-03-29 17:00:00,North Macedonia,North Macedonia,MK,480.5,523.01,36.68,32.97,entsoe.eu,false,
2024-03-29 18:00:00,North Macedonia,North Macedonia,MK,466.07,507.81,38.52,33.89,entsoe.eu,false,
2024-03-29 19:00:00,North Macedonia,North Macedonia,MK,482.89,525.66,36.26,31.73,entsoe.eu,false,
2024-03-29 20:00:00,North Macedonia,North Macedonia,MK,514.36,558.63,32.26,29.93,entsoe.eu,false,
2024-03-29 21:00:00,North Macedonia,North Macedonia,MK,499.41,543.55,34.11,25.77,entsoe.eu,false,
2024-03-29 22:00:00,North Macedonia,North Macedonia,MK,489.37,533.34,35.34,24.89,entsoe.eu,false,
2024-03-29 23:00:00,North Macedonia,North Macedonia,MK,516.95,562.56,31.66,22.43,entsoe.eu,false,
2024-03-30 00:00:00,North Macedonia,North Macedonia,MK,563.59,611.81,25.59,18.57,entsoe.eu,false,
2024-03-30 01:00:00,North Macedonia,North Macedonia,MK,600.37,651.2,20.69,14.34,entsoe.eu,false,
2024-03-30 02:00:00,North Macedonia,North Macedonia,MK,629.76,682.76,16.77,9.44,entsoe.eu,false,
2024-03-30 03:00:00,North Macedonia,North Macedonia,MK,640.47,694.08,15.37,8.23,entsoe.eu,false,
2024-03-30 04:00:00,North Macedonia,North Macedonia,MK,645.34,699.31,14.73,6.31,entsoe.eu,false,
2024-03-30 05:00:00,North Macedonia,North Macedonia,MK,603.65,655.56,20.22,8.92,entsoe.eu,false,
2024-03-30 06:00:00,North Macedonia,North Macedonia,MK,478.52,524.21,36.43,17.6,entsoe.eu,false,
2024-03-30 07:00:00,North Macedonia,North Macedonia,MK,430.88,474.67,42.61,22.59,entsoe.eu,false,
2024-03-30 08:00:00,North Macedonia,North Macedonia,MK,413.0,455.83,44.95,27.25,entsoe.eu,false,
2024-03-30 09:00:00,North Macedonia,North Macedonia,MK,405.68,447.98,45.88,28.47,entsoe.eu,false,
2024-03-30 10:00:00,North Macedonia,North Macedonia,MK,413.76,456.67,44.81,26.33,entsoe.eu,false,
2024-03-30 11:00:00,North Macedonia,North Macedonia,MK,398.58,440.72,46.79,26.76,entsoe.eu,false,
2024-03-30 12:00:00,North Macedonia,North Macedonia,MK,398.59,440.79,46.77,25.25,entsoe.eu,false,
2024-03-30 13:00:00,North Macedonia,North Macedonia,MK,411.95,454.59,45.07,24.79,entsoe.eu,false,
2024-03-30 14:00:00,North Macedonia,North Macedonia,MK,410.92,452.35,45.35,28.45,entsoe.eu,false,
2024-03-30 15:00:00,North Macedonia,North Macedonia,MK,475.75,519.72,37.0,25.93,entsoe.eu,false,
2024-03-30 16:00:00,North Macedonia,North Macedonia,MK,506.95,552.06,33.14,23.03,entsoe.eu,false,
2024-03-30 17:00:00,North Macedonia,North Macedonia,MK,516.76,562.31,31.63,21.52,entsoe.eu,false,
2024-03-30 18:00:00,North Macedonia,North Macedonia,MK,485.38,529.16,35.66,23.3,entsoe.eu,false,
2024-03-30 19:00:00,North Macedonia,North Macedonia,MK,502.99,547.9,33.38,21.21,entsoe.eu,false,
2024-03-30 20:00:00,North Macedonia,North Macedonia,MK,503.19,548.48,33.33,19.9,entsoe.eu,false,
2024-03-30 21:00:00,North Macedonia,North Macedonia,MK,490.65,535.6,34.92,19.1,entsoe.eu,false,
2024-03-30 22:00:00,North Macedonia,North Macedonia,MK,500.93,546.65,33.64,16.57,entsoe.eu,false,
2024-03-30 23:00:00,North Macedonia,North Macedonia,MK,496.74,541.89,34.2,18.83,entsoe.eu,false,
2024-03-31 00:00:00,North Macedonia,North Macedonia,MK,585.67,636.01,22.61,12.27,entsoe.eu,false,
2024-03-31 01:00:00,North Macedonia,North Macedonia,MK,596.61,647.59,21.17,11.92,entsoe.eu,false,
2024-03-31 02:00:00,North Macedonia,North Macedonia,MK,642.11,695.98,15.16,6.82,entsoe.eu,false,
2024-03-31 03:00:00,North Macedonia,North Macedonia,MK,626.92,679.9,17.1,6.36,entsoe.eu,false,
2024-03-31 04:00:00,North Macedonia,North Macedonia,MK,632.52,685.86,16.4,4.69,entsoe.eu,false,
2024-03-31 05:00:00,North Macedonia,North Macedonia,MK,549.82,599.1,27.04,9.98,entsoe.eu,false,
2024-03-31 06:00:00,North Macedonia,North Macedonia,MK,463.39,508.73,38.25,18.05,entsoe.eu,false,
2024-03-31 07:00:00,North Macedonia,North Macedonia,MK,402.59,443.25,46.5,30.3,entsoe.eu,false,
2024-03-31 08:00:00,North Macedonia,North Macedonia,MK,365.56,403.2,51.49,37.25,entsoe.eu,false,
2024-03-31 09:00:00,North Macedonia,North Macedonia,MK,406.77,445.82,46.21,36.6,entsoe.eu,false,
2024-03-31 10:00:00,North Macedonia,North Macedonia,MK,482.66,526.57,36.22,26.09,entsoe.eu,false,
2024-03-31 11:00:00,North Macedonia,North Macedonia,MK,507.56,553.36,32.9,21.35,entsoe.eu,false,
2024-03-31 12:00:00,North Macedonia,North Macedonia,MK,468.12,510.66,38.21,30.37,entsoe.eu,false,
2024-03-31 13:00:00,North Macedonia,North Macedonia,MK,464.91,507.82,38.54,27.73,entsoe.eu,false,
2024-03-31 14:00:00,North Macedonia,North Macedonia,MK,539.72,587.21,28.74,18.97,entsoe.eu,false,
2024-03-31 15:00:00,North Macedonia,North Macedonia,MK,536.04,582.69,29.24,21.68,entsoe.eu,false,
2024-03-31 16:00:00,North Macedonia,North Macedonia,MK,562.07,609.63,25.91,21.88,entsoe.eu,false,
2024-03-31 17:00:00,North Macedonia,North Macedonia,MK,547.11,593.63,27.93,25.81,entsoe.eu,false,
2024-03-31 18:00:00,North Macedonia,North Macedonia,MK,525.6,570.71,30.76,28.12,entsoe.eu,false,
2024-03-31 19:00:00,North Macedonia,North Macedonia,MK,536.61,582.7,29.21,23.27,entsoe.eu,false,
2024-03-31 20:00:00,North Macedonia,North Macedonia,MK,537.04,583.52,29.12,21.21,entsoe.eu,false,
2024-03-31 21:00:00,North Macedonia,North Macedonia,MK,567.97,616.47,25.21,16.08,entsoe.eu,false,
2024-03-31 22:00:00,North Macedonia,North Macedonia,MK,519.93,565.25,31.72,21.94,entsoe.eu,false,
2024-03-31 23:00:00,North Macedonia,North Macedonia,MK,580.83,629.97,23.62,15.82,entsoe.eu,false,
2024-04-01 00:00:00,North Macedonia,North Macedonia,MK,650.18,703.78,14.41,7.93,entsoe.eu,false,
2024-04-01 01:00:00,North Macedonia,North Macedonia,MK,639.14,692.09,15.84,9.66,entsoe.eu,false,
2024-04-01 02:00:00,North Macedonia,North Macedonia,MK,682.87,738.61,10.03,6.11,entsoe.eu,false,
2024-04-01 03:00:00,North Macedonia,North Macedonia,MK,689.76,745.95,9.06,6.05,entsoe.eu,false,
2024-04-01 04:00:00,North Macedonia,North Macedonia,MK,684.89,740.72,9.74,7.28,entsoe.eu,false,
2024-04-01 05:00:00,North Macedonia,North Macedonia,MK,668.78,723.65,11.9,8.65,entsoe.eu,false,
2024-04-01 06:00:00,North Macedonia,North Macedonia,MK,678.09,733.56,10.79,6.12,entsoe.eu,false,
2024-04-01 07:00:00,North Macedonia,North Macedonia,MK,499.13,545.66,34.38,16.91,entsoe.eu,false,
2024-04-01 08:00:00,North Macedonia,North Macedonia,MK,389.66,432.13,49.16,31.4,entsoe.eu,false,
2024-04-01 09:00:00,North Macedonia,North Macedonia,MK,397.32,440.68,48.0,33.6,entsoe.eu,false,
2024-04-01 10:00:00,North Macedonia,North Macedonia,MK,490.69,538.35,35.59,28.17,entsoe.eu,false,
2024-04-01 11:00:00,North Macedonia,North Macedonia,MK,558.17,606.18,26.53,21.23,entsoe.eu,false,
2024-04-01 12:00:00,North Macedonia,North Macedonia,MK,617.93,669.52,18.62,15.4,entsoe.eu,false,
2024-04-01 13:00:00,North Macedonia,North Macedonia,MK,665.66,720.51,12.29,9.25,entsoe.eu,false,
2024-04-01 14:00:00,North Macedonia,North Macedonia,MK,645.46,698.9,14.93,12.45,entsoe.eu,false,
2024-04-01 15:00:00,North Macedonia,North Macedonia,MK,569.37,618.1,24.94,19.27,entsoe.eu,false,
2024-04-01 16:00:00,North Macedonia,North Macedonia,MK,508.88,553.27,32.94,28.68,entsoe.eu,false,
2024-04-01 17:00:00,North Macedonia,North Macedonia,MK,494.68,537.84,34.9,29.39,entsoe.eu,false,
2024-04-01 18:00:00,North Macedonia,North Macedonia,MK,495.35,538.56,34.83,28.12,entsoe.eu,false,
2024-04-01 19:00:00,North Macedonia,North Macedonia,MK,509.37,553.61,33.0,25.68,entsoe.eu,false,
2024-04-01 20:00:00,North Macedonia,North Macedonia,MK,522.2,568.09,31.28,20.06,entsoe.eu,false,
2024-04-01 21:00:00,North Macedonia,North Macedonia,MK,527.95,574.24,30.54,18.52,entsoe.eu,false,
2024-04-01 22:00:00,North Macedonia,North Macedonia,MK,523.33,569.58,31.19,16.59,entsoe.eu,false,
2024-04-01 23:00:00,North Macedonia,North Macedonia,MK,584.37,634.49,23.11,9.97,entsoe.eu,false,
2024-04-02 00:00:00,North Macedonia,North Macedonia,MK,606.53,657.96,20.17,8.22,entsoe.eu,false,
2024-04-02 01:00:00,North Macedonia,North Macedonia,MK,618.8,670.99,18.5,8.21,entsoe.eu,false,
2024-04-02 02:00:00,North Macedonia,North Macedonia,MK,630.95,683.85,16.9,7.33,entsoe.eu,false,
2024-04-02 03:00:00,North Macedonia,North Macedonia,MK,610.91,662.57,19.57,8.06,entsoe.eu,false,
2024-04-02 04:00:00,North Macedonia,North Macedonia,MK,595.53,646.14,21.58,10.45,entsoe.eu,false,
2024-04-02 05:00:00,North Macedonia,North Macedonia,MK,513.36,559.04,32.5,19.28,entsoe.eu,false,
2024-04-02 06:00:00,North Macedonia,North Macedonia,MK,448.34,490.8,40.98,23.9,entsoe.eu,false,
2024-04-02 07:00:00,North Macedonia,North Macedonia,MK,441.61,484.86,41.84,23.4,entsoe.eu,false,
2024-04-02 08:00:00,North Macedonia,North Macedonia,MK,435.0,478.78,42.84,30.05,entsoe.eu,false,
2024-04-02 09:00:00,North Macedonia,North Macedonia,MK,440.44,484.64,42.11,29.83,entsoe.eu,false,
2024-04-02 10:00:00,North Macedonia,North Macedonia,MK,490.0,535.99,35.54,20.84,entsoe.eu,false,
2024-04-02 11:00:00,North Macedonia,North Macedonia,MK,482.06,527.6,36.57,20.7,entsoe.eu,false,
2024-04-02 12:00:00,North Macedonia,North Macedonia,MK,493.72,539.69,35.03,19.38,entsoe.eu,false,
2024-04-02 13:00:00,North Macedonia,North Macedonia,MK,457.86,501.62,39.79,23.95,entsoe.eu,false,
2024-04-02 14:00:00,North Macedonia,North Macedonia,MK,474.28,518.55,37.7,21.47,entsoe.eu,false,
2024-04-02 15:00:00,North Macedonia,North Macedonia,MK,448.25,489.78,41.22,27.87,entsoe.eu,false,
2024-04-02 16:00:00,North Macedonia,North Macedonia,MK,427.03,468.52,43.94,32.27,entsoe.eu,false,
2024-04-02 17:00:00,North Macedonia,North Macedonia,MK,359.3,397.6,52.23,43.71,entsoe.eu,false,
2024-04-02 18:00:00,North Macedonia,North Macedonia,MK,351.41,391.86,52.61,45.19,entsoe.eu,false,
2024-04-02 19:00:00,North Macedonia,North Macedonia,MK,412.49,456.44,44.31,34.88,entsoe.eu,false,
2024-04-02 20:00:00,North Macedonia,North Macedonia,MK,444.15,485.2,41.52,25.34,entsoe.eu,false,
2024-04-02 21:00:00,North Macedonia,North Macedonia,MK,487.07,530.74,35.93,20.85,entsoe.eu,false,
2024-04-02 22:00:00,North Macedonia,North Macedonia,MK,497.05,541.85,34.6,14.2,entsoe.eu,false,
2024-04-02 23:00:00,North Macedonia,North Macedonia,MK,511.74,557.43,32.59,12.97,entsoe.eu,false,
2024-04-03 00:00:00,North Macedonia,North Macedonia,MK,541.63,588.99,28.72,12.52,entsoe.eu,false,
2024-04-03 01:00:00,North Macedonia,North Macedonia,MK,569.17,618.15,25.15,10.86,entsoe.eu,false,
2024-04-03 02:00:00,North Macedonia,North Macedonia,MK,594.96,645.49,21.8,8.12,entsoe.eu,false,
2024-04-03 03:00:00,North Macedonia,North Macedonia,MK,575.74,625.13,24.5,9.71,entsoe.eu,false,
2024-04-03 04:00:00,North Macedonia,North Macedonia,MK,567.65,619.32,24.36,13.98,entsoe.eu,false,
2024-04-03 05:00:00,North Macedonia,North Macedonia,MK,458.34,510.01,37.23,27.96,entsoe.eu,false,
2024-04-03 06:00:00,North Macedonia,North Macedonia,MK,400.96,448.18,45.75,37.41,entsoe.eu,false,
2024-04-03 07:00:00,North Macedonia,North Macedonia,MK,387.7,430.72,49.17,38.05,entsoe.eu,false,
2024-04-03 08:00:00,North Macedonia,North Macedonia,MK,361.06,403.84,52.57,43.01,entsoe.eu,false,
2024-04-03 09:00:00,North Macedonia,North Macedonia,MK,380.94,424.19,49.62,39.4,entsoe.eu,false,
2024-04-03 10:00:00,North Macedonia,North Macedonia,MK,396.75,441.11,47.4,36.46,entsoe.eu,false,
2024-04-03 11:00:00,North Macedonia,North Macedonia,MK,359.53,402.22,52.15,41.6,entsoe.eu,false,
2024-04-03 12:00:00,North Macedonia,North Macedonia,MK,362.49,406.56,51.16,41.24,entsoe.eu,false,
2024-04-03 13:00:00,North Macedonia,North Macedonia,MK,400.77,447.27,45.7,33.81,entsoe.eu,false,
2024-04-03 14:00:00,North Macedonia,North Macedonia,MK,436.45,484.43,40.79,27.94,entsoe.eu,false,
2024-04-03 15:00:00,North Macedonia,North Macedonia,MK,493.2,548.15,32.17,23.99,entsoe.eu,false,
2024-04-03 16:00:00,North Macedonia,North Macedonia,MK,460.44,513.26,35.88,31.34,entsoe.eu,false,
2024-04-03 17:00:00,North Macedonia,North Macedonia,MK,444.12,496.44,37.15,34.67,entsoe.eu,false,
2024-04-03 18:00:00,North Macedonia,North Macedonia,MK,434.89,489.0,37.35,34.77,entsoe.eu,false,
2024-04-03 19:00:00,North Macedonia,North Macedonia,MK,456.83,509.79,35.08,29.03,entsoe.eu,false,
2024-04-03 20:00:00,North Macedonia,North Macedonia,MK,465.0,513.92,35.77,25.41,entsoe.eu,false,
2024-04-03 21:00:00,North Macedonia,North Macedonia,MK,533.78,579.91,30.29,19.7,entsoe.eu,false,
2024-04-03 22:00:00,North Macedonia,North Macedonia,MK,616.69,668.45,19.51,8.22,entsoe.eu,false,
2024-04-03 23:00:00,North Macedonia,North Macedonia,MK,657.19,711.36,14.01,5.29,entsoe.eu,false,
2024-04-04 00:00:00,North Macedonia,North Macedonia,MK,681.58,737.3,10.48,3.65,entsoe.eu,false,
2024-04-04 01:00:00,North Macedonia,North Macedonia,MK,676.26,731.71,11.18,4.06,entsoe.eu,false,
2024-04-04 02:00:00,North Macedonia,North Macedonia,MK,677.87,733.44,10.92,4.74,entsoe.eu,false,
2024-04-04 03:00:00,North Macedonia,North Macedonia,MK,695.67,752.11,8.57,3.52,entsoe.eu,false,
2024-04-04 04:00:00,North Macedonia,North Macedonia,MK,694.42,753.89,7.1,4.3,entsoe.eu,false,
2024-04-04 05:00:00,North Macedonia,North Macedonia,MK,504.98,564.65,27.75,27.75,entsoe.eu,false,
2024-04-04 06:00:00,North Macedonia,North Macedonia,MK,448.08,498.04,38.64,35.65,entsoe.eu,false,
2024-04-04 07:00:00,North Macedonia,North Macedonia,MK,422.87,469.89,43.66,37.99,entsoe.eu,false,
2024-04-04 08:00:00,North Macedonia,North Macedonia,MK,393.36,438.14,48.32,42.37,entsoe.eu,false,
2024-04-04 09:00:00,North Macedonia,North Macedonia,MK,391.73,435.78,48.35,42.0,entsoe.eu,false,
2024-04-04 10:00:00,North Macedonia,North Macedonia,MK,406.72,451.47,46.21,40.76,entsoe.eu,false,
2024-04-04 11:00:00,North Macedonia,North Macedonia,MK,392.9,437.69,47.86,43.23,entsoe.eu,false,
2024-04-04 12:00:00,North Macedonia,North Macedonia,MK,428.79,475.0,43.17,39.44,entsoe.eu,false,
2024-04-04 13:00:00,North Macedonia,North Macedonia,MK,481.71,530.48,35.75,30.48,entsoe.eu,false,
2024-04-04 14:00:00,North Macedonia,North Macedonia,MK,550.54,600.12,27.01,21.84,entsoe.eu,false,
2024-04-04 15:00:00,North Macedonia,North Macedonia,MK,597.32,647.43,21.54,16.38,entsoe.eu,false,
2024-04-04 16:00:00,North Macedonia,North Macedonia,MK,491.76,544.43,32.21,29.04,entsoe.eu,false,
2024-04-04 17:00:00,North Macedonia,North Macedonia,MK,459.68,515.63,34.2,32.66,entsoe.eu,false,
2024-04-04 18:00:00,North Macedonia,North Macedonia,MK,436.91,482.7,40.14,36.5,entsoe.eu,false,
2024-04-04 19:00:00,North Macedonia,North Macedonia,MK,482.85,525.78,36.55,28.8,entsoe.eu,false,
2024-04-04 20:00:00,North Macedonia,North Macedonia,MK,500.37,544.54,34.45,22.88,entsoe.eu,false,
2024-04-04 21:00:00,North Macedonia,North Macedonia,MK,509.64,554.34,33.25,23.23,entsoe.eu,false,
2024-04-04 22:00:00,North Macedonia,North Macedonia,MK,561.0,609.69,26.71,9.89,entsoe.eu,false,
2024-04-04 23:00:00,North Macedonia,North Macedonia,MK,601.84,652.97,21.19,7.9,entsoe.eu,false,
2024-04-05 00:00:00,North Macedonia,North Macedonia,MK,609.27,660.86,20.15,7.6,entsoe.eu,false,
2024-04-05 01:00:00,North Macedonia,North Macedonia,MK,603.56,654.85,20.9,8.17,entsoe.eu,false,
2024-04-05 02:00:00,North Macedonia,North Macedonia,MK,614.93,666.9,19.32,8.37,entsoe.eu,false,
2024-04-05 03:00:00,North Macedonia,North Macedonia,MK,622.6,674.78,18.38,8.03,entsoe.eu,false,
2024-04-05 04:00:00,North Macedonia,North Macedonia,MK,585.99,635.85,23.23,11.6,entsoe.eu,false,
2024-04-05 05:00:00,North Macedonia,North Macedonia,MK,444.33,485.55,41.89,29.82,entsoe.eu,false,
2024-04-05 06:00:00,North Macedonia,North Macedonia,MK,447.17,489.48,41.49,27.94,entsoe.eu,false,
2024-04-05 07:00:00,North Macedonia,North Macedonia,MK,465.69,510.1,39.37,23.82,entsoe.eu,false,
2024-04-05 08:00:00,North Macedonia,North Macedonia,MK,464.59,509.48,39.24,25.71,entsoe.eu,false,
2024-04-05 09:00:00,North Macedonia,North Macedonia,MK,473.5,518.98,38.02,23.74,entsoe.eu,false,
2024-04-05 10:00:00,North Macedonia,North Macedonia,MK,516.93,564.46,32.23,20.33,entsoe.eu,false,
2024-04-05 11:00:00,North Macedonia,North Macedonia,MK,533.76,582.15,30.03,17.62,entsoe.eu,false,
2024-04-05 12:00:00,North Macedonia,North Macedonia,MK,542.46,590.71,28.87,17.7,entsoe.eu,false,
2024-04-05 13:00:00,North Macedonia,North Macedonia,MK,524.28,571.84,31.37,15.83,entsoe.eu,false,
2024-04-05 14:00:00,North Macedonia,North Macedonia,MK,537.66,585.62,29.58,15.24,entsoe.eu,false,
2024-04-05 15:00:00,North Macedonia,North Macedonia,MK,563.97,612.8,26.03,15.63,entsoe.eu,false,
2024-04-05 16:00:00,North Macedonia,North Macedonia,MK,480.11,522.82,37.03,29.51,entsoe.eu,false,
2024-04-05 17:00:00,North Macedonia,North Macedonia,MK,477.52,519.73,37.26,32.41,entsoe.eu,false,
2024-04-05 18:00:00,North Macedonia,North Macedonia,MK,472.34,514.27,37.99,31.72,entsoe.eu,false,
2024-04-05 19:00:00,North Macedonia,North Macedonia,MK,486.97,529.96,36.23,27.5,entsoe.eu,false,
2024-04-05 20:00:00,North Macedonia,North Macedonia,MK,510.03,555.04,33.26,19.87,entsoe.eu,false,
2024-04-05 21:00:00,North Macedonia,North Macedonia,MK,526.16,572.37,31.18,16.89,entsoe.eu,false,
2024-04-05 22:00:00,North Macedonia,North Macedonia,MK,567.19,616.4,25.72,11.2,entsoe.eu,false,
2024-04-05 23:00:00,North Macedonia,North Macedonia,MK,599.07,650.38,21.26,7.35,entsoe.eu,false,
2024-04-06 00:00:00,North Macedonia,North Macedonia,MK,609.12,661.08,19.81,6.62,entsoe.eu,false,
2024-04-06 01:00:00,North Macedonia,North Macedonia,MK,605.48,657.28,20.29,6.9,entsoe.eu,false,
2024-04-06 02:00:00,North Macedonia,North Macedonia,MK,602.91,654.44,20.67,7.39,entsoe.eu,false,
2024-04-06 03:00:00,North Macedonia,North Macedonia,MK,596.37,647.42,21.52,7.83,entsoe.eu,false,
2024-04-06 04:00:00,North Macedonia,North Macedonia,MK,541.4,589.27,28.67,10.72,entsoe.eu,false,
2024-04-06 05:00:00,North Macedonia,North Macedonia,MK,491.22,536.57,35.21,15.55,entsoe.eu,false,
2024-04-06 06:00:00,North Macedonia,North Macedonia,MK,408.43,449.86,46.04,22.21,entsoe.eu,false,
2024-04-06 07:00:00,North Macedonia,North Macedonia,MK,378.88,419.6,49.98,28.4,entsoe.eu,false,
2024-04-06 08:00:00,North Macedonia,North Macedonia,MK,404.01,446.2,46.69,27.2,entsoe.eu,false,
2024-04-06 09:00:00,North Macedonia,North Macedonia,MK,495.76,542.57,34.65,19.65,entsoe.eu,false,
2024-04-06 10:00:00,North Macedonia,North Macedonia,MK,560.79,610.65,26.12,13.55,entsoe.eu,false,
2024-04-06 11:00:00,North Macedonia,North Macedonia,MK,523.45,570.38,31.03,20.11,entsoe.eu,false,
2024-04-06 12:00:00,North Macedonia,North Macedonia,MK,522.93,569.92,31.09,19.64,entsoe.eu,false,
2024-04-06 13:00:00,North Macedonia,North Macedonia,MK,578.36,629.19,23.78,11.54,entsoe.eu,false,
2024-04-06 14:00:00,North Macedonia,North Macedonia,MK,593.81,645.07,21.76,11.68,entsoe.eu,false,
2024-04-06 15:00:00,North Macedonia,North Macedonia,MK,519.1,565.75,31.67,17.38,entsoe.eu,false,
2024-04-06 16:00:00,North Macedonia,North Macedonia,MK,493.59,537.74,35.48,21.84,entsoe.eu,false,
2024-04-06 17:00:00,North Macedonia,North Macedonia,MK,476.51,519.12,37.48,25.91,entsoe.eu,false,
2024-04-06 18:00:00,North Macedonia,North Macedonia,MK,419.04,458.36,44.96,28.88,entsoe.eu,false,
2024-04-06 19:00:00,North Macedonia,North Macedonia,MK,447.92,488.99,41.24,27.1,entsoe.eu,false,
2024-04-06 20:00:00,North Macedonia,North Macedonia,MK,493.68,538.03,35.31,19.24,entsoe.eu,false,
2024-04-06 21:00:00,North Macedonia,North Macedonia,MK,516.97,562.71,32.32,18.96,entsoe.eu,false,
2024-04-06 22:00:00,North Macedonia,North Macedonia,MK,524.93,571.64,31.15,14.75,entsoe.eu,false,
2024-04-06 23:00:00,North Macedonia,North Macedonia,MK,549.37,597.91,27.69,12.37,entsoe.eu,false,
2024-04-07 00:00:00,North Macedonia,North Macedonia,MK,582.53,633.04,23.29,11.44,entsoe.eu,false,
2024-04-07 01:00:00,North Macedonia,North Macedonia,MK,574.55,624.52,24.37,11.12,entsoe.eu,false,
2024-04-07 02:00:00,North Macedonia,North Macedonia,MK,546.63,595.01,28.06,11.47,entsoe.eu,false,
2024-04-07 03:00:00,North Macedonia,North Macedonia,MK,542.75,590.84,28.55,11.75,entsoe.eu,false,
2024-04-07 04:00:00,North Macedonia,North Macedonia,MK,538.42,586.26,29.12,13.07,entsoe.eu,false,
2024-04-07 05:00:00,North Macedonia,North Macedonia,MK,490.27,535.63,35.45,15.95,entsoe.eu,false,
2024-04-07 06:00:00,North Macedonia,North Macedonia,MK,428.11,470.39,43.59,20.92,entsoe.eu,false,
2024-04-07 07:00:00,North Macedonia,North Macedonia,MK,421.15,463.51,44.49,22.26,entsoe.eu,false,
2024-04-07 08:00:00,North Macedonia,North Macedonia,MK,436.55,479.69,42.47,20.99,entsoe.eu,false,
2024-04-07 09:00:00,North Macedonia,North Macedonia,MK,434.09,476.21,42.84,25.35,entsoe.eu,false,
2024-04-07 10:00:00,North Macedonia,North Macedonia,MK,455.08,497.49,40.1,28.04,entsoe.eu,false,
2024-04-07 11:00:00,North Macedonia,North Macedonia,MK,438.27,479.19,42.32,32.96,entsoe.eu,false,
2024-04-07 12:00:00,North Macedonia,North Macedonia,MK,451.92,493.74,40.51,31.14,entsoe.eu,false,
2024-04-07 13:00:00,North Macedonia,North Macedonia,MK,478.86,522.71,36.94,26.35,entsoe.eu,false,
2024-04-07 14:00:00,North Macedonia,North Macedonia,MK,523.13,569.57,31.16,21.44,entsoe.eu,false,
2024-04-07 15:00:00,North Macedonia,North Macedonia,MK,487.12,531.44,36.0,22.52,entsoe.eu,false,
2024-04-07 16:00:00,North Macedonia,North Macedonia,MK,428.43,468.79,43.63,31.29,entsoe.eu,false,
2024-04-07 17:00:00,North Macedonia,North Macedonia,MK,366.98,409.88,49.75,41.17,entsoe.eu,false,
2024-04-07 18:00:00,North Macedonia,North Macedonia,MK,365.56,409.2,49.92,39.72,entsoe.eu,false,
2024-04-07 19:00:00,North Macedonia,North Macedonia,MK,377.77,420.88,48.56,36.81,entsoe.eu,false,
2024-04-07 20:00:00,North Macedonia,North Macedonia,MK,399.23,444.33,44.78,33.02,entsoe.eu,false,
2024-04-07 21:00:00,North Macedonia,North Macedonia,MK,416.54,463.53,41.48,29.69,entsoe.eu,false,
2024-04-07 22:00:00,North Macedonia,North Macedonia,MK,392.93,439.75,44.01,32.52,entsoe.eu,false,
2024-04-07 23:00:00,North Macedonia,North Macedonia,MK,403.82,449.73,43.59,32.74,entsoe.eu,false,
2024-04-08 00:00:00,North Macedonia,North Macedonia,MK,435.78,482.28,40.01,31.31,entsoe.eu,false,
2024-04-08 01:00:00,North Macedonia,North Macedonia,MK,456.89,504.04,37.57,28.2,entsoe.eu,false,
2024-04-08 02:00:00,North Macedonia,North Macedonia,MK,565.05,616.0,24.83,12.12,entsoe.eu,false,
2024-04-08 03:00:00,North Macedonia,North Macedonia,MK,592.0,643.81,21.91,9.94,entsoe.eu,false,
2024-04-08 04:00:00,North Macedonia,North Macedonia,MK,418.02,461.8,43.69,37.34,entsoe.eu,false,
2024-04-08 05:00:00,North Macedonia,North Macedonia,MK,353.36,394.98,51.98,45.72,entsoe.eu,false,
2024-04-08 06:00:00,North Macedonia,North Macedonia,MK,344.31,383.84,53.97,46.84,entsoe.eu,false,
2024-04-08 07:00:00,North Macedonia,North Macedonia,MK,360.35,400.87,52.18,43.26,entsoe.eu,false,
2024-04-08 08:00:00,North Macedonia,North Macedonia,MK,351.8,392.28,53.27,44.57,entsoe.eu,false,
2024-04-08 09:00:00,North Macedonia,North Macedonia,MK,366.33,407.7,51.35,43.26,entsoe.eu,false,
2024-04-08 10:00:00,North Macedonia,North Macedonia,MK,366.69,408.21,51.25,43.39,entsoe.eu,false,
2024-04-08 11:00:00,North Macedonia,North Macedonia,MK,351.46,392.33,53.29,44.66,entsoe.eu,false,
2024-04-08 12:00:00,North Macedonia,North Macedonia,MK,355.81,397.08,52.43,43.73,entsoe.eu,false,
2024-04-08 13:00:00,North Macedonia,North Macedonia,MK,344.18,384.93,53.68,45.76,entsoe.eu,false,
2024-04-08 14:00:00,North Macedonia,North Macedonia,MK,370.58,411.96,50.26,41.01,entsoe.eu,false,
2024-04-08 15:00:00,North Macedonia,North Macedonia,MK,405.22,446.72,45.97,37.76,entsoe.eu,false,
2024-04-08 16:00:00,North Macedonia,North Macedonia,MK,350.35,392.88,51.58,47.61,entsoe.eu,false,
2024-04-08 17:00:00,North Macedonia,North Macedonia,MK,359.67,405.21,48.75,47.21,entsoe.eu,false,
2024-04-08 18:00:00,North Macedonia,North Macedonia,MK,344.82,390.02,50.55,47.41,entsoe.eu,false,
2024-04-08 19:00:00,North Macedonia,North Macedonia,MK,368.09,414.43,47.41,44.01,entsoe.eu,false,
2024-04-08 20:00:00,North Macedonia,North Macedonia,MK,395.09,436.98,46.01,37.33,entsoe.eu,false,
2024-04-08 21:00:00,North Macedonia,North Macedonia,MK,420.02,461.66,43.62,32.26,entsoe.eu,false,
2024-04-08 22:00:00,North Macedonia,North Macedonia,MK,429.37,473.95,41.6,28.24,entsoe.eu,false,
2024-04-08 23:00:00,North Macedonia,North Macedonia,MK,541.5,589.3,28.52,10.08,entsoe.eu,false,
2024-04-09 00:00:00,North Macedonia,North Macedonia,MK,616.4,668.66,18.71,3.73,entsoe.eu,false,
2024-04-09 01:00:00,North Macedonia,North Macedonia,MK,636.25,689.8,16.02,3.57,entsoe.eu,false,
2024-04-09 02:00:00,North Macedonia,North Macedonia,MK,649.77,703.78,14.45,3.1,entsoe.eu,false,
2024-04-09 03:00:00,North Macedonia,North Macedonia,MK,707.26,764.38,6.93,1.59,entsoe.eu,false,
2024-04-09 04:00:00,North Macedonia,North Macedonia,MK,624.25,676.48,17.94,8.2,entsoe.eu,false,
2024-04-09 05:00:00,North Macedonia,North Macedonia,MK,382.14,425.38,47.75,32.9,entsoe.eu,false,
2024-04-09 06:00:00,North Macedonia,North Macedonia,MK,358.61,399.22,52.31,35.35,entsoe.eu,false,
2024-04-09 07:00:00,North Macedonia,North Macedonia,MK,360.93,401.24,52.51,33.71,entsoe.eu,false,
2024-04-09 08:00:00,North Macedonia,North Macedonia,MK,343.76,384.08,54.44,38.65,entsoe.eu,false,
2024-04-09 09:00:00,North Macedonia,North Macedonia,MK,351.19,392.14,53.34,39.82,entsoe.eu,false,
2024-04-09 10:00:00,North Macedonia,North Macedonia,MK,339.06,379.64,54.85,41.7,entsoe.eu,false,
2024-04-09 11:00:00,North Macedonia,North Macedonia,MK,348.29,389.23,53.75,38.81,entsoe.eu,false,
2024-04-09 12:00:00,North Macedonia,North Macedonia,MK,350.37,391.36,53.53,38.31,entsoe.eu,false,
2024-04-09 13:00:00,North Macedonia,North Macedonia,MK,401.31,443.56,47.29,30.44,entsoe.eu,false,
2024-04-09 14:00:00,North Macedonia,North Macedonia,MK,422.82,465.19,44.76,26.41,entsoe.eu,false,
2024-04-09 15:00:00,North Macedonia,North Macedonia,MK,462.51,505.48,39.58,25.67,entsoe.eu,false,
2024-04-09 16:00:00,North Macedonia,North Macedonia,MK,468.45,510.57,38.69,27.17,entsoe.eu,false,
2024-04-09 17:00:00,North Macedonia,North Macedonia,MK,445.27,485.69,41.6,33.48,entsoe.eu,false,
2024-04-09 18:00:00,North Macedonia,North Macedonia,MK,461.63,502.96,39.44,31.38,entsoe.eu,false,
2024-04-09 19:00:00,North Macedonia,North Macedonia,MK,486.6,529.61,36.3,26.15,entsoe.eu,false,
2024-04-09 20:00:00,North Macedonia,North Macedonia,MK,488.18,531.65,36.26,22.88,entsoe.eu,false,
2024-04-09 21:00:00,North Macedonia,North Macedonia,MK,506.59,551.63,33.71,18.63,entsoe.eu,false,
2024-04-09 22:00:00,North Macedonia,North Macedonia,MK,515.65,561.37,32.52,17.44,entsoe.eu,false,
2024-04-09 23:00:00,North Macedonia,North Macedonia,MK,582.7,632.69,23.67,9.49,entsoe.eu,false,
2024-04-10 00:00:00,North Macedonia,North Macedonia,MK,597.62,648.49,21.69,8.15,entsoe.eu,false,
2024-04-10 01:00:00,North Macedonia,North Macedonia,MK,615.84,667.84,19.29,5.37,entsoe.eu,false,
2024-04-10 02:00:00,North Macedonia,North Macedonia,MK,620.68,672.9,18.66,5.04,entsoe.eu,false,
2024-04-10 03:00:00,North Macedonia,North Macedonia,MK,616.87,668.7,19.09,7.91,entsoe.eu,false,
2024-04-10 04:00:00,North Macedonia,North Macedonia,MK,529.63,576.04,30.59,17.17,entsoe.eu,false,
2024-04-10 05:00:00,North Macedonia,North Macedonia,MK,405.12,444.81,47.11,27.78,entsoe.eu,false,
2024-04-10 06:00:00,North Macedonia,North Macedonia,MK,363.61,401.97,52.55,31.44,entsoe.eu,false,
2024-04-10 07:00:00,North Macedonia,North Macedonia,MK,367.74,407.28,51.97,31.69,entsoe.eu,false,
2024-04-10 08:00:00,North Macedonia,North Macedonia,MK,366.48,406.25,52.09,33.0,entsoe.eu,false,
2024-04-10 09:00:00,North Macedonia,North Macedonia,MK,370.68,410.95,51.57,32.63,entsoe.eu,false,
2024-04-10 10:00:00,North Macedonia,North Macedonia,MK,373.27,413.68,51.28,32.53,entsoe.eu,false,
2024-04-10 11:00:00,North Macedonia,North Macedonia,MK,368.31,408.54,51.89,33.5,entsoe.eu,false,
2024-04-10 12:00:00,North Macedonia,North Macedonia,MK,371.8,411.63,51.49,33.2,entsoe.eu,false,
2024-04-10 13:00:00,North Macedonia,North Macedonia,MK,407.9,450.19,46.81,25.86,entsoe.eu,true,ESTIMATED_TIME_SLICER_AVERAGE
2024-04-10 14:00:00,North Macedonia,North Macedonia,MK,408.01,450.01,46.82,24.8,entsoe.eu,false,
2024-04-10 15:00:00,North Macedonia,North Macedonia,MK,465.02,508.38,39.21,22.5,entsoe.eu,false,
2024-04-10 16:00:00,North Macedonia,North Macedonia,MK,479.74,522.74,37.12,26.58,entsoe.eu,false,
2024-04-10 17:00:00,North Macedonia,North Macedonia,MK,464.8,507.33,38.32,35.9,entsoe.eu,false,
2024-04-10 18:00:00,North Macedonia,North Macedonia,MK,474.54,516.42,37.59,34.84,entsoe.eu,false,
2024-04-10 19:00:00,North Macedonia,North Macedonia,MK,477.43,519.66,37.19,33.22,entsoe.eu,false,
2024-04-10 20:00:00,North Macedonia,North Macedonia,MK,515.21,560.28,32.43,22.32,entsoe.eu,false,
2024-04-10 21:00:00,North Macedonia,North Macedonia,MK,532.33,578.49,30.23,18.68,entsoe.eu,false,
2024-04-10 22:00:00,North Macedonia,North Macedonia,MK,590.69,640.79,22.58,9.84,entsoe.eu,false,
2024-04-10 23:00:00,North Macedonia,North Macedonia,MK,608.78,660.13,20.24,6.83,entsoe.eu,false,
2024-04-11 00:00:00,North Macedonia,North Macedonia,MK,617.64,669.65,19.1,4.13,entsoe.eu,false,
2024-04-11 01:00:00,North Macedonia,North Macedonia,MK,605.81,657.24,20.66,4.94,entsoe.eu,false,
2024-04-11 02:00:00,North Macedonia,North Macedonia,MK,603.36,654.63,20.97,5.52,entsoe.eu,false,
2024-04-11 03:00:00,North Macedonia,North Macedonia,MK,572.1,621.5,25.08,9.42,entsoe.eu,false,
2024-04-11 04:00:00,North Macedonia,North Macedonia,MK,519.2,565.41,32.06,14.79,entsoe.eu,false,
2024-04-11 05:00:00,North Macedonia,North Macedonia,MK,365.58,403.44,52.38,31.16,entsoe.eu,false,
2024-04-11 06:00:00,North Macedonia,North Macedonia,MK,349.22,387.08,54.57,34.18,entsoe.eu,false,
2024-04-11 07:00:00,North Macedonia,North Macedonia,MK,328.02,366.55,56.97,38.01,entsoe.eu,false,
2024-04-11 08:00:00,North Macedonia,North Macedonia,MK,343.04,382.95,54.77,37.82,entsoe.eu,false,
2024-04-11 09:00:00,North Macedonia,North Macedonia,MK,345.77,386.0,54.45,37.07,entsoe.eu,false,
2024-04-11 10:00:00,North Macedonia,North Macedonia,MK,405.64,447.9,47.07,26.04,entsoe.eu,false,
2024-04-11 11:00:00,North Macedonia,North Macedonia,MK,371.8,413.19,51.17,32.13,entsoe.eu,false,
2024-04-11 12:00:00,North Macedonia,North Macedonia,MK,379.21,421.06,50.14,31.64,entsoe.eu,false,
2024-04-11 13:00:00,North Macedonia,North Macedonia,MK,384.84,426.82,49.4,30.33,entsoe.eu,false,
2024-04-11 14:00:00,North Macedonia,North Macedonia,MK,404.51,446.72,47.12,25.59,entsoe.eu,false,
2024-04-11 15:00:00,North Macedonia,North Macedonia,MK,429.66,471.18,43.89,25.67,entsoe.eu,false,
2024-04-11 16:00:00,North Macedonia,North Macedonia,MK,373.49,418.45,48.34,38.1,entsoe.eu,false,
2024-04-11 17:00:00,North Macedonia,North Macedonia,MK,365.78,411.98,48.08,41.28,entsoe.eu,false,
2024-04-11 18:00:00,North Macedonia,North Macedonia,MK,343.95,391.19,49.79,46.95,entsoe.eu,false,
2024-04-11 19:00:00,North Macedonia,North Macedonia,MK,341.67,387.0,50.95,46.27,entsoe.eu,false,
2024-04-11 20:00:00,North Macedonia,North Macedonia,MK,348.89,394.5,49.62,42.57,entsoe.eu,false,
2024-04-11 21:00:00,North Macedonia,North Macedonia,MK,373.23,418.39,47.46,36.52,entsoe.eu,false,
2024-04-11 22:00:00,North Macedonia,North Macedonia,MK,390.66,440.5,43.72,33.39,entsoe.eu,false,
2024-04-11 23:00:00,North Macedonia,North Macedonia,MK,424.18,472.96,40.12,27.3,entsoe.eu,false,
2024-04-12 00:00:00,North Macedonia,North Macedonia,MK,428.19,475.0,40.33,27.89,entsoe.eu,false,
2024-04-12 01:00:00,North Macedonia,North Macedonia,MK,439.5,485.5,39.62,27.76,entsoe.eu,false,
2024-04-12 02:00:00,North Macedonia,North Macedonia,MK,514.89,561.6,31.86,16.29,entsoe.eu,false,
2024-04-12 03:00:00,North Macedonia,North Macedonia,MK,480.26,526.61,35.35,25.52,entsoe.eu,false,
2024-04-12 04:00:00,North Macedonia,North Macedonia,MK,479.5,522.99,36.86,24.04,entsoe.eu,false,
2024-04-12 05:00:00,North Macedonia,North Macedonia,MK,390.43,430.16,48.24,32.58,entsoe.eu,false,
2024-04-12 06:00:00,North Macedonia,North Macedonia,MK,312.37,349.53,58.35,42.2,entsoe.eu,false,
2024-04-12 07:00:00,North Macedonia,North Macedonia,MK,305.46,342.75,59.29,44.74,entsoe.eu,false,
2024-04-12 08:00:00,North Macedonia,North Macedonia,MK,293.65,331.26,60.58,47.38,entsoe.eu,false,
2024-04-12 09:00:00,North Macedonia,North Macedonia,MK,333.1,372.46,55.58,39.21,entsoe.eu,false,
2024-04-12 10:00:00,North Macedonia,North Macedonia,MK,403.63,445.63,46.88,26.13,entsoe.eu,false,
2024-04-12 11:00:00,North Macedonia,North Macedonia,MK,405.41,447.48,46.62,25.3,entsoe.eu,false,
2024-04-12 12:00:00,North Macedonia,North Macedonia,MK,424.18,467.1,44.15,23.47,entsoe.eu,false,
2024-04-12 13:00:00,North Macedonia,North Macedonia,MK,445.24,489.01,41.44,20.8,entsoe.eu,false,
2024-04-12 14:00:00,North Macedonia,North Macedonia,MK,451.09,493.98,40.61,23.21,entsoe.eu,false,
2024-04-12 15:00:00,North Macedonia,North Macedonia,MK,389.19,431.27,47.31,32.9,entsoe.eu,false,
2024-04-12 16:00:00,North Macedonia,North Macedonia,MK,384.11,427.97,47.44,35.96,entsoe.eu,false,
2024-04-12 17:00:00,North Macedonia,North Macedonia,MK,380.92,428.14,45.88,43.63,entsoe.eu,false,
2024-04-12 18:00:00,North Macedonia,North Macedonia,MK,362.42,410.23,47.65,44.74,entsoe.eu,false,
2024-04-12 19:00:00,North Macedonia,North Macedonia,MK,412.42,461.0,42.01,38.51,entsoe.eu,false,
2024-04-12 20:00:00,North Macedonia,North Macedonia,MK,416.77,460.44,43.28,31.45,entsoe.eu,false,
2024-04-12 21:00:00,North Macedonia,North Macedonia,MK,498.18,542.63,34.43,19.25,entsoe.eu,false,
2024-04-12 22:00:00,North Macedonia,North Macedonia,MK,523.75,569.89,31.15,13.84,entsoe.eu,false,
2024-04-12 23:00:00,North Macedonia,North Macedonia,MK,574.81,624.13,24.53,8.64,entsoe.eu,false,
2024-04-13 00:00:00,North Macedonia,North Macedonia,MK,594.95,645.31,21.84,8.85,entsoe.eu,false,
2024-04-13 01:00:00,North Macedonia,North Macedonia,MK,627.54,679.79,17.53,8.31,entsoe.eu,false,
2024-04-13 02:00:00,North Macedonia,North Macedonia,MK,635.06,687.75,16.5,8.65,entsoe.eu,false,
2024-04-13 03:00:00,North Macedonia,North Macedonia,MK,612.67,664.04,19.46,9.11,entsoe.eu,false,
2024-04-13 04:00:00,North Macedonia,North Macedonia,MK,573.5,622.66,24.65,11.78,entsoe.eu,false,
2024-04-13 05:00:00,North Macedonia,North Macedonia,MK,478.03,521.48,37.24,19.6,entsoe.eu,false,
2024-04-13 06:00:00,North Macedonia,North Macedonia,MK,423.25,464.38,44.45,28.34,entsoe.eu,false,
2024-04-13 07:00:00,North Macedonia,North Macedonia,MK,433.38,475.96,42.89,29.48,entsoe.eu,false,
2024-04-13 08:00:00,North Macedonia,North Macedonia,MK,442.55,485.65,41.89,25.5,entsoe.eu,false,
2024-04-13 09:00:00,North Macedonia,North Macedonia,MK,508.53,555.09,33.22,19.24,entsoe.eu,false,
2024-04-13 10:00:00,North Macedonia,North Macedonia,MK,592.41,643.18,22.12,13.93,entsoe.eu,false,
2024-04-13 11:00:00,North Macedonia,North Macedonia,MK,628.11,680.74,17.37,12.01,entsoe.eu,false,
2024-04-13 12:00:00,North Macedonia,North Macedonia,MK,599.73,650.44,21.06,17.04,entsoe.eu,false,
2024-04-13 13:00:00,North Macedonia,North Macedonia,MK,588.13,638.32,22.54,18.52,entsoe.eu,false,
2024-04-13 14:00:00,North Macedonia,North Macedonia,MK,584.0,634.33,23.16,14.56,entsoe.eu,false,
2024-04-13 15:00:00,North Macedonia,North Macedonia,MK,516.56,562.59,32.06,22.38,entsoe.eu,false,
2024-04-13 16:00:00,North Macedonia,North Macedonia,MK,542.64,589.3,28.78,23.29,entsoe.eu,false,
2024-04-13 17:00:00,North Macedonia,North Macedonia,MK,491.98,535.06,35.4,27.98,entsoe.eu,false,
2024-04-13 18:00:00,North Macedonia,North Macedonia,MK,467.95,509.51,38.75,29.48,entsoe.eu,false,
2024-04-13 19:00:00,North Macedonia,North Macedonia,MK,488.02,530.99,36.22,24.25,entsoe.eu,false,
2024-04-13 20:00:00,North Macedonia,North Macedonia,MK,500.08,543.77,34.68,24.11,entsoe.eu,false,
2024-04-13 21:00:00,North Macedonia,North Macedonia,MK,499.65,543.96,34.49,21.2,entsoe.eu,false,
2024-04-13 22:00:00,North Macedonia,North Macedonia,MK,540.67,587.81,29.11,14.7,entsoe.eu,false,
2024-04-13 23:00:00,North Macedonia,North Macedonia,MK,580.74,630.48,23.71,11.14,entsoe.eu,false,
2024-04-14 00:00:00,North Macedonia,North Macedonia,MK,584.27,634.25,23.23,10.82,entsoe.eu,false,
2024-04-14 01:00:00,North Macedonia,North Macedonia,MK,591.77,642.22,22.23,10.34,entsoe.eu,false,
2024-04-14 02:00:00,North Macedonia,North Macedonia,MK,592.26,642.73,22.16,10.27,entsoe.eu,false,
2024-04-14 03:00:00,North Macedonia,North Macedonia,MK,581.28,631.18,23.62,10.38,entsoe.eu,false,
2024-04-14 04:00:00,North Macedonia,North Macedonia,MK,546.65,594.52,28.22,11.87,entsoe.eu,false,
2024-04-14 05:00:00,North Macedonia,North Macedonia,MK,450.46,493.05,40.93,18.12,entsoe.eu,false,
2024-04-14 06:00:00,North Macedonia,North Macedonia,MK,422.43,464.13,44.57,23.95,entsoe.eu,false,
2024-04-14 07:00:00,North Macedonia,North Macedonia,MK,506.62,553.12,33.46,17.49,entsoe.eu,false,
2024-04-14 08:00:00,North Macedonia,North Macedonia,MK,533.53,581.46,29.91,15.58,entsoe.eu,false,
2024-04-14 09:00:00,North Macedonia,North Macedonia,MK,452.61,496.62,40.58,20.65,entsoe.eu,false,
2024-04-14 10:00:00,North Macedonia,North Macedonia,MK,447.53,491.49,41.32,21.1,entsoe.eu,false,
2024-04-14 11:00:00,North Macedonia,North Macedonia,MK,491.67,537.7,35.5,17.2,entsoe.eu,false,
2024-04-14 12:00:00,North Macedonia,North Macedonia,MK,517.83,565.25,32.0,15.59,entsoe.eu,false,
2024-04-14 13:00:00,North Macedonia,North Macedonia,MK,549.15,598.3,27.86,13.43,entsoe.eu,false,
2024-04-14 14:00:00,North Macedonia,North Macedonia,MK,610.48,662.84,19.71,10.48,entsoe.eu,false,
2024-04-14 15:00:00,North Macedonia,North Macedonia,MK,527.17,574.22,30.81,17.38,entsoe.eu,false,
2024-04-14 16:00:00,North Macedonia,North Macedonia,MK,496.8,541.06,34.81,22.94,entsoe.eu,false,
2024-04-14 17:00:00,North Macedonia,North Macedonia,MK,417.23,455.99,45.27,31.81,entsoe.eu,false,
2024-04-14 18:00:00,North Macedonia,North Macedonia,MK,340.44,374.25,55.33,40.83,entsoe.eu,false,
2024-04-14 19:00:00,North Macedonia,North Macedonia,MK,334.73,368.38,56.18,38.07,entsoe.eu,false,
2024-04-14 20:00:00,North Macedonia,North Macedonia,MK,341.46,375.84,55.39,33.23,entsoe.eu,false,
2024-04-14 21:00:00,North Macedonia,North Macedonia,MK,411.28,450.3,46.34,22.45,entsoe.eu,false,
2024-04-14 22:00:00,North Macedonia,North Macedonia,MK,472.35,515.63,38.0,13.26,entsoe.eu,false,
2024-04-14 23:00:00,North Macedonia,North Macedonia,MK,533.51,580.51,29.89,7.91,entsoe.eu,false,
2024-04-15 00:00:00,North Macedonia,North Macedonia,MK,565.07,613.92,25.66,6.86,entsoe.eu,false,
2024-04-15 01:00:00,North Macedonia,North Macedonia,MK,587.89,638.05,22.64,6.3,entsoe.eu,false,
2024-04-15 02:00:00,North Macedonia,North Macedonia,MK,586.05,636.13,22.93,6.13,entsoe.eu,false,
2024-04-15 03:00:00,North Macedonia,North Macedonia,MK,612.65,664.31,19.42,5.23,entsoe.eu,false,
2024-04-15 04:00:00,North Macedonia,North Macedonia,MK,547.03,594.92,28.15,10.14,entsoe.eu,false,
2024-04-15 05:00:00,North Macedonia,North Macedonia,MK,423.56,466.61,43.79,20.48,entsoe.eu,true,ESTIMATED_TIME_SLICER_AVERAGE
2024-04-15 06:00:00,North Macedonia,North Macedonia,MK,366.49,405.36,52.38,26.98,entsoe.eu,true,ESTIMATED_TIME_SLICER_AVERAGE
2024-04-15 07:00:00,North Macedonia,North Macedonia,MK,372.16,411.65,51.54,30.1,entsoe.eu,false,
2024-04-15 08:00:00,North Macedonia,North Macedonia,MK,344.63,382.61,55.26,35.02,entsoe.eu,false,
2024-04-15 09:00:00,North Macedonia,North Macedonia,MK,327.31,364.09,57.54,39.15,entsoe.eu,false,
2024-04-15 10:00:00,North Macedonia,North Macedonia,MK,335.47,372.61,56.52,39.02,entsoe.eu,false,
2024-04-15 11:00:00,North Macedonia,North Macedonia,MK,349.29,387.82,54.78,34.25,entsoe.eu,true,ESTIMATED_TIME_SLICER_AVERAGE
2024-04-15 12:00:00,North Macedonia,North Macedonia,MK,340.99,378.68,55.88,35.71,entsoe.eu,false,
2024-04-15 13:00:00,North Macedonia,North Macedonia,MK,348.09,384.91,55.47,38.43,entsoe.eu,false,
2024-04-15 14:00:00,North Macedonia,North Macedonia,MK,368.83,406.66,52.46,34.11,entsoe.eu,false,
2024-04-15 15:00:00,North Macedonia,North Macedonia,MK,379.9,417.25,51.03,33.88,entsoe.eu,false,
2024-04-15 16:00:00,North Macedonia,North Macedonia,MK,366.13,401.67,52.42,38.04,entsoe.eu,false,
2024-04-15 17:00:00,North Macedonia,North Macedonia,MK,346.78,380.94,54.72,42.62,entsoe.eu,false,
2024-04-15 18:00:00,North Macedonia,North Macedonia,MK,340.01,373.72,55.61,41.92,entsoe.eu,false,
2024-04-15 19:00:00,North Macedonia,North Macedonia,MK,388.29,424.98,49.45,34.08,entsoe.eu,false,
2024-04-15 20:00:00,North Macedonia,North Macedonia,MK,426.22,465.41,44.5,29.69,entsoe.eu,false,
2024-04-15 21:00:00,North Macedonia,North Macedonia,MK,485.77,528.83,36.76,21.25,entsoe.eu,false,
2024-04-15 22:00:00,North Macedonia,North Macedonia,MK,549.33,596.7,28.37,11.98,entsoe.eu,false,
2024-04-15 23:00:00,North Macedonia,North Macedonia,MK,591.88,642.01,22.7,8.12,entsoe.eu,false,
2024-04-16 00:00:00,North Macedonia,North Macedonia,MK,616.48,668.11,19.33,6.75,entsoe.eu,false,
2024-04-16 01:00:00,North Macedonia,North Macedonia,MK,634.86,687.62,16.84,5.89,entsoe.eu,false,
2024-04-16 02:00:00,North Macedonia,North Macedonia,MK,660.14,714.38,13.43,4.68,entsoe.eu,false,
2024-04-16 03:00:00,North Macedonia,North Macedonia,MK,641.43,694.45,16.09,5.7,entsoe.eu,false,
2024-04-16 04:00:00,North Macedonia,North Macedonia,MK,526.61,572.41,32.02,13.62,entsoe.eu,false,
2024-04-16 05:00:00,North Macedonia,North Macedonia,MK,448.76,489.63,42.74,23.95,entsoe.eu,false,
2024-04-16 06:00:00,North Macedonia,North Macedonia,MK,388.1,425.54,51.22,30.84,entsoe.eu,false,
2024-04-16 07:00:00,North Macedonia,North Macedonia,MK,352.32,388.3,56.13,36.12,entsoe.eu,false,
2024-04-16 08:00:00,North Macedonia,North Macedonia,MK,374.73,412.91,53.21,33.02,entsoe.eu,false,
2024-04-16 09:00:00,North Macedonia,North Macedonia,MK,397.31,437.57,49.99,27.43,entsoe.eu,false,
2024-04-16 10:00:00,North Macedonia,North Macedonia,MK,406.59,447.07,48.93,26.77,entsoe.eu,false,
2024-04-16 11:00:00,North Macedonia,North Macedonia,MK,389.91,429.03,51.02,29.08,entsoe.eu,false,
2024-04-16 12:00:00,North Macedonia,North Macedonia,MK,371.11,408.31,53.37,34.5,entsoe.eu,false,
2024-04-16 13:00:00,North Macedonia,North Macedonia,MK,394.84,436.83,47.89,30.88,entsoe.eu,false,
2024-04-16 14:00:00,North Macedonia,North Macedonia,MK,396.6,441.43,45.43,29.8,entsoe.eu,false,
2024-04-16 15:00:00,North Macedonia,North Macedonia,MK,383.0,440.65,38.42,30.54,entsoe.eu,false,
2024-04-16 16:00:00,North Macedonia,North Macedonia,MK,383.39,442.82,36.08,30.58,entsoe.eu,false,
2024-04-16 17:00:00,North Macedonia,North Macedonia,MK,346.51,403.17,41.62,35.99,entsoe.eu,false,
2024-04-16 18:00:00,North Macedonia,North Macedonia,MK,351.77,411.41,39.38,37.52,entsoe.eu,false,
2024-04-16 19:00:00,North Macedonia,North Macedonia,MK,372.12,430.27,37.73,32.2,entsoe.eu,false,
2024-04-16 20:00:00,North Macedonia,North Macedonia,MK,390.73,449.81,35.68,26.47,entsoe.eu,false,
2024-04-16 21:00:00,North Macedonia,North Macedonia,MK,397.55,458.24,34.27,23.95,entsoe.eu,false,
2024-04-16 22:00:00,North Macedonia,North Macedonia,MK,430.81,494.05,30.12,15.89,entsoe.eu,false,
2024-04-16 23:00:00,North Macedonia,North Macedonia,MK,461.3,528.84,24.61,9.8,entsoe.eu,false,
2024-04-17 00:00:00,North Macedonia,North Macedonia,MK,471.86,540.74,22.87,6.99,entsoe.eu,false,
2024-04-17 01:00:00,North Macedonia,North Macedonia,MK,497.2,569.55,18.12,5.62,entsoe.eu,false,
2024-04-17 02:00:00,North Macedonia,North Macedonia,MK,523.36,598.36,13.86,4.3,entsoe.eu,false,
2024-04-17 03:00:00,North Macedonia,North Macedonia,MK,525.55,601.74,12.89,4.81,entsoe.eu,false,
2024-04-17 04:00:00,North Macedonia,North Macedonia,MK,500.64,574.44,16.82,7.55,entsoe.eu,false,
2024-04-17 05:00:00,North Macedonia,North Macedonia,MK,415.45,480.91,30.52,20.42,entsoe.eu,false,
2024-04-17 06:00:00,North Macedonia,North Macedonia,MK,372.28,431.21,38.98,28.17,entsoe.eu,false,
2024-04-17 07:00:00,North Macedonia,North Macedonia,MK,324.8,370.26,52.56,42.1,entsoe.eu,false,
2024-04-17 08:00:00,North Macedonia,North Macedonia,MK,322.11,364.73,54.99,44.08,entsoe.eu,false,
2024-04-17 09:00:00,North Macedonia,North Macedonia,MK,309.32,348.86,57.92,46.41,entsoe.eu,false,
2024-04-17 10:00:00,North Macedonia,North Macedonia,MK,301.52,341.26,58.65,47.65,entsoe.eu,false,
2024-04-17 11:00:00,North Macedonia,North Macedonia,MK,275.83,314.87,61.58,52.28,entsoe.eu,false,
2024-04-17 12:00:00,North Macedonia,North Macedonia,MK,266.24,303.99,63.11,55.15,entsoe.eu,false,
2024-04-17 13:00:00,North Macedonia,North Macedonia,MK,277.92,316.32,61.01,53.72,entsoe.eu,false,
2024-04-17 14:00:00,North Macedonia,North Macedonia,MK,311.68,360.55,50.48,46.13,entsoe.eu,false,
2024-04-17 15:00:00,North Macedonia,North Macedonia,MK,348.38,408.03,39.79,38.45,entsoe.eu,false,
2024-04-17 16:00:00,North Macedonia,North Macedonia,MK,354.56,415.25,38.04,38.04,entsoe.eu,false,
2024-04-17 17:00:00,North Macedonia,North Macedonia,MK,337.02,394.71,41.86,41.86,entsoe.eu,false,
2024-04-17 18:00:00,North Macedonia,North Macedonia,MK,327.98,385.79,42.89,42.89,entsoe.eu,false,
2024-04-17 19:00:00,North Macedonia,North Macedonia,MK,334.72,391.86,42.77,40.7,entsoe.eu,false,
2024-04-17 20:00:00,North Macedonia,North Macedonia,MK,327.23,382.27,44.56,41.11,entsoe.eu,false,
2024-04-17 21:00:00,North Macedonia,North Macedonia,MK,341.21,398.57,41.64,39.28,entsoe.eu,false,
2024-04-17 22:00:00,North Macedonia,North Macedonia,MK,389.01,455.67,31.8,28.89,entsoe.eu,false,
2024-04-17 23:00:00,North Macedonia,North Macedonia,MK,419.45,489.47,26.97,24.12,entsoe.eu,false,
2024-04-18 00:00:00,North Macedonia,North Macedonia,MK,427.86,498.71,25.7,23.12,entsoe.eu,false,
2024-04-18 01:00:00,North Macedonia,North Macedonia,MK,445.79,519.25,22.31,21.97,entsoe.eu,false,
2024-04-18 02:00:00,North Macedonia,North Macedonia,MK,446.5,520.72,21.67,21.4,entsoe.eu,false,
2024-04-18 03:00:00,North Macedonia,North Macedonia,MK,445.84,520.38,21.41,21.32,entsoe.eu,false,
2024-04-18 04:00:00,North Macedonia,North Macedonia,MK,423.56,495.93,24.93,23.06,entsoe.eu,false,
2024-04-18 05:00:00,North Macedonia,North Macedonia,MK,370.87,434.56,35.47,33.58,entsoe.eu,false,
2024-04-18 06:00:00,North Macedonia,North Macedonia,MK,341.87,400.81,41.71,38.9,entsoe.eu,false,
2024-04-18 07:00:00,North Macedonia,North Macedonia,MK,309.16,361.97,48.92,43.67,entsoe.eu,false,
2024-04-18 08:00:00,North Macedonia,North Macedonia,MK,274.95,314.18,61.07,52.63,entsoe.eu,false,
2024-04-18 09:00:00,North Macedonia,North Macedonia,MK,270.08,305.57,64.23,55.92,entsoe.eu,false,
2024-04-18 10:00:00,North Macedonia,North Macedonia,MK,278.08,314.42,63.03,53.42,entsoe.eu,false,
2024-04-18 11:00:00,North Macedonia,North Macedonia,MK,268.79,304.81,64.15,55.18,entsoe.eu,false,
2024-04-18 12:00:00,North Macedonia,North Macedonia,MK,298.18,334.78,60.43,50.99,entsoe.eu,false,
2024-04-18 13:00:00,North Macedonia,North Macedonia,MK,333.78,372.59,55.39,46.07,entsoe.eu,false,
2024-04-18 14:00:00,North Macedonia,North Macedonia,MK,369.93,418.41,45.48,37.96,entsoe.eu,false,
2024-04-18 15:00:00,North Macedonia,North Macedonia,MK,421.67,482.12,33.12,27.38,entsoe.eu,false,
2024-04-18 16:00:00,North Macedonia,North Macedonia,MK,422.07,486.06,31.02,25.58,entsoe.eu,false,
2024-04-18 17:00:00,North Macedonia,North Macedonia,MK,436.99,498.12,30.35,24.16,entsoe.eu,false,
2024-04-18 18:00:00,North Macedonia,North Macedonia,MK,429.94,492.23,30.24,27.2,entsoe.eu,false,
2024-04-18 19:00:00,North Macedonia,North Macedonia,MK,440.61,506.99,26.9,24.12,entsoe.eu,false,
2024-04-18 20:00:00,North Macedonia,North Macedonia,MK,433.54,495.99,29.52,24.85,entsoe.eu,false,
2024-04-18 21:00:00,North Macedonia,North Macedonia,MK,442.01,502.36,29.95,23.33,entsoe.eu,false,
2024-04-18 22:00:00,North Macedonia,North Macedonia,MK,433.69,499.07,27.95,17.82,entsoe.eu,false,
2024-04-18 23:00:00,North Macedonia,North Macedonia,MK,493.82,557.95,23.35,11.71,entsoe.eu,false,
2024-04-19 00:00:00,North Macedonia,North Macedonia,MK,498.95,562.65,23.0,13.64,entsoe.eu,false,
2024-04-19 01:00:00,North Macedonia,North Macedonia,MK,511.82,576.28,21.25,13.63,entsoe.eu,false,
2024-04-19 02:00:00,North Macedonia,North Macedonia,MK,515.43,580.28,20.65,13.48,entsoe.eu,false,
2024-04-19 03:00:00,North Macedonia,North Macedonia,MK,516.06,581.83,19.95,14.04,entsoe.eu,false,
2024-04-19 04:00:00,North Macedonia,North Macedonia,MK,461.88,523.69,27.47,18.45,entsoe.eu,false,
2024-04-19 05:00:00,North Macedonia,North Macedonia,MK,368.76,424.01,40.48,30.58,entsoe.eu,false,
2024-04-19 06:00:00,North Macedonia,North Macedonia,MK,389.78,444.23,39.71,28.69,entsoe.eu,false,
2024-04-19 07:00:00,North Macedonia,North Macedonia,MK,394.37,447.92,40.28,28.02,entsoe.eu,false,
2024-04-19 08:00:00,North Macedonia,North Macedonia,MK,384.98,428.96,47.67,32.24,entsoe.eu,false,
2024-04-19 09:00:00,North Macedonia,North Macedonia,MK,379.77,419.29,51.0,34.91,entsoe.eu,false,
2024-04-19 10:00:00,North Macedonia,North Macedonia,MK,417.79,459.69,46.08,28.92,entsoe.eu,false,
2024-04-19 11:00:00,North Macedonia,North Macedonia,MK,448.49,491.82,42.15,24.64,entsoe.eu,false,
2024-04-19 12:00:00,North Macedonia,North Macedonia,MK,468.82,513.18,39.51,22.11,entsoe.eu,false,
2024-04-19 13:00:00,North Macedonia,North Macedonia,MK,521.19,568.32,32.55,16.78,entsoe.eu,false,
2024-04-19 14:00:00,North Macedonia,North Macedonia,MK,527.66,574.34,31.92,16.37,entsoe.eu,false,
2024-04-19 15:00:00,North Macedonia,North Macedonia,MK,470.33,520.29,34.78,26.56,entsoe.eu,false,
2024-04-19 16:00:00,North Macedonia,North Macedonia,MK,414.33,462.75,40.85,34.8,entsoe.eu,false,
2024-04-19 17:00:00,North Macedonia,North Macedonia,MK,419.18,466.7,40.48,38.03,entsoe.eu,false,
2024-04-19 18:00:00,North Macedonia,North Macedonia,MK,405.01,452.42,42.05,39.25,entsoe.eu,false,
2024-04-19 19:00:00,North Macedonia,North Macedonia,MK,385.29,431.86,44.32,40.14,entsoe.eu,false,
2024-04-19 20:00:00,North Macedonia,North Macedonia,MK,398.65,444.49,43.82,36.43,entsoe.eu,false,
2024-04-19 21:00:00,North Macedonia,North Macedonia,MK,445.71,486.63,41.82,31.66,entsoe.eu,false,
2024-04-19 22:00:00,North Macedonia,North Macedonia,MK,499.14,543.14,35.62,20.64,entsoe.eu,false,
2024-04-19 23:00:00,North Macedonia,North Macedonia,MK,552.37,599.66,28.55,13.33,entsoe.eu,false,
2024-04-20 00:00:00,North Macedonia,North Macedonia,MK,525.26,570.98,31.91,16.56,entsoe.eu,false,
2024-04-20 01:00:00,North Macedonia,North Macedonia,MK,518.62,563.98,32.97,15.2,entsoe.eu,false,
2024-04-20 02:00:00,North Macedonia,North Macedonia,MK,444.08,484.64,42.75,25.49,entsoe.eu,false,
2024-04-20 03:00:00,North Macedonia,North Macedonia,MK,442.24,482.78,43.35,23.25,entsoe.eu,false,
2024-04-20 04:00:00,North Macedonia,North Macedonia,MK,401.59,439.59,48.73,28.9,entsoe.eu,false,
2024-04-20 05:00:00,North Macedonia,North Macedonia,MK,388.92,426.18,50.31,30.6,entsoe.eu,false,
2024-04-20 06:00:00,North Macedonia,North Macedonia,MK,369.9,406.46,52.68,34.17,entsoe.eu,false,
2024-04-20 07:00:00,North Macedonia,North Macedonia,MK,301.25,337.96,60.31,50.02,entsoe.eu,false,
2024-04-20 08:00:00,North Macedonia,North Macedonia,MK,297.92,334.34,60.9,50.34,entsoe.eu,false,
2024-04-20 09:00:00,North Macedonia,North Macedonia,MK,286.4,322.93,62.32,51.58,entsoe.eu,false,
2024-04-20 10:00:00,North Macedonia,North Macedonia,MK,302.51,339.81,60.21,49.45,entsoe.eu,false,
2024-04-20 11:00:00,North Macedonia,North Macedonia,MK,309.26,347.15,59.3,48.77,entsoe.eu,false,
2024-04-20 12:00:00,North Macedonia,North Macedonia,MK,329.92,368.32,56.61,46.29,entsoe.eu,false,
2024-04-20 13:00:00,North Macedonia,North Macedonia,MK,371.56,410.73,51.41,39.71,entsoe.eu,false,
2024-04-20 14:00:00,North Macedonia,North Macedonia,MK,484.59,527.8,37.12,26.27,entsoe.eu,false,
2024-04-20 15:00:00,North Macedonia,North Macedonia,MK,460.9,510.14,35.96,24.0,entsoe.eu,false,
2024-04-20 16:00:00,North Macedonia,North Macedonia,MK,410.96,465.54,37.36,24.48,entsoe.eu,false,
2024-04-20 17:00:00,North Macedonia,North Macedonia,MK,374.64,425.82,42.3,30.78,entsoe.eu,false,
2024-04-20 18:00:00,North Macedonia,North Macedonia,MK,370.44,421.11,42.94,33.12,entsoe.eu,false,
2024-04-20 19:00:00,North Macedonia,North Macedonia,MK,393.52,446.86,39.36,28.74,entsoe.eu,false,
2024-04-20 20:00:00,North Macedonia,North Macedonia,MK,388.18,440.44,40.72,28.62,entsoe.eu,false,
2024-04-20 21:00:00,North Macedonia,North Macedonia,MK,400.28,454.44,38.44,26.73,entsoe.eu,false,
2024-04-20 22:00:00,North Macedonia,North Macedonia,MK,439.62,498.53,31.92,17.98,entsoe.eu,false,
2024-04-20 23:00:00,North Macedonia,North Macedonia,MK,473.04,534.78,27.05,11.7,entsoe.eu,false,
2024-04-21 00:00:00,North Macedonia,North Macedonia,MK,479.57,539.69,27.44,12.0,entsoe.eu,false,
2024-04-21 01:00:00,North Macedonia,North Macedonia,MK,514.37,578.86,21.39,7.27,entsoe.eu,false,
2024-04-21 02:00:00,North Macedonia,North Macedonia,MK,519.19,584.35,20.48,6.91,entsoe.eu,false,
2024-04-21 03:00:00,North Macedonia,North Macedonia,MK,514.91,580.04,21.05,6.63,entsoe.eu,false,
2024-04-21 04:00:00,North Macedonia,North Macedonia,MK,499.63,561.6,24.43,8.57,entsoe.eu,false,
2024-04-21 05:00:00,North Macedonia,North Macedonia,MK,456.99,517.66,29.12,14.43,entsoe.eu,false,
2024-04-21 06:00:00,North Macedonia,North Macedonia,MK,445.63,505.67,30.84,16.58,entsoe.eu,false,
2024-04-21 07:00:00,North Macedonia,North Macedonia,MK,423.24,471.51,40.91,27.52,entsoe.eu,false,
2024-04-21 08:00:00,North Macedonia,North Macedonia,MK,379.17,417.41,50.62,36.42,entsoe.eu,false,
2024-04-21 09:00:00,North Macedonia,North Macedonia,MK,379.58,417.75,50.61,36.18,entsoe.eu,false,
2024-04-21 10:00:00,North Macedonia,North Macedonia,MK,352.84,390.71,53.62,41.65,entsoe.eu,false,
2024-04-21 11:00:00,North Macedonia,North Macedonia,MK,399.91,440.64,47.24,37.75,entsoe.eu,false,
2024-04-21 12:00:00,North Macedonia,North Macedonia,MK,420.08,461.7,44.48,37.33,entsoe.eu,false,
2024-04-21 13:00:00,North Macedonia,North Macedonia,MK,384.68,425.52,48.42,46.88,entsoe.eu,false,
2024-04-21 14:00:00,North Macedonia,North Macedonia,MK,410.1,451.04,45.24,45.17,entsoe.eu,false,
2024-04-21 15:00:00,North Macedonia,North Macedonia,MK,445.84,488.41,41.0,33.47,entsoe.eu,false,
2024-04-21 16:00:00,North Macedonia,North Macedonia,MK,404.15,454.75,40.24,34.89,entsoe.eu,false,
2024-04-21 17:00:00,North Macedonia,North Macedonia,MK,357.74,411.07,42.97,39.36,entsoe.eu,false,
2024-04-21 18:00:00,North Macedonia,North Macedonia,MK,350.52,404.04,44.1,39.64,entsoe.eu,false,
2024-04-21 19:00:00,North Macedonia,North Macedonia,MK,357.83,411.79,43.18,37.85,entsoe.eu,false,
2024-04-21 20:00:00,North Macedonia,North Macedonia,MK,378.44,430.68,41.3,31.55,entsoe.eu,false,
2024-04-21 21:00:00,North Macedonia,North Macedonia,MK,412.81,468.88,35.94,23.36,entsoe.eu,false,
2024-04-21 22:00:00,North Macedonia,North Macedonia,MK,452.95,513.59,29.58,16.77,entsoe.eu,false,
2024-04-21 23:00:00,North Macedonia,North Macedonia,MK,486.96,551.45,24.25,9.55,entsoe.eu,false,
2024-04-22 00:00:00,North Macedonia,North Macedonia,MK,490.77,554.86,24.28,9.29,entsoe.eu,false,
2024-04-22 01:00:00,North Macedonia,North Macedonia,MK,494.69,556.95,25.08,10.24,entsoe.eu,false,
2024-04-22 02:00:00,North Macedonia,North Macedonia,MK,509.93,572.82,23.06,9.98,entsoe.eu,false,
2024-04-22 03:00:00,North Macedonia,North Macedonia,MK,529.31,596.43,18.32,9.05,entsoe.eu,false,
2024-04-22 04:00:00,North Macedonia,North Macedonia,MK,537.62,609.36,14.29,9.12,entsoe.eu,false,
2024-04-22 05:00:00,North Macedonia,North Macedonia,MK,468.85,532.88,26.18,18.88,entsoe.eu,false,
2024-04-22 06:00:00,North Macedonia,North Macedonia,MK,390.12,447.48,38.33,29.52,entsoe.eu,false,
2024-04-22 07:00:00,North Macedonia,North Macedonia,MK,390.55,447.5,38.62,29.73,entsoe.eu,false,
2024-04-22 08:00:00,North Macedonia,North Macedonia,MK,380.63,435.11,41.17,31.87,entsoe.eu,false,
2024-04-22 09:00:00,North Macedonia,North Macedonia,MK,373.08,427.76,41.88,32.64,entsoe.eu,false,
2024-04-22 10:00:00,North Macedonia,North Macedonia,MK,386.91,444.27,39.48,30.6,entsoe.eu,false,
2024-04-22 11:00:00,North Macedonia,North Macedonia,MK,369.99,424.77,42.67,34.41,entsoe.eu,false,
2024-04-22 12:00:00,North Macedonia,North Macedonia,MK,373.81,426.48,43.3,33.25,entsoe.eu,false,
2024-04-22 13:00:00,North Macedonia,North Macedonia,MK,407.18,464.82,37.32,27.42,entsoe.eu,false,
2024-04-22 14:00:00,North Macedonia,North Macedonia,MK,433.67,497.42,30.85,22.99,entsoe.eu,false,
2024-04-22 15:00:00,North Macedonia,North Macedonia,MK,427.26,493.49,30.16,24.25,entsoe.eu,false,
2024-04-22 16:00:00,North Macedonia,North Macedonia,MK,432.87,503.86,26.51,23.88,entsoe.eu,false,
2024-04-22 17:00:00,North Macedonia,North Macedonia,MK,414.93,483.46,29.56,29.54,entsoe.eu,false,
2024-04-22 18:00:00,North Macedonia,North Macedonia,MK,403.4,472.27,30.87,30.85,entsoe.eu,false,
2024-04-22 19:00:00,North Macedonia,North Macedonia,MK,410.33,478.8,29.67,29.63,entsoe.eu,false,
2024-04-22 20:00:00,North Macedonia,North Macedonia,MK,433.26,504.78,25.56,24.97,entsoe.eu,false,
2024-04-22 21:00:00,North Macedonia,North Macedonia,MK,449.8,524.89,21.6,21.55,entsoe.eu,false,
2024-04-22 22:00:00,North Macedonia,North Macedonia,MK,479.45,551.77,21.13,21.12,entsoe.eu,false,
2024-04-22 23:00:00,North Macedonia,North Macedonia,MK,533.34,603.92,17.39,17.39,entsoe.eu,false,
2024-04-23 00:00:00,North Macedonia,North Macedonia,MK,570.65,643.2,12.74,12.74,entsoe.eu,false,
2024-04-23 01:00:00,North Macedonia,North Macedonia,MK,558.84,631.1,14.08,14.08,entsoe.eu,false,
2024-04-23 02:00:00,North Macedonia,North Macedonia,MK,557.65,628.84,14.7,14.7,entsoe.eu,false,
2024-04-23 03:00:00,North Macedonia,North Macedonia,MK,557.74,627.58,15.41,15.41,entsoe.eu,false,
2024-04-23 04:00:00,North Macedonia,North Macedonia,MK,529.54,595.37,20.64,20.64,entsoe.eu,false,
2024-04-23 05:00:00,North Macedonia,North Macedonia,MK,466.13,527.26,30.43,30.43,entsoe.eu,false,
2024-04-23 06:00:00,North Macedonia,North Macedonia,MK,425.54,478.67,38.53,34.92,entsoe.eu,false,
2024-04-23 07:00:00,North Macedonia,North Macedonia,MK,412.21,459.48,42.72,37.32,entsoe.eu,false,
2024-04-23 08:00:00,North Macedonia,North Macedonia,MK,376.89,423.04,46.98,41.6,entsoe.eu,false,
2024-04-23 09:00:00,North Macedonia,North Macedonia,MK,368.64,410.98,49.94,42.11,entsoe.eu,false,
2024-04-23 10:00:00,North Macedonia,North Macedonia,MK,361.65,407.18,48.95,43.4,entsoe.eu,false,
2024-04-23 11:00:00,North Macedonia,North Macedonia,MK,351.95,397.08,49.78,44.13,entsoe.eu,false,
2024-04-23 12:00:00,North Macedonia,North Macedonia,MK,339.11,385.52,50.17,46.96,entsoe.eu,false,
2024-04-23 13:00:00,North Macedonia,North Macedonia,MK,370.95,421.65,44.92,43.77,entsoe.eu,false,
2024-04-23 14:00:00,North Macedonia,North Macedonia,MK,405.83,462.03,38.57,38.47,entsoe.eu,false,
2024-04-23 15:00:00,North Macedonia,North Macedonia,MK,407.44,463.15,38.42,38.42,entsoe.eu,false,
2024-04-23 16:00:00,North Macedonia,North Macedonia,MK,385.73,439.23,41.54,41.54,entsoe.eu,false,
2024-04-23 17:00:00,North Macedonia,North Macedonia,MK,377.42,427.8,44.39,44.39,entsoe.eu,false,
2024-04-23 18:00:00,North Macedonia,North Macedonia,MK,374.29,427.51,43.62,43.62,entsoe.eu,false,
2024-04-23 19:00:00,North Macedonia,North Macedonia,MK,387.62,441.62,41.15,40.8,entsoe.eu,false,
2024-04-23 20:00:00,North Macedonia,North Macedonia,MK,380.2,433.05,42.25,38.88,entsoe.eu,false,
2024-04-23 21:00:00,North Macedonia,North Macedonia,MK,400.98,456.09,39.11,35.17,entsoe.eu,false,
2024-04-23 22:00:00,North Macedonia,North Macedonia,MK,461.27,512.35,36.01,25.92,entsoe.eu,false,
2024-04-23 23:00:00,North Macedonia,North Macedonia,MK,583.69,633.71,24.39,10.3,entsoe.eu,false,
2024-04-24 00:00:00,North Macedonia,North Macedonia,MK,637.63,690.31,17.64,3.48,entsoe.eu,false,
2024-04-24 01:00:00,North Macedonia,North Macedonia,MK,648.45,701.72,16.3,3.01,entsoe.eu,false,
2024-04-24 02:00:00,North Macedonia,North Macedonia,MK,649.77,703.04,16.18,3.21,entsoe.eu,false,
2024-04-24 03:00:00,North Macedonia,North Macedonia,MK,656.66,710.42,14.93,3.92,entsoe.eu,false,
2024-04-24 04:00:00,North Macedonia,North Macedonia,MK,627.18,680.76,17.0,14.79,entsoe.eu,false,
2024-04-24 05:00:00,North Macedonia,North Macedonia,MK,507.95,563.24,29.51,27.55,entsoe.eu,false,
2024-04-24 06:00:00,North Macedonia,North Macedonia,MK,470.63,521.12,37.15,29.69,entsoe.eu,false,
2024-04-24 07:00:00,North Macedonia,North Macedonia,MK,457.37,506.79,39.39,32.25,entsoe.eu,false,
2024-04-24 08:00:00,North Macedonia,North Macedonia,MK,417.21,463.3,45.69,36.2,entsoe.eu,false,
2024-04-24 09:00:00,North Macedonia,North Macedonia,MK,383.51,427.25,50.05,39.11,entsoe.eu,false,
2024-04-24 10:00:00,North Macedonia,North Macedonia,MK,386.8,431.69,48.75,39.06,entsoe.eu,false,
2024-04-24 11:00:00,North Macedonia,North Macedonia,MK,372.23,416.26,50.74,41.86,entsoe.eu,false,
2024-04-24 12:00:00,North Macedonia,North Macedonia,MK,384.53,429.06,49.12,39.92,entsoe.eu,false,
2024-04-24 13:00:00,North Macedonia,North Macedonia,MK,405.0,452.09,45.94,36.71,entsoe.eu,false,
2024-04-24 14:00:00,North Macedonia,North Macedonia,MK,452.66,507.36,38.0,31.23,entsoe.eu,false,
2024-04-24 15:00:00,North Macedonia,North Macedonia,MK,494.83,551.51,32.31,25.43,entsoe.eu,false,
2024-04-24 16:00:00,North Macedonia,North Macedonia,MK,480.55,536.79,32.5,27.42,entsoe.eu,false,
2024-04-24 17:00:00,North Macedonia,North Macedonia,MK,467.95,522.94,32.99,32.99,entsoe.eu,false,
2024-04-24 18:00:00,North Macedonia,North Macedonia,MK,451.22,507.84,34.08,34.08,entsoe.eu,false,
2024-04-24 19:00:00,North Macedonia,North Macedonia,MK,441.2,497.61,34.53,34.53,entsoe.eu,false,
2024-04-24 20:00:00,North Macedonia,North Macedonia,MK,434.01,491.69,33.61,33.61,entsoe.eu,false,
2024-04-24 21:00:00,North Macedonia,North Macedonia,MK,449.08,506.79,32.13,31.53,entsoe.eu,false,
2024-04-24 22:00:00,North Macedonia,North Macedonia,MK,494.53,562.63,22.59,22.59,entsoe.eu,false,
2024-04-24 23:00:00,North Macedonia,North Macedonia,MK,571.39,641.29,14.25,14.25,entsoe.eu,false,
2024-04-25 00:00:00,North Macedonia,North Macedonia,MK,707.84,772.73,2.98,2.98,entsoe.eu,false,
2024-04-25 01:00:00,North Macedonia,North Macedonia,MK,721.93,785.24,2.26,2.26,entsoe.eu,false,
2024-04-25 02:00:00,North Macedonia,North Macedonia,MK,733.25,791.53,3.52,3.52,entsoe.eu,false,
2024-04-25 03:00:00,North Macedonia,North Macedonia,MK,631.32,696.48,10.41,10.41,entsoe.eu,false,
2024-04-25 04:00:00,North Macedonia,North Macedonia,MK,502.8,565.83,25.09,25.09,entsoe.eu,false,
2024-04-25 05:00:00,North Macedonia,North Macedonia,MK,440.03,500.17,33.68,33.68,entsoe.eu,false,
2024-04-25 06:00:00,North Macedonia,North Macedonia,MK,392.19,446.34,41.84,41.84,entsoe.eu,false,
2024-04-25 07:00:00,North Macedonia,North Macedonia,MK,389.27,441.28,43.38,43.38,entsoe.eu,false,
2024-04-25 08:00:00,North Macedonia,North Macedonia,MK,374.44,425.13,46.13,45.91,entsoe.eu,false,
2024-04-25 09:00:00,North Macedonia,North Macedonia,MK,338.47,385.74,51.69,51.37,entsoe.eu,false,
2024-04-25 10:00:00,North Macedonia,North Macedonia,MK,334.25,379.08,53.72,53.35,entsoe.eu,false,
2024-04-25 11:00:00,North Macedonia,North Macedonia,MK,313.65,357.3,56.68,56.49,entsoe.eu,false,
2024-04-25 12:00:00,North Macedonia,North Macedonia,MK,308.77,351.1,57.06,56.94,entsoe.eu,false,
2024-04-25 13:00:00,North Macedonia,North Macedonia,MK,326.48,370.92,54.26,54.16,entsoe.eu,false,
2024-04-25 14:00:00,North Macedonia,North Macedonia,MK,342.02,390.4,50.26,50.25,entsoe.eu,false,
2024-04-25 15:00:00,North Macedonia,North Macedonia,MK,379.06,433.82,42.27,42.27,entsoe.eu,false,
2024-04-25 16:00:00,North Macedonia,North Macedonia,MK,380.51,435.67,40.55,40.55,entsoe.eu,false,
2024-04-25 17:00:00,North Macedonia,North Macedonia,MK,377.59,434.91,40.37,40.37,entsoe.eu,false,
2024-04-25 18:00:00,North Macedonia,North Macedonia,MK,368.01,424.97,41.58,41.58,entsoe.eu,false,
2024-04-25 19:00:00,North Macedonia,North Macedonia,MK,375.81,434.51,40.0,40.0,entsoe.eu,false,
2024-04-25 20:00:00,North Macedonia,North Macedonia,MK,394.48,453.89,37.14,35.33,entsoe.eu,false,
2024-04-25 21:00:00,North Macedonia,North Macedonia,MK,421.15,481.46,33.96,31.58,entsoe.eu,false,
2024-04-25 22:00:00,North Macedonia,North Macedonia,MK,452.01,519.67,26.41,20.75,entsoe.eu,false,
2024-04-25 23:00:00,North Macedonia,North Macedonia,MK,594.79,644.28,23.69,9.76,entsoe.eu,false,
2024-04-26 00:00:00,North Macedonia,North Macedonia,MK,607.65,657.96,21.87,9.14,entsoe.eu,false,
2024-04-26 01:00:00,North Macedonia,North Macedonia,MK,615.31,666.09,20.82,8.55,entsoe.eu,false,
2024-04-26 02:00:00,North Macedonia,North Macedonia,MK,619.33,670.44,20.16,8.48,entsoe.eu,false,
2024-04-26 03:00:00,North Macedonia,North Macedonia,MK,637.65,689.89,17.49,8.84,entsoe.eu,false,
2024-04-26 04:00:00,North Macedonia,North Macedonia,MK,626.86,678.36,18.38,13.38,entsoe.eu,false,
2024-04-26 05:00:00,North Macedonia,North Macedonia,MK,470.72,521.19,35.22,27.57,entsoe.eu,false,
2024-04-26 06:00:00,North Macedonia,North Macedonia,MK,414.13,459.5,45.3,33.96,entsoe.eu,false,
2024-04-26 07:00:00,North Macedonia,North Macedonia,MK,430.72,474.91,44.67,31.83,entsoe.eu,false,
2024-04-26 08:00:00,North Macedonia,North Macedonia,MK,424.5,468.07,45.54,32.1,entsoe.eu,false,
2024-04-26 09:00:00,North Macedonia,North Macedonia,MK,383.16,426.12,50.32,38.16,entsoe.eu,false,
2024-04-26 10:00:00,North Macedonia,North Macedonia,MK,340.43,381.86,55.64,43.61,entsoe.eu,false,
2024-04-26 11:00:00,North Macedonia,North Macedonia,MK,345.04,386.83,55.1,42.56,entsoe.eu,false,
2024-04-26 12:00:00,North Macedonia,North Macedonia,MK,361.27,403.44,53.14,39.56,entsoe.eu,false,
2024-04-26 13:00:00,North Macedonia,North Macedonia,MK,417.7,460.51,46.52,30.92,entsoe.eu,false,
2024-04-26 14:00:00,North Macedonia,North Macedonia,MK,448.17,490.3,43.41,27.36,entsoe.eu,false,
2024-04-26 15:00:00,North Macedonia,North Macedonia,MK,497.72,541.99,36.15,25.74,entsoe.eu,false,
2024-04-26 16:00:00,North Macedonia,North Macedonia,MK,506.23,550.02,35.17,25.93,entsoe.eu,false,
2024-04-26 17:00:00,North Macedonia,North Macedonia,MK,451.65,499.51,37.39,36.38,entsoe.eu,false,
2024-04-26 18:00:00,North Macedonia,North Macedonia,MK,400.12,448.14,42.69,41.12,entsoe.eu,false,
2024-04-26 19:00:00,North Macedonia,North Macedonia,MK,432.05,470.75,43.93,40.18,entsoe.eu,false,
2024-04-26 20:00:00,North Macedonia,North Macedonia,MK,433.42,472.1,44.56,36.43,entsoe.eu,false,
2024-04-26 21:00:00,North Macedonia,North Macedonia,MK,460.3,500.7,41.12,32.17,entsoe.eu,false,
2024-04-26 22:00:00,North Macedonia,North Macedonia,MK,478.72,520.66,38.49,27.23,entsoe.eu,false,
2024-04-26 23:00:00,North Macedonia,North Macedonia,MK,577.04,625.34,25.25,14.73,entsoe.eu,false,
2024-04-27 00:00:00,North Macedonia,North Macedonia,MK,636.18,688.29,17.42,7.46,entsoe.eu,false,
2024-04-27 01:00:00,North Macedonia,North Macedonia,MK,639.48,691.82,17.17,5.88,entsoe.eu,false,
2024-04-27 02:00:00,North Macedonia,North Macedonia,MK,638.12,690.39,17.24,6.91,entsoe.eu,false,
2024-04-27 03:00:00,North Macedonia,North Macedonia,MK,608.68,659.1,21.24,9.24,entsoe.eu,false,
2024-04-27 04:00:00,North Macedonia,North Macedonia,MK,533.99,579.51,31.84,17.5,entsoe.eu,false,
2024-04-27 05:00:00,North Macedonia,North Macedonia,MK,475.08,516.96,40.65,22.96,entsoe.eu,false,
2024-04-27 06:00:00,North Macedonia,North Macedonia,MK,432.72,472.97,45.94,27.38,entsoe.eu,false,
2024-04-27 07:00:00,North Macedonia,North Macedonia,MK,438.26,479.82,44.77,25.66,entsoe.eu,false,
2024-04-27 08:00:00,North Macedonia,North Macedonia,MK,455.89,499.39,41.86,23.81,entsoe.eu,false,
2024-04-27 09:00:00,North Macedonia,North Macedonia,MK,449.61,493.16,42.2,24.5,entsoe.eu,false,
2024-04-27 10:00:00,North Macedonia,North Macedonia,MK,467.74,512.09,39.84,22.21,entsoe.eu,false,
2024-04-27 11:00:00,North Macedonia,North Macedonia,MK,475.56,520.16,38.85,20.62,entsoe.eu,false,
2024-04-27 12:00:00,North Macedonia,North Macedonia,MK,526.15,573.34,31.95,16.6,entsoe.eu,false,
2024-04-27 13:00:00,North Macedonia,North Macedonia,MK,581.55,631.56,24.39,12.16,entsoe.eu,false,
2024-04-27 14:00:00,North Macedonia,North Macedonia,MK,588.78,639.01,23.52,11.56,entsoe.eu,false,
2024-04-27 15:00:00,North Macedonia,North Macedonia,MK,613.01,664.13,19.98,12.03,entsoe.eu,false,
2024-04-27 16:00:00,North Macedonia,North Macedonia,MK,458.03,499.07,40.39,32.07,entsoe.eu,false,
2024-04-27 17:00:00,North Macedonia,North Macedonia,MK,404.64,441.98,47.39,40.37,entsoe.eu,false,
2024-04-27 18:00:00,North Macedonia,North Macedonia,MK,345.37,384.09,53.21,47.37,entsoe.eu,false,
2024-04-27 19:00:00,North Macedonia,North Macedonia,MK,355.65,397.67,50.85,45.77,entsoe.eu,false,
2024-04-27 20:00:00,North Macedonia,North Macedonia,MK,382.09,417.93,50.98,37.33,entsoe.eu,false,
2024-04-27 21:00:00,North Macedonia,North Macedonia,MK,405.99,443.38,47.8,34.77,entsoe.eu,false,
2024-04-27 22:00:00,North Macedonia,North Macedonia,MK,420.84,459.43,46.34,27.68,entsoe.eu,false,
2024-04-27 23:00:00,North Macedonia,North Macedonia,MK,474.93,517.15,39.39,17.44,entsoe.eu,false,
2024-04-28 00:00:00,North Macedonia,North Macedonia,MK,505.48,549.72,35.51,12.34,entsoe.eu,false,
2024-04-28 01:00:00,North Macedonia,North Macedonia,MK,502.53,546.65,35.93,12.1,entsoe.eu,false,
2024-04-28 02:00:00,North Macedonia,North Macedonia,MK,506.74,551.17,35.43,13.7,entsoe.eu,false,
2024-04-28 03:00:00,North Macedonia,North Macedonia,MK,491.39,534.62,37.96,14.81,entsoe.eu,false,
2024-04-28 04:00:00,North Macedonia,North Macedonia,MK,464.28,506.16,41.45,17.97,entsoe.eu,false,
2024-04-28 05:00:00,North Macedonia,North Macedonia,MK,422.83,463.23,46.24,23.56,entsoe.eu,false,
2024-04-28 06:00:00,North Macedonia,North Macedonia,MK,413.82,454.2,47.38,26.21,entsoe.eu,false,
2024-04-28 07:00:00,North Macedonia,North Macedonia,MK,474.73,518.77,39.17,20.54,entsoe.eu,false,
2024-04-28 08:00:00,North Macedonia,North Macedonia,MK,446.96,489.52,43.04,21.85,entsoe.eu,false,
2024-04-28 09:00:00,North Macedonia,North Macedonia,MK,430.93,472.6,45.22,22.74,entsoe.eu,false,
2024-04-28 10:00:00,North Macedonia,North Macedonia,MK,445.44,488.26,43.12,22.88,entsoe.eu,false,
2024-04-28 11:00:00,North Macedonia,North Macedonia,MK,487.73,532.87,37.28,19.07,entsoe.eu,false,
2024-04-28 12:00:00,North Macedonia,North Macedonia,MK,509.15,555.22,34.48,16.44,entsoe.eu,false,
2024-04-28 13:00:00,North Macedonia,North Macedonia,MK,520.39,567.13,32.93,16.05,entsoe.eu,false,
2024-04-28 14:00:00,North Macedonia,North Macedonia,MK,532.76,580.24,31.22,15.89,entsoe.eu,false,
2024-04-28 15:00:00,North Macedonia,North Macedonia,MK,552.25,600.29,28.43,15.97,entsoe.eu,false,
2024-04-28 16:00:00,North Macedonia,North Macedonia,MK,505.31,549.58,34.57,23.75,entsoe.eu,false,
2024-04-28 17:00:00,North Macedonia,North Macedonia,MK,406.37,445.54,46.88,38.24,entsoe.eu,false,
2024-04-28 18:00:00,North Macedonia,North Macedonia,MK,308.61,346.06,58.05,51.25,entsoe.eu,false,
2024-04-28 19:00:00,North Macedonia,North Macedonia,MK,307.43,345.08,58.43,50.95,entsoe.eu,false,
2024-04-28 20:00:00,North Macedonia,North Macedonia,MK,324.05,363.71,56.14,47.19,entsoe.eu,false,
2024-04-28 21:00:00,North Macedonia,North Macedonia,MK,375.12,414.92,50.19,36.2,entsoe.eu,false,
2024-04-28 22:00:00,North Macedonia,North Macedonia,MK,430.65,472.69,43.62,24.06,entsoe.eu,false,
2024-04-28 23:00:00,North Macedonia,North Macedonia,MK,505.28,551.61,34.08,12.58,entsoe.eu,false,
2024-04-29 00:00:00,North Macedonia,North Macedonia,MK,495.32,541.44,35.1,14.55,entsoe.eu,false,
2024-04-29 01:00:00,North Macedonia,North Macedonia,MK,487.35,533.61,35.87,16.49,entsoe.eu,false,
2024-04-29 02:00:00,North Macedonia,North Macedonia,MK,428.58,476.85,39.61,26.41,entsoe.eu,false,
2024-04-29 03:00:00,North Macedonia,North Macedonia,MK,358.72,409.91,44.2,38.38,entsoe.eu,false,
2024-04-29 04:00:00,North Macedonia,North Macedonia,MK,350.91,397.71,47.75,41.46,entsoe.eu,false,
2024-04-29 05:00:00,North Macedonia,North Macedonia,MK,298.86,342.36,55.33,50.37,entsoe.eu,false,
2024-04-29 06:00:00,North Macedonia,North Macedonia,MK,339.18,377.63,55.36,44.56,entsoe.eu,false,
2024-04-29 07:00:00,North Macedonia,North Macedonia,MK,342.42,381.54,55.12,44.86,entsoe.eu,false,
2024-04-29 08:00:00,North Macedonia,North Macedonia,MK,346.86,386.82,54.22,46.05,entsoe.eu,false,
2024-04-29 09:00:00,North Macedonia,North Macedonia,MK,375.41,416.58,50.66,41.35,entsoe.eu,false,
2024-04-29 10:00:00,North Macedonia,North Macedonia,MK,358.29,399.25,52.51,45.73,entsoe.eu,false,
2024-04-29 11:00:00,North Macedonia,North Macedonia,MK,383.36,425.08,49.61,40.48,entsoe.eu,false,
2024-04-29 12:00:00,North Macedonia,North Macedonia,MK,359.89,401.13,52.33,45.2,entsoe.eu,false,
2024-04-29 13:00:00,North Macedonia,North Macedonia,MK,357.76,398.42,52.7,45.12,entsoe.eu,false,
2024-04-29 14:00:00,North Macedonia,North Macedonia,MK,486.91,535.88,34.4,21.05,entsoe.eu,false,
2024-04-29 15:00:00,North Macedonia,North Macedonia,MK,424.95,475.18,39.01,27.82,entsoe.eu,false,
2024-04-29 16:00:00,North Macedonia,North Macedonia,MK,366.2,428.54,38.62,35.97,entsoe.eu,false,
2024-04-29 17:00:00,North Macedonia,North Macedonia,MK,337.61,401.04,40.69,40.66,entsoe.eu,false,
2024-04-29 18:00:00,North Macedonia,North Macedonia,MK,334.96,398.75,40.9,40.84,entsoe.eu,false,
2024-04-29 19:00:00,North Macedonia,North Macedonia,MK,334.88,397.75,41.63,41.49,entsoe.eu,false,
2024-04-29 20:00:00,North Macedonia,North Macedonia,MK,330.84,391.39,43.85,41.14,entsoe.eu,false,
2024-04-29 21:00:00,North Macedonia,North Macedonia,MK,349.31,411.86,39.7,36.64,entsoe.eu,false,
2024-04-29 22:00:00,North Macedonia,North Macedonia,MK,397.37,459.68,33.67,25.35,entsoe.eu,false,
2024-04-29 23:00:00,North Macedonia,North Macedonia,MK,461.59,530.03,24.07,11.73,entsoe.eu,false,
2024-04-30 00:00:00,North Macedonia,North Macedonia,MK,488.34,556.22,21.98,6.99,entsoe.eu,false,
2024-04-30 01:00:00,North Macedonia,North Macedonia,MK,481.6,549.4,22.7,7.92,entsoe.eu,false,
2024-04-30 02:00:00,North Macedonia,North Macedonia,MK,481.95,548.51,23.56,8.51,entsoe.eu,false,
2024-04-30 03:00:00,North Macedonia,North Macedonia,MK,463.62,531.08,24.52,11.12,entsoe.eu,false,
2024-04-30 04:00:00,North Macedonia,North Macedonia,MK,438.69,505.78,26.69,18.57,entsoe.eu,false,
2024-04-30 05:00:00,North Macedonia,North Macedonia,MK,430.51,494.97,29.14,22.14,entsoe.eu,false,
2024-04-30 06:00:00,North Macedonia,North Macedonia,MK,398.41,457.32,35.9,30.8,entsoe.eu,false,
2024-04-30 07:00:00,North Macedonia,North Macedonia,MK,409.59,461.27,39.87,31.05,entsoe.eu,false,
2024-04-30 08:00:00,North Macedonia,North Macedonia,MK,393.71,435.71,47.9,40.56,entsoe.eu,false,
2024-04-30 09:00:00,North Macedonia,North Macedonia,MK,398.81,440.88,47.48,38.86,entsoe.eu,false,
2024-04-30 10:00:00,North Macedonia,North Macedonia,MK,434.7,477.62,43.12,34.14,entsoe.eu,false,
2024-04-30 11:00:00,North Macedonia,North Macedonia,MK,457.0,500.95,40.44,29.99,entsoe.eu,false,
2024-04-30 12:00:00,North Macedonia,North Macedonia,MK,449.75,492.68,41.34,31.35,entsoe.eu,false,
2024-04-30 13:00:00,North Macedonia,North Macedonia,MK,460.21,504.11,40.09,28.23,entsoe.eu,false,
2024-04-30 14:00:00,North Macedonia,North Macedonia,MK,495.44,540.05,36.44,21.23,entsoe.eu,false,
2024-04-30 15:00:00,North Macedonia,North Macedonia,MK,444.02,485.61,42.76,28.43,entsoe.eu,false,
2024-04-30 16:00:00,North Macedonia,North Macedonia,MK,349.52,395.04,51.38,45.31,entsoe.eu,false,
2024-04-30 17:00:00,North Macedonia,North Macedonia,MK,311.8,357.18,54.69,52.19,entsoe.eu,false,
2024-04-30 18:00:00,North Macedonia,North Macedonia,MK,299.34,345.64,55.02,53.1,entsoe.eu,false,
2024-04-30 19:00:00,North Macedonia,North Macedonia,MK,314.04,360.72,52.68,51.05,entsoe.eu,false,
2024-04-30 20:00:00,North Macedonia,North Macedonia,MK,323.65,368.81,52.12,46.76,entsoe.eu,false,
2024-04-30 21:00:00,North Macedonia,North Macedonia,MK,338.38,388.63,46.9,41.42,entsoe.eu,false,
2024-04-30 22:00:00,North Macedonia,North Macedonia,MK,385.67,431.56,45.12,35.7,entsoe.eu,false,
2024-04-30 23:00:00,North Macedonia,North Macedonia,MK,436.87,484.76,39.46,27.68,entsoe.eu,false,
2024-05-01 00:00:00,North Macedonia,North Macedonia,MK,519.96,568.59,31.05,16.82,entsoe.eu,false,
2024-05-01 01:00:00,North Macedonia,North Macedonia,MK,606.1,657.79,20.69,8.35,entsoe.eu,false,
2024-05-01 02:00:00,North Macedonia,North Macedonia,MK,641.79,694.53,16.66,3.86,entsoe.eu,false,
2024-05-01 03:00:00,North Macedonia,North Macedonia,MK,616.7,668.01,19.98,5.64,entsoe.eu,false,
2024-05-01 04:00:00,North Macedonia,North Macedonia,MK,601.15,651.61,22.0,7.62,entsoe.eu,false,
2024-05-01 05:00:00,North Macedonia,North Macedonia,MK,576.87,626.17,25.24,11.23,entsoe.eu,false,
2024-05-01 06:00:00,North Macedonia,North Macedonia,MK,479.46,523.1,38.28,22.25,entsoe.eu,false,
2024-05-01 07:00:00,North Macedonia,North Macedonia,MK,537.25,584.81,30.48,16.39,entsoe.eu,false,
2024-05-01 08:00:00,North Macedonia,North Macedonia,MK,519.13,566.04,32.64,18.09,entsoe.eu,false,
2024-05-01 09:00:00,North Macedonia,North Macedonia,MK,535.04,582.75,30.65,16.02,entsoe.eu,false,
2024-05-01 10:00:00,North Macedonia,North Macedonia,MK,564.23,613.59,26.77,13.87,entsoe.eu,false,
2024-05-01 11:00:00,North Macedonia,North Macedonia,MK,578.07,628.14,24.99,12.93,entsoe.eu,false,
2024-05-01 12:00:00,North Macedonia,North Macedonia,MK,524.44,570.9,31.9,20.15,entsoe.eu,false,
2024-05-01 13:00:00,North Macedonia,North Macedonia,MK,520.41,566.57,32.36,21.35,entsoe.eu,false,
2024-05-01 14:00:00,North Macedonia,North Macedonia,MK,520.01,566.55,32.33,21.49,entsoe.eu,false,
2024-05-01 15:00:00,North Macedonia,North Macedonia,MK,556.62,605.09,27.12,20.02,entsoe.eu,false,
2024-05-01 16:00:00,North Macedonia,North Macedonia,MK,538.84,585.51,29.82,20.33,entsoe.eu,false,
2024-05-01 17:00:00,North Macedonia,North Macedonia,MK,504.32,548.14,34.62,24.93,entsoe.eu,false,
2024-05-01 18:00:00,North Macedonia,North Macedonia,MK,454.94,495.49,40.9,32.98,entsoe.eu,false,
2024-05-01 19:00:00,North Macedonia,North Macedonia,MK,454.62,495.29,40.98,31.22,entsoe.eu,false,
2024-05-01 20:00:00,North Macedonia,North Macedonia,MK,461.71,503.27,40.06,30.05,entsoe.eu,false,
2024-05-01 21:00:00,North Macedonia,North Macedonia,MK,495.54,539.3,35.66,24.93,entsoe.eu,false,
2024-05-01 22:00:00,North Macedonia,North Macedonia,MK,529.71,576.17,31.2,18.26,entsoe.eu,false,
2024-05-01 23:00:00,North Macedonia,North Macedonia,MK,568.34,617.24,26.0,13.69,entsoe.eu,false,
2024-05-02 00:00:00,North Macedonia,North Macedonia,MK,616.64,668.28,19.67,8.4,entsoe.eu,false,
2024-05-02 01:00:00,North Macedonia,North Macedonia,MK,622.61,674.5,18.94,7.4,entsoe.eu,false,
2024-05-02 02:00:00,North Macedonia,North Macedonia,MK,609.91,661.08,20.67,8.38,entsoe.eu,false,
2024-05-02 03:00:00,North Macedonia,North Macedonia,MK,584.59,633.96,24.05,12.8,entsoe.eu,false,
2024-05-02 04:00:00,North Macedonia,North Macedonia,MK,552.23,599.47,28.52,16.31,entsoe.eu,false,
2024-05-02 05:00:00,North Macedonia,North Macedonia,MK,500.0,544.38,35.34,22.5,entsoe.eu,false,
2024-05-02 06:00:00,North Macedonia,North Macedonia,MK,466.04,508.72,39.68,27.77,entsoe.eu,false,
2024-05-02 07:00:00,North Macedonia,North Macedonia,MK,448.83,490.92,42.05,29.18,entsoe.eu,false,
2024-05-02 08:00:00,North Macedonia,North Macedonia,MK,454.82,497.92,41.34,26.77,entsoe.eu,false,
2024-05-02 09:00:00,North Macedonia,North Macedonia,MK,511.7,558.33,33.75,19.86,entsoe.eu,false,
2024-05-02 10:00:00,North Macedonia,North Macedonia,MK,537.4,585.45,30.31,16.94,entsoe.eu,false,
2024-05-02 11:00:00,North Macedonia,North Macedonia,MK,561.42,610.88,27.06,14.54,entsoe.eu,false,
2024-05-02 12:00:00,North Macedonia,North Macedonia,MK,581.66,632.2,24.33,12.71,entsoe.eu,false,
2024-05-02 13:00:00,North Macedonia,North Macedonia,MK,620.41,672.78,19.09,9.98,entsoe.eu,false,
2024-05-02 14:00:00,North Macedonia,North Macedonia,MK,574.42,623.69,25.27,16.08,entsoe.eu,false,
2024-05-02 15:00:00,North Macedonia,North Macedonia,MK,567.28,615.44,26.1,18.58,entsoe.eu,false,
2024-05-02 16:00:00,North Macedonia,North Macedonia,MK,538.4,584.3,29.73,23.65,entsoe.eu,false,
2024-05-02 17:00:00,North Macedonia,North Macedonia,MK,472.89,514.27,37.79,37.79,entsoe.eu,false,
2024-05-02 18:00:00,North Macedonia,North Macedonia,MK,391.4,435.49,45.46,45.46,entsoe.eu,false,
2024-05-02 19:00:00,North Macedonia,North Macedonia,MK,416.9,459.64,42.92,42.33,entsoe.eu,false,
2024-05-02 20:00:00,North Macedonia,North Macedonia,MK,490.13,532.77,35.81,31.95,entsoe.eu,false,
2024-05-02 21:00:00,North Macedonia,North Macedonia,MK,530.35,575.74,30.55,25.51,entsoe.eu,false,
2024-05-02 22:00:00,North Macedonia,North Macedonia,MK,528.56,574.25,30.86,21.68,Electricity Maps Estimation,false,
2024-05-02 23:00:00,North Macedonia,North Macedonia,MK,598.01,647.98,21.65,14.23,Electricity Maps Estimation,false,
2024-05-03 00:00:00,North Macedonia,North Macedonia,MK,649.99,703.13,14.68,9.87,Electricity Maps Estimation,false,
2024-05-03 01:00:00,North Macedonia,North Macedonia,MK,640.03,692.66,16.05,9.69,Electricity Maps Estimation,false,
2024-05-03 02:00:00,North Macedonia,North Macedonia,MK,660.11,713.87,13.33,9.15,Electricity Maps Estimation,false,
2024-05-03 03:00:00,North Macedonia,North Macedonia,MK,655.71,709.05,13.81,12.04,Electricity Maps Estimation,true,ESTIMATED_TIME_SLICER_AVERAGE
2024-05-03 04:00:00,North Macedonia,North Macedonia,MK,581.52,630.13,23.71,20.67,Electricity Maps Estimation,true,ESTIMATED_TIME_SLICER_AVERAGE
2024-05-03 05:00:00,North Macedonia,North Macedonia,MK,407.36,454.76,42.06,42.06,Electricity Maps Estimation,true,ESTIMATED_TIME_SLICER_AVERAGE
2024-05-03 06:00:00,North Macedonia,North Macedonia,MK,305.51,349.31,55.16,55.16,Electricity Maps Estimation,false,
2024-05-03 07:00:00,North Macedonia,North Macedonia,MK,282.09,320.72,61.0,60.98,Electricity Maps Estimation,false,
2024-05-03 08:00:00,North Macedonia,North Macedonia,MK,279.76,318.68,61.37,61.09,Electricity Maps Estimation,false,
2024-05-03 09:00:00,North Macedonia,North Macedonia,MK,283.7,322.89,60.93,60.26,Electricity Maps Estimation,false,
2024-05-03 10:00:00,North Macedonia,North Macedonia,MK,274.46,313.5,62.07,61.55,Electricity Maps Estimation,false,
2024-05-03 11:00:00,North Macedonia,North Macedonia,MK,277.14,316.95,61.54,61.34,Electricity Maps Estimation,false,
2024-05-03 12:00:00,North Macedonia,North Macedonia,MK,281.18,321.0,60.93,60.93,Electricity Maps Estimation,false,
2024-05-03 13:00:00,North Macedonia,North Macedonia,MK,303.15,343.99,57.85,57.85,Electricity Maps Estimation,false,
2024-05-03 14:00:00,North Macedonia,North Macedonia,MK,304.11,344.33,57.5,57.38,Electricity Maps Estimation,false,
2024-05-03 15:00:00,North Macedonia,North Macedonia,MK,300.88,342.33,57.24,57.13,Electricity Maps Estimation,false,
2024-05-03 16:00:00,North Macedonia,North Macedonia,MK,317.64,366.31,54.35,54.35,Electricity Maps Estimation,false,
2024-05-03 17:00:00,North Macedonia,North Macedonia,MK,307.18,356.48,54.42,54.42,Electricity Maps Estimation,false,
2024-05-03 18:00:00,North Macedonia,North Macedonia,MK,306.88,357.55,53.71,53.71,Electricity Maps Estimation,false,
2024-05-03 19:00:00,North Macedonia,North Macedonia,MK,312.85,364.31,52.69,52.69,Electricity Maps Estimation,false,
2024-05-03 20:00:00,North Macedonia,North Macedonia,MK,344.09,395.75,48.3,48.3,Electricity Maps Estimation,true,ESTIMATED_TIME_SLICER_AVERAGE
2024-05-03 21:00:00,North Macedonia,North Macedonia,MK,396.84,446.24,41.47,39.98,Electricity Maps Estimation,true,ESTIMATED_TIME_SLICER_AVERAGE
2024-05-03 22:00:00,North Macedonia,North Macedonia,MK,394.05,447.03,39.46,39.46,entsoe.eu,false,
2024-05-03 23:00:00,North Macedonia,North Macedonia,MK,521.31,575.99,26.24,26.13,entsoe.eu,false,
2024-05-04 00:00:00,North Macedonia,North Macedonia,MK,511.67,568.25,26.24,26.24,entsoe.eu,false,
2024-05-04 01:00:00,North Macedonia,North Macedonia,MK,530.99,586.84,24.87,24.87,entsoe.eu,false,
2024-05-04 02:00:00,North Macedonia,North Macedonia,MK,463.58,522.23,30.48,30.48,entsoe.eu,false,
2024-05-04 03:00:00,North Macedonia,North Macedonia,MK,680.61,735.52,10.51,9.68,entsoe.eu,false,
2024-05-04 04:00:00,North Macedonia,North Macedonia,MK,538.0,585.11,29.03,25.03,entsoe.eu,false,
2024-05-04 05:00:00,North Macedonia,North Macedonia,MK,427.46,469.54,43.13,37.19,entsoe.eu,false,
2024-05-04 06:00:00,North Macedonia,North Macedonia,MK,390.53,430.43,48.09,40.58,entsoe.eu,false,
2024-05-04 07:00:00,North Macedonia,North Macedonia,MK,367.11,404.53,51.87,43.83,entsoe.eu,false,
2024-05-04 08:00:00,North Macedonia,North Macedonia,MK,396.17,434.36,48.62,39.09,entsoe.eu,false,
2024-05-04 09:00:00,North Macedonia,North Macedonia,MK,388.37,426.47,49.59,40.19,entsoe.eu,false,
2024-05-04 10:00:00,North Macedonia,North Macedonia,MK,395.61,433.69,48.81,38.62,entsoe.eu,false,
2024-05-04 11:00:00,North Macedonia,North Macedonia,MK,342.63,379.32,55.27,43.56,entsoe.eu,false,
2024-05-04 12:00:00,North Macedonia,North Macedonia,MK,336.06,372.35,56.0,44.7,entsoe.eu,false,
2024-05-04 13:00:00,North Macedonia,North Macedonia,MK,362.46,398.37,53.41,40.29,entsoe.eu,false,
2024-05-04 14:00:00,North Macedonia,North Macedonia,MK,360.19,395.49,53.53,42.59,entsoe.eu,false,
2024-05-04 15:00:00,North Macedonia,North Macedonia,MK,361.19,397.73,52.75,43.66,entsoe.eu,false,
2024-05-04 16:00:00,North Macedonia,North Macedonia,MK,344.7,382.43,53.63,48.48,entsoe.eu,false,
2024-05-04 17:00:00,North Macedonia,North Macedonia,MK,301.93,345.4,56.83,55.84,entsoe.eu,false,
2024-05-04 18:00:00,North Macedonia,North Macedonia,MK,287.37,328.38,58.91,57.86,entsoe.eu,false,
2024-05-04 19:00:00,North Macedonia,North Macedonia,MK,304.79,347.94,55.27,53.79,entsoe.eu,false,
2024-05-04 20:00:00,North Macedonia,North Macedonia,MK,315.34,354.73,54.76,53.05,entsoe.eu,false,
2024-05-04 21:00:00,North Macedonia,North Macedonia,MK,334.99,376.29,51.74,50.48,entsoe.eu,false,
2024-05-04 22:00:00,North Macedonia,North Macedonia,MK,373.25,419.13,45.74,45.33,entsoe.eu,false,
2024-05-04 23:00:00,North Macedonia,North Macedonia,MK,490.97,538.38,33.37,33.23,entsoe.eu,false,
2024-05-05 00:00:00,North Macedonia,North Macedonia,MK,480.83,529.81,33.6,33.6,entsoe.eu,false,
2024-05-05 01:00:00,North Macedonia,North Macedonia,MK,483.22,531.56,33.71,33.71,entsoe.eu,false,
2024-05-05 02:00:00,North Macedonia,North Macedonia,MK,495.71,544.28,32.49,32.49,entsoe.eu,false,
2024-05-05 03:00:00,North Macedonia,North Macedonia,MK,513.77,562.73,30.47,30.47,entsoe.eu,false,
2024-05-05 04:00:00,North Macedonia,North Macedonia,MK,451.13,496.97,38.83,38.26,entsoe.eu,false,
2024-05-05 05:00:00,North Macedonia,North Macedonia,MK,430.95,475.6,42.41,39.96,entsoe.eu,false,
2024-05-05 06:00:00,North Macedonia,North Macedonia,MK,356.77,398.93,51.94,49.3,entsoe.eu,false,
2024-05-05 07:00:00,North Macedonia,North Macedonia,MK,368.64,412.4,50.33,47.31,entsoe.eu,false,
2024-05-05 08:00:00,North Macedonia,North Macedonia,MK,448.49,495.8,40.23,36.41,entsoe.eu,false,
2024-05-05 09:00:00,North Macedonia,North Macedonia,MK,476.81,525.91,35.71,33.76,entsoe.eu,false,
2024-05-05 10:00:00,North Macedonia,North Macedonia,MK,495.0,545.39,33.25,31.2,entsoe.eu,false,
2024-05-05 11:00:00,North Macedonia,North Macedonia,MK,557.78,611.23,24.77,24.55,entsoe.eu,false,
2024-05-05 12:00:00,North Macedonia,North Macedonia,MK,541.64,594.92,26.49,26.49,entsoe.eu,false,
2024-05-05 13:00:00,North Macedonia,North Macedonia,MK,757.15,816.97,0.37,0.37,entsoe.eu,false,
2024-05-05 14:00:00,North Macedonia,North Macedonia,MK,747.4,806.63,1.65,1.64,entsoe.eu,false,
2024-05-05 15:00:00,North Macedonia,North Macedonia,MK,671.88,727.15,12.18,8.55,entsoe.eu,false,
2024-05-05 16:00:00,North Macedonia,North Macedonia,MK,614.93,666.29,19.93,15.41,entsoe.eu,false,
2024-05-05 17:00:00,North Macedonia,North Macedonia,MK,425.37,464.77,44.56,40.97,entsoe.eu,false,
2024-05-05 18:00:00,North Macedonia,North Macedonia,MK,380.95,416.8,50.85,46.09,entsoe.eu,false,
2024-05-05 19:00:00,North Macedonia,North Macedonia,MK,377.52,413.22,51.39,46.06,entsoe.eu,false,
2024-05-05 20:00:00,North Macedonia,North Macedonia,MK,441.03,481.01,42.83,37.51,entsoe.eu,false,
2024-05-05 21:00:00,North Macedonia,North Macedonia,MK,540.22,586.73,29.9,23.89,entsoe.eu,false,
2024-05-05 22:00:00,North Macedonia,North Macedonia,MK,599.08,649.35,22.0,16.67,entsoe.eu,false,
2024-05-05 23:00:00,North Macedonia,North Macedonia,MK,662.11,716.45,13.55,8.91,entsoe.eu,false,
2024-05-06 00:00:00,North Macedonia,North Macedonia,MK,695.83,752.15,8.97,5.5,entsoe.eu,false,
2024-05-06 01:00:00,North Macedonia,North Macedonia,MK,719.62,777.25,5.61,3.66,entsoe.eu,false,
2024-05-06 02:00:00,North Macedonia,North Macedonia,MK,714.14,771.53,6.39,3.98,entsoe.eu,false,
2024-05-06 03:00:00,North Macedonia,North Macedonia,MK,733.16,791.46,3.54,3.46,entsoe.eu,false,
2024-05-06 04:00:00,North Macedonia,North Macedonia,MK,579.2,628.19,24.47,20.36,entsoe.eu,false,
2024-05-06 05:00:00,North Macedonia,North Macedonia,MK,430.44,486.55,36.81,33.12,entsoe.eu,false,
2024-05-06 06:00:00,North Macedonia,North Macedonia,MK,378.7,428.12,46.86,42.3,entsoe.eu,false,
2024-05-06 07:00:00,North Macedonia,North Macedonia,MK,373.05,418.86,49.81,44.67,entsoe.eu,false,
2024-05-06 08:00:00,North Macedonia,North Macedonia,MK,388.4,433.43,48.84,42.05,entsoe.eu,false,
2024-05-06 09:00:00,North Macedonia,North Macedonia,MK,368.67,413.14,51.28,44.21,entsoe.eu,false,
2024-05-06 10:00:00,North Macedonia,North Macedonia,MK,395.33,440.53,48.15,40.34,entsoe.eu,false,
2024-05-06 11:00:00,North Macedonia,North Macedonia,MK,394.65,440.48,47.82,40.41,entsoe.eu,false,
2024-05-06 12:00:00,North Macedonia,North Macedonia,MK,426.43,473.49,43.73,36.67,entsoe.eu,false,
2024-05-06 13:00:00,North Macedonia,North Macedonia,MK,477.3,525.61,37.68,29.49,entsoe.eu,false,
2024-05-06 14:00:00,North Macedonia,North Macedonia,MK,562.42,612.27,27.63,19.01,entsoe.eu,false,
2024-05-06 15:00:00,North Macedonia,North Macedonia,MK,605.77,657.29,21.7,15.25,entsoe.eu,false,
2024-05-06 16:00:00,North Macedonia,North Macedonia,MK,544.26,590.6,29.07,26.6,entsoe.eu,false,
2024-05-06 17:00:00,North Macedonia,North Macedonia,MK,485.3,527.62,37.15,34.04,entsoe.eu,false,
2024-05-06 18:00:00,North Macedonia,North Macedonia,MK,485.04,527.49,37.04,33.64,entsoe.eu,false,
2024-05-06 19:00:00,North Macedonia,North Macedonia,MK,466.36,507.64,39.32,35.92,entsoe.eu,false,
2024-05-06 20:00:00,North Macedonia,North Macedonia,MK,477.11,519.11,37.83,34.72,entsoe.eu,false,
2024-05-06 21:00:00,North Macedonia,North Macedonia,MK,515.05,559.53,33.0,29.02,entsoe.eu,false,
2024-05-06 22:00:00,North Macedonia,North Macedonia,MK,592.76,642.6,22.84,17.45,entsoe.eu,false,
2024-05-06 23:00:00,North Macedonia,North Macedonia,MK,688.15,744.13,10.28,5.2,entsoe.eu,false,
2024-05-07 00:00:00,North Macedonia,North Macedonia,MK,702.77,759.6,8.16,3.93,entsoe.eu,false,
2024-05-07 01:00:00,North Macedonia,North Macedonia,MK,718.43,776.08,5.92,2.93,entsoe.eu,false,
2024-05-07 02:00:00,North Macedonia,North Macedonia,MK,732.29,790.74,3.92,2.04,entsoe.eu,false,
2024-05-07 03:00:00,North Macedonia,North Macedonia,MK,727.02,785.1,4.57,2.94,entsoe.eu,false,
2024-05-07 04:00:00,North Macedonia,North Macedonia,MK,640.94,695.45,14.93,13.49,entsoe.eu,false,
2024-05-07 05:00:00,North Macedonia,North Macedonia,MK,418.66,478.24,35.84,33.92,entsoe.eu,false,
2024-05-07 06:00:00,North Macedonia,North Macedonia,MK,343.14,397.02,47.12,46.72,entsoe.eu,false,
2024-05-07 07:00:00,North Macedonia,North Macedonia,MK,328.01,375.2,52.76,52.6,entsoe.eu,false,
2024-05-07 08:00:00,North Macedonia,North Macedonia,MK,314.04,357.7,56.33,55.94,entsoe.eu,false,
2024-05-07 09:00:00,North Macedonia,North Macedonia,MK,304.43,346.86,58.16,57.3,entsoe.eu,false,
2024-05-07 10:00:00,North Macedonia,North Macedonia,MK,310.3,353.44,57.04,56.77,entsoe.eu,false,
2024-05-07 11:00:00,North Macedonia,North Macedonia,MK,297.09,339.24,58.55,58.28,entsoe.eu,false,
2024-05-07 12:00:00,North Macedonia,North Macedonia,MK,316.25,360.86,55.01,54.55,entsoe.eu,false,
2024-05-07 13:00:00,North Macedonia,North Macedonia,MK,388.38,436.73,45.24,44.1,entsoe.eu,false,
2024-05-07 14:00:00,North Macedonia,North Macedonia,MK,510.9,557.91,32.07,30.35,entsoe.eu,false,
2024-05-07 15:00:00,North Macedonia,North Macedonia,MK,564.97,612.36,25.66,25.66,entsoe.eu,false,
2024-05-07 16:00:00,North Macedonia,North Macedonia,MK,428.76,483.51,36.15,36.15,entsoe.eu,false,
2024-05-07 17:00:00,North Macedonia,North Macedonia,MK,374.34,425.82,43.44,43.44,entsoe.eu,false,
2024-05-07 18:00:00,North Macedonia,North Macedonia,MK,354.56,408.22,45.06,45.06,entsoe.eu,false,
2024-05-07 19:00:00,North Macedonia,North Macedonia,MK,372.65,419.39,45.97,45.97,entsoe.eu,false,
2024-05-07 20:00:00,North Macedonia,North Macedonia,MK,478.37,520.14,37.11,36.75,entsoe.eu,false,
2024-05-07 21:00:00,North Macedonia,North Macedonia,MK,495.17,538.29,35.2,32.81,entsoe.eu,false,
2024-05-07 22:00:00,North Macedonia,North Macedonia,MK,611.81,663.08,20.4,13.91,entsoe.eu,false,
2024-05-07 23:00:00,North Macedonia,North Macedonia,MK,650.62,704.49,15.44,8.0,entsoe.eu,false,
2024-05-08 00:00:00,North Macedonia,North Macedonia,MK,668.05,722.83,13.0,6.82,entsoe.eu,false,
2024-05-08 01:00:00,North Macedonia,North Macedonia,MK,685.67,741.49,10.54,5.51,entsoe.eu,false,
2024-05-08 02:00:00,North Macedonia,North Macedonia,MK,678.46,733.94,11.46,6.09,entsoe.eu,false,
2024-05-08 03:00:00,North Macedonia,North Macedonia,MK,687.5,743.37,10.06,6.24,entsoe.eu,false,
2024-05-08 04:00:00,North Macedonia,North Macedonia,MK,637.46,689.59,16.12,16.12,entsoe.eu,false,
2024-05-08 05:00:00,North Macedonia,North Macedonia,MK,609.63,668.06,16.0,16.0,entsoe.eu,false,
2024-05-08 06:00:00,North Macedonia,North Macedonia,MK,446.44,508.69,31.42,31.42,entsoe.eu,false,
2024-05-08 07:00:00,North Macedonia,North Macedonia,MK,468.7,518.35,36.43,31.87,entsoe.eu,false,
2024-05-08 08:00:00,North Macedonia,North Macedonia,MK,376.69,424.82,46.62,43.63,entsoe.eu,false,
2024-05-08 09:00:00,North Macedonia,North Macedonia,MK,414.7,460.26,44.11,39.54,entsoe.eu,false,
2024-05-08 10:00:00,North Macedonia,North Macedonia,MK,406.52,455.44,42.7,41.55,entsoe.eu,false,
2024-05-08 11:00:00,North Macedonia,North Macedonia,MK,410.58,456.36,43.37,42.65,entsoe.eu,false,
2024-05-08 12:00:00,North Macedonia,North Macedonia,MK,499.25,546.12,33.14,32.61,entsoe.eu,false,
2024-05-08 13:00:00,North Macedonia,North Macedonia,MK,592.55,641.89,22.02,21.83,entsoe.eu,false,
2024-05-08 14:00:00,North Macedonia,North Macedonia,MK,594.14,643.48,21.8,21.8,entsoe.eu,false,
2024-05-08 15:00:00,North Macedonia,North Macedonia,MK,582.43,631.86,22.96,22.96,entsoe.eu,false,
2024-05-08 16:00:00,North Macedonia,North Macedonia,MK,551.96,598.5,27.37,27.37,entsoe.eu,false,
2024-05-08 17:00:00,North Macedonia,North Macedonia,MK,455.6,506.67,35.1,35.1,entsoe.eu,false,
2024-05-08 18:00:00,North Macedonia,North Macedonia,MK,394.62,453.14,37.96,37.95,entsoe.eu,false,
2024-05-08 19:00:00,North Macedonia,North Macedonia,MK,500.28,543.43,34.17,34.17,entsoe.eu,false,
2024-05-08 20:00:00,North Macedonia,North Macedonia,MK,521.69,566.4,31.62,30.3,entsoe.eu,false,
2024-05-08 21:00:00,North Macedonia,North Macedonia,MK,540.95,587.08,29.31,26.39,entsoe.eu,false,
2024-05-08 22:00:00,North Macedonia,North Macedonia,MK,591.72,641.16,22.3,20.07,entsoe.eu,false,
2024-05-08 23:00:00,North Macedonia,North Macedonia,MK,667.17,721.48,12.4,10.09,entsoe.eu,false,
2024-05-09 00:00:00,North Macedonia,North Macedonia,MK,725.22,783.13,4.65,3.62,entsoe.eu,false,
2024-05-09 01:00:00,North Macedonia,North Macedonia,MK,736.42,794.91,3.1,3.09,entsoe.eu,false,
2024-05-09 02:00:00,North Macedonia,North Macedonia,MK,733.89,792.23,3.44,3.44,entsoe.eu,false,
2024-05-09 03:00:00,North Macedonia,North Macedonia,MK,726.98,784.92,4.32,4.32,entsoe.eu,false,
2024-05-09 04:00:00,North Macedonia,North Macedonia,MK,599.88,657.53,17.07,17.07,entsoe.eu,false,
2024-05-09 05:00:00,North Macedonia,North Macedonia,MK,647.96,700.78,14.74,14.74,entsoe.eu,false,
2024-05-09 06:00:00,North Macedonia,North Macedonia,MK,656.27,709.63,13.65,13.65,entsoe.eu,false,
2024-05-09 07:00:00,North Macedonia,North Macedonia,MK,638.5,691.15,15.9,15.6,entsoe.eu,false,
2024-05-09 08:00:00,North Macedonia,North Macedonia,MK,661.92,716.72,12.68,11.66,entsoe.eu,false,
2024-05-09 09:00:00,North Macedonia,North Macedonia,MK,674.82,730.28,11.02,10.15,entsoe.eu,false,
2024-05-09 10:00:00,North Macedonia,North Macedonia,MK,677.47,732.99,10.7,10.04,entsoe.eu,false,
2024-05-09 11:00:00,North Macedonia,North Macedonia,MK,656.56,710.64,13.46,12.9,entsoe.eu,false,
2024-05-09 12:00:00,North Macedonia,North Macedonia,MK,626.37,678.53,17.44,16.81,entsoe.eu,false,
2024-05-09 13:00:00,North Macedonia,North Macedonia,MK,641.88,694.51,15.52,15.41,entsoe.eu,false,
2024-05-09 14:00:00,North Macedonia,North Macedonia,MK,562.4,610.37,25.86,25.23,entsoe.eu,false,
2024-05-09 15:00:00,North Macedonia,North Macedonia,MK,508.5,552.67,32.97,32.62,entsoe.eu,false,
2024-05-09 16:00:00,North Macedonia,North Macedonia,MK,454.5,505.66,35.46,35.45,entsoe.eu,false,
2024-05-09 17:00:00,North Macedonia,North Macedonia,MK,406.12,456.31,40.7,40.7,entsoe.eu,false,
2024-05-09 18:00:00,North Macedonia,North Macedonia,MK,391.39,441.67,41.8,41.8,entsoe.eu,false,
2024-05-09 19:00:00,North Macedonia,North Macedonia,MK,402.59,453.67,40.06,40.06,entsoe.eu,false,
2024-05-09 20:00:00,North Macedonia,North Macedonia,MK,417.41,466.84,39.19,39.19,entsoe.eu,false,
2024-05-09 21:00:00,North Macedonia,North Macedonia,MK,446.14,495.47,36.19,36.19,entsoe.eu,false,
2024-05-09 22:00:00,North Macedonia,North Macedonia,MK,381.71,436.18,40.36,40.36,entsoe.eu,false,
2024-05-09 23:00:00,North Macedonia,North Macedonia,MK,494.42,550.15,28.47,28.47,entsoe.eu,false,
2024-05-10 00:00:00,North Macedonia,North Macedonia,MK,586.83,642.42,19.37,19.37,entsoe.eu,false,
2024-05-10 01:00:00,North Macedonia,North Macedonia,MK,604.7,659.73,17.93,17.93,entsoe.eu,false,
2024-05-10 02:00:00,North Macedonia,North Macedonia,MK,573.48,627.26,21.72,21.72,entsoe.eu,false,
2024-05-10 03:00:00,North Macedonia,North Macedonia,MK,418.93,469.33,39.31,39.31,entsoe.eu,false,
2024-05-10 04:00:00,North Macedonia,North Macedonia,MK,425.21,473.37,40.58,40.58,entsoe.eu,false,
2024-05-10 05:00:00,North Macedonia,North Macedonia,MK,403.83,450.01,43.9,43.9,entsoe.eu,false,
2024-05-10 06:00:00,North Macedonia,North Macedonia,MK,332.91,376.31,52.72,52.72,entsoe.eu,false,
2024-05-10 07:00:00,North Macedonia,North Macedonia,MK,513.48,558.38,32.72,29.4,entsoe.eu,false,
2024-05-10 08:00:00,North Macedonia,North Macedonia,MK,541.41,589.05,29.35,22.53,entsoe.eu,false,
2024-05-10 09:00:00,North Macedonia,North Macedonia,MK,571.56,621.12,25.27,19.11,entsoe.eu,false,
2024-05-10 10:00:00,North Macedonia,North Macedonia,MK,582.87,632.95,23.7,18.58,entsoe.eu,false,
2024-05-10 11:00:00,North Macedonia,North Macedonia,MK,608.95,660.41,20.14,16.4,entsoe.eu,false,
2024-05-10 12:00:00,North Macedonia,North Macedonia,MK,677.06,732.17,10.94,10.03,entsoe.eu,false,
2024-05-10 13:00:00,North Macedonia,North Macedonia,MK,610.57,662.03,19.32,19.25,entsoe.eu,false,
2024-05-10 14:00:00,North Macedonia,North Macedonia,MK,420.68,467.0,41.35,41.35,entsoe.eu,false,
2024-05-10 15:00:00,North Macedonia,North Macedonia,MK,325.75,372.82,50.03,50.03,entsoe.eu,false,
2024-05-10 16:00:00,North Macedonia,North Macedonia,MK,323.03,369.46,51.17,51.17,entsoe.eu,false,
2024-05-10 17:00:00,North Macedonia,North Macedonia,MK,305.48,349.64,54.66,54.66,entsoe.eu,false,
2024-05-10 18:00:00,North Macedonia,North Macedonia,MK,301.37,346.46,54.8,54.8,entsoe.eu,false,
2024-05-10 19:00:00,North Macedonia,North Macedonia,MK,293.03,337.54,55.87,55.87,entsoe.eu,false,
2024-05-10 20:00:00,North Macedonia,North Macedonia,MK,320.5,367.12,50.18,50.18,entsoe.eu,false,
2024-05-10 21:00:00,North Macedonia,North Macedonia,MK,334.21,382.55,47.86,47.86,entsoe.eu,false,
2024-05-10 22:00:00,North Macedonia,North Macedonia,MK,374.6,423.79,43.52,43.52,entsoe.eu,false,
2024-05-10 23:00:00,North Macedonia,North Macedonia,MK,485.97,540.55,29.91,29.91,entsoe.eu,false,
2024-05-11 00:00:00,North Macedonia,North Macedonia,MK,469.94,522.63,32.44,32.44,entsoe.eu,false,
2024-05-11 01:00:00,North Macedonia,North Macedonia,MK,493.11,547.14,29.49,29.49,entsoe.eu,false,
2024-05-11 02:00:00,North Macedonia,North Macedonia,MK,532.83,585.9,26.12,26.12,entsoe.eu,false,
2024-05-11 03:00:00,North Macedonia,North Macedonia,MK,492.65,545.44,30.26,30.26,entsoe.eu,false,
2024-05-11 04:00:00,North Macedonia,North Macedonia,MK,585.03,636.22,21.98,21.98,entsoe.eu,false,
2024-05-11 05:00:00,North Macedonia,North Macedonia,MK,607.24,658.96,19.56,19.56,entsoe.eu,false,
2024-05-11 06:00:00,North Macedonia,North Macedonia,MK,588.31,639.37,22.44,20.0,entsoe.eu,false,
2024-05-11 07:00:00,North Macedonia,North Macedonia,MK,542.65,590.94,29.0,23.76,entsoe.eu,false,
2024-05-11 08:00:00,North Macedonia,North Macedonia,MK,510.46,556.96,33.32,27.02,entsoe.eu,false,
2024-05-11 09:00:00,North Macedonia,North Macedonia,MK,514.77,561.27,32.74,26.67,entsoe.eu,false,
2024-05-11 10:00:00,North Macedonia,North Macedonia,MK,544.38,592.83,28.83,22.71,entsoe.eu,false,
2024-05-11 11:00:00,North Macedonia,North Macedonia,MK,502.18,547.76,34.36,28.69,entsoe.eu,false,
2024-05-11 12:00:00,North Macedonia,North Macedonia,MK,517.16,562.74,32.2,28.86,entsoe.eu,false,
2024-05-11 13:00:00,North Macedonia,North Macedonia,MK,561.99,610.19,26.25,23.75,entsoe.eu,false,
2024-05-11 14:00:00,North Macedonia,North Macedonia,MK,590.59,639.87,22.27,22.16,entsoe.eu,false,
2024-05-11 15:00:00,North Macedonia,North Macedonia,MK,560.02,607.23,26.34,25.98,entsoe.eu,false,
2024-05-11 16:00:00,North Macedonia,North Macedonia,MK,513.22,560.18,31.72,31.72,entsoe.eu,false,
2024-05-11 17:00:00,North Macedonia,North Macedonia,MK,388.44,438.58,44.2,44.2,entsoe.eu,false,
2024-05-11 18:00:00,North Macedonia,North Macedonia,MK,378.05,429.03,45.02,45.02,entsoe.eu,false,
2024-05-11 19:00:00,North Macedonia,North Macedonia,MK,369.82,421.65,44.95,44.95,entsoe.eu,false,
2024-05-11 20:00:00,North Macedonia,North Macedonia,MK,433.83,485.4,37.97,37.97,entsoe.eu,false,
2024-05-11 21:00:00,North Macedonia,North Macedonia,MK,512.03,556.01,32.66,32.26,entsoe.eu,false,
2024-05-11 22:00:00,North Macedonia,North Macedonia,MK,564.34,612.68,26.32,19.6,entsoe.eu,false,
2024-05-11 23:00:00,North Macedonia,North Macedonia,MK,599.1,649.79,21.92,13.91,entsoe.eu,false,
2024-05-12 00:00:00,North Macedonia,North Macedonia,MK,623.42,675.89,18.64,10.28,entsoe.eu,false,
2024-05-12 01:00:00,North Macedonia,North Macedonia,MK,639.61,692.98,16.45,9.06,entsoe.eu,false,
2024-05-12 02:00:00,North Macedonia,North Macedonia,MK,609.08,660.51,20.54,12.69,entsoe.eu,false,
2024-05-12 03:00:00,North Macedonia,North Macedonia,MK,600.52,651.54,21.62,13.3,entsoe.eu,false,
2024-05-12 04:00:00,North Macedonia,North Macedonia,MK,558.85,606.9,26.99,20.59,entsoe.eu,false,
2024-05-12 05:00:00,North Macedonia,North Macedonia,MK,567.13,615.69,25.76,21.12,entsoe.eu,false,
2024-05-12 06:00:00,North Macedonia,North Macedonia,MK,577.87,627.5,24.33,19.72,entsoe.eu,false,
2024-05-12 07:00:00,North Macedonia,North Macedonia,MK,613.61,664.89,19.21,19.2,entsoe.eu,false,
2024-05-12 08:00:00,North Macedonia,North Macedonia,MK,629.52,681.25,17.15,17.15,entsoe.eu,false,
2024-05-12 09:00:00,North Macedonia,North Macedonia,MK,546.37,594.04,28.29,25.14,entsoe.eu,false,
2024-05-12 10:00:00,North Macedonia,North Macedonia,MK,559.13,607.5,26.6,23.87,entsoe.eu,false,
2024-05-12 11:00:00,North Macedonia,North Macedonia,MK,524.09,570.0,31.18,28.86,entsoe.eu,false,
2024-05-12 12:00:00,North Macedonia,North Macedonia,MK,491.51,535.0,35.31,34.61,entsoe.eu,false,
2024-05-12 13:00:00,North Macedonia,North Macedonia,MK,477.98,520.73,36.98,36.98,entsoe.eu,false,
2024-05-12 14:00:00,North Macedonia,North Macedonia,MK,491.78,536.27,35.04,35.02,entsoe.eu,false,
2024-05-12 15:00:00,North Macedonia,North Macedonia,MK,507.24,551.04,33.27,33.03,entsoe.eu,false,
2024-05-12 16:00:00,North Macedonia,North Macedonia,MK,471.66,513.5,38.01,36.4,entsoe.eu,false,
2024-05-12 17:00:00,North Macedonia,North Macedonia,MK,397.48,434.01,47.7,47.64,entsoe.eu,false,
2024-05-12 18:00:00,North Macedonia,North Macedonia,MK,368.62,413.09,47.92,47.91,entsoe.eu,false,
2024-05-12 19:00:00,North Macedonia,North Macedonia,MK,392.91,429.1,48.3,48.26,entsoe.eu,false,
2024-05-12 20:00:00,North Macedonia,North Macedonia,MK,443.7,483.31,41.6,41.45,entsoe.eu,false,
2024-05-12 21:00:00,North Macedonia,North Macedonia,MK,521.71,566.39,31.34,31.15,entsoe.eu,false,
2024-05-12 22:00:00,North Macedonia,North Macedonia,MK,580.7,629.43,23.71,22.0,entsoe.eu,false,
2024-05-12 23:00:00,North Macedonia,North Macedonia,MK,658.75,713.07,13.71,8.68,entsoe.eu,false,
2024-05-13 00:00:00,North Macedonia,North Macedonia,MK,652.15,706.09,14.58,9.31,entsoe.eu,false,
2024-05-13 01:00:00,North Macedonia,North Macedonia,MK,657.18,711.41,13.92,8.76,entsoe.eu,false,
2024-05-13 02:00:00,North Macedonia,North Macedonia,MK,655.23,709.31,14.13,9.16,entsoe.eu,false,
2024-05-13 03:00:00,North Macedonia,North Macedonia,MK,707.7,764.33,6.88,6.88,entsoe.eu,false,
2024-05-13 04:00:00,North Macedonia,North Macedonia,MK,617.2,676.95,13.96,13.96,entsoe.eu,false,
2024-05-13 05:00:00,North Macedonia,North Macedonia,MK,609.42,667.95,15.57,15.57,entsoe.eu,false,
2024-05-13 06:00:00,North Macedonia,North Macedonia,MK,514.95,562.13,32.86,24.31,entsoe.eu,false,
2024-05-13 07:00:00,North Macedonia,North Macedonia,MK,496.02,542.33,35.14,27.94,entsoe.eu,false,
2024-05-13 08:00:00,North Macedonia,North Macedonia,MK,457.71,503.37,39.69,32.64,entsoe.eu,false,
2024-05-13 09:00:00,North Macedonia,North Macedonia,MK,470.28,515.55,38.59,30.68,entsoe.eu,false,
2024-05-13 10:00:00,North Macedonia,North Macedonia,MK,440.89,484.32,42.33,35.06,entsoe.eu,false,
2024-05-13 11:00:00,North Macedonia,North Macedonia,MK,469.52,514.67,38.65,30.92,entsoe.eu,false,
2024-05-13 12:00:00,North Macedonia,North Macedonia,MK,464.0,508.0,39.25,33.04,entsoe.eu,false,
2024-05-13 13:00:00,North Macedonia,North Macedonia,MK,506.47,552.47,33.59,28.69,entsoe.eu,false,
2024-05-13 14:00:00,North Macedonia,North Macedonia,MK,495.4,545.76,32.06,29.36,entsoe.eu,false,
2024-05-13 15:00:00,North Macedonia,North Macedonia,MK,581.32,630.21,23.57,22.25,entsoe.eu,false,
2024-05-13 16:00:00,North Macedonia,North Macedonia,MK,476.67,539.07,28.18,28.18,entsoe.eu,false,
2024-05-13 17:00:00,North Macedonia,North Macedonia,MK,391.36,443.99,41.15,41.15,entsoe.eu,false,
2024-05-13 18:00:00,North Macedonia,North Macedonia,MK,380.07,434.4,41.68,41.68,entsoe.eu,false,
2024-05-13 19:00:00,North Macedonia,North Macedonia,MK,399.81,456.69,38.5,38.5,entsoe.eu,false,
2024-05-13 20:00:00,North Macedonia,North Macedonia,MK,507.54,561.17,28.66,28.66,entsoe.eu,false,
2024-05-13 21:00:00,North Macedonia,North Macedonia,MK,582.59,631.1,23.34,23.32,entsoe.eu,false,
2024-05-13 22:00:00,North Macedonia,North Macedonia,MK,700.46,756.67,7.81,7.63,entsoe.eu,false,
2024-05-13 23:00:00,North Macedonia,North Macedonia,MK,728.16,786.17,4.17,4.03,entsoe.eu,false,
2024-05-14 00:00:00,North Macedonia,North Macedonia,MK,744.38,803.37,2.06,2.06,entsoe.eu,false,
2024-05-14 01:00:00,North Macedonia,North Macedonia,MK,746.11,805.22,1.82,1.8,entsoe.eu,false,
2024-05-14 02:00:00,North Macedonia,North Macedonia,MK,743.12,802.07,2.21,2.14,entsoe.eu,false,
2024-05-14 03:00:00,North Macedonia,North Macedonia,MK,740.82,799.59,2.52,2.52,entsoe.eu,false,
2024-05-14 04:00:00,North Macedonia,North Macedonia,MK,636.13,700.31,9.6,9.6,entsoe.eu,false,
2024-05-14 05:00:00,North Macedonia,North Macedonia,MK,559.59,629.38,14.5,14.5,entsoe.eu,false,
2024-05-14 06:00:00,North Macedonia,North Macedonia,MK,656.48,715.86,10.82,9.32,entsoe.eu,false,
2024-05-14 07:00:00,North Macedonia,North Macedonia,MK,554.04,604.21,27.59,20.01,entsoe.eu,false,
2024-05-14 08:00:00,North Macedonia,North Macedonia,MK,511.95,560.36,33.15,24.12,entsoe.eu,false,
2024-05-14 09:00:00,North Macedonia,North Macedonia,MK,482.19,528.37,37.06,28.55,entsoe.eu,false,
2024-05-14 10:00:00,North Macedonia,North Macedonia,MK,478.95,524.52,37.45,29.43,entsoe.eu,false,
2024-05-14 11:00:00,North Macedonia,North Macedonia,MK,438.17,485.36,40.21,34.44,entsoe.eu,false,
2024-05-14 12:00:00,North Macedonia,North Macedonia,MK,419.21,469.33,40.04,36.21,entsoe.eu,false,
2024-05-14 13:00:00,North Macedonia,North Macedonia,MK,418.02,472.18,37.27,34.91,entsoe.eu,false,
2024-05-14 14:00:00,North Macedonia,North Macedonia,MK,441.94,503.17,30.31,30.24,entsoe.eu,false,
2024-05-14 15:00:00,North Macedonia,North Macedonia,MK,522.0,576.64,25.97,24.99,entsoe.eu,false,
2024-05-14 16:00:00,North Macedonia,North Macedonia,MK,503.75,567.26,22.83,22.83,entsoe.eu,false,
2024-05-14 17:00:00,North Macedonia,North Macedonia,MK,444.0,508.56,28.85,28.85,entsoe.eu,false,
2024-05-14 18:00:00,North Macedonia,North Macedonia,MK,436.42,498.63,31.28,31.28,entsoe.eu,false,
2024-05-14 19:00:00,North Macedonia,North Macedonia,MK,464.28,527.61,27.4,27.4,entsoe.eu,false,
2024-05-14 20:00:00,North Macedonia,North Macedonia,MK,595.01,644.45,21.75,21.13,entsoe.eu,false,
2024-05-14 21:00:00,North Macedonia,North Macedonia,MK,624.29,675.49,17.85,17.84,entsoe.eu,false,
2024-05-14 22:00:00,North Macedonia,North Macedonia,MK,603.27,653.1,20.62,20.62,entsoe.eu,false,
2024-05-14 23:00:00,North Macedonia,North Macedonia,MK,707.21,763.78,6.95,6.95,entsoe.eu,false,
2024-05-15 00:00:00,North Macedonia,North Macedonia,MK,712.3,769.21,6.28,6.28,entsoe.eu,false,
2024-05-15 01:00:00,North Macedonia,North Macedonia,MK,713.18,770.2,6.15,6.08,entsoe.eu,false,
2024-05-15 02:00:00,North Macedonia,North Macedonia,MK,707.7,764.35,6.88,6.86,entsoe.eu,false,
2024-05-15 03:00:00,North Macedonia,North Macedonia,MK,693.71,749.52,8.7,8.63,entsoe.eu,false,
2024-05-15 04:00:00,North Macedonia,North Macedonia,MK,639.22,691.46,15.89,15.88,entsoe.eu,false,
2024-05-15 05:00:00,North Macedonia,North Macedonia,MK,571.88,628.77,19.94,19.94,entsoe.eu,false,
2024-05-15 06:00:00,North Macedonia,North Macedonia,MK,483.75,543.81,27.13,27.13,entsoe.eu,false,
2024-05-15 07:00:00,North Macedonia,North Macedonia,MK,518.3,566.87,29.68,29.68,entsoe.eu,false,
2024-05-15 08:00:00,North Macedonia,North Macedonia,MK,444.54,488.51,39.82,37.95,entsoe.eu,false,
2024-05-15 09:00:00,North Macedonia,North Macedonia,MK,440.96,481.63,42.28,38.34,entsoe.eu,false,
2024-05-15 10:00:00,North Macedonia,North Macedonia,MK,461.89,503.4,39.43,36.75,entsoe.eu,false,
2024-05-15 11:00:00,North Macedonia,North Macedonia,MK,420.66,467.06,40.46,40.45,entsoe.eu,false,
2024-05-15 12:00:00,North Macedonia,North Macedonia,MK,433.51,483.72,37.46,37.46,entsoe.eu,false,
2024-05-15 13:00:00,North Macedonia,North Macedonia,MK,437.24,495.07,33.15,33.15,entsoe.eu,false,
2024-05-15 14:00:00,North Macedonia,North Macedonia,MK,425.47,483.2,33.7,33.7,entsoe.eu,false,
2024-05-15 15:00:00,North Macedonia,North Macedonia,MK,475.02,518.34,36.53,36.51,entsoe.eu,false,
2024-05-15 16:00:00,North Macedonia,North Macedonia,MK,462.7,513.41,33.94,33.93,entsoe.eu,false,
2024-05-15 17:00:00,North Macedonia,North Macedonia,MK,449.01,497.69,36.42,36.42,entsoe.eu,false,
2024-05-15 18:00:00,North Macedonia,North Macedonia,MK,446.8,498.24,35.31,35.3,entsoe.eu,false,
2024-05-15 19:00:00,North Macedonia,North Macedonia,MK,438.06,494.8,33.32,33.32,entsoe.eu,false,
2024-05-15 20:00:00,North Macedonia,North Macedonia,MK,543.86,589.81,28.44,28.26,entsoe.eu,false,
2024-05-15 21:00:00,North Macedonia,North Macedonia,MK,553.81,600.69,27.07,26.69,entsoe.eu,false,
2024-05-15 22:00:00,North Macedonia,North Macedonia,MK,674.05,728.59,11.28,11.15,entsoe.eu,false,
2024-05-15 23:00:00,North Macedonia,North Macedonia,MK,742.74,801.69,2.25,2.16,entsoe.eu,false,
2024-05-16 00:00:00,North Macedonia,North Macedonia,MK,753.16,812.73,0.89,0.87,entsoe.eu,false,
2024-05-16 01:00:00,North Macedonia,North Macedonia,MK,751.34,810.82,1.13,1.07,entsoe.eu,false,
2024-05-16 02:00:00,North Macedonia,North Macedonia,MK,743.44,802.37,2.18,2.18,entsoe.eu,false,
2024-05-16 03:00:00,North Macedonia,North Macedonia,MK,711.65,768.57,6.35,6.31,entsoe.eu,false,
2024-05-16 04:00:00,North Macedonia,North Macedonia,MK,680.34,735.26,10.48,10.47,entsoe.eu,false,
2024-05-16 05:00:00,North Macedonia,North Macedonia,MK,564.79,612.19,25.69,25.69,entsoe.eu,false,
2024-05-16 06:00:00,North Macedonia,North Macedonia,MK,495.49,538.68,34.86,33.88,entsoe.eu,false,
2024-05-16 07:00:00,North Macedonia,North Macedonia,MK,430.89,471.26,43.72,38.72,entsoe.eu,false,
2024-05-16 08:00:00,North Macedonia,North Macedonia,MK,402.83,442.09,47.55,41.03,entsoe.eu,false,
2024-05-16 09:00:00,North Macedonia,North Macedonia,MK,408.9,448.17,46.63,41.34,entsoe.eu,false,
2024-05-16 10:00:00,North Macedonia,North Macedonia,MK,410.96,450.18,46.39,41.3,entsoe.eu,false,
2024-05-16 11:00:00,North Macedonia,North Macedonia,MK,408.16,446.79,46.71,42.58,entsoe.eu,false,
2024-05-16 12:00:00,North Macedonia,North Macedonia,MK,448.27,488.87,41.17,38.97,entsoe.eu,false,
2024-05-16 13:00:00,North Macedonia,North Macedonia,MK,518.46,562.86,31.78,31.76,entsoe.eu,false,
2024-05-16 14:00:00,North Macedonia,North Macedonia,MK,514.15,558.3,32.34,32.31,entsoe.eu,false,
2024-05-16 15:00:00,North Macedonia,North Macedonia,MK,489.03,531.55,35.63,35.57,entsoe.eu,false,
2024-05-16 16:00:00,North Macedonia,North Macedonia,MK,449.8,495.12,38.09,38.08,entsoe.eu,false,
2024-05-16 17:00:00,North Macedonia,North Macedonia,MK,431.69,470.66,43.07,43.04,entsoe.eu,false,
2024-05-16 18:00:00,North Macedonia,North Macedonia,MK,412.18,455.14,42.99,42.97,entsoe.eu,false,
2024-05-16 19:00:00,North Macedonia,North Macedonia,MK,425.18,472.78,39.38,39.37,entsoe.eu,false,
2024-05-16 20:00:00,North Macedonia,North Macedonia,MK,542.06,587.93,28.67,28.62,entsoe.eu,false,
2024-05-16 21:00:00,North Macedonia,North Macedonia,MK,608.91,659.29,19.82,19.72,entsoe.eu,false,
2024-05-16 22:00:00,North Macedonia,North Macedonia,MK,692.82,748.6,8.79,8.65,entsoe.eu,false,
2024-05-16 23:00:00,North Macedonia,North Macedonia,MK,725.74,783.74,4.42,4.21,entsoe.eu,false,
2024-05-17 00:00:00,North Macedonia,North Macedonia,MK,741.71,800.6,2.38,2.3,entsoe.eu,false,
2024-05-17 01:00:00,North Macedonia,North Macedonia,MK,752.37,811.87,1.0,1.0,entsoe.eu,false,
2024-05-17 02:00:00,North Macedonia,North Macedonia,MK,749.88,809.24,1.33,1.33,entsoe.eu,false,
2024-05-17 03:00:00,North Macedonia,North Macedonia,MK,747.77,806.99,1.61,1.61,entsoe.eu,false,
2024-05-17 04:00:00,North Macedonia,North Macedonia,MK,689.53,745.0,9.27,9.26,entsoe.eu,false,
2024-05-17 05:00:00,North Macedonia,North Macedonia,MK,663.91,717.74,12.64,12.64,entsoe.eu,false,
2024-05-17 06:00:00,North Macedonia,North Macedonia,MK,676.19,730.79,11.03,11.03,entsoe.eu,false,
2024-05-17 07:00:00,North Macedonia,North Macedonia,MK,487.67,537.86,32.11,31.18,entsoe.eu,false,
2024-05-17 08:00:00,North Macedonia,North Macedonia,MK,458.31,501.16,39.31,36.91,entsoe.eu,false,
2024-05-17 09:00:00,North Macedonia,North Macedonia,MK,466.22,508.99,38.79,35.57,entsoe.eu,false,
2024-05-17 10:00:00,North Macedonia,North Macedonia,MK,480.34,526.68,35.14,33.97,entsoe.eu,false,
2024-05-17 11:00:00,North Macedonia,North Macedonia,MK,490.23,540.9,31.81,31.7,entsoe.eu,false,
2024-05-17 12:00:00,North Macedonia,North Macedonia,MK,548.68,598.98,26.06,25.93,entsoe.eu,false,
2024-05-17 13:00:00,North Macedonia,North Macedonia,MK,604.42,654.52,20.44,20.3,entsoe.eu,false,
2024-05-17 14:00:00,North Macedonia,North Macedonia,MK,645.36,697.97,15.07,15.06,entsoe.eu,false,
2024-05-17 15:00:00,North Macedonia,North Macedonia,MK,631.29,682.99,16.92,16.92,entsoe.eu,false,
2024-05-17 16:00:00,North Macedonia,North Macedonia,MK,588.34,637.25,22.59,22.58,entsoe.eu,false,
2024-05-17 17:00:00,North Macedonia,North Macedonia,MK,573.92,621.71,24.63,24.59,entsoe.eu,false,
2024-05-17 18:00:00,North Macedonia,North Macedonia,MK,515.76,570.41,27.5,27.49,entsoe.eu,false,
2024-05-17 19:00:00,North Macedonia,North Macedonia,MK,566.97,614.38,25.46,25.44,entsoe.eu,false,
2024-05-17 20:00:00,North Macedonia,North Macedonia,MK,570.24,617.94,24.97,24.97,entsoe.eu,false,
2024-05-17 21:00:00,North Macedonia,North Macedonia,MK,582.96,631.48,23.28,23.2,entsoe.eu,false,
2024-05-17 22:00:00,North Macedonia,North Macedonia,MK,676.09,730.76,11.02,10.9,entsoe.eu,false,
2024-05-17 23:00:00,North Macedonia,North Macedonia,MK,721.16,778.97,4.99,4.48,entsoe.eu,false,
2024-05-18 00:00:00,North Macedonia,North Macedonia,MK,719.26,776.87,5.26,4.89,entsoe.eu,false,
2024-05-18 01:00:00,North Macedonia,North Macedonia,MK,729.86,788.24,3.84,3.34,entsoe.eu,false,
2024-05-18 02:00:00,North Macedonia,North Macedonia,MK,717.59,775.09,5.48,5.1,entsoe.eu,false,
2024-05-18 03:00:00,North Macedonia,North Macedonia,MK,717.42,774.91,5.54,4.98,entsoe.eu,false,
2024-05-18 04:00:00,North Macedonia,North Macedonia,MK,644.6,697.12,15.18,15.18,entsoe.eu,false,
2024-05-18 05:00:00,North Macedonia,North Macedonia,MK,615.16,666.49,19.23,16.77,entsoe.eu,false,
2024-05-18 06:00:00,North Macedonia,North Macedonia,MK,541.59,589.42,29.06,23.82,entsoe.eu,false,
2024-05-18 07:00:00,North Macedonia,North Macedonia,MK,546.4,595.13,28.66,22.56,entsoe.eu,false,
2024-05-18 08:00:00,North Macedonia,North Macedonia,MK,552.56,602.51,27.85,21.06,entsoe.eu,false,
2024-05-18 09:00:00,North Macedonia,North Macedonia,MK,546.53,596.86,28.64,21.07,entsoe.eu,false,
2024-05-18 10:00:00,North Macedonia,North Macedonia,MK,570.89,622.32,25.34,18.81,entsoe.eu,false,
2024-05-18 11:00:00,North Macedonia,North Macedonia,MK,555.37,605.93,27.38,20.58,entsoe.eu,false,
2024-05-18 12:00:00,North Macedonia,North Macedonia,MK,571.33,622.3,25.18,19.47,entsoe.eu,false,
2024-05-18 13:00:00,North Macedonia,North Macedonia,MK,612.72,665.79,19.61,14.84,entsoe.eu,false,
2024-05-18 14:00:00,North Macedonia,North Macedonia,MK,608.8,661.5,20.12,15.01,entsoe.eu,false,
2024-05-18 15:00:00,North Macedonia,North Macedonia,MK,620.37,673.13,18.56,14.03,entsoe.eu,false,
2024-05-18 16:00:00,North Macedonia,North Macedonia,MK,626.94,678.36,17.51,17.51,entsoe.eu,false,
2024-05-18 17:00:00,North Macedonia,North Macedonia,MK,516.0,560.28,32.06,32.02,entsoe.eu,false,
2024-05-18 18:00:00,North Macedonia,North Macedonia,MK,499.57,542.62,34.24,34.2,entsoe.eu,false,
2024-05-18 19:00:00,North Macedonia,North Macedonia,MK,510.3,554.01,32.92,32.89,entsoe.eu,false,
2024-05-18 20:00:00,North Macedonia,North Macedonia,MK,592.96,642.24,22.06,21.04,entsoe.eu,false,
2024-05-18 21:00:00,North Macedonia,North Macedonia,MK,580.5,629.53,23.78,20.49,entsoe.eu,false,
2024-05-18 22:00:00,North Macedonia,North Macedonia,MK,646.44,699.53,15.03,12.87,entsoe.eu,false,
2024-05-18 23:00:00,North Macedonia,North Macedonia,MK,680.6,735.83,10.53,8.59,entsoe.eu,false,
2024-05-19 00:00:00,North Macedonia,North Macedonia,MK,702.79,759.31,7.58,6.37,entsoe.eu,false,
2024-05-19 01:00:00,North Macedonia,North Macedonia,MK,709.3,766.37,6.75,4.89,entsoe.eu,false,
2024-05-19 02:00:00,North Macedonia,North Macedonia,MK,720.08,777.69,5.33,4.16,entsoe.eu,false,
2024-05-19 03:00:00,North Macedonia,North Macedonia,MK,691.41,747.79,9.32,4.8,entsoe.eu,false,
2024-05-19 04:00:00,North Macedonia,North Macedonia,MK,677.25,732.93,11.22,6.16,entsoe.eu,false,
2024-05-19 05:00:00,North Macedonia,North Macedonia,MK,646.12,700.16,15.41,9.7,entsoe.eu,false,
2024-05-19 06:00:00,North Macedonia,North Macedonia,MK,594.01,644.4,22.15,18.35,entsoe.eu,false,
2024-05-19 07:00:00,North Macedonia,North Macedonia,MK,552.74,600.74,27.68,23.21,entsoe.eu,false,
2024-05-19 08:00:00,North Macedonia,North Macedonia,MK,531.12,577.46,30.46,26.9,entsoe.eu,false,
2024-05-19 09:00:00,North Macedonia,North Macedonia,MK,605.79,656.6,20.44,18.4,entsoe.eu,false,
2024-05-19 10:00:00,North Macedonia,North Macedonia,MK,643.99,697.1,15.36,13.9,entsoe.eu,false,
2024-05-19 11:00:00,North Macedonia,North Macedonia,MK,700.63,757.12,7.8,7.34,entsoe.eu,false,
2024-05-19 12:00:00,North Macedonia,North Macedonia,MK,695.84,751.97,8.4,8.11,entsoe.eu,false,
2024-05-19 13:00:00,North Macedonia,North Macedonia,MK,683.49,739.04,10.0,9.39,entsoe.eu,false,
2024-05-19 14:00:00,North Macedonia,North Macedonia,MK,637.2,689.87,16.06,15.23,entsoe.eu,false,
2024-05-19 15:00:00,North Macedonia,North Macedonia,MK,606.99,657.73,20.12,18.61,entsoe.eu,false,
2024-05-19 16:00:00,North Macedonia,North Macedonia,MK,599.41,649.09,21.1,21.02,entsoe.eu,false,
2024-05-19 17:00:00,North Macedonia,North Macedonia,MK,545.3,591.38,28.24,28.17,entsoe.eu,false,
2024-05-19 18:00:00,North Macedonia,North Macedonia,MK,514.33,560.96,31.31,31.27,entsoe.eu,false,
2024-05-19 19:00:00,North Macedonia,North Macedonia,MK,540.1,585.82,28.94,28.92,entsoe.eu,false,
2024-05-19 20:00:00,North Macedonia,North Macedonia,MK,587.81,636.89,22.74,21.33,entsoe.eu,false,
2024-05-19 21:00:00,North Macedonia,North Macedonia,MK,597.79,647.7,21.58,19.51,entsoe.eu,false,
2024-05-19 22:00:00,North Macedonia,North Macedonia,MK,743.21,802.15,2.2,2.14,entsoe.eu,false,
2024-05-19 23:00:00,North Macedonia,North Macedonia,MK,754.83,814.5,0.68,0.68,entsoe.eu,false,
2024-05-20 00:00:00,North Macedonia,North Macedonia,MK,757.49,817.33,0.33,0.33,entsoe.eu,false,
2024-05-20 01:00:00,North Macedonia,North Macedonia,MK,758.76,818.68,0.16,0.16,entsoe.eu,false,
2024-05-20 02:00:00,North Macedonia,North Macedonia,MK,760.0,820.0,0.0,0.0,entsoe.eu,false,
2024-05-20 03:00:00,North Macedonia,North Macedonia,MK,755.13,814.81,0.64,0.64,entsoe.eu,false,
2024-05-20 04:00:00,North Macedonia,North Macedonia,MK,726.06,783.87,4.47,4.47,entsoe.eu,false,
2024-05-20 05:00:00,North Macedonia,North Macedonia,MK,697.27,753.21,8.25,8.25,entsoe.eu,false,
2024-05-20 06:00:00,North Macedonia,North Macedonia,MK,656.4,709.7,13.63,13.63,entsoe.eu,false,
2024-05-20 07:00:00,North Macedonia,North Macedonia,MK,581.71,630.94,23.65,21.31,entsoe.eu,false,
2024-05-20 08:00:00,North Macedonia,North Macedonia,MK,596.23,646.91,21.84,18.36,entsoe.eu,false,
2024-05-20 09:00:00,North Macedonia,North Macedonia,MK,614.29,666.68,19.56,14.98,entsoe.eu,false,
2024-05-20 10:00:00,North Macedonia,North Macedonia,MK,649.92,704.57,14.86,10.51,entsoe.eu,false,
2024-05-20 11:00:00,North Macedonia,North Macedonia,MK,631.98,685.42,17.19,13.2,entsoe.eu,false,
2024-05-20 12:00:00,North Macedonia,North Macedonia,MK,656.96,711.55,13.78,10.94,entsoe.eu,false,
2024-05-20 13:00:00,North Macedonia,North Macedonia,MK,646.96,700.99,15.24,11.93,entsoe.eu,false,
2024-05-20 14:00:00,North Macedonia,North Macedonia,MK,625.7,678.53,18.06,13.98,entsoe.eu,false,
2024-05-20 15:00:00,North Macedonia,North Macedonia,MK,653.02,706.78,14.26,11.92,entsoe.eu,false,
2024-05-20 16:00:00,North Macedonia,North Macedonia,MK,578.04,626.27,23.94,23.93,entsoe.eu,false,
2024-05-20 17:00:00,North Macedonia,North Macedonia,MK,501.37,545.36,33.69,33.63,entsoe.eu,false,
2024-05-20 18:00:00,North Macedonia,North Macedonia,MK,505.8,549.73,33.21,33.1,entsoe.eu,false,
2024-05-20 19:00:00,North Macedonia,North Macedonia,MK,504.88,548.32,33.56,33.52,entsoe.eu,false,
2024-05-20 20:00:00,North Macedonia,North Macedonia,MK,544.06,590.04,28.4,28.32,entsoe.eu,false,
2024-05-20 21:00:00,North Macedonia,North Macedonia,MK,647.06,700.17,14.99,13.16,entsoe.eu,false,
2024-05-20 22:00:00,North Macedonia,North Macedonia,MK,682.29,737.58,10.11,9.68,entsoe.eu,false,
2024-05-20 23:00:00,North Macedonia,North Macedonia,MK,706.69,763.57,6.91,6.43,entsoe.eu,false,
2024-05-21 00:00:00,North Macedonia,North Macedonia,MK,729.58,788.01,3.87,3.38,entsoe.eu,false,
2024-05-21 01:00:00,North Macedonia,North Macedonia,MK,729.12,787.59,3.91,3.36,entsoe.eu,false,
2024-05-21 02:00:00,North Macedonia,North Macedonia,MK,729.28,787.7,3.9,3.36,entsoe.eu,false,
2024-05-21 03:00:00,North Macedonia,North Macedonia,MK,744.25,803.32,2.04,1.93,entsoe.eu,false,
2024-05-21 04:00:00,North Macedonia,North Macedonia,MK,631.08,682.74,16.96,16.96,entsoe.eu,false,
2024-05-21 05:00:00,North Macedonia,North Macedonia,MK,605.46,655.45,20.33,20.33,entsoe.eu,false,
2024-05-21 06:00:00,North Macedonia,North Macedonia,MK,509.7,553.47,32.93,32.93,entsoe.eu,false,
2024-05-21 07:00:00,North Macedonia,North Macedonia,MK,596.73,650.1,20.09,18.93,entsoe.eu,false,
2024-05-21 08:00:00,North Macedonia,North Macedonia,MK,635.33,690.5,15.82,13.76,entsoe.eu,false,
2024-05-21 09:00:00,North Macedonia,North Macedonia,MK,449.57,501.0,37.27,35.47,entsoe.eu,false,
2024-05-21 10:00:00,North Macedonia,North Macedonia,MK,617.62,671.65,18.21,16.28,entsoe.eu,false,
2024-05-21 11:00:00,North Macedonia,North Macedonia,MK,523.82,574.29,29.67,27.79,entsoe.eu,false,
2024-05-21 12:00:00,North Macedonia,North Macedonia,MK,423.08,473.47,40.13,38.93,entsoe.eu,false,
2024-05-21 13:00:00,North Macedonia,North Macedonia,MK,504.57,557.49,30.12,29.25,entsoe.eu,false,
2024-05-21 14:00:00,North Macedonia,North Macedonia,MK,625.92,679.79,16.93,15.12,entsoe.eu,false,
2024-05-21 15:00:00,North Macedonia,North Macedonia,MK,578.69,626.95,23.86,23.86,entsoe.eu,false,
2024-05-21 16:00:00,North Macedonia,North Macedonia,MK,469.61,519.31,34.13,34.13,entsoe.eu,false,
2024-05-21 17:00:00,North Macedonia,North Macedonia,MK,446.76,491.39,38.89,38.88,entsoe.eu,false,
2024-05-21 18:00:00,North Macedonia,North Macedonia,MK,459.84,504.64,37.4,37.39,entsoe.eu,false,
2024-05-21 19:00:00,North Macedonia,North Macedonia,MK,432.54,483.77,37.05,37.05,entsoe.eu,false,
2024-05-21 20:00:00,North Macedonia,North Macedonia,MK,577.95,626.14,23.94,23.91,entsoe.eu,false,
2024-05-21 21:00:00,North Macedonia,North Macedonia,MK,580.64,630.36,22.86,22.86,entsoe.eu,false,
2024-05-21 22:00:00,North Macedonia,North Macedonia,MK,676.59,731.18,10.98,10.98,entsoe.eu,false,
2024-05-21 23:00:00,North Macedonia,North Macedonia,MK,727.96,785.89,4.21,4.2,entsoe.eu,false,
2024-05-22 00:00:00,North Macedonia,North Macedonia,MK,744.06,803.02,2.1,2.1,entsoe.eu,false,
2024-05-22 01:00:00,North Macedonia,North Macedonia,MK,745.42,804.49,1.91,1.91,entsoe.eu,false,
2024-05-22 02:00:00,North Macedonia,North Macedonia,MK,742.47,801.36,2.3,2.3,entsoe.eu,false,
2024-05-22 03:00:00,North Macedonia,North Macedonia,MK,737.3,795.86,2.99,2.99,entsoe.eu,false,
2024-05-22 04:00:00,North Macedonia,North Macedonia,MK,597.69,647.18,21.36,21.36,entsoe.eu,false,
2024-05-22 05:00:00,North Macedonia,North Macedonia,MK,590.41,639.48,22.31,22.31,entsoe.eu,false,
2024-05-22 06:00:00,North Macedonia,North Macedonia,MK,590.84,642.29,21.05,21.05,entsoe.eu,false,
2024-05-22 07:00:00,North Macedonia,North Macedonia,MK,593.26,650.96,18.86,16.71,entsoe.eu,false,
2024-05-22 08:00:00,North Macedonia,North Macedonia,MK,442.7,498.91,35.09,33.53,entsoe.eu,false,
2024-05-22 09:00:00,North Macedonia,North Macedonia,MK,383.31,437.43,42.47,42.12,entsoe.eu,false,
2024-05-22 10:00:00,North Macedonia,North Macedonia,MK,402.56,454.14,42.04,41.74,entsoe.eu,false,
2024-05-22 11:00:00,North Macedonia,North Macedonia,MK,377.11,425.04,46.07,46.05,entsoe.eu,false,
2024-05-22 12:00:00,North Macedonia,North Macedonia,MK,372.11,419.14,46.62,46.62,entsoe.eu,false,
2024-05-22 13:00:00,North Macedonia,North Macedonia,MK,402.88,450.02,42.99,42.99,entsoe.eu,false,
2024-05-22 14:00:00,North Macedonia,North Macedonia,MK,444.16,496.96,35.18,35.18,entsoe.eu,false,
2024-05-22 15:00:00,North Macedonia,North Macedonia,MK,626.11,677.51,17.62,17.62,entsoe.eu,false,
2024-05-22 16:00:00,North Macedonia,North Macedonia,MK,522.31,566.93,31.28,31.27,entsoe.eu,false,
2024-05-22 17:00:00,North Macedonia,North Macedonia,MK,434.69,483.08,38.2,38.19,entsoe.eu,false,
2024-05-22 18:00:00,North Macedonia,North Macedonia,MK,404.35,455.76,39.86,39.85,entsoe.eu,false,
2024-05-22 19:00:00,North Macedonia,North Macedonia,MK,397.03,447.82,40.48,40.47,entsoe.eu,false,
2024-05-22 20:00:00,North Macedonia,North Macedonia,MK,447.35,499.66,34.47,34.47,entsoe.eu,false,
2024-05-22 21:00:00,North Macedonia,North Macedonia,MK,485.22,536.24,31.16,31.16,entsoe.eu,false,
2024-05-22 22:00:00,North Macedonia,North Macedonia,MK,501.22,561.55,24.39,24.39,entsoe.eu,false,
2024-05-22 23:00:00,North Macedonia,North Macedonia,MK,571.18,628.34,19.58,19.58,entsoe.eu,false,
2024-05-23 00:00:00,North Macedonia,North Macedonia,MK,645.3,702.43,12.54,12.54,entsoe.eu,false,
2024-05-23 01:00:00,North Macedonia,North Macedonia,MK,699.09,755.21,7.99,7.99,entsoe.eu,false,
2024-05-23 02:00:00,North Macedonia,North Macedonia,MK,554.88,615.3,19.28,19.28,entsoe.eu,false,
2024-05-23 03:00:00,North Macedonia,North Macedonia,MK,523.96,584.46,22.22,22.22,entsoe.eu,false,
2024-05-23 04:00:00,North Macedonia,North Macedonia,MK,487.35,538.77,30.95,30.95,entsoe.eu,false,
2024-05-23 05:00:00,North Macedonia,North Macedonia,MK,425.23,477.61,36.98,36.98,entsoe.eu,false,
2024-05-23 06:00:00,North Macedonia,North Macedonia,MK,421.18,472.09,38.75,38.75,entsoe.eu,false,
2024-05-23 07:00:00,North Macedonia,North Macedonia,MK,458.97,510.88,34.86,34.86,entsoe.eu,false,
2024-05-23 08:00:00,North Macedonia,North Macedonia,MK,430.04,480.91,38.7,38.68,entsoe.eu,false,
2024-05-23 09:00:00,North Macedonia,North Macedonia,MK,399.19,449.07,42.53,42.5,entsoe.eu,false,
2024-05-23 10:00:00,North Macedonia,North Macedonia,MK,420.04,470.6,40.03,40.03,entsoe.eu,false,
2024-05-23 11:00:00,North Macedonia,North Macedonia,MK,433.3,484.37,38.35,38.35,entsoe.eu,false,
2024-05-23 12:00:00,North Macedonia,North Macedonia,MK,410.66,462.36,40.19,40.19,entsoe.eu,false,
2024-05-23 13:00:00,North Macedonia,North Macedonia,MK,422.0,476.73,37.09,37.09,entsoe.eu,false,
2024-05-23 14:00:00,North Macedonia,North Macedonia,MK,469.09,525.14,31.24,31.24,entsoe.eu,false,
2024-05-23 15:00:00,North Macedonia,North Macedonia,MK,493.15,549.55,29.25,29.25,entsoe.eu,false,
2024-05-23 16:00:00,North Macedonia,North Macedonia,MK,403.21,461.15,37.3,37.3,entsoe.eu,false,
2024-05-23 17:00:00,North Macedonia,North Macedonia,MK,397.14,451.97,39.3,39.3,entsoe.eu,false,
2024-05-23 18:00:00,North Macedonia,North Macedonia,MK,392.97,450.93,38.05,38.05,entsoe.eu,false,
2024-05-23 19:00:00,North Macedonia,North Macedonia,MK,393.84,450.36,38.8,38.8,entsoe.eu,false,
2024-05-23 20:00:00,North Macedonia,North Macedonia,MK,429.76,492.0,31.61,31.61,entsoe.eu,false,
2024-05-23 21:00:00,North Macedonia,North Macedonia,MK,521.07,565.58,31.44,31.44,entsoe.eu,false,
2024-05-23 22:00:00,North Macedonia,North Macedonia,MK,528.8,583.47,24.91,24.91,entsoe.eu,false,
2024-05-23 23:00:00,North Macedonia,North Macedonia,MK,577.21,628.36,22.35,22.35,entsoe.eu,false,
2024-05-24 00:00:00,North Macedonia,North Macedonia,MK,691.16,746.79,9.02,9.02,entsoe.eu,false,
2024-05-24 01:00:00,North Macedonia,North Macedonia,MK,697.62,753.65,8.18,8.18,entsoe.eu,false,
2024-05-24 02:00:00,North Macedonia,North Macedonia,MK,696.68,752.63,8.32,8.32,entsoe.eu,false,
2024-05-24 03:00:00,North Macedonia,North Macedonia,MK,607.94,671.8,12.23,12.23,entsoe.eu,false,
2024-05-24 04:00:00,North Macedonia,North Macedonia,MK,430.38,485.83,34.04,34.04,entsoe.eu,false,
2024-05-24 05:00:00,North Macedonia,North Macedonia,MK,424.36,478.42,35.91,35.91,entsoe.eu,false,
2024-05-24 06:00:00,North Macedonia,North Macedonia,MK,358.35,409.74,45.26,42.6,entsoe.eu,false,
2024-05-24 07:00:00,North Macedonia,North Macedonia,MK,352.61,394.0,52.24,44.94,entsoe.eu,false,
2024-05-24 08:00:00,North Macedonia,North Macedonia,MK,283.35,326.36,58.58,53.25,entsoe.eu,false,
2024-05-24 09:00:00,North Macedonia,North Macedonia,MK,270.42,312.22,60.83,55.0,entsoe.eu,false,
2024-05-24 10:00:00,North Macedonia,North Macedonia,MK,265.8,307.12,61.46,55.82,entsoe.eu,false,
2024-05-24 11:00:00,North Macedonia,North Macedonia,MK,260.1,301.45,61.61,56.79,entsoe.eu,false,
2024-05-24 12:00:00,North Macedonia,North Macedonia,MK,272.17,313.76,60.15,55.02,entsoe.eu,false,
2024-05-24 13:00:00,North Macedonia,North Macedonia,MK,331.91,373.07,54.31,47.24,entsoe.eu,false,
2024-05-24 14:00:00,North Macedonia,North Macedonia,MK,367.94,405.88,52.54,42.36,entsoe.eu,false,
2024-05-24 15:00:00,North Macedonia,North Macedonia,MK,434.82,475.48,43.41,36.01,entsoe.eu,false,
2024-05-24 16:00:00,North Macedonia,North Macedonia,MK,500.09,543.47,34.24,33.5,entsoe.eu,false,
2024-05-24 17:00:00,North Macedonia,North Macedonia,MK,446.25,485.96,41.28,41.28,entsoe.eu,false,
2024-05-24 18:00:00,North Macedonia,North Macedonia,MK,371.02,429.08,40.59,40.59,entsoe.eu,false,
2024-05-24 19:00:00,North Macedonia,North Macedonia,MK,359.64,421.17,38.84,38.84,entsoe.eu,false,
2024-05-24 20:00:00,North Macedonia,North Macedonia,MK,420.3,467.31,39.72,39.72,entsoe.eu,false,
2024-05-24 21:00:00,North Macedonia,North Macedonia,MK,493.37,536.89,34.63,34.63,entsoe.eu,false,
2024-05-24 22:00:00,North Macedonia,North Macedonia,MK,486.2,528.54,35.97,35.97,entsoe.eu,false,
2024-05-24 23:00:00,North Macedonia,North Macedonia,MK,603.02,652.89,20.63,20.63,entsoe.eu,false,
2024-05-25 00:00:00,North Macedonia,North Macedonia,MK,698.25,758.39,5.83,5.43,entsoe.eu,false,
2024-05-25 01:00:00,North Macedonia,North Macedonia,MK,714.69,771.77,5.96,5.96,entsoe.eu,false,
2024-05-25 02:00:00,North Macedonia,North Macedonia,MK,703.87,760.3,7.41,7.04,entsoe.eu,false,
2024-05-25 03:00:00,North Macedonia,North Macedonia,MK,683.09,738.37,10.29,8.32,entsoe.eu,false,
2024-05-25 04:00:00,North Macedonia,North Macedonia,MK,452.62,494.03,40.9,34.38,entsoe.eu,false,
2024-05-25 05:00:00,North Macedonia,North Macedonia,MK,373.96,411.86,51.47,41.87,entsoe.eu,false,
2024-05-25 06:00:00,North Macedonia,North Macedonia,MK,358.41,397.43,53.16,43.18,entsoe.eu,false,
2024-05-25 07:00:00,North Macedonia,North Macedonia,MK,338.31,377.14,55.59,45.95,entsoe.eu,false,
2024-05-25 08:00:00,North Macedonia,North Macedonia,MK,308.51,344.33,60.13,50.7,entsoe.eu,false,
2024-05-25 09:00:00,North Macedonia,North Macedonia,MK,276.63,311.49,64.66,52.92,entsoe.eu,false,
2024-05-25 10:00:00,North Macedonia,North Macedonia,MK,291.03,326.33,63.02,50.69,entsoe.eu,false,
2024-05-25 11:00:00,North Macedonia,North Macedonia,MK,365.18,403.93,53.22,42.18,entsoe.eu,false,
2024-05-25 12:00:00,North Macedonia,North Macedonia,MK,434.74,476.95,43.71,34.9,entsoe.eu,false,
2024-05-25 13:00:00,North Macedonia,North Macedonia,MK,440.72,482.93,42.88,34.53,entsoe.eu,false,
2024-05-25 14:00:00,North Macedonia,North Macedonia,MK,365.01,402.28,52.73,44.83,entsoe.eu,false,
2024-05-25 15:00:00,North Macedonia,North Macedonia,MK,325.48,359.2,57.72,51.09,entsoe.eu,false,
2024-05-25 16:00:00,North Macedonia,North Macedonia,MK,312.0,343.35,59.15,57.08,entsoe.eu,false,
2024-05-25 17:00:00,North Macedonia,North Macedonia,MK,330.27,362.42,56.54,56.54,entsoe.eu,false,
2024-05-25 18:00:00,North Macedonia,North Macedonia,MK,333.91,373.41,53.03,53.03,entsoe.eu,false,
2024-05-25 19:00:00,North Macedonia,North Macedonia,MK,296.41,339.69,55.12,55.12,entsoe.eu,false,
2024-05-25 20:00:00,North Macedonia,North Macedonia,MK,325.0,367.52,51.92,51.92,entsoe.eu,false,
2024-05-25 21:00:00,North Macedonia,North Macedonia,MK,420.79,458.79,44.63,44.63,entsoe.eu,false,
2024-05-25 22:00:00,North Macedonia,North Macedonia,MK,507.6,551.23,33.21,33.21,entsoe.eu,false,
2024-05-25 23:00:00,North Macedonia,North Macedonia,MK,555.13,601.85,26.95,26.95,entsoe.eu,false,
2024-05-26 00:00:00,North Macedonia,North Macedonia,MK,642.75,695.15,15.43,15.43,entsoe.eu,false,
2024-05-26 01:00:00,North Macedonia,North Macedonia,MK,690.61,746.11,9.13,9.13,entsoe.eu,false,
2024-05-26 02:00:00,North Macedonia,North Macedonia,MK,687.2,742.47,9.58,9.58,entsoe.eu,false,
2024-05-26 03:00:00,North Macedonia,North Macedonia,MK,646.2,698.82,14.97,14.97,entsoe.eu,false,
2024-05-26 04:00:00,North Macedonia,North Macedonia,MK,510.62,554.98,33.1,30.3,entsoe.eu,false,
2024-05-26 05:00:00,North Macedonia,North Macedonia,MK,345.7,381.78,55.65,45.4,entsoe.eu,false,
2024-05-26 06:00:00,North Macedonia,North Macedonia,MK,354.5,393.86,54.88,40.25,entsoe.eu,false,
2024-05-26 07:00:00,North Macedonia,North Macedonia,MK,447.03,490.96,42.61,30.43,entsoe.eu,false,
2024-05-26 08:00:00,North Macedonia,North Macedonia,MK,520.38,568.17,32.66,23.46,entsoe.eu,false,
2024-05-26 09:00:00,North Macedonia,North Macedonia,MK,549.74,599.24,28.66,20.38,entsoe.eu,false,
2024-05-26 10:00:00,North Macedonia,North Macedonia,MK,572.57,623.29,25.57,17.94,entsoe.eu,false,
2024-05-26 11:00:00,North Macedonia,North Macedonia,MK,588.0,639.43,23.51,16.37,entsoe.eu,false,
2024-05-26 12:00:00,North Macedonia,North Macedonia,MK,646.65,700.98,15.45,10.74,entsoe.eu,false,
2024-05-26 13:00:00,North Macedonia,North Macedonia,MK,608.8,660.92,20.36,15.55,entsoe.eu,false,
2024-05-26 14:00:00,North Macedonia,North Macedonia,MK,565.83,615.43,25.85,20.94,entsoe.eu,false,
2024-05-26 15:00:00,North Macedonia,North Macedonia,MK,446.27,487.38,41.77,37.09,entsoe.eu,false,
2024-05-26 16:00:00,North Macedonia,North Macedonia,MK,407.47,450.04,44.81,44.14,entsoe.eu,false,
2024-05-26 17:00:00,North Macedonia,North Macedonia,MK,229.18,274.15,62.81,62.81,entsoe.eu,false,
2024-05-26 18:00:00,North Macedonia,North Macedonia,MK,213.05,255.59,65.29,65.29,entsoe.eu,false,
2024-05-26 19:00:00,North Macedonia,North Macedonia,MK,207.58,250.86,65.88,65.88,entsoe.eu,false,
2024-05-26 20:00:00,North Macedonia,North Macedonia,MK,216.53,259.23,65.44,65.44,entsoe.eu,false,
2024-05-26 21:00:00,North Macedonia,North Macedonia,MK,244.16,291.5,59.66,59.66,entsoe.eu,false,
2024-05-26 22:00:00,North Macedonia,North Macedonia,MK,289.18,336.69,51.88,51.88,entsoe.eu,false,
2024-05-26 23:00:00,North Macedonia,North Macedonia,MK,309.6,361.35,47.56,47.56,entsoe.eu,false,
2024-05-27 00:00:00,North Macedonia,North Macedonia,MK,319.99,373.14,45.82,45.82,entsoe.eu,false,
2024-05-27 01:00:00,North Macedonia,North Macedonia,MK,319.28,373.37,45.39,45.39,entsoe.eu,false,
2024-05-27 02:00:00,North Macedonia,North Macedonia,MK,334.34,386.59,44.99,44.99,entsoe.eu,false,
2024-05-27 03:00:00,North Macedonia,North Macedonia,MK,355.96,407.91,43.1,43.1,entsoe.eu,false,
2024-05-27 04:00:00,North Macedonia,North Macedonia,MK,267.91,316.76,53.68,53.68,entsoe.eu,false,
2024-05-27 05:00:00,North Macedonia,North Macedonia,MK,198.64,243.03,63.65,63.65,entsoe.eu,false,
2024-05-27 06:00:00,North Macedonia,North Macedonia,MK,167.33,204.02,72.09,71.86,entsoe.eu,false,
2024-05-27 07:00:00,North Macedonia,North Macedonia,MK,162.49,196.91,74.54,73.99,entsoe.eu,false,
2024-05-27 08:00:00,North Macedonia,North Macedonia,MK,177.35,215.24,72.21,71.11,entsoe.eu,false,
2024-05-27 09:00:00,North Macedonia,North Macedonia,MK,189.75,228.29,71.09,68.82,entsoe.eu,false,
2024-05-27 10:00:00,North Macedonia,North Macedonia,MK,189.58,228.54,70.64,69.56,entsoe.eu,false,
2024-05-27 11:00:00,North Macedonia,North Macedonia,MK,191.81,231.03,70.37,68.75,entsoe.eu,false,
2024-05-27 12:00:00,North Macedonia,North Macedonia,MK,190.48,228.3,70.32,70.04,entsoe.eu,false,
2024-05-27 13:00:00,North Macedonia,North Macedonia,MK,197.99,241.7,66.49,66.43,entsoe.eu,false,
2024-05-27 14:00:00,North Macedonia,North Macedonia,MK,213.32,262.17,60.73,60.66,entsoe.eu,false,
2024-05-27 15:00:00,North Macedonia,North Macedonia,MK,243.15,297.91,56.1,56.08,entsoe.eu,false,
2024-05-27 16:00:00,North Macedonia,North Macedonia,MK,242.33,297.09,55.17,55.17,entsoe.eu,false,
2024-05-27 17:00:00,North Macedonia,North Macedonia,MK,253.41,310.33,53.34,53.34,entsoe.eu,false,
2024-05-27 18:00:00,North Macedonia,North Macedonia,MK,257.35,315.31,52.75,52.75,entsoe.eu,false,
2024-05-27 19:00:00,North Macedonia,North Macedonia,MK,259.33,318.35,51.37,51.37,entsoe.eu,false,
2024-05-27 20:00:00,North Macedonia,North Macedonia,MK,260.34,315.29,51.19,51.19,entsoe.eu,false,
2024-05-27 21:00:00,North Macedonia,North Macedonia,MK,278.79,336.96,46.56,46.56,entsoe.eu,false,
2024-05-27 22:00:00,North Macedonia,North Macedonia,MK,366.9,432.79,33.81,33.81,entsoe.eu,false,
2024-05-27 23:00:00,North Macedonia,North Macedonia,MK,534.31,579.71,29.67,29.67,entsoe.eu,false,
2024-05-28 00:00:00,North Macedonia,North Macedonia,MK,591.26,640.35,22.18,22.18,entsoe.eu,false,
2024-05-28 01:00:00,North Macedonia,North Macedonia,MK,615.53,666.17,19.01,19.0,entsoe.eu,false,
2024-05-28 02:00:00,North Macedonia,North Macedonia,MK,626.87,678.31,17.5,17.4,entsoe.eu,false,
2024-05-28 03:00:00,North Macedonia,North Macedonia,MK,579.5,627.86,23.73,23.65,entsoe.eu,false,
2024-05-28 04:00:00,North Macedonia,North Macedonia,MK,546.7,592.88,28.06,28.02,entsoe.eu,false,
2024-05-28 05:00:00,North Macedonia,North Macedonia,MK,352.86,401.1,45.91,45.91,entsoe.eu,false,
2024-05-28 06:00:00,North Macedonia,North Macedonia,MK,261.35,316.21,52.25,52.25,entsoe.eu,false,
2024-05-28 07:00:00,North Macedonia,North Macedonia,MK,236.0,286.6,57.71,57.71,entsoe.eu,false,
2024-05-28 08:00:00,North Macedonia,North Macedonia,MK,251.73,301.39,57.2,57.2,entsoe.eu,false,
2024-05-28 09:00:00,North Macedonia,North Macedonia,MK,306.33,362.1,49.36,49.36,entsoe.eu,false,
2024-05-28 10:00:00,North Macedonia,North Macedonia,MK,310.27,367.19,48.18,48.18,entsoe.eu,false,
2024-05-28 11:00:00,North Macedonia,North Macedonia,MK,299.33,356.41,49.14,49.14,entsoe.eu,false,
2024-05-28 12:00:00,North Macedonia,North Macedonia,MK,308.74,363.3,49.18,49.18,entsoe.eu,false,
2024-05-28 13:00:00,North Macedonia,North Macedonia,MK,353.67,408.62,43.52,43.41,entsoe.eu,false,
2024-05-28 14:00:00,North Macedonia,North Macedonia,MK,386.62,437.66,41.51,41.51,entsoe.eu,false,
2024-05-28 15:00:00,North Macedonia,North Macedonia,MK,270.31,318.06,54.09,54.09,entsoe.eu,false,
2024-05-28 16:00:00,North Macedonia,North Macedonia,MK,300.54,347.74,51.26,51.26,entsoe.eu,false,
2024-05-28 17:00:00,North Macedonia,North Macedonia,MK,306.05,355.89,50.45,50.45,entsoe.eu,false,
2024-05-28 18:00:00,North Macedonia,North Macedonia,MK,310.08,356.42,52.02,52.01,entsoe.eu,false,
2024-05-28 19:00:00,North Macedonia,North Macedonia,MK,297.18,349.79,50.44,50.44,entsoe.eu,false,
2024-05-28 20:00:00,North Macedonia,North Macedonia,MK,346.97,384.7,51.86,51.86,entsoe.eu,false,
2024-05-28 21:00:00,North Macedonia,North Macedonia,MK,362.31,407.63,45.98,45.98,entsoe.eu,false,
2024-05-28 22:00:00,North Macedonia,North Macedonia,MK,408.96,462.72,36.74,36.74,entsoe.eu,false,
2024-05-28 23:00:00,North Macedonia,North Macedonia,MK,519.3,563.68,31.67,31.67,entsoe.eu,false,
2024-05-29 00:00:00,North Macedonia,North Macedonia,MK,588.39,637.25,22.58,22.58,entsoe.eu,false,
2024-05-29 01:00:00,North Macedonia,North Macedonia,MK,586.86,635.63,22.78,22.78,entsoe.eu,false,
2024-05-29 02:00:00,North Macedonia,North Macedonia,MK,571.31,619.08,24.83,24.83,entsoe.eu,false,
2024-05-29 03:00:00,North Macedonia,North Macedonia,MK,562.51,609.71,25.99,25.99,entsoe.eu,false,
2024-05-29 04:00:00,North Macedonia,North Macedonia,MK,456.35,496.67,39.95,39.95,entsoe.eu,false,
2024-05-29 05:00:00,North Macedonia,North Macedonia,MK,375.96,424.11,43.7,43.7,entsoe.eu,false,
2024-05-29 06:00:00,North Macedonia,North Macedonia,MK,305.23,352.44,51.75,51.75,entsoe.eu,false,
2024-05-29 07:00:00,North Macedonia,North Macedonia,MK,437.19,482.54,40.6,38.08,entsoe.eu,false,
2024-05-29 08:00:00,North Macedonia,North Macedonia,MK,396.24,448.4,42.04,40.11,entsoe.eu,false,
2024-05-29 09:00:00,North Macedonia,North Macedonia,MK,394.79,445.91,43.01,39.95,entsoe.eu,false,
2024-05-29 10:00:00,North Macedonia,North Macedonia,MK,417.63,471.78,38.51,37.13,entsoe.eu,false,
2024-05-29 11:00:00,North Macedonia,North Macedonia,MK,417.93,471.19,38.41,38.4,entsoe.eu,false,
2024-05-29 12:00:00,North Macedonia,North Macedonia,MK,512.58,567.84,27.5,27.5,entsoe.eu,false,
2024-05-29 13:00:00,North Macedonia,North Macedonia,MK,540.03,598.87,22.53,22.53,entsoe.eu,false,
2024-05-29 14:00:00,North Macedonia,North Macedonia,MK,353.31,414.06,40.08,40.08,entsoe.eu,false,
2024-05-29 15:00:00,North Macedonia,North Macedonia,MK,345.48,395.23,46.81,46.81,entsoe.eu,false,
2024-05-29 16:00:00,North Macedonia,North Macedonia,MK,322.71,373.62,48.82,48.82,entsoe.eu,false,
2024-05-29 17:00:00,North Macedonia,North Macedonia,MK,352.91,401.56,46.85,46.85,entsoe.eu,false,
2024-05-29 18:00:00,North Macedonia,North Macedonia,MK,342.84,390.06,47.89,47.88,entsoe.eu,false,
2024-05-29 19:00:00,North Macedonia,North Macedonia,MK,318.79,369.55,48.07,48.07,entsoe.eu,false,
2024-05-29 20:00:00,North Macedonia,North Macedonia,MK,287.27,340.43,49.23,49.23,entsoe.eu,false,
2024-05-29 21:00:00,North Macedonia,North Macedonia,MK,306.61,357.83,47.86,47.86,entsoe.eu,false,
2024-05-29 22:00:00,North Macedonia,North Macedonia,MK,447.47,497.55,35.21,35.21,entsoe.eu,false,
2024-05-29 23:00:00,North Macedonia,North Macedonia,MK,567.24,614.74,25.36,25.36,entsoe.eu,false,
2024-05-30 00:00:00,North Macedonia,North Macedonia,MK,650.97,703.9,14.35,14.34,entsoe.eu,false,
2024-05-30 01:00:00,North Macedonia,North Macedonia,MK,653.63,706.73,14.0,14.0,entsoe.eu,false,
2024-05-30 02:00:00,North Macedonia,North Macedonia,MK,655.19,708.4,13.79,13.79,entsoe.eu,false,
2024-05-30 03:00:00,North Macedonia,North Macedonia,MK,648.92,701.72,14.62,14.61,entsoe.eu,false,
2024-05-30 04:00:00,North Macedonia,North Macedonia,MK,557.77,604.66,26.61,26.61,entsoe.eu,false,
2024-05-30 05:00:00,North Macedonia,North Macedonia,MK,395.69,447.79,39.74,39.74,entsoe.eu,false,
2024-05-30 06:00:00,North Macedonia,North Macedonia,MK,312.02,368.5,46.47,46.47,entsoe.eu,false,
2024-05-30 07:00:00,North Macedonia,North Macedonia,MK,316.36,378.71,44.22,44.22,entsoe.eu,false,
2024-05-30 08:00:00,North Macedonia,North Macedonia,MK,328.94,385.6,46.54,46.39,entsoe.eu,false,
2024-05-30 09:00:00,North Macedonia,North Macedonia,MK,318.06,371.49,49.81,46.9,entsoe.eu,false,
2024-05-30 10:00:00,North Macedonia,North Macedonia,MK,328.79,384.2,47.26,45.64,entsoe.eu,false,
2024-05-30 11:00:00,North Macedonia,North Macedonia,MK,345.92,401.67,45.19,43.29,entsoe.eu,false,
2024-05-30 12:00:00,North Macedonia,North Macedonia,MK,359.85,416.23,42.9,41.73,entsoe.eu,false,
2024-05-30 13:00:00,North Macedonia,North Macedonia,MK,169.71,212.21,68.46,66.36,entsoe.eu,false,
2024-05-30 14:00:00,North Macedonia,North Macedonia,MK,72.43,103.57,82.83,81.57,entsoe.eu,false,
2024-05-30 15:00:00,North Macedonia,North Macedonia,MK,69.1,99.91,82.56,82.56,entsoe.eu,false,
2024-05-30 16:00:00,North Macedonia,North Macedonia,MK,125.51,168.84,70.49,70.49,entsoe.eu,false,
2024-05-30 17:00:00,North Macedonia,North Macedonia,MK,188.21,228.24,66.43,66.43,entsoe.eu,false,
2024-05-30 18:00:00,North Macedonia,North Macedonia,MK,195.48,233.33,66.72,66.71,entsoe.eu,false,
2024-05-30 19:00:00,North Macedonia,North Macedonia,MK,186.07,229.54,64.76,64.76,entsoe.eu,false,
2024-05-30 20:00:00,North Macedonia,North Macedonia,MK,151.29,196.08,67.08,67.08,entsoe.eu,false,
2024-05-30 21:00:00,North Macedonia,North Macedonia,MK,128.33,172.75,68.6,68.6,entsoe.eu,false,
2024-05-30 22:00:00,North Macedonia,North Macedonia,MK,283.04,312.1,62.76,62.75,entsoe.eu,false,
2024-05-30 23:00:00,North Macedonia,North Macedonia,MK,438.83,478.08,42.31,41.79,entsoe.eu,false,
2024-05-31 00:00:00,North Macedonia,North Macedonia,MK,451.35,491.33,40.61,40.61,entsoe.eu,false,
2024-05-31 01:00:00,North Macedonia,North Macedonia,MK,441.93,481.3,41.85,41.85,entsoe.eu,false,
2024-05-31 02:00:00,North Macedonia,North Macedonia,MK,427.2,465.61,43.79,43.79,entsoe.eu,false,
2024-05-31 03:00:00,North Macedonia,North Macedonia,MK,432.03,470.76,43.15,43.15,entsoe.eu,false,
2024-05-31 04:00:00,North Macedonia,North Macedonia,MK,333.81,366.18,56.08,56.08,entsoe.eu,false,
2024-05-31 05:00:00,North Macedonia,North Macedonia,MK,94.89,132.26,77.13,75.94,entsoe.eu,false,
2024-05-31 06:00:00,North Macedonia,North Macedonia,MK,111.77,156.4,72.47,71.72,entsoe.eu,false,
2024-05-31 07:00:00,North Macedonia,North Macedonia,MK,98.77,141.08,75.54,75.02,entsoe.eu,false,
2024-05-31 08:00:00,North Macedonia,North Macedonia,MK,98.3,141.78,75.99,75.1,entsoe.eu,false,
2024-05-31 09:00:00,North Macedonia,North Macedonia,MK,78.98,116.78,81.47,79.87,entsoe.eu,false,
2024-05-31 10:00:00,North Macedonia,North Macedonia,MK,81.57,121.06,80.19,79.29,entsoe.eu,false,
2024-05-31 11:00:00,North Macedonia,North Macedonia,MK,81.56,120.6,80.43,79.33,entsoe.eu,false,
2024-05-31 12:00:00,North Macedonia,North Macedonia,MK,75.12,110.65,82.28,80.92,entsoe.eu,false,
2024-05-31 13:00:00,North Macedonia,North Macedonia,MK,82.42,119.04,80.54,78.97,entsoe.eu,false,
2024-05-31 14:00:00,North Macedonia,North Macedonia,MK,69.68,102.28,83.5,83.5,entsoe.eu,false,
2024-05-31 15:00:00,North Macedonia,North Macedonia,MK,83.72,118.89,80.18,80.18,entsoe.eu,false,
2024-05-31 16:00:00,North Macedonia,North Macedonia,MK,85.93,119.98,80.55,80.55,entsoe.eu,false,
2024-05-31 17:00:00,North Macedonia,North Macedonia,MK,149.43,184.12,74.0,74.0,entsoe.eu,false,
2024-05-31 18:00:00,North Macedonia,North Macedonia,MK,159.72,195.86,72.27,72.27,entsoe.eu,false,
2024-05-31 19:00:00,North Macedonia,North Macedonia,MK,167.74,203.59,71.18,71.18,entsoe.eu,false,
2024-05-31 20:00:00,North Macedonia,North Macedonia,MK,175.1,214.34,68.29,68.29,entsoe.eu,false,
2024-05-31 21:00:00,North Macedonia,North Macedonia,MK,201.18,240.13,65.01,64.17,entsoe.eu,false,
2024-05-31 22:00:00,North Macedonia,North Macedonia,MK,513.24,557.8,32.76,29.34,entsoe.eu,false,
2024-05-31 23:00:00,North Macedonia,North Macedonia,MK,628.33,679.9,17.39,16.66,entsoe.eu,false,
2024-06-01 00:00:00,North Macedonia,North Macedonia,MK,707.6,764.64,7.02,4.92,entsoe.eu,false,
2024-06-01 01:00:00,North Macedonia,North Macedonia,MK,726.46,784.59,4.4,3.56,entsoe.eu,false,
2024-06-01 02:00:00,North Macedonia,North Macedonia,MK,707.09,764.01,7.06,5.37,entsoe.eu,false,
2024-06-01 03:00:00,North Macedonia,North Macedonia,MK,694.93,751.13,8.77,6.08,entsoe.eu,false,
2024-06-01 04:00:00,North Macedonia,North Macedonia,MK,599.46,650.21,21.41,16.33,entsoe.eu,false,
2024-06-01 05:00:00,North Macedonia,North Macedonia,MK,513.25,559.93,32.94,25.37,entsoe.eu,false,
2024-06-01 06:00:00,North Macedonia,North Macedonia,MK,369.16,407.86,52.0,43.23,entsoe.eu,false,
2024-06-01 07:00:00,North Macedonia,North Macedonia,MK,369.88,408.56,51.77,44.51,entsoe.eu,false,
2024-06-01 08:00:00,North Macedonia,North Macedonia,MK,422.78,467.5,44.42,35.95,entsoe.eu,false,
2024-06-01 09:00:00,North Macedonia,North Macedonia,MK,442.03,486.97,42.36,32.58,entsoe.eu,false,
2024-06-01 10:00:00,North Macedonia,North Macedonia,MK,492.83,539.83,35.68,27.83,entsoe.eu,false,
2024-06-01 11:00:00,North Macedonia,North Macedonia,MK,547.93,597.01,28.27,23.06,entsoe.eu,false,
2024-06-01 12:00:00,North Macedonia,North Macedonia,MK,550.35,597.7,27.63,25.97,entsoe.eu,false,
2024-06-01 13:00:00,North Macedonia,North Macedonia,MK,528.88,575.06,30.39,28.53,entsoe.eu,false,
2024-06-01 14:00:00,North Macedonia,North Macedonia,MK,512.47,557.55,32.55,30.72,entsoe.eu,false,
2024-06-01 15:00:00,North Macedonia,North Macedonia,MK,460.49,502.16,39.61,36.68,entsoe.eu,false,
2024-06-01 16:00:00,North Macedonia,North Macedonia,MK,405.89,443.8,46.81,43.37,entsoe.eu,false,
2024-06-01 17:00:00,North Macedonia,North Macedonia,MK,393.24,430.04,48.53,45.18,entsoe.eu,false,
2024-06-01 18:00:00,North Macedonia,North Macedonia,MK,378.04,413.78,50.41,47.47,entsoe.eu,false,
2024-06-01 19:00:00,North Macedonia,North Macedonia,MK,380.58,416.4,50.05,47.81,entsoe.eu,false,
2024-06-01 20:00:00,North Macedonia,North Macedonia,MK,421.02,459.76,44.91,40.54,entsoe.eu,false,
2024-06-01 21:00:00,North Macedonia,North Macedonia,MK,427.78,466.78,43.99,40.48,entsoe.eu,false,
2024-06-01 22:00:00,North Macedonia,North Macedonia,MK,504.27,548.58,33.86,29.86,entsoe.eu,false,
2024-06-01 23:00:00,North Macedonia,North Macedonia,MK,566.4,614.65,25.53,22.66,entsoe.eu,false,
2024-06-02 00:00:00,North Macedonia,North Macedonia,MK,601.61,652.4,20.99,16.71,entsoe.eu,false,
2024-06-02 01:00:00,North Macedonia,North Macedonia,MK,604.04,654.88,20.66,16.69,entsoe.eu,false,
2024-06-02 02:00:00,North Macedonia,North Macedonia,MK,602.57,653.63,20.82,15.86,entsoe.eu,false,
2024-06-02 03:00:00,North Macedonia,North Macedonia,MK,606.34,657.61,20.31,15.63,entsoe.eu,false,
2024-06-02 04:00:00,North Macedonia,North Macedonia,MK,598.99,649.76,21.43,16.73,entsoe.eu,false,
2024-06-02 05:00:00,North Macedonia,North Macedonia,MK,561.17,609.59,26.53,21.69,entsoe.eu,false,
2024-06-02 06:00:00,North Macedonia,North Macedonia,MK,537.12,584.43,29.75,24.49,entsoe.eu,false,
2024-06-02 07:00:00,North Macedonia,North Macedonia,MK,551.15,599.29,27.83,23.66,entsoe.eu,false,
2024-06-02 08:00:00,North Macedonia,North Macedonia,MK,502.42,548.58,34.48,28.06,entsoe.eu,false,
2024-06-02 09:00:00,North Macedonia,North Macedonia,MK,529.62,577.38,30.81,25.01,entsoe.eu,false,
2024-06-02 10:00:00,North Macedonia,North Macedonia,MK,562.98,612.5,26.29,21.33,entsoe.eu,false,
2024-06-02 11:00:00,North Macedonia,North Macedonia,MK,585.69,636.14,23.19,19.38,entsoe.eu,false,
2024-06-02 12:00:00,North Macedonia,North Macedonia,MK,594.07,644.95,22.0,18.67,entsoe.eu,false,
2024-06-02 13:00:00,North Macedonia,North Macedonia,MK,568.94,618.75,25.35,20.94,entsoe.eu,false,
2024-06-02 14:00:00,North Macedonia,North Macedonia,MK,539.9,587.8,29.18,24.6,entsoe.eu,false,
2024-06-02 15:00:00,North Macedonia,North Macedonia,MK,460.24,502.5,39.76,35.32,entsoe.eu,false,
2024-06-02 16:00:00,North Macedonia,North Macedonia,MK,434.12,473.87,43.15,40.15,entsoe.eu,false,
2024-06-02 17:00:00,North Macedonia,North Macedonia,MK,337.2,370.18,55.83,53.71,entsoe.eu,false,
2024-06-02 18:00:00,North Macedonia,North Macedonia,MK,355.81,389.86,53.3,51.8,entsoe.eu,false,
2024-06-02 19:00:00,North Macedonia,North Macedonia,MK,350.38,383.87,53.9,53.86,entsoe.eu,false,
2024-06-02 20:00:00,North Macedonia,North Macedonia,MK,370.74,405.68,51.31,50.17,entsoe.eu,false,
2024-06-02 21:00:00,North Macedonia,North Macedonia,MK,427.07,465.93,43.97,41.45,entsoe.eu,false,
2024-06-02 22:00:00,North Macedonia,North Macedonia,MK,526.91,571.79,30.67,30.66,entsoe.eu,false,
2024-06-02 23:00:00,North Macedonia,North Macedonia,MK,636.54,688.54,16.24,16.23,entsoe.eu,false,
2024-06-03 00:00:00,North Macedonia,North Macedonia,MK,647.3,700.0,14.83,14.83,entsoe.eu,false,
2024-06-03 01:00:00,North Macedonia,North Macedonia,MK,727.3,785.17,4.3,4.3,entsoe.eu,false,
2024-06-03 02:00:00,North Macedonia,North Macedonia,MK,726.1,783.91,4.46,4.45,entsoe.eu,false,
2024-06-03 03:00:00,North Macedonia,North Macedonia,MK,626.16,677.49,17.61,17.6,entsoe.eu,false,
2024-06-03 04:00:00,North Macedonia,North Macedonia,MK,514.74,558.86,32.27,32.26,entsoe.eu,false,
2024-06-03 05:00:00,North Macedonia,North Macedonia,MK,336.99,378.55,51.08,51.08,entsoe.eu,false,
2024-06-03 06:00:00,North Macedonia,North Macedonia,MK,236.57,276.28,62.04,62.04,entsoe.eu,false,
2024-06-03 07:00:00,North Macedonia,North Macedonia,MK,224.73,262.39,64.74,63.95,entsoe.eu,false,
2024-06-03 08:00:00,North Macedonia,North Macedonia,MK,251.61,293.81,60.16,58.61,entsoe.eu,false,
2024-06-03 09:00:00,North Macedonia,North Macedonia,MK,222.28,266.34,62.32,61.29,entsoe.eu,false,
2024-06-03 10:00:00,North Macedonia,North Macedonia,MK,215.63,260.92,62.29,61.66,entsoe.eu,false,
2024-06-03 11:00:00,North Macedonia,North Macedonia,MK,222.56,264.84,62.94,62.79,entsoe.eu,false,
2024-06-03 12:00:00,North Macedonia,North Macedonia,MK,326.07,364.95,53.87,53.87,entsoe.eu,false,
2024-06-03 13:00:00,North Macedonia,North Macedonia,MK,460.93,501.68,39.34,39.3,entsoe.eu,false,
2024-06-03 14:00:00,North Macedonia,North Macedonia,MK,508.64,552.49,33.08,33.0,entsoe.eu,false,
2024-06-03 15:00:00,North Macedonia,North Macedonia,MK,443.6,483.06,41.72,41.54,entsoe.eu,false,
2024-06-03 16:00:00,North Macedonia,North Macedonia,MK,350.96,384.97,53.63,53.61,entsoe.eu,false,
2024-06-03 17:00:00,North Macedonia,North Macedonia,MK,334.61,370.24,54.21,54.21,entsoe.eu,false,
2024-06-03 18:00:00,North Macedonia,North Macedonia,MK,331.76,370.36,52.69,52.69,entsoe.eu,false,
2024-06-03 19:00:00,North Macedonia,North Macedonia,MK,325.5,378.98,44.16,44.16,entsoe.eu,false,
2024-06-03 20:00:00,North Macedonia,North Macedonia,MK,401.46,461.13,33.39,33.38,entsoe.eu,false,
2024-06-03 21:00:00,North Macedonia,North Macedonia,MK,482.8,532.65,31.76,31.76,entsoe.eu,false,
2024-06-03 22:00:00,North Macedonia,North Macedonia,MK,581.96,630.45,23.41,23.4,entsoe.eu,false,
2024-06-03 23:00:00,North Macedonia,North Macedonia,MK,712.96,769.96,6.17,6.16,entsoe.eu,false,
2024-06-04 00:00:00,North Macedonia,North Macedonia,MK,750.52,809.98,1.21,1.21,entsoe.eu,false,
2024-06-04 01:00:00,North Macedonia,North Macedonia,MK,739.51,799.88,1.82,1.82,entsoe.eu,false,
2024-06-04 02:00:00,North Macedonia,North Macedonia,MK,747.95,807.25,1.55,1.55,entsoe.eu,false,
2024-06-04 03:00:00,North Macedonia,North Macedonia,MK,741.48,800.31,2.44,2.43,entsoe.eu,false,
2024-06-04 04:00:00,North Macedonia,North Macedonia,MK,617.55,679.12,13.38,13.38,entsoe.eu,false,
2024-06-04 05:00:00,North Macedonia,North Macedonia,MK,480.31,544.22,27.02,27.02,entsoe.eu,false,
2024-06-04 06:00:00,North Macedonia,North Macedonia,MK,413.1,471.98,36.28,36.28,entsoe.eu,false,
2024-06-04 07:00:00,North Macedonia,North Macedonia,MK,370.62,424.04,43.7,43.55,entsoe.eu,false,
2024-06-04 08:00:00,North Macedonia,North Macedonia,MK,371.81,423.7,44.74,44.55,entsoe.eu,false,
2024-06-04 09:00:00,North Macedonia,North Macedonia,MK,365.24,415.68,46.43,46.17,entsoe.eu,false,
2024-06-04 10:00:00,North Macedonia,North Macedonia,MK,377.26,424.79,46.44,45.93,entsoe.eu,false,
2024-06-04 11:00:00,North Macedonia,North Macedonia,MK,391.56,440.26,44.07,43.89,entsoe.eu,false,
2024-06-04 12:00:00,North Macedonia,North Macedonia,MK,455.74,506.86,36.05,36.02,entsoe.eu,false,
2024-06-04 13:00:00,North Macedonia,North Macedonia,MK,573.55,624.47,23.35,23.35,entsoe.eu,false,
2024-06-04 14:00:00,North Macedonia,North Macedonia,MK,645.89,698.57,14.99,14.99,entsoe.eu,false,
2024-06-04 15:00:00,North Macedonia,North Macedonia,MK,582.35,630.91,23.39,23.32,entsoe.eu,false,
2024-06-04 16:00:00,North Macedonia,North Macedonia,MK,522.05,569.62,30.01,29.89,entsoe.eu,false,
2024-06-04 17:00:00,North Macedonia,North Macedonia,MK,511.13,559.05,30.87,30.82,entsoe.eu,false,
2024-06-04 18:00:00,North Macedonia,North Macedonia,MK,486.33,532.01,34.38,34.34,entsoe.eu,false,
2024-06-04 19:00:00,North Macedonia,North Macedonia,MK,484.26,530.63,34.37,34.35,entsoe.eu,false,
2024-06-04 20:00:00,North Macedonia,North Macedonia,MK,519.67,564.03,31.67,31.55,entsoe.eu,false,
2024-06-04 21:00:00,North Macedonia,North Macedonia,MK,539.68,585.42,28.99,28.96,entsoe.eu,false,
2024-06-04 22:00:00,North Macedonia,North Macedonia,MK,592.22,641.36,22.08,22.05,entsoe.eu,false,
2024-06-04 23:00:00,North Macedonia,North Macedonia,MK,682.38,737.37,10.21,10.2,entsoe.eu,false,
2024-06-05 00:00:00,North Macedonia,North Macedonia,MK,717.17,774.41,5.63,5.63,entsoe.eu,false,
2024-06-05 01:00:00,North Macedonia,North Macedonia,MK,715.22,772.34,5.89,5.88,entsoe.eu,false,
2024-06-05 02:00:00,North Macedonia,North Macedonia,MK,706.22,763.01,7.05,6.08,entsoe.eu,false,
2024-06-05 03:00:00,North Macedonia,North Macedonia,MK,692.08,747.7,8.94,8.92,entsoe.eu,false,
2024-06-05 04:00:00,North Macedonia,North Macedonia,MK,673.27,727.66,11.42,11.4,entsoe.eu,false,
2024-06-05 05:00:00,North Macedonia,North Macedonia,MK,571.42,619.3,24.78,24.77,entsoe.eu,false,
2024-06-05 06:00:00,North Macedonia,North Macedonia,MK,466.28,508.67,38.53,35.82,entsoe.eu,false,
2024-06-05 07:00:00,North Macedonia,North Macedonia,MK,417.19,458.09,44.95,39.74,entsoe.eu,false,
2024-06-05 08:00:00,North Macedonia,North Macedonia,MK,444.95,487.49,41.31,36.46,entsoe.eu,false,
2024-06-05 09:00:00,North Macedonia,North Macedonia,MK,423.99,465.61,44.03,38.73,entsoe.eu,false,
2024-06-05 10:00:00,North Macedonia,North Macedonia,MK,553.76,602.17,27.09,24.29,entsoe.eu,false,
2024-06-05 11:00:00,North Macedonia,North Macedonia,MK,639.67,693.6,15.8,13.18,entsoe.eu,false,
2024-06-05 12:00:00,North Macedonia,North Macedonia,MK,638.53,691.83,15.96,14.26,entsoe.eu,false,
2024-06-05 13:00:00,North Macedonia,North Macedonia,MK,596.92,647.28,21.44,19.89,entsoe.eu,false,
2024-06-05 14:00:00,North Macedonia,North Macedonia,MK,604.01,654.53,20.51,19.35,entsoe.eu,false,
2024-06-05 15:00:00,North Macedonia,North Macedonia,MK,541.4,587.26,28.84,28.57,entsoe.eu,false,
2024-06-05 16:00:00,North Macedonia,North Macedonia,MK,514.72,561.31,31.25,31.06,entsoe.eu,false,
2024-06-05 17:00:00,North Macedonia,North Macedonia,MK,508.44,556.1,31.32,31.24,entsoe.eu,false,
2024-06-05 18:00:00,North Macedonia,North Macedonia,MK,477.37,522.97,35.37,35.24,entsoe.eu,false,
2024-06-05 19:00:00,North Macedonia,North Macedonia,MK,483.46,528.87,34.77,34.72,entsoe.eu,false,
2024-06-05 20:00:00,North Macedonia,North Macedonia,MK,504.06,548.86,33.05,32.95,entsoe.eu,false,
2024-06-05 21:00:00,North Macedonia,North Macedonia,MK,547.31,593.44,28.05,27.8,entsoe.eu,false,
2024-06-05 22:00:00,North Macedonia,North Macedonia,MK,634.67,686.61,16.48,16.4,entsoe.eu,false,
2024-06-05 23:00:00,North Macedonia,North Macedonia,MK,682.49,737.5,10.19,10.15,entsoe.eu,false,
2024-06-06 00:00:00,North Macedonia,North Macedonia,MK,712.81,769.79,6.2,6.16,entsoe.eu,false,
2024-06-06 01:00:00,North Macedonia,North Macedonia,MK,712.46,769.45,6.25,6.14,entsoe.eu,false,
2024-06-06 02:00:00,North Macedonia,North Macedonia,MK,713.75,770.81,6.08,6.0,entsoe.eu,false,
2024-06-06 03:00:00,North Macedonia,North Macedonia,MK,671.17,725.44,11.69,11.69,entsoe.eu,false,
2024-06-06 04:00:00,North Macedonia,North Macedonia,MK,525.6,570.68,30.71,30.71,entsoe.eu,false,
2024-06-06 05:00:00,North Macedonia,North Macedonia,MK,476.74,526.74,33.18,33.18,entsoe.eu,false,
2024-06-06 06:00:00,North Macedonia,North Macedonia,MK,435.86,487.97,36.28,36.25,entsoe.eu,false,
2024-06-06 07:00:00,North Macedonia,North Macedonia,MK,551.56,600.93,27.51,22.98,entsoe.eu,false,
2024-06-06 08:00:00,North Macedonia,North Macedonia,MK,591.17,642.93,22.32,17.98,entsoe.eu,false,
2024-06-06 09:00:00,North Macedonia,North Macedonia,MK,607.27,659.85,20.21,16.23,entsoe.eu,false,
2024-06-06 10:00:00,North Macedonia,North Macedonia,MK,606.86,659.76,20.28,15.85,entsoe.eu,false,
2024-06-06 11:00:00,North Macedonia,North Macedonia,MK,614.79,668.0,19.25,14.96,entsoe.eu,false,
2024-06-06 12:00:00,North Macedonia,North Macedonia,MK,616.19,669.44,19.09,14.77,entsoe.eu,false,
2024-06-06 13:00:00,North Macedonia,North Macedonia,MK,625.48,678.97,17.76,13.92,entsoe.eu,false,
2024-06-06 14:00:00,North Macedonia,North Macedonia,MK,578.57,627.34,23.88,22.93,entsoe.eu,false,
2024-06-06 15:00:00,North Macedonia,North Macedonia,MK,562.82,610.2,25.96,25.76,entsoe.eu,false,
2024-06-06 16:00:00,North Macedonia,North Macedonia,MK,494.02,539.68,33.79,33.69,entsoe.eu,false,
2024-06-06 17:00:00,North Macedonia,North Macedonia,MK,493.66,539.46,33.63,33.58,entsoe.eu,false,
2024-06-06 18:00:00,North Macedonia,North Macedonia,MK,454.84,497.72,38.89,38.83,entsoe.eu,false,
2024-06-06 19:00:00,North Macedonia,North Macedonia,MK,456.44,499.35,38.69,38.63,entsoe.eu,false,
2024-06-06 20:00:00,North Macedonia,North Macedonia,MK,451.9,496.13,38.68,38.65,entsoe.eu,false,
2024-06-06 21:00:00,North Macedonia,North Macedonia,MK,444.26,496.94,35.7,35.7,entsoe.eu,false,
2024-06-06 22:00:00,North Macedonia,North Macedonia,MK,556.7,618.45,19.51,19.51,entsoe.eu,false,
2024-06-06 23:00:00,North Macedonia,North Macedonia,MK,709.76,766.5,6.61,6.61,entsoe.eu,false,
2024-06-07 00:00:00,North Macedonia,North Macedonia,MK,709.0,765.7,6.71,6.71,entsoe.eu,false,
2024-06-07 01:00:00,North Macedonia,North Macedonia,MK,707.85,764.47,6.86,6.86,entsoe.eu,false,
2024-06-07 02:00:00,North Macedonia,North Macedonia,MK,705.2,761.68,7.21,7.21,entsoe.eu,false,
2024-06-07 03:00:00,North Macedonia,North Macedonia,MK,554.34,617.99,17.69,17.69,entsoe.eu,false,
2024-06-07 04:00:00,North Macedonia,North Macedonia,MK,496.47,560.4,23.57,23.57,entsoe.eu,false,
2024-06-07 05:00:00,North Macedonia,North Macedonia,MK,450.33,511.99,29.65,29.65,entsoe.eu,false,
2024-06-07 06:00:00,North Macedonia,North Macedonia,MK,457.02,513.77,32.08,32.03,entsoe.eu,false,
2024-06-07 07:00:00,North Macedonia,North Macedonia,MK,630.12,685.48,16.03,14.39,entsoe.eu,false,
2024-06-07 08:00:00,North Macedonia,North Macedonia,MK,647.22,701.93,14.97,11.77,entsoe.eu,false,
2024-06-07 09:00:00,North Macedonia,North Macedonia,MK,652.46,707.54,14.29,10.9,entsoe.eu,false,
2024-06-07 10:00:00,North Macedonia,North Macedonia,MK,672.28,728.16,11.68,9.02,entsoe.eu,false,
2024-06-07 11:00:00,North Macedonia,North Macedonia,MK,654.99,709.71,13.96,11.36,entsoe.eu,false,
2024-06-07 12:00:00,North Macedonia,North Macedonia,MK,642.65,696.2,15.55,13.57,entsoe.eu,false,
2024-06-07 13:00:00,North Macedonia,North Macedonia,MK,723.35,781.48,4.85,3.96,entsoe.eu,false,
2024-06-07 14:00:00,North Macedonia,North Macedonia,MK,618.38,669.21,18.63,18.63,entsoe.eu,false,
2024-06-07 15:00:00,North Macedonia,North Macedonia,MK,608.5,658.74,19.93,19.93,entsoe.eu,false,
2024-06-07 16:00:00,North Macedonia,North Macedonia,MK,580.83,629.27,23.58,23.58,entsoe.eu,false,
2024-06-07 17:00:00,North Macedonia,North Macedonia,MK,578.78,627.1,23.84,23.84,entsoe.eu,false,
2024-06-07 18:00:00,North Macedonia,North Macedonia,MK,546.95,593.21,28.03,28.03,entsoe.eu,false,
2024-06-07 19:00:00,North Macedonia,North Macedonia,MK,521.5,568.49,30.25,30.2,entsoe.eu,false,
2024-06-07 20:00:00,North Macedonia,North Macedonia,MK,539.13,584.79,29.08,29.07,entsoe.eu,false,
2024-06-07 21:00:00,North Macedonia,North Macedonia,MK,588.39,637.25,22.59,22.57,entsoe.eu,false,
2024-06-07 22:00:00,North Macedonia,North Macedonia,MK,644.81,697.32,15.17,15.09,entsoe.eu,false,
2024-06-07 23:00:00,North Macedonia,North Macedonia,MK,695.95,751.79,8.43,8.42,entsoe.eu,false,
2024-06-08 00:00:00,North Macedonia,North Macedonia,MK,740.96,799.72,2.51,2.47,entsoe.eu,false,
2024-06-08 01:00:00,North Macedonia,North Macedonia,MK,744.25,803.23,2.07,2.07,entsoe.eu,false,
2024-06-08 02:00:00,North Macedonia,North Macedonia,MK,748.04,807.28,1.57,1.57,entsoe.eu,false,
2024-06-08 03:00:00,North Macedonia,North Macedonia,MK,750.02,809.4,1.31,1.31,entsoe.eu,false,
2024-06-08 04:00:00,North Macedonia,North Macedonia,MK,738.68,797.46,2.82,2.25,entsoe.eu,false,
2024-06-08 05:00:00,North Macedonia,North Macedonia,MK,671.16,726.7,11.86,8.46,entsoe.eu,false,
2024-06-08 06:00:00,North Macedonia,North Macedonia,MK,624.66,678.13,18.03,13.58,entsoe.eu,false,
2024-06-08 07:00:00,North Macedonia,North Macedonia,MK,604.81,657.54,20.67,15.85,entsoe.eu,false,
2024-06-08 08:00:00,North Macedonia,North Macedonia,MK,592.69,644.9,22.29,17.13,entsoe.eu,false,
2024-06-08 09:00:00,North Macedonia,North Macedonia,MK,598.29,650.65,21.55,16.66,entsoe.eu,false,
2024-06-08 10:00:00,North Macedonia,North Macedonia,MK,614.38,667.36,19.45,15.09,entsoe.eu,false,
2024-06-08 11:00:00,North Macedonia,North Macedonia,MK,616.92,669.92,19.09,14.98,entsoe.eu,false,
2024-06-08 12:00:00,North Macedonia,North Macedonia,MK,605.16,657.32,20.66,16.47,entsoe.eu,false,
2024-06-08 13:00:00,North Macedonia,North Macedonia,MK,601.37,653.29,21.21,16.66,entsoe.eu,false,
2024-06-08 14:00:00,North Macedonia,North Macedonia,MK,597.15,648.8,21.72,17.17,entsoe.eu,false,
2024-06-08 15:00:00,North Macedonia,North Macedonia,MK,567.85,616.41,25.43,22.99,entsoe.eu,false,
2024-06-08 16:00:00,North Macedonia,North Macedonia,MK,589.76,638.71,22.49,22.22,entsoe.eu,false,
2024-06-08 17:00:00,North Macedonia,North Macedonia,MK,528.13,572.99,30.64,30.5,entsoe.eu,false,
2024-06-08 18:00:00,North Macedonia,North Macedonia,MK,515.44,560.47,31.82,31.76,entsoe.eu,false,
2024-06-08 19:00:00,North Macedonia,North Macedonia,MK,532.95,578.19,29.93,29.86,entsoe.eu,false,
2024-06-08 20:00:00,North Macedonia,North Macedonia,MK,597.33,646.75,21.49,20.92,entsoe.eu,false,
2024-06-08 21:00:00,North Macedonia,North Macedonia,MK,627.31,678.69,17.5,17.26,entsoe.eu,false,
2024-06-08 22:00:00,North Macedonia,North Macedonia,MK,629.08,680.87,17.47,14.99,entsoe.eu,false,
2024-06-08 23:00:00,North Macedonia,North Macedonia,MK,728.32,786.47,4.22,3.45,entsoe.eu,false,
2024-06-09 00:00:00,North Macedonia,North Macedonia,MK,745.7,804.86,1.9,1.58,entsoe.eu,false,
2024-06-09 01:00:00,North Macedonia,North Macedonia,MK,756.32,816.1,0.49,0.4,entsoe.eu,false,
2024-06-09 02:00:00,North Macedonia,North Macedonia,MK,748.3,807.67,1.56,1.12,entsoe.eu,false,
2024-06-09 03:00:00,North Macedonia,North Macedonia,MK,710.1,767.51,6.73,4.04,entsoe.eu,false,
2024-06-09 04:00:00,North Macedonia,North Macedonia,MK,701.11,758.2,7.93,4.64,entsoe.eu,false,
2024-06-09 05:00:00,North Macedonia,North Macedonia,MK,654.99,709.88,14.04,9.61,entsoe.eu,false,
2024-06-09 06:00:00,North Macedonia,North Macedonia,MK,676.31,732.27,11.17,7.88,entsoe.eu,false,
2024-06-09 07:00:00,North Macedonia,North Macedonia,MK,636.5,690.64,16.49,11.91,entsoe.eu,false,
2024-06-09 08:00:00,North Macedonia,North Macedonia,MK,619.43,672.87,18.77,13.61,entsoe.eu,false,
2024-06-09 09:00:00,North Macedonia,North Macedonia,MK,615.19,668.41,19.33,14.32,entsoe.eu,false,
2024-06-09 10:00:00,North Macedonia,North Macedonia,MK,613.54,666.53,19.57,14.63,entsoe.eu,false,
2024-06-09 11:00:00,North Macedonia,North Macedonia,MK,612.55,665.51,19.69,14.71,entsoe.eu,false,
2024-06-09 12:00:00,North Macedonia,North Macedonia,MK,614.75,667.72,19.42,14.4,entsoe.eu,false,
2024-06-09 13:00:00,North Macedonia,North Macedonia,MK,606.06,658.06,20.53,16.25,entsoe.eu,false,
2024-06-09 14:00:00,North Macedonia,North Macedonia,MK,569.58,619.49,25.44,20.36,entsoe.eu,false,
2024-06-09 15:00:00,North Macedonia,North Macedonia,MK,524.06,570.15,31.36,27.69,entsoe.eu,false,
2024-06-09 16:00:00,North Macedonia,North Macedonia,MK,508.9,553.44,33.38,30.02,entsoe.eu,false,
2024-06-09 17:00:00,North Macedonia,North Macedonia,MK,513.93,558.5,32.56,30.11,entsoe.eu,false,
2024-06-09 18:00:00,North Macedonia,North Macedonia,MK,511.58,555.91,32.95,30.16,entsoe.eu,false,
2024-06-09 19:00:00,North Macedonia,North Macedonia,MK,516.45,561.24,32.29,29.21,entsoe.eu,false,
2024-06-09 20:00:00,North Macedonia,North Macedonia,MK,522.82,568.43,31.48,27.05,entsoe.eu,false,
2024-06-09 21:00:00,North Macedonia,North Macedonia,MK,537.3,583.85,29.61,25.25,entsoe.eu,false,
2024-06-09 22:00:00,North Macedonia,North Macedonia,MK,600.86,652.12,21.38,14.98,entsoe.eu,false,
2024-06-09 23:00:00,North Macedonia,North Macedonia,MK,610.19,661.94,20.08,14.19,entsoe.eu,false,
2024-06-10 00:00:00,North Macedonia,North Macedonia,MK,630.91,683.94,17.32,11.64,entsoe.eu,false,
2024-06-10 01:00:00,North Macedonia,North Macedonia,MK,648.7,702.82,14.98,9.52,entsoe.eu,false,
2024-06-10 02:00:00,North Macedonia,North Macedonia,MK,658.54,713.17,13.62,8.8,entsoe.eu,false,
2024-06-10 03:00:00,North Macedonia,North Macedonia,MK,687.0,742.96,9.77,6.8,entsoe.eu,false,
2024-06-10 04:00:00,North Macedonia,North Macedonia,MK,677.3,732.37,10.97,9.11,entsoe.eu,false,
2024-06-10 05:00:00,North Macedonia,North Macedonia,MK,649.86,703.62,14.57,12.2,entsoe.eu,false,
2024-06-10 06:00:00,North Macedonia,North Macedonia,MK,537.63,585.41,29.3,25.36,entsoe.eu,false,
2024-06-10 07:00:00,North Macedonia,North Macedonia,MK,491.53,536.56,35.45,30.98,entsoe.eu,false,
2024-06-10 08:00:00,North Macedonia,North Macedonia,MK,476.18,520.58,37.48,31.89,entsoe.eu,false,
2024-06-10 09:00:00,North Macedonia,North Macedonia,MK,462.46,506.3,39.37,33.05,entsoe.eu,false,
2024-06-10 10:00:00,North Macedonia,North Macedonia,MK,511.81,557.79,32.9,27.9,entsoe.eu,false,
2024-06-10 11:00:00,North Macedonia,North Macedonia,MK,521.11,567.3,31.58,27.33,entsoe.eu,false,
2024-06-10 12:00:00,North Macedonia,North Macedonia,MK,513.78,559.46,32.56,28.44,entsoe.eu,false,
2024-06-10 13:00:00,North Macedonia,North Macedonia,MK,471.83,515.01,38.1,33.32,entsoe.eu,false,
2024-06-10 14:00:00,North Macedonia,North Macedonia,MK,430.18,472.85,41.84,38.3,entsoe.eu,false,
2024-06-10 15:00:00,North Macedonia,North Macedonia,MK,468.68,516.08,35.18,32.0,entsoe.eu,false,
2024-06-10 16:00:00,North Macedonia,North Macedonia,MK,500.79,559.93,24.85,23.67,entsoe.eu,false,
2024-06-10 17:00:00,North Macedonia,North Macedonia,MK,511.88,571.56,23.38,21.94,entsoe.eu,false,
2024-06-10 18:00:00,North Macedonia,North Macedonia,MK,485.27,542.47,27.37,25.38,entsoe.eu,false,
2024-06-10 19:00:00,North Macedonia,North Macedonia,MK,491.24,549.04,26.45,24.57,entsoe.eu,false,
2024-06-10 20:00:00,North Macedonia,North Macedonia,MK,509.12,568.21,24.09,21.48,entsoe.eu,false,
2024-06-10 21:00:00,North Macedonia,North Macedonia,MK,535.63,600.5,18.27,14.7,entsoe.eu,false,
2024-06-10 22:00:00,North Macedonia,North Macedonia,MK,585.62,651.93,13.08,8.02,entsoe.eu,false,
2024-06-10 23:00:00,North Macedonia,North Macedonia,MK,598.68,663.78,12.68,7.18,entsoe.eu,false,
2024-06-11 00:00:00,North Macedonia,North Macedonia,MK,635.68,703.72,7.22,3.24,entsoe.eu,false,
2024-06-11 01:00:00,North Macedonia,North Macedonia,MK,647.06,715.79,5.63,2.56,entsoe.eu,false,
2024-06-11 02:00:00,North Macedonia,North Macedonia,MK,646.08,714.6,5.87,2.71,entsoe.eu,false,
2024-06-11 03:00:00,North Macedonia,North Macedonia,MK,641.04,709.89,5.96,3.48,entsoe.eu,false,
2024-06-11 04:00:00,North Macedonia,North Macedonia,MK,573.34,641.13,12.98,10.04,entsoe.eu,false,
2024-06-11 05:00:00,North Macedonia,North Macedonia,MK,510.3,576.52,20.12,15.87,entsoe.eu,false,
2024-06-11 06:00:00,North Macedonia,North Macedonia,MK,491.23,537.64,34.64,27.16,entsoe.eu,false,
2024-06-11 07:00:00,North Macedonia,North Macedonia,MK,503.35,549.43,33.99,25.96,entsoe.eu,false,
2024-06-11 08:00:00,North Macedonia,North Macedonia,MK,498.43,544.64,34.61,26.86,entsoe.eu,false,
2024-06-11 09:00:00,North Macedonia,North Macedonia,MK,498.65,545.2,34.59,25.99,entsoe.eu,false,
2024-06-11 10:00:00,North Macedonia,North Macedonia,MK,487.42,533.31,36.08,27.57,entsoe.eu,false,
2024-06-11 11:00:00,North Macedonia,North Macedonia,MK,461.01,504.74,39.52,32.42,entsoe.eu,false,
2024-06-11 12:00:00,North Macedonia,North Macedonia,MK,493.45,538.31,35.22,29.82,entsoe.eu,false,
2024-06-11 13:00:00,North Macedonia,North Macedonia,MK,519.27,565.32,31.83,26.98,entsoe.eu,false,
2024-06-11 14:00:00,North Macedonia,North Macedonia,MK,542.95,590.08,28.69,24.82,entsoe.eu,false,
2024-06-11 15:00:00,North Macedonia,North Macedonia,MK,530.46,576.77,30.32,25.48,entsoe.eu,false,
2024-06-11 16:00:00,North Macedonia,North Macedonia,MK,538.25,592.63,24.41,21.98,entsoe.eu,false,
2024-06-11 17:00:00,North Macedonia,North Macedonia,MK,532.67,594.63,20.4,19.35,entsoe.eu,false,
2024-06-11 18:00:00,North Macedonia,North Macedonia,MK,551.57,615.65,17.2,16.46,entsoe.eu,false,
2024-06-11 19:00:00,North Macedonia,North Macedonia,MK,565.07,630.4,15.18,14.39,entsoe.eu,false,
2024-06-11 20:00:00,North Macedonia,North Macedonia,MK,568.98,632.37,15.93,12.62,entsoe.eu,false,
2024-06-11 21:00:00,North Macedonia,North Macedonia,MK,590.71,656.46,12.77,6.99,entsoe.eu,false,
2024-06-11 22:00:00,North Macedonia,North Macedonia,MK,608.99,675.72,10.49,4.88,Electricity Maps Estimation,true,ESTIMATED_TIME_SLICER_AVERAGE
2024-06-11 23:00:00,North Macedonia,North Macedonia,MK,624.01,691.35,8.62,3.6,Electricity Maps Estimation,true,ESTIMATED_TIME_SLICER_AVERAGE
2024-06-12 00:00:00,North Macedonia,North Macedonia,MK,628.84,697.59,7.27,2.65,Electricity Maps Estimation,true,ESTIMATED_TIME_SLICER_AVERAGE
2024-06-12 01:00:00,North Macedonia,North Macedonia,MK,626.36,694.75,7.75,2.57,Electricity Maps Estimation,true,ESTIMATED_TIME_SLICER_AVERAGE
2024-06-12 02:00:00,North Macedonia,North Macedonia,MK,621.77,690.79,7.78,2.64,Electricity Maps Estimation,true,ESTIMATED_TIME_SLICER_AVERAGE
2024-06-12 03:00:00,North Macedonia,North Macedonia,MK,627.51,700.18,4.85,1.92,Electricity Maps Estimation,true,ESTIMATED_TIME_SLICER_AVERAGE
2024-06-12 04:00:00,North Macedonia,North Macedonia,MK,591.81,663.79,8.76,4.48,Electricity Maps Estimation,true,ESTIMATED_TIME_SLICER_AVERAGE
2024-06-12 05:00:00,North Macedonia,North Macedonia,MK,553.82,626.02,12.43,7.27,Electricity Maps Estimation,true,ESTIMATED_TIME_SLICER_AVERAGE
2024-06-12 06:00:00,North Macedonia,North Macedonia,MK,529.18,597.67,17.12,12.64,Electricity Maps Estimation,true,ESTIMATED_TIME_SLICER_AVERAGE
2024-06-12 07:00:00,North Macedonia,North Macedonia,MK,491.43,554.71,24.23,17.54,Electricity Maps Estimation,true,ESTIMATED_TIME_SLICER_AVERAGE
2024-06-12 08:00:00,North Macedonia,North Macedonia,MK,493.64,557.33,24.04,16.52,Electricity Maps Estimation,true,ESTIMATED_TIME_SLICER_AVERAGE
2024-06-12 09:00:00,North Macedonia,North Macedonia,MK,492.66,556.59,23.94,16.77,Electricity Maps Estimation,true,ESTIMATED_TIME_SLICER_AVERAGE
2024-06-12 10:00:00,North Macedonia,North Macedonia,MK,508.44,573.97,21.24,15.34,Electricity Maps Estimation,true,ESTIMATED_TIME_SLICER_AVERAGE
2024-06-12 11:00:00,North Macedonia,North Macedonia,MK,505.7,570.76,21.82,15.73,Electricity Maps Estimation,true,ESTIMATED_TIME_SLICER_AVERAGE
2024-06-12 12:00:00,North Macedonia,North Macedonia,MK,529.39,596.34,18.19,14.23,Electricity Maps Estimation,true,ESTIMATED_TIME_SLICER_AVERAGE
2024-06-12 13:00:00,North Macedonia,North Macedonia,MK,513.06,578.84,20.41,16.25,Electricity Maps Estimation,true,ESTIMATED_TIME_SLICER_AVERAGE
2024-06-12 14:00:00,North Macedonia,North Macedonia,MK,523.14,589.59,18.62,15.73,Electricity Maps Estimation,true,ESTIMATED_TIME_SLICER_AVERAGE
2024-06-12 15:00:00,North Macedonia,North Macedonia,MK,538.53,604.99,16.88,14.7,Electricity Maps Estimation,true,ESTIMATED_TIME_SLICER_AVERAGE
2024-06-12 16:00:00,North Macedonia,North Macedonia,MK,536.34,601.09,18.2,17.77,Electricity Maps Estimation,true,ESTIMATED_TIME_SLICER_AVERAGE
2024-06-12 17:00:00,North Macedonia,North Macedonia,MK,528.5,593.39,18.9,18.8,Electricity Maps Estimation,true,ESTIMATED_TIME_SLICER_AVERAGE
2024-06-12 18:00:00,North Macedonia,North Macedonia,MK,517.62,582.78,19.68,19.59,Electricity Maps Estimation,true,ESTIMATED_TIME_SLICER_AVERAGE
2024-06-12 19:00:00,North Macedonia,North Macedonia,MK,518.8,584.26,19.4,18.93,Electricity Maps Estimation,true,ESTIMATED_TIME_SLICER_AVERAGE
2024-06-12 20:00:00,North Macedonia,North Macedonia,MK,534.97,601.72,17.09,15.7,Electricity Maps Estimation,true,ESTIMATED_TIME_SLICER_AVERAGE
2024-06-12 21:00:00,North Macedonia,North Macedonia,MK,566.77,635.73,12.59,9.71,Electricity Maps Estimation,true,ESTIMATED_TIME_SLICER_AVERAGE
2024-06-12 22:00:00,North Macedonia,North Macedonia,MK,595.22,665.72,8.99,7.31,entsoe.eu,false,
2024-06-12 23:00:00,North Macedonia,North Macedonia,MK,627.7,698.74,5.77,2.48,entsoe.eu,false,
2024-06-13 00:00:00,North Macedonia,North Macedonia,MK,635.96,708.48,4.03,1.65,entsoe.eu,false,
2024-06-13 01:00:00,North Macedonia,North Macedonia,MK,626.87,699.15,5.02,2.63,entsoe.eu,false,
2024-06-13 02:00:00,North Macedonia,North Macedonia,MK,623.0,695.57,5.21,2.75,entsoe.eu,false,
2024-06-13 03:00:00,North Macedonia,North Macedonia,MK,621.2,695.9,4.01,4.01,entsoe.eu,false,
2024-06-13 04:00:00,North Macedonia,North Macedonia,MK,549.96,621.43,12.57,11.98,entsoe.eu,false,
2024-06-13 05:00:00,North Macedonia,North Macedonia,MK,498.12,567.58,18.75,17.3,entsoe.eu,false,
2024-06-13 06:00:00,North Macedonia,North Macedonia,MK,438.68,499.61,29.75,26.78,entsoe.eu,false,
2024-06-13 07:00:00,North Macedonia,North Macedonia,MK,463.74,527.66,26.05,20.78,entsoe.eu,false,
2024-06-13 08:00:00,North Macedonia,North Macedonia,MK,464.68,529.7,25.88,17.48,entsoe.eu,false,
2024-06-13 09:00:00,North Macedonia,North Macedonia,MK,417.94,476.06,34.52,25.37,entsoe.eu,false,
2024-06-13 10:00:00,North Macedonia,North Macedonia,MK,432.6,490.74,32.76,25.62,entsoe.eu,false,
2024-06-13 11:00:00,North Macedonia,North Macedonia,MK,454.95,514.02,29.96,23.72,entsoe.eu,false,
2024-06-13 12:00:00,North Macedonia,North Macedonia,MK,467.26,527.81,27.72,22.36,entsoe.eu,false,
2024-06-13 13:00:00,North Macedonia,North Macedonia,MK,460.3,519.49,28.89,24.74,entsoe.eu,false,
2024-06-13 14:00:00,North Macedonia,North Macedonia,MK,477.56,537.43,26.59,24.41,entsoe.eu,false,
2024-06-13 15:00:00,North Macedonia,North Macedonia,MK,514.68,578.39,20.7,20.59,entsoe.eu,false,
2024-06-13 16:00:00,North Macedonia,North Macedonia,MK,489.85,551.28,24.63,23.08,entsoe.eu,false,
2024-06-13 17:00:00,North Macedonia,North Macedonia,MK,490.96,552.06,24.78,23.25,entsoe.eu,false,
2024-06-13 18:00:00,North Macedonia,North Macedonia,MK,462.66,522.62,28.01,26.34,entsoe.eu,false,
2024-06-13 19:00:00,North Macedonia,North Macedonia,MK,448.87,506.9,30.56,26.08,entsoe.eu,false,
2024-06-13 20:00:00,North Macedonia,North Macedonia,MK,464.13,523.04,28.56,23.1,entsoe.eu,false,
2024-06-13 21:00:00,North Macedonia,North Macedonia,MK,488.59,549.07,25.43,18.1,entsoe.eu,false,
2024-06-13 22:00:00,North Macedonia,North Macedonia,MK,543.17,608.7,17.37,8.7,entsoe.eu,false,
2024-06-13 23:00:00,North Macedonia,North Macedonia,MK,593.19,662.7,10.22,3.12,entsoe.eu,false,
2024-06-14 00:00:00,North Macedonia,North Macedonia,MK,632.44,701.84,6.48,1.89,entsoe.eu,false,
2024-06-14 01:00:00,North Macedonia,North Macedonia,MK,661.17,732.88,2.21,0.54,entsoe.eu,false,
2024-06-14 02:00:00,North Macedonia,North Macedonia,MK,656.3,728.7,2.21,1.06,entsoe.eu,false,
2024-06-14 03:00:00,North Macedonia,North Macedonia,MK,603.93,674.95,7.82,7.82,entsoe.eu,false,
2024-06-14 04:00:00,North Macedonia,North Macedonia,MK,516.96,588.07,15.82,15.82,entsoe.eu,false,
2024-06-14 05:00:00,North Macedonia,North Macedonia,MK,507.32,574.15,19.38,19.36,entsoe.eu,false,
2024-06-14 06:00:00,North Macedonia,North Macedonia,MK,495.57,563.31,20.0,19.94,entsoe.eu,false,
2024-06-14 07:00:00,North Macedonia,North Macedonia,MK,521.58,589.44,17.67,17.2,entsoe.eu,false,
2024-06-14 08:00:00,North Macedonia,North Macedonia,MK,536.96,605.57,16.0,15.01,entsoe.eu,false,
2024-06-14 09:00:00,North Macedonia,North Macedonia,MK,538.33,604.59,17.27,16.34,entsoe.eu,false,
2024-06-14 10:00:00,North Macedonia,North Macedonia,MK,541.25,607.65,16.95,16.01,entsoe.eu,false,
2024-06-14 11:00:00,North Macedonia,North Macedonia,MK,529.16,594.95,18.59,16.33,entsoe.eu,false,
2024-06-14 12:00:00,North Macedonia,North Macedonia,MK,509.89,574.28,21.51,17.04,entsoe.eu,false,
2024-06-14 13:00:00,North Macedonia,North Macedonia,MK,461.9,521.61,28.74,23.9,entsoe.eu,false,
2024-06-14 14:00:00,North Macedonia,North Macedonia,MK,478.19,538.87,26.67,21.21,entsoe.eu,false,
2024-06-14 15:00:00,North Macedonia,North Macedonia,MK,429.06,486.76,32.92,26.71,entsoe.eu,false,
2024-06-14 16:00:00,North Macedonia,North Macedonia,MK,425.32,485.76,31.01,28.45,entsoe.eu,false,
2024-06-14 17:00:00,North Macedonia,North Macedonia,MK,450.77,513.92,26.83,25.37,entsoe.eu,false,
2024-06-14 18:00:00,North Macedonia,North Macedonia,MK,441.34,502.72,28.84,26.24,entsoe.eu,false,
2024-06-14 19:00:00,North Macedonia,North Macedonia,MK,424.49,485.37,30.75,27.09,entsoe.eu,false,
2024-06-14 20:00:00,North Macedonia,North Macedonia,MK,451.01,511.33,29.0,20.68,entsoe.eu,false,
2024-06-14 21:00:00,North Macedonia,North Macedonia,MK,444.59,503.1,30.97,21.7,entsoe.eu,false,
2024-06-14 22:00:00,North Macedonia,North Macedonia,MK,524.21,575.06,28.27,16.74,entsoe.eu,false,
2024-06-14 23:00:00,North Macedonia,North Macedonia,MK,570.78,619.47,24.92,15.3,entsoe.eu,false,
2024-06-15 00:00:00,North Macedonia,North Macedonia,MK,618.89,670.57,18.59,10.83,entsoe.eu,false,
2024-06-15 01:00:00,North Macedonia,North Macedonia,MK,623.84,675.89,17.91,10.6,entsoe.eu,false,
2024-06-15 02:00:00,North Macedonia,North Macedonia,MK,612.41,663.85,19.42,10.82,entsoe.eu,false,
2024-06-15 03:00:00,North Macedonia,North Macedonia,MK,597.56,648.18,21.31,12.03,entsoe.eu,false,
2024-06-15 04:00:00,North Macedonia,North Macedonia,MK,558.48,607.03,26.42,15.21,entsoe.eu,false,
2024-06-15 05:00:00,North Macedonia,North Macedonia,MK,525.59,572.61,30.67,18.95,entsoe.eu,false,
2024-06-15 06:00:00,North Macedonia,North Macedonia,MK,541.68,589.75,28.59,19.71,entsoe.eu,false,
2024-06-15 07:00:00,North Macedonia,North Macedonia,MK,537.58,585.88,29.21,20.67,entsoe.eu,false,
2024-06-15 08:00:00,North Macedonia,North Macedonia,MK,565.66,615.79,25.6,18.78,entsoe.eu,false,
2024-06-15 09:00:00,North Macedonia,North Macedonia,MK,565.75,616.27,25.58,19.46,entsoe.eu,false,
2024-06-15 10:00:00,North Macedonia,North Macedonia,MK,574.29,625.08,24.46,18.98,entsoe.eu,false,
2024-06-15 11:00:00,North Macedonia,North Macedonia,MK,590.96,642.57,22.28,17.04,entsoe.eu,false,
2024-06-15 12:00:00,North Macedonia,North Macedonia,MK,601.87,654.08,20.86,15.57,entsoe.eu,false,
2024-06-15 13:00:00,North Macedonia,North Macedonia,MK,614.35,667.12,19.2,14.36,entsoe.eu,false,
2024-06-15 14:00:00,North Macedonia,North Macedonia,MK,596.1,647.97,21.58,16.51,entsoe.eu,false,
2024-06-15 15:00:00,North Macedonia,North Macedonia,MK,584.94,635.07,23.0,19.67,entsoe.eu,false,
2024-06-15 16:00:00,North Macedonia,North Macedonia,MK,576.87,625.08,24.08,24.03,entsoe.eu,false,
2024-06-15 17:00:00,North Macedonia,North Macedonia,MK,529.32,574.36,30.37,30.3,entsoe.eu,false,
2024-06-15 18:00:00,North Macedonia,North Macedonia,MK,503.12,546.42,33.85,33.73,entsoe.eu,false,
2024-06-15 19:00:00,North Macedonia,North Macedonia,MK,464.52,505.36,38.88,38.88,entsoe.eu,false,
2024-06-15 20:00:00,North Macedonia,North Macedonia,MK,462.61,506.74,37.76,37.76,entsoe.eu,false,
2024-06-15 21:00:00,North Macedonia,North Macedonia,MK,501.31,544.53,34.04,34.04,entsoe.eu,false,
2024-06-15 22:00:00,North Macedonia,North Macedonia,MK,531.31,576.98,30.13,27.84,entsoe.eu,false,
2024-06-15 23:00:00,North Macedonia,North Macedonia,MK,596.35,646.17,21.49,20.57,entsoe.eu,false,
2024-06-16 00:00:00,North Macedonia,North Macedonia,MK,732.13,790.59,3.64,3.22,entsoe.eu,false,
2024-06-16 01:00:00,North Macedonia,North Macedonia,MK,730.26,788.64,3.88,3.37,entsoe.eu,false,
2024-06-16 02:00:00,North Macedonia,North Macedonia,MK,693.9,750.46,8.68,5.96,entsoe.eu,false,
2024-06-16 03:00:00,North Macedonia,North Macedonia,MK,665.64,720.76,12.4,8.25,entsoe.eu,false,
2024-06-16 04:00:00,North Macedonia,North Macedonia,MK,584.16,634.55,23.04,17.79,entsoe.eu,false,
2024-06-16 05:00:00,North Macedonia,North Macedonia,MK,517.45,563.68,31.79,27.18,entsoe.eu,false,
2024-06-16 06:00:00,North Macedonia,North Macedonia,MK,579.77,629.94,23.63,19.33,entsoe.eu,false,
2024-06-16 07:00:00,North Macedonia,North Macedonia,MK,645.63,699.98,15.0,11.3,entsoe.eu,false,
2024-06-16 08:00:00,North Macedonia,North Macedonia,MK,625.38,678.87,17.72,13.19,entsoe.eu,false,
2024-06-16 09:00:00,North Macedonia,North Macedonia,MK,619.01,672.31,18.54,13.89,entsoe.eu,false,
2024-06-16 10:00:00,North Macedonia,North Macedonia,MK,614.8,667.85,19.11,14.48,entsoe.eu,false,
2024-06-16 11:00:00,North Macedonia,North Macedonia,MK,634.21,688.09,16.53,12.85,entsoe.eu,false,
2024-06-16 12:00:00,North Macedonia,North Macedonia,MK,632.91,686.72,16.66,13.07,entsoe.eu,false,
2024-06-16 13:00:00,North Macedonia,North Macedonia,MK,648.13,702.58,14.62,11.98,entsoe.eu,false,
2024-06-16 14:00:00,North Macedonia,North Macedonia,MK,616.4,669.13,18.83,15.26,entsoe.eu,false,
2024-06-16 15:00:00,North Macedonia,North Macedonia,MK,527.0,572.7,30.62,29.04,entsoe.eu,false,
2024-06-16 16:00:00,North Macedonia,North Macedonia,MK,465.39,515.09,33.5,33.33,entsoe.eu,false,
2024-06-16 17:00:00,North Macedonia,North Macedonia,MK,412.78,471.76,32.77,32.74,entsoe.eu,false,
2024-06-16 18:00:00,North Macedonia,North Macedonia,MK,402.45,462.76,32.93,32.9,entsoe.eu,false,
2024-06-16 19:00:00,North Macedonia,North Macedonia,MK,385.78,445.56,34.79,34.78,entsoe.eu,false,
2024-06-16 20:00:00,North Macedonia,North Macedonia,MK,390.49,447.65,35.91,35.91,entsoe.eu,false,
2024-06-16 21:00:00,North Macedonia,North Macedonia,MK,418.46,481.26,29.95,29.93,entsoe.eu,false,
2024-06-16 22:00:00,North Macedonia,North Macedonia,MK,527.97,595.41,17.11,16.58,entsoe.eu,false,
2024-06-16 23:00:00,North Macedonia,North Macedonia,MK,581.7,653.25,9.6,9.42,entsoe.eu,false,
2024-06-17 00:00:00,North Macedonia,North Macedonia,MK,626.55,701.0,3.68,3.62,entsoe.eu,false,
2024-06-17 01:00:00,North Macedonia,North Macedonia,MK,649.65,725.91,0.46,0.38,entsoe.eu,false,
2024-06-17 02:00:00,North Macedonia,North Macedonia,MK,598.77,673.4,6.43,5.18,entsoe.eu,false,
2024-06-17 03:00:00,North Macedonia,North Macedonia,MK,604.91,683.17,3.42,3.35,entsoe.eu,false,
2024-06-17 04:00:00,North Macedonia,North Macedonia,MK,508.41,589.6,10.65,10.65,entsoe.eu,false,
2024-06-17 05:00:00,North Macedonia,North Macedonia,MK,443.43,519.54,20.1,20.1,entsoe.eu,false,
2024-06-17 06:00:00,North Macedonia,North Macedonia,MK,417.5,484.53,27.81,27.37,entsoe.eu,false,
2024-06-17 07:00:00,North Macedonia,North Macedonia,MK,373.39,433.31,37.44,34.26,entsoe.eu,false,
2024-06-17 08:00:00,North Macedonia,North Macedonia,MK,352.19,408.61,42.4,37.29,entsoe.eu,false,
2024-06-17 09:00:00,North Macedonia,North Macedonia,MK,354.98,413.63,41.22,35.16,entsoe.eu,false,
2024-06-17 10:00:00,North Macedonia,North Macedonia,MK,362.1,419.79,40.83,35.1,entsoe.eu,false,
2024-06-17 11:00:00,North Macedonia,North Macedonia,MK,375.27,434.35,38.43,33.37,entsoe.eu,false,
2024-06-17 12:00:00,North Macedonia,North Macedonia,MK,377.88,436.85,37.87,33.46,entsoe.eu,false,
2024-06-17 13:00:00,North Macedonia,North Macedonia,MK,414.56,476.03,32.27,29.48,entsoe.eu,false,
2024-06-17 14:00:00,North Macedonia,North Macedonia,MK,402.75,461.85,34.34,32.55,entsoe.eu,false,
2024-06-17 15:00:00,North Macedonia,North Macedonia,MK,378.53,436.93,36.33,36.2,entsoe.eu,false,
2024-06-17 16:00:00,North Macedonia,North Macedonia,MK,376.39,434.6,37.07,36.99,entsoe.eu,false,
2024-06-17 17:00:00,North Macedonia,North Macedonia,MK,366.99,425.97,37.36,37.32,entsoe.eu,false,
2024-06-17 18:00:00,North Macedonia,North Macedonia,MK,364.0,425.98,36.24,36.22,entsoe.eu,false,
2024-06-17 19:00:00,North Macedonia,North Macedonia,MK,344.32,403.27,39.69,39.67,entsoe.eu,false,
2024-06-17 20:00:00,North Macedonia,North Macedonia,MK,368.45,427.2,37.33,37.28,entsoe.eu,false,
2024-06-17 21:00:00,North Macedonia,North Macedonia,MK,379.43,439.59,35.13,35.06,entsoe.eu,false,
2024-06-17 22:00:00,North Macedonia,North Macedonia,MK,439.21,507.17,24.92,24.83,entsoe.eu,false,
2024-06-17 23:00:00,North Macedonia,North Macedonia,MK,502.43,573.25,17.36,17.24,entsoe.eu,false,
2024-06-18 00:00:00,North Macedonia,North Macedonia,MK,553.97,630.37,9.22,9.13,entsoe.eu,false,
2024-06-18 01:00:00,North Macedonia,North Macedonia,MK,578.22,654.93,6.8,6.65,entsoe.eu,false,
2024-06-18 02:00:00,North Macedonia,North Macedonia,MK,551.83,629.78,8.48,8.47,entsoe.eu,false,
2024-06-18 03:00:00,North Macedonia,North Macedonia,MK,471.9,553.15,15.11,15.1,entsoe.eu,false,
2024-06-18 04:00:00,North Macedonia,North Macedonia,MK,384.81,458.78,28.73,28.73,entsoe.eu,false,
2024-06-18 05:00:00,North Macedonia,North Macedonia,MK,367.16,435.24,34.29,34.29,entsoe.eu,false,
2024-06-18 06:00:00,North Macedonia,North Macedonia,MK,349.45,410.11,39.68,39.59,entsoe.eu,false,
2024-06-18 07:00:00,North Macedonia,North Macedonia,MK,359.63,417.94,40.15,39.26,entsoe.eu,false,
2024-06-18 08:00:00,North Macedonia,North Macedonia,MK,379.0,436.82,38.7,34.79,entsoe.eu,false,
2024-06-18 09:00:00,North Macedonia,North Macedonia,MK,392.93,453.62,36.05,31.27,entsoe.eu,false,
2024-06-18 10:00:00,North Macedonia,North Macedonia,MK,412.62,476.05,32.24,28.04,entsoe.eu,false,
2024-06-18 11:00:00,North Macedonia,North Macedonia,MK,402.3,464.52,33.92,30.47,entsoe.eu,false,
2024-06-18 12:00:00,North Macedonia,North Macedonia,MK,379.82,438.73,37.46,34.85,entsoe.eu,false,
2024-06-18 13:00:00,North Macedonia,North Macedonia,MK,373.17,433.77,36.74,36.06,entsoe.eu,false,
2024-06-18 14:00:00,North Macedonia,North Macedonia,MK,354.99,414.32,38.84,38.39,entsoe.eu,false,
2024-06-18 15:00:00,North Macedonia,North Macedonia,MK,321.73,381.64,42.98,42.86,entsoe.eu,false,
2024-06-18 16:00:00,North Macedonia,North Macedonia,MK,314.79,377.09,42.99,42.99,entsoe.eu,false,
2024-06-18 17:00:00,North Macedonia,North Macedonia,MK,313.47,374.71,43.57,43.57,entsoe.eu,false,
2024-06-18 18:00:00,North Macedonia,North Macedonia,MK,319.28,381.69,42.63,42.63,entsoe.eu,false,
2024-06-18 19:00:00,North Macedonia,North Macedonia,MK,320.32,383.17,42.08,42.08,entsoe.eu,false,
2024-06-18 20:00:00,North Macedonia,North Macedonia,MK,326.29,389.85,41.03,41.03,entsoe.eu,false,
2024-06-18 21:00:00,North Macedonia,North Macedonia,MK,339.81,403.67,39.14,39.12,entsoe.eu,false,
2024-06-18 22:00:00,North Macedonia,North Macedonia,MK,411.04,486.5,24.63,24.61,entsoe.eu,false,
2024-06-18 23:00:00,North Macedonia,North Macedonia,MK,513.79,591.95,12.5,12.5,entsoe.eu,false,
2024-06-19 00:00:00,North Macedonia,North Macedonia,MK,626.86,704.2,2.03,2.03,entsoe.eu,false,
2024-06-19 01:00:00,North Macedonia,North Macedonia,MK,633.13,710.18,1.56,1.56,entsoe.eu,false,
2024-06-19 02:00:00,North Macedonia,North Macedonia,MK,573.76,649.86,8.18,8.18,entsoe.eu,false,
2024-06-19 03:00:00,North Macedonia,North Macedonia,MK,499.14,574.96,15.92,15.92,entsoe.eu,false,
2024-06-19 04:00:00,North Macedonia,North Macedonia,MK,449.06,522.2,23.4,23.39,entsoe.eu,false,
2024-06-19 05:00:00,North Macedonia,North Macedonia,MK,426.29,495.96,27.78,27.78,entsoe.eu,false,
2024-06-19 06:00:00,North Macedonia,North Macedonia,MK,397.08,461.48,33.22,33.17,entsoe.eu,false,
2024-06-19 07:00:00,North Macedonia,North Macedonia,MK,394.71,456.85,34.91,34.8,entsoe.eu,false,
2024-06-19 08:00:00,North Macedonia,North Macedonia,MK,421.81,485.12,31.56,30.83,entsoe.eu,false,
2024-06-19 09:00:00,North Macedonia,North Macedonia,MK,423.17,485.79,31.56,30.21,entsoe.eu,false,
2024-06-19 10:00:00,North Macedonia,North Macedonia,MK,469.17,536.43,23.76,22.42,entsoe.eu,false,
2024-06-19 11:00:00,North Macedonia,North Macedonia,MK,443.76,503.84,30.13,28.63,entsoe.eu,false,
2024-06-19 12:00:00,North Macedonia,North Macedonia,MK,458.61,520.93,27.15,25.93,entsoe.eu,false,
2024-06-19 13:00:00,North Macedonia,North Macedonia,MK,449.29,513.45,27.19,26.91,entsoe.eu,false,
2024-06-19 14:00:00,North Macedonia,North Macedonia,MK,459.54,526.89,24.02,23.81,entsoe.eu,false,
2024-06-19 15:00:00,North Macedonia,North Macedonia,MK,372.63,434.81,36.92,36.8,entsoe.eu,false,
2024-06-19 16:00:00,North Macedonia,North Macedonia,MK,380.53,444.48,35.72,35.7,entsoe.eu,false,
2024-06-19 17:00:00,North Macedonia,North Macedonia,MK,382.99,447.32,35.11,35.1,entsoe.eu,false,
2024-06-19 18:00:00,North Macedonia,North Macedonia,MK,347.69,410.02,39.35,39.35,entsoe.eu,false,
2024-06-19 19:00:00,North Macedonia,North Macedonia,MK,348.62,409.51,39.16,39.16,entsoe.eu,false,
2024-06-19 20:00:00,North Macedonia,North Macedonia,MK,357.89,421.28,37.19,37.19,entsoe.eu,false,
2024-06-19 21:00:00,North Macedonia,North Macedonia,MK,371.91,435.77,34.72,34.72,entsoe.eu,false,
2024-06-19 22:00:00,North Macedonia,North Macedonia,MK,452.47,519.07,24.5,24.5,entsoe.eu,false,
2024-06-19 23:00:00,North Macedonia,North Macedonia,MK,518.54,588.85,16.15,16.15,entsoe.eu,false,
2024-06-20 00:00:00,North Macedonia,North Macedonia,MK,518.49,590.86,14.91,14.91,entsoe.eu,false,
2024-06-20 01:00:00,North Macedonia,North Macedonia,MK,530.7,602.56,14.09,14.09,entsoe.eu,false,
2024-06-20 02:00:00,North Macedonia,North Macedonia,MK,511.54,584.39,15.27,15.27,entsoe.eu,false,
2024-06-20 03:00:00,North Macedonia,North Macedonia,MK,438.56,511.74,22.88,22.88,entsoe.eu,false,
2024-06-20 04:00:00,North Macedonia,North Macedonia,MK,371.47,439.58,33.44,33.44,entsoe.eu,false,
2024-06-20 05:00:00,North Macedonia,North Macedonia,MK,346.59,409.89,38.9,38.9,entsoe.eu,false,
2024-06-20 06:00:00,North Macedonia,North Macedonia,MK,355.52,418.0,38.32,38.26,entsoe.eu,false,
2024-06-20 07:00:00,North Macedonia,North Macedonia,MK,345.34,406.14,40.52,40.29,entsoe.eu,false,
2024-06-20 08:00:00,North Macedonia,North Macedonia,MK,351.34,411.64,40.58,39.9,entsoe.eu,false,
2024-06-20 09:00:00,North Macedonia,North Macedonia,MK,340.05,398.58,42.79,41.91,entsoe.eu,false,
2024-06-20 10:00:00,North Macedonia,North Macedonia,MK,338.81,397.2,42.82,42.09,entsoe.eu,false,
2024-06-20 11:00:00,North Macedonia,North Macedonia,MK,307.82,363.18,47.95,47.1,entsoe.eu,false,
2024-06-20 12:00:00,North Macedonia,North Macedonia,MK,288.8,343.46,50.25,49.78,entsoe.eu,false,
2024-06-20 13:00:00,North Macedonia,North Macedonia,MK,296.73,351.41,48.87,48.43,entsoe.eu,false,
2024-06-20 14:00:00,North Macedonia,North Macedonia,MK,335.66,396.4,40.91,40.74,entsoe.eu,false,
2024-06-20 15:00:00,North Macedonia,North Macedonia,MK,325.66,383.36,43.18,43.15,entsoe.eu,false,
2024-06-20 16:00:00,North Macedonia,North Macedonia,MK,333.85,392.37,41.61,41.61,entsoe.eu,false,
2024-06-20 17:00:00,North Macedonia,North Macedonia,MK,338.22,397.4,40.91,40.91,entsoe.eu,false,
2024-06-20 18:00:00,North Macedonia,North Macedonia,MK,342.51,402.44,40.12,40.12,entsoe.eu,false,
2024-06-20 19:00:00,North Macedonia,North Macedonia,MK,335.15,395.01,40.75,40.75,entsoe.eu,false,
2024-06-20 20:00:00,North Macedonia,North Macedonia,MK,335.61,397.48,39.73,39.73,entsoe.eu,false,
2024-06-20 21:00:00,North Macedonia,North Macedonia,MK,342.96,404.49,38.66,38.65,entsoe.eu,false,
2024-06-20 22:00:00,North Macedonia,North Macedonia,MK,401.21,469.39,28.76,28.74,entsoe.eu,false,
2024-06-20 23:00:00,North Macedonia,North Macedonia,MK,526.33,598.77,14.14,14.14,entsoe.eu,false,
2024-06-21 00:00:00,North Macedonia,North Macedonia,MK,508.64,586.68,12.57,12.57,entsoe.eu,false,
2024-06-21 01:00:00,North Macedonia,North Macedonia,MK,505.91,585.32,12.06,12.06,entsoe.eu,false,
2024-06-21 02:00:00,North Macedonia,North Macedonia,MK,480.32,560.03,14.43,14.43,entsoe.eu,false,
2024-06-21 03:00:00,North Macedonia,North Macedonia,MK,492.56,568.27,15.52,15.52,entsoe.eu,false,
2024-06-21 04:00:00,North Macedonia,North Macedonia,MK,360.82,431.01,32.24,32.24,entsoe.eu,false,
2024-06-21 05:00:00,North Macedonia,North Macedonia,MK,342.57,406.82,37.86,37.86,entsoe.eu,false,
2024-06-21 06:00:00,North Macedonia,North Macedonia,MK,347.7,409.43,38.71,38.64,entsoe.eu,false,
2024-06-21 07:00:00,North Macedonia,North Macedonia,MK,336.26,394.91,41.93,41.71,entsoe.eu,false,
2024-06-21 08:00:00,North Macedonia,North Macedonia,MK,340.99,396.59,43.57,42.25,entsoe.eu,false,
2024-06-21 09:00:00,North Macedonia,North Macedonia,MK,330.83,384.5,45.65,44.09,entsoe.eu,false,
2024-06-21 10:00:00,North Macedonia,North Macedonia,MK,300.28,354.03,48.5,48.16,entsoe.eu,false,
2024-06-21 11:00:00,North Macedonia,North Macedonia,MK,300.78,355.6,47.59,47.38,entsoe.eu,false,
2024-06-21 12:00:00,North Macedonia,North Macedonia,MK,313.73,369.47,45.61,45.25,entsoe.eu,false,
2024-06-21 13:00:00,North Macedonia,North Macedonia,MK,318.13,374.37,44.66,44.29,entsoe.eu,false,
2024-06-21 14:00:00,North Macedonia,North Macedonia,MK,328.61,386.24,42.73,42.5,entsoe.eu,false,
2024-06-21 15:00:00,North Macedonia,North Macedonia,MK,318.6,376.03,44.09,43.89,entsoe.eu,false,
2024-06-21 16:00:00,North Macedonia,North Macedonia,MK,332.64,391.73,42.0,41.87,entsoe.eu,false,
2024-06-21 17:00:00,North Macedonia,North Macedonia,MK,341.51,404.16,39.58,39.57,entsoe.eu,false,
2024-06-21 18:00:00,North Macedonia,North Macedonia,MK,346.44,410.41,38.69,38.69,entsoe.eu,false,
2024-06-21 19:00:00,North Macedonia,North Macedonia,MK,351.08,414.15,38.25,38.25,entsoe.eu,false,
2024-06-21 20:00:00,North Macedonia,North Macedonia,MK,337.91,399.26,40.31,40.31,entsoe.eu,false,
2024-06-21 21:00:00,North Macedonia,North Macedonia,MK,347.51,407.53,39.79,39.67,entsoe.eu,false,
2024-06-21 22:00:00,North Macedonia,North Macedonia,MK,427.11,476.15,38.19,38.14,entsoe.eu,false,
2024-06-21 23:00:00,North Macedonia,North Macedonia,MK,580.85,629.29,23.56,23.5,entsoe.eu,false,
2024-06-22 00:00:00,North Macedonia,North Macedonia,MK,713.78,770.83,6.08,6.02,entsoe.eu,false,
2024-06-22 01:00:00,North Macedonia,North Macedonia,MK,757.14,816.96,0.38,0.38,entsoe.eu,false,
2024-06-22 02:00:00,North Macedonia,North Macedonia,MK,723.88,781.53,4.75,4.75,entsoe.eu,false,
2024-06-22 03:00:00,North Macedonia,North Macedonia,MK,718.66,775.99,5.44,5.43,entsoe.eu,false,
2024-06-22 04:00:00,North Macedonia,North Macedonia,MK,634.59,686.46,16.5,16.5,entsoe.eu,false,
2024-06-22 05:00:00,North Macedonia,North Macedonia,MK,523.1,574.78,28.68,28.68,entsoe.eu,false,
2024-06-22 06:00:00,North Macedonia,North Macedonia,MK,527.5,579.24,29.43,25.76,entsoe.eu,false,
2024-06-22 07:00:00,North Macedonia,North Macedonia,MK,526.24,575.34,31.42,24.95,entsoe.eu,false,
2024-06-22 08:00:00,North Macedonia,North Macedonia,MK,502.36,549.38,34.65,27.68,entsoe.eu,false,
2024-06-22 09:00:00,North Macedonia,North Macedonia,MK,602.24,653.29,20.91,18.48,entsoe.eu,false,
2024-06-22 10:00:00,North Macedonia,North Macedonia,MK,609.66,661.13,19.82,17.74,entsoe.eu,false,
2024-06-22 11:00:00,North Macedonia,North Macedonia,MK,557.72,606.54,26.76,23.2,entsoe.eu,false,
2024-06-22 12:00:00,North Macedonia,North Macedonia,MK,518.24,565.06,32.02,27.42,entsoe.eu,false,
2024-06-22 13:00:00,North Macedonia,North Macedonia,MK,428.07,468.93,43.85,39.69,entsoe.eu,false,
2024-06-22 14:00:00,North Macedonia,North Macedonia,MK,392.98,430.77,48.4,45.73,entsoe.eu,false,
2024-06-22 15:00:00,North Macedonia,North Macedonia,MK,373.43,410.93,49.8,49.74,entsoe.eu,false,
2024-06-22 16:00:00,North Macedonia,North Macedonia,MK,339.54,382.33,51.31,51.28,entsoe.eu,false,
2024-06-22 17:00:00,North Macedonia,North Macedonia,MK,370.79,406.4,50.92,50.84,entsoe.eu,false,
2024-06-22 18:00:00,North Macedonia,North Macedonia,MK,387.37,424.11,48.7,48.59,entsoe.eu,false,
2024-06-22 19:00:00,North Macedonia,North Macedonia,MK,373.81,409.61,50.48,50.41,entsoe.eu,false,
2024-06-22 20:00:00,North Macedonia,North Macedonia,MK,404.0,441.75,46.5,46.44,entsoe.eu,false,
2024-06-22 21:00:00,North Macedonia,North Macedonia,MK,439.05,481.17,40.82,40.78,entsoe.eu,false,
2024-06-22 22:00:00,North Macedonia,North Macedonia,MK,564.56,612.09,25.67,25.28,entsoe.eu,false,
2024-06-22 23:00:00,North Macedonia,North Macedonia,MK,622.94,674.82,18.06,15.71,entsoe.eu,false,
2024-06-23 00:00:00,North Macedonia,North Macedonia,MK,664.48,718.98,12.55,10.53,entsoe.eu,false,
2024-06-23 01:00:00,North Macedonia,North Macedonia,MK,719.55,777.37,5.26,4.24,entsoe.eu,false,
2024-06-23 02:00:00,North Macedonia,North Macedonia,MK,734.38,793.08,3.28,2.62,entsoe.eu,false,
2024-06-23 03:00:00,North Macedonia,North Macedonia,MK,718.98,776.72,5.29,4.63,entsoe.eu,false,
2024-06-23 04:00:00,North Macedonia,North Macedonia,MK,660.62,715.32,13.21,9.64,entsoe.eu,false,
2024-06-23 05:00:00,North Macedonia,North Macedonia,MK,600.99,652.56,21.29,16.51,entsoe.eu,false,
2024-06-23 06:00:00,North Macedonia,North Macedonia,MK,556.93,605.94,26.99,22.47,entsoe.eu,false,
2024-06-23 07:00:00,North Macedonia,North Macedonia,MK,624.07,677.0,18.07,14.56,entsoe.eu,false,
2024-06-23 08:00:00,North Macedonia,North Macedonia,MK,522.18,569.06,31.59,26.7,entsoe.eu,false,
2024-06-23 09:00:00,North Macedonia,North Macedonia,MK,489.91,535.24,35.86,29.89,entsoe.eu,false,
2024-06-23 10:00:00,North Macedonia,North Macedonia,MK,484.2,529.41,36.64,30.22,entsoe.eu,false,
2024-06-23 11:00:00,North Macedonia,North Macedonia,MK,433.69,475.03,43.13,38.26,entsoe.eu,false,
2024-06-23 12:00:00,North Macedonia,North Macedonia,MK,434.22,475.02,42.94,39.55,entsoe.eu,false,
2024-06-23 13:00:00,North Macedonia,North Macedonia,MK,436.4,477.34,42.56,39.44,entsoe.eu,false,
2024-06-23 14:00:00,North Macedonia,North Macedonia,MK,455.59,497.47,39.89,38.06,entsoe.eu,false,
2024-06-23 15:00:00,North Macedonia,North Macedonia,MK,432.07,477.99,38.98,38.52,entsoe.eu,false,
2024-06-23 16:00:00,North Macedonia,North Macedonia,MK,416.79,471.48,35.14,34.96,entsoe.eu,false,
2024-06-23 17:00:00,North Macedonia,North Macedonia,MK,433.12,491.23,31.67,31.59,entsoe.eu,false,
2024-06-23 18:00:00,North Macedonia,North Macedonia,MK,436.66,497.2,29.81,29.73,entsoe.eu,false,
2024-06-23 19:00:00,North Macedonia,North Macedonia,MK,436.13,496.88,29.59,29.51,entsoe.eu,false,
2024-06-23 20:00:00,North Macedonia,North Macedonia,MK,443.1,501.48,30.44,30.34,entsoe.eu,false,
2024-06-23 21:00:00,North Macedonia,North Macedonia,MK,505.56,568.21,21.99,21.83,entsoe.eu,false,
2024-06-23 22:00:00,North Macedonia,North Macedonia,MK,529.38,592.19,19.71,19.44,Electricity Maps Estimation,true,ESTIMATED_TIME_SLICER_AVERAGE
2024-06-23 23:00:00,North Macedonia,North Macedonia,MK,580.2,644.8,14.0,13.41,Electricity Maps Estimation,true,ESTIMATED_TIME_SLICER_AVERAGE
2024-06-24 00:00:00,North Macedonia,North Macedonia,MK,590.26,662.24,8.63,8.03,Electricity Maps Estimation,true,ESTIMATED_TIME_SLICER_AVERAGE
2024-06-24 01:00:00,North Macedonia,North Macedonia,MK,598.84,671.45,7.45,6.92,Electricity Maps Estimation,true,ESTIMATED_TIME_SLICER_AVERAGE
2024-06-24 02:00:00,North Macedonia,North Macedonia,MK,598.69,672.02,7.01,6.54,Electricity Maps Estimation,true,ESTIMATED_TIME_SLICER_AVERAGE
2024-06-24 03:00:00,North Macedonia,North Macedonia,MK,586.9,660.71,7.76,7.58,Electricity Maps Estimation,true,ESTIMATED_TIME_SLICER_AVERAGE
2024-06-24 04:00:00,North Macedonia,North Macedonia,MK,481.8,559.54,15.08,15.08,Electricity Maps Estimation,true,ESTIMATED_TIME_SLICER_AVERAGE
2024-06-24 05:00:00,North Macedonia,North Macedonia,MK,453.97,529.63,18.94,18.94,Electricity Maps Estimation,true,ESTIMATED_TIME_SLICER_AVERAGE
2024-06-24 06:00:00,North Macedonia,North Macedonia,MK,445.7,518.5,21.49,21.43,Electricity Maps Estimation,true,ESTIMATED_TIME_SLICER_AVERAGE
2024-06-24 07:00:00,North Macedonia,North Macedonia,MK,434.35,504.36,25.52,22.28,Electricity Maps Estimation,true,ESTIMATED_TIME_SLICER_AVERAGE
2024-06-24 08:00:00,North Macedonia,North Macedonia,MK,455.14,526.02,23.21,19.63,Electricity Maps Estimation,true,ESTIMATED_TIME_SLICER_AVERAGE
2024-06-24 09:00:00,North Macedonia,North Macedonia,MK,434.33,504.73,25.69,21.55,Electricity Maps Estimation,true,ESTIMATED_TIME_SLICER_AVERAGE
2024-06-24 10:00:00,North Macedonia,North Macedonia,MK,431.19,499.95,27.09,22.64,Electricity Maps Estimation,true,ESTIMATED_TIME_SLICER_AVERAGE
2024-06-24 11:00:00,North Macedonia,North Macedonia,MK,434.18,501.56,27.36,23.13,Electricity Maps Estimation,true,ESTIMATED_TIME_SLICER_AVERAGE
2024-06-24 12:00:00,North Macedonia,North Macedonia,MK,452.33,520.19,25.0,21.78,Electricity Maps Estimation,true,ESTIMATED_TIME_SLICER_AVERAGE
2024-06-24 13:00:00,North Macedonia,North Macedonia,MK,464.73,534.68,21.86,20.59,Electricity Maps Estimation,true,ESTIMATED_TIME_SLICER_AVERAGE
2024-06-24 14:00:00,North Macedonia,North Macedonia,MK,456.96,526.28,22.57,22.32,Electricity Maps Estimation,true,ESTIMATED_TIME_SLICER_AVERAGE
2024-06-24 15:00:00,North Macedonia,North Macedonia,MK,441.16,507.85,25.56,25.4,Electricity Maps Estimation,true,ESTIMATED_TIME_SLICER_AVERAGE
2024-06-24 16:00:00,North Macedonia,North Macedonia,MK,433.32,498.7,27.27,27.16,Electricity Maps Estimation,true,ESTIMATED_TIME_SLICER_AVERAGE
2024-06-24 17:00:00,North Macedonia,North Macedonia,MK,431.39,497.07,27.37,27.28,Electricity Maps Estimation,true,ESTIMATED_TIME_SLICER_AVERAGE
2024-06-24 18:00:00,North Macedonia,North Macedonia,MK,417.83,484.12,28.09,28.04,Electricity Maps Estimation,true,ESTIMATED_TIME_SLICER_AVERAGE
2024-06-24 19:00:00,North Macedonia,North Macedonia,MK,426.78,493.66,26.96,26.9,Electricity Maps Estimation,true,ESTIMATED_TIME_SLICER_AVERAGE
2024-06-24 20:00:00,North Macedonia,North Macedonia,MK,464.73,532.27,23.13,23.01,Electricity Maps Estimation,true,ESTIMATED_TIME_SLICER_AVERAGE
2024-06-24 21:00:00,North Macedonia,North Macedonia,MK,492.32,563.12,18.3,18.18,Electricity Maps Estimation,true,ESTIMATED_TIME_SLICER_AVERAGE
2024-06-24 22:00:00,North Macedonia,North Macedonia,MK,449.19,525.36,19.87,19.86,entsoe.eu,false,
2024-06-24 23:00:00,North Macedonia,North Macedonia,MK,562.88,644.53,5.24,5.22,entsoe.eu,false,
2024-06-25 00:00:00,North Macedonia,North Macedonia,MK,590.19,675.65,0.4,0.4,entsoe.eu,false,
2024-06-25 01:00:00,North Macedonia,North Macedonia,MK,577.6,659.7,3.58,3.58,entsoe.eu,false,
2024-06-25 02:00:00,North Macedonia,North Macedonia,MK,549.81,632.31,5.92,5.92,entsoe.eu,false,
2024-06-25 03:00:00,North Macedonia,North Macedonia,MK,457.81,533.4,18.59,18.59,entsoe.eu,false,
2024-06-25 04:00:00,North Macedonia,North Macedonia,MK,414.37,486.82,24.5,24.5,entsoe.eu,false,
2024-06-25 05:00:00,North Macedonia,North Macedonia,MK,365.2,436.65,30.93,30.93,entsoe.eu,false,
2024-06-25 06:00:00,North Macedonia,North Macedonia,MK,349.45,415.16,36.12,35.86,entsoe.eu,false,
2024-06-25 07:00:00,North Macedonia,North Macedonia,MK,386.17,457.87,28.34,28.03,entsoe.eu,false,
2024-06-25 08:00:00,North Macedonia,North Macedonia,MK,383.3,452.8,29.66,28.76,entsoe.eu,false,
2024-06-25 09:00:00,North Macedonia,North Macedonia,MK,380.96,450.61,30.04,28.49,entsoe.eu,false,
2024-06-25 10:00:00,North Macedonia,North Macedonia,MK,426.25,504.17,20.43,19.87,entsoe.eu,false,
2024-06-25 11:00:00,North Macedonia,North Macedonia,MK,332.0,395.25,38.98,38.45,entsoe.eu,false,
2024-06-25 12:00:00,North Macedonia,North Macedonia,MK,284.14,339.95,48.51,48.08,entsoe.eu,false,
2024-06-25 13:00:00,North Macedonia,North Macedonia,MK,278.55,333.62,49.31,48.94,entsoe.eu,false,
2024-06-25 14:00:00,North Macedonia,North Macedonia,MK,298.77,358.33,44.63,44.48,entsoe.eu,false,
2024-06-25 15:00:00,North Macedonia,North Macedonia,MK,293.5,353.48,44.45,44.45,entsoe.eu,false,
2024-06-25 16:00:00,North Macedonia,North Macedonia,MK,321.95,383.95,40.41,40.4,entsoe.eu,false,
2024-06-25 17:00:00,North Macedonia,North Macedonia,MK,355.12,417.89,36.75,36.73,entsoe.eu,false,
2024-06-25 18:00:00,North Macedonia,North Macedonia,MK,357.46,421.35,36.56,36.54,entsoe.eu,false,
2024-06-25 19:00:00,North Macedonia,North Macedonia,MK,357.47,421.58,36.28,36.25,entsoe.eu,false,
2024-06-25 20:00:00,North Macedonia,North Macedonia,MK,357.83,421.69,35.97,35.95,entsoe.eu,false,
2024-06-25 21:00:00,North Macedonia,North Macedonia,MK,352.36,415.88,36.35,36.33,entsoe.eu,false,
2024-06-25 22:00:00,North Macedonia,North Macedonia,MK,408.36,481.03,26.04,26.01,entsoe.eu,false,
2024-06-25 23:00:00,North Macedonia,North Macedonia,MK,468.45,538.27,21.1,20.97,entsoe.eu,false,
2024-06-26 00:00:00,North Macedonia,North Macedonia,MK,486.98,565.87,14.16,14.16,entsoe.eu,false,
2024-06-26 01:00:00,North Macedonia,North Macedonia,MK,469.06,548.32,15.98,15.98,entsoe.eu,false,
2024-06-26 02:00:00,North Macedonia,North Macedonia,MK,549.55,628.61,8.02,7.99,entsoe.eu,false,
2024-06-26 03:00:00,North Macedonia,North Macedonia,MK,451.6,522.07,22.9,22.9,entsoe.eu,false,
2024-06-26 04:00:00,North Macedonia,North Macedonia,MK,405.98,474.72,28.39,28.36,entsoe.eu,false,
2024-06-26 05:00:00,North Macedonia,North Macedonia,MK,328.55,394.38,39.69,39.69,entsoe.eu,false,
2024-06-26 06:00:00,North Macedonia,North Macedonia,MK,319.62,382.74,41.87,41.83,entsoe.eu,false,
2024-06-26 07:00:00,North Macedonia,North Macedonia,MK,346.85,412.45,38.07,37.79,entsoe.eu,false,
2024-06-26 08:00:00,North Macedonia,North Macedonia,MK,348.94,413.46,38.98,38.45,entsoe.eu,false,
2024-06-26 09:00:00,North Macedonia,North Macedonia,MK,381.23,448.8,33.92,33.22,entsoe.eu,false,
2024-06-26 10:00:00,North Macedonia,North Macedonia,MK,426.33,499.57,25.1,23.87,entsoe.eu,false,
2024-06-26 11:00:00,North Macedonia,North Macedonia,MK,416.33,489.63,26.18,24.18,entsoe.eu,false,
2024-06-26 12:00:00,North Macedonia,North Macedonia,MK,401.7,473.81,26.96,26.81,entsoe.eu,false,
2024-06-26 13:00:00,North Macedonia,North Macedonia,MK,368.87,436.53,32.11,32.11,entsoe.eu,false,
2024-06-26 14:00:00,North Macedonia,North Macedonia,MK,338.78,400.72,37.88,37.88,entsoe.eu,false,
2024-06-26 15:00:00,North Macedonia,North Macedonia,MK,309.68,369.97,42.74,42.73,entsoe.eu,false,
2024-06-26 16:00:00,North Macedonia,North Macedonia,MK,334.12,391.97,40.83,40.81,entsoe.eu,false,
2024-06-26 17:00:00,North Macedonia,North Macedonia,MK,359.19,417.29,38.4,38.39,entsoe.eu,false,
2024-06-26 18:00:00,North Macedonia,North Macedonia,MK,386.85,447.08,34.56,34.54,entsoe.eu,false,
2024-06-26 19:00:00,North Macedonia,North Macedonia,MK,386.32,447.32,34.12,34.11,entsoe.eu,false,
2024-06-26 20:00:00,North Macedonia,North Macedonia,MK,400.72,460.78,33.35,33.32,entsoe.eu,false,
2024-06-26 21:00:00,North Macedonia,North Macedonia,MK,431.17,491.74,30.25,30.22,entsoe.eu,false,
2024-06-26 22:00:00,North Macedonia,North Macedonia,MK,536.19,604.66,15.63,15.56,entsoe.eu,false,
2024-06-26 23:00:00,North Macedonia,North Macedonia,MK,613.49,687.77,5.01,4.79,entsoe.eu,false,
2024-06-27 00:00:00,North Macedonia,North Macedonia,MK,641.24,718.08,0.88,0.78,entsoe.eu,false,
2024-06-27 01:00:00,North Macedonia,North Macedonia,MK,632.75,711.55,0.48,0.44,entsoe.eu,false,
2024-06-27 02:00:00,North Macedonia,North Macedonia,MK,631.46,709.12,1.3,1.15,entsoe.eu,false,
2024-06-27 03:00:00,North Macedonia,North Macedonia,MK,623.45,702.73,1.04,1.04,entsoe.eu,false,
2024-06-27 04:00:00,North Macedonia,North Macedonia,MK,434.98,508.09,22.2,22.2,entsoe.eu,false,
2024-06-27 05:00:00,North Macedonia,North Macedonia,MK,380.12,453.82,26.92,26.92,entsoe.eu,false,
2024-06-27 06:00:00,North Macedonia,North Macedonia,MK,397.9,474.44,23.57,23.57,entsoe.eu,false,
2024-06-27 07:00:00,North Macedonia,North Macedonia,MK,377.76,445.0,32.68,28.99,entsoe.eu,false,
2024-06-27 08:00:00,North Macedonia,North Macedonia,MK,378.99,450.81,30.27,25.5,entsoe.eu,false,
2024-06-27 09:00:00,North Macedonia,North Macedonia,MK,401.26,474.98,27.35,22.23,entsoe.eu,false,
2024-06-27 10:00:00,North Macedonia,North Macedonia,MK,405.91,476.73,28.76,23.87,entsoe.eu,false,
2024-06-27 11:00:00,North Macedonia,North Macedonia,MK,426.32,492.76,29.68,24.41,entsoe.eu,false,
2024-06-27 12:00:00,North Macedonia,North Macedonia,MK,412.14,483.67,27.28,23.07,entsoe.eu,false,
2024-06-27 13:00:00,North Macedonia,North Macedonia,MK,405.5,477.34,26.27,25.04,entsoe.eu,false,
2024-06-27 14:00:00,North Macedonia,North Macedonia,MK,360.24,422.24,35.82,35.78,entsoe.eu,false,
2024-06-27 15:00:00,North Macedonia,North Macedonia,MK,414.75,477.73,30.46,30.35,entsoe.eu,false,
2024-06-27 16:00:00,North Macedonia,North Macedonia,MK,416.39,476.92,31.87,31.78,entsoe.eu,false,
2024-06-27 17:00:00,North Macedonia,North Macedonia,MK,419.06,479.12,31.84,31.76,entsoe.eu,false,
2024-06-27 18:00:00,North Macedonia,North Macedonia,MK,416.38,477.66,31.16,31.11,entsoe.eu,false,
2024-06-27 19:00:00,North Macedonia,North Macedonia,MK,420.7,482.35,30.52,30.47,entsoe.eu,false,
2024-06-27 20:00:00,North Macedonia,North Macedonia,MK,436.92,501.18,27.67,27.59,entsoe.eu,false,
2024-06-27 21:00:00,North Macedonia,North Macedonia,MK,451.35,514.05,27.02,26.84,entsoe.eu,false,
2024-06-27 22:00:00,North Macedonia,North Macedonia,MK,564.65,636.29,11.12,10.98,entsoe.eu,false,
2024-06-27 23:00:00,North Macedonia,North Macedonia,MK,595.12,668.14,7.51,7.21,entsoe.eu,false,
2024-06-28 00:00:00,North Macedonia,North Macedonia,MK,610.87,684.39,5.74,5.46,entsoe.eu,false,
2024-06-28 01:00:00,North Macedonia,North Macedonia,MK,618.84,691.12,5.73,5.51,entsoe.eu,false,
2024-06-28 02:00:00,North Macedonia,North Macedonia,MK,615.82,688.62,5.68,5.53,entsoe.eu,false,
2024-06-28 03:00:00,North Macedonia,North Macedonia,MK,609.63,683.63,5.5,5.5,entsoe.eu,false,
2024-06-28 04:00:00,North Macedonia,North Macedonia,MK,529.49,611.06,8.37,8.37,entsoe.eu,false,
2024-06-28 05:00:00,North Macedonia,North Macedonia,MK,506.57,582.17,14.08,14.08,entsoe.eu,false,
2024-06-28 06:00:00,North Macedonia,North Macedonia,MK,562.96,642.04,6.77,6.77,entsoe.eu,false,
2024-06-28 07:00:00,North Macedonia,North Macedonia,MK,528.6,596.46,18.23,14.74,entsoe.eu,false,
2024-06-28 08:00:00,North Macedonia,North Macedonia,MK,514.01,586.23,16.54,13.92,entsoe.eu,false,
2024-06-28 09:00:00,North Macedonia,North Macedonia,MK,473.87,545.48,21.14,17.51,entsoe.eu,false,
2024-06-28 10:00:00,North Macedonia,North Macedonia,MK,445.13,516.85,23.81,20.11,entsoe.eu,false,
2024-06-28 11:00:00,North Macedonia,North Macedonia,MK,449.09,520.25,23.78,20.08,entsoe.eu,false,
2024-06-28 12:00:00,North Macedonia,North Macedonia,MK,466.28,539.76,20.15,18.34,entsoe.eu,false,
2024-06-28 13:00:00,North Macedonia,North Macedonia,MK,412.03,483.65,27.32,26.79,entsoe.eu,false,
2024-06-28 14:00:00,North Macedonia,North Macedonia,MK,397.95,466.67,30.46,30.07,entsoe.eu,false,
2024-06-28 15:00:00,North Macedonia,North Macedonia,MK,411.54,483.82,27.11,27.05,entsoe.eu,false,
2024-06-28 16:00:00,North Macedonia,North Macedonia,MK,456.79,519.79,26.43,26.41,entsoe.eu,false,
2024-06-28 17:00:00,North Macedonia,North Macedonia,MK,438.7,503.0,27.17,27.16,entsoe.eu,false,
2024-06-28 18:00:00,North Macedonia,North Macedonia,MK,400.81,467.71,29.87,29.86,entsoe.eu,false,
2024-06-28 19:00:00,North Macedonia,North Macedonia,MK,388.74,456.14,31.15,31.15,entsoe.eu,false,
2024-06-28 20:00:00,North Macedonia,North Macedonia,MK,406.21,475.37,28.7,28.7,entsoe.eu,false,
2024-06-28 21:00:00,North Macedonia,North Macedonia,MK,398.44,472.66,27.29,27.29,entsoe.eu,false,
2024-06-28 22:00:00,North Macedonia,North Macedonia,MK,592.1,657.22,13.54,13.54,entsoe.eu,false,
2024-06-28 23:00:00,North Macedonia,North Macedonia,MK,554.59,614.1,19.8,19.8,entsoe.eu,false,
2024-06-29 00:00:00,North Macedonia,North Macedonia,MK,574.2,635.71,16.83,16.83,entsoe.eu,false,
2024-06-29 01:00:00,North Macedonia,North Macedonia,MK,564.72,625.0,18.43,18.43,entsoe.eu,false,
2024-06-29 02:00:00,North Macedonia,North Macedonia,MK,537.52,596.6,21.7,21.7,entsoe.eu,false,
2024-06-29 03:00:00,North Macedonia,North Macedonia,MK,548.92,606.69,21.6,21.6,entsoe.eu,false,
2024-06-29 04:00:00,North Macedonia,North Macedonia,MK,497.92,554.62,27.47,27.47,entsoe.eu,false,
2024-06-29 05:00:00,North Macedonia,North Macedonia,MK,478.5,529.65,32.78,32.78,entsoe.eu,false,
2024-06-29 06:00:00,North Macedonia,North Macedonia,MK,576.99,626.75,24.34,21.47,entsoe.eu,false,
2024-06-29 07:00:00,North Macedonia,North Macedonia,MK,564.35,613.71,26.09,22.66,entsoe.eu,false,
2024-06-29 08:00:00,North Macedonia,North Macedonia,MK,624.89,677.82,18.13,14.75,entsoe.eu,false,
2024-06-29 09:00:00,North Macedonia,North Macedonia,MK,682.85,738.92,10.44,8.04,entsoe.eu,false,
2024-06-29 10:00:00,North Macedonia,North Macedonia,MK,687.13,743.41,9.82,7.72,entsoe.eu,false,
2024-06-29 11:00:00,North Macedonia,North Macedonia,MK,575.7,625.05,24.56,21.83,entsoe.eu,false,
2024-06-29 12:00:00,North Macedonia,North Macedonia,MK,562.47,611.2,26.41,23.27,entsoe.eu,false,
2024-06-29 13:00:00,North Macedonia,North Macedonia,MK,586.23,635.94,23.09,21.17,entsoe.eu,false,
2024-06-29 14:00:00,North Macedonia,North Macedonia,MK,516.32,560.86,32.16,31.39,entsoe.eu,false,
2024-06-29 15:00:00,North Macedonia,North Macedonia,MK,376.17,423.48,45.39,45.3,entsoe.eu,false,
2024-06-29 16:00:00,North Macedonia,North Macedonia,MK,374.74,431.22,39.51,39.51,entsoe.eu,false,
2024-06-29 17:00:00,North Macedonia,North Macedonia,MK,384.72,443.33,35.57,35.57,entsoe.eu,false,
2024-06-29 18:00:00,North Macedonia,North Macedonia,MK,377.08,436.05,36.16,36.16,entsoe.eu,false,
2024-06-29 19:00:00,North Macedonia,North Macedonia,MK,353.97,413.8,38.4,38.4,entsoe.eu,false,
2024-06-29 20:00:00,North Macedonia,North Macedonia,MK,389.23,450.47,33.72,33.66,entsoe.eu,false,
2024-06-29 21:00:00,North Macedonia,North Macedonia,MK,475.04,541.74,22.39,22.26,entsoe.eu,false,
2024-06-29 22:00:00,North Macedonia,North Macedonia,MK,564.86,615.23,23.98,23.98,entsoe.eu,false,
2024-06-29 23:00:00,North Macedonia,North Macedonia,MK,652.66,705.69,14.12,14.12,entsoe.eu,false,
2024-06-30 00:00:00,North Macedonia,North Macedonia,MK,658.32,711.79,13.38,13.26,entsoe.eu,false,
2024-06-30 01:00:00,North Macedonia,North Macedonia,MK,652.64,706.05,14.24,12.97,entsoe.eu,false,
2024-06-30 02:00:00,North Macedonia,North Macedonia,MK,641.62,694.24,15.66,14.63,entsoe.eu,false,
2024-06-30 03:00:00,North Macedonia,North Macedonia,MK,611.56,662.51,19.82,17.17,entsoe.eu,false,
2024-06-30 04:00:00,North Macedonia,North Macedonia,MK,577.73,627.02,24.47,19.94,entsoe.eu,false,
2024-06-30 05:00:00,North Macedonia,North Macedonia,MK,509.3,554.65,33.55,28.74,entsoe.eu,false,
2024-06-30 06:00:00,North Macedonia,North Macedonia,MK,589.93,640.41,22.78,19.09,entsoe.eu,false,
2024-06-30 07:00:00,North Macedonia,North Macedonia,MK,655.32,708.91,13.89,12.88,entsoe.eu,false,
2024-06-30 08:00:00,North Macedonia,North Macedonia,MK,573.09,623.34,25.28,19.57,entsoe.eu,false,
2024-06-30 09:00:00,North Macedonia,North Macedonia,MK,594.28,645.85,22.39,17.08,entsoe.eu,false,
2024-06-30 10:00:00,North Macedonia,North Macedonia,MK,607.72,659.91,20.53,15.87,entsoe.eu,false,
2024-06-30 11:00:00,North Macedonia,North Macedonia,MK,616.82,669.41,19.24,15.1,entsoe.eu,false,
2024-06-30 12:00:00,North Macedonia,North Macedonia,MK,631.08,684.06,17.23,14.24,entsoe.eu,false,
2024-06-30 13:00:00,North Macedonia,North Macedonia,MK,587.6,637.14,22.75,21.36,entsoe.eu,false,
2024-06-30 14:00:00,North Macedonia,North Macedonia,MK,576.5,625.46,24.27,22.5,entsoe.eu,false,
2024-06-30 15:00:00,North Macedonia,North Macedonia,MK,478.32,521.1,37.33,34.73,entsoe.eu,false,
2024-06-30 16:00:00,North Macedonia,North Macedonia,MK,467.08,519.98,31.4,31.35,entsoe.eu,false,
2024-06-30 17:00:00,North Macedonia,North Macedonia,MK,391.46,444.57,38.32,38.29,entsoe.eu,false,
2024-06-30 18:00:00,North Macedonia,North Macedonia,MK,395.67,449.67,37.28,37.26,entsoe.eu,false,
2024-06-30 19:00:00,North Macedonia,North Macedonia,MK,399.77,454.04,37.04,36.23,entsoe.eu,false,
2024-06-30 20:00:00,North Macedonia,North Macedonia,MK,427.36,485.61,31.85,31.82,entsoe.eu,false,
2024-06-30 21:00:00,North Macedonia,North Macedonia,MK,496.82,562.97,20.69,20.63,entsoe.eu,false,
2024-06-30 22:00:00,North Macedonia,North Macedonia,MK,548.3,619.35,12.97,12.84,entsoe.eu,false,
2024-06-30 23:00:00,North Macedonia,North Macedonia,MK,618.28,692.32,4.71,4.49,entsoe.eu,false,
2024-07-01 00:00:00,North Macedonia,North Macedonia,MK,647.91,723.1,1.28,1.07,entsoe.eu,false,
2024-07-01 01:00:00,North Macedonia,North Macedonia,MK,649.27,724.66,1.02,0.84,entsoe.eu,false,
2024-07-01 02:00:00,North Macedonia,North Macedonia,MK,646.09,723.06,0.34,0.3,entsoe.eu,false,
2024-07-01 03:00:00,North Macedonia,North Macedonia,MK,636.95,715.55,0.2,0.16,entsoe.eu,false,
2024-07-01 04:00:00,North Macedonia,North Macedonia,MK,603.95,685.93,1.23,1.21,entsoe.eu,false,
2024-07-01 05:00:00,North Macedonia,North Macedonia,MK,496.59,572.79,14.63,14.63,entsoe.eu,false,
2024-07-01 06:00:00,North Macedonia,North Macedonia,MK,489.47,564.13,16.9,15.66,entsoe.eu,false,
2024-07-01 07:00:00,North Macedonia,North Macedonia,MK,449.62,516.69,25.97,23.5,entsoe.eu,false,
2024-07-01 08:00:00,North Macedonia,North Macedonia,MK,425.12,485.52,33.19,29.29,entsoe.eu,false,
2024-07-01 09:00:00,North Macedonia,North Macedonia,MK,415.3,475.04,34.96,30.1,entsoe.eu,false,
2024-07-01 10:00:00,North Macedonia,North Macedonia,MK,428.93,487.72,34.39,29.15,entsoe.eu,false,
2024-07-01 11:00:00,North Macedonia,North Macedonia,MK,413.87,474.94,34.24,29.2,entsoe.eu,false,
2024-07-01 12:00:00,North Macedonia,North Macedonia,MK,417.96,479.39,33.59,28.86,entsoe.eu,false,
2024-07-01 13:00:00,North Macedonia,North Macedonia,MK,437.5,500.35,30.11,26.97,entsoe.eu,false,
2024-07-01 14:00:00,North Macedonia,North Macedonia,MK,425.0,489.25,29.44,27.82,entsoe.eu,false,
2024-07-01 15:00:00,North Macedonia,North Macedonia,MK,394.02,456.47,32.61,32.61,entsoe.eu,false,
2024-07-01 16:00:00,North Macedonia,North Macedonia,MK,406.63,465.56,33.41,33.37,entsoe.eu,false,
2024-07-01 17:00:00,North Macedonia,North Macedonia,MK,382.83,436.62,38.79,38.73,entsoe.eu,false,
2024-07-01 18:00:00,North Macedonia,North Macedonia,MK,398.95,455.8,35.31,35.28,entsoe.eu,false,
2024-07-01 19:00:00,North Macedonia,North Macedonia,MK,407.66,466.02,33.75,33.72,entsoe.eu,false,
2024-07-01 20:00:00,North Macedonia,North Macedonia,MK,432.07,492.99,30.0,29.96,entsoe.eu,false,
2024-07-01 21:00:00,North Macedonia,North Macedonia,MK,452.67,515.7,26.73,26.66,entsoe.eu,false,
2024-07-01 22:00:00,North Macedonia,North Macedonia,MK,538.83,606.58,16.26,15.04,entsoe.eu,false,
2024-07-01 23:00:00,North Macedonia,North Macedonia,MK,617.22,689.59,6.43,4.59,entsoe.eu,false,
2024-07-02 00:00:00,North Macedonia,North Macedonia,MK,636.4,709.62,4.07,2.42,entsoe.eu,false,
2024-07-02 01:00:00,North Macedonia,North Macedonia,MK,640.97,714.8,2.78,2.34,entsoe.eu,false,
2024-07-02 02:00:00,North Macedonia,North Macedonia,MK,638.41,713.27,2.37,2.07,entsoe.eu,false,
2024-07-02 03:00:00,North Macedonia,North Macedonia,MK,623.32,697.37,4.25,3.98,entsoe.eu,false,
2024-07-02 04:00:00,North Macedonia,North Macedonia,MK,546.09,615.68,14.13,14.05,entsoe.eu,false,
2024-07-02 05:00:00,North Macedonia,North Macedonia,MK,531.28,601.3,15.24,15.21,entsoe.eu,false,
2024-07-02 06:00:00,North Macedonia,North Macedonia,MK,495.02,560.54,22.33,20.48,entsoe.eu,false,
2024-07-02 07:00:00,North Macedonia,North Macedonia,MK,424.93,484.61,33.36,30.08,entsoe.eu,false,
2024-07-02 08:00:00,North Macedonia,North Macedonia,MK,403.58,462.84,36.4,31.94,entsoe.eu,false,
2024-07-02 09:00:00,North Macedonia,North Macedonia,MK,402.7,461.34,37.16,31.85,entsoe.eu,false,
2024-07-02 10:00:00,North Macedonia,North Macedonia,MK,440.83,500.78,31.79,27.4,entsoe.eu,false,
2024-07-02 11:00:00,North Macedonia,North Macedonia,MK,440.56,500.48,31.54,27.75,entsoe.eu,false,
2024-07-02 12:00:00,North Macedonia,North Macedonia,MK,423.85,485.35,31.45,28.89,entsoe.eu,false,
2024-07-02 13:00:00,North Macedonia,North Macedonia,MK,458.35,525.73,24.14,22.72,entsoe.eu,false,
2024-07-02 14:00:00,North Macedonia,North Macedonia,MK,395.32,454.1,34.52,34.48,entsoe.eu,false,
2024-07-02 15:00:00,North Macedonia,North Macedonia,MK,423.97,482.52,32.09,32.01,entsoe.eu,false,
2024-07-02 16:00:00,North Macedonia,North Macedonia,MK,451.1,509.88,29.54,29.48,entsoe.eu,false,
2024-07-02 17:00:00,North Macedonia,North Macedonia,MK,440.72,495.78,32.9,32.83,entsoe.eu,false,
2024-07-02 18:00:00,North Macedonia,North Macedonia,MK,431.99,490.49,31.58,31.52,entsoe.eu,false,
2024-07-02 19:00:00,North Macedonia,North Macedonia,MK,426.44,484.23,32.38,32.34,entsoe.eu,false,
2024-07-02 20:00:00,North Macedonia,North Macedonia,MK,429.46,486.13,32.71,32.69,entsoe.eu,false,
2024-07-02 21:00:00,North Macedonia,North Macedonia,MK,509.68,573.72,20.97,20.86,entsoe.eu,false,
2024-07-02 22:00:00,North Macedonia,North Macedonia,MK,567.74,638.58,11.28,11.28,entsoe.eu,false,
2024-07-02 23:00:00,North Macedonia,North Macedonia,MK,632.77,705.61,4.06,4.06,entsoe.eu,false,
2024-07-03 00:00:00,North Macedonia,North Macedonia,MK,645.0,715.56,4.3,4.27,entsoe.eu,false,
2024-07-03 01:00:00,North Macedonia,North Macedonia,MK,642.27,713.2,4.33,4.33,entsoe.eu,false,
2024-07-03 02:00:00,North Macedonia,North Macedonia,MK,634.42,706.43,4.41,4.41,entsoe.eu,false,
2024-07-03 03:00:00,North Macedonia,North Macedonia,MK,620.17,693.6,4.87,4.87,entsoe.eu,false,
2024-07-03 04:00:00,North Macedonia,North Macedonia,MK,583.56,658.47,7.37,7.37,entsoe.eu,false,
2024-07-03 05:00:00,North Macedonia,North Macedonia,MK,575.15,650.35,7.98,7.96,entsoe.eu,false,
2024-07-03 06:00:00,North Macedonia,North Macedonia,MK,466.82,538.25,20.27,20.27,entsoe.eu,false,
2024-07-03 07:00:00,North Macedonia,North Macedonia,MK,491.87,562.67,18.33,18.33,entsoe.eu,false,
2024-07-03 08:00:00,North Macedonia,North Macedonia,MK,542.02,616.04,11.75,11.75,entsoe.eu,false,
2024-07-03 09:00:00,North Macedonia,North Macedonia,MK,551.11,626.19,10.27,10.27,entsoe.eu,false,
2024-07-03 10:00:00,North Macedonia,North Macedonia,MK,551.83,627.08,10.11,10.11,entsoe.eu,false,
2024-07-03 11:00:00,North Macedonia,North Macedonia,MK,547.88,622.33,11.02,10.89,entsoe.eu,false,
2024-07-03 12:00:00,North Macedonia,North Macedonia,MK,543.47,619.91,10.19,10.13,entsoe.eu,false,
2024-07-03 13:00:00,North Macedonia,North Macedonia,MK,474.06,546.29,20.56,20.46,entsoe.eu,false,
2024-07-03 14:00:00,North Macedonia,North Macedonia,MK,453.8,521.84,24.26,24.26,entsoe.eu,false,
2024-07-03 15:00:00,North Macedonia,North Macedonia,MK,451.8,514.59,26.87,26.86,entsoe.eu,false,
2024-07-03 16:00:00,North Macedonia,North Macedonia,MK,450.41,510.26,28.89,28.87,entsoe.eu,false,
2024-07-03 17:00:00,North Macedonia,North Macedonia,MK,434.9,495.45,30.02,29.99,entsoe.eu,false,
2024-07-03 18:00:00,North Macedonia,North Macedonia,MK,429.14,489.18,30.66,30.63,entsoe.eu,false,
2024-07-03 19:00:00,North Macedonia,North Macedonia,MK,428.31,489.36,30.21,30.18,entsoe.eu,false,
2024-07-03 20:00:00,North Macedonia,North Macedonia,MK,460.34,519.83,28.3,28.24,entsoe.eu,false,
2024-07-03 21:00:00,North Macedonia,North Macedonia,MK,515.93,578.95,20.86,20.78,entsoe.eu,false,
2024-07-03 22:00:00,North Macedonia,North Macedonia,MK,554.56,625.17,12.64,12.64,entsoe.eu,false,
2024-07-03 23:00:00,North Macedonia,North Macedonia,MK,618.68,691.87,5.49,4.54,entsoe.eu,false,
2024-07-04 00:00:00,North Macedonia,North Macedonia,MK,626.34,700.22,4.03,4.03,entsoe.eu,false,
2024-07-04 01:00:00,North Macedonia,North Macedonia,MK,627.56,701.49,3.89,3.89,entsoe.eu,false,
2024-07-04 02:00:00,North Macedonia,North Macedonia,MK,618.03,692.96,4.17,4.17,entsoe.eu,false,
2024-07-04 03:00:00,North Macedonia,North Macedonia,MK,616.95,691.99,4.2,4.2,entsoe.eu,false,
2024-07-04 04:00:00,North Macedonia,North Macedonia,MK,599.65,675.94,5.05,5.05,entsoe.eu,false,
2024-07-04 05:00:00,North Macedonia,North Macedonia,MK,575.4,649.88,8.38,8.38,entsoe.eu,false,
2024-07-04 06:00:00,North Macedonia,North Macedonia,MK,513.38,586.95,14.68,14.67,entsoe.eu,false,
2024-07-04 07:00:00,North Macedonia,North Macedonia,MK,501.54,575.08,16.36,15.24,entsoe.eu,false,
2024-07-04 08:00:00,North Macedonia,North Macedonia,MK,490.54,558.41,22.19,18.27,entsoe.eu,false,
2024-07-04 09:00:00,North Macedonia,North Macedonia,MK,513.31,583.39,18.53,15.11,entsoe.eu,false,
2024-07-04 10:00:00,North Macedonia,North Macedonia,MK,532.55,604.08,15.19,13.05,entsoe.eu,false,
2024-07-04 11:00:00,North Macedonia,North Macedonia,MK,506.69,577.19,17.47,16.8,entsoe.eu,false,
2024-07-04 12:00:00,North Macedonia,North Macedonia,MK,508.52,579.43,17.01,16.44,entsoe.eu,false,
2024-07-04 13:00:00,North Macedonia,North Macedonia,MK,481.26,552.42,20.14,19.76,entsoe.eu,false,
2024-07-04 14:00:00,North Macedonia,North Macedonia,MK,464.2,536.91,20.13,20.09,entsoe.eu,false,
2024-07-04 15:00:00,North Macedonia,North Macedonia,MK,438.91,509.01,24.15,24.15,entsoe.eu,false,
2024-07-04 16:00:00,North Macedonia,North Macedonia,MK,403.9,462.96,33.55,33.55,entsoe.eu,false,
2024-07-04 17:00:00,North Macedonia,North Macedonia,MK,400.5,457.65,35.06,35.05,entsoe.eu,false,
2024-07-04 18:00:00,North Macedonia,North Macedonia,MK,336.97,391.09,42.8,42.76,entsoe.eu,false,
2024-07-04 19:00:00,North Macedonia,North Macedonia,MK,325.21,381.61,42.49,42.47,entsoe.eu,false,
2024-07-04 20:00:00,North Macedonia,North Macedonia,MK,296.52,353.24,45.09,45.09,entsoe.eu,false,
2024-07-04 21:00:00,North Macedonia,North Macedonia,MK,347.14,405.99,38.91,38.91,entsoe.eu,false,
2024-07-04 22:00:00,North Macedonia,North Macedonia,MK,377.02,440.23,33.58,33.42,entsoe.eu,false,
2024-07-04 23:00:00,North Macedonia,North Macedonia,MK,473.62,536.63,25.28,23.46,entsoe.eu,false,
2024-07-05 00:00:00,North Macedonia,North Macedonia,MK,501.75,564.03,23.62,20.05,entsoe.eu,false,
2024-07-05 01:00:00,North Macedonia,North Macedonia,MK,519.27,583.12,20.76,18.06,entsoe.eu,false,
2024-07-05 02:00:00,North Macedonia,North Macedonia,MK,506.58,574.77,19.04,17.35,entsoe.eu,false,
2024-07-05 03:00:00,North Macedonia,North Macedonia,MK,427.33,495.61,25.82,25.82,entsoe.eu,false,
2024-07-05 04:00:00,North Macedonia,North Macedonia,MK,342.82,410.37,34.14,34.08,entsoe.eu,false,
2024-07-05 05:00:00,North Macedonia,North Macedonia,MK,333.49,396.42,38.2,37.32,entsoe.eu,false,
2024-07-05 06:00:00,North Macedonia,North Macedonia,MK,329.91,390.6,40.82,37.97,entsoe.eu,false,
2024-07-05 07:00:00,North Macedonia,North Macedonia,MK,338.54,396.95,42.49,37.66,entsoe.eu,false,
2024-07-05 08:00:00,North Macedonia,North Macedonia,MK,347.75,407.07,41.33,36.08,entsoe.eu,false,
2024-07-05 09:00:00,North Macedonia,North Macedonia,MK,335.6,394.41,42.89,37.3,entsoe.eu,false,
2024-07-05 10:00:00,North Macedonia,North Macedonia,MK,342.02,402.05,41.3,36.17,entsoe.eu,false,
2024-07-05 11:00:00,North Macedonia,North Macedonia,MK,359.76,422.62,37.54,33.14,entsoe.eu,false,
2024-07-05 12:00:00,North Macedonia,North Macedonia,MK,367.1,429.2,36.96,33.18,entsoe.eu,false,
2024-07-05 13:00:00,North Macedonia,North Macedonia,MK,367.36,432.68,34.36,31.83,entsoe.eu,false,
2024-07-05 14:00:00,North Macedonia,North Macedonia,MK,307.42,365.51,43.21,42.93,entsoe.eu,false,
2024-07-05 15:00:00,North Macedonia,North Macedonia,MK,325.06,382.9,41.57,41.56,entsoe.eu,false,
2024-07-05 16:00:00,North Macedonia,North Macedonia,MK,250.38,300.25,53.27,53.27,entsoe.eu,false,
2024-07-05 17:00:00,North Macedonia,North Macedonia,MK,255.04,310.65,50.35,50.35,entsoe.eu,false,
2024-07-05 18:00:00,North Macedonia,North Macedonia,MK,268.97,326.04,48.36,48.36,entsoe.eu,false,
2024-07-05 19:00:00,North Macedonia,North Macedonia,MK,263.07,320.4,49.21,49.21,entsoe.eu,false,
2024-07-05 20:00:00,North Macedonia,North Macedonia,MK,272.33,332.83,46.69,46.69,entsoe.eu,false,
2024-07-05 21:00:00,North Macedonia,North Macedonia,MK,298.7,362.79,41.44,41.44,entsoe.eu,false,
2024-07-05 22:00:00,North Macedonia,North Macedonia,MK,327.47,397.96,36.37,36.37,Electricity Maps Estimation,true,ESTIMATED_TIME_SLICER_AVERAGE
2024-07-05 23:00:00,North Macedonia,North Macedonia,MK,394.16,463.42,29.9,29.9,Electricity Maps Estimation,true,ESTIMATED_TIME_SLICER_AVERAGE
2024-07-06 00:00:00,North Macedonia,North Macedonia,MK,382.0,439.92,37.06,37.02,Electricity Maps Estimation,true,ESTIMATED_TIME_SLICER_AVERAGE
2024-07-06 01:00:00,North Macedonia,North Macedonia,MK,469.93,526.97,28.63,28.63,Electricity Maps Estimation,true,ESTIMATED_TIME_SLICER_AVERAGE
2024-07-06 02:00:00,North Macedonia,North Macedonia,MK,482.13,539.85,27.13,27.04,Electricity Maps Estimation,true,ESTIMATED_TIME_SLICER_AVERAGE
2024-07-06 03:00:00,North Macedonia,North Macedonia,MK,525.14,583.68,22.69,22.48,Electricity Maps Estimation,true,ESTIMATED_TIME_SLICER_AVERAGE
2024-07-06 04:00:00,North Macedonia,North Macedonia,MK,497.52,552.84,28.25,24.56,Electricity Maps Estimation,true,ESTIMATED_TIME_SLICER_AVERAGE
2024-07-06 05:00:00,North Macedonia,North Macedonia,MK,463.11,514.56,35.02,28.32,Electricity Maps Estimation,false,
2024-07-06 06:00:00,North Macedonia,North Macedonia,MK,412.85,460.47,43.13,34.87,Electricity Maps Estimation,false,
2024-07-06 07:00:00,North Macedonia,North Macedonia,MK,352.33,395.76,52.22,42.46,Electricity Maps Estimation,false,
2024-07-06 08:00:00,North Macedonia,North Macedonia,MK,429.93,476.86,41.98,33.03,Electricity Maps Estimation,false,
2024-07-06 09:00:00,North Macedonia,North Macedonia,MK,431.92,477.64,42.31,33.72,Electricity Maps Estimation,false,
2024-07-06 10:00:00,North Macedonia,North Macedonia,MK,426.9,471.29,43.53,35.41,Electricity Maps Estimation,false,
2024-07-06 11:00:00,North Macedonia,North Macedonia,MK,411.78,453.85,46.17,38.55,Electricity Maps Estimation,false,
2024-07-06 12:00:00,North Macedonia,North Macedonia,MK,404.4,444.99,47.54,40.46,Electricity Maps Estimation,false,
2024-07-06 13:00:00,North Macedonia,North Macedonia,MK,376.13,414.36,51.55,44.91,Electricity Maps Estimation,false,
2024-07-06 14:00:00,North Macedonia,North Macedonia,MK,349.88,384.8,54.6,51.18,Electricity Maps Estimation,true,ESTIMATED_TIME_SLICER_AVERAGE
2024-07-06 15:00:00,North Macedonia,North Macedonia,MK,223.2,256.85,67.64,67.54,Electricity Maps Estimation,true,ESTIMATED_TIME_SLICER_AVERAGE
2024-07-06 16:00:00,North Macedonia,North Macedonia,MK,223.62,270.54,61.56,61.56,Electricity Maps Estimation,false,
2024-07-06 17:00:00,North Macedonia,North Macedonia,MK,259.97,311.52,54.59,54.59,Electricity Maps Estimation,true,ESTIMATED_TIME_SLICER_AVERAGE
2024-07-06 18:00:00,North Macedonia,North Macedonia,MK,268.96,321.87,52.97,52.97,Electricity Maps Estimation,true,ESTIMATED_TIME_SLICER_AVERAGE
2024-07-06 19:00:00,North Macedonia,North Macedonia,MK,261.91,315.51,53.57,53.57,Electricity Maps Estimation,true,ESTIMATED_TIME_SLICER_AVERAGE
2024-07-06 20:00:00,North Macedonia,North Macedonia,MK,270.57,326.23,51.8,51.8,Electricity Maps Estimation,false,
2024-07-06 21:00:00,North Macedonia,North Macedonia,MK,346.24,401.46,43.59,43.59,Electricity Maps Estimation,false,
2024-07-06 22:00:00,North Macedonia,North Macedonia,MK,415.06,462.26,40.53,40.47,entsoe.eu,false,
2024-07-06 23:00:00,North Macedonia,North Macedonia,MK,496.44,539.41,34.65,34.61,entsoe.eu,false,
2024-07-07 00:00:00,North Macedonia,North Macedonia,MK,562.94,610.26,25.89,25.83,entsoe.eu,false,
2024-07-07 01:00:00,North Macedonia,North Macedonia,MK,658.95,712.79,13.16,12.84,entsoe.eu,false,
2024-07-07 02:00:00,North Macedonia,North Macedonia,MK,669.57,724.36,11.68,11.17,entsoe.eu,false,
2024-07-07 03:00:00,North Macedonia,North Macedonia,MK,721.27,779.31,4.9,4.58,entsoe.eu,false,
2024-07-07 04:00:00,North Macedonia,North Macedonia,MK,665.13,719.92,12.81,9.98,entsoe.eu,false,
2024-07-07 05:00:00,North Macedonia,North Macedonia,MK,595.74,646.64,22.08,18.07,entsoe.eu,false,
2024-07-07 06:00:00,North Macedonia,North Macedonia,MK,587.34,638.01,23.1,18.8,entsoe.eu,false,
2024-07-07 07:00:00,North Macedonia,North Macedonia,MK,552.24,601.29,28.08,21.87,entsoe.eu,false,
2024-07-07 08:00:00,North Macedonia,North Macedonia,MK,483.98,529.5,37.42,29.01,entsoe.eu,false,
2024-07-07 09:00:00,North Macedonia,North Macedonia,MK,472.97,518.01,38.99,30.28,entsoe.eu,false,
2024-07-07 10:00:00,North Macedonia,North Macedonia,MK,505.67,552.16,34.3,27.81,entsoe.eu,false,
2024-07-07 11:00:00,North Macedonia,North Macedonia,MK,536.79,584.64,29.71,25.32,entsoe.eu,false,
2024-07-07 12:00:00,North Macedonia,North Macedonia,MK,556.23,605.38,26.88,23.06,entsoe.eu,false,
2024-07-07 13:00:00,North Macedonia,North Macedonia,MK,527.01,574.92,30.99,25.91,entsoe.eu,false,
2024-07-07 14:00:00,North Macedonia,North Macedonia,MK,511.14,558.16,32.94,28.3,entsoe.eu,false,
2024-07-07 15:00:00,North Macedonia,North Macedonia,MK,369.17,404.56,51.24,51.0,entsoe.eu,false,
2024-07-07 16:00:00,North Macedonia,North Macedonia,MK,237.72,288.94,55.87,55.87,entsoe.eu,false,
2024-07-07 17:00:00,North Macedonia,North Macedonia,MK,259.51,320.38,47.61,47.61,entsoe.eu,false,
2024-07-07 18:00:00,North Macedonia,North Macedonia,MK,260.95,323.06,46.81,46.81,entsoe.eu,false,
2024-07-07 19:00:00,North Macedonia,North Macedonia,MK,264.65,327.49,46.06,46.06,entsoe.eu,false,
2024-07-07 20:00:00,North Macedonia,North Macedonia,MK,272.97,335.38,45.29,45.27,entsoe.eu,false,
2024-07-07 21:00:00,North Macedonia,North Macedonia,MK,282.44,344.5,44.11,44.06,entsoe.eu,false,
2024-07-07 22:00:00,North Macedonia,North Macedonia,MK,310.18,368.67,42.54,42.54,Electricity Maps Estimation,true,ESTIMATED_TIME_SLICER_AVERAGE
2024-07-07 23:00:00,North Macedonia,North Macedonia,MK,404.0,464.52,32.64,32.62,Electricity Maps Estimation,true,ESTIMATED_TIME_SLICER_AVERAGE
2024-07-08 00:00:00,North Macedonia,North Macedonia,MK,511.11,581.8,16.62,16.57,Electricity Maps Estimation,true,ESTIMATED_TIME_SLICER_AVERAGE
2024-07-08 01:00:00,North Macedonia,North Macedonia,MK,533.54,605.32,13.89,13.8,Electricity Maps Estimation,true,ESTIMATED_TIME_SLICER_AVERAGE
2024-07-08 02:00:00,North Macedonia,North Macedonia,MK,517.67,590.89,14.48,14.48,Electricity Maps Estimation,true,ESTIMATED_TIME_SLICER_AVERAGE
2024-07-08 03:00:00,North Macedonia,North Macedonia,MK,502.83,575.14,16.41,16.38,Electricity Maps Estimation,true,ESTIMATED_TIME_SLICER_AVERAGE
2024-07-08 04:00:00,North Macedonia,North Macedonia,MK,380.19,453.49,27.89,27.89,Electricity Maps Estimation,true,ESTIMATED_TIME_SLICER_AVERAGE
2024-07-08 05:00:00,North Macedonia,North Macedonia,MK,347.05,417.43,33.15,33.15,Electricity Maps Estimation,true,ESTIMATED_TIME_SLICER_AVERAGE
2024-07-08 06:00:00,North Macedonia,North Macedonia,MK,349.44,415.04,36.33,34.97,Electricity Maps Estimation,true,ESTIMATED_TIME_SLICER_AVERAGE
2024-07-08 07:00:00,North Macedonia,North Macedonia,MK,365.42,427.39,37.76,32.98,Electricity Maps Estimation,true,ESTIMATED_TIME_SLICER_AVERAGE
2024-07-08 08:00:00,North Macedonia,North Macedonia,MK,380.22,440.94,37.25,31.2,Electricity Maps Estimation,true,ESTIMATED_TIME_SLICER_AVERAGE
2024-07-08 09:00:00,North Macedonia,North Macedonia,MK,385.21,446.15,36.7,30.52,Electricity Maps Estimation,true,ESTIMATED_TIME_SLICER_AVERAGE
2024-07-08 10:00:00,North Macedonia,North Macedonia,MK,389.11,453.11,34.32,28.22,Electricity Maps Estimation,true,ESTIMATED_TIME_SLICER_AVERAGE
2024-07-08 11:00:00,North Macedonia,North Macedonia,MK,370.66,432.52,37.29,31.06,Electricity Maps Estimation,true,ESTIMATED_TIME_SLICER_AVERAGE
2024-07-08 12:00:00,North Macedonia,North Macedonia,MK,367.55,428.63,37.77,32.1,Electricity Maps Estimation,true,ESTIMATED_TIME_SLICER_AVERAGE
2024-07-08 13:00:00,North Macedonia,North Macedonia,MK,374.49,436.24,36.24,31.78,Electricity Maps Estimation,true,ESTIMATED_TIME_SLICER_AVERAGE
2024-07-08 14:00:00,North Macedonia,North Macedonia,MK,355.13,414.42,39.22,35.47,Electricity Maps Estimation,true,ESTIMATED_TIME_SLICER_AVERAGE
2024-07-08 15:00:00,North Macedonia,North Macedonia,MK,335.97,399.15,38.7,38.35,Electricity Maps Estimation,true,ESTIMATED_TIME_SLICER_AVERAGE
2024-07-08 16:00:00,North Macedonia,North Macedonia,MK,340.46,405.11,37.6,37.6,Electricity Maps Estimation,true,ESTIMATED_TIME_SLICER_AVERAGE
2024-07-08 17:00:00,North Macedonia,North Macedonia,MK,353.86,417.58,36.25,36.25,Electricity Maps Estimation,true,ESTIMATED_TIME_SLICER_AVERAGE
2024-07-08 18:00:00,North Macedonia,North Macedonia,MK,366.55,430.29,35.09,35.08,Electricity Maps Estimation,true,ESTIMATED_TIME_SLICER_AVERAGE
2024-07-08 19:00:00,North Macedonia,North Macedonia,MK,375.18,439.85,33.79,33.79,Electricity Maps Estimation,true,ESTIMATED_TIME_SLICER_AVERAGE
2024-07-08 20:00:00,North Macedonia,North Macedonia,MK,379.15,445.26,32.67,32.67,Electricity Maps Estimation,true,ESTIMATED_TIME_SLICER_AVERAGE
2024-07-08 21:00:00,North Macedonia,North Macedonia,MK,392.24,462.28,29.78,29.78,Electricity Maps Estimation,true,ESTIMATED_TIME_SLICER_AVERAGE
2024-07-08 22:00:00,North Macedonia,North Macedonia,MK,395.91,467.04,28.74,28.55,entsoe.eu,false,
2024-07-08 23:00:00,North Macedonia,North Macedonia,MK,495.97,570.84,16.35,13.75,entsoe.eu,false,
2024-07-09 00:00:00,North Macedonia,North Macedonia,MK,567.22,649.99,4.74,1.53,entsoe.eu,false,
2024-07-09 01:00:00,North Macedonia,North Macedonia,MK,576.25,657.67,4.62,1.54,entsoe.eu,false,
2024-07-09 02:00:00,North Macedonia,North Macedonia,MK,545.75,626.56,7.78,4.93,entsoe.eu,false,
2024-07-09 03:00:00,North Macedonia,North Macedonia,MK,547.81,630.84,5.8,5.78,entsoe.eu,false,
2024-07-09 04:00:00,North Macedonia,North Macedonia,MK,337.01,397.8,40.17,37.27,entsoe.eu,false,
2024-07-09 05:00:00,North Macedonia,North Macedonia,MK,307.24,364.37,45.82,41.85,entsoe.eu,false,
2024-07-09 06:00:00,North Macedonia,North Macedonia,MK,343.95,396.11,45.21,39.21,entsoe.eu,false,
2024-07-09 07:00:00,North Macedonia,North Macedonia,MK,345.16,397.35,45.99,38.28,entsoe.eu,false,
2024-07-09 08:00:00,North Macedonia,North Macedonia,MK,341.98,393.55,46.66,38.55,entsoe.eu,false,
2024-07-09 09:00:00,North Macedonia,North Macedonia,MK,322.25,373.34,48.86,40.5,entsoe.eu,false,
2024-07-09 10:00:00,North Macedonia,North Macedonia,MK,309.66,362.8,48.66,40.25,entsoe.eu,false,
2024-07-09 11:00:00,North Macedonia,North Macedonia,MK,287.91,339.21,51.72,43.22,entsoe.eu,false,
2024-07-09 12:00:00,North Macedonia,North Macedonia,MK,288.84,339.0,51.84,44.74,entsoe.eu,false,
2024-07-09 13:00:00,North Macedonia,North Macedonia,MK,296.04,346.1,50.76,44.89,entsoe.eu,false,
2024-07-09 14:00:00,North Macedonia,North Macedonia,MK,273.95,322.94,53.46,47.04,entsoe.eu,false,
2024-07-09 15:00:00,North Macedonia,North Macedonia,MK,258.1,312.43,52.21,50.48,entsoe.eu,false,
2024-07-09 16:00:00,North Macedonia,North Macedonia,MK,258.88,316.17,50.87,50.87,entsoe.eu,false,
2024-07-09 17:00:00,North Macedonia,North Macedonia,MK,266.78,324.97,49.35,49.35,entsoe.eu,false,
2024-07-09 18:00:00,North Macedonia,North Macedonia,MK,280.77,341.01,46.64,46.64,entsoe.eu,false,
2024-07-09 19:00:00,North Macedonia,North Macedonia,MK,303.05,366.05,43.06,41.92,entsoe.eu,false,
2024-07-09 20:00:00,North Macedonia,North Macedonia,MK,299.5,365.33,42.77,42.77,entsoe.eu,false,
2024-07-09 21:00:00,North Macedonia,North Macedonia,MK,269.55,323.46,49.81,46.93,entsoe.eu,false,
2024-07-09 22:00:00,North Macedonia,North Macedonia,MK,315.59,370.49,45.47,38.88,entsoe.eu,false,
2024-07-09 23:00:00,North Macedonia,North Macedonia,MK,383.24,444.78,35.57,25.98,entsoe.eu,false,
2024-07-10 00:00:00,North Macedonia,North Macedonia,MK,460.73,531.72,22.9,10.78,entsoe.eu,false,
2024-07-10 01:00:00,North Macedonia,North Macedonia,MK,472.87,544.07,21.47,10.4,entsoe.eu,false,
2024-07-10 02:00:00,North Macedonia,North Macedonia,MK,456.95,530.4,21.4,11.81,entsoe.eu,false,
2024-07-10 03:00:00,North Macedonia,North Macedonia,MK,440.86,517.82,20.49,13.43,entsoe.eu,false,
2024-07-10 04:00:00,North Macedonia,North Macedonia,MK,354.78,419.28,36.19,32.36,entsoe.eu,false,
2024-07-10 05:00:00,North Macedonia,North Macedonia,MK,332.8,393.82,41.18,37.2,entsoe.eu,false,
2024-07-10 06:00:00,North Macedonia,North Macedonia,MK,380.79,441.62,37.26,32.59,entsoe.eu,false,
2024-07-10 07:00:00,North Macedonia,North Macedonia,MK,368.36,425.64,41.36,33.41,entsoe.eu,false,
2024-07-10 08:00:00,North Macedonia,North Macedonia,MK,367.75,424.75,41.67,32.26,entsoe.eu,false,
2024-07-10 09:00:00,North Macedonia,North Macedonia,MK,379.78,438.59,39.39,28.64,entsoe.eu,false,
2024-07-10 10:00:00,North Macedonia,North Macedonia,MK,380.62,442.34,37.38,26.54,entsoe.eu,false,
2024-07-10 11:00:00,North Macedonia,North Macedonia,MK,413.68,488.39,25.27,18.27,entsoe.eu,false,
2024-07-10 12:00:00,North Macedonia,North Macedonia,MK,370.43,437.92,33.46,30.01,entsoe.eu,false,
2024-07-10 13:00:00,North Macedonia,North Macedonia,MK,335.28,394.99,41.56,38.45,entsoe.eu,false,
2024-07-10 14:00:00,North Macedonia,North Macedonia,MK,304.42,359.04,47.03,45.74,entsoe.eu,false,
2024-07-10 15:00:00,North Macedonia,North Macedonia,MK,290.12,343.74,48.88,48.32,entsoe.eu,false,
2024-07-10 16:00:00,North Macedonia,North Macedonia,MK,287.09,341.59,49.38,47.06,entsoe.eu,false,
2024-07-10 17:00:00,North Macedonia,North Macedonia,MK,278.04,335.18,48.53,46.83,entsoe.eu,false,
2024-07-10 18:00:00,North Macedonia,North Macedonia,MK,271.59,330.91,47.63,47.63,entsoe.eu,false,
2024-07-10 19:00:00,North Macedonia,North Macedonia,MK,278.38,338.19,47.15,45.81,entsoe.eu,false,
2024-07-10 20:00:00,North Macedonia,North Macedonia,MK,280.13,339.66,47.41,45.3,entsoe.eu,false,
2024-07-10 21:00:00,North Macedonia,North Macedonia,MK,286.09,350.09,44.41,44.38,entsoe.eu,false,
2024-07-10 22:00:00,North Macedonia,North Macedonia,MK,305.58,364.59,44.35,38.14,entsoe.eu,false,
2024-07-10 23:00:00,North Macedonia,North Macedonia,MK,349.29,409.75,39.25,30.66,entsoe.eu,false,
2024-07-11 00:00:00,North Macedonia,North Macedonia,MK,412.61,476.78,31.35,21.66,entsoe.eu,false,
2024-07-11 01:00:00,North Macedonia,North Macedonia,MK,501.17,570.24,20.35,9.23,entsoe.eu,false,
2024-07-11 02:00:00,North Macedonia,North Macedonia,MK,494.23,568.16,17.7,8.4,entsoe.eu,false,
2024-07-11 03:00:00,North Macedonia,North Macedonia,MK,441.64,513.23,23.67,16.89,entsoe.eu,false,
2024-07-11 04:00:00,North Macedonia,North Macedonia,MK,349.84,422.4,31.69,31.34,entsoe.eu,false,
2024-07-11 05:00:00,North Macedonia,North Macedonia,MK,348.34,414.83,35.72,33.69,entsoe.eu,false,
2024-07-11 06:00:00,North Macedonia,North Macedonia,MK,397.17,460.43,33.24,30.77,entsoe.eu,false,
2024-07-11 07:00:00,North Macedonia,North Macedonia,MK,400.97,464.56,33.77,27.43,entsoe.eu,false,
2024-07-11 08:00:00,North Macedonia,North Macedonia,MK,372.58,432.66,38.73,28.87,entsoe.eu,false,
2024-07-11 09:00:00,North Macedonia,North Macedonia,MK,363.95,424.36,39.48,28.81,entsoe.eu,false,
2024-07-11 10:00:00,North Macedonia,North Macedonia,MK,361.66,422.39,39.54,29.14,entsoe.eu,false,
2024-07-11 11:00:00,North Macedonia,North Macedonia,MK,328.61,384.62,44.77,36.43,entsoe.eu,false,
2024-07-11 12:00:00,North Macedonia,North Macedonia,MK,322.35,375.82,47.04,38.47,entsoe.eu,false,
2024-07-11 13:00:00,North Macedonia,North Macedonia,MK,321.58,373.53,47.55,41.59,entsoe.eu,false,
2024-07-11 14:00:00,North Macedonia,North Macedonia,MK,267.98,321.53,51.53,48.74,entsoe.eu,false,
2024-07-11 15:00:00,North Macedonia,North Macedonia,MK,262.2,318.75,50.24,49.14,entsoe.eu,false,
2024-07-11 16:00:00,North Macedonia,North Macedonia,MK,273.21,330.77,48.26,48.26,entsoe.eu,false,
2024-07-11 17:00:00,North Macedonia,North Macedonia,MK,276.44,331.43,49.17,47.34,entsoe.eu,false,
2024-07-11 18:00:00,North Macedonia,North Macedonia,MK,274.0,325.04,51.19,48.17,entsoe.eu,false,
2024-07-11 19:00:00,North Macedonia,North Macedonia,MK,278.81,330.42,50.49,46.87,entsoe.eu,false,
2024-07-11 20:00:00,North Macedonia,North Macedonia,MK,287.23,341.58,48.25,45.64,entsoe.eu,false,
2024-07-11 21:00:00,North Macedonia,North Macedonia,MK,300.87,354.97,46.12,46.1,entsoe.eu,false,
2024-07-11 22:00:00,North Macedonia,North Macedonia,MK,361.35,420.2,37.98,36.2,entsoe.eu,false,
2024-07-11 23:00:00,North Macedonia,North Macedonia,MK,393.11,457.31,31.76,30.36,entsoe.eu,false,
2024-07-12 00:00:00,North Macedonia,North Macedonia,MK,446.19,510.25,27.45,23.37,entsoe.eu,false,
2024-07-12 01:00:00,North Macedonia,North Macedonia,MK,487.17,557.74,19.89,15.11,entsoe.eu,false,
2024-07-12 02:00:00,North Macedonia,North Macedonia,MK,520.1,594.14,14.84,9.03,entsoe.eu,false,
2024-07-12 03:00:00,North Macedonia,North Macedonia,MK,441.64,517.43,20.7,17.15,entsoe.eu,false,
2024-07-12 04:00:00,North Macedonia,North Macedonia,MK,397.63,468.58,26.97,26.97,entsoe.eu,false,
2024-07-12 05:00:00,North Macedonia,North Macedonia,MK,340.54,409.13,34.62,34.62,entsoe.eu,false,
2024-07-12 06:00:00,North Macedonia,North Macedonia,MK,341.42,400.55,40.11,37.87,entsoe.eu,false,
2024-07-12 07:00:00,North Macedonia,North Macedonia,MK,368.99,428.58,38.9,31.27,entsoe.eu,false,
2024-07-12 08:00:00,North Macedonia,North Macedonia,MK,374.45,433.46,39.48,29.36,entsoe.eu,false,
2024-07-12 09:00:00,North Macedonia,North Macedonia,MK,357.99,415.98,41.58,31.45,entsoe.eu,false,
2024-07-12 10:00:00,North Macedonia,North Macedonia,MK,349.48,408.65,41.62,31.23,entsoe.eu,false,
2024-07-12 11:00:00,North Macedonia,North Macedonia,MK,334.85,391.63,44.31,34.19,entsoe.eu,false,
2024-07-12 12:00:00,North Macedonia,North Macedonia,MK,335.51,392.44,43.79,35.82,entsoe.eu,false,
2024-07-12 13:00:00,North Macedonia,North Macedonia,MK,258.76,311.89,53.38,47.54,entsoe.eu,false,
2024-07-12 14:00:00,North Macedonia,North Macedonia,MK,165.06,213.76,64.0,58.52,entsoe.eu,false,
2024-07-12 15:00:00,North Macedonia,North Macedonia,MK,165.38,216.0,62.34,58.95,entsoe.eu,false,
2024-07-12 16:00:00,North Macedonia,North Macedonia,MK,212.17,261.48,58.19,54.74,entsoe.eu,false,
2024-07-12 17:00:00,North Macedonia,North Macedonia,MK,218.45,268.17,56.9,54.85,entsoe.eu,false,
2024-07-12 18:00:00,North Macedonia,North Macedonia,MK,211.51,263.58,56.46,55.12,entsoe.eu,false,
2024-07-12 19:00:00,North Macedonia,North Macedonia,MK,239.11,288.78,55.33,51.92,entsoe.eu,false,
2024-07-12 20:00:00,North Macedonia,North Macedonia,MK,219.98,269.69,57.07,53.26,entsoe.eu,false,
2024-07-12 21:00:00,North Macedonia,North Macedonia,MK,229.88,280.11,55.51,52.73,entsoe.eu,false,
2024-07-12 22:00:00,North Macedonia,North Macedonia,MK,240.39,291.62,54.05,50.92,entsoe.eu,false,
2024-07-12 23:00:00,North Macedonia,North Macedonia,MK,257.38,311.47,50.52,48.61,entsoe.eu,false,
2024-07-13 00:00:00,North Macedonia,North Macedonia,MK,319.18,377.38,42.52,39.63,entsoe.eu,false,
2024-07-13 01:00:00,North Macedonia,North Macedonia,MK,384.01,445.5,34.29,32.58,entsoe.eu,false,
2024-07-13 02:00:00,North Macedonia,North Macedonia,MK,440.88,505.07,27.61,24.88,entsoe.eu,false,
2024-07-13 03:00:00,North Macedonia,North Macedonia,MK,481.48,547.11,22.76,21.01,entsoe.eu,false,
2024-07-13 04:00:00,North Macedonia,North Macedonia,MK,461.25,522.93,27.71,21.77,entsoe.eu,false,
2024-07-13 05:00:00,North Macedonia,North Macedonia,MK,394.3,453.01,36.13,29.02,entsoe.eu,false,
2024-07-13 06:00:00,North Macedonia,North Macedonia,MK,342.55,398.84,43.39,33.08,entsoe.eu,false,
2024-07-13 07:00:00,North Macedonia,North Macedonia,MK,317.48,371.4,47.66,36.05,entsoe.eu,false,
2024-07-13 08:00:00,North Macedonia,North Macedonia,MK,401.33,465.87,34.17,20.03,entsoe.eu,false,
2024-07-13 09:00:00,North Macedonia,North Macedonia,MK,259.95,314.77,53.11,39.34,entsoe.eu,false,
2024-07-13 10:00:00,North Macedonia,North Macedonia,MK,244.76,298.89,55.09,40.85,entsoe.eu,false,
2024-07-13 11:00:00,North Macedonia,North Macedonia,MK,209.08,257.13,61.69,49.02,entsoe.eu,false,
2024-07-13 12:00:00,North Macedonia,North Macedonia,MK,188.23,231.99,65.82,55.18,entsoe.eu,false,
2024-07-13 13:00:00,North Macedonia,North Macedonia,MK,172.71,217.26,66.03,56.82,entsoe.eu,false,
2024-07-13 14:00:00,North Macedonia,North Macedonia,MK,232.68,280.18,58.23,50.73,entsoe.eu,false,
2024-07-13 15:00:00,North Macedonia,North Macedonia,MK,168.94,218.31,62.79,57.37,entsoe.eu,false,
2024-07-13 16:00:00,North Macedonia,North Macedonia,MK,202.17,254.36,58.2,55.06,entsoe.eu,false,
2024-07-13 17:00:00,North Macedonia,North Macedonia,MK,208.23,266.21,55.45,54.32,entsoe.eu,false,
2024-07-13 18:00:00,North Macedonia,North Macedonia,MK,216.11,271.87,55.25,53.15,entsoe.eu,false,
2024-07-13 19:00:00,North Macedonia,North Macedonia,MK,205.68,257.51,57.92,53.56,entsoe.eu,false,
2024-07-13 20:00:00,North Macedonia,North Macedonia,MK,198.36,251.96,58.01,53.22,entsoe.eu,false,
2024-07-13 21:00:00,North Macedonia,North Macedonia,MK,196.88,252.94,56.73,53.25,entsoe.eu,false,
2024-07-13 22:00:00,North Macedonia,North Macedonia,MK,224.36,276.93,54.66,51.64,entsoe.eu,false,
2024-07-13 23:00:00,North Macedonia,North Macedonia,MK,316.05,371.98,43.76,42.66,entsoe.eu,false,
2024-07-14 00:00:00,North Macedonia,North Macedonia,MK,258.35,315.43,48.4,47.31,entsoe.eu,false,
2024-07-14 01:00:00,North Macedonia,North Macedonia,MK,367.46,428.75,35.58,35.48,entsoe.eu,false,
2024-07-14 02:00:00,North Macedonia,North Macedonia,MK,386.32,447.76,33.88,33.18,entsoe.eu,false,
2024-07-14 03:00:00,North Macedonia,North Macedonia,MK,416.73,478.65,30.71,30.52,entsoe.eu,false,
2024-07-14 04:00:00,North Macedonia,North Macedonia,MK,433.59,493.79,30.49,28.79,entsoe.eu,false,
2024-07-14 05:00:00,North Macedonia,North Macedonia,MK,403.0,462.0,34.67,30.19,entsoe.eu,false,
2024-07-14 06:00:00,North Macedonia,North Macedonia,MK,390.17,449.48,35.38,32.48,entsoe.eu,false,
2024-07-14 07:00:00,North Macedonia,North Macedonia,MK,332.99,391.45,41.42,37.5,entsoe.eu,false,
2024-07-14 08:00:00,North Macedonia,North Macedonia,MK,294.39,352.2,45.21,42.12,entsoe.eu,false,
2024-07-14 09:00:00,North Macedonia,North Macedonia,MK,284.0,339.8,47.18,44.94,entsoe.eu,false,
2024-07-14 10:00:00,North Macedonia,North Macedonia,MK,310.01,364.17,45.77,43.71,entsoe.eu,false,
2024-07-14 11:00:00,North Macedonia,North Macedonia,MK,294.9,346.21,48.84,46.97,entsoe.eu,false,
2024-07-14 12:00:00,North Macedonia,North Macedonia,MK,293.13,343.24,49.75,47.81,entsoe.eu,false,
2024-07-14 13:00:00,North Macedonia,North Macedonia,MK,270.68,318.49,53.78,49.65,entsoe.eu,false,
2024-07-14 14:00:00,North Macedonia,North Macedonia,MK,266.7,315.2,53.63,49.77,entsoe.eu,false,
2024-07-14 15:00:00,North Macedonia,North Macedonia,MK,228.95,277.09,57.45,52.99,entsoe.eu,false,
2024-07-14 16:00:00,North Macedonia,North Macedonia,MK,205.12,254.01,59.38,54.57,entsoe.eu,false,
2024-07-14 17:00:00,North Macedonia,North Macedonia,MK,214.47,263.3,58.29,53.84,entsoe.eu,false,
2024-07-14 18:00:00,North Macedonia,North Macedonia,MK,232.0,281.4,56.1,52.34,entsoe.eu,false,
2024-07-14 19:00:00,North Macedonia,North Macedonia,MK,241.27,291.23,54.87,50.94,entsoe.eu,false,
2024-07-14 20:00:00,North Macedonia,North Macedonia,MK,255.88,306.2,53.45,49.16,entsoe.eu,false,
2024-07-14 21:00:00,North Macedonia,North Macedonia,MK,257.46,309.07,52.26,49.37,entsoe.eu,false,
2024-07-14 22:00:00,North Macedonia,North Macedonia,MK,203.26,253.34,58.28,54.67,entsoe.eu,false,
2024-07-14 23:00:00,North Macedonia,North Macedonia,MK,248.53,299.77,53.05,51.17,entsoe.eu,false,
2024-07-15 00:00:00,North Macedonia,North Macedonia,MK,197.92,256.27,53.81,49.98,entsoe.eu,false,
2024-07-15 01:00:00,North Macedonia,North Macedonia,MK,325.74,394.36,35.99,31.28,entsoe.eu,false,
2024-07-15 02:00:00,North Macedonia,North Macedonia,MK,257.78,326.74,42.44,36.11,entsoe.eu,false,
2024-07-15 03:00:00,North Macedonia,North Macedonia,MK,238.9,304.06,46.66,42.25,entsoe.eu,false,
2024-07-15 04:00:00,North Macedonia,North Macedonia,MK,300.66,365.88,43.44,37.66,entsoe.eu,false,
2024-07-15 05:00:00,North Macedonia,North Macedonia,MK,280.78,341.0,47.84,42.78,entsoe.eu,false,
2024-07-15 06:00:00,North Macedonia,North Macedonia,MK,273.03,330.09,50.5,45.47,entsoe.eu,false,
2024-07-15 07:00:00,North Macedonia,North Macedonia,MK,247.57,308.93,48.91,41.95,entsoe.eu,false,
2024-07-15 08:00:00,North Macedonia,North Macedonia,MK,242.96,303.1,50.64,44.0,entsoe.eu,false,
2024-07-15 09:00:00,North Macedonia,North Macedonia,MK,282.34,342.31,47.08,40.91,entsoe.eu,false,
2024-07-15 10:00:00,North Macedonia,North Macedonia,MK,326.9,390.32,40.96,34.69,entsoe.eu,false,
2024-07-15 11:00:00,North Macedonia,North Macedonia,MK,300.81,360.69,45.98,40.15,entsoe.eu,false,
2024-07-15 12:00:00,North Macedonia,North Macedonia,MK,286.79,339.65,51.92,46.8,entsoe.eu,false,
2024-07-15 13:00:00,North Macedonia,North Macedonia,MK,315.77,369.05,48.12,40.75,entsoe.eu,false,
2024-07-15 14:00:00,North Macedonia,North Macedonia,MK,253.98,308.65,52.34,51.22,entsoe.eu,false,
2024-07-15 15:00:00,North Macedonia,North Macedonia,MK,259.01,313.54,52.28,50.61,entsoe.eu,false,
2024-07-15 16:00:00,North Macedonia,North Macedonia,MK,256.84,310.16,52.21,50.04,entsoe.eu,false,
2024-07-15 17:00:00,North Macedonia,North Macedonia,MK,279.22,339.43,47.17,46.99,entsoe.eu,false,
2024-07-15 18:00:00,North Macedonia,North Macedonia,MK,286.29,347.4,46.45,46.0,entsoe.eu,false,
2024-07-15 19:00:00,North Macedonia,North Macedonia,MK,277.93,337.58,46.94,46.94,entsoe.eu,false,
2024-07-15 20:00:00,North Macedonia,North Macedonia,MK,290.27,352.62,44.87,44.87,entsoe.eu,false,
2024-07-15 21:00:00,North Macedonia,North Macedonia,MK,293.03,355.37,44.38,44.38,entsoe.eu,false,
2024-07-15 22:00:00,North Macedonia,North Macedonia,MK,322.54,389.57,38.1,38.04,entsoe.eu,false,
2024-07-15 23:00:00,North Macedonia,North Macedonia,MK,370.51,437.75,31.7,31.7,entsoe.eu,false,
2024-07-16 00:00:00,North Macedonia,North Macedonia,MK,480.07,552.7,19.34,15.51,entsoe.eu,false,
2024-07-16 01:00:00,North Macedonia,North Macedonia,MK,506.53,579.74,16.83,11.58,entsoe.eu,false,
2024-07-16 02:00:00,North Macedonia,North Macedonia,MK,462.65,536.12,20.42,16.04,entsoe.eu,false,
2024-07-16 03:00:00,North Macedonia,North Macedonia,MK,457.31,532.88,19.24,16.87,entsoe.eu,false,
2024-07-16 04:00:00,North Macedonia,North Macedonia,MK,418.54,493.73,22.49,22.48,entsoe.eu,false,
2024-07-16 05:00:00,North Macedonia,North Macedonia,MK,351.93,424.18,32.25,32.24,entsoe.eu,false,
2024-07-16 06:00:00,North Macedonia,North Macedonia,MK,331.89,397.59,38.52,37.23,entsoe.eu,false,
2024-07-16 07:00:00,North Macedonia,North Macedonia,MK,350.14,412.86,38.69,33.19,entsoe.eu,false,
2024-07-16 08:00:00,North Macedonia,North Macedonia,MK,322.28,378.75,45.09,40.12,entsoe.eu,false,
2024-07-16 09:00:00,North Macedonia,North Macedonia,MK,326.03,384.98,43.43,38.2,entsoe.eu,false,
2024-07-16 10:00:00,North Macedonia,North Macedonia,MK,334.97,394.51,42.21,37.39,entsoe.eu,false,
2024-07-16 11:00:00,North Macedonia,North Macedonia,MK,306.88,361.33,48.18,43.62,entsoe.eu,false,
2024-07-16 12:00:00,North Macedonia,North Macedonia,MK,321.84,377.59,46.73,42.07,entsoe.eu,false,
2024-07-16 13:00:00,North Macedonia,North Macedonia,MK,351.28,408.24,42.77,39.09,entsoe.eu,false,
2024-07-16 14:00:00,North Macedonia,North Macedonia,MK,362.03,419.29,40.97,38.79,entsoe.eu,false,
2024-07-16 15:00:00,North Macedonia,North Macedonia,MK,361.21,425.26,37.17,37.03,entsoe.eu,false,
2024-07-16 16:00:00,North Macedonia,North Macedonia,MK,363.57,427.84,36.29,36.29,entsoe.eu,false,
2024-07-16 17:00:00,North Macedonia,North Macedonia,MK,357.98,420.74,37.35,37.35,entsoe.eu,false,
2024-07-16 18:00:00,North Macedonia,North Macedonia,MK,372.41,436.73,35.12,35.12,entsoe.eu,false,
2024-07-16 19:00:00,North Macedonia,North Macedonia,MK,382.22,447.39,33.62,33.62,entsoe.eu,false,
2024-07-16 20:00:00,North Macedonia,North Macedonia,MK,396.07,462.67,31.56,31.56,entsoe.eu,false,
2024-07-16 21:00:00,North Macedonia,North Macedonia,MK,417.04,488.42,27.7,27.7,entsoe.eu,false,
2024-07-16 22:00:00,North Macedonia,North Macedonia,MK,458.58,529.07,23.18,20.12,entsoe.eu,false,
2024-07-16 23:00:00,North Macedonia,North Macedonia,MK,503.78,578.39,16.03,12.88,entsoe.eu,false,
2024-07-17 00:00:00,North Macedonia,North Macedonia,MK,530.32,608.05,11.88,8.01,entsoe.eu,false,
2024-07-17 01:00:00,North Macedonia,North Macedonia,MK,570.81,647.81,9.01,2.36,entsoe.eu,false,
2024-07-17 02:00:00,North Macedonia,North Macedonia,MK,540.87,618.62,11.08,5.53,entsoe.eu,false,
2024-07-17 03:00:00,North Macedonia,North Macedonia,MK,538.97,618.83,9.59,6.3,entsoe.eu,false,
2024-07-17 04:00:00,North Macedonia,North Macedonia,MK,461.83,537.26,20.98,20.22,entsoe.eu,false,
2024-07-17 05:00:00,North Macedonia,North Macedonia,MK,456.51,524.63,26.11,22.79,entsoe.eu,false,
2024-07-17 06:00:00,North Macedonia,North Macedonia,MK,434.85,499.8,30.22,25.91,entsoe.eu,false,
2024-07-17 07:00:00,North Macedonia,North Macedonia,MK,409.97,471.94,34.89,30.11,entsoe.eu,false,
2024-07-17 08:00:00,North Macedonia,North Macedonia,MK,413.2,474.52,34.99,30.24,entsoe.eu,false,
2024-07-17 09:00:00,North Macedonia,North Macedonia,MK,407.74,468.55,35.91,30.96,entsoe.eu,false,
2024-07-17 10:00:00,North Macedonia,North Macedonia,MK,424.04,488.58,31.79,27.12,entsoe.eu,false,
2024-07-17 11:00:00,North Macedonia,North Macedonia,MK,400.86,460.72,35.8,31.54,entsoe.eu,false,
2024-07-17 12:00:00,North Macedonia,North Macedonia,MK,367.07,422.74,41.55,37.05,entsoe.eu,false,
2024-07-17 13:00:00,North Macedonia,North Macedonia,MK,355.44,410.78,43.85,40.17,entsoe.eu,false,
2024-07-17 14:00:00,North Macedonia,North Macedonia,MK,367.56,424.73,40.99,38.23,entsoe.eu,false,
2024-07-17 15:00:00,North Macedonia,North Macedonia,MK,356.6,416.02,40.77,40.42,entsoe.eu,false,
2024-07-17 16:00:00,North Macedonia,North Macedonia,MK,365.15,428.19,38.31,38.31,entsoe.eu,false,
2024-07-17 17:00:00,North Macedonia,North Macedonia,MK,381.22,445.44,36.78,36.78,entsoe.eu,false,
2024-07-17 18:00:00,North Macedonia,North Macedonia,MK,387.52,452.3,35.41,35.41,entsoe.eu,false,
2024-07-17 19:00:00,North Macedonia,North Macedonia,MK,390.26,455.72,34.8,34.8,entsoe.eu,false,
2024-07-17 20:00:00,North Macedonia,North Macedonia,MK,394.95,461.4,33.96,33.96,entsoe.eu,false,
2024-07-17 21:00:00,North Macedonia,North Macedonia,MK,418.92,488.96,30.06,30.06,entsoe.eu,false,
2024-07-17 22:00:00,North Macedonia,North Macedonia,MK,458.79,535.59,21.76,21.76,entsoe.eu,false,
2024-07-17 23:00:00,North Macedonia,North Macedonia,MK,463.77,539.69,20.71,20.66,entsoe.eu,false,
2024-07-18 00:00:00,North Macedonia,North Macedonia,MK,500.03,579.84,14.81,14.73,entsoe.eu,false,
2024-07-18 01:00:00,North Macedonia,North Macedonia,MK,558.78,642.16,6.25,4.05,entsoe.eu,false,
2024-07-18 02:00:00,North Macedonia,North Macedonia,MK,541.73,622.64,9.08,6.52,entsoe.eu,false,
2024-07-18 03:00:00,North Macedonia,North Macedonia,MK,486.6,565.28,17.03,17.03,entsoe.eu,false,
2024-07-18 04:00:00,North Macedonia,North Macedonia,MK,467.17,544.68,20.91,20.91,entsoe.eu,false,
2024-07-18 05:00:00,North Macedonia,North Macedonia,MK,424.13,495.13,28.72,28.72,entsoe.eu,false,
2024-07-18 06:00:00,North Macedonia,North Macedonia,MK,409.46,478.14,30.89,30.57,entsoe.eu,false,
2024-07-18 07:00:00,North Macedonia,North Macedonia,MK,401.88,464.97,35.69,32.85,entsoe.eu,false,
2024-07-18 08:00:00,North Macedonia,North Macedonia,MK,380.35,439.49,40.19,36.49,entsoe.eu,false,
2024-07-18 09:00:00,North Macedonia,North Macedonia,MK,385.02,442.94,39.81,34.9,entsoe.eu,false,
2024-07-18 10:00:00,North Macedonia,North Macedonia,MK,394.4,454.3,37.54,32.42,entsoe.eu,false,
2024-07-18 11:00:00,North Macedonia,North Macedonia,MK,356.84,412.23,43.26,39.21,entsoe.eu,false,
2024-07-18 12:00:00,North Macedonia,North Macedonia,MK,341.29,397.04,45.16,42.46,entsoe.eu,false,
2024-07-18 13:00:00,North Macedonia,North Macedonia,MK,339.68,398.72,43.16,42.14,entsoe.eu,false,
2024-07-18 14:00:00,North Macedonia,North Macedonia,MK,323.64,381.54,44.83,44.83,entsoe.eu,false,
2024-07-18 15:00:00,North Macedonia,North Macedonia,MK,355.52,417.57,40.05,40.05,entsoe.eu,false,
2024-07-18 16:00:00,North Macedonia,North Macedonia,MK,372.64,436.62,37.2,37.2,entsoe.eu,false,
2024-07-18 17:00:00,North Macedonia,North Macedonia,MK,376.4,439.32,37.66,37.66,entsoe.eu,false,
2024-07-18 18:00:00,North Macedonia,North Macedonia,MK,377.07,441.12,36.84,36.84,entsoe.eu,false,
2024-07-18 19:00:00,North Macedonia,North Macedonia,MK,384.01,450.41,33.8,33.8,entsoe.eu,false,
2024-07-18 20:00:00,North Macedonia,North Macedonia,MK,383.24,449.91,34.34,34.34,entsoe.eu,false,
2024-07-18 21:00:00,North Macedonia,North Macedonia,MK,410.22,479.03,30.76,30.76,entsoe.eu,false,
2024-07-18 22:00:00,North Macedonia,North Macedonia,MK,451.35,521.84,24.54,22.48,entsoe.eu,false,
2024-07-18 23:00:00,North Macedonia,North Macedonia,MK,475.2,547.37,21.79,18.55,entsoe.eu,false,
2024-07-19 00:00:00,North Macedonia,North Macedonia,MK,436.02,481.96,39.86,31.07,entsoe.eu,false,
2024-07-19 01:00:00,North Macedonia,North Macedonia,MK,462.36,503.1,41.03,29.3,entsoe.eu,false,
2024-07-19 02:00:00,North Macedonia,North Macedonia,MK,444.83,484.32,43.38,32.72,entsoe.eu,false,
2024-07-19 03:00:00,North Macedonia,North Macedonia,MK,450.68,494.84,40.4,34.41,entsoe.eu,false,
2024-07-19 04:00:00,North Macedonia,North Macedonia,MK,384.5,434.32,44.45,42.85,entsoe.eu,false,
2024-07-19 05:00:00,North Macedonia,North Macedonia,MK,378.17,427.37,45.6,42.72,entsoe.eu,false,
2024-07-19 06:00:00,North Macedonia,North Macedonia,MK,405.69,464.22,37.72,33.42,entsoe.eu,false,
2024-07-19 07:00:00,North Macedonia,North Macedonia,MK,422.17,480.37,36.79,29.57,entsoe.eu,false,
2024-07-19 08:00:00,North Macedonia,North Macedonia,MK,405.64,462.33,39.15,31.96,entsoe.eu,false,
2024-07-19 09:00:00,North Macedonia,North Macedonia,MK,452.39,516.2,30.02,21.5,entsoe.eu,false,
2024-07-19 10:00:00,North Macedonia,North Macedonia,MK,466.39,531.99,27.12,18.08,entsoe.eu,false,
2024-07-19 11:00:00,North Macedonia,North Macedonia,MK,461.99,527.77,27.38,18.97,entsoe.eu,false,
2024-07-19 12:00:00,North Macedonia,North Macedonia,MK,417.14,476.25,35.44,26.39,entsoe.eu,false,
2024-07-19 13:00:00,North Macedonia,North Macedonia,MK,365.34,422.53,41.25,36.17,entsoe.eu,false,
2024-07-19 14:00:00,North Macedonia,North Macedonia,MK,331.41,387.64,44.37,42.06,entsoe.eu,false,
2024-07-19 15:00:00,North Macedonia,North Macedonia,MK,345.18,403.63,41.39,40.62,entsoe.eu,false,
2024-07-19 16:00:00,North Macedonia,North Macedonia,MK,374.87,439.44,35.71,35.71,entsoe.eu,false,
2024-07-19 17:00:00,North Macedonia,North Macedonia,MK,388.43,455.97,33.99,33.99,entsoe.eu,false,
2024-07-19 18:00:00,North Macedonia,North Macedonia,MK,393.53,460.99,33.63,33.63,entsoe.eu,false,
2024-07-19 19:00:00,North Macedonia,North Macedonia,MK,389.14,455.9,34.39,34.39,entsoe.eu,false,
2024-07-19 20:00:00,North Macedonia,North Macedonia,MK,392.47,458.57,33.88,33.88,entsoe.eu,false,
2024-07-19 21:00:00,North Macedonia,North Macedonia,MK,407.06,474.13,31.35,30.75,entsoe.eu,false,
2024-07-19 22:00:00,North Macedonia,North Macedonia,MK,432.24,501.18,27.04,26.19,entsoe.eu,false,
2024-07-19 23:00:00,North Macedonia,North Macedonia,MK,444.79,516.7,24.7,24.37,entsoe.eu,false,
2024-07-20 00:00:00,North Macedonia,North Macedonia,MK,461.16,534.85,22.75,22.19,entsoe.eu,false,
2024-07-20 01:00:00,North Macedonia,North Macedonia,MK,501.44,577.78,16.07,15.29,entsoe.eu,false,
2024-07-20 02:00:00,North Macedonia,North Macedonia,MK,515.34,591.58,14.2,12.23,entsoe.eu,false,
2024-07-20 03:00:00,North Macedonia,North Macedonia,MK,529.1,604.75,12.97,8.75,entsoe.eu,false,
2024-07-20 04:00:00,North Macedonia,North Macedonia,MK,550.0,624.88,11.95,5.75,entsoe.eu,false,
2024-07-20 05:00:00,North Macedonia,North Macedonia,MK,535.37,608.18,15.22,7.43,entsoe.eu,false,
2024-07-20 06:00:00,North Macedonia,North Macedonia,MK,493.17,561.68,22.62,12.6,entsoe.eu,false,
2024-07-20 07:00:00,North Macedonia,North Macedonia,MK,489.47,555.64,24.37,14.93,entsoe.eu,false,
2024-07-20 08:00:00,North Macedonia,North Macedonia,MK,476.82,541.17,26.59,17.73,entsoe.eu,false,
2024-07-20 09:00:00,North Macedonia,North Macedonia,MK,470.85,535.07,27.38,18.02,entsoe.eu,false,
2024-07-20 10:00:00,North Macedonia,North Macedonia,MK,459.98,523.24,29.29,18.9,entsoe.eu,false,
2024-07-20 11:00:00,North Macedonia,North Macedonia,MK,429.03,488.97,34.32,23.32,entsoe.eu,false,
2024-07-20 12:00:00,North Macedonia,North Macedonia,MK,436.56,499.56,31.06,22.97,entsoe.eu,false,
2024-07-20 13:00:00,North Macedonia,North Macedonia,MK,413.36,474.58,33.85,27.59,entsoe.eu,false,
2024-07-20 14:00:00,North Macedonia,North Macedonia,MK,386.45,446.23,37.38,32.37,entsoe.eu,false,
2024-07-20 15:00:00,North Macedonia,North Macedonia,MK,364.14,421.96,39.63,37.48,entsoe.eu,false,
2024-07-20 16:00:00,North Macedonia,North Macedonia,MK,387.99,448.17,34.43,34.19,entsoe.eu,false,
2024-07-20 17:00:00,North Macedonia,North Macedonia,MK,399.0,459.57,33.17,33.16,entsoe.eu,false,
2024-07-20 18:00:00,North Macedonia,North Macedonia,MK,387.47,446.26,35.31,35.29,entsoe.eu,false,
2024-07-20 19:00:00,North Macedonia,North Macedonia,MK,388.12,446.64,35.52,35.08,entsoe.eu,false,
2024-07-20 20:00:00,North Macedonia,North Macedonia,MK,387.54,446.4,35.62,33.87,entsoe.eu,false,
2024-07-20 21:00:00,North Macedonia,North Macedonia,MK,411.11,473.61,31.19,29.6,entsoe.eu,false,
2024-07-20 22:00:00,North Macedonia,North Macedonia,MK,464.2,532.39,22.57,22.04,entsoe.eu,false,
2024-07-20 23:00:00,North Macedonia,North Macedonia,MK,479.43,552.34,18.23,18.18,entsoe.eu,false,
2024-07-21 00:00:00,North Macedonia,North Macedonia,MK,542.89,618.48,11.06,9.51,entsoe.eu,false,
2024-07-21 01:00:00,North Macedonia,North Macedonia,MK,552.88,628.34,10.32,8.25,entsoe.eu,false,
2024-07-21 02:00:00,North Macedonia,North Macedonia,MK,554.4,629.02,10.94,7.67,entsoe.eu,false,
2024-07-21 03:00:00,North Macedonia,North Macedonia,MK,558.56,630.2,12.77,7.03,entsoe.eu,false,
2024-07-21 04:00:00,North Macedonia,North Macedonia,MK,563.07,629.68,15.92,8.05,entsoe.eu,false,
2024-07-21 05:00:00,North Macedonia,North Macedonia,MK,531.73,598.78,19.05,10.08,entsoe.eu,false,
2024-07-21 06:00:00,North Macedonia,North Macedonia,MK,503.66,566.65,24.19,15.82,entsoe.eu,false,
2024-07-21 07:00:00,North Macedonia,North Macedonia,MK,490.98,553.2,26.23,16.71,entsoe.eu,false,
2024-07-21 08:00:00,North Macedonia,North Macedonia,MK,492.07,556.53,24.91,15.67,entsoe.eu,false,
2024-07-21 09:00:00,North Macedonia,North Macedonia,MK,483.32,547.75,25.54,16.7,entsoe.eu,false,
2024-07-21 10:00:00,North Macedonia,North Macedonia,MK,463.3,525.46,28.81,20.04,entsoe.eu,false,
2024-07-21 11:00:00,North Macedonia,North Macedonia,MK,462.7,524.15,28.92,20.9,entsoe.eu,false,
2024-07-21 12:00:00,North Macedonia,North Macedonia,MK,445.05,504.35,31.64,24.07,entsoe.eu,false,
2024-07-21 13:00:00,North Macedonia,North Macedonia,MK,436.7,493.97,33.65,25.95,entsoe.eu,false,
2024-07-21 14:00:00,North Macedonia,North Macedonia,MK,437.05,496.39,32.19,25.1,entsoe.eu,false,
2024-07-21 15:00:00,North Macedonia,North Macedonia,MK,394.46,450.06,37.87,32.47,entsoe.eu,false,
2024-07-21 16:00:00,North Macedonia,North Macedonia,MK,393.09,448.2,37.69,34.74,entsoe.eu,false,
2024-07-21 17:00:00,North Macedonia,North Macedonia,MK,389.31,445.37,37.17,35.48,entsoe.eu,false,
2024-07-21 18:00:00,North Macedonia,North Macedonia,MK,392.66,448.37,37.14,35.08,entsoe.eu,false,
2024-07-21 19:00:00,North Macedonia,North Macedonia,MK,396.5,452.74,36.48,34.35,entsoe.eu,false,
2024-07-21 20:00:00,North Macedonia,North Macedonia,MK,408.05,464.63,35.56,31.41,entsoe.eu,false,
2024-07-21 21:00:00,North Macedonia,North Macedonia,MK,445.92,504.84,30.6,26.47,entsoe.eu,false,
2024-07-21 22:00:00,North Macedonia,North Macedonia,MK,476.54,537.95,26.35,21.51,entsoe.eu,false,
2024-07-21 23:00:00,North Macedonia,North Macedonia,MK,526.26,590.52,20.28,14.88,entsoe.eu,false,
2024-07-22 00:00:00,North Macedonia,North Macedonia,MK,565.73,633.18,14.89,8.64,entsoe.eu,false,
2024-07-22 01:00:00,North Macedonia,North Macedonia,MK,591.55,661.28,11.28,4.99,entsoe.eu,false,
2024-07-22 02:00:00,North Macedonia,North Macedonia,MK,572.21,643.97,11.27,7.38,entsoe.eu,false,
2024-07-22 03:00:00,North Macedonia,North Macedonia,MK,583.86,660.11,6.72,5.93,entsoe.eu,false,
2024-07-22 04:00:00,North Macedonia,North Macedonia,MK,511.07,585.47,14.4,14.38,entsoe.eu,false,
2024-07-22 05:00:00,North Macedonia,North Macedonia,MK,477.78,553.57,17.84,17.84,entsoe.eu,false,
2024-07-22 06:00:00,North Macedonia,North Macedonia,MK,477.16,545.75,23.12,17.45,entsoe.eu,false,
2024-07-22 07:00:00,North Macedonia,North Macedonia,MK,441.12,505.19,30.7,23.89,entsoe.eu,false,
2024-07-22 08:00:00,North Macedonia,North Macedonia,MK,428.72,490.04,34.11,26.82,entsoe.eu,false,
2024-07-22 09:00:00,North Macedonia,North Macedonia,MK,424.11,483.25,35.42,27.95,entsoe.eu,false,
2024-07-22 10:00:00,North Macedonia,North Macedonia,MK,418.81,478.91,34.74,28.93,entsoe.eu,false,
2024-07-22 11:00:00,North Macedonia,North Macedonia,MK,405.53,464.52,36.51,31.22,entsoe.eu,false,
2024-07-22 12:00:00,North Macedonia,North Macedonia,MK,383.74,443.1,38.45,34.93,entsoe.eu,false,
2024-07-22 13:00:00,North Macedonia,North Macedonia,MK,377.62,437.77,37.94,35.92,entsoe.eu,false,
2024-07-22 14:00:00,North Macedonia,North Macedonia,MK,368.84,431.36,37.35,37.09,entsoe.eu,false,
2024-07-22 15:00:00,North Macedonia,North Macedonia,MK,378.07,440.62,35.36,35.36,entsoe.eu,false,
2024-07-22 16:00:00,North Macedonia,North Macedonia,MK,401.98,465.19,32.62,32.61,entsoe.eu,false,
2024-07-22 17:00:00,North Macedonia,North Macedonia,MK,414.17,472.85,32.83,32.79,entsoe.eu,false,
2024-07-22 18:00:00,North Macedonia,North Macedonia,MK,414.08,473.02,32.72,32.67,entsoe.eu,false,
2024-07-22 19:00:00,North Macedonia,North Macedonia,MK,420.29,479.64,31.96,31.9,entsoe.eu,false,
2024-07-22 20:00:00,North Macedonia,North Macedonia,MK,420.84,478.64,33.2,31.99,entsoe.eu,false,
2024-07-22 21:00:00,North Macedonia,North Macedonia,MK,452.08,510.45,30.58,26.85,entsoe.eu,false,
2024-07-22 22:00:00,North Macedonia,North Macedonia,MK,473.65,535.37,26.85,21.65,entsoe.eu,false,
2024-07-22 23:00:00,North Macedonia,North Macedonia,MK,547.87,612.96,18.33,11.84,entsoe.eu,false,
2024-07-23 00:00:00,North Macedonia,North Macedonia,MK,585.44,654.52,12.33,5.84,entsoe.eu,false,
2024-07-23 01:00:00,North Macedonia,North Macedonia,MK,569.97,638.01,14.11,8.22,entsoe.eu,false,
2024-07-23 02:00:00,North Macedonia,North Macedonia,MK,555.66,623.69,15.38,10.0,entsoe.eu,false,
2024-07-23 03:00:00,North Macedonia,North Macedonia,MK,543.39,611.98,15.59,12.71,entsoe.eu,false,
2024-07-23 04:00:00,North Macedonia,North Macedonia,MK,511.25,583.31,15.97,15.22,entsoe.eu,false,
2024-07-23 05:00:00,North Macedonia,North Macedonia,MK,467.96,540.28,20.95,19.76,entsoe.eu,false,
2024-07-23 06:00:00,North Macedonia,North Macedonia,MK,451.49,519.27,25.13,21.12,entsoe.eu,false,
2024-07-23 07:00:00,North Macedonia,North Macedonia,MK,458.55,524.55,26.14,20.62,entsoe.eu,false,
2024-07-23 08:00:00,North Macedonia,North Macedonia,MK,475.06,541.81,24.7,17.99,entsoe.eu,false,
2024-07-23 09:00:00,North Macedonia,North Macedonia,MK,479.0,546.75,23.57,17.53,entsoe.eu,false,
2024-07-23 10:00:00,North Macedonia,North Macedonia,MK,484.42,554.02,21.61,16.0,entsoe.eu,false,
2024-07-23 11:00:00,North Macedonia,North Macedonia,MK,437.02,500.31,29.65,24.43,entsoe.eu,false,
2024-07-23 12:00:00,North Macedonia,North Macedonia,MK,388.19,446.59,36.92,34.14,entsoe.eu,false,
2024-07-23 13:00:00,North Macedonia,North Macedonia,MK,363.6,419.78,40.45,38.87,entsoe.eu,false,
2024-07-23 14:00:00,North Macedonia,North Macedonia,MK,362.71,420.28,39.87,38.62,entsoe.eu,false,
2024-07-23 15:00:00,North Macedonia,North Macedonia,MK,354.07,411.26,39.26,39.26,entsoe.eu,false,
2024-07-23 16:00:00,North Macedonia,North Macedonia,MK,380.6,437.47,37.14,37.12,entsoe.eu,false,
2024-07-23 17:00:00,North Macedonia,North Macedonia,MK,385.5,441.56,37.22,37.18,entsoe.eu,false,
2024-07-23 18:00:00,North Macedonia,North Macedonia,MK,378.41,434.83,37.59,37.56,entsoe.eu,false,
2024-07-23 19:00:00,North Macedonia,North Macedonia,MK,384.47,442.29,36.18,36.16,entsoe.eu,false,
2024-07-23 20:00:00,North Macedonia,North Macedonia,MK,381.95,441.27,35.8,35.79,entsoe.eu,false,
2024-07-23 21:00:00,North Macedonia,North Macedonia,MK,416.47,476.24,32.28,31.24,entsoe.eu,false,
2024-07-23 22:00:00,North Macedonia,North Macedonia,MK,455.24,520.21,25.99,22.7,entsoe.eu,false,
2024-07-23 23:00:00,North Macedonia,North Macedonia,MK,519.28,586.03,19.67,13.43,entsoe.eu,false,
2024-07-24 00:00:00,North Macedonia,North Macedonia,MK,566.01,637.04,12.66,6.58,entsoe.eu,false,
2024-07-24 01:00:00,North Macedonia,North Macedonia,MK,564.62,634.84,13.45,6.68,entsoe.eu,false,
2024-07-24 02:00:00,North Macedonia,North Macedonia,MK,559.16,631.11,12.59,7.22,entsoe.eu,false,
2024-07-24 03:00:00,North Macedonia,North Macedonia,MK,522.78,594.95,15.1,13.02,entsoe.eu,false,
2024-07-24 04:00:00,North Macedonia,North Macedonia,MK,505.09,582.48,13.68,13.68,entsoe.eu,false,
2024-07-24 05:00:00,North Macedonia,North Macedonia,MK,486.1,561.29,17.6,16.36,entsoe.eu,false,
2024-07-24 06:00:00,North Macedonia,North Macedonia,MK,445.9,512.74,27.37,21.6,entsoe.eu,false,
2024-07-24 07:00:00,North Macedonia,North Macedonia,MK,403.8,463.94,36.58,29.64,entsoe.eu,false,
2024-07-24 08:00:00,North Macedonia,North Macedonia,MK,389.84,446.98,39.64,32.81,entsoe.eu,false,
2024-07-24 09:00:00,North Macedonia,North Macedonia,MK,398.18,456.15,38.57,30.79,entsoe.eu,false,
2024-07-24 10:00:00,North Macedonia,North Macedonia,MK,372.76,428.53,42.01,35.92,entsoe.eu,false,
2024-07-24 11:00:00,North Macedonia,North Macedonia,MK,364.16,419.99,42.6,36.82,entsoe.eu,false,
2024-07-24 12:00:00,North Macedonia,North Macedonia,MK,358.85,415.93,41.93,38.19,entsoe.eu,false,
2024-07-24 13:00:00,North Macedonia,North Macedonia,MK,361.72,419.27,41.36,37.89,entsoe.eu,false,
2024-07-24 14:00:00,North Macedonia,North Macedonia,MK,346.88,406.0,41.27,39.75,entsoe.eu,false,
2024-07-24 15:00:00,North Macedonia,North Macedonia,MK,318.84,383.28,41.24,41.24,entsoe.eu,false,
2024-07-24 16:00:00,North Macedonia,North Macedonia,MK,325.15,387.85,41.76,41.75,entsoe.eu,false,
2024-07-24 17:00:00,North Macedonia,North Macedonia,MK,331.27,388.7,41.36,41.35,entsoe.eu,false,
2024-07-24 18:00:00,North Macedonia,North Macedonia,MK,347.49,406.96,38.63,38.63,entsoe.eu,false,
2024-07-24 19:00:00,North Macedonia,North Macedonia,MK,339.83,397.91,40.23,40.21,entsoe.eu,false,
2024-07-24 20:00:00,North Macedonia,North Macedonia,MK,365.19,422.5,38.35,38.05,entsoe.eu,false,
2024-07-24 21:00:00,North Macedonia,North Macedonia,MK,423.54,483.25,32.21,28.95,entsoe.eu,false,
2024-07-24 22:00:00,North Macedonia,North Macedonia,MK,465.79,535.57,21.92,19.76,entsoe.eu,false,
2024-07-24 23:00:00,North Macedonia,North Macedonia,MK,530.37,600.99,15.97,11.78,entsoe.eu,false,
2024-07-25 00:00:00,North Macedonia,North Macedonia,MK,550.15,625.34,11.63,6.46,entsoe.eu,false,
2024-07-25 01:00:00,North Macedonia,North Macedonia,MK,556.82,630.36,12.0,6.69,entsoe.eu,false,
2024-07-25 02:00:00,North Macedonia,North Macedonia,MK,550.21,623.35,12.91,7.14,entsoe.eu,false,
2024-07-25 03:00:00,North Macedonia,North Macedonia,MK,508.62,582.99,15.23,12.94,entsoe.eu,false,
2024-07-25 04:00:00,North Macedonia,North Macedonia,MK,493.84,570.88,15.11,15.11,entsoe.eu,false,
2024-07-25 05:00:00,North Macedonia,North Macedonia,MK,458.22,532.08,21.24,21.24,entsoe.eu,false,
2024-07-25 06:00:00,North Macedonia,North Macedonia,MK,430.96,496.85,28.9,26.12,entsoe.eu,false,
2024-07-25 07:00:00,North Macedonia,North Macedonia,MK,435.0,497.72,29.86,26.02,entsoe.eu,false,
2024-07-25 08:00:00,North Macedonia,North Macedonia,MK,454.96,518.63,27.75,22.18,entsoe.eu,false,
2024-07-25 09:00:00,North Macedonia,North Macedonia,MK,438.24,499.6,31.72,22.89,entsoe.eu,false,
2024-07-25 10:00:00,North Macedonia,North Macedonia,MK,341.97,396.66,44.82,35.68,entsoe.eu,false,
2024-07-25 11:00:00,North Macedonia,North Macedonia,MK,337.81,392.38,45.43,35.85,entsoe.eu,false,
2024-07-25 12:00:00,North Macedonia,North Macedonia,MK,336.18,391.11,44.87,36.27,entsoe.eu,false,
2024-07-25 13:00:00,North Macedonia,North Macedonia,MK,320.47,373.85,46.94,39.38,entsoe.eu,false,
2024-07-25 14:00:00,North Macedonia,North Macedonia,MK,307.66,360.46,48.89,39.91,entsoe.eu,false,
2024-07-25 15:00:00,North Macedonia,North Macedonia,MK,297.95,354.5,46.06,41.78,entsoe.eu,false,
2024-07-25 16:00:00,North Macedonia,North Macedonia,MK,304.78,362.4,44.09,42.42,entsoe.eu,false,
2024-07-25 17:00:00,North Macedonia,North Macedonia,MK,327.04,382.84,43.38,40.58,entsoe.eu,false,
2024-07-25 18:00:00,North Macedonia,North Macedonia,MK,316.42,372.34,44.32,41.42,entsoe.eu,false,
2024-07-25 19:00:00,North Macedonia,North Macedonia,MK,306.63,363.78,44.39,41.77,entsoe.eu,false,
2024-07-25 20:00:00,North Macedonia,North Macedonia,MK,313.75,371.14,43.78,40.47,entsoe.eu,false,
2024-07-25 21:00:00,North Macedonia,North Macedonia,MK,336.73,393.58,42.67,35.66,entsoe.eu,false,
2024-07-25 22:00:00,North Macedonia,North Macedonia,MK,387.96,443.26,39.32,28.98,entsoe.eu,false,
2024-07-25 23:00:00,North Macedonia,North Macedonia,MK,415.34,472.12,35.58,24.13,entsoe.eu,false,
2024-07-26 00:00:00,North Macedonia,North Macedonia,MK,437.66,497.72,31.64,19.41,entsoe.eu,false,
2024-07-26 01:00:00,North Macedonia,North Macedonia,MK,442.59,503.27,30.84,18.61,entsoe.eu,false,
2024-07-26 02:00:00,North Macedonia,North Macedonia,MK,442.53,503.54,30.67,18.51,entsoe.eu,false,
2024-07-26 03:00:00,North Macedonia,North Macedonia,MK,422.37,481.88,33.24,22.53,entsoe.eu,false,
2024-07-26 04:00:00,North Macedonia,North Macedonia,MK,351.51,413.66,38.23,28.42,entsoe.eu,false,
2024-07-26 05:00:00,North Macedonia,North Macedonia,MK,321.05,378.84,44.56,31.78,entsoe.eu,false,
2024-07-26 06:00:00,North Macedonia,North Macedonia,MK,318.44,371.58,48.32,33.65,entsoe.eu,false,
2024-07-26 07:00:00,North Macedonia,North Macedonia,MK,317.09,367.72,50.55,35.15,entsoe.eu,false,
2024-07-26 08:00:00,North Macedonia,North Macedonia,MK,292.85,339.41,55.04,41.31,entsoe.eu,false,
2024-07-26 09:00:00,North Macedonia,North Macedonia,MK,300.66,348.6,53.89,39.0,entsoe.eu,false,
2024-07-26 10:00:00,North Macedonia,North Macedonia,MK,290.9,337.85,55.16,41.27,entsoe.eu,false,
2024-07-26 11:00:00,North Macedonia,North Macedonia,MK,291.23,339.11,54.3,41.03,entsoe.eu,false,
2024-07-26 12:00:00,North Macedonia,North Macedonia,MK,291.26,338.8,54.24,41.11,entsoe.eu,false,
2024-07-26 13:00:00,North Macedonia,North Macedonia,MK,303.07,352.99,51.01,40.56,entsoe.eu,false,
2024-07-26 14:00:00,North Macedonia,North Macedonia,MK,298.44,348.83,51.08,40.51,entsoe.eu,false,
2024-07-26 15:00:00,North Macedonia,North Macedonia,MK,323.47,375.56,47.12,38.12,entsoe.eu,false,
2024-07-26 16:00:00,North Macedonia,North Macedonia,MK,362.07,415.09,42.45,36.13,entsoe.eu,false,
2024-07-26 17:00:00,North Macedonia,North Macedonia,MK,366.62,420.21,41.47,36.12,entsoe.eu,false,
2024-07-26 18:00:00,North Macedonia,North Macedonia,MK,362.53,417.77,40.56,36.37,entsoe.eu,false,
2024-07-26 19:00:00,North Macedonia,North Macedonia,MK,363.68,419.18,40.07,36.19,entsoe.eu,false,
2024-07-26 20:00:00,North Macedonia,North Macedonia,MK,371.12,426.68,39.57,33.7,entsoe.eu,false,
2024-07-26 21:00:00,North Macedonia,North Macedonia,MK,357.59,412.1,41.75,32.73,entsoe.eu,false,
2024-07-26 22:00:00,North Macedonia,North Macedonia,MK,376.42,417.48,48.93,33.94,entsoe.eu,false,
2024-07-26 23:00:00,North Macedonia,North Macedonia,MK,427.9,467.2,45.66,28.24,entsoe.eu,false,
2024-07-27 00:00:00,North Macedonia,North Macedonia,MK,452.61,493.6,42.41,25.39,entsoe.eu,false,
2024-07-27 01:00:00,North Macedonia,North Macedonia,MK,470.77,513.06,39.9,22.4,entsoe.eu,false,
2024-07-27 02:00:00,North Macedonia,North Macedonia,MK,460.96,502.7,41.33,22.62,entsoe.eu,false,
2024-07-27 03:00:00,North Macedonia,North Macedonia,MK,451.53,492.69,42.57,23.29,entsoe.eu,false,
2024-07-27 04:00:00,North Macedonia,North Macedonia,MK,429.5,469.49,45.53,25.91,entsoe.eu,false,
2024-07-27 05:00:00,North Macedonia,North Macedonia,MK,343.31,378.65,57.12,36.06,entsoe.eu,false,
2024-07-27 06:00:00,North Macedonia,North Macedonia,MK,289.32,322.91,64.36,41.52,entsoe.eu,false,
2024-07-27 07:00:00,North Macedonia,North Macedonia,MK,282.07,315.64,64.78,45.73,entsoe.eu,false,
2024-07-27 08:00:00,North Macedonia,North Macedonia,MK,296.43,331.44,62.92,43.62,entsoe.eu,false,
2024-07-27 09:00:00,North Macedonia,North Macedonia,MK,310.74,346.73,61.05,41.71,entsoe.eu,false,
2024-07-27 10:00:00,North Macedonia,North Macedonia,MK,289.13,323.66,63.79,45.74,entsoe.eu,false,
2024-07-27 11:00:00,North Macedonia,North Macedonia,MK,274.34,307.32,65.48,49.56,entsoe.eu,false,
2024-07-27 12:00:00,North Macedonia,North Macedonia,MK,285.36,318.65,63.88,48.88,entsoe.eu,false,
2024-07-27 13:00:00,North Macedonia,North Macedonia,MK,301.67,335.78,62.01,45.48,entsoe.eu,false,
2024-07-27 14:00:00,North Macedonia,North Macedonia,MK,311.63,345.62,60.89,44.17,entsoe.eu,false,
2024-07-27 15:00:00,North Macedonia,North Macedonia,MK,348.8,384.61,54.96,43.77,entsoe.eu,false,
2024-07-27 16:00:00,North Macedonia,North Macedonia,MK,370.62,406.62,52.19,42.72,entsoe.eu,false,
2024-07-27 17:00:00,North Macedonia,North Macedonia,MK,396.88,433.43,49.11,40.79,entsoe.eu,false,
2024-07-27 18:00:00,North Macedonia,North Macedonia,MK,418.62,456.44,46.21,38.36,entsoe.eu,false,
2024-07-27 19:00:00,North Macedonia,North Macedonia,MK,423.14,461.48,45.25,38.79,entsoe.eu,false,
2024-07-27 20:00:00,North Macedonia,North Macedonia,MK,413.14,458.53,42.69,36.39,entsoe.eu,false,
2024-07-27 21:00:00,North Macedonia,North Macedonia,MK,475.61,517.42,38.67,28.28,entsoe.eu,false,
2024-07-27 22:00:00,North Macedonia,North Macedonia,MK,506.49,550.37,34.68,22.69,entsoe.eu,false,
2024-07-27 23:00:00,North Macedonia,North Macedonia,MK,565.37,613.15,27.0,13.5,entsoe.eu,false,
2024-07-28 00:00:00,North Macedonia,North Macedonia,MK,602.27,652.57,22.34,7.13,entsoe.eu,false,
2024-07-28 01:00:00,North Macedonia,North Macedonia,MK,638.07,690.67,17.36,4.13,entsoe.eu,false,
2024-07-28 02:00:00,North Macedonia,North Macedonia,MK,638.49,691.06,17.41,3.58,entsoe.eu,false,
2024-07-28 03:00:00,North Macedonia,North Macedonia,MK,615.78,667.0,20.46,5.83,entsoe.eu,false,
2024-07-28 04:00:00,North Macedonia,North Macedonia,MK,572.53,621.12,26.32,11.92,entsoe.eu,false,
2024-07-28 05:00:00,North Macedonia,North Macedonia,MK,516.2,562.12,34.19,16.81,entsoe.eu,false,
2024-07-28 06:00:00,North Macedonia,North Macedonia,MK,463.54,507.14,41.26,22.47,entsoe.eu,false,
2024-07-28 07:00:00,North Macedonia,North Macedonia,MK,499.9,545.78,36.03,20.06,entsoe.eu,false,
2024-07-28 08:00:00,North Macedonia,North Macedonia,MK,506.05,552.39,35.02,18.68,entsoe.eu,false,
2024-07-28 09:00:00,North Macedonia,North Macedonia,MK,497.58,543.45,35.92,19.43,entsoe.eu,false,
2024-07-28 10:00:00,North Macedonia,North Macedonia,MK,487.11,532.25,37.31,21.47,entsoe.eu,false,
2024-07-28 11:00:00,North Macedonia,North Macedonia,MK,496.62,542.19,36.09,20.99,entsoe.eu,false,
2024-07-28 12:00:00,North Macedonia,North Macedonia,MK,494.49,539.83,36.5,21.48,entsoe.eu,false,
2024-07-28 13:00:00,North Macedonia,North Macedonia,MK,332.25,368.06,58.4,40.78,entsoe.eu,false,
2024-07-28 14:00:00,North Macedonia,North Macedonia,MK,309.07,342.7,61.52,46.5,entsoe.eu,false,
2024-07-28 15:00:00,North Macedonia,North Macedonia,MK,287.88,318.49,64.92,51.75,entsoe.eu,false,
2024-07-28 16:00:00,North Macedonia,North Macedonia,MK,266.67,315.42,55.71,50.19,entsoe.eu,false,
2024-07-28 17:00:00,North Macedonia,North Macedonia,MK,318.57,373.77,45.0,38.73,entsoe.eu,false,
2024-07-28 18:00:00,North Macedonia,North Macedonia,MK,332.47,386.96,44.48,36.65,entsoe.eu,false,
2024-07-28 19:00:00,North Macedonia,North Macedonia,MK,345.0,399.95,43.13,34.98,entsoe.eu,false,
2024-07-28 20:00:00,North Macedonia,North Macedonia,MK,328.12,385.04,43.52,34.91,entsoe.eu,false,
2024-07-28 21:00:00,North Macedonia,North Macedonia,MK,339.99,395.44,43.68,32.62,entsoe.eu,false,
2024-07-28 22:00:00,North Macedonia,North Macedonia,MK,382.5,438.09,39.99,26.81,entsoe.eu,false,
2024-07-28 23:00:00,North Macedonia,North Macedonia,MK,411.06,469.14,35.98,21.8,entsoe.eu,false,
2024-07-29 00:00:00,North Macedonia,North Macedonia,MK,430.12,490.51,32.71,19.33,entsoe.eu,false,
2024-07-29 01:00:00,North Macedonia,North Macedonia,MK,439.87,501.12,31.15,18.35,entsoe.eu,false,
2024-07-29 02:00:00,North Macedonia,North Macedonia,MK,446.1,508.4,29.72,18.14,entsoe.eu,false,
2024-07-29 03:00:00,North Macedonia,North Macedonia,MK,415.65,476.36,33.09,24.02,entsoe.eu,false,
2024-07-29 04:00:00,North Macedonia,North Macedonia,MK,353.98,416.25,37.99,28.89,entsoe.eu,false,
2024-07-29 05:00:00,North Macedonia,North Macedonia,MK,331.88,388.91,44.17,32.74,entsoe.eu,false,
2024-07-29 06:00:00,North Macedonia,North Macedonia,MK,322.77,375.84,48.36,34.5,entsoe.eu,false,
2024-07-29 07:00:00,North Macedonia,North Macedonia,MK,306.84,355.85,52.59,38.8,entsoe.eu,false,
2024-07-29 08:00:00,North Macedonia,North Macedonia,MK,300.59,348.36,54.16,40.1,entsoe.eu,false,
2024-07-29 09:00:00,North Macedonia,North Macedonia,MK,299.23,346.88,54.3,40.61,entsoe.eu,false,
2024-07-29 10:00:00,North Macedonia,North Macedonia,MK,305.1,354.41,52.68,39.23,entsoe.eu,false,
2024-07-29 11:00:00,North Macedonia,North Macedonia,MK,285.9,332.66,55.6,43.29,entsoe.eu,false,
2024-07-29 12:00:00,North Macedonia,North Macedonia,MK,285.95,333.06,55.19,42.92,entsoe.eu,false,
2024-07-29 13:00:00,North Macedonia,North Macedonia,MK,300.64,350.47,51.4,41.7,entsoe.eu,false,
2024-07-29 14:00:00,North Macedonia,North Macedonia,MK,310.41,362.74,48.23,41.07,entsoe.eu,false,
2024-07-29 15:00:00,North Macedonia,North Macedonia,MK,311.74,366.98,45.68,40.55,entsoe.eu,false,
2024-07-29 16:00:00,North Macedonia,North Macedonia,MK,322.99,381.48,41.81,40.18,entsoe.eu,false,
2024-07-29 17:00:00,North Macedonia,North Macedonia,MK,308.22,369.7,41.65,41.43,entsoe.eu,false,
2024-07-29 18:00:00,North Macedonia,North Macedonia,MK,316.49,375.92,41.86,41.12,entsoe.eu,false,
2024-07-29 19:00:00,North Macedonia,North Macedonia,MK,322.68,381.01,41.72,41.01,entsoe.eu,false,
2024-07-29 20:00:00,North Macedonia,North Macedonia,MK,338.03,395.45,41.25,38.29,entsoe.eu,false,
2024-07-29 21:00:00,North Macedonia,North Macedonia,MK,361.43,416.85,41.0,34.05,entsoe.eu,false,
2024-07-29 22:00:00,North Macedonia,North Macedonia,MK,356.38,410.7,42.97,31.72,entsoe.eu,false,
2024-07-29 23:00:00,North Macedonia,North Macedonia,MK,404.65,460.61,37.62,25.38,entsoe.eu,false,
2024-07-30 00:00:00,North Macedonia,North Macedonia,MK,433.84,493.66,32.84,19.61,entsoe.eu,false,
2024-07-30 01:00:00,North Macedonia,North Macedonia,MK,442.91,504.55,30.69,17.53,entsoe.eu,false,
2024-07-30 02:00:00,North Macedonia,North Macedonia,MK,447.0,508.68,30.27,17.33,entsoe.eu,false,
2024-07-30 03:00:00,North Macedonia,North Macedonia,MK,421.27,483.91,31.97,19.56,entsoe.eu,false,
2024-07-30 04:00:00,North Macedonia,North Macedonia,MK,364.57,426.41,37.38,28.45,entsoe.eu,false,
2024-07-30 05:00:00,North Macedonia,North Macedonia,MK,319.32,375.77,45.48,35.63,entsoe.eu,false,
2024-07-30 06:00:00,North Macedonia,North Macedonia,MK,305.99,357.37,50.57,37.1,entsoe.eu,false,
2024-07-30 07:00:00,North Macedonia,North Macedonia,MK,291.24,338.24,55.12,39.86,entsoe.eu,false,
2024-07-30 08:00:00,North Macedonia,North Macedonia,MK,288.14,335.26,55.17,41.41,entsoe.eu,false,
2024-07-30 09:00:00,North Macedonia,North Macedonia,MK,294.67,342.72,53.79,40.51,entsoe.eu,false,
2024-07-30 10:00:00,North Macedonia,North Macedonia,MK,335.53,388.74,47.19,32.42,entsoe.eu,false,
2024-07-30 11:00:00,North Macedonia,North Macedonia,MK,323.46,374.57,49.7,34.14,entsoe.eu,false,
2024-07-30 12:00:00,North Macedonia,North Macedonia,MK,307.6,357.28,51.72,36.98,entsoe.eu,false,
2024-07-30 13:00:00,North Macedonia,North Macedonia,MK,313.55,365.33,48.98,39.16,entsoe.eu,false,
2024-07-30 14:00:00,North Macedonia,North Macedonia,MK,349.57,406.19,40.57,39.35,entsoe.eu,false,
2024-07-30 15:00:00,North Macedonia,North Macedonia,MK,305.54,360.06,45.66,45.13,entsoe.eu,false,
2024-07-30 16:00:00,North Macedonia,North Macedonia,MK,355.75,408.62,42.8,37.41,entsoe.eu,false,
2024-07-30 17:00:00,North Macedonia,North Macedonia,MK,387.94,446.17,36.56,31.44,entsoe.eu,false,
2024-07-30 18:00:00,North Macedonia,North Macedonia,MK,398.56,458.52,34.42,30.05,entsoe.eu,false,
2024-07-30 19:00:00,North Macedonia,North Macedonia,MK,397.25,460.56,32.18,29.37,entsoe.eu,false,
2024-07-30 20:00:00,North Macedonia,North Macedonia,MK,448.47,515.92,25.31,21.04,entsoe.eu,false,
2024-07-30 21:00:00,North Macedonia,North Macedonia,MK,499.68,561.48,24.77,14.88,entsoe.eu,false,
2024-07-30 22:00:00,North Macedonia,North Macedonia,MK,498.85,558.99,25.78,14.67,entsoe.eu,false,
2024-07-30 23:00:00,North Macedonia,North Macedonia,MK,530.15,591.06,22.67,9.61,entsoe.eu,false,
2024-07-31 00:00:00,North Macedonia,North Macedonia,MK,543.89,605.99,20.67,7.41,entsoe.eu,false,
2024-07-31 01:00:00,North Macedonia,North Macedonia,MK,549.13,611.43,20.02,7.18,entsoe.eu,false,
2024-07-31 02:00:00,North Macedonia,North Macedonia,MK,558.73,622.39,18.17,6.01,entsoe.eu,false,
2024-07-31 03:00:00,North Macedonia,North Macedonia,MK,564.94,631.2,15.63,6.54,entsoe.eu,false,
2024-07-31 04:00:00,North Macedonia,North Macedonia,MK,541.13,612.33,14.72,7.9,entsoe.eu,false,
2024-07-31 05:00:00,North Macedonia,North Macedonia,MK,488.11,555.42,22.99,12.8,entsoe.eu,false,
2024-07-31 06:00:00,North Macedonia,North Macedonia,MK,451.59,512.89,30.81,19.08,entsoe.eu,false,
2024-07-31 07:00:00,North Macedonia,North Macedonia,MK,423.91,480.01,36.99,24.79,entsoe.eu,false,
2024-07-31 08:00:00,North Macedonia,North Macedonia,MK,415.17,473.11,36.95,22.73,entsoe.eu,false,
2024-07-31 09:00:00,North Macedonia,North Macedonia,MK,394.68,451.21,39.84,25.02,entsoe.eu,false,
2024-07-31 10:00:00,North Macedonia,North Macedonia,MK,374.15,427.47,43.5,29.46,entsoe.eu,false,
2024-07-31 11:00:00,North Macedonia,North Macedonia,MK,354.79,406.08,46.16,33.63,entsoe.eu,false,
2024-07-31 12:00:00,North Macedonia,North Macedonia,MK,363.92,417.72,43.4,32.01,entsoe.eu,false,
2024-07-31 13:00:00,North Macedonia,North Macedonia,MK,380.48,437.24,39.83,28.93,entsoe.eu,false,
2024-07-31 14:00:00,North Macedonia,North Macedonia,MK,381.9,438.19,39.82,28.76,entsoe.eu,false,
2024-07-31 15:00:00,North Macedonia,North Macedonia,MK,393.12,450.83,36.55,31.15,entsoe.eu,false,
2024-07-31 16:00:00,North Macedonia,North Macedonia,MK,414.84,478.13,29.98,29.97,entsoe.eu,false,
2024-07-31 17:00:00,North Macedonia,North Macedonia,MK,412.26,472.52,32.06,32.02,entsoe.eu,false,
2024-07-31 18:00:00,North Macedonia,North Macedonia,MK,392.63,454.65,33.03,33.02,entsoe.eu,false,
2024-07-31 19:00:00,North Macedonia,North Macedonia,MK,387.48,450.3,33.14,33.14,entsoe.eu,false,
2024-07-31 20:00:00,North Macedonia,North Macedonia,MK,426.83,487.72,30.75,28.19,entsoe.eu,false,
2024-07-31 21:00:00,North Macedonia,North Macedonia,MK,445.86,506.8,29.35,23.71,entsoe.eu,false,
2024-07-31 22:00:00,North Macedonia,North Macedonia,MK,488.65,550.83,25.38,14.97,entsoe.eu,false,
2024-07-31 23:00:00,North Macedonia,North Macedonia,MK,514.3,561.68,32.48,18.94,entsoe.eu,false,
2024-08-01 00:00:00,North Macedonia,North Macedonia,MK,520.24,575.09,27.03,15.35,entsoe.eu,false,
2024-08-01 01:00:00,North Macedonia,North Macedonia,MK,577.81,646.94,12.9,2.66,entsoe.eu,false,
2024-08-01 02:00:00,North Macedonia,North Macedonia,MK,580.8,653.68,9.95,1.87,entsoe.eu,false,
2024-08-01 03:00:00,North Macedonia,North Macedonia,MK,560.29,639.24,7.36,5.38,entsoe.eu,false,
2024-08-01 04:00:00,North Macedonia,North Macedonia,MK,502.24,579.39,13.66,12.93,entsoe.eu,false,
2024-08-01 05:00:00,North Macedonia,North Macedonia,MK,453.02,520.28,25.37,19.11,entsoe.eu,false,
2024-08-01 06:00:00,North Macedonia,North Macedonia,MK,416.16,477.48,34.1,21.23,entsoe.eu,false,
2024-08-01 07:00:00,North Macedonia,North Macedonia,MK,383.13,439.43,40.85,27.32,entsoe.eu,false,
2024-08-01 08:00:00,North Macedonia,North Macedonia,MK,387.65,443.79,41.02,26.41,entsoe.eu,false,
2024-08-01 09:00:00,North Macedonia,North Macedonia,MK,390.09,446.09,41.03,26.31,entsoe.eu,false,
2024-08-01 10:00:00,North Macedonia,North Macedonia,MK,390.28,447.21,40.28,26.2,entsoe.eu,false,
2024-08-01 11:00:00,North Macedonia,North Macedonia,MK,392.09,448.92,39.99,26.29,entsoe.eu,false,
2024-08-01 12:00:00,North Macedonia,North Macedonia,MK,408.91,467.17,37.42,24.04,entsoe.eu,false,
2024-08-01 13:00:00,North Macedonia,North Macedonia,MK,459.22,518.95,31.21,20.34,entsoe.eu,false,
2024-08-01 14:00:00,North Macedonia,North Macedonia,MK,450.62,507.51,32.6,26.16,entsoe.eu,false,
2024-08-01 15:00:00,North Macedonia,North Macedonia,MK,487.88,550.21,24.74,21.81,entsoe.eu,false,
2024-08-01 16:00:00,North Macedonia,North Macedonia,MK,523.84,591.17,17.53,17.48,entsoe.eu,false,
2024-08-01 17:00:00,North Macedonia,North Macedonia,MK,524.35,592.85,16.78,16.76,entsoe.eu,false,
2024-08-01 18:00:00,North Macedonia,North Macedonia,MK,521.19,589.56,17.16,17.14,entsoe.eu,false,
2024-08-01 19:00:00,North Macedonia,North Macedonia,MK,514.18,578.68,20.86,16.09,entsoe.eu,false,
2024-08-01 20:00:00,North Macedonia,North Macedonia,MK,519.99,584.7,20.3,14.38,entsoe.eu,false,
2024-08-01 21:00:00,North Macedonia,North Macedonia,MK,538.16,605.07,17.49,10.21,entsoe.eu,false,
2024-08-01 22:00:00,North Macedonia,North Macedonia,MK,552.01,617.62,17.52,6.9,entsoe.eu,false,
2024-08-01 23:00:00,North Macedonia,North Macedonia,MK,514.42,578.57,21.97,10.59,entsoe.eu,false,
2024-08-02 00:00:00,North Macedonia,North Macedonia,MK,552.73,620.34,16.11,5.91,entsoe.eu,false,
2024-08-02 01:00:00,North Macedonia,North Macedonia,MK,571.01,640.93,13.02,2.78,entsoe.eu,false,
2024-08-02 02:00:00,North Macedonia,North Macedonia,MK,580.46,654.08,9.58,1.84,entsoe.eu,false,
2024-08-02 03:00:00,North Macedonia,North Macedonia,MK,567.18,644.25,7.97,5.37,entsoe.eu,false,
2024-08-02 04:00:00,North Macedonia,North Macedonia,MK,481.9,553.4,19.42,15.63,entsoe.eu,false,
2024-08-02 05:00:00,North Macedonia,North Macedonia,MK,444.5,508.7,28.38,20.14,entsoe.eu,false,
2024-08-02 06:00:00,North Macedonia,North Macedonia,MK,406.23,464.71,36.27,25.47,entsoe.eu,false,
2024-08-02 07:00:00,North Macedonia,North Macedonia,MK,400.35,458.38,37.82,25.32,entsoe.eu,false,
2024-08-02 08:00:00,North Macedonia,North Macedonia,MK,401.67,459.44,38.27,24.66,entsoe.eu,false,
2024-08-02 09:00:00,North Macedonia,North Macedonia,MK,395.72,452.69,39.33,25.94,entsoe.eu,false,
2024-08-02 10:00:00,North Macedonia,North Macedonia,MK,397.43,455.09,38.55,25.59,entsoe.eu,false,
2024-08-02 11:00:00,North Macedonia,North Macedonia,MK,392.82,451.75,37.87,26.2,entsoe.eu,false,
2024-08-02 12:00:00,North Macedonia,North Macedonia,MK,386.69,445.05,38.54,27.58,entsoe.eu,false,
2024-08-02 13:00:00,North Macedonia,North Macedonia,MK,366.3,420.97,42.18,33.04,entsoe.eu,false,
2024-08-02 14:00:00,North Macedonia,North Macedonia,MK,381.39,437.8,39.24,31.91,entsoe.eu,false,
2024-08-02 15:00:00,North Macedonia,North Macedonia,MK,369.82,426.72,38.76,35.81,entsoe.eu,false,
2024-08-02 16:00:00,North Macedonia,North Macedonia,MK,393.67,452.59,34.69,34.36,entsoe.eu,false,
2024-08-02 17:00:00,North Macedonia,North Macedonia,MK,398.3,456.38,34.92,33.57,entsoe.eu,false,
2024-08-02 18:00:00,North Macedonia,North Macedonia,MK,399.42,457.21,35.12,33.16,entsoe.eu,false,
2024-08-02 19:00:00,North Macedonia,North Macedonia,MK,399.47,456.56,35.62,33.08,entsoe.eu,false,
2024-08-02 20:00:00,North Macedonia,North Macedonia,MK,404.16,463.0,34.14,30.97,entsoe.eu,false,
2024-08-02 21:00:00,North Macedonia,North Macedonia,MK,439.13,497.55,31.73,25.13,entsoe.eu,false,
2024-08-02 22:00:00,North Macedonia,North Macedonia,MK,465.48,525.43,28.83,18.82,entsoe.eu,false,
2024-08-02 23:00:00,North Macedonia,North Macedonia,MK,502.55,565.25,23.87,12.85,entsoe.eu,false,
2024-08-03 00:00:00,North Macedonia,North Macedonia,MK,536.23,602.14,18.69,7.95,entsoe.eu,false,
2024-08-03 01:00:00,North Macedonia,North Macedonia,MK,554.87,622.39,15.93,5.12,entsoe.eu,false,
2024-08-03 02:00:00,North Macedonia,North Macedonia,MK,534.16,600.46,18.54,8.07,entsoe.eu,false,
2024-08-03 03:00:00,North Macedonia,North Macedonia,MK,532.28,598.54,18.78,8.28,entsoe.eu,false,
2024-08-03 04:00:00,North Macedonia,North Macedonia,MK,530.0,597.11,18.53,7.97,entsoe.eu,false,
2024-08-03 05:00:00,North Macedonia,North Macedonia,MK,473.57,538.8,25.56,12.48,entsoe.eu,false,
2024-08-03 06:00:00,North Macedonia,North Macedonia,MK,424.66,485.29,33.64,19.76,entsoe.eu,false,
2024-08-03 07:00:00,North Macedonia,North Macedonia,MK,406.28,463.27,37.92,24.13,entsoe.eu,false,
2024-08-03 08:00:00,North Macedonia,North Macedonia,MK,387.13,442.4,40.62,28.08,entsoe.eu,false,
2024-08-03 09:00:00,North Macedonia,North Macedonia,MK,356.86,409.94,44.42,32.98,entsoe.eu,false,
2024-08-03 10:00:00,North Macedonia,North Macedonia,MK,362.38,417.38,42.79,30.51,entsoe.eu,false,
2024-08-03 11:00:00,North Macedonia,North Macedonia,MK,382.01,435.6,41.25,30.14,entsoe.eu,false,
2024-08-03 12:00:00,North Macedonia,North Macedonia,MK,399.08,454.41,38.19,28.47,entsoe.eu,false,
2024-08-03 13:00:00,North Macedonia,North Macedonia,MK,423.86,480.25,35.5,24.98,entsoe.eu,false,
2024-08-03 14:00:00,North Macedonia,North Macedonia,MK,385.3,438.69,40.72,30.73,entsoe.eu,false,
2024-08-03 15:00:00,North Macedonia,North Macedonia,MK,372.17,426.07,40.99,33.38,entsoe.eu,false,
2024-08-03 16:00:00,North Macedonia,North Macedonia,MK,398.38,452.22,38.22,32.02,entsoe.eu,false,
2024-08-03 17:00:00,North Macedonia,North Macedonia,MK,391.67,446.68,37.89,32.71,entsoe.eu,false,
2024-08-03 18:00:00,North Macedonia,North Macedonia,MK,424.36,481.14,33.83,28.31,entsoe.eu,false,
2024-08-03 19:00:00,North Macedonia,North Macedonia,MK,420.14,478.68,32.88,29.31,entsoe.eu,false,
2024-08-03 20:00:00,North Macedonia,North Macedonia,MK,425.21,483.32,32.78,28.2,entsoe.eu,false,
2024-08-03 21:00:00,North Macedonia,North Macedonia,MK,457.31,514.41,30.98,22.54,entsoe.eu,false,
2024-08-03 22:00:00,North Macedonia,North Macedonia,MK,467.85,525.43,30.25,18.27,entsoe.eu,false,
2024-08-03 23:00:00,North Macedonia,North Macedonia,MK,482.01,540.33,28.47,15.89,entsoe.eu,false,
2024-08-04 00:00:00,North Macedonia,North Macedonia,MK,508.22,570.17,24.03,10.62,entsoe.eu,false,
2024-08-04 01:00:00,North Macedonia,North Macedonia,MK,514.44,575.71,24.1,9.46,entsoe.eu,false,
2024-08-04 02:00:00,North Macedonia,North Macedonia,MK,509.29,570.04,24.87,9.77,entsoe.eu,false,
2024-08-04 03:00:00,North Macedonia,North Macedonia,MK,507.73,569.35,24.15,10.87,entsoe.eu,false,
2024-08-04 04:00:00,North Macedonia,North Macedonia,MK,501.63,563.67,24.51,11.75,entsoe.eu,false,
2024-08-04 05:00:00,North Macedonia,North Macedonia,MK,415.51,472.8,35.85,22.14,entsoe.eu,false,
2024-08-04 06:00:00,North Macedonia,North Macedonia,MK,371.71,425.92,42.28,28.28,entsoe.eu,false,
2024-08-04 07:00:00,North Macedonia,North Macedonia,MK,381.92,435.34,42.15,28.47,entsoe.eu,false,
2024-08-04 08:00:00,North Macedonia,North Macedonia,MK,373.99,426.55,43.04,30.49,entsoe.eu,false,
2024-08-04 09:00:00,North Macedonia,North Macedonia,MK,398.62,453.57,39.3,26.78,entsoe.eu,false,
2024-08-04 10:00:00,North Macedonia,North Macedonia,MK,435.54,494.15,33.8,20.57,entsoe.eu,false,
2024-08-04 11:00:00,North Macedonia,North Macedonia,MK,456.91,516.3,31.09,18.58,entsoe.eu,false,
2024-08-04 12:00:00,North Macedonia,North Macedonia,MK,470.81,529.46,30.1,18.18,entsoe.eu,false,
2024-08-04 13:00:00,North Macedonia,North Macedonia,MK,486.99,546.86,27.59,16.56,entsoe.eu,false,
2024-08-04 14:00:00,North Macedonia,North Macedonia,MK,431.88,488.49,34.22,25.75,entsoe.eu,false,
2024-08-04 15:00:00,North Macedonia,North Macedonia,MK,381.67,433.34,41.7,33.43,entsoe.eu,false,
2024-08-04 16:00:00,North Macedonia,North Macedonia,MK,398.24,451.07,38.71,33.2,entsoe.eu,false,
2024-08-04 17:00:00,North Macedonia,North Macedonia,MK,423.93,477.48,35.77,30.57,entsoe.eu,false,
2024-08-04 18:00:00,North Macedonia,North Macedonia,MK,417.48,470.5,36.67,31.41,entsoe.eu,false,
2024-08-04 19:00:00,North Macedonia,North Macedonia,MK,425.05,478.71,35.61,30.0,entsoe.eu,false,
2024-08-04 20:00:00,North Macedonia,North Macedonia,MK,422.86,476.65,36.02,28.9,entsoe.eu,false,
2024-08-04 21:00:00,North Macedonia,North Macedonia,MK,436.43,492.14,34.04,23.79,entsoe.eu,false,
2024-08-04 22:00:00,North Macedonia,North Macedonia,MK,496.48,556.03,26.35,14.47,entsoe.eu,false,
2024-08-04 23:00:00,North Macedonia,North Macedonia,MK,518.14,579.35,23.41,11.34,entsoe.eu,false,
2024-08-05 00:00:00,North Macedonia,North Macedonia,MK,541.58,606.82,18.64,7.02,entsoe.eu,false,
2024-08-05 01:00:00,North Macedonia,North Macedonia,MK,553.12,618.9,17.18,6.29,entsoe.eu,false,
2024-08-05 02:00:00,North Macedonia,North Macedonia,MK,556.48,621.68,17.17,6.9,entsoe.eu,false,
2024-08-05 03:00:00,North Macedonia,North Macedonia,MK,539.84,604.43,18.89,10.17,entsoe.eu,false,
2024-08-05 04:00:00,North Macedonia,North Macedonia,MK,501.79,567.94,20.64,17.93,entsoe.eu,false,
2024-08-05 05:00:00,North Macedonia,North Macedonia,MK,460.18,527.78,24.07,19.19,entsoe.eu,false,
2024-08-05 06:00:00,North Macedonia,North Macedonia,MK,423.1,484.81,32.16,23.07,entsoe.eu,false,
2024-08-05 07:00:00,North Macedonia,North Macedonia,MK,429.02,489.89,33.0,21.06,entsoe.eu,false,
2024-08-05 08:00:00,North Macedonia,North Macedonia,MK,428.7,487.46,34.65,22.28,entsoe.eu,false,
2024-08-05 09:00:00,North Macedonia,North Macedonia,MK,421.1,479.85,35.25,23.09,entsoe.eu,false,
2024-08-05 10:00:00,North Macedonia,North Macedonia,MK,419.33,478.48,35.26,22.91,entsoe.eu,false,
2024-08-05 11:00:00,North Macedonia,North Macedonia,MK,411.88,471.88,35.57,22.81,entsoe.eu,false,
2024-08-05 12:00:00,North Macedonia,North Macedonia,MK,423.14,484.12,33.6,21.85,entsoe.eu,false,
2024-08-05 13:00:00,North Macedonia,North Macedonia,MK,414.84,474.66,34.12,26.24,entsoe.eu,false,
2024-08-05 14:00:00,North Macedonia,North Macedonia,MK,390.39,448.29,36.68,31.82,entsoe.eu,false,
2024-08-05 15:00:00,North Macedonia,North Macedonia,MK,377.29,434.52,37.45,35.89,entsoe.eu,false,
2024-08-05 16:00:00,North Macedonia,North Macedonia,MK,400.19,458.76,34.33,33.87,entsoe.eu,false,
2024-08-05 17:00:00,North Macedonia,North Macedonia,MK,399.94,456.64,36.05,32.42,entsoe.eu,false,
2024-08-05 18:00:00,North Macedonia,North Macedonia,MK,395.43,453.14,35.7,32.58,entsoe.eu,false,
2024-08-05 19:00:00,North Macedonia,North Macedonia,MK,407.99,464.63,35.47,30.82,entsoe.eu,false,
2024-08-05 20:00:00,North Macedonia,North Macedonia,MK,403.07,459.52,36.03,30.03,entsoe.eu,false,
2024-08-05 21:00:00,North Macedonia,North Macedonia,MK,437.96,495.32,32.65,24.1,entsoe.eu,false,
2024-08-05 22:00:00,North Macedonia,North Macedonia,MK,464.34,522.59,30.08,19.12,entsoe.eu,false,
2024-08-05 23:00:00,North Macedonia,North Macedonia,MK,514.97,577.73,22.77,11.2,entsoe.eu,false,
2024-08-06 00:00:00,North Macedonia,North Macedonia,MK,542.03,607.59,18.57,6.75,entsoe.eu,false,
2024-08-06 01:00:00,North Macedonia,North Macedonia,MK,562.07,629.41,15.48,4.72,entsoe.eu,false,
2024-08-06 02:00:00,North Macedonia,North Macedonia,MK,562.04,629.39,15.44,5.24,entsoe.eu,false,
2024-08-06 03:00:00,North Macedonia,North Macedonia,MK,545.53,611.1,17.76,9.85,entsoe.eu,false,
2024-08-06 04:00:00,North Macedonia,North Macedonia,MK,506.79,572.44,20.99,15.22,entsoe.eu,false,
2024-08-06 05:00:00,North Macedonia,North Macedonia,MK,465.72,528.4,27.43,18.35,entsoe.eu,false,
2024-08-06 06:00:00,North Macedonia,North Macedonia,MK,441.69,504.28,30.43,19.6,entsoe.eu,false,
2024-08-06 07:00:00,North Macedonia,North Macedonia,MK,427.01,489.85,32.11,20.16,entsoe.eu,false,
2024-08-06 08:00:00,North Macedonia,North Macedonia,MK,417.46,479.69,33.42,21.54,entsoe.eu,false,
2024-08-06 09:00:00,North Macedonia,North Macedonia,MK,316.33,372.65,46.0,35.56,entsoe.eu,false,
2024-08-06 10:00:00,North Macedonia,North Macedonia,MK,322.04,379.15,44.94,35.21,entsoe.eu,false,
2024-08-06 11:00:00,North Macedonia,North Macedonia,MK,304.39,359.05,48.51,36.75,entsoe.eu,false,
2024-08-06 12:00:00,North Macedonia,North Macedonia,MK,291.05,342.72,51.69,39.41,entsoe.eu,false,
2024-08-06 13:00:00,North Macedonia,North Macedonia,MK,281.06,330.69,53.44,42.05,entsoe.eu,false,
2024-08-06 14:00:00,North Macedonia,North Macedonia,MK,296.71,346.68,51.18,41.15,entsoe.eu,false,
2024-08-06 15:00:00,North Macedonia,North Macedonia,MK,335.53,386.61,46.41,38.44,entsoe.eu,false,
2024-08-06 16:00:00,North Macedonia,North Macedonia,MK,350.41,402.65,43.78,37.58,entsoe.eu,false,
2024-08-06 17:00:00,North Macedonia,North Macedonia,MK,336.31,388.58,44.8,38.75,entsoe.eu,false,
2024-08-06 18:00:00,North Macedonia,North Macedonia,MK,330.86,384.99,43.86,39.62,entsoe.eu,false,
2024-08-06 19:00:00,North Macedonia,North Macedonia,MK,356.61,410.36,42.08,35.77,entsoe.eu,false,
2024-08-06 20:00:00,North Macedonia,North Macedonia,MK,350.24,404.09,42.63,35.3,entsoe.eu,false,
2024-08-06 21:00:00,North Macedonia,North Macedonia,MK,364.98,417.66,42.48,31.81,entsoe.eu,false,
2024-08-06 22:00:00,North Macedonia,North Macedonia,MK,373.58,425.56,42.41,29.09,Electricity Maps Estimation,true,ESTIMATED_TIME_SLICER_AVERAGE
2024-08-06 23:00:00,North Macedonia,North Macedonia,MK,392.22,447.21,38.88,24.76,Electricity Maps Estimation,true,ESTIMATED_TIME_SLICER_AVERAGE
2024-08-07 00:00:00,North Macedonia,North Macedonia,MK,428.39,485.87,34.12,19.5,Electricity Maps Estimation,false,
2024-08-07 01:00:00,North Macedonia,North Macedonia,MK,441.97,500.94,32.09,17.05,Electricity Maps Estimation,false,
2024-08-07 02:00:00,North Macedonia,North Macedonia,MK,447.11,506.76,31.09,16.53,Electricity Maps Estimation,false,
2024-08-07 03:00:00,North Macedonia,North Macedonia,MK,442.32,501.36,31.75,18.87,Electricity Maps Estimation,true,ESTIMATED_TIME_SLICER_AVERAGE
2024-08-07 04:00:00,North Macedonia,North Macedonia,MK,377.44,439.39,35.56,26.53,Electricity Maps Estimation,true,ESTIMATED_TIME_SLICER_AVERAGE
2024-08-07 05:00:00,North Macedonia,North Macedonia,MK,327.09,384.87,43.6,32.21,Electricity Maps Estimation,true,ESTIMATED_TIME_SLICER_AVERAGE
2024-08-07 06:00:00,North Macedonia,North Macedonia,MK,299.33,352.8,49.64,36.31,Electricity Maps Estimation,true,ESTIMATED_TIME_SLICER_AVERAGE
2024-08-07 07:00:00,North Macedonia,North Macedonia,MK,291.97,345.35,50.74,35.47,Electricity Maps Estimation,false,
2024-08-07 08:00:00,North Macedonia,North Macedonia,MK,304.41,359.35,48.74,33.71,Electricity Maps Estimation,false,
2024-08-07 09:00:00,North Macedonia,North Macedonia,MK,313.53,369.31,47.46,33.06,Electricity Maps Estimation,false,
2024-08-07 10:00:00,North Macedonia,North Macedonia,MK,308.4,365.6,47.15,32.38,Electricity Maps Estimation,true,ESTIMATED_TIME_SLICER_AVERAGE
2024-08-07 11:00:00,North Macedonia,North Macedonia,MK,298.04,354.56,48.55,33.26,Electricity Maps Estimation,true,ESTIMATED_TIME_SLICER_AVERAGE
2024-08-07 12:00:00,North Macedonia,North Macedonia,MK,303.84,360.51,47.48,33.19,Electricity Maps Estimation,true,ESTIMATED_TIME_SLICER_AVERAGE
2024-08-07 13:00:00,North Macedonia,North Macedonia,MK,291.15,346.75,49.17,35.54,Electricity Maps Estimation,true,ESTIMATED_TIME_SLICER_AVERAGE
2024-08-07 14:00:00,North Macedonia,North Macedonia,MK,300.1,356.06,47.21,36.89,Electricity Maps Estimation,true,ESTIMATED_TIME_SLICER_AVERAGE
2024-08-07 15:00:00,North Macedonia,North Macedonia,MK,337.56,395.45,41.82,34.21,Electricity Maps Estimation,true,ESTIMATED_TIME_SLICER_AVERAGE
2024-08-07 16:00:00,North Macedonia,North Macedonia,MK,352.1,420.36,33.55,33.11,Electricity Maps Estimation,true,ESTIMATED_TIME_SLICER_AVERAGE
2024-08-07 17:00:00,North Macedonia,North Macedonia,MK,370.96,439.34,31.68,31.43,Electricity Maps Estimation,true,ESTIMATED_TIME_SLICER_AVERAGE
2024-08-07 18:00:00,North Macedonia,North Macedonia,MK,370.27,443.2,30.04,30.02,Electricity Maps Estimation,true,ESTIMATED_TIME_SLICER_AVERAGE
2024-08-07 19:00:00,North Macedonia,North Macedonia,MK,393.64,464.55,27.73,27.67,Electricity Maps Estimation,true,ESTIMATED_TIME_SLICER_AVERAGE
2024-08-07 20:00:00,North Macedonia,North Macedonia,MK,385.59,457.42,28.58,25.35,Electricity Maps Estimation,true,ESTIMATED_TIME_SLICER_AVERAGE
2024-08-07 21:00:00,North Macedonia,North Macedonia,MK,415.98,482.64,28.96,19.14,Electricity Maps Estimation,true,ESTIMATED_TIME_SLICER_AVERAGE
2024-08-07 22:00:00,North Macedonia,North Macedonia,MK,447.15,509.63,29.14,15.9,entsoe.eu,false,
2024-08-07 23:00:00,North Macedonia,North Macedonia,MK,499.17,564.15,23.03,9.44,entsoe.eu,false,
2024-08-08 00:00:00,North Macedonia,North Macedonia,MK,533.73,601.98,17.87,4.11,entsoe.eu,false,
2024-08-08 01:00:00,North Macedonia,North Macedonia,MK,541.38,609.42,17.22,4.04,entsoe.eu,false,
2024-08-08 02:00:00,North Macedonia,North Macedonia,MK,542.43,612.68,15.54,3.71,entsoe.eu,false,
2024-08-08 03:00:00,North Macedonia,North Macedonia,MK,533.84,609.63,12.17,5.96,entsoe.eu,false,
2024-08-08 04:00:00,North Macedonia,North Macedonia,MK,479.48,568.72,9.27,8.57,entsoe.eu,false,
2024-08-08 05:00:00,North Macedonia,North Macedonia,MK,426.07,503.36,22.63,14.29,entsoe.eu,false,
2024-08-08 06:00:00,North Macedonia,North Macedonia,MK,382.34,448.35,34.94,24.8,entsoe.eu,false,
2024-08-08 07:00:00,North Macedonia,North Macedonia,MK,357.3,418.24,40.44,28.66,entsoe.eu,false,
2024-08-08 08:00:00,North Macedonia,North Macedonia,MK,351.05,408.61,42.96,28.4,entsoe.eu,false,
2024-08-08 09:00:00,North Macedonia,North Macedonia,MK,341.5,398.22,44.39,29.83,entsoe.eu,false,
2024-08-08 10:00:00,North Macedonia,North Macedonia,MK,362.51,425.0,39.13,24.32,entsoe.eu,false,
2024-08-08 11:00:00,North Macedonia,North Macedonia,MK,354.3,417.91,39.27,24.08,entsoe.eu,false,
2024-08-08 12:00:00,North Macedonia,North Macedonia,MK,343.9,408.21,39.15,26.14,entsoe.eu,false,
2024-08-08 13:00:00,North Macedonia,North Macedonia,MK,327.32,388.39,42.06,31.18,entsoe.eu,false,
2024-08-08 14:00:00,North Macedonia,North Macedonia,MK,312.88,375.28,42.09,38.54,entsoe.eu,false,
2024-08-08 15:00:00,North Macedonia,North Macedonia,MK,317.65,384.64,39.32,39.32,entsoe.eu,false,
2024-08-08 16:00:00,North Macedonia,North Macedonia,MK,326.74,390.13,39.5,39.47,entsoe.eu,false,
2024-08-08 17:00:00,North Macedonia,North Macedonia,MK,342.98,407.81,36.96,36.93,entsoe.eu,false,
2024-08-08 18:00:00,North Macedonia,North Macedonia,MK,358.42,428.2,33.06,33.05,entsoe.eu,false,
2024-08-08 19:00:00,North Macedonia,North Macedonia,MK,372.69,433.2,35.64,35.02,entsoe.eu,false,
2024-08-08 20:00:00,North Macedonia,North Macedonia,MK,376.98,439.02,34.3,34.17,entsoe.eu,false,
2024-08-08 21:00:00,North Macedonia,North Macedonia,MK,387.35,445.17,36.55,30.17,entsoe.eu,false,
2024-08-08 22:00:00,North Macedonia,North Macedonia,MK,451.71,513.31,28.98,17.48,entsoe.eu,false,
2024-08-08 23:00:00,North Macedonia,North Macedonia,MK,505.6,570.61,22.24,9.75,entsoe.eu,false,
2024-08-09 00:00:00,North Macedonia,North Macedonia,MK,537.45,605.2,17.6,4.95,entsoe.eu,false,
2024-08-09 01:00:00,North Macedonia,North Macedonia,MK,543.85,612.42,16.38,4.6,entsoe.eu,false,
2024-08-09 02:00:00,North Macedonia,North Macedonia,MK,548.52,618.37,15.05,4.64,entsoe.eu,false,
2024-08-09 03:00:00,North Macedonia,North Macedonia,MK,534.2,607.17,13.92,7.66,entsoe.eu,false,
2024-08-09 04:00:00,North Macedonia,North Macedonia,MK,516.09,598.82,8.94,8.81,entsoe.eu,false,
2024-08-09 05:00:00,North Macedonia,North Macedonia,MK,396.32,469.11,27.25,19.49,entsoe.eu,false,
2024-08-09 06:00:00,North Macedonia,North Macedonia,MK,362.64,430.33,34.31,23.61,entsoe.eu,false,
2024-08-09 07:00:00,North Macedonia,North Macedonia,MK,376.66,444.61,33.44,21.05,entsoe.eu,false,
2024-08-09 08:00:00,North Macedonia,North Macedonia,MK,375.81,440.98,35.49,23.35,entsoe.eu,false,
2024-08-09 09:00:00,North Macedonia,North Macedonia,MK,365.56,427.91,38.24,25.43,entsoe.eu,false,
2024-08-09 10:00:00,North Macedonia,North Macedonia,MK,369.36,433.02,37.05,24.91,entsoe.eu,false,
2024-08-09 11:00:00,North Macedonia,North Macedonia,MK,365.36,431.8,35.75,23.19,entsoe.eu,false,
2024-08-09 12:00:00,North Macedonia,North Macedonia,MK,371.07,437.69,34.47,23.16,entsoe.eu,false,
2024-08-09 13:00:00,North Macedonia,North Macedonia,MK,342.25,403.4,39.76,30.71,entsoe.eu,false,
2024-08-09 14:00:00,North Macedonia,North Macedonia,MK,313.47,375.36,41.9,40.06,entsoe.eu,false,
2024-08-09 15:00:00,North Macedonia,North Macedonia,MK,304.37,368.12,42.5,42.4,entsoe.eu,false,
2024-08-09 16:00:00,North Macedonia,North Macedonia,MK,315.89,374.84,42.22,41.87,entsoe.eu,false,
2024-08-09 17:00:00,North Macedonia,North Macedonia,MK,367.14,428.83,35.62,33.84,entsoe.eu,false,
2024-08-09 18:00:00,North Macedonia,North Macedonia,MK,365.16,425.34,36.79,34.34,entsoe.eu,false,
2024-08-09 19:00:00,North Macedonia,North Macedonia,MK,363.08,425.0,35.87,33.6,entsoe.eu,false,
2024-08-09 20:00:00,North Macedonia,North Macedonia,MK,354.32,416.14,36.87,33.44,entsoe.eu,false,
2024-08-09 21:00:00,North Macedonia,North Macedonia,MK,361.76,420.96,38.25,30.66,entsoe.eu,false,
2024-08-09 22:00:00,North Macedonia,North Macedonia,MK,414.08,474.97,32.53,24.08,entsoe.eu,false,
2024-08-09 23:00:00,North Macedonia,North Macedonia,MK,473.16,535.39,26.74,15.52,entsoe.eu,false,
2024-08-10 00:00:00,North Macedonia,North Macedonia,MK,491.52,554.33,24.79,12.68,entsoe.eu,false,
2024-08-10 01:00:00,North Macedonia,North Macedonia,MK,505.81,570.05,22.55,10.49,entsoe.eu,false,
2024-08-10 02:00:00,North Macedonia,North Macedonia,MK,517.35,582.27,21.14,8.63,entsoe.eu,false,
2024-08-10 03:00:00,North Macedonia,North Macedonia,MK,499.09,563.07,23.23,11.83,entsoe.eu,false,
2024-08-10 04:00:00,North Macedonia,North Macedonia,MK,493.69,558.6,23.3,11.43,entsoe.eu,false,
2024-08-10 05:00:00,North Macedonia,North Macedonia,MK,394.21,455.21,35.18,22.74,entsoe.eu,false,
2024-08-10 06:00:00,North Macedonia,North Macedonia,MK,348.68,404.61,43.33,28.04,entsoe.eu,false,
2024-08-10 07:00:00,North Macedonia,North Macedonia,MK,361.81,419.69,41.21,25.83,entsoe.eu,false,
2024-08-10 08:00:00,North Macedonia,North Macedonia,MK,348.99,407.41,42.04,27.35,entsoe.eu,false,
2024-08-10 09:00:00,North Macedonia,North Macedonia,MK,344.55,401.94,43.31,28.45,entsoe.eu,false,
2024-08-10 10:00:00,North Macedonia,North Macedonia,MK,355.63,414.14,41.42,27.19,entsoe.eu,false,
2024-08-10 11:00:00,North Macedonia,North Macedonia,MK,366.79,424.23,40.83,26.68,entsoe.eu,false,
2024-08-10 12:00:00,North Macedonia,North Macedonia,MK,360.63,416.66,42.25,27.82,entsoe.eu,false,
2024-08-10 13:00:00,North Macedonia,North Macedonia,MK,355.81,414.17,41.14,27.72,entsoe.eu,false,
2024-08-10 14:00:00,North Macedonia,North Macedonia,MK,356.39,416.83,39.33,27.21,entsoe.eu,false,
2024-08-10 15:00:00,North Macedonia,North Macedonia,MK,304.57,361.3,45.5,37.59,entsoe.eu,false,
2024-08-10 16:00:00,North Macedonia,North Macedonia,MK,287.61,343.45,46.93,42.39,entsoe.eu,false,
2024-08-10 17:00:00,North Macedonia,North Macedonia,MK,325.17,379.09,44.62,39.14,entsoe.eu,false,
2024-08-10 18:00:00,North Macedonia,North Macedonia,MK,309.26,364.43,45.27,40.36,entsoe.eu,false,
2024-08-10 19:00:00,North Macedonia,North Macedonia,MK,290.46,349.28,45.13,42.57,entsoe.eu,false,
2024-08-10 20:00:00,North Macedonia,North Macedonia,MK,300.98,357.75,45.13,39.57,entsoe.eu,false,
2024-08-10 21:00:00,North Macedonia,North Macedonia,MK,344.15,401.74,41.12,31.89,entsoe.eu,false,
2024-08-10 22:00:00,North Macedonia,North Macedonia,MK,384.0,442.23,37.48,24.87,entsoe.eu,false,
2024-08-10 23:00:00,North Macedonia,North Macedonia,MK,451.32,513.41,29.49,13.47,entsoe.eu,false,
2024-08-11 00:00:00,North Macedonia,North Macedonia,MK,454.4,515.94,29.52,13.22,entsoe.eu,false,
2024-08-11 01:00:00,North Macedonia,North Macedonia,MK,456.02,519.22,28.49,11.52,entsoe.eu,false,
2024-08-11 02:00:00,North Macedonia,North Macedonia,MK,443.11,507.46,28.94,11.71,entsoe.eu,false,
2024-08-11 03:00:00,North Macedonia,North Macedonia,MK,430.12,494.31,30.06,12.47,entsoe.eu,false,
2024-08-11 04:00:00,North Macedonia,North Macedonia,MK,403.33,465.57,33.96,15.88,entsoe.eu,false,
2024-08-11 05:00:00,North Macedonia,North Macedonia,MK,361.81,420.01,41.02,20.9,entsoe.eu,false,
2024-08-11 06:00:00,North Macedonia,North Macedonia,MK,320.01,355.94,59.84,35.1,entsoe.eu,false,
2024-08-11 07:00:00,North Macedonia,North Macedonia,MK,398.78,439.31,49.16,26.84,entsoe.eu,false,
2024-08-11 08:00:00,North Macedonia,North Macedonia,MK,379.76,419.21,51.48,30.31,entsoe.eu,false,
2024-08-11 09:00:00,North Macedonia,North Macedonia,MK,391.43,432.03,49.89,28.08,entsoe.eu,false,
2024-08-11 10:00:00,North Macedonia,North Macedonia,MK,402.89,444.07,48.3,27.8,entsoe.eu,false,
2024-08-11 11:00:00,North Macedonia,North Macedonia,MK,414.19,455.84,46.78,27.15,entsoe.eu,false,
2024-08-11 12:00:00,North Macedonia,North Macedonia,MK,436.36,479.12,43.78,25.08,entsoe.eu,false,
2024-08-11 13:00:00,North Macedonia,North Macedonia,MK,425.38,473.84,40.47,26.36,entsoe.eu,false,
2024-08-11 14:00:00,North Macedonia,North Macedonia,MK,370.93,426.64,40.32,30.94,entsoe.eu,false,
2024-08-11 15:00:00,North Macedonia,North Macedonia,MK,386.82,449.2,34.17,28.0,entsoe.eu,false,
2024-08-11 16:00:00,North Macedonia,North Macedonia,MK,414.62,475.28,32.16,28.23,entsoe.eu,false,
2024-08-11 17:00:00,North Macedonia,North Macedonia,MK,386.88,448.8,34.81,33.45,entsoe.eu,false,
2024-08-11 18:00:00,North Macedonia,North Macedonia,MK,402.93,465.17,32.54,29.4,entsoe.eu,false,
2024-08-11 19:00:00,North Macedonia,North Macedonia,MK,431.97,494.0,29.64,26.25,entsoe.eu,false,
2024-08-11 20:00:00,North Macedonia,North Macedonia,MK,456.07,516.16,29.11,22.41,entsoe.eu,false,
2024-08-11 21:00:00,North Macedonia,North Macedonia,MK,478.68,540.82,25.85,18.17,entsoe.eu,false,
2024-08-11 22:00:00,North Macedonia,North Macedonia,MK,465.89,527.95,27.24,17.91,entsoe.eu,false,
2024-08-11 23:00:00,North Macedonia,North Macedonia,MK,504.7,570.26,21.73,11.03,entsoe.eu,false,
2024-08-12 00:00:00,North Macedonia,North Macedonia,MK,535.37,604.21,16.79,6.21,entsoe.eu,false,
2024-08-12 01:00:00,North Macedonia,North Macedonia,MK,566.11,638.42,11.7,1.56,entsoe.eu,false,
2024-08-12 02:00:00,North Macedonia,North Macedonia,MK,567.66,642.74,9.63,1.37,entsoe.eu,false,
2024-08-12 03:00:00,North Macedonia,North Macedonia,MK,526.57,604.19,11.26,9.62,entsoe.eu,false,
2024-08-12 04:00:00,North Macedonia,North Macedonia,MK,448.19,519.02,22.89,22.75,entsoe.eu,false,
2024-08-12 05:00:00,North Macedonia,North Macedonia,MK,382.92,446.49,34.48,32.24,entsoe.eu,false,
2024-08-12 06:00:00,North Macedonia,North Macedonia,MK,365.64,424.16,39.68,34.93,entsoe.eu,false,
2024-08-12 07:00:00,North Macedonia,North Macedonia,MK,395.95,453.76,37.77,29.83,entsoe.eu,false,
2024-08-12 08:00:00,North Macedonia,North Macedonia,MK,390.78,446.86,39.4,31.32,entsoe.eu,false,
2024-08-12 09:00:00,North Macedonia,North Macedonia,MK,392.3,447.54,39.72,29.89,entsoe.eu,false,
2024-08-12 10:00:00,North Macedonia,North Macedonia,MK,417.66,476.0,35.43,25.05,entsoe.eu,false,
2024-08-12 11:00:00,North Macedonia,North Macedonia,MK,419.59,478.4,34.96,25.28,entsoe.eu,false,
2024-08-12 12:00:00,North Macedonia,North Macedonia,MK,418.61,478.43,34.29,25.05,entsoe.eu,false,
2024-08-12 13:00:00,North Macedonia,North Macedonia,MK,403.51,464.4,35.05,27.97,entsoe.eu,false,
2024-08-12 14:00:00,North Macedonia,North Macedonia,MK,358.58,415.66,40.74,37.22,entsoe.eu,false,
2024-08-12 15:00:00,North Macedonia,North Macedonia,MK,320.41,380.9,43.19,43.0,entsoe.eu,false,
2024-08-12 16:00:00,North Macedonia,North Macedonia,MK,335.0,398.49,39.59,39.58,entsoe.eu,false,
2024-08-12 17:00:00,North Macedonia,North Macedonia,MK,335.57,399.25,39.21,39.21,entsoe.eu,false,
2024-08-12 18:00:00,North Macedonia,North Macedonia,MK,327.2,392.22,39.73,39.73,entsoe.eu,false,
2024-08-12 19:00:00,North Macedonia,North Macedonia,MK,350.94,413.83,37.41,37.41,entsoe.eu,false,
2024-08-12 20:00:00,North Macedonia,North Macedonia,MK,367.07,429.55,35.66,35.61,entsoe.eu,false,
2024-08-12 21:00:00,North Macedonia,North Macedonia,MK,394.99,452.85,35.66,31.29,entsoe.eu,false,
2024-08-12 22:00:00,North Macedonia,North Macedonia,MK,447.08,509.02,28.95,20.3,entsoe.eu,false,
2024-08-12 23:00:00,North Macedonia,North Macedonia,MK,515.0,581.12,20.11,10.74,entsoe.eu,false,
2024-08-13 00:00:00,North Macedonia,North Macedonia,MK,548.5,616.58,15.84,6.48,entsoe.eu,false,
2024-08-13 01:00:00,North Macedonia,North Macedonia,MK,548.31,617.81,14.87,6.05,entsoe.eu,false,
2024-08-13 02:00:00,North Macedonia,North Macedonia,MK,552.1,623.09,13.47,6.18,entsoe.eu,false,
2024-08-13 03:00:00,North Macedonia,North Macedonia,MK,514.66,584.83,17.22,11.93,entsoe.eu,false,
2024-08-13 04:00:00,North Macedonia,North Macedonia,MK,443.2,514.99,22.76,22.69,entsoe.eu,false,
2024-08-13 05:00:00,North Macedonia,North Macedonia,MK,417.88,484.8,28.64,26.64,entsoe.eu,false,
2024-08-13 06:00:00,North Macedonia,North Macedonia,MK,404.66,466.87,33.58,27.65,entsoe.eu,false,
2024-08-13 07:00:00,North Macedonia,North Macedonia,MK,414.43,475.49,34.03,25.82,entsoe.eu,false,
2024-08-13 08:00:00,North Macedonia,North Macedonia,MK,384.88,442.04,39.29,30.77,entsoe.eu,false,
2024-08-13 09:00:00,North Macedonia,North Macedonia,MK,397.21,455.11,37.53,28.7,entsoe.eu,false,
2024-08-13 10:00:00,North Macedonia,North Macedonia,MK,407.22,466.03,36.12,26.16,entsoe.eu,false,
2024-08-13 11:00:00,North Macedonia,North Macedonia,MK,378.83,434.78,40.46,30.31,entsoe.eu,false,
2024-08-13 12:00:00,North Macedonia,North Macedonia,MK,386.6,443.1,39.16,29.89,entsoe.eu,false,
2024-08-13 13:00:00,North Macedonia,North Macedonia,MK,393.23,450.0,38.03,30.01,entsoe.eu,false,
2024-08-13 14:00:00,North Macedonia,North Macedonia,MK,337.32,394.78,42.64,40.38,entsoe.eu,false,
2024-08-13 15:00:00,North Macedonia,North Macedonia,MK,353.3,413.9,39.35,39.15,entsoe.eu,false,
2024-08-13 16:00:00,North Macedonia,North Macedonia,MK,364.94,429.06,36.43,36.4,entsoe.eu,false,
2024-08-13 17:00:00,North Macedonia,North Macedonia,MK,379.59,443.84,34.14,34.13,entsoe.eu,false,
2024-08-13 18:00:00,North Macedonia,North Macedonia,MK,380.66,445.91,33.85,33.84,entsoe.eu,false,
2024-08-13 19:00:00,North Macedonia,North Macedonia,MK,393.46,455.0,33.53,33.38,entsoe.eu,false,
2024-08-13 20:00:00,North Macedonia,North Macedonia,MK,403.14,464.39,32.92,31.99,entsoe.eu,false,
2024-08-13 21:00:00,North Macedonia,North Macedonia,MK,411.55,471.84,32.71,30.38,entsoe.eu,false,
2024-08-13 22:00:00,North Macedonia,North Macedonia,MK,442.44,505.0,28.95,20.89,entsoe.eu,false,
2024-08-13 23:00:00,North Macedonia,North Macedonia,MK,500.18,567.11,21.24,11.69,entsoe.eu,false,
2024-08-14 00:00:00,North Macedonia,North Macedonia,MK,532.46,600.4,18.04,6.49,entsoe.eu,false,
2024-08-14 01:00:00,North Macedonia,North Macedonia,MK,534.77,603.05,17.72,6.14,entsoe.eu,false,
2024-08-14 02:00:00,North Macedonia,North Macedonia,MK,531.88,600.36,17.89,6.02,entsoe.eu,false,
2024-08-14 03:00:00,North Macedonia,North Macedonia,MK,493.71,561.31,21.72,11.21,entsoe.eu,false,
2024-08-14 04:00:00,North Macedonia,North Macedonia,MK,467.95,541.44,19.94,19.13,entsoe.eu,false,
2024-08-14 05:00:00,North Macedonia,North Macedonia,MK,414.11,482.78,29.01,27.21,entsoe.eu,false,
2024-08-14 06:00:00,North Macedonia,North Macedonia,MK,384.93,445.79,37.13,32.43,entsoe.eu,false,
2024-08-14 07:00:00,North Macedonia,North Macedonia,MK,382.22,438.97,40.4,32.27,entsoe.eu,false,
2024-08-14 08:00:00,North Macedonia,North Macedonia,MK,386.42,442.68,40.44,30.79,entsoe.eu,false,
2024-08-14 09:00:00,North Macedonia,North Macedonia,MK,368.94,424.01,42.95,33.71,entsoe.eu,false,
2024-08-14 10:00:00,North Macedonia,North Macedonia,MK,375.28,430.54,42.32,32.75,entsoe.eu,false,
2024-08-14 11:00:00,North Macedonia,North Macedonia,MK,360.02,413.98,44.79,35.41,entsoe.eu,false,
2024-08-14 12:00:00,North Macedonia,North Macedonia,MK,358.39,412.73,44.36,36.39,entsoe.eu,false,
2024-08-14 13:00:00,North Macedonia,North Macedonia,MK,344.12,396.24,46.14,40.2,entsoe.eu,false,
2024-08-14 14:00:00,North Macedonia,North Macedonia,MK,339.71,395.28,44.27,41.53,entsoe.eu,false,
2024-08-14 15:00:00,North Macedonia,North Macedonia,MK,343.21,402.74,41.69,40.88,entsoe.eu,false,
2024-08-14 16:00:00,North Macedonia,North Macedonia,MK,357.51,422.09,37.67,37.62,entsoe.eu,false,
2024-08-14 17:00:00,North Macedonia,North Macedonia,MK,367.35,433.36,35.83,35.82,entsoe.eu,false,
2024-08-14 18:00:00,North Macedonia,North Macedonia,MK,377.41,444.98,34.21,34.21,entsoe.eu,false,
2024-08-14 19:00:00,North Macedonia,North Macedonia,MK,384.4,450.38,33.76,33.74,entsoe.eu,false,
2024-08-14 20:00:00,North Macedonia,North Macedonia,MK,378.87,445.19,33.96,33.88,entsoe.eu,false,
2024-08-14 21:00:00,North Macedonia,North Macedonia,MK,380.05,444.77,34.06,32.24,entsoe.eu,false,
2024-08-14 22:00:00,North Macedonia,North Macedonia,MK,423.45,489.1,29.17,23.8,entsoe.eu,false,
2024-08-14 23:00:00,North Macedonia,North Macedonia,MK,456.03,525.35,24.06,18.39,entsoe.eu,false,
2024-08-15 00:00:00,North Macedonia,North Macedonia,MK,503.04,572.5,19.58,9.93,entsoe.eu,false,
2024-08-15 01:00:00,North Macedonia,North Macedonia,MK,526.63,595.79,17.53,7.62,entsoe.eu,false,
2024-08-15 02:00:00,North Macedonia,North Macedonia,MK,531.28,605.0,14.02,6.78,entsoe.eu,false,
2024-08-15 03:00:00,North Macedonia,North Macedonia,MK,501.26,577.74,14.85,12.1,entsoe.eu,false,
2024-08-15 04:00:00,North Macedonia,North Macedonia,MK,400.77,471.71,28.09,27.87,entsoe.eu,false,
2024-08-15 05:00:00,North Macedonia,North Macedonia,MK,327.71,391.01,40.44,37.78,entsoe.eu,false,
2024-08-15 06:00:00,North Macedonia,North Macedonia,MK,260.89,312.59,54.16,48.24,entsoe.eu,false,
2024-08-15 07:00:00,North Macedonia,North Macedonia,MK,260.08,308.77,56.73,49.41,entsoe.eu,false,
2024-08-15 08:00:00,North Macedonia,North Macedonia,MK,268.34,317.71,56.0,47.23,entsoe.eu,false,
2024-08-15 09:00:00,North Macedonia,North Macedonia,MK,218.99,263.35,64.01,57.87,entsoe.eu,false,
2024-08-15 10:00:00,North Macedonia,North Macedonia,MK,230.2,274.74,63.0,57.83,entsoe.eu,false,
2024-08-15 11:00:00,North Macedonia,North Macedonia,MK,237.14,283.13,61.05,55.87,entsoe.eu,false,
2024-08-15 12:00:00,North Macedonia,North Macedonia,MK,289.9,342.53,50.97,43.29,entsoe.eu,false,
2024-08-15 13:00:00,North Macedonia,North Macedonia,MK,246.77,296.77,56.55,52.53,entsoe.eu,false,
2024-08-15 14:00:00,North Macedonia,North Macedonia,MK,242.08,298.55,53.11,52.8,entsoe.eu,false,
2024-08-15 15:00:00,North Macedonia,North Macedonia,MK,261.01,323.03,48.65,48.26,entsoe.eu,false,
2024-08-15 16:00:00,North Macedonia,North Macedonia,MK,278.13,346.49,43.16,43.09,entsoe.eu,false,
2024-08-15 17:00:00,North Macedonia,North Macedonia,MK,284.12,355.33,41.04,41.0,entsoe.eu,false,
2024-08-15 18:00:00,North Macedonia,North Macedonia,MK,283.26,355.02,40.59,40.58,entsoe.eu,false,
2024-08-15 19:00:00,North Macedonia,North Macedonia,MK,287.53,358.8,40.41,40.36,entsoe.eu,false,
2024-08-15 20:00:00,North Macedonia,North Macedonia,MK,297.71,370.04,38.35,38.19,entsoe.eu,false,
2024-08-15 21:00:00,North Macedonia,North Macedonia,MK,304.25,374.98,37.77,36.51,entsoe.eu,false,
2024-08-15 22:00:00,North Macedonia,North Macedonia,MK,318.23,380.84,40.59,34.45,entsoe.eu,false,
2024-08-15 23:00:00,North Macedonia,North Macedonia,MK,345.78,405.81,39.7,30.32,entsoe.eu,false,
2024-08-16 00:00:00,North Macedonia,North Macedonia,MK,444.16,509.47,27.57,17.49,entsoe.eu,false,
2024-08-16 01:00:00,North Macedonia,North Macedonia,MK,471.36,542.25,21.47,12.72,entsoe.eu,false,
2024-08-16 02:00:00,North Macedonia,North Macedonia,MK,473.7,549.18,18.37,10.87,entsoe.eu,false,
2024-08-16 03:00:00,North Macedonia,North Macedonia,MK,388.56,465.26,24.81,23.0,entsoe.eu,false,
2024-08-16 04:00:00,North Macedonia,North Macedonia,MK,333.23,406.73,32.35,32.35,entsoe.eu,false,
2024-08-16 05:00:00,North Macedonia,North Macedonia,MK,312.46,380.57,38.48,36.44,entsoe.eu,false,
2024-08-16 06:00:00,North Macedonia,North Macedonia,MK,300.11,362.79,44.1,40.41,entsoe.eu,false,
2024-08-16 07:00:00,North Macedonia,North Macedonia,MK,321.16,379.85,45.11,37.08,entsoe.eu,false,
2024-08-16 08:00:00,North Macedonia,North Macedonia,MK,358.59,417.44,41.83,28.73,entsoe.eu,false,
2024-08-16 09:00:00,North Macedonia,North Macedonia,MK,329.58,385.21,46.98,34.68,entsoe.eu,false,
2024-08-16 10:00:00,North Macedonia,North Macedonia,MK,347.63,405.71,43.55,30.37,entsoe.eu,false,
2024-08-16 11:00:00,North Macedonia,North Macedonia,MK,343.11,400.75,44.05,31.9,entsoe.eu,false,
2024-08-16 12:00:00,North Macedonia,North Macedonia,MK,331.1,385.42,46.35,35.93,entsoe.eu,false,
2024-08-16 13:00:00,North Macedonia,North Macedonia,MK,303.09,357.26,48.91,42.28,entsoe.eu,false,
2024-08-16 14:00:00,North Macedonia,North Macedonia,MK,279.42,338.82,47.89,45.98,entsoe.eu,false,
2024-08-16 15:00:00,North Macedonia,North Macedonia,MK,280.26,344.54,45.04,44.34,entsoe.eu,false,
2024-08-16 16:00:00,North Macedonia,North Macedonia,MK,289.17,357.17,42.71,42.68,entsoe.eu,false,
2024-08-16 17:00:00,North Macedonia,North Macedonia,MK,298.36,366.77,41.9,41.9,entsoe.eu,false,
2024-08-16 18:00:00,North Macedonia,North Macedonia,MK,304.86,374.74,40.15,40.15,entsoe.eu,false,
2024-08-16 19:00:00,North Macedonia,North Macedonia,MK,307.44,379.26,38.65,38.65,entsoe.eu,false,
2024-08-16 20:00:00,North Macedonia,North Macedonia,MK,313.0,384.86,37.61,37.39,entsoe.eu,false,
2024-08-16 21:00:00,North Macedonia,North Macedonia,MK,331.9,401.05,37.12,34.53,entsoe.eu,false,
2024-08-16 22:00:00,North Macedonia,North Macedonia,MK,310.09,366.24,45.5,35.76,entsoe.eu,false,
2024-08-16 23:00:00,North Macedonia,North Macedonia,MK,404.54,461.84,36.55,25.0,entsoe.eu,false,
2024-08-17 00:00:00,North Macedonia,North Macedonia,MK,434.96,495.95,31.57,20.01,entsoe.eu,false,
2024-08-17 01:00:00,North Macedonia,North Macedonia,MK,453.02,515.24,29.11,17.91,entsoe.eu,false,
2024-08-17 02:00:00,North Macedonia,North Macedonia,MK,472.05,535.53,26.47,15.8,entsoe.eu,false,
2024-08-17 03:00:00,North Macedonia,North Macedonia,MK,478.74,543.03,25.14,15.52,entsoe.eu,false,
2024-08-17 04:00:00,North Macedonia,North Macedonia,MK,491.19,557.07,23.17,13.09,entsoe.eu,false,
2024-08-17 05:00:00,North Macedonia,North Macedonia,MK,454.87,519.2,27.9,17.41,entsoe.eu,false,
2024-08-17 06:00:00,North Macedonia,North Macedonia,MK,437.79,498.96,31.82,22.45,entsoe.eu,false,
2024-08-17 07:00:00,North Macedonia,North Macedonia,MK,410.45,468.16,37.05,27.7,entsoe.eu,false,
2024-08-17 08:00:00,North Macedonia,North Macedonia,MK,402.7,460.2,38.62,28.38,entsoe.eu,false,
2024-08-17 09:00:00,North Macedonia,North Macedonia,MK,362.51,416.07,45.27,36.61,entsoe.eu,false,
2024-08-17 10:00:00,North Macedonia,North Macedonia,MK,391.47,446.56,41.3,30.77,entsoe.eu,false,
2024-08-17 11:00:00,North Macedonia,North Macedonia,MK,379.62,434.85,41.9,31.98,entsoe.eu,false,
2024-08-17 12:00:00,North Macedonia,North Macedonia,MK,364.26,417.14,44.09,34.55,entsoe.eu,false,
2024-08-17 13:00:00,North Macedonia,North Macedonia,MK,377.08,432.22,40.92,31.94,entsoe.eu,false,
2024-08-17 14:00:00,North Macedonia,North Macedonia,MK,371.31,427.35,40.3,32.61,entsoe.eu,false,
2024-08-17 15:00:00,North Macedonia,North Macedonia,MK,354.09,420.27,36.17,36.17,entsoe.eu,false,
2024-08-17 16:00:00,North Macedonia,North Macedonia,MK,370.25,440.34,33.17,33.17,entsoe.eu,false,
2024-08-17 17:00:00,North Macedonia,North Macedonia,MK,382.78,453.5,31.77,31.77,entsoe.eu,false,
2024-08-17 18:00:00,North Macedonia,North Macedonia,MK,391.65,462.22,30.99,30.99,entsoe.eu,false,
2024-08-17 19:00:00,North Macedonia,North Macedonia,MK,394.6,464.16,30.54,30.54,entsoe.eu,false,
2024-08-17 20:00:00,North Macedonia,North Macedonia,MK,409.47,478.01,29.04,27.95,entsoe.eu,false,
2024-08-17 21:00:00,North Macedonia,North Macedonia,MK,431.52,492.54,31.0,24.2,entsoe.eu,false,
2024-08-17 22:00:00,North Macedonia,North Macedonia,MK,464.07,523.0,29.89,19.59,entsoe.eu,false,
2024-08-17 23:00:00,North Macedonia,North Macedonia,MK,486.17,544.38,28.52,17.36,entsoe.eu,false,
2024-08-18 00:00:00,North Macedonia,North Macedonia,MK,553.5,617.49,19.06,6.64,entsoe.eu,false,
2024-08-18 01:00:00,North Macedonia,North Macedonia,MK,566.68,634.35,15.72,2.7,entsoe.eu,false,
2024-08-18 02:00:00,North Macedonia,North Macedonia,MK,530.48,595.45,20.81,7.13,entsoe.eu,false,
2024-08-18 03:00:00,North Macedonia,North Macedonia,MK,512.97,576.82,23.03,9.62,entsoe.eu,false,
2024-08-18 04:00:00,North Macedonia,North Macedonia,MK,512.59,576.9,22.61,10.18,entsoe.eu,false,
2024-08-18 05:00:00,North Macedonia,North Macedonia,MK,470.98,534.01,27.79,13.89,entsoe.eu,false,
2024-08-18 06:00:00,North Macedonia,North Macedonia,MK,440.88,501.68,32.55,18.88,entsoe.eu,false,
2024-08-18 07:00:00,North Macedonia,North Macedonia,MK,433.58,491.89,35.04,21.45,entsoe.eu,false,
2024-08-18 08:00:00,North Macedonia,North Macedonia,MK,425.54,481.92,37.27,23.4,entsoe.eu,false,
2024-08-18 09:00:00,North Macedonia,North Macedonia,MK,410.2,465.46,39.48,25.56,entsoe.eu,false,
2024-08-18 10:00:00,North Macedonia,North Macedonia,MK,401.88,457.12,40.18,26.22,entsoe.eu,false,
2024-08-18 11:00:00,North Macedonia,North Macedonia,MK,377.6,430.87,43.22,30.19,entsoe.eu,false,
2024-08-18 12:00:00,North Macedonia,North Macedonia,MK,362.38,415.42,43.87,32.96,entsoe.eu,false,
2024-08-18 13:00:00,North Macedonia,North Macedonia,MK,379.41,433.27,41.36,31.29,entsoe.eu,false,
2024-08-18 14:00:00,North Macedonia,North Macedonia,MK,420.17,477.99,34.7,26.58,entsoe.eu,false,
2024-08-18 15:00:00,North Macedonia,North Macedonia,MK,402.68,467.64,30.78,30.62,entsoe.eu,false,
2024-08-18 16:00:00,North Macedonia,North Macedonia,MK,419.01,486.56,28.29,28.29,entsoe.eu,false,
2024-08-18 17:00:00,North Macedonia,North Macedonia,MK,426.26,488.94,29.78,29.76,entsoe.eu,false,
2024-08-18 18:00:00,North Macedonia,North Macedonia,MK,435.43,501.18,27.03,27.01,entsoe.eu,false,
2024-08-18 19:00:00,North Macedonia,North Macedonia,MK,470.95,538.85,22.62,22.58,entsoe.eu,false,
2024-08-18 20:00:00,North Macedonia,North Macedonia,MK,459.2,520.83,27.2,25.32,entsoe.eu,false,
2024-08-18 21:00:00,North Macedonia,North Macedonia,MK,480.17,541.53,25.86,20.73,entsoe.eu,false,
2024-08-18 22:00:00,North Macedonia,North Macedonia,MK,546.67,610.79,18.62,10.21,entsoe.eu,false,
2024-08-18 23:00:00,North Macedonia,North Macedonia,MK,573.38,637.78,16.17,6.48,entsoe.eu,false,
2024-08-19 00:00:00,North Macedonia,North Macedonia,MK,604.04,670.86,11.86,2.23,entsoe.eu,false,
2024-08-19 01:00:00,North Macedonia,North Macedonia,MK,608.89,676.27,10.91,1.91,entsoe.eu,false,
2024-08-19 02:00:00,North Macedonia,North Macedonia,MK,616.99,686.65,8.49,1.51,entsoe.eu,false,
2024-08-19 03:00:00,North Macedonia,North Macedonia,MK,634.41,708.34,3.7,1.05,entsoe.eu,false,
2024-08-19 04:00:00,North Macedonia,North Macedonia,MK,602.6,676.71,6.18,6.05,entsoe.eu,false,
2024-08-19 05:00:00,North Macedonia,North Macedonia,MK,525.6,600.1,12.98,12.98,entsoe.eu,false,
2024-08-19 06:00:00,North Macedonia,North Macedonia,MK,463.8,534.61,21.5,20.9,entsoe.eu,false,
2024-08-19 07:00:00,North Macedonia,North Macedonia,MK,446.33,510.91,28.66,20.44,entsoe.eu,false,
2024-08-19 08:00:00,North Macedonia,North Macedonia,MK,444.59,508.72,30.01,19.1,entsoe.eu,false,
2024-08-19 09:00:00,North Macedonia,North Macedonia,MK,438.55,501.42,31.54,19.81,entsoe.eu,false,
2024-08-19 10:00:00,North Macedonia,North Macedonia,MK,454.18,516.06,30.04,20.16,entsoe.eu,false,
2024-08-19 11:00:00,North Macedonia,North Macedonia,MK,467.91,530.61,27.89,19.5,entsoe.eu,false,
2024-08-19 12:00:00,North Macedonia,North Macedonia,MK,467.41,528.65,28.42,20.7,entsoe.eu,false,
2024-08-19 13:00:00,North Macedonia,North Macedonia,MK,400.71,460.2,35.05,29.37,entsoe.eu,false,
2024-08-19 14:00:00,North Macedonia,North Macedonia,MK,407.58,470.77,30.91,30.41,entsoe.eu,false,
2024-08-19 15:00:00,North Macedonia,North Macedonia,MK,426.91,494.67,26.97,26.96,entsoe.eu,false,
2024-08-19 16:00:00,North Macedonia,North Macedonia,MK,430.0,503.22,24.75,24.74,entsoe.eu,false,
2024-08-19 17:00:00,North Macedonia,North Macedonia,MK,444.9,516.27,23.99,23.97,entsoe.eu,false,
2024-08-19 18:00:00,North Macedonia,North Macedonia,MK,439.7,511.53,24.46,24.45,entsoe.eu,false,
2024-08-19 19:00:00,North Macedonia,North Macedonia,MK,440.6,512.22,24.51,24.5,entsoe.eu,false,
2024-08-19 20:00:00,North Macedonia,North Macedonia,MK,431.63,506.78,24.01,24.01,entsoe.eu,false,
2024-08-19 21:00:00,North Macedonia,North Macedonia,MK,459.07,528.34,22.97,22.96,entsoe.eu,false,
2024-08-19 22:00:00,North Macedonia,North Macedonia,MK,518.5,584.07,19.61,15.6,entsoe.eu,false,
2024-08-19 23:00:00,North Macedonia,North Macedonia,MK,570.17,638.15,13.55,8.49,entsoe.eu,false,
2024-08-20 00:00:00,North Macedonia,North Macedonia,MK,613.36,684.01,7.93,2.51,entsoe.eu,false,
2024-08-20 01:00:00,North Macedonia,North Macedonia,MK,620.5,691.2,7.3,1.25,entsoe.eu,false,
2024-08-20 02:00:00,North Macedonia,North Macedonia,MK,610.98,682.27,7.41,4.34,entsoe.eu,false,
2024-08-20 03:00:00,North Macedonia,North Macedonia,MK,582.45,653.41,9.85,9.82,entsoe.eu,false,
2024-08-20 04:00:00,North Macedonia,North Macedonia,MK,531.93,603.48,14.16,14.16,entsoe.eu,false,
2024-08-20 05:00:00,North Macedonia,North Macedonia,MK,466.33,540.97,19.23,19.23,entsoe.eu,false,
2024-08-20 06:00:00,North Macedonia,North Macedonia,MK,525.14,604.0,10.39,10.39,entsoe.eu,false,
2024-08-20 07:00:00,North Macedonia,North Macedonia,MK,494.34,566.52,18.48,12.49,entsoe.eu,false,
2024-08-20 08:00:00,North Macedonia,North Macedonia,MK,492.08,563.3,19.41,12.95,entsoe.eu,false,
2024-08-20 09:00:00,North Macedonia,North Macedonia,MK,504.75,578.13,16.87,11.07,entsoe.eu,false,
2024-08-20 10:00:00,North Macedonia,North Macedonia,MK,506.64,580.52,16.25,10.91,entsoe.eu,false,
2024-08-20 11:00:00,North Macedonia,North Macedonia,MK,462.41,530.55,23.81,18.03,entsoe.eu,false,
2024-08-20 12:00:00,North Macedonia,North Macedonia,MK,476.57,547.49,20.56,16.02,entsoe.eu,false,
2024-08-20 13:00:00,North Macedonia,North Macedonia,MK,402.69,466.84,31.46,30.18,entsoe.eu,false,
2024-08-20 14:00:00,North Macedonia,North Macedonia,MK,401.79,465.66,31.05,31.05,entsoe.eu,false,
2024-08-20 15:00:00,North Macedonia,North Macedonia,MK,423.52,487.59,29.1,29.09,entsoe.eu,false,
2024-08-20 16:00:00,North Macedonia,North Macedonia,MK,406.85,475.17,29.41,29.41,entsoe.eu,false,
2024-08-20 17:00:00,North Macedonia,North Macedonia,MK,416.3,482.64,29.35,29.33,entsoe.eu,false,
2024-08-20 18:00:00,North Macedonia,North Macedonia,MK,411.72,479.23,29.41,29.39,entsoe.eu,false,
2024-08-20 19:00:00,North Macedonia,North Macedonia,MK,410.03,478.57,28.91,28.9,entsoe.eu,false,
2024-08-20 20:00:00,North Macedonia,North Macedonia,MK,392.37,463.77,29.47,29.47,entsoe.eu,false,
2024-08-20 21:00:00,North Macedonia,North Macedonia,MK,429.15,504.12,23.13,23.13,entsoe.eu,false,
2024-08-20 22:00:00,North Macedonia,North Macedonia,MK,503.04,568.8,20.73,17.44,entsoe.eu,false,
2024-08-20 23:00:00,North Macedonia,North Macedonia,MK,569.37,638.27,13.02,7.31,entsoe.eu,false,
2024-08-21 00:00:00,North Macedonia,North Macedonia,MK,606.77,680.58,6.63,0.85,entsoe.eu,false,
2024-08-21 01:00:00,North Macedonia,North Macedonia,MK,580.95,653.64,9.59,4.88,entsoe.eu,false,
2024-08-21 02:00:00,North Macedonia,North Macedonia,MK,586.37,660.34,7.92,6.09,entsoe.eu,false,
2024-08-21 03:00:00,North Macedonia,North Macedonia,MK,521.11,589.89,16.84,16.84,entsoe.eu,false,
2024-08-21 04:00:00,North Macedonia,North Macedonia,MK,477.26,545.07,21.48,21.48,entsoe.eu,false,
2024-08-21 05:00:00,North Macedonia,North Macedonia,MK,451.27,517.91,24.59,24.59,entsoe.eu,false,
2024-08-21 06:00:00,North Macedonia,North Macedonia,MK,391.79,453.56,33.02,33.02,entsoe.eu,false,
2024-08-21 07:00:00,North Macedonia,North Macedonia,MK,418.02,479.79,31.74,26.86,entsoe.eu,false,
2024-08-21 08:00:00,North Macedonia,North Macedonia,MK,439.97,503.9,28.79,22.84,entsoe.eu,false,
2024-08-21 09:00:00,North Macedonia,North Macedonia,MK,446.14,513.63,26.66,18.69,entsoe.eu,false,
2024-08-21 10:00:00,North Macedonia,North Macedonia,MK,368.03,433.4,35.03,27.34,entsoe.eu,false,
2024-08-21 11:00:00,North Macedonia,North Macedonia,MK,332.56,392.97,41.09,34.57,entsoe.eu,false,
2024-08-21 12:00:00,North Macedonia,North Macedonia,MK,288.06,344.66,48.16,46.21,entsoe.eu,false,
2024-08-21 13:00:00,North Macedonia,North Macedonia,MK,287.36,346.14,46.46,45.76,entsoe.eu,false,
2024-08-21 14:00:00,North Macedonia,North Macedonia,MK,288.81,350.47,45.09,45.09,entsoe.eu,false,
2024-08-21 15:00:00,North Macedonia,North Macedonia,MK,309.23,376.01,41.08,41.08,entsoe.eu,false,
2024-08-21 16:00:00,North Macedonia,North Macedonia,MK,328.88,398.26,37.6,37.6,entsoe.eu,false,
2024-08-21 17:00:00,North Macedonia,North Macedonia,MK,316.72,382.52,40.61,40.6,entsoe.eu,false,
2024-08-21 18:00:00,North Macedonia,North Macedonia,MK,313.46,378.8,41.14,41.13,entsoe.eu,false,
2024-08-21 19:00:00,North Macedonia,North Macedonia,MK,327.06,396.03,38.31,38.31,entsoe.eu,false,
2024-08-21 20:00:00,North Macedonia,North Macedonia,MK,315.63,381.33,39.99,39.99,entsoe.eu,false,
2024-08-21 21:00:00,North Macedonia,North Macedonia,MK,380.59,438.45,36.6,35.31,entsoe.eu,false,
2024-08-21 22:00:00,North Macedonia,North Macedonia,MK,461.92,522.91,27.63,22.84,entsoe.eu,false,
2024-08-21 23:00:00,North Macedonia,North Macedonia,MK,498.05,561.87,22.75,16.67,entsoe.eu,false,
2024-08-22 00:00:00,North Macedonia,North Macedonia,MK,500.05,563.64,22.69,16.69,entsoe.eu,false,
2024-08-22 01:00:00,North Macedonia,North Macedonia,MK,489.71,553.88,23.16,18.0,entsoe.eu,false,
2024-08-22 02:00:00,North Macedonia,North Macedonia,MK,490.26,554.07,23.33,17.74,entsoe.eu,false,
2024-08-22 03:00:00,North Macedonia,North Macedonia,MK,444.41,508.78,27.05,23.31,entsoe.eu,false,
2024-08-22 04:00:00,North Macedonia,North Macedonia,MK,403.17,466.52,31.69,26.99,entsoe.eu,false,
2024-08-22 05:00:00,North Macedonia,North Macedonia,MK,326.82,388.57,40.23,33.48,entsoe.eu,false,
2024-08-22 06:00:00,North Macedonia,North Macedonia,MK,315.2,372.63,44.39,36.98,entsoe.eu,false,
2024-08-22 07:00:00,North Macedonia,North Macedonia,MK,330.15,386.01,44.64,35.24,entsoe.eu,false,
2024-08-22 08:00:00,North Macedonia,North Macedonia,MK,326.86,382.95,45.17,35.65,entsoe.eu,false,
2024-08-22 09:00:00,North Macedonia,North Macedonia,MK,323.48,378.29,46.51,36.5,entsoe.eu,false,
2024-08-22 10:00:00,North Macedonia,North Macedonia,MK,323.71,377.95,47.0,36.45,entsoe.eu,false,
2024-08-22 11:00:00,North Macedonia,North Macedonia,MK,309.58,362.73,49.02,38.28,entsoe.eu,false,
2024-08-22 12:00:00,North Macedonia,North Macedonia,MK,327.2,384.97,43.91,34.74,entsoe.eu,false,
2024-08-22 13:00:00,North Macedonia,North Macedonia,MK,359.15,422.08,37.25,30.32,entsoe.eu,false,
2024-08-22 14:00:00,North Macedonia,North Macedonia,MK,341.82,408.18,35.8,35.79,entsoe.eu,false,
2024-08-22 15:00:00,North Macedonia,North Macedonia,MK,307.55,370.04,42.71,42.71,entsoe.eu,false,
2024-08-22 16:00:00,North Macedonia,North Macedonia,MK,328.26,394.22,39.76,39.76,entsoe.eu,false,
2024-08-22 17:00:00,North Macedonia,North Macedonia,MK,329.09,394.17,40.03,40.03,entsoe.eu,false,
2024-08-22 18:00:00,North Macedonia,North Macedonia,MK,319.73,386.4,40.59,40.59,entsoe.eu,false,
2024-08-22 19:00:00,North Macedonia,North Macedonia,MK,330.86,398.39,38.48,38.48,entsoe.eu,false,
2024-08-22 20:00:00,North Macedonia,North Macedonia,MK,333.49,401.21,37.88,37.88,entsoe.eu,false,
2024-08-22 21:00:00,North Macedonia,North Macedonia,MK,335.41,392.81,42.36,33.85,entsoe.eu,false,
2024-08-22 22:00:00,North Macedonia,North Macedonia,MK,364.81,422.63,39.93,28.45,entsoe.eu,false,
2024-08-22 23:00:00,North Macedonia,North Macedonia,MK,400.7,459.28,36.51,22.91,entsoe.eu,false,
2024-08-23 00:00:00,North Macedonia,North Macedonia,MK,427.44,485.61,34.28,20.98,entsoe.eu,false,
2024-08-23 01:00:00,North Macedonia,North Macedonia,MK,444.55,504.35,31.91,17.4,entsoe.eu,false,
2024-08-23 02:00:00,North Macedonia,North Macedonia,MK,393.62,452.14,37.2,23.35,entsoe.eu,false,
2024-08-23 03:00:00,North Macedonia,North Macedonia,MK,374.73,435.98,36.64,26.2,entsoe.eu,false,
2024-08-23 04:00:00,North Macedonia,North Macedonia,MK,343.68,407.14,38.29,31.71,entsoe.eu,false,
2024-08-23 05:00:00,North Macedonia,North Macedonia,MK,327.09,385.43,43.02,34.01,entsoe.eu,false,
2024-08-23 06:00:00,North Macedonia,North Macedonia,MK,339.56,395.97,43.62,33.93,entsoe.eu,false,
2024-08-23 07:00:00,North Macedonia,North Macedonia,MK,344.87,400.78,44.17,32.08,entsoe.eu,false,
2024-08-23 08:00:00,North Macedonia,North Macedonia,MK,347.44,401.23,45.64,32.8,entsoe.eu,false,
2024-08-23 09:00:00,North Macedonia,North Macedonia,MK,359.8,412.53,45.15,32.52,entsoe.eu,false,
2024-08-23 10:00:00,North Macedonia,North Macedonia,MK,370.77,425.27,43.0,31.3,entsoe.eu,false,
2024-08-23 11:00:00,North Macedonia,North Macedonia,MK,383.29,438.75,41.5,28.56,entsoe.eu,false,
2024-08-23 12:00:00,North Macedonia,North Macedonia,MK,397.62,455.16,38.45,26.19,entsoe.eu,false,
2024-08-23 13:00:00,North Macedonia,North Macedonia,MK,434.04,495.55,32.31,21.32,entsoe.eu,false,
2024-08-23 14:00:00,North Macedonia,North Macedonia,MK,391.63,455.73,32.95,32.93,entsoe.eu,false,
2024-08-23 15:00:00,North Macedonia,North Macedonia,MK,379.17,445.97,33.6,33.6,entsoe.eu,false,
2024-08-23 16:00:00,North Macedonia,North Macedonia,MK,391.2,460.76,31.34,31.34,entsoe.eu,false,
2024-08-23 17:00:00,North Macedonia,North Macedonia,MK,408.21,479.71,28.75,28.75,entsoe.eu,false,
2024-08-23 18:00:00,North Macedonia,North Macedonia,MK,407.64,478.65,28.85,28.85,entsoe.eu,false,
2024-08-23 19:00:00,North Macedonia,North Macedonia,MK,416.78,486.58,28.13,28.13,entsoe.eu,false,
2024-08-23 20:00:00,North Macedonia,North Macedonia,MK,419.23,487.36,28.31,28.31,entsoe.eu,false,
2024-08-23 21:00:00,North Macedonia,North Macedonia,MK,479.96,546.28,22.3,21.02,entsoe.eu,false,
2024-08-23 22:00:00,North Macedonia,North Macedonia,MK,531.33,598.65,17.58,11.87,entsoe.eu,false,
2024-08-23 23:00:00,North Macedonia,North Macedonia,MK,568.74,636.65,14.33,5.2,entsoe.eu,false,
2024-08-24 00:00:00,North Macedonia,North Macedonia,MK,593.76,660.44,13.03,2.88,entsoe.eu,false,
2024-08-24 01:00:00,North Macedonia,North Macedonia,MK,591.69,657.43,13.73,3.73,entsoe.eu,false,
2024-08-24 02:00:00,North Macedonia,North Macedonia,MK,583.21,648.87,14.66,4.17,entsoe.eu,false,
2024-08-24 03:00:00,North Macedonia,North Macedonia,MK,567.18,632.01,16.94,4.26,entsoe.eu,false,
2024-08-24 04:00:00,North Macedonia,North Macedonia,MK,537.69,604.88,18.16,5.59,entsoe.eu,false,
2024-08-24 05:00:00,North Macedonia,North Macedonia,MK,492.65,560.96,22.09,8.83,entsoe.eu,false,
2024-08-24 06:00:00,North Macedonia,North Macedonia,MK,468.84,532.21,27.8,14.43,entsoe.eu,false,
2024-08-24 07:00:00,North Macedonia,North Macedonia,MK,453.81,515.24,30.67,17.71,entsoe.eu,false,
2024-08-24 08:00:00,North Macedonia,North Macedonia,MK,477.28,541.01,26.82,14.36,entsoe.eu,false,
2024-08-24 09:00:00,North Macedonia,North Macedonia,MK,469.33,532.38,28.11,14.96,entsoe.eu,false,
2024-08-24 10:00:00,North Macedonia,North Macedonia,MK,451.02,513.44,30.42,16.65,entsoe.eu,false,
2024-08-24 11:00:00,North Macedonia,North Macedonia,MK,443.34,506.38,30.8,16.65,entsoe.eu,false,
2024-08-24 12:00:00,North Macedonia,North Macedonia,MK,433.08,494.77,32.07,20.07,entsoe.eu,false,
2024-08-24 13:00:00,North Macedonia,North Macedonia,MK,441.23,504.59,30.22,18.87,entsoe.eu,false,
2024-08-24 14:00:00,North Macedonia,North Macedonia,MK,401.84,460.46,35.79,28.41,entsoe.eu,false,
2024-08-24 15:00:00,North Macedonia,North Macedonia,MK,391.9,455.67,33.26,32.69,entsoe.eu,false,
2024-08-24 16:00:00,North Macedonia,North Macedonia,MK,392.64,460.22,31.71,31.71,entsoe.eu,false,
2024-08-24 17:00:00,North Macedonia,North Macedonia,MK,401.92,470.05,30.34,30.34,entsoe.eu,false,
2024-08-24 18:00:00,North Macedonia,North Macedonia,MK,407.92,476.39,29.67,29.67,entsoe.eu,false,
2024-08-24 19:00:00,North Macedonia,North Macedonia,MK,406.44,475.04,29.49,29.49,entsoe.eu,false,
2024-08-24 20:00:00,North Macedonia,North Macedonia,MK,415.35,482.87,28.19,27.23,entsoe.eu,false,
2024-08-24 21:00:00,North Macedonia,North Macedonia,MK,464.49,529.29,25.62,17.7,entsoe.eu,false,
2024-08-24 22:00:00,North Macedonia,North Macedonia,MK,526.27,590.33,20.82,9.36,entsoe.eu,false,
2024-08-24 23:00:00,North Macedonia,North Macedonia,MK,540.94,605.09,19.59,6.19,entsoe.eu,false,
2024-08-25 00:00:00,North Macedonia,North Macedonia,MK,555.46,620.87,17.57,3.61,entsoe.eu,false,
2024-08-25 01:00:00,North Macedonia,North Macedonia,MK,550.92,614.22,19.21,5.27,entsoe.eu,false,
2024-08-25 02:00:00,North Macedonia,North Macedonia,MK,558.85,621.85,18.6,5.29,entsoe.eu,false,
2024-08-25 03:00:00,North Macedonia,North Macedonia,MK,568.88,631.35,17.99,4.98,entsoe.eu,false,
2024-08-25 04:00:00,North Macedonia,North Macedonia,MK,558.23,619.93,19.63,5.73,entsoe.eu,false,
2024-08-25 05:00:00,North Macedonia,North Macedonia,MK,538.42,600.39,21.59,7.39,entsoe.eu,false,
2024-08-25 06:00:00,North Macedonia,North Macedonia,MK,494.77,556.41,26.36,10.64,entsoe.eu,false,
2024-08-25 07:00:00,North Macedonia,North Macedonia,MK,471.31,532.44,29.22,13.44,entsoe.eu,false,
2024-08-25 08:00:00,North Macedonia,North Macedonia,MK,443.14,502.08,33.34,17.72,entsoe.eu,false,
2024-08-25 09:00:00,North Macedonia,North Macedonia,MK,434.39,492.87,34.44,19.7,entsoe.eu,false,
2024-08-25 10:00:00,North Macedonia,North Macedonia,MK,438.03,497.14,33.77,18.77,entsoe.eu,false,
2024-08-25 11:00:00,North Macedonia,North Macedonia,MK,431.28,489.24,34.87,20.48,entsoe.eu,false,
2024-08-25 12:00:00,North Macedonia,North Macedonia,MK,451.0,510.06,32.16,18.26,entsoe.eu,false,
2024-08-25 13:00:00,North Macedonia,North Macedonia,MK,472.98,534.89,28.13,15.45,entsoe.eu,false,
2024-08-25 14:00:00,North Macedonia,North Macedonia,MK,489.38,553.25,25.16,13.46,entsoe.eu,false,
2024-08-25 15:00:00,North Macedonia,North Macedonia,MK,394.57,452.87,35.39,32.48,entsoe.eu,false,
2024-08-25 16:00:00,North Macedonia,North Macedonia,MK,368.0,432.06,34.68,34.68,entsoe.eu,false,
2024-08-25 17:00:00,North Macedonia,North Macedonia,MK,365.72,428.83,35.91,35.91,entsoe.eu,false,
2024-08-25 18:00:00,North Macedonia,North Macedonia,MK,361.09,427.21,34.87,34.87,entsoe.eu,false,
2024-08-25 19:00:00,North Macedonia,North Macedonia,MK,395.63,459.01,32.17,32.16,entsoe.eu,false,
2024-08-25 20:00:00,North Macedonia,North Macedonia,MK,402.19,471.35,28.0,28.0,entsoe.eu,false,
2024-08-25 21:00:00,North Macedonia,North Macedonia,MK,497.14,563.75,20.75,17.5,entsoe.eu,false,
2024-08-25 22:00:00,North Macedonia,North Macedonia,MK,508.53,570.54,23.17,15.01,Electricity Maps Estimation,true,ESTIMATED_TIME_SLICER_AVERAGE
2024-08-25 23:00:00,North Macedonia,North Macedonia,MK,537.48,601.25,19.6,10.6,Electricity Maps Estimation,true,ESTIMATED_TIME_SLICER_AVERAGE
2024-08-26 00:00:00,North Macedonia,North Macedonia,MK,537.98,602.41,19.25,9.11,Electricity Maps Estimation,true,ESTIMATED_TIME_SLICER_AVERAGE
2024-08-26 01:00:00,North Macedonia,North Macedonia,MK,547.03,613.87,16.82,7.34,Electricity Maps Estimation,true,ESTIMATED_TIME_SLICER_AVERAGE
2024-08-26 02:00:00,North Macedonia,North Macedonia,MK,544.75,613.3,15.81,7.67,Electricity Maps Estimation,true,ESTIMATED_TIME_SLICER_AVERAGE
2024-08-26 03:00:00,North Macedonia,North Macedonia,MK,527.8,596.0,17.34,11.31,Electricity Maps Estimation,true,ESTIMATED_TIME_SLICER_AVERAGE
2024-08-26 04:00:00,North Macedonia,North Macedonia,MK,389.5,462.08,27.98,27.98,Electricity Maps Estimation,true,ESTIMATED_TIME_SLICER_AVERAGE
2024-08-26 05:00:00,North Macedonia,North Macedonia,MK,360.33,428.2,34.16,32.07,Electricity Maps Estimation,true,ESTIMATED_TIME_SLICER_AVERAGE
2024-08-26 06:00:00,North Macedonia,North Macedonia,MK,365.96,427.95,37.44,29.63,Electricity Maps Estimation,true,ESTIMATED_TIME_SLICER_AVERAGE
2024-08-26 07:00:00,North Macedonia,North Macedonia,MK,397.94,459.77,34.88,26.74,Electricity Maps Estimation,true,ESTIMATED_TIME_SLICER_AVERAGE
2024-08-26 08:00:00,North Macedonia,North Macedonia,MK,397.11,457.58,35.95,27.48,Electricity Maps Estimation,true,ESTIMATED_TIME_SLICER_AVERAGE
2024-08-26 09:00:00,North Macedonia,North Macedonia,MK,380.69,438.81,39.07,30.01,Electricity Maps Estimation,true,ESTIMATED_TIME_SLICER_AVERAGE
2024-08-26 10:00:00,North Macedonia,North Macedonia,MK,391.1,450.94,36.89,27.35,Electricity Maps Estimation,true,ESTIMATED_TIME_SLICER_AVERAGE
2024-08-26 11:00:00,North Macedonia,North Macedonia,MK,386.8,446.38,37.31,28.67,Electricity Maps Estimation,true,ESTIMATED_TIME_SLICER_AVERAGE
2024-08-26 12:00:00,North Macedonia,North Macedonia,MK,366.98,424.05,40.81,31.1,Electricity Maps Estimation,true,ESTIMATED_TIME_SLICER_AVERAGE
2024-08-26 13:00:00,North Macedonia,North Macedonia,MK,372.23,431.54,38.11,31.21,Electricity Maps Estimation,true,ESTIMATED_TIME_SLICER_AVERAGE
2024-08-26 14:00:00,North Macedonia,North Macedonia,MK,331.27,393.99,39.35,38.92,Electricity Maps Estimation,true,ESTIMATED_TIME_SLICER_AVERAGE
2024-08-26 15:00:00,North Macedonia,North Macedonia,MK,323.2,387.82,40.18,40.18,Electricity Maps Estimation,true,ESTIMATED_TIME_SLICER_AVERAGE
2024-08-26 16:00:00,North Macedonia,North Macedonia,MK,344.74,410.45,37.07,37.07,Electricity Maps Estimation,true,ESTIMATED_TIME_SLICER_AVERAGE
2024-08-26 17:00:00,North Macedonia,North Macedonia,MK,340.28,408.18,37.29,37.29,Electricity Maps Estimation,true,ESTIMATED_TIME_SLICER_AVERAGE
2024-08-26 18:00:00,North Macedonia,North Macedonia,MK,340.42,408.63,37.1,37.1,Electricity Maps Estimation,true,ESTIMATED_TIME_SLICER_AVERAGE
2024-08-26 19:00:00,North Macedonia,North Macedonia,MK,342.17,410.07,37.02,37.02,Electricity Maps Estimation,true,ESTIMATED_TIME_SLICER_AVERAGE
2024-08-26 20:00:00,North Macedonia,North Macedonia,MK,338.26,405.89,36.6,36.6,Electricity Maps Estimation,true,ESTIMATED_TIME_SLICER_AVERAGE
2024-08-26 21:00:00,North Macedonia,North Macedonia,MK,428.36,491.76,28.68,28.57,Electricity Maps Estimation,true,ESTIMATED_TIME_SLICER_AVERAGE
2024-08-26 22:00:00,North Macedonia,North Macedonia,MK,489.91,555.26,22.29,18.85,Electricity Maps Estimation,true,ESTIMATED_TIME_SLICER_AVERAGE
2024-08-26 23:00:00,North Macedonia,North Macedonia,MK,535.36,602.02,17.72,11.76,Electricity Maps Estimation,true,ESTIMATED_TIME_SLICER_AVERAGE
2024-08-27 00:00:00,North Macedonia,North Macedonia,MK,567.43,635.98,13.77,7.02,Electricity Maps Estimation,true,ESTIMATED_TIME_SLICER_AVERAGE
2024-08-27 01:00:00,North Macedonia,North Macedonia,MK,575.46,646.32,11.58,5.05,Electricity Maps Estimation,true,ESTIMATED_TIME_SLICER_AVERAGE
2024-08-27 02:00:00,North Macedonia,North Macedonia,MK,572.19,643.22,11.73,5.41,Electricity Maps Estimation,true,ESTIMATED_TIME_SLICER_AVERAGE
2024-08-27 03:00:00,North Macedonia,North Macedonia,MK,545.18,616.38,13.83,9.33,Electricity Maps Estimation,true,ESTIMATED_TIME_SLICER_AVERAGE
2024-08-27 04:00:00,North Macedonia,North Macedonia,MK,427.72,506.73,21.07,21.07,Electricity Maps Estimation,true,ESTIMATED_TIME_SLICER_AVERAGE
2024-08-27 05:00:00,North Macedonia,North Macedonia,MK,404.78,476.91,26.64,23.73,Electricity Maps Estimation,true,ESTIMATED_TIME_SLICER_AVERAGE
2024-08-27 06:00:00,North Macedonia,North Macedonia,MK,368.56,432.58,36.02,27.23,Electricity Maps Estimation,true,ESTIMATED_TIME_SLICER_AVERAGE
2024-08-27 07:00:00,North Macedonia,North Macedonia,MK,396.41,461.07,33.51,24.27,Electricity Maps Estimation,true,ESTIMATED_TIME_SLICER_AVERAGE
2024-08-27 08:00:00,North Macedonia,North Macedonia,MK,406.34,470.96,32.93,23.41,Electricity Maps Estimation,true,ESTIMATED_TIME_SLICER_AVERAGE
2024-08-27 09:00:00,North Macedonia,North Macedonia,MK,399.33,465.25,32.51,23.46,Electricity Maps Estimation,true,ESTIMATED_TIME_SLICER_AVERAGE
2024-08-27 10:00:00,North Macedonia,North Macedonia,MK,401.85,469.53,31.11,22.7,Electricity Maps Estimation,true,ESTIMATED_TIME_SLICER_AVERAGE
2024-08-27 11:00:00,North Macedonia,North Macedonia,MK,399.95,467.49,31.12,23.73,Electricity Maps Estimation,true,ESTIMATED_TIME_SLICER_AVERAGE
2024-08-27 12:00:00,North Macedonia,North Macedonia,MK,381.72,447.52,33.54,27.45,Electricity Maps Estimation,true,ESTIMATED_TIME_SLICER_AVERAGE
2024-08-27 13:00:00,North Macedonia,North Macedonia,MK,375.77,444.88,30.46,29.05,Electricity Maps Estimation,true,ESTIMATED_TIME_SLICER_AVERAGE
2024-08-27 14:00:00,North Macedonia,North Macedonia,MK,352.01,415.33,37.17,37.17,Electricity Maps Estimation,true,ESTIMATED_TIME_SLICER_AVERAGE
2024-08-27 15:00:00,North Macedonia,North Macedonia,MK,356.14,420.04,37.42,37.42,Electricity Maps Estimation,true,ESTIMATED_TIME_SLICER_AVERAGE
2024-08-27 16:00:00,North Macedonia,North Macedonia,MK,337.07,404.75,38.53,38.53,Electricity Maps Estimation,true,ESTIMATED_TIME_SLICER_AVERAGE
2024-08-27 17:00:00,North Macedonia,North Macedonia,MK,348.0,416.48,36.71,36.71,Electricity Maps Estimation,true,ESTIMATED_TIME_SLICER_AVERAGE
2024-08-27 18:00:00,North Macedonia,North Macedonia,MK,344.81,414.85,36.78,36.78,Electricity Maps Estimation,true,ESTIMATED_TIME_SLICER_AVERAGE
2024-08-27 19:00:00,North Macedonia,North Macedonia,MK,367.41,435.03,34.12,34.12,Electricity Maps Estimation,true,ESTIMATED_TIME_SLICER_AVERAGE
2024-08-27 20:00:00,North Macedonia,North Macedonia,MK,365.69,433.72,33.24,33.24,Electricity Maps Estimation,true,ESTIMATED_TIME_SLICER_AVERAGE
2024-08-27 21:00:00,North Macedonia,North Macedonia,MK,389.55,455.35,30.81,30.8,Electricity Maps Estimation,true,ESTIMATED_TIME_SLICER_AVERAGE
2024-08-27 22:00:00,North Macedonia,North Macedonia,MK,345.98,414.11,33.79,33.78,entsoe.eu,false,
2024-08-27 23:00:00,North Macedonia,North Macedonia,MK,419.48,488.14,27.13,21.93,entsoe.eu,false,
2024-08-28 00:00:00,North Macedonia,North Macedonia,MK,478.4,546.62,22.58,13.6,entsoe.eu,false,
2024-08-28 01:00:00,North Macedonia,North Macedonia,MK,504.89,573.25,20.08,10.65,entsoe.eu,false,
2024-08-28 02:00:00,North Macedonia,North Macedonia,MK,492.62,565.81,17.67,12.19,entsoe.eu,false,
2024-08-28 03:00:00,North Macedonia,North Macedonia,MK,483.68,556.81,17.71,17.68,entsoe.eu,false,
2024-08-28 04:00:00,North Macedonia,North Macedonia,MK,445.69,522.96,19.7,19.66,entsoe.eu,false,
2024-08-28 05:00:00,North Macedonia,North Macedonia,MK,384.73,458.92,28.08,28.08,entsoe.eu,false,
2024-08-28 06:00:00,North Macedonia,North Macedonia,MK,359.65,430.0,33.91,33.74,entsoe.eu,false,
2024-08-28 07:00:00,North Macedonia,North Macedonia,MK,379.15,448.0,33.99,32.77,entsoe.eu,false,
2024-08-28 08:00:00,North Macedonia,North Macedonia,MK,375.09,440.86,36.33,33.87,entsoe.eu,false,
2024-08-28 09:00:00,North Macedonia,North Macedonia,MK,398.34,464.98,33.2,28.86,entsoe.eu,false,
2024-08-28 10:00:00,North Macedonia,North Macedonia,MK,387.2,453.88,34.3,30.9,entsoe.eu,false,
2024-08-28 11:00:00,North Macedonia,North Macedonia,MK,372.63,437.31,37.12,31.42,entsoe.eu,false,
2024-08-28 12:00:00,North Macedonia,North Macedonia,MK,317.66,376.1,44.76,42.1,entsoe.eu,false,
2024-08-28 13:00:00,North Macedonia,North Macedonia,MK,305.52,366.49,44.04,43.66,entsoe.eu,false,
2024-08-28 14:00:00,North Macedonia,North Macedonia,MK,291.4,351.22,43.48,43.48,entsoe.eu,false,
2024-08-28 15:00:00,North Macedonia,North Macedonia,MK,315.19,377.82,39.96,39.96,entsoe.eu,false,
2024-08-28 16:00:00,North Macedonia,North Macedonia,MK,341.89,410.63,37.53,37.53,entsoe.eu,false,
2024-08-28 17:00:00,North Macedonia,North Macedonia,MK,348.2,417.96,36.46,36.46,entsoe.eu,false,
2024-08-28 18:00:00,North Macedonia,North Macedonia,MK,338.47,406.08,36.88,36.88,entsoe.eu,false,
2024-08-28 19:00:00,North Macedonia,North Macedonia,MK,344.09,412.43,36.21,36.21,entsoe.eu,false,
2024-08-28 20:00:00,North Macedonia,North Macedonia,MK,336.88,403.23,37.43,37.43,entsoe.eu,false,
2024-08-28 21:00:00,North Macedonia,North Macedonia,MK,341.08,406.05,36.88,34.51,entsoe.eu,false,
2024-08-28 22:00:00,North Macedonia,North Macedonia,MK,372.27,438.06,33.14,27.98,entsoe.eu,false,
2024-08-28 23:00:00,North Macedonia,North Macedonia,MK,457.3,522.47,26.41,16.31,entsoe.eu,false,
2024-08-29 00:00:00,North Macedonia,North Macedonia,MK,477.35,543.5,24.19,13.09,entsoe.eu,false,
2024-08-29 01:00:00,North Macedonia,North Macedonia,MK,476.04,544.98,22.56,11.83,entsoe.eu,false,
2024-08-29 02:00:00,North Macedonia,North Macedonia,MK,472.72,541.93,22.67,12.2,entsoe.eu,false,
2024-08-29 03:00:00,North Macedonia,North Macedonia,MK,480.58,552.37,19.79,13.57,entsoe.eu,false,
2024-08-29 04:00:00,North Macedonia,North Macedonia,MK,430.38,504.45,22.05,22.04,entsoe.eu,false,
2024-08-29 05:00:00,North Macedonia,North Macedonia,MK,393.52,468.74,26.61,25.73,entsoe.eu,false,
2024-08-29 06:00:00,North Macedonia,North Macedonia,MK,383.36,443.96,36.31,28.74,entsoe.eu,false,
2024-08-29 07:00:00,North Macedonia,North Macedonia,MK,404.04,464.9,34.83,25.86,entsoe.eu,false,
2024-08-29 08:00:00,North Macedonia,North Macedonia,MK,411.4,470.92,35.9,24.56,entsoe.eu,false,
2024-08-29 09:00:00,North Macedonia,North Macedonia,MK,408.03,466.53,37.16,25.43,entsoe.eu,false,
2024-08-29 10:00:00,North Macedonia,North Macedonia,MK,390.39,447.47,39.39,28.49,entsoe.eu,false,
2024-08-29 11:00:00,North Macedonia,North Macedonia,MK,379.79,437.49,39.7,29.66,entsoe.eu,false,
2024-08-29 12:00:00,North Macedonia,North Macedonia,MK,337.7,390.93,45.55,37.71,entsoe.eu,false,
2024-08-29 13:00:00,North Macedonia,North Macedonia,MK,345.85,401.23,42.98,36.33,entsoe.eu,false,
2024-08-29 14:00:00,North Macedonia,North Macedonia,MK,302.23,359.71,44.32,42.42,entsoe.eu,false,
2024-08-29 15:00:00,North Macedonia,North Macedonia,MK,315.38,376.99,41.24,41.24,entsoe.eu,false,
2024-08-29 16:00:00,North Macedonia,North Macedonia,MK,342.7,410.34,38.25,38.25,entsoe.eu,false,
2024-08-29 17:00:00,North Macedonia,North Macedonia,MK,354.97,424.49,37.2,37.2,entsoe.eu,false,
2024-08-29 18:00:00,North Macedonia,North Macedonia,MK,360.52,431.17,35.34,35.34,entsoe.eu,false,
2024-08-29 19:00:00,North Macedonia,North Macedonia,MK,320.52,380.77,41.3,38.56,entsoe.eu,false,
2024-08-29 20:00:00,North Macedonia,North Macedonia,MK,353.18,409.98,40.76,33.83,entsoe.eu,false,
2024-08-29 21:00:00,North Macedonia,North Macedonia,MK,364.27,420.36,40.49,30.63,entsoe.eu,false,
2024-08-29 22:00:00,North Macedonia,North Macedonia,MK,402.32,460.48,36.27,23.14,entsoe.eu,false,
2024-08-29 23:00:00,North Macedonia,North Macedonia,MK,441.72,501.15,32.12,18.72,entsoe.eu,false,
2024-08-30 00:00:00,North Macedonia,North Macedonia,MK,457.13,518.7,29.37,14.95,entsoe.eu,false,
2024-08-30 01:00:00,North Macedonia,North Macedonia,MK,468.35,531.08,27.63,13.13,entsoe.eu,false,
2024-08-30 02:00:00,North Macedonia,North Macedonia,MK,478.41,542.05,26.12,12.6,entsoe.eu,false,
2024-08-30 03:00:00,North Macedonia,North Macedonia,MK,445.61,511.45,27.35,16.72,entsoe.eu,false,
2024-08-30 04:00:00,North Macedonia,North Macedonia,MK,378.13,450.45,30.84,29.58,entsoe.eu,false,
2024-08-30 05:00:00,North Macedonia,North Macedonia,MK,369.48,441.33,32.94,31.91,entsoe.eu,false,
2024-08-30 06:00:00,North Macedonia,North Macedonia,MK,369.38,436.04,36.2,34.1,entsoe.eu,false,
2024-08-30 07:00:00,North Macedonia,North Macedonia,MK,410.17,474.5,33.9,26.59,entsoe.eu,false,
2024-08-30 08:00:00,North Macedonia,North Macedonia,MK,405.8,467.73,35.5,26.43,entsoe.eu,false,
2024-08-30 09:00:00,North Macedonia,North Macedonia,MK,391.74,452.78,37.22,27.89,entsoe.eu,false,
2024-08-30 10:00:00,North Macedonia,North Macedonia,MK,408.78,471.76,33.76,22.72,entsoe.eu,false,
2024-08-30 11:00:00,North Macedonia,North Macedonia,MK,375.65,434.73,39.06,27.78,entsoe.eu,false,
2024-08-30 12:00:00,North Macedonia,North Macedonia,MK,368.35,428.94,38.34,28.64,entsoe.eu,false,
2024-08-30 13:00:00,North Macedonia,North Macedonia,MK,367.11,429.29,37.28,27.99,entsoe.eu,false,
2024-08-30 14:00:00,North Macedonia,North Macedonia,MK,316.66,378.79,40.8,38.77,entsoe.eu,false,
2024-08-30 15:00:00,North Macedonia,North Macedonia,MK,351.89,421.18,36.69,36.68,entsoe.eu,false,
2024-08-30 16:00:00,North Macedonia,North Macedonia,MK,369.69,441.65,35.17,35.17,entsoe.eu,false,
2024-08-30 17:00:00,North Macedonia,North Macedonia,MK,358.8,429.02,36.85,36.85,entsoe.eu,false,
2024-08-30 18:00:00,North Macedonia,North Macedonia,MK,364.45,434.43,36.53,36.53,entsoe.eu,false,
2024-08-30 19:00:00,North Macedonia,North Macedonia,MK,319.1,381.55,41.43,39.59,entsoe.eu,false,
2024-08-30 20:00:00,North Macedonia,North Macedonia,MK,312.69,372.23,43.71,38.38,entsoe.eu,false,
2024-08-30 21:00:00,North Macedonia,North Macedonia,MK,335.68,392.58,42.78,32.57,entsoe.eu,false,
2024-08-30 22:00:00,North Macedonia,North Macedonia,MK,357.41,414.42,41.09,26.4,entsoe.eu,false,
2024-08-30 23:00:00,North Macedonia,North Macedonia,MK,430.2,489.63,33.23,17.74,entsoe.eu,false,
2024-08-31 00:00:00,North Macedonia,North Macedonia,MK,432.47,493.14,32.25,15.84,entsoe.eu,false,
2024-08-31 01:00:00,North Macedonia,North Macedonia,MK,436.47,497.13,31.92,15.33,entsoe.eu,false,
2024-08-31 02:00:00,North Macedonia,North Macedonia,MK,437.16,497.29,32.16,15.93,entsoe.eu,false,
2024-08-31 03:00:00,North Macedonia,North Macedonia,MK,421.11,479.42,34.7,19.07,entsoe.eu,false,
2024-08-31 04:00:00,North Macedonia,North Macedonia,MK,385.46,446.22,36.42,21.72,entsoe.eu,false,
2024-08-31 05:00:00,North Macedonia,North Macedonia,MK,359.74,420.07,38.85,26.8,entsoe.eu,false,
2024-08-31 06:00:00,North Macedonia,North Macedonia,MK,374.56,436.99,35.94,26.35,entsoe.eu,false,
2024-08-31 07:00:00,North Macedonia,North Macedonia,MK,351.12,406.51,42.75,31.97,entsoe.eu,false,
2024-08-31 08:00:00,North Macedonia,North Macedonia,MK,342.05,396.11,44.57,33.37,entsoe.eu,false,
2024-08-31 09:00:00,North Macedonia,North Macedonia,MK,311.21,362.24,49.53,37.48,entsoe.eu,false,
2024-08-31 10:00:00,North Macedonia,North Macedonia,MK,343.42,395.49,45.54,34.77,entsoe.eu,false,
2024-08-31 11:00:00,North Macedonia,North Macedonia,MK,350.69,405.47,43.24,31.75,entsoe.eu,false,
2024-08-31 12:00:00,North Macedonia,North Macedonia,MK,341.18,395.56,44.79,30.86,entsoe.eu,false,
2024-08-31 13:00:00,North Macedonia,North Macedonia,MK,372.43,430.07,40.33,24.5,entsoe.eu,false,
2024-08-31 14:00:00,North Macedonia,North Macedonia,MK,339.42,398.53,41.34,30.78,entsoe.eu,false,
2024-08-31 15:00:00,North Macedonia,North Macedonia,MK,347.02,406.9,39.34,32.78,entsoe.eu,false,
2024-08-31 16:00:00,North Macedonia,North Macedonia,MK,312.09,372.71,42.4,40.11,entsoe.eu,false,
2024-08-31 17:00:00,North Macedonia,North Macedonia,MK,308.01,372.81,41.55,41.54,entsoe.eu,false,
2024-08-31 18:00:00,North Macedonia,North Macedonia,MK,315.84,378.96,41.87,39.86,entsoe.eu,false,
2024-08-31 19:00:00,North Macedonia,North Macedonia,MK,341.49,408.32,37.18,35.13,entsoe.eu,false,
2024-08-31 20:00:00,North Macedonia,North Macedonia,MK,353.81,419.85,36.5,33.35,entsoe.eu,false,
2024-08-31 21:00:00,North Macedonia,North Macedonia,MK,367.57,426.07,38.89,26.49,entsoe.eu,false,
2024-08-31 22:00:00,North Macedonia,North Macedonia,MK,415.92,475.56,34.18,18.75,entsoe.eu,false,
2024-08-31 23:00:00,North Macedonia,North Macedonia,MK,474.83,536.7,27.62,11.16,entsoe.eu,false,
2024-09-01 00:00:00,North Macedonia,North Macedonia,MK,516.66,578.21,24.04,7.25,entsoe.eu,false,
2024-09-01 01:00:00,North Macedonia,North Macedonia,MK,574.22,623.15,26.87,7.55,entsoe.eu,false,
2024-09-01 02:00:00,North Macedonia,North Macedonia,MK,560.78,608.57,28.91,9.15,entsoe.eu,false,
2024-09-01 03:00:00,North Macedonia,North Macedonia,MK,553.08,600.43,29.91,10.29,entsoe.eu,false,
2024-09-01 04:00:00,North Macedonia,North Macedonia,MK,564.59,612.95,27.84,9.89,entsoe.eu,false,
2024-09-01 05:00:00,North Macedonia,North Macedonia,MK,572.15,621.37,26.66,10.01,entsoe.eu,false,
2024-09-01 06:00:00,North Macedonia,North Macedonia,MK,551.37,599.52,29.29,12.4,entsoe.eu,false,
2024-09-01 07:00:00,North Macedonia,North Macedonia,MK,536.05,583.5,31.44,14.85,entsoe.eu,false,
2024-09-01 08:00:00,North Macedonia,North Macedonia,MK,540.93,589.09,30.49,14.93,entsoe.eu,false,
2024-09-01 09:00:00,North Macedonia,North Macedonia,MK,546.4,594.89,29.78,14.53,entsoe.eu,false,
2024-09-01 10:00:00,North Macedonia,North Macedonia,MK,553.82,602.7,28.83,13.56,entsoe.eu,false,
2024-09-01 11:00:00,North Macedonia,North Macedonia,MK,567.49,617.33,26.74,13.13,entsoe.eu,false,
2024-09-01 12:00:00,North Macedonia,North Macedonia,MK,558.37,607.65,28.02,14.06,entsoe.eu,false,
2024-09-01 13:00:00,North Macedonia,North Macedonia,MK,518.42,576.1,26.36,13.3,entsoe.eu,false,
2024-09-01 14:00:00,North Macedonia,North Macedonia,MK,476.04,539.41,26.68,14.57,entsoe.eu,false,
2024-09-01 15:00:00,North Macedonia,North Macedonia,MK,410.2,470.73,33.0,29.49,entsoe.eu,false,
2024-09-01 16:00:00,North Macedonia,North Macedonia,MK,393.95,462.67,30.52,30.49,entsoe.eu,false,
2024-09-01 17:00:00,North Macedonia,North Macedonia,MK,417.74,481.63,29.84,27.54,entsoe.eu,false,
2024-09-01 18:00:00,North Macedonia,North Macedonia,MK,417.94,480.22,31.24,26.55,entsoe.eu,false,
2024-09-01 19:00:00,North Macedonia,North Macedonia,MK,423.94,491.15,28.57,25.39,entsoe.eu,false,
2024-09-01 20:00:00,North Macedonia,North Macedonia,MK,453.25,515.09,29.14,20.58,entsoe.eu,false,
2024-09-01 21:00:00,North Macedonia,North Macedonia,MK,489.2,552.09,25.9,13.22,entsoe.eu,false,
2024-09-01 22:00:00,North Macedonia,North Macedonia,MK,499.32,560.67,26.0,12.36,Electricity Maps Estimation,true,ESTIMATED_TIME_SLICER_AVERAGE
2024-09-01 23:00:00,North Macedonia,North Macedonia,MK,515.77,577.29,24.38,9.98,Electricity Maps Estimation,true,ESTIMATED_TIME_SLICER_AVERAGE
2024-09-02 00:00:00,North Macedonia,North Macedonia,MK,534.65,597.6,21.72,6.98,Electricity Maps Estimation,true,ESTIMATED_TIME_SLICER_AVERAGE
2024-09-02 01:00:00,North Macedonia,North Macedonia,MK,536.18,599.75,21.12,6.86,Electricity Maps Estimation,true,ESTIMATED_TIME_SLICER_AVERAGE
2024-09-02 02:00:00,North Macedonia,North Macedonia,MK,538.91,603.1,20.38,7.1,Electricity Maps Estimation,true,ESTIMATED_TIME_SLICER_AVERAGE
2024-09-02 03:00:00,North Macedonia,North Macedonia,MK,539.33,604.58,19.64,7.98,Electricity Maps Estimation,true,ESTIMATED_TIME_SLICER_AVERAGE
2024-09-02 04:00:00,North Macedonia,North Macedonia,MK,495.64,565.14,20.09,13.7,Electricity Maps Estimation,true,ESTIMATED_TIME_SLICER_AVERAGE
2024-09-02 05:00:00,North Macedonia,North Macedonia,MK,422.91,496.97,24.91,22.67,Electricity Maps Estimation,true,ESTIMATED_TIME_SLICER_AVERAGE
2024-09-02 06:00:00,North Macedonia,North Macedonia,MK,457.15,523.71,26.04,19.11,Electricity Maps Estimation,true,ESTIMATED_TIME_SLICER_AVERAGE
2024-09-02 07:00:00,North Macedonia,North Macedonia,MK,450.6,514.97,28.73,20.08,Electricity Maps Estimation,true,ESTIMATED_TIME_SLICER_AVERAGE
2024-09-02 08:00:00,North Macedonia,North Macedonia,MK,436.07,497.82,32.31,21.91,Electricity Maps Estimation,true,ESTIMATED_TIME_SLICER_AVERAGE
2024-09-02 09:00:00,North Macedonia,North Macedonia,MK,435.21,496.94,32.26,22.16,Electricity Maps Estimation,true,ESTIMATED_TIME_SLICER_AVERAGE
2024-09-02 10:00:00,North Macedonia,North Macedonia,MK,434.81,496.36,32.58,22.03,Electricity Maps Estimation,true,ESTIMATED_TIME_SLICER_AVERAGE
2024-09-02 11:00:00,North Macedonia,North Macedonia,MK,429.68,490.96,33.27,22.5,Electricity Maps Estimation,true,ESTIMATED_TIME_SLICER_AVERAGE
2024-09-02 12:00:00,North Macedonia,North Macedonia,MK,458.06,523.3,27.42,19.05,Electricity Maps Estimation,true,ESTIMATED_TIME_SLICER_AVERAGE
2024-09-02 13:00:00,North Macedonia,North Macedonia,MK,486.86,557.18,20.79,15.44,Electricity Maps Estimation,true,ESTIMATED_TIME_SLICER_AVERAGE
2024-09-02 14:00:00,North Macedonia,North Macedonia,MK,457.32,532.59,21.39,21.39,Electricity Maps Estimation,true,ESTIMATED_TIME_SLICER_AVERAGE
2024-09-02 15:00:00,North Macedonia,North Macedonia,MK,435.57,511.17,24.55,24.55,Electricity Maps Estimation,true,ESTIMATED_TIME_SLICER_AVERAGE
2024-09-02 16:00:00,North Macedonia,North Macedonia,MK,441.02,517.29,24.82,24.82,Electricity Maps Estimation,true,ESTIMATED_TIME_SLICER_AVERAGE
2024-09-02 17:00:00,North Macedonia,North Macedonia,MK,433.17,508.1,26.42,26.42,Electricity Maps Estimation,true,ESTIMATED_TIME_SLICER_AVERAGE
2024-09-02 18:00:00,North Macedonia,North Macedonia,MK,449.83,526.21,23.86,23.86,Electricity Maps Estimation,true,ESTIMATED_TIME_SLICER_AVERAGE
2024-09-02 19:00:00,North Macedonia,North Macedonia,MK,473.43,548.31,20.74,19.43,Electricity Maps Estimation,true,ESTIMATED_TIME_SLICER_AVERAGE
2024-09-02 20:00:00,North Macedonia,North Macedonia,MK,488.89,563.22,19.5,15.9,Electricity Maps Estimation,true,ESTIMATED_TIME_SLICER_AVERAGE
2024-09-02 21:00:00,North Macedonia,North Macedonia,MK,498.26,567.05,21.35,10.12,Electricity Maps Estimation,true,ESTIMATED_TIME_SLICER_AVERAGE
2024-09-02 22:00:00,North Macedonia,North Macedonia,MK,508.07,575.24,21.71,10.02,entsoe.eu,false,
2024-09-02 23:00:00,North Macedonia,North Macedonia,MK,535.36,601.22,20.51,6.74,entsoe.eu,false,
2024-09-03 00:00:00,North Macedonia,North Macedonia,MK,553.45,617.74,20.07,4.99,entsoe.eu,false,
2024-09-03 01:00:00,North Macedonia,North Macedonia,MK,555.07,620.32,19.25,4.43,entsoe.eu,false,
2024-09-03 02:00:00,North Macedonia,North Macedonia,MK,542.39,609.61,19.06,5.07,entsoe.eu,false,
2024-09-03 03:00:00,North Macedonia,North Macedonia,MK,541.39,613.57,15.36,4.6,entsoe.eu,false,
2024-09-03 04:00:00,North Macedonia,North Macedonia,MK,542.75,618.14,12.9,4.12,entsoe.eu,false,
2024-09-03 05:00:00,North Macedonia,North Macedonia,MK,519.04,598.37,13.55,10.89,entsoe.eu,false,
2024-09-03 06:00:00,North Macedonia,North Macedonia,MK,507.03,585.72,14.87,13.24,entsoe.eu,false,
2024-09-03 07:00:00,North Macedonia,North Macedonia,MK,497.37,568.49,19.82,12.89,entsoe.eu,false,
2024-09-03 08:00:00,North Macedonia,North Macedonia,MK,489.49,558.34,22.09,14.82,entsoe.eu,false,
2024-09-03 09:00:00,North Macedonia,North Macedonia,MK,480.69,548.87,23.27,16.22,entsoe.eu,false,
2024-09-03 10:00:00,North Macedonia,North Macedonia,MK,456.53,521.92,27.46,19.58,entsoe.eu,false,
2024-09-03 11:00:00,North Macedonia,North Macedonia,MK,465.05,530.29,27.43,17.56,entsoe.eu,false,
2024-09-03 12:00:00,North Macedonia,North Macedonia,MK,453.09,519.1,26.96,20.55,entsoe.eu,false,
2024-09-03 13:00:00,North Macedonia,North Macedonia,MK,434.44,496.25,31.29,24.11,entsoe.eu,false,
2024-09-03 14:00:00,North Macedonia,North Macedonia,MK,450.55,518.2,25.42,23.97,entsoe.eu,false,
2024-09-03 15:00:00,North Macedonia,North Macedonia,MK,473.66,549.47,20.98,20.98,entsoe.eu,false,
2024-09-03 16:00:00,North Macedonia,North Macedonia,MK,458.72,533.56,24.44,24.44,entsoe.eu,false,
2024-09-03 17:00:00,North Macedonia,North Macedonia,MK,458.79,534.53,24.41,24.41,entsoe.eu,false,
2024-09-03 18:00:00,North Macedonia,North Macedonia,MK,450.24,524.03,25.94,25.94,entsoe.eu,false,
2024-09-03 19:00:00,North Macedonia,North Macedonia,MK,442.58,512.61,25.78,25.78,entsoe.eu,false,
2024-09-03 20:00:00,North Macedonia,North Macedonia,MK,466.54,537.09,22.57,19.91,entsoe.eu,false,
2024-09-03 21:00:00,North Macedonia,North Macedonia,MK,488.44,555.26,23.3,13.44,entsoe.eu,false,
2024-09-03 22:00:00,North Macedonia,North Macedonia,MK,502.1,570.57,21.08,10.43,entsoe.eu,false,
2024-09-03 23:00:00,North Macedonia,North Macedonia,MK,533.38,600.94,19.52,5.91,entsoe.eu,false,
2024-09-04 00:00:00,North Macedonia,North Macedonia,MK,544.25,611.54,18.95,4.15,entsoe.eu,false,
2024-09-04 01:00:00,North Macedonia,North Macedonia,MK,544.97,613.16,18.26,3.52,entsoe.eu,false,
2024-09-04 02:00:00,North Macedonia,North Macedonia,MK,540.22,606.67,19.97,4.03,entsoe.eu,false,
2024-09-04 03:00:00,North Macedonia,North Macedonia,MK,541.52,612.06,16.63,4.31,entsoe.eu,false,
2024-09-04 04:00:00,North Macedonia,North Macedonia,MK,528.19,604.1,13.27,7.17,entsoe.eu,false,
2024-09-04 05:00:00,North Macedonia,North Macedonia,MK,511.78,591.86,14.41,14.41,entsoe.eu,false,
2024-09-04 06:00:00,North Macedonia,North Macedonia,MK,488.56,566.01,18.14,18.14,entsoe.eu,false,
2024-09-04 07:00:00,North Macedonia,North Macedonia,MK,500.74,575.47,18.31,13.42,entsoe.eu,false,
2024-09-04 08:00:00,North Macedonia,North Macedonia,MK,504.11,573.87,20.77,12.5,entsoe.eu,false,
2024-09-04 09:00:00,North Macedonia,North Macedonia,MK,502.97,571.78,21.45,12.67,entsoe.eu,false,
2024-09-04 10:00:00,North Macedonia,North Macedonia,MK,471.51,534.38,28.89,17.2,entsoe.eu,false,
2024-09-04 11:00:00,North Macedonia,North Macedonia,MK,450.43,514.48,30.06,18.46,entsoe.eu,false,
2024-09-04 12:00:00,North Macedonia,North Macedonia,MK,447.88,510.27,31.23,19.01,entsoe.eu,false,
2024-09-04 13:00:00,North Macedonia,North Macedonia,MK,411.21,471.76,34.44,26.33,entsoe.eu,false,
2024-09-04 14:00:00,North Macedonia,North Macedonia,MK,410.13,470.24,34.34,27.2,entsoe.eu,false,
2024-09-04 15:00:00,North Macedonia,North Macedonia,MK,430.46,497.28,29.23,26.24,entsoe.eu,false,
2024-09-04 16:00:00,North Macedonia,North Macedonia,MK,447.07,519.73,25.29,24.19,entsoe.eu,false,
2024-09-04 17:00:00,North Macedonia,North Macedonia,MK,435.66,509.12,26.66,26.66,entsoe.eu,false,
2024-09-04 18:00:00,North Macedonia,North Macedonia,MK,439.56,513.06,26.26,26.26,entsoe.eu,false,
2024-09-04 19:00:00,North Macedonia,North Macedonia,MK,450.16,522.22,24.66,24.66,entsoe.eu,false,
2024-09-04 20:00:00,North Macedonia,North Macedonia,MK,447.54,510.92,28.37,21.68,entsoe.eu,false,
2024-09-04 21:00:00,North Macedonia,North Macedonia,MK,469.22,534.67,25.2,17.76,entsoe.eu,false,
2024-09-04 22:00:00,North Macedonia,North Macedonia,MK,489.47,551.23,26.9,13.58,entsoe.eu,false,
2024-09-04 23:00:00,North Macedonia,North Macedonia,MK,518.66,581.22,24.3,8.97,entsoe.eu,false,
2024-09-05 00:00:00,North Macedonia,North Macedonia,MK,529.52,592.98,22.87,6.93,entsoe.eu,false,
2024-09-05 01:00:00,North Macedonia,North Macedonia,MK,529.39,593.86,22.05,6.61,entsoe.eu,false,
2024-09-05 02:00:00,North Macedonia,North Macedonia,MK,522.93,586.65,23.1,7.61,entsoe.eu,false,
2024-09-05 03:00:00,North Macedonia,North Macedonia,MK,520.05,583.33,23.42,9.4,entsoe.eu,false,
2024-09-05 04:00:00,North Macedonia,North Macedonia,MK,520.98,593.23,16.34,9.11,entsoe.eu,false,
2024-09-05 05:00:00,North Macedonia,North Macedonia,MK,500.56,574.87,16.39,12.59,entsoe.eu,false,
2024-09-05 06:00:00,North Macedonia,North Macedonia,MK,504.73,579.5,16.06,11.59,entsoe.eu,false,
2024-09-05 07:00:00,North Macedonia,North Macedonia,MK,503.44,573.68,20.06,12.25,entsoe.eu,false,
2024-09-05 08:00:00,North Macedonia,North Macedonia,MK,485.87,551.78,24.88,15.74,entsoe.eu,false,
2024-09-05 09:00:00,North Macedonia,North Macedonia,MK,475.87,539.81,27.24,17.68,entsoe.eu,false,
2024-09-05 10:00:00,North Macedonia,North Macedonia,MK,467.2,529.93,29.04,18.71,entsoe.eu,false,
2024-09-05 11:00:00,North Macedonia,North Macedonia,MK,456.08,519.33,29.6,19.53,entsoe.eu,false,
2024-09-05 12:00:00,North Macedonia,North Macedonia,MK,433.48,496.29,32.14,20.92,entsoe.eu,false,
2024-09-05 13:00:00,North Macedonia,North Macedonia,MK,444.0,507.54,30.38,19.49,entsoe.eu,false,
2024-09-05 14:00:00,North Macedonia,North Macedonia,MK,419.33,479.27,34.44,23.89,entsoe.eu,false,
2024-09-05 15:00:00,North Macedonia,North Macedonia,MK,429.94,496.57,29.19,25.43,entsoe.eu,false,
2024-09-05 16:00:00,North Macedonia,North Macedonia,MK,441.57,510.84,26.89,25.06,entsoe.eu,false,
2024-09-05 17:00:00,North Macedonia,North Macedonia,MK,434.36,502.48,28.29,26.55,entsoe.eu,false,
2024-09-05 18:00:00,North Macedonia,North Macedonia,MK,435.93,504.51,27.34,25.86,entsoe.eu,false,
2024-09-05 19:00:00,North Macedonia,North Macedonia,MK,465.46,537.93,22.64,21.36,entsoe.eu,false,
2024-09-05 20:00:00,North Macedonia,North Macedonia,MK,450.89,515.67,27.59,22.34,entsoe.eu,false,
2024-09-05 21:00:00,North Macedonia,North Macedonia,MK,474.66,540.74,24.21,16.64,entsoe.eu,false,
2024-09-05 22:00:00,North Macedonia,North Macedonia,MK,504.28,566.46,25.21,10.79,entsoe.eu,false,
2024-09-05 23:00:00,North Macedonia,North Macedonia,MK,525.17,587.12,23.58,8.6,entsoe.eu,false,
2024-09-06 00:00:00,North Macedonia,North Macedonia,MK,524.2,584.81,24.45,9.2,entsoe.eu,false,
2024-09-06 01:00:00,North Macedonia,North Macedonia,MK,522.4,586.07,22.57,8.26,entsoe.eu,false,
2024-09-06 02:00:00,North Macedonia,North Macedonia,MK,522.52,584.8,23.47,8.8,entsoe.eu,false,
2024-09-06 03:00:00,North Macedonia,North Macedonia,MK,529.16,595.45,20.26,7.01,entsoe.eu,false,
2024-09-06 04:00:00,North Macedonia,North Macedonia,MK,500.87,572.52,18.58,10.04,entsoe.eu,false,
2024-09-06 05:00:00,North Macedonia,North Macedonia,MK,483.14,552.76,21.68,13.25,entsoe.eu,false,
2024-09-06 06:00:00,North Macedonia,North Macedonia,MK,505.05,577.48,18.14,9.97,entsoe.eu,false,
2024-09-06 07:00:00,North Macedonia,North Macedonia,MK,483.97,551.86,23.41,13.82,entsoe.eu,false,
2024-09-06 08:00:00,North Macedonia,North Macedonia,MK,424.6,485.74,33.18,22.22,entsoe.eu,false,
2024-09-06 09:00:00,North Macedonia,North Macedonia,MK,378.93,437.08,38.91,29.13,entsoe.eu,false,
2024-09-06 10:00:00,North Macedonia,North Macedonia,MK,403.47,464.67,34.91,24.63,entsoe.eu,false,
2024-09-06 11:00:00,North Macedonia,North Macedonia,MK,431.72,496.22,30.14,20.02,entsoe.eu,false,
2024-09-06 12:00:00,North Macedonia,North Macedonia,MK,441.52,502.59,31.79,19.8,entsoe.eu,false,
2024-09-06 13:00:00,North Macedonia,North Macedonia,MK,486.69,554.2,23.27,12.89,entsoe.eu,false,
2024-09-06 14:00:00,North Macedonia,North Macedonia,MK,496.01,566.71,19.22,13.66,entsoe.eu,false,
2024-09-06 15:00:00,North Macedonia,North Macedonia,MK,456.58,528.49,23.02,23.02,entsoe.eu,false,
2024-09-06 16:00:00,North Macedonia,North Macedonia,MK,432.26,501.21,26.65,26.65,entsoe.eu,false,
2024-09-06 17:00:00,North Macedonia,North Macedonia,MK,430.05,499.07,26.71,26.71,entsoe.eu,false,
2024-09-06 18:00:00,North Macedonia,North Macedonia,MK,454.58,526.4,23.0,22.32,entsoe.eu,false,
2024-09-06 19:00:00,North Macedonia,North Macedonia,MK,438.88,508.74,26.02,26.02,entsoe.eu,false,
2024-09-06 20:00:00,North Macedonia,North Macedonia,MK,436.84,497.96,30.91,21.41,entsoe.eu,false,
2024-09-06 21:00:00,North Macedonia,North Macedonia,MK,473.87,533.12,29.95,14.0,entsoe.eu,false,
2024-09-06 22:00:00,North Macedonia,North Macedonia,MK,490.17,549.71,28.59,11.17,entsoe.eu,false,
2024-09-06 23:00:00,North Macedonia,North Macedonia,MK,485.43,544.84,28.85,11.77,entsoe.eu,false,
2024-09-07 00:00:00,North Macedonia,North Macedonia,MK,501.56,563.72,25.71,8.42,entsoe.eu,false,
2024-09-07 01:00:00,North Macedonia,North Macedonia,MK,502.54,564.81,25.44,8.57,entsoe.eu,false,
2024-09-07 02:00:00,North Macedonia,North Macedonia,MK,496.95,559.81,25.65,8.12,entsoe.eu,false,
2024-09-07 03:00:00,North Macedonia,North Macedonia,MK,482.65,544.14,27.88,9.95,entsoe.eu,false,
2024-09-07 04:00:00,North Macedonia,North Macedonia,MK,477.72,540.31,27.66,10.15,entsoe.eu,false,
2024-09-07 05:00:00,North Macedonia,North Macedonia,MK,454.77,517.51,29.9,12.88,entsoe.eu,false,
2024-09-07 06:00:00,North Macedonia,North Macedonia,MK,431.18,492.29,33.47,16.01,entsoe.eu,false,
2024-09-07 07:00:00,North Macedonia,North Macedonia,MK,419.82,478.06,36.4,19.3,entsoe.eu,false,
2024-09-07 08:00:00,North Macedonia,North Macedonia,MK,411.15,467.75,38.39,22.64,entsoe.eu,false,
2024-09-07 09:00:00,North Macedonia,North Macedonia,MK,401.44,457.2,40.16,23.24,entsoe.eu,false,
2024-09-07 10:00:00,North Macedonia,North Macedonia,MK,417.84,475.55,37.14,20.45,entsoe.eu,false,
2024-09-07 11:00:00,North Macedonia,North Macedonia,MK,425.94,483.9,36.07,18.98,entsoe.eu,false,
2024-09-07 12:00:00,North Macedonia,North Macedonia,MK,435.0,492.38,35.47,18.06,entsoe.eu,false,
2024-09-07 13:00:00,North Macedonia,North Macedonia,MK,427.46,484.4,36.51,20.0,entsoe.eu,false,
2024-09-07 14:00:00,North Macedonia,North Macedonia,MK,407.4,463.92,37.71,24.31,entsoe.eu,false,
2024-09-07 15:00:00,North Macedonia,North Macedonia,MK,402.26,460.66,35.56,27.63,entsoe.eu,false,
2024-09-07 16:00:00,North Macedonia,North Macedonia,MK,420.31,484.72,29.62,25.91,entsoe.eu,false,
2024-09-07 17:00:00,North Macedonia,North Macedonia,MK,422.93,485.4,30.98,24.47,entsoe.eu,false,
2024-09-07 18:00:00,North Macedonia,North Macedonia,MK,428.91,491.97,30.23,22.83,entsoe.eu,false,
2024-09-07 19:00:00,North Macedonia,North Macedonia,MK,427.41,488.06,31.94,23.64,entsoe.eu,false,
2024-09-07 20:00:00,North Macedonia,North Macedonia,MK,445.77,504.15,32.69,18.46,entsoe.eu,false,
2024-09-07 21:00:00,North Macedonia,North Macedonia,MK,443.74,499.01,35.29,18.18,entsoe.eu,false,
2024-09-07 22:00:00,North Macedonia,North Macedonia,MK,462.82,520.49,32.12,14.33,entsoe.eu,false,
2024-09-07 23:00:00,North Macedonia,North Macedonia,MK,477.35,536.97,29.59,11.41,entsoe.eu,false,
2024-09-08 00:00:00,North Macedonia,North Macedonia,MK,479.93,538.32,30.15,11.33,entsoe.eu,false,
2024-09-08 01:00:00,North Macedonia,North Macedonia,MK,483.3,542.03,29.48,11.14,entsoe.eu,false,
2024-09-08 02:00:00,North Macedonia,North Macedonia,MK,484.07,542.51,29.54,11.5,entsoe.eu,false,
2024-09-08 03:00:00,North Macedonia,North Macedonia,MK,471.55,528.84,31.53,12.46,entsoe.eu,false,
2024-09-08 04:00:00,North Macedonia,North Macedonia,MK,460.79,517.5,32.88,13.99,entsoe.eu,false,
2024-09-08 05:00:00,North Macedonia,North Macedonia,MK,456.09,498.85,43.09,19.91,entsoe.eu,false,
2024-09-08 06:00:00,North Macedonia,North Macedonia,MK,412.06,452.73,48.84,26.62,entsoe.eu,false,
2024-09-08 07:00:00,North Macedonia,North Macedonia,MK,402.17,443.09,49.72,29.86,entsoe.eu,false,
2024-09-08 08:00:00,North Macedonia,North Macedonia,MK,430.09,472.6,46.17,25.76,entsoe.eu,false,
2024-09-08 09:00:00,North Macedonia,North Macedonia,MK,438.09,480.92,45.22,24.44,entsoe.eu,false,
2024-09-08 10:00:00,North Macedonia,North Macedonia,MK,436.16,478.9,45.58,24.09,entsoe.eu,false,
2024-09-08 11:00:00,North Macedonia,North Macedonia,MK,429.52,471.92,46.4,24.64,entsoe.eu,false,
2024-09-08 12:00:00,North Macedonia,North Macedonia,MK,446.92,490.17,44.02,22.65,entsoe.eu,false,
2024-09-08 13:00:00,North Macedonia,North Macedonia,MK,419.91,472.7,40.26,21.08,entsoe.eu,false,
2024-09-08 14:00:00,North Macedonia,North Macedonia,MK,333.99,388.52,46.51,30.47,entsoe.eu,false,
2024-09-08 15:00:00,North Macedonia,North Macedonia,MK,337.65,398.18,40.67,32.11,entsoe.eu,false,
2024-09-08 16:00:00,North Macedonia,North Macedonia,MK,313.31,374.47,41.36,38.87,entsoe.eu,false,
2024-09-08 17:00:00,North Macedonia,North Macedonia,MK,298.99,355.63,45.61,41.07,entsoe.eu,false,
2024-09-08 18:00:00,North Macedonia,North Macedonia,MK,325.57,378.94,45.91,38.27,entsoe.eu,false,
2024-09-08 19:00:00,North Macedonia,North Macedonia,MK,330.06,388.3,42.45,35.03,entsoe.eu,false,
2024-09-08 20:00:00,North Macedonia,North Macedonia,MK,362.14,418.5,41.29,30.52,entsoe.eu,false,
2024-09-08 21:00:00,North Macedonia,North Macedonia,MK,409.92,464.93,38.68,22.61,entsoe.eu,false,
2024-09-08 22:00:00,North Macedonia,North Macedonia,MK,424.1,480.02,36.87,20.47,entsoe.eu,false,
2024-09-08 23:00:00,North Macedonia,North Macedonia,MK,430.34,487.08,35.88,18.39,entsoe.eu,false,
2024-09-09 00:00:00,North Macedonia,North Macedonia,MK,438.83,496.71,34.41,16.88,entsoe.eu,false,
2024-09-09 01:00:00,North Macedonia,North Macedonia,MK,441.4,497.5,35.22,17.82,entsoe.eu,false,
2024-09-09 02:00:00,North Macedonia,North Macedonia,MK,443.33,500.18,34.34,18.34,entsoe.eu,false,
2024-09-09 03:00:00,North Macedonia,North Macedonia,MK,431.65,490.26,33.95,20.5,entsoe.eu,false,
2024-09-09 04:00:00,North Macedonia,North Macedonia,MK,410.23,475.17,31.36,22.14,entsoe.eu,false,
2024-09-09 05:00:00,North Macedonia,North Macedonia,MK,393.79,464.07,29.66,21.24,entsoe.eu,false,
2024-09-09 06:00:00,North Macedonia,North Macedonia,MK,391.29,461.05,30.92,20.93,entsoe.eu,false,
2024-09-09 07:00:00,North Macedonia,North Macedonia,MK,355.7,419.68,38.07,27.38,entsoe.eu,false,
2024-09-09 08:00:00,North Macedonia,North Macedonia,MK,348.85,411.43,39.25,30.16,entsoe.eu,false,
2024-09-09 09:00:00,North Macedonia,North Macedonia,MK,343.07,404.24,41.04,30.93,entsoe.eu,false,
2024-09-09 10:00:00,North Macedonia,North Macedonia,MK,337.62,396.57,42.57,33.5,entsoe.eu,false,
2024-09-09 11:00:00,North Macedonia,North Macedonia,MK,293.91,349.44,48.54,39.77,entsoe.eu,false,
2024-09-09 12:00:00,North Macedonia,North Macedonia,MK,290.64,346.34,48.69,39.58,entsoe.eu,false,
2024-09-09 13:00:00,North Macedonia,North Macedonia,MK,325.22,387.43,40.51,34.46,entsoe.eu,false,
2024-09-09 14:00:00,North Macedonia,North Macedonia,MK,316.81,381.39,38.47,38.47,entsoe.eu,false,
2024-09-09 15:00:00,North Macedonia,North Macedonia,MK,323.6,392.77,36.91,36.91,entsoe.eu,false,
2024-09-09 16:00:00,North Macedonia,North Macedonia,MK,313.23,379.32,39.72,39.72,entsoe.eu,false,
2024-09-09 17:00:00,North Macedonia,North Macedonia,MK,312.14,379.4,39.7,39.7,entsoe.eu,false,
2024-09-09 18:00:00,North Macedonia,North Macedonia,MK,305.68,371.66,40.01,40.01,entsoe.eu,false,
2024-09-09 19:00:00,North Macedonia,North Macedonia,MK,303.81,370.26,39.78,39.78,entsoe.eu,false,
2024-09-09 20:00:00,North Macedonia,North Macedonia,MK,333.27,393.47,40.21,36.05,entsoe.eu,false,
2024-09-09 21:00:00,North Macedonia,North Macedonia,MK,399.43,455.99,37.71,27.12,entsoe.eu,false,
2024-09-09 22:00:00,North Macedonia,North Macedonia,MK,438.7,496.21,34.02,20.52,entsoe.eu,false,
2024-09-09 23:00:00,North Macedonia,North Macedonia,MK,468.98,527.7,30.71,16.06,entsoe.eu,false,
2024-09-10 00:00:00,North Macedonia,North Macedonia,MK,473.95,532.97,30.03,15.5,entsoe.eu,false,
2024-09-10 01:00:00,North Macedonia,North Macedonia,MK,479.94,540.25,28.65,14.63,entsoe.eu,false,
2024-09-10 02:00:00,North Macedonia,North Macedonia,MK,471.87,534.28,27.62,16.55,entsoe.eu,false,
2024-09-10 03:00:00,North Macedonia,North Macedonia,MK,454.11,517.76,28.0,19.95,entsoe.eu,false,
2024-09-10 04:00:00,North Macedonia,North Macedonia,MK,360.61,435.45,29.03,29.03,entsoe.eu,false,
2024-09-10 05:00:00,North Macedonia,North Macedonia,MK,324.63,395.41,35.63,35.63,entsoe.eu,false,
2024-09-10 06:00:00,North Macedonia,North Macedonia,MK,292.53,357.8,41.96,41.96,entsoe.eu,false,
2024-09-10 07:00:00,North Macedonia,North Macedonia,MK,293.0,356.39,42.45,42.45,entsoe.eu,false,
2024-09-10 08:00:00,North Macedonia,North Macedonia,MK,391.46,459.62,30.24,26.55,entsoe.eu,false,
2024-09-10 09:00:00,North Macedonia,North Macedonia,MK,357.75,422.83,35.12,31.62,entsoe.eu,false,
2024-09-10 10:00:00,North Macedonia,North Macedonia,MK,386.48,453.89,31.37,26.84,entsoe.eu,false,
2024-09-10 11:00:00,North Macedonia,North Macedonia,MK,294.92,357.59,42.41,42.41,entsoe.eu,false,
2024-09-10 12:00:00,North Macedonia,North Macedonia,MK,269.05,327.8,47.62,47.62,entsoe.eu,false,
2024-09-10 13:00:00,North Macedonia,North Macedonia,MK,284.8,347.07,44.39,44.39,entsoe.eu,false,
2024-09-10 14:00:00,North Macedonia,North Macedonia,MK,279.65,343.08,44.47,44.47,entsoe.eu,false,
2024-09-10 15:00:00,North Macedonia,North Macedonia,MK,295.23,360.79,41.91,41.91,entsoe.eu,false,
2024-09-10 16:00:00,North Macedonia,North Macedonia,MK,311.05,379.4,39.49,39.49,entsoe.eu,false,
2024-09-10 17:00:00,North Macedonia,North Macedonia,MK,315.63,384.89,38.72,38.72,entsoe.eu,false,
2024-09-10 18:00:00,North Macedonia,North Macedonia,MK,313.48,381.77,39.45,39.45,entsoe.eu,false,
2024-09-10 19:00:00,North Macedonia,North Macedonia,MK,312.52,380.93,39.43,39.43,entsoe.eu,false,
2024-09-10 20:00:00,North Macedonia,North Macedonia,MK,354.56,414.76,38.59,32.78,entsoe.eu,false,
2024-09-10 21:00:00,North Macedonia,North Macedonia,MK,423.82,481.67,34.93,22.95,entsoe.eu,false,
2024-09-10 22:00:00,North Macedonia,North Macedonia,MK,412.43,471.78,34.51,24.75,entsoe.eu,false,
2024-09-10 23:00:00,North Macedonia,North Macedonia,MK,478.07,538.23,28.71,15.34,entsoe.eu,false,
2024-09-11 00:00:00,North Macedonia,North Macedonia,MK,488.21,548.77,27.58,14.09,entsoe.eu,false,
2024-09-11 01:00:00,North Macedonia,North Macedonia,MK,491.46,553.93,26.05,13.1,entsoe.eu,false,
2024-09-11 02:00:00,North Macedonia,North Macedonia,MK,475.66,539.75,26.19,15.02,entsoe.eu,false,
2024-09-11 03:00:00,North Macedonia,North Macedonia,MK,441.51,509.77,25.82,20.22,entsoe.eu,false,
2024-09-11 04:00:00,North Macedonia,North Macedonia,MK,372.52,448.53,27.06,27.06,entsoe.eu,false,
2024-09-11 05:00:00,North Macedonia,North Macedonia,MK,342.73,414.35,33.43,33.43,entsoe.eu,false,
2024-09-11 06:00:00,North Macedonia,North Macedonia,MK,309.95,375.78,39.84,39.84,entsoe.eu,false,
2024-09-11 07:00:00,North Macedonia,North Macedonia,MK,296.45,359.82,42.11,42.11,entsoe.eu,false,
2024-09-11 08:00:00,North Macedonia,North Macedonia,MK,298.62,360.56,41.95,41.95,entsoe.eu,false,
2024-09-11 09:00:00,North Macedonia,North Macedonia,MK,312.03,375.93,39.13,39.13,entsoe.eu,false,
2024-09-11 10:00:00,North Macedonia,North Macedonia,MK,334.47,402.57,34.52,34.52,entsoe.eu,false,
2024-09-11 11:00:00,North Macedonia,North Macedonia,MK,354.66,425.14,31.23,31.23,entsoe.eu,false,
2024-09-11 12:00:00,North Macedonia,North Macedonia,MK,352.85,421.16,32.76,32.76,entsoe.eu,false,
2024-09-11 13:00:00,North Macedonia,North Macedonia,MK,336.52,401.01,37.24,37.24,entsoe.eu,false,
2024-09-11 14:00:00,North Macedonia,North Macedonia,MK,329.56,396.34,37.95,37.95,entsoe.eu,false,
2024-09-11 15:00:00,North Macedonia,North Macedonia,MK,350.07,421.68,33.32,33.32,entsoe.eu,false,
2024-09-11 16:00:00,North Macedonia,North Macedonia,MK,375.44,449.97,30.24,30.24,entsoe.eu,false,
2024-09-11 17:00:00,North Macedonia,North Macedonia,MK,374.38,443.9,32.77,32.77,entsoe.eu,false,
2024-09-11 18:00:00,North Macedonia,North Macedonia,MK,409.79,481.53,27.66,27.66,entsoe.eu,false,
2024-09-11 19:00:00,North Macedonia,North Macedonia,MK,419.09,494.45,25.52,25.52,entsoe.eu,false,
2024-09-11 20:00:00,North Macedonia,North Macedonia,MK,443.93,507.57,28.04,23.01,entsoe.eu,false,
2024-09-11 21:00:00,North Macedonia,North Macedonia,MK,482.04,544.49,26.14,15.85,entsoe.eu,false,
2024-09-11 22:00:00,North Macedonia,North Macedonia,MK,477.24,538.62,27.37,15.63,Electricity Maps Estimation,true,ESTIMATED_TIME_SLICER_AVERAGE
2024-09-11 23:00:00,North Macedonia,North Macedonia,MK,488.97,549.5,27.13,13.6,Electricity Maps Estimation,true,ESTIMATED_TIME_SLICER_AVERAGE
2024-09-12 00:00:00,North Macedonia,North Macedonia,MK,488.49,548.2,27.77,13.96,Electricity Maps Estimation,false,
2024-09-12 01:00:00,North Macedonia,North Macedonia,MK,497.99,558.19,26.52,13.36,Electricity Maps Estimation,false,
2024-09-12 02:00:00,North Macedonia,North Macedonia,MK,508.76,571.43,23.68,12.69,Electricity Maps Estimation,true,ESTIMATED_TIME_SLICER_AVERAGE
2024-09-12 03:00:00,North Macedonia,North Macedonia,MK,525.55,597.87,14.89,12.78,Electricity Maps Estimation,true,ESTIMATED_TIME_SLICER_AVERAGE
2024-09-12 04:00:00,North Macedonia,North Macedonia,MK,484.21,559.37,16.69,16.69,Electricity Maps Estimation,true,ESTIMATED_TIME_SLICER_AVERAGE
2024-09-12 05:00:00,North Macedonia,North Macedonia,MK,452.15,525.88,21.22,21.22,Electricity Maps Estimation,true,ESTIMATED_TIME_SLICER_AVERAGE
2024-09-12 06:00:00,North Macedonia,North Macedonia,MK,474.92,548.45,18.5,17.89,Electricity Maps Estimation,true,ESTIMATED_TIME_SLICER_AVERAGE
2024-09-12 07:00:00,North Macedonia,North Macedonia,MK,456.39,524.73,24.79,18.73,Electricity Maps Estimation,true,ESTIMATED_TIME_SLICER_AVERAGE
2024-09-12 08:00:00,North Macedonia,North Macedonia,MK,455.38,522.7,25.82,18.85,Electricity Maps Estimation,true,ESTIMATED_TIME_SLICER_AVERAGE
2024-09-12 09:00:00,North Macedonia,North Macedonia,MK,454.03,520.82,26.28,19.3,Electricity Maps Estimation,true,ESTIMATED_TIME_SLICER_AVERAGE
2024-09-12 10:00:00,North Macedonia,North Macedonia,MK,484.77,555.13,20.79,15.43,Electricity Maps Estimation,true,ESTIMATED_TIME_SLICER_AVERAGE
2024-09-12 11:00:00,North Macedonia,North Macedonia,MK,474.17,544.08,22.04,16.61,Electricity Maps Estimation,true,ESTIMATED_TIME_SLICER_AVERAGE
2024-09-12 12:00:00,North Macedonia,North Macedonia,MK,482.85,554.28,20.0,15.68,Electricity Maps Estimation,true,ESTIMATED_TIME_SLICER_AVERAGE
2024-09-12 13:00:00,North Macedonia,North Macedonia,MK,505.73,581.13,14.93,12.42,Electricity Maps Estimation,true,ESTIMATED_TIME_SLICER_AVERAGE
2024-09-12 14:00:00,North Macedonia,North Macedonia,MK,515.13,592.91,12.02,11.81,Electricity Maps Estimation,true,ESTIMATED_TIME_SLICER_AVERAGE
2024-09-12 15:00:00,North Macedonia,North Macedonia,MK,422.14,497.99,23.77,23.77,Electricity Maps Estimation,true,ESTIMATED_TIME_SLICER_AVERAGE
2024-09-12 16:00:00,North Macedonia,North Macedonia,MK,418.0,495.62,24.0,24.0,Electricity Maps Estimation,true,ESTIMATED_TIME_SLICER_AVERAGE
2024-09-12 17:00:00,North Macedonia,North Macedonia,MK,408.22,485.06,26.3,26.3,Electricity Maps Estimation,true,ESTIMATED_TIME_SLICER_AVERAGE
2024-09-12 18:00:00,North Macedonia,North Macedonia,MK,415.71,492.68,25.32,25.32,Electricity Maps Estimation,true,ESTIMATED_TIME_SLICER_AVERAGE
2024-09-12 19:00:00,North Macedonia,North Macedonia,MK,424.38,502.48,23.11,23.11,Electricity Maps Estimation,true,ESTIMATED_TIME_SLICER_AVERAGE
2024-09-12 20:00:00,North Macedonia,North Macedonia,MK,486.41,566.05,14.35,14.35,Electricity Maps Estimation,true,ESTIMATED_TIME_SLICER_AVERAGE
2024-09-12 21:00:00,North Macedonia,North Macedonia,MK,514.31,582.21,19.6,10.61,Electricity Maps Estimation,true,ESTIMATED_TIME_SLICER_AVERAGE
2024-09-12 22:00:00,North Macedonia,North Macedonia,MK,537.41,616.99,9.31,5.98,entsoe.eu,false,
2024-09-12 23:00:00,North Macedonia,North Macedonia,MK,537.07,605.3,17.47,7.32,entsoe.eu,false,
2024-09-13 00:00:00,North Macedonia,North Macedonia,MK,544.65,614.36,15.77,6.29,entsoe.eu,false,
2024-09-13 01:00:00,North Macedonia,North Macedonia,MK,565.19,635.99,12.69,6.81,entsoe.eu,false,
2024-09-13 02:00:00,North Macedonia,North Macedonia,MK,555.87,623.94,15.34,8.98,entsoe.eu,false,
2024-09-13 03:00:00,North Macedonia,North Macedonia,MK,553.65,623.98,13.9,9.79,entsoe.eu,false,
2024-09-13 04:00:00,North Macedonia,North Macedonia,MK,545.45,625.11,8.13,8.12,entsoe.eu,false,
2024-09-13 05:00:00,North Macedonia,North Macedonia,MK,487.61,565.67,14.81,14.81,entsoe.eu,false,
2024-09-13 06:00:00,North Macedonia,North Macedonia,MK,416.37,486.93,26.28,26.28,entsoe.eu,false,
2024-09-13 07:00:00,North Macedonia,North Macedonia,MK,417.72,483.4,28.81,26.95,entsoe.eu,false,
2024-09-13 08:00:00,North Macedonia,North Macedonia,MK,388.03,451.88,33.44,31.2,entsoe.eu,false,
2024-09-13 09:00:00,North Macedonia,North Macedonia,MK,399.94,465.52,31.36,31.17,entsoe.eu,false,
2024-09-13 10:00:00,North Macedonia,North Macedonia,MK,441.63,510.74,25.75,25.75,entsoe.eu,false,
2024-09-13 11:00:00,North Macedonia,North Macedonia,MK,366.36,430.39,36.07,36.07,entsoe.eu,false,
2024-09-13 12:00:00,North Macedonia,North Macedonia,MK,344.91,407.4,38.87,38.87,entsoe.eu,false,
2024-09-13 13:00:00,North Macedonia,North Macedonia,MK,397.25,463.82,31.18,31.18,entsoe.eu,false,
2024-09-13 14:00:00,North Macedonia,North Macedonia,MK,407.54,477.06,27.98,27.98,entsoe.eu,false,
2024-09-13 15:00:00,North Macedonia,North Macedonia,MK,401.41,471.6,28.54,28.54,entsoe.eu,false,
2024-09-13 16:00:00,North Macedonia,North Macedonia,MK,498.0,569.39,18.29,14.22,entsoe.eu,false,
2024-09-13 17:00:00,North Macedonia,North Macedonia,MK,454.66,521.29,25.36,20.27,entsoe.eu,false,
2024-09-13 18:00:00,North Macedonia,North Macedonia,MK,470.34,537.0,24.59,16.33,entsoe.eu,false,
2024-09-13 19:00:00,North Macedonia,North Macedonia,MK,483.58,552.85,21.73,12.47,entsoe.eu,false,
2024-09-13 20:00:00,North Macedonia,North Macedonia,MK,468.43,530.99,27.8,15.54,entsoe.eu,false,
2024-09-13 21:00:00,North Macedonia,North Macedonia,MK,483.35,545.35,27.27,12.15,entsoe.eu,false,
2024-09-13 22:00:00,North Macedonia,North Macedonia,MK,501.82,562.96,25.93,9.91,entsoe.eu,false,
2024-09-13 23:00:00,North Macedonia,North Macedonia,MK,523.02,586.02,22.88,6.95,entsoe.eu,false,
2024-09-14 00:00:00,North Macedonia,North Macedonia,MK,527.1,589.07,23.17,7.19,entsoe.eu,false,
2024-09-14 01:00:00,North Macedonia,North Macedonia,MK,532.15,595.0,21.96,6.87,entsoe.eu,false,
2024-09-14 02:00:00,North Macedonia,North Macedonia,MK,530.87,593.78,21.94,7.0,entsoe.eu,false,
2024-09-14 03:00:00,North Macedonia,North Macedonia,MK,528.33,590.03,22.83,9.22,entsoe.eu,false,
2024-09-14 04:00:00,North Macedonia,North Macedonia,MK,531.6,593.84,22.18,9.19,entsoe.eu,false,
2024-09-14 05:00:00,North Macedonia,North Macedonia,MK,506.39,572.67,22.2,9.5,entsoe.eu,false,
2024-09-14 06:00:00,North Macedonia,North Macedonia,MK,486.31,553.8,23.58,10.1,entsoe.eu,false,
2024-09-14 07:00:00,North Macedonia,North Macedonia,MK,471.42,540.55,23.75,12.25,entsoe.eu,false,
2024-09-14 08:00:00,North Macedonia,North Macedonia,MK,464.85,527.79,28.19,17.17,entsoe.eu,false,
2024-09-14 09:00:00,North Macedonia,North Macedonia,MK,473.57,538.21,26.04,16.18,entsoe.eu,false,
2024-09-14 10:00:00,North Macedonia,North Macedonia,MK,341.68,400.58,41.31,33.04,entsoe.eu,false,
2024-09-14 11:00:00,North Macedonia,North Macedonia,MK,336.84,394.72,42.45,32.96,entsoe.eu,false,
2024-09-14 12:00:00,North Macedonia,North Macedonia,MK,328.74,384.77,44.68,33.01,entsoe.eu,false,
2024-09-14 13:00:00,North Macedonia,North Macedonia,MK,343.36,402.41,40.86,32.11,entsoe.eu,false,
2024-09-14 14:00:00,North Macedonia,North Macedonia,MK,352.78,415.91,37.23,30.1,entsoe.eu,false,
2024-09-14 15:00:00,North Macedonia,North Macedonia,MK,336.72,397.9,39.7,33.59,entsoe.eu,false,
2024-09-14 16:00:00,North Macedonia,North Macedonia,MK,281.42,345.01,45.37,45.37,entsoe.eu,false,
2024-09-14 17:00:00,North Macedonia,North Macedonia,MK,275.58,340.29,45.19,45.19,entsoe.eu,false,
2024-09-14 18:00:00,North Macedonia,North Macedonia,MK,297.52,361.41,42.7,40.67,entsoe.eu,false,
2024-09-14 19:00:00,North Macedonia,North Macedonia,MK,335.9,395.19,41.54,30.17,entsoe.eu,false,
2024-09-14 20:00:00,North Macedonia,North Macedonia,MK,352.08,407.17,43.27,28.4,entsoe.eu,false,
2024-09-14 21:00:00,North Macedonia,North Macedonia,MK,362.38,416.85,43.09,25.01,entsoe.eu,false,
2024-09-14 22:00:00,North Macedonia,North Macedonia,MK,407.46,463.05,38.56,19.16,entsoe.eu,false,
2024-09-14 23:00:00,North Macedonia,North Macedonia,MK,424.11,480.62,36.61,16.1,entsoe.eu,false,
2024-09-15 00:00:00,North Macedonia,North Macedonia,MK,435.42,490.38,36.48,16.09,entsoe.eu,false,
2024-09-15 01:00:00,North Macedonia,North Macedonia,MK,448.27,504.54,34.62,13.5,entsoe.eu,false,
2024-09-15 02:00:00,North Macedonia,North Macedonia,MK,452.75,509.07,34.05,13.93,entsoe.eu,false,
2024-09-15 03:00:00,North Macedonia,North Macedonia,MK,448.56,504.62,34.28,16.21,entsoe.eu,false,
2024-09-15 04:00:00,North Macedonia,North Macedonia,MK,461.72,521.72,30.59,13.55,entsoe.eu,false,
2024-09-15 05:00:00,North Macedonia,North Macedonia,MK,437.2,497.63,32.8,15.56,entsoe.eu,false,
2024-09-15 06:00:00,North Macedonia,North Macedonia,MK,383.08,446.25,36.27,19.43,entsoe.eu,false,
2024-09-15 07:00:00,North Macedonia,North Macedonia,MK,339.35,395.43,44.75,28.85,entsoe.eu,false,
2024-09-15 08:00:00,North Macedonia,North Macedonia,MK,368.94,428.97,39.79,22.65,entsoe.eu,false,
2024-09-15 09:00:00,North Macedonia,North Macedonia,MK,395.48,454.88,37.86,20.36,entsoe.eu,false,
2024-09-15 10:00:00,North Macedonia,North Macedonia,MK,401.35,460.49,37.46,19.85,entsoe.eu,false,
2024-09-15 11:00:00,North Macedonia,North Macedonia,MK,414.35,473.1,36.56,19.1,entsoe.eu,false,
2024-09-15 12:00:00,North Macedonia,North Macedonia,MK,393.33,450.23,38.89,24.65,entsoe.eu,false,
2024-09-15 13:00:00,North Macedonia,North Macedonia,MK,367.71,422.35,42.17,30.61,entsoe.eu,false,
2024-09-15 14:00:00,North Macedonia,North Macedonia,MK,392.68,453.13,36.09,24.7,entsoe.eu,false,
2024-09-15 15:00:00,North Macedonia,North Macedonia,MK,321.31,377.06,44.71,37.18,entsoe.eu,false,
2024-09-15 16:00:00,North Macedonia,North Macedonia,MK,284.06,340.35,47.04,43.35,entsoe.eu,false,
2024-09-15 17:00:00,North Macedonia,North Macedonia,MK,284.23,340.22,47.33,43.27,entsoe.eu,false,
2024-09-15 18:00:00,North Macedonia,North Macedonia,MK,289.61,345.04,47.24,41.98,entsoe.eu,false,
2024-09-15 19:00:00,North Macedonia,North Macedonia,MK,300.46,355.86,46.66,39.09,entsoe.eu,false,
2024-09-15 20:00:00,North Macedonia,North Macedonia,MK,349.08,404.32,43.06,31.29,entsoe.eu,false,
2024-09-15 21:00:00,North Macedonia,North Macedonia,MK,374.62,430.56,40.62,26.14,entsoe.eu,false,
2024-09-15 22:00:00,North Macedonia,North Macedonia,MK,417.64,474.49,36.63,19.15,entsoe.eu,false,
2024-09-15 23:00:00,North Macedonia,North Macedonia,MK,437.1,496.81,33.09,16.04,entsoe.eu,false,
2024-09-16 00:00:00,North Macedonia,North Macedonia,MK,455.33,516.17,30.45,14.28,entsoe.eu,false,
2024-09-16 01:00:00,North Macedonia,North Macedonia,MK,452.39,511.85,31.67,14.83,entsoe.eu,false,
2024-09-16 02:00:00,North Macedonia,North Macedonia,MK,442.0,503.81,31.06,15.12,entsoe.eu,false,
2024-09-16 03:00:00,North Macedonia,North Macedonia,MK,440.42,502.52,30.74,18.14,entsoe.eu,false,
2024-09-16 04:00:00,North Macedonia,North Macedonia,MK,384.17,456.1,28.46,23.71,entsoe.eu,false,
2024-09-16 05:00:00,North Macedonia,North Macedonia,MK,357.64,431.02,30.38,27.79,entsoe.eu,false,
2024-09-16 06:00:00,North Macedonia,North Macedonia,MK,305.19,374.43,38.14,38.14,entsoe.eu,false,
2024-09-16 07:00:00,North Macedonia,North Macedonia,MK,317.89,384.01,38.93,37.22,entsoe.eu,false,
2024-09-16 08:00:00,North Macedonia,North Macedonia,MK,357.09,424.99,34.08,30.85,entsoe.eu,false,
2024-09-16 09:00:00,North Macedonia,North Macedonia,MK,366.73,434.12,34.32,26.4,entsoe.eu,false,
2024-09-16 10:00:00,North Macedonia,North Macedonia,MK,352.02,420.85,34.54,28.68,entsoe.eu,false,
2024-09-16 11:00:00,North Macedonia,North Macedonia,MK,352.49,420.23,35.52,27.8,entsoe.eu,false,
2024-09-16 12:00:00,North Macedonia,North Macedonia,MK,344.23,411.5,36.79,29.75,entsoe.eu,false,
2024-09-16 13:00:00,North Macedonia,North Macedonia,MK,342.47,412.91,34.82,29.76,entsoe.eu,false,
2024-09-16 14:00:00,North Macedonia,North Macedonia,MK,318.09,391.18,34.51,34.51,entsoe.eu,false,
2024-09-16 15:00:00,North Macedonia,North Macedonia,MK,327.9,407.38,30.56,30.56,entsoe.eu,false,
2024-09-16 16:00:00,North Macedonia,North Macedonia,MK,335.48,415.9,29.61,29.61,entsoe.eu,false,
2024-09-16 17:00:00,North Macedonia,North Macedonia,MK,333.91,413.67,30.18,30.18,entsoe.eu,false,
2024-09-16 18:00:00,North Macedonia,North Macedonia,MK,336.51,414.34,30.31,30.31,entsoe.eu,false,
2024-09-16 19:00:00,North Macedonia,North Macedonia,MK,340.48,421.34,28.68,28.68,entsoe.eu,false,
2024-09-16 20:00:00,North Macedonia,North Macedonia,MK,354.97,427.78,31.45,25.43,entsoe.eu,false,
2024-09-16 21:00:00,North Macedonia,North Macedonia,MK,366.17,427.22,38.14,23.71,entsoe.eu,false,
2024-09-16 22:00:00,North Macedonia,North Macedonia,MK,404.98,463.5,36.88,18.58,entsoe.eu,false,
2024-09-16 23:00:00,North Macedonia,North Macedonia,MK,410.03,469.1,35.97,17.66,entsoe.eu,false,
2024-09-17 00:00:00,North Macedonia,North Macedonia,MK,431.83,491.44,33.7,15.34,entsoe.eu,false,
2024-09-17 01:00:00,North Macedonia,North Macedonia,MK,429.97,488.6,34.39,16.93,entsoe.eu,false,
2024-09-17 02:00:00,North Macedonia,North Macedonia,MK,433.96,492.9,33.66,17.46,entsoe.eu,false,
2024-09-17 03:00:00,North Macedonia,North Macedonia,MK,431.63,493.89,31.22,19.91,entsoe.eu,false,
2024-09-17 04:00:00,North Macedonia,North Macedonia,MK,359.75,429.04,32.17,27.97,entsoe.eu,false,
2024-09-17 05:00:00,North Macedonia,North Macedonia,MK,353.57,428.31,30.0,28.12,entsoe.eu,false,
2024-09-17 06:00:00,North Macedonia,North Macedonia,MK,347.72,415.98,35.23,28.37,entsoe.eu,false,
2024-09-17 07:00:00,North Macedonia,North Macedonia,MK,339.71,402.47,39.94,29.36,entsoe.eu,false,
2024-09-17 08:00:00,North Macedonia,North Macedonia,MK,365.64,429.88,37.95,22.28,entsoe.eu,false,
2024-09-17 09:00:00,North Macedonia,North Macedonia,MK,338.29,399.48,42.69,26.07,entsoe.eu,false,
2024-09-17 10:00:00,North Macedonia,North Macedonia,MK,330.55,391.66,43.09,27.91,entsoe.eu,false,
2024-09-17 11:00:00,North Macedonia,North Macedonia,MK,328.91,389.71,43.14,28.87,entsoe.eu,false,
2024-09-17 12:00:00,North Macedonia,North Macedonia,MK,331.34,391.29,43.55,28.11,entsoe.eu,false,
2024-09-17 13:00:00,North Macedonia,North Macedonia,MK,346.05,403.87,42.81,29.31,entsoe.eu,false,
2024-09-17 14:00:00,North Macedonia,North Macedonia,MK,372.72,432.74,38.36,26.77,entsoe.eu,false,
2024-09-17 15:00:00,North Macedonia,North Macedonia,MK,377.17,443.66,32.86,26.36,entsoe.eu,false,
2024-09-17 16:00:00,North Macedonia,North Macedonia,MK,346.73,418.48,32.64,28.9,entsoe.eu,false,
2024-09-17 17:00:00,North Macedonia,North Macedonia,MK,335.13,411.4,31.95,30.28,entsoe.eu,false,
2024-09-17 18:00:00,North Macedonia,North Macedonia,MK,341.49,416.4,31.65,29.07,entsoe.eu,false,
2024-09-17 19:00:00,North Macedonia,North Macedonia,MK,343.28,420.97,29.75,28.01,entsoe.eu,false,
2024-09-17 20:00:00,North Macedonia,North Macedonia,MK,359.01,426.39,34.31,25.92,entsoe.eu,false,
2024-09-17 21:00:00,North Macedonia,North Macedonia,MK,371.15,432.46,37.26,24.39,entsoe.eu,false,
2024-09-17 22:00:00,North Macedonia,North Macedonia,MK,397.28,453.95,38.38,22.03,entsoe.eu,false,
2024-09-17 23:00:00,North Macedonia,North Macedonia,MK,420.49,478.21,35.65,18.64,entsoe.eu,false,
2024-09-18 00:00:00,North Macedonia,North Macedonia,MK,457.39,518.7,30.25,12.32,entsoe.eu,false,
2024-09-18 01:00:00,North Macedonia,North Macedonia,MK,472.97,535.76,28.06,9.66,entsoe.eu,false,
2024-09-18 02:00:00,North Macedonia,North Macedonia,MK,478.32,540.21,27.99,10.49,entsoe.eu,false,
2024-09-18 03:00:00,North Macedonia,North Macedonia,MK,450.67,514.01,28.84,17.04,entsoe.eu,false,
2024-09-18 04:00:00,North Macedonia,North Macedonia,MK,396.12,469.79,26.38,22.14,entsoe.eu,false,
2024-09-18 05:00:00,North Macedonia,North Macedonia,MK,369.47,436.62,33.57,25.16,entsoe.eu,false,
2024-09-18 06:00:00,North Macedonia,North Macedonia,MK,362.87,424.39,38.74,25.8,entsoe.eu,false,
2024-09-18 07:00:00,North Macedonia,North Macedonia,MK,400.09,462.85,35.9,17.96,entsoe.eu,false,
2024-09-18 08:00:00,North Macedonia,North Macedonia,MK,381.59,441.58,39.66,21.01,entsoe.eu,false,
2024-09-18 09:00:00,North Macedonia,North Macedonia,MK,376.29,436.94,39.56,21.25,entsoe.eu,false,
2024-09-18 10:00:00,North Macedonia,North Macedonia,MK,382.8,442.19,38.89,23.63,entsoe.eu,false,
2024-09-18 11:00:00,North Macedonia,North Macedonia,MK,374.84,432.72,40.21,26.07,entsoe.eu,false,
2024-09-18 12:00:00,North Macedonia,North Macedonia,MK,405.01,465.04,36.12,21.88,entsoe.eu,false,
2024-09-18 13:00:00,North Macedonia,North Macedonia,MK,432.17,496.39,31.39,16.09,entsoe.eu,false,
2024-09-18 14:00:00,North Macedonia,North Macedonia,MK,436.24,501.9,29.66,15.79,entsoe.eu,false,
2024-09-18 15:00:00,North Macedonia,North Macedonia,MK,371.97,441.61,31.76,25.63,entsoe.eu,false,
2024-09-18 16:00:00,North Macedonia,North Macedonia,MK,338.95,414.92,31.85,30.9,entsoe.eu,false,
2024-09-18 17:00:00,North Macedonia,North Macedonia,MK,332.75,412.02,31.26,31.26,entsoe.eu,false,
2024-09-18 18:00:00,North Macedonia,North Macedonia,MK,333.12,411.46,32.28,32.28,entsoe.eu,false,
2024-09-18 19:00:00,North Macedonia,North Macedonia,MK,344.43,418.29,32.98,30.37,entsoe.eu,false,
2024-09-18 20:00:00,North Macedonia,North Macedonia,MK,366.74,426.25,39.06,25.07,entsoe.eu,false,
2024-09-18 21:00:00,North Macedonia,North Macedonia,MK,401.06,460.01,37.09,18.57,entsoe.eu,false,
2024-09-18 22:00:00,North Macedonia,North Macedonia,MK,417.83,480.37,33.4,11.19,entsoe.eu,false,
2024-09-18 23:00:00,North Macedonia,North Macedonia,MK,421.07,483.02,33.49,10.5,entsoe.eu,false,
2024-09-19 00:00:00,North Macedonia,North Macedonia,MK,420.85,482.77,33.47,10.91,entsoe.eu,false,
2024-09-19 01:00:00,North Macedonia,North Macedonia,MK,425.23,487.9,32.54,11.06,entsoe.eu,false,
2024-09-19 02:00:00,North Macedonia,North Macedonia,MK,432.26,495.32,31.62,10.79,entsoe.eu,false,
2024-09-19 03:00:00,North Macedonia,North Macedonia,MK,433.86,495.33,32.28,14.11,entsoe.eu,false,
2024-09-19 04:00:00,North Macedonia,North Macedonia,MK,395.66,458.7,34.21,20.15,entsoe.eu,false,
2024-09-19 05:00:00,North Macedonia,North Macedonia,MK,371.31,441.89,31.73,21.63,entsoe.eu,false,
2024-09-19 06:00:00,North Macedonia,North Macedonia,MK,347.72,410.74,39.22,24.89,entsoe.eu,false,
2024-09-19 07:00:00,North Macedonia,North Macedonia,MK,332.19,393.2,42.85,25.12,entsoe.eu,false,
2024-09-19 08:00:00,North Macedonia,North Macedonia,MK,319.7,378.38,46.21,26.74,entsoe.eu,false,
2024-09-19 09:00:00,North Macedonia,North Macedonia,MK,320.53,377.38,47.52,27.05,entsoe.eu,false,
2024-09-19 10:00:00,North Macedonia,North Macedonia,MK,379.41,435.69,41.64,23.62,entsoe.eu,false,
2024-09-19 11:00:00,North Macedonia,North Macedonia,MK,391.7,448.56,39.95,21.78,entsoe.eu,false,
2024-09-19 12:00:00,North Macedonia,North Macedonia,MK,379.79,435.41,42.0,23.13,entsoe.eu,false,
2024-09-19 13:00:00,North Macedonia,North Macedonia,MK,380.35,439.43,39.61,21.23,entsoe.eu,false,
2024-09-19 14:00:00,North Macedonia,North Macedonia,MK,395.99,454.27,38.35,20.91,entsoe.eu,false,
2024-09-19 15:00:00,North Macedonia,North Macedonia,MK,356.86,413.09,42.08,28.64,entsoe.eu,false,
2024-09-19 16:00:00,North Macedonia,North Macedonia,MK,330.1,401.73,35.29,30.93,entsoe.eu,false,
2024-09-19 17:00:00,North Macedonia,North Macedonia,MK,329.63,386.28,43.73,32.33,entsoe.eu,false,
2024-09-19 18:00:00,North Macedonia,North Macedonia,MK,330.39,386.92,44.0,30.79,entsoe.eu,false,
2024-09-19 19:00:00,North Macedonia,North Macedonia,MK,360.55,416.52,42.08,26.36,entsoe.eu,false,
2024-09-19 20:00:00,North Macedonia,North Macedonia,MK,392.71,449.13,39.57,20.39,entsoe.eu,false,
2024-09-19 21:00:00,North Macedonia,North Macedonia,MK,400.03,457.65,38.33,16.87,entsoe.eu,false,
2024-09-19 22:00:00,North Macedonia,North Macedonia,MK,393.25,451.07,38.72,15.91,entsoe.eu,false,
2024-09-19 23:00:00,North Macedonia,North Macedonia,MK,396.04,454.94,37.63,14.64,entsoe.eu,false,
2024-09-20 00:00:00,North Macedonia,North Macedonia,MK,400.52,459.35,37.35,14.42,entsoe.eu,false,
2024-09-20 01:00:00,North Macedonia,North Macedonia,MK,402.43,461.07,37.24,14.23,entsoe.eu,false,
2024-09-20 02:00:00,North Macedonia,North Macedonia,MK,399.47,458.97,36.78,14.8,entsoe.eu,false,
2024-09-20 03:00:00,North Macedonia,North Macedonia,MK,390.4,448.21,38.31,19.27,entsoe.eu,false,
2024-09-20 04:00:00,North Macedonia,North Macedonia,MK,379.76,440.55,37.13,20.21,entsoe.eu,false,
2024-09-20 05:00:00,North Macedonia,North Macedonia,MK,349.25,407.9,41.5,24.7,entsoe.eu,false,
2024-09-20 06:00:00,North Macedonia,North Macedonia,MK,329.64,389.46,42.81,25.11,entsoe.eu,false,
2024-09-20 07:00:00,North Macedonia,North Macedonia,MK,331.23,392.18,42.42,23.2,entsoe.eu,false,
2024-09-20 08:00:00,North Macedonia,North Macedonia,MK,335.13,396.07,42.71,21.96,entsoe.eu,false,
2024-09-20 09:00:00,North Macedonia,North Macedonia,MK,333.88,391.81,44.81,23.69,entsoe.eu,false,
2024-09-20 10:00:00,North Macedonia,North Macedonia,MK,358.75,417.25,41.87,21.93,entsoe.eu,false,
2024-09-20 11:00:00,North Macedonia,North Macedonia,MK,369.67,428.48,40.48,20.73,entsoe.eu,false,
2024-09-20 12:00:00,North Macedonia,North Macedonia,MK,361.58,416.24,43.77,23.82,entsoe.eu,false,
2024-09-20 13:00:00,North Macedonia,North Macedonia,MK,350.79,404.72,45.16,25.69,entsoe.eu,false,
2024-09-20 14:00:00,North Macedonia,North Macedonia,MK,371.92,429.5,41.05,22.09,entsoe.eu,false,
2024-09-20 15:00:00,North Macedonia,North Macedonia,MK,349.48,417.78,35.82,26.64,entsoe.eu,false,
2024-09-20 16:00:00,North Macedonia,North Macedonia,MK,324.51,400.69,34.69,33.42,entsoe.eu,false,
2024-09-20 17:00:00,North Macedonia,North Macedonia,MK,300.26,369.13,40.47,38.59,entsoe.eu,false,
2024-09-20 18:00:00,North Macedonia,North Macedonia,MK,314.97,386.94,37.12,34.19,entsoe.eu,false,
2024-09-20 19:00:00,North Macedonia,North Macedonia,MK,363.74,432.73,33.86,21.79,entsoe.eu,false,
2024-09-20 20:00:00,North Macedonia,North Macedonia,MK,370.1,430.78,38.31,20.73,entsoe.eu,false,
2024-09-20 21:00:00,North Macedonia,North Macedonia,MK,380.5,439.84,38.57,18.55,entsoe.eu,false,
2024-09-20 22:00:00,North Macedonia,North Macedonia,MK,402.07,464.65,34.62,13.38,entsoe.eu,false,
2024-09-20 23:00:00,North Macedonia,North Macedonia,MK,422.15,481.68,34.84,13.52,entsoe.eu,false,
2024-09-21 00:00:00,North Macedonia,North Macedonia,MK,431.69,489.94,34.79,12.97,entsoe.eu,false,
2024-09-21 01:00:00,North Macedonia,North Macedonia,MK,416.92,474.97,36.32,13.57,entsoe.eu,false,
2024-09-21 02:00:00,North Macedonia,North Macedonia,MK,416.14,473.19,37.09,14.41,entsoe.eu,false,
2024-09-21 03:00:00,North Macedonia,North Macedonia,MK,398.55,458.05,37.02,15.42,entsoe.eu,false,
2024-09-21 04:00:00,North Macedonia,North Macedonia,MK,390.39,448.9,38.22,18.54,entsoe.eu,false,
2024-09-21 05:00:00,North Macedonia,North Macedonia,MK,393.27,453.73,37.22,18.2,entsoe.eu,false,
2024-09-21 06:00:00,North Macedonia,North Macedonia,MK,353.26,414.51,40.45,21.85,entsoe.eu,false,
2024-09-21 07:00:00,North Macedonia,North Macedonia,MK,352.02,410.33,43.07,23.03,entsoe.eu,false,
2024-09-21 08:00:00,North Macedonia,North Macedonia,MK,338.83,394.97,45.94,25.83,entsoe.eu,false,
2024-09-21 09:00:00,North Macedonia,North Macedonia,MK,345.69,402.62,44.77,24.5,entsoe.eu,false,
2024-09-21 10:00:00,North Macedonia,North Macedonia,MK,365.84,425.48,40.94,20.86,entsoe.eu,false,
2024-09-21 11:00:00,North Macedonia,North Macedonia,MK,377.99,436.77,40.3,20.13,entsoe.eu,false,
2024-09-21 12:00:00,North Macedonia,North Macedonia,MK,390.28,448.24,39.62,20.04,entsoe.eu,false,
2024-09-21 13:00:00,North Macedonia,North Macedonia,MK,396.99,454.88,39.07,19.92,entsoe.eu,false,
2024-09-21 14:00:00,North Macedonia,North Macedonia,MK,399.07,458.18,37.77,19.82,entsoe.eu,false,
2024-09-21 15:00:00,North Macedonia,North Macedonia,MK,376.36,444.59,32.02,23.11,entsoe.eu,false,
2024-09-21 16:00:00,North Macedonia,North Macedonia,MK,322.25,395.92,36.16,36.16,entsoe.eu,false,
2024-09-21 17:00:00,North Macedonia,North Macedonia,MK,309.19,381.94,38.1,38.1,entsoe.eu,false,
2024-09-21 18:00:00,North Macedonia,North Macedonia,MK,318.19,389.75,37.56,36.28,entsoe.eu,false,
2024-09-21 19:00:00,North Macedonia,North Macedonia,MK,354.87,425.16,34.23,28.19,entsoe.eu,false,
2024-09-21 20:00:00,North Macedonia,North Macedonia,MK,372.96,438.84,34.19,22.19,entsoe.eu,false,
2024-09-21 21:00:00,North Macedonia,North Macedonia,MK,395.19,462.39,31.7,15.68,entsoe.eu,false,
2024-09-21 22:00:00,North Macedonia,North Macedonia,MK,391.15,454.33,34.71,18.46,entsoe.eu,false,
2024-09-21 23:00:00,North Macedonia,North Macedonia,MK,391.25,453.81,35.41,17.48,entsoe.eu,false,
2024-09-22 00:00:00,North Macedonia,North Macedonia,MK,415.08,482.84,29.92,12.06,entsoe.eu,false,
2024-09-22 01:00:00,North Macedonia,North Macedonia,MK,422.61,489.91,29.49,10.97,entsoe.eu,false,
2024-09-22 02:00:00,North Macedonia,North Macedonia,MK,422.68,481.36,35.11,14.35,entsoe.eu,false,
2024-09-22 03:00:00,North Macedonia,North Macedonia,MK,343.15,376.97,57.8,35.22,entsoe.eu,false,
2024-09-22 04:00:00,North Macedonia,North Macedonia,MK,342.1,375.84,57.87,36.9,entsoe.eu,false,
2024-09-22 05:00:00,North Macedonia,North Macedonia,MK,406.48,445.72,50.06,23.51,entsoe.eu,false,
2024-09-22 06:00:00,North Macedonia,North Macedonia,MK,376.63,415.23,53.76,27.24,entsoe.eu,false,
2024-09-22 07:00:00,North Macedonia,North Macedonia,MK,359.35,413.57,45.36,24.48,entsoe.eu,false,
2024-09-22 08:00:00,North Macedonia,North Macedonia,MK,372.25,433.11,39.59,20.07,entsoe.eu,false,
2024-09-22 09:00:00,North Macedonia,North Macedonia,MK,383.13,444.76,38.1,17.62,entsoe.eu,false,
2024-09-22 10:00:00,North Macedonia,North Macedonia,MK,393.88,457.14,35.89,16.29,entsoe.eu,false,
2024-09-22 11:00:00,North Macedonia,North Macedonia,MK,403.45,467.73,34.2,14.9,entsoe.eu,false,
2024-09-22 12:00:00,North Macedonia,North Macedonia,MK,409.01,470.68,35.31,17.03,entsoe.eu,false,
2024-09-22 13:00:00,North Macedonia,North Macedonia,MK,422.11,483.71,33.96,17.58,entsoe.eu,false,
2024-09-22 14:00:00,North Macedonia,North Macedonia,MK,409.24,467.35,37.37,19.54,entsoe.eu,false,
2024-09-22 15:00:00,North Macedonia,North Macedonia,MK,365.32,421.43,41.17,29.51,entsoe.eu,false,
2024-09-22 16:00:00,North Macedonia,North Macedonia,MK,329.82,402.42,35.14,34.41,entsoe.eu,false,
2024-09-22 17:00:00,North Macedonia,North Macedonia,MK,317.89,393.59,35.88,35.88,entsoe.eu,false,
2024-09-22 18:00:00,North Macedonia,North Macedonia,MK,332.27,404.55,35.83,33.14,entsoe.eu,false,
2024-09-22 19:00:00,North Macedonia,North Macedonia,MK,364.49,420.67,41.39,27.86,entsoe.eu,false,
2024-09-22 20:00:00,North Macedonia,North Macedonia,MK,368.82,426.33,40.35,25.74,entsoe.eu,false,
2024-09-22 21:00:00,North Macedonia,North Macedonia,MK,387.66,444.5,39.61,20.17,entsoe.eu,false,
2024-09-22 22:00:00,North Macedonia,North Macedonia,MK,403.93,462.95,37.19,14.05,entsoe.eu,false,
2024-09-22 23:00:00,North Macedonia,North Macedonia,MK,408.59,468.31,36.25,13.27,entsoe.eu,false,
2024-09-23 00:00:00,North Macedonia,North Macedonia,MK,413.66,473.99,35.35,12.65,entsoe.eu,false,
2024-09-23 01:00:00,North Macedonia,North Macedonia,MK,414.86,474.67,35.61,13.32,entsoe.eu,false,
2024-09-23 02:00:00,North Macedonia,North Macedonia,MK,414.01,473.68,35.69,14.48,entsoe.eu,false,
2024-09-23 03:00:00,North Macedonia,North Macedonia,MK,404.8,463.7,36.49,18.78,entsoe.eu,false,
2024-09-23 04:00:00,North Macedonia,North Macedonia,MK,385.88,448.11,36.18,20.16,entsoe.eu,false,
2024-09-23 05:00:00,North Macedonia,North Macedonia,MK,364.07,425.75,39.05,23.19,entsoe.eu,false,
2024-09-23 06:00:00,North Macedonia,North Macedonia,MK,366.15,432.35,35.8,23.45,entsoe.eu,false,
2024-09-23 07:00:00,North Macedonia,North Macedonia,MK,377.52,445.87,34.31,17.84,entsoe.eu,false,
2024-09-23 08:00:00,North Macedonia,North Macedonia,MK,368.81,434.0,37.09,20.59,entsoe.eu,false,
2024-09-23 09:00:00,North Macedonia,North Macedonia,MK,351.07,411.92,41.92,24.13,entsoe.eu,false,
2024-09-23 10:00:00,North Macedonia,North Macedonia,MK,354.94,416.42,41.12,23.7,entsoe.eu,false,
2024-09-23 11:00:00,North Macedonia,North Macedonia,MK,344.61,404.6,43.03,24.56,entsoe.eu,false,
2024-09-23 12:00:00,North Macedonia,North Macedonia,MK,347.17,407.01,42.8,23.33,entsoe.eu,false,
2024-09-23 13:00:00,North Macedonia,North Macedonia,MK,364.16,428.3,37.94,20.06,entsoe.eu,false,
2024-09-23 14:00:00,North Macedonia,North Macedonia,MK,391.45,454.11,35.93,20.23,entsoe.eu,false,
2024-09-23 15:00:00,North Macedonia,North Macedonia,MK,395.6,471.27,26.17,20.61,entsoe.eu,false,
2024-09-23 16:00:00,North Macedonia,North Macedonia,MK,348.98,427.57,30.32,30.08,entsoe.eu,false,
2024-09-23 17:00:00,North Macedonia,North Macedonia,MK,341.63,421.52,30.86,30.86,entsoe.eu,false,
2024-09-23 18:00:00,North Macedonia,North Macedonia,MK,340.78,417.25,31.94,30.96,entsoe.eu,false,
2024-09-23 19:00:00,North Macedonia,North Macedonia,MK,354.1,427.33,31.06,26.35,entsoe.eu,false,
2024-09-23 20:00:00,North Macedonia,North Macedonia,MK,379.11,439.85,37.27,23.11,entsoe.eu,false,
2024-09-23 21:00:00,North Macedonia,North Macedonia,MK,369.73,425.89,41.13,25.3,entsoe.eu,false,
2024-09-23 22:00:00,North Macedonia,North Macedonia,MK,396.05,455.2,37.12,18.23,entsoe.eu,false,
2024-09-23 23:00:00,North Macedonia,North Macedonia,MK,410.01,469.9,35.41,16.59,entsoe.eu,false,
2024-09-24 00:00:00,North Macedonia,North Macedonia,MK,418.17,478.43,34.44,15.89,entsoe.eu,false,
2024-09-24 01:00:00,North Macedonia,North Macedonia,MK,420.54,481.22,33.89,15.98,entsoe.eu,false,
2024-09-24 02:00:00,North Macedonia,North Macedonia,MK,417.42,478.09,34.06,17.37,entsoe.eu,false,
2024-09-24 03:00:00,North Macedonia,North Macedonia,MK,427.81,492.89,29.92,17.78,entsoe.eu,false,
2024-09-24 04:00:00,North Macedonia,North Macedonia,MK,394.1,461.76,30.57,24.34,entsoe.eu,false,
2024-09-24 05:00:00,North Macedonia,North Macedonia,MK,373.26,441.24,32.92,23.19,entsoe.eu,false,
2024-09-24 06:00:00,North Macedonia,North Macedonia,MK,357.49,423.07,37.07,22.63,entsoe.eu,false,
2024-09-24 07:00:00,North Macedonia,North Macedonia,MK,347.24,412.8,38.57,22.28,entsoe.eu,false,
2024-09-24 08:00:00,North Macedonia,North Macedonia,MK,321.54,383.95,42.99,25.99,entsoe.eu,false,
2024-09-24 09:00:00,North Macedonia,North Macedonia,MK,330.06,391.35,43.1,25.63,entsoe.eu,false,
2024-09-24 10:00:00,North Macedonia,North Macedonia,MK,334.56,396.74,41.97,25.0,entsoe.eu,false,
2024-09-24 11:00:00,North Macedonia,North Macedonia,MK,334.73,396.98,41.87,24.99,entsoe.eu,false,
2024-09-24 12:00:00,North Macedonia,North Macedonia,MK,340.14,404.6,39.93,22.93,entsoe.eu,false,
2024-09-24 13:00:00,North Macedonia,North Macedonia,MK,352.27,416.05,39.13,21.27,entsoe.eu,false,
2024-09-24 14:00:00,North Macedonia,North Macedonia,MK,394.8,457.65,35.29,19.31,entsoe.eu,false,
2024-09-24 15:00:00,North Macedonia,North Macedonia,MK,373.42,434.81,36.76,26.98,entsoe.eu,false,
2024-09-24 16:00:00,North Macedonia,North Macedonia,MK,372.15,434.96,35.71,27.52,entsoe.eu,false,
2024-09-24 17:00:00,North Macedonia,North Macedonia,MK,345.16,404.39,40.53,31.9,entsoe.eu,false,
2024-09-24 18:00:00,North Macedonia,North Macedonia,MK,351.15,413.75,37.62,29.92,entsoe.eu,false,
2024-09-24 19:00:00,North Macedonia,North Macedonia,MK,395.97,459.41,33.8,21.15,entsoe.eu,false,
2024-09-24 20:00:00,North Macedonia,North Macedonia,MK,396.19,453.37,38.7,20.28,entsoe.eu,false,
2024-09-24 21:00:00,North Macedonia,North Macedonia,MK,410.34,467.93,37.28,17.75,entsoe.eu,false,
2024-09-24 22:00:00,North Macedonia,North Macedonia,MK,424.57,483.92,34.82,14.74,entsoe.eu,false,
2024-09-24 23:00:00,North Macedonia,North Macedonia,MK,430.65,489.21,34.54,15.33,entsoe.eu,false,
2024-09-25 00:00:00,North Macedonia,North Macedonia,MK,446.15,505.45,32.53,12.93,entsoe.eu,false,
2024-09-25 01:00:00,North Macedonia,North Macedonia,MK,452.3,511.81,32.01,12.05,entsoe.eu,false,
2024-09-25 02:00:00,North Macedonia,North Macedonia,MK,453.8,512.98,31.94,12.51,entsoe.eu,false,
2024-09-25 03:00:00,North Macedonia,North Macedonia,MK,457.95,521.92,28.26,13.06,entsoe.eu,false,
2024-09-25 04:00:00,North Macedonia,North Macedonia,MK,411.55,478.0,30.04,21.78,entsoe.eu,false,
2024-09-25 05:00:00,North Macedonia,North Macedonia,MK,376.53,437.54,37.62,24.07,entsoe.eu,false,
2024-09-25 06:00:00,North Macedonia,North Macedonia,MK,347.84,410.35,39.98,24.77,entsoe.eu,false,
2024-09-25 07:00:00,North Macedonia,North Macedonia,MK,371.39,438.12,35.62,18.79,entsoe.eu,false,
2024-09-25 08:00:00,North Macedonia,North Macedonia,MK,364.48,430.23,36.66,20.59,entsoe.eu,false,
2024-09-25 09:00:00,North Macedonia,North Macedonia,MK,357.54,422.61,37.4,21.54,entsoe.eu,false,
2024-09-25 10:00:00,North Macedonia,North Macedonia,MK,355.73,422.21,36.62,21.44,entsoe.eu,false,
2024-09-25 11:00:00,North Macedonia,North Macedonia,MK,346.63,412.3,38.06,22.35,entsoe.eu,false,
2024-09-25 12:00:00,North Macedonia,North Macedonia,MK,335.86,399.03,40.8,22.72,entsoe.eu,false,
2024-09-25 13:00:00,North Macedonia,North Macedonia,MK,353.84,417.1,38.87,22.16,entsoe.eu,false,
2024-09-25 14:00:00,North Macedonia,North Macedonia,MK,394.07,456.41,35.57,20.38,entsoe.eu,false,
2024-09-25 15:00:00,North Macedonia,North Macedonia,MK,394.51,459.55,32.61,23.14,entsoe.eu,false,
2024-09-25 16:00:00,North Macedonia,North Macedonia,MK,352.2,421.43,33.69,30.16,entsoe.eu,false,
2024-09-25 17:00:00,North Macedonia,North Macedonia,MK,321.14,388.04,38.25,33.78,entsoe.eu,false,
2024-09-25 18:00:00,North Macedonia,North Macedonia,MK,335.1,395.79,40.05,33.09,entsoe.eu,false,
2024-09-25 19:00:00,North Macedonia,North Macedonia,MK,358.73,414.11,42.02,29.39,entsoe.eu,false,
2024-09-25 20:00:00,North Macedonia,North Macedonia,MK,407.92,465.38,37.3,19.12,entsoe.eu,false,
2024-09-25 21:00:00,North Macedonia,North Macedonia,MK,417.45,476.52,35.46,15.74,entsoe.eu,false,
2024-09-25 22:00:00,North Macedonia,North Macedonia,MK,410.56,469.95,35.49,15.02,entsoe.eu,false,
2024-09-25 23:00:00,North Macedonia,North Macedonia,MK,425.93,484.59,34.67,13.62,entsoe.eu,false,
2024-09-26 00:00:00,North Macedonia,North Macedonia,MK,434.3,493.64,33.45,12.74,entsoe.eu,false,
2024-09-26 01:00:00,North Macedonia,North Macedonia,MK,442.39,502.23,32.35,12.32,entsoe.eu,false,
2024-09-26 02:00:00,North Macedonia,North Macedonia,MK,442.04,501.72,32.43,13.64,entsoe.eu,false,
2024-09-26 03:00:00,North Macedonia,North Macedonia,MK,438.25,500.96,30.55,15.55,entsoe.eu,false,
2024-09-26 04:00:00,North Macedonia,North Macedonia,MK,408.66,472.56,31.86,21.51,entsoe.eu,false,
2024-09-26 05:00:00,North Macedonia,North Macedonia,MK,354.35,411.45,41.36,28.64,entsoe.eu,false,
2024-09-26 06:00:00,North Macedonia,North Macedonia,MK,344.36,405.88,40.34,23.5,entsoe.eu,false,
2024-09-26 07:00:00,North Macedonia,North Macedonia,MK,322.93,382.78,43.88,26.48,entsoe.eu,false,
2024-09-26 08:00:00,North Macedonia,North Macedonia,MK,320.38,380.0,44.22,27.54,entsoe.eu,false,
2024-09-26 09:00:00,North Macedonia,North Macedonia,MK,315.08,372.82,45.84,29.82,entsoe.eu,false,
2024-09-26 10:00:00,North Macedonia,North Macedonia,MK,314.66,372.45,45.85,29.99,entsoe.eu,false,
2024-09-26 11:00:00,North Macedonia,North Macedonia,MK,313.58,370.99,46.1,29.22,entsoe.eu,false,
2024-09-26 12:00:00,North Macedonia,North Macedonia,MK,323.14,380.07,45.53,28.89,entsoe.eu,false,
2024-09-26 13:00:00,North Macedonia,North Macedonia,MK,354.76,411.38,43.04,25.46,entsoe.eu,false,
2024-09-26 14:00:00,North Macedonia,North Macedonia,MK,392.45,455.95,34.71,18.38,entsoe.eu,false,
2024-09-26 15:00:00,North Macedonia,North Macedonia,MK,383.75,444.52,36.43,24.0,entsoe.eu,false,
2024-09-26 16:00:00,North Macedonia,North Macedonia,MK,349.13,410.39,38.51,29.84,entsoe.eu,false,
2024-09-26 17:00:00,North Macedonia,North Macedonia,MK,339.91,401.53,39.35,29.46,entsoe.eu,false,
2024-09-26 18:00:00,North Macedonia,North Macedonia,MK,341.85,401.1,40.84,29.34,entsoe.eu,false,
2024-09-26 19:00:00,North Macedonia,North Macedonia,MK,369.67,426.31,40.54,25.08,entsoe.eu,false,
2024-09-26 20:00:00,North Macedonia,North Macedonia,MK,385.94,442.35,39.66,21.29,entsoe.eu,false,
2024-09-26 21:00:00,North Macedonia,North Macedonia,MK,391.91,449.26,38.57,19.82,entsoe.eu,false,
2024-09-26 22:00:00,North Macedonia,North Macedonia,MK,386.7,441.11,40.39,21.05,entsoe.eu,false,
2024-09-26 23:00:00,North Macedonia,North Macedonia,MK,403.0,458.4,38.35,19.01,entsoe.eu,false,
2024-09-27 00:00:00,North Macedonia,North Macedonia,MK,416.14,472.83,36.39,17.23,entsoe.eu,false,
2024-09-27 01:00:00,North Macedonia,North Macedonia,MK,424.4,481.47,35.4,16.68,entsoe.eu,false,
2024-09-27 02:00:00,North Macedonia,North Macedonia,MK,424.16,480.8,35.54,16.56,entsoe.eu,false,
2024-09-27 03:00:00,North Macedonia,North Macedonia,MK,440.86,503.27,29.79,15.53,entsoe.eu,false,
2024-09-27 04:00:00,North Macedonia,North Macedonia,MK,454.72,521.23,25.74,13.8,entsoe.eu,false,
2024-09-27 05:00:00,North Macedonia,North Macedonia,MK,426.22,495.85,26.76,12.85,entsoe.eu,false,
2024-09-27 06:00:00,North Macedonia,North Macedonia,MK,391.58,456.0,34.02,17.57,entsoe.eu,false,
2024-09-27 07:00:00,North Macedonia,North Macedonia,MK,375.71,436.95,38.02,20.72,entsoe.eu,false,
2024-09-27 08:00:00,North Macedonia,North Macedonia,MK,370.15,429.2,40.13,23.14,entsoe.eu,false,
2024-09-27 09:00:00,North Macedonia,North Macedonia,MK,364.89,423.7,40.87,24.22,entsoe.eu,false,
2024-09-27 10:00:00,North Macedonia,North Macedonia,MK,379.23,439.46,38.46,22.09,entsoe.eu,false,
2024-09-27 11:00:00,North Macedonia,North Macedonia,MK,381.89,441.52,38.52,21.2,entsoe.eu,false,
2024-09-27 12:00:00,North Macedonia,North Macedonia,MK,356.0,412.3,43.27,24.89,entsoe.eu,false,
2024-09-27 13:00:00,North Macedonia,North Macedonia,MK,368.47,424.64,41.76,24.96,entsoe.eu,false,
2024-09-27 14:00:00,North Macedonia,North Macedonia,MK,381.61,437.81,39.9,24.98,entsoe.eu,false,
2024-09-27 15:00:00,North Macedonia,North Macedonia,MK,397.89,455.68,36.66,23.21,entsoe.eu,false,
2024-09-27 16:00:00,North Macedonia,North Macedonia,MK,402.03,463.38,33.68,21.8,entsoe.eu,false,
2024-09-27 17:00:00,North Macedonia,North Macedonia,MK,380.45,439.27,37.21,24.52,entsoe.eu,false,
2024-09-27 18:00:00,North Macedonia,North Macedonia,MK,370.48,425.22,40.87,25.83,entsoe.eu,false,
2024-09-27 19:00:00,North Macedonia,North Macedonia,MK,388.61,444.12,39.04,21.8,entsoe.eu,false,
2024-09-27 20:00:00,North Macedonia,North Macedonia,MK,392.49,446.73,39.75,20.2,entsoe.eu,false,
2024-09-27 21:00:00,North Macedonia,North Macedonia,MK,384.18,436.37,41.76,22.34,entsoe.eu,false,
2024-09-27 22:00:00,North Macedonia,North Macedonia,MK,387.23,440.44,41.0,21.24,entsoe.eu,false,
2024-09-27 23:00:00,North Macedonia,North Macedonia,MK,396.63,449.65,40.3,20.29,entsoe.eu,false,
2024-09-28 00:00:00,North Macedonia,North Macedonia,MK,407.95,461.45,39.03,18.62,entsoe.eu,false,
2024-09-28 01:00:00,North Macedonia,North Macedonia,MK,408.47,461.91,39.0,18.78,entsoe.eu,false,
2024-09-28 02:00:00,North Macedonia,North Macedonia,MK,407.38,461.57,38.63,18.12,entsoe.eu,false,
2024-09-28 03:00:00,North Macedonia,North Macedonia,MK,407.54,461.29,38.96,17.99,entsoe.eu,false,
2024-09-28 04:00:00,North Macedonia,North Macedonia,MK,400.22,456.66,37.75,18.29,entsoe.eu,false,
2024-09-28 05:00:00,North Macedonia,North Macedonia,MK,378.63,435.75,39.5,20.38,entsoe.eu,false,
2024-09-28 06:00:00,North Macedonia,North Macedonia,MK,360.05,416.13,42.62,21.98,entsoe.eu,false,
2024-09-28 07:00:00,North Macedonia,North Macedonia,MK,345.6,400.74,45.12,24.19,entsoe.eu,false,
2024-09-28 08:00:00,North Macedonia,North Macedonia,MK,362.14,419.31,42.16,21.83,entsoe.eu,false,
2024-09-28 09:00:00,North Macedonia,North Macedonia,MK,362.64,420.14,41.94,21.8,entsoe.eu,false,
2024-09-28 10:00:00,North Macedonia,North Macedonia,MK,368.77,427.09,40.82,20.53,entsoe.eu,false,
2024-09-28 11:00:00,North Macedonia,North Macedonia,MK,375.3,432.94,40.42,20.47,entsoe.eu,false,
2024-09-28 12:00:00,North Macedonia,North Macedonia,MK,379.46,435.57,40.89,21.58,entsoe.eu,false,
2024-09-28 13:00:00,North Macedonia,North Macedonia,MK,376.13,431.33,41.55,22.71,entsoe.eu,false,
2024-09-28 14:00:00,North Macedonia,North Macedonia,MK,373.42,427.18,42.22,25.26,entsoe.eu,false,
2024-09-28 15:00:00,North Macedonia,North Macedonia,MK,366.18,419.32,42.54,27.84,entsoe.eu,false,
2024-09-28 16:00:00,North Macedonia,North Macedonia,MK,364.65,416.75,42.94,30.47,entsoe.eu,false,
2024-09-28 17:00:00,North Macedonia,North Macedonia,MK,345.95,397.01,45.23,32.03,entsoe.eu,false,
2024-09-28 18:00:00,North Macedonia,North Macedonia,MK,370.2,424.87,40.95,25.45,entsoe.eu,false,
2024-09-28 19:00:00,North Macedonia,North Macedonia,MK,372.55,426.21,41.47,24.81,entsoe.eu,false,
2024-09-28 20:00:00,North Macedonia,North Macedonia,MK,368.39,422.49,41.96,22.64,entsoe.eu,false,
2024-09-28 21:00:00,North Macedonia,North Macedonia,MK,344.78,396.21,45.84,25.67,entsoe.eu,false,
2024-09-28 22:00:00,North Macedonia,North Macedonia,MK,349.41,398.36,46.78,28.03,entsoe.eu,false,
2024-09-28 23:00:00,North Macedonia,North Macedonia,MK,367.28,419.14,43.38,25.06,entsoe.eu,false,
2024-09-29 00:00:00,North Macedonia,North Macedonia,MK,384.2,437.8,40.86,22.03,entsoe.eu,false,
2024-09-29 01:00:00,North Macedonia,North Macedonia,MK,387.15,440.83,40.52,21.53,entsoe.eu,false,
2024-09-29 02:00:00,North Macedonia,North Macedonia,MK,387.08,440.94,40.31,21.5,entsoe.eu,false,
2024-09-29 03:00:00,North Macedonia,North Macedonia,MK,381.62,434.75,41.19,23.13,entsoe.eu,false,
2024-09-29 04:00:00,North Macedonia,North Macedonia,MK,353.2,404.1,45.06,26.79,entsoe.eu,false,
2024-09-29 05:00:00,North Macedonia,North Macedonia,MK,324.69,375.09,48.24,30.57,entsoe.eu,false,
2024-09-29 06:00:00,North Macedonia,North Macedonia,MK,319.3,373.96,46.32,29.71,entsoe.eu,false,
2024-09-29 07:00:00,North Macedonia,North Macedonia,MK,320.41,372.98,47.7,31.21,entsoe.eu,false,
2024-09-29 08:00:00,North Macedonia,North Macedonia,MK,392.32,452.16,35.95,24.36,entsoe.eu,false,
2024-09-29 09:00:00,North Macedonia,North Macedonia,MK,379.12,435.51,39.76,26.72,entsoe.eu,false,
2024-09-29 10:00:00,North Macedonia,North Macedonia,MK,380.27,436.67,39.67,27.47,entsoe.eu,false,
2024-09-29 11:00:00,North Macedonia,North Macedonia,MK,394.99,453.58,36.69,26.19,entsoe.eu,false,
2024-09-29 12:00:00,North Macedonia,North Macedonia,MK,399.95,457.75,36.69,25.65,entsoe.eu,false,
2024-09-29 13:00:00,North Macedonia,North Macedonia,MK,417.77,478.69,32.75,24.38,entsoe.eu,false,
2024-09-29 14:00:00,North Macedonia,North Macedonia,MK,381.11,442.05,35.39,29.25,entsoe.eu,false,
2024-09-29 15:00:00,North Macedonia,North Macedonia,MK,335.75,388.29,45.67,30.48,entsoe.eu,false,
2024-09-29 16:00:00,North Macedonia,North Macedonia,MK,310.04,371.59,42.67,33.74,entsoe.eu,false,
2024-09-29 17:00:00,North Macedonia,North Macedonia,MK,285.95,344.66,47.0,37.89,entsoe.eu,false,
2024-09-29 18:00:00,North Macedonia,North Macedonia,MK,291.14,347.66,46.91,33.86,entsoe.eu,false,
2024-09-29 19:00:00,North Macedonia,North Macedonia,MK,305.58,363.08,44.91,28.54,entsoe.eu,false,
2024-09-29 20:00:00,North Macedonia,North Macedonia,MK,327.39,382.54,44.87,26.38,entsoe.eu,false,
2024-09-29 21:00:00,North Macedonia,North Macedonia,MK,328.8,382.56,45.77,25.21,entsoe.eu,false,
2024-09-29 22:00:00,North Macedonia,North Macedonia,MK,344.07,396.05,45.84,24.08,entsoe.eu,false,
2024-09-29 23:00:00,North Macedonia,North Macedonia,MK,353.99,405.01,45.59,23.37,entsoe.eu,false,
2024-09-30 00:00:00,North Macedonia,North Macedonia,MK,358.17,409.24,45.19,23.47,entsoe.eu,false,
2024-09-30 01:00:00,North Macedonia,North Macedonia,MK,363.05,414.55,44.41,23.32,entsoe.eu,false,
2024-09-30 02:00:00,North Macedonia,North Macedonia,MK,360.76,411.71,44.92,24.76,entsoe.eu,false,
2024-09-30 03:00:00,North Macedonia,North Macedonia,MK,358.09,408.59,45.51,26.38,entsoe.eu,false,
2024-09-30 04:00:00,North Macedonia,North Macedonia,MK,351.07,401.91,45.8,26.54,entsoe.eu,false,
2024-09-30 05:00:00,North Macedonia,North Macedonia,MK,353.6,413.24,40.29,23.19,entsoe.eu,false,
2024-09-30 06:00:00,North Macedonia,North Macedonia,MK,365.41,432.22,34.62,19.84,entsoe.eu,false,
2024-09-30 07:00:00,North Macedonia,North Macedonia,MK,403.43,474.01,28.51,16.55,entsoe.eu,false,
2024-09-30 08:00:00,North Macedonia,North Macedonia,MK,427.59,500.52,24.39,15.62,entsoe.eu,false,
2024-09-30 09:00:00,North Macedonia,North Macedonia,MK,394.84,451.73,38.04,26.95,entsoe.eu,false,
2024-09-30 10:00:00,North Macedonia,North Macedonia,MK,399.1,457.95,36.41,25.57,entsoe.eu,false,
2024-09-30 11:00:00,North Macedonia,North Macedonia,MK,396.68,455.22,36.82,25.86,entsoe.eu,false,
2024-09-30 12:00:00,North Macedonia,North Macedonia,MK,402.63,462.52,35.33,24.54,entsoe.eu,false,
2024-09-30 13:00:00,North Macedonia,North Macedonia,MK,363.77,420.26,41.39,27.4,entsoe.eu,false,
2024-09-30 14:00:00,North Macedonia,North Macedonia,MK,360.47,415.83,42.63,23.85,entsoe.eu,false,
2024-09-30 15:00:00,North Macedonia,North Macedonia,MK,360.01,418.08,40.5,24.78,entsoe.eu,false,
2024-09-30 16:00:00,North Macedonia,North Macedonia,MK,318.58,375.55,45.17,33.57,entsoe.eu,false,
2024-09-30 17:00:00,North Macedonia,North Macedonia,MK,311.76,365.63,47.28,32.98,entsoe.eu,false,
2024-09-30 18:00:00,North Macedonia,North Macedonia,MK,322.15,373.65,47.96,31.66,entsoe.eu,false,
2024-09-30 19:00:00,North Macedonia,North Macedonia,MK,355.35,408.85,43.99,25.51,entsoe.eu,false,
2024-09-30 20:00:00,North Macedonia,North Macedonia,MK,346.76,399.76,45.11,25.54,entsoe.eu,false,
2024-09-30 21:00:00,North Macedonia,North Macedonia,MK,363.45,415.47,44.36,22.83,entsoe.eu,false,
2024-09-30 22:00:00,North Macedonia,North Macedonia,MK,372.03,423.31,44.13,21.88,Electricity Maps Estimation,false,
2024-09-30 23:00:00,North Macedonia,North Macedonia,MK,388.76,440.95,42.01,19.31,Electricity Maps Estimation,false,
2024-10-01 00:00:00,North Macedonia,North Macedonia,MK,398.67,440.27,47.86,21.85,Electricity Maps Estimation,false,
2024-10-01 01:00:00,North Macedonia,North Macedonia,MK,410.34,452.15,46.68,20.85,Electricity Maps Estimation,false,
2024-10-01 02:00:00,North Macedonia,North Macedonia,MK,417.41,459.33,45.87,21.06,Electricity Maps Estimation,false,
2024-10-01 03:00:00,North Macedonia,North Macedonia,MK,438.87,481.92,42.78,21.58,Electricity Maps Estimation,false,
2024-10-01 04:00:00,North Macedonia,North Macedonia,MK,382.22,421.24,50.76,29.36,Electricity Maps Estimation,false,
2024-10-01 05:00:00,North Macedonia,North Macedonia,MK,295.02,329.01,62.63,40.29,Electricity Maps Estimation,false,
2024-10-01 06:00:00,North Macedonia,North Macedonia,MK,275.4,308.91,65.1,44.6,Electricity Maps Estimation,false,
2024-10-01 07:00:00,North Macedonia,North Macedonia,MK,279.73,313.82,64.39,45.34,Electricity Maps Estimation,false,
2024-10-01 08:00:00,North Macedonia,North Macedonia,MK,269.71,303.14,66.04,44.12,Electricity Maps Estimation,false,
2024-10-01 09:00:00,North Macedonia,North Macedonia,MK,267.92,301.39,66.38,43.7,Electricity Maps Estimation,false,
2024-10-01 10:00:00,North Macedonia,North Macedonia,MK,271.77,305.43,65.93,42.77,Electricity Maps Estimation,false,
2024-10-01 11:00:00,North Macedonia,North Macedonia,MK,268.1,301.38,66.59,42.14,Electricity Maps Estimation,false,
2024-10-01 12:00:00,North Macedonia,North Macedonia,MK,253.2,285.37,68.97,42.59,Electricity Maps Estimation,false,
2024-10-01 13:00:00,North Macedonia,North Macedonia,MK,247.49,279.17,69.62,44.18,Electricity Maps Estimation,false,
2024-10-01 14:00:00,North Macedonia,North Macedonia,MK,280.76,315.64,63.77,38.88,Electricity Maps Estimation,false,
2024-10-01 15:00:00,North Macedonia,North Macedonia,MK,315.93,355.6,56.13,37.54,Electricity Maps Estimation,false,
2024-10-01 16:00:00,North Macedonia,North Macedonia,MK,285.3,322.87,59.7,44.56,Electricity Maps Estimation,true,ESTIMATED_TIME_SLICER_AVERAGE
2024-10-01 17:00:00,North Macedonia,North Macedonia,MK,283.85,320.37,60.81,44.26,Electricity Maps Estimation,true,ESTIMATED_TIME_SLICER_AVERAGE
2024-10-01 18:00:00,North Macedonia,North Macedonia,MK,287.74,324.3,60.48,42.57,Electricity Maps Estimation,true,ESTIMATED_TIME_SLICER_AVERAGE
2024-10-01 19:00:00,North Macedonia,North Macedonia,MK,321.65,360.04,56.78,35.26,Electricity Maps Estimation,false,
2024-10-01 20:00:00,North Macedonia,North Macedonia,MK,324.92,362.52,57.37,32.79,Electricity Maps Estimation,false,
2024-10-01 21:00:00,North Macedonia,North Macedonia,MK,339.18,376.06,56.67,29.84,Electricity Maps Estimation,false,
2024-10-01 22:00:00,North Macedonia,North Macedonia,MK,353.15,390.2,55.19,28.5,entsoe.eu,false,
2024-10-01 23:00:00,North Macedonia,North Macedonia,MK,380.9,419.44,51.78,24.0,entsoe.eu,false,
2024-10-02 00:00:00,North Macedonia,North Macedonia,MK,388.11,426.92,50.92,22.88,entsoe.eu,false,
2024-10-02 01:00:00,North Macedonia,North Macedonia,MK,405.79,445.57,48.8,20.35,entsoe.eu,false,
2024-10-02 02:00:00,North Macedonia,North Macedonia,MK,415.24,455.66,47.57,19.12,entsoe.eu,false,
2024-10-02 03:00:00,North Macedonia,North Macedonia,MK,439.19,480.48,44.26,21.1,entsoe.eu,false,
2024-10-02 04:00:00,North Macedonia,North Macedonia,MK,406.84,445.5,48.39,29.58,entsoe.eu,false,
2024-10-02 05:00:00,North Macedonia,North Macedonia,MK,319.91,353.71,60.08,38.3,entsoe.eu,false,
2024-10-02 06:00:00,North Macedonia,North Macedonia,MK,311.46,352.23,57.84,40.42,entsoe.eu,false,
2024-10-02 07:00:00,North Macedonia,North Macedonia,MK,311.77,348.79,60.26,39.35,entsoe.eu,false,
2024-10-02 08:00:00,North Macedonia,North Macedonia,MK,310.39,347.51,60.26,40.61,entsoe.eu,false,
2024-10-02 09:00:00,North Macedonia,North Macedonia,MK,318.02,355.52,59.18,39.87,entsoe.eu,false,
2024-10-02 10:00:00,North Macedonia,North Macedonia,MK,316.45,353.99,59.45,40.71,entsoe.eu,false,
2024-10-02 11:00:00,North Macedonia,North Macedonia,MK,303.44,339.81,61.18,42.37,entsoe.eu,false,
2024-10-02 12:00:00,North Macedonia,North Macedonia,MK,294.27,330.16,62.28,42.44,entsoe.eu,false,
2024-10-02 13:00:00,North Macedonia,North Macedonia,MK,310.62,349.43,59.02,41.69,entsoe.eu,false,
2024-10-02 14:00:00,North Macedonia,North Macedonia,MK,325.51,383.74,45.15,37.0,entsoe.eu,false,
2024-10-02 15:00:00,North Macedonia,North Macedonia,MK,359.26,438.69,28.23,28.23,entsoe.eu,false,
2024-10-02 16:00:00,North Macedonia,North Macedonia,MK,333.62,406.67,34.96,34.96,entsoe.eu,false,
2024-10-02 17:00:00,North Macedonia,North Macedonia,MK,351.39,422.03,33.81,33.8,entsoe.eu,false,
2024-10-02 18:00:00,North Macedonia,North Macedonia,MK,368.57,431.51,34.84,32.95,entsoe.eu,false,
2024-10-02 19:00:00,North Macedonia,North Macedonia,MK,392.78,455.12,33.6,26.2,entsoe.eu,false,
2024-10-02 20:00:00,North Macedonia,North Macedonia,MK,376.33,433.55,39.18,25.09,entsoe.eu,false,
2024-10-02 21:00:00,North Macedonia,North Macedonia,MK,403.3,459.17,37.97,19.6,entsoe.eu,false,
2024-10-02 22:00:00,North Macedonia,North Macedonia,MK,452.92,495.97,42.06,15.35,entsoe.eu,false,
2024-10-02 23:00:00,North Macedonia,North Macedonia,MK,496.8,541.94,36.88,8.63,entsoe.eu,false,
2024-10-03 00:00:00,North Macedonia,North Macedonia,MK,494.41,539.46,36.94,9.78,entsoe.eu,false,
2024-10-03 01:00:00,North Macedonia,North Macedonia,MK,491.05,535.82,37.36,10.83,entsoe.eu,false,
2024-10-03 02:00:00,North Macedonia,North Macedonia,MK,504.7,550.26,35.25,11.76,entsoe.eu,false,
2024-10-03 03:00:00,North Macedonia,North Macedonia,MK,508.76,554.3,34.42,15.94,entsoe.eu,false,
2024-10-03 04:00:00,North Macedonia,North Macedonia,MK,447.92,488.97,42.73,26.94,entsoe.eu,false,
2024-10-03 05:00:00,North Macedonia,North Macedonia,MK,311.98,348.4,59.35,39.35,entsoe.eu,false,
2024-10-03 06:00:00,North Macedonia,North Macedonia,MK,286.88,326.69,60.87,42.44,entsoe.eu,false,
2024-10-03 07:00:00,North Macedonia,North Macedonia,MK,260.75,295.16,66.21,48.04,entsoe.eu,false,
2024-10-03 08:00:00,North Macedonia,North Macedonia,MK,273.03,307.38,64.97,48.02,entsoe.eu,false,
2024-10-03 09:00:00,North Macedonia,North Macedonia,MK,269.62,304.38,65.09,48.84,entsoe.eu,false,
2024-10-03 10:00:00,North Macedonia,North Macedonia,MK,257.2,291.76,66.4,51.8,entsoe.eu,false,
2024-10-03 11:00:00,North Macedonia,North Macedonia,MK,242.8,276.84,68.05,53.73,entsoe.eu,false,
2024-10-03 12:00:00,North Macedonia,North Macedonia,MK,251.07,285.21,67.11,51.36,entsoe.eu,false,
2024-10-03 13:00:00,North Macedonia,North Macedonia,MK,260.51,299.09,63.35,49.99,entsoe.eu,false,
2024-10-03 14:00:00,North Macedonia,North Macedonia,MK,281.05,334.53,51.55,45.17,entsoe.eu,false,
2024-10-03 15:00:00,North Macedonia,North Macedonia,MK,306.14,373.34,39.9,38.85,entsoe.eu,false,
2024-10-03 16:00:00,North Macedonia,North Macedonia,MK,296.91,365.38,40.19,40.15,entsoe.eu,false,
2024-10-03 17:00:00,North Macedonia,North Macedonia,MK,300.71,369.92,40.04,38.65,entsoe.eu,false,
2024-10-03 18:00:00,North Macedonia,North Macedonia,MK,323.65,392.45,38.15,33.22,entsoe.eu,false,
2024-10-03 19:00:00,North Macedonia,North Macedonia,MK,346.7,403.1,43.01,26.95,entsoe.eu,false,
2024-10-03 20:00:00,North Macedonia,North Macedonia,MK,349.31,404.5,43.92,24.52,entsoe.eu,false,
2024-10-03 21:00:00,North Macedonia,North Macedonia,MK,394.06,453.16,38.03,14.12,entsoe.eu,false,
2024-10-03 22:00:00,North Macedonia,North Macedonia,MK,434.38,477.25,44.96,13.91,entsoe.eu,false,
2024-10-03 23:00:00,North Macedonia,North Macedonia,MK,468.72,512.38,41.36,9.62,entsoe.eu,false,
2024-10-04 00:00:00,North Macedonia,North Macedonia,MK,468.98,512.69,41.19,9.22,entsoe.eu,false,
2024-10-04 01:00:00,North Macedonia,North Macedonia,MK,470.9,514.66,40.87,9.53,entsoe.eu,false,
2024-10-04 02:00:00,North Macedonia,North Macedonia,MK,489.49,534.3,38.28,9.1,entsoe.eu,false,
2024-10-04 03:00:00,North Macedonia,North Macedonia,MK,523.07,569.76,33.47,10.08,entsoe.eu,false,
2024-10-04 04:00:00,North Macedonia,North Macedonia,MK,456.88,498.59,42.1,23.24,entsoe.eu,false,
2024-10-04 05:00:00,North Macedonia,North Macedonia,MK,343.75,378.64,58.0,33.84,entsoe.eu,false,
2024-10-04 06:00:00,North Macedonia,North Macedonia,MK,280.38,323.64,59.61,43.16,entsoe.eu,false,
2024-10-04 07:00:00,North Macedonia,North Macedonia,MK,265.17,300.5,65.9,46.94,entsoe.eu,false,
2024-10-04 08:00:00,North Macedonia,North Macedonia,MK,285.67,320.22,64.0,44.23,entsoe.eu,false,
2024-10-04 09:00:00,North Macedonia,North Macedonia,MK,297.99,333.08,62.32,43.45,entsoe.eu,false,
2024-10-04 10:00:00,North Macedonia,North Macedonia,MK,293.68,328.89,62.56,45.38,entsoe.eu,false,
2024-10-04 11:00:00,North Macedonia,North Macedonia,MK,284.18,319.88,63.27,48.31,entsoe.eu,false,
2024-10-04 12:00:00,North Macedonia,North Macedonia,MK,275.47,313.25,62.69,51.03,entsoe.eu,false,
2024-10-04 13:00:00,North Macedonia,North Macedonia,MK,308.46,354.3,54.11,44.92,entsoe.eu,false,
2024-10-04 14:00:00,North Macedonia,North Macedonia,MK,372.6,434.75,39.3,33.79,entsoe.eu,false,
2024-10-04 15:00:00,North Macedonia,North Macedonia,MK,435.13,507.14,24.87,21.52,entsoe.eu,false,
2024-10-04 16:00:00,North Macedonia,North Macedonia,MK,387.18,461.47,28.78,28.78,entsoe.eu,false,
2024-10-04 17:00:00,North Macedonia,North Macedonia,MK,399.9,475.71,26.58,25.57,entsoe.eu,false,
2024-10-04 18:00:00,North Macedonia,North Macedonia,MK,413.23,489.71,25.17,22.49,entsoe.eu,false,
2024-10-04 19:00:00,North Macedonia,North Macedonia,MK,461.48,532.84,22.67,13.8,entsoe.eu,false,
2024-10-04 20:00:00,North Macedonia,North Macedonia,MK,462.5,534.65,22.12,12.53,entsoe.eu,false,
2024-10-04 21:00:00,North Macedonia,North Macedonia,MK,451.18,521.9,24.4,8.96,entsoe.eu,false,
2024-10-04 22:00:00,North Macedonia,North Macedonia,MK,451.65,495.95,40.87,12.78,entsoe.eu,false,
2024-10-04 23:00:00,North Macedonia,North Macedonia,MK,456.7,498.56,41.63,17.24,entsoe.eu,false,
2024-10-05 00:00:00,North Macedonia,North Macedonia,MK,489.88,533.9,37.18,12.95,entsoe.eu,false,
2024-10-05 01:00:00,North Macedonia,North Macedonia,MK,527.03,573.3,32.42,8.48,entsoe.eu,false,
2024-10-05 02:00:00,North Macedonia,North Macedonia,MK,551.25,598.86,29.0,7.2,entsoe.eu,false,
2024-10-05 03:00:00,North Macedonia,North Macedonia,MK,556.62,604.64,28.21,8.47,entsoe.eu,false,
2024-10-05 04:00:00,North Macedonia,North Macedonia,MK,498.76,543.03,35.92,16.52,entsoe.eu,false,
2024-10-05 05:00:00,North Macedonia,North Macedonia,MK,420.12,459.33,46.4,27.58,entsoe.eu,false,
2024-10-05 06:00:00,North Macedonia,North Macedonia,MK,358.77,394.79,55.0,32.93,entsoe.eu,false,
2024-10-05 07:00:00,North Macedonia,North Macedonia,MK,303.91,338.57,60.96,41.56,entsoe.eu,false,
2024-10-05 08:00:00,North Macedonia,North Macedonia,MK,305.19,338.82,61.55,40.89,entsoe.eu,false,
2024-10-05 09:00:00,North Macedonia,North Macedonia,MK,326.65,361.71,59.04,36.53,entsoe.eu,false,
2024-10-05 10:00:00,North Macedonia,North Macedonia,MK,411.8,451.69,48.15,26.4,entsoe.eu,false,
2024-10-05 11:00:00,North Macedonia,North Macedonia,MK,468.01,511.15,39.92,23.49,entsoe.eu,false,
2024-10-05 12:00:00,North Macedonia,North Macedonia,MK,501.28,546.26,35.42,18.64,entsoe.eu,false,
2024-10-05 13:00:00,North Macedonia,North Macedonia,MK,460.9,502.95,40.65,24.99,entsoe.eu,false,
2024-10-05 14:00:00,North Macedonia,North Macedonia,MK,467.9,509.83,39.44,28.13,entsoe.eu,false,
2024-10-05 15:00:00,North Macedonia,North Macedonia,MK,451.05,495.51,39.38,30.83,entsoe.eu,false,
2024-10-05 16:00:00,North Macedonia,North Macedonia,MK,299.11,352.08,51.05,48.09,entsoe.eu,false,
2024-10-05 17:00:00,North Macedonia,North Macedonia,MK,310.29,357.57,53.93,43.65,entsoe.eu,false,
2024-10-05 18:00:00,North Macedonia,North Macedonia,MK,372.83,413.67,50.01,36.34,entsoe.eu,false,
2024-10-05 19:00:00,North Macedonia,North Macedonia,MK,468.27,510.61,39.96,21.84,entsoe.eu,false,
2024-10-05 20:00:00,North Macedonia,North Macedonia,MK,490.39,534.57,37.14,16.73,entsoe.eu,false,
2024-10-05 21:00:00,North Macedonia,North Macedonia,MK,474.51,517.34,39.34,17.77,entsoe.eu,false,
2024-10-05 22:00:00,North Macedonia,North Macedonia,MK,561.55,609.58,28.11,4.42,entsoe.eu,false,
2024-10-05 23:00:00,North Macedonia,North Macedonia,MK,564.4,612.97,27.53,6.06,entsoe.eu,false,
2024-10-06 00:00:00,North Macedonia,North Macedonia,MK,564.68,613.07,27.41,7.44,entsoe.eu,false,
2024-10-06 01:00:00,North Macedonia,North Macedonia,MK,564.62,613.13,27.25,7.59,entsoe.eu,false,
2024-10-06 02:00:00,North Macedonia,North Macedonia,MK,565.79,614.31,27.05,7.93,entsoe.eu,false,
2024-10-06 03:00:00,North Macedonia,North Macedonia,MK,571.36,620.25,26.14,8.54,entsoe.eu,false,
2024-10-06 04:00:00,North Macedonia,North Macedonia,MK,573.84,623.11,25.78,8.35,entsoe.eu,false,
2024-10-06 05:00:00,North Macedonia,North Macedonia,MK,569.63,618.78,26.21,10.21,entsoe.eu,false,
2024-10-06 06:00:00,North Macedonia,North Macedonia,MK,516.96,563.44,33.45,14.47,entsoe.eu,false,
2024-10-06 07:00:00,North Macedonia,North Macedonia,MK,415.76,456.72,47.63,19.94,entsoe.eu,false,
2024-10-06 08:00:00,North Macedonia,North Macedonia,MK,382.14,421.4,52.25,24.69,entsoe.eu,false,
2024-10-06 09:00:00,North Macedonia,North Macedonia,MK,391.06,430.42,51.34,23.76,entsoe.eu,false,
2024-10-06 10:00:00,North Macedonia,North Macedonia,MK,514.66,560.71,34.29,15.56,entsoe.eu,false,
2024-10-06 11:00:00,North Macedonia,North Macedonia,MK,576.93,626.39,25.45,11.1,entsoe.eu,false,
2024-10-06 12:00:00,North Macedonia,North Macedonia,MK,577.06,626.45,25.12,12.93,entsoe.eu,false,
2024-10-06 13:00:00,North Macedonia,North Macedonia,MK,604.35,655.0,21.47,11.34,entsoe.eu,false,
2024-10-06 14:00:00,North Macedonia,North Macedonia,MK,581.92,631.23,24.88,11.71,entsoe.eu,false,
2024-10-06 15:00:00,North Macedonia,North Macedonia,MK,456.82,498.42,40.29,33.84,entsoe.eu,false,
2024-10-06 16:00:00,North Macedonia,North Macedonia,MK,342.91,385.02,51.44,50.27,entsoe.eu,false,
2024-10-06 17:00:00,North Macedonia,North Macedonia,MK,317.53,357.48,55.82,48.27,entsoe.eu,false,
2024-10-06 18:00:00,North Macedonia,North Macedonia,MK,371.04,406.2,52.49,40.95,entsoe.eu,false,
2024-10-06 19:00:00,North Macedonia,North Macedonia,MK,404.93,442.62,48.34,32.84,entsoe.eu,false,
2024-10-06 20:00:00,North Macedonia,North Macedonia,MK,457.18,498.64,42.0,21.72,entsoe.eu,false,
2024-10-06 21:00:00,North Macedonia,North Macedonia,MK,468.83,511.02,40.48,18.2,entsoe.eu,false,
2024-10-06 22:00:00,North Macedonia,North Macedonia,MK,490.16,533.71,37.24,17.6,entsoe.eu,false,
2024-10-06 23:00:00,North Macedonia,North Macedonia,MK,512.5,557.58,34.28,14.05,entsoe.eu,false,
2024-10-07 00:00:00,North Macedonia,North Macedonia,MK,528.57,574.7,32.15,11.9,entsoe.eu,false,
2024-10-07 01:00:00,North Macedonia,North Macedonia,MK,534.57,580.97,31.3,11.66,entsoe.eu,false,
2024-10-07 02:00:00,North Macedonia,North Macedonia,MK,541.38,588.18,30.39,11.64,entsoe.eu,false,
2024-10-07 03:00:00,North Macedonia,North Macedonia,MK,554.29,601.87,28.6,11.59,entsoe.eu,false,
2024-10-07 04:00:00,North Macedonia,North Macedonia,MK,470.45,512.4,39.44,26.29,entsoe.eu,false,
2024-10-07 05:00:00,North Macedonia,North Macedonia,MK,442.41,482.1,41.98,40.01,entsoe.eu,false,
2024-10-07 06:00:00,North Macedonia,North Macedonia,MK,297.29,331.88,61.24,46.48,entsoe.eu,false,
2024-10-07 07:00:00,North Macedonia,North Macedonia,MK,251.21,287.32,66.47,48.1,entsoe.eu,false,
2024-10-07 08:00:00,North Macedonia,North Macedonia,MK,269.82,302.72,66.52,43.23,entsoe.eu,false,
2024-10-07 09:00:00,North Macedonia,North Macedonia,MK,306.04,340.27,61.5,41.74,entsoe.eu,false,
2024-10-07 10:00:00,North Macedonia,North Macedonia,MK,319.81,355.3,59.73,39.81,entsoe.eu,false,
2024-10-07 11:00:00,North Macedonia,North Macedonia,MK,318.05,353.64,60.02,39.66,entsoe.eu,false,
2024-10-07 12:00:00,North Macedonia,North Macedonia,MK,360.35,398.49,54.28,34.49,entsoe.eu,false,
2024-10-07 13:00:00,North Macedonia,North Macedonia,MK,425.36,466.61,45.78,27.22,entsoe.eu,false,
2024-10-07 14:00:00,North Macedonia,North Macedonia,MK,527.86,583.36,26.02,15.37,entsoe.eu,false,
2024-10-07 15:00:00,North Macedonia,North Macedonia,MK,467.39,530.22,25.78,23.6,entsoe.eu,false,
2024-10-07 16:00:00,North Macedonia,North Macedonia,MK,394.04,449.81,36.97,33.73,entsoe.eu,false,
2024-10-07 17:00:00,North Macedonia,North Macedonia,MK,385.82,441.42,37.84,34.5,entsoe.eu,false,
2024-10-07 18:00:00,North Macedonia,North Macedonia,MK,397.29,452.72,37.14,31.73,entsoe.eu,false,
2024-10-07 19:00:00,North Macedonia,North Macedonia,MK,423.83,480.1,34.72,25.72,entsoe.eu,false,
2024-10-07 20:00:00,North Macedonia,North Macedonia,MK,428.23,484.97,34.63,21.44,entsoe.eu,false,
2024-10-07 21:00:00,North Macedonia,North Macedonia,MK,450.17,507.41,32.43,17.12,entsoe.eu,false,
2024-10-07 22:00:00,North Macedonia,North Macedonia,MK,488.18,533.34,36.42,17.55,entsoe.eu,false,
2024-10-07 23:00:00,North Macedonia,North Macedonia,MK,512.99,558.69,33.9,14.15,entsoe.eu,false,
2024-10-08 00:00:00,North Macedonia,North Macedonia,MK,539.3,586.68,30.49,10.31,entsoe.eu,false,
2024-10-08 01:00:00,North Macedonia,North Macedonia,MK,557.84,606.32,28.01,8.77,entsoe.eu,false,
2024-10-08 02:00:00,North Macedonia,North Macedonia,MK,576.06,625.44,25.4,8.76,entsoe.eu,false,
2024-10-08 03:00:00,North Macedonia,North Macedonia,MK,569.2,617.89,26.05,13.8,entsoe.eu,false,
2024-10-08 04:00:00,North Macedonia,North Macedonia,MK,500.13,543.98,35.19,25.41,entsoe.eu,false,
2024-10-08 05:00:00,North Macedonia,North Macedonia,MK,488.28,531.47,36.54,29.12,entsoe.eu,false,
2024-10-08 06:00:00,North Macedonia,North Macedonia,MK,505.88,550.06,33.53,31.39,entsoe.eu,false,
2024-10-08 07:00:00,North Macedonia,North Macedonia,MK,521.37,571.85,30.03,25.38,entsoe.eu,false,
2024-10-08 08:00:00,North Macedonia,North Macedonia,MK,684.15,740.23,10.13,7.36,entsoe.eu,false,
2024-10-08 09:00:00,North Macedonia,North Macedonia,MK,689.15,745.36,9.54,6.96,entsoe.eu,false,
2024-10-08 10:00:00,North Macedonia,North Macedonia,MK,706.01,763.08,7.25,5.41,entsoe.eu,false,
2024-10-08 11:00:00,North Macedonia,North Macedonia,MK,705.26,762.16,7.42,5.29,entsoe.eu,false,
2024-10-08 12:00:00,North Macedonia,North Macedonia,MK,691.7,748.02,9.16,6.58,entsoe.eu,false,
2024-10-08 13:00:00,North Macedonia,North Macedonia,MK,472.89,528.23,32.1,18.14,entsoe.eu,false,
2024-10-08 14:00:00,North Macedonia,North Macedonia,MK,457.26,517.12,29.82,20.09,entsoe.eu,false,
2024-10-08 15:00:00,North Macedonia,North Macedonia,MK,437.28,493.57,33.01,27.63,entsoe.eu,false,
2024-10-08 16:00:00,North Macedonia,North Macedonia,MK,402.66,457.99,36.85,32.19,entsoe.eu,false,
2024-10-08 17:00:00,North Macedonia,North Macedonia,MK,398.48,453.18,37.63,32.43,entsoe.eu,false,
2024-10-08 18:00:00,North Macedonia,North Macedonia,MK,410.92,464.94,37.03,29.53,entsoe.eu,false,
2024-10-08 19:00:00,North Macedonia,North Macedonia,MK,436.7,492.56,34.29,22.83,entsoe.eu,false,
2024-10-08 20:00:00,North Macedonia,North Macedonia,MK,447.71,505.06,32.9,17.74,entsoe.eu,false,
2024-10-08 21:00:00,North Macedonia,North Macedonia,MK,470.89,529.98,29.95,13.68,entsoe.eu,false,
2024-10-08 22:00:00,North Macedonia,North Macedonia,MK,487.04,534.99,35.29,17.22,entsoe.eu,false,
2024-10-08 23:00:00,North Macedonia,North Macedonia,MK,456.89,498.29,42.05,23.66,entsoe.eu,false,
2024-10-09 00:00:00,North Macedonia,North Macedonia,MK,481.1,524.06,38.93,20.03,entsoe.eu,false,
2024-10-09 01:00:00,North Macedonia,North Macedonia,MK,482.93,526.0,38.64,20.07,entsoe.eu,false,
2024-10-09 02:00:00,North Macedonia,North Macedonia,MK,486.4,529.66,38.04,20.43,entsoe.eu,false,
2024-10-09 03:00:00,North Macedonia,North Macedonia,MK,489.61,532.97,37.49,21.56,entsoe.eu,false,
2024-10-09 04:00:00,North Macedonia,North Macedonia,MK,421.2,460.08,46.18,33.26,entsoe.eu,false,
2024-10-09 05:00:00,North Macedonia,North Macedonia,MK,400.77,438.1,47.24,45.9,entsoe.eu,false,
2024-10-09 06:00:00,North Macedonia,North Macedonia,MK,291.86,322.14,61.7,59.66,entsoe.eu,false,
2024-10-09 07:00:00,North Macedonia,North Macedonia,MK,272.93,305.59,63.02,59.23,entsoe.eu,false,
2024-10-09 08:00:00,North Macedonia,North Macedonia,MK,416.55,454.71,45.23,44.29,entsoe.eu,false,
2024-10-09 09:00:00,North Macedonia,North Macedonia,MK,393.74,430.25,48.15,47.89,entsoe.eu,false,
2024-10-09 10:00:00,North Macedonia,North Macedonia,MK,402.51,439.49,47.02,46.91,entsoe.eu,false,
2024-10-09 11:00:00,North Macedonia,North Macedonia,MK,392.56,429.11,48.58,46.54,entsoe.eu,false,
2024-10-09 12:00:00,North Macedonia,North Macedonia,MK,380.3,418.59,49.41,46.42,entsoe.eu,false,
2024-10-09 13:00:00,North Macedonia,North Macedonia,MK,300.3,331.5,62.48,46.9,entsoe.eu,false,
2024-10-09 14:00:00,North Macedonia,North Macedonia,MK,340.78,385.76,49.97,37.09,entsoe.eu,false,
2024-10-09 15:00:00,North Macedonia,North Macedonia,MK,386.2,440.41,39.17,32.43,entsoe.eu,false,
2024-10-09 16:00:00,North Macedonia,North Macedonia,MK,316.73,371.59,45.12,39.78,entsoe.eu,false,
2024-10-09 17:00:00,North Macedonia,North Macedonia,MK,318.51,372.95,45.09,39.97,entsoe.eu,false,
2024-10-09 18:00:00,North Macedonia,North Macedonia,MK,357.91,411.4,42.4,34.34,entsoe.eu,false,
2024-10-09 19:00:00,North Macedonia,North Macedonia,MK,406.46,462.77,36.87,23.7,entsoe.eu,false,
2024-10-09 20:00:00,North Macedonia,North Macedonia,MK,415.22,470.37,37.02,21.66,entsoe.eu,false,
2024-10-09 21:00:00,North Macedonia,North Macedonia,MK,448.75,490.68,42.37,23.49,entsoe.eu,false,
2024-10-09 22:00:00,North Macedonia,North Macedonia,MK,511.8,556.79,35.07,14.48,entsoe.eu,false,
2024-10-09 23:00:00,North Macedonia,North Macedonia,MK,544.79,591.77,30.61,10.91,entsoe.eu,false,
2024-10-10 00:00:00,North Macedonia,North Macedonia,MK,551.07,598.43,29.76,10.29,entsoe.eu,false,
2024-10-10 01:00:00,North Macedonia,North Macedonia,MK,556.88,604.62,28.92,9.92,entsoe.eu,false,
2024-10-10 02:00:00,North Macedonia,North Macedonia,MK,572.13,620.66,26.72,9.5,entsoe.eu,false,
2024-10-10 03:00:00,North Macedonia,North Macedonia,MK,592.64,642.31,23.58,10.32,entsoe.eu,false,
2024-10-10 04:00:00,North Macedonia,North Macedonia,MK,560.87,608.67,27.66,15.13,entsoe.eu,false,
2024-10-10 05:00:00,North Macedonia,North Macedonia,MK,540.62,587.12,28.72,27.8,entsoe.eu,false,
2024-10-10 06:00:00,North Macedonia,North Macedonia,MK,550.25,597.64,27.46,26.01,entsoe.eu,false,
2024-10-10 07:00:00,North Macedonia,North Macedonia,MK,548.68,596.1,27.78,25.66,entsoe.eu,false,
2024-10-10 08:00:00,North Macedonia,North Macedonia,MK,679.49,735.26,10.78,7.94,entsoe.eu,false,
2024-10-10 09:00:00,North Macedonia,North Macedonia,MK,704.19,761.32,7.5,5.37,entsoe.eu,false,
2024-10-10 10:00:00,North Macedonia,North Macedonia,MK,711.61,769.1,6.49,4.62,entsoe.eu,false,
2024-10-10 11:00:00,North Macedonia,North Macedonia,MK,702.37,759.22,7.9,4.85,entsoe.eu,false,
2024-10-10 12:00:00,North Macedonia,North Macedonia,MK,694.07,750.43,9.07,5.52,entsoe.eu,false,
2024-10-10 13:00:00,North Macedonia,North Macedonia,MK,593.75,644.43,23.05,13.12,entsoe.eu,false,
2024-10-10 14:00:00,North Macedonia,North Macedonia,MK,525.29,571.18,32.25,20.92,entsoe.eu,false,
2024-10-10 15:00:00,North Macedonia,North Macedonia,MK,487.79,530.74,37.06,27.43,entsoe.eu,false,
2024-10-10 16:00:00,North Macedonia,North Macedonia,MK,435.35,474.57,43.56,37.1,entsoe.eu,false,
2024-10-10 17:00:00,North Macedonia,North Macedonia,MK,420.93,458.94,46.03,37.59,entsoe.eu,false,
2024-10-10 18:00:00,North Macedonia,North Macedonia,MK,450.09,490.25,42.02,32.77,entsoe.eu,false,
2024-10-10 19:00:00,North Macedonia,North Macedonia,MK,481.51,524.44,37.71,25.31,entsoe.eu,false,
2024-10-10 20:00:00,North Macedonia,North Macedonia,MK,484.43,527.73,37.28,23.62,entsoe.eu,false,
2024-10-10 21:00:00,North Macedonia,North Macedonia,MK,499.73,543.97,35.59,19.46,entsoe.eu,false,
2024-10-10 22:00:00,North Macedonia,North Macedonia,MK,552.6,600.17,28.68,11.69,entsoe.eu,false,
2024-10-10 23:00:00,North Macedonia,North Macedonia,MK,550.43,597.77,28.71,13.32,entsoe.eu,false,
2024-10-11 00:00:00,North Macedonia,North Macedonia,MK,575.04,623.94,25.43,10.12,entsoe.eu,false,
2024-10-11 01:00:00,North Macedonia,North Macedonia,MK,589.26,639.08,23.93,4.77,entsoe.eu,false,
2024-10-11 02:00:00,North Macedonia,North Macedonia,MK,553.28,601.01,28.41,11.06,entsoe.eu,false,
2024-10-11 03:00:00,North Macedonia,North Macedonia,MK,631.33,683.74,18.09,3.91,entsoe.eu,false,
2024-10-11 04:00:00,North Macedonia,North Macedonia,MK,572.8,620.97,25.33,18.19,entsoe.eu,false,
2024-10-11 05:00:00,North Macedonia,North Macedonia,MK,525.61,570.73,31.13,27.93,entsoe.eu,false,
2024-10-11 06:00:00,North Macedonia,North Macedonia,MK,495.04,537.88,34.86,34.86,entsoe.eu,false,
2024-10-11 07:00:00,North Macedonia,North Macedonia,MK,403.67,445.8,44.52,44.48,entsoe.eu,false,
2024-10-11 08:00:00,North Macedonia,North Macedonia,MK,347.14,387.96,51.05,51.04,entsoe.eu,false,
2024-10-11 09:00:00,North Macedonia,North Macedonia,MK,704.5,761.21,7.24,7.05,entsoe.eu,false,
2024-10-11 10:00:00,North Macedonia,North Macedonia,MK,721.15,778.96,5.05,4.86,entsoe.eu,false,
2024-10-11 11:00:00,North Macedonia,North Macedonia,MK,702.27,758.95,7.51,7.25,entsoe.eu,false,
2024-10-11 12:00:00,North Macedonia,North Macedonia,MK,664.39,719.03,12.72,9.57,entsoe.eu,false,
2024-10-11 13:00:00,North Macedonia,North Macedonia,MK,537.3,584.14,30.16,19.46,entsoe.eu,false,
2024-10-11 14:00:00,North Macedonia,North Macedonia,MK,546.79,604.56,21.92,15.72,entsoe.eu,false,
2024-10-11 15:00:00,North Macedonia,North Macedonia,MK,421.28,485.99,28.8,26.84,entsoe.eu,false,
2024-10-11 16:00:00,North Macedonia,North Macedonia,MK,368.77,433.15,33.6,33.6,entsoe.eu,false,
2024-10-11 17:00:00,North Macedonia,North Macedonia,MK,363.43,429.32,33.62,33.62,entsoe.eu,false,
2024-10-11 18:00:00,North Macedonia,North Macedonia,MK,409.2,470.62,32.1,28.35,entsoe.eu,false,
2024-10-11 19:00:00,North Macedonia,North Macedonia,MK,436.32,496.89,30.67,21.96,entsoe.eu,false,
2024-10-11 20:00:00,North Macedonia,North Macedonia,MK,442.99,502.98,30.82,19.23,entsoe.eu,false,
2024-10-11 21:00:00,North Macedonia,North Macedonia,MK,467.42,531.14,26.52,12.2,entsoe.eu,false,
2024-10-11 22:00:00,North Macedonia,North Macedonia,MK,478.95,523.11,37.71,17.76,entsoe.eu,false,
2024-10-11 23:00:00,North Macedonia,North Macedonia,MK,473.56,516.02,39.49,17.62,entsoe.eu,false,
2024-10-12 00:00:00,North Macedonia,North Macedonia,MK,487.33,530.66,37.86,14.6,entsoe.eu,false,
2024-10-12 01:00:00,North Macedonia,North Macedonia,MK,496.32,540.21,36.73,13.09,entsoe.eu,false,
2024-10-12 02:00:00,North Macedonia,North Macedonia,MK,499.99,543.93,36.31,12.95,entsoe.eu,false,
2024-10-12 03:00:00,North Macedonia,North Macedonia,MK,498.32,542.32,36.37,13.83,entsoe.eu,false,
2024-10-12 04:00:00,North Macedonia,North Macedonia,MK,503.88,548.38,35.34,14.58,entsoe.eu,false,
2024-10-12 05:00:00,North Macedonia,North Macedonia,MK,476.89,519.78,38.7,20.7,entsoe.eu,false,
2024-10-12 06:00:00,North Macedonia,North Macedonia,MK,483.47,527.31,37.92,18.71,entsoe.eu,false,
2024-10-12 07:00:00,North Macedonia,North Macedonia,MK,448.7,490.48,42.89,22.73,entsoe.eu,false,
2024-10-12 08:00:00,North Macedonia,North Macedonia,MK,437.77,479.28,44.08,25.32,entsoe.eu,false,
2024-10-12 09:00:00,North Macedonia,North Macedonia,MK,381.93,420.28,51.84,28.61,entsoe.eu,false,
2024-10-12 10:00:00,North Macedonia,North Macedonia,MK,402.03,441.51,49.09,28.21,entsoe.eu,false,
2024-10-12 11:00:00,North Macedonia,North Macedonia,MK,395.4,434.54,49.92,28.05,entsoe.eu,false,
2024-10-12 12:00:00,North Macedonia,North Macedonia,MK,400.42,439.85,49.25,27.94,entsoe.eu,false,
2024-10-12 13:00:00,North Macedonia,North Macedonia,MK,464.54,507.46,40.47,22.43,entsoe.eu,false,
2024-10-12 14:00:00,North Macedonia,North Macedonia,MK,510.84,556.27,34.14,19.62,entsoe.eu,false,
2024-10-12 15:00:00,North Macedonia,North Macedonia,MK,481.43,524.4,38.15,23.39,entsoe.eu,false,
2024-10-12 16:00:00,North Macedonia,North Macedonia,MK,398.58,435.76,48.95,36.09,entsoe.eu,false,
2024-10-12 17:00:00,North Macedonia,North Macedonia,MK,403.78,441.37,48.41,33.99,entsoe.eu,false,
2024-10-12 18:00:00,North Macedonia,North Macedonia,MK,426.67,465.9,45.39,29.5,entsoe.eu,false,
2024-10-12 19:00:00,North Macedonia,North Macedonia,MK,471.9,514.32,39.77,20.46,entsoe.eu,false,
2024-10-12 20:00:00,North Macedonia,North Macedonia,MK,464.16,506.54,40.75,19.97,entsoe.eu,false,
2024-10-12 21:00:00,North Macedonia,North Macedonia,MK,474.01,517.02,39.39,19.05,entsoe.eu,false,
2024-10-12 22:00:00,North Macedonia,North Macedonia,MK,499.3,543.75,36.01,13.89,entsoe.eu,false,
2024-10-12 23:00:00,North Macedonia,North Macedonia,MK,500.22,545.03,35.3,13.2,entsoe.eu,false,
2024-10-13 00:00:00,North Macedonia,North Macedonia,MK,520.0,565.92,32.59,11.92,entsoe.eu,false,
2024-10-13 01:00:00,North Macedonia,North Macedonia,MK,531.25,577.7,31.09,11.34,entsoe.eu,false,
2024-10-13 02:00:00,North Macedonia,North Macedonia,MK,537.6,584.36,30.2,11.32,entsoe.eu,false,
2024-10-13 03:00:00,North Macedonia,North Macedonia,MK,541.44,588.34,29.67,11.51,entsoe.eu,false,
2024-10-13 04:00:00,North Macedonia,North Macedonia,MK,528.94,574.77,31.34,14.31,entsoe.eu,false,
2024-10-13 05:00:00,North Macedonia,North Macedonia,MK,499.01,543.22,35.2,20.04,entsoe.eu,false,
2024-10-13 06:00:00,North Macedonia,North Macedonia,MK,473.69,516.97,38.45,23.3,entsoe.eu,false,
2024-10-13 07:00:00,North Macedonia,North Macedonia,MK,516.09,562.65,33.0,15.76,entsoe.eu,false,
2024-10-13 08:00:00,North Macedonia,North Macedonia,MK,493.97,539.44,36.01,16.81,entsoe.eu,false,
2024-10-13 09:00:00,North Macedonia,North Macedonia,MK,504.37,550.62,34.57,17.08,entsoe.eu,false,
2024-10-13 10:00:00,North Macedonia,North Macedonia,MK,524.99,572.46,31.79,15.29,entsoe.eu,false,
2024-10-13 11:00:00,North Macedonia,North Macedonia,MK,550.44,599.07,28.43,12.42,entsoe.eu,false,
2024-10-13 12:00:00,North Macedonia,North Macedonia,MK,565.09,614.3,26.46,11.62,entsoe.eu,false,
2024-10-13 13:00:00,North Macedonia,North Macedonia,MK,567.36,616.46,26.04,13.05,entsoe.eu,false,
2024-10-13 14:00:00,North Macedonia,North Macedonia,MK,523.64,569.81,31.97,18.11,entsoe.eu,false,
2024-10-13 15:00:00,North Macedonia,North Macedonia,MK,462.84,504.05,39.63,31.8,entsoe.eu,false,
2024-10-13 16:00:00,North Macedonia,North Macedonia,MK,381.44,417.05,50.01,47.25,entsoe.eu,false,
2024-10-13 17:00:00,North Macedonia,North Macedonia,MK,371.92,407.06,51.65,44.44,entsoe.eu,false,
2024-10-13 18:00:00,North Macedonia,North Macedonia,MK,395.82,432.91,48.52,38.41,entsoe.eu,false,
2024-10-13 19:00:00,North Macedonia,North Macedonia,MK,397.73,435.48,48.24,35.7,entsoe.eu,false,
2024-10-13 20:00:00,North Macedonia,North Macedonia,MK,421.13,460.85,45.27,29.18,entsoe.eu,false,
2024-10-13 21:00:00,North Macedonia,North Macedonia,MK,443.74,485.19,42.38,23.78,entsoe.eu,false,
2024-10-13 22:00:00,North Macedonia,North Macedonia,MK,482.2,526.26,37.43,17.75,entsoe.eu,false,
2024-10-13 23:00:00,North Macedonia,North Macedonia,MK,513.14,559.34,33.49,11.95,entsoe.eu,false,
2024-10-14 00:00:00,North Macedonia,North Macedonia,MK,516.71,562.96,33.13,11.77,entsoe.eu,false,
2024-10-14 01:00:00,North Macedonia,North Macedonia,MK,519.55,565.71,32.92,12.05,entsoe.eu,false,
2024-10-14 02:00:00,North Macedonia,North Macedonia,MK,532.34,578.99,31.34,12.0,entsoe.eu,false,
2024-10-14 03:00:00,North Macedonia,North Macedonia,MK,566.36,614.73,26.94,10.68,entsoe.eu,false,
2024-10-14 04:00:00,North Macedonia,North Macedonia,MK,480.03,522.25,37.85,28.13,entsoe.eu,false,
2024-10-14 05:00:00,North Macedonia,North Macedonia,MK,442.49,481.96,41.78,41.64,entsoe.eu,false,
2024-10-14 06:00:00,North Macedonia,North Macedonia,MK,352.72,391.24,51.45,51.37,entsoe.eu,false,
2024-10-14 07:00:00,North Macedonia,North Macedonia,MK,264.04,303.72,60.83,60.7,entsoe.eu,false,
2024-10-14 08:00:00,North Macedonia,North Macedonia,MK,301.12,340.29,57.77,57.36,entsoe.eu,false,
2024-10-14 09:00:00,North Macedonia,North Macedonia,MK,291.59,330.89,59.04,58.64,entsoe.eu,false,
2024-10-14 10:00:00,North Macedonia,North Macedonia,MK,407.32,451.23,44.6,44.28,entsoe.eu,false,
2024-10-14 11:00:00,North Macedonia,North Macedonia,MK,412.87,458.07,43.6,43.21,entsoe.eu,false,
2024-10-14 12:00:00,North Macedonia,North Macedonia,MK,356.51,399.21,50.43,50.12,entsoe.eu,false,
2024-10-14 13:00:00,North Macedonia,North Macedonia,MK,300.0,345.87,54.42,51.76,entsoe.eu,false,
2024-10-14 14:00:00,North Macedonia,North Macedonia,MK,481.5,523.51,36.65,36.64,entsoe.eu,false,
2024-10-14 15:00:00,North Macedonia,North Macedonia,MK,381.13,438.77,40.4,40.4,entsoe.eu,false,
2024-10-14 16:00:00,North Macedonia,North Macedonia,MK,326.13,381.79,46.92,46.91,entsoe.eu,false,
2024-10-14 17:00:00,North Macedonia,North Macedonia,MK,323.74,382.5,45.81,45.8,entsoe.eu,false,
2024-10-14 18:00:00,North Macedonia,North Macedonia,MK,339.89,393.13,45.88,45.88,entsoe.eu,false,
2024-10-14 19:00:00,North Macedonia,North Macedonia,MK,416.43,454.15,45.88,41.64,entsoe.eu,false,
2024-10-14 20:00:00,North Macedonia,North Macedonia,MK,407.49,444.76,47.57,38.83,entsoe.eu,false,
2024-10-14 21:00:00,North Macedonia,North Macedonia,MK,437.46,476.59,44.44,29.99,entsoe.eu,false,
2024-10-14 22:00:00,North Macedonia,North Macedonia,MK,497.0,548.14,31.44,22.05,entsoe.eu,false,
2024-10-14 23:00:00,North Macedonia,North Macedonia,MK,596.47,645.92,23.45,8.35,entsoe.eu,false,
2024-10-15 00:00:00,North Macedonia,North Macedonia,MK,592.78,641.97,23.83,9.63,entsoe.eu,false,
2024-10-15 01:00:00,North Macedonia,North Macedonia,MK,623.0,674.15,19.78,6.07,entsoe.eu,false,
2024-10-15 02:00:00,North Macedonia,North Macedonia,MK,630.59,682.26,18.42,7.77,entsoe.eu,false,
2024-10-15 03:00:00,North Macedonia,North Macedonia,MK,626.07,677.43,18.11,14.53,entsoe.eu,false,
2024-10-15 04:00:00,North Macedonia,North Macedonia,MK,426.26,471.83,40.0,39.97,entsoe.eu,false,
2024-10-15 05:00:00,North Macedonia,North Macedonia,MK,316.43,366.01,49.27,49.27,entsoe.eu,false,
2024-10-15 06:00:00,North Macedonia,North Macedonia,MK,234.04,283.4,58.24,58.24,entsoe.eu,false,
2024-10-15 07:00:00,North Macedonia,North Macedonia,MK,232.95,278.59,61.59,61.59,entsoe.eu,false,
2024-10-15 08:00:00,North Macedonia,North Macedonia,MK,245.35,289.68,61.74,61.66,entsoe.eu,false,
2024-10-15 09:00:00,North Macedonia,North Macedonia,MK,267.7,312.51,59.84,59.58,entsoe.eu,false,
2024-10-15 10:00:00,North Macedonia,North Macedonia,MK,277.81,322.51,58.89,58.59,entsoe.eu,false,
2024-10-15 11:00:00,North Macedonia,North Macedonia,MK,274.67,319.54,59.07,58.76,entsoe.eu,false,
2024-10-15 12:00:00,North Macedonia,North Macedonia,MK,271.39,318.31,57.88,57.8,entsoe.eu,false,
2024-10-15 13:00:00,North Macedonia,North Macedonia,MK,290.91,344.2,51.78,49.95,entsoe.eu,false,
2024-10-15 14:00:00,North Macedonia,North Macedonia,MK,354.99,417.29,40.37,40.37,entsoe.eu,false,
2024-10-15 15:00:00,North Macedonia,North Macedonia,MK,381.7,433.06,42.67,42.67,entsoe.eu,false,
2024-10-15 16:00:00,North Macedonia,North Macedonia,MK,345.68,393.73,48.0,48.0,entsoe.eu,false,
2024-10-15 17:00:00,North Macedonia,North Macedonia,MK,366.84,407.27,49.58,46.98,entsoe.eu,false,
2024-10-15 18:00:00,North Macedonia,North Macedonia,MK,413.54,451.17,45.82,44.02,entsoe.eu,false,
2024-10-15 19:00:00,North Macedonia,North Macedonia,MK,444.85,484.8,42.85,32.54,entsoe.eu,false,
2024-10-15 20:00:00,North Macedonia,North Macedonia,MK,449.18,489.6,42.74,28.78,entsoe.eu,false,
2024-10-15 21:00:00,North Macedonia,North Macedonia,MK,471.09,512.72,40.03,24.7,entsoe.eu,false,
2024-10-15 22:00:00,North Macedonia,North Macedonia,MK,507.39,551.58,35.52,18.5,entsoe.eu,false,
2024-10-15 23:00:00,North Macedonia,North Macedonia,MK,543.79,590.59,30.43,14.62,entsoe.eu,false,
2024-10-16 00:00:00,North Macedonia,North Macedonia,MK,574.98,623.89,26.07,11.4,entsoe.eu,false,
2024-10-16 01:00:00,North Macedonia,North Macedonia,MK,592.07,642.01,23.62,10.83,entsoe.eu,false,
2024-10-16 02:00:00,North Macedonia,North Macedonia,MK,596.78,646.94,22.88,11.13,entsoe.eu,false,
2024-10-16 03:00:00,North Macedonia,North Macedonia,MK,581.13,630.28,24.79,13.99,entsoe.eu,false,
2024-10-16 04:00:00,North Macedonia,North Macedonia,MK,568.05,615.87,26.68,17.25,entsoe.eu,false,
2024-10-16 05:00:00,North Macedonia,North Macedonia,MK,581.13,629.76,24.37,19.3,entsoe.eu,false,
2024-10-16 06:00:00,North Macedonia,North Macedonia,MK,485.61,532.93,34.42,34.08,entsoe.eu,false,
2024-10-16 07:00:00,North Macedonia,North Macedonia,MK,614.88,666.77,18.85,17.62,entsoe.eu,false,
2024-10-16 08:00:00,North Macedonia,North Macedonia,MK,499.31,547.38,33.27,31.15,entsoe.eu,false,
2024-10-16 09:00:00,North Macedonia,North Macedonia,MK,590.73,641.96,21.98,19.56,entsoe.eu,false,
2024-10-16 10:00:00,North Macedonia,North Macedonia,MK,646.51,700.52,14.68,13.25,entsoe.eu,false,
2024-10-16 11:00:00,North Macedonia,North Macedonia,MK,677.13,732.69,10.75,9.66,entsoe.eu,false,
2024-10-16 12:00:00,North Macedonia,North Macedonia,MK,675.17,730.54,10.99,10.11,entsoe.eu,false,
2024-10-16 13:00:00,North Macedonia,North Macedonia,MK,507.7,553.22,35.56,18.82,entsoe.eu,false,
2024-10-16 14:00:00,North Macedonia,North Macedonia,MK,569.92,618.42,26.39,16.29,entsoe.eu,false,
2024-10-16 15:00:00,North Macedonia,North Macedonia,MK,507.63,551.4,34.45,26.93,entsoe.eu,false,
2024-10-16 16:00:00,North Macedonia,North Macedonia,MK,440.98,480.5,42.44,39.17,entsoe.eu,false,
2024-10-16 17:00:00,North Macedonia,North Macedonia,MK,457.55,498.02,40.81,34.44,entsoe.eu,false,
2024-10-16 18:00:00,North Macedonia,North Macedonia,MK,467.6,508.82,39.71,31.3,entsoe.eu,false,
2024-10-16 19:00:00,North Macedonia,North Macedonia,MK,508.79,552.89,34.92,22.11,entsoe.eu,false,
2024-10-16 20:00:00,North Macedonia,North Macedonia,MK,526.47,571.71,33.14,16.79,entsoe.eu,false,
2024-10-16 21:00:00,North Macedonia,North Macedonia,MK,536.34,582.42,31.57,15.55,entsoe.eu,false,
2024-10-16 22:00:00,North Macedonia,North Macedonia,MK,572.96,621.46,26.52,11.47,entsoe.eu,false,
2024-10-16 23:00:00,North Macedonia,North Macedonia,MK,599.85,650.16,22.92,8.03,entsoe.eu,false,
2024-10-17 00:00:00,North Macedonia,North Macedonia,MK,606.32,656.98,22.12,7.26,entsoe.eu,false,
2024-10-17 01:00:00,North Macedonia,North Macedonia,MK,626.68,678.54,19.25,5.91,entsoe.eu,false,
2024-10-17 02:00:00,North Macedonia,North Macedonia,MK,623.77,675.44,19.67,6.68,entsoe.eu,false,
2024-10-17 03:00:00,North Macedonia,North Macedonia,MK,608.29,658.99,21.63,9.38,entsoe.eu,false,
2024-10-17 04:00:00,North Macedonia,North Macedonia,MK,596.23,645.96,23.53,11.14,entsoe.eu,false,
2024-10-17 05:00:00,North Macedonia,North Macedonia,MK,606.62,656.85,20.37,19.9,entsoe.eu,false,
2024-10-17 06:00:00,North Macedonia,North Macedonia,MK,611.03,661.78,20.05,18.39,entsoe.eu,false,
2024-10-17 07:00:00,North Macedonia,North Macedonia,MK,506.7,554.68,32.53,29.62,entsoe.eu,false,
2024-10-17 08:00:00,North Macedonia,North Macedonia,MK,574.42,624.6,24.44,20.53,entsoe.eu,false,
2024-10-17 09:00:00,North Macedonia,North Macedonia,MK,566.87,616.67,25.4,21.45,entsoe.eu,false,
2024-10-17 10:00:00,North Macedonia,North Macedonia,MK,577.38,627.8,23.99,20.19,entsoe.eu,false,
2024-10-17 11:00:00,North Macedonia,North Macedonia,MK,542.33,591.82,28.2,23.96,entsoe.eu,false,
2024-10-17 12:00:00,North Macedonia,North Macedonia,MK,549.25,599.01,27.34,22.72,entsoe.eu,false,
2024-10-17 13:00:00,North Macedonia,North Macedonia,MK,462.24,504.91,40.85,27.6,entsoe.eu,false,
2024-10-17 14:00:00,North Macedonia,North Macedonia,MK,466.3,507.91,40.68,27.84,entsoe.eu,false,
2024-10-17 15:00:00,North Macedonia,North Macedonia,MK,467.59,509.19,38.95,34.66,entsoe.eu,false,
2024-10-17 16:00:00,North Macedonia,North Macedonia,MK,342.04,391.25,48.27,48.27,entsoe.eu,false,
2024-10-17 17:00:00,North Macedonia,North Macedonia,MK,346.18,390.1,50.73,46.13,entsoe.eu,false,
2024-10-17 18:00:00,North Macedonia,North Macedonia,MK,386.23,427.26,47.7,42.8,entsoe.eu,false,
2024-10-17 19:00:00,North Macedonia,North Macedonia,MK,448.29,488.43,42.49,31.4,entsoe.eu,false,
2024-10-17 20:00:00,North Macedonia,North Macedonia,MK,424.47,466.84,43.74,30.55,entsoe.eu,false,
2024-10-17 21:00:00,North Macedonia,North Macedonia,MK,406.5,446.02,47.2,32.6,entsoe.eu,false,
2024-10-17 22:00:00,North Macedonia,North Macedonia,MK,462.35,511.54,36.88,19.39,entsoe.eu,false,
2024-10-17 23:00:00,North Macedonia,North Macedonia,MK,474.69,525.06,34.74,18.83,entsoe.eu,false,
2024-10-18 00:00:00,North Macedonia,North Macedonia,MK,609.35,659.45,22.06,5.02,entsoe.eu,false,
2024-10-18 01:00:00,North Macedonia,North Macedonia,MK,604.17,654.2,22.66,5.82,entsoe.eu,false,
2024-10-18 02:00:00,North Macedonia,North Macedonia,MK,626.13,677.58,19.52,5.43,entsoe.eu,false,
2024-10-18 03:00:00,North Macedonia,North Macedonia,MK,638.1,690.46,17.31,7.8,entsoe.eu,false,
2024-10-18 04:00:00,North Macedonia,North Macedonia,MK,605.87,655.9,20.75,17.78,entsoe.eu,false,
2024-10-18 05:00:00,North Macedonia,North Macedonia,MK,351.22,399.67,46.81,46.81,entsoe.eu,false,
2024-10-18 06:00:00,North Macedonia,North Macedonia,MK,326.72,368.09,53.1,51.78,entsoe.eu,false,
2024-10-18 07:00:00,North Macedonia,North Macedonia,MK,322.12,361.97,54.96,52.4,entsoe.eu,false,
2024-10-18 08:00:00,North Macedonia,North Macedonia,MK,417.49,461.7,43.69,40.07,entsoe.eu,false,
2024-10-18 09:00:00,North Macedonia,North Macedonia,MK,410.72,455.17,44.25,41.21,entsoe.eu,false,
2024-10-18 10:00:00,North Macedonia,North Macedonia,MK,391.7,435.3,46.87,43.67,entsoe.eu,false,
2024-10-18 11:00:00,North Macedonia,North Macedonia,MK,408.24,452.76,44.72,41.48,entsoe.eu,false,
2024-10-18 12:00:00,North Macedonia,North Macedonia,MK,435.97,481.87,41.06,38.11,entsoe.eu,false,
2024-10-18 13:00:00,North Macedonia,North Macedonia,MK,390.12,437.16,45.31,37.28,entsoe.eu,false,
2024-10-18 14:00:00,North Macedonia,North Macedonia,MK,495.36,548.07,30.1,25.04,entsoe.eu,false,
2024-10-18 15:00:00,North Macedonia,North Macedonia,MK,360.44,421.53,38.19,38.19,entsoe.eu,false,
2024-10-18 16:00:00,North Macedonia,North Macedonia,MK,354.84,418.97,36.95,36.95,entsoe.eu,false,
2024-10-18 17:00:00,North Macedonia,North Macedonia,MK,409.39,468.36,33.08,33.07,entsoe.eu,false,
2024-10-18 18:00:00,North Macedonia,North Macedonia,MK,425.16,485.19,30.97,30.95,entsoe.eu,false,
2024-10-18 19:00:00,North Macedonia,North Macedonia,MK,512.98,576.65,21.27,18.49,entsoe.eu,false,
2024-10-18 20:00:00,North Macedonia,North Macedonia,MK,535.44,582.41,30.1,23.33,entsoe.eu,false,
2024-10-18 21:00:00,North Macedonia,North Macedonia,MK,545.94,593.04,29.49,20.9,entsoe.eu,false,
2024-10-18 22:00:00,North Macedonia,North Macedonia,MK,617.98,670.1,19.99,10.19,entsoe.eu,false,
2024-10-18 23:00:00,North Macedonia,North Macedonia,MK,639.4,693.14,16.63,9.34,entsoe.eu,false,
2024-10-19 00:00:00,North Macedonia,North Macedonia,MK,662.94,718.07,13.57,7.53,entsoe.eu,false,
2024-10-19 01:00:00,North Macedonia,North Macedonia,MK,671.09,726.67,12.45,6.72,entsoe.eu,false,
2024-10-19 02:00:00,North Macedonia,North Macedonia,MK,681.36,737.41,10.96,6.24,entsoe.eu,false,
2024-10-19 03:00:00,North Macedonia,North Macedonia,MK,664.79,719.56,12.94,9.53,entsoe.eu,false,
2024-10-19 04:00:00,North Macedonia,North Macedonia,MK,652.34,706.19,14.48,12.03,entsoe.eu,false,
2024-10-19 05:00:00,North Macedonia,North Macedonia,MK,622.65,674.24,18.23,17.03,entsoe.eu,false,
2024-10-19 06:00:00,North Macedonia,North Macedonia,MK,467.16,511.02,39.18,33.83,entsoe.eu,false,
2024-10-19 07:00:00,North Macedonia,North Macedonia,MK,402.43,447.82,46.52,38.75,entsoe.eu,false,
2024-10-19 08:00:00,North Macedonia,North Macedonia,MK,407.46,451.23,47.34,38.1,entsoe.eu,false,
2024-10-19 09:00:00,North Macedonia,North Macedonia,MK,405.63,449.0,48.07,38.02,entsoe.eu,false,
2024-10-19 10:00:00,North Macedonia,North Macedonia,MK,432.08,476.42,44.79,34.77,entsoe.eu,false,
2024-10-19 11:00:00,North Macedonia,North Macedonia,MK,444.16,489.18,43.0,33.31,entsoe.eu,false,
2024-10-19 12:00:00,North Macedonia,North Macedonia,MK,478.25,524.58,38.42,29.38,entsoe.eu,false,
2024-10-19 13:00:00,North Macedonia,North Macedonia,MK,547.22,596.25,28.95,22.6,entsoe.eu,false,
2024-10-19 14:00:00,North Macedonia,North Macedonia,MK,516.52,561.27,32.04,31.35,entsoe.eu,false,
2024-10-19 15:00:00,North Macedonia,North Macedonia,MK,383.01,431.23,44.01,43.96,entsoe.eu,false,
2024-10-19 16:00:00,North Macedonia,North Macedonia,MK,356.61,404.68,46.88,46.86,entsoe.eu,false,
2024-10-19 17:00:00,North Macedonia,North Macedonia,MK,377.95,422.24,46.44,46.4,entsoe.eu,false,
2024-10-19 18:00:00,North Macedonia,North Macedonia,MK,463.91,504.71,38.99,38.86,entsoe.eu,false,
2024-10-19 19:00:00,North Macedonia,North Macedonia,MK,559.26,606.31,26.44,26.18,entsoe.eu,false,
2024-10-19 20:00:00,North Macedonia,North Macedonia,MK,560.71,608.2,26.29,25.37,entsoe.eu,false,
2024-10-19 21:00:00,North Macedonia,North Macedonia,MK,593.29,643.01,21.97,20.88,entsoe.eu,false,
2024-10-19 22:00:00,North Macedonia,North Macedonia,MK,666.22,720.99,12.73,9.43,entsoe.eu,false,
2024-10-19 23:00:00,North Macedonia,North Macedonia,MK,678.08,733.63,11.15,7.93,entsoe.eu,false,
2024-10-20 00:00:00,North Macedonia,North Macedonia,MK,717.05,774.66,5.77,4.57,entsoe.eu,false,
2024-10-20 01:00:00,North Macedonia,North Macedonia,MK,723.09,780.99,4.92,4.15,entsoe.eu,false,
2024-10-20 02:00:00,North Macedonia,North Macedonia,MK,720.95,778.65,5.11,4.79,entsoe.eu,false,
2024-10-20 03:00:00,North Macedonia,North Macedonia,MK,697.85,754.38,8.11,7.41,entsoe.eu,false,
2024-10-20 04:00:00,North Macedonia,North Macedonia,MK,676.09,731.38,10.98,10.04,entsoe.eu,false,
2024-10-20 05:00:00,North Macedonia,North Macedonia,MK,672.98,728.01,11.35,10.69,entsoe.eu,false,
2024-10-20 06:00:00,North Macedonia,North Macedonia,MK,538.88,586.23,29.71,25.53,entsoe.eu,false,
2024-10-20 07:00:00,North Macedonia,North Macedonia,MK,387.55,428.99,49.74,42.66,entsoe.eu,false,
2024-10-20 08:00:00,North Macedonia,North Macedonia,MK,439.14,484.13,42.81,35.95,entsoe.eu,false,
2024-10-20 09:00:00,North Macedonia,North Macedonia,MK,398.28,442.56,47.96,40.89,entsoe.eu,false,
2024-10-20 10:00:00,North Macedonia,North Macedonia,MK,549.7,599.9,28.71,20.61,entsoe.eu,false,
2024-10-20 11:00:00,North Macedonia,North Macedonia,MK,561.62,612.32,26.96,19.43,entsoe.eu,false,
2024-10-20 12:00:00,North Macedonia,North Macedonia,MK,555.27,604.56,27.46,22.26,entsoe.eu,false,
2024-10-20 13:00:00,North Macedonia,North Macedonia,MK,587.97,638.21,22.53,20.9,entsoe.eu,false,
2024-10-20 14:00:00,North Macedonia,North Macedonia,MK,560.32,608.43,26.12,25.02,entsoe.eu,false,
2024-10-20 15:00:00,North Macedonia,North Macedonia,MK,405.09,451.29,43.92,43.75,entsoe.eu,false,
2024-10-20 16:00:00,North Macedonia,North Macedonia,MK,361.78,404.68,49.7,49.58,entsoe.eu,false,
2024-10-20 17:00:00,North Macedonia,North Macedonia,MK,349.7,393.14,50.79,50.72,entsoe.eu,false,
2024-10-20 18:00:00,North Macedonia,North Macedonia,MK,388.55,431.39,46.5,46.36,entsoe.eu,false,
2024-10-20 19:00:00,North Macedonia,North Macedonia,MK,470.58,512.1,38.05,37.7,entsoe.eu,false,
2024-10-20 20:00:00,North Macedonia,North Macedonia,MK,490.8,534.01,35.57,33.87,entsoe.eu,false,
2024-10-20 21:00:00,North Macedonia,North Macedonia,MK,548.17,595.14,27.9,26.51,entsoe.eu,false,
2024-10-20 22:00:00,North Macedonia,North Macedonia,MK,651.43,705.71,14.57,10.63,entsoe.eu,false,
2024-10-20 23:00:00,North Macedonia,North Macedonia,MK,666.37,721.67,12.45,9.18,entsoe.eu,false,
2024-10-21 00:00:00,North Macedonia,North Macedonia,MK,691.15,747.86,9.07,6.81,entsoe.eu,false,
2024-10-21 01:00:00,North Macedonia,North Macedonia,MK,700.17,757.36,7.78,6.23,entsoe.eu,false,
2024-10-21 02:00:00,North Macedonia,North Macedonia,MK,694.67,751.45,8.49,7.11,entsoe.eu,false,
2024-10-21 03:00:00,North Macedonia,North Macedonia,MK,699.91,756.6,7.85,7.13,entsoe.eu,false,
2024-10-21 04:00:00,North Macedonia,North Macedonia,MK,581.6,629.98,23.53,23.17,entsoe.eu,false,
2024-10-21 05:00:00,North Macedonia,North Macedonia,MK,484.13,528.79,35.59,35.49,entsoe.eu,false,
2024-10-21 06:00:00,North Macedonia,North Macedonia,MK,475.21,517.4,37.39,37.38,entsoe.eu,false,
2024-10-21 07:00:00,North Macedonia,North Macedonia,MK,345.61,387.11,53.43,51.61,entsoe.eu,false,
2024-10-21 08:00:00,North Macedonia,North Macedonia,MK,296.24,336.07,59.6,57.86,entsoe.eu,false,
2024-10-21 09:00:00,North Macedonia,North Macedonia,MK,300.21,339.22,59.49,57.86,entsoe.eu,false,
2024-10-21 10:00:00,North Macedonia,North Macedonia,MK,333.28,375.09,54.85,54.4,entsoe.eu,false,
2024-10-21 11:00:00,North Macedonia,North Macedonia,MK,338.27,380.47,54.14,54.03,entsoe.eu,false,
2024-10-21 12:00:00,North Macedonia,North Macedonia,MK,350.03,394.23,51.65,51.6,entsoe.eu,false,
2024-10-21 13:00:00,North Macedonia,North Macedonia,MK,452.24,501.57,37.69,37.69,entsoe.eu,false,
2024-10-21 14:00:00,North Macedonia,North Macedonia,MK,537.65,590.4,25.0,24.8,entsoe.eu,false,
2024-10-21 15:00:00,North Macedonia,North Macedonia,MK,417.4,479.57,32.01,31.97,entsoe.eu,false,
2024-10-21 16:00:00,North Macedonia,North Macedonia,MK,358.67,423.1,37.22,37.22,entsoe.eu,false,
2024-10-21 17:00:00,North Macedonia,North Macedonia,MK,355.51,419.09,37.57,37.57,entsoe.eu,false,
2024-10-21 18:00:00,North Macedonia,North Macedonia,MK,363.76,425.64,37.82,37.81,entsoe.eu,false,
2024-10-21 19:00:00,North Macedonia,North Macedonia,MK,405.64,466.84,32.85,32.82,entsoe.eu,false,
2024-10-21 20:00:00,North Macedonia,North Macedonia,MK,408.58,473.5,30.8,30.79,entsoe.eu,false,
2024-10-21 21:00:00,North Macedonia,North Macedonia,MK,462.84,516.96,32.3,32.29,entsoe.eu,false,
2024-10-21 22:00:00,North Macedonia,North Macedonia,MK,472.43,522.34,33.46,33.46,entsoe.eu,false,
2024-10-21 23:00:00,North Macedonia,North Macedonia,MK,638.16,690.46,16.18,15.42,entsoe.eu,false,
2024-10-22 00:00:00,North Macedonia,North Macedonia,MK,701.61,757.85,7.67,7.67,entsoe.eu,false,
2024-10-22 01:00:00,North Macedonia,North Macedonia,MK,706.79,763.35,7.0,6.99,entsoe.eu,false,
2024-10-22 02:00:00,North Macedonia,North Macedonia,MK,710.46,767.29,6.51,6.46,entsoe.eu,false,
2024-10-22 03:00:00,North Macedonia,North Macedonia,MK,698.59,754.9,8.05,7.68,entsoe.eu,false,
2024-10-22 04:00:00,North Macedonia,North Macedonia,MK,516.21,574.2,24.39,24.33,entsoe.eu,false,
2024-10-22 05:00:00,North Macedonia,North Macedonia,MK,395.54,457.41,34.41,34.41,entsoe.eu,false,
2024-10-22 06:00:00,North Macedonia,North Macedonia,MK,319.6,376.16,45.41,45.41,entsoe.eu,false,
2024-10-22 07:00:00,North Macedonia,North Macedonia,MK,319.37,374.94,46.73,46.67,entsoe.eu,false,
2024-10-22 08:00:00,North Macedonia,North Macedonia,MK,324.13,377.45,48.23,47.49,entsoe.eu,false,
2024-10-22 09:00:00,North Macedonia,North Macedonia,MK,353.41,408.21,44.75,42.98,entsoe.eu,false,
2024-10-22 10:00:00,North Macedonia,North Macedonia,MK,377.52,433.77,41.46,39.71,entsoe.eu,false,
2024-10-22 11:00:00,North Macedonia,North Macedonia,MK,366.42,421.3,43.33,41.88,entsoe.eu,false,
2024-10-22 12:00:00,North Macedonia,North Macedonia,MK,445.41,508.14,30.21,28.66,entsoe.eu,false,
2024-10-22 13:00:00,North Macedonia,North Macedonia,MK,461.3,531.46,23.25,23.24,entsoe.eu,false,
2024-10-22 14:00:00,North Macedonia,North Macedonia,MK,435.1,503.14,27.32,27.32,entsoe.eu,false,
2024-10-22 15:00:00,North Macedonia,North Macedonia,MK,416.22,485.8,28.52,28.51,entsoe.eu,false,
2024-10-22 16:00:00,North Macedonia,North Macedonia,MK,365.48,429.72,36.49,36.47,entsoe.eu,false,
2024-10-22 17:00:00,North Macedonia,North Macedonia,MK,360.63,423.33,37.61,37.6,entsoe.eu,false,
2024-10-22 18:00:00,North Macedonia,North Macedonia,MK,361.39,423.82,37.07,37.07,entsoe.eu,false,
2024-10-22 19:00:00,North Macedonia,North Macedonia,MK,402.09,463.39,32.62,32.59,entsoe.eu,false,
2024-10-22 20:00:00,North Macedonia,North Macedonia,MK,431.85,496.31,27.84,27.82,entsoe.eu,false,
2024-10-22 21:00:00,North Macedonia,North Macedonia,MK,463.76,534.92,21.13,21.12,entsoe.eu,false,
2024-10-22 22:00:00,North Macedonia,North Macedonia,MK,474.56,551.56,16.91,16.91,entsoe.eu,false,
2024-10-22 23:00:00,North Macedonia,North Macedonia,MK,627.1,705.89,1.0,1.0,entsoe.eu,false,
2024-10-23 00:00:00,North Macedonia,North Macedonia,MK,627.19,706.53,0.66,0.66,entsoe.eu,false,
2024-10-23 01:00:00,North Macedonia,North Macedonia,MK,631.56,710.68,0.38,0.38,entsoe.eu,false,
2024-10-23 02:00:00,North Macedonia,North Macedonia,MK,635.01,713.33,0.55,0.55,entsoe.eu,false,
2024-10-23 03:00:00,North Macedonia,North Macedonia,MK,616.76,693.58,3.19,3.05,entsoe.eu,false,
2024-10-23 04:00:00,North Macedonia,North Macedonia,MK,465.12,532.99,23.51,23.5,entsoe.eu,false,
2024-10-23 05:00:00,North Macedonia,North Macedonia,MK,378.08,445.42,32.65,32.65,entsoe.eu,false,
2024-10-23 06:00:00,North Macedonia,North Macedonia,MK,307.32,366.16,45.06,45.05,entsoe.eu,false,
2024-10-23 07:00:00,North Macedonia,North Macedonia,MK,300.08,353.05,50.12,50.04,entsoe.eu,false,
2024-10-23 08:00:00,North Macedonia,North Macedonia,MK,313.19,365.78,50.27,49.26,entsoe.eu,false,
2024-10-23 09:00:00,North Macedonia,North Macedonia,MK,324.93,378.1,48.74,47.84,entsoe.eu,false,
2024-10-23 10:00:00,North Macedonia,North Macedonia,MK,346.7,400.88,45.83,44.73,entsoe.eu,false,
2024-10-23 11:00:00,North Macedonia,North Macedonia,MK,349.01,403.63,45.47,44.18,entsoe.eu,false,
2024-10-23 12:00:00,North Macedonia,North Macedonia,MK,354.57,411.59,43.21,42.49,entsoe.eu,false,
2024-10-23 13:00:00,North Macedonia,North Macedonia,MK,391.52,458.39,32.87,32.82,entsoe.eu,false,
2024-10-23 14:00:00,North Macedonia,North Macedonia,MK,465.66,535.34,22.15,22.14,entsoe.eu,false,
2024-10-23 15:00:00,North Macedonia,North Macedonia,MK,406.79,473.69,30.45,30.44,entsoe.eu,false,
2024-10-23 16:00:00,North Macedonia,North Macedonia,MK,372.09,437.48,34.96,34.96,entsoe.eu,false,
2024-10-23 17:00:00,North Macedonia,North Macedonia,MK,369.58,434.99,35.24,35.23,entsoe.eu,false,
2024-10-23 18:00:00,North Macedonia,North Macedonia,MK,384.86,447.6,34.43,34.42,entsoe.eu,false,
2024-10-23 19:00:00,North Macedonia,North Macedonia,MK,460.81,523.04,26.42,26.4,entsoe.eu,false,
2024-10-23 20:00:00,North Macedonia,North Macedonia,MK,431.39,502.11,24.97,24.97,entsoe.eu,false,
2024-10-23 21:00:00,North Macedonia,North Macedonia,MK,527.77,601.13,14.76,11.58,entsoe.eu,false,
2024-10-23 22:00:00,North Macedonia,North Macedonia,MK,447.64,519.33,23.39,21.07,entsoe.eu,false,
2024-10-23 23:00:00,North Macedonia,North Macedonia,MK,520.6,598.43,12.82,9.02,entsoe.eu,false,
2024-10-24 00:00:00,North Macedonia,North Macedonia,MK,524.81,605.63,9.89,9.17,entsoe.eu,false,
2024-10-24 01:00:00,North Macedonia,North Macedonia,MK,538.69,618.32,9.21,8.74,entsoe.eu,false,
2024-10-24 02:00:00,North Macedonia,North Macedonia,MK,570.41,650.16,5.87,5.87,entsoe.eu,false,
2024-10-24 03:00:00,North Macedonia,North Macedonia,MK,629.39,706.51,1.79,1.79,entsoe.eu,false,
2024-10-24 04:00:00,North Macedonia,North Macedonia,MK,445.19,510.89,26.67,26.66,entsoe.eu,false,
2024-10-24 05:00:00,North Macedonia,North Macedonia,MK,360.84,423.36,37.14,37.14,entsoe.eu,false,
2024-10-24 06:00:00,North Macedonia,North Macedonia,MK,311.96,368.67,45.66,45.66,entsoe.eu,false,
2024-10-24 07:00:00,North Macedonia,North Macedonia,MK,322.35,377.72,46.26,46.21,entsoe.eu,false,
2024-10-24 08:00:00,North Macedonia,North Macedonia,MK,332.66,384.6,48.5,46.72,entsoe.eu,false,
2024-10-24 09:00:00,North Macedonia,North Macedonia,MK,349.4,402.83,46.2,44.02,entsoe.eu,false,
2024-10-24 10:00:00,North Macedonia,North Macedonia,MK,362.66,418.05,43.41,41.58,entsoe.eu,false,
2024-10-24 11:00:00,North Macedonia,North Macedonia,MK,353.98,409.07,44.42,42.9,entsoe.eu,false,
2024-10-24 12:00:00,North Macedonia,North Macedonia,MK,375.89,433.56,40.3,39.54,entsoe.eu,false,
2024-10-24 13:00:00,North Macedonia,North Macedonia,MK,398.99,463.18,33.4,33.39,entsoe.eu,false,
2024-10-24 14:00:00,North Macedonia,North Macedonia,MK,399.34,467.38,31.08,31.08,entsoe.eu,false,
2024-10-24 15:00:00,North Macedonia,North Macedonia,MK,407.75,471.43,32.58,32.54,entsoe.eu,false,
2024-10-24 16:00:00,North Macedonia,North Macedonia,MK,368.67,430.71,37.17,37.15,entsoe.eu,false,
2024-10-24 17:00:00,North Macedonia,North Macedonia,MK,353.94,418.54,37.7,37.7,entsoe.eu,false,
2024-10-24 18:00:00,North Macedonia,North Macedonia,MK,361.09,424.85,37.09,37.07,entsoe.eu,false,
2024-10-24 19:00:00,North Macedonia,North Macedonia,MK,414.44,479.59,30.18,30.15,entsoe.eu,false,
2024-10-24 20:00:00,North Macedonia,North Macedonia,MK,467.67,539.16,20.81,20.78,entsoe.eu,false,
2024-10-24 21:00:00,North Macedonia,North Macedonia,MK,542.45,616.76,11.68,11.59,entsoe.eu,false,
2024-10-24 22:00:00,North Macedonia,North Macedonia,MK,453.55,521.43,23.7,23.64,entsoe.eu,false,
2024-10-24 23:00:00,North Macedonia,North Macedonia,MK,480.9,552.49,19.22,19.18,entsoe.eu,false,
2024-10-25 00:00:00,North Macedonia,North Macedonia,MK,477.86,551.7,18.45,18.44,entsoe.eu,false,
2024-10-25 01:00:00,North Macedonia,North Macedonia,MK,516.39,592.86,13.19,13.19,entsoe.eu,false,
2024-10-25 02:00:00,North Macedonia,North Macedonia,MK,513.04,588.65,14.01,14.01,entsoe.eu,false,
2024-10-25 03:00:00,North Macedonia,North Macedonia,MK,570.93,643.97,9.74,9.52,entsoe.eu,false,
2024-10-25 04:00:00,North Macedonia,North Macedonia,MK,431.57,496.21,28.63,28.51,entsoe.eu,false,
2024-10-25 05:00:00,North Macedonia,North Macedonia,MK,384.0,448.56,33.93,33.87,entsoe.eu,false,
2024-10-25 06:00:00,North Macedonia,North Macedonia,MK,333.62,395.1,40.6,40.6,entsoe.eu,false,
2024-10-25 07:00:00,North Macedonia,North Macedonia,MK,316.53,369.45,48.0,47.9,entsoe.eu,false,
2024-10-25 08:00:00,North Macedonia,North Macedonia,MK,315.2,364.29,51.3,49.81,entsoe.eu,false,
2024-10-25 09:00:00,North Macedonia,North Macedonia,MK,314.31,361.87,52.56,50.83,entsoe.eu,false,
2024-10-25 10:00:00,North Macedonia,North Macedonia,MK,336.89,387.3,48.85,47.14,entsoe.eu,false,
2024-10-25 11:00:00,North Macedonia,North Macedonia,MK,332.12,383.99,48.61,47.1,entsoe.eu,false,
2024-10-25 12:00:00,North Macedonia,North Macedonia,MK,360.57,418.11,41.91,41.05,entsoe.eu,false,
2024-10-25 13:00:00,North Macedonia,North Macedonia,MK,374.04,435.16,37.15,37.09,entsoe.eu,false,
2024-10-25 14:00:00,North Macedonia,North Macedonia,MK,423.19,491.23,27.93,27.92,entsoe.eu,false,
2024-10-25 15:00:00,North Macedonia,North Macedonia,MK,407.22,472.6,31.26,31.21,entsoe.eu,false,
2024-10-25 16:00:00,North Macedonia,North Macedonia,MK,372.5,437.28,35.14,35.13,entsoe.eu,false,
2024-10-25 17:00:00,North Macedonia,North Macedonia,MK,369.07,432.81,36.16,36.15,entsoe.eu,false,
2024-10-25 18:00:00,North Macedonia,North Macedonia,MK,376.5,439.18,35.41,35.39,entsoe.eu,false,
2024-10-25 19:00:00,North Macedonia,North Macedonia,MK,406.36,472.54,30.01,29.99,entsoe.eu,false,
2024-10-25 20:00:00,North Macedonia,North Macedonia,MK,484.97,553.28,20.64,20.54,entsoe.eu,false,
2024-10-25 21:00:00,North Macedonia,North Macedonia,MK,447.6,513.41,25.72,25.6,entsoe.eu,false,
2024-10-25 22:00:00,North Macedonia,North Macedonia,MK,387.89,442.32,39.05,39.01,entsoe.eu,false,
2024-10-25 23:00:00,North Macedonia,North Macedonia,MK,534.8,584.37,28.6,25.39,entsoe.eu,false,
2024-10-26 00:00:00,North Macedonia,North Macedonia,MK,543.89,598.34,24.7,23.11,entsoe.eu,false,
2024-10-26 01:00:00,North Macedonia,North Macedonia,MK,600.31,656.96,18.05,16.56,entsoe.eu,false,
2024-10-26 02:00:00,North Macedonia,North Macedonia,MK,688.9,744.82,9.5,8.41,entsoe.eu,false,
2024-10-26 03:00:00,North Macedonia,North Macedonia,MK,717.77,775.85,5.67,4.21,entsoe.eu,false,
2024-10-26 04:00:00,North Macedonia,North Macedonia,MK,596.79,646.72,21.31,21.01,entsoe.eu,false,
2024-10-26 05:00:00,North Macedonia,North Macedonia,MK,470.6,517.58,35.4,35.33,entsoe.eu,false,
2024-10-26 06:00:00,North Macedonia,North Macedonia,MK,305.96,350.22,54.69,54.63,entsoe.eu,false,
2024-10-26 07:00:00,North Macedonia,North Macedonia,MK,292.98,334.46,59.45,57.38,entsoe.eu,false,
2024-10-26 08:00:00,North Macedonia,North Macedonia,MK,298.16,339.0,59.88,56.76,entsoe.eu,false,
2024-10-26 09:00:00,North Macedonia,North Macedonia,MK,303.06,345.1,58.78,55.61,entsoe.eu,false,
2024-10-26 10:00:00,North Macedonia,North Macedonia,MK,299.38,341.01,59.26,56.62,entsoe.eu,false,
2024-10-26 11:00:00,North Macedonia,North Macedonia,MK,293.41,334.3,60.32,57.69,entsoe.eu,false,
2024-10-26 12:00:00,North Macedonia,North Macedonia,MK,304.33,346.19,58.23,56.14,entsoe.eu,false,
2024-10-26 13:00:00,North Macedonia,North Macedonia,MK,342.46,394.72,46.44,46.27,entsoe.eu,false,
2024-10-26 14:00:00,North Macedonia,North Macedonia,MK,403.3,470.55,30.86,30.85,entsoe.eu,false,
2024-10-26 15:00:00,North Macedonia,North Macedonia,MK,426.59,488.77,30.28,30.14,entsoe.eu,false,
2024-10-26 16:00:00,North Macedonia,North Macedonia,MK,388.53,450.4,34.55,34.52,entsoe.eu,false,
2024-10-26 17:00:00,North Macedonia,North Macedonia,MK,397.7,461.05,32.91,32.9,entsoe.eu,false,
2024-10-26 18:00:00,North Macedonia,North Macedonia,MK,426.9,487.82,30.28,30.24,entsoe.eu,false,
2024-10-26 19:00:00,North Macedonia,North Macedonia,MK,458.61,520.74,26.7,26.58,entsoe.eu,false,
2024-10-26 20:00:00,North Macedonia,North Macedonia,MK,491.52,536.76,34.72,31.81,entsoe.eu,false,
2024-10-26 21:00:00,North Macedonia,North Macedonia,MK,492.84,537.18,35.85,30.41,entsoe.eu,false,
2024-10-26 22:00:00,North Macedonia,North Macedonia,MK,606.52,658.9,21.21,13.25,entsoe.eu,false,
2024-10-26 23:00:00,North Macedonia,North Macedonia,MK,610.78,663.72,20.31,13.0,entsoe.eu,false,
2024-10-27 00:00:00,North Macedonia,North Macedonia,MK,617.17,670.37,19.81,11.07,entsoe.eu,false,
2024-10-27 01:00:00,North Macedonia,North Macedonia,MK,636.58,690.79,16.87,10.14,entsoe.eu,false,
2024-10-27 02:00:00,North Macedonia,North Macedonia,MK,650.87,706.61,14.82,7.82,entsoe.eu,false,
2024-10-27 03:00:00,North Macedonia,North Macedonia,MK,642.3,697.21,15.88,9.78,entsoe.eu,false,
2024-10-27 04:00:00,North Macedonia,North Macedonia,MK,610.82,663.72,19.97,13.87,entsoe.eu,false,
2024-10-27 05:00:00,North Macedonia,North Macedonia,MK,567.95,617.66,25.67,19.83,entsoe.eu,false,
2024-10-27 06:00:00,North Macedonia,North Macedonia,MK,425.65,468.26,44.24,38.11,entsoe.eu,false,
2024-10-27 07:00:00,North Macedonia,North Macedonia,MK,296.75,336.06,59.7,56.35,entsoe.eu,false,
2024-10-27 08:00:00,North Macedonia,North Macedonia,MK,301.31,341.53,59.84,54.61,entsoe.eu,false,
2024-10-27 09:00:00,North Macedonia,North Macedonia,MK,313.49,355.37,58.4,52.52,entsoe.eu,false,
2024-10-27 10:00:00,North Macedonia,North Macedonia,MK,322.02,364.71,57.33,51.01,entsoe.eu,false,
2024-10-27 11:00:00,North Macedonia,North Macedonia,MK,359.44,403.52,52.85,45.07,entsoe.eu,false,
2024-10-27 12:00:00,North Macedonia,North Macedonia,MK,387.59,432.75,49.33,41.1,entsoe.eu,false,
2024-10-27 13:00:00,North Macedonia,North Macedonia,MK,474.15,521.55,38.95,27.82,entsoe.eu,false,
2024-10-27 14:00:00,North Macedonia,North Macedonia,MK,374.14,420.44,47.25,44.81,entsoe.eu,false,
2024-10-27 15:00:00,North Macedonia,North Macedonia,MK,410.23,457.34,40.19,39.94,entsoe.eu,false,
2024-10-27 16:00:00,North Macedonia,North Macedonia,MK,373.01,426.64,39.66,39.63,entsoe.eu,false,
2024-10-27 17:00:00,North Macedonia,North Macedonia,MK,366.66,426.35,37.89,37.89,entsoe.eu,false,
2024-10-27 18:00:00,North Macedonia,North Macedonia,MK,382.65,436.63,38.55,38.53,entsoe.eu,false,
2024-10-27 19:00:00,North Macedonia,North Macedonia,MK,415.54,469.35,36.17,34.81,entsoe.eu,false,
2024-10-27 20:00:00,North Macedonia,North Macedonia,MK,442.2,497.79,33.79,29.31,entsoe.eu,false,
2024-10-27 21:00:00,North Macedonia,North Macedonia,MK,453.35,510.95,31.95,26.06,entsoe.eu,false,
2024-10-27 22:00:00,North Macedonia,North Macedonia,MK,512.69,576.35,22.97,16.33,entsoe.eu,false,
2024-10-27 23:00:00,North Macedonia,North Macedonia,MK,559.22,626.17,16.98,9.11,entsoe.eu,false,
2024-10-28 00:00:00,North Macedonia,North Macedonia,MK,582.56,651.3,13.91,5.63,entsoe.eu,false,
2024-10-28 01:00:00,North Macedonia,North Macedonia,MK,584.0,654.47,12.4,4.94,entsoe.eu,false,
2024-10-28 02:00:00,North Macedonia,North Macedonia,MK,589.97,661.45,10.92,4.68,entsoe.eu,false,
2024-10-28 03:00:00,North Macedonia,North Macedonia,MK,587.22,658.39,11.13,5.76,entsoe.eu,false,
2024-10-28 04:00:00,North Macedonia,North Macedonia,MK,563.66,635.28,12.18,9.55,entsoe.eu,false,
2024-10-28 05:00:00,North Macedonia,North Macedonia,MK,438.55,511.47,23.45,23.43,entsoe.eu,false,
2024-10-28 06:00:00,North Macedonia,North Macedonia,MK,339.9,402.23,40.78,40.78,entsoe.eu,false,
2024-10-28 07:00:00,North Macedonia,North Macedonia,MK,329.29,385.84,45.46,45.37,entsoe.eu,false,
2024-10-28 08:00:00,North Macedonia,North Macedonia,MK,314.64,365.56,50.55,49.54,entsoe.eu,false,
2024-10-28 09:00:00,North Macedonia,North Macedonia,MK,325.95,376.75,49.86,48.38,entsoe.eu,false,
2024-10-28 10:00:00,North Macedonia,North Macedonia,MK,323.82,373.99,50.35,48.91,entsoe.eu,false,
2024-10-28 11:00:00,North Macedonia,North Macedonia,MK,334.53,384.4,49.29,47.86,entsoe.eu,false,
2024-10-28 12:00:00,North Macedonia,North Macedonia,MK,328.49,380.58,48.02,47.09,entsoe.eu,false,
2024-10-28 13:00:00,North Macedonia,North Macedonia,MK,348.32,406.58,41.63,41.51,entsoe.eu,false,
2024-10-28 14:00:00,North Macedonia,North Macedonia,MK,369.09,434.33,34.62,34.61,entsoe.eu,false,
2024-10-28 15:00:00,North Macedonia,North Macedonia,MK,405.32,472.16,29.94,29.91,entsoe.eu,false,
2024-10-28 16:00:00,North Macedonia,North Macedonia,MK,397.28,467.13,29.94,29.94,entsoe.eu,false,
2024-10-28 17:00:00,North Macedonia,North Macedonia,MK,400.09,468.04,30.87,30.87,entsoe.eu,false,
2024-10-28 18:00:00,North Macedonia,North Macedonia,MK,408.37,473.47,31.04,31.02,entsoe.eu,false,
2024-10-28 19:00:00,North Macedonia,North Macedonia,MK,424.25,484.97,30.76,30.7,entsoe.eu,false,
2024-10-28 20:00:00,North Macedonia,North Macedonia,MK,443.67,504.82,28.74,28.28,entsoe.eu,false,
2024-10-28 21:00:00,North Macedonia,North Macedonia,MK,453.97,514.37,29.92,25.23,entsoe.eu,false,
2024-10-28 22:00:00,North Macedonia,North Macedonia,MK,457.65,521.29,27.45,23.51,entsoe.eu,false,
2024-10-28 23:00:00,North Macedonia,North Macedonia,MK,490.79,564.29,18.65,15.97,entsoe.eu,false,
2024-10-29 00:00:00,North Macedonia,North Macedonia,MK,558.6,632.77,12.39,7.59,entsoe.eu,false,
2024-10-29 01:00:00,North Macedonia,North Macedonia,MK,566.53,639.95,12.06,7.46,entsoe.eu,false,
2024-10-29 02:00:00,North Macedonia,North Macedonia,MK,522.25,597.45,14.55,12.39,entsoe.eu,false,
2024-10-29 03:00:00,North Macedonia,North Macedonia,MK,513.69,592.63,12.09,12.06,entsoe.eu,false,
2024-10-29 04:00:00,North Macedonia,North Macedonia,MK,549.78,625.27,10.16,10.11,entsoe.eu,false,
2024-10-29 05:00:00,North Macedonia,North Macedonia,MK,430.66,499.31,26.23,26.23,entsoe.eu,false,
2024-10-29 06:00:00,North Macedonia,North Macedonia,MK,344.58,406.7,39.35,39.35,entsoe.eu,false,
2024-10-29 07:00:00,North Macedonia,North Macedonia,MK,318.77,371.97,47.8,47.73,entsoe.eu,false,
2024-10-29 08:00:00,North Macedonia,North Macedonia,MK,328.8,381.7,47.86,46.8,entsoe.eu,false,
2024-10-29 09:00:00,North Macedonia,North Macedonia,MK,339.38,390.72,48.17,46.11,entsoe.eu,false,
2024-10-29 10:00:00,North Macedonia,North Macedonia,MK,336.89,388.77,47.99,45.88,entsoe.eu,false,
2024-10-29 11:00:00,North Macedonia,North Macedonia,MK,336.3,389.56,46.62,45.25,entsoe.eu,false,
2024-10-29 12:00:00,North Macedonia,North Macedonia,MK,324.75,376.64,47.51,47.17,entsoe.eu,false,
2024-10-29 13:00:00,North Macedonia,North Macedonia,MK,346.91,403.76,41.52,41.49,entsoe.eu,false,
2024-10-29 14:00:00,North Macedonia,North Macedonia,MK,386.62,447.59,34.3,34.29,entsoe.eu,false,
2024-10-29 15:00:00,North Macedonia,North Macedonia,MK,384.83,445.3,35.32,35.3,entsoe.eu,false,
2024-10-29 16:00:00,North Macedonia,North Macedonia,MK,381.13,440.97,36.32,36.31,entsoe.eu,false,
2024-10-29 17:00:00,North Macedonia,North Macedonia,MK,388.19,449.65,34.97,34.96,entsoe.eu,false,
2024-10-29 18:00:00,North Macedonia,North Macedonia,MK,408.42,466.95,33.6,33.56,entsoe.eu,false,
2024-10-29 19:00:00,North Macedonia,North Macedonia,MK,434.33,494.05,30.47,30.33,entsoe.eu,false,
2024-10-29 20:00:00,North Macedonia,North Macedonia,MK,439.01,498.8,29.86,29.8,entsoe.eu,false,
2024-10-29 21:00:00,North Macedonia,North Macedonia,MK,485.02,554.95,20.43,19.89,entsoe.eu,false,
2024-10-29 22:00:00,North Macedonia,North Macedonia,MK,458.19,530.5,22.23,21.54,entsoe.eu,false,
2024-10-29 23:00:00,North Macedonia,North Macedonia,MK,466.55,543.16,18.99,18.99,entsoe.eu,false,
2024-10-30 00:00:00,North Macedonia,North Macedonia,MK,508.71,586.98,13.28,13.28,entsoe.eu,false,
2024-10-30 01:00:00,North Macedonia,North Macedonia,MK,511.46,588.75,13.57,13.56,entsoe.eu,false,
2024-10-30 02:00:00,North Macedonia,North Macedonia,MK,514.15,591.47,13.18,13.18,entsoe.eu,false,
2024-10-30 03:00:00,North Macedonia,North Macedonia,MK,502.5,580.36,13.96,13.95,entsoe.eu,false,
2024-10-30 04:00:00,North Macedonia,North Macedonia,MK,552.42,627.74,10.04,9.96,entsoe.eu,false,
2024-10-30 05:00:00,North Macedonia,North Macedonia,MK,520.84,589.04,17.24,17.09,entsoe.eu,false,
2024-10-30 06:00:00,North Macedonia,North Macedonia,MK,354.45,415.45,39.05,39.05,entsoe.eu,false,
2024-10-30 07:00:00,North Macedonia,North Macedonia,MK,311.24,364.85,47.95,47.95,entsoe.eu,false,
2024-10-30 08:00:00,North Macedonia,North Macedonia,MK,314.72,368.54,47.82,47.76,entsoe.eu,false,
2024-10-30 09:00:00,North Macedonia,North Macedonia,MK,363.25,420.14,42.33,41.27,entsoe.eu,false,
2024-10-30 10:00:00,North Macedonia,North Macedonia,MK,388.04,447.85,38.1,37.48,entsoe.eu,false,
2024-10-30 11:00:00,North Macedonia,North Macedonia,MK,389.18,450.03,37.11,36.97,entsoe.eu,false,
2024-10-30 12:00:00,North Macedonia,North Macedonia,MK,384.91,447.2,36.35,36.3,entsoe.eu,false,
2024-10-30 13:00:00,North Macedonia,North Macedonia,MK,361.25,421.06,39.07,39.07,entsoe.eu,false,
2024-10-30 14:00:00,North Macedonia,North Macedonia,MK,400.66,463.76,31.99,31.97,entsoe.eu,false,
2024-10-30 15:00:00,North Macedonia,North Macedonia,MK,437.21,497.28,30.16,30.05,entsoe.eu,false,
2024-10-30 16:00:00,North Macedonia,North Macedonia,MK,379.63,439.55,36.8,36.78,entsoe.eu,false,
2024-10-30 17:00:00,North Macedonia,North Macedonia,MK,401.22,459.47,35.05,35.02,entsoe.eu,false,
2024-10-30 18:00:00,North Macedonia,North Macedonia,MK,414.89,470.81,34.6,34.49,entsoe.eu,false,
2024-10-30 19:00:00,North Macedonia,North Macedonia,MK,424.49,482.46,32.48,32.4,entsoe.eu,false,
2024-10-30 20:00:00,North Macedonia,North Macedonia,MK,421.98,485.68,29.85,29.83,entsoe.eu,false,
2024-10-30 21:00:00,North Macedonia,North Macedonia,MK,404.85,472.52,29.62,29.62,entsoe.eu,false,
2024-10-30 22:00:00,North Macedonia,North Macedonia,MK,386.03,454.2,31.46,31.46,entsoe.eu,false,
2024-10-30 23:00:00,North Macedonia,North Macedonia,MK,407.22,479.02,27.45,27.43,entsoe.eu,false,
2024-10-31 00:00:00,North Macedonia,North Macedonia,MK,444.58,520.94,20.53,20.53,entsoe.eu,false,
2024-10-31 01:00:00,North Macedonia,North Macedonia,MK,443.13,519.5,20.65,20.65,entsoe.eu,false,
2024-10-31 02:00:00,North Macedonia,North Macedonia,MK,425.33,500.16,23.33,23.33,entsoe.eu,false,
2024-10-31 03:00:00,North Macedonia,North Macedonia,MK,417.64,492.1,24.28,24.28,entsoe.eu,false,
2024-10-31 04:00:00,North Macedonia,North Macedonia,MK,412.16,485.61,25.44,25.44,entsoe.eu,false,
2024-10-31 05:00:00,North Macedonia,North Macedonia,MK,353.73,418.92,36.17,36.17,entsoe.eu,false,
2024-10-31 06:00:00,North Macedonia,North Macedonia,MK,333.08,391.79,41.74,41.74,entsoe.eu,false,
2024-10-31 07:00:00,North Macedonia,North Macedonia,MK,320.94,376.46,45.26,45.25,entsoe.eu,false,
2024-10-31 08:00:00,North Macedonia,North Macedonia,MK,348.75,406.91,42.04,41.96,entsoe.eu,false,
2024-10-31 09:00:00,North Macedonia,North Macedonia,MK,383.08,440.61,40.0,38.69,entsoe.eu,false,
2024-10-31 10:00:00,North Macedonia,North Macedonia,MK,395.04,455.08,37.18,35.87,entsoe.eu,false,
2024-10-31 11:00:00,North Macedonia,North Macedonia,MK,394.23,455.86,35.9,35.21,entsoe.eu,false,
2024-10-31 12:00:00,North Macedonia,North Macedonia,MK,380.92,442.14,37.04,36.62,entsoe.eu,false,
2024-10-31 13:00:00,North Macedonia,North Macedonia,MK,383.14,447.53,34.29,34.26,entsoe.eu,false,
2024-10-31 14:00:00,North Macedonia,North Macedonia,MK,390.54,459.13,30.34,30.34,entsoe.eu,false,
2024-10-31 15:00:00,North Macedonia,North Macedonia,MK,420.44,481.45,31.44,31.34,entsoe.eu,false,
2024-10-31 16:00:00,North Macedonia,North Macedonia,MK,370.59,429.83,37.88,37.85,entsoe.eu,false,
2024-10-31 17:00:00,North Macedonia,North Macedonia,MK,380.44,438.73,37.66,37.64,entsoe.eu,false,
2024-10-31 18:00:00,North Macedonia,North Macedonia,MK,374.83,433.38,38.05,38.04,entsoe.eu,false,
2024-10-31 19:00:00,North Macedonia,North Macedonia,MK,361.84,423.87,37.25,37.25,entsoe.eu,false,
2024-10-31 20:00:00,North Macedonia,North Macedonia,MK,392.99,463.29,29.67,29.67,entsoe.eu,false,
2024-10-31 21:00:00,North Macedonia,North Macedonia,MK,408.34,480.68,26.52,26.51,entsoe.eu,false,
2024-10-31 22:00:00,North Macedonia,North Macedonia,MK,413.77,484.43,26.64,26.6,entsoe.eu,false,
2024-10-31 23:00:00,North Macedonia,North Macedonia,MK,493.34,567.57,16.94,16.51,entsoe.eu,false,
2024-11-01 00:00:00,North Macedonia,North Macedonia,MK,536.29,611.85,11.67,11.67,entsoe.eu,false,
2024-11-01 01:00:00,North Macedonia,North Macedonia,MK,597.02,672.57,5.75,5.74,entsoe.eu,false,
2024-11-01 02:00:00,North Macedonia,North Macedonia,MK,615.04,687.97,5.66,5.65,entsoe.eu,false,
2024-11-01 03:00:00,North Macedonia,North Macedonia,MK,618.88,691.35,5.57,5.57,entsoe.eu,false,
2024-11-01 04:00:00,North Macedonia,North Macedonia,MK,607.67,682.42,5.24,5.23,entsoe.eu,false,
2024-11-01 05:00:00,North Macedonia,North Macedonia,MK,466.95,536.13,23.46,23.43,entsoe.eu,false,
2024-11-01 06:00:00,North Macedonia,North Macedonia,MK,373.57,435.28,37.08,37.08,entsoe.eu,false,
2024-11-01 07:00:00,North Macedonia,North Macedonia,MK,339.88,394.57,45.17,45.16,entsoe.eu,false,
2024-11-01 08:00:00,North Macedonia,North Macedonia,MK,342.75,396.06,46.17,45.18,entsoe.eu,false,
2024-11-01 09:00:00,North Macedonia,North Macedonia,MK,356.53,409.89,45.12,43.42,entsoe.eu,false,
2024-11-01 10:00:00,North Macedonia,North Macedonia,MK,381.03,436.97,41.07,39.66,entsoe.eu,false,
2024-11-01 11:00:00,North Macedonia,North Macedonia,MK,415.1,475.79,34.32,34.09,entsoe.eu,false,
2024-11-01 12:00:00,North Macedonia,North Macedonia,MK,442.42,508.04,28.35,28.29,entsoe.eu,false,
2024-11-01 13:00:00,North Macedonia,North Macedonia,MK,482.55,554.84,19.87,19.86,entsoe.eu,false,
2024-11-01 14:00:00,North Macedonia,North Macedonia,MK,526.39,603.65,12.3,12.23,entsoe.eu,false,
2024-11-01 15:00:00,North Macedonia,North Macedonia,MK,488.98,561.01,19.23,19.14,entsoe.eu,false,
2024-11-01 16:00:00,North Macedonia,North Macedonia,MK,448.39,520.1,24.27,24.23,entsoe.eu,false,
2024-11-01 17:00:00,North Macedonia,North Macedonia,MK,475.89,544.01,23.14,23.08,entsoe.eu,false,
2024-11-01 18:00:00,North Macedonia,North Macedonia,MK,515.73,582.24,19.1,19.03,entsoe.eu,false,
2024-11-01 19:00:00,North Macedonia,North Macedonia,MK,542.53,609.69,15.89,15.71,entsoe.eu,false,
2024-11-01 20:00:00,North Macedonia,North Macedonia,MK,566.25,634.25,14.07,11.33,entsoe.eu,false,
2024-11-01 21:00:00,North Macedonia,North Macedonia,MK,576.84,644.22,14.47,8.64,entsoe.eu,false,
2024-11-01 22:00:00,North Macedonia,North Macedonia,MK,554.35,619.2,18.4,11.13,entsoe.eu,false,
2024-11-01 23:00:00,North Macedonia,North Macedonia,MK,521.52,586.99,20.08,15.63,entsoe.eu,false,
2024-11-02 00:00:00,North Macedonia,North Macedonia,MK,552.45,618.29,17.32,11.7,entsoe.eu,false,
2024-11-02 01:00:00,North Macedonia,North Macedonia,MK,582.84,651.0,13.32,6.88,entsoe.eu,false,
2024-11-02 02:00:00,North Macedonia,North Macedonia,MK,585.96,653.05,13.66,7.35,entsoe.eu,false,
2024-11-02 03:00:00,North Macedonia,North Macedonia,MK,593.91,660.14,13.33,7.59,entsoe.eu,false,
2024-11-02 04:00:00,North Macedonia,North Macedonia,MK,597.33,663.96,12.5,7.75,entsoe.eu,false,
2024-11-02 05:00:00,North Macedonia,North Macedonia,MK,565.65,632.3,15.29,11.22,entsoe.eu,false,
2024-11-02 06:00:00,North Macedonia,North Macedonia,MK,523.34,595.41,16.85,11.85,entsoe.eu,false,
2024-11-02 07:00:00,North Macedonia,North Macedonia,MK,442.06,506.54,30.61,25.92,entsoe.eu,false,
2024-11-02 08:00:00,North Macedonia,North Macedonia,MK,383.62,440.41,41.09,37.38,entsoe.eu,false,
2024-11-02 09:00:00,North Macedonia,North Macedonia,MK,384.82,441.2,41.17,37.35,entsoe.eu,false,
2024-11-02 10:00:00,North Macedonia,North Macedonia,MK,398.91,455.4,39.72,35.82,entsoe.eu,false,
2024-11-02 11:00:00,North Macedonia,North Macedonia,MK,398.45,455.76,39.19,35.89,entsoe.eu,false,
2024-11-02 12:00:00,North Macedonia,North Macedonia,MK,393.15,451.21,38.64,36.5,entsoe.eu,false,
2024-11-02 13:00:00,North Macedonia,North Macedonia,MK,455.66,520.22,27.36,25.24,entsoe.eu,false,
2024-11-02 14:00:00,North Macedonia,North Macedonia,MK,532.52,601.14,16.49,15.62,entsoe.eu,false,
2024-11-02 15:00:00,North Macedonia,North Macedonia,MK,497.14,559.31,24.14,23.8,entsoe.eu,false,
2024-11-02 16:00:00,North Macedonia,North Macedonia,MK,474.94,534.35,27.73,26.88,entsoe.eu,false,
2024-11-02 17:00:00,North Macedonia,North Macedonia,MK,464.67,523.12,29.32,28.22,entsoe.eu,false,
2024-11-02 18:00:00,North Macedonia,North Macedonia,MK,459.28,515.83,30.9,28.96,entsoe.eu,false,
2024-11-02 19:00:00,North Macedonia,North Macedonia,MK,487.35,546.1,27.51,23.87,entsoe.eu,false,
2024-11-02 20:00:00,North Macedonia,North Macedonia,MK,506.73,569.34,23.84,18.99,entsoe.eu,false,
2024-11-02 21:00:00,North Macedonia,North Macedonia,MK,494.5,557.03,25.37,19.26,entsoe.eu,false,
2024-11-02 22:00:00,North Macedonia,North Macedonia,MK,504.68,568.81,23.87,16.67,entsoe.eu,false,
2024-11-02 23:00:00,North Macedonia,North Macedonia,MK,513.71,577.41,23.24,15.65,Electricity Maps Estimation,true,ESTIMATED_TIME_SLICER_AVERAGE
2024-11-03 00:00:00,North Macedonia,North Macedonia,MK,505.17,568.76,23.81,16.3,Electricity Maps Estimation,true,ESTIMATED_TIME_SLICER_AVERAGE
2024-11-03 01:00:00,North Macedonia,North Macedonia,MK,513.65,581.99,19.8,13.07,Electricity Maps Estimation,true,ESTIMATED_TIME_SLICER_AVERAGE
2024-11-03 02:00:00,North Macedonia,North Macedonia,MK,509.2,582.34,16.79,11.75,Electricity Maps Estimation,true,ESTIMATED_TIME_SLICER_AVERAGE
2024-11-03 03:00:00,North Macedonia,North Macedonia,MK,546.98,622.39,10.94,9.28,Electricity Maps Estimation,true,ESTIMATED_TIME_SLICER_AVERAGE
2024-11-03 04:00:00,North Macedonia,North Macedonia,MK,564.31,640.63,8.31,8.31,Electricity Maps Estimation,true,ESTIMATED_TIME_SLICER_AVERAGE
2024-11-03 05:00:00,North Macedonia,North Macedonia,MK,446.33,516.28,23.75,23.75,Electricity Maps Estimation,true,ESTIMATED_TIME_SLICER_AVERAGE
2024-11-03 06:00:00,North Macedonia,North Macedonia,MK,297.44,352.53,48.59,48.59,Electricity Maps Estimation,true,ESTIMATED_TIME_SLICER_AVERAGE
2024-11-03 07:00:00,North Macedonia,North Macedonia,MK,268.57,320.05,54.0,54.0,Electricity Maps Estimation,false,
2024-11-03 08:00:00,North Macedonia,North Macedonia,MK,272.31,323.61,53.7,53.68,Electricity Maps Estimation,false,
2024-11-03 09:00:00,North Macedonia,North Macedonia,MK,284.19,337.06,51.17,51.03,Electricity Maps Estimation,false,
2024-11-03 10:00:00,North Macedonia,North Macedonia,MK,284.22,337.66,50.81,50.66,Electricity Maps Estimation,false,
2024-11-03 11:00:00,North Macedonia,North Macedonia,MK,297.29,352.67,48.21,48.15,Electricity Maps Estimation,true,ESTIMATED_TIME_SLICER_AVERAGE
2024-11-03 12:00:00,North Macedonia,North Macedonia,MK,328.05,386.73,42.72,42.72,Electricity Maps Estimation,true,ESTIMATED_TIME_SLICER_AVERAGE
2024-11-03 13:00:00,North Macedonia,North Macedonia,MK,390.43,452.28,34.24,34.13,Electricity Maps Estimation,true,ESTIMATED_TIME_SLICER_AVERAGE
2024-11-03 14:00:00,North Macedonia,North Macedonia,MK,369.97,434.01,35.35,35.31,Electricity Maps Estimation,true,ESTIMATED_TIME_SLICER_AVERAGE
2024-11-03 15:00:00,North Macedonia,North Macedonia,MK,401.58,463.84,33.04,32.88,Electricity Maps Estimation,true,ESTIMATED_TIME_SLICER_AVERAGE
2024-11-03 16:00:00,North Macedonia,North Macedonia,MK,391.03,453.44,34.4,34.31,Electricity Maps Estimation,true,ESTIMATED_TIME_SLICER_AVERAGE
2024-11-03 17:00:00,North Macedonia,North Macedonia,MK,401.78,464.13,33.21,33.13,Electricity Maps Estimation,true,ESTIMATED_TIME_SLICER_AVERAGE
2024-11-03 18:00:00,North Macedonia,North Macedonia,MK,439.82,502.03,28.72,28.6,Electricity Maps Estimation,true,ESTIMATED_TIME_SLICER_AVERAGE
2024-11-03 19:00:00,North Macedonia,North Macedonia,MK,478.89,544.19,22.99,22.87,Electricity Maps Estimation,true,ESTIMATED_TIME_SLICER_AVERAGE
2024-11-03 20:00:00,North Macedonia,North Macedonia,MK,479.23,550.75,19.68,19.6,Electricity Maps Estimation,true,ESTIMATED_TIME_SLICER_AVERAGE
2024-11-03 21:00:00,North Macedonia,North Macedonia,MK,480.89,554.7,18.17,18.13,Electricity Maps Estimation,true,ESTIMATED_TIME_SLICER_AVERAGE
2024-11-03 22:00:00,North Macedonia,North Macedonia,MK,484.07,561.09,16.16,15.96,Electricity Maps Estimation,true,ESTIMATED_TIME_SLICER_AVERAGE
2024-11-03 23:00:00,North Macedonia,North Macedonia,MK,563.66,640.79,8.15,7.24,entsoe.eu,false,
2024-11-04 00:00:00,North Macedonia,North Macedonia,MK,580.87,660.81,5.08,3.43,entsoe.eu,false,
2024-11-04 01:00:00,North Macedonia,North Macedonia,MK,593.44,669.75,6.4,3.76,entsoe.eu,false,
2024-11-04 02:00:00,North Macedonia,North Macedonia,MK,595.21,671.47,6.11,3.92,entsoe.eu,false,
2024-11-04 03:00:00,North Macedonia,North Macedonia,MK,589.72,664.52,7.62,5.02,entsoe.eu,false,
2024-11-04 04:00:00,North Macedonia,North Macedonia,MK,600.11,673.79,6.62,6.53,entsoe.eu,false,
2024-11-04 05:00:00,North Macedonia,North Macedonia,MK,530.09,598.14,16.56,16.47,entsoe.eu,false,
2024-11-04 06:00:00,North Macedonia,North Macedonia,MK,408.88,481.18,26.85,26.85,entsoe.eu,false,
2024-11-04 07:00:00,North Macedonia,North Macedonia,MK,351.61,420.28,36.17,36.17,entsoe.eu,false,
2024-11-04 08:00:00,North Macedonia,North Macedonia,MK,339.66,405.15,38.96,38.9,entsoe.eu,false,
2024-11-04 09:00:00,North Macedonia,North Macedonia,MK,360.5,423.45,38.76,37.93,entsoe.eu,false,
2024-11-04 10:00:00,North Macedonia,North Macedonia,MK,366.32,429.03,38.28,37.8,entsoe.eu,false,
2024-11-04 11:00:00,North Macedonia,North Macedonia,MK,362.02,425.68,37.98,37.93,entsoe.eu,false,
2024-11-04 12:00:00,North Macedonia,North Macedonia,MK,363.27,429.29,36.21,36.19,entsoe.eu,false,
2024-11-04 13:00:00,North Macedonia,North Macedonia,MK,393.41,462.91,30.36,30.36,entsoe.eu,false,
2024-11-04 14:00:00,North Macedonia,North Macedonia,MK,453.25,524.38,23.17,23.15,entsoe.eu,false,
2024-11-04 15:00:00,North Macedonia,North Macedonia,MK,453.32,523.33,23.61,23.55,entsoe.eu,false,
2024-11-04 16:00:00,North Macedonia,North Macedonia,MK,435.04,507.64,24.06,24.05,entsoe.eu,false,
2024-11-04 17:00:00,North Macedonia,North Macedonia,MK,440.67,512.97,24.16,24.15,entsoe.eu,false,
2024-11-04 18:00:00,North Macedonia,North Macedonia,MK,443.08,513.04,25.08,25.06,entsoe.eu,false,
2024-11-04 19:00:00,North Macedonia,North Macedonia,MK,450.03,518.01,25.0,24.97,entsoe.eu,false,
2024-11-04 20:00:00,North Macedonia,North Macedonia,MK,466.45,534.8,22.66,22.65,entsoe.eu,false,
2024-11-04 21:00:00,North Macedonia,North Macedonia,MK,460.95,525.38,25.26,24.56,entsoe.eu,false,
2024-11-04 22:00:00,North Macedonia,North Macedonia,MK,481.08,545.19,24.18,21.45,entsoe.eu,false,
2024-11-04 23:00:00,North Macedonia,North Macedonia,MK,450.22,520.2,23.57,21.66,entsoe.eu,false,
2024-11-05 00:00:00,North Macedonia,North Macedonia,MK,487.5,563.06,16.22,16.22,entsoe.eu,false,
2024-11-05 01:00:00,North Macedonia,North Macedonia,MK,557.08,634.32,8.58,8.58,entsoe.eu,false,
2024-11-05 02:00:00,North Macedonia,North Macedonia,MK,569.7,645.12,8.5,8.5,entsoe.eu,false,
2024-11-05 03:00:00,North Macedonia,North Macedonia,MK,580.68,657.44,6.61,6.61,entsoe.eu,false,
2024-11-05 04:00:00,North Macedonia,North Macedonia,MK,564.95,638.3,10.18,10.1,entsoe.eu,false,
2024-11-05 05:00:00,North Macedonia,North Macedonia,MK,387.0,455.46,30.88,30.87,entsoe.eu,false,
2024-11-05 06:00:00,North Macedonia,North Macedonia,MK,334.91,399.61,38.56,38.56,entsoe.eu,false,
2024-11-05 07:00:00,North Macedonia,North Macedonia,MK,326.89,388.09,41.74,41.74,entsoe.eu,false,
2024-11-05 08:00:00,North Macedonia,North Macedonia,MK,345.56,405.14,41.27,40.85,entsoe.eu,false,
2024-11-05 09:00:00,North Macedonia,North Macedonia,MK,385.5,446.07,37.74,35.57,entsoe.eu,false,
2024-11-05 10:00:00,North Macedonia,North Macedonia,MK,385.55,444.5,38.89,36.55,entsoe.eu,false,
2024-11-05 11:00:00,North Macedonia,North Macedonia,MK,397.45,458.75,36.13,34.08,entsoe.eu,false,
2024-11-05 12:00:00,North Macedonia,North Macedonia,MK,370.55,431.52,37.97,37.25,entsoe.eu,false,
2024-11-05 13:00:00,North Macedonia,North Macedonia,MK,359.03,424.07,35.96,35.96,entsoe.eu,false,
2024-11-05 14:00:00,North Macedonia,North Macedonia,MK,371.42,439.5,32.53,32.52,entsoe.eu,false,
2024-11-05 15:00:00,North Macedonia,North Macedonia,MK,375.12,442.47,32.71,32.69,entsoe.eu,false,
2024-11-05 16:00:00,North Macedonia,North Macedonia,MK,364.65,431.42,34.47,34.46,entsoe.eu,false,
2024-11-05 17:00:00,North Macedonia,North Macedonia,MK,366.88,433.48,34.48,34.47,entsoe.eu,false,
2024-11-05 18:00:00,North Macedonia,North Macedonia,MK,367.73,434.18,34.59,34.59,entsoe.eu,false,
2024-11-05 19:00:00,North Macedonia,North Macedonia,MK,380.96,449.88,31.88,31.87,entsoe.eu,false,
2024-11-05 20:00:00,North Macedonia,North Macedonia,MK,376.96,446.29,30.97,30.96,entsoe.eu,false,
2024-11-05 21:00:00,North Macedonia,North Macedonia,MK,352.33,419.41,34.61,34.61,entsoe.eu,false,
2024-11-05 22:00:00,North Macedonia,North Macedonia,MK,352.9,420.61,34.2,34.2,entsoe.eu,false,
2024-11-05 23:00:00,North Macedonia,North Macedonia,MK,368.43,441.14,30.01,30.01,entsoe.eu,false,
2024-11-06 00:00:00,North Macedonia,North Macedonia,MK,387.53,462.6,26.8,26.8,entsoe.eu,false,
2024-11-06 01:00:00,North Macedonia,North Macedonia,MK,411.94,490.66,22.4,22.4,entsoe.eu,false,
2024-11-06 02:00:00,North Macedonia,North Macedonia,MK,417.43,496.39,21.7,21.7,entsoe.eu,false,
2024-11-06 03:00:00,North Macedonia,North Macedonia,MK,416.69,495.6,21.86,21.86,entsoe.eu,false,
2024-11-06 04:00:00,North Macedonia,North Macedonia,MK,421.61,495.93,24.07,24.06,entsoe.eu,false,
2024-11-06 05:00:00,North Macedonia,North Macedonia,MK,405.45,473.51,29.49,29.47,entsoe.eu,false,
2024-11-06 06:00:00,North Macedonia,North Macedonia,MK,353.55,420.05,35.5,35.5,entsoe.eu,false,
2024-11-06 07:00:00,North Macedonia,North Macedonia,MK,326.67,388.0,41.73,41.73,entsoe.eu,false,
2024-11-06 08:00:00,North Macedonia,North Macedonia,MK,328.92,387.42,43.46,43.44,entsoe.eu,false,
2024-11-06 09:00:00,North Macedonia,North Macedonia,MK,348.92,406.79,42.71,41.47,entsoe.eu,false,
2024-11-06 10:00:00,North Macedonia,North Macedonia,MK,340.85,398.41,43.51,42.43,entsoe.eu,false,
2024-11-06 11:00:00,North Macedonia,North Macedonia,MK,352.24,411.56,41.11,40.63,entsoe.eu,false,
2024-11-06 12:00:00,North Macedonia,North Macedonia,MK,319.09,377.77,44.11,44.11,entsoe.eu,false,
2024-11-06 13:00:00,North Macedonia,North Macedonia,MK,341.54,404.57,39.06,39.06,entsoe.eu,false,
2024-11-06 14:00:00,North Macedonia,North Macedonia,MK,398.66,466.96,29.84,29.84,entsoe.eu,false,
2024-11-06 15:00:00,North Macedonia,North Macedonia,MK,394.94,466.93,29.47,29.47,entsoe.eu,false,
2024-11-06 16:00:00,North Macedonia,North Macedonia,MK,362.43,431.59,34.2,34.2,entsoe.eu,false,
2024-11-06 17:00:00,North Macedonia,North Macedonia,MK,365.96,434.11,33.7,33.7,entsoe.eu,false,
2024-11-06 18:00:00,North Macedonia,North Macedonia,MK,375.77,445.0,32.28,32.28,entsoe.eu,false,
2024-11-06 19:00:00,North Macedonia,North Macedonia,MK,376.38,446.16,31.29,31.29,entsoe.eu,false,
2024-11-06 20:00:00,North Macedonia,North Macedonia,MK,376.2,446.73,30.34,30.34,entsoe.eu,false,
2024-11-06 21:00:00,North Macedonia,North Macedonia,MK,355.27,422.89,33.97,33.97,entsoe.eu,false,
2024-11-06 22:00:00,North Macedonia,North Macedonia,MK,350.83,418.74,34.26,34.26,entsoe.eu,false,
2024-11-06 23:00:00,North Macedonia,North Macedonia,MK,372.26,443.71,30.39,30.39,entsoe.eu,false,
2024-11-07 00:00:00,North Macedonia,North Macedonia,MK,409.22,483.67,24.95,24.95,entsoe.eu,false,
2024-11-07 01:00:00,North Macedonia,North Macedonia,MK,440.65,518.69,19.85,19.85,entsoe.eu,false,
2024-11-07 02:00:00,North Macedonia,North Macedonia,MK,437.85,514.32,21.02,21.02,entsoe.eu,false,
2024-11-07 03:00:00,North Macedonia,North Macedonia,MK,456.61,532.55,19.41,19.4,entsoe.eu,false,
2024-11-07 04:00:00,North Macedonia,North Macedonia,MK,412.16,483.66,26.86,26.84,entsoe.eu,false,
2024-11-07 05:00:00,North Macedonia,North Macedonia,MK,389.25,454.53,32.6,32.56,entsoe.eu,false,
2024-11-07 06:00:00,North Macedonia,North Macedonia,MK,324.31,384.92,41.92,41.92,entsoe.eu,false,
2024-11-07 07:00:00,North Macedonia,North Macedonia,MK,293.66,349.07,48.47,48.47,entsoe.eu,false,
2024-11-07 08:00:00,North Macedonia,North Macedonia,MK,302.05,355.07,49.62,49.55,entsoe.eu,false,
2024-11-07 09:00:00,North Macedonia,North Macedonia,MK,326.39,379.9,47.76,46.76,entsoe.eu,false,
2024-11-07 10:00:00,North Macedonia,North Macedonia,MK,325.87,378.48,48.56,47.34,entsoe.eu,false,
2024-11-07 11:00:00,North Macedonia,North Macedonia,MK,312.55,364.73,49.88,49.2,entsoe.eu,false,
2024-11-07 12:00:00,North Macedonia,North Macedonia,MK,312.51,368.02,47.19,47.13,entsoe.eu,false,
2024-11-07 13:00:00,North Macedonia,North Macedonia,MK,314.32,374.45,43.4,43.4,entsoe.eu,false,
2024-11-07 14:00:00,North Macedonia,North Macedonia,MK,357.08,423.37,34.98,34.97,entsoe.eu,false,
2024-11-07 15:00:00,North Macedonia,North Macedonia,MK,353.68,424.27,34.28,34.28,entsoe.eu,false,
2024-11-07 16:00:00,North Macedonia,North Macedonia,MK,344.38,414.63,36.27,36.27,entsoe.eu,false,
2024-11-07 17:00:00,North Macedonia,North Macedonia,MK,353.27,421.96,35.83,35.83,entsoe.eu,false,
2024-11-07 18:00:00,North Macedonia,North Macedonia,MK,370.11,439.44,33.69,33.68,entsoe.eu,false,
2024-11-07 19:00:00,North Macedonia,North Macedonia,MK,381.07,450.63,31.14,31.13,entsoe.eu,false,
2024-11-07 20:00:00,North Macedonia,North Macedonia,MK,381.13,453.06,29.4,29.4,entsoe.eu,false,
2024-11-07 21:00:00,North Macedonia,North Macedonia,MK,389.79,460.7,29.16,29.16,entsoe.eu,false,
2024-11-07 22:00:00,North Macedonia,North Macedonia,MK,375.32,444.96,30.83,30.83,entsoe.eu,false,
2024-11-07 23:00:00,North Macedonia,North Macedonia,MK,393.64,469.04,25.98,25.96,entsoe.eu,false,
2024-11-08 00:00:00,North Macedonia,North Macedonia,MK,421.68,500.7,21.26,21.24,entsoe.eu,false,
2024-11-08 01:00:00,North Macedonia,North Macedonia,MK,447.89,526.79,18.7,18.7,entsoe.eu,false,
2024-11-08 02:00:00,North Macedonia,North Macedonia,MK,433.97,511.51,20.77,20.77,entsoe.eu,false,
2024-11-08 03:00:00,North Macedonia,North Macedonia,MK,426.31,504.24,21.44,21.44,entsoe.eu,false,
2024-11-08 04:00:00,North Macedonia,North Macedonia,MK,448.66,524.88,20.36,20.31,entsoe.eu,false,
2024-11-08 05:00:00,North Macedonia,North Macedonia,MK,386.35,454.37,31.21,31.18,entsoe.eu,false,
2024-11-08 06:00:00,North Macedonia,North Macedonia,MK,334.15,396.94,39.93,39.93,entsoe.eu,false,
2024-11-08 07:00:00,North Macedonia,North Macedonia,MK,301.66,358.02,47.48,47.48,entsoe.eu,false,
2024-11-08 08:00:00,North Macedonia,North Macedonia,MK,308.25,361.68,49.24,48.89,entsoe.eu,false,
2024-11-08 09:00:00,North Macedonia,North Macedonia,MK,320.55,374.01,48.89,47.82,entsoe.eu,false,
2024-11-08 10:00:00,North Macedonia,North Macedonia,MK,322.39,377.15,48.14,47.06,entsoe.eu,false,
2024-11-08 11:00:00,North Macedonia,North Macedonia,MK,319.9,374.73,48.19,47.31,entsoe.eu,false,
2024-11-08 12:00:00,North Macedonia,North Macedonia,MK,314.51,370.62,47.24,46.91,entsoe.eu,false,
2024-11-08 13:00:00,North Macedonia,North Macedonia,MK,332.48,393.6,41.29,41.29,entsoe.eu,false,
2024-11-08 14:00:00,North Macedonia,North Macedonia,MK,354.81,422.5,35.38,35.38,entsoe.eu,false,
2024-11-08 15:00:00,North Macedonia,North Macedonia,MK,396.16,463.38,31.29,31.27,entsoe.eu,false,
2024-11-08 16:00:00,North Macedonia,North Macedonia,MK,349.5,415.64,37.81,37.81,entsoe.eu,false,
2024-11-08 17:00:00,North Macedonia,North Macedonia,MK,368.47,433.09,36.64,36.62,entsoe.eu,false,
2024-11-08 18:00:00,North Macedonia,North Macedonia,MK,410.46,472.12,32.93,32.9,entsoe.eu,false,
2024-11-08 19:00:00,North Macedonia,North Macedonia,MK,440.85,505.22,28.46,28.42,entsoe.eu,false,
2024-11-08 20:00:00,North Macedonia,North Macedonia,MK,446.11,517.89,23.36,23.35,entsoe.eu,false,
2024-11-08 21:00:00,North Macedonia,North Macedonia,MK,474.05,542.66,22.6,21.33,entsoe.eu,false,
2024-11-08 22:00:00,North Macedonia,North Macedonia,MK,423.28,489.48,29.95,27.62,entsoe.eu,false,
2024-11-08 23:00:00,North Macedonia,North Macedonia,MK,396.89,462.66,32.5,30.28,entsoe.eu,false,
2024-11-09 00:00:00,North Macedonia,North Macedonia,MK,414.52,483.29,28.8,26.14,entsoe.eu,false,
2024-11-09 01:00:00,North Macedonia,North Macedonia,MK,403.6,472.46,29.47,28.17,entsoe.eu,false,
2024-11-09 02:00:00,North Macedonia,North Macedonia,MK,402.07,471.15,29.35,28.94,entsoe.eu,false,
2024-11-09 03:00:00,North Macedonia,North Macedonia,MK,383.94,450.74,32.61,32.06,entsoe.eu,false,
2024-11-09 04:00:00,North Macedonia,North Macedonia,MK,407.34,476.8,28.53,28.15,entsoe.eu,false,
2024-11-09 05:00:00,North Macedonia,North Macedonia,MK,453.04,525.74,21.95,21.95,entsoe.eu,false,
2024-11-09 06:00:00,North Macedonia,North Macedonia,MK,319.4,376.29,46.05,45.86,entsoe.eu,false,
2024-11-09 07:00:00,North Macedonia,North Macedonia,MK,285.86,336.78,53.07,52.85,entsoe.eu,false,
2024-11-09 08:00:00,North Macedonia,North Macedonia,MK,265.95,313.78,57.38,56.9,entsoe.eu,false,
2024-11-09 09:00:00,North Macedonia,North Macedonia,MK,293.24,344.91,52.89,51.7,entsoe.eu,false,
2024-11-09 10:00:00,North Macedonia,North Macedonia,MK,303.71,355.62,51.85,50.51,entsoe.eu,false,
2024-11-09 11:00:00,North Macedonia,North Macedonia,MK,300.47,352.0,52.21,51.04,entsoe.eu,false,
2024-11-09 12:00:00,North Macedonia,North Macedonia,MK,290.81,342.56,52.41,51.76,entsoe.eu,false,
2024-11-09 13:00:00,North Macedonia,North Macedonia,MK,301.52,355.23,49.01,48.83,entsoe.eu,false,
2024-11-09 14:00:00,North Macedonia,North Macedonia,MK,344.17,408.64,38.41,38.4,entsoe.eu,false,
2024-11-09 15:00:00,North Macedonia,North Macedonia,MK,376.01,437.99,36.6,36.55,entsoe.eu,false,
2024-11-09 16:00:00,North Macedonia,North Macedonia,MK,392.88,451.99,36.09,36.03,entsoe.eu,false,
2024-11-09 17:00:00,North Macedonia,North Macedonia,MK,432.25,490.23,31.75,31.65,entsoe.eu,false,
2024-11-09 18:00:00,North Macedonia,North Macedonia,MK,454.15,512.44,29.56,29.17,entsoe.eu,false,
2024-11-09 19:00:00,North Macedonia,North Macedonia,MK,475.42,537.02,25.53,25.14,entsoe.eu,false,
2024-11-09 20:00:00,North Macedonia,North Macedonia,MK,482.67,547.26,23.67,21.63,entsoe.eu,false,
2024-11-09 21:00:00,North Macedonia,North Macedonia,MK,436.63,502.48,28.66,24.97,entsoe.eu,false,
2024-11-09 22:00:00,North Macedonia,North Macedonia,MK,398.68,465.36,31.94,28.91,entsoe.eu,false,
2024-11-09 23:00:00,North Macedonia,North Macedonia,MK,374.11,442.82,32.91,30.84,entsoe.eu,false,
2024-11-10 00:00:00,North Macedonia,North Macedonia,MK,337.23,403.81,37.84,35.31,entsoe.eu,false,
2024-11-10 01:00:00,North Macedonia,North Macedonia,MK,339.39,406.19,37.31,35.16,entsoe.eu,false,
2024-11-10 02:00:00,North Macedonia,North Macedonia,MK,343.38,412.73,35.28,33.73,entsoe.eu,false,
2024-11-10 03:00:00,North Macedonia,North Macedonia,MK,337.75,408.22,34.81,34.08,entsoe.eu,false,
2024-11-10 04:00:00,North Macedonia,North Macedonia,MK,333.05,401.92,36.06,35.34,entsoe.eu,false,
2024-11-10 05:00:00,North Macedonia,North Macedonia,MK,300.0,363.51,41.86,41.85,entsoe.eu,false,
2024-11-10 06:00:00,North Macedonia,North Macedonia,MK,282.74,342.15,46.89,46.83,entsoe.eu,false,
2024-11-10 07:00:00,North Macedonia,North Macedonia,MK,267.1,323.26,51.07,50.9,entsoe.eu,false,
2024-11-10 08:00:00,North Macedonia,North Macedonia,MK,242.35,292.9,56.86,56.67,entsoe.eu,false,
2024-11-10 09:00:00,North Macedonia,North Macedonia,MK,248.16,298.1,56.62,56.36,entsoe.eu,false,
2024-11-10 10:00:00,North Macedonia,North Macedonia,MK,269.5,321.6,53.21,52.78,entsoe.eu,false,
2024-11-10 11:00:00,North Macedonia,North Macedonia,MK,287.72,341.36,50.51,49.98,entsoe.eu,false,
2024-11-10 12:00:00,North Macedonia,North Macedonia,MK,308.83,365.09,46.6,46.37,entsoe.eu,false,
2024-11-10 13:00:00,North Macedonia,North Macedonia,MK,329.8,390.0,41.84,41.78,entsoe.eu,false,
2024-11-10 14:00:00,North Macedonia,North Macedonia,MK,348.71,411.98,38.29,38.29,entsoe.eu,false,
2024-11-10 15:00:00,North Macedonia,North Macedonia,MK,370.72,432.89,36.72,36.7,entsoe.eu,false,
2024-11-10 16:00:00,North Macedonia,North Macedonia,MK,362.15,424.38,38.02,38.01,entsoe.eu,false,
2024-11-10 17:00:00,North Macedonia,North Macedonia,MK,361.65,425.64,37.96,37.96,entsoe.eu,false,
2024-11-10 18:00:00,North Macedonia,North Macedonia,MK,386.98,444.73,36.99,36.93,entsoe.eu,false,
2024-11-10 19:00:00,North Macedonia,North Macedonia,MK,379.79,439.27,36.57,36.55,entsoe.eu,false,
2024-11-10 20:00:00,North Macedonia,North Macedonia,MK,445.35,510.91,26.94,25.95,entsoe.eu,false,
2024-11-10 21:00:00,North Macedonia,North Macedonia,MK,441.06,513.88,24.81,23.06,entsoe.eu,false,
2024-11-10 22:00:00,North Macedonia,North Macedonia,MK,432.65,505.99,25.78,23.95,entsoe.eu,false,
2024-11-10 23:00:00,North Macedonia,North Macedonia,MK,450.46,525.78,22.88,20.45,entsoe.eu,false,
2024-11-11 00:00:00,North Macedonia,North Macedonia,MK,469.06,541.78,22.69,18.63,entsoe.eu,false,
2024-11-11 01:00:00,North Macedonia,North Macedonia,MK,499.9,574.96,18.45,13.77,entsoe.eu,false,
2024-11-11 02:00:00,North Macedonia,North Macedonia,MK,513.93,590.99,15.61,11.36,entsoe.eu,false,
2024-11-11 03:00:00,North Macedonia,North Macedonia,MK,523.12,600.22,14.0,10.26,entsoe.eu,false,
2024-11-11 04:00:00,North Macedonia,North Macedonia,MK,556.29,627.61,12.08,12.01,entsoe.eu,false,
2024-11-11 05:00:00,North Macedonia,North Macedonia,MK,451.63,521.65,24.27,24.23,entsoe.eu,false,
2024-11-11 06:00:00,North Macedonia,North Macedonia,MK,401.62,468.07,31.54,31.52,entsoe.eu,false,
2024-11-11 07:00:00,North Macedonia,North Macedonia,MK,384.59,451.13,33.39,33.39,entsoe.eu,false,
2024-11-11 08:00:00,North Macedonia,North Macedonia,MK,384.9,452.23,33.4,33.4,entsoe.eu,false,
2024-11-11 09:00:00,North Macedonia,North Macedonia,MK,359.71,424.36,37.37,37.37,entsoe.eu,false,
2024-11-11 10:00:00,North Macedonia,North Macedonia,MK,356.54,421.72,37.23,37.23,entsoe.eu,false,
2024-11-11 11:00:00,North Macedonia,North Macedonia,MK,375.1,443.38,34.03,34.03,entsoe.eu,false,
2024-11-11 12:00:00,North Macedonia,North Macedonia,MK,377.44,444.09,34.46,34.44,entsoe.eu,false,
2024-11-11 13:00:00,North Macedonia,North Macedonia,MK,408.23,475.89,30.5,30.42,entsoe.eu,false,
2024-11-11 14:00:00,North Macedonia,North Macedonia,MK,421.26,490.06,29.22,29.16,entsoe.eu,false,
2024-11-11 15:00:00,North Macedonia,North Macedonia,MK,400.62,468.02,32.24,32.21,entsoe.eu,false,
2024-11-11 16:00:00,North Macedonia,North Macedonia,MK,378.98,442.77,36.31,36.29,entsoe.eu,false,
2024-11-11 17:00:00,North Macedonia,North Macedonia,MK,381.72,445.53,35.94,35.92,entsoe.eu,false,
2024-11-11 18:00:00,North Macedonia,North Macedonia,MK,393.99,460.13,33.66,33.64,entsoe.eu,false,
2024-11-11 19:00:00,North Macedonia,North Macedonia,MK,401.86,469.21,32.2,32.19,entsoe.eu,false,
2024-11-11 20:00:00,North Macedonia,North Macedonia,MK,415.18,484.21,29.79,29.79,entsoe.eu,false,
2024-11-11 21:00:00,North Macedonia,North Macedonia,MK,398.89,467.49,31.08,31.08,entsoe.eu,false,
2024-11-11 22:00:00,North Macedonia,North Macedonia,MK,405.65,470.25,31.35,31.31,entsoe.eu,false,
2024-11-11 23:00:00,North Macedonia,North Macedonia,MK,469.74,545.93,19.07,18.44,entsoe.eu,false,
2024-11-12 00:00:00,North Macedonia,North Macedonia,MK,516.87,596.07,12.67,12.0,entsoe.eu,false,
2024-11-12 01:00:00,North Macedonia,North Macedonia,MK,536.84,614.14,11.06,10.69,entsoe.eu,false,
2024-11-12 02:00:00,North Macedonia,North Macedonia,MK,505.44,585.67,13.18,13.18,entsoe.eu,false,
2024-11-12 03:00:00,North Macedonia,North Macedonia,MK,525.27,603.68,12.09,12.07,entsoe.eu,false,
2024-11-12 04:00:00,North Macedonia,North Macedonia,MK,522.51,592.61,16.75,16.62,entsoe.eu,false,
2024-11-12 05:00:00,North Macedonia,North Macedonia,MK,443.93,515.24,25.12,25.09,entsoe.eu,false,
2024-11-12 06:00:00,North Macedonia,North Macedonia,MK,442.16,511.44,26.46,26.42,entsoe.eu,false,
2024-11-12 07:00:00,North Macedonia,North Macedonia,MK,424.45,494.16,28.32,28.31,entsoe.eu,false,
2024-11-12 08:00:00,North Macedonia,North Macedonia,MK,415.96,485.92,29.59,29.58,entsoe.eu,false,
2024-11-12 09:00:00,North Macedonia,North Macedonia,MK,425.42,496.85,28.15,28.14,entsoe.eu,false,
2024-11-12 10:00:00,North Macedonia,North Macedonia,MK,424.02,496.36,27.95,27.95,entsoe.eu,false,
2024-11-12 11:00:00,North Macedonia,North Macedonia,MK,431.92,505.97,26.31,26.31,entsoe.eu,false,
2024-11-12 12:00:00,North Macedonia,North Macedonia,MK,396.84,465.28,32.46,32.46,entsoe.eu,false,
2024-11-12 13:00:00,North Macedonia,North Macedonia,MK,398.51,466.51,32.46,32.45,entsoe.eu,false,
2024-11-12 14:00:00,North Macedonia,North Macedonia,MK,392.46,459.37,33.25,33.24,entsoe.eu,false,
2024-11-12 15:00:00,North Macedonia,North Macedonia,MK,394.56,458.12,34.25,34.23,entsoe.eu,false,
2024-11-12 16:00:00,North Macedonia,North Macedonia,MK,394.28,458.52,34.49,34.49,entsoe.eu,false,
2024-11-12 17:00:00,North Macedonia,North Macedonia,MK,401.4,467.26,33.23,33.22,entsoe.eu,false,
2024-11-12 18:00:00,North Macedonia,North Macedonia,MK,402.78,467.51,33.17,33.16,entsoe.eu,false,
2024-11-12 19:00:00,North Macedonia,North Macedonia,MK,413.76,480.61,30.77,30.77,entsoe.eu,false,
2024-11-12 20:00:00,North Macedonia,North Macedonia,MK,419.48,486.6,30.07,30.07,entsoe.eu,false,
2024-11-12 21:00:00,North Macedonia,North Macedonia,MK,411.2,479.29,30.42,30.42,entsoe.eu,false,
2024-11-12 22:00:00,North Macedonia,North Macedonia,MK,431.3,496.79,29.06,29.03,entsoe.eu,false,
2024-11-12 23:00:00,North Macedonia,North Macedonia,MK,511.8,580.82,18.29,17.75,entsoe.eu,false,
2024-11-13 00:00:00,North Macedonia,North Macedonia,MK,564.69,637.14,11.09,10.19,entsoe.eu,false,
2024-11-13 01:00:00,North Macedonia,North Macedonia,MK,567.7,635.76,13.68,12.31,entsoe.eu,false,
2024-11-13 02:00:00,North Macedonia,North Macedonia,MK,555.72,622.83,15.22,14.17,entsoe.eu,false,
2024-11-13 03:00:00,North Macedonia,North Macedonia,MK,578.7,647.54,11.69,11.49,entsoe.eu,false,
2024-11-13 04:00:00,North Macedonia,North Macedonia,MK,503.11,572.5,19.23,19.12,entsoe.eu,false,
2024-11-13 05:00:00,North Macedonia,North Macedonia,MK,439.41,512.3,26.41,26.4,entsoe.eu,false,
2024-11-13 06:00:00,North Macedonia,North Macedonia,MK,432.05,504.25,27.44,27.43,entsoe.eu,false,
2024-11-13 07:00:00,North Macedonia,North Macedonia,MK,417.67,486.44,31.6,31.59,entsoe.eu,false,
2024-11-13 08:00:00,North Macedonia,North Macedonia,MK,398.12,463.49,35.01,35.01,entsoe.eu,false,
2024-11-13 09:00:00,North Macedonia,North Macedonia,MK,393.16,459.23,34.98,34.98,entsoe.eu,false,
2024-11-13 10:00:00,North Macedonia,North Macedonia,MK,396.02,462.57,34.2,34.2,entsoe.eu,false,
2024-11-13 11:00:00,North Macedonia,North Macedonia,MK,399.63,467.25,33.81,33.81,entsoe.eu,false,
2024-11-13 12:00:00,North Macedonia,North Macedonia,MK,386.91,452.89,35.69,35.69,entsoe.eu,false,
2024-11-13 13:00:00,North Macedonia,North Macedonia,MK,396.96,464.33,33.2,33.2,entsoe.eu,false,
2024-11-13 14:00:00,North Macedonia,North Macedonia,MK,407.1,475.71,31.35,31.35,entsoe.eu,false,
2024-11-13 15:00:00,North Macedonia,North Macedonia,MK,417.81,489.03,29.38,29.38,entsoe.eu,false,
2024-11-13 16:00:00,North Macedonia,North Macedonia,MK,418.38,487.84,30.52,30.52,entsoe.eu,false,
2024-11-13 17:00:00,North Macedonia,North Macedonia,MK,434.94,504.72,28.48,28.48,entsoe.eu,false,
2024-11-13 18:00:00,North Macedonia,North Macedonia,MK,441.42,509.92,27.66,27.65,entsoe.eu,false,
2024-11-13 19:00:00,North Macedonia,North Macedonia,MK,460.64,535.17,23.46,23.46,entsoe.eu,false,
2024-11-13 20:00:00,North Macedonia,North Macedonia,MK,476.17,550.95,21.9,21.89,entsoe.eu,false,
2024-11-13 21:00:00,North Macedonia,North Macedonia,MK,515.53,597.18,15.24,15.24,entsoe.eu,false,
2024-11-13 22:00:00,North Macedonia,North Macedonia,MK,497.58,573.75,18.6,17.81,entsoe.eu,false,
2024-11-13 23:00:00,North Macedonia,North Macedonia,MK,553.18,635.45,9.71,8.16,entsoe.eu,false,
2024-11-14 00:00:00,North Macedonia,North Macedonia,MK,546.18,618.62,14.31,12.43,entsoe.eu,false,
2024-11-14 01:00:00,North Macedonia,North Macedonia,MK,558.65,628.87,13.6,11.84,entsoe.eu,false,
2024-11-14 02:00:00,North Macedonia,North Macedonia,MK,571.58,642.21,11.76,10.67,entsoe.eu,false,
2024-11-14 03:00:00,North Macedonia,North Macedonia,MK,573.12,642.8,11.66,11.57,entsoe.eu,false,
2024-11-14 04:00:00,North Macedonia,North Macedonia,MK,526.64,610.29,10.84,10.8,entsoe.eu,false,
2024-11-14 05:00:00,North Macedonia,North Macedonia,MK,473.81,554.35,18.78,18.76,entsoe.eu,false,
2024-11-14 06:00:00,North Macedonia,North Macedonia,MK,471.62,550.6,20.49,20.48,entsoe.eu,false,
2024-11-14 07:00:00,North Macedonia,North Macedonia,MK,447.75,525.69,23.48,23.48,entsoe.eu,false,
2024-11-14 08:00:00,North Macedonia,North Macedonia,MK,425.96,500.67,27.22,27.22,entsoe.eu,false,
2024-11-14 09:00:00,North Macedonia,North Macedonia,MK,421.75,496.26,27.73,27.73,entsoe.eu,false,
2024-11-14 10:00:00,North Macedonia,North Macedonia,MK,412.53,487.0,28.62,28.62,entsoe.eu,false,
2024-11-14 11:00:00,North Macedonia,North Macedonia,MK,414.53,489.46,27.95,27.95,entsoe.eu,false,
2024-11-14 12:00:00,North Macedonia,North Macedonia,MK,377.5,448.17,33.38,33.38,entsoe.eu,false,
2024-11-14 13:00:00,North Macedonia,North Macedonia,MK,386.04,456.63,32.96,32.96,entsoe.eu,false,
2024-11-14 14:00:00,North Macedonia,North Macedonia,MK,410.19,483.54,29.78,29.78,entsoe.eu,false,
2024-11-14 15:00:00,North Macedonia,North Macedonia,MK,433.83,508.26,27.78,27.78,entsoe.eu,false,
2024-11-14 16:00:00,North Macedonia,North Macedonia,MK,430.9,504.46,28.19,28.19,entsoe.eu,false,
2024-11-14 17:00:00,North Macedonia,North Macedonia,MK,426.34,499.81,28.14,28.14,entsoe.eu,false,
2024-11-14 18:00:00,North Macedonia,North Macedonia,MK,435.63,509.52,26.98,26.98,entsoe.eu,false,
2024-11-14 19:00:00,North Macedonia,North Macedonia,MK,450.84,525.58,25.2,25.2,entsoe.eu,false,
2024-11-14 20:00:00,North Macedonia,North Macedonia,MK,486.27,567.1,18.58,18.58,entsoe.eu,false,
2024-11-14 21:00:00,North Macedonia,North Macedonia,MK,474.66,556.16,18.66,18.66,entsoe.eu,false,
2024-11-14 22:00:00,North Macedonia,North Macedonia,MK,463.95,542.72,19.86,19.86,entsoe.eu,false,
2024-11-14 23:00:00,North Macedonia,North Macedonia,MK,476.87,560.35,16.04,16.04,entsoe.eu,false,
2024-11-15 00:00:00,North Macedonia,North Macedonia,MK,491.03,575.14,13.74,13.74,entsoe.eu,false,
2024-11-15 01:00:00,North Macedonia,North Macedonia,MK,517.79,600.97,10.77,10.77,entsoe.eu,false,
2024-11-15 02:00:00,North Macedonia,North Macedonia,MK,555.43,637.44,7.25,7.25,entsoe.eu,false,
2024-11-15 03:00:00,North Macedonia,North Macedonia,MK,530.14,615.59,8.98,8.98,entsoe.eu,false,
2024-11-15 04:00:00,North Macedonia,North Macedonia,MK,531.15,615.39,10.06,10.04,entsoe.eu,false,
2024-11-15 05:00:00,North Macedonia,North Macedonia,MK,520.86,605.44,11.76,11.75,entsoe.eu,false,
2024-11-15 06:00:00,North Macedonia,North Macedonia,MK,454.82,531.38,22.55,22.55,entsoe.eu,false,
2024-11-15 07:00:00,North Macedonia,North Macedonia,MK,424.82,497.41,27.84,27.84,entsoe.eu,false,
2024-11-15 08:00:00,North Macedonia,North Macedonia,MK,417.93,485.79,30.08,30.08,entsoe.eu,false,
2024-11-15 09:00:00,North Macedonia,North Macedonia,MK,409.89,479.78,29.97,29.96,entsoe.eu,false,
2024-11-15 10:00:00,North Macedonia,North Macedonia,MK,429.06,498.27,27.76,27.72,entsoe.eu,false,
2024-11-15 11:00:00,North Macedonia,North Macedonia,MK,444.05,510.88,27.16,27.08,entsoe.eu,false,
2024-11-15 12:00:00,North Macedonia,North Macedonia,MK,413.83,476.21,32.35,32.26,entsoe.eu,false,
2024-11-15 13:00:00,North Macedonia,North Macedonia,MK,402.63,466.64,33.02,32.98,entsoe.eu,false,
2024-11-15 14:00:00,North Macedonia,North Macedonia,MK,404.55,474.61,30.34,30.33,entsoe.eu,false,
2024-11-15 15:00:00,North Macedonia,North Macedonia,MK,406.16,477.64,29.92,29.92,entsoe.eu,false,
2024-11-15 16:00:00,North Macedonia,North Macedonia,MK,402.8,474.38,30.25,30.25,entsoe.eu,false,
2024-11-15 17:00:00,North Macedonia,North Macedonia,MK,405.29,477.01,29.73,29.73,entsoe.eu,false,
2024-11-15 18:00:00,North Macedonia,North Macedonia,MK,411.13,482.84,28.36,28.36,entsoe.eu,false,
2024-11-15 19:00:00,North Macedonia,North Macedonia,MK,446.83,524.16,22.33,22.33,entsoe.eu,false,
2024-11-15 20:00:00,North Macedonia,North Macedonia,MK,487.7,571.81,15.16,15.16,entsoe.eu,false,
2024-11-15 21:00:00,North Macedonia,North Macedonia,MK,486.14,570.24,15.37,15.37,entsoe.eu,false,
2024-11-15 22:00:00,North Macedonia,North Macedonia,MK,473.7,555.0,18.19,18.08,entsoe.eu,false,
2024-11-15 23:00:00,North Macedonia,North Macedonia,MK,454.02,530.01,22.86,21.96,entsoe.eu,false,
2024-11-16 00:00:00,North Macedonia,North Macedonia,MK,437.27,509.54,25.73,24.59,entsoe.eu,false,
2024-11-16 01:00:00,North Macedonia,North Macedonia,MK,448.78,523.91,22.96,22.13,entsoe.eu,false,
2024-11-16 02:00:00,North Macedonia,North Macedonia,MK,451.37,526.92,22.44,21.99,entsoe.eu,false,
2024-11-16 03:00:00,North Macedonia,North Macedonia,MK,444.08,519.38,22.97,22.95,entsoe.eu,false,
2024-11-16 04:00:00,North Macedonia,North Macedonia,MK,440.56,516.04,23.19,23.19,entsoe.eu,false,
2024-11-16 05:00:00,North Macedonia,North Macedonia,MK,411.56,484.08,27.55,27.55,entsoe.eu,false,
2024-11-16 06:00:00,North Macedonia,North Macedonia,MK,406.79,477.82,29.03,29.03,entsoe.eu,false,
2024-11-16 07:00:00,North Macedonia,North Macedonia,MK,354.3,418.08,38.31,38.31,entsoe.eu,false,
2024-11-16 08:00:00,North Macedonia,North Macedonia,MK,343.39,402.51,42.71,42.66,entsoe.eu,false,
2024-11-16 09:00:00,North Macedonia,North Macedonia,MK,351.1,410.19,42.34,41.91,entsoe.eu,false,
2024-11-16 10:00:00,North Macedonia,North Macedonia,MK,353.66,412.5,42.57,41.77,entsoe.eu,false,
2024-11-16 11:00:00,North Macedonia,North Macedonia,MK,350.37,409.2,42.56,42.01,entsoe.eu,false,
2024-11-16 12:00:00,North Macedonia,North Macedonia,MK,345.81,404.95,42.14,42.04,entsoe.eu,false,
2024-11-16 13:00:00,North Macedonia,North Macedonia,MK,391.98,456.47,34.16,34.15,entsoe.eu,false,
2024-11-16 14:00:00,North Macedonia,North Macedonia,MK,415.94,484.49,29.43,29.43,entsoe.eu,false,
2024-11-16 15:00:00,North Macedonia,North Macedonia,MK,394.81,460.89,32.88,32.88,entsoe.eu,false,
2024-11-16 16:00:00,North Macedonia,North Macedonia,MK,403.51,469.59,32.75,32.75,entsoe.eu,false,
2024-11-16 17:00:00,North Macedonia,North Macedonia,MK,402.86,468.75,32.79,32.79,entsoe.eu,false,
2024-11-16 18:00:00,North Macedonia,North Macedonia,MK,421.63,490.26,29.42,29.42,entsoe.eu,false,
2024-11-16 19:00:00,North Macedonia,North Macedonia,MK,452.23,525.9,24.29,24.29,entsoe.eu,false,
2024-11-16 20:00:00,North Macedonia,North Macedonia,MK,454.42,529.46,22.29,22.29,entsoe.eu,false,
2024-11-16 21:00:00,North Macedonia,North Macedonia,MK,460.82,535.82,21.45,21.42,entsoe.eu,false,
2024-11-16 22:00:00,North Macedonia,North Macedonia,MK,458.29,531.58,22.87,22.63,entsoe.eu,false,
2024-11-16 23:00:00,North Macedonia,North Macedonia,MK,432.01,501.0,28.17,27.06,entsoe.eu,false,
2024-11-17 00:00:00,North Macedonia,North Macedonia,MK,443.96,511.81,27.66,26.24,entsoe.eu,false,
2024-11-17 01:00:00,North Macedonia,North Macedonia,MK,486.05,559.94,20.51,19.18,entsoe.eu,false,
2024-11-17 02:00:00,North Macedonia,North Macedonia,MK,503.79,577.31,18.85,17.57,entsoe.eu,false,
2024-11-17 03:00:00,North Macedonia,North Macedonia,MK,504.25,580.15,17.07,16.39,entsoe.eu,false,
2024-11-17 04:00:00,North Macedonia,North Macedonia,MK,503.58,580.9,16.37,16.18,entsoe.eu,false,
2024-11-17 05:00:00,North Macedonia,North Macedonia,MK,506.94,584.37,16.26,16.25,entsoe.eu,false,
2024-11-17 06:00:00,North Macedonia,North Macedonia,MK,457.48,529.18,25.7,25.62,entsoe.eu,false,
2024-11-17 07:00:00,North Macedonia,North Macedonia,MK,398.95,462.17,36.18,35.42,entsoe.eu,false,
2024-11-17 08:00:00,North Macedonia,North Macedonia,MK,370.97,430.54,41.5,40.18,entsoe.eu,false,
2024-11-17 09:00:00,North Macedonia,North Macedonia,MK,361.23,419.8,42.94,41.16,entsoe.eu,false,
2024-11-17 10:00:00,North Macedonia,North Macedonia,MK,361.57,421.38,42.09,40.24,entsoe.eu,false,
2024-11-17 11:00:00,North Macedonia,North Macedonia,MK,363.33,423.08,41.96,40.24,entsoe.eu,false,
2024-11-17 12:00:00,North Macedonia,North Macedonia,MK,377.68,439.27,39.09,38.05,entsoe.eu,false,
2024-11-17 13:00:00,North Macedonia,North Macedonia,MK,410.32,478.29,31.52,31.46,entsoe.eu,false,
2024-11-17 14:00:00,North Macedonia,North Macedonia,MK,432.32,506.23,25.86,25.86,entsoe.eu,false,
2024-11-17 15:00:00,North Macedonia,North Macedonia,MK,421.55,492.51,28.03,28.03,entsoe.eu,false,
2024-11-17 16:00:00,North Macedonia,North Macedonia,MK,417.15,487.81,29.11,29.11,entsoe.eu,false,
2024-11-17 17:00:00,North Macedonia,North Macedonia,MK,415.86,484.47,29.82,29.82,entsoe.eu,false,
2024-11-17 18:00:00,North Macedonia,North Macedonia,MK,433.16,501.67,27.64,27.63,entsoe.eu,false,
2024-11-17 19:00:00,North Macedonia,North Macedonia,MK,430.46,499.86,27.56,27.56,entsoe.eu,false,
2024-11-17 20:00:00,North Macedonia,North Macedonia,MK,444.04,518.35,23.61,23.61,entsoe.eu,false,
2024-11-17 21:00:00,North Macedonia,North Macedonia,MK,451.02,523.71,23.79,23.66,entsoe.eu,false,
2024-11-17 22:00:00,North Macedonia,North Macedonia,MK,498.3,566.7,21.73,18.36,entsoe.eu,false,
2024-11-17 23:00:00,North Macedonia,North Macedonia,MK,484.16,561.42,18.04,17.37,entsoe.eu,false,
2024-11-18 00:00:00,North Macedonia,North Macedonia,MK,494.09,571.74,16.28,16.21,entsoe.eu,false,
2024-11-18 01:00:00,North Macedonia,North Macedonia,MK,540.08,620.04,10.49,10.49,entsoe.eu,false,
2024-11-18 02:00:00,North Macedonia,North Macedonia,MK,560.16,637.32,10.16,10.16,entsoe.eu,false,
2024-11-18 03:00:00,North Macedonia,North Macedonia,MK,584.26,660.41,7.59,7.58,entsoe.eu,false,
2024-11-18 04:00:00,North Macedonia,North Macedonia,MK,506.1,582.41,16.17,16.15,entsoe.eu,false,
2024-11-18 05:00:00,North Macedonia,North Macedonia,MK,460.18,534.87,23.02,23.0,entsoe.eu,false,
2024-11-18 06:00:00,North Macedonia,North Macedonia,MK,404.43,475.16,31.07,31.07,entsoe.eu,false,
2024-11-18 07:00:00,North Macedonia,North Macedonia,MK,366.36,431.46,37.62,37.62,entsoe.eu,false,
2024-11-18 08:00:00,North Macedonia,North Macedonia,MK,355.91,419.32,40.31,40.31,entsoe.eu,false,
2024-11-18 09:00:00,North Macedonia,North Macedonia,MK,353.66,416.35,41.38,41.38,entsoe.eu,false,
2024-11-18 10:00:00,North Macedonia,North Macedonia,MK,352.93,414.39,42.25,42.25,entsoe.eu,false,
2024-11-18 11:00:00,North Macedonia,North Macedonia,MK,353.4,415.83,41.66,41.66,entsoe.eu,false,
2024-11-18 12:00:00,North Macedonia,North Macedonia,MK,372.92,439.63,36.97,36.97,entsoe.eu,false,
2024-11-18 13:00:00,North Macedonia,North Macedonia,MK,420.45,495.12,26.99,26.99,entsoe.eu,false,
2024-11-18 14:00:00,North Macedonia,North Macedonia,MK,468.66,546.35,20.53,20.53,entsoe.eu,false,
2024-11-18 15:00:00,North Macedonia,North Macedonia,MK,449.97,525.83,23.51,23.51,entsoe.eu,false,
2024-11-18 16:00:00,North Macedonia,North Macedonia,MK,454.19,529.66,23.24,23.24,entsoe.eu,false,
2024-11-18 17:00:00,North Macedonia,North Macedonia,MK,460.32,535.22,22.34,22.33,entsoe.eu,false,
2024-11-18 18:00:00,North Macedonia,North Macedonia,MK,474.07,547.32,21.48,21.47,entsoe.eu,false,
2024-11-18 19:00:00,North Macedonia,North Macedonia,MK,482.8,560.97,18.83,18.83,entsoe.eu,false,
2024-11-18 20:00:00,North Macedonia,North Macedonia,MK,515.66,599.85,12.88,12.88,entsoe.eu,false,
2024-11-18 21:00:00,North Macedonia,North Macedonia,MK,505.88,591.76,12.14,12.14,entsoe.eu,false,
2024-11-18 22:00:00,North Macedonia,North Macedonia,MK,533.75,617.48,9.79,9.77,entsoe.eu,false,
2024-11-18 23:00:00,North Macedonia,North Macedonia,MK,504.23,589.08,12.45,12.45,entsoe.eu,false,
2024-11-19 00:00:00,North Macedonia,North Macedonia,MK,514.88,595.98,12.93,12.93,entsoe.eu,false,
2024-11-19 01:00:00,North Macedonia,North Macedonia,MK,571.7,652.94,6.77,6.29,entsoe.eu,false,
2024-11-19 02:00:00,North Macedonia,North Macedonia,MK,598.42,683.29,1.73,1.72,entsoe.eu,false,
2024-11-19 03:00:00,North Macedonia,North Macedonia,MK,555.27,640.45,6.82,6.82,entsoe.eu,false,
2024-11-19 04:00:00,North Macedonia,North Macedonia,MK,509.11,591.35,13.94,13.93,entsoe.eu,false,
2024-11-19 05:00:00,North Macedonia,North Macedonia,MK,490.36,560.71,21.19,21.11,entsoe.eu,false,
2024-11-19 06:00:00,North Macedonia,North Macedonia,MK,442.01,517.52,25.53,25.53,entsoe.eu,false,
2024-11-19 07:00:00,North Macedonia,North Macedonia,MK,384.7,453.05,35.27,35.27,entsoe.eu,false,
2024-11-19 08:00:00,North Macedonia,North Macedonia,MK,367.69,433.07,38.63,38.63,entsoe.eu,false,
2024-11-19 09:00:00,North Macedonia,North Macedonia,MK,361.33,425.35,40.13,40.13,entsoe.eu,false,
2024-11-19 10:00:00,North Macedonia,North Macedonia,MK,363.04,427.0,39.94,39.93,entsoe.eu,false,
2024-11-19 11:00:00,North Macedonia,North Macedonia,MK,376.08,441.96,37.57,37.57,entsoe.eu,false,
2024-11-19 12:00:00,North Macedonia,North Macedonia,MK,382.52,449.29,35.89,35.89,entsoe.eu,false,
2024-11-19 13:00:00,North Macedonia,North Macedonia,MK,402.25,473.89,30.3,30.3,entsoe.eu,false,
2024-11-19 14:00:00,North Macedonia,North Macedonia,MK,455.48,534.35,20.86,20.86,entsoe.eu,false,
2024-11-19 15:00:00,North Macedonia,North Macedonia,MK,449.34,527.87,22.48,22.48,entsoe.eu,false,
2024-11-19 16:00:00,North Macedonia,North Macedonia,MK,441.84,517.66,24.34,24.34,entsoe.eu,false,
2024-11-19 17:00:00,North Macedonia,North Macedonia,MK,453.5,530.59,22.4,22.4,entsoe.eu,false,
2024-11-19 18:00:00,North Macedonia,North Macedonia,MK,471.48,546.93,21.29,21.29,entsoe.eu,false,
2024-11-19 19:00:00,North Macedonia,North Macedonia,MK,494.66,567.63,19.16,19.15,entsoe.eu,false,
2024-11-19 20:00:00,North Macedonia,North Macedonia,MK,466.89,540.13,21.56,21.56,entsoe.eu,false,
2024-11-19 21:00:00,North Macedonia,North Macedonia,MK,488.24,558.26,21.88,20.1,entsoe.eu,false,
2024-11-19 22:00:00,North Macedonia,North Macedonia,MK,518.67,589.79,19.41,15.49,entsoe.eu,false,
2024-11-19 23:00:00,North Macedonia,North Macedonia,MK,497.13,570.49,20.44,17.28,entsoe.eu,false,
2024-11-20 00:00:00,North Macedonia,North Macedonia,MK,548.96,622.39,15.65,10.17,entsoe.eu,false,
2024-11-20 01:00:00,North Macedonia,North Macedonia,MK,567.95,641.0,13.12,8.31,entsoe.eu,false,
2024-11-20 02:00:00,North Macedonia,North Macedonia,MK,594.5,666.92,10.15,5.18,entsoe.eu,false,
2024-11-20 03:00:00,North Macedonia,North Macedonia,MK,609.92,683.08,7.71,3.94,entsoe.eu,false,
2024-11-20 04:00:00,North Macedonia,North Macedonia,MK,629.57,703.41,4.5,2.87,entsoe.eu,false,
2024-11-20 05:00:00,North Macedonia,North Macedonia,MK,537.72,609.19,15.57,15.56,entsoe.eu,false,
2024-11-20 06:00:00,North Macedonia,North Macedonia,MK,450.31,522.4,25.88,25.88,entsoe.eu,false,
2024-11-20 07:00:00,North Macedonia,North Macedonia,MK,391.35,457.13,35.55,35.55,entsoe.eu,false,
2024-11-20 08:00:00,North Macedonia,North Macedonia,MK,358.89,417.99,42.95,42.95,entsoe.eu,false,
2024-11-20 09:00:00,North Macedonia,North Macedonia,MK,343.48,397.94,47.53,47.53,entsoe.eu,false,
2024-11-20 10:00:00,North Macedonia,North Macedonia,MK,324.67,377.32,50.36,50.36,entsoe.eu,false,
2024-11-20 11:00:00,North Macedonia,North Macedonia,MK,336.61,391.58,47.13,47.13,entsoe.eu,false,
2024-11-20 12:00:00,North Macedonia,North Macedonia,MK,361.63,421.6,41.62,41.62,entsoe.eu,false,
2024-11-20 13:00:00,North Macedonia,North Macedonia,MK,397.7,462.87,34.65,34.65,entsoe.eu,false,
2024-11-20 14:00:00,North Macedonia,North Macedonia,MK,423.26,492.61,29.0,29.0,entsoe.eu,false,
2024-11-20 15:00:00,North Macedonia,North Macedonia,MK,407.88,475.05,31.51,31.51,entsoe.eu,false,
2024-11-20 16:00:00,North Macedonia,North Macedonia,MK,406.44,471.33,33.61,33.61,entsoe.eu,false,
2024-11-20 17:00:00,North Macedonia,North Macedonia,MK,415.34,480.15,33.17,33.17,entsoe.eu,false,
2024-11-20 18:00:00,North Macedonia,North Macedonia,MK,439.49,506.65,29.06,29.06,entsoe.eu,false,
2024-11-20 19:00:00,North Macedonia,North Macedonia,MK,435.68,503.03,29.3,29.3,entsoe.eu,false,
2024-11-20 20:00:00,North Macedonia,North Macedonia,MK,442.95,512.55,26.94,26.94,entsoe.eu,false,
2024-11-20 21:00:00,North Macedonia,North Macedonia,MK,441.4,506.25,30.5,29.52,entsoe.eu,false,
2024-11-20 22:00:00,North Macedonia,North Macedonia,MK,435.2,497.07,33.28,31.5,entsoe.eu,false,
2024-11-20 23:00:00,North Macedonia,North Macedonia,MK,422.24,482.45,35.52,33.49,entsoe.eu,false,
2024-11-21 00:00:00,North Macedonia,North Macedonia,MK,448.72,511.02,31.31,28.17,entsoe.eu,false,
2024-11-21 01:00:00,North Macedonia,North Macedonia,MK,456.52,518.34,30.55,27.91,entsoe.eu,false,
2024-11-21 02:00:00,North Macedonia,North Macedonia,MK,467.43,530.38,28.54,26.14,entsoe.eu,false,
2024-11-21 03:00:00,North Macedonia,North Macedonia,MK,463.15,526.58,28.31,26.43,entsoe.eu,false,
2024-11-21 04:00:00,North Macedonia,North Macedonia,MK,440.95,510.2,26.28,26.26,entsoe.eu,false,
2024-11-21 05:00:00,North Macedonia,North Macedonia,MK,400.48,469.61,30.39,30.39,entsoe.eu,false,
2024-11-21 06:00:00,North Macedonia,North Macedonia,MK,390.47,459.27,31.82,31.82,entsoe.eu,false,
2024-11-21 07:00:00,North Macedonia,North Macedonia,MK,372.28,437.61,36.02,36.01,entsoe.eu,false,
2024-11-21 08:00:00,North Macedonia,North Macedonia,MK,371.18,435.24,37.06,37.0,entsoe.eu,false,
2024-11-21 09:00:00,North Macedonia,North Macedonia,MK,380.2,444.73,36.05,35.92,entsoe.eu,false,
2024-11-21 10:00:00,North Macedonia,North Macedonia,MK,361.05,422.57,39.82,39.69,entsoe.eu,false,
2024-11-21 11:00:00,North Macedonia,North Macedonia,MK,367.58,428.36,39.58,39.49,entsoe.eu,false,
2024-11-21 12:00:00,North Macedonia,North Macedonia,MK,360.82,422.16,39.76,39.72,entsoe.eu,false,
2024-11-21 13:00:00,North Macedonia,North Macedonia,MK,377.73,442.95,35.86,35.86,entsoe.eu,false,
2024-11-21 14:00:00,North Macedonia,North Macedonia,MK,429.59,499.39,27.47,27.47,entsoe.eu,false,
2024-11-21 15:00:00,North Macedonia,North Macedonia,MK,428.75,501.02,25.77,25.77,entsoe.eu,false,
2024-11-21 16:00:00,North Macedonia,North Macedonia,MK,418.79,490.55,26.81,26.81,entsoe.eu,false,
2024-11-21 17:00:00,North Macedonia,North Macedonia,MK,440.37,510.04,25.67,25.66,entsoe.eu,false,
2024-11-21 18:00:00,North Macedonia,North Macedonia,MK,462.38,533.33,22.78,22.77,entsoe.eu,false,
2024-11-21 19:00:00,North Macedonia,North Macedonia,MK,478.0,549.23,20.96,20.93,entsoe.eu,false,
2024-11-21 20:00:00,North Macedonia,North Macedonia,MK,523.69,597.07,15.24,15.17,entsoe.eu,false,
2024-11-21 21:00:00,North Macedonia,North Macedonia,MK,544.71,613.1,15.56,15.3,entsoe.eu,false,
2024-11-21 22:00:00,North Macedonia,North Macedonia,MK,583.43,653.6,11.82,9.68,entsoe.eu,false,
2024-11-21 23:00:00,North Macedonia,North Macedonia,MK,522.22,604.46,10.67,10.66,entsoe.eu,false,
2024-11-22 00:00:00,North Macedonia,North Macedonia,MK,606.76,682.4,5.39,4.42,entsoe.eu,false,
2024-11-22 01:00:00,North Macedonia,North Macedonia,MK,624.79,700.46,3.41,2.76,entsoe.eu,false,
2024-11-22 02:00:00,North Macedonia,North Macedonia,MK,634.07,709.45,2.98,1.98,entsoe.eu,false,
2024-11-22 03:00:00,North Macedonia,North Macedonia,MK,637.1,711.58,3.1,2.31,entsoe.eu,false,
2024-11-22 04:00:00,North Macedonia,North Macedonia,MK,627.39,698.17,6.22,5.33,entsoe.eu,false,
2024-11-22 05:00:00,North Macedonia,North Macedonia,MK,587.47,656.76,10.45,10.41,entsoe.eu,false,
2024-11-22 06:00:00,North Macedonia,North Macedonia,MK,498.48,570.35,18.39,18.38,entsoe.eu,false,
2024-11-22 07:00:00,North Macedonia,North Macedonia,MK,366.26,433.31,35.24,35.24,entsoe.eu,false,
2024-11-22 08:00:00,North Macedonia,North Macedonia,MK,322.43,382.09,44.01,43.99,entsoe.eu,false,
2024-11-22 09:00:00,North Macedonia,North Macedonia,MK,328.59,388.63,43.18,43.15,entsoe.eu,false,
2024-11-22 10:00:00,North Macedonia,North Macedonia,MK,329.63,389.13,43.33,43.31,entsoe.eu,false,
2024-11-22 11:00:00,North Macedonia,North Macedonia,MK,330.89,390.92,42.97,42.97,entsoe.eu,false,
2024-11-22 12:00:00,North Macedonia,North Macedonia,MK,329.41,389.81,42.63,42.63,entsoe.eu,false,
2024-11-22 13:00:00,North Macedonia,North Macedonia,MK,342.97,404.84,39.98,39.98,entsoe.eu,false,
2024-11-22 14:00:00,North Macedonia,North Macedonia,MK,384.25,451.41,32.87,32.87,entsoe.eu,false,
2024-11-22 15:00:00,North Macedonia,North Macedonia,MK,374.17,440.47,34.59,34.59,entsoe.eu,false,
2024-11-22 16:00:00,North Macedonia,North Macedonia,MK,385.37,451.77,33.57,33.57,entsoe.eu,false,
2024-11-22 17:00:00,North Macedonia,North Macedonia,MK,395.27,462.49,32.54,32.54,entsoe.eu,false,
2024-11-22 18:00:00,North Macedonia,North Macedonia,MK,392.76,460.05,33.04,33.04,entsoe.eu,false,
2024-11-22 19:00:00,North Macedonia,North Macedonia,MK,410.16,479.99,30.25,30.25,entsoe.eu,false,
2024-11-22 20:00:00,North Macedonia,North Macedonia,MK,409.32,477.94,30.58,30.57,entsoe.eu,false,
2024-11-22 21:00:00,North Macedonia,North Macedonia,MK,413.76,482.0,29.42,29.05,entsoe.eu,false,
2024-11-22 22:00:00,North Macedonia,North Macedonia,MK,411.39,477.83,31.26,30.04,entsoe.eu,false,
2024-11-22 23:00:00,North Macedonia,North Macedonia,MK,400.75,464.46,34.22,32.28,entsoe.eu,false,
2024-11-23 00:00:00,North Macedonia,North Macedonia,MK,406.08,466.53,35.77,33.43,entsoe.eu,false,
2024-11-23 01:00:00,North Macedonia,North Macedonia,MK,401.04,462.06,35.69,34.09,entsoe.eu,false,
2024-11-23 02:00:00,North Macedonia,North Macedonia,MK,406.21,468.56,34.01,33.03,entsoe.eu,false,
2024-11-23 03:00:00,North Macedonia,North Macedonia,MK,429.62,494.37,30.17,29.31,entsoe.eu,false,
2024-11-23 04:00:00,North Macedonia,North Macedonia,MK,493.05,560.97,21.92,20.71,entsoe.eu,false,
2024-11-23 05:00:00,North Macedonia,North Macedonia,MK,525.06,595.83,16.63,16.23,entsoe.eu,false,
2024-11-23 06:00:00,North Macedonia,North Macedonia,MK,431.6,497.97,29.27,29.27,entsoe.eu,false,
2024-11-23 07:00:00,North Macedonia,North Macedonia,MK,353.11,412.59,41.43,41.39,entsoe.eu,false,
2024-11-23 08:00:00,North Macedonia,North Macedonia,MK,309.97,362.9,49.87,49.83,entsoe.eu,false,
2024-11-23 09:00:00,North Macedonia,North Macedonia,MK,300.9,350.32,53.11,52.92,entsoe.eu,false,
2024-11-23 10:00:00,North Macedonia,North Macedonia,MK,301.25,350.8,53.06,52.78,entsoe.eu,false,
2024-11-23 11:00:00,North Macedonia,North Macedonia,MK,307.57,357.81,51.9,51.78,entsoe.eu,false,
2024-11-23 12:00:00,North Macedonia,North Macedonia,MK,309.26,360.59,50.97,50.94,entsoe.eu,false,
2024-11-23 13:00:00,North Macedonia,North Macedonia,MK,324.94,379.99,46.78,46.78,entsoe.eu,false,
2024-11-23 14:00:00,North Macedonia,North Macedonia,MK,437.66,500.22,29.55,29.54,entsoe.eu,false,
2024-11-23 15:00:00,North Macedonia,North Macedonia,MK,367.75,429.69,37.83,37.83,entsoe.eu,false,
2024-11-23 16:00:00,North Macedonia,North Macedonia,MK,376.24,441.06,35.8,35.8,entsoe.eu,false,
2024-11-23 17:00:00,North Macedonia,North Macedonia,MK,386.77,451.5,35.08,35.08,entsoe.eu,false,
2024-11-23 18:00:00,North Macedonia,North Macedonia,MK,404.26,470.73,32.17,32.17,entsoe.eu,false,
2024-11-23 19:00:00,North Macedonia,North Macedonia,MK,438.78,508.57,26.85,26.85,entsoe.eu,false,
2024-11-23 20:00:00,North Macedonia,North Macedonia,MK,443.01,515.08,24.72,24.6,entsoe.eu,false,
2024-11-23 21:00:00,North Macedonia,North Macedonia,MK,451.16,520.3,25.64,22.96,entsoe.eu,false,
2024-11-23 22:00:00,North Macedonia,North Macedonia,MK,461.43,527.38,27.11,22.31,entsoe.eu,false,
2024-11-23 23:00:00,North Macedonia,North Macedonia,MK,499.67,566.34,23.26,16.6,entsoe.eu,false,
2024-11-24 00:00:00,North Macedonia,North Macedonia,MK,566.68,632.5,16.91,9.36,entsoe.eu,false,
2024-11-24 01:00:00,North Macedonia,North Macedonia,MK,571.67,640.0,14.64,8.05,entsoe.eu,false,
2024-11-24 02:00:00,North Macedonia,North Macedonia,MK,580.9,650.51,12.47,7.61,entsoe.eu,false,
2024-11-24 03:00:00,North Macedonia,North Macedonia,MK,594.7,662.75,11.88,7.76,entsoe.eu,false,
2024-11-24 04:00:00,North Macedonia,North Macedonia,MK,584.36,652.61,12.61,8.87,entsoe.eu,false,
2024-11-24 05:00:00,North Macedonia,North Macedonia,MK,558.11,627.05,14.21,11.79,entsoe.eu,false,
2024-11-24 06:00:00,North Macedonia,North Macedonia,MK,443.74,509.5,28.44,27.63,entsoe.eu,false,
2024-11-24 07:00:00,North Macedonia,North Macedonia,MK,332.19,385.01,48.1,47.38,entsoe.eu,false,
2024-11-24 08:00:00,North Macedonia,North Macedonia,MK,311.44,362.09,52.06,50.26,entsoe.eu,false,
2024-11-24 09:00:00,North Macedonia,North Macedonia,MK,315.06,365.48,52.48,49.76,entsoe.eu,false,
2024-11-24 10:00:00,North Macedonia,North Macedonia,MK,320.2,370.88,52.01,48.82,entsoe.eu,false,
2024-11-24 11:00:00,North Macedonia,North Macedonia,MK,325.93,377.81,50.62,47.71,entsoe.eu,false,
2024-11-24 12:00:00,North Macedonia,North Macedonia,MK,334.08,390.26,46.68,44.9,entsoe.eu,false,
2024-11-24 13:00:00,North Macedonia,North Macedonia,MK,374.94,438.29,37.55,37.54,entsoe.eu,false,
2024-11-24 14:00:00,North Macedonia,North Macedonia,MK,428.7,491.3,30.83,30.8,entsoe.eu,false,
2024-11-24 15:00:00,North Macedonia,North Macedonia,MK,418.97,488.08,29.39,29.38,entsoe.eu,false,
2024-11-24 16:00:00,North Macedonia,North Macedonia,MK,414.05,482.39,30.57,30.57,entsoe.eu,false,
2024-11-24 17:00:00,North Macedonia,North Macedonia,MK,413.19,482.79,30.22,30.22,entsoe.eu,false,
2024-11-24 18:00:00,North Macedonia,North Macedonia,MK,425.53,496.88,28.07,28.07,entsoe.eu,false,
2024-11-24 19:00:00,North Macedonia,North Macedonia,MK,435.36,504.24,27.44,27.43,entsoe.eu,false,
2024-11-24 20:00:00,North Macedonia,North Macedonia,MK,453.18,520.31,25.38,25.32,entsoe.eu,false,
2024-11-24 21:00:00,North Macedonia,North Macedonia,MK,446.54,513.09,26.98,25.11,entsoe.eu,false,
2024-11-24 22:00:00,North Macedonia,North Macedonia,MK,473.37,536.71,26.26,21.67,entsoe.eu,false,
2024-11-24 23:00:00,North Macedonia,North Macedonia,MK,554.43,620.94,17.26,10.16,entsoe.eu,false,
2024-11-25 00:00:00,North Macedonia,North Macedonia,MK,575.24,642.0,15.3,7.54,entsoe.eu,false,
2024-11-25 01:00:00,North Macedonia,North Macedonia,MK,580.89,648.63,13.78,7.28,entsoe.eu,false,
2024-11-25 02:00:00,North Macedonia,North Macedonia,MK,585.4,653.72,12.62,7.36,entsoe.eu,false,
2024-11-25 03:00:00,North Macedonia,North Macedonia,MK,591.32,657.91,13.11,7.85,entsoe.eu,false,
2024-11-25 04:00:00,North Macedonia,North Macedonia,MK,543.08,609.72,16.3,15.57,entsoe.eu,false,
2024-11-25 05:00:00,North Macedonia,North Macedonia,MK,463.23,535.76,22.24,22.19,entsoe.eu,false,
2024-11-25 06:00:00,North Macedonia,North Macedonia,MK,437.83,513.32,24.8,24.8,entsoe.eu,false,
2024-11-25 07:00:00,North Macedonia,North Macedonia,MK,400.66,469.2,32.25,32.25,entsoe.eu,false,
2024-11-25 08:00:00,North Macedonia,North Macedonia,MK,384.44,449.29,36.19,36.16,entsoe.eu,false,
2024-11-25 09:00:00,North Macedonia,North Macedonia,MK,380.57,443.03,38.13,37.62,entsoe.eu,false,
2024-11-25 10:00:00,North Macedonia,North Macedonia,MK,388.56,452.64,36.92,36.34,entsoe.eu,false,
2024-11-25 11:00:00,North Macedonia,North Macedonia,MK,398.27,463.45,35.35,34.63,entsoe.eu,false,
2024-11-25 12:00:00,North Macedonia,North Macedonia,MK,405.72,472.41,33.39,32.88,entsoe.eu,false,
2024-11-25 13:00:00,North Macedonia,North Macedonia,MK,411.71,481.59,30.12,30.12,entsoe.eu,false,
2024-11-25 14:00:00,North Macedonia,North Macedonia,MK,478.16,551.09,20.76,20.75,entsoe.eu,false,
2024-11-25 15:00:00,North Macedonia,North Macedonia,MK,466.63,536.74,23.46,23.44,entsoe.eu,false,
2024-11-25 16:00:00,North Macedonia,North Macedonia,MK,444.15,512.2,26.88,26.87,entsoe.eu,false,
2024-11-25 17:00:00,North Macedonia,North Macedonia,MK,440.49,508.94,27.36,27.35,entsoe.eu,false,
2024-11-25 18:00:00,North Macedonia,North Macedonia,MK,453.51,524.99,24.91,24.9,entsoe.eu,false,
2024-11-25 19:00:00,North Macedonia,North Macedonia,MK,467.61,540.01,22.8,22.79,entsoe.eu,false,
2024-11-25 20:00:00,North Macedonia,North Macedonia,MK,473.33,552.71,18.11,18.11,entsoe.eu,false,
2024-11-25 21:00:00,North Macedonia,North Macedonia,MK,500.42,578.58,15.49,15.0,entsoe.eu,false,
2024-11-25 22:00:00,North Macedonia,North Macedonia,MK,524.38,594.12,18.04,12.93,entsoe.eu,false,
2024-11-25 23:00:00,North Macedonia,North Macedonia,MK,533.75,602.98,17.87,9.94,entsoe.eu,false,
2024-11-26 00:00:00,North Macedonia,North Macedonia,MK,592.91,662.74,12.34,3.09,entsoe.eu,false,
2024-11-26 01:00:00,North Macedonia,North Macedonia,MK,599.31,671.08,10.33,2.24,entsoe.eu,false,
2024-11-26 02:00:00,North Macedonia,North Macedonia,MK,607.65,680.17,8.76,1.87,entsoe.eu,false,
2024-11-26 03:00:00,North Macedonia,North Macedonia,MK,616.39,687.8,8.01,2.85,entsoe.eu,false,
2024-11-26 04:00:00,North Macedonia,North Macedonia,MK,587.41,663.32,6.97,6.92,entsoe.eu,false,
2024-11-26 05:00:00,North Macedonia,North Macedonia,MK,474.42,542.89,23.01,23.0,entsoe.eu,false,
2024-11-26 06:00:00,North Macedonia,North Macedonia,MK,425.41,498.36,27.0,27.0,entsoe.eu,false,
2024-11-26 07:00:00,North Macedonia,North Macedonia,MK,426.49,497.71,29.01,29.01,entsoe.eu,false,
2024-11-26 08:00:00,North Macedonia,North Macedonia,MK,398.31,466.21,33.78,33.73,entsoe.eu,false,
2024-11-26 09:00:00,North Macedonia,North Macedonia,MK,377.39,441.84,37.93,37.83,entsoe.eu,false,
2024-11-26 10:00:00,North Macedonia,North Macedonia,MK,372.39,434.93,39.51,39.42,entsoe.eu,false,
2024-11-26 11:00:00,North Macedonia,North Macedonia,MK,384.88,449.16,37.19,37.11,entsoe.eu,false,
2024-11-26 12:00:00,North Macedonia,North Macedonia,MK,398.72,468.21,32.77,32.75,entsoe.eu,false,
2024-11-26 13:00:00,North Macedonia,North Macedonia,MK,447.56,524.33,23.5,23.5,entsoe.eu,false,
2024-11-26 14:00:00,North Macedonia,North Macedonia,MK,485.82,558.94,19.94,19.93,entsoe.eu,false,
2024-11-26 15:00:00,North Macedonia,North Macedonia,MK,479.79,548.34,22.57,22.56,entsoe.eu,false,
2024-11-26 16:00:00,North Macedonia,North Macedonia,MK,461.27,522.91,27.37,27.37,entsoe.eu,false,
2024-11-26 17:00:00,North Macedonia,North Macedonia,MK,442.42,508.72,27.56,27.55,entsoe.eu,false,
2024-11-26 18:00:00,North Macedonia,North Macedonia,MK,448.25,513.02,27.36,27.33,entsoe.eu,false,
2024-11-26 19:00:00,North Macedonia,North Macedonia,MK,464.23,530.01,24.78,24.76,entsoe.eu,false,
2024-11-26 20:00:00,North Macedonia,North Macedonia,MK,518.0,597.81,12.56,12.56,entsoe.eu,false,
2024-11-26 21:00:00,North Macedonia,North Macedonia,MK,531.09,611.89,12.11,9.16,entsoe.eu,false,
2024-11-26 22:00:00,North Macedonia,North Macedonia,MK,530.21,602.24,16.8,10.55,entsoe.eu,false,
2024-11-26 23:00:00,North Macedonia,North Macedonia,MK,518.02,596.73,14.51,8.69,entsoe.eu,false,
2024-11-27 00:00:00,North Macedonia,North Macedonia,MK,537.74,605.62,18.0,10.14,entsoe.eu,false,
2024-11-27 01:00:00,North Macedonia,North Macedonia,MK,578.21,647.51,13.39,5.9,entsoe.eu,false,
2024-11-27 02:00:00,North Macedonia,North Macedonia,MK,582.25,653.86,10.86,5.86,entsoe.eu,false,
2024-11-27 03:00:00,North Macedonia,North Macedonia,MK,575.52,652.26,8.24,6.57,entsoe.eu,false,
2024-11-27 04:00:00,North Macedonia,North Macedonia,MK,602.2,671.2,9.24,9.14,entsoe.eu,false,
2024-11-27 05:00:00,North Macedonia,North Macedonia,MK,509.77,580.61,18.7,18.68,entsoe.eu,false,
2024-11-27 06:00:00,North Macedonia,North Macedonia,MK,460.38,534.89,23.04,23.04,entsoe.eu,false,
2024-11-27 07:00:00,North Macedonia,North Macedonia,MK,412.21,483.98,29.92,29.92,entsoe.eu,false,
2024-11-27 08:00:00,North Macedonia,North Macedonia,MK,393.1,461.28,34.01,34.01,entsoe.eu,false,
2024-11-27 09:00:00,North Macedonia,North Macedonia,MK,377.88,441.52,37.77,37.72,entsoe.eu,false,
2024-11-27 10:00:00,North Macedonia,North Macedonia,MK,377.13,440.06,38.24,38.16,entsoe.eu,false,
2024-11-27 11:00:00,North Macedonia,North Macedonia,MK,385.66,450.98,36.28,36.24,entsoe.eu,false,
2024-11-27 12:00:00,North Macedonia,North Macedonia,MK,408.11,479.15,30.89,30.89,entsoe.eu,false,
2024-11-27 13:00:00,North Macedonia,North Macedonia,MK,457.51,535.25,21.95,21.95,entsoe.eu,false,
2024-11-27 14:00:00,North Macedonia,North Macedonia,MK,500.51,575.58,17.68,17.68,entsoe.eu,false,
2024-11-27 15:00:00,North Macedonia,North Macedonia,MK,487.64,560.98,19.89,19.89,entsoe.eu,false,
2024-11-27 16:00:00,North Macedonia,North Macedonia,MK,474.42,545.46,22.32,22.32,entsoe.eu,false,
2024-11-27 17:00:00,North Macedonia,North Macedonia,MK,487.94,555.59,21.98,21.97,entsoe.eu,false,
2024-11-27 18:00:00,North Macedonia,North Macedonia,MK,496.75,564.79,20.95,20.92,entsoe.eu,false,
2024-11-27 19:00:00,North Macedonia,North Macedonia,MK,501.91,566.01,22.34,22.29,entsoe.eu,false,
2024-11-27 20:00:00,North Macedonia,North Macedonia,MK,580.17,660.24,7.15,6.96,entsoe.eu,false,
2024-11-27 21:00:00,North Macedonia,North Macedonia,MK,570.4,648.6,9.89,5.77,entsoe.eu,false,
2024-11-27 22:00:00,North Macedonia,North Macedonia,MK,564.77,631.54,16.12,8.11,entsoe.eu,false,
2024-11-27 23:00:00,North Macedonia,North Macedonia,MK,557.6,626.28,15.51,7.09,entsoe.eu,false,
2024-11-28 00:00:00,North Macedonia,North Macedonia,MK,577.17,641.08,16.61,7.98,entsoe.eu,false,
2024-11-28 01:00:00,North Macedonia,North Macedonia,MK,615.63,683.23,10.45,3.29,entsoe.eu,false,
2024-11-28 02:00:00,North Macedonia,North Macedonia,MK,632.99,700.73,8.49,2.57,entsoe.eu,false,
2024-11-28 03:00:00,North Macedonia,North Macedonia,MK,638.72,707.14,7.24,2.82,entsoe.eu,false,
2024-11-28 04:00:00,North Macedonia,North Macedonia,MK,605.41,679.96,6.41,6.39,entsoe.eu,false,
2024-11-28 05:00:00,North Macedonia,North Macedonia,MK,555.54,632.57,11.39,11.39,entsoe.eu,false,
2024-11-28 06:00:00,North Macedonia,North Macedonia,MK,496.9,573.04,18.01,18.01,entsoe.eu,false,
2024-11-28 07:00:00,North Macedonia,North Macedonia,MK,448.39,522.92,24.95,24.95,entsoe.eu,false,
2024-11-28 08:00:00,North Macedonia,North Macedonia,MK,410.29,480.5,30.84,30.84,entsoe.eu,false,
2024-11-28 09:00:00,North Macedonia,North Macedonia,MK,418.01,490.04,29.63,29.63,entsoe.eu,false,
2024-11-28 10:00:00,North Macedonia,North Macedonia,MK,419.9,490.77,30.03,30.02,entsoe.eu,false,
2024-11-28 11:00:00,North Macedonia,North Macedonia,MK,433.67,506.87,27.41,27.41,entsoe.eu,false,
2024-11-28 12:00:00,North Macedonia,North Macedonia,MK,446.55,522.98,23.92,23.92,entsoe.eu,false,
2024-11-28 13:00:00,North Macedonia,North Macedonia,MK,480.49,559.0,18.76,18.76,entsoe.eu,false,
2024-11-28 14:00:00,North Macedonia,North Macedonia,MK,495.67,558.8,23.5,23.49,entsoe.eu,false,
2024-11-28 15:00:00,North Macedonia,North Macedonia,MK,479.52,542.26,25.44,25.43,entsoe.eu,false,
2024-11-28 16:00:00,North Macedonia,North Macedonia,MK,475.21,538.19,25.82,25.81,entsoe.eu,false,
2024-11-28 17:00:00,North Macedonia,North Macedonia,MK,493.0,552.15,25.51,25.48,entsoe.eu,false,
2024-11-28 18:00:00,North Macedonia,North Macedonia,MK,500.3,560.59,24.08,24.06,entsoe.eu,false,
2024-11-28 19:00:00,North Macedonia,North Macedonia,MK,530.48,591.06,21.13,20.38,entsoe.eu,false,
2024-11-28 20:00:00,North Macedonia,North Macedonia,MK,590.96,657.09,13.05,9.26,entsoe.eu,false,
2024-11-28 21:00:00,North Macedonia,North Macedonia,MK,583.21,647.41,15.72,8.79,entsoe.eu,false,
2024-11-28 22:00:00,North Macedonia,North Macedonia,MK,578.58,642.09,16.87,7.99,entsoe.eu,false,
2024-11-28 23:00:00,North Macedonia,North Macedonia,MK,586.14,649.59,16.56,6.51,entsoe.eu,false,
2024-11-29 00:00:00,North Macedonia,North Macedonia,MK,597.91,663.64,13.92,4.98,entsoe.eu,false,
2024-11-29 01:00:00,North Macedonia,North Macedonia,MK,613.57,679.77,12.07,4.05,entsoe.eu,false,
2024-11-29 02:00:00,North Macedonia,North Macedonia,MK,623.27,689.62,10.73,4.04,entsoe.eu,false,
2024-11-29 03:00:00,North Macedonia,North Macedonia,MK,624.12,690.59,10.04,4.9,entsoe.eu,false,
2024-11-29 04:00:00,North Macedonia,North Macedonia,MK,617.49,682.8,10.68,7.98,entsoe.eu,false,
2024-11-29 05:00:00,North Macedonia,North Macedonia,MK,532.34,605.23,15.56,15.56,entsoe.eu,false,
2024-11-29 06:00:00,North Macedonia,North Macedonia,MK,514.83,592.64,15.09,15.09,entsoe.eu,false,
2024-11-29 07:00:00,North Macedonia,North Macedonia,MK,460.12,535.52,22.25,22.25,entsoe.eu,false,
2024-11-29 08:00:00,North Macedonia,North Macedonia,MK,402.7,471.95,31.48,31.48,entsoe.eu,false,
2024-11-29 09:00:00,North Macedonia,North Macedonia,MK,384.96,452.03,34.88,34.88,entsoe.eu,false,
2024-11-29 10:00:00,North Macedonia,North Macedonia,MK,413.86,485.53,29.63,29.63,entsoe.eu,false,
2024-11-29 11:00:00,North Macedonia,North Macedonia,MK,411.51,482.46,29.75,29.75,entsoe.eu,false,
2024-11-29 12:00:00,North Macedonia,North Macedonia,MK,417.48,487.83,29.14,29.12,entsoe.eu,false,
2024-11-29 13:00:00,North Macedonia,North Macedonia,MK,449.01,519.97,25.48,25.44,entsoe.eu,false,
2024-11-29 14:00:00,North Macedonia,North Macedonia,MK,446.67,512.66,27.72,27.65,entsoe.eu,false,
2024-11-29 15:00:00,North Macedonia,North Macedonia,MK,443.41,512.63,27.0,26.97,entsoe.eu,false,
2024-11-29 16:00:00,North Macedonia,North Macedonia,MK,436.72,502.77,28.73,28.7,entsoe.eu,false,
2024-11-29 17:00:00,North Macedonia,North Macedonia,MK,449.33,514.97,27.49,27.46,entsoe.eu,false,
2024-11-29 18:00:00,North Macedonia,North Macedonia,MK,472.93,537.76,24.95,24.91,entsoe.eu,false,
2024-11-29 19:00:00,North Macedonia,North Macedonia,MK,510.09,579.82,19.16,19.11,entsoe.eu,false,
2024-11-29 20:00:00,North Macedonia,North Macedonia,MK,517.38,589.17,17.2,17.13,entsoe.eu,false,
2024-11-29 21:00:00,North Macedonia,North Macedonia,MK,544.4,612.19,16.13,15.04,entsoe.eu,false,
2024-11-29 22:00:00,North Macedonia,North Macedonia,MK,541.96,610.13,16.88,12.43,entsoe.eu,false,
2024-11-29 23:00:00,North Macedonia,North Macedonia,MK,536.66,605.98,17.02,12.12,Electricity Maps Estimation,true,ESTIMATED_TIME_SLICER_AVERAGE
2024-11-30 00:00:00,North Macedonia,North Macedonia,MK,543.91,612.49,16.57,11.17,Electricity Maps Estimation,true,ESTIMATED_TIME_SLICER_AVERAGE
2024-11-30 01:00:00,North Macedonia,North Macedonia,MK,573.57,643.35,12.71,7.69,Electricity Maps Estimation,true,ESTIMATED_TIME_SLICER_AVERAGE
2024-11-30 02:00:00,North Macedonia,North Macedonia,MK,565.41,637.4,12.18,9.04,Electricity Maps Estimation,true,ESTIMATED_TIME_SLICER_AVERAGE
2024-11-30 03:00:00,North Macedonia,North Macedonia,MK,576.79,647.41,11.26,9.18,Electricity Maps Estimation,true,ESTIMATED_TIME_SLICER_AVERAGE
2024-11-30 04:00:00,North Macedonia,North Macedonia,MK,580.09,650.46,10.99,8.85,Electricity Maps Estimation,true,ESTIMATED_TIME_SLICER_AVERAGE
2024-11-30 05:00:00,North Macedonia,North Macedonia,MK,556.41,629.2,11.96,11.8,Electricity Maps Estimation,true,ESTIMATED_TIME_SLICER_AVERAGE
2024-11-30 06:00:00,North Macedonia,North Macedonia,MK,561.66,632.32,12.5,12.49,Electricity Maps Estimation,true,ESTIMATED_TIME_SLICER_AVERAGE
2024-11-30 07:00:00,North Macedonia,North Macedonia,MK,531.44,600.97,16.34,16.31,Electricity Maps Estimation,true,ESTIMATED_TIME_SLICER_AVERAGE
2024-11-30 08:00:00,North Macedonia,North Macedonia,MK,494.9,564.38,20.75,20.72,Electricity Maps Estimation,true,ESTIMATED_TIME_SLICER_AVERAGE
2024-11-30 09:00:00,North Macedonia,North Macedonia,MK,530.6,597.01,18.3,17.96,Electricity Maps Estimation,true,ESTIMATED_TIME_SLICER_AVERAGE
2024-11-30 10:00:00,North Macedonia,North Macedonia,MK,508.7,578.3,19.33,19.27,Electricity Maps Estimation,true,ESTIMATED_TIME_SLICER_AVERAGE
2024-11-30 11:00:00,North Macedonia,North Macedonia,MK,530.65,595.74,19.89,16.99,Electricity Maps Estimation,true,ESTIMATED_TIME_SLICER_AVERAGE
2024-11-30 12:00:00,North Macedonia,North Macedonia,MK,498.57,563.62,23.29,21.04,Electricity Maps Estimation,true,ESTIMATED_TIME_SLICER_AVERAGE
2024-11-30 13:00:00,North Macedonia,North Macedonia,MK,466.19,533.63,24.83,24.82,Electricity Maps Estimation,true,ESTIMATED_TIME_SLICER_AVERAGE
2024-11-30 14:00:00,North Macedonia,North Macedonia,MK,460.1,528.8,24.77,24.77,Electricity Maps Estimation,true,ESTIMATED_TIME_SLICER_AVERAGE
2024-11-30 15:00:00,North Macedonia,North Macedonia,MK,442.45,509.35,28.08,28.08,Electricity Maps Estimation,true,ESTIMATED_TIME_SLICER_AVERAGE
2024-11-30 16:00:00,North Macedonia,North Macedonia,MK,446.29,512.96,28.07,28.07,Electricity Maps Estimation,true,ESTIMATED_TIME_SLICER_AVERAGE
2024-11-30 17:00:00,North Macedonia,North Macedonia,MK,448.67,515.47,27.47,27.47,Electricity Maps Estimation,true,ESTIMATED_TIME_SLICER_AVERAGE
2024-11-30 18:00:00,North Macedonia,North Macedonia,MK,457.66,524.42,26.35,25.64,Electricity Maps Estimation,true,ESTIMATED_TIME_SLICER_AVERAGE
2024-11-30 19:00:00,North Macedonia,North Macedonia,MK,458.97,525.58,26.64,24.45,Electricity Maps Estimation,true,ESTIMATED_TIME_SLICER_AVERAGE
2024-11-30 20:00:00,North Macedonia,North Macedonia,MK,468.2,537.74,24.17,22.05,Electricity Maps Estimation,true,ESTIMATED_TIME_SLICER_AVERAGE
2024-11-30 21:00:00,North Macedonia,North Macedonia,MK,461.99,529.88,26.23,22.58,Electricity Maps Estimation,false,
2024-11-30 22:00:00,North Macedonia,North Macedonia,MK,463.22,528.03,28.03,23.34,Electricity Maps Estimation,false,
2024-11-30 23:00:00,North Macedonia,North Macedonia,MK,484.73,544.95,28.84,21.93,entsoe.eu,false,
2024-12-01 00:00:00,North Macedonia,North Macedonia,MK,500.9,561.41,26.64,19.57,entsoe.eu,false,
2024-12-01 01:00:00,North Macedonia,North Macedonia,MK,520.8,582.87,23.49,16.2,entsoe.eu,false,
2024-12-01 02:00:00,North Macedonia,North Macedonia,MK,552.94,617.13,19.03,11.74,entsoe.eu,false,
2024-12-01 03:00:00,North Macedonia,North Macedonia,MK,559.92,625.04,17.64,10.38,entsoe.eu,false,
2024-12-01 04:00:00,North Macedonia,North Macedonia,MK,542.15,606.15,20.05,14.65,entsoe.eu,false,
2024-12-01 05:00:00,North Macedonia,North Macedonia,MK,583.83,651.37,13.2,7.87,entsoe.eu,false,
2024-12-01 06:00:00,North Macedonia,North Macedonia,MK,621.37,690.25,8.4,5.16,entsoe.eu,false,
2024-12-01 07:00:00,North Macedonia,North Macedonia,MK,608.79,675.07,11.08,8.24,entsoe.eu,false,
2024-12-01 08:00:00,North Macedonia,North Macedonia,MK,581.25,645.22,15.31,11.72,entsoe.eu,false,
2024-12-01 09:00:00,North Macedonia,North Macedonia,MK,566.09,629.15,17.74,12.7,entsoe.eu,false,
2024-12-01 10:00:00,North Macedonia,North Macedonia,MK,559.76,622.15,18.7,13.69,entsoe.eu,false,
2024-12-01 11:00:00,North Macedonia,North Macedonia,MK,551.6,613.22,19.88,14.96,entsoe.eu,false,
2024-12-01 12:00:00,North Macedonia,North Macedonia,MK,544.61,606.28,20.17,16.29,entsoe.eu,false,
2024-12-01 13:00:00,North Macedonia,North Macedonia,MK,478.01,535.98,28.33,25.14,entsoe.eu,false,
2024-12-01 14:00:00,North Macedonia,North Macedonia,MK,403.09,459.01,36.12,35.89,entsoe.eu,false,
2024-12-01 15:00:00,North Macedonia,North Macedonia,MK,383.47,444.58,36.55,36.54,entsoe.eu,false,
2024-12-01 16:00:00,North Macedonia,North Macedonia,MK,389.33,447.78,37.05,37.04,entsoe.eu,false,
2024-12-01 17:00:00,North Macedonia,North Macedonia,MK,381.98,442.26,36.65,36.64,entsoe.eu,false,
2024-12-01 18:00:00,North Macedonia,North Macedonia,MK,392.73,454.2,34.61,34.6,entsoe.eu,false,
2024-12-01 19:00:00,North Macedonia,North Macedonia,MK,406.59,466.47,34.24,32.21,entsoe.eu,false,
2024-12-01 20:00:00,North Macedonia,North Macedonia,MK,461.32,524.97,27.47,22.57,entsoe.eu,false,
2024-12-01 21:00:00,North Macedonia,North Macedonia,MK,465.16,522.94,30.97,21.94,entsoe.eu,false,
2024-12-01 22:00:00,North Macedonia,North Macedonia,MK,466.03,521.24,32.85,22.05,entsoe.eu,false,
2024-12-01 23:00:00,North Macedonia,North Macedonia,MK,471.44,526.35,33.06,20.29,entsoe.eu,false,
2024-12-02 00:00:00,North Macedonia,North Macedonia,MK,512.63,571.61,26.67,13.89,entsoe.eu,false,
2024-12-02 01:00:00,North Macedonia,North Macedonia,MK,529.85,590.1,24.01,12.58,entsoe.eu,false,
2024-12-02 02:00:00,North Macedonia,North Macedonia,MK,542.49,603.66,22.03,11.63,entsoe.eu,false,
2024-12-02 03:00:00,North Macedonia,North Macedonia,MK,544.12,605.3,21.81,11.77,entsoe.eu,false,
2024-12-02 04:00:00,North Macedonia,North Macedonia,MK,551.19,613.31,20.16,12.93,entsoe.eu,false,
2024-12-02 05:00:00,North Macedonia,North Macedonia,MK,482.65,556.78,19.21,19.21,entsoe.eu,false,
2024-12-02 06:00:00,North Macedonia,North Macedonia,MK,448.97,524.73,23.14,23.14,entsoe.eu,false,
2024-12-02 07:00:00,North Macedonia,North Macedonia,MK,442.21,516.16,24.83,24.83,entsoe.eu,false,
2024-12-02 08:00:00,North Macedonia,North Macedonia,MK,416.21,484.82,29.75,29.75,entsoe.eu,false,
2024-12-02 09:00:00,North Macedonia,North Macedonia,MK,462.68,537.13,21.37,21.37,entsoe.eu,false,
2024-12-02 10:00:00,North Macedonia,North Macedonia,MK,469.14,542.1,21.39,21.39,entsoe.eu,false,
2024-12-02 11:00:00,North Macedonia,North Macedonia,MK,481.02,550.38,21.89,21.81,entsoe.eu,false,
2024-12-02 12:00:00,North Macedonia,North Macedonia,MK,469.36,540.08,22.75,22.64,entsoe.eu,false,
2024-12-02 13:00:00,North Macedonia,North Macedonia,MK,425.49,499.79,26.12,26.12,entsoe.eu,false,
2024-12-02 14:00:00,North Macedonia,North Macedonia,MK,397.11,465.97,31.37,31.37,entsoe.eu,false,
2024-12-02 15:00:00,North Macedonia,North Macedonia,MK,392.77,461.12,32.52,32.52,entsoe.eu,false,
2024-12-02 16:00:00,North Macedonia,North Macedonia,MK,390.57,456.95,33.09,33.09,entsoe.eu,false,
2024-12-02 17:00:00,North Macedonia,North Macedonia,MK,408.71,475.23,31.06,31.06,entsoe.eu,false,
2024-12-02 18:00:00,North Macedonia,North Macedonia,MK,422.97,489.69,29.3,29.3,entsoe.eu,false,
2024-12-02 19:00:00,North Macedonia,North Macedonia,MK,425.65,495.23,28.13,28.09,entsoe.eu,false,
2024-12-02 20:00:00,North Macedonia,North Macedonia,MK,449.49,523.74,23.11,22.97,entsoe.eu,false,
2024-12-02 21:00:00,North Macedonia,North Macedonia,MK,452.54,524.91,24.8,23.03,entsoe.eu,false,
2024-12-02 22:00:00,North Macedonia,North Macedonia,MK,449.45,514.43,29.24,23.63,entsoe.eu,false,
2024-12-02 23:00:00,North Macedonia,North Macedonia,MK,468.48,535.72,26.24,20.17,entsoe.eu,false,
2024-12-03 00:00:00,North Macedonia,North Macedonia,MK,513.82,583.02,21.08,12.87,entsoe.eu,false,
2024-12-03 01:00:00,North Macedonia,North Macedonia,MK,499.63,568.53,22.43,16.41,entsoe.eu,false,
2024-12-03 02:00:00,North Macedonia,North Macedonia,MK,521.06,589.7,20.23,13.18,entsoe.eu,false,
2024-12-03 03:00:00,North Macedonia,North Macedonia,MK,493.84,560.97,23.05,18.1,entsoe.eu,false,
2024-12-03 04:00:00,North Macedonia,North Macedonia,MK,446.48,518.29,24.23,24.14,entsoe.eu,false,
2024-12-03 05:00:00,North Macedonia,North Macedonia,MK,425.24,501.24,25.11,25.11,entsoe.eu,false,
2024-12-03 06:00:00,North Macedonia,North Macedonia,MK,400.2,473.23,28.91,28.91,entsoe.eu,false,
2024-12-03 07:00:00,North Macedonia,North Macedonia,MK,372.4,442.44,33.48,33.48,entsoe.eu,false,
2024-12-03 08:00:00,North Macedonia,North Macedonia,MK,354.23,420.98,37.35,37.35,entsoe.eu,false,
2024-12-03 09:00:00,North Macedonia,North Macedonia,MK,360.05,426.87,37.28,37.28,entsoe.eu,false,
2024-12-03 10:00:00,North Macedonia,North Macedonia,MK,343.5,408.27,39.82,39.82,entsoe.eu,false,
2024-12-03 11:00:00,North Macedonia,North Macedonia,MK,368.37,438.35,34.51,34.51,entsoe.eu,false,
2024-12-03 12:00:00,North Macedonia,North Macedonia,MK,366.17,437.2,33.56,33.56,entsoe.eu,false,
2024-12-03 13:00:00,North Macedonia,North Macedonia,MK,379.56,449.94,31.81,31.81,entsoe.eu,false,
2024-12-03 14:00:00,North Macedonia,North Macedonia,MK,398.2,469.22,29.59,29.58,entsoe.eu,false,
2024-12-03 15:00:00,North Macedonia,North Macedonia,MK,398.29,470.79,29.43,29.43,entsoe.eu,false,
2024-12-03 16:00:00,North Macedonia,North Macedonia,MK,389.88,460.06,31.45,31.44,entsoe.eu,false,
2024-12-03 17:00:00,North Macedonia,North Macedonia,MK,391.65,454.66,34.18,34.18,entsoe.eu,false,
2024-12-03 18:00:00,North Macedonia,North Macedonia,MK,408.65,468.06,33.7,33.68,entsoe.eu,false,
2024-12-03 19:00:00,North Macedonia,North Macedonia,MK,414.57,473.85,33.05,33.01,entsoe.eu,false,
2024-12-03 20:00:00,North Macedonia,North Macedonia,MK,475.78,550.51,19.64,19.61,entsoe.eu,false,
2024-12-03 21:00:00,North Macedonia,North Macedonia,MK,443.49,512.9,26.04,23.6,entsoe.eu,false,
2024-12-03 22:00:00,North Macedonia,North Macedonia,MK,420.36,486.79,30.24,26.61,entsoe.eu,false,
2024-12-03 23:00:00,North Macedonia,North Macedonia,MK,422.39,490.94,28.51,25.16,entsoe.eu,false,
2024-12-04 00:00:00,North Macedonia,North Macedonia,MK,453.51,515.84,29.11,22.45,entsoe.eu,false,
2024-12-04 01:00:00,North Macedonia,North Macedonia,MK,496.35,563.01,22.57,16.01,entsoe.eu,false,
2024-12-04 02:00:00,North Macedonia,North Macedonia,MK,532.84,603.12,16.73,11.09,entsoe.eu,false,
2024-12-04 03:00:00,North Macedonia,North Macedonia,MK,527.46,595.2,18.43,13.72,entsoe.eu,false,
2024-12-04 04:00:00,North Macedonia,North Macedonia,MK,586.38,660.07,8.22,8.13,entsoe.eu,false,
2024-12-04 05:00:00,North Macedonia,North Macedonia,MK,516.54,598.28,12.27,12.25,entsoe.eu,false,
2024-12-04 06:00:00,North Macedonia,North Macedonia,MK,452.6,532.6,20.52,20.52,entsoe.eu,false,
2024-12-04 07:00:00,North Macedonia,North Macedonia,MK,440.74,516.95,24.02,24.02,entsoe.eu,false,
2024-12-04 08:00:00,North Macedonia,North Macedonia,MK,453.47,532.25,21.86,21.85,entsoe.eu,false,
2024-12-04 09:00:00,North Macedonia,North Macedonia,MK,438.08,517.74,23.5,23.5,entsoe.eu,false,
2024-12-04 10:00:00,North Macedonia,North Macedonia,MK,438.53,518.65,23.4,23.4,entsoe.eu,false,
2024-12-04 11:00:00,North Macedonia,North Macedonia,MK,453.78,536.07,20.65,20.65,entsoe.eu,false,
2024-12-04 12:00:00,North Macedonia,North Macedonia,MK,430.04,509.24,24.49,24.49,entsoe.eu,false,
2024-12-04 13:00:00,North Macedonia,North Macedonia,MK,438.05,512.52,25.18,25.18,entsoe.eu,false,
2024-12-04 14:00:00,North Macedonia,North Macedonia,MK,426.32,493.03,29.08,29.07,entsoe.eu,false,
2024-12-04 15:00:00,North Macedonia,North Macedonia,MK,429.16,494.02,29.44,29.43,entsoe.eu,false,
2024-12-04 16:00:00,North Macedonia,North Macedonia,MK,437.01,505.02,27.07,27.07,entsoe.eu,false,
2024-12-04 17:00:00,North Macedonia,North Macedonia,MK,476.55,549.83,20.77,20.76,entsoe.eu,false,
2024-12-04 18:00:00,North Macedonia,North Macedonia,MK,503.79,571.26,20.31,20.29,entsoe.eu,false,
2024-12-04 19:00:00,North Macedonia,North Macedonia,MK,563.06,629.97,14.39,14.33,entsoe.eu,false,
2024-12-04 20:00:00,North Macedonia,North Macedonia,MK,599.28,672.67,7.89,7.35,entsoe.eu,false,
2024-12-04 21:00:00,North Macedonia,North Macedonia,MK,592.56,665.53,10.33,6.03,entsoe.eu,false,
2024-12-04 22:00:00,North Macedonia,North Macedonia,MK,593.31,660.1,13.82,6.16,entsoe.eu,false,
2024-12-04 23:00:00,North Macedonia,North Macedonia,MK,598.94,666.48,13.21,4.38,entsoe.eu,false,
2024-12-05 00:00:00,North Macedonia,North Macedonia,MK,593.52,661.44,13.75,4.45,entsoe.eu,false,
2024-12-05 01:00:00,North Macedonia,North Macedonia,MK,601.28,670.46,11.86,4.02,entsoe.eu,false,
2024-12-05 02:00:00,North Macedonia,North Macedonia,MK,610.91,679.55,10.99,4.1,entsoe.eu,false,
2024-12-05 03:00:00,North Macedonia,North Macedonia,MK,608.71,677.18,10.9,5.01,entsoe.eu,false,
2024-12-05 04:00:00,North Macedonia,North Macedonia,MK,602.7,673.06,9.1,6.82,entsoe.eu,false,
2024-12-05 05:00:00,North Macedonia,North Macedonia,MK,513.71,593.49,14.2,14.2,entsoe.eu,false,
2024-12-05 06:00:00,North Macedonia,North Macedonia,MK,495.45,574.53,17.73,17.73,entsoe.eu,false,
2024-12-05 07:00:00,North Macedonia,North Macedonia,MK,470.11,546.87,21.05,21.05,entsoe.eu,false,
2024-12-05 08:00:00,North Macedonia,North Macedonia,MK,465.66,539.63,22.5,22.5,entsoe.eu,false,
2024-12-05 09:00:00,North Macedonia,North Macedonia,MK,433.31,503.15,28.34,28.34,entsoe.eu,false,
2024-12-05 10:00:00,North Macedonia,North Macedonia,MK,432.55,502.14,28.57,28.57,entsoe.eu,false,
2024-12-05 11:00:00,North Macedonia,North Macedonia,MK,437.34,507.28,27.68,27.68,entsoe.eu,false,
2024-12-05 12:00:00,North Macedonia,North Macedonia,MK,423.88,492.62,29.84,29.84,entsoe.eu,false,
2024-12-05 13:00:00,North Macedonia,North Macedonia,MK,429.21,498.7,28.67,28.67,entsoe.eu,false,
2024-12-05 14:00:00,North Macedonia,North Macedonia,MK,446.05,518.42,25.27,25.27,entsoe.eu,false,
2024-12-05 15:00:00,North Macedonia,North Macedonia,MK,456.02,528.31,24.4,24.4,entsoe.eu,false,
2024-12-05 16:00:00,North Macedonia,North Macedonia,MK,462.88,535.03,23.52,23.52,entsoe.eu,false,
2024-12-05 17:00:00,North Macedonia,North Macedonia,MK,462.02,534.6,24.04,24.04,entsoe.eu,false,
2024-12-05 18:00:00,North Macedonia,North Macedonia,MK,470.51,544.41,22.34,22.34,entsoe.eu,false,
2024-12-05 19:00:00,North Macedonia,North Macedonia,MK,468.34,543.22,22.0,22.0,entsoe.eu,false,
2024-12-05 20:00:00,North Macedonia,North Macedonia,MK,487.27,563.86,19.08,19.07,entsoe.eu,false,
2024-12-05 21:00:00,North Macedonia,North Macedonia,MK,519.17,599.08,13.99,13.92,entsoe.eu,false,
2024-12-05 22:00:00,North Macedonia,North Macedonia,MK,555.96,627.38,14.67,9.76,entsoe.eu,false,
2024-12-05 23:00:00,North Macedonia,North Macedonia,MK,595.59,666.12,11.6,2.9,entsoe.eu,false,
2024-12-06 00:00:00,North Macedonia,North Macedonia,MK,605.27,672.02,13.06,3.66,entsoe.eu,false,
2024-12-06 01:00:00,North Macedonia,North Macedonia,MK,610.09,677.43,11.9,3.46,entsoe.eu,false,
2024-12-06 02:00:00,North Macedonia,North Macedonia,MK,615.02,682.85,11.0,3.15,entsoe.eu,false,
2024-12-06 03:00:00,North Macedonia,North Macedonia,MK,618.86,687.05,10.19,3.21,entsoe.eu,false,
2024-12-06 04:00:00,North Macedonia,North Macedonia,MK,625.76,698.72,5.34,3.17,entsoe.eu,false,
2024-12-06 05:00:00,North Macedonia,North Macedonia,MK,529.58,606.79,13.89,13.89,entsoe.eu,false,
2024-12-06 06:00:00,North Macedonia,North Macedonia,MK,522.84,601.53,13.83,13.83,entsoe.eu,false,
2024-12-06 07:00:00,North Macedonia,North Macedonia,MK,523.93,596.61,16.71,16.7,entsoe.eu,false,
2024-12-06 08:00:00,North Macedonia,North Macedonia,MK,495.07,569.74,19.29,19.29,entsoe.eu,false,
2024-12-06 09:00:00,North Macedonia,North Macedonia,MK,501.12,580.21,17.87,17.87,entsoe.eu,false,
2024-12-06 10:00:00,North Macedonia,North Macedonia,MK,489.17,566.72,20.01,20.01,entsoe.eu,false,
2024-12-06 11:00:00,North Macedonia,North Macedonia,MK,462.36,538.02,22.97,22.97,entsoe.eu,false,
2024-12-06 12:00:00,North Macedonia,North Macedonia,MK,446.33,517.65,25.71,25.71,entsoe.eu,false,
2024-12-06 13:00:00,North Macedonia,North Macedonia,MK,452.37,521.45,25.79,25.79,entsoe.eu,false,
2024-12-06 14:00:00,North Macedonia,North Macedonia,MK,463.49,529.89,25.14,25.14,entsoe.eu,false,
2024-12-06 15:00:00,North Macedonia,North Macedonia,MK,467.2,537.7,23.49,23.49,entsoe.eu,false,
2024-12-06 16:00:00,North Macedonia,North Macedonia,MK,469.58,535.53,25.11,25.1,entsoe.eu,false,
2024-12-06 17:00:00,North Macedonia,North Macedonia,MK,494.92,561.8,21.42,21.4,entsoe.eu,false,
2024-12-06 18:00:00,North Macedonia,North Macedonia,MK,516.03,581.61,20.01,19.86,entsoe.eu,false,
2024-12-06 19:00:00,North Macedonia,North Macedonia,MK,541.38,610.61,16.41,14.24,entsoe.eu,false,
2024-12-06 20:00:00,North Macedonia,North Macedonia,MK,558.29,635.25,11.49,9.1,entsoe.eu,false,
2024-12-06 21:00:00,North Macedonia,North Macedonia,MK,576.46,645.28,14.53,7.56,entsoe.eu,false,
2024-12-06 22:00:00,North Macedonia,North Macedonia,MK,566.81,630.35,18.97,8.04,entsoe.eu,false,
2024-12-06 23:00:00,North Macedonia,North Macedonia,MK,568.65,631.38,19.78,7.0,entsoe.eu,false,
2024-12-07 00:00:00,North Macedonia,North Macedonia,MK,572.96,634.68,19.92,7.16,entsoe.eu,false,
2024-12-07 01:00:00,North Macedonia,North Macedonia,MK,599.77,662.31,16.7,4.61,entsoe.eu,false,
2024-12-07 02:00:00,North Macedonia,North Macedonia,MK,611.31,674.68,14.88,3.7,entsoe.eu,false,
2024-12-07 03:00:00,North Macedonia,North Macedonia,MK,610.7,674.79,14.47,3.5,entsoe.eu,false,
2024-12-07 04:00:00,North Macedonia,North Macedonia,MK,568.27,634.68,16.81,5.94,entsoe.eu,false,
2024-12-07 05:00:00,North Macedonia,North Macedonia,MK,473.68,533.15,28.48,22.29,entsoe.eu,false,
2024-12-07 06:00:00,North Macedonia,North Macedonia,MK,444.56,509.17,27.98,27.14,entsoe.eu,false,
2024-12-07 07:00:00,North Macedonia,North Macedonia,MK,419.07,486.27,29.66,29.63,entsoe.eu,false,
2024-12-07 08:00:00,North Macedonia,North Macedonia,MK,396.59,463.36,32.83,32.79,entsoe.eu,false,
2024-12-07 09:00:00,North Macedonia,North Macedonia,MK,399.64,465.14,33.32,33.26,entsoe.eu,false,
2024-12-07 10:00:00,North Macedonia,North Macedonia,MK,396.56,461.28,34.09,33.98,entsoe.eu,false,
2024-12-07 11:00:00,North Macedonia,North Macedonia,MK,388.72,452.72,35.64,35.56,entsoe.eu,false,
2024-12-07 12:00:00,North Macedonia,North Macedonia,MK,363.75,425.31,39.46,39.39,entsoe.eu,false,
2024-12-07 13:00:00,North Macedonia,North Macedonia,MK,366.66,428.2,38.17,38.17,entsoe.eu,false,
2024-12-07 14:00:00,North Macedonia,North Macedonia,MK,377.87,441.06,35.51,35.51,entsoe.eu,false,
2024-12-07 15:00:00,North Macedonia,North Macedonia,MK,369.95,435.14,36.5,36.5,entsoe.eu,false,
2024-12-07 16:00:00,North Macedonia,North Macedonia,MK,373.13,438.64,36.97,36.95,entsoe.eu,false,
2024-12-07 17:00:00,North Macedonia,North Macedonia,MK,380.51,445.12,35.96,35.94,entsoe.eu,false,
2024-12-07 18:00:00,North Macedonia,North Macedonia,MK,395.07,459.94,33.55,33.18,entsoe.eu,false,
2024-12-07 19:00:00,North Macedonia,North Macedonia,MK,398.25,460.78,35.2,34.09,entsoe.eu,false,
2024-12-07 20:00:00,North Macedonia,North Macedonia,MK,445.82,513.23,27.9,25.55,entsoe.eu,false,
2024-12-07 21:00:00,North Macedonia,North Macedonia,MK,443.76,511.1,28.39,24.17,entsoe.eu,false,
2024-12-07 22:00:00,North Macedonia,North Macedonia,MK,465.34,524.69,31.02,22.3,entsoe.eu,false,
2024-12-07 23:00:00,North Macedonia,North Macedonia,MK,481.63,538.81,30.0,21.08,entsoe.eu,false,
2024-12-08 00:00:00,North Macedonia,North Macedonia,MK,496.59,553.68,28.53,20.02,entsoe.eu,false,
2024-12-08 01:00:00,North Macedonia,North Macedonia,MK,544.68,605.83,21.64,13.13,entsoe.eu,false,
2024-12-08 02:00:00,North Macedonia,North Macedonia,MK,549.55,610.33,21.37,12.97,entsoe.eu,false,
2024-12-08 03:00:00,North Macedonia,North Macedonia,MK,558.98,619.8,20.24,12.76,entsoe.eu,false,
2024-12-08 04:00:00,North Macedonia,North Macedonia,MK,564.0,625.46,19.36,11.98,entsoe.eu,false,
2024-12-08 05:00:00,North Macedonia,North Macedonia,MK,527.24,587.21,23.04,17.9,entsoe.eu,false,
2024-12-08 06:00:00,North Macedonia,North Macedonia,MK,534.08,598.57,18.8,16.84,entsoe.eu,false,
2024-12-08 07:00:00,North Macedonia,North Macedonia,MK,414.15,477.29,32.09,32.09,entsoe.eu,false,
2024-12-08 08:00:00,North Macedonia,North Macedonia,MK,377.13,438.75,38.67,38.64,entsoe.eu,false,
2024-12-08 09:00:00,North Macedonia,North Macedonia,MK,350.93,409.99,43.02,42.97,entsoe.eu,false,
2024-12-08 10:00:00,North Macedonia,North Macedonia,MK,322.53,377.67,48.02,47.94,entsoe.eu,false,
2024-12-08 11:00:00,North Macedonia,North Macedonia,MK,324.15,378.59,48.0,47.94,entsoe.eu,false,
2024-12-08 12:00:00,North Macedonia,North Macedonia,MK,329.14,386.38,45.61,45.6,entsoe.eu,false,
2024-12-08 13:00:00,North Macedonia,North Macedonia,MK,352.07,414.59,39.53,39.53,entsoe.eu,false,
2024-12-08 14:00:00,North Macedonia,North Macedonia,MK,369.48,433.65,36.32,36.32,entsoe.eu,false,
2024-12-08 15:00:00,North Macedonia,North Macedonia,MK,375.54,438.19,36.5,36.49,entsoe.eu,false,
2024-12-08 16:00:00,North Macedonia,North Macedonia,MK,365.86,427.03,39.02,39.01,entsoe.eu,false,
2024-12-08 17:00:00,North Macedonia,North Macedonia,MK,357.46,418.24,40.47,40.47,entsoe.eu,false,
2024-12-08 18:00:00,North Macedonia,North Macedonia,MK,365.18,427.92,38.63,38.63,entsoe.eu,false,
2024-12-08 19:00:00,North Macedonia,North Macedonia,MK,374.34,437.99,36.75,36.74,entsoe.eu,false,
2024-12-08 20:00:00,North Macedonia,North Macedonia,MK,392.53,455.57,34.71,34.26,entsoe.eu,false,
2024-12-08 21:00:00,North Macedonia,North Macedonia,MK,399.67,459.67,36.45,33.93,entsoe.eu,false,
2024-12-08 22:00:00,North Macedonia,North Macedonia,MK,397.59,453.51,39.4,35.53,entsoe.eu,false,
2024-12-08 23:00:00,North Macedonia,North Macedonia,MK,446.58,505.51,33.85,27.79,entsoe.eu,false,
2024-12-09 00:00:00,North Macedonia,North Macedonia,MK,469.63,529.17,31.39,23.28,entsoe.eu,false,
2024-12-09 01:00:00,North Macedonia,North Macedonia,MK,498.04,561.17,26.61,18.78,entsoe.eu,false,
2024-12-09 02:00:00,North Macedonia,North Macedonia,MK,509.07,572.66,25.58,17.05,entsoe.eu,false,
2024-12-09 03:00:00,North Macedonia,North Macedonia,MK,536.84,602.41,21.64,11.76,entsoe.eu,false,
2024-12-09 04:00:00,North Macedonia,North Macedonia,MK,541.52,609.87,18.85,10.94,entsoe.eu,false,
2024-12-09 05:00:00,North Macedonia,North Macedonia,MK,446.31,517.12,25.34,25.2,entsoe.eu,false,
2024-12-09 06:00:00,North Macedonia,North Macedonia,MK,421.43,490.21,30.21,30.2,entsoe.eu,false,
2024-12-09 07:00:00,North Macedonia,North Macedonia,MK,379.79,443.05,38.18,38.12,entsoe.eu,false,
2024-12-09 08:00:00,North Macedonia,North Macedonia,MK,338.62,395.24,45.7,45.57,entsoe.eu,false,
2024-12-09 09:00:00,North Macedonia,North Macedonia,MK,335.92,392.16,46.11,45.94,entsoe.eu,false,
2024-12-09 10:00:00,North Macedonia,North Macedonia,MK,337.21,393.72,45.77,45.59,entsoe.eu,false,
2024-12-09 11:00:00,North Macedonia,North Macedonia,MK,333.52,390.52,45.78,45.65,entsoe.eu,false,
2024-12-09 12:00:00,North Macedonia,North Macedonia,MK,350.49,412.53,40.95,40.9,entsoe.eu,false,
2024-12-09 13:00:00,North Macedonia,North Macedonia,MK,356.69,420.61,38.57,38.56,entsoe.eu,false,
2024-12-09 14:00:00,North Macedonia,North Macedonia,MK,381.0,447.79,34.09,34.09,entsoe.eu,false,
2024-12-09 15:00:00,North Macedonia,North Macedonia,MK,358.38,422.13,38.72,38.72,entsoe.eu,false,
2024-12-09 16:00:00,North Macedonia,North Macedonia,MK,357.65,421.11,39.08,39.08,entsoe.eu,false,
2024-12-09 17:00:00,North Macedonia,North Macedonia,MK,351.98,414.49,39.71,39.71,entsoe.eu,false,
2024-12-09 18:00:00,North Macedonia,North Macedonia,MK,359.65,421.11,38.9,38.9,entsoe.eu,false,
2024-12-09 19:00:00,North Macedonia,North Macedonia,MK,362.16,425.65,37.87,37.87,entsoe.eu,false,
2024-12-09 20:00:00,North Macedonia,North Macedonia,MK,381.02,447.54,34.52,34.44,entsoe.eu,false,
2024-12-09 21:00:00,North Macedonia,North Macedonia,MK,389.42,455.31,34.1,33.49,entsoe.eu,false,
2024-12-09 22:00:00,North Macedonia,North Macedonia,MK,397.6,459.6,35.57,32.47,entsoe.eu,false,
2024-12-09 23:00:00,North Macedonia,North Macedonia,MK,439.44,501.76,31.34,25.6,entsoe.eu,false,
2024-12-10 00:00:00,North Macedonia,North Macedonia,MK,469.67,532.54,28.17,20.79,entsoe.eu,false,
2024-12-10 01:00:00,North Macedonia,North Macedonia,MK,508.75,574.76,22.25,14.15,entsoe.eu,false,
2024-12-10 02:00:00,North Macedonia,North Macedonia,MK,552.44,619.22,17.57,9.06,entsoe.eu,false,
2024-12-10 03:00:00,North Macedonia,North Macedonia,MK,546.42,612.05,18.47,11.21,entsoe.eu,false,
2024-12-10 04:00:00,North Macedonia,North Macedonia,MK,493.26,565.93,19.01,17.11,entsoe.eu,false,
2024-12-10 05:00:00,North Macedonia,North Macedonia,MK,417.38,489.5,27.43,27.43,entsoe.eu,false,
2024-12-10 06:00:00,North Macedonia,North Macedonia,MK,404.21,475.17,30.12,30.12,entsoe.eu,false,
2024-12-10 07:00:00,North Macedonia,North Macedonia,MK,372.53,439.14,35.74,35.74,entsoe.eu,false,
2024-12-10 08:00:00,North Macedonia,North Macedonia,MK,356.47,420.61,38.91,38.91,entsoe.eu,false,
2024-12-10 09:00:00,North Macedonia,North Macedonia,MK,336.44,397.51,42.69,42.69,entsoe.eu,false,
2024-12-10 10:00:00,North Macedonia,North Macedonia,MK,321.9,381.44,45.04,45.04,entsoe.eu,false,
2024-12-10 11:00:00,North Macedonia,North Macedonia,MK,345.43,410.23,39.29,39.29,entsoe.eu,false,
2024-12-10 12:00:00,North Macedonia,North Macedonia,MK,356.64,421.84,38.21,38.21,entsoe.eu,false,
2024-12-10 13:00:00,North Macedonia,North Macedonia,MK,365.73,432.24,36.1,36.1,entsoe.eu,false,
2024-12-10 14:00:00,North Macedonia,North Macedonia,MK,381.31,450.77,33.07,33.07,entsoe.eu,false,
2024-12-10 15:00:00,North Macedonia,North Macedonia,MK,375.43,442.64,35.05,35.05,entsoe.eu,false,
2024-12-10 16:00:00,North Macedonia,North Macedonia,MK,374.31,440.69,35.79,35.79,entsoe.eu,false,
2024-12-10 17:00:00,North Macedonia,North Macedonia,MK,372.0,436.95,36.77,36.77,entsoe.eu,false,
2024-12-10 18:00:00,North Macedonia,North Macedonia,MK,390.38,452.3,35.16,35.15,entsoe.eu,false,
2024-12-10 19:00:00,North Macedonia,North Macedonia,MK,396.5,459.16,34.27,34.26,entsoe.eu,false,
2024-12-10 20:00:00,North Macedonia,North Macedonia,MK,418.4,488.55,28.26,28.22,entsoe.eu,false,
2024-12-10 21:00:00,North Macedonia,North Macedonia,MK,436.78,505.92,28.23,25.69,entsoe.eu,false,
2024-12-10 22:00:00,North Macedonia,North Macedonia,MK,441.19,507.07,30.11,25.23,entsoe.eu,false,
2024-12-10 23:00:00,North Macedonia,North Macedonia,MK,445.36,513.21,28.16,23.11,entsoe.eu,false,
2024-12-11 00:00:00,North Macedonia,North Macedonia,MK,457.12,518.3,30.27,22.91,entsoe.eu,false,
2024-12-11 01:00:00,North Macedonia,North Macedonia,MK,523.19,591.39,20.54,11.59,entsoe.eu,false,
2024-12-11 02:00:00,North Macedonia,North Macedonia,MK,536.08,602.59,19.82,10.44,entsoe.eu,false,
2024-12-11 03:00:00,North Macedonia,North Macedonia,MK,545.53,616.48,15.89,7.79,entsoe.eu,false,
2024-12-11 04:00:00,North Macedonia,North Macedonia,MK,534.95,607.34,14.71,11.54,entsoe.eu,false,
2024-12-11 05:00:00,North Macedonia,North Macedonia,MK,437.8,512.42,23.42,23.42,entsoe.eu,false,
2024-12-11 06:00:00,North Macedonia,North Macedonia,MK,433.02,510.92,23.4,23.4,entsoe.eu,false,
2024-12-11 07:00:00,North Macedonia,North Macedonia,MK,381.11,451.31,33.52,33.52,entsoe.eu,false,
2024-12-11 08:00:00,North Macedonia,North Macedonia,MK,344.13,410.86,39.09,39.09,entsoe.eu,false,
2024-12-11 09:00:00,North Macedonia,North Macedonia,MK,339.24,403.17,41.49,41.48,entsoe.eu,false,
2024-12-11 10:00:00,North Macedonia,North Macedonia,MK,342.34,406.33,41.16,41.14,entsoe.eu,false,
2024-12-11 11:00:00,North Macedonia,North Macedonia,MK,352.36,417.62,39.55,39.54,entsoe.eu,false,
2024-12-11 12:00:00,North Macedonia,North Macedonia,MK,354.34,420.47,38.49,38.49,entsoe.eu,false,
2024-12-11 13:00:00,North Macedonia,North Macedonia,MK,378.91,448.95,33.4,33.4,entsoe.eu,false,
2024-12-11 14:00:00,North Macedonia,North Macedonia,MK,416.62,490.63,27.2,27.2,entsoe.eu,false,
2024-12-11 15:00:00,North Macedonia,North Macedonia,MK,404.83,476.88,29.79,29.79,entsoe.eu,false,
2024-12-11 16:00:00,North Macedonia,North Macedonia,MK,407.42,479.91,29.78,29.78,entsoe.eu,false,
2024-12-11 17:00:00,North Macedonia,North Macedonia,MK,413.49,486.34,28.69,28.69,entsoe.eu,false,
2024-12-11 18:00:00,North Macedonia,North Macedonia,MK,416.34,489.04,27.8,27.8,entsoe.eu,false,
2024-12-11 19:00:00,North Macedonia,North Macedonia,MK,427.8,502.69,25.5,25.5,entsoe.eu,false,
2024-12-11 20:00:00,North Macedonia,North Macedonia,MK,465.81,548.26,18.64,18.64,entsoe.eu,false,
2024-12-11 21:00:00,North Macedonia,North Macedonia,MK,467.64,543.62,22.41,20.78,entsoe.eu,false,
2024-12-11 22:00:00,North Macedonia,North Macedonia,MK,466.38,536.02,26.11,21.11,entsoe.eu,false,
2024-12-11 23:00:00,North Macedonia,North Macedonia,MK,463.45,532.88,25.97,20.55,Electricity Maps Estimation,true,ESTIMATED_TIME_SLICER_AVERAGE
2024-12-12 00:00:00,North Macedonia,North Macedonia,MK,477.42,546.96,24.68,18.41,Electricity Maps Estimation,true,ESTIMATED_TIME_SLICER_AVERAGE
2024-12-12 01:00:00,North Macedonia,North Macedonia,MK,491.12,558.79,24.21,16.51,Electricity Maps Estimation,true,ESTIMATED_TIME_SLICER_AVERAGE
2024-12-12 02:00:00,North Macedonia,North Macedonia,MK,499.8,566.35,23.31,15.48,Electricity Maps Estimation,true,ESTIMATED_TIME_SLICER_AVERAGE
2024-12-12 03:00:00,North Macedonia,North Macedonia,MK,500.44,565.71,23.21,15.87,Electricity Maps Estimation,true,ESTIMATED_TIME_SLICER_AVERAGE
2024-12-12 04:00:00,North Macedonia,North Macedonia,MK,518.31,582.76,21.16,16.71,Electricity Maps Estimation,true,ESTIMATED_TIME_SLICER_AVERAGE
2024-12-12 05:00:00,North Macedonia,North Macedonia,MK,462.52,537.69,21.66,21.66,Electricity Maps Estimation,true,ESTIMATED_TIME_SLICER_AVERAGE
2024-12-12 06:00:00,North Macedonia,North Macedonia,MK,446.06,521.63,24.74,24.74,Electricity Maps Estimation,true,ESTIMATED_TIME_SLICER_AVERAGE
2024-12-12 07:00:00,North Macedonia,North Macedonia,MK,399.93,468.04,33.92,33.92,Electricity Maps Estimation,false,
2024-12-12 08:00:00,North Macedonia,North Macedonia,MK,367.03,431.29,39.3,39.3,Electricity Maps Estimation,false,
2024-12-12 09:00:00,North Macedonia,North Macedonia,MK,355.85,418.48,41.43,41.43,Electricity Maps Estimation,false,
2024-12-12 10:00:00,North Macedonia,North Macedonia,MK,357.29,418.84,41.89,41.89,Electricity Maps Estimation,false,
2024-12-12 11:00:00,North Macedonia,North Macedonia,MK,365.89,428.45,40.44,40.44,Electricity Maps Estimation,false,
2024-12-12 12:00:00,North Macedonia,North Macedonia,MK,371.51,436.46,38.24,38.24,Electricity Maps Estimation,false,
2024-12-12 13:00:00,North Macedonia,North Macedonia,MK,404.31,474.05,32.14,32.14,Electricity Maps Estimation,true,ESTIMATED_TIME_SLICER_AVERAGE
2024-12-12 14:00:00,North Macedonia,North Macedonia,MK,443.86,517.69,26.01,26.01,Electricity Maps Estimation,true,ESTIMATED_TIME_SLICER_AVERAGE
2024-12-12 15:00:00,North Macedonia,North Macedonia,MK,439.94,513.63,26.62,26.62,Electricity Maps Estimation,true,ESTIMATED_TIME_SLICER_AVERAGE
2024-12-12 16:00:00,North Macedonia,North Macedonia,MK,441.8,515.2,26.53,26.53,Electricity Maps Estimation,true,ESTIMATED_TIME_SLICER_AVERAGE
2024-12-12 17:00:00,North Macedonia,North Macedonia,MK,442.47,516.54,25.45,25.45,Electricity Maps Estimation,true,ESTIMATED_TIME_SLICER_AVERAGE
2024-12-12 18:00:00,North Macedonia,North Macedonia,MK,453.8,527.59,24.49,24.49,Electricity Maps Estimation,true,ESTIMATED_TIME_SLICER_AVERAGE
2024-12-12 19:00:00,North Macedonia,North Macedonia,MK,465.59,540.55,21.88,21.88,Electricity Maps Estimation,true,ESTIMATED_TIME_SLICER_AVERAGE
2024-12-12 20:00:00,North Macedonia,North Macedonia,MK,504.61,587.39,14.37,14.37,Electricity Maps Estimation,true,ESTIMATED_TIME_SLICER_AVERAGE
2024-12-12 21:00:00,North Macedonia,North Macedonia,MK,516.33,600.18,12.92,12.92,Electricity Maps Estimation,true,ESTIMATED_TIME_SLICER_AVERAGE
2024-12-12 22:00:00,North Macedonia,North Macedonia,MK,529.15,611.32,13.16,11.71,Electricity Maps Estimation,true,ESTIMATED_TIME_SLICER_AVERAGE
2024-12-12 23:00:00,North Macedonia,North Macedonia,MK,538.36,618.7,13.08,11.14,entsoe.eu,false,
2024-12-13 00:00:00,North Macedonia,North Macedonia,MK,561.17,640.2,10.91,7.42,entsoe.eu,false,
2024-12-13 01:00:00,North Macedonia,North Macedonia,MK,561.92,642.21,10.02,7.53,entsoe.eu,false,
2024-12-13 02:00:00,North Macedonia,North Macedonia,MK,593.78,663.96,11.69,5.76,entsoe.eu,false,
2024-12-13 03:00:00,North Macedonia,North Macedonia,MK,600.1,668.07,12.0,5.98,entsoe.eu,false,
2024-12-13 04:00:00,North Macedonia,North Macedonia,MK,575.89,654.47,7.87,7.77,entsoe.eu,false,
2024-12-13 05:00:00,North Macedonia,North Macedonia,MK,544.25,620.07,12.67,12.66,entsoe.eu,false,
2024-12-13 06:00:00,North Macedonia,North Macedonia,MK,496.29,571.8,18.76,18.76,entsoe.eu,false,
2024-12-13 07:00:00,North Macedonia,North Macedonia,MK,424.6,492.46,30.97,30.97,entsoe.eu,false,
2024-12-13 08:00:00,North Macedonia,North Macedonia,MK,385.68,446.66,38.61,38.52,entsoe.eu,false,
2024-12-13 09:00:00,North Macedonia,North Macedonia,MK,362.08,418.18,43.91,43.77,entsoe.eu,false,
2024-12-13 10:00:00,North Macedonia,North Macedonia,MK,359.32,414.47,44.82,44.44,entsoe.eu,false,
2024-12-13 11:00:00,North Macedonia,North Macedonia,MK,379.82,437.69,41.36,41.15,entsoe.eu,false,
2024-12-13 12:00:00,North Macedonia,North Macedonia,MK,376.48,434.76,41.38,41.29,entsoe.eu,false,
2024-12-13 13:00:00,North Macedonia,North Macedonia,MK,410.72,478.0,32.32,32.32,entsoe.eu,false,
2024-12-13 14:00:00,North Macedonia,North Macedonia,MK,458.63,533.41,22.8,22.8,entsoe.eu,false,
2024-12-13 15:00:00,North Macedonia,North Macedonia,MK,444.87,517.16,25.97,25.97,entsoe.eu,false,
2024-12-13 16:00:00,North Macedonia,North Macedonia,MK,447.84,518.77,26.38,26.38,entsoe.eu,false,
2024-12-13 17:00:00,North Macedonia,North Macedonia,MK,452.07,523.93,25.53,25.53,entsoe.eu,false,
2024-12-13 18:00:00,North Macedonia,North Macedonia,MK,470.7,543.69,23.07,23.07,entsoe.eu,false,
2024-12-13 19:00:00,North Macedonia,North Macedonia,MK,479.78,552.44,21.17,21.16,entsoe.eu,false,
2024-12-13 20:00:00,North Macedonia,North Macedonia,MK,489.17,564.04,19.14,19.14,entsoe.eu,false,
2024-12-13 21:00:00,North Macedonia,North Macedonia,MK,502.48,579.38,17.38,17.16,entsoe.eu,false,
2024-12-13 22:00:00,North Macedonia,North Macedonia,MK,503.45,567.99,23.47,17.86,entsoe.eu,false,
2024-12-13 23:00:00,North Macedonia,North Macedonia,MK,555.11,621.81,17.32,9.43,entsoe.eu,false,
2024-12-14 00:00:00,North Macedonia,North Macedonia,MK,582.31,650.32,14.05,6.05,entsoe.eu,false,
2024-12-14 01:00:00,North Macedonia,North Macedonia,MK,609.57,678.59,11.02,3.11,entsoe.eu,false,
2024-12-14 02:00:00,North Macedonia,North Macedonia,MK,612.99,681.35,10.8,3.57,entsoe.eu,false,
2024-12-14 03:00:00,North Macedonia,North Macedonia,MK,611.6,679.8,10.69,4.06,entsoe.eu,false,
2024-12-14 04:00:00,North Macedonia,North Macedonia,MK,607.38,674.21,11.99,5.08,entsoe.eu,false,
2024-12-14 05:00:00,North Macedonia,North Macedonia,MK,572.2,638.47,14.81,10.95,entsoe.eu,false,
2024-12-14 06:00:00,North Macedonia,North Macedonia,MK,541.11,614.6,14.06,13.41,entsoe.eu,false,
2024-12-14 07:00:00,North Macedonia,North Macedonia,MK,518.47,589.06,19.46,16.48,entsoe.eu,false,
2024-12-14 08:00:00,North Macedonia,North Macedonia,MK,491.61,558.08,25.6,21.01,entsoe.eu,false,
2024-12-14 09:00:00,North Macedonia,North Macedonia,MK,440.5,500.38,34.04,28.99,entsoe.eu,false,
2024-12-14 10:00:00,North Macedonia,North Macedonia,MK,416.38,478.58,35.09,31.45,entsoe.eu,false,
2024-12-14 11:00:00,North Macedonia,North Macedonia,MK,411.29,474.46,35.04,32.0,entsoe.eu,false,
2024-12-14 12:00:00,North Macedonia,North Macedonia,MK,421.29,486.68,32.56,29.02,entsoe.eu,false,
2024-12-14 13:00:00,North Macedonia,North Macedonia,MK,451.23,521.29,26.8,24.56,entsoe.eu,false,
2024-12-14 14:00:00,North Macedonia,North Macedonia,MK,452.06,523.99,25.16,24.41,entsoe.eu,false,
2024-12-14 15:00:00,North Macedonia,North Macedonia,MK,390.43,455.26,33.93,33.62,entsoe.eu,false,
2024-12-14 16:00:00,North Macedonia,North Macedonia,MK,391.54,454.26,35.19,33.72,entsoe.eu,false,
2024-12-14 17:00:00,North Macedonia,North Macedonia,MK,400.17,461.64,35.52,32.45,entsoe.eu,false,
2024-12-14 18:00:00,North Macedonia,North Macedonia,MK,407.37,470.73,34.14,31.02,entsoe.eu,false,
2024-12-14 19:00:00,North Macedonia,North Macedonia,MK,433.25,499.28,30.35,26.66,entsoe.eu,false,
2024-12-14 20:00:00,North Macedonia,North Macedonia,MK,439.84,504.98,30.28,24.92,entsoe.eu,false,
2024-12-14 21:00:00,North Macedonia,North Macedonia,MK,450.29,513.19,31.29,23.03,entsoe.eu,false,
2024-12-14 22:00:00,North Macedonia,North Macedonia,MK,464.56,524.37,31.9,20.73,entsoe.eu,false,
2024-12-14 23:00:00,North Macedonia,North Macedonia,MK,451.68,511.03,33.37,22.52,Electricity Maps Estimation,true,ESTIMATED_TIME_SLICER_AVERAGE
2024-12-15 00:00:00,North Macedonia,North Macedonia,MK,529.46,593.46,22.28,10.23,Electricity Maps Estimation,true,ESTIMATED_TIME_SLICER_AVERAGE
2024-12-15 01:00:00,North Macedonia,North Macedonia,MK,560.79,626.42,18.32,5.55,Electricity Maps Estimation,true,ESTIMATED_TIME_SLICER_AVERAGE
2024-12-15 02:00:00,North Macedonia,North Macedonia,MK,575.04,640.83,16.83,4.52,Electricity Maps Estimation,true,ESTIMATED_TIME_SLICER_AVERAGE
2024-12-15 03:00:00,North Macedonia,North Macedonia,MK,573.29,637.92,17.73,5.39,Electricity Maps Estimation,true,ESTIMATED_TIME_SLICER_AVERAGE
2024-12-15 04:00:00,North Macedonia,North Macedonia,MK,570.37,633.51,18.9,6.58,Electricity Maps Estimation,true,ESTIMATED_TIME_SLICER_AVERAGE
2024-12-15 05:00:00,North Macedonia,North Macedonia,MK,542.89,602.65,23.33,11.9,Electricity Maps Estimation,true,ESTIMATED_TIME_SLICER_AVERAGE
2024-12-15 06:00:00,North Macedonia,North Macedonia,MK,555.73,615.95,21.73,11.78,Electricity Maps Estimation,true,ESTIMATED_TIME_SLICER_AVERAGE
2024-12-15 07:00:00,North Macedonia,North Macedonia,MK,529.47,589.22,24.81,15.09,Electricity Maps Estimation,true,ESTIMATED_TIME_SLICER_AVERAGE
2024-12-15 08:00:00,North Macedonia,North Macedonia,MK,466.39,524.65,32.59,24.11,Electricity Maps Estimation,true,ESTIMATED_TIME_SLICER_AVERAGE
2024-12-15 09:00:00,North Macedonia,North Macedonia,MK,431.01,487.69,37.03,29.32,Electricity Maps Estimation,false,
2024-12-15 10:00:00,North Macedonia,North Macedonia,MK,425.55,481.02,38.44,30.42,Electricity Maps Estimation,false,
2024-12-15 11:00:00,North Macedonia,North Macedonia,MK,449.51,505.51,35.7,26.8,Electricity Maps Estimation,true,ESTIMATED_TIME_SLICER_AVERAGE
2024-12-15 12:00:00,North Macedonia,North Macedonia,MK,454.85,511.37,34.16,26.69,Electricity Maps Estimation,true,ESTIMATED_TIME_SLICER_AVERAGE
2024-12-15 13:00:00,North Macedonia,North Macedonia,MK,463.88,518.35,33.29,27.81,Electricity Maps Estimation,true,ESTIMATED_TIME_SLICER_AVERAGE
2024-12-15 14:00:00,North Macedonia,North Macedonia,MK,430.05,484.81,35.09,33.49,Electricity Maps Estimation,true,ESTIMATED_TIME_SLICER_AVERAGE
2024-12-15 15:00:00,North Macedonia,North Macedonia,MK,395.25,453.74,36.42,36.35,Electricity Maps Estimation,true,ESTIMATED_TIME_SLICER_AVERAGE
2024-12-15 16:00:00,North Macedonia,North Macedonia,MK,395.28,452.71,37.23,37.15,Electricity Maps Estimation,true,ESTIMATED_TIME_SLICER_AVERAGE
2024-12-15 17:00:00,North Macedonia,North Macedonia,MK,394.06,451.74,37.65,37.05,Electricity Maps Estimation,true,ESTIMATED_TIME_SLICER_AVERAGE
2024-12-15 18:00:00,North Macedonia,North Macedonia,MK,392.63,450.61,37.74,37.38,Electricity Maps Estimation,true,ESTIMATED_TIME_SLICER_AVERAGE
2024-12-15 19:00:00,North Macedonia,North Macedonia,MK,391.87,450.7,38.12,35.93,Electricity Maps Estimation,true,ESTIMATED_TIME_SLICER_AVERAGE
2024-12-15 20:00:00,North Macedonia,North Macedonia,MK,377.97,440.1,37.83,35.67,Electricity Maps Estimation,false,
2024-12-15 21:00:00,North Macedonia,North Macedonia,MK,400.6,456.2,39.84,33.13,Electricity Maps Estimation,false,
2024-12-15 22:00:00,North Macedonia,North Macedonia,MK,415.77,463.87,43.43,32.67,Electricity Maps Estimation,false,
2024-12-15 23:00:00,North Macedonia,North Macedonia,MK,454.0,497.23,42.73,28.55,entsoe.eu,false,
2024-12-16 00:00:00,North Macedonia,North Macedonia,MK,539.18,586.85,31.76,16.05,entsoe.eu,false,
2024-12-16 01:00:00,North Macedonia,North Macedonia,MK,576.16,625.31,26.83,11.7,entsoe.eu,false,
2024-12-16 02:00:00,North Macedonia,North Macedonia,MK,582.97,632.63,25.59,11.7,entsoe.eu,false,
2024-12-16 03:00:00,North Macedonia,North Macedonia,MK,590.87,641.26,24.09,12.3,entsoe.eu,false,
2024-12-16 04:00:00,North Macedonia,North Macedonia,MK,494.96,552.31,28.64,23.82,entsoe.eu,false,
2024-12-16 05:00:00,North Macedonia,North Macedonia,MK,377.82,444.99,33.74,33.74,entsoe.eu,false,
2024-12-16 06:00:00,North Macedonia,North Macedonia,MK,339.63,403.11,40.23,40.23,entsoe.eu,false,
2024-12-16 07:00:00,North Macedonia,North Macedonia,MK,315.07,372.99,46.1,45.63,entsoe.eu,false,
2024-12-16 08:00:00,North Macedonia,North Macedonia,MK,301.11,352.57,52.12,50.27,entsoe.eu,false,
2024-12-16 09:00:00,North Macedonia,North Macedonia,MK,289.53,338.38,54.79,53.31,entsoe.eu,false,
2024-12-16 10:00:00,North Macedonia,North Macedonia,MK,296.62,345.37,54.34,52.35,entsoe.eu,false,
2024-12-16 11:00:00,North Macedonia,North Macedonia,MK,309.21,359.57,52.07,50.19,entsoe.eu,false,
2024-12-16 12:00:00,North Macedonia,North Macedonia,MK,323.92,377.94,48.08,46.16,entsoe.eu,false,
2024-12-16 13:00:00,North Macedonia,North Macedonia,MK,363.21,422.62,40.14,37.98,entsoe.eu,false,
2024-12-16 14:00:00,North Macedonia,North Macedonia,MK,362.87,426.2,36.61,36.39,entsoe.eu,false,
2024-12-16 15:00:00,North Macedonia,North Macedonia,MK,348.98,415.38,36.28,36.28,entsoe.eu,false,
2024-12-16 16:00:00,North Macedonia,North Macedonia,MK,340.61,404.2,39.03,39.02,entsoe.eu,false,
2024-12-16 17:00:00,North Macedonia,North Macedonia,MK,348.76,411.62,38.7,38.19,entsoe.eu,false,
2024-12-16 18:00:00,North Macedonia,North Macedonia,MK,357.12,419.09,38.37,37.45,entsoe.eu,false,
2024-12-16 19:00:00,North Macedonia,North Macedonia,MK,367.37,427.91,38.2,35.91,entsoe.eu,false,
2024-12-16 20:00:00,North Macedonia,North Macedonia,MK,409.12,475.85,31.63,26.8,entsoe.eu,false,
2024-12-16 21:00:00,North Macedonia,North Macedonia,MK,414.42,480.88,31.41,24.71,entsoe.eu,false,
2024-12-16 22:00:00,North Macedonia,North Macedonia,MK,392.75,445.58,41.17,29.68,entsoe.eu,false,
2024-12-16 23:00:00,North Macedonia,North Macedonia,MK,438.85,495.93,34.66,20.95,entsoe.eu,false,
2024-12-17 00:00:00,North Macedonia,North Macedonia,MK,476.71,537.65,28.89,14.37,entsoe.eu,false,
2024-12-17 01:00:00,North Macedonia,North Macedonia,MK,504.41,564.84,26.8,11.89,entsoe.eu,false,
2024-12-17 02:00:00,North Macedonia,North Macedonia,MK,510.64,571.65,25.61,11.39,entsoe.eu,false,
2024-12-17 03:00:00,North Macedonia,North Macedonia,MK,515.17,577.81,24.01,11.09,entsoe.eu,false,
2024-12-17 04:00:00,North Macedonia,North Macedonia,MK,499.2,560.16,26.02,16.33,entsoe.eu,false,
2024-12-17 05:00:00,North Macedonia,North Macedonia,MK,418.7,474.76,34.89,32.46,entsoe.eu,false,
2024-12-17 06:00:00,North Macedonia,North Macedonia,MK,408.39,463.08,36.69,34.13,entsoe.eu,false,
2024-12-17 07:00:00,North Macedonia,North Macedonia,MK,385.43,444.23,37.29,33.75,entsoe.eu,false,
2024-12-17 08:00:00,North Macedonia,North Macedonia,MK,363.69,425.12,40.13,36.66,entsoe.eu,false,
2024-12-17 09:00:00,North Macedonia,North Macedonia,MK,346.05,403.57,44.76,40.85,entsoe.eu,false,
2024-12-17 10:00:00,North Macedonia,North Macedonia,MK,353.86,411.89,43.71,39.68,entsoe.eu,false,
2024-12-17 11:00:00,North Macedonia,North Macedonia,MK,363.38,421.29,42.41,38.07,entsoe.eu,false,
2024-12-17 12:00:00,North Macedonia,North Macedonia,MK,381.23,442.59,38.45,33.82,entsoe.eu,false,
2024-12-17 13:00:00,North Macedonia,North Macedonia,MK,402.79,470.55,31.83,28.78,entsoe.eu,false,
2024-12-17 14:00:00,North Macedonia,North Macedonia,MK,431.27,487.59,34.0,30.1,entsoe.eu,false,
2024-12-17 15:00:00,North Macedonia,North Macedonia,MK,373.37,425.26,41.76,39.23,entsoe.eu,false,
2024-12-17 16:00:00,North Macedonia,North Macedonia,MK,370.71,421.69,42.88,39.19,entsoe.eu,false,
2024-12-17 17:00:00,North Macedonia,North Macedonia,MK,369.7,421.36,42.25,39.51,entsoe.eu,false,
2024-12-17 18:00:00,North Macedonia,North Macedonia,MK,376.76,428.93,41.42,38.37,entsoe.eu,false,
2024-12-17 19:00:00,North Macedonia,North Macedonia,MK,373.61,426.27,41.28,38.22,entsoe.eu,false,
2024-12-17 20:00:00,North Macedonia,North Macedonia,MK,437.72,498.82,30.97,24.8,entsoe.eu,false,
2024-12-17 21:00:00,North Macedonia,North Macedonia,MK,440.69,498.81,33.24,23.16,entsoe.eu,false,
2024-12-17 22:00:00,North Macedonia,North Macedonia,MK,447.07,503.57,34.24,20.83,entsoe.eu,false,
2024-12-17 23:00:00,North Macedonia,North Macedonia,MK,465.54,523.5,31.64,17.69,entsoe.eu,false,
2024-12-18 00:00:00,North Macedonia,North Macedonia,MK,486.52,546.06,28.73,14.94,entsoe.eu,false,
2024-12-18 01:00:00,North Macedonia,North Macedonia,MK,523.4,586.09,23.48,9.44,entsoe.eu,false,
2024-12-18 02:00:00,North Macedonia,North Macedonia,MK,528.67,591.77,22.52,9.52,entsoe.eu,false,
2024-12-18 03:00:00,North Macedonia,North Macedonia,MK,524.92,587.46,22.93,11.27,entsoe.eu,false,
2024-12-18 04:00:00,North Macedonia,North Macedonia,MK,481.21,542.55,26.36,21.04,entsoe.eu,false,
2024-12-18 05:00:00,North Macedonia,North Macedonia,MK,440.83,499.98,30.8,30.11,entsoe.eu,false,
2024-12-18 06:00:00,North Macedonia,North Macedonia,MK,438.78,503.97,27.74,27.7,entsoe.eu,false,
2024-12-18 07:00:00,North Macedonia,North Macedonia,MK,353.83,422.83,35.8,35.8,entsoe.eu,false,
2024-12-18 08:00:00,North Macedonia,North Macedonia,MK,343.66,407.64,40.51,39.21,entsoe.eu,false,
2024-12-18 09:00:00,North Macedonia,North Macedonia,MK,343.28,404.73,42.4,40.32,entsoe.eu,false,
2024-12-18 10:00:00,North Macedonia,North Macedonia,MK,352.56,413.12,42.55,39.8,entsoe.eu,false,
2024-12-18 11:00:00,North Macedonia,North Macedonia,MK,363.95,426.38,40.75,39.22,entsoe.eu,false,
2024-12-18 12:00:00,North Macedonia,North Macedonia,MK,375.38,439.9,38.0,36.36,entsoe.eu,false,
2024-12-18 13:00:00,North Macedonia,North Macedonia,MK,415.33,486.16,29.51,29.51,entsoe.eu,false,
2024-12-18 14:00:00,North Macedonia,North Macedonia,MK,432.83,501.08,27.76,27.69,entsoe.eu,false,
2024-12-18 15:00:00,North Macedonia,North Macedonia,MK,414.86,480.01,31.5,31.43,entsoe.eu,false,
2024-12-18 16:00:00,North Macedonia,North Macedonia,MK,416.3,481.6,31.19,31.1,entsoe.eu,false,
2024-12-18 17:00:00,North Macedonia,North Macedonia,MK,420.44,485.59,30.62,30.52,entsoe.eu,false,
2024-12-18 18:00:00,North Macedonia,North Macedonia,MK,425.34,491.81,29.41,29.33,entsoe.eu,false,
2024-12-18 19:00:00,North Macedonia,North Macedonia,MK,443.18,512.08,26.37,26.27,entsoe.eu,false,
2024-12-18 20:00:00,North Macedonia,North Macedonia,MK,450.85,524.74,22.97,22.9,entsoe.eu,false,
2024-12-18 21:00:00,North Macedonia,North Macedonia,MK,420.16,485.29,30.44,28.7,entsoe.eu,false,
2024-12-18 22:00:00,North Macedonia,North Macedonia,MK,487.88,549.05,26.88,19.06,entsoe.eu,false,
2024-12-18 23:00:00,North Macedonia,North Macedonia,MK,501.13,562.48,25.82,16.89,entsoe.eu,false,
2024-12-19 00:00:00,North Macedonia,North Macedonia,MK,499.86,557.15,28.42,18.95,entsoe.eu,false,
2024-12-19 01:00:00,North Macedonia,North Macedonia,MK,539.04,599.34,22.86,13.68,entsoe.eu,false,
2024-12-19 02:00:00,North Macedonia,North Macedonia,MK,577.57,640.9,17.43,8.38,entsoe.eu,false,
2024-12-19 03:00:00,North Macedonia,North Macedonia,MK,573.15,637.64,16.87,8.82,entsoe.eu,false,
2024-12-19 04:00:00,North Macedonia,North Macedonia,MK,520.01,581.94,22.17,18.26,entsoe.eu,false,
2024-12-19 05:00:00,North Macedonia,North Macedonia,MK,449.73,509.84,29.17,28.87,entsoe.eu,false,
2024-12-19 06:00:00,North Macedonia,North Macedonia,MK,466.16,534.74,24.49,24.36,entsoe.eu,false,
2024-12-19 07:00:00,North Macedonia,North Macedonia,MK,434.6,504.84,28.06,28.06,entsoe.eu,false,
2024-12-19 08:00:00,North Macedonia,North Macedonia,MK,392.84,458.81,34.7,34.04,entsoe.eu,false,
2024-12-19 09:00:00,North Macedonia,North Macedonia,MK,414.11,475.67,35.34,30.88,entsoe.eu,false,
2024-12-19 10:00:00,North Macedonia,North Macedonia,MK,408.15,470.12,35.47,31.79,entsoe.eu,false,
2024-12-19 11:00:00,North Macedonia,North Macedonia,MK,436.48,499.66,31.87,27.24,entsoe.eu,false,
2024-12-19 12:00:00,North Macedonia,North Macedonia,MK,454.75,521.74,27.77,22.81,entsoe.eu,false,
2024-12-19 13:00:00,North Macedonia,North Macedonia,MK,488.19,557.33,21.37,20.51,entsoe.eu,false,
2024-12-19 14:00:00,North Macedonia,North Macedonia,MK,466.36,531.75,25.38,25.33,entsoe.eu,false,
2024-12-19 15:00:00,North Macedonia,North Macedonia,MK,429.82,494.29,30.53,30.45,entsoe.eu,false,
2024-12-19 16:00:00,North Macedonia,North Macedonia,MK,411.33,474.56,33.19,33.14,entsoe.eu,false,
2024-12-19 17:00:00,North Macedonia,North Macedonia,MK,422.67,484.52,32.28,32.2,entsoe.eu,false,
2024-12-19 18:00:00,North Macedonia,North Macedonia,MK,429.83,490.76,31.57,31.49,entsoe.eu,false,
2024-12-19 19:00:00,North Macedonia,North Macedonia,MK,429.11,494.74,30.31,30.25,entsoe.eu,false,
2024-12-19 20:00:00,North Macedonia,North Macedonia,MK,487.52,549.84,24.88,21.72,entsoe.eu,false,
2024-12-19 21:00:00,North Macedonia,North Macedonia,MK,516.28,579.2,22.72,14.85,entsoe.eu,false,
2024-12-19 22:00:00,North Macedonia,North Macedonia,MK,518.79,584.06,21.78,11.33,entsoe.eu,false,
2024-12-19 23:00:00,North Macedonia,North Macedonia,MK,529.08,591.54,22.55,9.73,entsoe.eu,false,
2024-12-20 00:00:00,North Macedonia,North Macedonia,MK,546.44,608.05,21.33,8.85,entsoe.eu,false,
2024-12-20 01:00:00,North Macedonia,North Macedonia,MK,568.12,631.61,17.78,7.96,entsoe.eu,false,
2024-12-20 02:00:00,North Macedonia,North Macedonia,MK,580.69,645.18,15.89,6.79,entsoe.eu,false,
2024-12-20 03:00:00,North Macedonia,North Macedonia,MK,581.63,646.0,15.89,7.01,entsoe.eu,false,
2024-12-20 04:00:00,North Macedonia,North Macedonia,MK,568.38,631.52,17.65,9.77,entsoe.eu,false,
2024-12-20 05:00:00,North Macedonia,North Macedonia,MK,481.89,539.45,28.04,25.7,entsoe.eu,false,
2024-12-20 06:00:00,North Macedonia,North Macedonia,MK,471.37,529.36,28.45,27.97,entsoe.eu,false,
2024-12-20 07:00:00,North Macedonia,North Macedonia,MK,334.85,389.45,44.64,43.57,entsoe.eu,false,
2024-12-20 08:00:00,North Macedonia,North Macedonia,MK,207.74,257.06,60.74,59.5,entsoe.eu,false,
2024-12-20 09:00:00,North Macedonia,North Macedonia,MK,202.48,254.43,61.54,60.13,entsoe.eu,false,
2024-12-20 10:00:00,North Macedonia,North Macedonia,MK,195.71,247.29,62.47,61.34,entsoe.eu,false,
2024-12-20 11:00:00,North Macedonia,North Macedonia,MK,227.08,281.52,57.04,55.36,entsoe.eu,false,
2024-12-20 12:00:00,North Macedonia,North Macedonia,MK,246.4,300.64,55.03,53.63,entsoe.eu,false,
2024-12-20 13:00:00,North Macedonia,North Macedonia,MK,259.36,318.95,50.04,49.99,entsoe.eu,false,
2024-12-20 14:00:00,North Macedonia,North Macedonia,MK,276.56,336.81,47.22,47.15,entsoe.eu,false,
2024-12-20 15:00:00,North Macedonia,North Macedonia,MK,270.83,328.5,49.96,49.92,entsoe.eu,false,
2024-12-20 16:00:00,North Macedonia,North Macedonia,MK,274.9,331.86,50.29,50.25,entsoe.eu,false,
2024-12-20 17:00:00,North Macedonia,North Macedonia,MK,295.65,351.81,48.22,48.18,entsoe.eu,false,
2024-12-20 18:00:00,North Macedonia,North Macedonia,MK,307.16,362.11,47.76,47.72,entsoe.eu,false,
2024-12-20 19:00:00,North Macedonia,North Macedonia,MK,311.7,365.7,46.68,46.6,entsoe.eu,false,
2024-12-20 20:00:00,North Macedonia,North Macedonia,MK,360.15,417.46,40.26,36.5,entsoe.eu,false,
2024-12-20 21:00:00,North Macedonia,North Macedonia,MK,418.85,474.41,37.0,27.04,entsoe.eu,false,
2024-12-20 22:00:00,North Macedonia,North Macedonia,MK,400.3,455.36,39.36,27.47,entsoe.eu,false,
2024-12-20 23:00:00,North Macedonia,North Macedonia,MK,421.97,463.67,45.86,33.03,entsoe.eu,false,
2024-12-21 00:00:00,North Macedonia,North Macedonia,MK,518.59,564.55,34.0,19.77,entsoe.eu,false,
2024-12-21 01:00:00,North Macedonia,North Macedonia,MK,521.34,567.21,33.32,21.36,entsoe.eu,false,
2024-12-21 02:00:00,North Macedonia,North Macedonia,MK,528.99,575.08,32.24,21.35,entsoe.eu,false,
2024-12-21 03:00:00,North Macedonia,North Macedonia,MK,542.14,589.11,30.46,19.88,entsoe.eu,false,
2024-12-21 04:00:00,North Macedonia,North Macedonia,MK,551.33,599.07,29.44,17.81,entsoe.eu,false,
2024-12-21 05:00:00,North Macedonia,North Macedonia,MK,486.86,530.44,37.72,27.04,entsoe.eu,false,
2024-12-21 06:00:00,North Macedonia,North Macedonia,MK,479.83,522.22,38.87,29.47,entsoe.eu,false,
2024-12-21 07:00:00,North Macedonia,North Macedonia,MK,506.66,552.31,34.74,26.63,entsoe.eu,false,
2024-12-21 08:00:00,North Macedonia,North Macedonia,MK,538.31,585.33,30.7,22.23,entsoe.eu,false,
2024-12-21 09:00:00,North Macedonia,North Macedonia,MK,462.69,507.98,40.04,33.03,entsoe.eu,false,
2024-12-21 10:00:00,North Macedonia,North Macedonia,MK,487.02,533.36,37.16,29.35,entsoe.eu,false,
2024-12-21 11:00:00,North Macedonia,North Macedonia,MK,512.84,560.58,33.76,24.55,entsoe.eu,false,
2024-12-21 12:00:00,North Macedonia,North Macedonia,MK,461.96,507.63,39.81,32.22,entsoe.eu,false,
2024-12-21 13:00:00,North Macedonia,North Macedonia,MK,445.67,490.29,41.56,33.9,entsoe.eu,false,
2024-12-21 14:00:00,North Macedonia,North Macedonia,MK,414.41,459.93,43.14,37.82,entsoe.eu,false,
2024-12-21 15:00:00,North Macedonia,North Macedonia,MK,378.05,430.43,43.84,40.3,entsoe.eu,false,
2024-12-21 16:00:00,North Macedonia,North Macedonia,MK,388.38,440.43,43.68,38.83,entsoe.eu,false,
2024-12-21 17:00:00,North Macedonia,North Macedonia,MK,403.7,451.27,44.57,37.57,entsoe.eu,false,
2024-12-21 18:00:00,North Macedonia,North Macedonia,MK,431.47,472.53,44.74,34.51,entsoe.eu,false,
2024-12-21 19:00:00,North Macedonia,North Macedonia,MK,451.48,496.24,41.34,29.76,entsoe.eu,false,
2024-12-21 20:00:00,North Macedonia,North Macedonia,MK,485.64,528.4,39.97,25.12,entsoe.eu,false,
2024-12-21 21:00:00,North Macedonia,North Macedonia,MK,482.65,527.42,39.81,22.65,entsoe.eu,false,
2024-12-21 22:00:00,North Macedonia,North Macedonia,MK,476.34,518.87,41.82,23.65,entsoe.eu,false,
2024-12-21 23:00:00,North Macedonia,North Macedonia,MK,479.11,522.4,40.7,21.75,entsoe.eu,false,
2024-12-22 00:00:00,North Macedonia,North Macedonia,MK,514.9,561.05,35.58,16.4,entsoe.eu,false,
2024-12-22 01:00:00,North Macedonia,North Macedonia,MK,529.96,577.04,33.44,14.95,entsoe.eu,false,
2024-12-22 02:00:00,North Macedonia,North Macedonia,MK,540.39,588.19,31.78,14.4,entsoe.eu,false,
2024-12-22 03:00:00,North Macedonia,North Macedonia,MK,547.52,595.81,30.9,13.73,entsoe.eu,false,
2024-12-22 04:00:00,North Macedonia,North Macedonia,MK,534.93,582.16,32.61,16.03,entsoe.eu,false,
2024-12-22 05:00:00,North Macedonia,North Macedonia,MK,514.76,560.48,34.94,20.36,entsoe.eu,false,
2024-12-22 06:00:00,North Macedonia,North Macedonia,MK,547.59,594.8,30.82,18.28,entsoe.eu,false,
2024-12-22 07:00:00,North Macedonia,North Macedonia,MK,520.69,567.11,34.37,23.16,entsoe.eu,false,
2024-12-22 08:00:00,North Macedonia,North Macedonia,MK,439.12,483.83,44.7,34.61,entsoe.eu,false,
2024-12-22 09:00:00,North Macedonia,North Macedonia,MK,357.06,399.83,54.13,46.51,entsoe.eu,false,
2024-12-22 10:00:00,North Macedonia,North Macedonia,MK,343.13,385.88,55.65,48.05,entsoe.eu,false,
2024-12-22 11:00:00,North Macedonia,North Macedonia,MK,366.74,410.36,52.51,43.56,entsoe.eu,false,
2024-12-22 12:00:00,North Macedonia,North Macedonia,MK,398.69,442.84,48.26,39.66,entsoe.eu,false,
2024-12-22 13:00:00,North Macedonia,North Macedonia,MK,414.68,460.77,44.09,39.0,entsoe.eu,false,
2024-12-22 14:00:00,North Macedonia,North Macedonia,MK,369.24,416.57,46.26,46.14,entsoe.eu,false,
2024-12-22 15:00:00,North Macedonia,North Macedonia,MK,357.15,408.06,46.08,45.93,entsoe.eu,false,
2024-12-22 16:00:00,North Macedonia,North Macedonia,MK,355.04,404.69,47.0,46.85,entsoe.eu,false,
2024-12-22 17:00:00,North Macedonia,North Macedonia,MK,357.55,406.89,46.83,46.7,entsoe.eu,false,
2024-12-22 18:00:00,North Macedonia,North Macedonia,MK,359.18,407.85,47.19,46.92,entsoe.eu,false,
2024-12-22 19:00:00,North Macedonia,North Macedonia,MK,374.95,421.26,46.54,44.37,entsoe.eu,false,
2024-12-22 20:00:00,North Macedonia,North Macedonia,MK,367.3,415.8,46.3,43.14,entsoe.eu,false,
2024-12-22 21:00:00,North Macedonia,North Macedonia,MK,411.79,456.92,43.58,37.47,entsoe.eu,false,
2024-12-22 22:00:00,North Macedonia,North Macedonia,MK,502.11,546.24,36.05,24.47,entsoe.eu,false,
2024-12-22 23:00:00,North Macedonia,North Macedonia,MK,527.09,573.6,32.44,20.27,entsoe.eu,false,
2024-12-23 00:00:00,North Macedonia,North Macedonia,MK,563.76,613.29,26.86,16.46,entsoe.eu,false,
2024-12-23 01:00:00,North Macedonia,North Macedonia,MK,586.08,637.05,23.57,14.68,entsoe.eu,false,
2024-12-23 02:00:00,North Macedonia,North Macedonia,MK,609.82,662.37,20.35,11.84,entsoe.eu,false,
2024-12-23 03:00:00,North Macedonia,North Macedonia,MK,608.05,660.41,20.38,13.06,entsoe.eu,false,
2024-12-23 04:00:00,North Macedonia,North Macedonia,MK,605.49,657.0,20.81,15.39,entsoe.eu,false,
2024-12-23 05:00:00,North Macedonia,North Macedonia,MK,415.58,465.82,40.14,40.02,entsoe.eu,false,
2024-12-23 06:00:00,North Macedonia,North Macedonia,MK,378.72,434.18,41.25,41.2,entsoe.eu,false,
2024-12-23 07:00:00,North Macedonia,North Macedonia,MK,338.78,392.39,45.87,45.84,entsoe.eu,false,
2024-12-23 08:00:00,North Macedonia,North Macedonia,MK,310.41,361.75,50.2,49.79,entsoe.eu,false,
2024-12-23 09:00:00,North Macedonia,North Macedonia,MK,307.08,358.24,51.37,49.83,entsoe.eu,false,
2024-12-23 10:00:00,North Macedonia,North Macedonia,MK,316.37,366.81,51.13,48.93,entsoe.eu,false,
2024-12-23 11:00:00,North Macedonia,North Macedonia,MK,293.98,341.82,54.29,52.6,entsoe.eu,false,
2024-12-23 12:00:00,North Macedonia,North Macedonia,MK,289.92,338.23,53.49,52.2,entsoe.eu,false,
2024-12-23 13:00:00,North Macedonia,North Macedonia,MK,305.3,355.29,50.5,49.73,entsoe.eu,false,
2024-12-23 14:00:00,North Macedonia,North Macedonia,MK,305.0,354.51,50.27,50.26,entsoe.eu,false,
2024-12-23 15:00:00,North Macedonia,North Macedonia,MK,300.7,351.21,51.21,51.2,entsoe.eu,false,
2024-12-23 16:00:00,North Macedonia,North Macedonia,MK,301.37,351.55,51.46,51.45,entsoe.eu,false,
2024-12-23 17:00:00,North Macedonia,North Macedonia,MK,309.82,358.4,50.81,50.4,entsoe.eu,false,
2024-12-23 18:00:00,North Macedonia,North Macedonia,MK,317.75,365.98,50.23,48.59,entsoe.eu,false,
2024-12-23 19:00:00,North Macedonia,North Macedonia,MK,315.42,366.43,48.89,46.45,entsoe.eu,false,
2024-12-23 20:00:00,North Macedonia,North Macedonia,MK,339.97,389.24,48.32,42.58,entsoe.eu,false,
2024-12-23 21:00:00,North Macedonia,North Macedonia,MK,401.51,450.1,44.18,33.08,entsoe.eu,false,
2024-12-23 22:00:00,North Macedonia,North Macedonia,MK,407.64,455.59,44.16,31.57,entsoe.eu,false,
2024-12-23 23:00:00,North Macedonia,North Macedonia,MK,392.1,436.64,47.35,33.57,entsoe.eu,false,
2024-12-24 00:00:00,North Macedonia,North Macedonia,MK,398.57,440.9,47.77,32.71,entsoe.eu,false,
2024-12-24 01:00:00,North Macedonia,North Macedonia,MK,407.78,449.8,46.9,32.39,entsoe.eu,false,
2024-12-24 02:00:00,North Macedonia,North Macedonia,MK,443.77,486.41,42.98,28.28,entsoe.eu,false,
2024-12-24 03:00:00,North Macedonia,North Macedonia,MK,465.55,510.3,39.97,25.26,entsoe.eu,false,
2024-12-24 04:00:00,North Macedonia,North Macedonia,MK,526.32,577.47,30.19,14.41,entsoe.eu,false,
2024-12-24 05:00:00,North Macedonia,North Macedonia,MK,489.68,548.43,28.42,16.17,entsoe.eu,false,
2024-12-24 06:00:00,North Macedonia,North Macedonia,MK,456.22,514.12,31.41,22.78,entsoe.eu,false,
2024-12-24 07:00:00,North Macedonia,North Macedonia,MK,405.58,468.64,33.75,28.4,entsoe.eu,false,
2024-12-24 08:00:00,North Macedonia,North Macedonia,MK,342.63,409.11,38.67,37.16,entsoe.eu,false,
2024-12-24 09:00:00,North Macedonia,North Macedonia,MK,331.01,397.88,39.4,38.53,entsoe.eu,false,
2024-12-24 10:00:00,North Macedonia,North Macedonia,MK,313.58,377.52,42.92,42.16,entsoe.eu,false,
2024-12-24 11:00:00,North Macedonia,North Macedonia,MK,320.44,386.36,41.07,40.5,entsoe.eu,false,
2024-12-24 12:00:00,North Macedonia,North Macedonia,MK,339.37,405.2,38.81,37.52,entsoe.eu,false,
2024-12-24 13:00:00,North Macedonia,North Macedonia,MK,386.27,448.0,35.66,32.73,entsoe.eu,false,
2024-12-24 14:00:00,North Macedonia,North Macedonia,MK,395.06,454.54,35.2,33.68,entsoe.eu,false,
2024-12-24 15:00:00,North Macedonia,North Macedonia,MK,389.89,441.11,40.35,37.46,entsoe.eu,false,
2024-12-24 16:00:00,North Macedonia,North Macedonia,MK,386.93,437.49,41.23,37.45,entsoe.eu,false,
2024-12-24 17:00:00,North Macedonia,North Macedonia,MK,387.16,437.01,42.08,35.67,entsoe.eu,false,
2024-12-24 18:00:00,North Macedonia,North Macedonia,MK,402.65,452.7,41.11,32.01,entsoe.eu,false,
2024-12-24 19:00:00,North Macedonia,North Macedonia,MK,410.79,461.54,40.48,29.51,entsoe.eu,false,
2024-12-24 20:00:00,North Macedonia,North Macedonia,MK,449.45,494.13,41.54,26.81,entsoe.eu,false,
2024-12-24 21:00:00,North Macedonia,North Macedonia,MK,408.0,446.15,49.38,33.79,entsoe.eu,false,
2024-12-24 22:00:00,North Macedonia,North Macedonia,MK,408.92,447.42,49.31,32.04,entsoe.eu,false,
2024-12-24 23:00:00,North Macedonia,North Macedonia,MK,452.62,494.37,43.56,25.18,entsoe.eu,false,
2024-12-25 00:00:00,North Macedonia,North Macedonia,MK,474.84,518.35,40.59,22.08,entsoe.eu,false,
2024-12-25 01:00:00,North Macedonia,North Macedonia,MK,506.95,552.37,36.58,17.57,entsoe.eu,false,
2024-12-25 02:00:00,North Macedonia,North Macedonia,MK,499.4,545.06,37.12,18.8,entsoe.eu,false,
2024-12-25 03:00:00,North Macedonia,North Macedonia,MK,505.22,551.25,36.25,18.51,entsoe.eu,false,
2024-12-25 04:00:00,North Macedonia,North Macedonia,MK,508.03,553.85,36.05,18.34,entsoe.eu,false,
2024-12-25 05:00:00,North Macedonia,North Macedonia,MK,493.77,538.4,37.71,21.21,entsoe.eu,false,
2024-12-25 06:00:00,North Macedonia,North Macedonia,MK,487.11,531.15,38.39,22.92,entsoe.eu,false,
2024-12-25 07:00:00,North Macedonia,North Macedonia,MK,472.64,515.86,40.17,25.54,entsoe.eu,false,
2024-12-25 08:00:00,North Macedonia,North Macedonia,MK,444.52,486.6,44.03,30.55,entsoe.eu,false,
2024-12-25 09:00:00,North Macedonia,North Macedonia,MK,398.86,439.9,48.95,36.97,entsoe.eu,false,
2024-12-25 10:00:00,North Macedonia,North Macedonia,MK,357.07,396.43,53.92,42.93,entsoe.eu,false,
2024-12-25 11:00:00,North Macedonia,North Macedonia,MK,338.88,378.01,56.28,45.66,entsoe.eu,false,
2024-12-25 12:00:00,North Macedonia,North Macedonia,MK,329.95,368.22,57.59,46.85,entsoe.eu,false,
2024-12-25 13:00:00,North Macedonia,North Macedonia,MK,368.49,408.87,52.38,40.75,entsoe.eu,false,
2024-12-25 14:00:00,North Macedonia,North Macedonia,MK,378.37,422.7,48.77,38.8,entsoe.eu,false,
2024-12-25 15:00:00,North Macedonia,North Macedonia,MK,301.58,347.68,54.2,48.95,entsoe.eu,false,
2024-12-25 16:00:00,North Macedonia,North Macedonia,MK,303.94,350.74,53.83,48.38,entsoe.eu,false,
2024-12-25 17:00:00,North Macedonia,North Macedonia,MK,317.62,365.44,52.63,46.51,entsoe.eu,false,
2024-12-25 18:00:00,North Macedonia,North Macedonia,MK,321.72,367.62,53.69,46.43,entsoe.eu,false,
2024-12-25 19:00:00,North Macedonia,North Macedonia,MK,329.87,377.02,52.92,45.3,entsoe.eu,false,
2024-12-25 20:00:00,North Macedonia,North Macedonia,MK,349.24,397.84,49.92,41.29,entsoe.eu,false,
2024-12-25 21:00:00,North Macedonia,North Macedonia,MK,346.0,392.46,50.93,41.23,entsoe.eu,false,
2024-12-25 22:00:00,North Macedonia,North Macedonia,MK,335.75,380.81,52.7,42.88,entsoe.eu,false,
2024-12-25 23:00:00,North Macedonia,North Macedonia,MK,353.69,394.96,53.75,41.0,entsoe.eu,false,
2024-12-26 00:00:00,North Macedonia,North Macedonia,MK,385.47,427.37,50.58,35.05,entsoe.eu,false,
2024-12-26 01:00:00,North Macedonia,North Macedonia,MK,391.17,434.5,49.11,34.44,entsoe.eu,false,
2024-12-26 02:00:00,North Macedonia,North Macedonia,MK,393.41,437.02,48.6,34.75,entsoe.eu,false,
2024-12-26 03:00:00,North Macedonia,North Macedonia,MK,395.11,438.39,48.61,35.04,entsoe.eu,false,
2024-12-26 04:00:00,North Macedonia,North Macedonia,MK,393.78,441.87,45.54,32.89,entsoe.eu,false,
2024-12-26 05:00:00,North Macedonia,North Macedonia,MK,368.76,421.17,44.4,34.52,entsoe.eu,false,
2024-12-26 06:00:00,North Macedonia,North Macedonia,MK,338.93,392.51,46.12,40.0,entsoe.eu,false,
2024-12-26 07:00:00,North Macedonia,North Macedonia,MK,314.13,369.2,47.35,43.62,entsoe.eu,false,
2024-12-26 08:00:00,North Macedonia,North Macedonia,MK,330.74,387.79,44.95,40.51,entsoe.eu,false,
2024-12-26 09:00:00,North Macedonia,North Macedonia,MK,323.19,379.37,46.41,42.28,entsoe.eu,false,
2024-12-26 10:00:00,North Macedonia,North Macedonia,MK,322.57,378.12,47.05,42.95,entsoe.eu,false,
2024-12-26 11:00:00,North Macedonia,North Macedonia,MK,330.72,385.72,46.35,41.65,entsoe.eu,false,
2024-12-26 12:00:00,North Macedonia,North Macedonia,MK,320.29,375.12,47.22,42.89,entsoe.eu,false,
2024-12-26 13:00:00,North Macedonia,North Macedonia,MK,324.05,380.22,45.83,41.51,entsoe.eu,false,
2024-12-26 14:00:00,North Macedonia,North Macedonia,MK,308.61,366.04,45.93,43.39,entsoe.eu,false,
2024-12-26 15:00:00,North Macedonia,North Macedonia,MK,302.86,360.51,46.41,44.35,entsoe.eu,false,
2024-12-26 16:00:00,North Macedonia,North Macedonia,MK,303.79,362.14,46.52,44.47,entsoe.eu,false,
2024-12-26 17:00:00,North Macedonia,North Macedonia,MK,304.4,363.12,45.81,44.09,entsoe.eu,false,
2024-12-26 18:00:00,North Macedonia,North Macedonia,MK,311.41,370.5,44.48,42.32,entsoe.eu,false,
2024-12-26 19:00:00,North Macedonia,North Macedonia,MK,316.64,375.99,43.84,41.26,entsoe.eu,false,
2024-12-26 20:00:00,North Macedonia,North Macedonia,MK,335.03,396.71,41.04,37.84,entsoe.eu,false,
2024-12-26 21:00:00,North Macedonia,North Macedonia,MK,342.51,404.64,40.5,36.0,entsoe.eu,false,
2024-12-26 22:00:00,North Macedonia,North Macedonia,MK,349.74,408.95,42.0,35.36,entsoe.eu,false,
2024-12-26 23:00:00,North Macedonia,North Macedonia,MK,357.33,416.6,41.15,35.52,entsoe.eu,false,
2024-12-27 00:00:00,North Macedonia,North Macedonia,MK,373.16,432.87,39.6,33.31,entsoe.eu,false,
2024-12-27 01:00:00,North Macedonia,North Macedonia,MK,380.68,442.54,37.59,32.01,entsoe.eu,false,
2024-12-27 02:00:00,North Macedonia,North Macedonia,MK,388.76,451.71,36.13,30.99,entsoe.eu,false,
2024-12-27 03:00:00,North Macedonia,North Macedonia,MK,390.6,453.84,35.62,30.97,entsoe.eu,false,
2024-12-27 04:00:00,North Macedonia,North Macedonia,MK,390.13,453.18,35.36,31.33,entsoe.eu,false,
2024-12-27 05:00:00,North Macedonia,North Macedonia,MK,345.25,403.47,41.68,40.31,entsoe.eu,false,
2024-12-27 06:00:00,North Macedonia,North Macedonia,MK,358.13,420.58,37.86,37.72,entsoe.eu,false,
2024-12-27 07:00:00,North Macedonia,North Macedonia,MK,325.5,383.66,44.6,44.58,entsoe.eu,false,
2024-12-27 08:00:00,North Macedonia,North Macedonia,MK,312.93,367.81,47.94,47.84,entsoe.eu,false,
2024-12-27 09:00:00,North Macedonia,North Macedonia,MK,310.72,364.5,49.08,48.94,entsoe.eu,false,
2024-12-27 10:00:00,North Macedonia,North Macedonia,MK,294.93,347.21,51.33,51.2,entsoe.eu,false,
2024-12-27 11:00:00,North Macedonia,North Macedonia,MK,296.06,350.55,49.56,49.53,entsoe.eu,false,
2024-12-27 12:00:00,North Macedonia,North Macedonia,MK,297.56,353.96,48.18,48.18,entsoe.eu,false,
2024-12-27 13:00:00,North Macedonia,North Macedonia,MK,294.17,350.72,47.54,47.54,entsoe.eu,false,
2024-12-27 14:00:00,North Macedonia,North Macedonia,MK,327.37,390.16,39.97,39.97,entsoe.eu,false,
2024-12-27 15:00:00,North Macedonia,North Macedonia,MK,322.32,385.67,40.94,40.94,entsoe.eu,false,
2024-12-27 16:00:00,North Macedonia,North Macedonia,MK,325.74,388.54,41.07,41.07,entsoe.eu,false,
2024-12-27 17:00:00,North Macedonia,North Macedonia,MK,335.59,398.44,39.99,39.98,entsoe.eu,false,
2024-12-27 18:00:00,North Macedonia,North Macedonia,MK,343.77,406.87,38.76,38.76,entsoe.eu,false,
2024-12-27 19:00:00,North Macedonia,North Macedonia,MK,342.41,405.49,38.86,38.46,entsoe.eu,false,
2024-12-27 20:00:00,North Macedonia,North Macedonia,MK,369.64,435.32,35.07,33.09,entsoe.eu,false,
2024-12-27 21:00:00,North Macedonia,North Macedonia,MK,355.84,416.76,39.44,36.06,entsoe.eu,false,
2024-12-27 22:00:00,North Macedonia,North Macedonia,MK,366.72,428.32,38.45,33.81,entsoe.eu,false,
2024-12-27 23:00:00,North Macedonia,North Macedonia,MK,375.28,438.83,36.58,31.95,entsoe.eu,false,
2024-12-28 00:00:00,North Macedonia,North Macedonia,MK,399.07,460.4,35.88,28.86,entsoe.eu,false,
2024-12-28 01:00:00,North Macedonia,North Macedonia,MK,405.23,469.51,33.1,26.87,entsoe.eu,false,
2024-12-28 02:00:00,North Macedonia,North Macedonia,MK,413.87,480.51,30.85,25.54,entsoe.eu,false,
2024-12-28 03:00:00,North Macedonia,North Macedonia,MK,414.9,482.18,30.21,25.27,entsoe.eu,false,
2024-12-28 04:00:00,North Macedonia,North Macedonia,MK,420.37,488.05,29.49,24.66,entsoe.eu,false,
2024-12-28 05:00:00,North Macedonia,North Macedonia,MK,392.7,457.62,33.0,29.96,entsoe.eu,false,
2024-12-28 06:00:00,North Macedonia,North Macedonia,MK,366.98,432.2,34.98,34.52,entsoe.eu,false,
2024-12-28 07:00:00,North Macedonia,North Macedonia,MK,316.3,373.98,45.42,45.3,entsoe.eu,false,
2024-12-28 08:00:00,North Macedonia,North Macedonia,MK,300.22,352.2,50.86,50.67,entsoe.eu,false,
2024-12-28 09:00:00,North Macedonia,North Macedonia,MK,299.86,351.72,51.37,51.2,entsoe.eu,false,
2024-12-28 10:00:00,North Macedonia,North Macedonia,MK,296.08,347.53,52.22,52.12,entsoe.eu,false,
2024-12-28 11:00:00,North Macedonia,North Macedonia,MK,303.02,356.2,50.57,50.5,entsoe.eu,false,
2024-12-28 12:00:00,North Macedonia,North Macedonia,MK,307.92,364.02,48.14,48.14,entsoe.eu,false,
2024-12-28 13:00:00,North Macedonia,North Macedonia,MK,309.51,366.58,46.37,46.36,entsoe.eu,false,
2024-12-28 14:00:00,North Macedonia,North Macedonia,MK,337.7,400.61,39.59,39.59,entsoe.eu,false,
2024-12-28 15:00:00,North Macedonia,North Macedonia,MK,337.14,403.36,38.6,38.6,entsoe.eu,false,
2024-12-28 16:00:00,North Macedonia,North Macedonia,MK,329.8,395.25,39.89,39.89,entsoe.eu,false,
2024-12-28 17:00:00,North Macedonia,North Macedonia,MK,335.47,401.43,39.36,39.33,entsoe.eu,false,
2024-12-28 18:00:00,North Macedonia,North Macedonia,MK,344.01,410.98,37.76,37.72,entsoe.eu,false,
2024-12-28 19:00:00,North Macedonia,North Macedonia,MK,352.43,419.6,36.88,36.71,entsoe.eu,false,
2024-12-28 20:00:00,North Macedonia,North Macedonia,MK,356.72,423.33,35.76,35.39,entsoe.eu,false,
2024-12-28 21:00:00,North Macedonia,North Macedonia,MK,375.61,443.72,33.23,30.79,entsoe.eu,false,
2024-12-28 22:00:00,North Macedonia,North Macedonia,MK,381.47,448.07,33.88,30.02,entsoe.eu,false,
2024-12-28 23:00:00,North Macedonia,North Macedonia,MK,362.79,422.87,39.38,34.8,entsoe.eu,false,
2024-12-29 00:00:00,North Macedonia,North Macedonia,MK,396.62,456.76,36.58,29.57,entsoe.eu,false,
2024-12-29 01:00:00,North Macedonia,North Macedonia,MK,423.9,486.55,32.83,24.85,entsoe.eu,false,
2024-12-29 02:00:00,North Macedonia,North Macedonia,MK,461.17,527.89,27.18,18.4,entsoe.eu,false,
2024-12-29 03:00:00,North Macedonia,North Macedonia,MK,508.57,577.68,20.87,10.55,entsoe.eu,false,
2024-12-29 04:00:00,North Macedonia,North Macedonia,MK,525.53,593.56,19.74,9.59,entsoe.eu,false,
2024-12-29 05:00:00,North Macedonia,North Macedonia,MK,486.59,552.94,23.95,17.02,entsoe.eu,false,
2024-12-29 06:00:00,North Macedonia,North Macedonia,MK,449.08,514.38,27.81,24.07,entsoe.eu,false,
2024-12-29 07:00:00,North Macedonia,North Macedonia,MK,358.73,419.19,40.54,39.43,entsoe.eu,false,
2024-12-29 08:00:00,North Macedonia,North Macedonia,MK,332.13,389.2,45.67,44.39,entsoe.eu,false,
2024-12-29 09:00:00,North Macedonia,North Macedonia,MK,306.01,358.67,50.67,49.36,entsoe.eu,false,
2024-12-29 10:00:00,North Macedonia,North Macedonia,MK,304.85,356.57,51.4,49.82,entsoe.eu,false,
2024-12-29 11:00:00,North Macedonia,North Macedonia,MK,312.19,365.05,50.05,48.45,entsoe.eu,false,
2024-12-29 12:00:00,North Macedonia,North Macedonia,MK,323.56,379.07,47.0,45.64,entsoe.eu,false,
2024-12-29 13:00:00,North Macedonia,North Macedonia,MK,336.28,397.97,41.47,41.29,entsoe.eu,false,
2024-12-29 14:00:00,North Macedonia,North Macedonia,MK,322.08,384.39,41.17,41.16,entsoe.eu,false,
2024-12-29 15:00:00,North Macedonia,North Macedonia,MK,311.57,374.05,41.8,41.8,entsoe.eu,false,
2024-12-29 16:00:00,North Macedonia,North Macedonia,MK,290.79,354.41,43.48,43.48,entsoe.eu,false,
2024-12-29 17:00:00,North Macedonia,North Macedonia,MK,275.53,339.55,44.93,44.92,entsoe.eu,false,
2024-12-29 18:00:00,North Macedonia,North Macedonia,MK,278.13,342.61,44.2,44.2,entsoe.eu,false,
2024-12-29 19:00:00,North Macedonia,North Macedonia,MK,279.5,344.65,43.75,43.75,entsoe.eu,false,
2024-12-29 20:00:00,North Macedonia,North Macedonia,MK,291.28,355.84,42.54,42.08,entsoe.eu,false,
2024-12-29 21:00:00,North Macedonia,North Macedonia,MK,309.34,372.47,42.21,39.7,entsoe.eu,false,
2024-12-29 22:00:00,North Macedonia,North Macedonia,MK,315.75,377.33,42.79,38.86,entsoe.eu,false,
2024-12-29 23:00:00,North Macedonia,North Macedonia,MK,358.0,417.0,41.23,30.68,entsoe.eu,false,
2024-12-30 00:00:00,North Macedonia,North Macedonia,MK,400.78,459.53,37.22,24.69,entsoe.eu,false,
2024-12-30 01:00:00,North Macedonia,North Macedonia,MK,407.42,467.52,35.32,24.66,entsoe.eu,false,
2024-12-30 02:00:00,North Macedonia,North Macedonia,MK,430.15,491.74,31.91,21.69,entsoe.eu,false,
2024-12-30 03:00:00,North Macedonia,North Macedonia,MK,428.76,489.87,32.32,22.14,entsoe.eu,false,
2024-12-30 04:00:00,North Macedonia,North Macedonia,MK,356.41,417.39,38.94,34.65,entsoe.eu,false,
2024-12-30 05:00:00,North Macedonia,North Macedonia,MK,339.41,402.29,39.73,38.6,entsoe.eu,false,
2024-12-30 06:00:00,North Macedonia,North Macedonia,MK,331.26,396.62,40.14,40.08,entsoe.eu,false,
2024-12-30 07:00:00,North Macedonia,North Macedonia,MK,319.88,381.14,43.88,43.75,entsoe.eu,false,
2024-12-30 08:00:00,North Macedonia,North Macedonia,MK,310.07,368.22,46.73,46.47,entsoe.eu,false,
2024-12-30 09:00:00,North Macedonia,North Macedonia,MK,316.24,373.87,47.06,45.98,entsoe.eu,false,
2024-12-30 10:00:00,North Macedonia,North Macedonia,MK,318.06,375.31,47.5,46.17,entsoe.eu,false,
2024-12-30 11:00:00,North Macedonia,North Macedonia,MK,321.21,377.86,47.61,46.33,entsoe.eu,false,
2024-12-30 12:00:00,North Macedonia,North Macedonia,MK,326.82,386.4,44.97,43.57,entsoe.eu,false,
2024-12-30 13:00:00,North Macedonia,North Macedonia,MK,342.25,405.73,39.92,39.27,entsoe.eu,false,
2024-12-30 14:00:00,North Macedonia,North Macedonia,MK,356.79,425.9,34.43,34.43,entsoe.eu,false,
2024-12-30 15:00:00,North Macedonia,North Macedonia,MK,348.46,417.64,35.29,35.29,entsoe.eu,false,
2024-12-30 16:00:00,North Macedonia,North Macedonia,MK,338.89,406.28,37.34,37.34,entsoe.eu,false,
2024-12-30 17:00:00,North Macedonia,North Macedonia,MK,338.8,406.36,37.54,37.54,entsoe.eu,false,
2024-12-30 18:00:00,North Macedonia,North Macedonia,MK,348.4,418.96,35.12,35.12,entsoe.eu,false,
2024-12-30 19:00:00,North Macedonia,North Macedonia,MK,359.73,428.26,34.46,34.45,entsoe.eu,false,
2024-12-30 20:00:00,North Macedonia,North Macedonia,MK,357.75,427.62,33.61,33.56,entsoe.eu,false,
2024-12-30 21:00:00,North Macedonia,North Macedonia,MK,363.54,432.35,33.58,32.47,entsoe.eu,false,
2024-12-30 22:00:00,North Macedonia,North Macedonia,MK,381.12,445.5,34.74,30.2,entsoe.eu,false,
2024-12-30 23:00:00,North Macedonia,North Macedonia,MK,435.79,493.44,34.35,23.49,entsoe.eu,false,
2024-12-31 00:00:00,North Macedonia,North Macedonia,MK,474.57,535.19,29.16,17.02,entsoe.eu,false,
2024-12-31 01:00:00,North Macedonia,North Macedonia,MK,484.77,547.3,27.18,14.69,entsoe.eu,false,
2024-12-31 02:00:00,North Macedonia,North Macedonia,MK,518.29,583.27,22.64,9.68,entsoe.eu,false,
2024-12-31 03:00:00,North Macedonia,North Macedonia,MK,486.2,547.11,27.68,16.39,entsoe.eu,false,
2024-12-31 04:00:00,North Macedonia,North Macedonia,MK,459.83,519.21,30.44,21.81,entsoe.eu,false,
2024-12-31 05:00:00,North Macedonia,North Macedonia,MK,456.19,516.8,28.82,24.92,entsoe.eu,false,
2024-12-31 06:00:00,North Macedonia,North Macedonia,MK,399.26,468.74,29.4,28.95,entsoe.eu,false,
2024-12-31 07:00:00,North Macedonia,North Macedonia,MK,354.6,418.64,37.96,36.99,entsoe.eu,false,
2024-12-31 08:00:00,North Macedonia,North Macedonia,MK,324.98,383.42,45.12,43.4,entsoe.eu,false,
2024-12-31 09:00:00,North Macedonia,North Macedonia,MK,322.61,380.25,46.46,44.3,entsoe.eu,false,
2024-12-31 10:00:00,North Macedonia,North Macedonia,MK,323.71,380.47,47.24,44.58,entsoe.eu,false,
2024-12-31 11:00:00,North Macedonia,North Macedonia,MK,326.24,383.06,47.03,44.4,entsoe.eu,false,
2024-12-31 12:00:00,North Macedonia,North Macedonia,MK,325.35,383.32,45.94,43.72,entsoe.eu,false,
2024-12-31 13:00:00,North Macedonia,North Macedonia,MK,322.42,384.27,42.36,42.2,entsoe.eu,false,
2024-12-31 14:00:00,North Macedonia,North Macedonia,MK,358.42,428.41,33.96,33.96,entsoe.eu,false,
2024-12-31 15:00:00,North Macedonia,North Macedonia,MK,368.83,439.96,32.47,31.99,entsoe.eu,false,
2024-12-31 16:00:00,North Macedonia,North Macedonia,MK,364.36,432.65,34.85,33.49,entsoe.eu,false,
2024-12-31 17:00:00,North Macedonia,North Macedonia,MK,370.51,436.56,35.27,33.35,entsoe.eu,false,
2024-12-31 18:00:00,North Macedonia,North Macedonia,MK,375.96,441.68,33.96,33.67,entsoe.eu,false,
2024-12-31 19:00:00,North Macedonia,North Macedonia,MK,384.1,446.46,34.59,32.88,entsoe.eu,false,
2024-12-31 20:00:00,North Macedonia,North Macedonia,MK,416.87,483.25,29.72,25.91,entsoe.eu,false,
2024-12-31 21:00:00,North Macedonia,North Macedonia,MK,444.19,512.63,26.7,20.49,entsoe.eu,false,
2024-12-31 22:00:00,North Macedonia,North Macedonia,MK,461.58,525.61,28.26,19.18,entsoe.eu,false,
2024-12-31 23:00:00,North Macedonia,North Macedonia,MK,487.48,538.76,34.9,21.03,entsoe.eu,false,
