Datetime (UTC),Country,Zone name,Zone id,Carbon intensity gCO₂eq/kWh (direct),Carbon intensity gCO₂eq/kWh (Life cycle),Carbon-free energy percentage (CFE%),Renewable energy percentage (RE%),Data source,Data estimated,Data estimation method
2024-01-01 00:00:00,USA,PJM,US-MIDA-PJM,319.89,388.43,42.56,9.04,pjm.com,false,
2024-01-01 01:00:00,USA,PJM,US-MIDA-PJM,319.48,387.89,42.62,8.49,pjm.com,false,
2024-01-01 02:00:00,USA,PJM,US-MIDA-PJM,322.04,390.81,42.09,7.04,pjm.com,false,
2024-01-01 03:00:00,USA,PJM,US-MIDA-PJM,318.6,386.97,42.53,6.66,pjm.com,false,
2024-01-01 04:00:00,USA,PJM,US-MIDA-PJM,319.14,387.79,42.29,6.22,pjm.com,false,
2024-01-01 05:00:00,USA,PJM,US-MIDA-PJM,318.09,386.36,42.61,5.95,pjm.com,false,
2024-01-01 06:00:00,USA,PJM,US-MIDA-PJM,318.63,387.0,42.51,5.67,pjm.com,false,
2024-01-01 07:00:00,USA,PJM,US-MIDA-PJM,313.84,381.63,43.2,5.65,pjm.com,false,
2024-01-01 08:00:00,USA,PJM,US-MIDA-PJM,312.05,380.06,43.13,5.59,pjm.com,false,
2024-01-01 09:00:00,USA,PJM,US-MIDA-PJM,309.94,377.73,43.4,5.51,pjm.com,false,
2024-01-01 10:00:00,USA,PJM,US-MIDA-PJM,312.39,380.57,43.0,5.38,pjm.com,false,
2024-01-01 11:00:00,USA,PJM,US-MIDA-PJM,312.77,380.95,43.01,5.51,pjm.com,false,
2024-01-01 12:00:00,USA,PJM,US-MIDA-PJM,314.7,383.12,42.76,5.64,pjm.com,false,
2024-01-01 13:00:00,USA,PJM,US-MIDA-PJM,318.62,387.79,42.03,5.38,pjm.com,false,
2024-01-01 14:00:00,USA,PJM,US-MIDA-PJM,319.34,388.76,41.87,5.68,pjm.com,false,
2024-01-01 15:00:00,USA,PJM,US-MIDA-PJM,324.38,394.19,41.35,5.62,pjm.com,false,
2024-01-01 16:00:00,USA,PJM,US-MIDA-PJM,326.67,396.57,41.2,5.83,pjm.com,false,
2024-01-01 17:00:00,USA,PJM,US-MIDA-PJM,330.02,400.23,40.78,5.51,pjm.com,false,
2024-01-01 18:00:00,USA,PJM,US-MIDA-PJM,335.47,406.47,39.88,5.13,pjm.com,false,
2024-01-01 19:00:00,USA,PJM,US-MIDA-PJM,335.86,407.12,39.63,5.07,pjm.com,false,
2024-01-01 20:00:00,USA,PJM,US-MIDA-PJM,335.86,407.24,39.56,5.35,pjm.com,false,
2024-01-01 21:00:00,USA,PJM,US-MIDA-PJM,338.53,410.55,38.95,5.58,pjm.com,false,
2024-01-01 22:00:00,USA,PJM,US-MIDA-PJM,340.76,413.39,38.45,6.39,pjm.com,false,
2024-01-01 23:00:00,USA,PJM,US-MIDA-PJM,337.99,410.5,38.74,6.87,pjm.com,false,
2024-01-02 00:00:00,USA,PJM,US-MIDA-PJM,336.65,409.24,38.69,6.25,pjm.com,false,
2024-01-02 01:00:00,USA,PJM,US-MIDA-PJM,339.3,412.2,38.25,5.49,pjm.com,false,
2024-01-02 02:00:00,USA,PJM,US-MIDA-PJM,341.67,414.43,38.19,4.93,pjm.com,false,
2024-01-02 03:00:00,USA,PJM,US-MIDA-PJM,346.02,418.77,37.9,3.88,pjm.com,false,
2024-01-02 04:00:00,USA,PJM,US-MIDA-PJM,341.69,413.42,38.87,4.32,pjm.com,false,
2024-01-02 05:00:00,USA,PJM,US-MIDA-PJM,329.78,399.75,40.76,4.86,pjm.com,false,
2024-01-02 06:00:00,USA,PJM,US-MIDA-PJM,321.11,390.19,41.87,5.46,pjm.com,false,
2024-01-02 07:00:00,USA,PJM,US-MIDA-PJM,316.68,385.48,42.31,5.82,pjm.com,false,
2024-01-02 08:00:00,USA,PJM,US-MIDA-PJM,317.07,385.96,42.22,5.75,pjm.com,false,
2024-01-02 09:00:00,USA,PJM,US-MIDA-PJM,314.51,383.06,42.61,6.11,pjm.com,false,
2024-01-02 10:00:00,USA,PJM,US-MIDA-PJM,314.93,383.6,42.58,7.37,pjm.com,false,
2024-01-02 11:00:00,USA,PJM,US-MIDA-PJM,313.88,383.16,42.33,9.06,pjm.com,false,
2024-01-02 12:00:00,USA,PJM,US-MIDA-PJM,320.04,390.2,41.4,10.02,pjm.com,false,
2024-01-02 13:00:00,USA,PJM,US-MIDA-PJM,324.21,394.31,41.26,10.48,pjm.com,false,
2024-01-02 14:00:00,USA,PJM,US-MIDA-PJM,322.15,391.92,41.66,10.9,pjm.com,false,
2024-01-02 15:00:00,USA,PJM,US-MIDA-PJM,324.89,394.82,41.33,10.2,pjm.com,false,
2024-01-02 16:00:00,USA,PJM,US-MIDA-PJM,316.17,384.69,42.82,10.94,pjm.com,false,
2024-01-02 17:00:00,USA,PJM,US-MIDA-PJM,312.33,380.46,43.28,11.31,pjm.com,false,
2024-01-02 18:00:00,USA,PJM,US-MIDA-PJM,312.19,380.37,43.25,11.33,pjm.com,false,
2024-01-02 19:00:00,USA,PJM,US-MIDA-PJM,313.06,381.26,43.2,11.01,pjm.com,false,
2024-01-02 20:00:00,USA,PJM,US-MIDA-PJM,315.85,384.56,42.61,10.35,pjm.com,false,
2024-01-02 21:00:00,USA,PJM,US-MIDA-PJM,324.3,394.88,40.7,8.76,pjm.com,false,
2024-01-02 22:00:00,USA,PJM,US-MIDA-PJM,328.11,399.82,39.76,9.23,pjm.com,false,
2024-01-02 23:00:00,USA,PJM,US-MIDA-PJM,331.22,402.91,39.7,9.95,pjm.com,false,
2024-01-03 00:00:00,USA,PJM,US-MIDA-PJM,333.78,405.64,39.42,9.66,pjm.com,false,
2024-01-03 01:00:00,USA,PJM,US-MIDA-PJM,338.57,410.39,39.13,8.94,pjm.com,false,
2024-01-03 02:00:00,USA,PJM,US-MIDA-PJM,347.93,420.45,38.03,7.12,pjm.com,false,
2024-01-03 03:00:00,USA,PJM,US-MIDA-PJM,350.05,422.72,37.77,5.98,pjm.com,false,
2024-01-03 04:00:00,USA,PJM,US-MIDA-PJM,347.75,420.07,38.14,5.42,pjm.com,false,
2024-01-03 05:00:00,USA,PJM,US-MIDA-PJM,345.48,417.71,38.32,4.93,pjm.com,false,
2024-01-03 06:00:00,USA,PJM,US-MIDA-PJM,346.24,418.57,38.18,4.48,pjm.com,false,
2024-01-03 07:00:00,USA,PJM,US-MIDA-PJM,349.0,421.72,37.77,3.93,pjm.com,false,
2024-01-03 08:00:00,USA,PJM,US-MIDA-PJM,350.29,423.08,37.67,3.94,pjm.com,false,
2024-01-03 09:00:00,USA,PJM,US-MIDA-PJM,349.96,423.18,37.37,3.84,pjm.com,false,
2024-01-03 10:00:00,USA,PJM,US-MIDA-PJM,350.51,424.59,36.76,3.79,pjm.com,false,
2024-01-03 11:00:00,USA,PJM,US-MIDA-PJM,346.03,420.71,36.86,5.89,pjm.com,false,
2024-01-03 12:00:00,USA,PJM,US-MIDA-PJM,352.54,428.23,35.88,6.62,pjm.com,false,
2024-01-03 13:00:00,USA,PJM,US-MIDA-PJM,357.6,433.33,35.63,6.74,pjm.com,false,
2024-01-03 14:00:00,USA,PJM,US-MIDA-PJM,353.27,428.17,36.58,6.8,pjm.com,false,
2024-01-03 15:00:00,USA,PJM,US-MIDA-PJM,352.28,426.61,37.2,5.88,pjm.com,false,
2024-01-03 16:00:00,USA,PJM,US-MIDA-PJM,346.71,420.79,37.59,5.72,pjm.com,false,
2024-01-03 17:00:00,USA,PJM,US-MIDA-PJM,344.66,418.47,37.84,5.57,pjm.com,false,
2024-01-03 18:00:00,USA,PJM,US-MIDA-PJM,346.41,420.04,37.86,5.68,pjm.com,false,
2024-01-03 19:00:00,USA,PJM,US-MIDA-PJM,347.96,421.67,37.67,5.34,pjm.com,false,
2024-01-03 20:00:00,USA,PJM,US-MIDA-PJM,348.84,423.05,37.2,4.69,pjm.com,false,
2024-01-03 21:00:00,USA,PJM,US-MIDA-PJM,352.35,427.5,36.27,4.32,pjm.com,false,
2024-01-03 22:00:00,USA,PJM,US-MIDA-PJM,354.0,429.85,35.71,5.03,pjm.com,false,
2024-01-03 23:00:00,USA,PJM,US-MIDA-PJM,352.15,427.68,36.09,5.79,pjm.com,false,
2024-01-04 00:00:00,USA,PJM,US-MIDA-PJM,357.23,432.86,35.7,5.46,pjm.com,false,
2024-01-04 01:00:00,USA,PJM,US-MIDA-PJM,364.96,440.58,35.23,4.73,pjm.com,false,
2024-01-04 02:00:00,USA,PJM,US-MIDA-PJM,370.03,445.37,35.13,3.97,pjm.com,false,
2024-01-04 03:00:00,USA,PJM,US-MIDA-PJM,368.14,442.77,35.7,3.34,pjm.com,false,
2024-01-04 04:00:00,USA,PJM,US-MIDA-PJM,362.24,436.22,36.5,3.37,pjm.com,false,
2024-01-04 05:00:00,USA,PJM,US-MIDA-PJM,354.54,427.12,37.6,3.57,pjm.com,false,
2024-01-04 06:00:00,USA,PJM,US-MIDA-PJM,351.25,424.08,37.59,3.39,pjm.com,false,
2024-01-04 07:00:00,USA,PJM,US-MIDA-PJM,350.43,423.47,37.47,2.95,pjm.com,false,
2024-01-04 08:00:00,USA,PJM,US-MIDA-PJM,346.97,419.64,37.89,3.21,pjm.com,false,
2024-01-04 09:00:00,USA,PJM,US-MIDA-PJM,347.29,419.98,37.84,3.45,pjm.com,false,
2024-01-04 10:00:00,USA,PJM,US-MIDA-PJM,349.58,423.23,37.03,3.1,pjm.com,false,
2024-01-04 11:00:00,USA,PJM,US-MIDA-PJM,351.62,426.86,35.81,3.67,pjm.com,false,
2024-01-04 12:00:00,USA,PJM,US-MIDA-PJM,347.1,421.76,36.63,5.84,pjm.com,false,
2024-01-04 13:00:00,USA,PJM,US-MIDA-PJM,348.25,423.0,36.52,6.4,pjm.com,false,
2024-01-04 14:00:00,USA,PJM,US-MIDA-PJM,353.44,428.78,35.77,5.59,pjm.com,false,
2024-01-04 15:00:00,USA,PJM,US-MIDA-PJM,360.32,435.89,35.2,4.84,pjm.com,false,
2024-01-04 16:00:00,USA,PJM,US-MIDA-PJM,358.6,433.58,35.78,4.96,pjm.com,false,
2024-01-04 17:00:00,USA,PJM,US-MIDA-PJM,356.81,431.32,36.22,5.08,pjm.com,false,
2024-01-04 18:00:00,USA,PJM,US-MIDA-PJM,359.16,433.65,36.11,4.97,pjm.com,false,
2024-01-04 19:00:00,USA,PJM,US-MIDA-PJM,356.6,430.97,36.32,4.9,pjm.com,false,
2024-01-04 20:00:00,USA,PJM,US-MIDA-PJM,354.5,429.03,36.34,4.91,pjm.com,false,
2024-01-04 21:00:00,USA,PJM,US-MIDA-PJM,356.87,432.17,35.65,4.43,pjm.com,false,
2024-01-04 22:00:00,USA,PJM,US-MIDA-PJM,352.78,428.01,36.05,6.09,pjm.com,false,
2024-01-04 23:00:00,USA,PJM,US-MIDA-PJM,358.06,433.76,35.43,6.29,pjm.com,false,
2024-01-05 00:00:00,USA,PJM,US-MIDA-PJM,361.55,437.35,35.16,6.14,pjm.com,false,
2024-01-05 01:00:00,USA,PJM,US-MIDA-PJM,364.05,439.58,35.21,5.98,pjm.com,false,
2024-01-05 02:00:00,USA,PJM,US-MIDA-PJM,366.6,442.25,34.93,5.25,pjm.com,false,
2024-01-05 03:00:00,USA,PJM,US-MIDA-PJM,375.72,451.94,33.87,3.47,pjm.com,false,
2024-01-05 04:00:00,USA,PJM,US-MIDA-PJM,380.19,455.97,33.92,2.79,pjm.com,false,
2024-01-05 05:00:00,USA,PJM,US-MIDA-PJM,376.2,451.16,34.73,2.74,pjm.com,false,
2024-01-05 06:00:00,USA,PJM,US-MIDA-PJM,370.15,444.74,35.29,2.88,pjm.com,false,
2024-01-05 07:00:00,USA,PJM,US-MIDA-PJM,369.3,443.87,35.35,2.95,pjm.com,false,
2024-01-05 08:00:00,USA,PJM,US-MIDA-PJM,366.6,441.09,35.54,3.07,pjm.com,false,
2024-01-05 09:00:00,USA,PJM,US-MIDA-PJM,360.39,434.49,36.22,4.19,pjm.com,false,
2024-01-05 10:00:00,USA,PJM,US-MIDA-PJM,360.04,434.92,35.76,4.87,pjm.com,false,
2024-01-05 11:00:00,USA,PJM,US-MIDA-PJM,359.37,435.16,35.2,5.94,pjm.com,false,
2024-01-05 12:00:00,USA,PJM,US-MIDA-PJM,363.93,440.2,34.69,6.65,pjm.com,false,
2024-01-05 13:00:00,USA,PJM,US-MIDA-PJM,366.63,442.39,35.04,7.18,pjm.com,false,
2024-01-05 14:00:00,USA,PJM,US-MIDA-PJM,362.28,437.24,35.9,6.97,pjm.com,false,
2024-01-05 15:00:00,USA,PJM,US-MIDA-PJM,359.31,433.64,36.53,6.43,pjm.com,false,
2024-01-05 16:00:00,USA,PJM,US-MIDA-PJM,356.85,430.96,36.8,5.84,pjm.com,false,
2024-01-05 17:00:00,USA,PJM,US-MIDA-PJM,352.88,426.34,37.44,5.59,pjm.com,false,
2024-01-05 18:00:00,USA,PJM,US-MIDA-PJM,350.45,423.42,37.94,5.84,pjm.com,false,
2024-01-05 19:00:00,USA,PJM,US-MIDA-PJM,347.69,420.08,38.5,6.2,pjm.com,false,
2024-01-05 20:00:00,USA,PJM,US-MIDA-PJM,352.23,425.82,37.29,5.0,pjm.com,false,
2024-01-05 21:00:00,USA,PJM,US-MIDA-PJM,360.81,435.84,35.62,3.63,pjm.com,false,
2024-01-05 22:00:00,USA,PJM,US-MIDA-PJM,357.18,431.89,36.1,5.57,pjm.com,false,
2024-01-05 23:00:00,USA,PJM,US-MIDA-PJM,359.57,434.5,35.76,5.72,pjm.com,false,
2024-01-06 00:00:00,USA,PJM,US-MIDA-PJM,358.83,433.69,35.8,5.6,pjm.com,false,
2024-01-06 01:00:00,USA,PJM,US-MIDA-PJM,361.85,436.94,35.43,4.86,pjm.com,false,
2024-01-06 02:00:00,USA,PJM,US-MIDA-PJM,365.13,440.28,35.19,3.88,pjm.com,false,
2024-01-06 03:00:00,USA,PJM,US-MIDA-PJM,364.94,439.5,35.61,3.3,pjm.com,false,
2024-01-06 04:00:00,USA,PJM,US-MIDA-PJM,360.01,433.65,36.53,3.32,pjm.com,false,
2024-01-06 05:00:00,USA,PJM,US-MIDA-PJM,356.7,429.63,37.22,3.33,pjm.com,false,
2024-01-06 06:00:00,USA,PJM,US-MIDA-PJM,356.9,429.42,37.51,3.09,pjm.com,false,
2024-01-06 07:00:00,USA,PJM,US-MIDA-PJM,354.96,427.23,37.81,2.95,pjm.com,false,
2024-01-06 08:00:00,USA,PJM,US-MIDA-PJM,349.23,421.21,38.36,3.22,pjm.com,false,
2024-01-06 09:00:00,USA,PJM,US-MIDA-PJM,350.99,423.42,37.94,3.03,pjm.com,false,
2024-01-06 10:00:00,USA,PJM,US-MIDA-PJM,352.41,425.11,37.66,2.77,pjm.com,false,
2024-01-06 11:00:00,USA,PJM,US-MIDA-PJM,352.25,424.82,37.76,2.86,pjm.com,false,
2024-01-06 12:00:00,USA,PJM,US-MIDA-PJM,350.75,423.5,37.73,3.43,pjm.com,false,
2024-01-06 13:00:00,USA,PJM,US-MIDA-PJM,354.42,428.16,36.81,3.44,pjm.com,false,
2024-01-06 14:00:00,USA,PJM,US-MIDA-PJM,352.5,426.25,36.98,4.22,pjm.com,false,
2024-01-06 15:00:00,USA,PJM,US-MIDA-PJM,354.42,428.73,36.49,4.61,pjm.com,false,
2024-01-06 16:00:00,USA,PJM,US-MIDA-PJM,361.25,435.84,35.91,4.21,pjm.com,false,
2024-01-06 17:00:00,USA,PJM,US-MIDA-PJM,366.22,440.85,35.6,3.99,pjm.com,false,
2024-01-06 18:00:00,USA,PJM,US-MIDA-PJM,371.68,446.64,35.02,3.19,pjm.com,false,
2024-01-06 19:00:00,USA,PJM,US-MIDA-PJM,370.76,445.54,35.17,2.77,pjm.com,false,
2024-01-06 20:00:00,USA,PJM,US-MIDA-PJM,362.06,436.5,35.91,3.23,pjm.com,false,
2024-01-06 21:00:00,USA,PJM,US-MIDA-PJM,360.38,434.97,35.9,3.24,pjm.com,false,
2024-01-06 22:00:00,USA,PJM,US-MIDA-PJM,356.5,430.75,36.46,4.42,pjm.com,false,
2024-01-06 23:00:00,USA,PJM,US-MIDA-PJM,360.34,434.9,35.99,3.94,pjm.com,false,
2024-01-07 00:00:00,USA,PJM,US-MIDA-PJM,362.32,436.74,35.93,3.47,pjm.com,false,
2024-01-07 01:00:00,USA,PJM,US-MIDA-PJM,359.93,433.83,36.42,3.26,pjm.com,false,
2024-01-07 02:00:00,USA,PJM,US-MIDA-PJM,356.71,430.4,36.68,2.63,pjm.com,false,
2024-01-07 03:00:00,USA,PJM,US-MIDA-PJM,354.28,427.6,37.06,2.14,pjm.com,false,
2024-01-07 04:00:00,USA,PJM,US-MIDA-PJM,348.86,421.73,37.67,2.17,pjm.com,false,
2024-01-07 05:00:00,USA,PJM,US-MIDA-PJM,346.94,418.64,38.66,2.6,pjm.com,false,
2024-01-07 06:00:00,USA,PJM,US-MIDA-PJM,341.39,412.02,39.7,2.92,pjm.com,false,
2024-01-07 07:00:00,USA,PJM,US-MIDA-PJM,338.18,408.39,40.19,3.11,pjm.com,false,
2024-01-07 08:00:00,USA,PJM,US-MIDA-PJM,336.74,406.75,40.43,3.61,pjm.com,false,
2024-01-07 09:00:00,USA,PJM,US-MIDA-PJM,333.51,402.99,40.98,4.12,pjm.com,false,
2024-01-07 10:00:00,USA,PJM,US-MIDA-PJM,331.88,401.26,41.14,4.66,pjm.com,false,
2024-01-07 11:00:00,USA,PJM,US-MIDA-PJM,330.17,399.24,41.46,5.14,pjm.com,false,
2024-01-07 12:00:00,USA,PJM,US-MIDA-PJM,328.97,398.1,41.52,5.81,pjm.com,false,
2024-01-07 13:00:00,USA,PJM,US-MIDA-PJM,331.63,401.17,41.12,6.34,pjm.com,false,
2024-01-07 14:00:00,USA,PJM,US-MIDA-PJM,330.44,399.52,41.63,7.34,pjm.com,false,
2024-01-07 15:00:00,USA,PJM,US-MIDA-PJM,328.17,396.69,42.24,8.03,pjm.com,false,
2024-01-07 16:00:00,USA,PJM,US-MIDA-PJM,327.82,396.08,42.46,8.26,pjm.com,false,
2024-01-07 17:00:00,USA,PJM,US-MIDA-PJM,327.88,395.88,42.63,8.37,pjm.com,false,
2024-01-07 18:00:00,USA,PJM,US-MIDA-PJM,327.53,395.6,42.57,8.22,pjm.com,false,
2024-01-07 19:00:00,USA,PJM,US-MIDA-PJM,331.13,400.25,41.51,7.41,pjm.com,false,
2024-01-07 20:00:00,USA,PJM,US-MIDA-PJM,330.56,399.76,41.44,7.16,pjm.com,false,
2024-01-07 21:00:00,USA,PJM,US-MIDA-PJM,327.73,397.19,41.41,7.56,pjm.com,false,
2024-01-07 22:00:00,USA,PJM,US-MIDA-PJM,329.29,399.63,40.76,8.3,pjm.com,false,
2024-01-07 23:00:00,USA,PJM,US-MIDA-PJM,339.84,411.94,38.93,7.23,pjm.com,false,
2024-01-08 00:00:00,USA,PJM,US-MIDA-PJM,344.49,416.97,38.4,6.38,pjm.com,false,
2024-01-08 01:00:00,USA,PJM,US-MIDA-PJM,350.44,423.46,37.62,5.25,pjm.com,false,
2024-01-08 02:00:00,USA,PJM,US-MIDA-PJM,353.33,426.83,37.04,3.78,pjm.com,false,
2024-01-08 03:00:00,USA,PJM,US-MIDA-PJM,350.99,423.83,37.62,3.25,pjm.com,false,
2024-01-08 04:00:00,USA,PJM,US-MIDA-PJM,345.19,416.88,38.78,3.38,pjm.com,false,
2024-01-08 05:00:00,USA,PJM,US-MIDA-PJM,340.05,411.17,39.47,3.26,pjm.com,false,
2024-01-08 06:00:00,USA,PJM,US-MIDA-PJM,339.31,410.53,39.39,3.21,pjm.com,false,
2024-01-08 07:00:00,USA,PJM,US-MIDA-PJM,341.04,412.38,39.21,2.99,pjm.com,false,
2024-01-08 08:00:00,USA,PJM,US-MIDA-PJM,341.36,412.66,39.26,3.08,pjm.com,false,
2024-01-08 09:00:00,USA,PJM,US-MIDA-PJM,341.9,413.16,39.26,3.23,pjm.com,false,
2024-01-08 10:00:00,USA,PJM,US-MIDA-PJM,343.26,415.27,38.68,3.71,pjm.com,false,
2024-01-08 11:00:00,USA,PJM,US-MIDA-PJM,342.51,414.87,38.62,6.02,pjm.com,false,
2024-01-08 12:00:00,USA,PJM,US-MIDA-PJM,346.05,418.66,38.31,7.3,pjm.com,false,
2024-01-08 13:00:00,USA,PJM,US-MIDA-PJM,350.2,422.49,38.33,7.78,pjm.com,false,
2024-01-08 14:00:00,USA,PJM,US-MIDA-PJM,346.95,417.79,39.59,8.39,pjm.com,false,
2024-01-08 15:00:00,USA,PJM,US-MIDA-PJM,342.42,412.08,40.73,8.82,pjm.com,false,
2024-01-08 16:00:00,USA,PJM,US-MIDA-PJM,340.49,410.08,40.84,8.68,pjm.com,false,
2024-01-08 17:00:00,USA,PJM,US-MIDA-PJM,341.06,410.68,40.82,8.33,pjm.com,false,
2024-01-08 18:00:00,USA,PJM,US-MIDA-PJM,342.18,412.53,40.24,7.72,pjm.com,false,
2024-01-08 19:00:00,USA,PJM,US-MIDA-PJM,342.77,413.26,40.09,7.49,pjm.com,false,
2024-01-08 20:00:00,USA,PJM,US-MIDA-PJM,341.68,412.05,40.15,7.58,pjm.com,false,
2024-01-08 21:00:00,USA,PJM,US-MIDA-PJM,341.89,412.16,40.1,7.62,pjm.com,false,
2024-01-08 22:00:00,USA,PJM,US-MIDA-PJM,335.73,405.46,40.86,9.54,pjm.com,false,
2024-01-08 23:00:00,USA,PJM,US-MIDA-PJM,332.06,401.17,41.5,10.92,pjm.com,false,
2024-01-09 00:00:00,USA,PJM,US-MIDA-PJM,330.66,399.38,41.76,11.0,pjm.com,false,
2024-01-09 01:00:00,USA,PJM,US-MIDA-PJM,332.49,401.02,41.77,10.64,pjm.com,false,
2024-01-09 02:00:00,USA,PJM,US-MIDA-PJM,335.14,403.85,41.47,9.77,pjm.com,false,
2024-01-09 03:00:00,USA,PJM,US-MIDA-PJM,332.94,401.25,41.84,8.91,pjm.com,false,
2024-01-09 04:00:00,USA,PJM,US-MIDA-PJM,328.81,396.43,42.57,8.57,pjm.com,false,
2024-01-09 05:00:00,USA,PJM,US-MIDA-PJM,320.48,386.64,44.06,9.32,pjm.com,false,
2024-01-09 06:00:00,USA,PJM,US-MIDA-PJM,319.49,385.58,44.14,9.42,pjm.com,false,
2024-01-09 07:00:00,USA,PJM,US-MIDA-PJM,316.84,382.29,44.76,9.69,pjm.com,false,
2024-01-09 08:00:00,USA,PJM,US-MIDA-PJM,312.79,377.08,45.82,10.47,pjm.com,false,
2024-01-09 09:00:00,USA,PJM,US-MIDA-PJM,312.96,377.43,45.68,10.49,pjm.com,false,
2024-01-09 10:00:00,USA,PJM,US-MIDA-PJM,317.74,383.63,44.39,10.17,pjm.com,false,
2024-01-09 11:00:00,USA,PJM,US-MIDA-PJM,322.06,388.69,43.68,10.92,pjm.com,false,
2024-01-09 12:00:00,USA,PJM,US-MIDA-PJM,323.17,390.34,43.31,12.03,pjm.com,false,
2024-01-09 13:00:00,USA,PJM,US-MIDA-PJM,327.83,395.81,42.48,11.67,pjm.com,false,
2024-01-09 14:00:00,USA,PJM,US-MIDA-PJM,331.05,399.38,42.07,11.35,pjm.com,false,
2024-01-09 15:00:00,USA,PJM,US-MIDA-PJM,335.29,404.4,41.27,10.55,pjm.com,false,
2024-01-09 16:00:00,USA,PJM,US-MIDA-PJM,340.56,411.07,40.04,9.11,pjm.com,false,
2024-01-09 17:00:00,USA,PJM,US-MIDA-PJM,344.37,415.44,39.45,8.25,pjm.com,false,
2024-01-09 18:00:00,USA,PJM,US-MIDA-PJM,345.41,416.55,39.32,7.55,pjm.com,false,
2024-01-09 19:00:00,USA,PJM,US-MIDA-PJM,345.59,416.82,39.2,6.85,pjm.com,false,
2024-01-09 20:00:00,USA,PJM,US-MIDA-PJM,341.67,412.1,39.99,7.26,pjm.com,false,
2024-01-09 21:00:00,USA,PJM,US-MIDA-PJM,337.32,406.85,40.87,8.1,pjm.com,false,
2024-01-09 22:00:00,USA,PJM,US-MIDA-PJM,330.11,398.65,42.12,10.27,pjm.com,false,
2024-01-09 23:00:00,USA,PJM,US-MIDA-PJM,330.36,399.05,41.96,10.35,pjm.com,false,
2024-01-10 00:00:00,USA,PJM,US-MIDA-PJM,328.57,396.52,42.52,10.42,pjm.com,false,
2024-01-10 01:00:00,USA,PJM,US-MIDA-PJM,326.66,393.44,43.34,10.63,pjm.com,false,
2024-01-10 02:00:00,USA,PJM,US-MIDA-PJM,323.53,389.45,44.11,10.76,pjm.com,false,
2024-01-10 03:00:00,USA,PJM,US-MIDA-PJM,319.71,384.85,44.81,10.72,pjm.com,false,
2024-01-10 04:00:00,USA,PJM,US-MIDA-PJM,311.71,375.13,46.47,10.97,pjm.com,false,
2024-01-10 05:00:00,USA,PJM,US-MIDA-PJM,307.45,370.06,47.28,11.41,pjm.com,false,
2024-01-10 06:00:00,USA,PJM,US-MIDA-PJM,307.03,369.77,47.2,11.57,pjm.com,false,
2024-01-10 07:00:00,USA,PJM,US-MIDA-PJM,306.7,369.06,47.52,11.66,pjm.com,false,
2024-01-10 08:00:00,USA,PJM,US-MIDA-PJM,308.36,371.18,47.09,11.49,pjm.com,false,
2024-01-10 09:00:00,USA,PJM,US-MIDA-PJM,312.24,376.09,46.12,11.1,pjm.com,false,
2024-01-10 10:00:00,USA,PJM,US-MIDA-PJM,318.99,384.51,44.53,10.68,pjm.com,false,
2024-01-10 11:00:00,USA,PJM,US-MIDA-PJM,328.05,395.23,42.89,10.38,pjm.com,false,
2024-01-10 12:00:00,USA,PJM,US-MIDA-PJM,339.01,406.87,41.91,10.8,pjm.com,false,
2024-01-10 13:00:00,USA,PJM,US-MIDA-PJM,343.62,411.82,41.46,10.63,pjm.com,false,
2024-01-10 14:00:00,USA,PJM,US-MIDA-PJM,340.51,407.67,42.53,11.18,pjm.com,false,
2024-01-10 15:00:00,USA,PJM,US-MIDA-PJM,343.08,410.61,42.17,10.72,pjm.com,false,
2024-01-10 16:00:00,USA,PJM,US-MIDA-PJM,349.99,418.38,41.11,9.57,pjm.com,false,
2024-01-10 17:00:00,USA,PJM,US-MIDA-PJM,352.34,420.72,40.94,9.35,pjm.com,false,
2024-01-10 18:00:00,USA,PJM,US-MIDA-PJM,352.83,420.87,41.17,9.68,pjm.com,false,
2024-01-10 19:00:00,USA,PJM,US-MIDA-PJM,348.38,416.19,41.57,10.15,pjm.com,false,
2024-01-10 20:00:00,USA,PJM,US-MIDA-PJM,349.8,418.06,41.15,9.53,pjm.com,false,
2024-01-10 21:00:00,USA,PJM,US-MIDA-PJM,363.43,433.49,39.08,7.85,pjm.com,false,
2024-01-10 22:00:00,USA,PJM,US-MIDA-PJM,361.87,432.07,39.15,8.94,pjm.com,false,
2024-01-10 23:00:00,USA,PJM,US-MIDA-PJM,361.91,432.25,39.01,9.28,pjm.com,false,
2024-01-11 00:00:00,USA,PJM,US-MIDA-PJM,358.18,427.9,39.64,9.79,pjm.com,false,
2024-01-11 01:00:00,USA,PJM,US-MIDA-PJM,362.56,432.22,39.36,9.21,pjm.com,false,
2024-01-11 02:00:00,USA,PJM,US-MIDA-PJM,367.08,436.74,39.07,8.31,pjm.com,false,
2024-01-11 03:00:00,USA,PJM,US-MIDA-PJM,363.97,432.87,39.75,8.08,pjm.com,false,
2024-01-11 04:00:00,USA,PJM,US-MIDA-PJM,354.52,422.17,41.16,8.35,pjm.com,false,
2024-01-11 05:00:00,USA,PJM,US-MIDA-PJM,347.48,414.86,41.74,7.91,pjm.com,false,
2024-01-11 06:00:00,USA,PJM,US-MIDA-PJM,344.99,412.72,41.61,7.48,pjm.com,false,
2024-01-11 07:00:00,USA,PJM,US-MIDA-PJM,342.44,409.77,42.05,7.88,pjm.com,false,
2024-01-11 08:00:00,USA,PJM,US-MIDA-PJM,340.1,406.96,42.52,8.59,pjm.com,false,
2024-01-11 09:00:00,USA,PJM,US-MIDA-PJM,337.53,404.07,42.9,9.1,pjm.com,false,
2024-01-11 10:00:00,USA,PJM,US-MIDA-PJM,337.3,404.36,42.58,10.1,pjm.com,false,
2024-01-11 11:00:00,USA,PJM,US-MIDA-PJM,342.49,410.68,41.6,11.17,pjm.com,false,
2024-01-11 12:00:00,USA,PJM,US-MIDA-PJM,350.95,420.0,40.57,11.46,pjm.com,false,
2024-01-11 13:00:00,USA,PJM,US-MIDA-PJM,351.42,420.81,40.3,11.47,pjm.com,false,
2024-01-11 14:00:00,USA,PJM,US-MIDA-PJM,346.69,414.57,41.74,11.98,pjm.com,false,
2024-01-11 15:00:00,USA,PJM,US-MIDA-PJM,350.74,418.92,41.29,10.86,pjm.com,false,
2024-01-11 16:00:00,USA,PJM,US-MIDA-PJM,354.15,422.49,40.96,9.97,pjm.com,false,
2024-01-11 17:00:00,USA,PJM,US-MIDA-PJM,358.34,426.88,40.64,9.09,pjm.com,false,
2024-01-11 18:00:00,USA,PJM,US-MIDA-PJM,357.28,425.44,40.99,9.04,pjm.com,false,
2024-01-11 19:00:00,USA,PJM,US-MIDA-PJM,357.12,424.97,41.25,9.01,pjm.com,false,
2024-01-11 20:00:00,USA,PJM,US-MIDA-PJM,361.35,429.4,40.86,8.05,pjm.com,false,
2024-01-11 21:00:00,USA,PJM,US-MIDA-PJM,368.88,439.01,38.83,6.27,pjm.com,false,
2024-01-11 22:00:00,USA,PJM,US-MIDA-PJM,371.44,443.26,37.48,6.26,pjm.com,false,
2024-01-11 23:00:00,USA,PJM,US-MIDA-PJM,380.02,452.68,36.39,6.22,pjm.com,false,
2024-01-12 00:00:00,USA,PJM,US-MIDA-PJM,384.26,457.23,35.89,5.58,pjm.com,false,
2024-01-12 01:00:00,USA,PJM,US-MIDA-PJM,387.44,460.64,35.44,4.77,pjm.com,false,
2024-01-12 02:00:00,USA,PJM,US-MIDA-PJM,380.92,453.6,36.09,4.75,pjm.com,false,
2024-01-12 03:00:00,USA,PJM,US-MIDA-PJM,377.23,448.51,37.28,5.08,pjm.com,false,
2024-01-12 04:00:00,USA,PJM,US-MIDA-PJM,369.09,438.7,38.93,6.04,pjm.com,false,
2024-01-12 05:00:00,USA,PJM,US-MIDA-PJM,360.58,428.72,40.45,7.1,pjm.com,false,
2024-01-12 06:00:00,USA,PJM,US-MIDA-PJM,357.18,425.28,40.66,7.1,pjm.com,false,
2024-01-12 07:00:00,USA,PJM,US-MIDA-PJM,353.89,421.35,41.29,7.62,pjm.com,false,
2024-01-12 08:00:00,USA,PJM,US-MIDA-PJM,352.26,419.14,41.82,7.8,pjm.com,false,
2024-01-12 09:00:00,USA,PJM,US-MIDA-PJM,345.55,411.36,42.91,8.71,pjm.com,false,
2024-01-12 10:00:00,USA,PJM,US-MIDA-PJM,345.43,412.02,42.41,9.56,pjm.com,false,
2024-01-12 11:00:00,USA,PJM,US-MIDA-PJM,344.97,412.27,42.1,11.3,pjm.com,false,
2024-01-12 12:00:00,USA,PJM,US-MIDA-PJM,352.19,420.29,41.24,11.75,pjm.com,false,
2024-01-12 13:00:00,USA,PJM,US-MIDA-PJM,353.88,422.12,40.95,11.4,pjm.com,false,
2024-01-12 14:00:00,USA,PJM,US-MIDA-PJM,352.73,420.51,41.47,11.06,pjm.com,false,
2024-01-12 15:00:00,USA,PJM,US-MIDA-PJM,347.67,413.99,42.88,11.53,pjm.com,false,
2024-01-12 16:00:00,USA,PJM,US-MIDA-PJM,344.73,410.43,43.38,11.33,pjm.com,false,
2024-01-12 17:00:00,USA,PJM,US-MIDA-PJM,344.12,410.31,43.02,10.76,pjm.com,false,
2024-01-12 18:00:00,USA,PJM,US-MIDA-PJM,349.95,417.08,41.97,9.9,pjm.com,false,
2024-01-12 19:00:00,USA,PJM,US-MIDA-PJM,355.99,423.77,41.1,9.11,pjm.com,false,
2024-01-12 20:00:00,USA,PJM,US-MIDA-PJM,358.73,426.83,40.7,8.81,pjm.com,false,
2024-01-12 21:00:00,USA,PJM,US-MIDA-PJM,359.11,427.65,40.3,8.66,pjm.com,false,
2024-01-12 22:00:00,USA,PJM,US-MIDA-PJM,358.32,427.0,40.27,9.2,pjm.com,false,
2024-01-12 23:00:00,USA,PJM,US-MIDA-PJM,354.63,422.65,40.93,9.91,pjm.com,false,
2024-01-13 00:00:00,USA,PJM,US-MIDA-PJM,346.49,412.58,42.76,11.02,pjm.com,false,
2024-01-13 01:00:00,USA,PJM,US-MIDA-PJM,343.64,409.1,43.35,11.02,pjm.com,false,
2024-01-13 02:00:00,USA,PJM,US-MIDA-PJM,338.96,404.2,43.69,10.54,pjm.com,false,
2024-01-13 03:00:00,USA,PJM,US-MIDA-PJM,338.11,402.95,44.02,9.79,pjm.com,false,
2024-01-13 04:00:00,USA,PJM,US-MIDA-PJM,334.18,397.93,45.03,10.1,pjm.com,false,
2024-01-13 05:00:00,USA,PJM,US-MIDA-PJM,331.37,393.39,46.45,10.62,pjm.com,false,
2024-01-13 06:00:00,USA,PJM,US-MIDA-PJM,329.43,391.07,46.81,10.88,pjm.com,false,
2024-01-13 07:00:00,USA,PJM,US-MIDA-PJM,328.28,389.07,47.49,11.07,pjm.com,false,
2024-01-13 08:00:00,USA,PJM,US-MIDA-PJM,324.76,384.81,48.22,11.23,pjm.com,false,
2024-01-13 09:00:00,USA,PJM,US-MIDA-PJM,323.78,384.04,48.11,11.35,pjm.com,false,
2024-01-13 10:00:00,USA,PJM,US-MIDA-PJM,324.49,384.98,47.9,11.44,pjm.com,false,
2024-01-13 11:00:00,USA,PJM,US-MIDA-PJM,329.66,391.21,46.85,11.33,pjm.com,false,
2024-01-13 12:00:00,USA,PJM,US-MIDA-PJM,333.63,396.91,45.34,10.97,pjm.com,false,
2024-01-13 13:00:00,USA,PJM,US-MIDA-PJM,334.03,397.4,45.36,11.75,pjm.com,false,
2024-01-13 14:00:00,USA,PJM,US-MIDA-PJM,328.34,390.64,46.6,13.34,pjm.com,false,
2024-01-13 15:00:00,USA,PJM,US-MIDA-PJM,332.16,394.39,46.5,13.77,pjm.com,false,
2024-01-13 16:00:00,USA,PJM,US-MIDA-PJM,336.58,398.25,46.73,14.02,pjm.com,false,
2024-01-13 17:00:00,USA,PJM,US-MIDA-PJM,335.25,396.67,46.97,13.94,pjm.com,false,
2024-01-13 18:00:00,USA,PJM,US-MIDA-PJM,331.37,392.48,47.41,14.08,pjm.com,false,
2024-01-13 19:00:00,USA,PJM,US-MIDA-PJM,328.07,388.97,47.79,14.35,pjm.com,false,
2024-01-13 20:00:00,USA,PJM,US-MIDA-PJM,334.06,396.28,46.47,13.65,pjm.com,false,
2024-01-13 21:00:00,USA,PJM,US-MIDA-PJM,350.35,414.67,43.93,11.97,pjm.com,false,
2024-01-13 22:00:00,USA,PJM,US-MIDA-PJM,356.26,421.59,42.87,12.24,pjm.com,false,
2024-01-13 23:00:00,USA,PJM,US-MIDA-PJM,361.44,427.36,42.19,12.31,pjm.com,false,
2024-01-14 00:00:00,USA,PJM,US-MIDA-PJM,359.13,425.2,42.19,12.21,pjm.com,false,
2024-01-14 01:00:00,USA,PJM,US-MIDA-PJM,370.69,437.42,41.01,11.03,pjm.com,false,
2024-01-14 02:00:00,USA,PJM,US-MIDA-PJM,378.06,444.99,40.38,10.01,pjm.com,false,
2024-01-14 03:00:00,USA,PJM,US-MIDA-PJM,376.65,443.13,40.76,9.75,pjm.com,false,
2024-01-14 04:00:00,USA,PJM,US-MIDA-PJM,370.96,436.87,41.47,9.84,pjm.com,false,
2024-01-14 05:00:00,USA,PJM,US-MIDA-PJM,370.59,435.64,42.22,9.94,pjm.com,false,
2024-01-14 06:00:00,USA,PJM,US-MIDA-PJM,369.84,434.62,42.46,9.88,pjm.com,false,
2024-01-14 07:00:00,USA,PJM,US-MIDA-PJM,371.81,436.61,42.33,9.72,pjm.com,false,
2024-01-14 08:00:00,USA,PJM,US-MIDA-PJM,378.25,443.08,41.96,9.49,pjm.com,false,
2024-01-14 09:00:00,USA,PJM,US-MIDA-PJM,384.47,449.49,41.48,9.26,pjm.com,false,
2024-01-14 10:00:00,USA,PJM,US-MIDA-PJM,380.72,446.26,41.29,9.21,pjm.com,false,
2024-01-14 11:00:00,USA,PJM,US-MIDA-PJM,383.3,449.56,40.62,8.99,pjm.com,false,
2024-01-14 12:00:00,USA,PJM,US-MIDA-PJM,391.87,458.98,39.56,8.87,pjm.com,false,
2024-01-14 13:00:00,USA,PJM,US-MIDA-PJM,396.14,463.21,39.47,9.45,pjm.com,false,
2024-01-14 14:00:00,USA,PJM,US-MIDA-PJM,381.9,447.28,41.67,11.32,pjm.com,false,
2024-01-14 15:00:00,USA,PJM,US-MIDA-PJM,373.87,438.64,42.76,11.87,pjm.com,false,
2024-01-14 16:00:00,USA,PJM,US-MIDA-PJM,371.6,436.27,43.06,11.75,pjm.com,false,
2024-01-14 17:00:00,USA,PJM,US-MIDA-PJM,375.51,440.59,42.6,11.46,pjm.com,false,
2024-01-14 18:00:00,USA,PJM,US-MIDA-PJM,374.72,439.73,42.79,11.31,pjm.com,false,
2024-01-14 19:00:00,USA,PJM,US-MIDA-PJM,369.39,434.26,43.29,11.6,pjm.com,false,
2024-01-14 20:00:00,USA,PJM,US-MIDA-PJM,368.36,433.51,43.09,11.31,pjm.com,false,
2024-01-14 21:00:00,USA,PJM,US-MIDA-PJM,384.94,453.33,39.79,9.26,pjm.com,false,
2024-01-14 22:00:00,USA,PJM,US-MIDA-PJM,407.46,479.06,36.37,7.36,pjm.com,false,
2024-01-14 23:00:00,USA,PJM,US-MIDA-PJM,420.6,494.06,34.53,6.65,pjm.com,false,
2024-01-15 00:00:00,USA,PJM,US-MIDA-PJM,426.7,500.12,34.32,6.51,pjm.com,false,
2024-01-15 01:00:00,USA,PJM,US-MIDA-PJM,428.07,501.77,33.91,6.13,pjm.com,false,
2024-01-15 02:00:00,USA,PJM,US-MIDA-PJM,433.25,507.37,33.23,4.67,pjm.com,false,
2024-01-15 03:00:00,USA,PJM,US-MIDA-PJM,436.92,510.54,33.18,3.87,pjm.com,false,
2024-01-15 04:00:00,USA,PJM,US-MIDA-PJM,436.23,508.75,33.93,3.96,pjm.com,false,
2024-01-15 05:00:00,USA,PJM,US-MIDA-PJM,434.1,505.54,34.66,4.33,pjm.com,false,
2024-01-15 06:00:00,USA,PJM,US-MIDA-PJM,436.0,507.49,34.44,4.28,pjm.com,false,
2024-01-15 07:00:00,USA,PJM,US-MIDA-PJM,435.31,506.62,34.63,4.34,pjm.com,false,
2024-01-15 08:00:00,USA,PJM,US-MIDA-PJM,434.04,505.55,34.4,4.12,pjm.com,false,
2024-01-15 09:00:00,USA,PJM,US-MIDA-PJM,434.41,506.65,33.7,3.79,pjm.com,false,
2024-01-15 10:00:00,USA,PJM,US-MIDA-PJM,436.51,509.93,32.91,3.4,pjm.com,false,
2024-01-15 11:00:00,USA,PJM,US-MIDA-PJM,438.82,514.14,31.93,3.47,pjm.com,false,
2024-01-15 12:00:00,USA,PJM,US-MIDA-PJM,436.97,513.56,31.24,4.01,pjm.com,false,
2024-01-15 13:00:00,USA,PJM,US-MIDA-PJM,438.49,515.91,30.76,3.98,pjm.com,false,
2024-01-15 14:00:00,USA,PJM,US-MIDA-PJM,439.91,517.71,30.49,4.02,pjm.com,false,
2024-01-15 15:00:00,USA,PJM,US-MIDA-PJM,441.49,519.62,30.28,4.08,pjm.com,false,
2024-01-15 16:00:00,USA,PJM,US-MIDA-PJM,439.8,517.79,30.43,4.11,pjm.com,false,
2024-01-15 17:00:00,USA,PJM,US-MIDA-PJM,437.26,514.36,30.91,4.21,pjm.com,false,
2024-01-15 18:00:00,USA,PJM,US-MIDA-PJM,438.35,514.89,30.9,3.76,pjm.com,false,
2024-01-15 19:00:00,USA,PJM,US-MIDA-PJM,441.25,517.59,30.86,3.48,pjm.com,false,
2024-01-15 20:00:00,USA,PJM,US-MIDA-PJM,442.93,519.39,30.64,3.29,pjm.com,false,
2024-01-15 21:00:00,USA,PJM,US-MIDA-PJM,442.87,519.64,30.6,3.58,pjm.com,false,
2024-01-15 22:00:00,USA,PJM,US-MIDA-PJM,440.47,517.66,30.6,4.23,pjm.com,false,
2024-01-15 23:00:00,USA,PJM,US-MIDA-PJM,438.3,516.4,30.03,4.06,pjm.com,false,
2024-01-16 00:00:00,USA,PJM,US-MIDA-PJM,436.88,514.47,30.25,4.19,pjm.com,false,
2024-01-16 01:00:00,USA,PJM,US-MIDA-PJM,437.92,515.3,30.21,3.99,pjm.com,false,
2024-01-16 02:00:00,USA,PJM,US-MIDA-PJM,440.73,517.63,30.38,3.55,pjm.com,false,
2024-01-16 03:00:00,USA,PJM,US-MIDA-PJM,441.63,517.68,30.94,3.43,pjm.com,false,
2024-01-16 04:00:00,USA,PJM,US-MIDA-PJM,441.89,516.59,31.94,3.59,pjm.com,false,
2024-01-16 05:00:00,USA,PJM,US-MIDA-PJM,439.77,512.59,33.45,4.35,pjm.com,false,
2024-01-16 06:00:00,USA,PJM,US-MIDA-PJM,437.95,509.81,34.26,4.7,pjm.com,false,
2024-01-16 07:00:00,USA,PJM,US-MIDA-PJM,436.05,507.43,34.74,4.82,pjm.com,false,
2024-01-16 08:00:00,USA,PJM,US-MIDA-PJM,432.73,503.94,35.03,4.98,pjm.com,false,
2024-01-16 09:00:00,USA,PJM,US-MIDA-PJM,431.05,502.57,34.87,5.16,pjm.com,false,
2024-01-16 10:00:00,USA,PJM,US-MIDA-PJM,429.69,502.29,34.16,5.17,pjm.com,false,
2024-01-16 11:00:00,USA,PJM,US-MIDA-PJM,428.16,501.71,33.6,5.74,pjm.com,false,
2024-01-16 12:00:00,USA,PJM,US-MIDA-PJM,425.56,500.15,33.28,6.52,pjm.com,false,
2024-01-16 13:00:00,USA,PJM,US-MIDA-PJM,425.23,500.99,32.53,6.44,pjm.com,false,
2024-01-16 14:00:00,USA,PJM,US-MIDA-PJM,421.86,497.61,32.7,6.82,pjm.com,false,
2024-01-16 15:00:00,USA,PJM,US-MIDA-PJM,416.3,490.48,33.87,7.85,pjm.com,false,
2024-01-16 16:00:00,USA,PJM,US-MIDA-PJM,420.37,495.04,33.31,7.12,pjm.com,false,
2024-01-16 17:00:00,USA,PJM,US-MIDA-PJM,421.26,495.45,33.72,7.15,pjm.com,false,
2024-01-16 18:00:00,USA,PJM,US-MIDA-PJM,419.39,493.41,33.96,7.49,pjm.com,false,
2024-01-16 19:00:00,USA,PJM,US-MIDA-PJM,419.77,493.37,34.24,7.66,pjm.com,false,
2024-01-16 20:00:00,USA,PJM,US-MIDA-PJM,418.7,491.58,34.74,7.82,pjm.com,false,
2024-01-16 21:00:00,USA,PJM,US-MIDA-PJM,417.55,490.55,34.67,7.85,pjm.com,false,
2024-01-16 22:00:00,USA,PJM,US-MIDA-PJM,411.48,484.75,34.84,8.94,pjm.com,false,
2024-01-16 23:00:00,USA,PJM,US-MIDA-PJM,410.26,484.56,34.07,8.85,pjm.com,false,
2024-01-17 00:00:00,USA,PJM,US-MIDA-PJM,408.79,482.51,34.58,9.29,pjm.com,false,
2024-01-17 01:00:00,USA,PJM,US-MIDA-PJM,408.35,482.25,34.44,9.3,pjm.com,false,
2024-01-17 02:00:00,USA,PJM,US-MIDA-PJM,410.17,483.85,34.48,9.03,pjm.com,false,
2024-01-17 03:00:00,USA,PJM,US-MIDA-PJM,413.51,486.32,34.91,8.61,pjm.com,false,
2024-01-17 04:00:00,USA,PJM,US-MIDA-PJM,416.03,488.22,35.19,8.24,pjm.com,false,
2024-01-17 05:00:00,USA,PJM,US-MIDA-PJM,418.4,490.69,35.33,8.13,pjm.com,false,
2024-01-17 06:00:00,USA,PJM,US-MIDA-PJM,415.97,488.62,35.19,8.02,pjm.com,false,
2024-01-17 07:00:00,USA,PJM,US-MIDA-PJM,416.04,488.7,35.23,7.92,pjm.com,false,
2024-01-17 08:00:00,USA,PJM,US-MIDA-PJM,410.52,483.03,35.71,8.42,pjm.com,false,
2024-01-17 09:00:00,USA,PJM,US-MIDA-PJM,408.23,481.12,35.74,8.94,pjm.com,false,
2024-01-17 10:00:00,USA,PJM,US-MIDA-PJM,409.94,484.13,35.16,9.2,pjm.com,false,
2024-01-17 11:00:00,USA,PJM,US-MIDA-PJM,413.46,490.18,34.38,9.57,pjm.com,false,
2024-01-17 12:00:00,USA,PJM,US-MIDA-PJM,419.14,498.35,33.19,9.4,pjm.com,false,
2024-01-17 13:00:00,USA,PJM,US-MIDA-PJM,416.26,494.73,33.55,10.03,pjm.com,false,
2024-01-17 14:00:00,USA,PJM,US-MIDA-PJM,415.24,492.33,34.04,10.27,pjm.com,false,
2024-01-17 15:00:00,USA,PJM,US-MIDA-PJM,418.0,493.74,34.29,9.86,pjm.com,false,
2024-01-17 16:00:00,USA,PJM,US-MIDA-PJM,416.0,489.99,35.0,9.72,pjm.com,false,
2024-01-17 17:00:00,USA,PJM,US-MIDA-PJM,412.27,485.13,35.52,9.91,pjm.com,false,
2024-01-17 18:00:00,USA,PJM,US-MIDA-PJM,413.7,486.22,35.68,9.83,pjm.com,false,
2024-01-17 19:00:00,USA,PJM,US-MIDA-PJM,412.57,484.15,36.44,10.1,pjm.com,false,
2024-01-17 20:00:00,USA,PJM,US-MIDA-PJM,413.17,485.34,35.96,9.47,pjm.com,false,
2024-01-17 21:00:00,USA,PJM,US-MIDA-PJM,423.09,497.38,33.66,7.42,pjm.com,false,
2024-01-17 22:00:00,USA,PJM,US-MIDA-PJM,427.34,502.91,32.47,6.8,pjm.com,false,
2024-01-17 23:00:00,USA,PJM,US-MIDA-PJM,428.55,505.08,31.8,7.01,pjm.com,false,
2024-01-18 00:00:00,USA,PJM,US-MIDA-PJM,430.93,507.34,31.78,6.87,pjm.com,false,
2024-01-18 01:00:00,USA,PJM,US-MIDA-PJM,433.28,510.01,31.31,6.26,pjm.com,false,
2024-01-18 02:00:00,USA,PJM,US-MIDA-PJM,433.5,509.85,31.21,5.66,pjm.com,false,
2024-01-18 03:00:00,USA,PJM,US-MIDA-PJM,431.48,506.94,31.87,5.39,pjm.com,false,
2024-01-18 04:00:00,USA,PJM,US-MIDA-PJM,427.41,501.35,33.02,5.57,pjm.com,false,
2024-01-18 05:00:00,USA,PJM,US-MIDA-PJM,427.9,501.05,33.48,5.57,pjm.com,false,
2024-01-18 06:00:00,USA,PJM,US-MIDA-PJM,429.73,502.55,33.5,5.28,pjm.com,false,
2024-01-18 07:00:00,USA,PJM,US-MIDA-PJM,430.6,503.44,33.45,4.85,pjm.com,false,
2024-01-18 08:00:00,USA,PJM,US-MIDA-PJM,432.11,505.35,33.08,4.36,pjm.com,false,
2024-01-18 09:00:00,USA,PJM,US-MIDA-PJM,431.73,505.35,32.86,4.07,pjm.com,false,
2024-01-18 10:00:00,USA,PJM,US-MIDA-PJM,428.62,503.31,32.52,4.55,pjm.com,false,
2024-01-18 11:00:00,USA,PJM,US-MIDA-PJM,433.2,510.75,31.56,4.97,pjm.com,false,
2024-01-18 12:00:00,USA,PJM,US-MIDA-PJM,432.55,511.6,31.44,5.77,pjm.com,false,
2024-01-18 13:00:00,USA,PJM,US-MIDA-PJM,433.49,512.19,31.35,5.78,pjm.com,false,
2024-01-18 14:00:00,USA,PJM,US-MIDA-PJM,440.25,518.58,31.02,5.0,pjm.com,false,
2024-01-18 15:00:00,USA,PJM,US-MIDA-PJM,442.59,520.12,30.76,4.33,pjm.com,false,
2024-01-18 16:00:00,USA,PJM,US-MIDA-PJM,438.34,513.61,31.65,4.29,pjm.com,false,
2024-01-18 17:00:00,USA,PJM,US-MIDA-PJM,437.2,511.53,32.23,4.44,pjm.com,false,
2024-01-18 18:00:00,USA,PJM,US-MIDA-PJM,432.3,506.29,32.71,4.43,pjm.com,false,
2024-01-18 19:00:00,USA,PJM,US-MIDA-PJM,434.42,508.34,32.64,4.01,pjm.com,false,
2024-01-18 20:00:00,USA,PJM,US-MIDA-PJM,435.69,509.49,32.7,3.83,pjm.com,false,
2024-01-18 21:00:00,USA,PJM,US-MIDA-PJM,437.43,512.14,31.86,3.14,pjm.com,false,
2024-01-18 22:00:00,USA,PJM,US-MIDA-PJM,433.2,508.05,32.02,3.49,pjm.com,false,
2024-01-18 23:00:00,USA,PJM,US-MIDA-PJM,432.86,508.1,31.72,3.51,pjm.com,false,
2024-01-19 00:00:00,USA,PJM,US-MIDA-PJM,430.83,505.9,31.91,3.56,pjm.com,false,
2024-01-19 01:00:00,USA,PJM,US-MIDA-PJM,431.74,506.56,32.0,3.36,pjm.com,false,
2024-01-19 02:00:00,USA,PJM,US-MIDA-PJM,433.2,507.45,32.34,3.09,pjm.com,false,
2024-01-19 03:00:00,USA,PJM,US-MIDA-PJM,432.78,505.84,33.22,3.33,pjm.com,false,
2024-01-19 04:00:00,USA,PJM,US-MIDA-PJM,428.21,499.7,34.62,3.89,pjm.com,false,
2024-01-19 05:00:00,USA,PJM,US-MIDA-PJM,415.16,485.15,36.39,4.51,pjm.com,false,
2024-01-19 06:00:00,USA,PJM,US-MIDA-PJM,404.73,474.02,37.48,5.0,pjm.com,false,
2024-01-19 07:00:00,USA,PJM,US-MIDA-PJM,400.73,469.58,38.01,5.48,pjm.com,false,
2024-01-19 08:00:00,USA,PJM,US-MIDA-PJM,398.55,467.05,38.38,5.97,pjm.com,false,
2024-01-19 09:00:00,USA,PJM,US-MIDA-PJM,400.88,469.43,38.2,6.26,pjm.com,false,
2024-01-19 10:00:00,USA,PJM,US-MIDA-PJM,403.99,472.82,37.81,6.46,pjm.com,false,
2024-01-19 11:00:00,USA,PJM,US-MIDA-PJM,397.77,467.61,37.48,6.96,pjm.com,false,
2024-01-19 12:00:00,USA,PJM,US-MIDA-PJM,399.98,470.54,36.86,7.54,pjm.com,false,
2024-01-19 13:00:00,USA,PJM,US-MIDA-PJM,406.7,477.86,36.07,7.49,pjm.com,false,
2024-01-19 14:00:00,USA,PJM,US-MIDA-PJM,409.09,480.42,35.81,7.61,pjm.com,false,
2024-01-19 15:00:00,USA,PJM,US-MIDA-PJM,408.04,478.8,36.31,8.3,pjm.com,false,
2024-01-19 16:00:00,USA,PJM,US-MIDA-PJM,405.97,476.13,36.9,8.82,pjm.com,false,
2024-01-19 17:00:00,USA,PJM,US-MIDA-PJM,405.06,474.79,37.28,9.08,pjm.com,false,
2024-01-19 18:00:00,USA,PJM,US-MIDA-PJM,408.63,478.48,37.01,8.89,pjm.com,false,
2024-01-19 19:00:00,USA,PJM,US-MIDA-PJM,413.81,483.8,36.68,8.67,pjm.com,false,
2024-01-19 20:00:00,USA,PJM,US-MIDA-PJM,414.66,484.41,36.82,8.59,pjm.com,false,
2024-01-19 21:00:00,USA,PJM,US-MIDA-PJM,410.65,480.71,36.79,8.57,pjm.com,false,
2024-01-19 22:00:00,USA,PJM,US-MIDA-PJM,409.71,480.38,36.5,9.11,pjm.com,false,
2024-01-19 23:00:00,USA,PJM,US-MIDA-PJM,412.82,484.25,35.86,9.22,pjm.com,false,
2024-01-20 00:00:00,USA,PJM,US-MIDA-PJM,414.39,485.57,35.97,9.21,pjm.com,false,
2024-01-20 01:00:00,USA,PJM,US-MIDA-PJM,421.72,493.37,35.15,8.13,pjm.com,false,
2024-01-20 02:00:00,USA,PJM,US-MIDA-PJM,421.8,493.29,35.19,7.75,pjm.com,false,
2024-01-20 03:00:00,USA,PJM,US-MIDA-PJM,422.51,493.52,35.47,7.33,pjm.com,false,
2024-01-20 04:00:00,USA,PJM,US-MIDA-PJM,421.63,492.22,35.81,7.07,pjm.com,false,
2024-01-20 05:00:00,USA,PJM,US-MIDA-PJM,414.24,483.95,36.51,7.06,pjm.com,false,
2024-01-20 06:00:00,USA,PJM,US-MIDA-PJM,411.33,480.94,36.72,7.05,pjm.com,false,
2024-01-20 07:00:00,USA,PJM,US-MIDA-PJM,413.0,482.74,36.55,6.95,pjm.com,false,
2024-01-20 08:00:00,USA,PJM,US-MIDA-PJM,414.92,485.02,36.18,6.83,pjm.com,false,
2024-01-20 09:00:00,USA,PJM,US-MIDA-PJM,418.27,488.85,35.66,6.46,pjm.com,false,
2024-01-20 10:00:00,USA,PJM,US-MIDA-PJM,419.72,490.87,35.17,6.25,pjm.com,false,
2024-01-20 11:00:00,USA,PJM,US-MIDA-PJM,411.75,483.4,35.34,7.01,pjm.com,false,
2024-01-20 12:00:00,USA,PJM,US-MIDA-PJM,407.47,479.42,35.4,7.93,pjm.com,false,
2024-01-20 13:00:00,USA,PJM,US-MIDA-PJM,406.25,478.37,35.39,8.28,pjm.com,false,
2024-01-20 14:00:00,USA,PJM,US-MIDA-PJM,404.1,475.75,35.91,8.89,pjm.com,false,
2024-01-20 15:00:00,USA,PJM,US-MIDA-PJM,409.61,481.7,35.31,8.32,pjm.com,false,
2024-01-20 16:00:00,USA,PJM,US-MIDA-PJM,413.5,485.61,35.12,7.77,pjm.com,false,
2024-01-20 17:00:00,USA,PJM,US-MIDA-PJM,418.97,491.23,34.72,7.06,pjm.com,false,
2024-01-20 18:00:00,USA,PJM,US-MIDA-PJM,417.78,490.06,34.78,6.88,pjm.com,false,
2024-01-20 19:00:00,USA,PJM,US-MIDA-PJM,410.93,482.75,35.48,7.11,pjm.com,false,
2024-01-20 20:00:00,USA,PJM,US-MIDA-PJM,404.85,476.52,35.92,7.52,pjm.com,false,
2024-01-20 21:00:00,USA,PJM,US-MIDA-PJM,407.83,480.38,35.04,6.93,pjm.com,false,
2024-01-20 22:00:00,USA,PJM,US-MIDA-PJM,407.57,481.19,34.22,7.05,pjm.com,false,
2024-01-20 23:00:00,USA,PJM,US-MIDA-PJM,412.79,488.02,33.65,7.27,pjm.com,false,
2024-01-21 00:00:00,USA,PJM,US-MIDA-PJM,412.04,487.72,34.15,7.54,pjm.com,false,
2024-01-21 01:00:00,USA,PJM,US-MIDA-PJM,412.17,487.69,33.92,7.3,pjm.com,false,
2024-01-21 02:00:00,USA,PJM,US-MIDA-PJM,414.67,489.93,33.58,6.75,pjm.com,false,
2024-01-21 03:00:00,USA,PJM,US-MIDA-PJM,416.17,490.85,33.64,6.45,pjm.com,false,
2024-01-21 04:00:00,USA,PJM,US-MIDA-PJM,420.02,494.42,33.29,5.58,pjm.com,false,
2024-01-21 05:00:00,USA,PJM,US-MIDA-PJM,422.59,496.6,33.34,4.86,pjm.com,false,
2024-01-21 06:00:00,USA,PJM,US-MIDA-PJM,426.68,500.52,32.88,3.87,pjm.com,false,
2024-01-21 07:00:00,USA,PJM,US-MIDA-PJM,427.64,501.56,32.74,3.49,pjm.com,false,
2024-01-21 08:00:00,USA,PJM,US-MIDA-PJM,424.83,498.61,33.0,3.76,pjm.com,false,
2024-01-21 09:00:00,USA,PJM,US-MIDA-PJM,425.38,499.03,33.13,3.91,pjm.com,false,
2024-01-21 10:00:00,USA,PJM,US-MIDA-PJM,424.29,497.95,33.21,4.26,pjm.com,false,
2024-01-21 11:00:00,USA,PJM,US-MIDA-PJM,423.52,498.19,32.57,4.29,pjm.com,false,
2024-01-21 12:00:00,USA,PJM,US-MIDA-PJM,420.23,495.21,32.67,5.06,pjm.com,false,
2024-01-21 13:00:00,USA,PJM,US-MIDA-PJM,416.37,491.08,33.27,5.96,pjm.com,false,
2024-01-21 14:00:00,USA,PJM,US-MIDA-PJM,407.24,480.26,34.95,6.95,pjm.com,false,
2024-01-21 15:00:00,USA,PJM,US-MIDA-PJM,401.21,473.0,36.14,7.79,pjm.com,false,
2024-01-21 16:00:00,USA,PJM,US-MIDA-PJM,403.37,474.54,36.41,7.92,pjm.com,false,
2024-01-21 17:00:00,USA,PJM,US-MIDA-PJM,400.18,470.63,37.14,8.3,pjm.com,false,
2024-01-21 18:00:00,USA,PJM,US-MIDA-PJM,384.67,454.0,38.8,9.1,pjm.com,false,
2024-01-21 19:00:00,USA,PJM,US-MIDA-PJM,373.64,442.35,39.87,9.59,pjm.com,false,
2024-01-21 20:00:00,USA,PJM,US-MIDA-PJM,368.57,437.34,40.07,9.65,pjm.com,false,
2024-01-21 21:00:00,USA,PJM,US-MIDA-PJM,381.91,452.28,38.04,8.03,pjm.com,false,
2024-01-21 22:00:00,USA,PJM,US-MIDA-PJM,394.74,466.87,35.93,6.83,pjm.com,false,
2024-01-21 23:00:00,USA,PJM,US-MIDA-PJM,396.41,468.78,35.92,7.88,pjm.com,false,
2024-01-22 00:00:00,USA,PJM,US-MIDA-PJM,390.5,462.19,36.86,9.04,pjm.com,false,
2024-01-22 01:00:00,USA,PJM,US-MIDA-PJM,394.41,466.22,36.45,8.71,pjm.com,false,
2024-01-22 02:00:00,USA,PJM,US-MIDA-PJM,392.19,463.36,36.81,8.68,pjm.com,false,
2024-01-22 03:00:00,USA,PJM,US-MIDA-PJM,392.36,463.07,37.06,8.3,pjm.com,false,
2024-01-22 04:00:00,USA,PJM,US-MIDA-PJM,390.01,460.58,37.22,7.84,pjm.com,false,
2024-01-22 05:00:00,USA,PJM,US-MIDA-PJM,388.3,459.11,37.04,7.73,pjm.com,false,
2024-01-22 06:00:00,USA,PJM,US-MIDA-PJM,392.33,462.94,37.0,7.59,pjm.com,false,
2024-01-22 07:00:00,USA,PJM,US-MIDA-PJM,392.9,463.66,36.86,7.57,pjm.com,false,
2024-01-22 08:00:00,USA,PJM,US-MIDA-PJM,391.96,462.91,36.73,7.56,pjm.com,false,
2024-01-22 09:00:00,USA,PJM,US-MIDA-PJM,389.72,460.18,37.26,8.13,pjm.com,false,
2024-01-22 10:00:00,USA,PJM,US-MIDA-PJM,387.08,458.24,37.52,9.41,pjm.com,false,
2024-01-22 11:00:00,USA,PJM,US-MIDA-PJM,392.1,465.97,36.09,9.45,pjm.com,false,
2024-01-22 12:00:00,USA,PJM,US-MIDA-PJM,401.6,478.06,34.84,9.38,pjm.com,false,
2024-01-22 13:00:00,USA,PJM,US-MIDA-PJM,406.29,483.16,35.07,9.63,pjm.com,false,
2024-01-22 14:00:00,USA,PJM,US-MIDA-PJM,400.77,476.38,36.14,9.73,pjm.com,false,
2024-01-22 15:00:00,USA,PJM,US-MIDA-PJM,400.31,475.01,36.43,9.14,pjm.com,false,
2024-01-22 16:00:00,USA,PJM,US-MIDA-PJM,390.38,462.05,37.52,9.5,pjm.com,false,
2024-01-22 17:00:00,USA,PJM,US-MIDA-PJM,383.9,453.52,38.57,9.95,pjm.com,false,
2024-01-22 18:00:00,USA,PJM,US-MIDA-PJM,380.14,449.2,39.15,9.99,pjm.com,false,
2024-01-22 19:00:00,USA,PJM,US-MIDA-PJM,377.74,446.81,39.26,9.68,pjm.com,false,
2024-01-22 20:00:00,USA,PJM,US-MIDA-PJM,382.23,452.23,38.32,8.5,pjm.com,false,
2024-01-22 21:00:00,USA,PJM,US-MIDA-PJM,391.66,463.22,36.56,6.6,pjm.com,false,
2024-01-22 22:00:00,USA,PJM,US-MIDA-PJM,393.48,465.62,36.03,6.75,pjm.com,false,
2024-01-22 23:00:00,USA,PJM,US-MIDA-PJM,393.69,466.03,35.87,7.39,pjm.com,false,
2024-01-23 00:00:00,USA,PJM,US-MIDA-PJM,395.23,467.3,35.94,7.52,pjm.com,false,
2024-01-23 01:00:00,USA,PJM,US-MIDA-PJM,397.15,469.33,35.7,6.76,pjm.com,false,
2024-01-23 02:00:00,USA,PJM,US-MIDA-PJM,398.6,470.86,35.53,6.02,pjm.com,false,
2024-01-23 03:00:00,USA,PJM,US-MIDA-PJM,396.0,467.57,36.14,5.66,pjm.com,false,
2024-01-23 04:00:00,USA,PJM,US-MIDA-PJM,390.36,461.45,36.75,5.28,pjm.com,false,
2024-01-23 05:00:00,USA,PJM,US-MIDA-PJM,383.86,454.51,37.44,4.97,pjm.com,false,
2024-01-23 06:00:00,USA,PJM,US-MIDA-PJM,382.39,453.56,37.12,4.1,pjm.com,false,
2024-01-23 07:00:00,USA,PJM,US-MIDA-PJM,382.06,453.58,36.91,3.64,pjm.com,false,
2024-01-23 08:00:00,USA,PJM,US-MIDA-PJM,382.85,454.46,36.81,3.44,pjm.com,false,
2024-01-23 09:00:00,USA,PJM,US-MIDA-PJM,381.19,452.75,36.97,3.78,pjm.com,false,
2024-01-23 10:00:00,USA,PJM,US-MIDA-PJM,375.9,447.81,37.06,4.66,pjm.com,false,
2024-01-23 11:00:00,USA,PJM,US-MIDA-PJM,375.84,449.2,36.11,5.32,pjm.com,false,
2024-01-23 12:00:00,USA,PJM,US-MIDA-PJM,373.65,447.04,36.24,6.86,pjm.com,false,
2024-01-23 13:00:00,USA,PJM,US-MIDA-PJM,373.44,446.6,36.45,7.09,pjm.com,false,
2024-01-23 14:00:00,USA,PJM,US-MIDA-PJM,375.94,449.43,36.2,6.45,pjm.com,false,
2024-01-23 15:00:00,USA,PJM,US-MIDA-PJM,375.98,450.09,35.71,5.61,pjm.com,false,
2024-01-23 16:00:00,USA,PJM,US-MIDA-PJM,372.23,446.76,35.58,5.36,pjm.com,false,
2024-01-23 17:00:00,USA,PJM,US-MIDA-PJM,369.88,444.39,35.6,5.01,pjm.com,false,
2024-01-23 18:00:00,USA,PJM,US-MIDA-PJM,367.74,442.27,35.55,4.57,pjm.com,false,
2024-01-23 19:00:00,USA,PJM,US-MIDA-PJM,369.58,444.87,34.85,3.78,pjm.com,false,
2024-01-23 20:00:00,USA,PJM,US-MIDA-PJM,373.22,449.0,34.32,3.19,pjm.com,false,
2024-01-23 21:00:00,USA,PJM,US-MIDA-PJM,373.48,449.31,34.33,3.19,pjm.com,false,
2024-01-23 22:00:00,USA,PJM,US-MIDA-PJM,370.45,446.51,34.43,3.66,pjm.com,false,
2024-01-23 23:00:00,USA,PJM,US-MIDA-PJM,376.44,453.07,33.76,3.41,pjm.com,false,
2024-01-24 00:00:00,USA,PJM,US-MIDA-PJM,375.91,452.35,33.9,3.39,pjm.com,false,
2024-01-24 01:00:00,USA,PJM,US-MIDA-PJM,374.61,450.8,34.13,3.12,pjm.com,false,
2024-01-24 02:00:00,USA,PJM,US-MIDA-PJM,373.2,449.07,34.35,2.63,pjm.com,false,
2024-01-24 03:00:00,USA,PJM,US-MIDA-PJM,367.55,442.34,35.39,2.56,pjm.com,false,
2024-01-24 04:00:00,USA,PJM,US-MIDA-PJM,357.65,431.07,36.87,2.64,pjm.com,false,
2024-01-24 05:00:00,USA,PJM,US-MIDA-PJM,350.99,423.26,37.94,2.69,pjm.com,false,
2024-01-24 06:00:00,USA,PJM,US-MIDA-PJM,346.57,418.29,38.57,2.71,pjm.com,false,
2024-01-24 07:00:00,USA,PJM,US-MIDA-PJM,341.39,412.35,39.39,2.86,pjm.com,false,
2024-01-24 08:00:00,USA,PJM,US-MIDA-PJM,338.3,408.99,39.75,3.07,pjm.com,false,
2024-01-24 09:00:00,USA,PJM,US-MIDA-PJM,337.4,407.89,39.94,3.32,pjm.com,false,
2024-01-24 10:00:00,USA,PJM,US-MIDA-PJM,336.6,407.04,40.07,4.36,pjm.com,false,
2024-01-24 11:00:00,USA,PJM,US-MIDA-PJM,335.31,406.47,39.77,6.2,pjm.com,false,
2024-01-24 12:00:00,USA,PJM,US-MIDA-PJM,340.4,412.48,38.85,6.92,pjm.com,false,
2024-01-24 13:00:00,USA,PJM,US-MIDA-PJM,350.91,423.36,38.03,6.75,pjm.com,false,
2024-01-24 14:00:00,USA,PJM,US-MIDA-PJM,350.06,422.74,37.87,6.49,pjm.com,false,
2024-01-24 15:00:00,USA,PJM,US-MIDA-PJM,352.7,425.89,37.33,5.87,pjm.com,false,
2024-01-24 16:00:00,USA,PJM,US-MIDA-PJM,347.27,419.97,38.05,6.02,pjm.com,false,
2024-01-24 17:00:00,USA,PJM,US-MIDA-PJM,345.28,418.17,38.17,6.08,pjm.com,false,
2024-01-24 18:00:00,USA,PJM,US-MIDA-PJM,347.25,420.43,37.91,5.84,pjm.com,false,
2024-01-24 19:00:00,USA,PJM,US-MIDA-PJM,344.0,416.99,38.14,5.76,pjm.com,false,
2024-01-24 20:00:00,USA,PJM,US-MIDA-PJM,343.67,417.04,37.87,5.46,pjm.com,false,
2024-01-24 21:00:00,USA,PJM,US-MIDA-PJM,350.35,424.55,36.94,4.72,pjm.com,false,
2024-01-24 22:00:00,USA,PJM,US-MIDA-PJM,349.22,423.15,37.26,5.75,pjm.com,false,
2024-01-24 23:00:00,USA,PJM,US-MIDA-PJM,354.56,428.63,36.93,5.97,pjm.com,false,
2024-01-25 00:00:00,USA,PJM,US-MIDA-PJM,354.1,428.19,36.9,5.61,pjm.com,false,
2024-01-25 01:00:00,USA,PJM,US-MIDA-PJM,357.19,431.33,36.6,4.71,pjm.com,false,
2024-01-25 02:00:00,USA,PJM,US-MIDA-PJM,354.25,427.23,37.24,4.24,pjm.com,false,
2024-01-25 03:00:00,USA,PJM,US-MIDA-PJM,352.18,424.53,37.77,3.6,pjm.com,false,
2024-01-25 04:00:00,USA,PJM,US-MIDA-PJM,342.69,413.74,39.24,3.27,pjm.com,false,
2024-01-25 05:00:00,USA,PJM,US-MIDA-PJM,335.53,405.81,40.34,2.95,pjm.com,false,
2024-01-25 06:00:00,USA,PJM,US-MIDA-PJM,330.49,401.12,40.17,2.69,pjm.com,false,
2024-01-25 07:00:00,USA,PJM,US-MIDA-PJM,326.46,396.7,40.67,2.72,pjm.com,false,
2024-01-25 08:00:00,USA,PJM,US-MIDA-PJM,324.01,394.19,40.85,2.82,pjm.com,false,
2024-01-25 09:00:00,USA,PJM,US-MIDA-PJM,324.98,395.55,40.51,2.84,pjm.com,false,
2024-01-25 10:00:00,USA,PJM,US-MIDA-PJM,328.23,399.37,39.89,2.84,pjm.com,false,
2024-01-25 11:00:00,USA,PJM,US-MIDA-PJM,335.72,407.8,38.85,3.55,pjm.com,false,
2024-01-25 12:00:00,USA,PJM,US-MIDA-PJM,340.24,412.65,38.53,5.08,pjm.com,false,
2024-01-25 13:00:00,USA,PJM,US-MIDA-PJM,344.08,416.82,38.13,5.31,pjm.com,false,
2024-01-25 14:00:00,USA,PJM,US-MIDA-PJM,349.67,422.73,37.63,5.16,pjm.com,false,
2024-01-25 15:00:00,USA,PJM,US-MIDA-PJM,350.2,423.1,37.74,5.16,pjm.com,false,
2024-01-25 16:00:00,USA,PJM,US-MIDA-PJM,345.39,418.26,38.02,5.17,pjm.com,false,
2024-01-25 17:00:00,USA,PJM,US-MIDA-PJM,349.68,423.23,37.24,4.22,pjm.com,false,
2024-01-25 18:00:00,USA,PJM,US-MIDA-PJM,357.15,431.1,36.51,3.26,pjm.com,false,
2024-01-25 19:00:00,USA,PJM,US-MIDA-PJM,358.29,432.48,36.19,2.75,pjm.com,false,
2024-01-25 20:00:00,USA,PJM,US-MIDA-PJM,351.31,424.73,37.12,3.2,pjm.com,false,
2024-01-25 21:00:00,USA,PJM,US-MIDA-PJM,347.11,420.32,37.51,3.64,pjm.com,false,
2024-01-25 22:00:00,USA,PJM,US-MIDA-PJM,344.17,417.39,37.72,4.83,pjm.com,false,
2024-01-25 23:00:00,USA,PJM,US-MIDA-PJM,344.64,417.35,38.05,5.46,pjm.com,false,
2024-01-26 00:00:00,USA,PJM,US-MIDA-PJM,336.59,408.02,39.36,6.61,pjm.com,false,
2024-01-26 01:00:00,USA,PJM,US-MIDA-PJM,332.88,403.49,40.12,6.88,pjm.com,false,
2024-01-26 02:00:00,USA,PJM,US-MIDA-PJM,331.32,401.42,40.54,6.43,pjm.com,false,
2024-01-26 03:00:00,USA,PJM,US-MIDA-PJM,329.3,398.72,41.14,5.91,pjm.com,false,
2024-01-26 04:00:00,USA,PJM,US-MIDA-PJM,322.06,391.35,41.57,4.94,pjm.com,false,
2024-01-26 05:00:00,USA,PJM,US-MIDA-PJM,313.92,382.48,42.55,4.74,pjm.com,false,
2024-01-26 06:00:00,USA,PJM,US-MIDA-PJM,304.96,371.93,44.18,5.56,pjm.com,false,
2024-01-26 07:00:00,USA,PJM,US-MIDA-PJM,298.62,364.8,45.1,5.79,pjm.com,false,
2024-01-26 08:00:00,USA,PJM,US-MIDA-PJM,299.38,365.81,44.88,5.39,pjm.com,false,
2024-01-26 09:00:00,USA,PJM,US-MIDA-PJM,304.34,371.77,43.87,4.86,pjm.com,false,
2024-01-26 10:00:00,USA,PJM,US-MIDA-PJM,306.33,374.5,43.23,5.17,pjm.com,false,
2024-01-26 11:00:00,USA,PJM,US-MIDA-PJM,307.8,376.98,42.44,5.9,pjm.com,false,
2024-01-26 12:00:00,USA,PJM,US-MIDA-PJM,320.37,391.1,40.78,6.02,pjm.com,false,
2024-01-26 13:00:00,USA,PJM,US-MIDA-PJM,317.72,387.88,41.6,7.22,pjm.com,false,
2024-01-26 14:00:00,USA,PJM,US-MIDA-PJM,313.26,383.49,41.85,7.61,pjm.com,false,
2024-01-26 15:00:00,USA,PJM,US-MIDA-PJM,315.98,386.69,41.35,7.22,pjm.com,false,
2024-01-26 16:00:00,USA,PJM,US-MIDA-PJM,317.35,387.95,41.2,7.05,pjm.com,false,
2024-01-26 17:00:00,USA,PJM,US-MIDA-PJM,320.52,391.37,40.84,6.56,pjm.com,false,
2024-01-26 18:00:00,USA,PJM,US-MIDA-PJM,322.51,393.55,40.57,6.24,pjm.com,false,
2024-01-26 19:00:00,USA,PJM,US-MIDA-PJM,322.99,394.16,40.44,5.92,pjm.com,false,
2024-01-26 20:00:00,USA,PJM,US-MIDA-PJM,323.83,395.07,40.31,5.45,pjm.com,false,
2024-01-26 21:00:00,USA,PJM,US-MIDA-PJM,325.4,397.06,39.88,4.99,pjm.com,false,
2024-01-26 22:00:00,USA,PJM,US-MIDA-PJM,321.89,393.0,40.56,6.18,pjm.com,false,
2024-01-26 23:00:00,USA,PJM,US-MIDA-PJM,325.94,397.84,39.75,6.23,pjm.com,false,
2024-01-27 00:00:00,USA,PJM,US-MIDA-PJM,326.45,398.18,39.82,5.62,pjm.com,false,
2024-01-27 01:00:00,USA,PJM,US-MIDA-PJM,330.25,402.4,39.2,4.41,pjm.com,false,
2024-01-27 02:00:00,USA,PJM,US-MIDA-PJM,331.78,403.85,39.1,3.58,pjm.com,false,
2024-01-27 03:00:00,USA,PJM,US-MIDA-PJM,332.13,403.29,39.7,3.24,pjm.com,false,
2024-01-27 04:00:00,USA,PJM,US-MIDA-PJM,329.42,399.44,40.66,2.97,pjm.com,false,
2024-01-27 05:00:00,USA,PJM,US-MIDA-PJM,325.79,395.17,41.34,2.71,pjm.com,false,
2024-01-27 06:00:00,USA,PJM,US-MIDA-PJM,322.1,390.7,42.12,2.57,pjm.com,false,
2024-01-27 07:00:00,USA,PJM,US-MIDA-PJM,319.85,387.93,42.63,2.58,pjm.com,false,
2024-01-27 08:00:00,USA,PJM,US-MIDA-PJM,316.27,384.47,42.72,2.68,pjm.com,false,
2024-01-27 09:00:00,USA,PJM,US-MIDA-PJM,317.76,386.23,42.45,2.5,pjm.com,false,
2024-01-27 10:00:00,USA,PJM,US-MIDA-PJM,319.09,388.23,41.88,2.39,pjm.com,false,
2024-01-27 11:00:00,USA,PJM,US-MIDA-PJM,319.28,388.6,41.74,2.57,pjm.com,false,
2024-01-27 12:00:00,USA,PJM,US-MIDA-PJM,322.71,393.07,40.8,2.45,pjm.com,false,
2024-01-27 13:00:00,USA,PJM,US-MIDA-PJM,319.47,389.28,41.53,3.96,pjm.com,false,
2024-01-27 14:00:00,USA,PJM,US-MIDA-PJM,316.4,385.94,42.03,5.24,pjm.com,false,
2024-01-27 15:00:00,USA,PJM,US-MIDA-PJM,318.7,388.62,41.67,5.13,pjm.com,false,
2024-01-27 16:00:00,USA,PJM,US-MIDA-PJM,322.35,392.49,41.32,4.86,pjm.com,false,
2024-01-27 17:00:00,USA,PJM,US-MIDA-PJM,327.97,398.7,40.54,4.27,pjm.com,false,
2024-01-27 18:00:00,USA,PJM,US-MIDA-PJM,327.21,397.75,40.72,4.5,pjm.com,false,
2024-01-27 19:00:00,USA,PJM,US-MIDA-PJM,326.45,396.66,40.93,4.54,pjm.com,false,
2024-01-27 20:00:00,USA,PJM,US-MIDA-PJM,323.77,393.83,41.12,4.99,pjm.com,false,
2024-01-27 21:00:00,USA,PJM,US-MIDA-PJM,320.83,390.6,41.47,5.82,pjm.com,false,
2024-01-27 22:00:00,USA,PJM,US-MIDA-PJM,310.89,379.01,43.34,8.43,pjm.com,false,
2024-01-27 23:00:00,USA,PJM,US-MIDA-PJM,313.38,382.31,42.57,8.49,pjm.com,false,
2024-01-28 00:00:00,USA,PJM,US-MIDA-PJM,312.59,380.97,42.94,8.63,pjm.com,false,
2024-01-28 01:00:00,USA,PJM,US-MIDA-PJM,311.99,379.94,43.19,8.68,pjm.com,false,
2024-01-28 02:00:00,USA,PJM,US-MIDA-PJM,306.7,373.74,44.11,9.27,pjm.com,false,
2024-01-28 03:00:00,USA,PJM,US-MIDA-PJM,301.64,368.12,44.71,9.52,pjm.com,false,
2024-01-28 04:00:00,USA,PJM,US-MIDA-PJM,297.72,363.24,45.6,9.57,pjm.com,false,
2024-01-28 05:00:00,USA,PJM,US-MIDA-PJM,292.99,357.32,46.74,10.02,pjm.com,false,
2024-01-28 06:00:00,USA,PJM,US-MIDA-PJM,289.39,352.38,47.93,10.64,pjm.com,false,
2024-01-28 07:00:00,USA,PJM,US-MIDA-PJM,287.09,349.44,48.53,10.99,pjm.com,false,
2024-01-28 08:00:00,USA,PJM,US-MIDA-PJM,285.55,347.08,49.23,11.24,pjm.com,false,
2024-01-28 09:00:00,USA,PJM,US-MIDA-PJM,285.07,346.32,49.45,11.37,pjm.com,false,
2024-01-28 10:00:00,USA,PJM,US-MIDA-PJM,286.06,347.89,48.98,11.1,pjm.com,false,
2024-01-28 11:00:00,USA,PJM,US-MIDA-PJM,288.11,350.88,48.2,10.72,pjm.com,false,
2024-01-28 12:00:00,USA,PJM,US-MIDA-PJM,292.91,357.14,46.87,10.16,pjm.com,false,
2024-01-28 13:00:00,USA,PJM,US-MIDA-PJM,296.73,362.35,45.68,9.99,pjm.com,false,
2024-01-28 14:00:00,USA,PJM,US-MIDA-PJM,300.91,367.47,44.83,9.94,pjm.com,false,
2024-01-28 15:00:00,USA,PJM,US-MIDA-PJM,304.19,371.36,44.26,9.73,pjm.com,false,
2024-01-28 16:00:00,USA,PJM,US-MIDA-PJM,305.66,373.22,43.91,9.67,pjm.com,false,
2024-01-28 17:00:00,USA,PJM,US-MIDA-PJM,309.71,377.96,43.22,9.37,pjm.com,false,
2024-01-28 18:00:00,USA,PJM,US-MIDA-PJM,311.36,380.0,42.84,8.87,pjm.com,false,
2024-01-28 19:00:00,USA,PJM,US-MIDA-PJM,312.14,381.14,42.53,8.43,pjm.com,false,
2024-01-28 20:00:00,USA,PJM,US-MIDA-PJM,314.03,383.57,41.98,8.0,pjm.com,false,
2024-01-28 21:00:00,USA,PJM,US-MIDA-PJM,315.34,385.12,41.75,7.99,pjm.com,false,
2024-01-28 22:00:00,USA,PJM,US-MIDA-PJM,309.84,378.88,42.72,9.76,pjm.com,false,
2024-01-28 23:00:00,USA,PJM,US-MIDA-PJM,314.7,384.58,41.82,9.57,pjm.com,false,
2024-01-29 00:00:00,USA,PJM,US-MIDA-PJM,319.93,390.58,40.98,8.7,pjm.com,false,
2024-01-29 01:00:00,USA,PJM,US-MIDA-PJM,326.73,398.32,39.87,7.01,pjm.com,false,
2024-01-29 02:00:00,USA,PJM,US-MIDA-PJM,331.27,403.33,39.22,5.5,pjm.com,false,
2024-01-29 03:00:00,USA,PJM,US-MIDA-PJM,329.95,401.25,39.79,4.91,pjm.com,false,
2024-01-29 04:00:00,USA,PJM,US-MIDA-PJM,324.87,395.41,40.6,4.93,pjm.com,false,
2024-01-29 05:00:00,USA,PJM,US-MIDA-PJM,317.71,387.21,41.76,5.18,pjm.com,false,
2024-01-29 06:00:00,USA,PJM,US-MIDA-PJM,313.08,382.4,42.14,5.15,pjm.com,false,
2024-01-29 07:00:00,USA,PJM,US-MIDA-PJM,311.71,381.12,42.14,5.0,pjm.com,false,
2024-01-29 08:00:00,USA,PJM,US-MIDA-PJM,313.81,383.55,41.79,4.93,pjm.com,false,
2024-01-29 09:00:00,USA,PJM,US-MIDA-PJM,314.48,384.18,41.78,5.04,pjm.com,false,
2024-01-29 10:00:00,USA,PJM,US-MIDA-PJM,318.86,389.71,40.74,4.99,pjm.com,false,
2024-01-29 11:00:00,USA,PJM,US-MIDA-PJM,325.52,397.98,39.31,5.96,pjm.com,false,
2024-01-29 12:00:00,USA,PJM,US-MIDA-PJM,328.02,401.44,38.56,6.93,pjm.com,false,
2024-01-29 13:00:00,USA,PJM,US-MIDA-PJM,328.31,401.31,38.97,7.9,pjm.com,false,
2024-01-29 14:00:00,USA,PJM,US-MIDA-PJM,325.07,397.05,40.01,8.57,pjm.com,false,
2024-01-29 15:00:00,USA,PJM,US-MIDA-PJM,327.75,400.53,39.25,7.98,pjm.com,false,
2024-01-29 16:00:00,USA,PJM,US-MIDA-PJM,331.22,404.28,38.79,7.33,pjm.com,false,
2024-01-29 17:00:00,USA,PJM,US-MIDA-PJM,337.9,411.94,37.66,6.73,pjm.com,false,
2024-01-29 18:00:00,USA,PJM,US-MIDA-PJM,337.87,411.44,38.0,6.76,pjm.com,false,
2024-01-29 19:00:00,USA,PJM,US-MIDA-PJM,330.39,403.34,38.85,7.22,pjm.com,false,
2024-01-29 20:00:00,USA,PJM,US-MIDA-PJM,325.82,398.51,39.29,7.79,pjm.com,false,
2024-01-29 21:00:00,USA,PJM,US-MIDA-PJM,331.49,405.15,38.16,7.2,pjm.com,false,
2024-01-29 22:00:00,USA,PJM,US-MIDA-PJM,331.35,404.96,38.23,8.01,pjm.com,false,
2024-01-29 23:00:00,USA,PJM,US-MIDA-PJM,332.86,406.31,38.26,9.03,pjm.com,false,
2024-01-30 00:00:00,USA,PJM,US-MIDA-PJM,330.75,403.63,38.72,9.28,pjm.com,false,
2024-01-30 01:00:00,USA,PJM,US-MIDA-PJM,329.62,402.12,38.97,9.1,pjm.com,false,
2024-01-30 02:00:00,USA,PJM,US-MIDA-PJM,327.3,399.19,39.49,8.93,pjm.com,false,
2024-01-30 03:00:00,USA,PJM,US-MIDA-PJM,327.63,398.51,40.16,8.5,pjm.com,false,
2024-01-30 04:00:00,USA,PJM,US-MIDA-PJM,320.81,390.52,41.38,8.73,pjm.com,false,
2024-01-30 05:00:00,USA,PJM,US-MIDA-PJM,319.93,389.59,41.48,8.52,pjm.com,false,
2024-01-30 06:00:00,USA,PJM,US-MIDA-PJM,317.76,387.33,41.7,8.24,pjm.com,false,
2024-01-30 07:00:00,USA,PJM,US-MIDA-PJM,319.61,389.38,41.48,7.75,pjm.com,false,
2024-01-30 08:00:00,USA,PJM,US-MIDA-PJM,323.16,393.5,40.9,7.17,pjm.com,false,
2024-01-30 09:00:00,USA,PJM,US-MIDA-PJM,329.69,400.89,40.0,6.57,pjm.com,false,
2024-01-30 10:00:00,USA,PJM,US-MIDA-PJM,337.26,409.85,38.78,6.12,pjm.com,false,
2024-01-30 11:00:00,USA,PJM,US-MIDA-PJM,335.99,409.34,38.63,7.84,pjm.com,false,
2024-01-30 12:00:00,USA,PJM,US-MIDA-PJM,339.61,413.81,37.92,8.61,pjm.com,false,
2024-01-30 13:00:00,USA,PJM,US-MIDA-PJM,335.51,409.05,38.7,9.54,pjm.com,false,
2024-01-30 14:00:00,USA,PJM,US-MIDA-PJM,337.9,411.84,38.28,8.96,pjm.com,false,
2024-01-30 15:00:00,USA,PJM,US-MIDA-PJM,346.07,421.17,36.95,7.55,pjm.com,false,
2024-01-30 16:00:00,USA,PJM,US-MIDA-PJM,348.06,423.37,36.71,6.91,pjm.com,false,
2024-01-30 17:00:00,USA,PJM,US-MIDA-PJM,348.22,423.71,36.58,6.5,pjm.com,false,
2024-01-30 18:00:00,USA,PJM,US-MIDA-PJM,347.04,422.64,36.5,6.4,pjm.com,false,
2024-01-30 19:00:00,USA,PJM,US-MIDA-PJM,346.71,422.26,36.48,6.18,pjm.com,false,
2024-01-30 20:00:00,USA,PJM,US-MIDA-PJM,343.9,419.67,36.41,6.01,pjm.com,false,
2024-01-30 21:00:00,USA,PJM,US-MIDA-PJM,342.09,417.82,36.48,6.16,pjm.com,false,
2024-01-30 22:00:00,USA,PJM,US-MIDA-PJM,340.0,415.2,37.1,7.46,pjm.com,false,
2024-01-30 23:00:00,USA,PJM,US-MIDA-PJM,348.01,423.77,36.22,7.2,pjm.com,false,
2024-01-31 00:00:00,USA,PJM,US-MIDA-PJM,354.14,430.44,35.5,6.33,pjm.com,false,
2024-01-31 01:00:00,USA,PJM,US-MIDA-PJM,359.38,435.79,35.02,5.5,pjm.com,false,
2024-01-31 02:00:00,USA,PJM,US-MIDA-PJM,358.93,435.27,35.09,4.76,pjm.com,false,
2024-01-31 03:00:00,USA,PJM,US-MIDA-PJM,360.12,435.89,35.33,3.72,pjm.com,false,
2024-01-31 04:00:00,USA,PJM,US-MIDA-PJM,357.41,432.3,36.16,3.41,pjm.com,false,
2024-01-31 05:00:00,USA,PJM,US-MIDA-PJM,349.93,423.67,36.96,3.29,pjm.com,false,
2024-01-31 06:00:00,USA,PJM,US-MIDA-PJM,343.17,416.49,37.64,3.42,pjm.com,false,
2024-01-31 07:00:00,USA,PJM,US-MIDA-PJM,339.65,412.84,37.92,3.34,pjm.com,false,
2024-01-31 08:00:00,USA,PJM,US-MIDA-PJM,341.3,414.69,37.69,2.99,pjm.com,false,
2024-01-31 09:00:00,USA,PJM,US-MIDA-PJM,346.26,420.16,37.06,2.84,pjm.com,false,
2024-01-31 10:00:00,USA,PJM,US-MIDA-PJM,347.63,421.97,36.69,3.24,pjm.com,false,
2024-01-31 11:00:00,USA,PJM,US-MIDA-PJM,343.99,418.66,36.78,5.04,pjm.com,false,
2024-01-31 12:00:00,USA,PJM,US-MIDA-PJM,352.24,428.17,35.45,5.21,pjm.com,false,
2024-01-31 13:00:00,USA,PJM,US-MIDA-PJM,356.04,432.05,35.22,5.4,pjm.com,false,
2024-01-31 14:00:00,USA,PJM,US-MIDA-PJM,354.95,430.54,35.6,5.58,pjm.com,false,
2024-01-31 15:00:00,USA,PJM,US-MIDA-PJM,356.18,432.09,35.27,5.17,pjm.com,false,
2024-01-31 16:00:00,USA,PJM,US-MIDA-PJM,355.45,430.89,35.58,4.86,pjm.com,false,
2024-01-31 17:00:00,USA,PJM,US-MIDA-PJM,351.4,426.2,36.28,5.3,pjm.com,false,
2024-01-31 18:00:00,USA,PJM,US-MIDA-PJM,350.24,425.2,36.3,5.42,pjm.com,false,
2024-01-31 19:00:00,USA,PJM,US-MIDA-PJM,348.05,422.86,36.55,5.46,pjm.com,false,
2024-01-31 20:00:00,USA,PJM,US-MIDA-PJM,345.59,420.02,36.86,5.6,pjm.com,false,
2024-01-31 21:00:00,USA,PJM,US-MIDA-PJM,345.16,419.56,36.78,5.52,pjm.com,false,
2024-01-31 22:00:00,USA,PJM,US-MIDA-PJM,341.89,416.17,37.13,6.54,pjm.com,false,
2024-01-31 23:00:00,USA,PJM,US-MIDA-PJM,344.68,419.21,36.76,6.84,pjm.com,false,
2024-02-01 00:00:00,USA,PJM,US-MIDA-PJM,343.53,417.83,36.94,6.91,pjm.com,false,
2024-02-01 01:00:00,USA,PJM,US-MIDA-PJM,339.29,412.32,38.06,7.65,pjm.com,false,
2024-02-01 02:00:00,USA,PJM,US-MIDA-PJM,333.18,405.34,38.99,8.08,pjm.com,false,
2024-02-01 03:00:00,USA,PJM,US-MIDA-PJM,327.23,397.96,40.3,8.36,pjm.com,false,
2024-02-01 04:00:00,USA,PJM,US-MIDA-PJM,321.67,391.36,41.37,8.65,pjm.com,false,
2024-02-01 05:00:00,USA,PJM,US-MIDA-PJM,313.71,382.13,42.74,8.97,pjm.com,false,
2024-02-01 06:00:00,USA,PJM,US-MIDA-PJM,312.21,380.89,42.61,8.91,pjm.com,false,
2024-02-01 07:00:00,USA,PJM,US-MIDA-PJM,312.13,380.51,42.84,8.96,pjm.com,false,
2024-02-01 08:00:00,USA,PJM,US-MIDA-PJM,310.06,377.99,43.29,9.2,pjm.com,false,
2024-02-01 09:00:00,USA,PJM,US-MIDA-PJM,312.53,380.41,43.19,9.33,pjm.com,false,
2024-02-01 10:00:00,USA,PJM,US-MIDA-PJM,313.41,381.42,43.08,9.72,pjm.com,false,
2024-02-01 11:00:00,USA,PJM,US-MIDA-PJM,315.64,384.51,42.48,11.33,pjm.com,false,
2024-02-01 12:00:00,USA,PJM,US-MIDA-PJM,326.75,397.03,40.89,11.26,pjm.com,false,
2024-02-01 13:00:00,USA,PJM,US-MIDA-PJM,326.43,396.49,41.14,11.19,pjm.com,false,
2024-02-01 14:00:00,USA,PJM,US-MIDA-PJM,315.43,383.53,43.31,11.95,pjm.com,false,
2024-02-01 15:00:00,USA,PJM,US-MIDA-PJM,314.16,382.57,43.15,10.79,pjm.com,false,
2024-02-01 16:00:00,USA,PJM,US-MIDA-PJM,312.28,380.99,43.01,10.05,pjm.com,false,
2024-02-01 17:00:00,USA,PJM,US-MIDA-PJM,313.48,382.5,42.72,9.2,pjm.com,false,
2024-02-01 18:00:00,USA,PJM,US-MIDA-PJM,315.87,384.46,42.97,8.81,pjm.com,false,
2024-02-01 19:00:00,USA,PJM,US-MIDA-PJM,312.78,380.94,43.45,8.66,pjm.com,false,
2024-02-01 20:00:00,USA,PJM,US-MIDA-PJM,310.64,378.99,43.46,8.32,pjm.com,false,
2024-02-01 21:00:00,USA,PJM,US-MIDA-PJM,313.85,383.32,42.29,7.0,pjm.com,false,
2024-02-01 22:00:00,USA,PJM,US-MIDA-PJM,323.14,394.14,40.6,6.31,pjm.com,false,
2024-02-01 23:00:00,USA,PJM,US-MIDA-PJM,329.46,400.97,39.88,6.66,pjm.com,false,
2024-02-02 00:00:00,USA,PJM,US-MIDA-PJM,330.54,401.76,40.02,6.76,pjm.com,false,
2024-02-02 01:00:00,USA,PJM,US-MIDA-PJM,332.1,403.55,39.7,6.47,pjm.com,false,
2024-02-02 02:00:00,USA,PJM,US-MIDA-PJM,327.78,398.31,40.49,6.55,pjm.com,false,
2024-02-02 03:00:00,USA,PJM,US-MIDA-PJM,317.06,385.93,42.22,6.93,pjm.com,false,
2024-02-02 04:00:00,USA,PJM,US-MIDA-PJM,310.84,378.83,43.2,7.19,pjm.com,false,
2024-02-02 05:00:00,USA,PJM,US-MIDA-PJM,304.91,371.88,44.28,7.6,pjm.com,false,
2024-02-02 06:00:00,USA,PJM,US-MIDA-PJM,304.43,371.41,44.31,7.2,pjm.com,false,
2024-02-02 07:00:00,USA,PJM,US-MIDA-PJM,302.68,368.86,45.02,7.26,pjm.com,false,
2024-02-02 08:00:00,USA,PJM,US-MIDA-PJM,300.93,366.54,45.53,7.68,pjm.com,false,
2024-02-02 09:00:00,USA,PJM,US-MIDA-PJM,303.36,369.9,44.7,7.26,pjm.com,false,
2024-02-02 10:00:00,USA,PJM,US-MIDA-PJM,306.8,374.04,44.01,6.83,pjm.com,false,
2024-02-02 11:00:00,USA,PJM,US-MIDA-PJM,311.45,380.27,42.69,7.44,pjm.com,false,
2024-02-02 12:00:00,USA,PJM,US-MIDA-PJM,317.23,387.19,41.66,8.56,pjm.com,false,
2024-02-02 13:00:00,USA,PJM,US-MIDA-PJM,322.94,393.6,40.84,8.42,pjm.com,false,
2024-02-02 14:00:00,USA,PJM,US-MIDA-PJM,323.69,394.26,40.9,8.23,pjm.com,false,
2024-02-02 15:00:00,USA,PJM,US-MIDA-PJM,322.05,392.61,41.04,8.28,pjm.com,false,
2024-02-02 16:00:00,USA,PJM,US-MIDA-PJM,324.69,395.12,40.97,7.76,pjm.com,false,
2024-02-02 17:00:00,USA,PJM,US-MIDA-PJM,319.58,389.67,41.48,7.77,pjm.com,false,
2024-02-02 18:00:00,USA,PJM,US-MIDA-PJM,316.72,386.96,41.5,7.56,pjm.com,false,
2024-02-02 19:00:00,USA,PJM,US-MIDA-PJM,315.26,385.57,41.46,7.07,pjm.com,false,
2024-02-02 20:00:00,USA,PJM,US-MIDA-PJM,312.4,382.37,41.87,7.18,pjm.com,false,
2024-02-02 21:00:00,USA,PJM,US-MIDA-PJM,310.75,380.55,42.08,7.41,pjm.com,false,
2024-02-02 22:00:00,USA,PJM,US-MIDA-PJM,311.43,381.35,41.98,7.98,pjm.com,false,
2024-02-02 23:00:00,USA,PJM,US-MIDA-PJM,316.11,386.82,41.15,7.96,pjm.com,false,
2024-02-03 00:00:00,USA,PJM,US-MIDA-PJM,320.01,391.1,40.58,7.3,pjm.com,false,
2024-02-03 01:00:00,USA,PJM,US-MIDA-PJM,322.43,393.61,40.33,6.66,pjm.com,false,
2024-02-03 02:00:00,USA,PJM,US-MIDA-PJM,323.44,394.87,40.01,5.85,pjm.com,false,
2024-02-03 03:00:00,USA,PJM,US-MIDA-PJM,322.13,393.01,40.45,5.58,pjm.com,false,
2024-02-03 04:00:00,USA,PJM,US-MIDA-PJM,320.97,390.93,41.18,5.41,pjm.com,false,
2024-02-03 05:00:00,USA,PJM,US-MIDA-PJM,319.0,388.32,41.77,4.85,pjm.com,false,
2024-02-03 06:00:00,USA,PJM,US-MIDA-PJM,312.69,381.77,42.28,4.75,pjm.com,false,
2024-02-03 07:00:00,USA,PJM,US-MIDA-PJM,308.91,378.19,42.33,4.56,pjm.com,false,
2024-02-03 08:00:00,USA,PJM,US-MIDA-PJM,307.21,376.66,42.3,4.7,pjm.com,false,
2024-02-03 09:00:00,USA,PJM,US-MIDA-PJM,309.54,379.36,41.92,4.73,pjm.com,false,
2024-02-03 10:00:00,USA,PJM,US-MIDA-PJM,313.59,384.05,41.23,4.75,pjm.com,false,
2024-02-03 11:00:00,USA,PJM,US-MIDA-PJM,310.53,380.71,41.72,6.3,pjm.com,false,
2024-02-03 12:00:00,USA,PJM,US-MIDA-PJM,309.89,380.14,41.82,7.79,pjm.com,false,
2024-02-03 13:00:00,USA,PJM,US-MIDA-PJM,312.39,382.94,41.48,7.59,pjm.com,false,
2024-02-03 14:00:00,USA,PJM,US-MIDA-PJM,303.23,371.85,43.62,9.04,pjm.com,false,
2024-02-03 15:00:00,USA,PJM,US-MIDA-PJM,297.15,365.07,44.74,9.59,pjm.com,false,
2024-02-03 16:00:00,USA,PJM,US-MIDA-PJM,294.23,362.27,44.77,9.23,pjm.com,false,
2024-02-03 17:00:00,USA,PJM,US-MIDA-PJM,294.17,362.32,44.67,8.73,pjm.com,false,
2024-02-03 18:00:00,USA,PJM,US-MIDA-PJM,291.51,358.57,45.6,8.86,pjm.com,false,
2024-02-03 19:00:00,USA,PJM,US-MIDA-PJM,288.57,354.59,46.56,9.28,pjm.com,false,
2024-02-03 20:00:00,USA,PJM,US-MIDA-PJM,291.08,357.81,45.86,8.99,pjm.com,false,
2024-02-03 21:00:00,USA,PJM,US-MIDA-PJM,302.82,371.85,43.33,7.06,pjm.com,false,
2024-02-03 22:00:00,USA,PJM,US-MIDA-PJM,314.47,385.36,41.25,5.52,pjm.com,false,
2024-02-03 23:00:00,USA,PJM,US-MIDA-PJM,314.35,385.28,41.26,7.0,pjm.com,false,
2024-02-04 00:00:00,USA,PJM,US-MIDA-PJM,312.79,383.24,41.62,7.56,pjm.com,false,
2024-02-04 01:00:00,USA,PJM,US-MIDA-PJM,312.59,382.93,41.62,7.59,pjm.com,false,
2024-02-04 02:00:00,USA,PJM,US-MIDA-PJM,312.17,382.6,41.53,7.09,pjm.com,false,
2024-02-04 03:00:00,USA,PJM,US-MIDA-PJM,312.11,382.16,41.64,6.71,pjm.com,false,
2024-02-04 04:00:00,USA,PJM,US-MIDA-PJM,308.6,377.62,42.52,6.99,pjm.com,false,
2024-02-04 05:00:00,USA,PJM,US-MIDA-PJM,307.12,375.87,42.82,6.8,pjm.com,false,
2024-02-04 06:00:00,USA,PJM,US-MIDA-PJM,311.06,380.14,42.39,6.1,pjm.com,false,
2024-02-04 07:00:00,USA,PJM,US-MIDA-PJM,312.43,381.94,42.03,5.49,pjm.com,false,
2024-02-04 08:00:00,USA,PJM,US-MIDA-PJM,313.41,383.24,41.76,5.26,pjm.com,false,
2024-02-04 09:00:00,USA,PJM,US-MIDA-PJM,315.48,385.89,41.22,4.95,pjm.com,false,
2024-02-04 10:00:00,USA,PJM,US-MIDA-PJM,314.4,384.69,41.41,5.67,pjm.com,false,
2024-02-04 11:00:00,USA,PJM,US-MIDA-PJM,315.0,385.36,41.44,6.66,pjm.com,false,
2024-02-04 12:00:00,USA,PJM,US-MIDA-PJM,313.87,384.01,41.78,7.75,pjm.com,false,
2024-02-04 13:00:00,USA,PJM,US-MIDA-PJM,311.17,380.93,42.29,8.51,pjm.com,false,
2024-02-04 14:00:00,USA,PJM,US-MIDA-PJM,302.62,370.79,44.06,9.61,pjm.com,false,
2024-02-04 15:00:00,USA,PJM,US-MIDA-PJM,293.0,360.27,45.33,10.24,pjm.com,false,
2024-02-04 16:00:00,USA,PJM,US-MIDA-PJM,291.47,358.76,45.39,10.1,pjm.com,false,
2024-02-04 17:00:00,USA,PJM,US-MIDA-PJM,288.25,355.21,45.77,9.61,pjm.com,false,
2024-02-04 18:00:00,USA,PJM,US-MIDA-PJM,284.86,351.22,46.38,9.88,pjm.com,false,
2024-02-04 19:00:00,USA,PJM,US-MIDA-PJM,281.29,346.79,47.19,10.41,pjm.com,false,
2024-02-04 20:00:00,USA,PJM,US-MIDA-PJM,279.91,345.05,47.47,10.59,pjm.com,false,
2024-02-04 21:00:00,USA,PJM,US-MIDA-PJM,289.1,356.34,45.22,8.85,pjm.com,false,
2024-02-04 22:00:00,USA,PJM,US-MIDA-PJM,301.04,370.39,42.87,7.41,pjm.com,false,
2024-02-04 23:00:00,USA,PJM,US-MIDA-PJM,300.27,369.35,43.21,9.45,pjm.com,false,
2024-02-05 00:00:00,USA,PJM,US-MIDA-PJM,307.53,377.33,42.22,8.94,pjm.com,false,
2024-02-05 01:00:00,USA,PJM,US-MIDA-PJM,312.17,381.89,41.94,8.41,pjm.com,false,
2024-02-05 02:00:00,USA,PJM,US-MIDA-PJM,311.04,380.57,42.12,8.06,pjm.com,false,
2024-02-05 03:00:00,USA,PJM,US-MIDA-PJM,311.37,380.94,42.05,7.16,pjm.com,false,
2024-02-05 04:00:00,USA,PJM,US-MIDA-PJM,312.69,382.5,41.8,6.38,pjm.com,false,
2024-02-05 05:00:00,USA,PJM,US-MIDA-PJM,311.12,381.13,41.75,5.92,pjm.com,false,
2024-02-05 06:00:00,USA,PJM,US-MIDA-PJM,315.34,386.24,40.88,5.23,pjm.com,false,
2024-02-05 07:00:00,USA,PJM,US-MIDA-PJM,321.85,393.24,40.17,4.67,pjm.com,false,
2024-02-05 08:00:00,USA,PJM,US-MIDA-PJM,323.31,395.03,39.85,4.32,pjm.com,false,
2024-02-05 09:00:00,USA,PJM,US-MIDA-PJM,324.27,396.55,39.38,4.01,pjm.com,false,
2024-02-05 10:00:00,USA,PJM,US-MIDA-PJM,324.6,397.61,38.87,4.89,pjm.com,false,
2024-02-05 11:00:00,USA,PJM,US-MIDA-PJM,325.52,399.38,38.36,6.75,pjm.com,false,
2024-02-05 12:00:00,USA,PJM,US-MIDA-PJM,335.11,409.94,37.2,7.09,pjm.com,false,
2024-02-05 13:00:00,USA,PJM,US-MIDA-PJM,333.85,408.31,37.64,7.64,pjm.com,false,
2024-02-05 14:00:00,USA,PJM,US-MIDA-PJM,323.58,396.23,39.66,8.5,pjm.com,false,
2024-02-05 15:00:00,USA,PJM,US-MIDA-PJM,321.9,394.59,39.69,7.51,pjm.com,false,
2024-02-05 16:00:00,USA,PJM,US-MIDA-PJM,319.35,391.36,40.3,7.29,pjm.com,false,
2024-02-05 17:00:00,USA,PJM,US-MIDA-PJM,314.76,386.3,40.89,7.36,pjm.com,false,
2024-02-05 18:00:00,USA,PJM,US-MIDA-PJM,312.34,383.59,41.24,7.43,pjm.com,false,
2024-02-05 19:00:00,USA,PJM,US-MIDA-PJM,308.09,378.92,41.77,7.56,pjm.com,false,
2024-02-05 20:00:00,USA,PJM,US-MIDA-PJM,309.09,380.14,41.52,7.32,pjm.com,false,
2024-02-05 21:00:00,USA,PJM,US-MIDA-PJM,316.87,388.82,40.31,6.24,pjm.com,false,
2024-02-05 22:00:00,USA,PJM,US-MIDA-PJM,321.93,394.88,39.24,6.13,pjm.com,false,
2024-02-05 23:00:00,USA,PJM,US-MIDA-PJM,327.35,401.23,38.24,6.48,pjm.com,false,
2024-02-06 00:00:00,USA,PJM,US-MIDA-PJM,327.78,401.62,38.22,6.6,pjm.com,false,
2024-02-06 01:00:00,USA,PJM,US-MIDA-PJM,330.95,405.2,37.7,5.88,pjm.com,false,
2024-02-06 02:00:00,USA,PJM,US-MIDA-PJM,336.84,411.47,37.03,4.64,pjm.com,false,
2024-02-06 03:00:00,USA,PJM,US-MIDA-PJM,338.68,413.03,37.06,3.52,pjm.com,false,
2024-02-06 04:00:00,USA,PJM,US-MIDA-PJM,333.49,406.82,38.08,3.49,pjm.com,false,
2024-02-06 05:00:00,USA,PJM,US-MIDA-PJM,323.62,395.8,39.44,3.65,pjm.com,false,
2024-02-06 06:00:00,USA,PJM,US-MIDA-PJM,318.83,390.57,40.02,3.75,pjm.com,false,
2024-02-06 07:00:00,USA,PJM,US-MIDA-PJM,319.4,391.3,39.87,3.8,pjm.com,false,
2024-02-06 08:00:00,USA,PJM,US-MIDA-PJM,320.09,392.26,39.64,3.63,pjm.com,false,
2024-02-06 09:00:00,USA,PJM,US-MIDA-PJM,328.34,402.02,38.13,2.99,pjm.com,false,
2024-02-06 10:00:00,USA,PJM,US-MIDA-PJM,332.13,406.88,37.19,3.26,pjm.com,false,
2024-02-06 11:00:00,USA,PJM,US-MIDA-PJM,331.66,406.53,37.3,5.4,pjm.com,false,
2024-02-06 12:00:00,USA,PJM,US-MIDA-PJM,333.6,408.74,37.09,6.41,pjm.com,false,
2024-02-06 13:00:00,USA,PJM,US-MIDA-PJM,331.1,405.26,38.04,7.09,pjm.com,false,
2024-02-06 14:00:00,USA,PJM,US-MIDA-PJM,321.58,393.98,39.97,8.01,pjm.com,false,
2024-02-06 15:00:00,USA,PJM,US-MIDA-PJM,318.87,390.64,40.59,7.72,pjm.com,false,
2024-02-06 16:00:00,USA,PJM,US-MIDA-PJM,317.72,389.13,41.06,7.49,pjm.com,false,
2024-02-06 17:00:00,USA,PJM,US-MIDA-PJM,311.19,381.73,41.9,7.57,pjm.com,false,
2024-02-06 18:00:00,USA,PJM,US-MIDA-PJM,307.17,377.38,42.32,7.36,pjm.com,false,
2024-02-06 19:00:00,USA,PJM,US-MIDA-PJM,303.46,372.9,43.12,7.65,pjm.com,false,
2024-02-06 20:00:00,USA,PJM,US-MIDA-PJM,302.06,371.32,43.32,7.7,pjm.com,false,
2024-02-06 21:00:00,USA,PJM,US-MIDA-PJM,316.61,388.51,40.42,5.77,pjm.com,false,
2024-02-06 22:00:00,USA,PJM,US-MIDA-PJM,333.66,408.17,37.51,3.81,pjm.com,false,
2024-02-06 23:00:00,USA,PJM,US-MIDA-PJM,340.77,416.39,36.49,4.66,pjm.com,false,
2024-02-07 00:00:00,USA,PJM,US-MIDA-PJM,335.88,411.12,37.03,5.44,pjm.com,false,
2024-02-07 01:00:00,USA,PJM,US-MIDA-PJM,335.94,411.12,37.05,5.34,pjm.com,false,
2024-02-07 02:00:00,USA,PJM,US-MIDA-PJM,338.36,413.52,36.76,4.44,pjm.com,false,
2024-02-07 03:00:00,USA,PJM,US-MIDA-PJM,340.75,415.59,36.67,3.45,pjm.com,false,
2024-02-07 04:00:00,USA,PJM,US-MIDA-PJM,336.33,410.22,37.55,3.75,pjm.com,false,
2024-02-07 05:00:00,USA,PJM,US-MIDA-PJM,331.39,404.52,38.36,4.07,pjm.com,false,
2024-02-07 06:00:00,USA,PJM,US-MIDA-PJM,330.99,404.48,38.1,3.8,pjm.com,false,
2024-02-07 07:00:00,USA,PJM,US-MIDA-PJM,327.66,401.03,38.36,3.94,pjm.com,false,
2024-02-07 08:00:00,USA,PJM,US-MIDA-PJM,326.95,400.47,38.32,3.91,pjm.com,false,
2024-02-07 09:00:00,USA,PJM,US-MIDA-PJM,327.7,401.31,38.23,4.08,pjm.com,false,
2024-02-07 10:00:00,USA,PJM,US-MIDA-PJM,327.76,402.01,37.84,4.95,pjm.com,false,
2024-02-07 11:00:00,USA,PJM,US-MIDA-PJM,327.74,402.38,37.7,6.72,pjm.com,false,
2024-02-07 12:00:00,USA,PJM,US-MIDA-PJM,336.14,411.69,36.61,6.92,pjm.com,false,
2024-02-07 13:00:00,USA,PJM,US-MIDA-PJM,336.95,411.57,37.43,7.65,pjm.com,false,
2024-02-07 14:00:00,USA,PJM,US-MIDA-PJM,325.98,398.54,39.61,8.51,pjm.com,false,
2024-02-07 15:00:00,USA,PJM,US-MIDA-PJM,317.85,389.13,41.01,8.53,pjm.com,false,
2024-02-07 16:00:00,USA,PJM,US-MIDA-PJM,314.95,385.47,41.76,8.29,pjm.com,false,
2024-02-07 17:00:00,USA,PJM,US-MIDA-PJM,307.5,376.88,42.98,8.58,pjm.com,false,
2024-02-07 18:00:00,USA,PJM,US-MIDA-PJM,304.19,372.8,43.73,8.95,pjm.com,false,
2024-02-07 19:00:00,USA,PJM,US-MIDA-PJM,303.35,371.58,44.03,8.87,pjm.com,false,
2024-02-07 20:00:00,USA,PJM,US-MIDA-PJM,303.16,371.39,44.02,8.59,pjm.com,false,
2024-02-07 21:00:00,USA,PJM,US-MIDA-PJM,311.42,381.51,42.03,6.88,pjm.com,false,
2024-02-07 22:00:00,USA,PJM,US-MIDA-PJM,324.44,396.78,39.46,5.26,pjm.com,false,
2024-02-07 23:00:00,USA,PJM,US-MIDA-PJM,326.64,399.64,38.8,5.98,pjm.com,false,
2024-02-08 00:00:00,USA,PJM,US-MIDA-PJM,322.27,394.16,39.82,7.19,pjm.com,false,
2024-02-08 01:00:00,USA,PJM,US-MIDA-PJM,318.72,389.68,40.69,8.01,pjm.com,false,
2024-02-08 02:00:00,USA,PJM,US-MIDA-PJM,317.15,387.95,40.84,7.79,pjm.com,false,
2024-02-08 03:00:00,USA,PJM,US-MIDA-PJM,315.36,385.53,41.38,7.7,pjm.com,false,
2024-02-08 04:00:00,USA,PJM,US-MIDA-PJM,309.77,378.41,42.78,8.32,pjm.com,false,
2024-02-08 05:00:00,USA,PJM,US-MIDA-PJM,303.21,370.85,43.86,8.61,pjm.com,false,
2024-02-08 06:00:00,USA,PJM,US-MIDA-PJM,296.14,363.59,44.36,8.85,pjm.com,false,
2024-02-08 07:00:00,USA,PJM,US-MIDA-PJM,292.05,359.38,44.66,9.1,pjm.com,false,
2024-02-08 08:00:00,USA,PJM,US-MIDA-PJM,291.92,359.5,44.48,9.1,pjm.com,false,
2024-02-08 09:00:00,USA,PJM,US-MIDA-PJM,294.5,362.37,44.13,9.09,pjm.com,false,
2024-02-08 10:00:00,USA,PJM,US-MIDA-PJM,299.34,368.0,43.35,9.49,pjm.com,false,
2024-02-08 11:00:00,USA,PJM,US-MIDA-PJM,299.75,368.62,43.34,11.33,pjm.com,false,
2024-02-08 12:00:00,USA,PJM,US-MIDA-PJM,304.95,374.32,42.76,12.1,pjm.com,false,
2024-02-08 13:00:00,USA,PJM,US-MIDA-PJM,298.86,367.3,43.83,12.82,pjm.com,false,
2024-02-08 14:00:00,USA,PJM,US-MIDA-PJM,293.09,360.05,45.28,13.18,pjm.com,false,
2024-02-08 15:00:00,USA,PJM,US-MIDA-PJM,288.32,353.91,46.58,13.34,pjm.com,false,
2024-02-08 16:00:00,USA,PJM,US-MIDA-PJM,282.72,347.4,47.56,13.57,pjm.com,false,
2024-02-08 17:00:00,USA,PJM,US-MIDA-PJM,280.59,345.1,47.76,13.44,pjm.com,false,
2024-02-08 18:00:00,USA,PJM,US-MIDA-PJM,277.24,341.72,47.95,13.51,pjm.com,false,
2024-02-08 19:00:00,USA,PJM,US-MIDA-PJM,276.49,340.7,48.14,13.24,pjm.com,false,
2024-02-08 20:00:00,USA,PJM,US-MIDA-PJM,274.59,338.3,48.59,13.43,pjm.com,false,
2024-02-08 21:00:00,USA,PJM,US-MIDA-PJM,278.88,343.54,47.52,12.38,pjm.com,false,
2024-02-08 22:00:00,USA,PJM,US-MIDA-PJM,283.4,349.31,46.25,11.76,pjm.com,false,
2024-02-08 23:00:00,USA,PJM,US-MIDA-PJM,286.46,352.73,45.88,12.57,pjm.com,false,
2024-02-09 00:00:00,USA,PJM,US-MIDA-PJM,290.38,357.07,45.33,12.12,pjm.com,false,
2024-02-09 01:00:00,USA,PJM,US-MIDA-PJM,293.35,360.26,44.94,11.4,pjm.com,false,
2024-02-09 02:00:00,USA,PJM,US-MIDA-PJM,288.65,354.67,45.81,11.24,pjm.com,false,
2024-02-09 03:00:00,USA,PJM,US-MIDA-PJM,282.61,347.28,47.08,11.26,pjm.com,false,
2024-02-09 04:00:00,USA,PJM,US-MIDA-PJM,278.28,342.29,47.77,11.09,pjm.com,false,
2024-02-09 05:00:00,USA,PJM,US-MIDA-PJM,277.09,341.04,47.86,10.62,pjm.com,false,
2024-02-09 06:00:00,USA,PJM,US-MIDA-PJM,278.56,343.29,47.22,9.87,pjm.com,false,
2024-02-09 07:00:00,USA,PJM,US-MIDA-PJM,279.18,344.49,46.76,8.64,pjm.com,false,
2024-02-09 08:00:00,USA,PJM,US-MIDA-PJM,282.32,348.57,45.9,7.63,pjm.com,false,
2024-02-09 09:00:00,USA,PJM,US-MIDA-PJM,280.93,346.88,46.19,7.88,pjm.com,false,
2024-02-09 10:00:00,USA,PJM,US-MIDA-PJM,282.79,348.91,46.02,8.12,pjm.com,false,
2024-02-09 11:00:00,USA,PJM,US-MIDA-PJM,281.32,347.61,46.15,10.48,pjm.com,false,
2024-02-09 12:00:00,USA,PJM,US-MIDA-PJM,283.93,350.74,45.71,11.85,pjm.com,false,
2024-02-09 13:00:00,USA,PJM,US-MIDA-PJM,286.25,353.04,45.63,12.44,pjm.com,false,
2024-02-09 14:00:00,USA,PJM,US-MIDA-PJM,288.06,355.31,45.17,11.48,pjm.com,false,
2024-02-09 15:00:00,USA,PJM,US-MIDA-PJM,289.53,356.62,45.22,10.93,pjm.com,false,
2024-02-09 16:00:00,USA,PJM,US-MIDA-PJM,282.21,348.06,46.55,11.36,pjm.com,false,
2024-02-09 17:00:00,USA,PJM,US-MIDA-PJM,278.34,344.27,46.7,11.08,pjm.com,false,
2024-02-09 18:00:00,USA,PJM,US-MIDA-PJM,278.79,344.93,46.5,10.62,pjm.com,false,
2024-02-09 19:00:00,USA,PJM,US-MIDA-PJM,279.04,345.26,46.39,10.34,pjm.com,false,
2024-02-09 20:00:00,USA,PJM,US-MIDA-PJM,282.04,348.89,45.73,9.69,pjm.com,false,
2024-02-09 21:00:00,USA,PJM,US-MIDA-PJM,287.01,354.98,44.57,8.5,pjm.com,false,
2024-02-09 22:00:00,USA,PJM,US-MIDA-PJM,286.25,354.05,44.86,9.18,pjm.com,false,
2024-02-09 23:00:00,USA,PJM,US-MIDA-PJM,290.51,358.74,44.32,9.6,pjm.com,false,
2024-02-10 00:00:00,USA,PJM,US-MIDA-PJM,291.75,359.87,44.22,9.35,pjm.com,false,
2024-02-10 01:00:00,USA,PJM,US-MIDA-PJM,289.76,357.12,44.8,9.39,pjm.com,false,
2024-02-10 02:00:00,USA,PJM,US-MIDA-PJM,291.49,358.84,44.65,8.62,pjm.com,false,
2024-02-10 03:00:00,USA,PJM,US-MIDA-PJM,290.03,356.55,45.29,8.25,pjm.com,false,
2024-02-10 04:00:00,USA,PJM,US-MIDA-PJM,287.13,352.67,46.18,7.92,pjm.com,false,
2024-02-10 05:00:00,USA,PJM,US-MIDA-PJM,283.73,349.12,46.44,7.38,pjm.com,false,
2024-02-10 06:00:00,USA,PJM,US-MIDA-PJM,283.22,348.58,46.48,7.29,pjm.com,false,
2024-02-10 07:00:00,USA,PJM,US-MIDA-PJM,277.6,342.15,47.37,7.54,pjm.com,false,
2024-02-10 08:00:00,USA,PJM,US-MIDA-PJM,274.4,338.76,47.69,7.53,pjm.com,false,
2024-02-10 09:00:00,USA,PJM,US-MIDA-PJM,272.0,335.89,48.16,8.05,pjm.com,false,
2024-02-10 10:00:00,USA,PJM,US-MIDA-PJM,278.27,343.61,46.77,7.58,pjm.com,false,
2024-02-10 11:00:00,USA,PJM,US-MIDA-PJM,282.33,348.56,45.93,7.41,pjm.com,false,
2024-02-10 12:00:00,USA,PJM,US-MIDA-PJM,288.0,355.05,45.06,6.93,pjm.com,false,
2024-02-10 13:00:00,USA,PJM,US-MIDA-PJM,286.31,353.22,45.33,7.29,pjm.com,false,
2024-02-10 14:00:00,USA,PJM,US-MIDA-PJM,285.38,352.51,45.29,7.8,pjm.com,false,
2024-02-10 15:00:00,USA,PJM,US-MIDA-PJM,280.3,346.71,46.15,8.67,pjm.com,false,
2024-02-10 16:00:00,USA,PJM,US-MIDA-PJM,279.44,346.11,46.04,8.72,pjm.com,false,
2024-02-10 17:00:00,USA,PJM,US-MIDA-PJM,282.81,350.26,45.27,7.71,pjm.com,false,
2024-02-10 18:00:00,USA,PJM,US-MIDA-PJM,280.88,347.94,45.66,7.61,pjm.com,false,
2024-02-10 19:00:00,USA,PJM,US-MIDA-PJM,279.25,345.88,45.99,7.61,pjm.com,false,
2024-02-10 20:00:00,USA,PJM,US-MIDA-PJM,284.77,352.46,44.86,6.78,pjm.com,false,
2024-02-10 21:00:00,USA,PJM,US-MIDA-PJM,284.87,352.79,44.66,6.54,pjm.com,false,
2024-02-10 22:00:00,USA,PJM,US-MIDA-PJM,284.72,352.96,44.56,7.49,pjm.com,false,
2024-02-10 23:00:00,USA,PJM,US-MIDA-PJM,292.15,361.35,43.53,7.64,pjm.com,false,
2024-02-11 00:00:00,USA,PJM,US-MIDA-PJM,295.44,364.85,43.16,7.39,pjm.com,false,
2024-02-11 01:00:00,USA,PJM,US-MIDA-PJM,298.4,367.91,42.86,6.76,pjm.com,false,
2024-02-11 02:00:00,USA,PJM,US-MIDA-PJM,300.09,369.85,42.45,5.23,pjm.com,false,
2024-02-11 03:00:00,USA,PJM,US-MIDA-PJM,299.69,369.22,42.56,4.31,pjm.com,false,
2024-02-11 04:00:00,USA,PJM,US-MIDA-PJM,293.68,362.67,43.28,3.96,pjm.com,false,
2024-02-11 05:00:00,USA,PJM,US-MIDA-PJM,287.88,355.99,44.22,3.9,pjm.com,false,
2024-02-11 06:00:00,USA,PJM,US-MIDA-PJM,287.53,355.96,43.99,3.69,pjm.com,false,
2024-02-11 07:00:00,USA,PJM,US-MIDA-PJM,289.62,358.61,43.48,3.13,pjm.com,false,
2024-02-11 08:00:00,USA,PJM,US-MIDA-PJM,290.35,359.6,43.24,2.77,pjm.com,false,
2024-02-11 09:00:00,USA,PJM,US-MIDA-PJM,292.96,362.8,42.68,2.36,pjm.com,false,
2024-02-11 10:00:00,USA,PJM,US-MIDA-PJM,294.48,364.73,42.29,2.34,pjm.com,false,
2024-02-11 11:00:00,USA,PJM,US-MIDA-PJM,294.9,365.3,42.17,2.7,pjm.com,false,
2024-02-11 12:00:00,USA,PJM,US-MIDA-PJM,296.85,367.71,41.75,2.77,pjm.com,false,
2024-02-11 13:00:00,USA,PJM,US-MIDA-PJM,302.18,373.74,41.04,3.02,pjm.com,false,
2024-02-11 14:00:00,USA,PJM,US-MIDA-PJM,307.45,379.39,40.55,3.21,pjm.com,false,
2024-02-11 15:00:00,USA,PJM,US-MIDA-PJM,311.38,383.86,40.01,3.38,pjm.com,false,
2024-02-11 16:00:00,USA,PJM,US-MIDA-PJM,309.72,382.37,39.99,3.21,pjm.com,false,
2024-02-11 17:00:00,USA,PJM,US-MIDA-PJM,305.51,377.61,40.62,3.47,pjm.com,false,
2024-02-11 18:00:00,USA,PJM,US-MIDA-PJM,301.34,373.13,41.06,3.65,pjm.com,false,
2024-02-11 19:00:00,USA,PJM,US-MIDA-PJM,299.58,371.05,41.37,3.9,pjm.com,false,
2024-02-11 20:00:00,USA,PJM,US-MIDA-PJM,296.23,367.19,41.94,4.39,pjm.com,false,
2024-02-11 21:00:00,USA,PJM,US-MIDA-PJM,297.87,369.24,41.54,4.47,pjm.com,false,
2024-02-11 22:00:00,USA,PJM,US-MIDA-PJM,301.79,374.23,40.55,4.7,pjm.com,false,
2024-02-11 23:00:00,USA,PJM,US-MIDA-PJM,300.75,372.73,41.03,5.92,pjm.com,false,
2024-02-12 00:00:00,USA,PJM,US-MIDA-PJM,298.78,370.23,41.47,5.6,pjm.com,false,
2024-02-12 01:00:00,USA,PJM,US-MIDA-PJM,301.44,373.43,40.85,4.63,pjm.com,false,
2024-02-12 02:00:00,USA,PJM,US-MIDA-PJM,307.32,380.16,39.8,3.14,pjm.com,false,
2024-02-12 03:00:00,USA,PJM,US-MIDA-PJM,307.89,380.31,40.03,2.71,pjm.com,false,
2024-02-12 04:00:00,USA,PJM,US-MIDA-PJM,311.52,384.41,39.48,2.33,pjm.com,false,
2024-02-12 05:00:00,USA,PJM,US-MIDA-PJM,311.69,383.97,39.89,1.91,pjm.com,false,
2024-02-12 06:00:00,USA,PJM,US-MIDA-PJM,309.0,380.65,40.5,1.85,pjm.com,false,
2024-02-12 07:00:00,USA,PJM,US-MIDA-PJM,308.75,380.23,40.62,1.88,pjm.com,false,
2024-02-12 08:00:00,USA,PJM,US-MIDA-PJM,308.94,380.69,40.41,1.82,pjm.com,false,
2024-02-12 09:00:00,USA,PJM,US-MIDA-PJM,309.49,381.29,40.37,1.98,pjm.com,false,
2024-02-12 10:00:00,USA,PJM,US-MIDA-PJM,312.26,384.94,39.63,2.37,pjm.com,false,
2024-02-12 11:00:00,USA,PJM,US-MIDA-PJM,319.87,394.15,38.16,3.44,pjm.com,false,
2024-02-12 12:00:00,USA,PJM,US-MIDA-PJM,324.04,398.7,37.82,5.15,pjm.com,false,
2024-02-12 13:00:00,USA,PJM,US-MIDA-PJM,323.17,397.68,38.01,5.63,pjm.com,false,
2024-02-12 14:00:00,USA,PJM,US-MIDA-PJM,324.35,398.94,37.91,5.39,pjm.com,false,
2024-02-12 15:00:00,USA,PJM,US-MIDA-PJM,322.03,396.32,38.31,5.38,pjm.com,false,
2024-02-12 16:00:00,USA,PJM,US-MIDA-PJM,322.74,397.41,37.95,4.94,pjm.com,false,
2024-02-12 17:00:00,USA,PJM,US-MIDA-PJM,330.46,405.66,37.06,3.76,pjm.com,false,
2024-02-12 18:00:00,USA,PJM,US-MIDA-PJM,331.41,406.49,37.11,3.38,pjm.com,false,
2024-02-12 19:00:00,USA,PJM,US-MIDA-PJM,329.67,404.69,37.19,3.17,pjm.com,false,
2024-02-12 20:00:00,USA,PJM,US-MIDA-PJM,325.48,400.18,37.61,3.62,pjm.com,false,
2024-02-12 21:00:00,USA,PJM,US-MIDA-PJM,324.07,398.37,37.95,4.44,pjm.com,false,
2024-02-12 22:00:00,USA,PJM,US-MIDA-PJM,317.84,391.32,38.96,6.35,pjm.com,false,
2024-02-12 23:00:00,USA,PJM,US-MIDA-PJM,319.51,393.01,38.89,7.29,pjm.com,false,
2024-02-13 00:00:00,USA,PJM,US-MIDA-PJM,326.78,401.08,37.86,6.23,pjm.com,false,
2024-02-13 01:00:00,USA,PJM,US-MIDA-PJM,332.65,406.99,37.43,5.18,pjm.com,false,
2024-02-13 02:00:00,USA,PJM,US-MIDA-PJM,331.65,405.58,37.77,4.59,pjm.com,false,
2024-02-13 03:00:00,USA,PJM,US-MIDA-PJM,329.43,402.79,38.26,4.04,pjm.com,false,
2024-02-13 04:00:00,USA,PJM,US-MIDA-PJM,324.89,396.73,39.6,4.04,pjm.com,false,
2024-02-13 05:00:00,USA,PJM,US-MIDA-PJM,315.14,386.2,40.66,4.25,pjm.com,false,
2024-02-13 06:00:00,USA,PJM,US-MIDA-PJM,309.05,379.53,41.39,4.92,pjm.com,false,
2024-02-13 07:00:00,USA,PJM,US-MIDA-PJM,306.6,376.73,41.77,5.37,pjm.com,false,
2024-02-13 08:00:00,USA,PJM,US-MIDA-PJM,306.55,376.51,41.91,5.58,pjm.com,false,
2024-02-13 09:00:00,USA,PJM,US-MIDA-PJM,308.89,379.34,41.43,5.38,pjm.com,false,
2024-02-13 10:00:00,USA,PJM,US-MIDA-PJM,310.17,381.57,40.72,5.56,pjm.com,false,
2024-02-13 11:00:00,USA,PJM,US-MIDA-PJM,307.88,380.13,40.41,7.29,pjm.com,false,
2024-02-13 12:00:00,USA,PJM,US-MIDA-PJM,316.61,389.88,39.3,7.68,pjm.com,false,
2024-02-13 13:00:00,USA,PJM,US-MIDA-PJM,316.56,389.49,39.63,8.31,pjm.com,false,
2024-02-13 14:00:00,USA,PJM,US-MIDA-PJM,312.63,385.25,40.13,8.56,pjm.com,false,
2024-02-13 15:00:00,USA,PJM,US-MIDA-PJM,314.6,387.67,39.68,8.06,pjm.com,false,
2024-02-13 16:00:00,USA,PJM,US-MIDA-PJM,313.61,386.4,39.91,7.61,pjm.com,false,
2024-02-13 17:00:00,USA,PJM,US-MIDA-PJM,307.13,378.81,41.08,8.44,pjm.com,false,
2024-02-13 18:00:00,USA,PJM,US-MIDA-PJM,305.11,376.31,41.54,9.1,pjm.com,false,
2024-02-13 19:00:00,USA,PJM,US-MIDA-PJM,301.08,371.16,42.64,9.71,pjm.com,false,
2024-02-13 20:00:00,USA,PJM,US-MIDA-PJM,300.53,369.83,43.42,10.18,pjm.com,false,
2024-02-13 21:00:00,USA,PJM,US-MIDA-PJM,309.92,381.3,41.23,8.58,pjm.com,false,
2024-02-13 22:00:00,USA,PJM,US-MIDA-PJM,319.72,393.06,39.24,6.76,pjm.com,false,
2024-02-13 23:00:00,USA,PJM,US-MIDA-PJM,323.3,397.56,38.79,7.56,pjm.com,false,
2024-02-14 00:00:00,USA,PJM,US-MIDA-PJM,325.94,400.69,38.35,7.53,pjm.com,false,
2024-02-14 01:00:00,USA,PJM,US-MIDA-PJM,326.65,401.37,38.36,7.14,pjm.com,false,
2024-02-14 02:00:00,USA,PJM,US-MIDA-PJM,325.32,399.88,38.47,6.48,pjm.com,false,
2024-02-14 03:00:00,USA,PJM,US-MIDA-PJM,326.85,401.36,38.29,5.15,pjm.com,false,
2024-02-14 04:00:00,USA,PJM,US-MIDA-PJM,324.31,398.33,38.67,4.69,pjm.com,false,
2024-02-14 05:00:00,USA,PJM,US-MIDA-PJM,316.21,388.8,39.51,4.43,pjm.com,false,
2024-02-14 06:00:00,USA,PJM,US-MIDA-PJM,317.18,389.9,39.35,4.3,pjm.com,false,
2024-02-14 07:00:00,USA,PJM,US-MIDA-PJM,317.9,390.62,39.32,4.23,pjm.com,false,
2024-02-14 08:00:00,USA,PJM,US-MIDA-PJM,317.13,389.74,39.44,4.34,pjm.com,false,
2024-02-14 09:00:00,USA,PJM,US-MIDA-PJM,318.75,391.52,39.26,4.39,pjm.com,false,
2024-02-14 10:00:00,USA,PJM,US-MIDA-PJM,320.82,394.34,38.67,4.79,pjm.com,false,
2024-02-14 11:00:00,USA,PJM,US-MIDA-PJM,319.84,393.62,38.73,7.01,pjm.com,false,
2024-02-14 12:00:00,USA,PJM,US-MIDA-PJM,326.18,400.53,38.06,7.79,pjm.com,false,
2024-02-14 13:00:00,USA,PJM,US-MIDA-PJM,319.0,391.88,39.65,9.07,pjm.com,false,
2024-02-14 14:00:00,USA,PJM,US-MIDA-PJM,313.15,385.24,40.67,9.27,pjm.com,false,
2024-02-14 15:00:00,USA,PJM,US-MIDA-PJM,311.57,383.48,41.05,8.97,pjm.com,false,
2024-02-14 16:00:00,USA,PJM,US-MIDA-PJM,309.49,381.22,41.18,8.7,pjm.com,false,
2024-02-14 17:00:00,USA,PJM,US-MIDA-PJM,308.55,380.14,41.25,8.5,pjm.com,false,
2024-02-14 18:00:00,USA,PJM,US-MIDA-PJM,303.67,374.31,42.16,8.72,pjm.com,false,
2024-02-14 19:00:00,USA,PJM,US-MIDA-PJM,300.32,369.78,43.25,9.33,pjm.com,false,
2024-02-14 20:00:00,USA,PJM,US-MIDA-PJM,300.68,370.05,43.29,9.28,pjm.com,false,
2024-02-14 21:00:00,USA,PJM,US-MIDA-PJM,306.09,376.29,42.38,8.15,pjm.com,false,
2024-02-14 22:00:00,USA,PJM,US-MIDA-PJM,312.29,384.75,40.34,6.98,pjm.com,false,
2024-02-14 23:00:00,USA,PJM,US-MIDA-PJM,319.29,394.01,38.3,6.74,pjm.com,false,
2024-02-15 00:00:00,USA,PJM,US-MIDA-PJM,314.57,387.89,39.54,8.12,pjm.com,false,
2024-02-15 01:00:00,USA,PJM,US-MIDA-PJM,311.17,383.61,40.35,9.06,pjm.com,false,
2024-02-15 02:00:00,USA,PJM,US-MIDA-PJM,315.54,387.89,40.1,8.6,pjm.com,false,
2024-02-15 03:00:00,USA,PJM,US-MIDA-PJM,315.89,387.05,40.61,7.94,pjm.com,false,
2024-02-15 04:00:00,USA,PJM,US-MIDA-PJM,312.69,382.77,41.52,8.21,pjm.com,false,
2024-02-15 05:00:00,USA,PJM,US-MIDA-PJM,312.12,381.44,42.11,8.4,pjm.com,false,
2024-02-15 06:00:00,USA,PJM,US-MIDA-PJM,313.49,382.65,42.14,8.18,pjm.com,false,
2024-02-15 07:00:00,USA,PJM,US-MIDA-PJM,314.88,383.99,42.1,8.2,pjm.com,false,
2024-02-15 08:00:00,USA,PJM,US-MIDA-PJM,314.13,383.38,42.05,8.03,pjm.com,false,
2024-02-15 09:00:00,USA,PJM,US-MIDA-PJM,312.79,382.21,41.99,8.47,pjm.com,false,
2024-02-15 10:00:00,USA,PJM,US-MIDA-PJM,312.62,382.22,41.89,9.7,pjm.com,false,
2024-02-15 11:00:00,USA,PJM,US-MIDA-PJM,315.33,385.75,41.25,11.01,pjm.com,false,
2024-02-15 12:00:00,USA,PJM,US-MIDA-PJM,318.83,389.76,40.73,11.79,pjm.com,false,
2024-02-15 13:00:00,USA,PJM,US-MIDA-PJM,308.09,377.61,42.44,12.95,pjm.com,false,
2024-02-15 14:00:00,USA,PJM,US-MIDA-PJM,299.2,367.97,43.52,13.35,pjm.com,false,
2024-02-15 15:00:00,USA,PJM,US-MIDA-PJM,296.34,365.26,43.52,13.06,pjm.com,false,
2024-02-15 16:00:00,USA,PJM,US-MIDA-PJM,299.14,368.17,43.25,12.66,pjm.com,false,
2024-02-15 17:00:00,USA,PJM,US-MIDA-PJM,299.62,368.35,43.4,12.27,pjm.com,false,
2024-02-15 18:00:00,USA,PJM,US-MIDA-PJM,296.0,364.36,43.84,12.53,pjm.com,false,
2024-02-15 19:00:00,USA,PJM,US-MIDA-PJM,291.61,359.09,44.71,13.01,pjm.com,false,
2024-02-15 20:00:00,USA,PJM,US-MIDA-PJM,288.34,354.99,45.52,13.51,pjm.com,false,
2024-02-15 21:00:00,USA,PJM,US-MIDA-PJM,294.32,362.34,44.23,12.22,pjm.com,false,
2024-02-15 22:00:00,USA,PJM,US-MIDA-PJM,305.05,375.6,41.83,9.78,pjm.com,false,
2024-02-15 23:00:00,USA,PJM,US-MIDA-PJM,315.36,387.18,40.59,9.75,pjm.com,false,
2024-02-16 00:00:00,USA,PJM,US-MIDA-PJM,317.43,389.42,40.36,9.63,pjm.com,false,
2024-02-16 01:00:00,USA,PJM,US-MIDA-PJM,317.37,389.3,40.35,9.19,pjm.com,false,
2024-02-16 02:00:00,USA,PJM,US-MIDA-PJM,321.69,393.85,39.83,7.82,pjm.com,false,
2024-02-16 03:00:00,USA,PJM,US-MIDA-PJM,323.66,395.45,39.52,6.81,pjm.com,false,
2024-02-16 04:00:00,USA,PJM,US-MIDA-PJM,318.1,388.8,40.6,6.84,pjm.com,false,
2024-02-16 05:00:00,USA,PJM,US-MIDA-PJM,313.24,383.84,40.94,6.8,pjm.com,false,
2024-02-16 06:00:00,USA,PJM,US-MIDA-PJM,313.22,384.04,40.77,6.31,pjm.com,false,
2024-02-16 07:00:00,USA,PJM,US-MIDA-PJM,315.22,386.35,40.42,5.66,pjm.com,false,
2024-02-16 08:00:00,USA,PJM,US-MIDA-PJM,318.0,389.88,39.73,5.06,pjm.com,false,
2024-02-16 09:00:00,USA,PJM,US-MIDA-PJM,318.01,390.39,39.35,4.62,pjm.com,false,
2024-02-16 10:00:00,USA,PJM,US-MIDA-PJM,317.66,390.8,38.84,4.9,pjm.com,false,
2024-02-16 11:00:00,USA,PJM,US-MIDA-PJM,316.69,390.01,38.97,6.91,pjm.com,false,
2024-02-16 12:00:00,USA,PJM,US-MIDA-PJM,330.78,405.18,37.48,6.88,pjm.com,false,
2024-02-16 13:00:00,USA,PJM,US-MIDA-PJM,331.48,405.35,37.92,7.51,pjm.com,false,
2024-02-16 14:00:00,USA,PJM,US-MIDA-PJM,332.65,406.12,38.18,7.31,pjm.com,false,
2024-02-16 15:00:00,USA,PJM,US-MIDA-PJM,331.19,404.51,38.35,6.74,pjm.com,false,
2024-02-16 16:00:00,USA,PJM,US-MIDA-PJM,329.4,403.04,38.19,6.15,pjm.com,false,
2024-02-16 17:00:00,USA,PJM,US-MIDA-PJM,319.48,392.44,39.23,6.34,pjm.com,false,
2024-02-16 18:00:00,USA,PJM,US-MIDA-PJM,322.04,395.42,38.76,5.93,pjm.com,false,
2024-02-16 19:00:00,USA,PJM,US-MIDA-PJM,323.23,396.84,38.44,5.3,pjm.com,false,
2024-02-16 20:00:00,USA,PJM,US-MIDA-PJM,321.45,395.13,38.42,5.09,pjm.com,false,
2024-02-16 21:00:00,USA,PJM,US-MIDA-PJM,326.02,399.98,37.97,5.21,pjm.com,false,
2024-02-16 22:00:00,USA,PJM,US-MIDA-PJM,325.62,399.87,37.79,5.64,pjm.com,false,
2024-02-16 23:00:00,USA,PJM,US-MIDA-PJM,324.28,398.03,38.31,7.04,pjm.com,false,
2024-02-17 00:00:00,USA,PJM,US-MIDA-PJM,324.06,397.7,38.4,7.26,pjm.com,false,
2024-02-17 01:00:00,USA,PJM,US-MIDA-PJM,329.15,402.46,38.26,6.72,pjm.com,false,
2024-02-17 02:00:00,USA,PJM,US-MIDA-PJM,325.26,397.89,38.85,6.75,pjm.com,false,
2024-02-17 03:00:00,USA,PJM,US-MIDA-PJM,321.93,393.54,39.75,7.14,pjm.com,false,
2024-02-17 04:00:00,USA,PJM,US-MIDA-PJM,320.3,391.28,40.29,7.33,pjm.com,false,
2024-02-17 05:00:00,USA,PJM,US-MIDA-PJM,313.18,382.62,41.8,7.26,pjm.com,false,
2024-02-17 06:00:00,USA,PJM,US-MIDA-PJM,304.44,372.86,43.0,7.9,pjm.com,false,
2024-02-17 07:00:00,USA,PJM,US-MIDA-PJM,302.46,371.08,42.95,8.08,pjm.com,false,
2024-02-17 08:00:00,USA,PJM,US-MIDA-PJM,303.28,372.01,42.84,8.21,pjm.com,false,
2024-02-17 09:00:00,USA,PJM,US-MIDA-PJM,304.47,373.44,42.61,8.11,pjm.com,false,
2024-02-17 10:00:00,USA,PJM,US-MIDA-PJM,307.85,377.55,41.93,7.86,pjm.com,false,
2024-02-17 11:00:00,USA,PJM,US-MIDA-PJM,308.66,378.91,41.49,7.53,pjm.com,false,
2024-02-17 12:00:00,USA,PJM,US-MIDA-PJM,306.84,377.28,41.54,8.29,pjm.com,false,
2024-02-17 13:00:00,USA,PJM,US-MIDA-PJM,301.16,370.76,42.67,10.56,pjm.com,false,
2024-02-17 14:00:00,USA,PJM,US-MIDA-PJM,302.47,371.81,42.9,11.52,pjm.com,false,
2024-02-17 15:00:00,USA,PJM,US-MIDA-PJM,312.56,382.89,41.61,10.15,pjm.com,false,
2024-02-17 16:00:00,USA,PJM,US-MIDA-PJM,319.34,390.21,40.76,8.91,pjm.com,false,
2024-02-17 17:00:00,USA,PJM,US-MIDA-PJM,311.84,382.01,41.7,9.54,pjm.com,false,
2024-02-17 18:00:00,USA,PJM,US-MIDA-PJM,300.49,369.34,43.27,10.85,pjm.com,false,
2024-02-17 19:00:00,USA,PJM,US-MIDA-PJM,291.06,358.64,44.72,11.92,pjm.com,false,
2024-02-17 20:00:00,USA,PJM,US-MIDA-PJM,285.73,352.5,45.62,12.68,pjm.com,false,
2024-02-17 21:00:00,USA,PJM,US-MIDA-PJM,287.24,354.27,45.29,12.31,pjm.com,false,
2024-02-17 22:00:00,USA,PJM,US-MIDA-PJM,293.94,362.77,43.51,11.42,pjm.com,false,
2024-02-17 23:00:00,USA,PJM,US-MIDA-PJM,301.44,371.2,42.48,12.23,pjm.com,false,
2024-02-18 00:00:00,USA,PJM,US-MIDA-PJM,306.66,376.68,41.99,12.18,pjm.com,false,
2024-02-18 01:00:00,USA,PJM,US-MIDA-PJM,306.23,376.07,42.13,12.25,pjm.com,false,
2024-02-18 02:00:00,USA,PJM,US-MIDA-PJM,305.31,375.38,41.93,11.7,pjm.com,false,
2024-02-18 03:00:00,USA,PJM,US-MIDA-PJM,311.86,382.22,41.28,10.64,pjm.com,false,
2024-02-18 04:00:00,USA,PJM,US-MIDA-PJM,308.19,377.92,41.91,10.41,pjm.com,false,
2024-02-18 05:00:00,USA,PJM,US-MIDA-PJM,305.07,374.83,42.02,10.1,pjm.com,false,
2024-02-18 06:00:00,USA,PJM,US-MIDA-PJM,306.58,376.17,42.04,9.93,pjm.com,false,
2024-02-18 07:00:00,USA,PJM,US-MIDA-PJM,305.33,374.74,42.24,9.99,pjm.com,false,
2024-02-18 08:00:00,USA,PJM,US-MIDA-PJM,305.82,375.31,42.16,9.96,pjm.com,false,
2024-02-18 09:00:00,USA,PJM,US-MIDA-PJM,310.27,379.81,41.88,9.82,pjm.com,false,
2024-02-18 10:00:00,USA,PJM,US-MIDA-PJM,308.86,378.04,42.28,10.45,pjm.com,false,
2024-02-18 11:00:00,USA,PJM,US-MIDA-PJM,305.57,374.67,42.58,11.26,pjm.com,false,
2024-02-18 12:00:00,USA,PJM,US-MIDA-PJM,308.04,377.08,42.58,12.02,pjm.com,false,
2024-02-18 13:00:00,USA,PJM,US-MIDA-PJM,310.84,379.77,42.58,12.2,pjm.com,false,
2024-02-18 14:00:00,USA,PJM,US-MIDA-PJM,308.47,376.84,43.2,12.63,pjm.com,false,
2024-02-18 15:00:00,USA,PJM,US-MIDA-PJM,304.4,372.69,43.54,12.87,pjm.com,false,
2024-02-18 16:00:00,USA,PJM,US-MIDA-PJM,299.82,368.06,43.84,12.56,pjm.com,false,
2024-02-18 17:00:00,USA,PJM,US-MIDA-PJM,294.74,362.08,44.78,12.73,pjm.com,false,
2024-02-18 18:00:00,USA,PJM,US-MIDA-PJM,289.15,355.5,45.82,13.19,pjm.com,false,
2024-02-18 19:00:00,USA,PJM,US-MIDA-PJM,287.47,353.7,45.99,12.81,pjm.com,false,
2024-02-18 20:00:00,USA,PJM,US-MIDA-PJM,289.19,355.48,45.84,12.38,pjm.com,false,
2024-02-18 21:00:00,USA,PJM,US-MIDA-PJM,295.5,363.4,44.22,10.99,pjm.com,false,
2024-02-18 22:00:00,USA,PJM,US-MIDA-PJM,305.6,376.49,41.29,8.8,pjm.com,false,
2024-02-18 23:00:00,USA,PJM,US-MIDA-PJM,313.09,385.5,39.79,8.66,pjm.com,false,
2024-02-19 00:00:00,USA,PJM,US-MIDA-PJM,319.31,391.94,39.29,8.73,pjm.com,false,
2024-02-19 01:00:00,USA,PJM,US-MIDA-PJM,321.56,394.33,39.03,8.25,pjm.com,false,
2024-02-19 02:00:00,USA,PJM,US-MIDA-PJM,324.57,397.76,38.47,7.22,pjm.com,false,
2024-02-19 03:00:00,USA,PJM,US-MIDA-PJM,325.93,399.45,38.14,6.47,pjm.com,false,
2024-02-19 04:00:00,USA,PJM,US-MIDA-PJM,325.52,399.01,38.19,5.95,pjm.com,false,
2024-02-19 05:00:00,USA,PJM,US-MIDA-PJM,325.2,398.68,38.22,5.4,pjm.com,false,
2024-02-19 06:00:00,USA,PJM,US-MIDA-PJM,331.48,405.83,37.26,4.32,pjm.com,false,
2024-02-19 07:00:00,USA,PJM,US-MIDA-PJM,336.29,411.42,36.44,3.46,pjm.com,false,
2024-02-19 08:00:00,USA,PJM,US-MIDA-PJM,339.5,415.24,35.82,3.07,pjm.com,false,
2024-02-19 09:00:00,USA,PJM,US-MIDA-PJM,342.19,418.35,35.41,3.19,pjm.com,false,
2024-02-19 10:00:00,USA,PJM,US-MIDA-PJM,342.27,418.53,35.44,4.11,pjm.com,false,
2024-02-19 11:00:00,USA,PJM,US-MIDA-PJM,342.54,419.32,35.16,5.23,pjm.com,false,
2024-02-19 12:00:00,USA,PJM,US-MIDA-PJM,349.41,426.67,34.48,5.82,pjm.com,false,
2024-02-19 13:00:00,USA,PJM,US-MIDA-PJM,343.72,419.06,36.43,7.55,pjm.com,false,
2024-02-19 14:00:00,USA,PJM,US-MIDA-PJM,332.99,407.24,37.91,8.05,pjm.com,false,
2024-02-19 15:00:00,USA,PJM,US-MIDA-PJM,327.98,402.13,38.4,7.73,pjm.com,false,
2024-02-19 16:00:00,USA,PJM,US-MIDA-PJM,322.85,396.39,38.97,7.67,pjm.com,false,
2024-02-19 17:00:00,USA,PJM,US-MIDA-PJM,320.78,393.7,39.5,7.8,pjm.com,false,
2024-02-19 18:00:00,USA,PJM,US-MIDA-PJM,318.52,390.85,40.06,7.92,pjm.com,false,
2024-02-19 19:00:00,USA,PJM,US-MIDA-PJM,315.61,387.36,40.64,8.11,pjm.com,false,
2024-02-19 20:00:00,USA,PJM,US-MIDA-PJM,315.63,386.85,41.05,8.33,pjm.com,false,
2024-02-19 21:00:00,USA,PJM,US-MIDA-PJM,322.76,395.49,39.45,7.1,pjm.com,false,
2024-02-19 22:00:00,USA,PJM,US-MIDA-PJM,334.12,409.65,36.54,4.68,pjm.com,false,
2024-02-19 23:00:00,USA,PJM,US-MIDA-PJM,334.58,410.95,35.91,5.63,pjm.com,false,
2024-02-20 00:00:00,USA,PJM,US-MIDA-PJM,337.75,413.93,35.86,5.9,pjm.com,false,
2024-02-20 01:00:00,USA,PJM,US-MIDA-PJM,338.84,414.91,35.84,5.74,pjm.com,false,
2024-02-20 02:00:00,USA,PJM,US-MIDA-PJM,343.72,420.0,35.31,4.54,pjm.com,false,
2024-02-20 03:00:00,USA,PJM,US-MIDA-PJM,344.33,420.16,35.53,3.82,pjm.com,false,
2024-02-20 04:00:00,USA,PJM,US-MIDA-PJM,343.88,419.41,35.75,3.8,pjm.com,false,
2024-02-20 05:00:00,USA,PJM,US-MIDA-PJM,340.39,414.87,36.83,4.12,pjm.com,false,
2024-02-20 06:00:00,USA,PJM,US-MIDA-PJM,336.97,410.88,37.3,4.45,pjm.com,false,
2024-02-20 07:00:00,USA,PJM,US-MIDA-PJM,333.46,406.9,37.85,5.0,pjm.com,false,
2024-02-20 08:00:00,USA,PJM,US-MIDA-PJM,333.46,407.23,37.6,5.23,pjm.com,false,
2024-02-20 09:00:00,USA,PJM,US-MIDA-PJM,333.68,407.76,37.38,5.45,pjm.com,false,
2024-02-20 10:00:00,USA,PJM,US-MIDA-PJM,332.31,406.48,37.49,6.68,pjm.com,false,
2024-02-20 11:00:00,USA,PJM,US-MIDA-PJM,336.39,411.79,36.5,7.68,pjm.com,false,
2024-02-20 12:00:00,USA,PJM,US-MIDA-PJM,345.54,421.75,35.45,8.0,pjm.com,false,
2024-02-20 13:00:00,USA,PJM,US-MIDA-PJM,338.19,412.58,37.33,9.44,pjm.com,false,
2024-02-20 14:00:00,USA,PJM,US-MIDA-PJM,326.62,398.91,39.62,10.21,pjm.com,false,
2024-02-20 15:00:00,USA,PJM,US-MIDA-PJM,327.43,399.73,39.6,9.1,pjm.com,false,
2024-02-20 16:00:00,USA,PJM,US-MIDA-PJM,326.46,398.32,39.96,8.56,pjm.com,false,
2024-02-20 17:00:00,USA,PJM,US-MIDA-PJM,324.89,396.3,40.32,8.69,pjm.com,false,
2024-02-20 18:00:00,USA,PJM,US-MIDA-PJM,317.77,387.79,41.7,9.7,pjm.com,false,
2024-02-20 19:00:00,USA,PJM,US-MIDA-PJM,311.07,379.14,43.52,10.9,pjm.com,false,
2024-02-20 20:00:00,USA,PJM,US-MIDA-PJM,304.1,371.42,44.44,11.68,pjm.com,false,
2024-02-20 21:00:00,USA,PJM,US-MIDA-PJM,308.75,377.36,43.13,10.6,pjm.com,false,
2024-02-20 22:00:00,USA,PJM,US-MIDA-PJM,318.81,390.26,40.28,8.14,pjm.com,false,
2024-02-20 23:00:00,USA,PJM,US-MIDA-PJM,321.01,394.11,38.96,8.4,pjm.com,false,
2024-02-21 00:00:00,USA,PJM,US-MIDA-PJM,323.51,396.77,38.69,8.38,pjm.com,false,
2024-02-21 01:00:00,USA,PJM,US-MIDA-PJM,324.57,397.63,38.71,8.24,pjm.com,false,
2024-02-21 02:00:00,USA,PJM,US-MIDA-PJM,324.44,396.95,39.02,7.87,pjm.com,false,
2024-02-21 03:00:00,USA,PJM,US-MIDA-PJM,318.34,389.28,40.46,8.16,pjm.com,false,
2024-02-21 04:00:00,USA,PJM,US-MIDA-PJM,314.34,384.66,41.12,8.46,pjm.com,false,
2024-02-21 05:00:00,USA,PJM,US-MIDA-PJM,311.7,381.52,41.91,8.86,pjm.com,false,
2024-02-21 06:00:00,USA,PJM,US-MIDA-PJM,309.89,379.37,41.98,8.76,pjm.com,false,
2024-02-21 07:00:00,USA,PJM,US-MIDA-PJM,311.23,381.1,41.63,8.42,pjm.com,false,
2024-02-21 08:00:00,USA,PJM,US-MIDA-PJM,314.8,385.3,40.98,8.21,pjm.com,false,
2024-02-21 09:00:00,USA,PJM,US-MIDA-PJM,313.98,384.56,40.98,8.63,pjm.com,false,
2024-02-21 10:00:00,USA,PJM,US-MIDA-PJM,314.05,384.97,40.83,9.94,pjm.com,false,
2024-02-21 11:00:00,USA,PJM,US-MIDA-PJM,320.09,391.68,40.15,11.36,pjm.com,false,
2024-02-21 12:00:00,USA,PJM,US-MIDA-PJM,325.74,397.77,39.58,11.85,pjm.com,false,
2024-02-21 13:00:00,USA,PJM,US-MIDA-PJM,321.25,392.36,40.59,12.58,pjm.com,false,
2024-02-21 14:00:00,USA,PJM,US-MIDA-PJM,316.65,386.53,41.82,12.81,pjm.com,false,
2024-02-21 15:00:00,USA,PJM,US-MIDA-PJM,315.95,385.46,42.21,12.54,pjm.com,false,
2024-02-21 16:00:00,USA,PJM,US-MIDA-PJM,315.72,384.69,42.59,12.53,pjm.com,false,
2024-02-21 17:00:00,USA,PJM,US-MIDA-PJM,312.3,380.2,43.53,12.9,pjm.com,false,
2024-02-21 18:00:00,USA,PJM,US-MIDA-PJM,309.26,376.16,44.44,13.14,pjm.com,false,
2024-02-21 19:00:00,USA,PJM,US-MIDA-PJM,309.79,376.81,44.31,12.56,pjm.com,false,
2024-02-21 20:00:00,USA,PJM,US-MIDA-PJM,313.05,381.12,43.33,11.49,pjm.com,false,
2024-02-21 21:00:00,USA,PJM,US-MIDA-PJM,320.54,390.7,41.26,9.29,pjm.com,false,
2024-02-21 22:00:00,USA,PJM,US-MIDA-PJM,326.45,398.52,39.44,7.77,pjm.com,false,
2024-02-21 23:00:00,USA,PJM,US-MIDA-PJM,329.56,402.46,38.72,8.06,pjm.com,false,
2024-02-22 00:00:00,USA,PJM,US-MIDA-PJM,330.42,403.23,38.71,8.21,pjm.com,false,
2024-02-22 01:00:00,USA,PJM,US-MIDA-PJM,325.82,398.25,39.19,8.43,pjm.com,false,
2024-02-22 02:00:00,USA,PJM,US-MIDA-PJM,327.37,400.07,38.82,7.48,pjm.com,false,
2024-02-22 03:00:00,USA,PJM,US-MIDA-PJM,327.02,399.72,38.75,6.29,pjm.com,false,
2024-02-22 04:00:00,USA,PJM,US-MIDA-PJM,322.79,395.07,39.27,6.15,pjm.com,false,
2024-02-22 05:00:00,USA,PJM,US-MIDA-PJM,319.44,391.39,39.7,5.89,pjm.com,false,
2024-02-22 06:00:00,USA,PJM,US-MIDA-PJM,318.3,390.16,39.83,5.61,pjm.com,false,
2024-02-22 07:00:00,USA,PJM,US-MIDA-PJM,322.8,395.29,39.14,4.74,pjm.com,false,
2024-02-22 08:00:00,USA,PJM,US-MIDA-PJM,322.55,395.33,38.93,4.56,pjm.com,false,
2024-02-22 09:00:00,USA,PJM,US-MIDA-PJM,320.5,393.02,39.23,5.03,pjm.com,false,
2024-02-22 10:00:00,USA,PJM,US-MIDA-PJM,326.35,399.74,38.35,4.89,pjm.com,false,
2024-02-22 11:00:00,USA,PJM,US-MIDA-PJM,327.52,401.55,38.02,6.96,pjm.com,false,
2024-02-22 12:00:00,USA,PJM,US-MIDA-PJM,332.43,407.08,37.36,7.39,pjm.com,false,
2024-02-22 13:00:00,USA,PJM,US-MIDA-PJM,327.09,400.59,38.6,8.29,pjm.com,false,
2024-02-22 14:00:00,USA,PJM,US-MIDA-PJM,324.53,397.31,39.28,8.07,pjm.com,false,
2024-02-22 15:00:00,USA,PJM,US-MIDA-PJM,326.84,399.77,38.94,7.01,pjm.com,false,
2024-02-22 16:00:00,USA,PJM,US-MIDA-PJM,327.07,400.12,38.89,6.71,pjm.com,false,
2024-02-22 17:00:00,USA,PJM,US-MIDA-PJM,329.6,403.08,38.38,6.1,pjm.com,false,
2024-02-22 18:00:00,USA,PJM,US-MIDA-PJM,329.24,402.4,38.62,5.74,pjm.com,false,
2024-02-22 19:00:00,USA,PJM,US-MIDA-PJM,325.94,398.83,38.97,5.77,pjm.com,false,
2024-02-22 20:00:00,USA,PJM,US-MIDA-PJM,324.71,397.72,38.92,5.81,pjm.com,false,
2024-02-22 21:00:00,USA,PJM,US-MIDA-PJM,326.08,399.58,38.44,5.55,pjm.com,false,
2024-02-22 22:00:00,USA,PJM,US-MIDA-PJM,323.62,397.56,38.22,5.62,pjm.com,false,
2024-02-22 23:00:00,USA,PJM,US-MIDA-PJM,319.15,392.65,38.89,7.03,pjm.com,false,
2024-02-23 00:00:00,USA,PJM,US-MIDA-PJM,323.1,396.76,38.54,6.69,pjm.com,false,
2024-02-23 01:00:00,USA,PJM,US-MIDA-PJM,327.72,401.41,38.19,5.89,pjm.com,false,
2024-02-23 02:00:00,USA,PJM,US-MIDA-PJM,328.65,401.95,38.31,5.12,pjm.com,false,
2024-02-23 03:00:00,USA,PJM,US-MIDA-PJM,321.33,393.33,39.6,5.24,pjm.com,false,
2024-02-23 04:00:00,USA,PJM,US-MIDA-PJM,311.62,382.08,41.25,5.8,pjm.com,false,
2024-02-23 05:00:00,USA,PJM,US-MIDA-PJM,303.57,372.51,42.71,6.82,pjm.com,false,
2024-02-23 06:00:00,USA,PJM,US-MIDA-PJM,300.39,368.96,43.1,6.88,pjm.com,false,
2024-02-23 07:00:00,USA,PJM,US-MIDA-PJM,297.89,366.01,43.57,7.05,pjm.com,false,
2024-02-23 08:00:00,USA,PJM,US-MIDA-PJM,295.67,363.2,44.13,7.51,pjm.com,false,
2024-02-23 09:00:00,USA,PJM,US-MIDA-PJM,297.93,366.52,43.21,6.99,pjm.com,false,
2024-02-23 10:00:00,USA,PJM,US-MIDA-PJM,302.15,372.13,42.0,6.68,pjm.com,false,
2024-02-23 11:00:00,USA,PJM,US-MIDA-PJM,303.19,374.11,41.36,7.57,pjm.com,false,
2024-02-23 12:00:00,USA,PJM,US-MIDA-PJM,300.15,370.82,41.84,9.32,pjm.com,false,
2024-02-23 13:00:00,USA,PJM,US-MIDA-PJM,304.14,375.55,41.15,9.17,pjm.com,false,
2024-02-23 14:00:00,USA,PJM,US-MIDA-PJM,309.53,381.82,40.27,8.16,pjm.com,false,
2024-02-23 15:00:00,USA,PJM,US-MIDA-PJM,307.8,380.04,40.47,8.01,pjm.com,false,
2024-02-23 16:00:00,USA,PJM,US-MIDA-PJM,312.53,385.43,39.68,6.59,pjm.com,false,
2024-02-23 17:00:00,USA,PJM,US-MIDA-PJM,310.93,383.67,39.81,6.28,pjm.com,false,
2024-02-23 18:00:00,USA,PJM,US-MIDA-PJM,304.12,375.87,40.87,7.13,pjm.com,false,
2024-02-23 19:00:00,USA,PJM,US-MIDA-PJM,302.04,373.36,41.25,7.33,pjm.com,false,
2024-02-23 20:00:00,USA,PJM,US-MIDA-PJM,299.56,370.46,41.64,7.6,pjm.com,false,
2024-02-23 21:00:00,USA,PJM,US-MIDA-PJM,298.71,369.49,41.77,7.85,pjm.com,false,
2024-02-23 22:00:00,USA,PJM,US-MIDA-PJM,298.43,369.46,41.65,7.83,pjm.com,false,
2024-02-23 23:00:00,USA,PJM,US-MIDA-PJM,299.57,370.82,41.44,8.52,pjm.com,false,
2024-02-24 00:00:00,USA,PJM,US-MIDA-PJM,300.34,371.56,41.37,8.79,pjm.com,false,
2024-02-24 01:00:00,USA,PJM,US-MIDA-PJM,301.2,372.62,41.12,8.39,pjm.com,false,
2024-02-24 02:00:00,USA,PJM,US-MIDA-PJM,301.08,372.19,41.27,8.08,pjm.com,false,
2024-02-24 03:00:00,USA,PJM,US-MIDA-PJM,296.35,366.29,42.3,8.59,pjm.com,false,
2024-02-24 04:00:00,USA,PJM,US-MIDA-PJM,292.61,361.77,43.09,8.78,pjm.com,false,
2024-02-24 05:00:00,USA,PJM,US-MIDA-PJM,287.16,355.78,43.78,9.02,pjm.com,false,
2024-02-24 06:00:00,USA,PJM,US-MIDA-PJM,278.89,347.28,44.39,9.09,pjm.com,false,
2024-02-24 07:00:00,USA,PJM,US-MIDA-PJM,276.23,344.24,44.82,9.15,pjm.com,false,
2024-02-24 08:00:00,USA,PJM,US-MIDA-PJM,275.5,343.26,45.05,9.36,pjm.com,false,
2024-02-24 09:00:00,USA,PJM,US-MIDA-PJM,276.85,344.93,44.74,9.23,pjm.com,false,
2024-02-24 10:00:00,USA,PJM,US-MIDA-PJM,283.75,353.22,43.34,8.37,pjm.com,false,
2024-02-24 11:00:00,USA,PJM,US-MIDA-PJM,286.84,357.61,42.24,7.47,pjm.com,false,
2024-02-24 12:00:00,USA,PJM,US-MIDA-PJM,294.43,366.45,40.98,6.61,pjm.com,false,
2024-02-24 13:00:00,USA,PJM,US-MIDA-PJM,294.63,366.71,41.1,7.18,pjm.com,false,
2024-02-24 14:00:00,USA,PJM,US-MIDA-PJM,290.79,362.61,41.6,7.44,pjm.com,false,
2024-02-24 15:00:00,USA,PJM,US-MIDA-PJM,289.64,361.47,41.72,7.52,pjm.com,false,
2024-02-24 16:00:00,USA,PJM,US-MIDA-PJM,290.22,362.1,41.7,6.98,pjm.com,false,
2024-02-24 17:00:00,USA,PJM,US-MIDA-PJM,287.43,358.88,42.19,6.79,pjm.com,false,
2024-02-24 18:00:00,USA,PJM,US-MIDA-PJM,288.7,359.91,42.28,6.4,pjm.com,false,
2024-02-24 19:00:00,USA,PJM,US-MIDA-PJM,289.65,360.74,42.29,6.1,pjm.com,false,
2024-02-24 20:00:00,USA,PJM,US-MIDA-PJM,291.41,362.82,41.92,5.76,pjm.com,false,
2024-02-24 21:00:00,USA,PJM,US-MIDA-PJM,300.6,373.4,40.37,5.6,pjm.com,false,
2024-02-24 22:00:00,USA,PJM,US-MIDA-PJM,304.5,378.1,39.54,5.88,pjm.com,false,
2024-02-24 23:00:00,USA,PJM,US-MIDA-PJM,307.61,382.16,38.7,6.87,pjm.com,false,
2024-02-25 00:00:00,USA,PJM,US-MIDA-PJM,311.55,386.23,38.35,7.15,pjm.com,false,
2024-02-25 01:00:00,USA,PJM,US-MIDA-PJM,311.01,384.43,39.29,7.98,pjm.com,false,
2024-02-25 02:00:00,USA,PJM,US-MIDA-PJM,306.32,378.38,40.49,8.7,pjm.com,false,
2024-02-25 03:00:00,USA,PJM,US-MIDA-PJM,305.38,377.38,40.46,8.0,pjm.com,false,
2024-02-25 04:00:00,USA,PJM,US-MIDA-PJM,307.24,378.79,40.59,7.6,pjm.com,false,
2024-02-25 05:00:00,USA,PJM,US-MIDA-PJM,301.49,371.71,41.92,8.23,pjm.com,false,
2024-02-25 06:00:00,USA,PJM,US-MIDA-PJM,294.78,364.36,42.76,8.88,pjm.com,false,
2024-02-25 07:00:00,USA,PJM,US-MIDA-PJM,291.42,360.7,43.19,9.43,pjm.com,false,
2024-02-25 08:00:00,USA,PJM,US-MIDA-PJM,288.48,357.79,43.3,9.6,pjm.com,false,
2024-02-25 09:00:00,USA,PJM,US-MIDA-PJM,290.15,359.41,43.25,9.86,pjm.com,false,
2024-02-25 10:00:00,USA,PJM,US-MIDA-PJM,292.39,361.43,43.36,10.58,pjm.com,false,
2024-02-25 11:00:00,USA,PJM,US-MIDA-PJM,293.5,362.8,43.24,11.29,pjm.com,false,
2024-02-25 12:00:00,USA,PJM,US-MIDA-PJM,295.98,365.23,43.19,11.97,pjm.com,false,
2024-02-25 13:00:00,USA,PJM,US-MIDA-PJM,285.61,353.34,45.05,13.61,pjm.com,false,
2024-02-25 14:00:00,USA,PJM,US-MIDA-PJM,274.54,341.35,46.48,14.6,pjm.com,false,
2024-02-25 15:00:00,USA,PJM,US-MIDA-PJM,274.4,341.98,45.99,13.7,pjm.com,false,
2024-02-25 16:00:00,USA,PJM,US-MIDA-PJM,272.71,340.15,46.22,13.08,pjm.com,false,
2024-02-25 17:00:00,USA,PJM,US-MIDA-PJM,271.6,339.63,45.85,12.03,pjm.com,false,
2024-02-25 18:00:00,USA,PJM,US-MIDA-PJM,271.29,339.5,45.75,11.32,pjm.com,false,
2024-02-25 19:00:00,USA,PJM,US-MIDA-PJM,268.16,335.61,46.49,11.48,pjm.com,false,
2024-02-25 20:00:00,USA,PJM,US-MIDA-PJM,269.03,336.81,46.2,11.25,pjm.com,false,
2024-02-25 21:00:00,USA,PJM,US-MIDA-PJM,279.71,349.84,43.71,9.4,pjm.com,false,
2024-02-25 22:00:00,USA,PJM,US-MIDA-PJM,294.04,367.24,40.46,6.65,pjm.com,false,
2024-02-25 23:00:00,USA,PJM,US-MIDA-PJM,296.2,370.35,39.7,7.75,pjm.com,false,
2024-02-26 00:00:00,USA,PJM,US-MIDA-PJM,305.81,380.76,38.56,7.4,pjm.com,false,
2024-02-26 01:00:00,USA,PJM,US-MIDA-PJM,312.73,387.97,37.89,6.58,pjm.com,false,
2024-02-26 02:00:00,USA,PJM,US-MIDA-PJM,309.86,384.26,38.59,6.32,pjm.com,false,
2024-02-26 03:00:00,USA,PJM,US-MIDA-PJM,305.99,379.22,39.65,6.21,pjm.com,false,
2024-02-26 04:00:00,USA,PJM,US-MIDA-PJM,300.28,373.07,40.26,6.08,pjm.com,false,
2024-02-26 05:00:00,USA,PJM,US-MIDA-PJM,293.04,365.03,41.23,6.02,pjm.com,false,
2024-02-26 06:00:00,USA,PJM,US-MIDA-PJM,291.48,363.68,41.13,5.74,pjm.com,false,
2024-02-26 07:00:00,USA,PJM,US-MIDA-PJM,294.41,366.85,40.83,5.21,pjm.com,false,
2024-02-26 08:00:00,USA,PJM,US-MIDA-PJM,296.93,369.87,40.35,4.76,pjm.com,false,
2024-02-26 09:00:00,USA,PJM,US-MIDA-PJM,301.73,375.25,39.71,4.79,pjm.com,false,
2024-02-26 10:00:00,USA,PJM,US-MIDA-PJM,301.36,375.34,39.48,5.67,pjm.com,false,
2024-02-26 11:00:00,USA,PJM,US-MIDA-PJM,303.21,378.32,38.67,7.22,pjm.com,false,
2024-02-26 12:00:00,USA,PJM,US-MIDA-PJM,310.18,385.66,38.09,8.13,pjm.com,false,
2024-02-26 13:00:00,USA,PJM,US-MIDA-PJM,302.4,376.17,40.09,9.8,pjm.com,false,
2024-02-26 14:00:00,USA,PJM,US-MIDA-PJM,292.71,364.88,41.95,10.41,pjm.com,false,
2024-02-26 15:00:00,USA,PJM,US-MIDA-PJM,293.37,365.29,42.28,9.84,pjm.com,false,
2024-02-26 16:00:00,USA,PJM,US-MIDA-PJM,289.94,360.73,43.21,9.76,pjm.com,false,
2024-02-26 17:00:00,USA,PJM,US-MIDA-PJM,284.71,354.79,43.86,9.99,pjm.com,false,
2024-02-26 18:00:00,USA,PJM,US-MIDA-PJM,280.95,349.99,44.69,11.0,pjm.com,false,
2024-02-26 19:00:00,USA,PJM,US-MIDA-PJM,272.92,339.98,46.65,12.68,pjm.com,false,
2024-02-26 20:00:00,USA,PJM,US-MIDA-PJM,272.09,338.87,46.77,12.86,pjm.com,false,
2024-02-26 21:00:00,USA,PJM,US-MIDA-PJM,277.95,345.61,45.48,11.66,pjm.com,false,
2024-02-26 22:00:00,USA,PJM,US-MIDA-PJM,288.98,358.23,43.59,10.08,pjm.com,false,
2024-02-26 23:00:00,USA,PJM,US-MIDA-PJM,286.38,355.07,44.2,11.63,pjm.com,false,
2024-02-27 00:00:00,USA,PJM,US-MIDA-PJM,288.54,357.2,44.06,12.03,pjm.com,false,
2024-02-27 01:00:00,USA,PJM,US-MIDA-PJM,289.99,358.7,43.84,11.46,pjm.com,false,
2024-02-27 02:00:00,USA,PJM,US-MIDA-PJM,290.62,359.18,43.84,11.04,pjm.com,false,
2024-02-27 03:00:00,USA,PJM,US-MIDA-PJM,286.5,353.87,44.9,11.02,pjm.com,false,
2024-02-27 04:00:00,USA,PJM,US-MIDA-PJM,281.58,347.82,45.98,11.22,pjm.com,false,
2024-02-27 05:00:00,USA,PJM,US-MIDA-PJM,275.65,341.72,46.4,11.09,pjm.com,false,
2024-02-27 06:00:00,USA,PJM,US-MIDA-PJM,273.3,339.23,46.61,10.88,pjm.com,false,
2024-02-27 07:00:00,USA,PJM,US-MIDA-PJM,271.56,337.45,46.74,10.53,pjm.com,false,
2024-02-27 08:00:00,USA,PJM,US-MIDA-PJM,271.63,337.49,46.76,10.52,pjm.com,false,
2024-02-27 09:00:00,USA,PJM,US-MIDA-PJM,272.51,338.6,46.55,10.47,pjm.com,false,
2024-02-27 10:00:00,USA,PJM,US-MIDA-PJM,274.69,341.62,45.83,10.48,pjm.com,false,
2024-02-27 11:00:00,USA,PJM,US-MIDA-PJM,271.58,338.71,46.13,12.88,pjm.com,false,
2024-02-27 12:00:00,USA,PJM,US-MIDA-PJM,278.75,346.98,45.03,13.21,pjm.com,false,
2024-02-27 13:00:00,USA,PJM,US-MIDA-PJM,274.24,342.05,45.6,13.3,pjm.com,false,
2024-02-27 14:00:00,USA,PJM,US-MIDA-PJM,273.85,341.21,45.95,12.95,pjm.com,false,
2024-02-27 15:00:00,USA,PJM,US-MIDA-PJM,272.11,338.29,46.95,13.39,pjm.com,false,
2024-02-27 16:00:00,USA,PJM,US-MIDA-PJM,274.82,341.53,46.36,13.06,pjm.com,false,
2024-02-27 17:00:00,USA,PJM,US-MIDA-PJM,277.16,344.33,45.86,11.96,pjm.com,false,
2024-02-27 18:00:00,USA,PJM,US-MIDA-PJM,291.04,361.05,42.93,9.43,pjm.com,false,
2024-02-27 19:00:00,USA,PJM,US-MIDA-PJM,290.2,360.76,42.62,8.41,pjm.com,false,
2024-02-27 20:00:00,USA,PJM,US-MIDA-PJM,289.66,360.39,42.57,8.4,pjm.com,false,
2024-02-27 21:00:00,USA,PJM,US-MIDA-PJM,288.74,358.89,43.16,9.32,pjm.com,false,
2024-02-27 22:00:00,USA,PJM,US-MIDA-PJM,285.5,355.13,43.82,10.57,pjm.com,false,
2024-02-27 23:00:00,USA,PJM,US-MIDA-PJM,284.48,353.64,44.37,11.86,pjm.com,false,
2024-02-28 00:00:00,USA,PJM,US-MIDA-PJM,279.87,348.14,45.06,12.23,pjm.com,false,
2024-02-28 01:00:00,USA,PJM,US-MIDA-PJM,283.65,352.32,44.64,11.53,pjm.com,false,
2024-02-28 02:00:00,USA,PJM,US-MIDA-PJM,283.59,351.63,44.89,10.61,pjm.com,false,
2024-02-28 03:00:00,USA,PJM,US-MIDA-PJM,275.89,341.44,46.76,11.28,pjm.com,false,
2024-02-28 04:00:00,USA,PJM,US-MIDA-PJM,269.08,332.8,48.44,11.5,pjm.com,false,
2024-02-28 05:00:00,USA,PJM,US-MIDA-PJM,262.34,324.13,50.2,11.88,pjm.com,false,
2024-02-28 06:00:00,USA,PJM,US-MIDA-PJM,259.83,320.62,51.06,12.12,pjm.com,false,
2024-02-28 07:00:00,USA,PJM,US-MIDA-PJM,258.66,318.93,51.5,12.08,pjm.com,false,
2024-02-28 08:00:00,USA,PJM,US-MIDA-PJM,257.69,317.43,51.96,12.12,pjm.com,false,
2024-02-28 09:00:00,USA,PJM,US-MIDA-PJM,257.16,317.43,51.58,12.09,pjm.com,false,
2024-02-28 10:00:00,USA,PJM,US-MIDA-PJM,261.27,323.38,50.01,11.77,pjm.com,false,
2024-02-28 11:00:00,USA,PJM,US-MIDA-PJM,267.42,331.91,47.99,12.16,pjm.com,false,
2024-02-28 12:00:00,USA,PJM,US-MIDA-PJM,272.72,339.07,46.38,12.33,pjm.com,false,
2024-02-28 13:00:00,USA,PJM,US-MIDA-PJM,274.4,341.1,46.07,12.61,pjm.com,false,
2024-02-28 14:00:00,USA,PJM,US-MIDA-PJM,279.59,346.83,45.39,12.39,pjm.com,false,
2024-02-28 15:00:00,USA,PJM,US-MIDA-PJM,279.54,346.64,45.52,12.73,pjm.com,false,
2024-02-28 16:00:00,USA,PJM,US-MIDA-PJM,280.39,347.85,45.21,12.53,pjm.com,false,
2024-02-28 17:00:00,USA,PJM,US-MIDA-PJM,282.39,350.2,44.87,12.33,pjm.com,false,
2024-02-28 18:00:00,USA,PJM,US-MIDA-PJM,284.25,352.39,44.66,12.19,pjm.com,false,
2024-02-28 19:00:00,USA,PJM,US-MIDA-PJM,285.56,354.11,44.47,11.93,pjm.com,false,
2024-02-28 20:00:00,USA,PJM,US-MIDA-PJM,283.19,351.19,44.89,12.2,pjm.com,false,
2024-02-28 21:00:00,USA,PJM,US-MIDA-PJM,282.8,351.11,44.81,12.47,pjm.com,false,
2024-02-28 22:00:00,USA,PJM,US-MIDA-PJM,281.24,349.7,44.95,13.18,pjm.com,false,
2024-02-28 23:00:00,USA,PJM,US-MIDA-PJM,281.69,350.65,44.71,14.12,pjm.com,false,
2024-02-29 00:00:00,USA,PJM,US-MIDA-PJM,295.85,366.87,42.51,12.37,pjm.com,false,
2024-02-29 01:00:00,USA,PJM,US-MIDA-PJM,303.03,374.83,41.55,11.08,pjm.com,false,
2024-02-29 02:00:00,USA,PJM,US-MIDA-PJM,309.11,381.36,40.76,9.45,pjm.com,false,
2024-02-29 03:00:00,USA,PJM,US-MIDA-PJM,314.99,387.41,39.83,7.9,pjm.com,false,
2024-02-29 04:00:00,USA,PJM,US-MIDA-PJM,309.33,381.07,40.45,7.7,pjm.com,false,
2024-02-29 05:00:00,USA,PJM,US-MIDA-PJM,302.58,373.92,41.09,7.29,pjm.com,false,
2024-02-29 06:00:00,USA,PJM,US-MIDA-PJM,300.62,372.2,41.02,6.79,pjm.com,false,
2024-02-29 07:00:00,USA,PJM,US-MIDA-PJM,304.16,376.34,40.4,5.94,pjm.com,false,
2024-02-29 08:00:00,USA,PJM,US-MIDA-PJM,308.07,381.1,39.6,5.21,pjm.com,false,
2024-02-29 09:00:00,USA,PJM,US-MIDA-PJM,307.19,380.69,39.41,5.7,pjm.com,false,
2024-02-29 10:00:00,USA,PJM,US-MIDA-PJM,310.0,385.53,37.77,5.51,pjm.com,false,
2024-02-29 11:00:00,USA,PJM,US-MIDA-PJM,314.99,391.72,36.76,6.53,pjm.com,false,
2024-02-29 12:00:00,USA,PJM,US-MIDA-PJM,321.72,398.6,36.56,7.49,pjm.com,false,
2024-02-29 13:00:00,USA,PJM,US-MIDA-PJM,309.84,383.65,39.69,10.05,pjm.com,false,
2024-02-29 14:00:00,USA,PJM,US-MIDA-PJM,297.67,369.18,42.1,11.46,pjm.com,false,
2024-02-29 15:00:00,USA,PJM,US-MIDA-PJM,295.11,366.54,42.2,10.94,pjm.com,false,
2024-02-29 16:00:00,USA,PJM,US-MIDA-PJM,293.3,364.14,42.68,11.01,pjm.com,false,
2024-02-29 17:00:00,USA,PJM,US-MIDA-PJM,291.35,360.81,43.84,11.54,pjm.com,false,
2024-02-29 18:00:00,USA,PJM,US-MIDA-PJM,287.42,356.2,44.55,12.0,pjm.com,false,
2024-02-29 19:00:00,USA,PJM,US-MIDA-PJM,279.25,346.69,45.97,12.95,pjm.com,false,
2024-02-29 20:00:00,USA,PJM,US-MIDA-PJM,277.52,344.64,46.24,13.07,pjm.com,false,
2024-02-29 21:00:00,USA,PJM,US-MIDA-PJM,284.95,354.1,44.23,11.67,pjm.com,false,
2024-02-29 22:00:00,USA,PJM,US-MIDA-PJM,292.92,364.5,41.81,9.77,pjm.com,false,
2024-02-29 23:00:00,USA,PJM,US-MIDA-PJM,296.81,369.5,40.8,9.96,pjm.com,false,
2024-03-01 00:00:00,USA,PJM,US-MIDA-PJM,301.15,374.34,40.16,9.72,pjm.com,false,
2024-03-01 01:00:00,USA,PJM,US-MIDA-PJM,302.12,374.92,40.36,10.16,pjm.com,false,
2024-03-01 02:00:00,USA,PJM,US-MIDA-PJM,307.45,380.55,39.74,9.1,pjm.com,false,
2024-03-01 03:00:00,USA,PJM,US-MIDA-PJM,310.2,382.86,39.83,8.32,pjm.com,false,
2024-03-01 04:00:00,USA,PJM,US-MIDA-PJM,307.76,379.43,40.65,8.49,pjm.com,false,
2024-03-01 05:00:00,USA,PJM,US-MIDA-PJM,302.1,373.28,41.28,8.42,pjm.com,false,
2024-03-01 06:00:00,USA,PJM,US-MIDA-PJM,296.64,367.38,41.9,8.32,pjm.com,false,
2024-03-01 07:00:00,USA,PJM,US-MIDA-PJM,295.59,366.57,41.78,8.05,pjm.com,false,
2024-03-01 08:00:00,USA,PJM,US-MIDA-PJM,298.07,369.52,41.32,7.64,pjm.com,false,
2024-03-01 09:00:00,USA,PJM,US-MIDA-PJM,301.83,374.14,40.54,7.57,pjm.com,false,
2024-03-01 10:00:00,USA,PJM,US-MIDA-PJM,300.31,372.88,40.52,8.45,pjm.com,false,
2024-03-01 11:00:00,USA,PJM,US-MIDA-PJM,303.79,377.33,39.7,9.36,pjm.com,false,
2024-03-01 12:00:00,USA,PJM,US-MIDA-PJM,304.13,377.41,39.96,10.51,pjm.com,false,
2024-03-01 13:00:00,USA,PJM,US-MIDA-PJM,292.76,364.71,41.68,11.58,pjm.com,false,
2024-03-01 14:00:00,USA,PJM,US-MIDA-PJM,298.2,370.66,41.07,10.14,pjm.com,false,
2024-03-01 15:00:00,USA,PJM,US-MIDA-PJM,301.79,373.68,41.28,9.42,pjm.com,false,
2024-03-01 16:00:00,USA,PJM,US-MIDA-PJM,300.88,372.39,41.63,8.98,pjm.com,false,
2024-03-01 17:00:00,USA,PJM,US-MIDA-PJM,302.03,373.76,41.37,8.05,pjm.com,false,
2024-03-01 18:00:00,USA,PJM,US-MIDA-PJM,306.29,378.23,40.96,7.45,pjm.com,false,
2024-03-01 19:00:00,USA,PJM,US-MIDA-PJM,309.31,381.66,40.38,6.84,pjm.com,false,
2024-03-01 20:00:00,USA,PJM,US-MIDA-PJM,313.92,387.02,39.59,6.28,pjm.com,false,
2024-03-01 21:00:00,USA,PJM,US-MIDA-PJM,313.02,386.75,39.13,6.27,pjm.com,false,
2024-03-01 22:00:00,USA,PJM,US-MIDA-PJM,309.57,383.43,39.12,6.81,pjm.com,false,
2024-03-01 23:00:00,USA,PJM,US-MIDA-PJM,309.81,384.38,38.59,7.05,pjm.com,false,
2024-03-02 00:00:00,USA,PJM,US-MIDA-PJM,308.28,383.07,38.48,6.98,pjm.com,false,
2024-03-02 01:00:00,USA,PJM,US-MIDA-PJM,306.52,381.03,38.75,6.93,pjm.com,false,
2024-03-02 02:00:00,USA,PJM,US-MIDA-PJM,305.17,379.48,38.9,6.37,pjm.com,false,
2024-03-02 03:00:00,USA,PJM,US-MIDA-PJM,305.67,379.62,39.04,5.33,pjm.com,false,
2024-03-02 04:00:00,USA,PJM,US-MIDA-PJM,303.73,377.21,39.5,5.11,pjm.com,false,
2024-03-02 05:00:00,USA,PJM,US-MIDA-PJM,303.5,376.41,39.93,5.48,pjm.com,false,
2024-03-02 06:00:00,USA,PJM,US-MIDA-PJM,302.06,374.21,40.58,5.58,pjm.com,false,
2024-03-02 07:00:00,USA,PJM,US-MIDA-PJM,300.44,372.37,40.84,5.31,pjm.com,false,
2024-03-02 08:00:00,USA,PJM,US-MIDA-PJM,299.52,371.27,41.03,5.09,pjm.com,false,
2024-03-02 09:00:00,USA,PJM,US-MIDA-PJM,298.76,370.85,40.84,4.9,pjm.com,false,
2024-03-02 10:00:00,USA,PJM,US-MIDA-PJM,300.43,372.96,40.44,4.56,pjm.com,false,
2024-03-02 11:00:00,USA,PJM,US-MIDA-PJM,299.54,372.18,40.45,4.87,pjm.com,false,
2024-03-02 12:00:00,USA,PJM,US-MIDA-PJM,300.23,373.16,40.22,5.06,pjm.com,false,
2024-03-02 13:00:00,USA,PJM,US-MIDA-PJM,299.01,372.08,40.27,6.11,pjm.com,false,
2024-03-02 14:00:00,USA,PJM,US-MIDA-PJM,302.71,375.91,40.08,6.47,pjm.com,false,
2024-03-02 15:00:00,USA,PJM,US-MIDA-PJM,301.66,374.54,40.47,6.83,pjm.com,false,
2024-03-02 16:00:00,USA,PJM,US-MIDA-PJM,304.62,377.81,40.04,6.04,pjm.com,false,
2024-03-02 17:00:00,USA,PJM,US-MIDA-PJM,297.79,370.09,41.07,6.49,pjm.com,false,
2024-03-02 18:00:00,USA,PJM,US-MIDA-PJM,292.9,364.48,41.9,7.21,pjm.com,false,
2024-03-02 19:00:00,USA,PJM,US-MIDA-PJM,291.06,362.08,42.43,7.66,pjm.com,false,
2024-03-02 20:00:00,USA,PJM,US-MIDA-PJM,288.76,359.15,43.01,8.19,pjm.com,false,
2024-03-02 21:00:00,USA,PJM,US-MIDA-PJM,287.19,356.96,43.53,8.71,pjm.com,false,
2024-03-02 22:00:00,USA,PJM,US-MIDA-PJM,293.54,364.35,42.29,7.53,pjm.com,false,
2024-03-02 23:00:00,USA,PJM,US-MIDA-PJM,292.69,363.64,42.16,7.87,pjm.com,false,
2024-03-03 00:00:00,USA,PJM,US-MIDA-PJM,290.43,360.54,42.87,8.78,pjm.com,false,
2024-03-03 01:00:00,USA,PJM,US-MIDA-PJM,290.76,360.58,43.04,9.05,pjm.com,false,
2024-03-03 02:00:00,USA,PJM,US-MIDA-PJM,291.13,361.32,42.68,8.92,pjm.com,false,
2024-03-03 03:00:00,USA,PJM,US-MIDA-PJM,293.64,364.02,42.36,8.78,pjm.com,false,
2024-03-03 04:00:00,USA,PJM,US-MIDA-PJM,293.14,363.05,42.73,8.85,pjm.com,false,
2024-03-03 05:00:00,USA,PJM,US-MIDA-PJM,286.88,354.9,44.48,9.31,pjm.com,false,
2024-03-03 06:00:00,USA,PJM,US-MIDA-PJM,282.19,349.2,45.46,9.36,pjm.com,false,
2024-03-03 07:00:00,USA,PJM,US-MIDA-PJM,280.87,347.6,45.73,9.33,pjm.com,false,
2024-03-03 08:00:00,USA,PJM,US-MIDA-PJM,280.69,347.58,45.62,9.18,pjm.com,false,
2024-03-03 09:00:00,USA,PJM,US-MIDA-PJM,281.17,348.29,45.42,9.28,pjm.com,false,
2024-03-03 10:00:00,USA,PJM,US-MIDA-PJM,280.94,347.88,45.59,9.47,pjm.com,false,
2024-03-03 11:00:00,USA,PJM,US-MIDA-PJM,277.67,344.18,46.11,10.13,pjm.com,false,
2024-03-03 12:00:00,USA,PJM,US-MIDA-PJM,272.51,338.01,47.23,11.53,pjm.com,false,
2024-03-03 13:00:00,USA,PJM,US-MIDA-PJM,265.19,329.19,48.9,13.27,pjm.com,false,
2024-03-03 14:00:00,USA,PJM,US-MIDA-PJM,259.23,321.73,50.49,14.44,pjm.com,false,
2024-03-03 15:00:00,USA,PJM,US-MIDA-PJM,254.45,315.64,51.84,15.5,pjm.com,false,
2024-03-03 16:00:00,USA,PJM,US-MIDA-PJM,248.72,308.26,53.43,16.61,pjm.com,false,
2024-03-03 17:00:00,USA,PJM,US-MIDA-PJM,246.76,305.62,54.06,16.96,pjm.com,false,
2024-03-03 18:00:00,USA,PJM,US-MIDA-PJM,245.39,303.48,54.7,17.23,pjm.com,false,
2024-03-03 19:00:00,USA,PJM,US-MIDA-PJM,244.61,302.89,54.52,16.95,pjm.com,false,
2024-03-03 20:00:00,USA,PJM,US-MIDA-PJM,250.79,310.5,53.07,16.1,pjm.com,false,
2024-03-03 21:00:00,USA,PJM,US-MIDA-PJM,255.45,316.72,51.52,14.87,pjm.com,false,
2024-03-03 22:00:00,USA,PJM,US-MIDA-PJM,263.41,326.89,49.3,13.27,pjm.com,false,
2024-03-03 23:00:00,USA,PJM,US-MIDA-PJM,268.56,333.91,47.6,12.94,pjm.com,false,
2024-03-04 00:00:00,USA,PJM,US-MIDA-PJM,271.7,338.02,46.69,12.96,pjm.com,false,
2024-03-04 01:00:00,USA,PJM,US-MIDA-PJM,268.81,334.04,47.61,13.27,pjm.com,false,
2024-03-04 02:00:00,USA,PJM,US-MIDA-PJM,272.82,338.29,47.15,12.24,pjm.com,false,
2024-03-04 03:00:00,USA,PJM,US-MIDA-PJM,271.56,336.05,47.87,11.79,pjm.com,false,
2024-03-04 04:00:00,USA,PJM,US-MIDA-PJM,270.86,335.01,48.14,11.52,pjm.com,false,
2024-03-04 05:00:00,USA,PJM,US-MIDA-PJM,271.03,335.19,48.11,10.98,pjm.com,false,
2024-03-04 06:00:00,USA,PJM,US-MIDA-PJM,272.73,337.49,47.56,10.03,pjm.com,false,
2024-03-04 07:00:00,USA,PJM,US-MIDA-PJM,274.76,339.74,47.31,9.0,pjm.com,false,
2024-03-04 08:00:00,USA,PJM,US-MIDA-PJM,277.31,343.01,46.65,8.35,pjm.com,false,
2024-03-04 09:00:00,USA,PJM,US-MIDA-PJM,280.15,346.99,45.65,8.11,pjm.com,false,
2024-03-04 10:00:00,USA,PJM,US-MIDA-PJM,284.78,353.32,44.19,7.83,pjm.com,false,
2024-03-04 11:00:00,USA,PJM,US-MIDA-PJM,285.71,355.5,43.53,9.3,pjm.com,false,
2024-03-04 12:00:00,USA,PJM,US-MIDA-PJM,287.52,357.97,43.0,10.04,pjm.com,false,
2024-03-04 13:00:00,USA,PJM,US-MIDA-PJM,285.32,355.21,43.6,10.81,pjm.com,false,
2024-03-04 14:00:00,USA,PJM,US-MIDA-PJM,282.02,351.18,44.47,11.31,pjm.com,false,
2024-03-04 15:00:00,USA,PJM,US-MIDA-PJM,280.48,349.28,44.83,11.48,pjm.com,false,
2024-03-04 16:00:00,USA,PJM,US-MIDA-PJM,280.52,348.92,45.08,11.77,pjm.com,false,
2024-03-04 17:00:00,USA,PJM,US-MIDA-PJM,280.17,347.96,45.53,12.06,pjm.com,false,
2024-03-04 18:00:00,USA,PJM,US-MIDA-PJM,280.87,348.86,45.26,12.11,pjm.com,false,
2024-03-04 19:00:00,USA,PJM,US-MIDA-PJM,274.81,342.01,46.1,12.68,pjm.com,false,
2024-03-04 20:00:00,USA,PJM,US-MIDA-PJM,272.52,339.16,46.61,12.91,pjm.com,false,
2024-03-04 21:00:00,USA,PJM,US-MIDA-PJM,272.85,339.68,46.43,13.05,pjm.com,false,
2024-03-04 22:00:00,USA,PJM,US-MIDA-PJM,275.74,343.38,45.67,12.84,pjm.com,false,
2024-03-04 23:00:00,USA,PJM,US-MIDA-PJM,283.25,352.19,44.29,11.88,pjm.com,false,
2024-03-05 00:00:00,USA,PJM,US-MIDA-PJM,287.9,357.43,43.64,11.71,pjm.com,false,
2024-03-05 01:00:00,USA,PJM,US-MIDA-PJM,290.28,359.97,43.33,10.93,pjm.com,false,
2024-03-05 02:00:00,USA,PJM,US-MIDA-PJM,290.8,359.85,43.56,10.21,pjm.com,false,
2024-03-05 03:00:00,USA,PJM,US-MIDA-PJM,281.87,348.81,45.5,10.58,pjm.com,false,
2024-03-05 04:00:00,USA,PJM,US-MIDA-PJM,273.07,338.17,47.27,11.29,pjm.com,false,
2024-03-05 05:00:00,USA,PJM,US-MIDA-PJM,267.56,331.38,48.49,11.58,pjm.com,false,
2024-03-05 06:00:00,USA,PJM,US-MIDA-PJM,269.59,334.03,47.93,10.55,pjm.com,false,
2024-03-05 07:00:00,USA,PJM,US-MIDA-PJM,272.76,337.72,47.4,9.54,pjm.com,false,
2024-03-05 08:00:00,USA,PJM,US-MIDA-PJM,275.58,341.14,46.82,9.06,pjm.com,false,
2024-03-05 09:00:00,USA,PJM,US-MIDA-PJM,274.02,339.47,46.97,9.35,pjm.com,false,
2024-03-05 10:00:00,USA,PJM,US-MIDA-PJM,278.32,345.06,45.82,8.84,pjm.com,false,
2024-03-05 11:00:00,USA,PJM,US-MIDA-PJM,280.32,348.52,44.78,10.1,pjm.com,false,
2024-03-05 12:00:00,USA,PJM,US-MIDA-PJM,288.56,358.91,42.85,9.72,pjm.com,false,
2024-03-05 13:00:00,USA,PJM,US-MIDA-PJM,293.71,365.17,41.86,9.55,pjm.com,false,
2024-03-05 14:00:00,USA,PJM,US-MIDA-PJM,295.27,367.37,41.31,8.98,pjm.com,false,
2024-03-05 15:00:00,USA,PJM,US-MIDA-PJM,298.65,371.22,40.8,8.38,pjm.com,false,
2024-03-05 16:00:00,USA,PJM,US-MIDA-PJM,297.98,370.79,40.68,7.83,pjm.com,false,
2024-03-05 17:00:00,USA,PJM,US-MIDA-PJM,297.68,370.75,40.45,7.47,pjm.com,false,
2024-03-05 18:00:00,USA,PJM,US-MIDA-PJM,296.37,369.02,40.85,7.89,pjm.com,false,
2024-03-05 19:00:00,USA,PJM,US-MIDA-PJM,300.24,373.44,40.23,7.1,pjm.com,false,
2024-03-05 20:00:00,USA,PJM,US-MIDA-PJM,307.16,381.1,39.23,6.1,pjm.com,false,
2024-03-05 21:00:00,USA,PJM,US-MIDA-PJM,309.43,383.83,38.79,5.61,pjm.com,false,
2024-03-05 22:00:00,USA,PJM,US-MIDA-PJM,305.77,380.24,38.99,6.19,pjm.com,false,
2024-03-05 23:00:00,USA,PJM,US-MIDA-PJM,306.53,381.24,38.8,6.75,pjm.com,false,
2024-03-06 00:00:00,USA,PJM,US-MIDA-PJM,307.64,382.35,38.75,6.99,pjm.com,false,
2024-03-06 01:00:00,USA,PJM,US-MIDA-PJM,307.66,382.12,38.91,6.89,pjm.com,false,
2024-03-06 02:00:00,USA,PJM,US-MIDA-PJM,310.8,385.35,38.55,5.56,pjm.com,false,
2024-03-06 03:00:00,USA,PJM,US-MIDA-PJM,315.18,389.11,38.64,4.38,pjm.com,false,
2024-03-06 04:00:00,USA,PJM,US-MIDA-PJM,311.19,383.75,39.81,4.31,pjm.com,false,
2024-03-06 05:00:00,USA,PJM,US-MIDA-PJM,305.83,377.66,40.65,4.31,pjm.com,false,
2024-03-06 06:00:00,USA,PJM,US-MIDA-PJM,299.07,369.63,41.94,4.77,pjm.com,false,
2024-03-06 07:00:00,USA,PJM,US-MIDA-PJM,296.6,366.71,42.41,4.86,pjm.com,false,
2024-03-06 08:00:00,USA,PJM,US-MIDA-PJM,293.36,362.83,43.06,5.11,pjm.com,false,
2024-03-06 09:00:00,USA,PJM,US-MIDA-PJM,293.15,363.2,42.64,5.14,pjm.com,false,
2024-03-06 10:00:00,USA,PJM,US-MIDA-PJM,296.54,367.32,41.94,5.27,pjm.com,false,
2024-03-06 11:00:00,USA,PJM,US-MIDA-PJM,301.57,374.18,40.4,5.74,pjm.com,false,
2024-03-06 12:00:00,USA,PJM,US-MIDA-PJM,303.05,376.5,39.73,6.53,pjm.com,false,
2024-03-06 13:00:00,USA,PJM,US-MIDA-PJM,299.29,372.13,40.46,7.55,pjm.com,false,
2024-03-06 14:00:00,USA,PJM,US-MIDA-PJM,298.35,371.01,40.64,7.93,pjm.com,false,
2024-03-06 15:00:00,USA,PJM,US-MIDA-PJM,299.07,371.71,40.61,8.11,pjm.com,false,
2024-03-06 16:00:00,USA,PJM,US-MIDA-PJM,296.69,369.13,40.88,8.18,pjm.com,false,
2024-03-06 17:00:00,USA,PJM,US-MIDA-PJM,296.44,369.24,40.63,7.94,pjm.com,false,
2024-03-06 18:00:00,USA,PJM,US-MIDA-PJM,302.42,376.02,39.73,7.13,pjm.com,false,
2024-03-06 19:00:00,USA,PJM,US-MIDA-PJM,308.17,382.22,39.08,6.34,pjm.com,false,
2024-03-06 20:00:00,USA,PJM,US-MIDA-PJM,310.86,385.15,38.73,5.74,pjm.com,false,
2024-03-06 21:00:00,USA,PJM,US-MIDA-PJM,307.69,382.38,38.63,5.89,pjm.com,false,
2024-03-06 22:00:00,USA,PJM,US-MIDA-PJM,303.47,378.09,38.95,6.64,pjm.com,false,
2024-03-06 23:00:00,USA,PJM,US-MIDA-PJM,303.05,377.83,38.92,7.67,pjm.com,false,
2024-03-07 00:00:00,USA,PJM,US-MIDA-PJM,301.87,376.52,39.04,7.73,pjm.com,false,
2024-03-07 01:00:00,USA,PJM,US-MIDA-PJM,300.82,375.21,39.25,7.69,pjm.com,false,
2024-03-07 02:00:00,USA,PJM,US-MIDA-PJM,302.83,377.29,38.99,6.31,pjm.com,false,
2024-03-07 03:00:00,USA,PJM,US-MIDA-PJM,303.9,377.97,39.12,5.23,pjm.com,false,
2024-03-07 04:00:00,USA,PJM,US-MIDA-PJM,304.4,377.96,39.47,4.67,pjm.com,false,
2024-03-07 05:00:00,USA,PJM,US-MIDA-PJM,299.02,370.85,41.02,4.78,pjm.com,false,
2024-03-07 06:00:00,USA,PJM,US-MIDA-PJM,296.78,368.22,41.41,4.66,pjm.com,false,
2024-03-07 07:00:00,USA,PJM,US-MIDA-PJM,293.69,364.33,42.16,5.09,pjm.com,false,
2024-03-07 08:00:00,USA,PJM,US-MIDA-PJM,291.31,361.28,42.78,5.46,pjm.com,false,
2024-03-07 09:00:00,USA,PJM,US-MIDA-PJM,292.7,363.25,42.29,5.27,pjm.com,false,
2024-03-07 10:00:00,USA,PJM,US-MIDA-PJM,298.01,369.74,41.18,4.84,pjm.com,false,
2024-03-07 11:00:00,USA,PJM,US-MIDA-PJM,299.56,372.58,40.29,6.47,pjm.com,false,
2024-03-07 12:00:00,USA,PJM,US-MIDA-PJM,304.96,378.7,39.55,7.23,pjm.com,false,
2024-03-07 13:00:00,USA,PJM,US-MIDA-PJM,300.22,373.2,40.46,8.22,pjm.com,false,
2024-03-07 14:00:00,USA,PJM,US-MIDA-PJM,302.63,375.85,40.22,7.8,pjm.com,false,
2024-03-07 15:00:00,USA,PJM,US-MIDA-PJM,300.77,373.75,40.54,7.95,pjm.com,false,
2024-03-07 16:00:00,USA,PJM,US-MIDA-PJM,300.0,373.01,40.54,7.62,pjm.com,false,
2024-03-07 17:00:00,USA,PJM,US-MIDA-PJM,299.78,372.81,40.56,7.55,pjm.com,false,
2024-03-07 18:00:00,USA,PJM,US-MIDA-PJM,299.15,372.0,40.73,7.45,pjm.com,false,
2024-03-07 19:00:00,USA,PJM,US-MIDA-PJM,297.11,369.65,41.04,7.52,pjm.com,false,
2024-03-07 20:00:00,USA,PJM,US-MIDA-PJM,297.77,370.58,40.78,7.21,pjm.com,false,
2024-03-07 21:00:00,USA,PJM,US-MIDA-PJM,300.6,373.78,40.32,6.89,pjm.com,false,
2024-03-07 22:00:00,USA,PJM,US-MIDA-PJM,304.07,377.95,39.54,6.49,pjm.com,false,
2024-03-07 23:00:00,USA,PJM,US-MIDA-PJM,306.84,380.91,39.24,7.0,pjm.com,false,
2024-03-08 00:00:00,USA,PJM,US-MIDA-PJM,303.59,377.03,39.85,7.68,pjm.com,false,
2024-03-08 01:00:00,USA,PJM,US-MIDA-PJM,305.12,378.7,39.58,7.19,pjm.com,false,
2024-03-08 02:00:00,USA,PJM,US-MIDA-PJM,302.73,375.82,39.96,6.55,pjm.com,false,
2024-03-08 03:00:00,USA,PJM,US-MIDA-PJM,298.64,370.38,41.14,6.52,pjm.com,false,
2024-03-08 04:00:00,USA,PJM,US-MIDA-PJM,294.83,365.98,41.78,6.53,pjm.com,false,
2024-03-08 05:00:00,USA,PJM,US-MIDA-PJM,291.04,361.41,42.54,6.19,pjm.com,false,
2024-03-08 06:00:00,USA,PJM,US-MIDA-PJM,287.33,356.69,43.47,6.37,pjm.com,false,
2024-03-08 07:00:00,USA,PJM,US-MIDA-PJM,286.89,356.03,43.67,6.35,pjm.com,false,
2024-03-08 08:00:00,USA,PJM,US-MIDA-PJM,286.4,355.58,43.66,6.73,pjm.com,false,
2024-03-08 09:00:00,USA,PJM,US-MIDA-PJM,286.4,355.68,43.59,6.83,pjm.com,false,
2024-03-08 10:00:00,USA,PJM,US-MIDA-PJM,287.93,357.37,43.47,7.62,pjm.com,false,
2024-03-08 11:00:00,USA,PJM,US-MIDA-PJM,290.03,360.45,42.74,9.09,pjm.com,false,
2024-03-08 12:00:00,USA,PJM,US-MIDA-PJM,291.92,362.72,42.41,9.69,pjm.com,false,
2024-03-08 13:00:00,USA,PJM,US-MIDA-PJM,284.85,354.67,43.64,10.85,pjm.com,false,
2024-03-08 14:00:00,USA,PJM,US-MIDA-PJM,281.04,350.38,44.25,11.09,pjm.com,false,
2024-03-08 15:00:00,USA,PJM,US-MIDA-PJM,282.02,351.31,44.27,10.65,pjm.com,false,
2024-03-08 16:00:00,USA,PJM,US-MIDA-PJM,281.14,350.05,44.61,10.56,pjm.com,false,
2024-03-08 17:00:00,USA,PJM,US-MIDA-PJM,281.6,350.65,44.51,10.28,pjm.com,false,
2024-03-08 18:00:00,USA,PJM,US-MIDA-PJM,284.41,353.81,44.11,9.98,pjm.com,false,
2024-03-08 19:00:00,USA,PJM,US-MIDA-PJM,285.84,355.68,43.67,9.43,pjm.com,false,
2024-03-08 20:00:00,USA,PJM,US-MIDA-PJM,288.91,359.41,42.92,8.75,pjm.com,false,
2024-03-08 21:00:00,USA,PJM,US-MIDA-PJM,292.36,363.76,41.93,8.05,pjm.com,false,
2024-03-08 22:00:00,USA,PJM,US-MIDA-PJM,288.33,359.25,42.49,8.97,pjm.com,false,
2024-03-08 23:00:00,USA,PJM,US-MIDA-PJM,285.13,355.54,43.08,10.36,pjm.com,false,
2024-03-09 00:00:00,USA,PJM,US-MIDA-PJM,279.8,348.81,44.35,11.5,pjm.com,false,
2024-03-09 01:00:00,USA,PJM,US-MIDA-PJM,278.88,347.65,44.48,11.68,pjm.com,false,
2024-03-09 02:00:00,USA,PJM,US-MIDA-PJM,278.76,346.93,44.84,11.0,pjm.com,false,
2024-03-09 03:00:00,USA,PJM,US-MIDA-PJM,276.93,344.5,45.32,10.88,pjm.com,false,
2024-03-09 04:00:00,USA,PJM,US-MIDA-PJM,276.26,343.53,45.57,10.71,pjm.com,false,
2024-03-09 05:00:00,USA,PJM,US-MIDA-PJM,267.72,333.59,46.99,11.36,pjm.com,false,
2024-03-09 06:00:00,USA,PJM,US-MIDA-PJM,265.21,330.39,47.62,11.13,pjm.com,false,
2024-03-09 07:00:00,USA,PJM,US-MIDA-PJM,263.72,328.25,48.18,11.11,pjm.com,false,
2024-03-09 08:00:00,USA,PJM,US-MIDA-PJM,264.84,329.72,47.85,10.64,pjm.com,false,
2024-03-09 09:00:00,USA,PJM,US-MIDA-PJM,265.9,331.04,47.61,10.57,pjm.com,false,
2024-03-09 10:00:00,USA,PJM,US-MIDA-PJM,269.27,335.42,46.69,10.15,pjm.com,false,
2024-03-09 11:00:00,USA,PJM,US-MIDA-PJM,271.2,338.09,46.07,10.27,pjm.com,false,
2024-03-09 12:00:00,USA,PJM,US-MIDA-PJM,273.75,341.52,45.29,10.02,pjm.com,false,
2024-03-09 13:00:00,USA,PJM,US-MIDA-PJM,277.16,345.68,44.6,10.15,pjm.com,false,
2024-03-09 14:00:00,USA,PJM,US-MIDA-PJM,279.79,349.24,43.83,9.95,pjm.com,false,
2024-03-09 15:00:00,USA,PJM,US-MIDA-PJM,283.88,354.0,43.18,9.69,pjm.com,false,
2024-03-09 16:00:00,USA,PJM,US-MIDA-PJM,288.3,358.54,42.91,9.48,pjm.com,false,
2024-03-09 17:00:00,USA,PJM,US-MIDA-PJM,287.83,357.66,43.22,9.65,pjm.com,false,
2024-03-09 18:00:00,USA,PJM,US-MIDA-PJM,283.61,352.72,43.94,10.45,pjm.com,false,
2024-03-09 19:00:00,USA,PJM,US-MIDA-PJM,281.36,350.28,44.17,10.29,pjm.com,false,
2024-03-09 20:00:00,USA,PJM,US-MIDA-PJM,282.1,350.87,44.22,10.39,pjm.com,false,
2024-03-09 21:00:00,USA,PJM,US-MIDA-PJM,277.37,345.41,45.04,11.27,pjm.com,false,
2024-03-09 22:00:00,USA,PJM,US-MIDA-PJM,275.15,342.82,45.51,11.83,pjm.com,false,
2024-03-09 23:00:00,USA,PJM,US-MIDA-PJM,273.85,341.42,45.7,12.49,pjm.com,false,
2024-03-10 00:00:00,USA,PJM,US-MIDA-PJM,276.35,344.72,44.97,12.07,pjm.com,false,
2024-03-10 01:00:00,USA,PJM,US-MIDA-PJM,278.92,347.61,44.54,11.46,pjm.com,false,
2024-03-10 02:00:00,USA,PJM,US-MIDA-PJM,282.0,350.83,44.2,10.63,pjm.com,false,
2024-03-10 03:00:00,USA,PJM,US-MIDA-PJM,283.97,352.56,44.2,9.98,pjm.com,false,
2024-03-10 04:00:00,USA,PJM,US-MIDA-PJM,277.63,345.19,45.23,9.95,pjm.com,false,
2024-03-10 05:00:00,USA,PJM,US-MIDA-PJM,272.71,339.69,45.92,10.14,pjm.com,false,
2024-03-10 06:00:00,USA,PJM,US-MIDA-PJM,267.5,333.41,46.98,10.75,pjm.com,false,
2024-03-10 07:00:00,USA,PJM,US-MIDA-PJM,265.28,330.32,47.75,11.0,pjm.com,false,
2024-03-10 08:00:00,USA,PJM,US-MIDA-PJM,265.8,331.1,47.53,10.77,pjm.com,false,
2024-03-10 09:00:00,USA,PJM,US-MIDA-PJM,270.24,336.78,46.38,9.98,pjm.com,false,
2024-03-10 10:00:00,USA,PJM,US-MIDA-PJM,270.9,337.75,46.14,10.14,pjm.com,false,
2024-03-10 11:00:00,USA,PJM,US-MIDA-PJM,269.95,336.83,46.18,10.81,pjm.com,false,
2024-03-10 12:00:00,USA,PJM,US-MIDA-PJM,266.72,333.17,46.79,12.0,pjm.com,false,
2024-03-10 13:00:00,USA,PJM,US-MIDA-PJM,260.26,325.2,48.47,13.63,pjm.com,false,
2024-03-10 14:00:00,USA,PJM,US-MIDA-PJM,257.44,321.87,49.1,14.38,pjm.com,false,
2024-03-10 15:00:00,USA,PJM,US-MIDA-PJM,258.8,323.5,48.8,14.45,pjm.com,false,
2024-03-10 16:00:00,USA,PJM,US-MIDA-PJM,255.91,320.16,49.28,14.83,pjm.com,false,
2024-03-10 17:00:00,USA,PJM,US-MIDA-PJM,253.05,316.49,50.09,15.31,pjm.com,false,
2024-03-10 18:00:00,USA,PJM,US-MIDA-PJM,252.46,316.01,50.08,15.31,pjm.com,false,
2024-03-10 19:00:00,USA,PJM,US-MIDA-PJM,255.08,319.26,49.36,14.6,pjm.com,false,
2024-03-10 20:00:00,USA,PJM,US-MIDA-PJM,256.89,321.4,49.04,14.32,pjm.com,false,
2024-03-10 21:00:00,USA,PJM,US-MIDA-PJM,259.64,324.84,48.4,14.17,pjm.com,false,
2024-03-10 22:00:00,USA,PJM,US-MIDA-PJM,273.39,341.79,45.18,12.0,pjm.com,false,
2024-03-10 23:00:00,USA,PJM,US-MIDA-PJM,290.81,362.1,42.12,10.4,pjm.com,false,
2024-03-11 00:00:00,USA,PJM,US-MIDA-PJM,302.89,375.73,40.35,9.25,pjm.com,false,
2024-03-11 01:00:00,USA,PJM,US-MIDA-PJM,308.79,382.08,39.65,8.27,pjm.com,false,
2024-03-11 02:00:00,USA,PJM,US-MIDA-PJM,313.14,386.4,39.33,6.75,pjm.com,false,
2024-03-11 03:00:00,USA,PJM,US-MIDA-PJM,312.6,385.31,39.71,6.12,pjm.com,false,
2024-03-11 04:00:00,USA,PJM,US-MIDA-PJM,311.24,383.39,40.2,5.88,pjm.com,false,
2024-03-11 05:00:00,USA,PJM,US-MIDA-PJM,309.9,381.91,40.34,5.47,pjm.com,false,
2024-03-11 06:00:00,USA,PJM,US-MIDA-PJM,305.04,376.7,40.84,5.76,pjm.com,false,
2024-03-11 07:00:00,USA,PJM,US-MIDA-PJM,298.33,369.33,41.67,6.68,pjm.com,false,
2024-03-11 08:00:00,USA,PJM,US-MIDA-PJM,289.77,359.78,42.91,8.9,pjm.com,false,
2024-03-11 09:00:00,USA,PJM,US-MIDA-PJM,290.56,361.32,42.33,9.64,pjm.com,false,
2024-03-11 10:00:00,USA,PJM,US-MIDA-PJM,294.92,367.53,40.79,10.02,pjm.com,false,
2024-03-11 11:00:00,USA,PJM,US-MIDA-PJM,301.74,375.05,39.89,10.84,pjm.com,false,
2024-03-11 12:00:00,USA,PJM,US-MIDA-PJM,301.43,373.85,40.72,12.45,pjm.com,false,
2024-03-11 13:00:00,USA,PJM,US-MIDA-PJM,284.24,353.25,44.4,15.11,pjm.com,false,
2024-03-11 14:00:00,USA,PJM,US-MIDA-PJM,272.57,340.02,46.23,15.78,pjm.com,false,
2024-03-11 15:00:00,USA,PJM,US-MIDA-PJM,267.38,333.41,47.63,16.19,pjm.com,false,
2024-03-11 16:00:00,USA,PJM,US-MIDA-PJM,261.67,325.95,49.2,17.15,pjm.com,false,
2024-03-11 17:00:00,USA,PJM,US-MIDA-PJM,257.45,320.53,50.27,17.74,pjm.com,false,
2024-03-11 18:00:00,USA,PJM,US-MIDA-PJM,253.12,314.89,51.45,18.2,pjm.com,false,
2024-03-11 19:00:00,USA,PJM,US-MIDA-PJM,250.45,311.15,52.4,18.72,pjm.com,false,
2024-03-11 20:00:00,USA,PJM,US-MIDA-PJM,246.5,306.54,53.14,19.22,pjm.com,false,
2024-03-11 21:00:00,USA,PJM,US-MIDA-PJM,247.82,308.89,52.23,18.57,pjm.com,false,
2024-03-11 22:00:00,USA,PJM,US-MIDA-PJM,259.12,323.34,49.05,16.16,pjm.com,false,
2024-03-11 23:00:00,USA,PJM,US-MIDA-PJM,273.63,341.35,45.53,13.86,pjm.com,false,
2024-03-12 00:00:00,USA,PJM,US-MIDA-PJM,277.39,345.38,45.12,13.71,pjm.com,false,
2024-03-12 01:00:00,USA,PJM,US-MIDA-PJM,280.48,348.42,44.89,12.86,pjm.com,false,
2024-03-12 02:00:00,USA,PJM,US-MIDA-PJM,281.31,348.58,45.26,12.26,pjm.com,false,
2024-03-12 03:00:00,USA,PJM,US-MIDA-PJM,274.35,340.04,46.76,12.4,pjm.com,false,
2024-03-12 04:00:00,USA,PJM,US-MIDA-PJM,270.7,335.97,47.24,12.01,pjm.com,false,
2024-03-12 05:00:00,USA,PJM,US-MIDA-PJM,270.05,335.48,47.15,11.79,pjm.com,false,
2024-03-12 06:00:00,USA,PJM,US-MIDA-PJM,272.08,337.76,46.85,11.72,pjm.com,false,
2024-03-12 07:00:00,USA,PJM,US-MIDA-PJM,271.32,336.86,47.01,11.6,pjm.com,false,
2024-03-12 08:00:00,USA,PJM,US-MIDA-PJM,271.04,336.83,46.89,11.94,pjm.com,false,
2024-03-12 09:00:00,USA,PJM,US-MIDA-PJM,274.88,341.75,45.93,12.12,pjm.com,false,
2024-03-12 10:00:00,USA,PJM,US-MIDA-PJM,279.92,347.7,45.11,12.86,pjm.com,false,
2024-03-12 11:00:00,USA,PJM,US-MIDA-PJM,294.08,363.78,42.95,12.25,pjm.com,false,
2024-03-12 12:00:00,USA,PJM,US-MIDA-PJM,288.85,357.88,43.82,13.31,pjm.com,false,
2024-03-12 13:00:00,USA,PJM,US-MIDA-PJM,273.25,339.85,46.64,14.9,pjm.com,false,
2024-03-12 14:00:00,USA,PJM,US-MIDA-PJM,266.71,332.29,47.86,15.06,pjm.com,false,
2024-03-12 15:00:00,USA,PJM,US-MIDA-PJM,262.92,327.52,48.83,14.88,pjm.com,false,
2024-03-12 16:00:00,USA,PJM,US-MIDA-PJM,258.82,322.29,49.9,15.07,pjm.com,false,
2024-03-12 17:00:00,USA,PJM,US-MIDA-PJM,252.71,314.61,51.38,15.43,pjm.com,false,
2024-03-12 18:00:00,USA,PJM,US-MIDA-PJM,244.2,303.72,53.57,16.66,pjm.com,false,
2024-03-12 19:00:00,USA,PJM,US-MIDA-PJM,240.37,298.71,54.63,17.72,pjm.com,false,
2024-03-12 20:00:00,USA,PJM,US-MIDA-PJM,244.65,303.67,53.88,17.36,pjm.com,false,
2024-03-12 21:00:00,USA,PJM,US-MIDA-PJM,250.05,310.31,52.63,16.52,pjm.com,false,
2024-03-12 22:00:00,USA,PJM,US-MIDA-PJM,259.14,322.14,49.93,14.46,pjm.com,false,
2024-03-12 23:00:00,USA,PJM,US-MIDA-PJM,273.7,340.58,46.16,11.68,pjm.com,false,
2024-03-13 00:00:00,USA,PJM,US-MIDA-PJM,277.98,346.06,45.06,11.25,pjm.com,false,
2024-03-13 01:00:00,USA,PJM,US-MIDA-PJM,278.04,345.55,45.35,10.57,pjm.com,false,
2024-03-13 02:00:00,USA,PJM,US-MIDA-PJM,275.33,342.03,45.94,10.06,pjm.com,false,
2024-03-13 03:00:00,USA,PJM,US-MIDA-PJM,272.03,337.48,47.05,10.18,pjm.com,false,
2024-03-13 04:00:00,USA,PJM,US-MIDA-PJM,268.39,332.24,48.45,10.33,pjm.com,false,
2024-03-13 05:00:00,USA,PJM,US-MIDA-PJM,266.98,330.46,48.77,10.43,pjm.com,false,
2024-03-13 06:00:00,USA,PJM,US-MIDA-PJM,267.88,331.59,48.55,10.43,pjm.com,false,
2024-03-13 07:00:00,USA,PJM,US-MIDA-PJM,268.18,332.07,48.39,10.15,pjm.com,false,
2024-03-13 08:00:00,USA,PJM,US-MIDA-PJM,272.52,337.35,47.48,9.65,pjm.com,false,
2024-03-13 09:00:00,USA,PJM,US-MIDA-PJM,279.27,346.24,45.6,8.98,pjm.com,false,
2024-03-13 10:00:00,USA,PJM,US-MIDA-PJM,283.8,352.85,43.99,9.45,pjm.com,false,
2024-03-13 11:00:00,USA,PJM,US-MIDA-PJM,293.58,364.96,41.75,8.81,pjm.com,false,
2024-03-13 12:00:00,USA,PJM,US-MIDA-PJM,294.49,365.77,41.9,9.1,pjm.com,false,
2024-03-13 13:00:00,USA,PJM,US-MIDA-PJM,286.26,355.41,44.21,10.26,pjm.com,false,
2024-03-13 14:00:00,USA,PJM,US-MIDA-PJM,288.51,358.3,43.7,9.21,pjm.com,false,
2024-03-13 15:00:00,USA,PJM,US-MIDA-PJM,286.37,355.29,44.51,9.4,pjm.com,false,
2024-03-13 16:00:00,USA,PJM,US-MIDA-PJM,286.17,354.66,44.83,9.44,pjm.com,false,
2024-03-13 17:00:00,USA,PJM,US-MIDA-PJM,285.61,353.88,45.01,9.54,pjm.com,false,
2024-03-13 18:00:00,USA,PJM,US-MIDA-PJM,283.67,351.41,45.48,9.93,pjm.com,false,
2024-03-13 19:00:00,USA,PJM,US-MIDA-PJM,281.94,349.33,45.82,10.37,pjm.com,false,
2024-03-13 20:00:00,USA,PJM,US-MIDA-PJM,280.29,347.15,46.27,10.82,pjm.com,false,
2024-03-13 21:00:00,USA,PJM,US-MIDA-PJM,281.54,348.29,46.23,10.82,pjm.com,false,
2024-03-13 22:00:00,USA,PJM,US-MIDA-PJM,292.97,362.28,43.54,8.66,pjm.com,false,
2024-03-13 23:00:00,USA,PJM,US-MIDA-PJM,299.08,370.6,41.49,7.07,pjm.com,false,
2024-03-14 00:00:00,USA,PJM,US-MIDA-PJM,301.97,373.88,41.03,7.08,pjm.com,false,
2024-03-14 01:00:00,USA,PJM,US-MIDA-PJM,302.94,374.97,40.73,6.1,pjm.com,false,
2024-03-14 02:00:00,USA,PJM,US-MIDA-PJM,297.88,368.37,42.06,6.19,pjm.com,false,
2024-03-14 03:00:00,USA,PJM,US-MIDA-PJM,293.98,362.89,43.41,6.72,pjm.com,false,
2024-03-14 04:00:00,USA,PJM,US-MIDA-PJM,284.29,350.07,46.22,7.49,pjm.com,false,
2024-03-14 05:00:00,USA,PJM,US-MIDA-PJM,277.45,341.31,48.0,8.27,pjm.com,false,
2024-03-14 06:00:00,USA,PJM,US-MIDA-PJM,277.7,341.47,48.05,7.97,pjm.com,false,
2024-03-14 07:00:00,USA,PJM,US-MIDA-PJM,277.27,340.51,48.49,8.04,pjm.com,false,
2024-03-14 08:00:00,USA,PJM,US-MIDA-PJM,276.62,339.59,48.74,8.52,pjm.com,false,
2024-03-14 09:00:00,USA,PJM,US-MIDA-PJM,282.59,347.76,46.85,7.96,pjm.com,false,
2024-03-14 10:00:00,USA,PJM,US-MIDA-PJM,285.61,352.83,45.34,9.25,pjm.com,false,
2024-03-14 11:00:00,USA,PJM,US-MIDA-PJM,296.1,365.34,43.3,9.25,pjm.com,false,
2024-03-14 12:00:00,USA,PJM,US-MIDA-PJM,300.94,370.77,42.68,9.04,pjm.com,false,
2024-03-14 13:00:00,USA,PJM,US-MIDA-PJM,286.05,352.73,46.02,11.51,pjm.com,false,
2024-03-14 14:00:00,USA,PJM,US-MIDA-PJM,278.09,343.39,47.64,12.59,pjm.com,false,
2024-03-14 15:00:00,USA,PJM,US-MIDA-PJM,276.03,341.53,47.6,12.57,pjm.com,false,
2024-03-14 16:00:00,USA,PJM,US-MIDA-PJM,276.67,342.56,47.22,12.2,pjm.com,false,
2024-03-14 17:00:00,USA,PJM,US-MIDA-PJM,274.19,339.53,47.64,12.36,pjm.com,false,
2024-03-14 18:00:00,USA,PJM,US-MIDA-PJM,265.2,328.72,49.39,14.21,pjm.com,false,
2024-03-14 19:00:00,USA,PJM,US-MIDA-PJM,261.18,323.77,50.29,15.23,pjm.com,false,
2024-03-14 20:00:00,USA,PJM,US-MIDA-PJM,259.25,321.32,50.84,15.91,pjm.com,false,
2024-03-14 21:00:00,USA,PJM,US-MIDA-PJM,264.23,327.74,49.47,15.2,pjm.com,false,
2024-03-14 22:00:00,USA,PJM,US-MIDA-PJM,271.87,336.95,47.72,13.41,pjm.com,false,
2024-03-14 23:00:00,USA,PJM,US-MIDA-PJM,273.4,339.14,47.06,12.84,pjm.com,false,
2024-03-15 00:00:00,USA,PJM,US-MIDA-PJM,275.11,341.46,46.47,12.4,pjm.com,false,
2024-03-15 01:00:00,USA,PJM,US-MIDA-PJM,281.54,349.39,44.94,10.5,pjm.com,false,
2024-03-15 02:00:00,USA,PJM,US-MIDA-PJM,281.57,348.74,45.35,9.63,pjm.com,false,
2024-03-15 03:00:00,USA,PJM,US-MIDA-PJM,278.29,344.45,46.24,9.39,pjm.com,false,
2024-03-15 04:00:00,USA,PJM,US-MIDA-PJM,271.22,335.31,48.14,9.68,pjm.com,false,
2024-03-15 05:00:00,USA,PJM,US-MIDA-PJM,265.67,328.09,49.66,10.09,pjm.com,false,
2024-03-15 06:00:00,USA,PJM,US-MIDA-PJM,263.76,325.92,49.95,10.44,pjm.com,false,
2024-03-15 07:00:00,USA,PJM,US-MIDA-PJM,266.13,328.53,49.67,9.84,pjm.com,false,
2024-03-15 08:00:00,USA,PJM,US-MIDA-PJM,269.12,332.35,48.89,9.44,pjm.com,false,
2024-03-15 09:00:00,USA,PJM,US-MIDA-PJM,270.6,334.67,48.19,9.61,pjm.com,false,
2024-03-15 10:00:00,USA,PJM,US-MIDA-PJM,275.55,341.5,46.57,9.34,pjm.com,false,
2024-03-15 11:00:00,USA,PJM,US-MIDA-PJM,283.47,352.57,43.9,9.06,pjm.com,false,
2024-03-15 12:00:00,USA,PJM,US-MIDA-PJM,282.37,351.6,43.94,9.62,pjm.com,false,
2024-03-15 13:00:00,USA,PJM,US-MIDA-PJM,286.5,356.73,43.12,9.33,pjm.com,false,
2024-03-15 14:00:00,USA,PJM,US-MIDA-PJM,281.03,350.77,43.87,9.79,pjm.com,false,
2024-03-15 15:00:00,USA,PJM,US-MIDA-PJM,278.59,347.63,44.54,10.24,pjm.com,false,
2024-03-15 16:00:00,USA,PJM,US-MIDA-PJM,281.37,350.71,44.11,9.55,pjm.com,false,
2024-03-15 17:00:00,USA,PJM,US-MIDA-PJM,282.27,352.03,43.72,8.94,pjm.com,false,
2024-03-15 18:00:00,USA,PJM,US-MIDA-PJM,285.82,356.14,43.05,7.74,pjm.com,false,
2024-03-15 19:00:00,USA,PJM,US-MIDA-PJM,290.82,362.03,42.12,6.76,pjm.com,false,
2024-03-15 20:00:00,USA,PJM,US-MIDA-PJM,285.23,355.53,43.13,7.46,pjm.com,false,
2024-03-15 21:00:00,USA,PJM,US-MIDA-PJM,279.48,348.66,44.32,8.62,pjm.com,false,
2024-03-15 22:00:00,USA,PJM,US-MIDA-PJM,278.31,347.46,44.36,8.62,pjm.com,false,
2024-03-15 23:00:00,USA,PJM,US-MIDA-PJM,284.3,355.23,42.66,7.59,pjm.com,false,
2024-03-16 00:00:00,USA,PJM,US-MIDA-PJM,291.24,363.16,41.53,7.03,pjm.com,false,
2024-03-16 01:00:00,USA,PJM,US-MIDA-PJM,293.93,366.39,40.93,6.06,pjm.com,false,
2024-03-16 02:00:00,USA,PJM,US-MIDA-PJM,296.42,368.61,40.92,4.94,pjm.com,false,
2024-03-16 03:00:00,USA,PJM,US-MIDA-PJM,290.93,361.92,42.04,4.78,pjm.com,false,
2024-03-16 04:00:00,USA,PJM,US-MIDA-PJM,281.65,350.65,43.99,4.98,pjm.com,false,
2024-03-16 05:00:00,USA,PJM,US-MIDA-PJM,277.02,344.76,45.18,5.11,pjm.com,false,
2024-03-16 06:00:00,USA,PJM,US-MIDA-PJM,277.07,344.51,45.4,5.28,pjm.com,false,
2024-03-16 07:00:00,USA,PJM,US-MIDA-PJM,277.91,345.02,45.6,5.45,pjm.com,false,
2024-03-16 08:00:00,USA,PJM,US-MIDA-PJM,274.25,340.64,46.32,6.15,pjm.com,false,
2024-03-16 09:00:00,USA,PJM,US-MIDA-PJM,270.38,336.42,46.78,7.3,pjm.com,false,
2024-03-16 10:00:00,USA,PJM,US-MIDA-PJM,268.52,334.28,47.07,8.31,pjm.com,false,
2024-03-16 11:00:00,USA,PJM,US-MIDA-PJM,260.03,324.23,48.77,10.95,pjm.com,false,
2024-03-16 12:00:00,USA,PJM,US-MIDA-PJM,257.18,321.12,49.23,12.36,pjm.com,false,
2024-03-16 13:00:00,USA,PJM,US-MIDA-PJM,241.71,302.22,52.88,15.72,pjm.com,false,
2024-03-16 14:00:00,USA,PJM,US-MIDA-PJM,232.11,290.45,55.16,17.93,pjm.com,false,
2024-03-16 15:00:00,USA,PJM,US-MIDA-PJM,227.05,284.09,56.42,19.13,pjm.com,false,
2024-03-16 16:00:00,USA,PJM,US-MIDA-PJM,223.21,279.33,57.29,19.42,pjm.com,false,
2024-03-16 17:00:00,USA,PJM,US-MIDA-PJM,219.33,274.13,58.45,19.95,pjm.com,false,
2024-03-16 18:00:00,USA,PJM,US-MIDA-PJM,212.91,266.14,59.91,20.45,pjm.com,false,
2024-03-16 19:00:00,USA,PJM,US-MIDA-PJM,215.69,269.51,59.31,19.83,pjm.com,false,
2024-03-16 20:00:00,USA,PJM,US-MIDA-PJM,219.96,274.66,58.4,19.46,pjm.com,false,
2024-03-16 21:00:00,USA,PJM,US-MIDA-PJM,230.11,287.38,55.8,17.66,pjm.com,false,
2024-03-16 22:00:00,USA,PJM,US-MIDA-PJM,245.07,305.66,52.33,14.75,pjm.com,false,
2024-03-16 23:00:00,USA,PJM,US-MIDA-PJM,250.88,312.91,50.91,14.33,pjm.com,false,
2024-03-17 00:00:00,USA,PJM,US-MIDA-PJM,255.33,318.48,49.85,14.29,pjm.com,false,
2024-03-17 01:00:00,USA,PJM,US-MIDA-PJM,254.37,317.07,50.15,13.95,pjm.com,false,
2024-03-17 02:00:00,USA,PJM,US-MIDA-PJM,256.72,319.39,49.92,12.7,pjm.com,false,
2024-03-17 03:00:00,USA,PJM,US-MIDA-PJM,255.04,317.01,50.49,12.13,pjm.com,false,
2024-03-17 04:00:00,USA,PJM,US-MIDA-PJM,249.29,309.84,51.84,12.24,pjm.com,false,
2024-03-17 05:00:00,USA,PJM,US-MIDA-PJM,244.95,304.41,52.85,12.62,pjm.com,false,
2024-03-17 06:00:00,USA,PJM,US-MIDA-PJM,242.6,301.77,53.14,12.9,pjm.com,false,
2024-03-17 07:00:00,USA,PJM,US-MIDA-PJM,242.38,301.27,53.36,13.01,pjm.com,false,
2024-03-17 08:00:00,USA,PJM,US-MIDA-PJM,243.42,302.18,53.41,12.65,pjm.com,false,
2024-03-17 09:00:00,USA,PJM,US-MIDA-PJM,245.83,305.54,52.58,12.22,pjm.com,false,
2024-03-17 10:00:00,USA,PJM,US-MIDA-PJM,248.84,309.44,51.81,12.03,pjm.com,false,
2024-03-17 11:00:00,USA,PJM,US-MIDA-PJM,251.95,313.8,50.73,12.02,pjm.com,false,
2024-03-17 12:00:00,USA,PJM,US-MIDA-PJM,251.66,313.92,50.57,12.92,pjm.com,false,
2024-03-17 13:00:00,USA,PJM,US-MIDA-PJM,245.34,306.24,52.22,15.28,pjm.com,false,
2024-03-17 14:00:00,USA,PJM,US-MIDA-PJM,236.96,295.75,54.38,17.11,pjm.com,false,
2024-03-17 15:00:00,USA,PJM,US-MIDA-PJM,235.72,294.23,54.71,17.08,pjm.com,false,
2024-03-17 16:00:00,USA,PJM,US-MIDA-PJM,235.59,294.15,54.69,16.81,pjm.com,false,
2024-03-17 17:00:00,USA,PJM,US-MIDA-PJM,234.62,292.87,54.99,16.9,pjm.com,false,
2024-03-17 18:00:00,USA,PJM,US-MIDA-PJM,230.03,287.57,55.74,17.4,pjm.com,false,
2024-03-17 19:00:00,USA,PJM,US-MIDA-PJM,228.52,285.7,56.05,17.78,pjm.com,false,
2024-03-17 20:00:00,USA,PJM,US-MIDA-PJM,230.22,287.85,55.61,18.09,pjm.com,false,
2024-03-17 21:00:00,USA,PJM,US-MIDA-PJM,239.29,299.28,53.21,16.48,pjm.com,false,
2024-03-17 22:00:00,USA,PJM,US-MIDA-PJM,254.73,318.21,49.61,13.55,pjm.com,false,
2024-03-17 23:00:00,USA,PJM,US-MIDA-PJM,262.49,327.72,47.91,12.9,pjm.com,false,
2024-03-18 00:00:00,USA,PJM,US-MIDA-PJM,271.74,338.86,46.07,11.89,pjm.com,false,
2024-03-18 01:00:00,USA,PJM,US-MIDA-PJM,272.32,339.99,45.59,11.28,pjm.com,false,
2024-03-18 02:00:00,USA,PJM,US-MIDA-PJM,277.88,346.24,44.68,9.41,pjm.com,false,
2024-03-18 03:00:00,USA,PJM,US-MIDA-PJM,279.76,348.28,44.38,7.83,pjm.com,false,
2024-03-18 04:00:00,USA,PJM,US-MIDA-PJM,281.43,349.81,44.47,7.11,pjm.com,false,
2024-03-18 05:00:00,USA,PJM,US-MIDA-PJM,287.93,356.43,43.99,6.46,pjm.com,false,
2024-03-18 06:00:00,USA,PJM,US-MIDA-PJM,291.03,359.12,44.15,6.19,pjm.com,false,
2024-03-18 07:00:00,USA,PJM,US-MIDA-PJM,293.32,361.47,43.98,6.19,pjm.com,false,
2024-03-18 08:00:00,USA,PJM,US-MIDA-PJM,295.67,364.46,43.35,6.07,pjm.com,false,
2024-03-18 09:00:00,USA,PJM,US-MIDA-PJM,302.28,373.43,41.3,5.66,pjm.com,false,
2024-03-18 10:00:00,USA,PJM,US-MIDA-PJM,301.39,373.75,40.63,7.61,pjm.com,false,
2024-03-18 11:00:00,USA,PJM,US-MIDA-PJM,305.4,379.15,39.44,8.22,pjm.com,false,
2024-03-18 12:00:00,USA,PJM,US-MIDA-PJM,307.49,380.89,39.67,8.97,pjm.com,false,
2024-03-18 13:00:00,USA,PJM,US-MIDA-PJM,304.0,376.04,40.96,10.21,pjm.com,false,
2024-03-18 14:00:00,USA,PJM,US-MIDA-PJM,297.44,367.92,42.49,11.42,pjm.com,false,
2024-03-18 15:00:00,USA,PJM,US-MIDA-PJM,296.73,367.37,42.38,11.39,pjm.com,false,
2024-03-18 16:00:00,USA,PJM,US-MIDA-PJM,295.65,366.31,42.43,11.51,pjm.com,false,
2024-03-18 17:00:00,USA,PJM,US-MIDA-PJM,295.18,365.4,42.79,11.77,pjm.com,false,
2024-03-18 18:00:00,USA,PJM,US-MIDA-PJM,298.12,368.56,42.43,11.5,pjm.com,false,
2024-03-18 19:00:00,USA,PJM,US-MIDA-PJM,304.33,375.56,41.44,10.53,pjm.com,false,
2024-03-18 20:00:00,USA,PJM,US-MIDA-PJM,306.28,377.59,41.35,10.48,pjm.com,false,
2024-03-18 21:00:00,USA,PJM,US-MIDA-PJM,308.1,380.22,40.69,10.01,pjm.com,false,
2024-03-18 22:00:00,USA,PJM,US-MIDA-PJM,309.55,382.67,39.97,10.22,pjm.com,false,
2024-03-18 23:00:00,USA,PJM,US-MIDA-PJM,314.95,389.37,38.74,9.76,pjm.com,false,
2024-03-19 00:00:00,USA,PJM,US-MIDA-PJM,321.0,396.62,37.55,9.07,pjm.com,false,
2024-03-19 01:00:00,USA,PJM,US-MIDA-PJM,322.0,397.47,37.56,8.61,pjm.com,false,
2024-03-19 02:00:00,USA,PJM,US-MIDA-PJM,321.42,395.93,38.1,8.03,pjm.com,false,
2024-03-19 03:00:00,USA,PJM,US-MIDA-PJM,316.26,388.95,39.47,8.15,pjm.com,false,
2024-03-19 04:00:00,USA,PJM,US-MIDA-PJM,311.24,382.3,40.91,8.67,pjm.com,false,
2024-03-19 05:00:00,USA,PJM,US-MIDA-PJM,305.55,376.13,41.57,8.92,pjm.com,false,
2024-03-19 06:00:00,USA,PJM,US-MIDA-PJM,304.51,374.99,41.7,9.05,pjm.com,false,
2024-03-19 07:00:00,USA,PJM,US-MIDA-PJM,300.82,370.55,42.49,9.6,pjm.com,false,
2024-03-19 08:00:00,USA,PJM,US-MIDA-PJM,300.92,371.05,42.4,10.06,pjm.com,false,
2024-03-19 09:00:00,USA,PJM,US-MIDA-PJM,305.29,377.35,41.19,10.36,pjm.com,false,
2024-03-19 10:00:00,USA,PJM,US-MIDA-PJM,307.15,381.21,39.86,10.61,pjm.com,false,
2024-03-19 11:00:00,USA,PJM,US-MIDA-PJM,313.82,389.56,38.6,10.71,pjm.com,false,
2024-03-19 12:00:00,USA,PJM,US-MIDA-PJM,310.63,385.34,39.48,11.91,pjm.com,false,
2024-03-19 13:00:00,USA,PJM,US-MIDA-PJM,298.85,370.89,41.99,13.86,pjm.com,false,
2024-03-19 14:00:00,USA,PJM,US-MIDA-PJM,292.11,362.08,43.78,14.91,pjm.com,false,
2024-03-19 15:00:00,USA,PJM,US-MIDA-PJM,286.14,354.52,45.28,15.28,pjm.com,false,
2024-03-19 16:00:00,USA,PJM,US-MIDA-PJM,280.75,347.95,46.49,16.1,pjm.com,false,
2024-03-19 17:00:00,USA,PJM,US-MIDA-PJM,276.26,342.58,47.37,16.28,pjm.com,false,
2024-03-19 18:00:00,USA,PJM,US-MIDA-PJM,269.2,334.86,48.23,16.46,pjm.com,false,
2024-03-19 19:00:00,USA,PJM,US-MIDA-PJM,263.23,328.26,48.98,16.69,pjm.com,false,
2024-03-19 20:00:00,USA,PJM,US-MIDA-PJM,263.98,329.3,48.77,16.43,pjm.com,false,
2024-03-19 21:00:00,USA,PJM,US-MIDA-PJM,269.99,336.9,47.27,15.26,pjm.com,false,
2024-03-19 22:00:00,USA,PJM,US-MIDA-PJM,282.88,353.07,43.96,12.6,pjm.com,false,
2024-03-19 23:00:00,USA,PJM,US-MIDA-PJM,292.55,364.8,41.77,10.97,pjm.com,false,
2024-03-20 00:00:00,USA,PJM,US-MIDA-PJM,299.72,372.76,40.87,10.84,pjm.com,false,
2024-03-20 01:00:00,USA,PJM,US-MIDA-PJM,300.93,373.88,40.62,10.14,pjm.com,false,
2024-03-20 02:00:00,USA,PJM,US-MIDA-PJM,298.0,369.25,41.98,10.12,pjm.com,false,
2024-03-20 03:00:00,USA,PJM,US-MIDA-PJM,293.11,363.09,43.15,10.16,pjm.com,false,
2024-03-20 04:00:00,USA,PJM,US-MIDA-PJM,288.2,357.1,43.67,9.91,pjm.com,false,
2024-03-20 05:00:00,USA,PJM,US-MIDA-PJM,286.95,355.74,43.81,10.02,pjm.com,false,
2024-03-20 06:00:00,USA,PJM,US-MIDA-PJM,287.81,356.77,43.63,10.13,pjm.com,false,
2024-03-20 07:00:00,USA,PJM,US-MIDA-PJM,287.25,356.0,43.81,9.95,pjm.com,false,
2024-03-20 08:00:00,USA,PJM,US-MIDA-PJM,287.94,357.0,43.53,9.92,pjm.com,false,
2024-03-20 09:00:00,USA,PJM,US-MIDA-PJM,290.59,360.68,42.65,9.97,pjm.com,false,
2024-03-20 10:00:00,USA,PJM,US-MIDA-PJM,289.7,360.77,42.1,10.99,pjm.com,false,
2024-03-20 11:00:00,USA,PJM,US-MIDA-PJM,294.14,366.46,40.98,11.26,pjm.com,false,
2024-03-20 12:00:00,USA,PJM,US-MIDA-PJM,296.37,368.33,41.34,11.86,pjm.com,false,
2024-03-20 13:00:00,USA,PJM,US-MIDA-PJM,292.47,363.2,42.55,12.36,pjm.com,false,
2024-03-20 14:00:00,USA,PJM,US-MIDA-PJM,282.96,352.17,44.24,13.26,pjm.com,false,
2024-03-20 15:00:00,USA,PJM,US-MIDA-PJM,275.02,342.82,45.71,14.21,pjm.com,false,
2024-03-20 16:00:00,USA,PJM,US-MIDA-PJM,271.18,337.65,46.98,15.06,pjm.com,false,
2024-03-20 17:00:00,USA,PJM,US-MIDA-PJM,271.1,337.73,46.84,15.0,pjm.com,false,
2024-03-20 18:00:00,USA,PJM,US-MIDA-PJM,270.42,336.96,46.93,14.94,pjm.com,false,
2024-03-20 19:00:00,USA,PJM,US-MIDA-PJM,269.52,335.84,47.13,15.0,pjm.com,false,
2024-03-20 20:00:00,USA,PJM,US-MIDA-PJM,268.89,335.02,47.32,15.07,pjm.com,false,
2024-03-20 21:00:00,USA,PJM,US-MIDA-PJM,275.06,342.78,45.77,13.75,pjm.com,false,
2024-03-20 22:00:00,USA,PJM,US-MIDA-PJM,287.89,358.64,42.65,10.72,pjm.com,false,
2024-03-20 23:00:00,USA,PJM,US-MIDA-PJM,300.59,374.02,39.93,8.91,pjm.com,false,
2024-03-21 00:00:00,USA,PJM,US-MIDA-PJM,309.36,384.31,38.37,8.18,pjm.com,false,
2024-03-21 01:00:00,USA,PJM,US-MIDA-PJM,313.29,388.42,38.02,7.47,pjm.com,false,
2024-03-21 02:00:00,USA,PJM,US-MIDA-PJM,315.49,390.47,37.91,6.39,pjm.com,false,
2024-03-21 03:00:00,USA,PJM,US-MIDA-PJM,318.9,394.1,37.47,5.15,pjm.com,false,
2024-03-21 04:00:00,USA,PJM,US-MIDA-PJM,316.72,391.14,38.13,4.75,pjm.com,false,
2024-03-21 05:00:00,USA,PJM,US-MIDA-PJM,316.1,390.91,37.87,4.31,pjm.com,false,
2024-03-21 06:00:00,USA,PJM,US-MIDA-PJM,317.72,393.02,37.45,4.1,pjm.com,false,
2024-03-21 07:00:00,USA,PJM,US-MIDA-PJM,319.4,395.0,37.21,4.08,pjm.com,false,
2024-03-21 08:00:00,USA,PJM,US-MIDA-PJM,322.87,399.09,36.65,3.97,pjm.com,false,
2024-03-21 09:00:00,USA,PJM,US-MIDA-PJM,326.57,404.51,35.38,4.12,pjm.com,false,
2024-03-21 10:00:00,USA,PJM,US-MIDA-PJM,330.45,409.81,34.29,4.82,pjm.com,false,
2024-03-21 11:00:00,USA,PJM,US-MIDA-PJM,336.96,417.43,33.19,4.93,pjm.com,false,
2024-03-21 12:00:00,USA,PJM,US-MIDA-PJM,333.91,413.48,34.15,6.21,pjm.com,false,
2024-03-21 13:00:00,USA,PJM,US-MIDA-PJM,323.72,400.83,36.77,8.19,pjm.com,false,
2024-03-21 14:00:00,USA,PJM,US-MIDA-PJM,319.22,395.12,37.92,8.81,pjm.com,false,
2024-03-21 15:00:00,USA,PJM,US-MIDA-PJM,312.84,387.44,39.15,9.26,pjm.com,false,
2024-03-21 16:00:00,USA,PJM,US-MIDA-PJM,307.97,382.05,39.77,9.31,pjm.com,false,
2024-03-21 17:00:00,USA,PJM,US-MIDA-PJM,306.77,380.38,40.18,9.25,pjm.com,false,
2024-03-21 18:00:00,USA,PJM,US-MIDA-PJM,305.73,378.92,40.52,9.14,pjm.com,false,
2024-03-21 19:00:00,USA,PJM,US-MIDA-PJM,305.58,378.5,40.69,9.03,pjm.com,false,
2024-03-21 20:00:00,USA,PJM,US-MIDA-PJM,304.09,376.75,40.92,9.28,pjm.com,false,
2024-03-21 21:00:00,USA,PJM,US-MIDA-PJM,305.23,377.95,40.75,8.98,pjm.com,false,
2024-03-21 22:00:00,USA,PJM,US-MIDA-PJM,316.27,391.64,37.95,6.61,pjm.com,false,
2024-03-21 23:00:00,USA,PJM,US-MIDA-PJM,318.29,394.72,37.03,6.34,pjm.com,false,
2024-03-22 00:00:00,USA,PJM,US-MIDA-PJM,321.29,398.28,36.49,6.81,pjm.com,false,
2024-03-22 01:00:00,USA,PJM,US-MIDA-PJM,319.65,395.94,37.05,7.22,pjm.com,false,
2024-03-22 02:00:00,USA,PJM,US-MIDA-PJM,317.51,392.38,38.1,7.29,pjm.com,false,
2024-03-22 03:00:00,USA,PJM,US-MIDA-PJM,313.83,387.45,39.14,7.24,pjm.com,false,
2024-03-22 04:00:00,USA,PJM,US-MIDA-PJM,311.62,384.81,39.4,6.86,pjm.com,false,
2024-03-22 05:00:00,USA,PJM,US-MIDA-PJM,311.83,384.98,39.42,6.55,pjm.com,false,
2024-03-22 06:00:00,USA,PJM,US-MIDA-PJM,309.92,383.02,39.57,6.55,pjm.com,false,
2024-03-22 07:00:00,USA,PJM,US-MIDA-PJM,307.94,381.29,39.45,6.42,pjm.com,false,
2024-03-22 08:00:00,USA,PJM,US-MIDA-PJM,311.33,385.2,38.98,6.58,pjm.com,false,
2024-03-22 09:00:00,USA,PJM,US-MIDA-PJM,316.91,392.04,37.9,6.68,pjm.com,false,
2024-03-22 10:00:00,USA,PJM,US-MIDA-PJM,318.03,393.99,37.32,7.76,pjm.com,false,
2024-03-22 11:00:00,USA,PJM,US-MIDA-PJM,322.38,399.36,36.38,8.11,pjm.com,false,
2024-03-22 12:00:00,USA,PJM,US-MIDA-PJM,320.86,397.04,37.13,9.44,pjm.com,false,
2024-03-22 13:00:00,USA,PJM,US-MIDA-PJM,319.01,394.65,37.65,10.19,pjm.com,false,
2024-03-22 14:00:00,USA,PJM,US-MIDA-PJM,318.39,393.23,38.25,9.97,pjm.com,false,
2024-03-22 15:00:00,USA,PJM,US-MIDA-PJM,320.65,395.57,38.04,9.2,pjm.com,false,
2024-03-22 16:00:00,USA,PJM,US-MIDA-PJM,320.85,395.27,38.45,8.66,pjm.com,false,
2024-03-22 17:00:00,USA,PJM,US-MIDA-PJM,325.15,400.02,37.89,7.58,pjm.com,false,
2024-03-22 18:00:00,USA,PJM,US-MIDA-PJM,326.53,401.97,37.32,6.86,pjm.com,false,
2024-03-22 19:00:00,USA,PJM,US-MIDA-PJM,329.79,405.38,36.97,6.68,pjm.com,false,
2024-03-22 20:00:00,USA,PJM,US-MIDA-PJM,329.4,404.74,37.11,7.3,pjm.com,false,
2024-03-22 21:00:00,USA,PJM,US-MIDA-PJM,327.88,402.82,37.36,7.66,pjm.com,false,
2024-03-22 22:00:00,USA,PJM,US-MIDA-PJM,325.25,399.58,37.91,7.96,pjm.com,false,
2024-03-22 23:00:00,USA,PJM,US-MIDA-PJM,322.1,395.88,38.46,8.78,pjm.com,false,
2024-03-23 00:00:00,USA,PJM,US-MIDA-PJM,315.18,387.99,39.5,9.64,pjm.com,false,
2024-03-23 01:00:00,USA,PJM,US-MIDA-PJM,313.21,385.76,39.78,9.62,pjm.com,false,
2024-03-23 02:00:00,USA,PJM,US-MIDA-PJM,313.4,385.5,40.02,9.25,pjm.com,false,
2024-03-23 03:00:00,USA,PJM,US-MIDA-PJM,311.39,382.86,40.58,8.76,pjm.com,false,
2024-03-23 04:00:00,USA,PJM,US-MIDA-PJM,308.21,378.81,41.38,8.18,pjm.com,false,
2024-03-23 05:00:00,USA,PJM,US-MIDA-PJM,304.98,375.44,41.65,7.57,pjm.com,false,
2024-03-23 06:00:00,USA,PJM,US-MIDA-PJM,307.14,378.28,41.04,6.88,pjm.com,false,
2024-03-23 07:00:00,USA,PJM,US-MIDA-PJM,304.86,375.82,41.29,6.71,pjm.com,false,
2024-03-23 08:00:00,USA,PJM,US-MIDA-PJM,302.23,373.62,41.14,6.66,pjm.com,false,
2024-03-23 09:00:00,USA,PJM,US-MIDA-PJM,305.16,376.96,40.69,6.32,pjm.com,false,
2024-03-23 10:00:00,USA,PJM,US-MIDA-PJM,305.76,378.0,40.39,6.42,pjm.com,false,
2024-03-23 11:00:00,USA,PJM,US-MIDA-PJM,308.99,382.91,39.16,6.18,pjm.com,false,
2024-03-23 12:00:00,USA,PJM,US-MIDA-PJM,318.11,393.54,37.79,6.09,pjm.com,false,
2024-03-23 13:00:00,USA,PJM,US-MIDA-PJM,319.67,395.37,37.62,6.69,pjm.com,false,
2024-03-23 14:00:00,USA,PJM,US-MIDA-PJM,312.45,386.68,39.13,8.12,pjm.com,false,
2024-03-23 15:00:00,USA,PJM,US-MIDA-PJM,310.27,383.87,39.72,8.71,pjm.com,false,
2024-03-23 16:00:00,USA,PJM,US-MIDA-PJM,308.1,380.87,40.47,8.96,pjm.com,false,
2024-03-23 17:00:00,USA,PJM,US-MIDA-PJM,308.38,380.89,40.7,8.76,pjm.com,false,
2024-03-23 18:00:00,USA,PJM,US-MIDA-PJM,303.17,375.58,41.07,8.81,pjm.com,false,
2024-03-23 19:00:00,USA,PJM,US-MIDA-PJM,301.23,373.94,40.96,8.59,pjm.com,false,
2024-03-23 20:00:00,USA,PJM,US-MIDA-PJM,299.28,371.83,41.14,8.68,pjm.com,false,
2024-03-23 21:00:00,USA,PJM,US-MIDA-PJM,302.54,375.84,40.33,7.68,pjm.com,false,
2024-03-23 22:00:00,USA,PJM,US-MIDA-PJM,310.65,385.31,38.86,6.35,pjm.com,false,
2024-03-23 23:00:00,USA,PJM,US-MIDA-PJM,321.43,397.05,37.49,6.13,pjm.com,false,
2024-03-24 00:00:00,USA,PJM,US-MIDA-PJM,324.76,400.03,37.61,7.18,pjm.com,false,
2024-03-24 01:00:00,USA,PJM,US-MIDA-PJM,321.21,395.81,37.95,7.26,pjm.com,false,
2024-03-24 02:00:00,USA,PJM,US-MIDA-PJM,322.71,396.91,38.06,7.05,pjm.com,false,
2024-03-24 03:00:00,USA,PJM,US-MIDA-PJM,323.0,396.91,38.23,6.5,pjm.com,false,
2024-03-24 04:00:00,USA,PJM,US-MIDA-PJM,324.5,398.5,38.14,5.83,pjm.com,false,
2024-03-24 05:00:00,USA,PJM,US-MIDA-PJM,322.07,395.64,38.61,5.75,pjm.com,false,
2024-03-24 06:00:00,USA,PJM,US-MIDA-PJM,322.95,396.27,38.73,5.96,pjm.com,false,
2024-03-24 07:00:00,USA,PJM,US-MIDA-PJM,318.6,391.42,39.32,6.57,pjm.com,false,
2024-03-24 08:00:00,USA,PJM,US-MIDA-PJM,314.66,386.81,40.15,7.69,pjm.com,false,
2024-03-24 09:00:00,USA,PJM,US-MIDA-PJM,318.37,391.49,39.45,7.63,pjm.com,false,
2024-03-24 10:00:00,USA,PJM,US-MIDA-PJM,318.09,391.44,39.4,8.14,pjm.com,false,
2024-03-24 11:00:00,USA,PJM,US-MIDA-PJM,324.42,398.7,38.53,7.8,pjm.com,false,
2024-03-24 12:00:00,USA,PJM,US-MIDA-PJM,310.95,383.37,40.7,10.12,pjm.com,false,
2024-03-24 13:00:00,USA,PJM,US-MIDA-PJM,292.82,362.03,44.03,12.8,pjm.com,false,
2024-03-24 14:00:00,USA,PJM,US-MIDA-PJM,275.26,341.4,47.21,15.53,pjm.com,false,
2024-03-24 15:00:00,USA,PJM,US-MIDA-PJM,268.09,332.6,48.76,16.45,pjm.com,false,
2024-03-24 16:00:00,USA,PJM,US-MIDA-PJM,265.73,329.27,49.64,16.8,pjm.com,false,
2024-03-24 17:00:00,USA,PJM,US-MIDA-PJM,260.36,322.3,51.13,17.4,pjm.com,false,
2024-03-24 18:00:00,USA,PJM,US-MIDA-PJM,258.08,319.4,51.72,17.44,pjm.com,false,
2024-03-24 19:00:00,USA,PJM,US-MIDA-PJM,256.5,317.31,52.19,17.53,pjm.com,false,
2024-03-24 20:00:00,USA,PJM,US-MIDA-PJM,255.63,316.32,52.34,17.74,pjm.com,false,
2024-03-24 21:00:00,USA,PJM,US-MIDA-PJM,262.78,325.86,50.36,16.46,pjm.com,false,
2024-03-24 22:00:00,USA,PJM,US-MIDA-PJM,279.45,346.72,46.13,13.35,pjm.com,false,
2024-03-24 23:00:00,USA,PJM,US-MIDA-PJM,290.97,360.76,43.53,11.78,pjm.com,false,
2024-03-25 00:00:00,USA,PJM,US-MIDA-PJM,296.59,366.88,42.84,12.34,pjm.com,false,
2024-03-25 01:00:00,USA,PJM,US-MIDA-PJM,299.38,369.84,42.2,11.76,pjm.com,false,
2024-03-25 02:00:00,USA,PJM,US-MIDA-PJM,301.01,370.92,42.35,11.15,pjm.com,false,
2024-03-25 03:00:00,USA,PJM,US-MIDA-PJM,299.84,368.96,42.97,11.08,pjm.com,false,
2024-03-25 04:00:00,USA,PJM,US-MIDA-PJM,293.37,361.73,43.85,11.49,pjm.com,false,
2024-03-25 05:00:00,USA,PJM,US-MIDA-PJM,292.83,361.57,43.6,11.37,pjm.com,false,
2024-03-25 06:00:00,USA,PJM,US-MIDA-PJM,295.59,364.45,43.39,11.26,pjm.com,false,
2024-03-25 07:00:00,USA,PJM,US-MIDA-PJM,298.47,367.52,43.14,11.1,pjm.com,false,
2024-03-25 08:00:00,USA,PJM,US-MIDA-PJM,300.97,370.82,42.53,11.07,pjm.com,false,
2024-03-25 09:00:00,USA,PJM,US-MIDA-PJM,304.87,376.02,41.59,11.57,pjm.com,false,
2024-03-25 10:00:00,USA,PJM,US-MIDA-PJM,308.08,380.54,40.55,12.07,pjm.com,false,
2024-03-25 11:00:00,USA,PJM,US-MIDA-PJM,313.21,386.73,39.56,12.34,pjm.com,false,
2024-03-25 12:00:00,USA,PJM,US-MIDA-PJM,307.15,378.83,41.33,14.09,pjm.com,false,
2024-03-25 13:00:00,USA,PJM,US-MIDA-PJM,300.15,370.07,43.15,15.33,pjm.com,false,
2024-03-25 14:00:00,USA,PJM,US-MIDA-PJM,292.32,360.81,44.41,15.86,pjm.com,false,
2024-03-25 15:00:00,USA,PJM,US-MIDA-PJM,287.2,354.43,45.66,16.48,pjm.com,false,
2024-03-25 16:00:00,USA,PJM,US-MIDA-PJM,280.84,346.59,47.11,17.16,pjm.com,false,
2024-03-25 17:00:00,USA,PJM,US-MIDA-PJM,278.68,343.83,47.64,17.34,pjm.com,false,
2024-03-25 18:00:00,USA,PJM,US-MIDA-PJM,276.77,341.67,47.89,17.36,pjm.com,false,
2024-03-25 19:00:00,USA,PJM,US-MIDA-PJM,272.97,336.86,48.77,17.7,pjm.com,false,
2024-03-25 20:00:00,USA,PJM,US-MIDA-PJM,270.65,334.05,49.24,18.02,pjm.com,false,
2024-03-25 21:00:00,USA,PJM,US-MIDA-PJM,275.96,341.03,47.89,16.95,pjm.com,false,
2024-03-25 22:00:00,USA,PJM,US-MIDA-PJM,287.47,355.21,45.08,14.36,pjm.com,false,
2024-03-25 23:00:00,USA,PJM,US-MIDA-PJM,298.69,369.0,42.49,12.26,pjm.com,false,
2024-03-26 00:00:00,USA,PJM,US-MIDA-PJM,304.41,376.09,41.23,11.61,pjm.com,false,
2024-03-26 01:00:00,USA,PJM,US-MIDA-PJM,303.54,374.92,41.23,11.03,pjm.com,false,
2024-03-26 02:00:00,USA,PJM,US-MIDA-PJM,299.41,369.14,42.54,11.05,pjm.com,false,
2024-03-26 03:00:00,USA,PJM,US-MIDA-PJM,295.5,364.29,43.36,11.21,pjm.com,false,
2024-03-26 04:00:00,USA,PJM,US-MIDA-PJM,286.86,353.55,45.34,12.01,pjm.com,false,
2024-03-26 05:00:00,USA,PJM,US-MIDA-PJM,281.59,347.74,46.0,12.0,pjm.com,false,
2024-03-26 06:00:00,USA,PJM,US-MIDA-PJM,279.14,345.16,46.23,12.31,pjm.com,false,
2024-03-26 07:00:00,USA,PJM,US-MIDA-PJM,279.22,345.37,46.15,12.14,pjm.com,false,
2024-03-26 08:00:00,USA,PJM,US-MIDA-PJM,281.38,348.17,45.61,12.07,pjm.com,false,
2024-03-26 09:00:00,USA,PJM,US-MIDA-PJM,284.56,352.29,44.9,12.24,pjm.com,false,
2024-03-26 10:00:00,USA,PJM,US-MIDA-PJM,287.68,356.67,43.98,13.19,pjm.com,false,
2024-03-26 11:00:00,USA,PJM,US-MIDA-PJM,298.4,369.62,41.78,12.5,pjm.com,false,
2024-03-26 12:00:00,USA,PJM,US-MIDA-PJM,301.26,372.47,41.74,12.85,pjm.com,false,
2024-03-26 13:00:00,USA,PJM,US-MIDA-PJM,298.44,368.88,42.57,13.37,pjm.com,false,
2024-03-26 14:00:00,USA,PJM,US-MIDA-PJM,293.81,362.64,43.99,14.24,pjm.com,false,
2024-03-26 15:00:00,USA,PJM,US-MIDA-PJM,290.86,358.89,44.68,14.69,pjm.com,false,
2024-03-26 16:00:00,USA,PJM,US-MIDA-PJM,294.32,363.17,43.84,13.68,pjm.com,false,
2024-03-26 17:00:00,USA,PJM,US-MIDA-PJM,293.08,361.4,44.3,13.91,pjm.com,false,
2024-03-26 18:00:00,USA,PJM,US-MIDA-PJM,292.49,360.64,44.42,14.05,pjm.com,false,
2024-03-26 19:00:00,USA,PJM,US-MIDA-PJM,292.7,360.7,44.45,13.76,pjm.com,false,
2024-03-26 20:00:00,USA,PJM,US-MIDA-PJM,292.32,360.38,44.44,13.95,pjm.com,false,
2024-03-26 21:00:00,USA,PJM,US-MIDA-PJM,295.04,363.99,43.56,13.19,pjm.com,false,
2024-03-26 22:00:00,USA,PJM,US-MIDA-PJM,295.48,364.95,43.07,12.63,pjm.com,false,
2024-03-26 23:00:00,USA,PJM,US-MIDA-PJM,297.08,367.02,42.65,12.5,pjm.com,false,
2024-03-27 00:00:00,USA,PJM,US-MIDA-PJM,301.3,372.18,41.73,12.0,pjm.com,false,
2024-03-27 01:00:00,USA,PJM,US-MIDA-PJM,302.73,373.34,41.8,11.55,pjm.com,false,
2024-03-27 02:00:00,USA,PJM,US-MIDA-PJM,302.77,373.0,42.02,10.81,pjm.com,false,
2024-03-27 03:00:00,USA,PJM,US-MIDA-PJM,297.74,366.69,43.19,10.81,pjm.com,false,
2024-03-27 04:00:00,USA,PJM,US-MIDA-PJM,293.18,361.48,43.88,10.42,pjm.com,false,
2024-03-27 05:00:00,USA,PJM,US-MIDA-PJM,291.76,360.61,43.52,9.9,pjm.com,false,
2024-03-27 06:00:00,USA,PJM,US-MIDA-PJM,290.59,359.85,43.27,9.84,pjm.com,false,
2024-03-27 07:00:00,USA,PJM,US-MIDA-PJM,290.75,360.32,43.03,9.38,pjm.com,false,
2024-03-27 08:00:00,USA,PJM,US-MIDA-PJM,293.58,364.21,42.09,8.93,pjm.com,false,
2024-03-27 09:00:00,USA,PJM,US-MIDA-PJM,298.33,370.07,41.06,8.34,pjm.com,false,
2024-03-27 10:00:00,USA,PJM,US-MIDA-PJM,298.71,371.35,40.48,9.31,pjm.com,false,
2024-03-27 11:00:00,USA,PJM,US-MIDA-PJM,302.31,376.25,39.39,9.7,pjm.com,false,
2024-03-27 12:00:00,USA,PJM,US-MIDA-PJM,304.26,378.67,39.04,9.87,pjm.com,false,
2024-03-27 13:00:00,USA,PJM,US-MIDA-PJM,304.76,379.24,39.0,9.81,pjm.com,false,
2024-03-27 14:00:00,USA,PJM,US-MIDA-PJM,307.74,382.74,38.41,9.07,pjm.com,false,
2024-03-27 15:00:00,USA,PJM,US-MIDA-PJM,311.73,387.49,37.62,7.83,pjm.com,false,
2024-03-27 16:00:00,USA,PJM,US-MIDA-PJM,312.31,388.35,37.43,7.12,pjm.com,false,
2024-03-27 17:00:00,USA,PJM,US-MIDA-PJM,313.9,390.28,37.09,6.6,pjm.com,false,
2024-03-27 18:00:00,USA,PJM,US-MIDA-PJM,313.0,388.96,37.45,6.65,pjm.com,false,
2024-03-27 19:00:00,USA,PJM,US-MIDA-PJM,310.24,385.59,38.03,7.01,pjm.com,false,
2024-03-27 20:00:00,USA,PJM,US-MIDA-PJM,307.32,382.19,38.55,7.72,pjm.com,false,
2024-03-27 21:00:00,USA,PJM,US-MIDA-PJM,308.0,383.08,38.39,7.71,pjm.com,false,
2024-03-27 22:00:00,USA,PJM,US-MIDA-PJM,309.15,384.41,38.2,7.45,pjm.com,false,
2024-03-27 23:00:00,USA,PJM,US-MIDA-PJM,310.68,386.62,37.61,7.11,pjm.com,false,
2024-03-28 00:00:00,USA,PJM,US-MIDA-PJM,316.93,394.24,36.32,6.51,pjm.com,false,
2024-03-28 01:00:00,USA,PJM,US-MIDA-PJM,320.81,398.17,36.01,5.82,pjm.com,false,
2024-03-28 02:00:00,USA,PJM,US-MIDA-PJM,320.37,397.37,36.17,4.79,pjm.com,false,
2024-03-28 03:00:00,USA,PJM,US-MIDA-PJM,317.69,394.21,36.58,4.02,pjm.com,false,
2024-03-28 04:00:00,USA,PJM,US-MIDA-PJM,317.76,393.71,36.95,3.56,pjm.com,false,
2024-03-28 05:00:00,USA,PJM,US-MIDA-PJM,311.44,386.53,37.9,3.81,pjm.com,false,
2024-03-28 06:00:00,USA,PJM,US-MIDA-PJM,309.93,385.42,37.68,3.76,pjm.com,false,
2024-03-28 07:00:00,USA,PJM,US-MIDA-PJM,312.96,388.86,37.22,3.49,pjm.com,false,
2024-03-28 08:00:00,USA,PJM,US-MIDA-PJM,315.53,392.25,36.5,3.06,pjm.com,false,
2024-03-28 09:00:00,USA,PJM,US-MIDA-PJM,317.57,394.91,35.99,3.02,pjm.com,false,
2024-03-28 10:00:00,USA,PJM,US-MIDA-PJM,317.08,395.52,35.34,4.59,pjm.com,false,
2024-03-28 11:00:00,USA,PJM,US-MIDA-PJM,319.99,399.22,34.63,5.22,pjm.com,false,
2024-03-28 12:00:00,USA,PJM,US-MIDA-PJM,321.82,401.09,34.57,5.53,pjm.com,false,
2024-03-28 13:00:00,USA,PJM,US-MIDA-PJM,318.31,396.77,35.4,5.97,pjm.com,false,
2024-03-28 14:00:00,USA,PJM,US-MIDA-PJM,316.32,394.79,35.52,5.78,pjm.com,false,
2024-03-28 15:00:00,USA,PJM,US-MIDA-PJM,313.02,390.78,36.18,6.23,pjm.com,false,
2024-03-28 16:00:00,USA,PJM,US-MIDA-PJM,305.75,381.63,37.9,7.45,pjm.com,false,
2024-03-28 17:00:00,USA,PJM,US-MIDA-PJM,298.69,373.24,39.25,8.78,pjm.com,false,
2024-03-28 18:00:00,USA,PJM,US-MIDA-PJM,295.6,369.31,40.02,9.47,pjm.com,false,
2024-03-28 19:00:00,USA,PJM,US-MIDA-PJM,294.64,367.58,40.66,9.88,pjm.com,false,
2024-03-28 20:00:00,USA,PJM,US-MIDA-PJM,294.27,366.85,40.93,10.1,pjm.com,false,
2024-03-28 21:00:00,USA,PJM,US-MIDA-PJM,292.51,364.83,41.24,10.65,pjm.com,false,
2024-03-28 22:00:00,USA,PJM,US-MIDA-PJM,296.89,370.33,40.13,9.41,pjm.com,false,
2024-03-28 23:00:00,USA,PJM,US-MIDA-PJM,306.72,382.29,38.09,7.31,pjm.com,false,
2024-03-29 00:00:00,USA,PJM,US-MIDA-PJM,316.81,393.83,36.54,6.39,pjm.com,false,
2024-03-29 01:00:00,USA,PJM,US-MIDA-PJM,318.43,395.41,36.41,5.67,pjm.com,false,
2024-03-29 02:00:00,USA,PJM,US-MIDA-PJM,317.36,393.64,36.8,4.63,pjm.com,false,
2024-03-29 03:00:00,USA,PJM,US-MIDA-PJM,313.34,388.81,37.54,4.33,pjm.com,false,
2024-03-29 04:00:00,USA,PJM,US-MIDA-PJM,308.28,382.19,38.97,4.82,pjm.com,false,
2024-03-29 05:00:00,USA,PJM,US-MIDA-PJM,306.6,380.16,39.32,4.91,pjm.com,false,
2024-03-29 06:00:00,USA,PJM,US-MIDA-PJM,306.7,380.73,38.98,4.71,pjm.com,false,
2024-03-29 07:00:00,USA,PJM,US-MIDA-PJM,306.34,381.01,38.5,4.28,pjm.com,false,
2024-03-29 08:00:00,USA,PJM,US-MIDA-PJM,304.8,379.74,38.47,4.72,pjm.com,false,
2024-03-29 09:00:00,USA,PJM,US-MIDA-PJM,305.53,381.14,37.98,5.08,pjm.com,false,
2024-03-29 10:00:00,USA,PJM,US-MIDA-PJM,307.06,383.43,37.42,5.76,pjm.com,false,
2024-03-29 11:00:00,USA,PJM,US-MIDA-PJM,308.59,385.72,36.81,6.25,pjm.com,false,
2024-03-29 12:00:00,USA,PJM,US-MIDA-PJM,300.73,375.8,38.94,8.24,pjm.com,false,
2024-03-29 13:00:00,USA,PJM,US-MIDA-PJM,287.1,359.58,41.81,10.52,pjm.com,false,
2024-03-29 14:00:00,USA,PJM,US-MIDA-PJM,281.91,353.1,43.1,11.27,pjm.com,false,
2024-03-29 15:00:00,USA,PJM,US-MIDA-PJM,277.19,346.65,44.69,12.14,pjm.com,false,
2024-03-29 16:00:00,USA,PJM,US-MIDA-PJM,273.92,342.25,45.75,12.46,pjm.com,false,
2024-03-29 17:00:00,USA,PJM,US-MIDA-PJM,273.51,341.84,45.76,12.07,pjm.com,false,
2024-03-29 18:00:00,USA,PJM,US-MIDA-PJM,271.15,338.69,46.44,12.38,pjm.com,false,
2024-03-29 19:00:00,USA,PJM,US-MIDA-PJM,267.98,334.51,47.25,12.89,pjm.com,false,
2024-03-29 20:00:00,USA,PJM,US-MIDA-PJM,264.31,330.12,47.94,13.42,pjm.com,false,
2024-03-29 21:00:00,USA,PJM,US-MIDA-PJM,264.34,330.66,47.49,13.59,pjm.com,false,
2024-03-29 22:00:00,USA,PJM,US-MIDA-PJM,276.18,345.39,44.46,11.05,pjm.com,false,
2024-03-29 23:00:00,USA,PJM,US-MIDA-PJM,282.41,352.81,43.09,9.91,pjm.com,false,
2024-03-30 00:00:00,USA,PJM,US-MIDA-PJM,286.25,357.3,42.44,10.24,pjm.com,false,
2024-03-30 01:00:00,USA,PJM,US-MIDA-PJM,284.92,355.3,42.92,10.51,pjm.com,false,
2024-03-30 02:00:00,USA,PJM,US-MIDA-PJM,286.12,356.53,42.71,9.89,pjm.com,false,
2024-03-30 03:00:00,USA,PJM,US-MIDA-PJM,287.79,358.21,42.59,9.01,pjm.com,false,
2024-03-30 04:00:00,USA,PJM,US-MIDA-PJM,279.36,347.38,45.03,9.76,pjm.com,false,
2024-03-30 05:00:00,USA,PJM,US-MIDA-PJM,276.46,344.04,45.3,9.68,pjm.com,false,
2024-03-30 06:00:00,USA,PJM,US-MIDA-PJM,278.46,346.61,44.76,9.16,pjm.com,false,
2024-03-30 07:00:00,USA,PJM,US-MIDA-PJM,278.4,346.5,44.81,9.09,pjm.com,false,
2024-03-30 08:00:00,USA,PJM,US-MIDA-PJM,280.05,348.95,44.13,8.38,pjm.com,false,
2024-03-30 09:00:00,USA,PJM,US-MIDA-PJM,282.98,352.65,43.42,8.04,pjm.com,false,
2024-03-30 10:00:00,USA,PJM,US-MIDA-PJM,282.66,352.6,43.28,8.2,pjm.com,false,
2024-03-30 11:00:00,USA,PJM,US-MIDA-PJM,285.5,356.44,42.45,8.23,pjm.com,false,
2024-03-30 12:00:00,USA,PJM,US-MIDA-PJM,274.73,343.68,44.66,10.79,pjm.com,false,
2024-03-30 13:00:00,USA,PJM,US-MIDA-PJM,265.76,332.72,46.81,12.66,pjm.com,false,
2024-03-30 14:00:00,USA,PJM,US-MIDA-PJM,259.58,324.99,48.34,14.05,pjm.com,false,
2024-03-30 15:00:00,USA,PJM,US-MIDA-PJM,253.3,317.22,49.86,15.33,pjm.com,false,
2024-03-30 16:00:00,USA,PJM,US-MIDA-PJM,252.71,316.5,50.04,15.52,pjm.com,false,
2024-03-30 17:00:00,USA,PJM,US-MIDA-PJM,251.93,314.99,50.61,15.99,pjm.com,false,
2024-03-30 18:00:00,USA,PJM,US-MIDA-PJM,252.79,316.11,50.36,15.59,pjm.com,false,
2024-03-30 19:00:00,USA,PJM,US-MIDA-PJM,256.96,321.56,49.11,14.56,pjm.com,false,
2024-03-30 20:00:00,USA,PJM,US-MIDA-PJM,258.34,323.37,48.73,14.48,pjm.com,false,
2024-03-30 21:00:00,USA,PJM,US-MIDA-PJM,266.39,333.07,47.01,12.84,pjm.com,false,
2024-03-30 22:00:00,USA,PJM,US-MIDA-PJM,277.33,346.24,44.64,10.28,pjm.com,false,
2024-03-30 23:00:00,USA,PJM,US-MIDA-PJM,285.7,356.78,42.57,8.43,pjm.com,false,
2024-03-31 00:00:00,USA,PJM,US-MIDA-PJM,288.15,359.78,42.05,8.32,pjm.com,false,
2024-03-31 01:00:00,USA,PJM,US-MIDA-PJM,285.15,356.06,42.69,8.14,pjm.com,false,
2024-03-31 02:00:00,USA,PJM,US-MIDA-PJM,286.19,357.13,42.42,7.06,pjm.com,false,
2024-03-31 03:00:00,USA,PJM,US-MIDA-PJM,284.47,354.73,42.93,6.78,pjm.com,false,
2024-03-31 04:00:00,USA,PJM,US-MIDA-PJM,279.04,347.24,44.72,6.91,pjm.com,false,
2024-03-31 05:00:00,USA,PJM,US-MIDA-PJM,279.6,347.92,44.59,6.58,pjm.com,false,
2024-03-31 06:00:00,USA,PJM,US-MIDA-PJM,280.88,349.41,44.38,5.96,pjm.com,false,
2024-03-31 07:00:00,USA,PJM,US-MIDA-PJM,282.51,351.16,44.25,5.34,pjm.com,false,
2024-03-31 08:00:00,USA,PJM,US-MIDA-PJM,285.6,355.35,43.26,4.63,pjm.com,false,
2024-03-31 09:00:00,USA,PJM,US-MIDA-PJM,287.61,357.96,42.72,4.37,pjm.com,false,
2024-03-31 10:00:00,USA,PJM,US-MIDA-PJM,288.46,359.49,42.17,4.62,pjm.com,false,
2024-03-31 11:00:00,USA,PJM,US-MIDA-PJM,290.05,361.69,41.66,4.56,pjm.com,false,
2024-03-31 12:00:00,USA,PJM,US-MIDA-PJM,286.26,357.61,42.24,5.8,pjm.com,false,
2024-03-31 13:00:00,USA,PJM,US-MIDA-PJM,280.85,351.21,43.45,7.06,pjm.com,false,
2024-03-31 14:00:00,USA,PJM,US-MIDA-PJM,279.14,349.28,43.78,7.71,pjm.com,false,
2024-03-31 15:00:00,USA,PJM,US-MIDA-PJM,281.19,351.44,43.68,7.8,pjm.com,false,
2024-03-31 16:00:00,USA,PJM,US-MIDA-PJM,277.33,346.68,44.61,8.32,pjm.com,false,
2024-03-31 17:00:00,USA,PJM,US-MIDA-PJM,272.95,341.16,45.7,8.74,pjm.com,false,
2024-03-31 18:00:00,USA,PJM,US-MIDA-PJM,271.39,338.88,46.29,8.83,pjm.com,false,
2024-03-31 19:00:00,USA,PJM,US-MIDA-PJM,272.29,339.69,46.26,8.46,pjm.com,false,
2024-03-31 20:00:00,USA,PJM,US-MIDA-PJM,273.53,341.4,45.78,8.41,pjm.com,false,
2024-03-31 21:00:00,USA,PJM,US-MIDA-PJM,274.62,342.71,45.55,8.34,pjm.com,false,
2024-03-31 22:00:00,USA,PJM,US-MIDA-PJM,280.83,350.49,43.87,7.35,pjm.com,false,
2024-03-31 23:00:00,USA,PJM,US-MIDA-PJM,281.85,351.15,44.0,8.43,pjm.com,false,
2024-04-01 00:00:00,USA,PJM,US-MIDA-PJM,284.02,354.06,43.32,9.18,pjm.com,false,
2024-04-01 01:00:00,USA,PJM,US-MIDA-PJM,276.33,344.39,45.12,10.47,pjm.com,false,
2024-04-01 02:00:00,USA,PJM,US-MIDA-PJM,274.75,341.93,45.76,10.55,pjm.com,false,
2024-04-01 03:00:00,USA,PJM,US-MIDA-PJM,274.92,341.47,46.14,9.93,pjm.com,false,
2024-04-01 04:00:00,USA,PJM,US-MIDA-PJM,273.06,338.88,46.78,9.58,pjm.com,false,
2024-04-01 05:00:00,USA,PJM,US-MIDA-PJM,270.95,336.31,47.23,9.31,pjm.com,false,
2024-04-01 06:00:00,USA,PJM,US-MIDA-PJM,272.75,338.56,46.81,8.88,pjm.com,false,
2024-04-01 07:00:00,USA,PJM,US-MIDA-PJM,271.93,337.54,47.01,8.81,pjm.com,false,
2024-04-01 08:00:00,USA,PJM,US-MIDA-PJM,274.61,340.97,46.33,8.54,pjm.com,false,
2024-04-01 09:00:00,USA,PJM,US-MIDA-PJM,282.12,350.63,44.39,7.59,pjm.com,false,
2024-04-01 10:00:00,USA,PJM,US-MIDA-PJM,289.08,359.65,42.57,7.3,pjm.com,false,
2024-04-01 11:00:00,USA,PJM,US-MIDA-PJM,296.48,369.46,40.48,7.38,pjm.com,false,
2024-04-01 12:00:00,USA,PJM,US-MIDA-PJM,294.17,366.62,41.09,9.45,pjm.com,false,
2024-04-01 13:00:00,USA,PJM,US-MIDA-PJM,292.1,364.33,41.4,10.34,pjm.com,false,
2024-04-01 14:00:00,USA,PJM,US-MIDA-PJM,293.03,365.64,41.1,10.46,pjm.com,false,
2024-04-01 15:00:00,USA,PJM,US-MIDA-PJM,296.92,370.24,40.48,9.84,pjm.com,false,
2024-04-01 16:00:00,USA,PJM,US-MIDA-PJM,296.12,369.34,40.58,9.86,pjm.com,false,
2024-04-01 17:00:00,USA,PJM,US-MIDA-PJM,292.3,365.13,41.11,10.26,pjm.com,false,
2024-04-01 18:00:00,USA,PJM,US-MIDA-PJM,289.13,361.61,41.5,10.82,pjm.com,false,
2024-04-01 19:00:00,USA,PJM,US-MIDA-PJM,289.02,361.33,41.58,10.68,pjm.com,false,
2024-04-01 20:00:00,USA,PJM,US-MIDA-PJM,283.9,355.01,42.72,11.49,pjm.com,false,
2024-04-01 21:00:00,USA,PJM,US-MIDA-PJM,288.74,360.87,41.66,10.65,pjm.com,false,
2024-04-01 22:00:00,USA,PJM,US-MIDA-PJM,292.55,365.58,40.77,9.82,pjm.com,false,
2024-04-01 23:00:00,USA,PJM,US-MIDA-PJM,300.31,374.45,39.5,8.42,pjm.com,false,
2024-04-02 00:00:00,USA,PJM,US-MIDA-PJM,301.21,375.53,39.36,8.29,pjm.com,false,
2024-04-02 01:00:00,USA,PJM,US-MIDA-PJM,302.56,376.96,39.15,7.31,pjm.com,false,
2024-04-02 02:00:00,USA,PJM,US-MIDA-PJM,303.99,378.0,39.2,6.04,pjm.com,false,
2024-04-02 03:00:00,USA,PJM,US-MIDA-PJM,297.16,369.16,40.99,6.36,pjm.com,false,
2024-04-02 04:00:00,USA,PJM,US-MIDA-PJM,295.39,366.76,41.56,5.53,pjm.com,false,
2024-04-02 05:00:00,USA,PJM,US-MIDA-PJM,291.36,361.81,42.46,5.56,pjm.com,false,
2024-04-02 06:00:00,USA,PJM,US-MIDA-PJM,284.53,353.6,43.82,6.58,pjm.com,false,
2024-04-02 07:00:00,USA,PJM,US-MIDA-PJM,282.52,351.61,43.9,6.77,pjm.com,false,
2024-04-02 08:00:00,USA,PJM,US-MIDA-PJM,284.84,354.44,43.41,6.69,pjm.com,false,
2024-04-02 09:00:00,USA,PJM,US-MIDA-PJM,287.68,358.12,42.67,6.41,pjm.com,false,
2024-04-02 10:00:00,USA,PJM,US-MIDA-PJM,297.78,371.21,39.98,5.54,pjm.com,false,
2024-04-02 11:00:00,USA,PJM,US-MIDA-PJM,301.57,376.2,38.94,6.62,pjm.com,false,
2024-04-02 12:00:00,USA,PJM,US-MIDA-PJM,299.91,373.92,39.55,7.96,pjm.com,false,
2024-04-02 13:00:00,USA,PJM,US-MIDA-PJM,300.35,374.46,39.47,8.2,pjm.com,false,
2024-04-02 14:00:00,USA,PJM,US-MIDA-PJM,297.78,371.81,39.71,8.65,pjm.com,false,
2024-04-02 15:00:00,USA,PJM,US-MIDA-PJM,297.12,370.7,40.15,9.36,pjm.com,false,
2024-04-02 16:00:00,USA,PJM,US-MIDA-PJM,296.89,370.15,40.46,9.97,pjm.com,false,
2024-04-02 17:00:00,USA,PJM,US-MIDA-PJM,294.96,367.6,40.97,10.51,pjm.com,false,
2024-04-02 18:00:00,USA,PJM,US-MIDA-PJM,290.6,362.36,41.76,11.07,pjm.com,false,
2024-04-02 19:00:00,USA,PJM,US-MIDA-PJM,283.52,353.64,43.38,12.52,pjm.com,false,
2024-04-02 20:00:00,USA,PJM,US-MIDA-PJM,282.53,352.96,43.23,12.68,pjm.com,false,
2024-04-02 21:00:00,USA,PJM,US-MIDA-PJM,288.05,359.38,42.27,12.2,pjm.com,false,
2024-04-02 22:00:00,USA,PJM,US-MIDA-PJM,291.85,363.23,41.92,11.52,pjm.com,false,
2024-04-02 23:00:00,USA,PJM,US-MIDA-PJM,292.92,363.98,42.06,11.45,pjm.com,false,
2024-04-03 00:00:00,USA,PJM,US-MIDA-PJM,289.75,359.92,42.89,12.35,pjm.com,false,
2024-04-03 01:00:00,USA,PJM,US-MIDA-PJM,286.66,355.67,43.89,12.8,pjm.com,false,
2024-04-03 02:00:00,USA,PJM,US-MIDA-PJM,283.7,351.44,44.82,12.36,pjm.com,false,
2024-04-03 03:00:00,USA,PJM,US-MIDA-PJM,279.26,345.53,46.13,12.12,pjm.com,false,
2024-04-03 04:00:00,USA,PJM,US-MIDA-PJM,271.81,335.95,48.12,12.71,pjm.com,false,
2024-04-03 05:00:00,USA,PJM,US-MIDA-PJM,266.66,330.11,48.9,12.92,pjm.com,false,
2024-04-03 06:00:00,USA,PJM,US-MIDA-PJM,266.75,330.26,48.86,12.66,pjm.com,false,
2024-04-03 07:00:00,USA,PJM,US-MIDA-PJM,266.23,329.79,48.85,12.62,pjm.com,false,
2024-04-03 08:00:00,USA,PJM,US-MIDA-PJM,267.15,331.24,48.42,12.37,pjm.com,false,
2024-04-03 09:00:00,USA,PJM,US-MIDA-PJM,271.7,337.32,47.07,11.98,pjm.com,false,
2024-04-03 10:00:00,USA,PJM,US-MIDA-PJM,280.71,349.24,44.49,11.76,pjm.com,false,
2024-04-03 11:00:00,USA,PJM,US-MIDA-PJM,285.19,355.33,43.11,12.19,pjm.com,false,
2024-04-03 12:00:00,USA,PJM,US-MIDA-PJM,285.96,356.57,42.79,12.76,pjm.com,false,
2024-04-03 13:00:00,USA,PJM,US-MIDA-PJM,286.48,357.23,42.72,12.85,pjm.com,false,
2024-04-03 14:00:00,USA,PJM,US-MIDA-PJM,287.12,357.98,42.61,13.21,pjm.com,false,
2024-04-03 15:00:00,USA,PJM,US-MIDA-PJM,291.56,362.96,42.03,12.82,pjm.com,false,
2024-04-03 16:00:00,USA,PJM,US-MIDA-PJM,290.13,360.48,42.96,13.72,pjm.com,false,
2024-04-03 17:00:00,USA,PJM,US-MIDA-PJM,290.4,360.53,43.11,13.88,pjm.com,false,
2024-04-03 18:00:00,USA,PJM,US-MIDA-PJM,294.72,365.67,42.19,12.8,pjm.com,false,
2024-04-03 19:00:00,USA,PJM,US-MIDA-PJM,290.4,360.45,43.17,13.45,pjm.com,false,
2024-04-03 20:00:00,USA,PJM,US-MIDA-PJM,288.34,358.4,43.24,13.65,pjm.com,false,
2024-04-03 21:00:00,USA,PJM,US-MIDA-PJM,285.18,354.74,43.83,14.32,pjm.com,false,
2024-04-03 22:00:00,USA,PJM,US-MIDA-PJM,287.14,357.45,43.16,13.78,pjm.com,false,
2024-04-03 23:00:00,USA,PJM,US-MIDA-PJM,294.28,365.96,41.74,12.77,pjm.com,false,
2024-04-04 00:00:00,USA,PJM,US-MIDA-PJM,300.13,372.27,41.04,12.46,pjm.com,false,
2024-04-04 01:00:00,USA,PJM,US-MIDA-PJM,302.71,374.81,40.87,11.7,pjm.com,false,
2024-04-04 02:00:00,USA,PJM,US-MIDA-PJM,303.36,374.63,41.34,10.78,pjm.com,false,
2024-04-04 03:00:00,USA,PJM,US-MIDA-PJM,302.12,372.35,42.12,10.19,pjm.com,false,
2024-04-04 04:00:00,USA,PJM,US-MIDA-PJM,298.96,368.56,42.74,9.94,pjm.com,false,
2024-04-04 05:00:00,USA,PJM,US-MIDA-PJM,292.93,362.35,43.19,9.76,pjm.com,false,
2024-04-04 06:00:00,USA,PJM,US-MIDA-PJM,294.65,364.5,42.79,9.47,pjm.com,false,
2024-04-04 07:00:00,USA,PJM,US-MIDA-PJM,297.58,367.9,42.28,9.06,pjm.com,false,
2024-04-04 08:00:00,USA,PJM,US-MIDA-PJM,299.81,370.68,41.77,8.8,pjm.com,false,
2024-04-04 09:00:00,USA,PJM,US-MIDA-PJM,304.86,376.97,40.64,8.77,pjm.com,false,
2024-04-04 10:00:00,USA,PJM,US-MIDA-PJM,309.63,383.47,39.25,9.32,pjm.com,false,
2024-04-04 11:00:00,USA,PJM,US-MIDA-PJM,313.67,388.53,38.41,9.58,pjm.com,false,
2024-04-04 12:00:00,USA,PJM,US-MIDA-PJM,308.59,382.51,39.53,10.68,pjm.com,false,
2024-04-04 13:00:00,USA,PJM,US-MIDA-PJM,311.72,385.89,39.2,10.4,pjm.com,false,
2024-04-04 14:00:00,USA,PJM,US-MIDA-PJM,309.76,383.42,39.67,10.67,pjm.com,false,
2024-04-04 15:00:00,USA,PJM,US-MIDA-PJM,297.56,370.12,41.22,12.03,pjm.com,false,
2024-04-04 16:00:00,USA,PJM,US-MIDA-PJM,295.15,367.44,41.5,11.85,pjm.com,false,
2024-04-04 17:00:00,USA,PJM,US-MIDA-PJM,295.2,367.38,41.49,11.78,pjm.com,false,
2024-04-04 18:00:00,USA,PJM,US-MIDA-PJM,293.9,365.86,41.61,11.5,pjm.com,false,
2024-04-04 19:00:00,USA,PJM,US-MIDA-PJM,290.42,361.86,42.13,11.89,pjm.com,false,
2024-04-04 20:00:00,USA,PJM,US-MIDA-PJM,290.61,362.25,41.94,11.7,pjm.com,false,
2024-04-04 21:00:00,USA,PJM,US-MIDA-PJM,291.71,363.56,41.75,11.61,pjm.com,false,
2024-04-04 22:00:00,USA,PJM,US-MIDA-PJM,297.38,370.19,40.7,10.83,pjm.com,false,
2024-04-04 23:00:00,USA,PJM,US-MIDA-PJM,307.27,381.88,38.83,9.64,pjm.com,false,
2024-04-05 00:00:00,USA,PJM,US-MIDA-PJM,311.29,386.5,38.21,9.7,pjm.com,false,
2024-04-05 01:00:00,USA,PJM,US-MIDA-PJM,318.97,394.87,37.24,8.53,pjm.com,false,
2024-04-05 02:00:00,USA,PJM,US-MIDA-PJM,324.64,400.31,36.95,6.96,pjm.com,false,
2024-04-05 03:00:00,USA,PJM,US-MIDA-PJM,324.99,399.9,37.48,6.47,pjm.com,false,
2024-04-05 04:00:00,USA,PJM,US-MIDA-PJM,320.29,394.03,38.59,6.42,pjm.com,false,
2024-04-05 05:00:00,USA,PJM,US-MIDA-PJM,314.74,387.53,39.59,6.61,pjm.com,false,
2024-04-05 06:00:00,USA,PJM,US-MIDA-PJM,315.72,389.14,39.08,6.03,pjm.com,false,
2024-04-05 07:00:00,USA,PJM,US-MIDA-PJM,313.88,387.3,39.18,5.92,pjm.com,false,
2024-04-05 08:00:00,USA,PJM,US-MIDA-PJM,314.84,388.97,38.62,5.92,pjm.com,false,
2024-04-05 09:00:00,USA,PJM,US-MIDA-PJM,313.78,388.47,38.32,6.74,pjm.com,false,
2024-04-05 10:00:00,USA,PJM,US-MIDA-PJM,319.11,395.73,36.7,7.07,pjm.com,false,
2024-04-05 11:00:00,USA,PJM,US-MIDA-PJM,323.84,401.59,35.64,7.31,pjm.com,false,
2024-04-05 12:00:00,USA,PJM,US-MIDA-PJM,319.73,396.38,36.87,8.44,pjm.com,false,
2024-04-05 13:00:00,USA,PJM,US-MIDA-PJM,311.42,386.62,38.52,9.61,pjm.com,false,
2024-04-05 14:00:00,USA,PJM,US-MIDA-PJM,311.37,386.0,38.93,9.89,pjm.com,false,
2024-04-05 15:00:00,USA,PJM,US-MIDA-PJM,311.6,385.66,39.34,10.17,pjm.com,false,
2024-04-05 16:00:00,USA,PJM,US-MIDA-PJM,309.58,383.01,39.87,10.45,pjm.com,false,
2024-04-05 17:00:00,USA,PJM,US-MIDA-PJM,311.72,385.13,39.71,10.14,pjm.com,false,
2024-04-05 18:00:00,USA,PJM,US-MIDA-PJM,315.32,389.18,39.24,9.72,pjm.com,false,
2024-04-05 19:00:00,USA,PJM,US-MIDA-PJM,312.6,385.94,39.72,9.84,pjm.com,false,
2024-04-05 20:00:00,USA,PJM,US-MIDA-PJM,316.98,391.12,38.8,8.79,pjm.com,false,
2024-04-05 21:00:00,USA,PJM,US-MIDA-PJM,320.29,395.0,38.14,7.92,pjm.com,false,
2024-04-05 22:00:00,USA,PJM,US-MIDA-PJM,324.75,400.37,37.13,6.89,pjm.com,false,
2024-04-05 23:00:00,USA,PJM,US-MIDA-PJM,328.83,405.55,36.05,5.99,pjm.com,false,
2024-04-06 00:00:00,USA,PJM,US-MIDA-PJM,332.69,410.12,35.38,5.97,pjm.com,false,
2024-04-06 01:00:00,USA,PJM,US-MIDA-PJM,336.3,414.19,34.85,5.11,pjm.com,false,
2024-04-06 02:00:00,USA,PJM,US-MIDA-PJM,335.62,412.7,35.42,4.74,pjm.com,false,
2024-04-06 03:00:00,USA,PJM,US-MIDA-PJM,330.61,406.33,36.65,4.9,pjm.com,false,
2024-04-06 04:00:00,USA,PJM,US-MIDA-PJM,328.52,403.25,37.54,4.66,pjm.com,false,
2024-04-06 05:00:00,USA,PJM,US-MIDA-PJM,324.54,398.66,38.18,4.45,pjm.com,false,
2024-04-06 06:00:00,USA,PJM,US-MIDA-PJM,321.58,395.18,38.74,4.57,pjm.com,false,
2024-04-06 07:00:00,USA,PJM,US-MIDA-PJM,320.09,393.1,39.29,4.68,pjm.com,false,
2024-04-06 08:00:00,USA,PJM,US-MIDA-PJM,320.55,393.47,39.34,4.98,pjm.com,false,
2024-04-06 09:00:00,USA,PJM,US-MIDA-PJM,323.48,397.19,38.62,4.76,pjm.com,false,
2024-04-06 10:00:00,USA,PJM,US-MIDA-PJM,324.05,398.42,38.12,5.14,pjm.com,false,
2024-04-06 11:00:00,USA,PJM,US-MIDA-PJM,319.56,393.58,38.69,6.48,pjm.com,false,
2024-04-06 12:00:00,USA,PJM,US-MIDA-PJM,304.23,375.59,41.74,9.69,pjm.com,false,
2024-04-06 13:00:00,USA,PJM,US-MIDA-PJM,293.6,362.97,43.95,11.61,pjm.com,false,
2024-04-06 14:00:00,USA,PJM,US-MIDA-PJM,292.26,361.02,44.48,11.75,pjm.com,false,
2024-04-06 15:00:00,USA,PJM,US-MIDA-PJM,289.55,357.36,45.35,11.95,pjm.com,false,
2024-04-06 16:00:00,USA,PJM,US-MIDA-PJM,287.02,354.31,45.82,11.76,pjm.com,false,
2024-04-06 17:00:00,USA,PJM,US-MIDA-PJM,287.08,354.72,45.48,11.43,pjm.com,false,
2024-04-06 18:00:00,USA,PJM,US-MIDA-PJM,285.29,352.93,45.55,11.03,pjm.com,false,
2024-04-06 19:00:00,USA,PJM,US-MIDA-PJM,286.08,353.91,45.32,10.59,pjm.com,false,
2024-04-06 20:00:00,USA,PJM,US-MIDA-PJM,287.99,356.3,44.84,10.52,pjm.com,false,
2024-04-06 21:00:00,USA,PJM,US-MIDA-PJM,291.64,360.46,44.21,9.98,pjm.com,false,
2024-04-06 22:00:00,USA,PJM,US-MIDA-PJM,297.16,367.31,42.82,8.74,pjm.com,false,
2024-04-06 23:00:00,USA,PJM,US-MIDA-PJM,303.46,374.5,41.75,8.29,pjm.com,false,
2024-04-07 00:00:00,USA,PJM,US-MIDA-PJM,314.4,386.1,40.64,8.35,pjm.com,false,
2024-04-07 01:00:00,USA,PJM,US-MIDA-PJM,312.8,383.67,41.3,8.87,pjm.com,false,
2024-04-07 02:00:00,USA,PJM,US-MIDA-PJM,314.19,384.44,41.62,8.7,pjm.com,false,
2024-04-07 03:00:00,USA,PJM,US-MIDA-PJM,312.18,381.81,42.12,8.63,pjm.com,false,
2024-04-07 04:00:00,USA,PJM,US-MIDA-PJM,310.41,378.74,43.13,8.94,pjm.com,false,
2024-04-07 05:00:00,USA,PJM,US-MIDA-PJM,312.37,380.18,43.41,8.82,pjm.com,false,
2024-04-07 06:00:00,USA,PJM,US-MIDA-PJM,315.13,382.94,43.27,8.52,pjm.com,false,
2024-04-07 07:00:00,USA,PJM,US-MIDA-PJM,313.88,381.22,43.72,8.95,pjm.com,false,
2024-04-07 08:00:00,USA,PJM,US-MIDA-PJM,310.78,377.91,44.04,9.56,pjm.com,false,
2024-04-07 09:00:00,USA,PJM,US-MIDA-PJM,311.13,378.76,43.71,9.73,pjm.com,false,
2024-04-07 10:00:00,USA,PJM,US-MIDA-PJM,313.75,382.65,42.66,9.63,pjm.com,false,
2024-04-07 11:00:00,USA,PJM,US-MIDA-PJM,311.19,380.77,42.41,10.26,pjm.com,false,
2024-04-07 12:00:00,USA,PJM,US-MIDA-PJM,294.17,360.56,45.98,13.83,pjm.com,false,
2024-04-07 13:00:00,USA,PJM,US-MIDA-PJM,275.72,338.7,49.68,16.96,pjm.com,false,
2024-04-07 14:00:00,USA,PJM,US-MIDA-PJM,266.29,328.41,50.83,17.88,pjm.com,false,
2024-04-07 15:00:00,USA,PJM,US-MIDA-PJM,257.59,318.81,51.98,18.65,pjm.com,false,
2024-04-07 16:00:00,USA,PJM,US-MIDA-PJM,252.61,312.93,52.94,19.01,pjm.com,false,
2024-04-07 17:00:00,USA,PJM,US-MIDA-PJM,249.22,308.36,54.0,19.54,pjm.com,false,
2024-04-07 18:00:00,USA,PJM,US-MIDA-PJM,251.86,311.25,53.67,19.05,pjm.com,false,
2024-04-07 19:00:00,USA,PJM,US-MIDA-PJM,252.11,311.3,53.79,19.08,pjm.com,false,
2024-04-07 20:00:00,USA,PJM,US-MIDA-PJM,256.8,317.53,52.36,18.47,pjm.com,false,
2024-04-07 21:00:00,USA,PJM,US-MIDA-PJM,265.13,327.81,50.41,17.27,pjm.com,false,
2024-04-07 22:00:00,USA,PJM,US-MIDA-PJM,283.93,350.29,46.44,13.89,pjm.com,false,
2024-04-07 23:00:00,USA,PJM,US-MIDA-PJM,300.39,369.48,43.42,11.62,pjm.com,false,
2024-04-08 00:00:00,USA,PJM,US-MIDA-PJM,307.41,377.42,42.37,11.5,pjm.com,false,
2024-04-08 01:00:00,USA,PJM,US-MIDA-PJM,302.34,371.7,43.09,11.7,pjm.com,false,
2024-04-08 02:00:00,USA,PJM,US-MIDA-PJM,304.63,373.87,42.97,10.73,pjm.com,false,
2024-04-08 03:00:00,USA,PJM,US-MIDA-PJM,305.1,373.46,43.6,9.83,pjm.com,false,
2024-04-08 04:00:00,USA,PJM,US-MIDA-PJM,299.98,367.08,44.66,9.85,pjm.com,false,
2024-04-08 05:00:00,USA,PJM,US-MIDA-PJM,297.02,363.93,44.92,9.94,pjm.com,false,
2024-04-08 06:00:00,USA,PJM,US-MIDA-PJM,294.47,361.29,45.11,9.85,pjm.com,false,
2024-04-08 07:00:00,USA,PJM,US-MIDA-PJM,296.02,363.23,44.74,9.5,pjm.com,false,
2024-04-08 08:00:00,USA,PJM,US-MIDA-PJM,299.01,366.97,44.08,9.4,pjm.com,false,
2024-04-08 09:00:00,USA,PJM,US-MIDA-PJM,303.92,373.08,43.05,10.11,pjm.com,false,
2024-04-08 10:00:00,USA,PJM,US-MIDA-PJM,310.02,381.02,41.44,10.68,pjm.com,false,
2024-04-08 11:00:00,USA,PJM,US-MIDA-PJM,312.45,384.02,40.99,11.55,pjm.com,false,
2024-04-08 12:00:00,USA,PJM,US-MIDA-PJM,304.19,374.69,42.39,12.87,pjm.com,false,
2024-04-08 13:00:00,USA,PJM,US-MIDA-PJM,301.8,371.86,43.04,12.78,pjm.com,false,
2024-04-08 14:00:00,USA,PJM,US-MIDA-PJM,302.47,372.34,43.25,12.34,pjm.com,false,
2024-04-08 15:00:00,USA,PJM,US-MIDA-PJM,297.57,366.79,43.99,12.89,pjm.com,false,
2024-04-08 16:00:00,USA,PJM,US-MIDA-PJM,292.88,361.4,44.73,13.57,pjm.com,false,
2024-04-08 17:00:00,USA,PJM,US-MIDA-PJM,287.57,354.96,45.84,14.5,pjm.com,false,
2024-04-08 18:00:00,USA,PJM,US-MIDA-PJM,296.85,366.22,43.97,12.97,pjm.com,false,
2024-04-08 19:00:00,USA,PJM,US-MIDA-PJM,324.56,399.16,38.79,8.36,pjm.com,false,
2024-04-08 20:00:00,USA,PJM,US-MIDA-PJM,310.74,382.37,42.73,11.54,pjm.com,false,
2024-04-08 21:00:00,USA,PJM,US-MIDA-PJM,303.64,373.84,43.25,12.44,pjm.com,false,
2024-04-08 22:00:00,USA,PJM,US-MIDA-PJM,316.05,388.58,40.51,10.08,pjm.com,false,
2024-04-08 23:00:00,USA,PJM,US-MIDA-PJM,329.25,403.74,38.18,8.0,pjm.com,false,
2024-04-09 00:00:00,USA,PJM,US-MIDA-PJM,337.25,412.46,37.15,7.61,pjm.com,false,
2024-04-09 01:00:00,USA,PJM,US-MIDA-PJM,334.94,409.67,37.47,7.26,pjm.com,false,
2024-04-09 02:00:00,USA,PJM,US-MIDA-PJM,324.04,396.87,39.34,7.46,pjm.com,false,
2024-04-09 03:00:00,USA,PJM,US-MIDA-PJM,312.45,382.14,42.12,7.99,pjm.com,false,
2024-04-09 04:00:00,USA,PJM,US-MIDA-PJM,310.26,378.13,43.5,8.1,pjm.com,false,
2024-04-09 05:00:00,USA,PJM,US-MIDA-PJM,313.59,380.86,43.79,8.04,pjm.com,false,
2024-04-09 06:00:00,USA,PJM,US-MIDA-PJM,308.39,375.05,44.5,8.6,pjm.com,false,
2024-04-09 07:00:00,USA,PJM,US-MIDA-PJM,304.54,371.34,44.6,8.56,pjm.com,false,
2024-04-09 08:00:00,USA,PJM,US-MIDA-PJM,312.22,380.62,43.02,7.54,pjm.com,false,
2024-04-09 09:00:00,USA,PJM,US-MIDA-PJM,322.24,392.27,41.32,7.12,pjm.com,false,
2024-04-09 10:00:00,USA,PJM,US-MIDA-PJM,326.67,398.76,39.66,7.63,pjm.com,false,
2024-04-09 11:00:00,USA,PJM,US-MIDA-PJM,325.74,398.86,39.07,8.67,pjm.com,false,
2024-04-09 12:00:00,USA,PJM,US-MIDA-PJM,319.27,391.68,40.02,9.64,pjm.com,false,
2024-04-09 13:00:00,USA,PJM,US-MIDA-PJM,320.11,392.37,40.19,9.16,pjm.com,false,
2024-04-09 14:00:00,USA,PJM,US-MIDA-PJM,317.72,389.42,40.78,9.41,pjm.com,false,
2024-04-09 15:00:00,USA,PJM,US-MIDA-PJM,316.51,387.54,41.37,9.64,pjm.com,false,
2024-04-09 16:00:00,USA,PJM,US-MIDA-PJM,316.23,387.5,41.2,9.61,pjm.com,false,
2024-04-09 17:00:00,USA,PJM,US-MIDA-PJM,314.83,386.28,41.16,9.82,pjm.com,false,
2024-04-09 18:00:00,USA,PJM,US-MIDA-PJM,317.07,387.89,41.51,10.06,pjm.com,false,
2024-04-09 19:00:00,USA,PJM,US-MIDA-PJM,318.1,389.42,41.01,9.53,pjm.com,false,
2024-04-09 20:00:00,USA,PJM,US-MIDA-PJM,323.3,395.37,40.15,8.97,pjm.com,false,
2024-04-09 21:00:00,USA,PJM,US-MIDA-PJM,325.2,398.16,39.43,8.75,pjm.com,false,
2024-04-09 22:00:00,USA,PJM,US-MIDA-PJM,326.98,400.88,38.58,8.11,pjm.com,false,
2024-04-09 23:00:00,USA,PJM,US-MIDA-PJM,329.88,404.81,37.6,7.33,pjm.com,false,
2024-04-10 00:00:00,USA,PJM,US-MIDA-PJM,335.79,411.18,36.95,7.15,pjm.com,false,
2024-04-10 01:00:00,USA,PJM,US-MIDA-PJM,335.5,410.4,37.26,6.95,pjm.com,false,
2024-04-10 02:00:00,USA,PJM,US-MIDA-PJM,336.2,410.34,37.66,5.88,pjm.com,false,
2024-04-10 03:00:00,USA,PJM,US-MIDA-PJM,333.7,406.57,38.65,4.88,pjm.com,false,
2024-04-10 04:00:00,USA,PJM,US-MIDA-PJM,325.53,397.21,39.95,4.26,pjm.com,false,
2024-04-10 05:00:00,USA,PJM,US-MIDA-PJM,319.05,390.14,40.72,4.03,pjm.com,false,
2024-04-10 06:00:00,USA,PJM,US-MIDA-PJM,315.75,386.56,41.12,3.87,pjm.com,false,
2024-04-10 07:00:00,USA,PJM,US-MIDA-PJM,312.51,383.4,41.23,3.75,pjm.com,false,
2024-04-10 08:00:00,USA,PJM,US-MIDA-PJM,313.57,385.19,40.65,3.52,pjm.com,false,
2024-04-10 09:00:00,USA,PJM,US-MIDA-PJM,318.9,391.42,39.7,3.56,pjm.com,false,
2024-04-10 10:00:00,USA,PJM,US-MIDA-PJM,327.0,401.98,37.49,3.63,pjm.com,false,
2024-04-10 11:00:00,USA,PJM,US-MIDA-PJM,329.74,405.84,36.55,3.99,pjm.com,false,
2024-04-10 12:00:00,USA,PJM,US-MIDA-PJM,330.07,406.56,36.29,4.36,pjm.com,false,
2024-04-10 13:00:00,USA,PJM,US-MIDA-PJM,330.36,406.5,36.61,4.81,pjm.com,false,
2024-04-10 14:00:00,USA,PJM,US-MIDA-PJM,325.45,400.8,37.58,5.77,pjm.com,false,
2024-04-10 15:00:00,USA,PJM,US-MIDA-PJM,319.71,394.04,38.74,7.11,pjm.com,false,
2024-04-10 16:00:00,USA,PJM,US-MIDA-PJM,319.65,394.35,38.48,7.07,pjm.com,false,
2024-04-10 17:00:00,USA,PJM,US-MIDA-PJM,319.36,393.54,38.93,7.37,pjm.com,false,
2024-04-10 18:00:00,USA,PJM,US-MIDA-PJM,319.47,393.37,39.19,7.54,pjm.com,false,
2024-04-10 19:00:00,USA,PJM,US-MIDA-PJM,323.49,398.3,38.22,6.91,pjm.com,false,
2024-04-10 20:00:00,USA,PJM,US-MIDA-PJM,324.81,399.99,37.86,6.78,pjm.com,false,
2024-04-10 21:00:00,USA,PJM,US-MIDA-PJM,326.19,401.54,37.59,6.78,pjm.com,false,
2024-04-10 22:00:00,USA,PJM,US-MIDA-PJM,327.28,402.71,37.64,6.76,pjm.com,false,
2024-04-10 23:00:00,USA,PJM,US-MIDA-PJM,327.07,402.76,37.38,6.79,pjm.com,false,
2024-04-11 00:00:00,USA,PJM,US-MIDA-PJM,327.56,402.88,37.62,7.46,pjm.com,false,
2024-04-11 01:00:00,USA,PJM,US-MIDA-PJM,326.79,400.92,38.49,7.7,pjm.com,false,
2024-04-11 02:00:00,USA,PJM,US-MIDA-PJM,320.02,391.7,40.4,7.67,pjm.com,false,
2024-04-11 03:00:00,USA,PJM,US-MIDA-PJM,317.64,387.57,41.75,6.89,pjm.com,false,
2024-04-11 04:00:00,USA,PJM,US-MIDA-PJM,314.24,382.63,43.04,6.68,pjm.com,false,
2024-04-11 05:00:00,USA,PJM,US-MIDA-PJM,314.72,383.38,42.8,6.53,pjm.com,false,
2024-04-11 06:00:00,USA,PJM,US-MIDA-PJM,308.53,376.23,43.82,6.98,pjm.com,false,
2024-04-11 07:00:00,USA,PJM,US-MIDA-PJM,306.23,373.78,44.04,7.02,pjm.com,false,
2024-04-11 08:00:00,USA,PJM,US-MIDA-PJM,307.62,375.41,43.82,6.97,pjm.com,false,
2024-04-11 09:00:00,USA,PJM,US-MIDA-PJM,310.49,379.41,42.86,6.77,pjm.com,false,
2024-04-11 10:00:00,USA,PJM,US-MIDA-PJM,313.53,384.76,41.04,6.94,pjm.com,false,
2024-04-11 11:00:00,USA,PJM,US-MIDA-PJM,314.44,386.91,40.12,7.74,pjm.com,false,
2024-04-11 12:00:00,USA,PJM,US-MIDA-PJM,319.45,392.96,39.1,7.68,pjm.com,false,
2024-04-11 13:00:00,USA,PJM,US-MIDA-PJM,320.0,393.46,39.08,7.98,pjm.com,false,
2024-04-11 14:00:00,USA,PJM,US-MIDA-PJM,319.94,393.72,38.93,8.09,pjm.com,false,
2024-04-11 15:00:00,USA,PJM,US-MIDA-PJM,321.32,394.89,39.01,8.33,pjm.com,false,
2024-04-11 16:00:00,USA,PJM,US-MIDA-PJM,316.01,388.47,40.17,9.26,pjm.com,false,
2024-04-11 17:00:00,USA,PJM,US-MIDA-PJM,306.42,377.81,41.47,10.3,pjm.com,false,
2024-04-11 18:00:00,USA,PJM,US-MIDA-PJM,305.85,376.82,41.79,10.1,pjm.com,false,
2024-04-11 19:00:00,USA,PJM,US-MIDA-PJM,308.86,380.25,41.32,9.86,pjm.com,false,
2024-04-11 20:00:00,USA,PJM,US-MIDA-PJM,307.56,378.84,41.46,9.99,pjm.com,false,
2024-04-11 21:00:00,USA,PJM,US-MIDA-PJM,307.29,378.5,41.48,10.22,pjm.com,false,
2024-04-11 22:00:00,USA,PJM,US-MIDA-PJM,302.79,373.23,42.29,11.25,pjm.com,false,
2024-04-11 23:00:00,USA,PJM,US-MIDA-PJM,300.11,369.92,42.86,12.04,pjm.com,false,
2024-04-12 00:00:00,USA,PJM,US-MIDA-PJM,304.89,375.12,42.29,11.73,pjm.com,false,
2024-04-12 01:00:00,USA,PJM,US-MIDA-PJM,305.4,375.07,42.6,11.3,pjm.com,false,
2024-04-12 02:00:00,USA,PJM,US-MIDA-PJM,296.8,363.68,45.02,12.03,pjm.com,false,
2024-04-12 03:00:00,USA,PJM,US-MIDA-PJM,288.75,353.59,46.91,12.26,pjm.com,false,
2024-04-12 04:00:00,USA,PJM,US-MIDA-PJM,279.7,342.43,48.9,12.27,pjm.com,false,
2024-04-12 05:00:00,USA,PJM,US-MIDA-PJM,277.12,339.36,49.35,12.38,pjm.com,false,
2024-04-12 06:00:00,USA,PJM,US-MIDA-PJM,275.54,337.45,49.64,12.51,pjm.com,false,
2024-04-12 07:00:00,USA,PJM,US-MIDA-PJM,271.21,332.53,50.27,12.68,pjm.com,false,
2024-04-12 08:00:00,USA,PJM,US-MIDA-PJM,271.22,332.74,50.14,12.67,pjm.com,false,
2024-04-12 09:00:00,USA,PJM,US-MIDA-PJM,276.72,339.53,48.93,12.3,pjm.com,false,
2024-04-12 10:00:00,USA,PJM,US-MIDA-PJM,281.32,345.74,47.6,13.05,pjm.com,false,
2024-04-12 11:00:00,USA,PJM,US-MIDA-PJM,288.79,355.09,45.86,13.2,pjm.com,false,
2024-04-12 12:00:00,USA,PJM,US-MIDA-PJM,283.25,349.13,46.63,14.56,pjm.com,false,
2024-04-12 13:00:00,USA,PJM,US-MIDA-PJM,276.64,340.83,48.39,16.51,pjm.com,false,
2024-04-12 14:00:00,USA,PJM,US-MIDA-PJM,274.49,338.22,48.9,17.34,pjm.com,false,
2024-04-12 15:00:00,USA,PJM,US-MIDA-PJM,275.46,339.53,48.55,17.06,pjm.com,false,
2024-04-12 16:00:00,USA,PJM,US-MIDA-PJM,273.04,336.49,49.19,17.5,pjm.com,false,
2024-04-12 17:00:00,USA,PJM,US-MIDA-PJM,272.11,335.14,49.52,17.64,pjm.com,false,
2024-04-12 18:00:00,USA,PJM,US-MIDA-PJM,269.81,332.29,50.04,17.73,pjm.com,false,
2024-04-12 19:00:00,USA,PJM,US-MIDA-PJM,269.74,332.07,50.14,17.8,pjm.com,false,
2024-04-12 20:00:00,USA,PJM,US-MIDA-PJM,271.54,334.34,49.61,17.24,pjm.com,false,
2024-04-12 21:00:00,USA,PJM,US-MIDA-PJM,272.98,336.13,49.25,16.81,pjm.com,false,
2024-04-12 22:00:00,USA,PJM,US-MIDA-PJM,278.61,343.04,47.92,15.68,pjm.com,false,
2024-04-12 23:00:00,USA,PJM,US-MIDA-PJM,285.71,351.58,46.36,14.19,pjm.com,false,
2024-04-13 00:00:00,USA,PJM,US-MIDA-PJM,294.87,362.48,44.56,12.85,pjm.com,false,
2024-04-13 01:00:00,USA,PJM,US-MIDA-PJM,298.96,367.28,43.82,11.52,pjm.com,false,
2024-04-13 02:00:00,USA,PJM,US-MIDA-PJM,303.12,371.25,43.7,10.34,pjm.com,false,
2024-04-13 03:00:00,USA,PJM,US-MIDA-PJM,299.81,365.92,45.33,10.48,pjm.com,false,
2024-04-13 04:00:00,USA,PJM,US-MIDA-PJM,289.76,353.22,47.83,11.62,pjm.com,false,
2024-04-13 05:00:00,USA,PJM,US-MIDA-PJM,288.65,352.8,47.38,11.34,pjm.com,false,
2024-04-13 06:00:00,USA,PJM,US-MIDA-PJM,284.43,348.14,47.92,11.37,pjm.com,false,
2024-04-13 07:00:00,USA,PJM,US-MIDA-PJM,282.63,346.34,48.04,10.94,pjm.com,false,
2024-04-13 08:00:00,USA,PJM,US-MIDA-PJM,284.73,349.28,47.33,10.22,pjm.com,false,
2024-04-13 09:00:00,USA,PJM,US-MIDA-PJM,289.9,355.63,46.19,9.17,pjm.com,false,
2024-04-13 10:00:00,USA,PJM,US-MIDA-PJM,297.61,365.09,44.56,8.35,pjm.com,false,
2024-04-13 11:00:00,USA,PJM,US-MIDA-PJM,303.95,372.73,43.5,8.44,pjm.com,false,
2024-04-13 12:00:00,USA,PJM,US-MIDA-PJM,296.48,364.3,44.87,10.32,pjm.com,false,
2024-04-13 13:00:00,USA,PJM,US-MIDA-PJM,290.16,356.91,46.19,11.95,pjm.com,false,
2024-04-13 14:00:00,USA,PJM,US-MIDA-PJM,280.54,345.4,48.26,13.65,pjm.com,false,
2024-04-13 15:00:00,USA,PJM,US-MIDA-PJM,274.72,338.79,49.2,14.38,pjm.com,false,
2024-04-13 16:00:00,USA,PJM,US-MIDA-PJM,266.64,329.06,50.8,15.66,pjm.com,false,
2024-04-13 17:00:00,USA,PJM,US-MIDA-PJM,262.25,323.41,51.87,16.48,pjm.com,false,
2024-04-13 18:00:00,USA,PJM,US-MIDA-PJM,257.39,317.65,52.8,17.08,pjm.com,false,
2024-04-13 19:00:00,USA,PJM,US-MIDA-PJM,254.27,314.27,53.14,17.38,pjm.com,false,
2024-04-13 20:00:00,USA,PJM,US-MIDA-PJM,252.74,312.5,53.42,17.82,pjm.com,false,
2024-04-13 21:00:00,USA,PJM,US-MIDA-PJM,252.28,312.31,53.18,17.98,pjm.com,false,
2024-04-13 22:00:00,USA,PJM,US-MIDA-PJM,263.93,326.68,50.28,15.84,pjm.com,false,
2024-04-13 23:00:00,USA,PJM,US-MIDA-PJM,280.81,346.6,46.82,12.94,pjm.com,false,
2024-04-14 00:00:00,USA,PJM,US-MIDA-PJM,288.68,355.39,45.67,12.71,pjm.com,false,
2024-04-14 01:00:00,USA,PJM,US-MIDA-PJM,287.11,352.75,46.53,13.64,pjm.com,false,
2024-04-14 02:00:00,USA,PJM,US-MIDA-PJM,282.25,346.69,47.55,13.7,pjm.com,false,
2024-04-14 03:00:00,USA,PJM,US-MIDA-PJM,275.92,339.49,48.43,13.1,pjm.com,false,
2024-04-14 04:00:00,USA,PJM,US-MIDA-PJM,272.14,334.21,49.79,13.17,pjm.com,false,
2024-04-14 05:00:00,USA,PJM,US-MIDA-PJM,272.31,334.45,49.75,12.88,pjm.com,false,
2024-04-14 06:00:00,USA,PJM,US-MIDA-PJM,269.23,330.98,50.18,13.15,pjm.com,false,
2024-04-14 07:00:00,USA,PJM,US-MIDA-PJM,266.13,327.44,50.67,13.29,pjm.com,false,
2024-04-14 08:00:00,USA,PJM,US-MIDA-PJM,266.07,327.78,50.37,12.98,pjm.com,false,
2024-04-14 09:00:00,USA,PJM,US-MIDA-PJM,268.85,331.22,49.76,12.71,pjm.com,false,
2024-04-14 10:00:00,USA,PJM,US-MIDA-PJM,272.85,335.67,49.23,12.56,pjm.com,false,
2024-04-14 11:00:00,USA,PJM,US-MIDA-PJM,271.41,333.58,49.9,13.9,pjm.com,false,
2024-04-14 12:00:00,USA,PJM,US-MIDA-PJM,259.58,319.39,52.65,17.18,pjm.com,false,
2024-04-14 13:00:00,USA,PJM,US-MIDA-PJM,247.35,305.58,54.68,19.37,pjm.com,false,
2024-04-14 14:00:00,USA,PJM,US-MIDA-PJM,244.97,302.78,55.14,20.19,pjm.com,false,
2024-04-14 15:00:00,USA,PJM,US-MIDA-PJM,244.53,302.13,55.36,20.46,pjm.com,false,
2024-04-14 16:00:00,USA,PJM,US-MIDA-PJM,252.99,312.5,53.51,19.05,pjm.com,false,
2024-04-14 17:00:00,USA,PJM,US-MIDA-PJM,259.85,321.28,51.75,17.78,pjm.com,false,
2024-04-14 18:00:00,USA,PJM,US-MIDA-PJM,264.54,326.61,51.04,17.12,pjm.com,false,
2024-04-14 19:00:00,USA,PJM,US-MIDA-PJM,270.95,334.08,49.89,16.49,pjm.com,false,
2024-04-14 20:00:00,USA,PJM,US-MIDA-PJM,270.96,334.44,49.59,16.73,pjm.com,false,
2024-04-14 21:00:00,USA,PJM,US-MIDA-PJM,278.7,344.07,47.69,15.99,pjm.com,false,
2024-04-14 22:00:00,USA,PJM,US-MIDA-PJM,292.53,360.57,44.8,14.07,pjm.com,false,
2024-04-14 23:00:00,USA,PJM,US-MIDA-PJM,307.66,378.4,41.84,11.16,pjm.com,false,
2024-04-15 00:00:00,USA,PJM,US-MIDA-PJM,319.69,392.79,39.63,9.38,pjm.com,false,
2024-04-15 01:00:00,USA,PJM,US-MIDA-PJM,326.71,400.64,38.84,8.19,pjm.com,false,
2024-04-15 02:00:00,USA,PJM,US-MIDA-PJM,328.9,401.89,39.01,6.77,pjm.com,false,
2024-04-15 03:00:00,USA,PJM,US-MIDA-PJM,332.54,404.78,39.3,5.49,pjm.com,false,
2024-04-15 04:00:00,USA,PJM,US-MIDA-PJM,317.9,387.1,42.27,6.59,pjm.com,false,
2024-04-15 05:00:00,USA,PJM,US-MIDA-PJM,306.43,373.81,44.14,6.84,pjm.com,false,
2024-04-15 06:00:00,USA,PJM,US-MIDA-PJM,299.92,366.94,44.76,7.25,pjm.com,false,
2024-04-15 07:00:00,USA,PJM,US-MIDA-PJM,294.02,360.41,45.62,8.03,pjm.com,false,
2024-04-15 08:00:00,USA,PJM,US-MIDA-PJM,294.84,361.62,45.35,8.32,pjm.com,false,
2024-04-15 09:00:00,USA,PJM,US-MIDA-PJM,299.68,368.07,43.94,8.15,pjm.com,false,
2024-04-15 10:00:00,USA,PJM,US-MIDA-PJM,313.8,385.01,41.15,7.76,pjm.com,false,
2024-04-15 11:00:00,USA,PJM,US-MIDA-PJM,319.76,391.73,40.37,8.19,pjm.com,false,
2024-04-15 12:00:00,USA,PJM,US-MIDA-PJM,312.17,382.58,42.22,10.52,pjm.com,false,
2024-04-15 13:00:00,USA,PJM,US-MIDA-PJM,307.67,377.8,42.89,11.59,pjm.com,false,
2024-04-15 14:00:00,USA,PJM,US-MIDA-PJM,306.6,377.02,42.85,12.11,pjm.com,false,
2024-04-15 15:00:00,USA,PJM,US-MIDA-PJM,309.47,380.54,42.25,12.23,pjm.com,false,
2024-04-15 16:00:00,USA,PJM,US-MIDA-PJM,310.63,381.64,42.21,12.53,pjm.com,false,
2024-04-15 17:00:00,USA,PJM,US-MIDA-PJM,316.1,388.21,41.12,11.9,pjm.com,false,
2024-04-15 18:00:00,USA,PJM,US-MIDA-PJM,320.69,393.6,40.37,11.65,pjm.com,false,
2024-04-15 19:00:00,USA,PJM,US-MIDA-PJM,320.57,393.65,40.31,12.11,pjm.com,false,
2024-04-15 20:00:00,USA,PJM,US-MIDA-PJM,321.31,395.2,39.72,12.06,pjm.com,false,
2024-04-15 21:00:00,USA,PJM,US-MIDA-PJM,325.86,401.14,38.36,11.08,pjm.com,false,
2024-04-15 22:00:00,USA,PJM,US-MIDA-PJM,337.83,415.49,35.97,8.92,pjm.com,false,
2024-04-15 23:00:00,USA,PJM,US-MIDA-PJM,350.66,430.85,33.81,6.69,pjm.com,false,
2024-04-16 00:00:00,USA,PJM,US-MIDA-PJM,352.38,432.32,33.92,6.68,pjm.com,false,
2024-04-16 01:00:00,USA,PJM,US-MIDA-PJM,346.45,424.01,35.58,7.76,pjm.com,false,
2024-04-16 02:00:00,USA,PJM,US-MIDA-PJM,337.62,411.38,38.12,8.18,pjm.com,false,
2024-04-16 03:00:00,USA,PJM,US-MIDA-PJM,332.98,403.93,40.46,8.29,pjm.com,false,
2024-04-16 04:00:00,USA,PJM,US-MIDA-PJM,325.25,394.06,42.47,8.74,pjm.com,false,
2024-04-16 05:00:00,USA,PJM,US-MIDA-PJM,315.25,383.2,43.63,9.3,pjm.com,false,
2024-04-16 06:00:00,USA,PJM,US-MIDA-PJM,309.28,376.9,44.15,9.33,pjm.com,false,
2024-04-16 07:00:00,USA,PJM,US-MIDA-PJM,305.95,373.11,44.67,9.22,pjm.com,false,
2024-04-16 08:00:00,USA,PJM,US-MIDA-PJM,303.3,370.52,44.78,9.34,pjm.com,false,
2024-04-16 09:00:00,USA,PJM,US-MIDA-PJM,307.37,375.32,44.07,9.45,pjm.com,false,
2024-04-16 10:00:00,USA,PJM,US-MIDA-PJM,310.06,378.79,43.44,10.68,pjm.com,false,
2024-04-16 11:00:00,USA,PJM,US-MIDA-PJM,311.68,381.07,42.9,11.63,pjm.com,false,
2024-04-16 12:00:00,USA,PJM,US-MIDA-PJM,301.04,368.72,44.96,13.99,pjm.com,false,
2024-04-16 13:00:00,USA,PJM,US-MIDA-PJM,296.63,363.72,45.77,14.76,pjm.com,false,
2024-04-16 14:00:00,USA,PJM,US-MIDA-PJM,296.11,363.55,45.58,14.77,pjm.com,false,
2024-04-16 15:00:00,USA,PJM,US-MIDA-PJM,299.82,367.61,45.12,14.9,pjm.com,false,
2024-04-16 16:00:00,USA,PJM,US-MIDA-PJM,302.05,369.93,44.99,15.21,pjm.com,false,
2024-04-16 17:00:00,USA,PJM,US-MIDA-PJM,304.48,372.52,44.71,15.31,pjm.com,false,
2024-04-16 18:00:00,USA,PJM,US-MIDA-PJM,303.91,372.1,44.61,15.53,pjm.com,false,
2024-04-16 19:00:00,USA,PJM,US-MIDA-PJM,301.5,369.56,44.82,16.2,pjm.com,false,
2024-04-16 20:00:00,USA,PJM,US-MIDA-PJM,300.47,368.94,44.6,16.45,pjm.com,false,
2024-04-16 21:00:00,USA,PJM,US-MIDA-PJM,307.46,377.02,43.44,15.97,pjm.com,false,
2024-04-16 22:00:00,USA,PJM,US-MIDA-PJM,322.39,395.22,40.36,13.18,pjm.com,false,
2024-04-16 23:00:00,USA,PJM,US-MIDA-PJM,332.2,407.03,38.79,11.32,pjm.com,false,
2024-04-17 00:00:00,USA,PJM,US-MIDA-PJM,333.23,408.33,38.42,11.13,pjm.com,false,
2024-04-17 01:00:00,USA,PJM,US-MIDA-PJM,331.64,405.61,38.81,11.02,pjm.com,false,
2024-04-17 02:00:00,USA,PJM,US-MIDA-PJM,328.04,399.78,40.24,10.87,pjm.com,false,
2024-04-17 03:00:00,USA,PJM,US-MIDA-PJM,328.88,399.34,41.07,9.48,pjm.com,false,
2024-04-17 04:00:00,USA,PJM,US-MIDA-PJM,320.16,388.1,43.35,10.21,pjm.com,false,
2024-04-17 05:00:00,USA,PJM,US-MIDA-PJM,310.13,377.49,44.28,10.59,pjm.com,false,
2024-04-17 06:00:00,USA,PJM,US-MIDA-PJM,303.58,370.04,45.32,11.0,pjm.com,false,
2024-04-17 07:00:00,USA,PJM,US-MIDA-PJM,297.48,363.2,46.21,11.26,pjm.com,false,
2024-04-17 08:00:00,USA,PJM,US-MIDA-PJM,295.66,361.05,46.54,11.61,pjm.com,false,
2024-04-17 09:00:00,USA,PJM,US-MIDA-PJM,296.26,362.25,46.04,12.03,pjm.com,false,
2024-04-17 10:00:00,USA,PJM,US-MIDA-PJM,305.44,373.5,44.08,12.29,pjm.com,false,
2024-04-17 11:00:00,USA,PJM,US-MIDA-PJM,310.05,379.5,42.82,12.26,pjm.com,false,
2024-04-17 12:00:00,USA,PJM,US-MIDA-PJM,309.42,378.91,42.85,12.97,pjm.com,false,
2024-04-17 13:00:00,USA,PJM,US-MIDA-PJM,308.25,377.04,43.5,13.34,pjm.com,false,
2024-04-17 14:00:00,USA,PJM,US-MIDA-PJM,307.25,376.02,43.63,13.86,pjm.com,false,
2024-04-17 15:00:00,USA,PJM,US-MIDA-PJM,304.64,372.99,44.16,14.55,pjm.com,false,
2024-04-17 16:00:00,USA,PJM,US-MIDA-PJM,303.71,372.23,44.19,15.05,pjm.com,false,
2024-04-17 17:00:00,USA,PJM,US-MIDA-PJM,305.88,375.06,43.55,14.87,pjm.com,false,
2024-04-17 18:00:00,USA,PJM,US-MIDA-PJM,302.87,371.83,43.88,15.2,pjm.com,false,
2024-04-17 19:00:00,USA,PJM,US-MIDA-PJM,302.78,372.32,43.44,15.09,pjm.com,false,
2024-04-17 20:00:00,USA,PJM,US-MIDA-PJM,305.81,376.06,42.69,14.57,pjm.com,false,
2024-04-17 21:00:00,USA,PJM,US-MIDA-PJM,308.82,379.02,42.56,14.66,pjm.com,false,
2024-04-17 22:00:00,USA,PJM,US-MIDA-PJM,311.28,381.96,42.0,14.18,pjm.com,false,
2024-04-17 23:00:00,USA,PJM,US-MIDA-PJM,313.92,385.26,41.31,13.38,pjm.com,false,
2024-04-18 00:00:00,USA,PJM,US-MIDA-PJM,319.57,392.0,40.17,12.22,pjm.com,false,
2024-04-18 01:00:00,USA,PJM,US-MIDA-PJM,326.97,399.85,39.45,11.23,pjm.com,false,
2024-04-18 02:00:00,USA,PJM,US-MIDA-PJM,329.33,401.89,39.52,9.78,pjm.com,false,
2024-04-18 03:00:00,USA,PJM,US-MIDA-PJM,328.6,400.41,40.07,8.55,pjm.com,false,
2024-04-18 04:00:00,USA,PJM,US-MIDA-PJM,326.27,397.57,40.64,7.07,pjm.com,false,
2024-04-18 05:00:00,USA,PJM,US-MIDA-PJM,322.02,392.79,41.23,6.25,pjm.com,false,
2024-04-18 06:00:00,USA,PJM,US-MIDA-PJM,318.78,389.49,41.42,6.01,pjm.com,false,
2024-04-18 07:00:00,USA,PJM,US-MIDA-PJM,314.93,385.55,41.71,5.53,pjm.com,false,
2024-04-18 08:00:00,USA,PJM,US-MIDA-PJM,320.15,391.67,40.8,4.79,pjm.com,false,
2024-04-18 09:00:00,USA,PJM,US-MIDA-PJM,327.38,400.26,39.34,4.26,pjm.com,false,
2024-04-18 10:00:00,USA,PJM,US-MIDA-PJM,333.68,407.82,37.99,4.79,pjm.com,false,
2024-04-18 11:00:00,USA,PJM,US-MIDA-PJM,338.3,413.55,37.05,5.7,pjm.com,false,
2024-04-18 12:00:00,USA,PJM,US-MIDA-PJM,329.7,403.44,38.9,8.46,pjm.com,false,
2024-04-18 13:00:00,USA,PJM,US-MIDA-PJM,325.91,399.13,39.68,9.66,pjm.com,false,
2024-04-18 14:00:00,USA,PJM,US-MIDA-PJM,326.33,399.88,39.46,9.9,pjm.com,false,
2024-04-18 15:00:00,USA,PJM,US-MIDA-PJM,324.84,398.1,39.78,10.27,pjm.com,false,
2024-04-18 16:00:00,USA,PJM,US-MIDA-PJM,325.28,398.98,39.47,10.16,pjm.com,false,
2024-04-18 17:00:00,USA,PJM,US-MIDA-PJM,326.28,400.42,39.17,10.4,pjm.com,false,
2024-04-18 18:00:00,USA,PJM,US-MIDA-PJM,321.32,394.53,40.11,11.4,pjm.com,false,
2024-04-18 19:00:00,USA,PJM,US-MIDA-PJM,319.56,392.56,40.34,11.85,pjm.com,false,
2024-04-18 20:00:00,USA,PJM,US-MIDA-PJM,318.36,391.17,40.54,12.56,pjm.com,false,
2024-04-18 21:00:00,USA,PJM,US-MIDA-PJM,323.48,397.54,39.32,11.61,pjm.com,false,
2024-04-18 22:00:00,USA,PJM,US-MIDA-PJM,335.4,412.1,36.56,9.03,pjm.com,false,
2024-04-18 23:00:00,USA,PJM,US-MIDA-PJM,339.1,416.66,35.49,7.75,pjm.com,false,
2024-04-19 00:00:00,USA,PJM,US-MIDA-PJM,336.87,414.16,35.74,8.16,pjm.com,false,
2024-04-19 01:00:00,USA,PJM,US-MIDA-PJM,333.79,409.62,36.84,8.47,pjm.com,false,
2024-04-19 02:00:00,USA,PJM,US-MIDA-PJM,327.84,400.83,39.05,9.01,pjm.com,false,
2024-04-19 03:00:00,USA,PJM,US-MIDA-PJM,323.84,394.85,40.68,9.03,pjm.com,false,
2024-04-19 04:00:00,USA,PJM,US-MIDA-PJM,315.16,384.08,42.65,9.05,pjm.com,false,
2024-04-19 05:00:00,USA,PJM,US-MIDA-PJM,305.25,373.29,43.81,9.34,pjm.com,false,
2024-04-19 06:00:00,USA,PJM,US-MIDA-PJM,298.96,366.39,44.56,9.79,pjm.com,false,
2024-04-19 07:00:00,USA,PJM,US-MIDA-PJM,291.26,357.89,45.51,10.29,pjm.com,false,
2024-04-19 08:00:00,USA,PJM,US-MIDA-PJM,290.75,357.79,45.2,10.47,pjm.com,false,
2024-04-19 09:00:00,USA,PJM,US-MIDA-PJM,291.67,359.4,44.65,10.56,pjm.com,false,
2024-04-19 10:00:00,USA,PJM,US-MIDA-PJM,291.42,359.35,44.58,12.28,pjm.com,false,
2024-04-19 11:00:00,USA,PJM,US-MIDA-PJM,299.02,368.65,42.99,12.1,pjm.com,false,
2024-04-19 12:00:00,USA,PJM,US-MIDA-PJM,304.17,375.04,41.9,11.6,pjm.com,false,
2024-04-19 13:00:00,USA,PJM,US-MIDA-PJM,312.03,383.82,40.86,10.71,pjm.com,false,
2024-04-19 14:00:00,USA,PJM,US-MIDA-PJM,306.27,377.17,41.85,11.47,pjm.com,false,
2024-04-19 15:00:00,USA,PJM,US-MIDA-PJM,302.66,373.31,42.23,11.89,pjm.com,false,
2024-04-19 16:00:00,USA,PJM,US-MIDA-PJM,299.18,369.25,42.91,12.37,pjm.com,false,
2024-04-19 17:00:00,USA,PJM,US-MIDA-PJM,295.5,365.24,43.39,12.96,pjm.com,false,
2024-04-19 18:00:00,USA,PJM,US-MIDA-PJM,291.71,361.08,43.81,13.37,pjm.com,false,
2024-04-19 19:00:00,USA,PJM,US-MIDA-PJM,289.14,358.26,44.11,13.62,pjm.com,false,
2024-04-19 20:00:00,USA,PJM,US-MIDA-PJM,292.53,362.14,43.51,12.93,pjm.com,false,
2024-04-19 21:00:00,USA,PJM,US-MIDA-PJM,298.08,368.56,42.58,12.19,pjm.com,false,
2024-04-19 22:00:00,USA,PJM,US-MIDA-PJM,303.83,375.55,41.31,11.0,pjm.com,false,
2024-04-19 23:00:00,USA,PJM,US-MIDA-PJM,314.49,387.36,39.81,9.39,pjm.com,false,
2024-04-20 00:00:00,USA,PJM,US-MIDA-PJM,328.54,402.74,38.05,7.9,pjm.com,false,
2024-04-20 01:00:00,USA,PJM,US-MIDA-PJM,329.02,402.79,38.35,7.67,pjm.com,false,
2024-04-20 02:00:00,USA,PJM,US-MIDA-PJM,322.77,395.54,39.34,7.68,pjm.com,false,
2024-04-20 03:00:00,USA,PJM,US-MIDA-PJM,317.41,388.89,40.51,7.63,pjm.com,false,
2024-04-20 04:00:00,USA,PJM,US-MIDA-PJM,312.06,381.97,42.73,8.42,pjm.com,false,
2024-04-20 05:00:00,USA,PJM,US-MIDA-PJM,303.45,372.05,44.07,8.87,pjm.com,false,
2024-04-20 06:00:00,USA,PJM,US-MIDA-PJM,303.53,372.1,44.01,8.79,pjm.com,false,
2024-04-20 07:00:00,USA,PJM,US-MIDA-PJM,300.05,368.34,44.4,8.61,pjm.com,false,
2024-04-20 08:00:00,USA,PJM,US-MIDA-PJM,295.25,363.0,44.99,8.71,pjm.com,false,
2024-04-20 09:00:00,USA,PJM,US-MIDA-PJM,298.48,366.45,44.68,8.39,pjm.com,false,
2024-04-20 10:00:00,USA,PJM,US-MIDA-PJM,301.6,369.41,44.67,9.17,pjm.com,false,
2024-04-20 11:00:00,USA,PJM,US-MIDA-PJM,306.95,375.93,43.64,9.31,pjm.com,false,
2024-04-20 12:00:00,USA,PJM,US-MIDA-PJM,306.31,375.15,43.93,10.63,pjm.com,false,
2024-04-20 13:00:00,USA,PJM,US-MIDA-PJM,289.39,355.62,46.62,14.0,pjm.com,false,
2024-04-20 14:00:00,USA,PJM,US-MIDA-PJM,282.15,347.34,47.54,15.12,pjm.com,false,
2024-04-20 15:00:00,USA,PJM,US-MIDA-PJM,283.2,348.95,47.07,14.97,pjm.com,false,
2024-04-20 16:00:00,USA,PJM,US-MIDA-PJM,278.62,343.8,47.8,15.48,pjm.com,false,
2024-04-20 17:00:00,USA,PJM,US-MIDA-PJM,274.68,338.9,48.73,15.98,pjm.com,false,
2024-04-20 18:00:00,USA,PJM,US-MIDA-PJM,270.23,333.39,49.74,16.75,pjm.com,false,
2024-04-20 19:00:00,USA,PJM,US-MIDA-PJM,270.07,333.08,49.84,16.88,pjm.com,false,
2024-04-20 20:00:00,USA,PJM,US-MIDA-PJM,274.35,338.38,48.8,16.37,pjm.com,false,
2024-04-20 21:00:00,USA,PJM,US-MIDA-PJM,273.03,337.43,48.57,16.15,pjm.com,false,
2024-04-20 22:00:00,USA,PJM,US-MIDA-PJM,282.32,348.52,46.6,14.7,pjm.com,false,
2024-04-20 23:00:00,USA,PJM,US-MIDA-PJM,300.82,369.5,43.57,11.55,pjm.com,false,
2024-04-21 00:00:00,USA,PJM,US-MIDA-PJM,318.35,389.2,41.01,9.39,pjm.com,false,
2024-04-21 01:00:00,USA,PJM,US-MIDA-PJM,319.65,390.71,40.81,8.85,pjm.com,false,
2024-04-21 02:00:00,USA,PJM,US-MIDA-PJM,326.27,398.62,39.48,6.71,pjm.com,false,
2024-04-21 03:00:00,USA,PJM,US-MIDA-PJM,329.48,402.44,38.84,4.59,pjm.com,false,
2024-04-21 04:00:00,USA,PJM,US-MIDA-PJM,324.24,396.14,39.95,4.08,pjm.com,false,
2024-04-21 05:00:00,USA,PJM,US-MIDA-PJM,320.86,391.87,40.81,3.93,pjm.com,false,
2024-04-21 06:00:00,USA,PJM,US-MIDA-PJM,322.89,394.64,40.29,3.24,pjm.com,false,
2024-04-21 07:00:00,USA,PJM,US-MIDA-PJM,325.04,396.77,40.26,3.12,pjm.com,false,
2024-04-21 08:00:00,USA,PJM,US-MIDA-PJM,327.77,399.7,39.99,2.88,pjm.com,false,
2024-04-21 09:00:00,USA,PJM,US-MIDA-PJM,326.45,398.58,39.9,2.93,pjm.com,false,
2024-04-21 10:00:00,USA,PJM,US-MIDA-PJM,323.18,395.84,39.72,3.33,pjm.com,false,
2024-04-21 11:00:00,USA,PJM,US-MIDA-PJM,323.77,396.65,39.58,3.84,pjm.com,false,
2024-04-21 12:00:00,USA,PJM,US-MIDA-PJM,325.15,398.35,39.34,4.6,pjm.com,false,
2024-04-21 13:00:00,USA,PJM,US-MIDA-PJM,330.65,403.75,39.25,5.3,pjm.com,false,
2024-04-21 14:00:00,USA,PJM,US-MIDA-PJM,332.89,406.2,39.02,5.82,pjm.com,false,
2024-04-21 15:00:00,USA,PJM,US-MIDA-PJM,329.72,402.67,39.46,6.49,pjm.com,false,
2024-04-21 16:00:00,USA,PJM,US-MIDA-PJM,318.07,389.97,40.83,7.39,pjm.com,false,
2024-04-21 17:00:00,USA,PJM,US-MIDA-PJM,313.97,384.72,41.91,8.57,pjm.com,false,
2024-04-21 18:00:00,USA,PJM,US-MIDA-PJM,313.04,383.27,42.3,9.13,pjm.com,false,
2024-04-21 19:00:00,USA,PJM,US-MIDA-PJM,309.05,379.05,42.64,9.36,pjm.com,false,
2024-04-21 20:00:00,USA,PJM,US-MIDA-PJM,306.23,376.46,42.59,9.81,pjm.com,false,
2024-04-21 21:00:00,USA,PJM,US-MIDA-PJM,308.54,378.95,42.31,9.99,pjm.com,false,
2024-04-21 22:00:00,USA,PJM,US-MIDA-PJM,308.67,378.77,42.53,10.63,pjm.com,false,
2024-04-21 23:00:00,USA,PJM,US-MIDA-PJM,315.83,387.18,41.15,9.63,pjm.com,false,
2024-04-22 00:00:00,USA,PJM,US-MIDA-PJM,324.39,397.67,39.28,8.73,pjm.com,false,
2024-04-22 01:00:00,USA,PJM,US-MIDA-PJM,333.06,407.51,37.96,7.79,pjm.com,false,
2024-04-22 02:00:00,USA,PJM,US-MIDA-PJM,337.33,411.61,37.82,6.42,pjm.com,false,
2024-04-22 03:00:00,USA,PJM,US-MIDA-PJM,337.34,411.49,37.8,4.86,pjm.com,false,
2024-04-22 04:00:00,USA,PJM,US-MIDA-PJM,336.46,410.15,38.15,4.07,pjm.com,false,
2024-04-22 05:00:00,USA,PJM,US-MIDA-PJM,333.46,406.58,38.72,4.11,pjm.com,false,
2024-04-22 06:00:00,USA,PJM,US-MIDA-PJM,332.86,406.01,38.73,3.84,pjm.com,false,
2024-04-22 07:00:00,USA,PJM,US-MIDA-PJM,336.62,409.78,38.51,3.82,pjm.com,false,
2024-04-22 08:00:00,USA,PJM,US-MIDA-PJM,335.9,409.83,37.96,4.01,pjm.com,false,
2024-04-22 09:00:00,USA,PJM,US-MIDA-PJM,332.98,407.72,37.78,5.71,pjm.com,false,
2024-04-22 10:00:00,USA,PJM,US-MIDA-PJM,337.05,413.63,36.29,6.65,pjm.com,false,
2024-04-22 11:00:00,USA,PJM,US-MIDA-PJM,339.37,416.43,36.02,7.83,pjm.com,false,
2024-04-22 12:00:00,USA,PJM,US-MIDA-PJM,325.51,399.88,39.02,10.34,pjm.com,false,
2024-04-22 13:00:00,USA,PJM,US-MIDA-PJM,317.1,390.06,40.55,10.71,pjm.com,false,
2024-04-22 14:00:00,USA,PJM,US-MIDA-PJM,311.5,383.21,41.68,10.94,pjm.com,false,
2024-04-22 15:00:00,USA,PJM,US-MIDA-PJM,303.84,373.87,43.19,12.14,pjm.com,false,
2024-04-22 16:00:00,USA,PJM,US-MIDA-PJM,291.55,359.44,45.37,14.07,pjm.com,false,
2024-04-22 17:00:00,USA,PJM,US-MIDA-PJM,283.86,350.19,46.78,15.19,pjm.com,false,
2024-04-22 18:00:00,USA,PJM,US-MIDA-PJM,276.88,341.71,48.3,16.24,pjm.com,false,
2024-04-22 19:00:00,USA,PJM,US-MIDA-PJM,272.78,336.64,49.24,17.04,pjm.com,false,
2024-04-22 20:00:00,USA,PJM,US-MIDA-PJM,268.96,332.49,49.67,17.62,pjm.com,false,
2024-04-22 21:00:00,USA,PJM,US-MIDA-PJM,274.55,339.16,48.54,17.09,pjm.com,false,
2024-04-22 22:00:00,USA,PJM,US-MIDA-PJM,289.21,355.53,46.31,15.23,pjm.com,false,
2024-04-22 23:00:00,USA,PJM,US-MIDA-PJM,305.62,374.64,43.2,12.45,pjm.com,false,
2024-04-23 00:00:00,USA,PJM,US-MIDA-PJM,317.16,387.93,41.28,11.52,pjm.com,false,
2024-04-23 01:00:00,USA,PJM,US-MIDA-PJM,318.07,388.6,41.38,11.24,pjm.com,false,
2024-04-23 02:00:00,USA,PJM,US-MIDA-PJM,315.21,384.63,42.27,10.75,pjm.com,false,
2024-04-23 03:00:00,USA,PJM,US-MIDA-PJM,308.13,376.28,43.48,10.34,pjm.com,false,
2024-04-23 04:00:00,USA,PJM,US-MIDA-PJM,298.71,366.01,44.59,10.29,pjm.com,false,
2024-04-23 05:00:00,USA,PJM,US-MIDA-PJM,296.31,363.72,44.63,10.16,pjm.com,false,
2024-04-23 06:00:00,USA,PJM,US-MIDA-PJM,294.22,360.94,45.26,10.79,pjm.com,false,
2024-04-23 07:00:00,USA,PJM,US-MIDA-PJM,294.38,361.2,45.17,10.76,pjm.com,false,
2024-04-23 08:00:00,USA,PJM,US-MIDA-PJM,295.28,362.65,44.71,10.62,pjm.com,false,
2024-04-23 09:00:00,USA,PJM,US-MIDA-PJM,297.66,365.68,44.16,11.46,pjm.com,false,
2024-04-23 10:00:00,USA,PJM,US-MIDA-PJM,300.25,369.17,43.49,13.31,pjm.com,false,
2024-04-23 11:00:00,USA,PJM,US-MIDA-PJM,300.66,369.81,43.6,14.45,pjm.com,false,
2024-04-23 12:00:00,USA,PJM,US-MIDA-PJM,290.18,357.43,45.8,16.34,pjm.com,false,
2024-04-23 13:00:00,USA,PJM,US-MIDA-PJM,283.16,349.14,47.1,16.69,pjm.com,false,
2024-04-23 14:00:00,USA,PJM,US-MIDA-PJM,281.27,346.96,47.38,16.61,pjm.com,false,
2024-04-23 15:00:00,USA,PJM,US-MIDA-PJM,281.77,347.31,47.51,16.47,pjm.com,false,
2024-04-23 16:00:00,USA,PJM,US-MIDA-PJM,285.97,351.89,46.93,15.84,pjm.com,false,
2024-04-23 17:00:00,USA,PJM,US-MIDA-PJM,295.1,362.37,45.43,14.48,pjm.com,false,
2024-04-23 18:00:00,USA,PJM,US-MIDA-PJM,295.59,362.54,45.8,14.64,pjm.com,false,
2024-04-23 19:00:00,USA,PJM,US-MIDA-PJM,290.84,357.04,46.54,15.08,pjm.com,false,
2024-04-23 20:00:00,USA,PJM,US-MIDA-PJM,286.99,352.67,47.05,15.7,pjm.com,false,
2024-04-23 21:00:00,USA,PJM,US-MIDA-PJM,292.54,359.36,45.85,15.03,pjm.com,false,
2024-04-23 22:00:00,USA,PJM,US-MIDA-PJM,307.86,376.95,43.18,12.68,pjm.com,false,
2024-04-23 23:00:00,USA,PJM,US-MIDA-PJM,316.83,387.15,41.68,11.37,pjm.com,false,
2024-04-24 00:00:00,USA,PJM,US-MIDA-PJM,324.37,395.96,40.35,10.71,pjm.com,false,
2024-04-24 01:00:00,USA,PJM,US-MIDA-PJM,323.67,395.13,40.48,10.78,pjm.com,false,
2024-04-24 02:00:00,USA,PJM,US-MIDA-PJM,323.1,394.0,40.79,9.53,pjm.com,false,
2024-04-24 03:00:00,USA,PJM,US-MIDA-PJM,317.41,386.81,42.1,9.01,pjm.com,false,
2024-04-24 04:00:00,USA,PJM,US-MIDA-PJM,309.74,378.24,43.11,8.95,pjm.com,false,
2024-04-24 05:00:00,USA,PJM,US-MIDA-PJM,308.58,377.36,42.93,8.21,pjm.com,false,
2024-04-24 06:00:00,USA,PJM,US-MIDA-PJM,305.16,373.1,43.7,8.47,pjm.com,false,
2024-04-24 07:00:00,USA,PJM,US-MIDA-PJM,301.29,368.45,44.48,8.94,pjm.com,false,
2024-04-24 08:00:00,USA,PJM,US-MIDA-PJM,301.68,369.52,43.95,8.9,pjm.com,false,
2024-04-24 09:00:00,USA,PJM,US-MIDA-PJM,308.16,377.42,42.6,8.7,pjm.com,false,
2024-04-24 10:00:00,USA,PJM,US-MIDA-PJM,310.63,381.33,41.52,9.53,pjm.com,false,
2024-04-24 11:00:00,USA,PJM,US-MIDA-PJM,312.01,383.85,40.75,10.12,pjm.com,false,
2024-04-24 12:00:00,USA,PJM,US-MIDA-PJM,310.11,382.0,40.94,11.07,pjm.com,false,
2024-04-24 13:00:00,USA,PJM,US-MIDA-PJM,310.77,382.71,40.89,10.78,pjm.com,false,
2024-04-24 14:00:00,USA,PJM,US-MIDA-PJM,312.41,384.31,40.87,10.44,pjm.com,false,
2024-04-24 15:00:00,USA,PJM,US-MIDA-PJM,315.8,387.66,40.79,10.04,pjm.com,false,
2024-04-24 16:00:00,USA,PJM,US-MIDA-PJM,320.4,392.22,40.62,9.73,pjm.com,false,
2024-04-24 17:00:00,USA,PJM,US-MIDA-PJM,323.82,395.65,40.49,9.73,pjm.com,false,
2024-04-24 18:00:00,USA,PJM,US-MIDA-PJM,326.22,398.24,40.26,9.55,pjm.com,false,
2024-04-24 19:00:00,USA,PJM,US-MIDA-PJM,326.59,398.79,40.09,9.19,pjm.com,false,
2024-04-24 20:00:00,USA,PJM,US-MIDA-PJM,328.55,401.28,39.58,8.93,pjm.com,false,
2024-04-24 21:00:00,USA,PJM,US-MIDA-PJM,333.31,407.19,38.43,8.11,pjm.com,false,
2024-04-24 22:00:00,USA,PJM,US-MIDA-PJM,336.1,411.09,37.38,7.22,pjm.com,false,
2024-04-24 23:00:00,USA,PJM,US-MIDA-PJM,337.16,412.76,36.8,6.78,pjm.com,false,
2024-04-25 00:00:00,USA,PJM,US-MIDA-PJM,341.06,417.3,36.04,6.53,pjm.com,false,
2024-04-25 01:00:00,USA,PJM,US-MIDA-PJM,340.79,416.44,36.42,6.78,pjm.com,false,
2024-04-25 02:00:00,USA,PJM,US-MIDA-PJM,338.18,412.18,37.69,6.41,pjm.com,false,
2024-04-25 03:00:00,USA,PJM,US-MIDA-PJM,333.77,406.89,38.46,5.41,pjm.com,false,
2024-04-25 04:00:00,USA,PJM,US-MIDA-PJM,329.59,401.81,39.32,4.83,pjm.com,false,
2024-04-25 05:00:00,USA,PJM,US-MIDA-PJM,329.51,401.73,39.34,4.06,pjm.com,false,
2024-04-25 06:00:00,USA,PJM,US-MIDA-PJM,328.01,400.41,39.3,3.47,pjm.com,false,
2024-04-25 07:00:00,USA,PJM,US-MIDA-PJM,328.36,401.08,39.04,2.94,pjm.com,false,
2024-04-25 08:00:00,USA,PJM,US-MIDA-PJM,328.11,400.86,39.02,3.02,pjm.com,false,
2024-04-25 09:00:00,USA,PJM,US-MIDA-PJM,328.93,401.71,39.1,4.88,pjm.com,false,
2024-04-25 10:00:00,USA,PJM,US-MIDA-PJM,327.37,400.92,38.73,6.64,pjm.com,false,
2024-04-25 11:00:00,USA,PJM,US-MIDA-PJM,325.4,399.29,38.71,7.93,pjm.com,false,
2024-04-25 12:00:00,USA,PJM,US-MIDA-PJM,316.5,389.03,40.36,9.55,pjm.com,false,
2024-04-25 13:00:00,USA,PJM,US-MIDA-PJM,313.95,385.72,41.19,9.96,pjm.com,false,
2024-04-25 14:00:00,USA,PJM,US-MIDA-PJM,311.49,382.02,42.26,10.49,pjm.com,false,
2024-04-25 15:00:00,USA,PJM,US-MIDA-PJM,309.95,380.07,42.61,10.37,pjm.com,false,
2024-04-25 16:00:00,USA,PJM,US-MIDA-PJM,309.47,379.49,42.68,10.2,pjm.com,false,
2024-04-25 17:00:00,USA,PJM,US-MIDA-PJM,316.15,386.69,41.95,9.74,pjm.com,false,
2024-04-25 18:00:00,USA,PJM,US-MIDA-PJM,315.1,385.24,42.27,9.8,pjm.com,false,
2024-04-25 19:00:00,USA,PJM,US-MIDA-PJM,314.82,385.31,42.0,9.6,pjm.com,false,
2024-04-25 20:00:00,USA,PJM,US-MIDA-PJM,314.7,385.35,41.85,9.48,pjm.com,false,
2024-04-25 21:00:00,USA,PJM,US-MIDA-PJM,315.86,386.88,41.48,9.26,pjm.com,false,
2024-04-25 22:00:00,USA,PJM,US-MIDA-PJM,319.34,391.32,40.47,8.63,pjm.com,false,
2024-04-25 23:00:00,USA,PJM,US-MIDA-PJM,325.61,398.98,38.95,7.71,pjm.com,false,
2024-04-26 00:00:00,USA,PJM,US-MIDA-PJM,332.8,406.92,37.93,7.35,pjm.com,false,
2024-04-26 01:00:00,USA,PJM,US-MIDA-PJM,324.28,396.5,39.76,9.12,pjm.com,false,
2024-04-26 02:00:00,USA,PJM,US-MIDA-PJM,314.68,385.2,41.38,9.4,pjm.com,false,
2024-04-26 03:00:00,USA,PJM,US-MIDA-PJM,309.62,378.97,42.41,9.08,pjm.com,false,
2024-04-26 04:00:00,USA,PJM,US-MIDA-PJM,305.02,373.23,43.5,8.88,pjm.com,false,
2024-04-26 05:00:00,USA,PJM,US-MIDA-PJM,302.52,370.85,43.57,8.67,pjm.com,false,
2024-04-26 06:00:00,USA,PJM,US-MIDA-PJM,299.46,367.11,44.22,9.22,pjm.com,false,
2024-04-26 07:00:00,USA,PJM,US-MIDA-PJM,294.07,360.95,45.04,9.67,pjm.com,false,
2024-04-26 08:00:00,USA,PJM,US-MIDA-PJM,292.06,359.03,45.07,10.03,pjm.com,false,
2024-04-26 09:00:00,USA,PJM,US-MIDA-PJM,295.25,363.37,44.1,10.38,pjm.com,false,
2024-04-26 10:00:00,USA,PJM,US-MIDA-PJM,299.97,368.79,43.51,12.28,pjm.com,false,
2024-04-26 11:00:00,USA,PJM,US-MIDA-PJM,297.13,366.09,43.72,13.57,pjm.com,false,
2024-04-26 12:00:00,USA,PJM,US-MIDA-PJM,287.84,355.17,45.64,15.33,pjm.com,false,
2024-04-26 13:00:00,USA,PJM,US-MIDA-PJM,279.48,345.49,47.14,16.14,pjm.com,false,
2024-04-26 14:00:00,USA,PJM,US-MIDA-PJM,274.64,339.69,48.13,16.72,pjm.com,false,
2024-04-26 15:00:00,USA,PJM,US-MIDA-PJM,271.03,334.92,49.2,17.38,pjm.com,false,
2024-04-26 16:00:00,USA,PJM,US-MIDA-PJM,273.57,337.53,49.01,17.11,pjm.com,false,
2024-04-26 17:00:00,USA,PJM,US-MIDA-PJM,278.44,343.4,47.97,16.38,pjm.com,false,
2024-04-26 18:00:00,USA,PJM,US-MIDA-PJM,282.8,348.27,47.34,16.15,pjm.com,false,
2024-04-26 19:00:00,USA,PJM,US-MIDA-PJM,285.41,351.3,46.9,15.91,pjm.com,false,
2024-04-26 20:00:00,USA,PJM,US-MIDA-PJM,290.54,356.93,46.13,15.06,pjm.com,false,
2024-04-26 21:00:00,USA,PJM,US-MIDA-PJM,291.47,357.92,45.92,14.81,pjm.com,false,
2024-04-26 22:00:00,USA,PJM,US-MIDA-PJM,300.78,368.24,44.43,13.49,pjm.com,false,
2024-04-26 23:00:00,USA,PJM,US-MIDA-PJM,307.16,375.56,43.24,12.14,pjm.com,false,
2024-04-27 00:00:00,USA,PJM,US-MIDA-PJM,306.75,375.03,43.39,12.83,pjm.com,false,
2024-04-27 01:00:00,USA,PJM,US-MIDA-PJM,306.63,374.68,43.51,12.96,pjm.com,false,
2024-04-27 02:00:00,USA,PJM,US-MIDA-PJM,299.85,366.96,44.44,12.44,pjm.com,false,
2024-04-27 03:00:00,USA,PJM,US-MIDA-PJM,290.15,356.15,45.72,12.21,pjm.com,false,
2024-04-27 04:00:00,USA,PJM,US-MIDA-PJM,285.0,349.23,47.34,11.9,pjm.com,false,
2024-04-27 05:00:00,USA,PJM,US-MIDA-PJM,284.63,348.32,47.8,11.29,pjm.com,false,
2024-04-27 06:00:00,USA,PJM,US-MIDA-PJM,282.33,345.18,48.53,11.78,pjm.com,false,
2024-04-27 07:00:00,USA,PJM,US-MIDA-PJM,274.88,336.26,50.0,12.57,pjm.com,false,
2024-04-27 08:00:00,USA,PJM,US-MIDA-PJM,273.96,335.77,49.73,12.39,pjm.com,false,
2024-04-27 09:00:00,USA,PJM,US-MIDA-PJM,276.29,338.77,49.13,12.22,pjm.com,false,
2024-04-27 10:00:00,USA,PJM,US-MIDA-PJM,275.42,337.8,49.25,12.62,pjm.com,false,
2024-04-27 11:00:00,USA,PJM,US-MIDA-PJM,277.32,339.84,49.11,13.37,pjm.com,false,
2024-04-27 12:00:00,USA,PJM,US-MIDA-PJM,274.17,336.31,49.72,14.82,pjm.com,false,
2024-04-27 13:00:00,USA,PJM,US-MIDA-PJM,272.59,334.55,50.1,16.05,pjm.com,false,
2024-04-27 14:00:00,USA,PJM,US-MIDA-PJM,278.51,341.11,49.34,16.11,pjm.com,false,
2024-04-27 15:00:00,USA,PJM,US-MIDA-PJM,275.38,338.01,49.6,16.97,pjm.com,false,
2024-04-27 16:00:00,USA,PJM,US-MIDA-PJM,280.98,344.87,48.36,16.21,pjm.com,false,
2024-04-27 17:00:00,USA,PJM,US-MIDA-PJM,280.69,345.04,48.03,15.88,pjm.com,false,
2024-04-27 18:00:00,USA,PJM,US-MIDA-PJM,283.28,348.25,47.38,15.5,pjm.com,false,
2024-04-27 19:00:00,USA,PJM,US-MIDA-PJM,286.87,352.49,46.63,14.78,pjm.com,false,
2024-04-27 20:00:00,USA,PJM,US-MIDA-PJM,294.87,360.74,46.0,14.26,pjm.com,false,
2024-04-27 21:00:00,USA,PJM,US-MIDA-PJM,292.54,358.0,46.4,14.62,pjm.com,false,
2024-04-27 22:00:00,USA,PJM,US-MIDA-PJM,299.33,365.96,45.09,13.45,pjm.com,false,
2024-04-27 23:00:00,USA,PJM,US-MIDA-PJM,303.13,370.24,44.53,12.92,pjm.com,false,
2024-04-28 00:00:00,USA,PJM,US-MIDA-PJM,307.9,375.48,43.92,12.65,pjm.com,false,
2024-04-28 01:00:00,USA,PJM,US-MIDA-PJM,314.68,383.07,42.94,11.69,pjm.com,false,
2024-04-28 02:00:00,USA,PJM,US-MIDA-PJM,323.3,392.46,41.84,9.36,pjm.com,false,
2024-04-28 03:00:00,USA,PJM,US-MIDA-PJM,320.03,388.92,42.19,8.17,pjm.com,false,
2024-04-28 04:00:00,USA,PJM,US-MIDA-PJM,311.09,378.98,43.35,7.7,pjm.com,false,
2024-04-28 05:00:00,USA,PJM,US-MIDA-PJM,309.12,376.0,44.19,7.0,pjm.com,false,
2024-04-28 06:00:00,USA,PJM,US-MIDA-PJM,306.53,372.61,44.91,6.94,pjm.com,false,
2024-04-28 07:00:00,USA,PJM,US-MIDA-PJM,303.92,368.77,45.98,7.51,pjm.com,false,
2024-04-28 08:00:00,USA,PJM,US-MIDA-PJM,306.34,370.93,46.08,7.18,pjm.com,false,
2024-04-28 09:00:00,USA,PJM,US-MIDA-PJM,307.47,371.71,46.3,7.38,pjm.com,false,
2024-04-28 10:00:00,USA,PJM,US-MIDA-PJM,305.3,368.94,46.87,8.22,pjm.com,false,
2024-04-28 11:00:00,USA,PJM,US-MIDA-PJM,303.92,367.42,47.19,9.4,pjm.com,false,
2024-04-28 12:00:00,USA,PJM,US-MIDA-PJM,291.25,352.36,49.9,13.19,pjm.com,false,
2024-04-28 13:00:00,USA,PJM,US-MIDA-PJM,285.03,345.22,51.11,15.66,pjm.com,false,
2024-04-28 14:00:00,USA,PJM,US-MIDA-PJM,281.41,340.57,52.15,17.36,pjm.com,false,
2024-04-28 15:00:00,USA,PJM,US-MIDA-PJM,278.4,337.09,52.69,18.46,pjm.com,false,
2024-04-28 16:00:00,USA,PJM,US-MIDA-PJM,278.1,336.57,52.89,19.11,pjm.com,false,
2024-04-28 17:00:00,USA,PJM,US-MIDA-PJM,282.53,342.28,51.68,18.99,pjm.com,false,
2024-04-28 18:00:00,USA,PJM,US-MIDA-PJM,291.18,352.91,49.7,18.07,pjm.com,false,
2024-04-28 19:00:00,USA,PJM,US-MIDA-PJM,301.24,364.62,47.9,17.06,pjm.com,false,
2024-04-28 20:00:00,USA,PJM,US-MIDA-PJM,309.47,374.91,46.31,16.35,pjm.com,false,
2024-04-28 21:00:00,USA,PJM,US-MIDA-PJM,310.2,376.14,45.91,16.7,pjm.com,false,
2024-04-28 22:00:00,USA,PJM,US-MIDA-PJM,321.95,389.57,43.94,15.39,pjm.com,false,
2024-04-28 23:00:00,USA,PJM,US-MIDA-PJM,344.13,414.95,40.22,11.76,pjm.com,false,
2024-04-29 00:00:00,USA,PJM,US-MIDA-PJM,352.25,424.82,38.46,10.06,pjm.com,false,
2024-04-29 01:00:00,USA,PJM,US-MIDA-PJM,354.76,427.74,37.98,9.3,pjm.com,false,
2024-04-29 02:00:00,USA,PJM,US-MIDA-PJM,349.64,421.75,38.8,8.36,pjm.com,false,
2024-04-29 03:00:00,USA,PJM,US-MIDA-PJM,343.73,414.71,39.67,7.3,pjm.com,false,
2024-04-29 04:00:00,USA,PJM,US-MIDA-PJM,324.41,391.78,43.08,8.4,pjm.com,false,
2024-04-29 05:00:00,USA,PJM,US-MIDA-PJM,311.05,376.2,45.43,9.1,pjm.com,false,
2024-04-29 06:00:00,USA,PJM,US-MIDA-PJM,312.29,377.55,45.32,8.13,pjm.com,false,
2024-04-29 07:00:00,USA,PJM,US-MIDA-PJM,316.83,383.6,43.99,6.7,pjm.com,false,
2024-04-29 08:00:00,USA,PJM,US-MIDA-PJM,315.81,382.54,44.08,6.64,pjm.com,false,
2024-04-29 09:00:00,USA,PJM,US-MIDA-PJM,317.95,385.55,43.29,6.24,pjm.com,false,
2024-04-29 10:00:00,USA,PJM,US-MIDA-PJM,322.6,392.07,41.71,6.47,pjm.com,false,
2024-04-29 11:00:00,USA,PJM,US-MIDA-PJM,322.85,391.99,42.19,8.64,pjm.com,false,
2024-04-29 12:00:00,USA,PJM,US-MIDA-PJM,315.26,383.79,43.43,11.16,pjm.com,false,
2024-04-29 13:00:00,USA,PJM,US-MIDA-PJM,310.24,377.92,44.52,13.37,pjm.com,false,
2024-04-29 14:00:00,USA,PJM,US-MIDA-PJM,309.99,377.35,44.83,14.96,pjm.com,false,
2024-04-29 15:00:00,USA,PJM,US-MIDA-PJM,314.39,382.73,43.93,14.8,pjm.com,false,
2024-04-29 16:00:00,USA,PJM,US-MIDA-PJM,320.42,389.98,43.25,14.81,pjm.com,false,
2024-04-29 17:00:00,USA,PJM,US-MIDA-PJM,332.89,404.23,41.57,14.18,pjm.com,false,
2024-04-29 18:00:00,USA,PJM,US-MIDA-PJM,331.93,404.33,40.99,13.78,pjm.com,false,
2024-04-29 19:00:00,USA,PJM,US-MIDA-PJM,339.25,412.87,39.68,12.96,pjm.com,false,
2024-04-29 20:00:00,USA,PJM,US-MIDA-PJM,339.97,414.48,38.94,12.48,pjm.com,false,
2024-04-29 21:00:00,USA,PJM,US-MIDA-PJM,351.08,427.05,37.45,11.09,pjm.com,false,
2024-04-29 22:00:00,USA,PJM,US-MIDA-PJM,364.87,442.65,35.51,9.09,pjm.com,false,
2024-04-29 23:00:00,USA,PJM,US-MIDA-PJM,377.43,456.93,33.54,6.82,pjm.com,false,
2024-04-30 00:00:00,USA,PJM,US-MIDA-PJM,378.38,458.36,33.16,6.31,pjm.com,false,
2024-04-30 01:00:00,USA,PJM,US-MIDA-PJM,376.88,456.76,33.3,5.91,pjm.com,false,
2024-04-30 02:00:00,USA,PJM,US-MIDA-PJM,365.57,443.41,34.74,5.28,pjm.com,false,
2024-04-30 03:00:00,USA,PJM,US-MIDA-PJM,359.44,435.45,35.99,3.95,pjm.com,false,
2024-04-30 04:00:00,USA,PJM,US-MIDA-PJM,355.82,430.05,36.77,2.96,pjm.com,false,
2024-04-30 05:00:00,USA,PJM,US-MIDA-PJM,347.08,420.4,37.74,2.85,pjm.com,false,
2024-04-30 06:00:00,USA,PJM,US-MIDA-PJM,344.59,418.02,37.81,2.54,pjm.com,false,
2024-04-30 07:00:00,USA,PJM,US-MIDA-PJM,340.42,413.6,38.21,2.32,pjm.com,false,
2024-04-30 08:00:00,USA,PJM,US-MIDA-PJM,336.5,409.01,38.91,2.48,pjm.com,false,
2024-04-30 09:00:00,USA,PJM,US-MIDA-PJM,336.6,409.16,38.86,3.02,pjm.com,false,
2024-04-30 10:00:00,USA,PJM,US-MIDA-PJM,347.55,421.92,36.95,3.06,pjm.com,false,
2024-04-30 11:00:00,USA,PJM,US-MIDA-PJM,354.22,429.04,36.36,3.63,pjm.com,false,
2024-04-30 12:00:00,USA,PJM,US-MIDA-PJM,349.31,423.12,37.62,5.45,pjm.com,false,
2024-04-30 13:00:00,USA,PJM,US-MIDA-PJM,342.15,414.99,38.9,7.14,pjm.com,false,
2024-04-30 14:00:00,USA,PJM,US-MIDA-PJM,341.88,414.92,38.88,7.79,pjm.com,false,
2024-04-30 15:00:00,USA,PJM,US-MIDA-PJM,342.31,415.6,38.71,8.2,pjm.com,false,
2024-04-30 16:00:00,USA,PJM,US-MIDA-PJM,343.91,417.7,38.63,8.49,pjm.com,false,
2024-04-30 17:00:00,USA,PJM,US-MIDA-PJM,346.9,421.96,38.07,8.69,pjm.com,false,
2024-04-30 18:00:00,USA,PJM,US-MIDA-PJM,346.59,421.58,38.45,9.34,pjm.com,false,
2024-04-30 19:00:00,USA,PJM,US-MIDA-PJM,350.08,426.15,37.87,9.2,pjm.com,false,
2024-04-30 20:00:00,USA,PJM,US-MIDA-PJM,352.16,429.16,37.21,9.1,pjm.com,false,
2024-04-30 21:00:00,USA,PJM,US-MIDA-PJM,357.12,434.78,36.44,8.74,pjm.com,false,
2024-04-30 22:00:00,USA,PJM,US-MIDA-PJM,363.87,442.48,35.24,7.74,pjm.com,false,
2024-04-30 23:00:00,USA,PJM,US-MIDA-PJM,367.21,446.57,34.46,6.89,pjm.com,false,
2024-05-01 00:00:00,USA,PJM,US-MIDA-PJM,369.36,448.51,34.3,6.72,pjm.com,false,
2024-05-01 01:00:00,USA,PJM,US-MIDA-PJM,363.21,440.68,35.55,7.44,pjm.com,false,
2024-05-01 02:00:00,USA,PJM,US-MIDA-PJM,354.32,429.47,37.35,7.64,pjm.com,false,
2024-05-01 03:00:00,USA,PJM,US-MIDA-PJM,339.71,411.3,39.51,7.8,pjm.com,false,
2024-05-01 04:00:00,USA,PJM,US-MIDA-PJM,328.47,397.85,41.56,8.15,pjm.com,false,
2024-05-01 05:00:00,USA,PJM,US-MIDA-PJM,317.75,385.78,43.13,8.64,pjm.com,false,
2024-05-01 06:00:00,USA,PJM,US-MIDA-PJM,313.62,381.81,43.24,8.25,pjm.com,false,
2024-05-01 07:00:00,USA,PJM,US-MIDA-PJM,309.6,377.06,44.01,8.46,pjm.com,false,
2024-05-01 08:00:00,USA,PJM,US-MIDA-PJM,311.52,379.63,43.44,7.88,pjm.com,false,
2024-05-01 09:00:00,USA,PJM,US-MIDA-PJM,314.02,382.7,42.85,7.58,pjm.com,false,
2024-05-01 10:00:00,USA,PJM,US-MIDA-PJM,322.64,392.58,41.43,7.66,pjm.com,false,
2024-05-01 11:00:00,USA,PJM,US-MIDA-PJM,328.22,399.74,40.06,7.93,pjm.com,false,
2024-05-01 12:00:00,USA,PJM,US-MIDA-PJM,323.98,395.2,40.79,9.46,pjm.com,false,
2024-05-01 13:00:00,USA,PJM,US-MIDA-PJM,319.72,390.26,41.71,10.64,pjm.com,false,
2024-05-01 14:00:00,USA,PJM,US-MIDA-PJM,316.82,387.39,41.89,11.3,pjm.com,false,
2024-05-01 15:00:00,USA,PJM,US-MIDA-PJM,315.91,386.68,41.85,11.87,pjm.com,false,
2024-05-01 16:00:00,USA,PJM,US-MIDA-PJM,316.32,387.45,41.52,11.97,pjm.com,false,
2024-05-01 17:00:00,USA,PJM,US-MIDA-PJM,322.19,394.88,40.54,11.62,pjm.com,false,
2024-05-01 18:00:00,USA,PJM,US-MIDA-PJM,327.74,401.7,39.83,11.55,pjm.com,false,
2024-05-01 19:00:00,USA,PJM,US-MIDA-PJM,329.83,404.35,39.5,11.72,pjm.com,false,
2024-05-01 20:00:00,USA,PJM,US-MIDA-PJM,334.28,409.7,38.58,11.47,pjm.com,false,
2024-05-01 21:00:00,USA,PJM,US-MIDA-PJM,346.33,423.14,36.85,10.24,pjm.com,false,
2024-05-01 22:00:00,USA,PJM,US-MIDA-PJM,362.27,441.21,34.47,8.25,pjm.com,false,
2024-05-01 23:00:00,USA,PJM,US-MIDA-PJM,380.6,461.46,32.01,5.56,pjm.com,false,
2024-05-02 00:00:00,USA,PJM,US-MIDA-PJM,387.39,468.28,31.64,4.51,pjm.com,false,
2024-05-02 01:00:00,USA,PJM,US-MIDA-PJM,386.57,466.83,32.17,4.34,pjm.com,false,
2024-05-02 02:00:00,USA,PJM,US-MIDA-PJM,382.41,461.26,33.48,3.49,pjm.com,false,
2024-05-02 03:00:00,USA,PJM,US-MIDA-PJM,373.38,449.71,35.14,2.8,pjm.com,false,
2024-05-02 04:00:00,USA,PJM,US-MIDA-PJM,362.2,435.65,36.82,2.72,pjm.com,false,
2024-05-02 05:00:00,USA,PJM,US-MIDA-PJM,349.96,422.07,38.49,3.09,pjm.com,false,
2024-05-02 06:00:00,USA,PJM,US-MIDA-PJM,338.03,409.1,39.9,3.59,pjm.com,false,
2024-05-02 07:00:00,USA,PJM,US-MIDA-PJM,330.58,400.09,41.45,4.54,pjm.com,false,
2024-05-02 08:00:00,USA,PJM,US-MIDA-PJM,325.16,393.43,42.64,5.77,pjm.com,false,
2024-05-02 09:00:00,USA,PJM,US-MIDA-PJM,322.47,390.13,43.2,7.27,pjm.com,false,
2024-05-02 10:00:00,USA,PJM,US-MIDA-PJM,325.24,394.0,42.19,8.22,pjm.com,false,
2024-05-02 11:00:00,USA,PJM,US-MIDA-PJM,327.29,396.08,42.22,9.7,pjm.com,false,
2024-05-02 12:00:00,USA,PJM,US-MIDA-PJM,316.8,385.02,43.55,12.14,pjm.com,false,
2024-05-02 13:00:00,USA,PJM,US-MIDA-PJM,313.79,382.26,43.77,12.95,pjm.com,false,
2024-05-02 14:00:00,USA,PJM,US-MIDA-PJM,318.86,388.53,42.86,12.65,pjm.com,false,
2024-05-02 15:00:00,USA,PJM,US-MIDA-PJM,332.1,404.06,41.25,11.97,pjm.com,false,
2024-05-02 16:00:00,USA,PJM,US-MIDA-PJM,339.47,413.3,40.16,11.94,pjm.com,false,
2024-05-02 17:00:00,USA,PJM,US-MIDA-PJM,343.0,417.87,39.55,12.23,pjm.com,false,
2024-05-02 18:00:00,USA,PJM,US-MIDA-PJM,345.6,421.19,39.05,12.48,pjm.com,false,
2024-05-02 19:00:00,USA,PJM,US-MIDA-PJM,351.41,428.13,37.98,11.87,pjm.com,false,
2024-05-02 20:00:00,USA,PJM,US-MIDA-PJM,352.43,429.47,37.61,12.15,pjm.com,false,
2024-05-02 21:00:00,USA,PJM,US-MIDA-PJM,357.15,435.7,36.18,11.1,pjm.com,false,
2024-05-02 22:00:00,USA,PJM,US-MIDA-PJM,368.64,449.06,34.07,9.02,pjm.com,false,
2024-05-02 23:00:00,USA,PJM,US-MIDA-PJM,386.12,468.34,31.61,6.19,pjm.com,false,
2024-05-03 00:00:00,USA,PJM,US-MIDA-PJM,387.21,469.25,31.68,5.61,pjm.com,false,
2024-05-03 01:00:00,USA,PJM,US-MIDA-PJM,385.18,465.73,32.54,5.82,pjm.com,false,
2024-05-03 02:00:00,USA,PJM,US-MIDA-PJM,379.13,457.41,34.33,5.76,pjm.com,false,
2024-05-03 03:00:00,USA,PJM,US-MIDA-PJM,380.11,456.78,35.03,4.21,pjm.com,false,
2024-05-03 04:00:00,USA,PJM,US-MIDA-PJM,373.67,447.61,35.88,3.0,pjm.com,false,
2024-05-03 05:00:00,USA,PJM,US-MIDA-PJM,362.25,434.59,37.44,3.47,pjm.com,false,
2024-05-03 06:00:00,USA,PJM,US-MIDA-PJM,352.89,424.3,38.59,3.82,pjm.com,false,
2024-05-03 07:00:00,USA,PJM,US-MIDA-PJM,342.16,413.24,39.38,3.97,pjm.com,false,
2024-05-03 08:00:00,USA,PJM,US-MIDA-PJM,335.59,406.24,40.04,4.36,pjm.com,false,
2024-05-03 09:00:00,USA,PJM,US-MIDA-PJM,340.14,411.42,39.33,4.21,pjm.com,false,
2024-05-03 10:00:00,USA,PJM,US-MIDA-PJM,350.65,423.39,37.7,3.75,pjm.com,false,
2024-05-03 11:00:00,USA,PJM,US-MIDA-PJM,352.71,425.56,37.6,4.86,pjm.com,false,
2024-05-03 12:00:00,USA,PJM,US-MIDA-PJM,350.74,423.37,38.1,6.4,pjm.com,false,
2024-05-03 13:00:00,USA,PJM,US-MIDA-PJM,348.48,421.08,38.35,7.09,pjm.com,false,
2024-05-03 14:00:00,USA,PJM,US-MIDA-PJM,348.92,422.32,38.46,7.34,pjm.com,false,
2024-05-03 15:00:00,USA,PJM,US-MIDA-PJM,343.84,417.08,39.15,8.34,pjm.com,false,
2024-05-03 16:00:00,USA,PJM,US-MIDA-PJM,338.29,410.73,40.04,9.32,pjm.com,false,
2024-05-03 17:00:00,USA,PJM,US-MIDA-PJM,342.38,415.18,39.27,9.12,pjm.com,false,
2024-05-03 18:00:00,USA,PJM,US-MIDA-PJM,335.64,407.68,40.22,9.88,pjm.com,false,
2024-05-03 19:00:00,USA,PJM,US-MIDA-PJM,333.56,405.39,40.53,10.07,pjm.com,false,
2024-05-03 20:00:00,USA,PJM,US-MIDA-PJM,336.24,408.7,39.85,9.54,pjm.com,false,
2024-05-03 21:00:00,USA,PJM,US-MIDA-PJM,337.37,409.92,39.67,9.09,pjm.com,false,
2024-05-03 22:00:00,USA,PJM,US-MIDA-PJM,349.78,423.55,37.88,6.83,pjm.com,false,
2024-05-03 23:00:00,USA,PJM,US-MIDA-PJM,354.35,428.98,36.81,5.22,pjm.com,false,
2024-05-04 00:00:00,USA,PJM,US-MIDA-PJM,354.31,429.06,36.53,5.17,pjm.com,false,
2024-05-04 01:00:00,USA,PJM,US-MIDA-PJM,353.24,427.18,37.2,5.41,pjm.com,false,
2024-05-04 02:00:00,USA,PJM,US-MIDA-PJM,345.33,417.97,38.38,5.02,pjm.com,false,
2024-05-04 03:00:00,USA,PJM,US-MIDA-PJM,339.83,411.49,39.06,4.56,pjm.com,false,
2024-05-04 04:00:00,USA,PJM,US-MIDA-PJM,337.53,408.15,39.94,4.19,pjm.com,false,
2024-05-04 05:00:00,USA,PJM,US-MIDA-PJM,326.3,395.77,41.4,4.24,pjm.com,false,
2024-05-04 06:00:00,USA,PJM,US-MIDA-PJM,320.0,389.07,42.04,4.14,pjm.com,false,
2024-05-04 07:00:00,USA,PJM,US-MIDA-PJM,316.1,384.69,42.61,3.86,pjm.com,false,
2024-05-04 08:00:00,USA,PJM,US-MIDA-PJM,314.66,383.33,42.64,3.84,pjm.com,false,
2024-05-04 09:00:00,USA,PJM,US-MIDA-PJM,312.75,381.34,42.79,4.2,pjm.com,false,
2024-05-04 10:00:00,USA,PJM,US-MIDA-PJM,312.65,381.4,42.65,4.39,pjm.com,false,
2024-05-04 11:00:00,USA,PJM,US-MIDA-PJM,314.91,383.94,42.37,4.65,pjm.com,false,
2024-05-04 12:00:00,USA,PJM,US-MIDA-PJM,323.79,393.84,41.22,4.82,pjm.com,false,
2024-05-04 13:00:00,USA,PJM,US-MIDA-PJM,330.69,401.5,40.37,4.64,pjm.com,false,
2024-05-04 14:00:00,USA,PJM,US-MIDA-PJM,330.97,402.04,40.21,4.98,pjm.com,false,
2024-05-04 15:00:00,USA,PJM,US-MIDA-PJM,329.16,400.04,40.5,5.54,pjm.com,false,
2024-05-04 16:00:00,USA,PJM,US-MIDA-PJM,323.8,393.65,41.61,6.62,pjm.com,false,
2024-05-04 17:00:00,USA,PJM,US-MIDA-PJM,315.85,384.41,43.03,8.15,pjm.com,false,
2024-05-04 18:00:00,USA,PJM,US-MIDA-PJM,319.39,387.58,43.11,8.39,pjm.com,false,
2024-05-04 19:00:00,USA,PJM,US-MIDA-PJM,319.91,387.96,43.18,8.74,pjm.com,false,
2024-05-04 20:00:00,USA,PJM,US-MIDA-PJM,318.38,386.31,43.33,9.46,pjm.com,false,
2024-05-04 21:00:00,USA,PJM,US-MIDA-PJM,318.28,386.53,43.04,9.38,pjm.com,false,
2024-05-04 22:00:00,USA,PJM,US-MIDA-PJM,324.82,393.67,42.22,8.76,pjm.com,false,
2024-05-04 23:00:00,USA,PJM,US-MIDA-PJM,319.75,387.88,42.96,9.46,pjm.com,false,
2024-05-05 00:00:00,USA,PJM,US-MIDA-PJM,322.07,390.64,42.47,8.95,pjm.com,false,
2024-05-05 01:00:00,USA,PJM,US-MIDA-PJM,324.33,392.58,42.53,8.99,pjm.com,false,
2024-05-05 02:00:00,USA,PJM,US-MIDA-PJM,320.73,387.87,43.44,8.98,pjm.com,false,
2024-05-05 03:00:00,USA,PJM,US-MIDA-PJM,313.37,379.55,44.44,8.53,pjm.com,false,
2024-05-05 04:00:00,USA,PJM,US-MIDA-PJM,309.6,374.97,45.27,7.94,pjm.com,false,
2024-05-05 05:00:00,USA,PJM,US-MIDA-PJM,302.36,367.24,45.99,7.55,pjm.com,false,
2024-05-05 06:00:00,USA,PJM,US-MIDA-PJM,299.29,363.31,46.78,7.4,pjm.com,false,
2024-05-05 07:00:00,USA,PJM,US-MIDA-PJM,297.52,360.96,47.31,7.2,pjm.com,false,
2024-05-05 08:00:00,USA,PJM,US-MIDA-PJM,297.92,361.54,47.18,6.85,pjm.com,false,
2024-05-05 09:00:00,USA,PJM,US-MIDA-PJM,300.59,364.71,46.69,6.35,pjm.com,false,
2024-05-05 10:00:00,USA,PJM,US-MIDA-PJM,303.06,367.51,46.33,5.98,pjm.com,false,
2024-05-05 11:00:00,USA,PJM,US-MIDA-PJM,305.05,369.8,46.06,6.27,pjm.com,false,
2024-05-05 12:00:00,USA,PJM,US-MIDA-PJM,309.3,376.05,44.49,6.42,pjm.com,false,
2024-05-05 13:00:00,USA,PJM,US-MIDA-PJM,314.46,382.68,43.22,6.47,pjm.com,false,
2024-05-05 14:00:00,USA,PJM,US-MIDA-PJM,315.89,384.56,42.87,6.51,pjm.com,false,
2024-05-05 15:00:00,USA,PJM,US-MIDA-PJM,320.64,390.0,42.2,6.64,pjm.com,false,
2024-05-05 16:00:00,USA,PJM,US-MIDA-PJM,318.53,387.49,42.74,7.49,pjm.com,false,
2024-05-05 17:00:00,USA,PJM,US-MIDA-PJM,320.08,389.34,42.46,7.7,pjm.com,false,
2024-05-05 18:00:00,USA,PJM,US-MIDA-PJM,321.05,390.0,42.64,8.01,pjm.com,false,
2024-05-05 19:00:00,USA,PJM,US-MIDA-PJM,326.13,395.85,41.73,7.31,pjm.com,false,
2024-05-05 20:00:00,USA,PJM,US-MIDA-PJM,328.89,399.6,40.8,6.78,pjm.com,false,
2024-05-05 21:00:00,USA,PJM,US-MIDA-PJM,327.17,397.9,40.92,7.28,pjm.com,false,
2024-05-05 22:00:00,USA,PJM,US-MIDA-PJM,329.94,400.65,40.78,7.3,pjm.com,false,
2024-05-05 23:00:00,USA,PJM,US-MIDA-PJM,335.55,406.88,39.92,6.22,pjm.com,false,
2024-05-06 00:00:00,USA,PJM,US-MIDA-PJM,341.86,413.68,39.15,5.69,pjm.com,false,
2024-05-06 01:00:00,USA,PJM,US-MIDA-PJM,341.06,412.7,39.29,5.28,pjm.com,false,
2024-05-06 02:00:00,USA,PJM,US-MIDA-PJM,337.83,408.75,39.91,4.49,pjm.com,false,
2024-05-06 03:00:00,USA,PJM,US-MIDA-PJM,334.64,404.4,40.88,3.8,pjm.com,false,
2024-05-06 04:00:00,USA,PJM,US-MIDA-PJM,324.79,392.91,42.59,3.81,pjm.com,false,
2024-05-06 05:00:00,USA,PJM,US-MIDA-PJM,315.62,383.0,43.65,4.12,pjm.com,false,
2024-05-06 06:00:00,USA,PJM,US-MIDA-PJM,311.12,377.82,44.38,4.14,pjm.com,false,
2024-05-06 07:00:00,USA,PJM,US-MIDA-PJM,311.31,377.84,44.51,3.87,pjm.com,false,
2024-05-06 08:00:00,USA,PJM,US-MIDA-PJM,313.07,380.3,43.92,3.64,pjm.com,false,
2024-05-06 09:00:00,USA,PJM,US-MIDA-PJM,317.84,386.43,42.63,3.63,pjm.com,false,
2024-05-06 10:00:00,USA,PJM,US-MIDA-PJM,327.71,398.61,40.41,3.51,pjm.com,false,
2024-05-06 11:00:00,USA,PJM,US-MIDA-PJM,338.1,410.56,38.74,3.58,pjm.com,false,
2024-05-06 12:00:00,USA,PJM,US-MIDA-PJM,344.64,417.68,38.06,3.9,pjm.com,false,
2024-05-06 13:00:00,USA,PJM,US-MIDA-PJM,342.4,415.34,38.33,4.42,pjm.com,false,
2024-05-06 14:00:00,USA,PJM,US-MIDA-PJM,338.79,411.56,39.21,5.41,pjm.com,false,
2024-05-06 15:00:00,USA,PJM,US-MIDA-PJM,332.32,404.96,39.85,6.47,pjm.com,false,
2024-05-06 16:00:00,USA,PJM,US-MIDA-PJM,327.71,399.66,40.43,7.36,pjm.com,false,
2024-05-06 17:00:00,USA,PJM,US-MIDA-PJM,325.32,396.67,41.1,8.48,pjm.com,false,
2024-05-06 18:00:00,USA,PJM,US-MIDA-PJM,326.24,397.6,41.1,8.78,pjm.com,false,
2024-05-06 19:00:00,USA,PJM,US-MIDA-PJM,324.32,395.76,41.02,8.91,pjm.com,false,
2024-05-06 20:00:00,USA,PJM,US-MIDA-PJM,329.99,402.54,39.91,8.38,pjm.com,false,
2024-05-06 21:00:00,USA,PJM,US-MIDA-PJM,335.4,408.56,39.16,7.99,pjm.com,false,
2024-05-06 22:00:00,USA,PJM,US-MIDA-PJM,339.03,412.6,38.55,7.46,pjm.com,false,
2024-05-06 23:00:00,USA,PJM,US-MIDA-PJM,339.7,413.72,38.17,6.93,pjm.com,false,
2024-05-07 00:00:00,USA,PJM,US-MIDA-PJM,342.43,416.87,37.7,6.63,pjm.com,false,
2024-05-07 01:00:00,USA,PJM,US-MIDA-PJM,345.03,419.16,37.68,6.29,pjm.com,false,
2024-05-07 02:00:00,USA,PJM,US-MIDA-PJM,341.57,414.66,38.24,4.88,pjm.com,false,
2024-05-07 03:00:00,USA,PJM,US-MIDA-PJM,330.22,400.97,40.29,4.85,pjm.com,false,
2024-05-07 04:00:00,USA,PJM,US-MIDA-PJM,317.12,384.92,43.12,5.51,pjm.com,false,
2024-05-07 05:00:00,USA,PJM,US-MIDA-PJM,308.07,374.84,44.34,6.01,pjm.com,false,
2024-05-07 06:00:00,USA,PJM,US-MIDA-PJM,301.33,367.58,45.07,6.37,pjm.com,false,
2024-05-07 07:00:00,USA,PJM,US-MIDA-PJM,298.36,364.14,45.57,6.44,pjm.com,false,
2024-05-07 08:00:00,USA,PJM,US-MIDA-PJM,296.87,362.39,45.84,6.68,pjm.com,false,
2024-05-07 09:00:00,USA,PJM,US-MIDA-PJM,301.41,367.9,44.89,6.87,pjm.com,false,
2024-05-07 10:00:00,USA,PJM,US-MIDA-PJM,309.11,376.69,43.71,7.17,pjm.com,false,
2024-05-07 11:00:00,USA,PJM,US-MIDA-PJM,313.32,382.21,42.64,7.52,pjm.com,false,
2024-05-07 12:00:00,USA,PJM,US-MIDA-PJM,322.18,392.8,41.02,6.96,pjm.com,false,
2024-05-07 13:00:00,USA,PJM,US-MIDA-PJM,322.19,392.94,41.08,7.28,pjm.com,false,
2024-05-07 14:00:00,USA,PJM,US-MIDA-PJM,319.7,389.85,42.13,8.7,pjm.com,false,
2024-05-07 15:00:00,USA,PJM,US-MIDA-PJM,314.45,384.07,43.13,10.11,pjm.com,false,
2024-05-07 16:00:00,USA,PJM,US-MIDA-PJM,313.06,382.88,43.34,11.14,pjm.com,false,
2024-05-07 17:00:00,USA,PJM,US-MIDA-PJM,317.95,388.68,42.87,11.53,pjm.com,false,
2024-05-07 18:00:00,USA,PJM,US-MIDA-PJM,317.17,387.7,42.81,12.22,pjm.com,false,
2024-05-07 19:00:00,USA,PJM,US-MIDA-PJM,311.24,381.3,43.54,13.73,pjm.com,false,
2024-05-07 20:00:00,USA,PJM,US-MIDA-PJM,310.14,380.51,43.46,13.94,pjm.com,false,
2024-05-07 21:00:00,USA,PJM,US-MIDA-PJM,317.61,389.38,42.01,12.9,pjm.com,false,
2024-05-07 22:00:00,USA,PJM,US-MIDA-PJM,331.84,405.72,39.6,10.76,pjm.com,false,
2024-05-07 23:00:00,USA,PJM,US-MIDA-PJM,346.75,422.87,37.04,8.1,pjm.com,false,
2024-05-08 00:00:00,USA,PJM,US-MIDA-PJM,352.77,429.89,35.99,6.78,pjm.com,false,
2024-05-08 01:00:00,USA,PJM,US-MIDA-PJM,351.64,428.5,36.17,6.18,pjm.com,false,
2024-05-08 02:00:00,USA,PJM,US-MIDA-PJM,346.48,422.06,37.25,5.19,pjm.com,false,
2024-05-08 03:00:00,USA,PJM,US-MIDA-PJM,339.03,412.75,38.94,4.6,pjm.com,false,
2024-05-08 04:00:00,USA,PJM,US-MIDA-PJM,326.88,397.32,41.15,4.81,pjm.com,false,
2024-05-08 05:00:00,USA,PJM,US-MIDA-PJM,320.23,389.18,42.06,4.74,pjm.com,false,
2024-05-08 06:00:00,USA,PJM,US-MIDA-PJM,322.48,392.05,41.51,3.86,pjm.com,false,
2024-05-08 07:00:00,USA,PJM,US-MIDA-PJM,319.68,388.29,42.42,3.73,pjm.com,false,
2024-05-08 08:00:00,USA,PJM,US-MIDA-PJM,316.89,385.56,42.52,3.71,pjm.com,false,
2024-05-08 09:00:00,USA,PJM,US-MIDA-PJM,320.44,390.33,41.45,3.79,pjm.com,false,
2024-05-08 10:00:00,USA,PJM,US-MIDA-PJM,332.72,404.8,39.21,3.52,pjm.com,false,
2024-05-08 11:00:00,USA,PJM,US-MIDA-PJM,336.46,409.23,38.55,4.6,pjm.com,false,
2024-05-08 12:00:00,USA,PJM,US-MIDA-PJM,331.62,403.6,39.63,6.94,pjm.com,false,
2024-05-08 13:00:00,USA,PJM,US-MIDA-PJM,323.57,394.23,41.22,8.68,pjm.com,false,
2024-05-08 14:00:00,USA,PJM,US-MIDA-PJM,320.48,390.85,41.72,10.06,pjm.com,false,
2024-05-08 15:00:00,USA,PJM,US-MIDA-PJM,321.25,392.15,41.34,10.57,pjm.com,false,
2024-05-08 16:00:00,USA,PJM,US-MIDA-PJM,322.66,394.34,40.74,10.66,pjm.com,false,
2024-05-08 17:00:00,USA,PJM,US-MIDA-PJM,323.96,396.51,40.56,11.25,pjm.com,false,
2024-05-08 18:00:00,USA,PJM,US-MIDA-PJM,327.11,400.49,40.45,11.79,pjm.com,false,
2024-05-08 19:00:00,USA,PJM,US-MIDA-PJM,331.1,405.21,39.76,11.76,pjm.com,false,
2024-05-08 20:00:00,USA,PJM,US-MIDA-PJM,335.4,410.57,38.7,11.35,pjm.com,false,
2024-05-08 21:00:00,USA,PJM,US-MIDA-PJM,343.9,420.56,37.03,9.98,pjm.com,false,
2024-05-08 22:00:00,USA,PJM,US-MIDA-PJM,358.91,437.66,35.23,7.87,pjm.com,false,
2024-05-08 23:00:00,USA,PJM,US-MIDA-PJM,360.63,440.22,34.54,6.51,pjm.com,false,
2024-05-09 00:00:00,USA,PJM,US-MIDA-PJM,359.69,439.4,34.31,5.75,pjm.com,false,
2024-05-09 01:00:00,USA,PJM,US-MIDA-PJM,351.78,429.87,35.48,6.11,pjm.com,false,
2024-05-09 02:00:00,USA,PJM,US-MIDA-PJM,345.13,420.71,37.46,5.94,pjm.com,false,
2024-05-09 03:00:00,USA,PJM,US-MIDA-PJM,335.78,408.1,39.72,5.7,pjm.com,false,
2024-05-09 04:00:00,USA,PJM,US-MIDA-PJM,324.0,393.3,41.62,5.48,pjm.com,false,
2024-05-09 05:00:00,USA,PJM,US-MIDA-PJM,318.6,386.81,42.73,5.37,pjm.com,false,
2024-05-09 06:00:00,USA,PJM,US-MIDA-PJM,312.66,378.76,44.61,6.14,pjm.com,false,
2024-05-09 07:00:00,USA,PJM,US-MIDA-PJM,307.83,373.67,45.06,5.63,pjm.com,false,
2024-05-09 08:00:00,USA,PJM,US-MIDA-PJM,309.01,375.68,44.39,4.74,pjm.com,false,
2024-05-09 09:00:00,USA,PJM,US-MIDA-PJM,312.74,380.4,43.51,4.74,pjm.com,false,
2024-05-09 10:00:00,USA,PJM,US-MIDA-PJM,317.25,386.91,41.8,4.47,pjm.com,false,
2024-05-09 11:00:00,USA,PJM,US-MIDA-PJM,316.64,386.21,41.98,5.71,pjm.com,false,
2024-05-09 12:00:00,USA,PJM,US-MIDA-PJM,315.7,384.9,42.36,7.09,pjm.com,false,
2024-05-09 13:00:00,USA,PJM,US-MIDA-PJM,311.53,379.62,43.48,8.67,pjm.com,false,
2024-05-09 14:00:00,USA,PJM,US-MIDA-PJM,311.59,379.95,43.52,9.28,pjm.com,false,
2024-05-09 15:00:00,USA,PJM,US-MIDA-PJM,309.29,377.25,44.07,10.24,pjm.com,false,
2024-05-09 16:00:00,USA,PJM,US-MIDA-PJM,305.6,373.12,44.65,11.06,pjm.com,false,
2024-05-09 17:00:00,USA,PJM,US-MIDA-PJM,306.95,374.91,44.3,11.1,pjm.com,false,
2024-05-09 18:00:00,USA,PJM,US-MIDA-PJM,309.68,378.33,43.91,10.92,pjm.com,false,
2024-05-09 19:00:00,USA,PJM,US-MIDA-PJM,309.75,378.61,44.14,11.18,pjm.com,false,
2024-05-09 20:00:00,USA,PJM,US-MIDA-PJM,310.84,380.09,43.85,11.39,pjm.com,false,
2024-05-09 21:00:00,USA,PJM,US-MIDA-PJM,312.85,382.24,43.86,11.47,pjm.com,false,
2024-05-09 22:00:00,USA,PJM,US-MIDA-PJM,318.45,388.14,43.71,11.36,pjm.com,false,
2024-05-09 23:00:00,USA,PJM,US-MIDA-PJM,324.8,395.67,42.68,10.22,pjm.com,false,
2024-05-10 00:00:00,USA,PJM,US-MIDA-PJM,332.99,404.99,41.29,8.84,pjm.com,false,
2024-05-10 01:00:00,USA,PJM,US-MIDA-PJM,341.92,413.86,40.79,7.76,pjm.com,false,
2024-05-10 02:00:00,USA,PJM,US-MIDA-PJM,344.99,416.61,40.34,5.37,pjm.com,false,
2024-05-10 03:00:00,USA,PJM,US-MIDA-PJM,339.93,410.93,40.76,4.22,pjm.com,false,
2024-05-10 04:00:00,USA,PJM,US-MIDA-PJM,326.41,394.35,42.81,4.02,pjm.com,false,
2024-05-10 05:00:00,USA,PJM,US-MIDA-PJM,320.54,387.78,43.41,3.82,pjm.com,false,
2024-05-10 06:00:00,USA,PJM,US-MIDA-PJM,317.44,384.59,43.62,3.66,pjm.com,false,
2024-05-10 07:00:00,USA,PJM,US-MIDA-PJM,313.49,380.58,43.85,3.17,pjm.com,false,
2024-05-10 08:00:00,USA,PJM,US-MIDA-PJM,314.04,381.82,43.32,2.84,pjm.com,false,
2024-05-10 09:00:00,USA,PJM,US-MIDA-PJM,313.99,382.2,43.02,2.88,pjm.com,false,
2024-05-10 10:00:00,USA,PJM,US-MIDA-PJM,313.62,382.55,42.6,3.77,pjm.com,false,
2024-05-10 11:00:00,USA,PJM,US-MIDA-PJM,312.86,382.89,41.97,5.43,pjm.com,false,
2024-05-10 12:00:00,USA,PJM,US-MIDA-PJM,309.69,379.14,42.77,7.09,pjm.com,false,
2024-05-10 13:00:00,USA,PJM,US-MIDA-PJM,309.77,379.54,42.59,7.36,pjm.com,false,
2024-05-10 14:00:00,USA,PJM,US-MIDA-PJM,304.7,373.86,43.46,8.34,pjm.com,false,
2024-05-10 15:00:00,USA,PJM,US-MIDA-PJM,304.63,374.01,43.45,8.8,pjm.com,false,
2024-05-10 16:00:00,USA,PJM,US-MIDA-PJM,305.87,375.07,43.48,8.7,pjm.com,false,
2024-05-10 17:00:00,USA,PJM,US-MIDA-PJM,304.22,372.98,43.76,8.76,pjm.com,false,
2024-05-10 18:00:00,USA,PJM,US-MIDA-PJM,304.16,372.73,43.92,8.82,pjm.com,false,
2024-05-10 19:00:00,USA,PJM,US-MIDA-PJM,303.69,371.96,44.07,9.15,pjm.com,false,
2024-05-10 20:00:00,USA,PJM,US-MIDA-PJM,301.85,369.89,44.27,9.69,pjm.com,false,
2024-05-10 21:00:00,USA,PJM,US-MIDA-PJM,302.23,370.62,43.95,9.55,pjm.com,false,
2024-05-10 22:00:00,USA,PJM,US-MIDA-PJM,303.62,372.16,43.7,8.9,pjm.com,false,
2024-05-10 23:00:00,USA,PJM,US-MIDA-PJM,309.08,378.49,42.74,7.86,pjm.com,false,
2024-05-11 00:00:00,USA,PJM,US-MIDA-PJM,315.03,385.62,41.5,6.55,pjm.com,false,
2024-05-11 01:00:00,USA,PJM,US-MIDA-PJM,315.77,386.47,41.34,6.32,pjm.com,false,
2024-05-11 02:00:00,USA,PJM,US-MIDA-PJM,313.7,383.59,41.89,5.68,pjm.com,false,
2024-05-11 03:00:00,USA,PJM,US-MIDA-PJM,302.61,370.15,44.11,6.6,pjm.com,false,
2024-05-11 04:00:00,USA,PJM,US-MIDA-PJM,291.91,357.01,46.38,7.52,pjm.com,false,
2024-05-11 05:00:00,USA,PJM,US-MIDA-PJM,282.02,345.59,47.99,8.47,pjm.com,false,
2024-05-11 06:00:00,USA,PJM,US-MIDA-PJM,279.95,343.19,48.35,8.26,pjm.com,false,
2024-05-11 07:00:00,USA,PJM,US-MIDA-PJM,280.21,343.27,48.47,7.89,pjm.com,false,
2024-05-11 08:00:00,USA,PJM,US-MIDA-PJM,282.42,345.96,48.01,7.45,pjm.com,false,
2024-05-11 09:00:00,USA,PJM,US-MIDA-PJM,280.42,343.6,48.37,7.35,pjm.com,false,
2024-05-11 10:00:00,USA,PJM,US-MIDA-PJM,280.64,344.08,48.23,7.41,pjm.com,false,
2024-05-11 11:00:00,USA,PJM,US-MIDA-PJM,272.78,334.66,49.98,9.58,pjm.com,false,
2024-05-11 12:00:00,USA,PJM,US-MIDA-PJM,268.5,329.68,50.94,11.2,pjm.com,false,
2024-05-11 13:00:00,USA,PJM,US-MIDA-PJM,263.5,324.09,51.73,12.68,pjm.com,false,
2024-05-11 14:00:00,USA,PJM,US-MIDA-PJM,256.68,315.83,53.18,14.69,pjm.com,false,
2024-05-11 15:00:00,USA,PJM,US-MIDA-PJM,249.8,307.82,54.47,16.63,pjm.com,false,
2024-05-11 16:00:00,USA,PJM,US-MIDA-PJM,247.82,305.75,54.66,17.43,pjm.com,false,
2024-05-11 17:00:00,USA,PJM,US-MIDA-PJM,249.01,307.22,54.42,17.51,pjm.com,false,
2024-05-11 18:00:00,USA,PJM,US-MIDA-PJM,249.34,307.32,54.52,17.48,pjm.com,false,
2024-05-11 19:00:00,USA,PJM,US-MIDA-PJM,253.19,311.76,53.85,17.25,pjm.com,false,
2024-05-11 20:00:00,USA,PJM,US-MIDA-PJM,257.82,316.77,53.31,16.82,pjm.com,false,
2024-05-11 21:00:00,USA,PJM,US-MIDA-PJM,258.42,316.99,53.61,17.06,pjm.com,false,
2024-05-11 22:00:00,USA,PJM,US-MIDA-PJM,265.86,325.81,52.14,15.83,pjm.com,false,
2024-05-11 23:00:00,USA,PJM,US-MIDA-PJM,277.5,339.87,49.68,13.64,pjm.com,false,
2024-05-12 00:00:00,USA,PJM,US-MIDA-PJM,297.34,363.16,46.03,10.2,pjm.com,false,
2024-05-12 01:00:00,USA,PJM,US-MIDA-PJM,308.59,375.91,44.31,8.24,pjm.com,false,
2024-05-12 02:00:00,USA,PJM,US-MIDA-PJM,305.93,373.46,44.26,7.18,pjm.com,false,
2024-05-12 03:00:00,USA,PJM,US-MIDA-PJM,307.23,374.16,44.48,5.22,pjm.com,false,
2024-05-12 04:00:00,USA,PJM,US-MIDA-PJM,304.58,370.21,45.48,3.98,pjm.com,false,
2024-05-12 05:00:00,USA,PJM,US-MIDA-PJM,300.78,365.13,46.64,4.03,pjm.com,false,
2024-05-12 06:00:00,USA,PJM,US-MIDA-PJM,296.27,359.72,47.54,4.14,pjm.com,false,
2024-05-12 07:00:00,USA,PJM,US-MIDA-PJM,294.19,357.92,47.43,4.18,pjm.com,false,
2024-05-12 08:00:00,USA,PJM,US-MIDA-PJM,294.76,359.0,47.02,3.94,pjm.com,false,
2024-05-12 09:00:00,USA,PJM,US-MIDA-PJM,294.32,358.6,47.05,4.18,pjm.com,false,
2024-05-12 10:00:00,USA,PJM,US-MIDA-PJM,293.3,357.16,47.4,4.65,pjm.com,false,
2024-05-12 11:00:00,USA,PJM,US-MIDA-PJM,283.43,344.99,49.85,7.61,pjm.com,false,
2024-05-12 12:00:00,USA,PJM,US-MIDA-PJM,271.09,330.6,52.39,11.72,pjm.com,false,
2024-05-12 13:00:00,USA,PJM,US-MIDA-PJM,271.03,331.32,51.96,12.7,pjm.com,false,
2024-05-12 14:00:00,USA,PJM,US-MIDA-PJM,270.55,330.98,51.93,13.24,pjm.com,false,
2024-05-12 15:00:00,USA,PJM,US-MIDA-PJM,268.03,328.56,51.94,13.14,pjm.com,false,
2024-05-12 16:00:00,USA,PJM,US-MIDA-PJM,268.65,329.6,51.59,13.35,pjm.com,false,
2024-05-12 17:00:00,USA,PJM,US-MIDA-PJM,264.27,324.05,52.69,14.36,pjm.com,false,
2024-05-12 18:00:00,USA,PJM,US-MIDA-PJM,260.68,319.72,53.42,15.31,pjm.com,false,
2024-05-12 19:00:00,USA,PJM,US-MIDA-PJM,266.17,326.47,52.18,14.86,pjm.com,false,
2024-05-12 20:00:00,USA,PJM,US-MIDA-PJM,271.45,333.02,51.08,14.34,pjm.com,false,
2024-05-12 21:00:00,USA,PJM,US-MIDA-PJM,275.24,337.56,50.35,14.29,pjm.com,false,
2024-05-12 22:00:00,USA,PJM,US-MIDA-PJM,282.63,346.08,48.97,13.59,pjm.com,false,
2024-05-12 23:00:00,USA,PJM,US-MIDA-PJM,288.7,353.12,47.75,12.64,pjm.com,false,
2024-05-13 00:00:00,USA,PJM,US-MIDA-PJM,297.91,363.31,46.28,11.31,pjm.com,false,
2024-05-13 01:00:00,USA,PJM,US-MIDA-PJM,295.36,360.16,46.81,11.75,pjm.com,false,
2024-05-13 02:00:00,USA,PJM,US-MIDA-PJM,291.29,354.78,47.83,10.95,pjm.com,false,
2024-05-13 03:00:00,USA,PJM,US-MIDA-PJM,287.74,350.29,48.61,10.32,pjm.com,false,
2024-05-13 04:00:00,USA,PJM,US-MIDA-PJM,283.61,345.36,49.39,10.43,pjm.com,false,
2024-05-13 05:00:00,USA,PJM,US-MIDA-PJM,281.43,342.59,49.93,10.55,pjm.com,false,
2024-05-13 06:00:00,USA,PJM,US-MIDA-PJM,281.78,343.32,49.6,9.86,pjm.com,false,
2024-05-13 07:00:00,USA,PJM,US-MIDA-PJM,282.2,343.4,49.84,9.68,pjm.com,false,
2024-05-13 08:00:00,USA,PJM,US-MIDA-PJM,284.75,346.38,49.4,9.52,pjm.com,false,
2024-05-13 09:00:00,USA,PJM,US-MIDA-PJM,290.99,354.52,47.69,8.36,pjm.com,false,
2024-05-13 10:00:00,USA,PJM,US-MIDA-PJM,298.71,364.71,45.54,7.85,pjm.com,false,
2024-05-13 11:00:00,USA,PJM,US-MIDA-PJM,298.39,364.58,45.67,9.45,pjm.com,false,
2024-05-13 12:00:00,USA,PJM,US-MIDA-PJM,294.62,360.5,46.39,10.72,pjm.com,false,
2024-05-13 13:00:00,USA,PJM,US-MIDA-PJM,296.39,362.95,45.9,10.7,pjm.com,false,
2024-05-13 14:00:00,USA,PJM,US-MIDA-PJM,295.53,362.57,45.75,11.0,pjm.com,false,
2024-05-13 15:00:00,USA,PJM,US-MIDA-PJM,294.85,362.32,45.77,11.47,pjm.com,false,
2024-05-13 16:00:00,USA,PJM,US-MIDA-PJM,294.0,360.96,46.19,12.12,pjm.com,false,
2024-05-13 17:00:00,USA,PJM,US-MIDA-PJM,293.96,359.79,46.9,12.74,pjm.com,false,
2024-05-13 18:00:00,USA,PJM,US-MIDA-PJM,294.91,360.85,46.81,12.85,pjm.com,false,
2024-05-13 19:00:00,USA,PJM,US-MIDA-PJM,297.66,363.74,46.57,13.16,pjm.com,false,
2024-05-13 20:00:00,USA,PJM,US-MIDA-PJM,290.36,355.85,47.38,14.44,pjm.com,false,
2024-05-13 21:00:00,USA,PJM,US-MIDA-PJM,298.35,366.04,45.34,13.14,pjm.com,false,
2024-05-13 22:00:00,USA,PJM,US-MIDA-PJM,310.62,380.37,43.01,11.12,pjm.com,false,
2024-05-13 23:00:00,USA,PJM,US-MIDA-PJM,323.02,394.63,40.84,8.69,pjm.com,false,
2024-05-14 00:00:00,USA,PJM,US-MIDA-PJM,324.37,396.62,40.24,8.15,pjm.com,false,
2024-05-14 01:00:00,USA,PJM,US-MIDA-PJM,322.61,394.31,40.7,8.43,pjm.com,false,
2024-05-14 02:00:00,USA,PJM,US-MIDA-PJM,326.5,398.34,40.25,5.94,pjm.com,false,
2024-05-14 03:00:00,USA,PJM,US-MIDA-PJM,323.3,393.94,41.26,4.87,pjm.com,false,
2024-05-14 04:00:00,USA,PJM,US-MIDA-PJM,311.92,380.0,43.34,5.04,pjm.com,false,
2024-05-14 05:00:00,USA,PJM,US-MIDA-PJM,305.27,371.19,45.26,5.21,pjm.com,false,
2024-05-14 06:00:00,USA,PJM,US-MIDA-PJM,307.16,373.23,45.0,4.63,pjm.com,false,
2024-05-14 07:00:00,USA,PJM,US-MIDA-PJM,303.67,369.41,45.43,4.43,pjm.com,false,
2024-05-14 08:00:00,USA,PJM,US-MIDA-PJM,306.33,372.42,45.06,4.25,pjm.com,false,
2024-05-14 09:00:00,USA,PJM,US-MIDA-PJM,310.95,378.08,44.06,4.04,pjm.com,false,
2024-05-14 10:00:00,USA,PJM,US-MIDA-PJM,314.45,383.37,42.64,4.47,pjm.com,false,
2024-05-14 11:00:00,USA,PJM,US-MIDA-PJM,321.76,391.98,41.36,4.89,pjm.com,false,
2024-05-14 12:00:00,USA,PJM,US-MIDA-PJM,318.47,388.66,41.59,5.34,pjm.com,false,
2024-05-14 13:00:00,USA,PJM,US-MIDA-PJM,317.43,387.83,41.52,5.96,pjm.com,false,
2024-05-14 14:00:00,USA,PJM,US-MIDA-PJM,320.72,391.73,41.32,6.05,pjm.com,false,
2024-05-14 15:00:00,USA,PJM,US-MIDA-PJM,320.62,391.96,41.17,6.45,pjm.com,false,
2024-05-14 16:00:00,USA,PJM,US-MIDA-PJM,316.26,386.83,42.01,7.46,pjm.com,false,
2024-05-14 17:00:00,USA,PJM,US-MIDA-PJM,312.82,382.76,42.71,8.47,pjm.com,false,
2024-05-14 18:00:00,USA,PJM,US-MIDA-PJM,313.59,383.7,42.51,8.6,pjm.com,false,
2024-05-14 19:00:00,USA,PJM,US-MIDA-PJM,312.3,382.12,42.75,8.72,pjm.com,false,
2024-05-14 20:00:00,USA,PJM,US-MIDA-PJM,313.31,383.03,42.74,8.93,pjm.com,false,
2024-05-14 21:00:00,USA,PJM,US-MIDA-PJM,314.39,383.97,42.78,9.44,pjm.com,false,
2024-05-14 22:00:00,USA,PJM,US-MIDA-PJM,308.6,377.27,43.76,10.36,pjm.com,false,
2024-05-14 23:00:00,USA,PJM,US-MIDA-PJM,305.87,374.25,44.1,10.63,pjm.com,false,
2024-05-15 00:00:00,USA,PJM,US-MIDA-PJM,312.88,382.13,43.07,10.04,pjm.com,false,
2024-05-15 01:00:00,USA,PJM,US-MIDA-PJM,318.73,388.44,42.36,8.83,pjm.com,false,
2024-05-15 02:00:00,USA,PJM,US-MIDA-PJM,323.38,392.57,42.29,6.95,pjm.com,false,
2024-05-15 03:00:00,USA,PJM,US-MIDA-PJM,322.19,389.57,43.25,5.96,pjm.com,false,
2024-05-15 04:00:00,USA,PJM,US-MIDA-PJM,319.34,386.25,43.85,5.89,pjm.com,false,
2024-05-15 05:00:00,USA,PJM,US-MIDA-PJM,312.39,378.31,44.86,5.63,pjm.com,false,
2024-05-15 06:00:00,USA,PJM,US-MIDA-PJM,306.44,371.98,45.46,5.66,pjm.com,false,
2024-05-15 07:00:00,USA,PJM,US-MIDA-PJM,302.77,367.93,45.93,5.71,pjm.com,false,
2024-05-15 08:00:00,USA,PJM,US-MIDA-PJM,307.07,373.14,45.06,5.61,pjm.com,false,
2024-05-15 09:00:00,USA,PJM,US-MIDA-PJM,311.66,378.65,44.17,5.49,pjm.com,false,
2024-05-15 10:00:00,USA,PJM,US-MIDA-PJM,316.41,384.99,42.75,5.72,pjm.com,false,
2024-05-15 11:00:00,USA,PJM,US-MIDA-PJM,319.31,388.57,42.16,6.54,pjm.com,false,
2024-05-15 12:00:00,USA,PJM,US-MIDA-PJM,324.9,395.04,41.26,6.55,pjm.com,false,
2024-05-15 13:00:00,USA,PJM,US-MIDA-PJM,326.67,397.47,40.69,6.65,pjm.com,false,
2024-05-15 14:00:00,USA,PJM,US-MIDA-PJM,325.04,396.12,41.26,7.49,pjm.com,false,
2024-05-15 15:00:00,USA,PJM,US-MIDA-PJM,323.85,395.21,41.32,7.97,pjm.com,false,
2024-05-15 16:00:00,USA,PJM,US-MIDA-PJM,322.26,393.29,41.67,8.23,pjm.com,false,
2024-05-15 17:00:00,USA,PJM,US-MIDA-PJM,328.25,399.56,41.13,7.88,pjm.com,false,
2024-05-15 18:00:00,USA,PJM,US-MIDA-PJM,332.19,403.9,40.66,7.75,pjm.com,false,
2024-05-15 19:00:00,USA,PJM,US-MIDA-PJM,335.29,407.56,40.06,7.35,pjm.com,false,
2024-05-15 20:00:00,USA,PJM,US-MIDA-PJM,328.85,400.76,40.71,8.16,pjm.com,false,
2024-05-15 21:00:00,USA,PJM,US-MIDA-PJM,325.76,397.5,41.05,8.71,pjm.com,false,
2024-05-15 22:00:00,USA,PJM,US-MIDA-PJM,329.97,402.04,40.52,8.17,pjm.com,false,
2024-05-15 23:00:00,USA,PJM,US-MIDA-PJM,330.84,403.12,40.28,7.8,pjm.com,false,
2024-05-16 00:00:00,USA,PJM,US-MIDA-PJM,333.96,406.29,40.03,7.29,pjm.com,false,
2024-05-16 01:00:00,USA,PJM,US-MIDA-PJM,335.09,407.14,40.13,6.72,pjm.com,false,
2024-05-16 02:00:00,USA,PJM,US-MIDA-PJM,338.67,409.96,40.39,4.93,pjm.com,false,
2024-05-16 03:00:00,USA,PJM,US-MIDA-PJM,336.67,406.81,41.14,4.09,pjm.com,false,
2024-05-16 04:00:00,USA,PJM,US-MIDA-PJM,328.49,396.5,42.5,4.24,pjm.com,false,
2024-05-16 05:00:00,USA,PJM,US-MIDA-PJM,324.18,392.19,42.72,3.76,pjm.com,false,
2024-05-16 06:00:00,USA,PJM,US-MIDA-PJM,320.84,388.68,43.0,3.41,pjm.com,false,
2024-05-16 07:00:00,USA,PJM,US-MIDA-PJM,316.8,384.4,43.41,3.14,pjm.com,false,
2024-05-16 08:00:00,USA,PJM,US-MIDA-PJM,318.08,386.13,43.01,3.04,pjm.com,false,
2024-05-16 09:00:00,USA,PJM,US-MIDA-PJM,320.35,389.01,42.45,3.08,pjm.com,false,
2024-05-16 10:00:00,USA,PJM,US-MIDA-PJM,323.83,393.68,41.42,3.56,pjm.com,false,
2024-05-16 11:00:00,USA,PJM,US-MIDA-PJM,311.61,380.2,43.28,6.7,pjm.com,false,
2024-05-16 12:00:00,USA,PJM,US-MIDA-PJM,300.37,367.93,44.89,9.19,pjm.com,false,
2024-05-16 13:00:00,USA,PJM,US-MIDA-PJM,299.5,367.42,44.78,9.91,pjm.com,false,
2024-05-16 14:00:00,USA,PJM,US-MIDA-PJM,301.76,369.93,44.53,10.29,pjm.com,false,
2024-05-16 15:00:00,USA,PJM,US-MIDA-PJM,303.9,372.49,44.26,10.66,pjm.com,false,
2024-05-16 16:00:00,USA,PJM,US-MIDA-PJM,307.33,376.8,43.74,10.83,pjm.com,false,
2024-05-16 17:00:00,USA,PJM,US-MIDA-PJM,307.72,378.37,43.17,11.01,pjm.com,false,
2024-05-16 18:00:00,USA,PJM,US-MIDA-PJM,307.94,379.14,42.81,11.12,pjm.com,false,
2024-05-16 19:00:00,USA,PJM,US-MIDA-PJM,310.08,381.63,42.43,10.91,pjm.com,false,
2024-05-16 20:00:00,USA,PJM,US-MIDA-PJM,305.94,376.74,43.3,12.04,pjm.com,false,
2024-05-16 21:00:00,USA,PJM,US-MIDA-PJM,317.09,389.94,41.97,11.01,pjm.com,false,
2024-05-16 22:00:00,USA,PJM,US-MIDA-PJM,322.09,396.17,41.21,10.06,pjm.com,false,
2024-05-16 23:00:00,USA,PJM,US-MIDA-PJM,332.68,408.21,39.54,7.93,pjm.com,false,
2024-05-17 00:00:00,USA,PJM,US-MIDA-PJM,338.58,414.24,38.71,6.83,pjm.com,false,
2024-05-17 01:00:00,USA,PJM,US-MIDA-PJM,338.54,412.62,38.82,6.31,pjm.com,false,
2024-05-17 02:00:00,USA,PJM,US-MIDA-PJM,337.05,409.5,39.63,5.13,pjm.com,false,
2024-05-17 03:00:00,USA,PJM,US-MIDA-PJM,335.64,405.92,40.53,3.9,pjm.com,false,
2024-05-17 04:00:00,USA,PJM,US-MIDA-PJM,330.62,398.93,42.22,3.49,pjm.com,false,
2024-05-17 05:00:00,USA,PJM,US-MIDA-PJM,322.02,389.61,43.21,3.65,pjm.com,false,
2024-05-17 06:00:00,USA,PJM,US-MIDA-PJM,316.45,383.76,43.72,3.51,pjm.com,false,
2024-05-17 07:00:00,USA,PJM,US-MIDA-PJM,312.14,379.07,44.23,3.09,pjm.com,false,
2024-05-17 08:00:00,USA,PJM,US-MIDA-PJM,313.2,380.62,43.8,2.8,pjm.com,false,
2024-05-17 09:00:00,USA,PJM,US-MIDA-PJM,316.86,384.98,43.1,2.6,pjm.com,false,
2024-05-17 10:00:00,USA,PJM,US-MIDA-PJM,319.51,388.42,42.4,3.29,pjm.com,false,
2024-05-17 11:00:00,USA,PJM,US-MIDA-PJM,317.83,387.41,42.12,4.78,pjm.com,false,
2024-05-17 12:00:00,USA,PJM,US-MIDA-PJM,320.57,390.94,41.47,5.54,pjm.com,false,
2024-05-17 13:00:00,USA,PJM,US-MIDA-PJM,319.06,389.49,41.53,5.68,pjm.com,false,
2024-05-17 14:00:00,USA,PJM,US-MIDA-PJM,325.45,397.17,40.97,5.77,pjm.com,false,
2024-05-17 15:00:00,USA,PJM,US-MIDA-PJM,327.69,399.98,41.15,6.14,pjm.com,false,
2024-05-17 16:00:00,USA,PJM,US-MIDA-PJM,327.14,399.09,41.43,6.44,pjm.com,false,
2024-05-17 17:00:00,USA,PJM,US-MIDA-PJM,327.47,399.41,41.4,6.51,pjm.com,false,
2024-05-17 18:00:00,USA,PJM,US-MIDA-PJM,323.64,394.93,42.08,7.42,pjm.com,false,
2024-05-17 19:00:00,USA,PJM,US-MIDA-PJM,320.07,390.88,42.66,7.82,pjm.com,false,
2024-05-17 20:00:00,USA,PJM,US-MIDA-PJM,320.99,391.98,42.45,8.01,pjm.com,false,
2024-05-17 21:00:00,USA,PJM,US-MIDA-PJM,318.32,388.81,43.01,8.18,pjm.com,false,
2024-05-17 22:00:00,USA,PJM,US-MIDA-PJM,323.16,394.28,42.18,7.28,pjm.com,false,
2024-05-17 23:00:00,USA,PJM,US-MIDA-PJM,323.89,395.23,41.93,6.63,pjm.com,false,
2024-05-18 00:00:00,USA,PJM,US-MIDA-PJM,326.55,398.1,41.61,6.38,pjm.com,false,
2024-05-18 01:00:00,USA,PJM,US-MIDA-PJM,333.06,405.31,40.65,4.84,pjm.com,false,
2024-05-18 02:00:00,USA,PJM,US-MIDA-PJM,334.69,406.35,40.53,3.29,pjm.com,false,
2024-05-18 03:00:00,USA,PJM,US-MIDA-PJM,324.92,394.47,42.25,3.15,pjm.com,false,
2024-05-18 04:00:00,USA,PJM,US-MIDA-PJM,318.04,385.34,43.64,3.74,pjm.com,false,
2024-05-18 05:00:00,USA,PJM,US-MIDA-PJM,310.66,375.83,45.44,3.85,pjm.com,false,
2024-05-18 06:00:00,USA,PJM,US-MIDA-PJM,299.17,363.73,46.5,4.01,pjm.com,false,
2024-05-18 07:00:00,USA,PJM,US-MIDA-PJM,294.87,358.87,47.15,4.13,pjm.com,false,
2024-05-18 08:00:00,USA,PJM,US-MIDA-PJM,291.54,355.15,47.63,3.95,pjm.com,false,
2024-05-18 09:00:00,USA,PJM,US-MIDA-PJM,294.06,357.98,47.26,3.62,pjm.com,false,
2024-05-18 10:00:00,USA,PJM,US-MIDA-PJM,298.21,362.38,46.87,3.34,pjm.com,false,
2024-05-18 11:00:00,USA,PJM,US-MIDA-PJM,304.52,369.8,45.75,3.4,pjm.com,false,
2024-05-18 12:00:00,USA,PJM,US-MIDA-PJM,310.11,376.4,44.79,3.72,pjm.com,false,
2024-05-18 13:00:00,USA,PJM,US-MIDA-PJM,312.09,378.88,44.42,4.38,pjm.com,false,
2024-05-18 14:00:00,USA,PJM,US-MIDA-PJM,309.06,375.68,44.84,5.81,pjm.com,false,
2024-05-18 15:00:00,USA,PJM,US-MIDA-PJM,307.64,374.21,45.02,6.51,pjm.com,false,
2024-05-18 16:00:00,USA,PJM,US-MIDA-PJM,311.74,379.14,44.2,6.6,pjm.com,false,
2024-05-18 17:00:00,USA,PJM,US-MIDA-PJM,312.39,379.9,44.07,6.89,pjm.com,false,
2024-05-18 18:00:00,USA,PJM,US-MIDA-PJM,313.14,380.28,44.3,7.24,pjm.com,false,
2024-05-18 19:00:00,USA,PJM,US-MIDA-PJM,307.47,373.83,45.24,8.52,pjm.com,false,
2024-05-18 20:00:00,USA,PJM,US-MIDA-PJM,305.33,371.51,45.62,9.65,pjm.com,false,
2024-05-18 21:00:00,USA,PJM,US-MIDA-PJM,303.14,368.9,45.99,10.36,pjm.com,false,
2024-05-18 22:00:00,USA,PJM,US-MIDA-PJM,307.39,374.15,44.98,9.84,pjm.com,false,
2024-05-18 23:00:00,USA,PJM,US-MIDA-PJM,311.31,378.98,43.98,8.55,pjm.com,false,
2024-05-19 00:00:00,USA,PJM,US-MIDA-PJM,317.0,385.55,42.92,7.2,pjm.com,false,
2024-05-19 01:00:00,USA,PJM,US-MIDA-PJM,318.53,387.22,42.7,6.52,pjm.com,false,
2024-05-19 02:00:00,USA,PJM,US-MIDA-PJM,318.59,386.88,42.88,5.53,pjm.com,false,
2024-05-19 03:00:00,USA,PJM,US-MIDA-PJM,313.27,380.75,43.62,4.54,pjm.com,false,
2024-05-19 04:00:00,USA,PJM,US-MIDA-PJM,309.79,375.66,44.98,4.75,pjm.com,false,
2024-05-19 05:00:00,USA,PJM,US-MIDA-PJM,295.84,360.19,46.81,4.97,pjm.com,false,
2024-05-19 06:00:00,USA,PJM,US-MIDA-PJM,289.21,352.5,47.97,5.1,pjm.com,false,
2024-05-19 07:00:00,USA,PJM,US-MIDA-PJM,285.79,348.65,48.51,5.03,pjm.com,false,
2024-05-19 08:00:00,USA,PJM,US-MIDA-PJM,282.83,345.36,48.91,4.76,pjm.com,false,
2024-05-19 09:00:00,USA,PJM,US-MIDA-PJM,280.77,343.19,49.09,4.82,pjm.com,false,
2024-05-19 10:00:00,USA,PJM,US-MIDA-PJM,279.98,342.16,49.33,4.96,pjm.com,false,
2024-05-19 11:00:00,USA,PJM,US-MIDA-PJM,279.47,341.8,49.38,5.85,pjm.com,false,
2024-05-19 12:00:00,USA,PJM,US-MIDA-PJM,280.68,343.64,49.06,7.4,pjm.com,false,
2024-05-19 13:00:00,USA,PJM,US-MIDA-PJM,286.36,350.14,48.28,8.25,pjm.com,false,
2024-05-19 14:00:00,USA,PJM,US-MIDA-PJM,292.87,357.19,47.6,8.81,pjm.com,false,
2024-05-19 15:00:00,USA,PJM,US-MIDA-PJM,296.26,361.31,46.9,8.81,pjm.com,false,
2024-05-19 16:00:00,USA,PJM,US-MIDA-PJM,298.26,363.96,46.36,8.9,pjm.com,false,
2024-05-19 17:00:00,USA,PJM,US-MIDA-PJM,305.51,372.46,45.03,8.54,pjm.com,false,
2024-05-19 18:00:00,USA,PJM,US-MIDA-PJM,310.8,378.73,44.01,8.25,pjm.com,false,
2024-05-19 19:00:00,USA,PJM,US-MIDA-PJM,308.55,376.74,43.97,9.04,pjm.com,false,
2024-05-19 20:00:00,USA,PJM,US-MIDA-PJM,306.78,375.39,43.82,10.26,pjm.com,false,
2024-05-19 21:00:00,USA,PJM,US-MIDA-PJM,311.69,381.03,43.0,10.32,pjm.com,false,
2024-05-19 22:00:00,USA,PJM,US-MIDA-PJM,316.31,386.25,42.24,9.97,pjm.com,false,
2024-05-19 23:00:00,USA,PJM,US-MIDA-PJM,321.17,392.44,40.86,8.46,pjm.com,false,
2024-05-20 00:00:00,USA,PJM,US-MIDA-PJM,328.04,399.7,40.1,7.38,pjm.com,false,
2024-05-20 01:00:00,USA,PJM,US-MIDA-PJM,326.17,396.96,40.83,7.21,pjm.com,false,
2024-05-20 02:00:00,USA,PJM,US-MIDA-PJM,324.13,393.55,41.78,6.11,pjm.com,false,
2024-05-20 03:00:00,USA,PJM,US-MIDA-PJM,320.92,388.49,43.2,5.59,pjm.com,false,
2024-05-20 04:00:00,USA,PJM,US-MIDA-PJM,319.84,385.96,44.3,5.29,pjm.com,false,
2024-05-20 05:00:00,USA,PJM,US-MIDA-PJM,310.72,376.0,45.39,5.07,pjm.com,false,
2024-05-20 06:00:00,USA,PJM,US-MIDA-PJM,298.67,362.54,47.06,5.28,pjm.com,false,
2024-05-20 07:00:00,USA,PJM,US-MIDA-PJM,297.6,361.96,46.76,4.78,pjm.com,false,
2024-05-20 08:00:00,USA,PJM,US-MIDA-PJM,296.93,361.65,46.52,4.82,pjm.com,false,
2024-05-20 09:00:00,USA,PJM,US-MIDA-PJM,302.63,368.43,45.43,4.66,pjm.com,false,
2024-05-20 10:00:00,USA,PJM,US-MIDA-PJM,310.76,378.19,43.81,4.46,pjm.com,false,
2024-05-20 11:00:00,USA,PJM,US-MIDA-PJM,310.35,378.1,43.71,6.07,pjm.com,false,
2024-05-20 12:00:00,USA,PJM,US-MIDA-PJM,306.55,374.27,44.1,7.81,pjm.com,false,
2024-05-20 13:00:00,USA,PJM,US-MIDA-PJM,306.41,374.46,43.98,9.1,pjm.com,false,
2024-05-20 14:00:00,USA,PJM,US-MIDA-PJM,300.28,367.77,45.5,11.41,pjm.com,false,
2024-05-20 15:00:00,USA,PJM,US-MIDA-PJM,296.96,364.58,46.06,13.0,pjm.com,false,
2024-05-20 16:00:00,USA,PJM,US-MIDA-PJM,300.39,369.58,45.37,13.47,pjm.com,false,
2024-05-20 17:00:00,USA,PJM,US-MIDA-PJM,303.25,373.56,44.31,13.43,pjm.com,false,
2024-05-20 18:00:00,USA,PJM,US-MIDA-PJM,303.73,374.82,43.79,13.76,pjm.com,false,
2024-05-20 19:00:00,USA,PJM,US-MIDA-PJM,304.71,376.2,43.55,13.91,pjm.com,false,
2024-05-20 20:00:00,USA,PJM,US-MIDA-PJM,309.54,382.44,42.21,13.7,pjm.com,false,
2024-05-20 21:00:00,USA,PJM,US-MIDA-PJM,314.48,388.31,41.1,12.92,pjm.com,false,
2024-05-20 22:00:00,USA,PJM,US-MIDA-PJM,321.88,396.92,39.85,11.54,pjm.com,false,
2024-05-20 23:00:00,USA,PJM,US-MIDA-PJM,336.03,412.88,37.89,9.29,pjm.com,false,
2024-05-21 00:00:00,USA,PJM,US-MIDA-PJM,344.89,422.27,37.06,7.4,pjm.com,false,
2024-05-21 01:00:00,USA,PJM,US-MIDA-PJM,348.92,426.29,36.79,6.3,pjm.com,false,
2024-05-21 02:00:00,USA,PJM,US-MIDA-PJM,352.33,428.73,37.24,4.61,pjm.com,false,
2024-05-21 03:00:00,USA,PJM,US-MIDA-PJM,347.99,422.42,38.75,3.72,pjm.com,false,
2024-05-21 04:00:00,USA,PJM,US-MIDA-PJM,333.95,404.27,40.71,3.29,pjm.com,false,
2024-05-21 05:00:00,USA,PJM,US-MIDA-PJM,323.44,391.94,42.44,3.49,pjm.com,false,
2024-05-21 06:00:00,USA,PJM,US-MIDA-PJM,312.61,379.86,43.99,3.9,pjm.com,false,
2024-05-21 07:00:00,USA,PJM,US-MIDA-PJM,302.74,369.14,45.14,4.42,pjm.com,false,
2024-05-21 08:00:00,USA,PJM,US-MIDA-PJM,297.11,363.28,45.59,4.67,pjm.com,false,
2024-05-21 09:00:00,USA,PJM,US-MIDA-PJM,306.34,374.25,43.84,3.99,pjm.com,false,
2024-05-21 10:00:00,USA,PJM,US-MIDA-PJM,318.34,387.6,42.24,4.19,pjm.com,false,
2024-05-21 11:00:00,USA,PJM,US-MIDA-PJM,321.12,390.75,41.94,5.87,pjm.com,false,
2024-05-21 12:00:00,USA,PJM,US-MIDA-PJM,314.91,383.97,42.89,7.93,pjm.com,false,
2024-05-21 13:00:00,USA,PJM,US-MIDA-PJM,308.15,376.62,43.86,9.87,pjm.com,false,
2024-05-21 14:00:00,USA,PJM,US-MIDA-PJM,306.68,375.4,44.42,11.86,pjm.com,false,
2024-05-21 15:00:00,USA,PJM,US-MIDA-PJM,310.2,379.89,44.22,13.14,pjm.com,false,
2024-05-21 16:00:00,USA,PJM,US-MIDA-PJM,318.89,390.52,42.73,13.2,pjm.com,false,
2024-05-21 17:00:00,USA,PJM,US-MIDA-PJM,322.79,395.44,41.84,13.21,pjm.com,false,
2024-05-21 18:00:00,USA,PJM,US-MIDA-PJM,321.87,395.31,41.58,13.57,pjm.com,false,
2024-05-21 19:00:00,USA,PJM,US-MIDA-PJM,321.39,395.47,41.15,13.86,pjm.com,false,
2024-05-21 20:00:00,USA,PJM,US-MIDA-PJM,323.91,399.24,40.52,14.05,pjm.com,false,
2024-05-21 21:00:00,USA,PJM,US-MIDA-PJM,326.64,402.81,39.68,13.66,pjm.com,false,
2024-05-21 22:00:00,USA,PJM,US-MIDA-PJM,335.75,413.09,38.15,12.28,pjm.com,false,
2024-05-21 23:00:00,USA,PJM,US-MIDA-PJM,341.6,420.15,36.83,10.51,pjm.com,false,
2024-05-22 00:00:00,USA,PJM,US-MIDA-PJM,340.83,418.9,36.97,9.92,pjm.com,false,
2024-05-22 01:00:00,USA,PJM,US-MIDA-PJM,339.9,417.05,37.41,9.66,pjm.com,false,
2024-05-22 02:00:00,USA,PJM,US-MIDA-PJM,342.85,419.05,38.05,8.33,pjm.com,false,
2024-05-22 03:00:00,USA,PJM,US-MIDA-PJM,335.45,408.56,40.13,8.1,pjm.com,false,
2024-05-22 04:00:00,USA,PJM,US-MIDA-PJM,319.5,387.89,42.59,8.34,pjm.com,false,
2024-05-22 05:00:00,USA,PJM,US-MIDA-PJM,311.65,378.35,44.16,8.73,pjm.com,false,
2024-05-22 06:00:00,USA,PJM,US-MIDA-PJM,302.28,367.21,45.97,9.31,pjm.com,false,
2024-05-22 07:00:00,USA,PJM,US-MIDA-PJM,294.32,357.62,47.6,9.77,pjm.com,false,
2024-05-22 08:00:00,USA,PJM,US-MIDA-PJM,286.68,349.68,48.19,9.88,pjm.com,false,
2024-05-22 09:00:00,USA,PJM,US-MIDA-PJM,290.13,354.42,47.07,9.16,pjm.com,false,
2024-05-22 10:00:00,USA,PJM,US-MIDA-PJM,302.84,369.51,44.69,8.53,pjm.com,false,
2024-05-22 11:00:00,USA,PJM,US-MIDA-PJM,309.29,377.32,43.49,9.23,pjm.com,false,
2024-05-22 12:00:00,USA,PJM,US-MIDA-PJM,309.09,376.98,43.76,10.68,pjm.com,false,
2024-05-22 13:00:00,USA,PJM,US-MIDA-PJM,306.63,374.65,43.9,11.22,pjm.com,false,
2024-05-22 14:00:00,USA,PJM,US-MIDA-PJM,311.38,381.3,42.8,11.15,pjm.com,false,
2024-05-22 15:00:00,USA,PJM,US-MIDA-PJM,315.07,386.41,42.36,11.85,pjm.com,false,
2024-05-22 16:00:00,USA,PJM,US-MIDA-PJM,316.79,388.65,42.18,12.77,pjm.com,false,
2024-05-22 17:00:00,USA,PJM,US-MIDA-PJM,316.92,388.8,42.38,14.04,pjm.com,false,
2024-05-22 18:00:00,USA,PJM,US-MIDA-PJM,318.95,391.56,41.88,14.36,pjm.com,false,
2024-05-22 19:00:00,USA,PJM,US-MIDA-PJM,319.53,393.37,41.15,14.35,pjm.com,false,
2024-05-22 20:00:00,USA,PJM,US-MIDA-PJM,323.16,398.18,40.32,14.0,pjm.com,false,
2024-05-22 21:00:00,USA,PJM,US-MIDA-PJM,327.32,402.97,39.71,13.57,pjm.com,false,
2024-05-22 22:00:00,USA,PJM,US-MIDA-PJM,334.3,411.23,38.52,12.28,pjm.com,false,
2024-05-22 23:00:00,USA,PJM,US-MIDA-PJM,346.74,426.42,36.26,9.58,pjm.com,false,
2024-05-23 00:00:00,USA,PJM,US-MIDA-PJM,350.09,430.4,35.35,7.73,pjm.com,false,
2024-05-23 01:00:00,USA,PJM,US-MIDA-PJM,349.93,429.91,35.27,6.55,pjm.com,false,
2024-05-23 02:00:00,USA,PJM,US-MIDA-PJM,352.85,432.03,35.42,4.78,pjm.com,false,
2024-05-23 03:00:00,USA,PJM,US-MIDA-PJM,353.0,430.29,36.53,3.35,pjm.com,false,
2024-05-23 04:00:00,USA,PJM,US-MIDA-PJM,341.05,413.84,38.52,3.19,pjm.com,false,
2024-05-23 05:00:00,USA,PJM,US-MIDA-PJM,332.48,403.2,40.2,3.41,pjm.com,false,
2024-05-23 06:00:00,USA,PJM,US-MIDA-PJM,323.92,393.7,41.36,3.59,pjm.com,false,
2024-05-23 07:00:00,USA,PJM,US-MIDA-PJM,318.53,388.39,41.58,3.25,pjm.com,false,
2024-05-23 08:00:00,USA,PJM,US-MIDA-PJM,316.67,386.66,41.6,3.17,pjm.com,false,
2024-05-23 09:00:00,USA,PJM,US-MIDA-PJM,322.73,393.61,40.63,2.87,pjm.com,false,
2024-05-23 10:00:00,USA,PJM,US-MIDA-PJM,334.81,407.01,39.02,2.71,pjm.com,false,
2024-05-23 11:00:00,USA,PJM,US-MIDA-PJM,338.87,412.12,38.18,3.92,pjm.com,false,
2024-05-23 12:00:00,USA,PJM,US-MIDA-PJM,335.66,409.09,38.4,5.54,pjm.com,false,
2024-05-23 13:00:00,USA,PJM,US-MIDA-PJM,337.81,412.09,37.7,5.65,pjm.com,false,
2024-05-23 14:00:00,USA,PJM,US-MIDA-PJM,343.93,419.12,37.42,5.78,pjm.com,false,
2024-05-23 15:00:00,USA,PJM,US-MIDA-PJM,340.89,416.33,37.87,6.92,pjm.com,false,
2024-05-23 16:00:00,USA,PJM,US-MIDA-PJM,333.58,408.35,38.63,8.26,pjm.com,false,
2024-05-23 17:00:00,USA,PJM,US-MIDA-PJM,330.43,405.0,39.22,9.62,pjm.com,false,
2024-05-23 18:00:00,USA,PJM,US-MIDA-PJM,336.22,411.82,38.2,9.18,pjm.com,false,
2024-05-23 19:00:00,USA,PJM,US-MIDA-PJM,339.68,415.44,37.99,9.52,pjm.com,false,
2024-05-23 20:00:00,USA,PJM,US-MIDA-PJM,347.88,425.2,36.84,9.08,pjm.com,false,
2024-05-23 21:00:00,USA,PJM,US-MIDA-PJM,353.45,431.73,36.09,8.55,pjm.com,false,
2024-05-23 22:00:00,USA,PJM,US-MIDA-PJM,357.93,437.01,35.25,7.44,pjm.com,false,
2024-05-23 23:00:00,USA,PJM,US-MIDA-PJM,361.19,440.99,34.39,6.01,pjm.com,false,
2024-05-24 00:00:00,USA,PJM,US-MIDA-PJM,361.46,441.2,34.25,5.21,pjm.com,false,
2024-05-24 01:00:00,USA,PJM,US-MIDA-PJM,365.16,444.88,33.88,4.28,pjm.com,false,
2024-05-24 02:00:00,USA,PJM,US-MIDA-PJM,363.13,441.36,34.59,3.29,pjm.com,false,
2024-05-24 03:00:00,USA,PJM,US-MIDA-PJM,356.58,432.46,36.26,3.52,pjm.com,false,
2024-05-24 04:00:00,USA,PJM,US-MIDA-PJM,342.97,415.19,38.69,4.36,pjm.com,false,
2024-05-24 05:00:00,USA,PJM,US-MIDA-PJM,338.41,409.59,39.58,4.4,pjm.com,false,
2024-05-24 06:00:00,USA,PJM,US-MIDA-PJM,331.97,402.52,40.38,4.13,pjm.com,false,
2024-05-24 07:00:00,USA,PJM,US-MIDA-PJM,326.14,396.47,40.82,3.85,pjm.com,false,
2024-05-24 08:00:00,USA,PJM,US-MIDA-PJM,324.42,394.87,40.83,3.64,pjm.com,false,
2024-05-24 09:00:00,USA,PJM,US-MIDA-PJM,329.52,400.79,39.98,3.33,pjm.com,false,
2024-05-24 10:00:00,USA,PJM,US-MIDA-PJM,336.23,408.12,39.19,3.5,pjm.com,false,
2024-05-24 11:00:00,USA,PJM,US-MIDA-PJM,338.73,411.58,38.43,4.36,pjm.com,false,
2024-05-24 12:00:00,USA,PJM,US-MIDA-PJM,342.63,416.14,37.87,5.31,pjm.com,false,
2024-05-24 13:00:00,USA,PJM,US-MIDA-PJM,340.72,413.82,38.37,6.53,pjm.com,false,
2024-05-24 14:00:00,USA,PJM,US-MIDA-PJM,343.67,417.17,38.3,7.25,pjm.com,false,
2024-05-24 15:00:00,USA,PJM,US-MIDA-PJM,343.65,417.92,38.48,8.2,pjm.com,false,
2024-05-24 16:00:00,USA,PJM,US-MIDA-PJM,336.46,410.02,39.74,10.05,pjm.com,false,
2024-05-24 17:00:00,USA,PJM,US-MIDA-PJM,334.96,408.91,39.58,10.82,pjm.com,false,
2024-05-24 18:00:00,USA,PJM,US-MIDA-PJM,336.22,410.4,39.36,11.23,pjm.com,false,
2024-05-24 19:00:00,USA,PJM,US-MIDA-PJM,331.39,405.1,40.07,12.69,pjm.com,false,
2024-05-24 20:00:00,USA,PJM,US-MIDA-PJM,333.81,407.91,39.74,13.19,pjm.com,false,
2024-05-24 21:00:00,USA,PJM,US-MIDA-PJM,332.53,406.5,39.72,13.24,pjm.com,false,
2024-05-24 22:00:00,USA,PJM,US-MIDA-PJM,335.59,410.41,38.89,12.1,pjm.com,false,
2024-05-24 23:00:00,USA,PJM,US-MIDA-PJM,338.17,413.4,38.48,10.9,pjm.com,false,
2024-05-25 00:00:00,USA,PJM,US-MIDA-PJM,337.1,411.42,39.07,10.34,pjm.com,false,
2024-05-25 01:00:00,USA,PJM,US-MIDA-PJM,337.37,411.69,38.75,9.2,pjm.com,false,
2024-05-25 02:00:00,USA,PJM,US-MIDA-PJM,342.78,417.49,38.11,6.9,pjm.com,false,
2024-05-25 03:00:00,USA,PJM,US-MIDA-PJM,343.29,417.26,38.24,5.33,pjm.com,false,
2024-05-25 04:00:00,USA,PJM,US-MIDA-PJM,338.46,410.0,39.33,4.42,pjm.com,false,
2024-05-25 05:00:00,USA,PJM,US-MIDA-PJM,327.61,397.72,40.88,4.88,pjm.com,false,
2024-05-25 06:00:00,USA,PJM,US-MIDA-PJM,322.85,392.31,41.59,4.96,pjm.com,false,
2024-05-25 07:00:00,USA,PJM,US-MIDA-PJM,316.46,385.11,42.54,4.97,pjm.com,false,
2024-05-25 08:00:00,USA,PJM,US-MIDA-PJM,309.56,377.61,43.36,4.97,pjm.com,false,
2024-05-25 09:00:00,USA,PJM,US-MIDA-PJM,308.56,376.83,43.26,4.45,pjm.com,false,
2024-05-25 10:00:00,USA,PJM,US-MIDA-PJM,304.8,372.18,44.15,4.86,pjm.com,false,
2024-05-25 11:00:00,USA,PJM,US-MIDA-PJM,299.03,366.49,44.53,6.14,pjm.com,false,
2024-05-25 12:00:00,USA,PJM,US-MIDA-PJM,295.12,362.25,45.22,7.84,pjm.com,false,
2024-05-25 13:00:00,USA,PJM,US-MIDA-PJM,297.16,365.05,44.74,8.99,pjm.com,false,
2024-05-25 14:00:00,USA,PJM,US-MIDA-PJM,302.94,371.68,43.91,9.6,pjm.com,false,
2024-05-25 15:00:00,USA,PJM,US-MIDA-PJM,321.53,392.74,42.01,9.22,pjm.com,false,
2024-05-25 16:00:00,USA,PJM,US-MIDA-PJM,329.03,401.4,40.87,9.07,pjm.com,false,
2024-05-25 17:00:00,USA,PJM,US-MIDA-PJM,330.84,404.1,40.07,9.26,pjm.com,false,
2024-05-25 18:00:00,USA,PJM,US-MIDA-PJM,329.27,402.97,39.85,9.81,pjm.com,false,
2024-05-25 19:00:00,USA,PJM,US-MIDA-PJM,325.72,399.2,40.2,10.83,pjm.com,false,
2024-05-25 20:00:00,USA,PJM,US-MIDA-PJM,327.19,401.3,39.7,10.91,pjm.com,false,
2024-05-25 21:00:00,USA,PJM,US-MIDA-PJM,328.94,403.54,39.27,10.73,pjm.com,false,
2024-05-25 22:00:00,USA,PJM,US-MIDA-PJM,339.12,415.32,37.58,9.01,pjm.com,false,
2024-05-25 23:00:00,USA,PJM,US-MIDA-PJM,342.19,418.96,36.94,7.64,pjm.com,false,
2024-05-26 00:00:00,USA,PJM,US-MIDA-PJM,342.1,418.0,37.31,7.02,pjm.com,false,
2024-05-26 01:00:00,USA,PJM,US-MIDA-PJM,342.96,418.19,37.49,6.25,pjm.com,false,
2024-05-26 02:00:00,USA,PJM,US-MIDA-PJM,344.18,418.79,37.75,5.06,pjm.com,false,
2024-05-26 03:00:00,USA,PJM,US-MIDA-PJM,343.01,416.46,38.51,4.22,pjm.com,false,
2024-05-26 04:00:00,USA,PJM,US-MIDA-PJM,331.81,402.29,40.47,4.75,pjm.com,false,
2024-05-26 05:00:00,USA,PJM,US-MIDA-PJM,319.07,387.98,42.19,5.59,pjm.com,false,
2024-05-26 06:00:00,USA,PJM,US-MIDA-PJM,311.8,379.86,43.2,6.02,pjm.com,false,
2024-05-26 07:00:00,USA,PJM,US-MIDA-PJM,301.61,367.81,45.11,6.7,pjm.com,false,
2024-05-26 08:00:00,USA,PJM,US-MIDA-PJM,295.04,360.78,45.77,7.66,pjm.com,false,
2024-05-26 09:00:00,USA,PJM,US-MIDA-PJM,291.95,356.78,46.61,8.14,pjm.com,false,
2024-05-26 10:00:00,USA,PJM,US-MIDA-PJM,288.9,352.88,47.42,8.76,pjm.com,false,
2024-05-26 11:00:00,USA,PJM,US-MIDA-PJM,287.72,351.74,47.7,9.45,pjm.com,false,
2024-05-26 12:00:00,USA,PJM,US-MIDA-PJM,285.31,349.74,47.8,10.83,pjm.com,false,
2024-05-26 13:00:00,USA,PJM,US-MIDA-PJM,283.77,348.76,47.6,12.36,pjm.com,false,
2024-05-26 14:00:00,USA,PJM,US-MIDA-PJM,289.73,355.92,46.83,12.84,pjm.com,false,
2024-05-26 15:00:00,USA,PJM,US-MIDA-PJM,296.43,364.17,45.97,13.25,pjm.com,false,
2024-05-26 16:00:00,USA,PJM,US-MIDA-PJM,315.43,386.18,43.0,11.59,pjm.com,false,
2024-05-26 17:00:00,USA,PJM,US-MIDA-PJM,317.47,388.86,42.42,11.59,pjm.com,false,
2024-05-26 18:00:00,USA,PJM,US-MIDA-PJM,318.03,390.1,41.88,11.56,pjm.com,false,
2024-05-26 19:00:00,USA,PJM,US-MIDA-PJM,323.68,396.58,40.97,11.1,pjm.com,false,
2024-05-26 20:00:00,USA,PJM,US-MIDA-PJM,324.0,397.55,40.53,11.15,pjm.com,false,
2024-05-26 21:00:00,USA,PJM,US-MIDA-PJM,319.9,393.45,40.86,11.15,pjm.com,false,
2024-05-26 22:00:00,USA,PJM,US-MIDA-PJM,324.42,399.15,39.89,10.18,pjm.com,false,
2024-05-26 23:00:00,USA,PJM,US-MIDA-PJM,324.82,400.07,39.92,9.38,pjm.com,false,
2024-05-27 00:00:00,USA,PJM,US-MIDA-PJM,326.32,401.59,39.55,8.5,pjm.com,false,
2024-05-27 01:00:00,USA,PJM,US-MIDA-PJM,324.6,398.49,40.48,8.41,pjm.com,false,
2024-05-27 02:00:00,USA,PJM,US-MIDA-PJM,322.64,395.79,40.53,6.71,pjm.com,false,
2024-05-27 03:00:00,USA,PJM,US-MIDA-PJM,313.58,383.99,42.21,6.15,pjm.com,false,
2024-05-27 04:00:00,USA,PJM,US-MIDA-PJM,294.93,360.71,45.7,7.45,pjm.com,false,
2024-05-27 05:00:00,USA,PJM,US-MIDA-PJM,282.68,347.82,46.84,7.9,pjm.com,false,
2024-05-27 06:00:00,USA,PJM,US-MIDA-PJM,278.95,343.63,47.4,7.88,pjm.com,false,
2024-05-27 07:00:00,USA,PJM,US-MIDA-PJM,275.6,340.21,47.62,7.87,pjm.com,false,
2024-05-27 08:00:00,USA,PJM,US-MIDA-PJM,274.44,338.8,47.87,7.94,pjm.com,false,
2024-05-27 09:00:00,USA,PJM,US-MIDA-PJM,275.77,340.27,47.71,7.77,pjm.com,false,
2024-05-27 10:00:00,USA,PJM,US-MIDA-PJM,274.03,338.46,47.86,8.28,pjm.com,false,
2024-05-27 11:00:00,USA,PJM,US-MIDA-PJM,269.81,333.12,49.05,9.61,pjm.com,false,
2024-05-27 12:00:00,USA,PJM,US-MIDA-PJM,272.3,336.31,48.47,10.75,pjm.com,false,
2024-05-27 13:00:00,USA,PJM,US-MIDA-PJM,282.79,347.57,47.64,10.92,pjm.com,false,
2024-05-27 14:00:00,USA,PJM,US-MIDA-PJM,283.52,349.73,47.35,11.43,pjm.com,false,
2024-05-27 15:00:00,USA,PJM,US-MIDA-PJM,285.18,352.17,46.59,12.36,pjm.com,false,
2024-05-27 16:00:00,USA,PJM,US-MIDA-PJM,284.81,351.8,46.64,13.06,pjm.com,false,
2024-05-27 17:00:00,USA,PJM,US-MIDA-PJM,282.35,348.93,47.27,14.31,pjm.com,false,
2024-05-27 18:00:00,USA,PJM,US-MIDA-PJM,276.57,342.39,48.14,15.62,pjm.com,false,
2024-05-27 19:00:00,USA,PJM,US-MIDA-PJM,273.67,338.93,48.79,16.52,pjm.com,false,
2024-05-27 20:00:00,USA,PJM,US-MIDA-PJM,274.24,340.01,48.57,16.72,pjm.com,false,
2024-05-27 21:00:00,USA,PJM,US-MIDA-PJM,285.14,352.4,47.0,15.64,pjm.com,false,
2024-05-27 22:00:00,USA,PJM,US-MIDA-PJM,289.75,357.89,46.29,14.86,pjm.com,false,
2024-05-27 23:00:00,USA,PJM,US-MIDA-PJM,296.21,366.51,44.45,12.83,pjm.com,false,
2024-05-28 00:00:00,USA,PJM,US-MIDA-PJM,300.15,370.93,43.4,10.92,pjm.com,false,
2024-05-28 01:00:00,USA,PJM,US-MIDA-PJM,304.36,375.56,42.59,9.3,pjm.com,false,
2024-05-28 02:00:00,USA,PJM,US-MIDA-PJM,313.98,385.93,41.4,6.3,pjm.com,false,
2024-05-28 03:00:00,USA,PJM,US-MIDA-PJM,311.45,381.59,42.29,5.65,pjm.com,false,
2024-05-28 04:00:00,USA,PJM,US-MIDA-PJM,301.46,369.9,43.5,5.14,pjm.com,false,
2024-05-28 05:00:00,USA,PJM,US-MIDA-PJM,296.13,363.89,44.27,5.12,pjm.com,false,
2024-05-28 06:00:00,USA,PJM,US-MIDA-PJM,291.66,358.75,45.01,5.18,pjm.com,false,
2024-05-28 07:00:00,USA,PJM,US-MIDA-PJM,288.23,355.03,45.4,5.22,pjm.com,false,
2024-05-28 08:00:00,USA,PJM,US-MIDA-PJM,285.59,352.13,45.71,5.61,pjm.com,false,
2024-05-28 09:00:00,USA,PJM,US-MIDA-PJM,289.77,357.66,44.49,5.53,pjm.com,false,
2024-05-28 10:00:00,USA,PJM,US-MIDA-PJM,298.74,367.94,43.06,5.55,pjm.com,false,
2024-05-28 11:00:00,USA,PJM,US-MIDA-PJM,298.77,368.7,42.74,7.26,pjm.com,false,
2024-05-28 12:00:00,USA,PJM,US-MIDA-PJM,296.85,366.46,43.35,9.0,pjm.com,false,
2024-05-28 13:00:00,USA,PJM,US-MIDA-PJM,291.04,360.12,44.15,10.26,pjm.com,false,
2024-05-28 14:00:00,USA,PJM,US-MIDA-PJM,295.06,364.35,44.03,10.66,pjm.com,false,
2024-05-28 15:00:00,USA,PJM,US-MIDA-PJM,301.84,372.44,43.23,10.58,pjm.com,false,
2024-05-28 16:00:00,USA,PJM,US-MIDA-PJM,302.16,373.14,42.95,11.1,pjm.com,false,
2024-05-28 17:00:00,USA,PJM,US-MIDA-PJM,300.43,370.99,43.45,12.26,pjm.com,false,
2024-05-28 18:00:00,USA,PJM,US-MIDA-PJM,296.77,366.76,44.05,13.39,pjm.com,false,
2024-05-28 19:00:00,USA,PJM,US-MIDA-PJM,291.41,360.3,45.14,15.01,pjm.com,false,
2024-05-28 20:00:00,USA,PJM,US-MIDA-PJM,285.82,353.88,46.05,16.4,pjm.com,false,
2024-05-28 21:00:00,USA,PJM,US-MIDA-PJM,288.99,357.91,45.22,15.69,pjm.com,false,
2024-05-28 22:00:00,USA,PJM,US-MIDA-PJM,292.28,362.07,44.32,14.56,pjm.com,false,
2024-05-28 23:00:00,USA,PJM,US-MIDA-PJM,303.97,375.45,42.3,11.92,pjm.com,false,
2024-05-29 00:00:00,USA,PJM,US-MIDA-PJM,313.49,386.05,40.96,9.77,pjm.com,false,
2024-05-29 01:00:00,USA,PJM,US-MIDA-PJM,317.94,391.09,40.25,8.08,pjm.com,false,
2024-05-29 02:00:00,USA,PJM,US-MIDA-PJM,318.99,391.85,40.26,6.11,pjm.com,false,
2024-05-29 03:00:00,USA,PJM,US-MIDA-PJM,317.71,389.03,41.34,5.19,pjm.com,false,
2024-05-29 04:00:00,USA,PJM,US-MIDA-PJM,307.14,375.06,43.59,5.43,pjm.com,false,
2024-05-29 05:00:00,USA,PJM,US-MIDA-PJM,297.65,364.66,44.74,5.58,pjm.com,false,
2024-05-29 06:00:00,USA,PJM,US-MIDA-PJM,296.65,363.33,45.02,5.47,pjm.com,false,
2024-05-29 07:00:00,USA,PJM,US-MIDA-PJM,297.62,363.87,45.3,5.21,pjm.com,false,
2024-05-29 08:00:00,USA,PJM,US-MIDA-PJM,296.91,363.13,45.36,5.39,pjm.com,false,
2024-05-29 09:00:00,USA,PJM,US-MIDA-PJM,300.42,368.17,44.03,4.84,pjm.com,false,
2024-05-29 10:00:00,USA,PJM,US-MIDA-PJM,306.87,376.25,42.51,4.58,pjm.com,false,
2024-05-29 11:00:00,USA,PJM,US-MIDA-PJM,309.86,379.33,42.52,6.33,pjm.com,false,
2024-05-29 12:00:00,USA,PJM,US-MIDA-PJM,303.56,372.1,43.75,8.17,pjm.com,false,
2024-05-29 13:00:00,USA,PJM,US-MIDA-PJM,303.13,371.4,44.08,9.05,pjm.com,false,
2024-05-29 14:00:00,USA,PJM,US-MIDA-PJM,305.35,374.55,43.45,9.32,pjm.com,false,
2024-05-29 15:00:00,USA,PJM,US-MIDA-PJM,307.59,377.6,42.82,9.5,pjm.com,false,
2024-05-29 16:00:00,USA,PJM,US-MIDA-PJM,307.24,377.55,42.69,9.99,pjm.com,false,
2024-05-29 17:00:00,USA,PJM,US-MIDA-PJM,309.65,380.17,42.96,10.63,pjm.com,false,
2024-05-29 18:00:00,USA,PJM,US-MIDA-PJM,317.88,389.48,41.72,9.57,pjm.com,false,
2024-05-29 19:00:00,USA,PJM,US-MIDA-PJM,318.38,389.88,41.73,9.46,pjm.com,false,
2024-05-29 20:00:00,USA,PJM,US-MIDA-PJM,317.84,389.36,41.71,9.57,pjm.com,false,
2024-05-29 21:00:00,USA,PJM,US-MIDA-PJM,312.18,383.08,42.59,10.77,pjm.com,false,
2024-05-29 22:00:00,USA,PJM,US-MIDA-PJM,305.01,374.96,43.53,11.42,pjm.com,false,
2024-05-29 23:00:00,USA,PJM,US-MIDA-PJM,313.37,385.05,41.9,9.38,pjm.com,false,
2024-05-30 00:00:00,USA,PJM,US-MIDA-PJM,319.36,391.8,40.89,7.88,pjm.com,false,
2024-05-30 01:00:00,USA,PJM,US-MIDA-PJM,320.48,392.97,40.68,7.02,pjm.com,false,
2024-05-30 02:00:00,USA,PJM,US-MIDA-PJM,324.03,396.06,40.72,5.17,pjm.com,false,
2024-05-30 03:00:00,USA,PJM,US-MIDA-PJM,316.26,386.28,42.15,4.6,pjm.com,false,
2024-05-30 04:00:00,USA,PJM,US-MIDA-PJM,306.46,374.95,43.19,4.31,pjm.com,false,
2024-05-30 05:00:00,USA,PJM,US-MIDA-PJM,303.19,370.81,44.02,4.19,pjm.com,false,
2024-05-30 06:00:00,USA,PJM,US-MIDA-PJM,296.17,362.94,45.02,4.14,pjm.com,false,
2024-05-30 07:00:00,USA,PJM,US-MIDA-PJM,291.54,357.73,45.68,4.08,pjm.com,false,
2024-05-30 08:00:00,USA,PJM,US-MIDA-PJM,289.22,355.5,45.72,3.98,pjm.com,false,
2024-05-30 09:00:00,USA,PJM,US-MIDA-PJM,294.04,361.19,44.83,4.05,pjm.com,false,
2024-05-30 10:00:00,USA,PJM,US-MIDA-PJM,299.21,366.67,44.4,4.8,pjm.com,false,
2024-05-30 11:00:00,USA,PJM,US-MIDA-PJM,294.31,361.47,45.15,7.16,pjm.com,false,
2024-05-30 12:00:00,USA,PJM,US-MIDA-PJM,288.38,354.97,46.17,9.03,pjm.com,false,
2024-05-30 13:00:00,USA,PJM,US-MIDA-PJM,286.06,352.22,46.7,9.68,pjm.com,false,
2024-05-30 14:00:00,USA,PJM,US-MIDA-PJM,287.77,355.23,45.66,9.58,pjm.com,false,
2024-05-30 15:00:00,USA,PJM,US-MIDA-PJM,288.31,355.8,45.68,9.77,pjm.com,false,
2024-05-30 16:00:00,USA,PJM,US-MIDA-PJM,289.47,357.22,45.44,10.21,pjm.com,false,
2024-05-30 17:00:00,USA,PJM,US-MIDA-PJM,294.03,362.55,44.56,9.81,pjm.com,false,
2024-05-30 18:00:00,USA,PJM,US-MIDA-PJM,298.9,367.78,43.97,9.63,pjm.com,false,
2024-05-30 19:00:00,USA,PJM,US-MIDA-PJM,301.02,370.14,43.73,9.61,pjm.com,false,
2024-05-30 20:00:00,USA,PJM,US-MIDA-PJM,297.93,366.94,44.43,11.0,pjm.com,false,
2024-05-30 21:00:00,USA,PJM,US-MIDA-PJM,294.57,362.91,45.13,12.23,pjm.com,false,
2024-05-30 22:00:00,USA,PJM,US-MIDA-PJM,299.93,369.14,44.15,11.55,pjm.com,false,
2024-05-30 23:00:00,USA,PJM,US-MIDA-PJM,309.41,380.23,42.25,9.5,pjm.com,false,
2024-05-31 00:00:00,USA,PJM,US-MIDA-PJM,316.63,388.38,41.0,7.6,pjm.com,false,
2024-05-31 01:00:00,USA,PJM,US-MIDA-PJM,314.93,386.6,41.02,7.07,pjm.com,false,
2024-05-31 02:00:00,USA,PJM,US-MIDA-PJM,317.05,388.43,40.97,5.47,pjm.com,false,
2024-05-31 03:00:00,USA,PJM,US-MIDA-PJM,314.17,384.33,41.81,4.76,pjm.com,false,
2024-05-31 04:00:00,USA,PJM,US-MIDA-PJM,306.6,375.0,43.2,5.01,pjm.com,false,
2024-05-31 05:00:00,USA,PJM,US-MIDA-PJM,300.51,368.02,44.17,5.11,pjm.com,false,
2024-05-31 06:00:00,USA,PJM,US-MIDA-PJM,297.26,364.51,44.54,5.04,pjm.com,false,
2024-05-31 07:00:00,USA,PJM,US-MIDA-PJM,295.75,362.64,44.88,4.76,pjm.com,false,
2024-05-31 08:00:00,USA,PJM,US-MIDA-PJM,295.37,362.23,44.92,4.61,pjm.com,false,
2024-05-31 09:00:00,USA,PJM,US-MIDA-PJM,297.58,365.26,44.21,4.41,pjm.com,false,
2024-05-31 10:00:00,USA,PJM,US-MIDA-PJM,299.25,368.0,43.38,4.92,pjm.com,false,
2024-05-31 11:00:00,USA,PJM,US-MIDA-PJM,290.56,358.22,44.92,7.88,pjm.com,false,
2024-05-31 12:00:00,USA,PJM,US-MIDA-PJM,286.48,352.91,46.32,9.98,pjm.com,false,
2024-05-31 13:00:00,USA,PJM,US-MIDA-PJM,289.15,355.84,46.11,10.19,pjm.com,false,
2024-05-31 14:00:00,USA,PJM,US-MIDA-PJM,290.94,358.38,45.49,10.23,pjm.com,false,
2024-05-31 15:00:00,USA,PJM,US-MIDA-PJM,290.21,357.13,45.93,10.59,pjm.com,false,
2024-05-31 16:00:00,USA,PJM,US-MIDA-PJM,289.06,356.1,45.93,10.91,pjm.com,false,
2024-05-31 17:00:00,USA,PJM,US-MIDA-PJM,289.86,357.42,45.5,11.0,pjm.com,false,
2024-05-31 18:00:00,USA,PJM,US-MIDA-PJM,291.82,359.96,44.98,11.09,pjm.com,false,
2024-05-31 19:00:00,USA,PJM,US-MIDA-PJM,290.22,357.83,45.49,11.93,pjm.com,false,
2024-05-31 20:00:00,USA,PJM,US-MIDA-PJM,282.82,348.98,47.1,14.48,pjm.com,false,
2024-05-31 21:00:00,USA,PJM,US-MIDA-PJM,285.73,352.24,46.64,14.67,pjm.com,false,
2024-05-31 22:00:00,USA,PJM,US-MIDA-PJM,295.24,362.63,45.31,13.43,pjm.com,false,
2024-05-31 23:00:00,USA,PJM,US-MIDA-PJM,302.56,370.96,43.98,11.61,pjm.com,false,
2024-06-01 00:00:00,USA,PJM,US-MIDA-PJM,308.44,377.58,42.96,9.67,pjm.com,false,
2024-06-01 01:00:00,USA,PJM,US-MIDA-PJM,317.31,387.57,41.55,7.91,pjm.com,false,
2024-06-01 02:00:00,USA,PJM,US-MIDA-PJM,318.82,389.03,41.32,6.09,pjm.com,false,
2024-06-01 03:00:00,USA,PJM,US-MIDA-PJM,313.13,382.3,42.31,5.4,pjm.com,false,
2024-06-01 04:00:00,USA,PJM,US-MIDA-PJM,304.07,370.62,44.7,5.42,pjm.com,false,
2024-06-01 05:00:00,USA,PJM,US-MIDA-PJM,300.05,366.19,45.22,5.21,pjm.com,false,
2024-06-01 06:00:00,USA,PJM,US-MIDA-PJM,297.27,363.43,45.33,5.43,pjm.com,false,
2024-06-01 07:00:00,USA,PJM,US-MIDA-PJM,294.19,359.55,46.09,5.5,pjm.com,false,
2024-06-01 08:00:00,USA,PJM,US-MIDA-PJM,293.01,357.22,47.03,5.3,pjm.com,false,
2024-06-01 09:00:00,USA,PJM,US-MIDA-PJM,293.71,358.02,46.92,5.01,pjm.com,false,
2024-06-01 10:00:00,USA,PJM,US-MIDA-PJM,293.27,357.44,47.1,5.27,pjm.com,false,
2024-06-01 11:00:00,USA,PJM,US-MIDA-PJM,282.14,343.93,49.74,8.32,pjm.com,false,
2024-06-01 12:00:00,USA,PJM,US-MIDA-PJM,272.87,333.39,51.45,10.93,pjm.com,false,
2024-06-01 13:00:00,USA,PJM,US-MIDA-PJM,271.79,333.04,51.04,11.6,pjm.com,false,
2024-06-01 14:00:00,USA,PJM,US-MIDA-PJM,268.38,329.07,51.7,12.57,pjm.com,false,
2024-06-01 15:00:00,USA,PJM,US-MIDA-PJM,268.36,329.84,51.13,13.24,pjm.com,false,
2024-06-01 16:00:00,USA,PJM,US-MIDA-PJM,266.57,328.12,51.14,14.18,pjm.com,false,
2024-06-01 17:00:00,USA,PJM,US-MIDA-PJM,269.16,331.94,50.1,14.2,pjm.com,false,
2024-06-01 18:00:00,USA,PJM,US-MIDA-PJM,274.81,339.54,48.4,13.57,pjm.com,false,
2024-06-01 19:00:00,USA,PJM,US-MIDA-PJM,279.8,345.99,47.12,13.34,pjm.com,false,
2024-06-01 20:00:00,USA,PJM,US-MIDA-PJM,280.65,347.46,46.64,13.36,pjm.com,false,
2024-06-01 21:00:00,USA,PJM,US-MIDA-PJM,285.53,353.41,45.5,12.59,pjm.com,false,
2024-06-01 22:00:00,USA,PJM,US-MIDA-PJM,296.41,365.66,43.79,10.89,pjm.com,false,
2024-06-01 23:00:00,USA,PJM,US-MIDA-PJM,306.5,376.6,42.49,8.95,pjm.com,false,
2024-06-02 00:00:00,USA,PJM,US-MIDA-PJM,304.35,374.19,42.68,8.23,pjm.com,false,
2024-06-02 01:00:00,USA,PJM,US-MIDA-PJM,307.65,377.9,42.13,7.53,pjm.com,false,
2024-06-02 02:00:00,USA,PJM,US-MIDA-PJM,313.37,384.15,41.24,5.11,pjm.com,false,
2024-06-02 03:00:00,USA,PJM,US-MIDA-PJM,311.11,380.96,41.92,3.76,pjm.com,false,
2024-06-02 04:00:00,USA,PJM,US-MIDA-PJM,304.73,372.81,43.51,3.77,pjm.com,false,
2024-06-02 05:00:00,USA,PJM,US-MIDA-PJM,301.15,368.87,43.96,3.58,pjm.com,false,
2024-06-02 06:00:00,USA,PJM,US-MIDA-PJM,299.59,366.9,44.36,3.31,pjm.com,false,
2024-06-02 07:00:00,USA,PJM,US-MIDA-PJM,297.18,364.3,44.61,3.2,pjm.com,false,
2024-06-02 08:00:00,USA,PJM,US-MIDA-PJM,295.7,362.39,44.99,3.3,pjm.com,false,
2024-06-02 09:00:00,USA,PJM,US-MIDA-PJM,295.81,362.24,45.19,3.28,pjm.com,false,
2024-06-02 10:00:00,USA,PJM,US-MIDA-PJM,295.92,361.9,45.54,3.28,pjm.com,false,
2024-06-02 11:00:00,USA,PJM,US-MIDA-PJM,294.58,360.45,45.8,4.03,pjm.com,false,
2024-06-02 12:00:00,USA,PJM,US-MIDA-PJM,292.34,358.57,45.82,5.48,pjm.com,false,
2024-06-02 13:00:00,USA,PJM,US-MIDA-PJM,291.68,358.2,45.74,6.28,pjm.com,false,
2024-06-02 14:00:00,USA,PJM,US-MIDA-PJM,290.39,357.02,45.82,6.94,pjm.com,false,
2024-06-02 15:00:00,USA,PJM,US-MIDA-PJM,290.14,357.02,45.74,7.54,pjm.com,false,
2024-06-02 16:00:00,USA,PJM,US-MIDA-PJM,295.06,363.18,44.63,7.94,pjm.com,false,
2024-06-02 17:00:00,USA,PJM,US-MIDA-PJM,298.92,368.22,43.57,7.64,pjm.com,false,
2024-06-02 18:00:00,USA,PJM,US-MIDA-PJM,302.37,372.55,42.73,7.52,pjm.com,false,
2024-06-02 19:00:00,USA,PJM,US-MIDA-PJM,303.3,373.77,42.5,8.09,pjm.com,false,
2024-06-02 20:00:00,USA,PJM,US-MIDA-PJM,300.77,371.06,42.81,9.06,pjm.com,false,
2024-06-02 21:00:00,USA,PJM,US-MIDA-PJM,307.2,378.47,41.75,9.08,pjm.com,false,
2024-06-02 22:00:00,USA,PJM,US-MIDA-PJM,315.81,387.64,40.8,8.41,pjm.com,false,
2024-06-02 23:00:00,USA,PJM,US-MIDA-PJM,321.54,393.8,40.08,7.36,pjm.com,false,
2024-06-03 00:00:00,USA,PJM,US-MIDA-PJM,326.47,399.65,39.03,6.19,pjm.com,false,
2024-06-03 01:00:00,USA,PJM,US-MIDA-PJM,333.44,407.62,37.82,4.71,pjm.com,false,
2024-06-03 02:00:00,USA,PJM,US-MIDA-PJM,333.38,407.47,37.84,3.55,pjm.com,false,
2024-06-03 03:00:00,USA,PJM,US-MIDA-PJM,330.85,403.67,38.88,3.01,pjm.com,false,
2024-06-03 04:00:00,USA,PJM,US-MIDA-PJM,329.65,401.18,39.83,2.0,pjm.com,false,
2024-06-03 05:00:00,USA,PJM,US-MIDA-PJM,325.62,396.81,40.29,1.76,pjm.com,false,
2024-06-03 06:00:00,USA,PJM,US-MIDA-PJM,322.72,393.82,40.47,1.69,pjm.com,false,
2024-06-03 07:00:00,USA,PJM,US-MIDA-PJM,317.4,388.14,40.99,1.72,pjm.com,false,
2024-06-03 08:00:00,USA,PJM,US-MIDA-PJM,314.62,385.13,41.28,2.09,pjm.com,false,
2024-06-03 09:00:00,USA,PJM,US-MIDA-PJM,318.4,389.17,40.89,2.62,pjm.com,false,
2024-06-03 10:00:00,USA,PJM,US-MIDA-PJM,325.54,396.94,40.03,3.26,pjm.com,false,
2024-06-03 11:00:00,USA,PJM,US-MIDA-PJM,322.81,394.38,40.13,4.73,pjm.com,false,
2024-06-03 12:00:00,USA,PJM,US-MIDA-PJM,322.57,394.77,39.88,6.06,pjm.com,false,
2024-06-03 13:00:00,USA,PJM,US-MIDA-PJM,323.62,396.1,39.78,7.07,pjm.com,false,
2024-06-03 14:00:00,USA,PJM,US-MIDA-PJM,325.0,398.07,39.58,7.85,pjm.com,false,
2024-06-03 15:00:00,USA,PJM,US-MIDA-PJM,328.56,402.85,39.06,8.38,pjm.com,false,
2024-06-03 16:00:00,USA,PJM,US-MIDA-PJM,331.62,407.02,38.68,9.12,pjm.com,false,
2024-06-03 17:00:00,USA,PJM,US-MIDA-PJM,335.18,411.32,38.06,9.9,pjm.com,false,
2024-06-03 18:00:00,USA,PJM,US-MIDA-PJM,338.85,415.34,37.65,10.27,pjm.com,false,
2024-06-03 19:00:00,USA,PJM,US-MIDA-PJM,337.01,413.3,37.9,11.03,pjm.com,false,
2024-06-03 20:00:00,USA,PJM,US-MIDA-PJM,332.3,408.65,38.09,11.73,pjm.com,false,
2024-06-03 21:00:00,USA,PJM,US-MIDA-PJM,336.03,413.16,37.4,11.47,pjm.com,false,
2024-06-03 22:00:00,USA,PJM,US-MIDA-PJM,342.69,420.19,36.71,10.7,pjm.com,false,
2024-06-03 23:00:00,USA,PJM,US-MIDA-PJM,351.07,428.79,35.97,9.52,pjm.com,false,
2024-06-04 00:00:00,USA,PJM,US-MIDA-PJM,362.2,440.49,34.99,7.8,pjm.com,false,
2024-06-04 01:00:00,USA,PJM,US-MIDA-PJM,370.42,448.85,34.18,6.13,pjm.com,false,
2024-06-04 02:00:00,USA,PJM,US-MIDA-PJM,372.5,449.84,34.57,4.83,pjm.com,false,
2024-06-04 03:00:00,USA,PJM,US-MIDA-PJM,361.72,436.16,36.52,4.67,pjm.com,false,
2024-06-04 04:00:00,USA,PJM,US-MIDA-PJM,347.14,418.21,38.99,5.14,pjm.com,false,
2024-06-04 05:00:00,USA,PJM,US-MIDA-PJM,334.75,404.22,40.75,5.32,pjm.com,false,
2024-06-04 06:00:00,USA,PJM,US-MIDA-PJM,324.49,392.37,42.44,5.57,pjm.com,false,
2024-06-04 07:00:00,USA,PJM,US-MIDA-PJM,321.22,389.36,42.41,4.95,pjm.com,false,
2024-06-04 08:00:00,USA,PJM,US-MIDA-PJM,320.71,389.81,41.75,4.2,pjm.com,false,
2024-06-04 09:00:00,USA,PJM,US-MIDA-PJM,327.35,397.76,40.44,3.52,pjm.com,false,
2024-06-04 10:00:00,USA,PJM,US-MIDA-PJM,335.38,407.18,39.02,3.62,pjm.com,false,
2024-06-04 11:00:00,USA,PJM,US-MIDA-PJM,335.13,407.51,38.79,5.44,pjm.com,false,
2024-06-04 12:00:00,USA,PJM,US-MIDA-PJM,338.79,411.56,38.53,6.8,pjm.com,false,
2024-06-04 13:00:00,USA,PJM,US-MIDA-PJM,340.04,413.38,38.17,7.56,pjm.com,false,
2024-06-04 14:00:00,USA,PJM,US-MIDA-PJM,344.41,418.93,37.67,8.27,pjm.com,false,
2024-06-04 15:00:00,USA,PJM,US-MIDA-PJM,348.25,423.83,36.9,8.92,pjm.com,false,
2024-06-04 16:00:00,USA,PJM,US-MIDA-PJM,357.63,435.18,35.46,8.68,pjm.com,false,
2024-06-04 17:00:00,USA,PJM,US-MIDA-PJM,362.75,441.69,34.18,8.37,pjm.com,false,
2024-06-04 18:00:00,USA,PJM,US-MIDA-PJM,355.81,434.29,34.8,9.4,pjm.com,false,
2024-06-04 19:00:00,USA,PJM,US-MIDA-PJM,351.38,429.59,35.35,10.64,pjm.com,false,
2024-06-04 20:00:00,USA,PJM,US-MIDA-PJM,352.17,430.7,35.02,10.63,pjm.com,false,
2024-06-04 21:00:00,USA,PJM,US-MIDA-PJM,353.68,432.29,34.86,10.45,pjm.com,false,
2024-06-04 22:00:00,USA,PJM,US-MIDA-PJM,353.91,432.78,34.52,9.72,pjm.com,false,
2024-06-04 23:00:00,USA,PJM,US-MIDA-PJM,360.08,439.35,33.86,8.29,pjm.com,false,
2024-06-05 00:00:00,USA,PJM,US-MIDA-PJM,366.24,445.34,33.5,7.06,pjm.com,false,
2024-06-05 01:00:00,USA,PJM,US-MIDA-PJM,373.42,452.61,33.08,5.71,pjm.com,false,
2024-06-05 02:00:00,USA,PJM,US-MIDA-PJM,373.84,451.36,34.09,4.75,pjm.com,false,
2024-06-05 03:00:00,USA,PJM,US-MIDA-PJM,363.35,437.32,36.25,5.33,pjm.com,false,
2024-06-05 04:00:00,USA,PJM,US-MIDA-PJM,347.83,419.1,38.72,6.01,pjm.com,false,
2024-06-05 05:00:00,USA,PJM,US-MIDA-PJM,334.31,403.83,40.69,6.77,pjm.com,false,
2024-06-05 06:00:00,USA,PJM,US-MIDA-PJM,328.42,397.6,41.26,6.51,pjm.com,false,
2024-06-05 07:00:00,USA,PJM,US-MIDA-PJM,328.01,397.91,40.76,5.54,pjm.com,false,
2024-06-05 08:00:00,USA,PJM,US-MIDA-PJM,325.71,395.32,41.08,5.38,pjm.com,false,
2024-06-05 09:00:00,USA,PJM,US-MIDA-PJM,331.39,401.92,40.09,5.0,pjm.com,false,
2024-06-05 10:00:00,USA,PJM,US-MIDA-PJM,342.37,414.42,38.39,4.26,pjm.com,false,
2024-06-05 11:00:00,USA,PJM,US-MIDA-PJM,351.57,425.27,36.79,4.24,pjm.com,false,
2024-06-05 12:00:00,USA,PJM,US-MIDA-PJM,352.31,426.4,36.59,4.78,pjm.com,false,
2024-06-05 13:00:00,USA,PJM,US-MIDA-PJM,352.92,427.56,36.25,5.37,pjm.com,false,
2024-06-05 14:00:00,USA,PJM,US-MIDA-PJM,355.88,430.34,36.34,6.31,pjm.com,false,
2024-06-05 15:00:00,USA,PJM,US-MIDA-PJM,358.89,434.07,35.75,6.62,pjm.com,false,
2024-06-05 16:00:00,USA,PJM,US-MIDA-PJM,349.35,423.72,36.9,8.53,pjm.com,false,
2024-06-05 17:00:00,USA,PJM,US-MIDA-PJM,349.56,424.4,36.64,9.14,pjm.com,false,
2024-06-05 18:00:00,USA,PJM,US-MIDA-PJM,355.81,431.67,35.67,8.82,pjm.com,false,
2024-06-05 19:00:00,USA,PJM,US-MIDA-PJM,352.78,428.9,35.8,9.28,pjm.com,false,
2024-06-05 20:00:00,USA,PJM,US-MIDA-PJM,350.62,426.87,35.73,9.38,pjm.com,false,
2024-06-05 21:00:00,USA,PJM,US-MIDA-PJM,349.59,426.03,35.6,9.46,pjm.com,false,
2024-06-05 22:00:00,USA,PJM,US-MIDA-PJM,354.29,431.38,34.79,8.42,pjm.com,false,
2024-06-05 23:00:00,USA,PJM,US-MIDA-PJM,360.0,437.65,33.94,7.04,pjm.com,false,
2024-06-06 00:00:00,USA,PJM,US-MIDA-PJM,365.74,443.92,33.19,5.77,pjm.com,false,
2024-06-06 01:00:00,USA,PJM,US-MIDA-PJM,372.45,451.01,32.43,4.23,pjm.com,false,
2024-06-06 02:00:00,USA,PJM,US-MIDA-PJM,376.65,454.23,32.82,3.05,pjm.com,false,
2024-06-06 03:00:00,USA,PJM,US-MIDA-PJM,370.87,446.39,34.55,3.34,pjm.com,false,
2024-06-06 04:00:00,USA,PJM,US-MIDA-PJM,356.58,429.36,37.18,4.08,pjm.com,false,
2024-06-06 05:00:00,USA,PJM,US-MIDA-PJM,341.99,412.89,39.28,4.94,pjm.com,false,
2024-06-06 06:00:00,USA,PJM,US-MIDA-PJM,331.03,400.9,40.6,5.48,pjm.com,false,
2024-06-06 07:00:00,USA,PJM,US-MIDA-PJM,322.83,391.97,41.57,5.6,pjm.com,false,
2024-06-06 08:00:00,USA,PJM,US-MIDA-PJM,320.35,389.33,41.82,5.63,pjm.com,false,
2024-06-06 09:00:00,USA,PJM,US-MIDA-PJM,323.89,393.83,40.92,5.31,pjm.com,false,
2024-06-06 10:00:00,USA,PJM,US-MIDA-PJM,330.19,400.69,40.21,5.44,pjm.com,false,
2024-06-06 11:00:00,USA,PJM,US-MIDA-PJM,332.52,403.71,39.73,6.82,pjm.com,false,
2024-06-06 12:00:00,USA,PJM,US-MIDA-PJM,333.99,405.73,39.43,7.68,pjm.com,false,
2024-06-06 13:00:00,USA,PJM,US-MIDA-PJM,334.94,406.94,39.29,8.49,pjm.com,false,
2024-06-06 14:00:00,USA,PJM,US-MIDA-PJM,336.41,409.12,39.1,9.3,pjm.com,false,
2024-06-06 15:00:00,USA,PJM,US-MIDA-PJM,338.15,411.31,38.97,10.11,pjm.com,false,
2024-06-06 16:00:00,USA,PJM,US-MIDA-PJM,330.97,402.98,40.24,12.06,pjm.com,false,
2024-06-06 17:00:00,USA,PJM,US-MIDA-PJM,326.84,398.54,40.74,13.32,pjm.com,false,
2024-06-06 18:00:00,USA,PJM,US-MIDA-PJM,327.2,399.02,40.61,13.64,pjm.com,false,
2024-06-06 19:00:00,USA,PJM,US-MIDA-PJM,329.46,401.73,40.25,13.52,pjm.com,false,
2024-06-06 20:00:00,USA,PJM,US-MIDA-PJM,328.34,400.66,40.24,13.74,pjm.com,false,
2024-06-06 21:00:00,USA,PJM,US-MIDA-PJM,332.54,405.69,39.4,13.13,pjm.com,false,
2024-06-06 22:00:00,USA,PJM,US-MIDA-PJM,335.78,409.26,38.95,12.45,pjm.com,false,
2024-06-06 23:00:00,USA,PJM,US-MIDA-PJM,340.87,415.15,37.99,11.05,pjm.com,false,
2024-06-07 00:00:00,USA,PJM,US-MIDA-PJM,345.37,420.65,36.88,8.96,pjm.com,false,
2024-06-07 01:00:00,USA,PJM,US-MIDA-PJM,349.41,425.7,35.86,7.02,pjm.com,false,
2024-06-07 02:00:00,USA,PJM,US-MIDA-PJM,351.01,427.44,35.71,5.46,pjm.com,false,
2024-06-07 03:00:00,USA,PJM,US-MIDA-PJM,340.93,415.02,37.56,5.41,pjm.com,false,
2024-06-07 04:00:00,USA,PJM,US-MIDA-PJM,331.83,403.62,39.18,5.23,pjm.com,false,
2024-06-07 05:00:00,USA,PJM,US-MIDA-PJM,329.78,400.91,39.76,4.84,pjm.com,false,
2024-06-07 06:00:00,USA,PJM,US-MIDA-PJM,324.9,395.43,40.46,4.81,pjm.com,false,
2024-06-07 07:00:00,USA,PJM,US-MIDA-PJM,319.71,389.48,41.27,4.82,pjm.com,false,
2024-06-07 08:00:00,USA,PJM,US-MIDA-PJM,315.95,385.27,41.8,4.94,pjm.com,false,
2024-06-07 09:00:00,USA,PJM,US-MIDA-PJM,314.94,384.61,41.61,5.31,pjm.com,false,
2024-06-07 10:00:00,USA,PJM,US-MIDA-PJM,315.65,385.65,41.36,6.15,pjm.com,false,
2024-06-07 11:00:00,USA,PJM,US-MIDA-PJM,309.11,377.99,42.77,8.52,pjm.com,false,
2024-06-07 12:00:00,USA,PJM,US-MIDA-PJM,306.0,374.46,43.53,10.35,pjm.com,false,
2024-06-07 13:00:00,USA,PJM,US-MIDA-PJM,302.87,370.83,44.18,12.11,pjm.com,false,
2024-06-07 14:00:00,USA,PJM,US-MIDA-PJM,292.58,358.64,46.17,14.87,pjm.com,false,
2024-06-07 15:00:00,USA,PJM,US-MIDA-PJM,289.86,355.89,46.29,15.98,pjm.com,false,
2024-06-07 16:00:00,USA,PJM,US-MIDA-PJM,294.72,361.72,45.28,15.71,pjm.com,false,
2024-06-07 17:00:00,USA,PJM,US-MIDA-PJM,300.0,367.7,44.49,15.49,pjm.com,false,
2024-06-07 18:00:00,USA,PJM,US-MIDA-PJM,302.5,370.73,44.04,15.53,pjm.com,false,
2024-06-07 19:00:00,USA,PJM,US-MIDA-PJM,302.93,371.26,43.99,15.85,pjm.com,false,
2024-06-07 20:00:00,USA,PJM,US-MIDA-PJM,302.3,370.71,43.98,16.08,pjm.com,false,
2024-06-07 21:00:00,USA,PJM,US-MIDA-PJM,303.41,372.18,43.66,15.84,pjm.com,false,
2024-06-07 22:00:00,USA,PJM,US-MIDA-PJM,306.64,375.94,43.04,14.74,pjm.com,false,
2024-06-07 23:00:00,USA,PJM,US-MIDA-PJM,316.33,387.46,41.01,11.84,pjm.com,false,
2024-06-08 00:00:00,USA,PJM,US-MIDA-PJM,327.25,400.35,38.82,8.4,pjm.com,false,
2024-06-08 01:00:00,USA,PJM,US-MIDA-PJM,330.88,404.85,37.92,6.45,pjm.com,false,
2024-06-08 02:00:00,USA,PJM,US-MIDA-PJM,335.9,410.81,36.8,3.9,pjm.com,false,
2024-06-08 03:00:00,USA,PJM,US-MIDA-PJM,337.07,410.93,37.42,2.83,pjm.com,false,
2024-06-08 04:00:00,USA,PJM,US-MIDA-PJM,328.23,398.88,40.19,2.54,pjm.com,false,
2024-06-08 05:00:00,USA,PJM,US-MIDA-PJM,316.88,385.01,42.6,2.67,pjm.com,false,
2024-06-08 06:00:00,USA,PJM,US-MIDA-PJM,312.38,381.07,42.42,2.44,pjm.com,false,
2024-06-08 07:00:00,USA,PJM,US-MIDA-PJM,311.7,380.04,42.72,2.46,pjm.com,false,
2024-06-08 08:00:00,USA,PJM,US-MIDA-PJM,310.63,378.33,43.21,2.43,pjm.com,false,
2024-06-08 09:00:00,USA,PJM,US-MIDA-PJM,308.16,375.28,43.75,2.91,pjm.com,false,
2024-06-08 10:00:00,USA,PJM,US-MIDA-PJM,303.35,369.1,45.06,3.86,pjm.com,false,
2024-06-08 11:00:00,USA,PJM,US-MIDA-PJM,292.23,355.98,47.4,6.93,pjm.com,false,
2024-06-08 12:00:00,USA,PJM,US-MIDA-PJM,284.0,347.16,48.56,9.76,pjm.com,false,
2024-06-08 13:00:00,USA,PJM,US-MIDA-PJM,286.23,350.93,47.42,10.32,pjm.com,false,
2024-06-08 14:00:00,USA,PJM,US-MIDA-PJM,286.28,351.33,47.18,10.82,pjm.com,false,
2024-06-08 15:00:00,USA,PJM,US-MIDA-PJM,284.38,349.2,47.48,11.66,pjm.com,false,
2024-06-08 16:00:00,USA,PJM,US-MIDA-PJM,283.71,348.9,47.24,12.37,pjm.com,false,
2024-06-08 17:00:00,USA,PJM,US-MIDA-PJM,282.59,348.11,47.07,13.19,pjm.com,false,
2024-06-08 18:00:00,USA,PJM,US-MIDA-PJM,283.77,349.13,47.14,13.92,pjm.com,false,
2024-06-08 19:00:00,USA,PJM,US-MIDA-PJM,286.51,352.43,46.63,14.17,pjm.com,false,
2024-06-08 20:00:00,USA,PJM,US-MIDA-PJM,281.96,347.55,47.22,15.62,pjm.com,false,
2024-06-08 21:00:00,USA,PJM,US-MIDA-PJM,284.38,349.9,47.12,16.01,pjm.com,false,
2024-06-08 22:00:00,USA,PJM,US-MIDA-PJM,299.49,366.95,44.71,13.66,pjm.com,false,
2024-06-08 23:00:00,USA,PJM,US-MIDA-PJM,315.74,384.4,42.73,10.95,pjm.com,false,
2024-06-09 00:00:00,USA,PJM,US-MIDA-PJM,316.6,385.4,42.47,9.42,pjm.com,false,
2024-06-09 01:00:00,USA,PJM,US-MIDA-PJM,318.66,387.96,41.91,8.35,pjm.com,false,
2024-06-09 02:00:00,USA,PJM,US-MIDA-PJM,321.14,390.45,41.62,6.82,pjm.com,false,
2024-06-09 03:00:00,USA,PJM,US-MIDA-PJM,321.62,390.56,41.77,5.11,pjm.com,false,
2024-06-09 04:00:00,USA,PJM,US-MIDA-PJM,314.4,381.99,43.12,4.45,pjm.com,false,
2024-06-09 05:00:00,USA,PJM,US-MIDA-PJM,310.65,378.06,43.48,3.8,pjm.com,false,
2024-06-09 06:00:00,USA,PJM,US-MIDA-PJM,306.65,373.89,43.84,4.1,pjm.com,false,
2024-06-09 07:00:00,USA,PJM,US-MIDA-PJM,303.68,370.11,44.59,4.27,pjm.com,false,
2024-06-09 08:00:00,USA,PJM,US-MIDA-PJM,301.82,367.61,45.16,4.34,pjm.com,false,
2024-06-09 09:00:00,USA,PJM,US-MIDA-PJM,301.84,367.63,45.2,4.28,pjm.com,false,
2024-06-09 10:00:00,USA,PJM,US-MIDA-PJM,300.42,365.59,45.75,4.56,pjm.com,false,
2024-06-09 11:00:00,USA,PJM,US-MIDA-PJM,295.89,360.68,46.48,6.34,pjm.com,false,
2024-06-09 12:00:00,USA,PJM,US-MIDA-PJM,291.56,356.05,47.2,8.48,pjm.com,false,
2024-06-09 13:00:00,USA,PJM,US-MIDA-PJM,291.51,357.02,46.56,9.29,pjm.com,false,
2024-06-09 14:00:00,USA,PJM,US-MIDA-PJM,287.33,352.36,47.24,10.9,pjm.com,false,
2024-06-09 15:00:00,USA,PJM,US-MIDA-PJM,282.88,346.98,48.17,12.39,pjm.com,false,
2024-06-09 16:00:00,USA,PJM,US-MIDA-PJM,279.56,343.52,48.43,13.34,pjm.com,false,
2024-06-09 17:00:00,USA,PJM,US-MIDA-PJM,277.25,341.05,48.65,14.57,pjm.com,false,
2024-06-09 18:00:00,USA,PJM,US-MIDA-PJM,276.22,340.06,48.66,15.4,pjm.com,false,
2024-06-09 19:00:00,USA,PJM,US-MIDA-PJM,273.61,337.04,49.15,16.25,pjm.com,false,
2024-06-09 20:00:00,USA,PJM,US-MIDA-PJM,276.99,340.9,48.63,16.36,pjm.com,false,
2024-06-09 21:00:00,USA,PJM,US-MIDA-PJM,283.16,348.24,47.41,15.85,pjm.com,false,
2024-06-09 22:00:00,USA,PJM,US-MIDA-PJM,290.15,356.27,46.17,14.61,pjm.com,false,
2024-06-09 23:00:00,USA,PJM,US-MIDA-PJM,297.8,365.06,44.76,12.8,pjm.com,false,
2024-06-10 00:00:00,USA,PJM,US-MIDA-PJM,307.66,376.47,42.92,10.27,pjm.com,false,
2024-06-10 01:00:00,USA,PJM,US-MIDA-PJM,308.57,377.64,42.66,9.2,pjm.com,false,
2024-06-10 02:00:00,USA,PJM,US-MIDA-PJM,312.1,381.0,42.44,7.45,pjm.com,false,
2024-06-10 03:00:00,USA,PJM,US-MIDA-PJM,309.5,377.32,43.31,6.33,pjm.com,false,
2024-06-10 04:00:00,USA,PJM,US-MIDA-PJM,304.92,371.99,44.12,5.37,pjm.com,false,
2024-06-10 05:00:00,USA,PJM,US-MIDA-PJM,304.09,371.48,43.93,4.53,pjm.com,false,
2024-06-10 06:00:00,USA,PJM,US-MIDA-PJM,303.84,371.24,43.93,4.18,pjm.com,false,
2024-06-10 07:00:00,USA,PJM,US-MIDA-PJM,301.62,368.23,44.64,4.23,pjm.com,false,
2024-06-10 08:00:00,USA,PJM,US-MIDA-PJM,303.63,370.45,44.38,4.01,pjm.com,false,
2024-06-10 09:00:00,USA,PJM,US-MIDA-PJM,305.14,372.65,43.8,3.97,pjm.com,false,
2024-06-10 10:00:00,USA,PJM,US-MIDA-PJM,308.19,377.14,42.63,4.14,pjm.com,false,
2024-06-10 11:00:00,USA,PJM,US-MIDA-PJM,304.35,373.04,43.29,6.51,pjm.com,false,
2024-06-10 12:00:00,USA,PJM,US-MIDA-PJM,296.82,364.35,44.81,9.2,pjm.com,false,
2024-06-10 13:00:00,USA,PJM,US-MIDA-PJM,295.33,362.8,44.99,10.19,pjm.com,false,
2024-06-10 14:00:00,USA,PJM,US-MIDA-PJM,299.78,368.04,44.19,9.94,pjm.com,false,
2024-06-10 15:00:00,USA,PJM,US-MIDA-PJM,302.7,371.57,43.58,9.72,pjm.com,false,
2024-06-10 16:00:00,USA,PJM,US-MIDA-PJM,307.52,376.76,43.06,9.62,pjm.com,false,
2024-06-10 17:00:00,USA,PJM,US-MIDA-PJM,315.62,385.94,41.84,9.18,pjm.com,false,
2024-06-10 18:00:00,USA,PJM,US-MIDA-PJM,320.05,390.91,41.19,8.86,pjm.com,false,
2024-06-10 19:00:00,USA,PJM,US-MIDA-PJM,319.49,390.48,41.1,8.89,pjm.com,false,
2024-06-10 20:00:00,USA,PJM,US-MIDA-PJM,314.16,384.37,42.03,10.04,pjm.com,false,
2024-06-10 21:00:00,USA,PJM,US-MIDA-PJM,313.28,383.44,42.16,10.49,pjm.com,false,
2024-06-10 22:00:00,USA,PJM,US-MIDA-PJM,317.29,388.05,41.46,9.77,pjm.com,false,
2024-06-10 23:00:00,USA,PJM,US-MIDA-PJM,322.6,394.11,40.52,8.46,pjm.com,false,
2024-06-11 00:00:00,USA,PJM,US-MIDA-PJM,330.41,402.81,39.35,6.78,pjm.com,false,
2024-06-11 01:00:00,USA,PJM,US-MIDA-PJM,331.98,404.62,39.13,5.8,pjm.com,false,
2024-06-11 02:00:00,USA,PJM,US-MIDA-PJM,333.51,406.32,38.88,3.92,pjm.com,false,
2024-06-11 03:00:00,USA,PJM,US-MIDA-PJM,333.3,405.31,39.57,2.84,pjm.com,false,
2024-06-11 04:00:00,USA,PJM,US-MIDA-PJM,326.46,396.97,40.96,2.54,pjm.com,false,
2024-06-11 05:00:00,USA,PJM,US-MIDA-PJM,323.45,394.15,41.06,1.92,pjm.com,false,
2024-06-11 06:00:00,USA,PJM,US-MIDA-PJM,321.4,392.1,41.16,1.55,pjm.com,false,
2024-06-11 07:00:00,USA,PJM,US-MIDA-PJM,318.34,388.16,41.94,1.53,pjm.com,false,
2024-06-11 08:00:00,USA,PJM,US-MIDA-PJM,315.06,384.85,42.16,1.31,pjm.com,false,
2024-06-11 09:00:00,USA,PJM,US-MIDA-PJM,318.52,389.23,41.34,1.29,pjm.com,false,
2024-06-11 10:00:00,USA,PJM,US-MIDA-PJM,320.99,392.26,40.78,1.79,pjm.com,false,
2024-06-11 11:00:00,USA,PJM,US-MIDA-PJM,315.31,385.53,42.06,4.26,pjm.com,false,
2024-06-11 12:00:00,USA,PJM,US-MIDA-PJM,309.72,378.51,43.67,6.56,pjm.com,false,
2024-06-11 13:00:00,USA,PJM,US-MIDA-PJM,308.48,377.25,43.87,7.6,pjm.com,false,
2024-06-11 14:00:00,USA,PJM,US-MIDA-PJM,309.03,378.09,43.7,8.04,pjm.com,false,
2024-06-11 15:00:00,USA,PJM,US-MIDA-PJM,309.18,378.15,43.72,8.36,pjm.com,false,
2024-06-11 16:00:00,USA,PJM,US-MIDA-PJM,310.49,379.9,43.34,8.37,pjm.com,false,
2024-06-11 17:00:00,USA,PJM,US-MIDA-PJM,316.64,387.92,41.63,7.98,pjm.com,false,
2024-06-11 18:00:00,USA,PJM,US-MIDA-PJM,320.25,392.42,40.71,7.73,pjm.com,false,
2024-06-11 19:00:00,USA,PJM,US-MIDA-PJM,324.78,397.66,40.03,7.57,pjm.com,false,
2024-06-11 20:00:00,USA,PJM,US-MIDA-PJM,320.82,393.23,40.56,8.64,pjm.com,false,
2024-06-11 21:00:00,USA,PJM,US-MIDA-PJM,314.98,386.48,41.6,9.93,pjm.com,false,
2024-06-11 22:00:00,USA,PJM,US-MIDA-PJM,318.77,391.01,40.79,9.34,pjm.com,false,
2024-06-11 23:00:00,USA,PJM,US-MIDA-PJM,327.19,400.46,39.45,7.48,pjm.com,false,
2024-06-12 00:00:00,USA,PJM,US-MIDA-PJM,335.6,409.95,38.03,5.49,pjm.com,false,
2024-06-12 01:00:00,USA,PJM,US-MIDA-PJM,336.86,411.41,37.65,4.57,pjm.com,false,
2024-06-12 02:00:00,USA,PJM,US-MIDA-PJM,337.22,411.48,37.6,3.17,pjm.com,false,
2024-06-12 03:00:00,USA,PJM,US-MIDA-PJM,331.71,404.4,39.07,3.14,pjm.com,false,
2024-06-12 04:00:00,USA,PJM,US-MIDA-PJM,317.11,386.46,41.81,4.19,pjm.com,false,
2024-06-12 05:00:00,USA,PJM,US-MIDA-PJM,310.75,378.55,43.29,4.87,pjm.com,false,
2024-06-12 06:00:00,USA,PJM,US-MIDA-PJM,308.84,376.04,43.84,5.07,pjm.com,false,
2024-06-12 07:00:00,USA,PJM,US-MIDA-PJM,306.03,372.03,44.9,5.5,pjm.com,false,
2024-06-12 08:00:00,USA,PJM,US-MIDA-PJM,305.93,371.79,45.01,5.55,pjm.com,false,
2024-06-12 09:00:00,USA,PJM,US-MIDA-PJM,310.2,377.19,43.96,5.3,pjm.com,false,
2024-06-12 10:00:00,USA,PJM,US-MIDA-PJM,312.75,380.48,43.32,5.65,pjm.com,false,
2024-06-12 11:00:00,USA,PJM,US-MIDA-PJM,312.99,381.54,42.92,7.05,pjm.com,false,
2024-06-12 12:00:00,USA,PJM,US-MIDA-PJM,310.37,379.24,43.12,8.2,pjm.com,false,
2024-06-12 13:00:00,USA,PJM,US-MIDA-PJM,310.42,379.61,43.01,9.0,pjm.com,false,
2024-06-12 14:00:00,USA,PJM,US-MIDA-PJM,310.12,379.77,42.73,9.34,pjm.com,false,
2024-06-12 15:00:00,USA,PJM,US-MIDA-PJM,313.73,384.26,41.89,9.12,pjm.com,false,
2024-06-12 16:00:00,USA,PJM,US-MIDA-PJM,320.0,391.77,40.59,8.67,pjm.com,false,
2024-06-12 17:00:00,USA,PJM,US-MIDA-PJM,326.05,398.67,39.64,8.82,pjm.com,false,
2024-06-12 18:00:00,USA,PJM,US-MIDA-PJM,325.61,398.11,39.87,9.92,pjm.com,false,
2024-06-12 19:00:00,USA,PJM,US-MIDA-PJM,329.32,402.4,39.2,9.86,pjm.com,false,
2024-06-12 20:00:00,USA,PJM,US-MIDA-PJM,331.69,405.07,38.89,10.6,pjm.com,false,
2024-06-12 21:00:00,USA,PJM,US-MIDA-PJM,333.26,407.43,38.22,10.62,pjm.com,false,
2024-06-12 22:00:00,USA,PJM,US-MIDA-PJM,336.08,410.94,37.46,9.99,pjm.com,false,
2024-06-12 23:00:00,USA,PJM,US-MIDA-PJM,339.78,415.45,36.51,8.57,pjm.com,false,
2024-06-13 00:00:00,USA,PJM,US-MIDA-PJM,348.47,425.21,35.07,6.3,pjm.com,false,
2024-06-13 01:00:00,USA,PJM,US-MIDA-PJM,350.33,426.71,35.17,5.74,pjm.com,false,
2024-06-13 02:00:00,USA,PJM,US-MIDA-PJM,350.0,425.3,35.77,4.71,pjm.com,false,
2024-06-13 03:00:00,USA,PJM,US-MIDA-PJM,336.86,409.66,38.27,5.63,pjm.com,false,
2024-06-13 04:00:00,USA,PJM,US-MIDA-PJM,326.32,397.16,40.58,6.09,pjm.com,false,
2024-06-13 05:00:00,USA,PJM,US-MIDA-PJM,318.29,387.31,42.29,6.27,pjm.com,false,
2024-06-13 06:00:00,USA,PJM,US-MIDA-PJM,314.58,382.72,43.07,6.56,pjm.com,false,
2024-06-13 07:00:00,USA,PJM,US-MIDA-PJM,313.45,380.74,43.75,6.51,pjm.com,false,
2024-06-13 08:00:00,USA,PJM,US-MIDA-PJM,314.75,382.25,43.54,6.23,pjm.com,false,
2024-06-13 09:00:00,USA,PJM,US-MIDA-PJM,318.0,385.82,43.15,5.98,pjm.com,false,
2024-06-13 10:00:00,USA,PJM,US-MIDA-PJM,322.44,391.29,42.18,6.16,pjm.com,false,
2024-06-13 11:00:00,USA,PJM,US-MIDA-PJM,323.35,393.07,41.68,7.17,pjm.com,false,
2024-06-13 12:00:00,USA,PJM,US-MIDA-PJM,321.88,392.1,41.66,8.54,pjm.com,false,
2024-06-13 13:00:00,USA,PJM,US-MIDA-PJM,321.15,391.68,41.6,9.44,pjm.com,false,
2024-06-13 14:00:00,USA,PJM,US-MIDA-PJM,321.96,392.83,41.39,10.6,pjm.com,false,
2024-06-13 15:00:00,USA,PJM,US-MIDA-PJM,324.99,396.85,40.47,11.06,pjm.com,false,
2024-06-13 16:00:00,USA,PJM,US-MIDA-PJM,331.86,404.92,39.26,11.1,pjm.com,false,
2024-06-13 17:00:00,USA,PJM,US-MIDA-PJM,335.14,409.2,38.46,11.49,pjm.com,false,
2024-06-13 18:00:00,USA,PJM,US-MIDA-PJM,334.26,408.65,38.45,12.47,pjm.com,false,
2024-06-13 19:00:00,USA,PJM,US-MIDA-PJM,340.43,416.07,37.33,12.01,pjm.com,false,
2024-06-13 20:00:00,USA,PJM,US-MIDA-PJM,347.49,423.89,36.42,11.59,pjm.com,false,
2024-06-13 21:00:00,USA,PJM,US-MIDA-PJM,350.33,427.24,35.78,11.13,pjm.com,false,
2024-06-13 22:00:00,USA,PJM,US-MIDA-PJM,356.78,434.98,34.52,9.79,pjm.com,false,
2024-06-13 23:00:00,USA,PJM,US-MIDA-PJM,372.15,452.11,32.32,7.18,pjm.com,false,
2024-06-14 00:00:00,USA,PJM,US-MIDA-PJM,383.82,463.96,31.25,5.31,pjm.com,false,
2024-06-14 01:00:00,USA,PJM,US-MIDA-PJM,382.13,460.73,32.16,5.42,pjm.com,false,
2024-06-14 02:00:00,USA,PJM,US-MIDA-PJM,377.67,455.14,32.93,4.48,pjm.com,false,
2024-06-14 03:00:00,USA,PJM,US-MIDA-PJM,374.05,450.63,33.69,3.45,pjm.com,false,
2024-06-14 04:00:00,USA,PJM,US-MIDA-PJM,368.28,443.77,34.84,2.98,pjm.com,false,
2024-06-14 05:00:00,USA,PJM,US-MIDA-PJM,358.75,432.85,36.39,3.25,pjm.com,false,
2024-06-14 06:00:00,USA,PJM,US-MIDA-PJM,352.87,426.34,37.16,3.35,pjm.com,false,
2024-06-14 07:00:00,USA,PJM,US-MIDA-PJM,347.8,420.25,38.21,3.52,pjm.com,false,
2024-06-14 08:00:00,USA,PJM,US-MIDA-PJM,345.99,418.44,38.32,3.38,pjm.com,false,
2024-06-14 09:00:00,USA,PJM,US-MIDA-PJM,349.2,422.54,37.49,2.92,pjm.com,false,
2024-06-14 10:00:00,USA,PJM,US-MIDA-PJM,354.21,428.33,36.67,2.91,pjm.com,false,
2024-06-14 11:00:00,USA,PJM,US-MIDA-PJM,350.59,424.69,37.05,4.7,pjm.com,false,
2024-06-14 12:00:00,USA,PJM,US-MIDA-PJM,348.43,422.68,37.31,6.27,pjm.com,false,
2024-06-14 13:00:00,USA,PJM,US-MIDA-PJM,351.65,426.58,36.84,6.92,pjm.com,false,
2024-06-14 14:00:00,USA,PJM,US-MIDA-PJM,357.05,433.1,35.7,6.89,pjm.com,false,
2024-06-14 15:00:00,USA,PJM,US-MIDA-PJM,363.57,440.63,34.83,7.19,pjm.com,false,
2024-06-14 16:00:00,USA,PJM,US-MIDA-PJM,364.96,442.8,34.34,7.71,pjm.com,false,
2024-06-14 17:00:00,USA,PJM,US-MIDA-PJM,362.4,440.0,34.83,9.01,pjm.com,false,
2024-06-14 18:00:00,USA,PJM,US-MIDA-PJM,365.81,443.55,34.6,9.34,pjm.com,false,
2024-06-14 19:00:00,USA,PJM,US-MIDA-PJM,372.24,450.43,33.9,8.98,pjm.com,false,
2024-06-14 20:00:00,USA,PJM,US-MIDA-PJM,373.56,451.51,34.17,9.23,pjm.com,false,
2024-06-14 21:00:00,USA,PJM,US-MIDA-PJM,373.15,451.19,34.16,8.94,pjm.com,false,
2024-06-14 22:00:00,USA,PJM,US-MIDA-PJM,371.45,448.81,34.51,8.74,pjm.com,false,
2024-06-14 23:00:00,USA,PJM,US-MIDA-PJM,374.62,452.11,33.85,7.27,pjm.com,false,
2024-06-15 00:00:00,USA,PJM,US-MIDA-PJM,382.23,460.08,33.03,5.45,pjm.com,false,
2024-06-15 01:00:00,USA,PJM,US-MIDA-PJM,383.54,460.88,33.07,4.33,pjm.com,false,
2024-06-15 02:00:00,USA,PJM,US-MIDA-PJM,376.66,453.16,33.7,3.35,pjm.com,false,
2024-06-15 03:00:00,USA,PJM,US-MIDA-PJM,366.86,441.97,35.2,3.45,pjm.com,false,
2024-06-15 04:00:00,USA,PJM,US-MIDA-PJM,357.54,430.53,37.06,3.47,pjm.com,false,
2024-06-15 05:00:00,USA,PJM,US-MIDA-PJM,347.04,418.85,38.49,3.48,pjm.com,false,
2024-06-15 06:00:00,USA,PJM,US-MIDA-PJM,338.51,409.37,39.62,3.48,pjm.com,false,
2024-06-15 07:00:00,USA,PJM,US-MIDA-PJM,335.72,405.45,40.62,3.33,pjm.com,false,
2024-06-15 08:00:00,USA,PJM,US-MIDA-PJM,336.32,405.73,40.84,2.61,pjm.com,false,
2024-06-15 09:00:00,USA,PJM,US-MIDA-PJM,336.33,405.6,40.93,2.48,pjm.com,false,
2024-06-15 10:00:00,USA,PJM,US-MIDA-PJM,332.37,400.38,42.1,3.2,pjm.com,false,
2024-06-15 11:00:00,USA,PJM,US-MIDA-PJM,322.44,388.78,44.14,5.88,pjm.com,false,
2024-06-15 12:00:00,USA,PJM,US-MIDA-PJM,315.05,381.4,44.83,8.36,pjm.com,false,
2024-06-15 13:00:00,USA,PJM,US-MIDA-PJM,315.57,382.86,44.22,9.15,pjm.com,false,
2024-06-15 14:00:00,USA,PJM,US-MIDA-PJM,319.01,387.05,43.52,9.43,pjm.com,false,
2024-06-15 15:00:00,USA,PJM,US-MIDA-PJM,321.85,391.0,42.53,9.31,pjm.com,false,
2024-06-15 16:00:00,USA,PJM,US-MIDA-PJM,330.12,400.93,40.87,9.07,pjm.com,false,
2024-06-15 17:00:00,USA,PJM,US-MIDA-PJM,335.26,406.75,40.11,9.16,pjm.com,false,
2024-06-15 18:00:00,USA,PJM,US-MIDA-PJM,337.48,408.92,40.1,10.03,pjm.com,false,
2024-06-15 19:00:00,USA,PJM,US-MIDA-PJM,336.24,407.29,40.52,11.05,pjm.com,false,
2024-06-15 20:00:00,USA,PJM,US-MIDA-PJM,341.97,413.83,39.62,11.17,pjm.com,false,
2024-06-15 21:00:00,USA,PJM,US-MIDA-PJM,349.86,422.46,38.61,10.76,pjm.com,false,
2024-06-15 22:00:00,USA,PJM,US-MIDA-PJM,356.41,429.48,37.81,10.09,pjm.com,false,
2024-06-15 23:00:00,USA,PJM,US-MIDA-PJM,364.09,437.68,36.74,8.64,pjm.com,false,
2024-06-16 00:00:00,USA,PJM,US-MIDA-PJM,368.03,441.8,36.2,6.82,pjm.com,false,
2024-06-16 01:00:00,USA,PJM,US-MIDA-PJM,361.46,434.65,36.85,6.13,pjm.com,false,
2024-06-16 02:00:00,USA,PJM,US-MIDA-PJM,356.43,428.29,37.97,5.85,pjm.com,false,
2024-06-16 03:00:00,USA,PJM,US-MIDA-PJM,349.7,419.37,39.89,6.06,pjm.com,false,
2024-06-16 04:00:00,USA,PJM,US-MIDA-PJM,338.66,405.21,42.75,6.38,pjm.com,false,
2024-06-16 05:00:00,USA,PJM,US-MIDA-PJM,334.95,400.64,43.6,6.38,pjm.com,false,
2024-06-16 06:00:00,USA,PJM,US-MIDA-PJM,333.61,398.68,44.12,6.64,pjm.com,false,
2024-06-16 07:00:00,USA,PJM,US-MIDA-PJM,334.08,397.68,45.2,6.49,pjm.com,false,
2024-06-16 08:00:00,USA,PJM,US-MIDA-PJM,334.4,397.32,45.7,6.23,pjm.com,false,
2024-06-16 09:00:00,USA,PJM,US-MIDA-PJM,335.27,397.74,45.97,5.85,pjm.com,false,
2024-06-16 10:00:00,USA,PJM,US-MIDA-PJM,331.51,393.18,46.8,6.53,pjm.com,false,
2024-06-16 11:00:00,USA,PJM,US-MIDA-PJM,322.86,384.1,47.85,7.88,pjm.com,false,
2024-06-16 12:00:00,USA,PJM,US-MIDA-PJM,309.09,368.71,50.05,11.6,pjm.com,false,
2024-06-16 13:00:00,USA,PJM,US-MIDA-PJM,308.95,369.66,49.38,12.5,pjm.com,false,
2024-06-16 14:00:00,USA,PJM,US-MIDA-PJM,312.54,375.04,47.92,12.5,pjm.com,false,
2024-06-16 15:00:00,USA,PJM,US-MIDA-PJM,317.32,382.84,45.43,11.9,pjm.com,false,
2024-06-16 16:00:00,USA,PJM,US-MIDA-PJM,324.64,392.49,43.3,11.68,pjm.com,false,
2024-06-16 17:00:00,USA,PJM,US-MIDA-PJM,333.32,402.09,42.15,11.88,pjm.com,false,
2024-06-16 18:00:00,USA,PJM,US-MIDA-PJM,343.22,413.12,40.81,11.88,pjm.com,false,
2024-06-16 19:00:00,USA,PJM,US-MIDA-PJM,349.48,420.23,39.87,12.39,pjm.com,false,
2024-06-16 20:00:00,USA,PJM,US-MIDA-PJM,351.23,422.48,39.42,12.7,pjm.com,false,
2024-06-16 21:00:00,USA,PJM,US-MIDA-PJM,360.85,433.54,37.81,11.63,pjm.com,false,
2024-06-16 22:00:00,USA,PJM,US-MIDA-PJM,368.09,441.78,36.61,10.35,pjm.com,false,
2024-06-16 23:00:00,USA,PJM,US-MIDA-PJM,376.72,451.68,35.07,8.39,pjm.com,false,
2024-06-17 00:00:00,USA,PJM,US-MIDA-PJM,386.99,462.95,33.61,6.2,pjm.com,false,
2024-06-17 01:00:00,USA,PJM,US-MIDA-PJM,389.63,465.24,33.64,5.66,pjm.com,false,
2024-06-17 02:00:00,USA,PJM,US-MIDA-PJM,386.13,460.92,34.21,4.84,pjm.com,false,
2024-06-17 03:00:00,USA,PJM,US-MIDA-PJM,369.13,441.85,36.57,5.65,pjm.com,false,
2024-06-17 04:00:00,USA,PJM,US-MIDA-PJM,352.34,421.62,40.0,6.74,pjm.com,false,
2024-06-17 05:00:00,USA,PJM,US-MIDA-PJM,344.69,413.58,40.71,6.41,pjm.com,false,
2024-06-17 06:00:00,USA,PJM,US-MIDA-PJM,344.9,414.19,40.41,5.65,pjm.com,false,
2024-06-17 07:00:00,USA,PJM,US-MIDA-PJM,346.23,415.34,40.5,5.18,pjm.com,false,
2024-06-17 08:00:00,USA,PJM,US-MIDA-PJM,346.07,415.11,40.55,5.08,pjm.com,false,
2024-06-17 09:00:00,USA,PJM,US-MIDA-PJM,345.95,415.71,40.02,5.07,pjm.com,false,
2024-06-17 10:00:00,USA,PJM,US-MIDA-PJM,349.6,420.79,38.94,5.04,pjm.com,false,
2024-06-17 11:00:00,USA,PJM,US-MIDA-PJM,348.23,420.33,38.56,6.13,pjm.com,false,
2024-06-17 12:00:00,USA,PJM,US-MIDA-PJM,348.54,421.73,38.16,7.22,pjm.com,false,
2024-06-17 13:00:00,USA,PJM,US-MIDA-PJM,352.25,426.53,37.3,7.79,pjm.com,false,
2024-06-17 14:00:00,USA,PJM,US-MIDA-PJM,364.95,440.39,36.05,8.28,pjm.com,false,
2024-06-17 15:00:00,USA,PJM,US-MIDA-PJM,373.46,450.15,34.97,8.61,pjm.com,false,
2024-06-17 16:00:00,USA,PJM,US-MIDA-PJM,377.79,455.23,34.41,9.19,pjm.com,false,
2024-06-17 17:00:00,USA,PJM,US-MIDA-PJM,381.47,459.95,33.77,9.58,pjm.com,false,
2024-06-17 18:00:00,USA,PJM,US-MIDA-PJM,385.26,465.21,33.12,9.65,pjm.com,false,
2024-06-17 19:00:00,USA,PJM,US-MIDA-PJM,390.24,470.83,32.55,9.39,pjm.com,false,
2024-06-17 20:00:00,USA,PJM,US-MIDA-PJM,389.86,470.11,32.69,9.72,pjm.com,false,
2024-06-17 21:00:00,USA,PJM,US-MIDA-PJM,384.8,464.79,33.16,10.23,pjm.com,false,
2024-06-17 22:00:00,USA,PJM,US-MIDA-PJM,386.14,466.67,32.83,9.9,pjm.com,false,
2024-06-17 23:00:00,USA,PJM,US-MIDA-PJM,398.58,480.23,31.33,8.16,pjm.com,false,
2024-06-18 00:00:00,USA,PJM,US-MIDA-PJM,405.64,487.49,30.42,6.57,pjm.com,false,
2024-06-18 01:00:00,USA,PJM,US-MIDA-PJM,409.85,491.24,30.17,5.58,pjm.com,false,
2024-06-18 02:00:00,USA,PJM,US-MIDA-PJM,408.85,489.46,30.36,4.49,pjm.com,false,
2024-06-18 03:00:00,USA,PJM,US-MIDA-PJM,402.63,481.13,31.88,4.62,pjm.com,false,
2024-06-18 04:00:00,USA,PJM,US-MIDA-PJM,388.31,464.38,33.72,4.66,pjm.com,false,
2024-06-18 05:00:00,USA,PJM,US-MIDA-PJM,377.73,453.12,34.54,4.2,pjm.com,false,
2024-06-18 06:00:00,USA,PJM,US-MIDA-PJM,369.15,443.77,35.45,4.0,pjm.com,false,
2024-06-18 07:00:00,USA,PJM,US-MIDA-PJM,362.89,436.44,36.6,4.0,pjm.com,false,
2024-06-18 08:00:00,USA,PJM,US-MIDA-PJM,358.54,431.76,37.09,4.15,pjm.com,false,
2024-06-18 09:00:00,USA,PJM,US-MIDA-PJM,358.21,431.86,36.78,4.21,pjm.com,false,
2024-06-18 10:00:00,USA,PJM,US-MIDA-PJM,364.68,439.33,35.89,4.36,pjm.com,false,
2024-06-18 11:00:00,USA,PJM,US-MIDA-PJM,364.84,439.53,36.03,5.74,pjm.com,false,
2024-06-18 12:00:00,USA,PJM,US-MIDA-PJM,359.32,433.44,36.91,7.68,pjm.com,false,
2024-06-18 13:00:00,USA,PJM,US-MIDA-PJM,362.24,436.64,36.63,8.48,pjm.com,false,
2024-06-18 14:00:00,USA,PJM,US-MIDA-PJM,365.85,441.11,36.1,9.23,pjm.com,false,
2024-06-18 15:00:00,USA,PJM,US-MIDA-PJM,375.54,452.34,34.79,9.19,pjm.com,false,
2024-06-18 16:00:00,USA,PJM,US-MIDA-PJM,382.92,460.73,33.96,9.54,pjm.com,false,
2024-06-18 17:00:00,USA,PJM,US-MIDA-PJM,377.75,455.7,34.56,10.86,pjm.com,false,
2024-06-18 18:00:00,USA,PJM,US-MIDA-PJM,378.68,456.16,34.85,11.73,pjm.com,false,
2024-06-18 19:00:00,USA,PJM,US-MIDA-PJM,386.55,464.2,34.24,11.58,pjm.com,false,
2024-06-18 20:00:00,USA,PJM,US-MIDA-PJM,390.94,469.4,33.52,11.02,pjm.com,false,
2024-06-18 21:00:00,USA,PJM,US-MIDA-PJM,392.41,471.07,33.21,10.71,pjm.com,false,
2024-06-18 22:00:00,USA,PJM,US-MIDA-PJM,398.34,477.76,32.31,9.67,pjm.com,false,
2024-06-18 23:00:00,USA,PJM,US-MIDA-PJM,407.09,487.68,30.94,8.0,pjm.com,false,
2024-06-19 00:00:00,USA,PJM,US-MIDA-PJM,414.28,495.05,30.14,6.4,pjm.com,false,
2024-06-19 01:00:00,USA,PJM,US-MIDA-PJM,417.38,497.8,29.87,5.19,pjm.com,false,
2024-06-19 02:00:00,USA,PJM,US-MIDA-PJM,418.03,497.78,29.85,3.56,pjm.com,false,
2024-06-19 03:00:00,USA,PJM,US-MIDA-PJM,407.89,486.47,30.97,3.33,pjm.com,false,
2024-06-19 04:00:00,USA,PJM,US-MIDA-PJM,393.93,470.12,33.04,3.65,pjm.com,false,
2024-06-19 05:00:00,USA,PJM,US-MIDA-PJM,386.22,461.56,34.03,3.46,pjm.com,false,
2024-06-19 06:00:00,USA,PJM,US-MIDA-PJM,379.69,454.69,34.59,3.19,pjm.com,false,
2024-06-19 07:00:00,USA,PJM,US-MIDA-PJM,373.07,447.44,35.42,2.97,pjm.com,false,
2024-06-19 08:00:00,USA,PJM,US-MIDA-PJM,369.89,444.36,35.54,2.67,pjm.com,false,
2024-06-19 09:00:00,USA,PJM,US-MIDA-PJM,372.92,448.21,34.77,2.1,pjm.com,false,
2024-06-19 10:00:00,USA,PJM,US-MIDA-PJM,376.24,452.3,34.23,2.18,pjm.com,false,
2024-06-19 11:00:00,USA,PJM,US-MIDA-PJM,375.8,451.73,34.52,3.72,pjm.com,false,
2024-06-19 12:00:00,USA,PJM,US-MIDA-PJM,376.5,452.41,34.66,5.38,pjm.com,false,
2024-06-19 13:00:00,USA,PJM,US-MIDA-PJM,383.05,459.5,33.91,5.89,pjm.com,false,
2024-06-19 14:00:00,USA,PJM,US-MIDA-PJM,388.42,466.11,32.99,6.27,pjm.com,false,
2024-06-19 15:00:00,USA,PJM,US-MIDA-PJM,395.1,473.54,32.28,6.71,pjm.com,false,
2024-06-19 16:00:00,USA,PJM,US-MIDA-PJM,394.75,473.06,32.45,7.9,pjm.com,false,
2024-06-19 17:00:00,USA,PJM,US-MIDA-PJM,394.2,472.27,32.92,9.3,pjm.com,false,
2024-06-19 18:00:00,USA,PJM,US-MIDA-PJM,399.67,478.57,32.36,9.27,pjm.com,false,
2024-06-19 19:00:00,USA,PJM,US-MIDA-PJM,401.52,481.19,31.84,9.02,pjm.com,false,
2024-06-19 20:00:00,USA,PJM,US-MIDA-PJM,403.89,484.25,31.31,8.83,pjm.com,false,
2024-06-19 21:00:00,USA,PJM,US-MIDA-PJM,404.03,484.93,30.99,8.68,pjm.com,false,
2024-06-19 22:00:00,USA,PJM,US-MIDA-PJM,408.67,490.71,30.1,7.8,pjm.com,false,
2024-06-19 23:00:00,USA,PJM,US-MIDA-PJM,417.99,501.31,28.67,5.87,pjm.com,false,
2024-06-20 00:00:00,USA,PJM,US-MIDA-PJM,426.5,510.74,27.51,3.86,pjm.com,false,
2024-06-20 01:00:00,USA,PJM,US-MIDA-PJM,432.97,517.6,26.74,2.34,pjm.com,false,
2024-06-20 02:00:00,USA,PJM,US-MIDA-PJM,434.53,518.2,27.1,1.12,pjm.com,false,
2024-06-20 03:00:00,USA,PJM,US-MIDA-PJM,428.61,510.13,28.57,1.01,pjm.com,false,
2024-06-20 04:00:00,USA,PJM,US-MIDA-PJM,409.77,488.72,30.55,1.17,pjm.com,false,
2024-06-20 05:00:00,USA,PJM,US-MIDA-PJM,390.68,468.55,32.17,1.38,pjm.com,false,
2024-06-20 06:00:00,USA,PJM,US-MIDA-PJM,378.98,455.92,33.44,1.39,pjm.com,false,
2024-06-20 07:00:00,USA,PJM,US-MIDA-PJM,372.52,448.66,34.42,1.25,pjm.com,false,
2024-06-20 08:00:00,USA,PJM,US-MIDA-PJM,368.45,444.04,35.03,1.28,pjm.com,false,
2024-06-20 09:00:00,USA,PJM,US-MIDA-PJM,368.58,444.41,34.86,1.47,pjm.com,false,
2024-06-20 10:00:00,USA,PJM,US-MIDA-PJM,373.6,450.31,34.11,1.85,pjm.com,false,
2024-06-20 11:00:00,USA,PJM,US-MIDA-PJM,373.19,450.0,34.2,3.24,pjm.com,false,
2024-06-20 12:00:00,USA,PJM,US-MIDA-PJM,375.44,452.36,34.18,5.18,pjm.com,false,
2024-06-20 13:00:00,USA,PJM,US-MIDA-PJM,383.31,461.01,33.31,5.6,pjm.com,false,
2024-06-20 14:00:00,USA,PJM,US-MIDA-PJM,394.93,474.24,32.05,5.62,pjm.com,false,
2024-06-20 15:00:00,USA,PJM,US-MIDA-PJM,404.2,485.06,31.0,5.72,pjm.com,false,
2024-06-20 16:00:00,USA,PJM,US-MIDA-PJM,409.62,491.23,30.29,6.2,pjm.com,false,
2024-06-20 17:00:00,USA,PJM,US-MIDA-PJM,405.97,487.86,30.57,7.36,pjm.com,false,
2024-06-20 18:00:00,USA,PJM,US-MIDA-PJM,406.04,487.91,30.64,7.97,pjm.com,false,
2024-06-20 19:00:00,USA,PJM,US-MIDA-PJM,408.89,491.29,30.27,7.97,pjm.com,false,
2024-06-20 20:00:00,USA,PJM,US-MIDA-PJM,406.47,488.96,30.32,8.12,pjm.com,false,
2024-06-20 21:00:00,USA,PJM,US-MIDA-PJM,401.68,483.88,30.74,8.54,pjm.com,false,
2024-06-20 22:00:00,USA,PJM,US-MIDA-PJM,404.91,487.8,30.17,7.87,pjm.com,false,
2024-06-20 23:00:00,USA,PJM,US-MIDA-PJM,415.0,499.14,28.8,6.19,pjm.com,false,
2024-06-21 00:00:00,USA,PJM,US-MIDA-PJM,426.24,511.06,27.58,4.1,pjm.com,false,
2024-06-21 01:00:00,USA,PJM,US-MIDA-PJM,432.05,516.47,27.12,2.63,pjm.com,false,
2024-06-21 02:00:00,USA,PJM,US-MIDA-PJM,437.68,521.69,26.75,0.92,pjm.com,false,
2024-06-21 03:00:00,USA,PJM,US-MIDA-PJM,431.53,513.62,28.0,0.72,pjm.com,false,
2024-06-21 04:00:00,USA,PJM,US-MIDA-PJM,417.39,497.12,29.82,0.89,pjm.com,false,
2024-06-21 05:00:00,USA,PJM,US-MIDA-PJM,399.8,477.89,31.65,0.93,pjm.com,false,
2024-06-21 06:00:00,USA,PJM,US-MIDA-PJM,386.54,463.36,33.18,1.0,pjm.com,false,
2024-06-21 07:00:00,USA,PJM,US-MIDA-PJM,379.77,455.76,34.18,0.99,pjm.com,false,
2024-06-21 08:00:00,USA,PJM,US-MIDA-PJM,375.99,451.63,34.65,0.94,pjm.com,false,
2024-06-21 09:00:00,USA,PJM,US-MIDA-PJM,375.27,451.19,34.48,0.89,pjm.com,false,
2024-06-21 10:00:00,USA,PJM,US-MIDA-PJM,375.65,451.93,34.21,1.35,pjm.com,false,
2024-06-21 11:00:00,USA,PJM,US-MIDA-PJM,370.26,446.42,34.74,3.57,pjm.com,false,
2024-06-21 12:00:00,USA,PJM,US-MIDA-PJM,366.59,442.64,35.22,5.78,pjm.com,false,
2024-06-21 13:00:00,USA,PJM,US-MIDA-PJM,375.05,452.39,34.07,6.31,pjm.com,false,
2024-06-21 14:00:00,USA,PJM,US-MIDA-PJM,382.18,460.58,33.09,6.58,pjm.com,false,
2024-06-21 15:00:00,USA,PJM,US-MIDA-PJM,393.56,473.57,31.51,6.44,pjm.com,false,
2024-06-21 16:00:00,USA,PJM,US-MIDA-PJM,397.42,478.05,31.03,7.0,pjm.com,false,
2024-06-21 17:00:00,USA,PJM,US-MIDA-PJM,394.2,474.37,31.64,8.31,pjm.com,false,
2024-06-21 18:00:00,USA,PJM,US-MIDA-PJM,391.02,471.13,31.95,9.24,pjm.com,false,
2024-06-21 19:00:00,USA,PJM,US-MIDA-PJM,396.43,476.89,31.45,9.26,pjm.com,false,
2024-06-21 20:00:00,USA,PJM,US-MIDA-PJM,399.83,480.37,31.22,9.21,pjm.com,false,
2024-06-21 21:00:00,USA,PJM,US-MIDA-PJM,403.77,484.39,30.92,8.99,pjm.com,false,
2024-06-21 22:00:00,USA,PJM,US-MIDA-PJM,406.77,487.89,30.31,8.25,pjm.com,false,
2024-06-21 23:00:00,USA,PJM,US-MIDA-PJM,416.06,498.2,28.88,6.39,pjm.com,false,
2024-06-22 00:00:00,USA,PJM,US-MIDA-PJM,422.83,505.48,28.01,4.64,pjm.com,false,
2024-06-22 01:00:00,USA,PJM,US-MIDA-PJM,429.11,511.97,27.44,3.3,pjm.com,false,
2024-06-22 02:00:00,USA,PJM,US-MIDA-PJM,433.05,515.65,27.22,1.75,pjm.com,false,
2024-06-22 03:00:00,USA,PJM,US-MIDA-PJM,422.13,502.89,28.92,1.91,pjm.com,false,
2024-06-22 04:00:00,USA,PJM,US-MIDA-PJM,409.78,488.61,30.72,2.31,pjm.com,false,
2024-06-22 05:00:00,USA,PJM,US-MIDA-PJM,396.8,474.45,32.05,2.56,pjm.com,false,
2024-06-22 06:00:00,USA,PJM,US-MIDA-PJM,384.73,461.26,33.44,2.8,pjm.com,false,
2024-06-22 07:00:00,USA,PJM,US-MIDA-PJM,374.78,450.04,34.9,3.2,pjm.com,false,
2024-06-22 08:00:00,USA,PJM,US-MIDA-PJM,368.0,442.24,36.01,3.41,pjm.com,false,
2024-06-22 09:00:00,USA,PJM,US-MIDA-PJM,363.55,437.01,36.82,3.74,pjm.com,false,
2024-06-22 10:00:00,USA,PJM,US-MIDA-PJM,361.6,434.24,37.56,4.45,pjm.com,false,
2024-06-22 11:00:00,USA,PJM,US-MIDA-PJM,354.56,426.43,38.69,6.42,pjm.com,false,
2024-06-22 12:00:00,USA,PJM,US-MIDA-PJM,352.12,425.19,38.14,8.17,pjm.com,false,
2024-06-22 13:00:00,USA,PJM,US-MIDA-PJM,357.24,431.8,36.93,9.11,pjm.com,false,
2024-06-22 14:00:00,USA,PJM,US-MIDA-PJM,365.72,441.33,35.56,9.46,pjm.com,false,
2024-06-22 15:00:00,USA,PJM,US-MIDA-PJM,370.83,446.72,34.92,10.14,pjm.com,false,
2024-06-22 16:00:00,USA,PJM,US-MIDA-PJM,384.79,461.11,33.88,9.99,pjm.com,false,
2024-06-22 17:00:00,USA,PJM,US-MIDA-PJM,388.97,465.07,33.92,10.78,pjm.com,false,
2024-06-22 18:00:00,USA,PJM,US-MIDA-PJM,391.07,467.38,33.67,10.97,pjm.com,false,
2024-06-22 19:00:00,USA,PJM,US-MIDA-PJM,388.09,464.05,34.13,11.57,pjm.com,false,
2024-06-22 20:00:00,USA,PJM,US-MIDA-PJM,388.69,465.04,33.78,11.47,pjm.com,false,
2024-06-22 21:00:00,USA,PJM,US-MIDA-PJM,392.0,468.59,33.4,11.25,pjm.com,false,
2024-06-22 22:00:00,USA,PJM,US-MIDA-PJM,393.86,470.75,33.03,10.71,pjm.com,false,
2024-06-22 23:00:00,USA,PJM,US-MIDA-PJM,402.29,480.02,31.83,9.16,pjm.com,false,
2024-06-23 00:00:00,USA,PJM,US-MIDA-PJM,409.75,487.95,30.91,7.56,pjm.com,false,
2024-06-23 01:00:00,USA,PJM,US-MIDA-PJM,408.04,486.09,31.0,6.88,pjm.com,false,
2024-06-23 02:00:00,USA,PJM,US-MIDA-PJM,404.53,482.56,31.01,5.63,pjm.com,false,
2024-06-23 03:00:00,USA,PJM,US-MIDA-PJM,395.21,472.28,32.29,5.37,pjm.com,false,
2024-06-23 04:00:00,USA,PJM,US-MIDA-PJM,383.22,458.85,34.14,5.73,pjm.com,false,
2024-06-23 05:00:00,USA,PJM,US-MIDA-PJM,376.77,451.58,35.07,5.93,pjm.com,false,
2024-06-23 06:00:00,USA,PJM,US-MIDA-PJM,375.65,450.15,35.36,5.66,pjm.com,false,
2024-06-23 07:00:00,USA,PJM,US-MIDA-PJM,369.04,442.86,36.23,5.56,pjm.com,false,
2024-06-23 08:00:00,USA,PJM,US-MIDA-PJM,365.09,438.86,36.51,5.07,pjm.com,false,
2024-06-23 09:00:00,USA,PJM,US-MIDA-PJM,364.61,438.65,36.35,4.26,pjm.com,false,
2024-06-23 10:00:00,USA,PJM,US-MIDA-PJM,363.27,437.03,36.66,4.26,pjm.com,false,
2024-06-23 11:00:00,USA,PJM,US-MIDA-PJM,355.77,428.44,38.0,6.12,pjm.com,false,
2024-06-23 12:00:00,USA,PJM,US-MIDA-PJM,350.96,423.41,38.54,8.08,pjm.com,false,
2024-06-23 13:00:00,USA,PJM,US-MIDA-PJM,352.34,425.42,38.04,9.07,pjm.com,false,
2024-06-23 14:00:00,USA,PJM,US-MIDA-PJM,356.51,430.85,36.88,9.29,pjm.com,false,
2024-06-23 15:00:00,USA,PJM,US-MIDA-PJM,362.57,438.07,35.84,9.38,pjm.com,false,
2024-06-23 16:00:00,USA,PJM,US-MIDA-PJM,362.64,439.17,35.44,9.79,pjm.com,false,
2024-06-23 17:00:00,USA,PJM,US-MIDA-PJM,363.77,440.81,35.3,10.46,pjm.com,false,
2024-06-23 18:00:00,USA,PJM,US-MIDA-PJM,366.05,443.7,34.96,10.45,pjm.com,false,
2024-06-23 19:00:00,USA,PJM,US-MIDA-PJM,368.06,445.87,34.82,10.74,pjm.com,false,
2024-06-23 20:00:00,USA,PJM,US-MIDA-PJM,370.46,448.4,34.61,10.86,pjm.com,false,
2024-06-23 21:00:00,USA,PJM,US-MIDA-PJM,380.97,459.82,33.43,9.96,pjm.com,false,
2024-06-23 22:00:00,USA,PJM,US-MIDA-PJM,382.84,461.58,33.34,9.59,pjm.com,false,
2024-06-23 23:00:00,USA,PJM,US-MIDA-PJM,391.23,470.6,32.13,7.99,pjm.com,false,
2024-06-24 00:00:00,USA,PJM,US-MIDA-PJM,401.71,481.66,30.89,6.15,pjm.com,false,
2024-06-24 01:00:00,USA,PJM,US-MIDA-PJM,407.3,487.99,29.92,4.27,pjm.com,false,
2024-06-24 02:00:00,USA,PJM,US-MIDA-PJM,405.54,485.54,30.03,2.87,pjm.com,false,
2024-06-24 03:00:00,USA,PJM,US-MIDA-PJM,395.57,474.12,31.24,2.51,pjm.com,false,
2024-06-24 04:00:00,USA,PJM,US-MIDA-PJM,387.04,464.29,32.56,2.29,pjm.com,false,
2024-06-24 05:00:00,USA,PJM,US-MIDA-PJM,383.23,459.93,33.16,2.11,pjm.com,false,
2024-06-24 06:00:00,USA,PJM,US-MIDA-PJM,380.1,456.55,33.5,1.92,pjm.com,false,
2024-06-24 07:00:00,USA,PJM,US-MIDA-PJM,377.8,453.52,34.19,1.84,pjm.com,false,
2024-06-24 08:00:00,USA,PJM,US-MIDA-PJM,375.58,451.41,34.23,1.62,pjm.com,false,
2024-06-24 09:00:00,USA,PJM,US-MIDA-PJM,374.53,450.88,33.93,1.65,pjm.com,false,
2024-06-24 10:00:00,USA,PJM,US-MIDA-PJM,375.89,452.87,33.44,1.8,pjm.com,false,
2024-06-24 11:00:00,USA,PJM,US-MIDA-PJM,376.7,453.75,33.52,3.19,pjm.com,false,
2024-06-24 12:00:00,USA,PJM,US-MIDA-PJM,374.39,450.78,34.28,5.0,pjm.com,false,
2024-06-24 13:00:00,USA,PJM,US-MIDA-PJM,375.01,451.45,34.31,5.86,pjm.com,false,
2024-06-24 14:00:00,USA,PJM,US-MIDA-PJM,373.2,449.78,34.29,6.33,pjm.com,false,
2024-06-24 15:00:00,USA,PJM,US-MIDA-PJM,377.63,455.02,33.52,6.47,pjm.com,false,
2024-06-24 16:00:00,USA,PJM,US-MIDA-PJM,384.04,461.5,33.18,6.88,pjm.com,false,
2024-06-24 17:00:00,USA,PJM,US-MIDA-PJM,389.5,466.88,32.98,7.23,pjm.com,false,
2024-06-24 18:00:00,USA,PJM,US-MIDA-PJM,386.46,463.1,33.7,8.27,pjm.com,false,
2024-06-24 19:00:00,USA,PJM,US-MIDA-PJM,383.53,459.63,34.32,9.24,pjm.com,false,
2024-06-24 20:00:00,USA,PJM,US-MIDA-PJM,386.21,462.6,33.94,9.22,pjm.com,false,
2024-06-24 21:00:00,USA,PJM,US-MIDA-PJM,385.46,461.86,33.97,9.42,pjm.com,false,
2024-06-24 22:00:00,USA,PJM,US-MIDA-PJM,389.09,465.99,33.32,8.86,pjm.com,false,
2024-06-24 23:00:00,USA,PJM,US-MIDA-PJM,397.12,474.7,32.23,7.38,pjm.com,false,
2024-06-25 00:00:00,USA,PJM,US-MIDA-PJM,401.94,480.3,31.21,5.41,pjm.com,false,
2024-06-25 01:00:00,USA,PJM,US-MIDA-PJM,399.26,477.34,31.38,4.56,pjm.com,false,
2024-06-25 02:00:00,USA,PJM,US-MIDA-PJM,395.04,472.71,31.79,3.68,pjm.com,false,
2024-06-25 03:00:00,USA,PJM,US-MIDA-PJM,384.14,459.99,33.71,3.97,pjm.com,false,
2024-06-25 04:00:00,USA,PJM,US-MIDA-PJM,373.76,448.09,35.39,3.69,pjm.com,false,
2024-06-25 05:00:00,USA,PJM,US-MIDA-PJM,361.99,434.0,37.73,4.41,pjm.com,false,
2024-06-25 06:00:00,USA,PJM,US-MIDA-PJM,354.76,424.95,39.44,5.6,pjm.com,false,
2024-06-25 07:00:00,USA,PJM,US-MIDA-PJM,347.68,415.04,41.9,7.02,pjm.com,false,
2024-06-25 08:00:00,USA,PJM,US-MIDA-PJM,346.02,412.81,42.4,7.41,pjm.com,false,
2024-06-25 09:00:00,USA,PJM,US-MIDA-PJM,348.41,416.29,41.47,7.11,pjm.com,false,
2024-06-25 10:00:00,USA,PJM,US-MIDA-PJM,348.75,417.68,40.7,7.46,pjm.com,false,
2024-06-25 11:00:00,USA,PJM,US-MIDA-PJM,343.85,412.88,41.09,9.35,pjm.com,false,
2024-06-25 12:00:00,USA,PJM,US-MIDA-PJM,338.06,406.67,41.93,11.34,pjm.com,false,
2024-06-25 13:00:00,USA,PJM,US-MIDA-PJM,341.98,412.06,40.75,11.23,pjm.com,false,
2024-06-25 14:00:00,USA,PJM,US-MIDA-PJM,352.84,425.26,38.44,10.23,pjm.com,false,
2024-06-25 15:00:00,USA,PJM,US-MIDA-PJM,361.79,435.59,36.92,9.63,pjm.com,false,
2024-06-25 16:00:00,USA,PJM,US-MIDA-PJM,378.44,454.27,34.64,8.53,pjm.com,false,
2024-06-25 17:00:00,USA,PJM,US-MIDA-PJM,376.03,452.02,34.89,9.45,pjm.com,false,
2024-06-25 18:00:00,USA,PJM,US-MIDA-PJM,373.38,448.43,35.63,10.88,pjm.com,false,
2024-06-25 19:00:00,USA,PJM,US-MIDA-PJM,369.03,443.8,36.07,11.86,pjm.com,false,
2024-06-25 20:00:00,USA,PJM,US-MIDA-PJM,379.44,455.86,34.37,10.64,pjm.com,false,
2024-06-25 21:00:00,USA,PJM,US-MIDA-PJM,386.36,463.24,33.81,10.44,pjm.com,false,
2024-06-25 22:00:00,USA,PJM,US-MIDA-PJM,396.28,474.2,32.45,9.1,pjm.com,false,
2024-06-25 23:00:00,USA,PJM,US-MIDA-PJM,411.71,491.4,30.18,6.17,pjm.com,false,
2024-06-26 00:00:00,USA,PJM,US-MIDA-PJM,415.9,496.18,29.36,4.59,pjm.com,false,
2024-06-26 01:00:00,USA,PJM,US-MIDA-PJM,411.56,491.45,29.77,4.35,pjm.com,false,
2024-06-26 02:00:00,USA,PJM,US-MIDA-PJM,403.49,482.07,31.08,4.38,pjm.com,false,
2024-06-26 03:00:00,USA,PJM,US-MIDA-PJM,389.14,465.87,33.0,4.83,pjm.com,false,
2024-06-26 04:00:00,USA,PJM,US-MIDA-PJM,379.64,454.81,34.62,4.84,pjm.com,false,
2024-06-26 05:00:00,USA,PJM,US-MIDA-PJM,371.79,446.51,35.37,4.6,pjm.com,false,
2024-06-26 06:00:00,USA,PJM,US-MIDA-PJM,369.81,444.89,35.23,3.84,pjm.com,false,
2024-06-26 07:00:00,USA,PJM,US-MIDA-PJM,369.27,443.77,35.72,3.33,pjm.com,false,
2024-06-26 08:00:00,USA,PJM,US-MIDA-PJM,369.52,444.13,35.65,2.82,pjm.com,false,
2024-06-26 09:00:00,USA,PJM,US-MIDA-PJM,369.71,444.32,35.65,2.91,pjm.com,false,
2024-06-26 10:00:00,USA,PJM,US-MIDA-PJM,374.75,450.03,34.9,2.94,pjm.com,false,
2024-06-26 11:00:00,USA,PJM,US-MIDA-PJM,376.65,452.38,34.63,4.0,pjm.com,false,
2024-06-26 12:00:00,USA,PJM,US-MIDA-PJM,376.83,452.73,34.64,5.16,pjm.com,false,
2024-06-26 13:00:00,USA,PJM,US-MIDA-PJM,381.59,458.65,33.73,5.62,pjm.com,false,
2024-06-26 14:00:00,USA,PJM,US-MIDA-PJM,386.44,464.6,33.08,6.17,pjm.com,false,
2024-06-26 15:00:00,USA,PJM,US-MIDA-PJM,392.82,472.34,32.36,6.63,pjm.com,false,
2024-06-26 16:00:00,USA,PJM,US-MIDA-PJM,394.45,474.69,32.1,7.28,pjm.com,false,
2024-06-26 17:00:00,USA,PJM,US-MIDA-PJM,392.32,472.18,32.62,8.54,pjm.com,false,
2024-06-26 18:00:00,USA,PJM,US-MIDA-PJM,396.09,476.41,32.26,8.72,pjm.com,false,
2024-06-26 19:00:00,USA,PJM,US-MIDA-PJM,403.41,484.43,31.46,8.11,pjm.com,false,
2024-06-26 20:00:00,USA,PJM,US-MIDA-PJM,405.31,486.61,31.08,7.87,pjm.com,false,
2024-06-26 21:00:00,USA,PJM,US-MIDA-PJM,408.8,490.46,30.68,7.62,pjm.com,false,
2024-06-26 22:00:00,USA,PJM,US-MIDA-PJM,408.14,489.89,30.39,7.02,pjm.com,false,
2024-06-26 23:00:00,USA,PJM,US-MIDA-PJM,410.92,493.32,29.67,5.64,pjm.com,false,
2024-06-27 00:00:00,USA,PJM,US-MIDA-PJM,412.77,494.87,29.27,4.43,pjm.com,false,
2024-06-27 01:00:00,USA,PJM,US-MIDA-PJM,413.26,495.41,28.8,3.06,pjm.com,false,
2024-06-27 02:00:00,USA,PJM,US-MIDA-PJM,410.41,491.07,29.53,2.34,pjm.com,false,
2024-06-27 03:00:00,USA,PJM,US-MIDA-PJM,399.44,478.15,31.06,1.96,pjm.com,false,
2024-06-27 04:00:00,USA,PJM,US-MIDA-PJM,385.45,461.6,33.1,2.09,pjm.com,false,
2024-06-27 05:00:00,USA,PJM,US-MIDA-PJM,373.14,447.78,34.83,2.57,pjm.com,false,
2024-06-27 06:00:00,USA,PJM,US-MIDA-PJM,362.62,436.23,36.14,2.92,pjm.com,false,
2024-06-27 07:00:00,USA,PJM,US-MIDA-PJM,354.44,427.11,37.25,3.31,pjm.com,false,
2024-06-27 08:00:00,USA,PJM,US-MIDA-PJM,353.02,425.49,37.47,3.32,pjm.com,false,
2024-06-27 09:00:00,USA,PJM,US-MIDA-PJM,355.61,428.39,37.11,3.55,pjm.com,false,
2024-06-27 10:00:00,USA,PJM,US-MIDA-PJM,360.97,434.75,36.25,3.91,pjm.com,false,
2024-06-27 11:00:00,USA,PJM,US-MIDA-PJM,362.52,436.77,36.03,4.7,pjm.com,false,
2024-06-27 12:00:00,USA,PJM,US-MIDA-PJM,362.94,437.1,36.24,5.69,pjm.com,false,
2024-06-27 13:00:00,USA,PJM,US-MIDA-PJM,362.01,436.36,36.22,6.25,pjm.com,false,
2024-06-27 14:00:00,USA,PJM,US-MIDA-PJM,363.03,437.63,36.08,6.63,pjm.com,false,
2024-06-27 15:00:00,USA,PJM,US-MIDA-PJM,362.91,438.3,35.56,7.03,pjm.com,false,
2024-06-27 16:00:00,USA,PJM,US-MIDA-PJM,369.4,446.06,34.37,6.83,pjm.com,false,
2024-06-27 17:00:00,USA,PJM,US-MIDA-PJM,364.66,440.94,35.01,8.35,pjm.com,false,
2024-06-27 18:00:00,USA,PJM,US-MIDA-PJM,366.04,442.24,34.97,9.0,pjm.com,false,
2024-06-27 19:00:00,USA,PJM,US-MIDA-PJM,368.15,444.37,34.84,9.22,pjm.com,false,
2024-06-27 20:00:00,USA,PJM,US-MIDA-PJM,372.56,448.87,34.58,9.48,pjm.com,false,
2024-06-27 21:00:00,USA,PJM,US-MIDA-PJM,379.39,456.06,34.12,9.3,pjm.com,false,
2024-06-27 22:00:00,USA,PJM,US-MIDA-PJM,387.26,464.88,32.97,8.18,pjm.com,false,
2024-06-27 23:00:00,USA,PJM,US-MIDA-PJM,395.16,473.5,31.85,6.49,pjm.com,false,
2024-06-28 00:00:00,USA,PJM,US-MIDA-PJM,401.59,480.34,30.95,4.62,pjm.com,false,
2024-06-28 01:00:00,USA,PJM,US-MIDA-PJM,405.04,484.09,30.39,3.06,pjm.com,false,
2024-06-28 02:00:00,USA,PJM,US-MIDA-PJM,398.47,476.36,31.48,2.86,pjm.com,false,
2024-06-28 03:00:00,USA,PJM,US-MIDA-PJM,390.04,465.65,33.38,3.2,pjm.com,false,
2024-06-28 04:00:00,USA,PJM,US-MIDA-PJM,381.55,455.36,35.14,3.09,pjm.com,false,
2024-06-28 05:00:00,USA,PJM,US-MIDA-PJM,370.19,442.87,36.57,3.08,pjm.com,false,
2024-06-28 06:00:00,USA,PJM,US-MIDA-PJM,360.65,432.13,37.92,3.23,pjm.com,false,
2024-06-28 07:00:00,USA,PJM,US-MIDA-PJM,350.59,421.01,39.24,3.65,pjm.com,false,
2024-06-28 08:00:00,USA,PJM,US-MIDA-PJM,347.23,417.48,39.55,3.53,pjm.com,false,
2024-06-28 09:00:00,USA,PJM,US-MIDA-PJM,348.1,418.93,39.08,3.42,pjm.com,false,
2024-06-28 10:00:00,USA,PJM,US-MIDA-PJM,349.89,421.26,38.78,3.97,pjm.com,false,
2024-06-28 11:00:00,USA,PJM,US-MIDA-PJM,344.33,415.0,39.83,6.17,pjm.com,false,
2024-06-28 12:00:00,USA,PJM,US-MIDA-PJM,338.49,408.4,40.92,8.3,pjm.com,false,
2024-06-28 13:00:00,USA,PJM,US-MIDA-PJM,333.05,402.15,41.94,9.69,pjm.com,false,
2024-06-28 14:00:00,USA,PJM,US-MIDA-PJM,328.64,398.11,41.96,10.38,pjm.com,false,
2024-06-28 15:00:00,USA,PJM,US-MIDA-PJM,331.8,403.01,40.59,10.17,pjm.com,false,
2024-06-28 16:00:00,USA,PJM,US-MIDA-PJM,337.55,410.1,39.34,10.33,pjm.com,false,
2024-06-28 17:00:00,USA,PJM,US-MIDA-PJM,345.77,418.55,38.72,10.63,pjm.com,false,
2024-06-28 18:00:00,USA,PJM,US-MIDA-PJM,345.59,418.17,38.9,11.58,pjm.com,false,
2024-06-28 19:00:00,USA,PJM,US-MIDA-PJM,348.33,420.98,38.73,12.17,pjm.com,false,
2024-06-28 20:00:00,USA,PJM,US-MIDA-PJM,355.91,428.96,38.08,12.22,pjm.com,false,
2024-06-28 21:00:00,USA,PJM,US-MIDA-PJM,363.88,437.04,37.52,12.04,pjm.com,false,
2024-06-28 22:00:00,USA,PJM,US-MIDA-PJM,368.96,442.48,36.85,11.28,pjm.com,false,
2024-06-28 23:00:00,USA,PJM,US-MIDA-PJM,381.86,456.71,34.92,8.69,pjm.com,false,
2024-06-29 00:00:00,USA,PJM,US-MIDA-PJM,390.78,466.55,33.61,6.53,pjm.com,false,
2024-06-29 01:00:00,USA,PJM,US-MIDA-PJM,391.59,467.25,33.55,5.9,pjm.com,false,
2024-06-29 02:00:00,USA,PJM,US-MIDA-PJM,386.59,461.11,34.5,5.46,pjm.com,false,
2024-06-29 03:00:00,USA,PJM,US-MIDA-PJM,374.76,447.6,36.31,5.76,pjm.com,false,
2024-06-29 04:00:00,USA,PJM,US-MIDA-PJM,364.87,436.38,37.77,5.99,pjm.com,false,
2024-06-29 05:00:00,USA,PJM,US-MIDA-PJM,353.46,423.93,39.1,6.33,pjm.com,false,
2024-06-29 06:00:00,USA,PJM,US-MIDA-PJM,345.11,414.79,40.13,7.02,pjm.com,false,
2024-06-29 07:00:00,USA,PJM,US-MIDA-PJM,343.12,412.43,40.5,6.9,pjm.com,false,
2024-06-29 08:00:00,USA,PJM,US-MIDA-PJM,339.97,409.06,40.84,6.86,pjm.com,false,
2024-06-29 09:00:00,USA,PJM,US-MIDA-PJM,338.82,407.91,40.9,7.11,pjm.com,false,
2024-06-29 10:00:00,USA,PJM,US-MIDA-PJM,339.83,409.34,40.56,6.71,pjm.com,false,
2024-06-29 11:00:00,USA,PJM,US-MIDA-PJM,340.65,410.82,40.14,6.91,pjm.com,false,
2024-06-29 12:00:00,USA,PJM,US-MIDA-PJM,347.18,418.94,38.75,7.17,pjm.com,false,
2024-06-29 13:00:00,USA,PJM,US-MIDA-PJM,360.35,433.76,36.95,7.06,pjm.com,false,
2024-06-29 14:00:00,USA,PJM,US-MIDA-PJM,367.6,442.49,35.59,6.97,pjm.com,false,
2024-06-29 15:00:00,USA,PJM,US-MIDA-PJM,374.91,450.58,34.7,7.18,pjm.com,false,
2024-06-29 16:00:00,USA,PJM,US-MIDA-PJM,375.78,451.76,34.65,7.94,pjm.com,false,
2024-06-29 17:00:00,USA,PJM,US-MIDA-PJM,379.19,455.09,34.54,8.66,pjm.com,false,
2024-06-29 18:00:00,USA,PJM,US-MIDA-PJM,378.34,453.89,34.87,9.58,pjm.com,false,
2024-06-29 19:00:00,USA,PJM,US-MIDA-PJM,374.12,449.26,35.48,10.7,pjm.com,false,
2024-06-29 20:00:00,USA,PJM,US-MIDA-PJM,375.87,451.37,35.14,10.91,pjm.com,false,
2024-06-29 21:00:00,USA,PJM,US-MIDA-PJM,379.15,455.04,34.77,10.85,pjm.com,false,
2024-06-29 22:00:00,USA,PJM,US-MIDA-PJM,385.2,462.02,33.67,9.64,pjm.com,false,
2024-06-29 23:00:00,USA,PJM,US-MIDA-PJM,391.99,469.91,32.4,7.99,pjm.com,false,
2024-06-30 00:00:00,USA,PJM,US-MIDA-PJM,397.35,475.54,31.85,6.81,pjm.com,false,
2024-06-30 01:00:00,USA,PJM,US-MIDA-PJM,397.19,475.99,31.4,5.63,pjm.com,false,
2024-06-30 02:00:00,USA,PJM,US-MIDA-PJM,398.39,476.86,31.37,4.46,pjm.com,false,
2024-06-30 03:00:00,USA,PJM,US-MIDA-PJM,394.24,470.81,32.94,4.8,pjm.com,false,
2024-06-30 04:00:00,USA,PJM,US-MIDA-PJM,381.81,455.98,35.09,5.29,pjm.com,false,
2024-06-30 05:00:00,USA,PJM,US-MIDA-PJM,364.79,437.01,37.36,6.01,pjm.com,false,
2024-06-30 06:00:00,USA,PJM,US-MIDA-PJM,356.95,428.36,38.35,6.03,pjm.com,false,
2024-06-30 07:00:00,USA,PJM,US-MIDA-PJM,357.72,429.21,38.23,5.57,pjm.com,false,
2024-06-30 08:00:00,USA,PJM,US-MIDA-PJM,353.64,424.71,38.75,5.39,pjm.com,false,
2024-06-30 09:00:00,USA,PJM,US-MIDA-PJM,347.76,418.58,39.24,5.51,pjm.com,false,
2024-06-30 10:00:00,USA,PJM,US-MIDA-PJM,340.28,410.61,39.97,5.97,pjm.com,false,
2024-06-30 11:00:00,USA,PJM,US-MIDA-PJM,336.94,407.42,40.22,6.8,pjm.com,false,
2024-06-30 12:00:00,USA,PJM,US-MIDA-PJM,332.28,402.61,40.82,8.53,pjm.com,false,
2024-06-30 13:00:00,USA,PJM,US-MIDA-PJM,331.96,402.64,40.71,9.55,pjm.com,false,
2024-06-30 14:00:00,USA,PJM,US-MIDA-PJM,340.28,412.8,38.97,8.99,pjm.com,false,
2024-06-30 15:00:00,USA,PJM,US-MIDA-PJM,350.76,424.56,37.53,8.88,pjm.com,false,
2024-06-30 16:00:00,USA,PJM,US-MIDA-PJM,349.35,423.83,37.16,9.34,pjm.com,false,
2024-06-30 17:00:00,USA,PJM,US-MIDA-PJM,354.27,428.88,36.84,9.72,pjm.com,false,
2024-06-30 18:00:00,USA,PJM,US-MIDA-PJM,355.38,429.99,36.79,10.23,pjm.com,false,
2024-06-30 19:00:00,USA,PJM,US-MIDA-PJM,356.32,431.13,36.72,10.67,pjm.com,false,
2024-06-30 20:00:00,USA,PJM,US-MIDA-PJM,359.45,434.07,36.83,11.23,pjm.com,false,
2024-06-30 21:00:00,USA,PJM,US-MIDA-PJM,365.32,440.91,36.51,10.78,pjm.com,false,
2024-06-30 22:00:00,USA,PJM,US-MIDA-PJM,366.43,442.15,36.27,10.13,pjm.com,false,
2024-06-30 23:00:00,USA,PJM,US-MIDA-PJM,368.54,444.33,35.89,9.07,pjm.com,false,
2024-07-01 00:00:00,USA,PJM,US-MIDA-PJM,377.29,453.65,34.43,6.55,pjm.com,false,
2024-07-01 01:00:00,USA,PJM,US-MIDA-PJM,380.79,457.24,33.6,4.71,pjm.com,false,
2024-07-01 02:00:00,USA,PJM,US-MIDA-PJM,372.95,448.42,34.6,3.78,pjm.com,false,
2024-07-01 03:00:00,USA,PJM,US-MIDA-PJM,361.9,435.59,36.43,3.83,pjm.com,false,
2024-07-01 04:00:00,USA,PJM,US-MIDA-PJM,350.85,422.51,38.36,4.19,pjm.com,false,
2024-07-01 05:00:00,USA,PJM,US-MIDA-PJM,344.67,415.34,39.4,4.24,pjm.com,false,
2024-07-01 06:00:00,USA,PJM,US-MIDA-PJM,339.15,408.82,40.45,4.07,pjm.com,false,
2024-07-01 07:00:00,USA,PJM,US-MIDA-PJM,332.98,401.42,41.7,3.87,pjm.com,false,
2024-07-01 08:00:00,USA,PJM,US-MIDA-PJM,331.12,399.78,41.64,3.7,pjm.com,false,
2024-07-01 09:00:00,USA,PJM,US-MIDA-PJM,331.22,400.54,41.14,3.75,pjm.com,false,
2024-07-01 10:00:00,USA,PJM,US-MIDA-PJM,332.91,403.02,40.48,3.97,pjm.com,false,
2024-07-01 11:00:00,USA,PJM,US-MIDA-PJM,333.08,403.8,40.17,5.26,pjm.com,false,
2024-07-01 12:00:00,USA,PJM,US-MIDA-PJM,331.66,402.51,40.37,6.71,pjm.com,false,
2024-07-01 13:00:00,USA,PJM,US-MIDA-PJM,328.82,399.74,40.58,7.78,pjm.com,false,
2024-07-01 14:00:00,USA,PJM,US-MIDA-PJM,319.85,389.8,41.86,9.07,pjm.com,false,
2024-07-01 15:00:00,USA,PJM,US-MIDA-PJM,318.51,388.87,41.72,9.66,pjm.com,false,
2024-07-01 16:00:00,USA,PJM,US-MIDA-PJM,320.5,391.56,41.21,9.78,pjm.com,false,
2024-07-01 17:00:00,USA,PJM,US-MIDA-PJM,321.42,393.12,40.72,9.97,pjm.com,false,
2024-07-01 18:00:00,USA,PJM,US-MIDA-PJM,321.32,393.37,40.5,10.32,pjm.com,false,
2024-07-01 19:00:00,USA,PJM,US-MIDA-PJM,317.12,388.49,41.32,11.72,pjm.com,false,
2024-07-01 20:00:00,USA,PJM,US-MIDA-PJM,316.37,387.68,41.45,12.6,pjm.com,false,
2024-07-01 21:00:00,USA,PJM,US-MIDA-PJM,319.79,391.88,40.66,12.4,pjm.com,false,
2024-07-01 22:00:00,USA,PJM,US-MIDA-PJM,329.37,402.26,39.45,11.37,pjm.com,false,
2024-07-01 23:00:00,USA,PJM,US-MIDA-PJM,343.86,418.26,37.33,8.89,pjm.com,false,
2024-07-02 00:00:00,USA,PJM,US-MIDA-PJM,348.8,424.06,36.18,6.59,pjm.com,false,
2024-07-02 01:00:00,USA,PJM,US-MIDA-PJM,347.69,423.28,35.83,5.28,pjm.com,false,
2024-07-02 02:00:00,USA,PJM,US-MIDA-PJM,347.34,421.45,36.78,4.61,pjm.com,false,
2024-07-02 03:00:00,USA,PJM,US-MIDA-PJM,341.32,413.82,38.24,4.55,pjm.com,false,
2024-07-02 04:00:00,USA,PJM,US-MIDA-PJM,332.4,403.13,40.0,4.78,pjm.com,false,
2024-07-02 05:00:00,USA,PJM,US-MIDA-PJM,323.08,391.68,42.07,5.42,pjm.com,false,
2024-07-02 06:00:00,USA,PJM,US-MIDA-PJM,317.69,385.95,42.61,5.62,pjm.com,false,
2024-07-02 07:00:00,USA,PJM,US-MIDA-PJM,316.25,383.76,43.24,5.47,pjm.com,false,
2024-07-02 08:00:00,USA,PJM,US-MIDA-PJM,315.17,382.28,43.6,5.63,pjm.com,false,
2024-07-02 09:00:00,USA,PJM,US-MIDA-PJM,314.71,382.25,43.29,6.0,pjm.com,false,
2024-07-02 10:00:00,USA,PJM,US-MIDA-PJM,314.02,381.98,43.06,6.75,pjm.com,false,
2024-07-02 11:00:00,USA,PJM,US-MIDA-PJM,304.34,370.78,44.98,9.5,pjm.com,false,
2024-07-02 12:00:00,USA,PJM,US-MIDA-PJM,298.62,364.51,46.03,11.5,pjm.com,false,
2024-07-02 13:00:00,USA,PJM,US-MIDA-PJM,299.72,366.76,45.26,11.8,pjm.com,false,
2024-07-02 14:00:00,USA,PJM,US-MIDA-PJM,301.27,369.65,44.2,11.76,pjm.com,false,
2024-07-02 15:00:00,USA,PJM,US-MIDA-PJM,310.86,382.08,41.56,10.57,pjm.com,false,
2024-07-02 16:00:00,USA,PJM,US-MIDA-PJM,315.26,387.28,40.74,10.84,pjm.com,false,
2024-07-02 17:00:00,USA,PJM,US-MIDA-PJM,323.86,396.85,39.59,10.81,pjm.com,false,
2024-07-02 18:00:00,USA,PJM,US-MIDA-PJM,321.92,394.82,39.8,11.81,pjm.com,false,
2024-07-02 19:00:00,USA,PJM,US-MIDA-PJM,323.41,396.22,39.85,12.82,pjm.com,false,
2024-07-02 20:00:00,USA,PJM,US-MIDA-PJM,328.77,401.61,39.54,13.32,pjm.com,false,
2024-07-02 21:00:00,USA,PJM,US-MIDA-PJM,334.38,407.64,38.89,13.2,pjm.com,false,
2024-07-02 22:00:00,USA,PJM,US-MIDA-PJM,343.52,417.39,37.85,12.31,pjm.com,false,
2024-07-02 23:00:00,USA,PJM,US-MIDA-PJM,355.44,430.36,36.27,10.48,pjm.com,false,
2024-07-03 00:00:00,USA,PJM,US-MIDA-PJM,364.01,439.86,34.93,8.41,pjm.com,false,
2024-07-03 01:00:00,USA,PJM,US-MIDA-PJM,365.61,441.47,34.72,7.34,pjm.com,false,
2024-07-03 02:00:00,USA,PJM,US-MIDA-PJM,364.67,440.0,34.96,6.2,pjm.com,false,
2024-07-03 03:00:00,USA,PJM,US-MIDA-PJM,355.31,429.67,36.1,5.45,pjm.com,false,
2024-07-03 04:00:00,USA,PJM,US-MIDA-PJM,338.48,410.6,38.64,6.27,pjm.com,false,
2024-07-03 05:00:00,USA,PJM,US-MIDA-PJM,328.63,399.95,39.73,6.23,pjm.com,false,
2024-07-03 06:00:00,USA,PJM,US-MIDA-PJM,319.84,389.96,41.07,7.08,pjm.com,false,
2024-07-03 07:00:00,USA,PJM,US-MIDA-PJM,320.61,390.07,41.57,6.75,pjm.com,false,
2024-07-03 08:00:00,USA,PJM,US-MIDA-PJM,320.71,390.01,41.7,6.56,pjm.com,false,
2024-07-03 09:00:00,USA,PJM,US-MIDA-PJM,322.75,392.72,41.1,6.3,pjm.com,false,
2024-07-03 10:00:00,USA,PJM,US-MIDA-PJM,328.72,400.19,39.72,5.8,pjm.com,false,
2024-07-03 11:00:00,USA,PJM,US-MIDA-PJM,329.29,401.42,39.43,7.01,pjm.com,false,
2024-07-03 12:00:00,USA,PJM,US-MIDA-PJM,333.01,405.88,38.96,7.99,pjm.com,false,
2024-07-03 13:00:00,USA,PJM,US-MIDA-PJM,334.9,408.4,38.52,8.79,pjm.com,false,
2024-07-03 14:00:00,USA,PJM,US-MIDA-PJM,343.34,418.23,37.06,8.5,pjm.com,false,
2024-07-03 15:00:00,USA,PJM,US-MIDA-PJM,348.45,424.39,36.01,8.31,pjm.com,false,
2024-07-03 16:00:00,USA,PJM,US-MIDA-PJM,360.03,436.97,34.71,8.0,pjm.com,false,
2024-07-03 17:00:00,USA,PJM,US-MIDA-PJM,369.56,447.07,33.81,7.91,pjm.com,false,
2024-07-03 18:00:00,USA,PJM,US-MIDA-PJM,369.73,447.42,33.71,8.55,pjm.com,false,
2024-07-03 19:00:00,USA,PJM,US-MIDA-PJM,368.24,445.61,34.07,9.44,pjm.com,false,
2024-07-03 20:00:00,USA,PJM,US-MIDA-PJM,367.87,445.19,34.17,9.91,pjm.com,false,
2024-07-03 21:00:00,USA,PJM,US-MIDA-PJM,369.9,447.33,33.95,9.71,pjm.com,false,
2024-07-03 22:00:00,USA,PJM,US-MIDA-PJM,372.91,451.25,33.0,8.28,pjm.com,false,
2024-07-03 23:00:00,USA,PJM,US-MIDA-PJM,382.6,462.02,31.52,5.97,pjm.com,false,
2024-07-04 00:00:00,USA,PJM,US-MIDA-PJM,386.43,466.01,31.07,4.62,pjm.com,false,
2024-07-04 01:00:00,USA,PJM,US-MIDA-PJM,390.21,469.69,30.84,3.55,pjm.com,false,
2024-07-04 02:00:00,USA,PJM,US-MIDA-PJM,391.75,470.66,31.01,2.12,pjm.com,false,
2024-07-04 03:00:00,USA,PJM,US-MIDA-PJM,385.4,463.71,31.78,1.25,pjm.com,false,
2024-07-04 04:00:00,USA,PJM,US-MIDA-PJM,372.89,449.2,33.86,1.3,pjm.com,false,
2024-07-04 05:00:00,USA,PJM,US-MIDA-PJM,356.0,431.45,35.33,1.47,pjm.com,false,
2024-07-04 06:00:00,USA,PJM,US-MIDA-PJM,348.49,423.4,36.14,1.34,pjm.com,false,
2024-07-04 07:00:00,USA,PJM,US-MIDA-PJM,343.66,417.59,37.12,1.17,pjm.com,false,
2024-07-04 08:00:00,USA,PJM,US-MIDA-PJM,342.07,415.62,37.48,1.04,pjm.com,false,
2024-07-04 09:00:00,USA,PJM,US-MIDA-PJM,341.37,414.6,37.79,1.05,pjm.com,false,
2024-07-04 10:00:00,USA,PJM,US-MIDA-PJM,340.35,412.93,38.35,1.36,pjm.com,false,
2024-07-04 11:00:00,USA,PJM,US-MIDA-PJM,336.1,408.11,39.13,2.93,pjm.com,false,
2024-07-04 12:00:00,USA,PJM,US-MIDA-PJM,331.25,403.44,39.5,5.31,pjm.com,false,
2024-07-04 13:00:00,USA,PJM,US-MIDA-PJM,334.35,407.64,38.62,6.31,pjm.com,false,
2024-07-04 14:00:00,USA,PJM,US-MIDA-PJM,337.57,411.99,37.64,6.68,pjm.com,false,
2024-07-04 15:00:00,USA,PJM,US-MIDA-PJM,347.76,423.99,35.76,6.38,pjm.com,false,
2024-07-04 16:00:00,USA,PJM,US-MIDA-PJM,356.07,433.17,34.71,6.63,pjm.com,false,
2024-07-04 17:00:00,USA,PJM,US-MIDA-PJM,355.01,432.17,34.83,7.63,pjm.com,false,
2024-07-04 18:00:00,USA,PJM,US-MIDA-PJM,355.69,433.22,34.58,8.1,pjm.com,false,
2024-07-04 19:00:00,USA,PJM,US-MIDA-PJM,362.97,441.08,33.78,7.75,pjm.com,false,
2024-07-04 20:00:00,USA,PJM,US-MIDA-PJM,364.88,443.1,33.65,7.87,pjm.com,false,
2024-07-04 21:00:00,USA,PJM,US-MIDA-PJM,366.53,445.26,33.23,7.31,pjm.com,false,
2024-07-04 22:00:00,USA,PJM,US-MIDA-PJM,365.71,445.09,32.72,6.32,pjm.com,false,
2024-07-04 23:00:00,USA,PJM,US-MIDA-PJM,368.19,448.14,32.06,5.14,pjm.com,false,
2024-07-05 00:00:00,USA,PJM,US-MIDA-PJM,369.32,449.16,31.96,4.22,pjm.com,false,
2024-07-05 01:00:00,USA,PJM,US-MIDA-PJM,369.45,449.12,31.81,2.97,pjm.com,false,
2024-07-05 02:00:00,USA,PJM,US-MIDA-PJM,369.67,449.16,31.75,1.83,pjm.com,false,
2024-07-05 03:00:00,USA,PJM,US-MIDA-PJM,369.41,448.03,32.4,1.68,pjm.com,false,
2024-07-05 04:00:00,USA,PJM,US-MIDA-PJM,364.56,441.72,33.78,1.77,pjm.com,false,
2024-07-05 05:00:00,USA,PJM,US-MIDA-PJM,357.02,432.7,35.18,1.94,pjm.com,false,
2024-07-05 06:00:00,USA,PJM,US-MIDA-PJM,350.21,424.74,36.33,2.28,pjm.com,false,
2024-07-05 07:00:00,USA,PJM,US-MIDA-PJM,347.86,421.79,36.9,2.36,pjm.com,false,
2024-07-05 08:00:00,USA,PJM,US-MIDA-PJM,345.54,419.1,37.31,2.37,pjm.com,false,
2024-07-05 09:00:00,USA,PJM,US-MIDA-PJM,345.47,419.49,36.97,2.35,pjm.com,false,
2024-07-05 10:00:00,USA,PJM,US-MIDA-PJM,343.61,417.59,37.11,2.77,pjm.com,false,
2024-07-05 11:00:00,USA,PJM,US-MIDA-PJM,340.27,414.21,37.49,4.43,pjm.com,false,
2024-07-05 12:00:00,USA,PJM,US-MIDA-PJM,336.82,410.88,37.81,6.17,pjm.com,false,
2024-07-05 13:00:00,USA,PJM,US-MIDA-PJM,337.0,411.79,37.39,7.07,pjm.com,false,
2024-07-05 14:00:00,USA,PJM,US-MIDA-PJM,344.52,421.65,35.74,7.03,pjm.com,false,
2024-07-05 15:00:00,USA,PJM,US-MIDA-PJM,356.22,435.19,34.28,6.87,pjm.com,false,
2024-07-05 16:00:00,USA,PJM,US-MIDA-PJM,358.43,437.85,34.33,8.18,pjm.com,false,
2024-07-05 17:00:00,USA,PJM,US-MIDA-PJM,359.66,439.11,34.39,9.49,pjm.com,false,
2024-07-05 18:00:00,USA,PJM,US-MIDA-PJM,363.29,442.68,34.3,10.23,pjm.com,false,
2024-07-05 19:00:00,USA,PJM,US-MIDA-PJM,364.67,444.13,34.21,10.73,pjm.com,false,
2024-07-05 20:00:00,USA,PJM,US-MIDA-PJM,367.89,447.33,34.02,10.81,pjm.com,false,
2024-07-05 21:00:00,USA,PJM,US-MIDA-PJM,369.23,449.13,33.73,10.64,pjm.com,false,
2024-07-05 22:00:00,USA,PJM,US-MIDA-PJM,372.46,452.8,33.17,9.9,pjm.com,false,
2024-07-05 23:00:00,USA,PJM,US-MIDA-PJM,375.15,456.74,32.07,8.29,pjm.com,false,
2024-07-06 00:00:00,USA,PJM,US-MIDA-PJM,383.94,466.95,30.39,5.75,pjm.com,false,
2024-07-06 01:00:00,USA,PJM,US-MIDA-PJM,391.79,475.47,29.32,3.99,pjm.com,false,
2024-07-06 02:00:00,USA,PJM,US-MIDA-PJM,390.67,473.87,29.57,3.14,pjm.com,false,
2024-07-06 03:00:00,USA,PJM,US-MIDA-PJM,383.8,465.81,30.67,3.06,pjm.com,false,
2024-07-06 04:00:00,USA,PJM,US-MIDA-PJM,372.2,451.17,32.29,3.26,pjm.com,false,
2024-07-06 05:00:00,USA,PJM,US-MIDA-PJM,366.43,443.85,33.44,3.31,pjm.com,false,
2024-07-06 06:00:00,USA,PJM,US-MIDA-PJM,361.32,437.75,34.44,3.46,pjm.com,false,
2024-07-06 07:00:00,USA,PJM,US-MIDA-PJM,352.18,428.04,35.28,3.5,pjm.com,false,
2024-07-06 08:00:00,USA,PJM,US-MIDA-PJM,347.63,423.18,35.74,3.26,pjm.com,false,
2024-07-06 09:00:00,USA,PJM,US-MIDA-PJM,347.33,422.95,35.71,2.91,pjm.com,false,
2024-07-06 10:00:00,USA,PJM,US-MIDA-PJM,344.02,419.01,36.37,3.1,pjm.com,false,
2024-07-06 11:00:00,USA,PJM,US-MIDA-PJM,337.84,412.43,37.2,4.68,pjm.com,false,
2024-07-06 12:00:00,USA,PJM,US-MIDA-PJM,338.63,413.58,37.2,6.56,pjm.com,false,
2024-07-06 13:00:00,USA,PJM,US-MIDA-PJM,346.31,422.32,36.14,7.29,pjm.com,false,
2024-07-06 14:00:00,USA,PJM,US-MIDA-PJM,354.23,431.83,35.47,7.54,pjm.com,false,
2024-07-06 15:00:00,USA,PJM,US-MIDA-PJM,360.83,439.72,34.45,7.72,pjm.com,false,
2024-07-06 16:00:00,USA,PJM,US-MIDA-PJM,369.4,448.98,33.6,7.75,pjm.com,false,
2024-07-06 17:00:00,USA,PJM,US-MIDA-PJM,368.5,448.27,33.71,8.74,pjm.com,false,
2024-07-06 18:00:00,USA,PJM,US-MIDA-PJM,368.59,448.67,33.57,9.23,pjm.com,false,
2024-07-06 19:00:00,USA,PJM,US-MIDA-PJM,374.62,454.94,33.01,9.13,pjm.com,false,
2024-07-06 20:00:00,USA,PJM,US-MIDA-PJM,378.02,458.98,32.41,8.96,pjm.com,false,
2024-07-06 21:00:00,USA,PJM,US-MIDA-PJM,379.8,461.12,32.06,8.78,pjm.com,false,
2024-07-06 22:00:00,USA,PJM,US-MIDA-PJM,382.73,464.71,31.44,7.95,pjm.com,false,
2024-07-06 23:00:00,USA,PJM,US-MIDA-PJM,391.66,474.79,29.98,6.14,pjm.com,false,
2024-07-07 00:00:00,USA,PJM,US-MIDA-PJM,394.36,477.82,29.42,4.61,pjm.com,false,
2024-07-07 01:00:00,USA,PJM,US-MIDA-PJM,397.65,481.6,28.69,2.88,pjm.com,false,
2024-07-07 02:00:00,USA,PJM,US-MIDA-PJM,396.3,480.22,28.52,1.43,pjm.com,false,
2024-07-07 03:00:00,USA,PJM,US-MIDA-PJM,388.78,471.28,29.44,1.01,pjm.com,false,
2024-07-07 04:00:00,USA,PJM,US-MIDA-PJM,379.43,459.77,30.79,0.95,pjm.com,false,
2024-07-07 05:00:00,USA,PJM,US-MIDA-PJM,372.31,451.48,31.89,0.87,pjm.com,false,
2024-07-07 06:00:00,USA,PJM,US-MIDA-PJM,365.18,442.83,33.38,0.93,pjm.com,false,
2024-07-07 07:00:00,USA,PJM,US-MIDA-PJM,356.36,432.92,34.59,1.08,pjm.com,false,
2024-07-07 08:00:00,USA,PJM,US-MIDA-PJM,349.92,425.79,35.41,1.01,pjm.com,false,
2024-07-07 09:00:00,USA,PJM,US-MIDA-PJM,349.01,424.09,36.06,1.18,pjm.com,false,
2024-07-07 10:00:00,USA,PJM,US-MIDA-PJM,347.0,421.65,36.51,1.55,pjm.com,false,
2024-07-07 11:00:00,USA,PJM,US-MIDA-PJM,338.69,412.13,37.99,3.4,pjm.com,false,
2024-07-07 12:00:00,USA,PJM,US-MIDA-PJM,335.18,408.56,38.44,5.56,pjm.com,false,
2024-07-07 13:00:00,USA,PJM,US-MIDA-PJM,338.95,414.07,37.03,6.08,pjm.com,false,
2024-07-07 14:00:00,USA,PJM,US-MIDA-PJM,344.98,422.25,35.88,6.53,pjm.com,false,
2024-07-07 15:00:00,USA,PJM,US-MIDA-PJM,349.07,427.72,35.19,6.87,pjm.com,false,
2024-07-07 16:00:00,USA,PJM,US-MIDA-PJM,359.0,438.52,34.19,7.22,pjm.com,false,
2024-07-07 17:00:00,USA,PJM,US-MIDA-PJM,362.75,442.48,33.88,7.87,pjm.com,false,
2024-07-07 18:00:00,USA,PJM,US-MIDA-PJM,366.35,446.52,33.47,8.25,pjm.com,false,
2024-07-07 19:00:00,USA,PJM,US-MIDA-PJM,372.01,452.66,32.83,8.32,pjm.com,false,
2024-07-07 20:00:00,USA,PJM,US-MIDA-PJM,377.5,458.94,32.02,8.14,pjm.com,false,
2024-07-07 21:00:00,USA,PJM,US-MIDA-PJM,381.13,462.92,31.59,8.1,pjm.com,false,
2024-07-07 22:00:00,USA,PJM,US-MIDA-PJM,389.97,472.66,30.48,7.15,pjm.com,false,
2024-07-07 23:00:00,USA,PJM,US-MIDA-PJM,398.99,482.7,29.11,5.41,pjm.com,false,
2024-07-08 00:00:00,USA,PJM,US-MIDA-PJM,403.66,487.85,28.4,3.76,pjm.com,false,
2024-07-08 01:00:00,USA,PJM,US-MIDA-PJM,402.68,486.07,28.86,3.16,pjm.com,false,
2024-07-08 02:00:00,USA,PJM,US-MIDA-PJM,403.94,487.21,28.67,1.5,pjm.com,false,
2024-07-08 03:00:00,USA,PJM,US-MIDA-PJM,397.44,479.42,29.39,0.81,pjm.com,false,
2024-07-08 04:00:00,USA,PJM,US-MIDA-PJM,390.72,470.9,30.94,0.97,pjm.com,false,
2024-07-08 05:00:00,USA,PJM,US-MIDA-PJM,378.88,457.72,32.43,1.25,pjm.com,false,
2024-07-08 06:00:00,USA,PJM,US-MIDA-PJM,366.59,444.64,33.52,1.45,pjm.com,false,
2024-07-08 07:00:00,USA,PJM,US-MIDA-PJM,354.57,431.45,34.77,1.57,pjm.com,false,
2024-07-08 08:00:00,USA,PJM,US-MIDA-PJM,352.89,429.85,34.66,1.52,pjm.com,false,
2024-07-08 09:00:00,USA,PJM,US-MIDA-PJM,357.08,434.47,34.14,1.4,pjm.com,false,
2024-07-08 10:00:00,USA,PJM,US-MIDA-PJM,364.76,443.14,33.08,1.34,pjm.com,false,
2024-07-08 11:00:00,USA,PJM,US-MIDA-PJM,363.22,441.89,33.17,2.64,pjm.com,false,
2024-07-08 12:00:00,USA,PJM,US-MIDA-PJM,367.02,445.63,33.27,4.6,pjm.com,false,
2024-07-08 13:00:00,USA,PJM,US-MIDA-PJM,373.46,452.91,32.68,5.58,pjm.com,false,
2024-07-08 14:00:00,USA,PJM,US-MIDA-PJM,382.98,464.63,31.61,5.99,pjm.com,false,
2024-07-08 15:00:00,USA,PJM,US-MIDA-PJM,390.34,473.46,30.46,6.04,pjm.com,false,
2024-07-08 16:00:00,USA,PJM,US-MIDA-PJM,395.06,478.45,30.02,6.79,pjm.com,false,
2024-07-08 17:00:00,USA,PJM,US-MIDA-PJM,402.05,485.72,29.63,7.41,pjm.com,false,
2024-07-08 18:00:00,USA,PJM,US-MIDA-PJM,406.48,490.62,29.1,7.42,pjm.com,false,
2024-07-08 19:00:00,USA,PJM,US-MIDA-PJM,406.59,490.9,29.0,7.65,pjm.com,false,
2024-07-08 20:00:00,USA,PJM,US-MIDA-PJM,407.68,492.72,28.65,7.51,pjm.com,false,
2024-07-08 21:00:00,USA,PJM,US-MIDA-PJM,408.43,494.09,28.38,7.41,pjm.com,false,
2024-07-08 22:00:00,USA,PJM,US-MIDA-PJM,414.05,500.59,27.67,6.66,pjm.com,false,
2024-07-08 23:00:00,USA,PJM,US-MIDA-PJM,421.92,509.51,26.52,5.08,pjm.com,false,
2024-07-09 00:00:00,USA,PJM,US-MIDA-PJM,426.61,514.6,25.45,3.45,pjm.com,false,
2024-07-09 01:00:00,USA,PJM,US-MIDA-PJM,429.81,517.4,25.02,2.25,pjm.com,false,
2024-07-09 02:00:00,USA,PJM,US-MIDA-PJM,433.22,520.08,25.34,1.15,pjm.com,false,
2024-07-09 03:00:00,USA,PJM,US-MIDA-PJM,431.8,516.38,26.78,1.12,pjm.com,false,
2024-07-09 04:00:00,USA,PJM,US-MIDA-PJM,421.93,503.82,28.26,1.13,pjm.com,false,
2024-07-09 05:00:00,USA,PJM,US-MIDA-PJM,405.82,486.77,29.54,0.99,pjm.com,false,
2024-07-09 06:00:00,USA,PJM,US-MIDA-PJM,394.81,475.46,30.19,1.01,pjm.com,false,
2024-07-09 07:00:00,USA,PJM,US-MIDA-PJM,384.94,464.66,31.21,1.09,pjm.com,false,
2024-07-09 08:00:00,USA,PJM,US-MIDA-PJM,383.27,462.62,31.59,1.05,pjm.com,false,
2024-07-09 09:00:00,USA,PJM,US-MIDA-PJM,386.3,465.9,31.21,0.88,pjm.com,false,
2024-07-09 10:00:00,USA,PJM,US-MIDA-PJM,390.32,470.81,30.49,0.99,pjm.com,false,
2024-07-09 11:00:00,USA,PJM,US-MIDA-PJM,393.86,474.97,30.24,2.16,pjm.com,false,
2024-07-09 12:00:00,USA,PJM,US-MIDA-PJM,391.79,472.88,30.71,3.93,pjm.com,false,
2024-07-09 13:00:00,USA,PJM,US-MIDA-PJM,391.78,473.03,30.26,4.62,pjm.com,false,
2024-07-09 14:00:00,USA,PJM,US-MIDA-PJM,401.23,484.85,29.12,4.77,pjm.com,false,
2024-07-09 15:00:00,USA,PJM,US-MIDA-PJM,409.42,494.53,28.2,4.92,pjm.com,false,
2024-07-09 16:00:00,USA,PJM,US-MIDA-PJM,407.11,491.77,28.73,6.31,pjm.com,false,
2024-07-09 17:00:00,USA,PJM,US-MIDA-PJM,405.42,489.91,28.95,7.11,pjm.com,false,
2024-07-09 18:00:00,USA,PJM,US-MIDA-PJM,407.62,492.21,28.99,7.68,pjm.com,false,
2024-07-09 19:00:00,USA,PJM,US-MIDA-PJM,408.19,492.97,28.92,7.71,pjm.com,false,
2024-07-09 20:00:00,USA,PJM,US-MIDA-PJM,410.21,495.42,28.57,7.39,pjm.com,false,
2024-07-09 21:00:00,USA,PJM,US-MIDA-PJM,412.05,497.71,28.29,7.12,pjm.com,false,
2024-07-09 22:00:00,USA,PJM,US-MIDA-PJM,413.39,499.28,27.89,6.64,pjm.com,false,
2024-07-09 23:00:00,USA,PJM,US-MIDA-PJM,416.85,502.97,27.36,5.71,pjm.com,false,
2024-07-10 00:00:00,USA,PJM,US-MIDA-PJM,416.87,502.51,27.34,5.06,pjm.com,false,
2024-07-10 01:00:00,USA,PJM,US-MIDA-PJM,421.31,506.8,27.06,4.22,pjm.com,false,
2024-07-10 02:00:00,USA,PJM,US-MIDA-PJM,422.73,507.03,27.64,3.66,pjm.com,false,
2024-07-10 03:00:00,USA,PJM,US-MIDA-PJM,419.17,501.24,29.02,3.63,pjm.com,false,
2024-07-10 04:00:00,USA,PJM,US-MIDA-PJM,410.98,490.26,30.55,4.0,pjm.com,false,
2024-07-10 05:00:00,USA,PJM,US-MIDA-PJM,401.17,479.85,31.35,3.8,pjm.com,false,
2024-07-10 06:00:00,USA,PJM,US-MIDA-PJM,392.15,470.21,32.16,3.83,pjm.com,false,
2024-07-10 07:00:00,USA,PJM,US-MIDA-PJM,381.51,458.75,33.07,3.81,pjm.com,false,
2024-07-10 08:00:00,USA,PJM,US-MIDA-PJM,375.79,452.37,33.77,3.94,pjm.com,false,
2024-07-10 09:00:00,USA,PJM,US-MIDA-PJM,377.56,454.23,33.55,4.08,pjm.com,false,
2024-07-10 10:00:00,USA,PJM,US-MIDA-PJM,384.8,462.05,32.91,4.23,pjm.com,false,
2024-07-10 11:00:00,USA,PJM,US-MIDA-PJM,390.83,468.78,32.41,5.26,pjm.com,false,
2024-07-10 12:00:00,USA,PJM,US-MIDA-PJM,399.63,478.88,31.16,5.31,pjm.com,false,
2024-07-10 13:00:00,USA,PJM,US-MIDA-PJM,401.23,481.46,30.46,5.5,pjm.com,false,
2024-07-10 14:00:00,USA,PJM,US-MIDA-PJM,402.99,484.42,30.36,6.27,pjm.com,false,
2024-07-10 15:00:00,USA,PJM,US-MIDA-PJM,397.56,479.56,30.7,7.01,pjm.com,false,
2024-07-10 16:00:00,USA,PJM,US-MIDA-PJM,390.46,471.77,31.67,8.49,pjm.com,false,
2024-07-10 17:00:00,USA,PJM,US-MIDA-PJM,390.36,472.09,31.36,8.89,pjm.com,false,
2024-07-10 18:00:00,USA,PJM,US-MIDA-PJM,386.51,467.83,31.99,10.01,pjm.com,false,
2024-07-10 19:00:00,USA,PJM,US-MIDA-PJM,386.66,468.04,32.01,10.21,pjm.com,false,
2024-07-10 20:00:00,USA,PJM,US-MIDA-PJM,391.77,473.78,31.42,9.79,pjm.com,false,
2024-07-10 21:00:00,USA,PJM,US-MIDA-PJM,392.06,474.35,31.3,9.49,pjm.com,false,
2024-07-10 22:00:00,USA,PJM,US-MIDA-PJM,391.02,473.62,30.99,8.87,pjm.com,false,
2024-07-10 23:00:00,USA,PJM,US-MIDA-PJM,401.09,484.81,29.5,6.79,pjm.com,false,
2024-07-11 00:00:00,USA,PJM,US-MIDA-PJM,405.52,489.52,28.79,5.43,pjm.com,false,
2024-07-11 01:00:00,USA,PJM,US-MIDA-PJM,411.59,495.95,27.96,3.96,pjm.com,false,
2024-07-11 02:00:00,USA,PJM,US-MIDA-PJM,417.5,501.7,27.54,2.06,pjm.com,false,
2024-07-11 03:00:00,USA,PJM,US-MIDA-PJM,413.6,495.97,28.77,1.83,pjm.com,false,
2024-07-11 04:00:00,USA,PJM,US-MIDA-PJM,399.2,478.73,30.2,1.74,pjm.com,false,
2024-07-11 05:00:00,USA,PJM,US-MIDA-PJM,386.62,465.64,31.13,1.72,pjm.com,false,
2024-07-11 06:00:00,USA,PJM,US-MIDA-PJM,375.12,453.65,32.06,1.82,pjm.com,false,
2024-07-11 07:00:00,USA,PJM,US-MIDA-PJM,368.5,446.19,33.0,1.76,pjm.com,false,
2024-07-11 08:00:00,USA,PJM,US-MIDA-PJM,365.04,442.49,33.34,1.7,pjm.com,false,
2024-07-11 09:00:00,USA,PJM,US-MIDA-PJM,366.04,443.91,32.98,1.67,pjm.com,false,
2024-07-11 10:00:00,USA,PJM,US-MIDA-PJM,371.12,449.62,32.27,1.67,pjm.com,false,
2024-07-11 11:00:00,USA,PJM,US-MIDA-PJM,369.5,447.61,32.8,3.06,pjm.com,false,
2024-07-11 12:00:00,USA,PJM,US-MIDA-PJM,363.05,440.23,34.04,5.38,pjm.com,false,
2024-07-11 13:00:00,USA,PJM,US-MIDA-PJM,362.48,439.64,34.18,6.38,pjm.com,false,
2024-07-11 14:00:00,USA,PJM,US-MIDA-PJM,366.61,444.99,33.53,6.33,pjm.com,false,
2024-07-11 15:00:00,USA,PJM,US-MIDA-PJM,372.41,452.36,32.51,6.23,pjm.com,false,
2024-07-11 16:00:00,USA,PJM,US-MIDA-PJM,378.07,458.14,32.15,6.65,pjm.com,false,
2024-07-11 17:00:00,USA,PJM,US-MIDA-PJM,371.66,451.47,33.21,8.51,pjm.com,false,
2024-07-11 18:00:00,USA,PJM,US-MIDA-PJM,379.52,460.09,32.46,8.32,pjm.com,false,
2024-07-11 19:00:00,USA,PJM,US-MIDA-PJM,384.98,466.27,31.58,7.86,pjm.com,false,
2024-07-11 20:00:00,USA,PJM,US-MIDA-PJM,387.28,468.81,31.24,7.83,pjm.com,false,
2024-07-11 21:00:00,USA,PJM,US-MIDA-PJM,390.52,472.28,30.85,7.64,pjm.com,false,
2024-07-11 22:00:00,USA,PJM,US-MIDA-PJM,393.23,475.53,30.25,6.85,pjm.com,false,
2024-07-11 23:00:00,USA,PJM,US-MIDA-PJM,401.69,484.57,29.27,5.53,pjm.com,false,
2024-07-12 00:00:00,USA,PJM,US-MIDA-PJM,405.43,488.68,28.69,4.14,pjm.com,false,
2024-07-12 01:00:00,USA,PJM,US-MIDA-PJM,414.6,498.78,27.36,1.95,pjm.com,false,
2024-07-12 02:00:00,USA,PJM,US-MIDA-PJM,414.54,497.58,28.02,1.07,pjm.com,false,
2024-07-12 03:00:00,USA,PJM,US-MIDA-PJM,404.01,484.97,29.55,0.99,pjm.com,false,
2024-07-12 04:00:00,USA,PJM,US-MIDA-PJM,387.47,466.31,31.29,1.09,pjm.com,false,
2024-07-12 05:00:00,USA,PJM,US-MIDA-PJM,374.95,452.78,32.67,1.03,pjm.com,false,
2024-07-12 06:00:00,USA,PJM,US-MIDA-PJM,367.61,444.79,33.53,0.97,pjm.com,false,
2024-07-12 07:00:00,USA,PJM,US-MIDA-PJM,362.87,439.29,34.37,0.79,pjm.com,false,
2024-07-12 08:00:00,USA,PJM,US-MIDA-PJM,360.01,436.37,34.56,0.68,pjm.com,false,
2024-07-12 09:00:00,USA,PJM,US-MIDA-PJM,361.37,438.21,34.13,0.67,pjm.com,false,
2024-07-12 10:00:00,USA,PJM,US-MIDA-PJM,367.39,445.09,33.18,0.75,pjm.com,false,
2024-07-12 11:00:00,USA,PJM,US-MIDA-PJM,372.71,450.87,32.69,1.4,pjm.com,false,
2024-07-12 12:00:00,USA,PJM,US-MIDA-PJM,371.83,449.79,33.08,2.81,pjm.com,false,
2024-07-12 13:00:00,USA,PJM,US-MIDA-PJM,376.86,455.42,32.53,3.59,pjm.com,false,
2024-07-12 14:00:00,USA,PJM,US-MIDA-PJM,384.54,463.5,31.84,3.89,pjm.com,false,
2024-07-12 15:00:00,USA,PJM,US-MIDA-PJM,388.5,468.05,31.19,4.01,pjm.com,false,
2024-07-12 16:00:00,USA,PJM,US-MIDA-PJM,387.22,466.69,31.51,4.98,pjm.com,false,
2024-07-12 17:00:00,USA,PJM,US-MIDA-PJM,383.17,462.46,32.11,6.26,pjm.com,false,
2024-07-12 18:00:00,USA,PJM,US-MIDA-PJM,385.05,464.37,32.03,6.54,pjm.com,false,
2024-07-12 19:00:00,USA,PJM,US-MIDA-PJM,388.57,468.7,31.66,6.41,pjm.com,false,
2024-07-12 20:00:00,USA,PJM,US-MIDA-PJM,396.1,477.25,30.77,5.91,pjm.com,false,
2024-07-12 21:00:00,USA,PJM,US-MIDA-PJM,398.47,480.01,30.41,5.69,pjm.com,false,
2024-07-12 22:00:00,USA,PJM,US-MIDA-PJM,396.7,478.15,30.48,5.62,pjm.com,false,
2024-07-12 23:00:00,USA,PJM,US-MIDA-PJM,400.46,482.26,30.02,4.88,pjm.com,false,
2024-07-13 00:00:00,USA,PJM,US-MIDA-PJM,405.58,487.9,29.26,3.32,pjm.com,false,
2024-07-13 01:00:00,USA,PJM,US-MIDA-PJM,408.41,490.96,28.76,2.17,pjm.com,false,
2024-07-13 02:00:00,USA,PJM,US-MIDA-PJM,408.45,490.39,28.9,1.01,pjm.com,false,
2024-07-13 03:00:00,USA,PJM,US-MIDA-PJM,399.86,480.65,29.85,0.67,pjm.com,false,
2024-07-13 04:00:00,USA,PJM,US-MIDA-PJM,382.67,461.33,31.61,0.66,pjm.com,false,
2024-07-13 05:00:00,USA,PJM,US-MIDA-PJM,370.81,448.27,33.09,0.7,pjm.com,false,
2024-07-13 06:00:00,USA,PJM,US-MIDA-PJM,364.08,440.27,34.39,0.82,pjm.com,false,
2024-07-13 07:00:00,USA,PJM,US-MIDA-PJM,360.01,435.16,35.38,0.91,pjm.com,false,
2024-07-13 08:00:00,USA,PJM,US-MIDA-PJM,359.04,433.79,35.74,0.99,pjm.com,false,
2024-07-13 09:00:00,USA,PJM,US-MIDA-PJM,357.22,431.79,35.96,1.1,pjm.com,false,
2024-07-13 10:00:00,USA,PJM,US-MIDA-PJM,356.33,430.78,36.11,1.29,pjm.com,false,
2024-07-13 11:00:00,USA,PJM,US-MIDA-PJM,353.21,426.96,36.88,2.48,pjm.com,false,
2024-07-13 12:00:00,USA,PJM,US-MIDA-PJM,351.25,425.57,36.73,4.13,pjm.com,false,
2024-07-13 13:00:00,USA,PJM,US-MIDA-PJM,356.03,431.79,35.52,4.89,pjm.com,false,
2024-07-13 14:00:00,USA,PJM,US-MIDA-PJM,361.33,437.94,34.67,5.44,pjm.com,false,
2024-07-13 15:00:00,USA,PJM,US-MIDA-PJM,371.26,448.82,33.68,5.8,pjm.com,false,
2024-07-13 16:00:00,USA,PJM,US-MIDA-PJM,381.95,460.51,33.02,6.41,pjm.com,false,
2024-07-13 17:00:00,USA,PJM,US-MIDA-PJM,388.77,467.99,32.5,6.88,pjm.com,false,
2024-07-13 18:00:00,USA,PJM,US-MIDA-PJM,379.71,458.95,33.32,8.61,pjm.com,false,
2024-07-13 19:00:00,USA,PJM,US-MIDA-PJM,381.85,461.66,32.8,8.88,pjm.com,false,
2024-07-13 20:00:00,USA,PJM,US-MIDA-PJM,388.52,469.02,31.91,8.65,pjm.com,false,
2024-07-13 21:00:00,USA,PJM,US-MIDA-PJM,392.18,472.75,31.66,8.75,pjm.com,false,
2024-07-13 22:00:00,USA,PJM,US-MIDA-PJM,397.37,478.77,30.66,7.69,pjm.com,false,
2024-07-13 23:00:00,USA,PJM,US-MIDA-PJM,405.76,487.87,29.57,6.0,pjm.com,false,
2024-07-14 00:00:00,USA,PJM,US-MIDA-PJM,412.48,494.99,28.79,4.37,pjm.com,false,
2024-07-14 01:00:00,USA,PJM,US-MIDA-PJM,409.6,491.46,29.38,4.03,pjm.com,false,
2024-07-14 02:00:00,USA,PJM,US-MIDA-PJM,410.44,492.02,29.52,3.07,pjm.com,false,
2024-07-14 03:00:00,USA,PJM,US-MIDA-PJM,400.53,480.61,30.8,3.16,pjm.com,false,
2024-07-14 04:00:00,USA,PJM,US-MIDA-PJM,383.83,461.12,32.96,3.73,pjm.com,false,
2024-07-14 05:00:00,USA,PJM,US-MIDA-PJM,369.39,445.02,34.68,3.79,pjm.com,false,
2024-07-14 06:00:00,USA,PJM,US-MIDA-PJM,364.38,439.54,35.3,3.39,pjm.com,false,
2024-07-14 07:00:00,USA,PJM,US-MIDA-PJM,363.14,437.84,35.76,2.95,pjm.com,false,
2024-07-14 08:00:00,USA,PJM,US-MIDA-PJM,361.73,435.86,36.35,2.77,pjm.com,false,
2024-07-14 09:00:00,USA,PJM,US-MIDA-PJM,359.78,433.21,37.01,2.91,pjm.com,false,
2024-07-14 10:00:00,USA,PJM,US-MIDA-PJM,358.55,431.74,37.26,2.8,pjm.com,false,
2024-07-14 11:00:00,USA,PJM,US-MIDA-PJM,353.6,426.35,38.01,4.07,pjm.com,false,
2024-07-14 12:00:00,USA,PJM,US-MIDA-PJM,346.24,419.29,38.41,6.48,pjm.com,false,
2024-07-14 13:00:00,USA,PJM,US-MIDA-PJM,344.1,418.06,37.97,7.97,pjm.com,false,
2024-07-14 14:00:00,USA,PJM,US-MIDA-PJM,350.98,425.94,37.2,8.95,pjm.com,false,
2024-07-14 15:00:00,USA,PJM,US-MIDA-PJM,363.92,441.7,35.36,8.78,pjm.com,false,
2024-07-14 16:00:00,USA,PJM,US-MIDA-PJM,382.32,462.41,33.08,7.9,pjm.com,false,
2024-07-14 17:00:00,USA,PJM,US-MIDA-PJM,386.72,467.2,32.75,8.61,pjm.com,false,
2024-07-14 18:00:00,USA,PJM,US-MIDA-PJM,384.2,464.47,33.09,9.37,pjm.com,false,
2024-07-14 19:00:00,USA,PJM,US-MIDA-PJM,389.33,469.8,32.58,9.22,pjm.com,false,
2024-07-14 20:00:00,USA,PJM,US-MIDA-PJM,395.72,476.46,31.89,8.5,pjm.com,false,
2024-07-14 21:00:00,USA,PJM,US-MIDA-PJM,399.04,479.72,31.65,8.35,pjm.com,false,
2024-07-14 22:00:00,USA,PJM,US-MIDA-PJM,401.66,482.5,31.45,8.41,pjm.com,false,
2024-07-14 23:00:00,USA,PJM,US-MIDA-PJM,410.02,492.45,29.94,6.76,pjm.com,false,
2024-07-15 00:00:00,USA,PJM,US-MIDA-PJM,415.95,498.45,29.34,5.59,pjm.com,false,
2024-07-15 01:00:00,USA,PJM,US-MIDA-PJM,412.27,494.06,29.91,5.42,pjm.com,false,
2024-07-15 02:00:00,USA,PJM,US-MIDA-PJM,410.48,491.07,30.6,4.82,pjm.com,false,
2024-07-15 03:00:00,USA,PJM,US-MIDA-PJM,395.18,473.84,32.27,5.04,pjm.com,false,
2024-07-15 04:00:00,USA,PJM,US-MIDA-PJM,376.95,453.19,34.17,5.4,pjm.com,false,
2024-07-15 05:00:00,USA,PJM,US-MIDA-PJM,369.16,444.33,35.32,5.39,pjm.com,false,
2024-07-15 06:00:00,USA,PJM,US-MIDA-PJM,365.88,440.86,35.68,4.77,pjm.com,false,
2024-07-15 07:00:00,USA,PJM,US-MIDA-PJM,364.6,439.28,35.98,4.44,pjm.com,false,
2024-07-15 08:00:00,USA,PJM,US-MIDA-PJM,365.07,439.83,35.92,4.21,pjm.com,false,
2024-07-15 09:00:00,USA,PJM,US-MIDA-PJM,368.05,443.98,34.89,3.68,pjm.com,false,
2024-07-15 10:00:00,USA,PJM,US-MIDA-PJM,376.77,454.32,33.24,3.03,pjm.com,false,
2024-07-15 11:00:00,USA,PJM,US-MIDA-PJM,373.03,449.72,34.19,4.51,pjm.com,false,
2024-07-15 12:00:00,USA,PJM,US-MIDA-PJM,371.64,448.56,34.33,6.21,pjm.com,false,
2024-07-15 13:00:00,USA,PJM,US-MIDA-PJM,376.9,455.12,33.32,6.64,pjm.com,false,
2024-07-15 14:00:00,USA,PJM,US-MIDA-PJM,391.56,471.91,31.54,6.23,pjm.com,false,
2024-07-15 15:00:00,USA,PJM,US-MIDA-PJM,392.6,473.85,31.85,7.59,pjm.com,false,
2024-07-15 16:00:00,USA,PJM,US-MIDA-PJM,400.39,482.38,31.17,8.31,pjm.com,false,
2024-07-15 17:00:00,USA,PJM,US-MIDA-PJM,407.72,490.1,30.68,8.75,pjm.com,false,
2024-07-15 18:00:00,USA,PJM,US-MIDA-PJM,416.1,499.49,29.6,8.55,pjm.com,false,
2024-07-15 19:00:00,USA,PJM,US-MIDA-PJM,417.14,501.27,29.02,8.38,pjm.com,false,
2024-07-15 20:00:00,USA,PJM,US-MIDA-PJM,419.13,503.8,28.67,8.31,pjm.com,false,
2024-07-15 21:00:00,USA,PJM,US-MIDA-PJM,424.26,509.47,27.98,7.69,pjm.com,false,
2024-07-15 22:00:00,USA,PJM,US-MIDA-PJM,425.22,509.73,28.16,7.61,pjm.com,false,
2024-07-15 23:00:00,USA,PJM,US-MIDA-PJM,429.95,515.16,27.33,6.54,pjm.com,false,
2024-07-16 00:00:00,USA,PJM,US-MIDA-PJM,429.78,514.52,27.32,5.79,pjm.com,false,
2024-07-16 01:00:00,USA,PJM,US-MIDA-PJM,425.68,509.78,27.93,5.55,pjm.com,false,
2024-07-16 02:00:00,USA,PJM,US-MIDA-PJM,427.93,511.72,27.96,4.06,pjm.com,false,
2024-07-16 03:00:00,USA,PJM,US-MIDA-PJM,425.7,507.75,29.07,3.55,pjm.com,false,
2024-07-16 04:00:00,USA,PJM,US-MIDA-PJM,423.39,502.76,30.2,3.43,pjm.com,false,
2024-07-16 05:00:00,USA,PJM,US-MIDA-PJM,408.59,487.1,31.22,3.25,pjm.com,false,
2024-07-16 06:00:00,USA,PJM,US-MIDA-PJM,394.42,472.07,32.3,3.27,pjm.com,false,
2024-07-16 07:00:00,USA,PJM,US-MIDA-PJM,382.19,458.59,33.85,4.2,pjm.com,false,
2024-07-16 08:00:00,USA,PJM,US-MIDA-PJM,378.35,454.84,34.0,3.99,pjm.com,false,
2024-07-16 09:00:00,USA,PJM,US-MIDA-PJM,379.26,456.12,33.68,3.81,pjm.com,false,
2024-07-16 10:00:00,USA,PJM,US-MIDA-PJM,385.51,463.63,32.48,3.51,pjm.com,false,
2024-07-16 11:00:00,USA,PJM,US-MIDA-PJM,387.79,466.15,32.35,4.18,pjm.com,false,
2024-07-16 12:00:00,USA,PJM,US-MIDA-PJM,388.78,467.69,32.32,5.35,pjm.com,false,
2024-07-16 13:00:00,USA,PJM,US-MIDA-PJM,396.78,476.61,31.81,6.06,pjm.com,false,
2024-07-16 14:00:00,USA,PJM,US-MIDA-PJM,398.33,478.68,31.97,7.2,pjm.com,false,
2024-07-16 15:00:00,USA,PJM,US-MIDA-PJM,393.62,474.36,32.17,8.29,pjm.com,false,
2024-07-16 16:00:00,USA,PJM,US-MIDA-PJM,398.48,479.69,31.6,8.83,pjm.com,false,
2024-07-16 17:00:00,USA,PJM,US-MIDA-PJM,395.64,476.98,32.04,10.18,pjm.com,false,
2024-07-16 18:00:00,USA,PJM,US-MIDA-PJM,396.34,477.87,32.23,11.09,pjm.com,false,
2024-07-16 19:00:00,USA,PJM,US-MIDA-PJM,401.06,483.0,31.79,10.91,pjm.com,false,
2024-07-16 20:00:00,USA,PJM,US-MIDA-PJM,401.97,484.17,31.48,10.64,pjm.com,false,
2024-07-16 21:00:00,USA,PJM,US-MIDA-PJM,409.75,493.18,30.45,9.6,pjm.com,false,
2024-07-16 22:00:00,USA,PJM,US-MIDA-PJM,418.85,504.14,29.03,7.93,pjm.com,false,
2024-07-16 23:00:00,USA,PJM,US-MIDA-PJM,422.25,507.82,28.09,6.38,pjm.com,false,
2024-07-17 00:00:00,USA,PJM,US-MIDA-PJM,427.66,512.92,27.5,5.03,pjm.com,false,
2024-07-17 01:00:00,USA,PJM,US-MIDA-PJM,437.11,522.22,26.85,3.24,pjm.com,false,
2024-07-17 02:00:00,USA,PJM,US-MIDA-PJM,439.51,523.52,27.31,2.04,pjm.com,false,
2024-07-17 03:00:00,USA,PJM,US-MIDA-PJM,429.02,511.42,28.4,2.06,pjm.com,false,
2024-07-17 04:00:00,USA,PJM,US-MIDA-PJM,416.21,495.78,30.21,2.3,pjm.com,false,
2024-07-17 05:00:00,USA,PJM,US-MIDA-PJM,401.17,480.5,31.16,2.13,pjm.com,false,
2024-07-17 06:00:00,USA,PJM,US-MIDA-PJM,388.47,467.17,32.17,2.21,pjm.com,false,
2024-07-17 07:00:00,USA,PJM,US-MIDA-PJM,380.88,458.78,33.0,2.32,pjm.com,false,
2024-07-17 08:00:00,USA,PJM,US-MIDA-PJM,375.37,452.98,33.37,2.38,pjm.com,false,
2024-07-17 09:00:00,USA,PJM,US-MIDA-PJM,376.15,454.3,32.87,2.08,pjm.com,false,
2024-07-17 10:00:00,USA,PJM,US-MIDA-PJM,385.05,463.9,32.06,1.95,pjm.com,false,
2024-07-17 11:00:00,USA,PJM,US-MIDA-PJM,391.42,471.35,31.71,2.69,pjm.com,false,
2024-07-17 12:00:00,USA,PJM,US-MIDA-PJM,393.07,473.67,31.77,3.5,pjm.com,false,
2024-07-17 13:00:00,USA,PJM,US-MIDA-PJM,391.51,472.69,31.74,4.27,pjm.com,false,
2024-07-17 14:00:00,USA,PJM,US-MIDA-PJM,393.73,475.06,31.58,5.25,pjm.com,false,
2024-07-17 15:00:00,USA,PJM,US-MIDA-PJM,391.13,472.47,31.83,6.32,pjm.com,false,
2024-07-17 16:00:00,USA,PJM,US-MIDA-PJM,381.38,461.4,33.45,9.04,pjm.com,false,
2024-07-17 17:00:00,USA,PJM,US-MIDA-PJM,383.99,464.19,33.26,9.77,pjm.com,false,
2024-07-17 18:00:00,USA,PJM,US-MIDA-PJM,386.07,466.85,32.79,9.73,pjm.com,false,
2024-07-17 19:00:00,USA,PJM,US-MIDA-PJM,390.18,471.96,31.97,9.33,pjm.com,false,
2024-07-17 20:00:00,USA,PJM,US-MIDA-PJM,388.05,469.81,32.13,9.41,pjm.com,false,
2024-07-17 21:00:00,USA,PJM,US-MIDA-PJM,389.59,471.42,32.09,9.13,pjm.com,false,
2024-07-17 22:00:00,USA,PJM,US-MIDA-PJM,386.09,467.31,32.72,9.15,pjm.com,false,
2024-07-17 23:00:00,USA,PJM,US-MIDA-PJM,392.93,474.45,32.03,7.95,pjm.com,false,
2024-07-18 00:00:00,USA,PJM,US-MIDA-PJM,405.06,487.81,30.18,5.14,pjm.com,false,
2024-07-18 01:00:00,USA,PJM,US-MIDA-PJM,407.84,490.8,29.7,3.55,pjm.com,false,
2024-07-18 02:00:00,USA,PJM,US-MIDA-PJM,401.85,483.39,30.49,3.11,pjm.com,false,
2024-07-18 03:00:00,USA,PJM,US-MIDA-PJM,392.95,472.49,31.6,2.93,pjm.com,false,
2024-07-18 04:00:00,USA,PJM,US-MIDA-PJM,382.2,459.66,32.67,2.38,pjm.com,false,
2024-07-18 05:00:00,USA,PJM,US-MIDA-PJM,374.4,451.06,33.6,1.97,pjm.com,false,
2024-07-18 06:00:00,USA,PJM,US-MIDA-PJM,367.27,442.97,34.68,1.96,pjm.com,false,
2024-07-18 07:00:00,USA,PJM,US-MIDA-PJM,361.11,435.54,35.93,2.29,pjm.com,false,
2024-07-18 08:00:00,USA,PJM,US-MIDA-PJM,358.7,433.31,35.93,2.36,pjm.com,false,
2024-07-18 09:00:00,USA,PJM,US-MIDA-PJM,359.2,434.57,35.4,2.22,pjm.com,false,
2024-07-18 10:00:00,USA,PJM,US-MIDA-PJM,362.38,438.54,34.78,2.22,pjm.com,false,
2024-07-18 11:00:00,USA,PJM,US-MIDA-PJM,366.6,443.62,34.14,2.77,pjm.com,false,
2024-07-18 12:00:00,USA,PJM,US-MIDA-PJM,366.81,443.78,34.31,3.46,pjm.com,false,
2024-07-18 13:00:00,USA,PJM,US-MIDA-PJM,368.5,445.98,34.25,3.97,pjm.com,false,
2024-07-18 14:00:00,USA,PJM,US-MIDA-PJM,369.32,447.01,34.68,4.88,pjm.com,false,
2024-07-18 15:00:00,USA,PJM,US-MIDA-PJM,367.14,445.09,34.58,5.67,pjm.com,false,
2024-07-18 16:00:00,USA,PJM,US-MIDA-PJM,362.55,440.58,34.9,6.79,pjm.com,false,
2024-07-18 17:00:00,USA,PJM,US-MIDA-PJM,365.54,444.01,34.73,7.56,pjm.com,false,
2024-07-18 18:00:00,USA,PJM,US-MIDA-PJM,367.55,446.07,34.7,8.03,pjm.com,false,
2024-07-18 19:00:00,USA,PJM,US-MIDA-PJM,373.9,452.92,33.95,7.87,pjm.com,false,
2024-07-18 20:00:00,USA,PJM,US-MIDA-PJM,375.02,454.46,33.56,8.02,pjm.com,false,
2024-07-18 21:00:00,USA,PJM,US-MIDA-PJM,382.29,462.29,32.69,7.39,pjm.com,false,
2024-07-18 22:00:00,USA,PJM,US-MIDA-PJM,381.92,462.06,32.56,7.08,pjm.com,false,
2024-07-18 23:00:00,USA,PJM,US-MIDA-PJM,387.57,467.98,31.77,5.93,pjm.com,false,
2024-07-19 00:00:00,USA,PJM,US-MIDA-PJM,388.66,469.54,31.28,4.52,pjm.com,false,
2024-07-19 01:00:00,USA,PJM,US-MIDA-PJM,390.93,472.25,30.49,2.83,pjm.com,false,
2024-07-19 02:00:00,USA,PJM,US-MIDA-PJM,388.64,469.33,30.79,1.66,pjm.com,false,
2024-07-19 03:00:00,USA,PJM,US-MIDA-PJM,378.49,457.32,32.1,1.32,pjm.com,false,
2024-07-19 04:00:00,USA,PJM,US-MIDA-PJM,367.79,444.58,33.72,1.38,pjm.com,false,
2024-07-19 05:00:00,USA,PJM,US-MIDA-PJM,354.98,430.67,35.17,1.29,pjm.com,false,
2024-07-19 06:00:00,USA,PJM,US-MIDA-PJM,344.93,419.68,36.39,1.25,pjm.com,false,
2024-07-19 07:00:00,USA,PJM,US-MIDA-PJM,340.35,414.39,37.18,1.21,pjm.com,false,
2024-07-19 08:00:00,USA,PJM,US-MIDA-PJM,340.93,414.87,37.24,1.06,pjm.com,false,
2024-07-19 09:00:00,USA,PJM,US-MIDA-PJM,342.06,416.74,36.63,0.9,pjm.com,false,
2024-07-19 10:00:00,USA,PJM,US-MIDA-PJM,344.67,420.14,35.92,0.9,pjm.com,false,
2024-07-19 11:00:00,USA,PJM,US-MIDA-PJM,342.48,417.78,36.3,2.18,pjm.com,false,
2024-07-19 12:00:00,USA,PJM,US-MIDA-PJM,334.72,408.82,37.83,4.45,pjm.com,false,
2024-07-19 13:00:00,USA,PJM,US-MIDA-PJM,332.05,406.24,38.04,5.59,pjm.com,false,
2024-07-19 14:00:00,USA,PJM,US-MIDA-PJM,329.86,404.18,38.17,6.6,pjm.com,false,
2024-07-19 15:00:00,USA,PJM,US-MIDA-PJM,336.9,413.25,36.98,6.57,pjm.com,false,
2024-07-19 16:00:00,USA,PJM,US-MIDA-PJM,341.72,419.03,36.45,7.21,pjm.com,false,
2024-07-19 17:00:00,USA,PJM,US-MIDA-PJM,339.78,417.37,36.88,8.7,pjm.com,false,
2024-07-19 18:00:00,USA,PJM,US-MIDA-PJM,343.56,421.25,36.69,9.44,pjm.com,false,
2024-07-19 19:00:00,USA,PJM,US-MIDA-PJM,352.32,430.54,35.78,9.15,pjm.com,false,
2024-07-19 20:00:00,USA,PJM,US-MIDA-PJM,353.11,431.53,35.56,9.44,pjm.com,false,
2024-07-19 21:00:00,USA,PJM,US-MIDA-PJM,364.0,443.2,34.4,8.71,pjm.com,false,
2024-07-19 22:00:00,USA,PJM,US-MIDA-PJM,372.7,452.85,33.14,7.3,pjm.com,false,
2024-07-19 23:00:00,USA,PJM,US-MIDA-PJM,382.06,463.06,31.87,5.47,pjm.com,false,
2024-07-20 00:00:00,USA,PJM,US-MIDA-PJM,386.0,467.32,31.3,3.66,pjm.com,false,
2024-07-20 01:00:00,USA,PJM,US-MIDA-PJM,392.0,473.67,30.55,1.66,pjm.com,false,
2024-07-20 02:00:00,USA,PJM,US-MIDA-PJM,386.01,466.97,30.81,0.63,pjm.com,false,
2024-07-20 03:00:00,USA,PJM,US-MIDA-PJM,375.07,454.4,31.71,0.51,pjm.com,false,
2024-07-20 04:00:00,USA,PJM,US-MIDA-PJM,365.97,443.38,33.39,0.59,pjm.com,false,
2024-07-20 05:00:00,USA,PJM,US-MIDA-PJM,358.31,434.95,34.32,0.61,pjm.com,false,
2024-07-20 06:00:00,USA,PJM,US-MIDA-PJM,350.66,426.11,35.59,0.58,pjm.com,false,
2024-07-20 07:00:00,USA,PJM,US-MIDA-PJM,343.06,417.27,36.89,0.66,pjm.com,false,
2024-07-20 08:00:00,USA,PJM,US-MIDA-PJM,338.27,412.02,37.49,0.81,pjm.com,false,
2024-07-20 09:00:00,USA,PJM,US-MIDA-PJM,336.7,410.26,37.73,1.01,pjm.com,false,
2024-07-20 10:00:00,USA,PJM,US-MIDA-PJM,335.98,409.44,37.86,1.17,pjm.com,false,
2024-07-20 11:00:00,USA,PJM,US-MIDA-PJM,335.51,409.2,37.79,1.88,pjm.com,false,
2024-07-20 12:00:00,USA,PJM,US-MIDA-PJM,334.5,408.37,37.88,3.33,pjm.com,false,
2024-07-20 13:00:00,USA,PJM,US-MIDA-PJM,337.69,412.51,37.08,3.96,pjm.com,false,
2024-07-20 14:00:00,USA,PJM,US-MIDA-PJM,340.83,416.55,36.6,4.61,pjm.com,false,
2024-07-20 15:00:00,USA,PJM,US-MIDA-PJM,344.03,421.04,35.87,4.98,pjm.com,false,
2024-07-20 16:00:00,USA,PJM,US-MIDA-PJM,349.19,427.2,35.38,5.74,pjm.com,false,
2024-07-20 17:00:00,USA,PJM,US-MIDA-PJM,356.66,435.59,34.37,5.58,pjm.com,false,
2024-07-20 18:00:00,USA,PJM,US-MIDA-PJM,354.51,433.33,34.67,6.6,pjm.com,false,
2024-07-20 19:00:00,USA,PJM,US-MIDA-PJM,352.9,431.64,34.77,7.09,pjm.com,false,
2024-07-20 20:00:00,USA,PJM,US-MIDA-PJM,354.82,434.13,34.32,7.05,pjm.com,false,
2024-07-20 21:00:00,USA,PJM,US-MIDA-PJM,357.18,436.65,34.09,6.92,pjm.com,false,
2024-07-20 22:00:00,USA,PJM,US-MIDA-PJM,363.11,442.82,33.54,6.22,pjm.com,false,
2024-07-20 23:00:00,USA,PJM,US-MIDA-PJM,370.23,450.58,32.6,4.73,pjm.com,false,
2024-07-21 00:00:00,USA,PJM,US-MIDA-PJM,375.51,456.28,31.91,3.5,pjm.com,false,
2024-07-21 01:00:00,USA,PJM,US-MIDA-PJM,377.26,457.95,31.71,2.51,pjm.com,false,
2024-07-21 02:00:00,USA,PJM,US-MIDA-PJM,379.32,459.91,31.21,0.73,pjm.com,false,
2024-07-21 03:00:00,USA,PJM,US-MIDA-PJM,371.03,449.71,32.28,0.52,pjm.com,false,
2024-07-21 04:00:00,USA,PJM,US-MIDA-PJM,362.12,439.19,33.84,0.61,pjm.com,false,
2024-07-21 05:00:00,USA,PJM,US-MIDA-PJM,355.86,431.56,35.17,0.7,pjm.com,false,
2024-07-21 06:00:00,USA,PJM,US-MIDA-PJM,349.29,423.66,36.49,0.8,pjm.com,false,
2024-07-21 07:00:00,USA,PJM,US-MIDA-PJM,345.41,418.88,37.35,0.73,pjm.com,false,
2024-07-21 08:00:00,USA,PJM,US-MIDA-PJM,344.36,417.44,37.71,0.71,pjm.com,false,
2024-07-21 09:00:00,USA,PJM,US-MIDA-PJM,344.03,416.76,38.0,0.64,pjm.com,false,
2024-07-21 10:00:00,USA,PJM,US-MIDA-PJM,343.58,416.01,38.26,0.69,pjm.com,false,
2024-07-21 11:00:00,USA,PJM,US-MIDA-PJM,339.64,411.5,38.98,1.85,pjm.com,false,
2024-07-21 12:00:00,USA,PJM,US-MIDA-PJM,334.2,405.93,39.56,3.75,pjm.com,false,
2024-07-21 13:00:00,USA,PJM,US-MIDA-PJM,331.87,404.59,39.08,5.17,pjm.com,false,
2024-07-21 14:00:00,USA,PJM,US-MIDA-PJM,333.56,407.95,37.81,5.84,pjm.com,false,
2024-07-21 15:00:00,USA,PJM,US-MIDA-PJM,343.05,419.54,36.27,6.21,pjm.com,false,
2024-07-21 16:00:00,USA,PJM,US-MIDA-PJM,348.91,426.72,35.36,6.73,pjm.com,false,
2024-07-21 17:00:00,USA,PJM,US-MIDA-PJM,351.9,430.74,34.62,7.07,pjm.com,false,
2024-07-21 18:00:00,USA,PJM,US-MIDA-PJM,352.48,431.53,34.47,7.78,pjm.com,false,
2024-07-21 19:00:00,USA,PJM,US-MIDA-PJM,357.93,437.47,33.87,7.96,pjm.com,false,
2024-07-21 20:00:00,USA,PJM,US-MIDA-PJM,366.39,446.93,32.94,7.57,pjm.com,false,
2024-07-21 21:00:00,USA,PJM,US-MIDA-PJM,370.37,451.4,32.5,7.67,pjm.com,false,
2024-07-21 22:00:00,USA,PJM,US-MIDA-PJM,379.51,461.28,31.4,6.54,pjm.com,false,
2024-07-21 23:00:00,USA,PJM,US-MIDA-PJM,388.51,471.39,30.04,4.69,pjm.com,false,
2024-07-22 00:00:00,USA,PJM,US-MIDA-PJM,392.34,475.58,29.46,3.23,pjm.com,false,
2024-07-22 01:00:00,USA,PJM,US-MIDA-PJM,394.36,477.58,29.22,2.28,pjm.com,false,
2024-07-22 02:00:00,USA,PJM,US-MIDA-PJM,397.81,480.55,29.25,1.0,pjm.com,false,
2024-07-22 03:00:00,USA,PJM,US-MIDA-PJM,392.94,474.13,30.34,0.5,pjm.com,false,
2024-07-22 04:00:00,USA,PJM,US-MIDA-PJM,379.29,457.93,31.84,0.46,pjm.com,false,
2024-07-22 05:00:00,USA,PJM,US-MIDA-PJM,372.17,449.88,32.83,0.47,pjm.com,false,
2024-07-22 06:00:00,USA,PJM,US-MIDA-PJM,365.39,442.46,33.67,0.51,pjm.com,false,
2024-07-22 07:00:00,USA,PJM,US-MIDA-PJM,358.28,434.72,34.49,0.63,pjm.com,false,
2024-07-22 08:00:00,USA,PJM,US-MIDA-PJM,354.88,431.38,34.62,0.65,pjm.com,false,
2024-07-22 09:00:00,USA,PJM,US-MIDA-PJM,358.98,435.99,34.04,0.65,pjm.com,false,
2024-07-22 10:00:00,USA,PJM,US-MIDA-PJM,367.15,445.02,33.02,0.69,pjm.com,false,
2024-07-22 11:00:00,USA,PJM,US-MIDA-PJM,370.01,448.88,32.15,1.04,pjm.com,false,
2024-07-22 12:00:00,USA,PJM,US-MIDA-PJM,372.97,452.11,31.84,1.53,pjm.com,false,
2024-07-22 13:00:00,USA,PJM,US-MIDA-PJM,375.35,454.68,31.63,2.01,pjm.com,false,
2024-07-22 14:00:00,USA,PJM,US-MIDA-PJM,375.63,455.32,31.63,2.97,pjm.com,false,
2024-07-22 15:00:00,USA,PJM,US-MIDA-PJM,377.38,457.75,31.61,4.05,pjm.com,false,
2024-07-22 16:00:00,USA,PJM,US-MIDA-PJM,371.47,451.77,32.27,5.65,pjm.com,false,
2024-07-22 17:00:00,USA,PJM,US-MIDA-PJM,364.87,444.57,33.31,7.75,pjm.com,false,
2024-07-22 18:00:00,USA,PJM,US-MIDA-PJM,364.6,444.61,33.24,8.19,pjm.com,false,
2024-07-22 19:00:00,USA,PJM,US-MIDA-PJM,365.47,446.17,32.62,7.64,pjm.com,false,
2024-07-22 20:00:00,USA,PJM,US-MIDA-PJM,372.31,454.14,31.67,6.81,pjm.com,false,
2024-07-22 21:00:00,USA,PJM,US-MIDA-PJM,378.14,460.39,31.14,6.29,pjm.com,false,
2024-07-22 22:00:00,USA,PJM,US-MIDA-PJM,380.93,463.27,30.86,5.84,pjm.com,false,
2024-07-22 23:00:00,USA,PJM,US-MIDA-PJM,383.24,465.64,30.66,5.13,pjm.com,false,
2024-07-23 00:00:00,USA,PJM,US-MIDA-PJM,392.37,475.7,29.36,3.46,pjm.com,false,
2024-07-23 01:00:00,USA,PJM,US-MIDA-PJM,401.34,485.21,28.32,1.69,pjm.com,false,
2024-07-23 02:00:00,USA,PJM,US-MIDA-PJM,401.68,484.54,28.9,0.88,pjm.com,false,
2024-07-23 03:00:00,USA,PJM,US-MIDA-PJM,392.69,473.85,30.19,0.8,pjm.com,false,
2024-07-23 04:00:00,USA,PJM,US-MIDA-PJM,376.96,455.32,32.09,0.82,pjm.com,false,
2024-07-23 05:00:00,USA,PJM,US-MIDA-PJM,362.46,439.97,33.48,0.97,pjm.com,false,
2024-07-23 06:00:00,USA,PJM,US-MIDA-PJM,353.15,429.7,34.64,1.12,pjm.com,false,
2024-07-23 07:00:00,USA,PJM,US-MIDA-PJM,346.37,421.83,35.79,1.34,pjm.com,false,
2024-07-23 08:00:00,USA,PJM,US-MIDA-PJM,344.24,419.69,35.92,1.31,pjm.com,false,
2024-07-23 09:00:00,USA,PJM,US-MIDA-PJM,348.7,424.84,35.18,1.21,pjm.com,false,
2024-07-23 10:00:00,USA,PJM,US-MIDA-PJM,357.48,434.48,34.1,1.2,pjm.com,false,
2024-07-23 11:00:00,USA,PJM,US-MIDA-PJM,360.24,437.28,34.02,2.16,pjm.com,false,
2024-07-23 12:00:00,USA,PJM,US-MIDA-PJM,353.14,429.2,35.33,4.33,pjm.com,false,
2024-07-23 13:00:00,USA,PJM,US-MIDA-PJM,348.97,425.02,35.76,5.75,pjm.com,false,
2024-07-23 14:00:00,USA,PJM,US-MIDA-PJM,358.73,436.86,34.89,5.92,pjm.com,false,
2024-07-23 15:00:00,USA,PJM,US-MIDA-PJM,364.21,443.73,34.06,6.16,pjm.com,false,
2024-07-23 16:00:00,USA,PJM,US-MIDA-PJM,364.39,444.08,33.93,7.06,pjm.com,false,
2024-07-23 17:00:00,USA,PJM,US-MIDA-PJM,364.03,443.72,34.07,8.29,pjm.com,false,
2024-07-23 18:00:00,USA,PJM,US-MIDA-PJM,367.89,447.83,33.71,8.63,pjm.com,false,
2024-07-23 19:00:00,USA,PJM,US-MIDA-PJM,369.7,449.71,33.36,8.62,pjm.com,false,
2024-07-23 20:00:00,USA,PJM,US-MIDA-PJM,377.77,458.74,32.18,7.97,pjm.com,false,
2024-07-23 21:00:00,USA,PJM,US-MIDA-PJM,385.81,467.66,31.08,7.04,pjm.com,false,
2024-07-23 22:00:00,USA,PJM,US-MIDA-PJM,389.5,471.8,30.49,6.25,pjm.com,false,
2024-07-23 23:00:00,USA,PJM,US-MIDA-PJM,387.19,469.43,30.57,5.78,pjm.com,false,
2024-07-24 00:00:00,USA,PJM,US-MIDA-PJM,389.86,472.4,30.14,4.49,pjm.com,false,
2024-07-24 01:00:00,USA,PJM,US-MIDA-PJM,395.35,478.56,29.18,2.74,pjm.com,false,
2024-07-24 02:00:00,USA,PJM,US-MIDA-PJM,402.26,485.03,28.95,1.16,pjm.com,false,
2024-07-24 03:00:00,USA,PJM,US-MIDA-PJM,390.48,471.56,30.24,1.03,pjm.com,false,
2024-07-24 04:00:00,USA,PJM,US-MIDA-PJM,380.28,459.25,31.58,1.03,pjm.com,false,
2024-07-24 05:00:00,USA,PJM,US-MIDA-PJM,373.98,451.93,32.63,1.09,pjm.com,false,
2024-07-24 06:00:00,USA,PJM,US-MIDA-PJM,364.73,441.66,33.84,1.43,pjm.com,false,
2024-07-24 07:00:00,USA,PJM,US-MIDA-PJM,358.17,434.35,34.75,1.59,pjm.com,false,
2024-07-24 08:00:00,USA,PJM,US-MIDA-PJM,355.22,431.27,35.03,1.69,pjm.com,false,
2024-07-24 09:00:00,USA,PJM,US-MIDA-PJM,358.31,434.8,34.55,1.65,pjm.com,false,
2024-07-24 10:00:00,USA,PJM,US-MIDA-PJM,365.79,443.35,33.39,1.53,pjm.com,false,
2024-07-24 11:00:00,USA,PJM,US-MIDA-PJM,369.47,447.46,32.94,1.92,pjm.com,false,
2024-07-24 12:00:00,USA,PJM,US-MIDA-PJM,372.99,450.95,32.91,2.84,pjm.com,false,
2024-07-24 13:00:00,USA,PJM,US-MIDA-PJM,372.9,451.2,32.92,3.56,pjm.com,false,
2024-07-24 14:00:00,USA,PJM,US-MIDA-PJM,371.59,450.67,33.49,4.67,pjm.com,false,
2024-07-24 15:00:00,USA,PJM,US-MIDA-PJM,375.28,455.3,33.03,5.1,pjm.com,false,
2024-07-24 16:00:00,USA,PJM,US-MIDA-PJM,374.79,454.97,33.02,6.08,pjm.com,false,
2024-07-24 17:00:00,USA,PJM,US-MIDA-PJM,364.42,443.58,34.43,8.31,pjm.com,false,
2024-07-24 18:00:00,USA,PJM,US-MIDA-PJM,365.48,444.44,34.55,8.98,pjm.com,false,
2024-07-24 19:00:00,USA,PJM,US-MIDA-PJM,372.15,451.56,33.82,8.71,pjm.com,false,
2024-07-24 20:00:00,USA,PJM,US-MIDA-PJM,377.68,457.75,32.98,8.25,pjm.com,false,
2024-07-24 21:00:00,USA,PJM,US-MIDA-PJM,379.14,459.72,32.48,7.58,pjm.com,false,
2024-07-24 22:00:00,USA,PJM,US-MIDA-PJM,380.34,461.25,32.02,6.91,pjm.com,false,
2024-07-24 23:00:00,USA,PJM,US-MIDA-PJM,383.6,465.02,31.32,5.63,pjm.com,false,
2024-07-25 00:00:00,USA,PJM,US-MIDA-PJM,387.73,469.79,30.4,4.0,pjm.com,false,
2024-07-25 01:00:00,USA,PJM,US-MIDA-PJM,390.56,473.3,29.66,2.57,pjm.com,false,
2024-07-25 02:00:00,USA,PJM,US-MIDA-PJM,390.24,471.86,30.27,1.64,pjm.com,false,
2024-07-25 03:00:00,USA,PJM,US-MIDA-PJM,382.74,462.8,31.52,1.69,pjm.com,false,
2024-07-25 04:00:00,USA,PJM,US-MIDA-PJM,370.58,448.55,32.79,1.65,pjm.com,false,
2024-07-25 05:00:00,USA,PJM,US-MIDA-PJM,362.15,438.62,34.21,1.69,pjm.com,false,
2024-07-25 06:00:00,USA,PJM,US-MIDA-PJM,352.12,427.98,35.16,1.68,pjm.com,false,
2024-07-25 07:00:00,USA,PJM,US-MIDA-PJM,347.96,423.19,35.85,1.51,pjm.com,false,
2024-07-25 08:00:00,USA,PJM,US-MIDA-PJM,346.54,421.29,36.28,1.56,pjm.com,false,
2024-07-25 09:00:00,USA,PJM,US-MIDA-PJM,349.35,424.77,35.64,1.42,pjm.com,false,
2024-07-25 10:00:00,USA,PJM,US-MIDA-PJM,355.92,432.4,34.51,1.57,pjm.com,false,
2024-07-25 11:00:00,USA,PJM,US-MIDA-PJM,359.52,436.57,33.95,1.97,pjm.com,false,
2024-07-25 12:00:00,USA,PJM,US-MIDA-PJM,361.18,438.28,34.03,2.81,pjm.com,false,
2024-07-25 13:00:00,USA,PJM,US-MIDA-PJM,358.46,435.47,34.41,3.66,pjm.com,false,
2024-07-25 14:00:00,USA,PJM,US-MIDA-PJM,362.62,440.46,34.0,4.11,pjm.com,false,
2024-07-25 15:00:00,USA,PJM,US-MIDA-PJM,361.52,440.13,34.1,4.91,pjm.com,false,
2024-07-25 16:00:00,USA,PJM,US-MIDA-PJM,360.84,439.55,34.23,5.95,pjm.com,false,
2024-07-25 17:00:00,USA,PJM,US-MIDA-PJM,356.58,434.78,34.97,7.55,pjm.com,false,
2024-07-25 18:00:00,USA,PJM,US-MIDA-PJM,356.01,434.3,35.0,8.24,pjm.com,false,
2024-07-25 19:00:00,USA,PJM,US-MIDA-PJM,358.0,436.57,34.68,8.24,pjm.com,false,
2024-07-25 20:00:00,USA,PJM,US-MIDA-PJM,361.91,440.91,34.1,7.82,pjm.com,false,
2024-07-25 21:00:00,USA,PJM,US-MIDA-PJM,362.09,441.09,34.09,7.85,pjm.com,false,
2024-07-25 22:00:00,USA,PJM,US-MIDA-PJM,364.16,443.56,33.65,7.2,pjm.com,false,
2024-07-25 23:00:00,USA,PJM,US-MIDA-PJM,369.6,449.41,32.98,5.98,pjm.com,false,
2024-07-26 00:00:00,USA,PJM,US-MIDA-PJM,374.38,454.59,32.28,4.3,pjm.com,false,
2024-07-26 01:00:00,USA,PJM,US-MIDA-PJM,373.04,452.82,32.42,3.46,pjm.com,false,
2024-07-26 02:00:00,USA,PJM,US-MIDA-PJM,364.71,442.4,33.46,2.84,pjm.com,false,
2024-07-26 03:00:00,USA,PJM,US-MIDA-PJM,356.24,431.99,35.09,2.96,pjm.com,false,
2024-07-26 04:00:00,USA,PJM,US-MIDA-PJM,347.46,421.2,37.05,3.06,pjm.com,false,
2024-07-26 05:00:00,USA,PJM,US-MIDA-PJM,338.99,411.77,38.19,3.17,pjm.com,false,
2024-07-26 06:00:00,USA,PJM,US-MIDA-PJM,336.82,408.92,38.81,3.14,pjm.com,false,
2024-07-26 07:00:00,USA,PJM,US-MIDA-PJM,336.94,408.48,39.25,2.75,pjm.com,false,
2024-07-26 08:00:00,USA,PJM,US-MIDA-PJM,338.08,409.65,39.19,2.3,pjm.com,false,
2024-07-26 09:00:00,USA,PJM,US-MIDA-PJM,339.31,411.42,38.73,2.14,pjm.com,false,
2024-07-26 10:00:00,USA,PJM,US-MIDA-PJM,341.21,414.52,37.73,2.05,pjm.com,false,
2024-07-26 11:00:00,USA,PJM,US-MIDA-PJM,339.19,412.66,37.81,2.92,pjm.com,false,
2024-07-26 12:00:00,USA,PJM,US-MIDA-PJM,336.26,409.54,38.3,4.61,pjm.com,false,
2024-07-26 13:00:00,USA,PJM,US-MIDA-PJM,338.15,411.73,38.11,5.47,pjm.com,false,
2024-07-26 14:00:00,USA,PJM,US-MIDA-PJM,335.71,409.43,38.22,6.13,pjm.com,false,
2024-07-26 15:00:00,USA,PJM,US-MIDA-PJM,335.04,409.18,38.17,6.79,pjm.com,false,
2024-07-26 16:00:00,USA,PJM,US-MIDA-PJM,337.87,413.12,37.63,7.69,pjm.com,false,
2024-07-26 17:00:00,USA,PJM,US-MIDA-PJM,337.29,412.78,37.64,8.9,pjm.com,false,
2024-07-26 18:00:00,USA,PJM,US-MIDA-PJM,338.5,414.24,37.37,9.52,pjm.com,false,
2024-07-26 19:00:00,USA,PJM,US-MIDA-PJM,344.29,420.83,36.52,9.19,pjm.com,false,
2024-07-26 20:00:00,USA,PJM,US-MIDA-PJM,349.52,426.53,35.82,8.97,pjm.com,false,
2024-07-26 21:00:00,USA,PJM,US-MIDA-PJM,359.63,437.14,34.85,8.34,pjm.com,false,
2024-07-26 22:00:00,USA,PJM,US-MIDA-PJM,365.77,443.66,34.11,7.24,pjm.com,false,
2024-07-26 23:00:00,USA,PJM,US-MIDA-PJM,365.58,443.86,33.77,6.36,pjm.com,false,
2024-07-27 00:00:00,USA,PJM,US-MIDA-PJM,367.42,446.17,33.08,4.58,pjm.com,false,
2024-07-27 01:00:00,USA,PJM,US-MIDA-PJM,367.42,446.04,32.98,3.45,pjm.com,false,
2024-07-27 02:00:00,USA,PJM,US-MIDA-PJM,365.26,443.18,33.16,2.09,pjm.com,false,
2024-07-27 03:00:00,USA,PJM,US-MIDA-PJM,358.12,434.62,34.49,1.88,pjm.com,false,
2024-07-27 04:00:00,USA,PJM,US-MIDA-PJM,349.74,424.48,36.22,1.98,pjm.com,false,
2024-07-27 05:00:00,USA,PJM,US-MIDA-PJM,341.73,415.15,37.61,2.09,pjm.com,false,
2024-07-27 06:00:00,USA,PJM,US-MIDA-PJM,336.38,408.42,38.9,2.07,pjm.com,false,
2024-07-27 07:00:00,USA,PJM,US-MIDA-PJM,332.46,403.61,39.78,2.01,pjm.com,false,
2024-07-27 08:00:00,USA,PJM,US-MIDA-PJM,330.15,400.36,40.6,2.0,pjm.com,false,
2024-07-27 09:00:00,USA,PJM,US-MIDA-PJM,329.76,400.0,40.62,1.79,pjm.com,false,
2024-07-27 10:00:00,USA,PJM,US-MIDA-PJM,330.96,401.29,40.5,1.6,pjm.com,false,
2024-07-27 11:00:00,USA,PJM,US-MIDA-PJM,327.25,396.91,41.35,2.84,pjm.com,false,
2024-07-27 12:00:00,USA,PJM,US-MIDA-PJM,318.47,387.08,42.92,5.91,pjm.com,false,
2024-07-27 13:00:00,USA,PJM,US-MIDA-PJM,313.27,382.37,43.04,7.74,pjm.com,false,
2024-07-27 14:00:00,USA,PJM,US-MIDA-PJM,313.5,383.81,42.18,8.31,pjm.com,false,
2024-07-27 15:00:00,USA,PJM,US-MIDA-PJM,317.24,389.6,40.46,8.26,pjm.com,false,
2024-07-27 16:00:00,USA,PJM,US-MIDA-PJM,324.92,399.06,38.75,8.09,pjm.com,false,
2024-07-27 17:00:00,USA,PJM,US-MIDA-PJM,328.05,403.21,37.84,8.37,pjm.com,false,
2024-07-27 18:00:00,USA,PJM,US-MIDA-PJM,326.08,400.97,38.27,9.69,pjm.com,false,
2024-07-27 19:00:00,USA,PJM,US-MIDA-PJM,324.68,399.68,38.31,10.5,pjm.com,false,
2024-07-27 20:00:00,USA,PJM,US-MIDA-PJM,332.25,407.39,37.82,10.88,pjm.com,false,
2024-07-27 21:00:00,USA,PJM,US-MIDA-PJM,339.06,414.93,36.87,10.26,pjm.com,false,
2024-07-27 22:00:00,USA,PJM,US-MIDA-PJM,349.68,426.46,35.51,8.89,pjm.com,false,
2024-07-27 23:00:00,USA,PJM,US-MIDA-PJM,365.92,443.84,33.59,6.23,pjm.com,false,
2024-07-28 00:00:00,USA,PJM,US-MIDA-PJM,370.52,448.72,32.94,4.32,pjm.com,false,
2024-07-28 01:00:00,USA,PJM,US-MIDA-PJM,363.56,441.04,33.79,4.01,pjm.com,false,
2024-07-28 02:00:00,USA,PJM,US-MIDA-PJM,357.92,434.95,34.23,2.77,pjm.com,false,
2024-07-28 03:00:00,USA,PJM,US-MIDA-PJM,353.64,429.67,35.1,1.86,pjm.com,false,
2024-07-28 04:00:00,USA,PJM,US-MIDA-PJM,343.84,417.75,37.17,2.3,pjm.com,false,
2024-07-28 05:00:00,USA,PJM,US-MIDA-PJM,335.55,408.35,38.4,2.51,pjm.com,false,
2024-07-28 06:00:00,USA,PJM,US-MIDA-PJM,330.07,401.44,39.69,2.59,pjm.com,false,
2024-07-28 07:00:00,USA,PJM,US-MIDA-PJM,326.49,396.49,40.88,2.71,pjm.com,false,
2024-07-28 08:00:00,USA,PJM,US-MIDA-PJM,325.15,394.56,41.38,2.52,pjm.com,false,
2024-07-28 09:00:00,USA,PJM,US-MIDA-PJM,326.16,395.45,41.43,2.18,pjm.com,false,
2024-07-28 10:00:00,USA,PJM,US-MIDA-PJM,325.23,394.29,41.66,2.12,pjm.com,false,
2024-07-28 11:00:00,USA,PJM,US-MIDA-PJM,316.04,384.12,43.04,4.05,pjm.com,false,
2024-07-28 12:00:00,USA,PJM,US-MIDA-PJM,305.29,372.54,44.56,7.31,pjm.com,false,
2024-07-28 13:00:00,USA,PJM,US-MIDA-PJM,303.9,372.82,43.57,8.53,pjm.com,false,
2024-07-28 14:00:00,USA,PJM,US-MIDA-PJM,306.98,378.31,41.68,8.71,pjm.com,false,
2024-07-28 15:00:00,USA,PJM,US-MIDA-PJM,314.18,387.45,39.86,8.57,pjm.com,false,
2024-07-28 16:00:00,USA,PJM,US-MIDA-PJM,324.21,399.67,38.15,8.43,pjm.com,false,
2024-07-28 17:00:00,USA,PJM,US-MIDA-PJM,334.79,411.97,37.03,8.54,pjm.com,false,
2024-07-28 18:00:00,USA,PJM,US-MIDA-PJM,333.71,411.04,36.99,9.36,pjm.com,false,
2024-07-28 19:00:00,USA,PJM,US-MIDA-PJM,333.22,410.43,37.18,10.32,pjm.com,false,
2024-07-28 20:00:00,USA,PJM,US-MIDA-PJM,337.44,415.4,36.34,10.06,pjm.com,false,
2024-07-28 21:00:00,USA,PJM,US-MIDA-PJM,344.37,423.21,35.27,9.54,pjm.com,false,
2024-07-28 22:00:00,USA,PJM,US-MIDA-PJM,351.71,431.34,34.22,8.45,pjm.com,false,
2024-07-28 23:00:00,USA,PJM,US-MIDA-PJM,364.96,445.56,32.67,6.4,pjm.com,false,
2024-07-29 00:00:00,USA,PJM,US-MIDA-PJM,368.86,449.69,32.27,5.26,pjm.com,false,
2024-07-29 01:00:00,USA,PJM,US-MIDA-PJM,374.26,455.42,31.62,3.93,pjm.com,false,
2024-07-29 02:00:00,USA,PJM,US-MIDA-PJM,372.5,453.21,31.95,2.9,pjm.com,false,
2024-07-29 03:00:00,USA,PJM,US-MIDA-PJM,364.03,443.1,33.16,2.63,pjm.com,false,
2024-07-29 04:00:00,USA,PJM,US-MIDA-PJM,351.63,428.3,34.8,2.93,pjm.com,false,
2024-07-29 05:00:00,USA,PJM,US-MIDA-PJM,341.18,416.44,36.31,3.19,pjm.com,false,
2024-07-29 06:00:00,USA,PJM,US-MIDA-PJM,334.98,409.19,37.36,3.33,pjm.com,false,
2024-07-29 07:00:00,USA,PJM,US-MIDA-PJM,332.49,406.55,37.6,3.08,pjm.com,false,
2024-07-29 08:00:00,USA,PJM,US-MIDA-PJM,334.67,409.36,37.02,2.61,pjm.com,false,
2024-07-29 09:00:00,USA,PJM,US-MIDA-PJM,337.58,412.96,36.37,2.33,pjm.com,false,
2024-07-29 10:00:00,USA,PJM,US-MIDA-PJM,341.66,418.07,35.4,2.33,pjm.com,false,
2024-07-29 11:00:00,USA,PJM,US-MIDA-PJM,341.92,418.44,35.4,3.32,pjm.com,false,
2024-07-29 12:00:00,USA,PJM,US-MIDA-PJM,337.61,413.2,36.48,5.57,pjm.com,false,
2024-07-29 13:00:00,USA,PJM,US-MIDA-PJM,339.95,415.94,36.22,6.57,pjm.com,false,
2024-07-29 14:00:00,USA,PJM,US-MIDA-PJM,345.88,423.58,35.35,6.7,pjm.com,false,
2024-07-29 15:00:00,USA,PJM,US-MIDA-PJM,353.01,432.27,34.51,6.87,pjm.com,false,
2024-07-29 16:00:00,USA,PJM,US-MIDA-PJM,358.48,437.91,34.08,7.43,pjm.com,false,
2024-07-29 17:00:00,USA,PJM,US-MIDA-PJM,355.3,433.45,34.96,9.32,pjm.com,false,
2024-07-29 18:00:00,USA,PJM,US-MIDA-PJM,357.77,435.62,35.08,10.29,pjm.com,false,
2024-07-29 19:00:00,USA,PJM,US-MIDA-PJM,363.61,442.8,34.16,9.97,pjm.com,false,
2024-07-29 20:00:00,USA,PJM,US-MIDA-PJM,367.94,448.31,33.1,9.22,pjm.com,false,
2024-07-29 21:00:00,USA,PJM,US-MIDA-PJM,376.39,458.16,31.69,8.08,pjm.com,false,
2024-07-29 22:00:00,USA,PJM,US-MIDA-PJM,380.75,463.34,30.87,6.88,pjm.com,false,
2024-07-29 23:00:00,USA,PJM,US-MIDA-PJM,387.82,471.19,29.84,5.41,pjm.com,false,
2024-07-30 00:00:00,USA,PJM,US-MIDA-PJM,392.4,475.81,29.51,4.3,pjm.com,false,
2024-07-30 01:00:00,USA,PJM,US-MIDA-PJM,399.53,483.19,28.82,2.74,pjm.com,false,
2024-07-30 02:00:00,USA,PJM,US-MIDA-PJM,401.75,484.38,29.21,1.87,pjm.com,false,
2024-07-30 03:00:00,USA,PJM,US-MIDA-PJM,396.85,477.19,30.56,1.87,pjm.com,false,
2024-07-30 04:00:00,USA,PJM,US-MIDA-PJM,388.21,465.65,32.29,1.98,pjm.com,false,
2024-07-30 05:00:00,USA,PJM,US-MIDA-PJM,377.64,453.89,33.67,2.11,pjm.com,false,
2024-07-30 06:00:00,USA,PJM,US-MIDA-PJM,367.19,442.61,34.81,2.23,pjm.com,false,
2024-07-30 07:00:00,USA,PJM,US-MIDA-PJM,360.12,435.14,35.5,1.92,pjm.com,false,
2024-07-30 08:00:00,USA,PJM,US-MIDA-PJM,357.46,432.98,35.27,1.53,pjm.com,false,
2024-07-30 09:00:00,USA,PJM,US-MIDA-PJM,359.84,436.2,34.53,1.32,pjm.com,false,
2024-07-30 10:00:00,USA,PJM,US-MIDA-PJM,370.7,448.04,33.25,1.18,pjm.com,false,
2024-07-30 11:00:00,USA,PJM,US-MIDA-PJM,374.36,452.23,32.74,1.67,pjm.com,false,
2024-07-30 12:00:00,USA,PJM,US-MIDA-PJM,375.8,453.93,32.62,2.91,pjm.com,false,
2024-07-30 13:00:00,USA,PJM,US-MIDA-PJM,372.65,450.65,32.98,4.07,pjm.com,false,
2024-07-30 14:00:00,USA,PJM,US-MIDA-PJM,371.6,450.11,33.25,5.16,pjm.com,false,
2024-07-30 15:00:00,USA,PJM,US-MIDA-PJM,373.17,452.62,32.81,5.83,pjm.com,false,
2024-07-30 16:00:00,USA,PJM,US-MIDA-PJM,376.01,455.71,32.5,6.69,pjm.com,false,
2024-07-30 17:00:00,USA,PJM,US-MIDA-PJM,371.86,451.38,32.94,8.01,pjm.com,false,
2024-07-30 18:00:00,USA,PJM,US-MIDA-PJM,369.23,448.69,33.17,8.99,pjm.com,false,
2024-07-30 19:00:00,USA,PJM,US-MIDA-PJM,371.91,451.96,33.02,9.32,pjm.com,false,
2024-07-30 20:00:00,USA,PJM,US-MIDA-PJM,374.33,454.63,32.84,9.67,pjm.com,false,
2024-07-30 21:00:00,USA,PJM,US-MIDA-PJM,384.45,466.26,31.23,8.31,pjm.com,false,
2024-07-30 22:00:00,USA,PJM,US-MIDA-PJM,391.35,474.14,30.06,6.87,pjm.com,false,
2024-07-30 23:00:00,USA,PJM,US-MIDA-PJM,396.5,479.99,29.01,5.22,pjm.com,false,
2024-07-31 00:00:00,USA,PJM,US-MIDA-PJM,402.16,486.16,28.3,4.01,pjm.com,false,
2024-07-31 01:00:00,USA,PJM,US-MIDA-PJM,405.08,488.64,28.09,2.94,pjm.com,false,
2024-07-31 02:00:00,USA,PJM,US-MIDA-PJM,409.28,492.36,28.09,1.7,pjm.com,false,
2024-07-31 03:00:00,USA,PJM,US-MIDA-PJM,405.75,486.57,29.6,1.62,pjm.com,false,
2024-07-31 04:00:00,USA,PJM,US-MIDA-PJM,391.02,469.49,32.03,2.2,pjm.com,false,
2024-07-31 05:00:00,USA,PJM,US-MIDA-PJM,371.64,449.09,33.52,2.39,pjm.com,false,
2024-07-31 06:00:00,USA,PJM,US-MIDA-PJM,360.57,436.42,35.09,2.84,pjm.com,false,
2024-07-31 07:00:00,USA,PJM,US-MIDA-PJM,354.57,430.05,35.64,2.72,pjm.com,false,
2024-07-31 08:00:00,USA,PJM,US-MIDA-PJM,353.32,428.91,35.65,2.46,pjm.com,false,
2024-07-31 09:00:00,USA,PJM,US-MIDA-PJM,356.87,433.27,34.87,2.24,pjm.com,false,
2024-07-31 10:00:00,USA,PJM,US-MIDA-PJM,363.34,440.55,33.93,2.04,pjm.com,false,
2024-07-31 11:00:00,USA,PJM,US-MIDA-PJM,365.93,443.45,33.99,3.0,pjm.com,false,
2024-07-31 12:00:00,USA,PJM,US-MIDA-PJM,362.2,438.71,35.12,5.39,pjm.com,false,
2024-07-31 13:00:00,USA,PJM,US-MIDA-PJM,355.34,430.96,36.36,7.7,pjm.com,false,
2024-07-31 14:00:00,USA,PJM,US-MIDA-PJM,360.75,438.44,35.35,8.09,pjm.com,false,
2024-07-31 15:00:00,USA,PJM,US-MIDA-PJM,367.69,447.44,34.15,8.24,pjm.com,false,
2024-07-31 16:00:00,USA,PJM,US-MIDA-PJM,377.58,459.12,32.52,7.84,pjm.com,false,
2024-07-31 17:00:00,USA,PJM,US-MIDA-PJM,376.42,458.01,32.72,8.81,pjm.com,false,
2024-07-31 18:00:00,USA,PJM,US-MIDA-PJM,378.59,460.56,32.64,9.5,pjm.com,false,
2024-07-31 19:00:00,USA,PJM,US-MIDA-PJM,386.98,470.34,31.48,8.9,pjm.com,false,
2024-07-31 20:00:00,USA,PJM,US-MIDA-PJM,393.45,478.22,30.54,8.25,pjm.com,false,
2024-07-31 21:00:00,USA,PJM,US-MIDA-PJM,399.62,485.06,29.71,7.6,pjm.com,false,
2024-07-31 22:00:00,USA,PJM,US-MIDA-PJM,405.23,491.4,28.75,6.57,pjm.com,false,
2024-07-31 23:00:00,USA,PJM,US-MIDA-PJM,414.49,501.57,27.64,5.11,pjm.com,false,
2024-08-01 00:00:00,USA,PJM,US-MIDA-PJM,413.17,499.42,27.78,4.42,pjm.com,false,
2024-08-01 01:00:00,USA,PJM,US-MIDA-PJM,415.85,501.97,27.24,2.86,pjm.com,false,
2024-08-01 02:00:00,USA,PJM,US-MIDA-PJM,420.48,506.32,27.07,1.46,pjm.com,false,
2024-08-01 03:00:00,USA,PJM,US-MIDA-PJM,420.19,503.67,28.48,1.55,pjm.com,false,
2024-08-01 04:00:00,USA,PJM,US-MIDA-PJM,408.74,488.79,30.17,1.63,pjm.com,false,
2024-08-01 05:00:00,USA,PJM,US-MIDA-PJM,391.39,470.01,31.91,2.19,pjm.com,false,
2024-08-01 06:00:00,USA,PJM,US-MIDA-PJM,379.19,456.78,33.08,2.3,pjm.com,false,
2024-08-01 07:00:00,USA,PJM,US-MIDA-PJM,373.66,450.75,33.49,1.95,pjm.com,false,
2024-08-01 08:00:00,USA,PJM,US-MIDA-PJM,370.88,447.7,33.79,1.79,pjm.com,false,
2024-08-01 09:00:00,USA,PJM,US-MIDA-PJM,369.66,446.1,34.11,2.49,pjm.com,false,
2024-08-01 10:00:00,USA,PJM,US-MIDA-PJM,372.24,449.18,33.58,2.56,pjm.com,false,
2024-08-01 11:00:00,USA,PJM,US-MIDA-PJM,372.25,449.49,33.47,3.59,pjm.com,false,
2024-08-01 12:00:00,USA,PJM,US-MIDA-PJM,376.15,453.53,33.42,4.94,pjm.com,false,
2024-08-01 13:00:00,USA,PJM,US-MIDA-PJM,375.46,453.5,33.18,5.99,pjm.com,false,
2024-08-01 14:00:00,USA,PJM,US-MIDA-PJM,383.94,464.41,31.75,5.97,pjm.com,false,
2024-08-01 15:00:00,USA,PJM,US-MIDA-PJM,389.31,471.47,30.99,6.26,pjm.com,false,
2024-08-01 16:00:00,USA,PJM,US-MIDA-PJM,394.73,477.79,30.24,6.66,pjm.com,false,
2024-08-01 17:00:00,USA,PJM,US-MIDA-PJM,395.8,478.48,30.65,8.11,pjm.com,false,
2024-08-01 18:00:00,USA,PJM,US-MIDA-PJM,402.02,485.22,29.95,8.06,pjm.com,false,
2024-08-01 19:00:00,USA,PJM,US-MIDA-PJM,404.18,487.6,29.64,8.12,pjm.com,false,
2024-08-01 20:00:00,USA,PJM,US-MIDA-PJM,404.5,487.97,29.52,8.2,pjm.com,false,
2024-08-01 21:00:00,USA,PJM,US-MIDA-PJM,407.94,491.81,28.97,7.7,pjm.com,false,
2024-08-01 22:00:00,USA,PJM,US-MIDA-PJM,411.33,495.57,28.32,7.03,pjm.com,false,
2024-08-01 23:00:00,USA,PJM,US-MIDA-PJM,419.32,504.62,27.02,5.34,pjm.com,false,
2024-08-02 00:00:00,USA,PJM,US-MIDA-PJM,423.56,508.86,26.7,4.28,pjm.com,false,
2024-08-02 01:00:00,USA,PJM,US-MIDA-PJM,427.83,513.0,26.33,3.06,pjm.com,false,
2024-08-02 02:00:00,USA,PJM,US-MIDA-PJM,435.27,519.97,26.3,1.81,pjm.com,false,
2024-08-02 03:00:00,USA,PJM,US-MIDA-PJM,429.87,512.15,27.94,1.99,pjm.com,false,
2024-08-02 04:00:00,USA,PJM,US-MIDA-PJM,424.5,504.8,29.55,1.96,pjm.com,false,
2024-08-02 05:00:00,USA,PJM,US-MIDA-PJM,412.38,491.44,30.78,1.9,pjm.com,false,
2024-08-02 06:00:00,USA,PJM,US-MIDA-PJM,398.13,476.33,31.74,1.74,pjm.com,false,
2024-08-02 07:00:00,USA,PJM,US-MIDA-PJM,386.96,464.64,32.51,1.71,pjm.com,false,
2024-08-02 08:00:00,USA,PJM,US-MIDA-PJM,380.28,458.03,32.81,1.84,pjm.com,false,
2024-08-02 09:00:00,USA,PJM,US-MIDA-PJM,378.98,456.77,32.85,1.83,pjm.com,false,
2024-08-02 10:00:00,USA,PJM,US-MIDA-PJM,382.76,461.01,32.36,1.92,pjm.com,false,
2024-08-02 11:00:00,USA,PJM,US-MIDA-PJM,382.36,460.37,32.71,2.9,pjm.com,false,
2024-08-02 12:00:00,USA,PJM,US-MIDA-PJM,389.99,468.32,32.47,4.16,pjm.com,false,
2024-08-02 13:00:00,USA,PJM,US-MIDA-PJM,397.2,476.54,31.83,4.95,pjm.com,false,
2024-08-02 14:00:00,USA,PJM,US-MIDA-PJM,397.51,478.67,31.14,5.27,pjm.com,false,
2024-08-02 15:00:00,USA,PJM,US-MIDA-PJM,400.86,483.59,30.61,5.77,pjm.com,false,
2024-08-02 16:00:00,USA,PJM,US-MIDA-PJM,394.14,476.68,31.13,7.23,pjm.com,false,
2024-08-02 17:00:00,USA,PJM,US-MIDA-PJM,391.12,473.35,31.57,8.43,pjm.com,false,
2024-08-02 18:00:00,USA,PJM,US-MIDA-PJM,389.89,472.1,31.64,9.07,pjm.com,false,
2024-08-02 19:00:00,USA,PJM,US-MIDA-PJM,394.86,477.82,30.94,8.65,pjm.com,false,
2024-08-02 20:00:00,USA,PJM,US-MIDA-PJM,394.83,477.9,30.87,8.62,pjm.com,false,
2024-08-02 21:00:00,USA,PJM,US-MIDA-PJM,398.76,482.38,30.32,7.95,pjm.com,false,
2024-08-02 22:00:00,USA,PJM,US-MIDA-PJM,406.72,491.09,29.29,6.22,pjm.com,false,
2024-08-02 23:00:00,USA,PJM,US-MIDA-PJM,408.92,493.07,28.88,4.98,pjm.com,false,
2024-08-03 00:00:00,USA,PJM,US-MIDA-PJM,412.48,496.32,28.69,3.84,pjm.com,false,
2024-08-03 01:00:00,USA,PJM,US-MIDA-PJM,416.75,500.84,28.16,2.41,pjm.com,false,
2024-08-03 02:00:00,USA,PJM,US-MIDA-PJM,416.29,499.38,28.72,1.55,pjm.com,false,
2024-08-03 03:00:00,USA,PJM,US-MIDA-PJM,407.62,488.86,30.02,1.42,pjm.com,false,
2024-08-03 04:00:00,USA,PJM,US-MIDA-PJM,397.11,475.36,31.24,1.39,pjm.com,false,
2024-08-03 05:00:00,USA,PJM,US-MIDA-PJM,386.64,463.69,32.6,1.53,pjm.com,false,
2024-08-03 06:00:00,USA,PJM,US-MIDA-PJM,376.68,452.88,33.73,1.56,pjm.com,false,
2024-08-03 07:00:00,USA,PJM,US-MIDA-PJM,370.11,445.67,34.56,1.53,pjm.com,false,
2024-08-03 08:00:00,USA,PJM,US-MIDA-PJM,365.24,440.71,34.9,1.52,pjm.com,false,
2024-08-03 09:00:00,USA,PJM,US-MIDA-PJM,363.18,438.55,35.09,1.49,pjm.com,false,
2024-08-03 10:00:00,USA,PJM,US-MIDA-PJM,363.09,438.45,35.1,1.5,pjm.com,false,
2024-08-03 11:00:00,USA,PJM,US-MIDA-PJM,359.33,434.43,35.55,2.26,pjm.com,false,
2024-08-03 12:00:00,USA,PJM,US-MIDA-PJM,357.1,432.48,35.59,3.49,pjm.com,false,
2024-08-03 13:00:00,USA,PJM,US-MIDA-PJM,359.76,436.56,34.56,4.25,pjm.com,false,
2024-08-03 14:00:00,USA,PJM,US-MIDA-PJM,365.69,443.27,33.8,5.05,pjm.com,false,
2024-08-03 15:00:00,USA,PJM,US-MIDA-PJM,367.6,445.97,33.27,5.84,pjm.com,false,
2024-08-03 16:00:00,USA,PJM,US-MIDA-PJM,372.42,452.0,32.78,6.69,pjm.com,false,
2024-08-03 17:00:00,USA,PJM,US-MIDA-PJM,370.46,449.74,33.35,8.18,pjm.com,false,
2024-08-03 18:00:00,USA,PJM,US-MIDA-PJM,374.66,454.19,32.99,8.41,pjm.com,false,
2024-08-03 19:00:00,USA,PJM,US-MIDA-PJM,377.66,457.73,32.52,8.34,pjm.com,false,
2024-08-03 20:00:00,USA,PJM,US-MIDA-PJM,378.71,459.05,32.25,8.04,pjm.com,false,
2024-08-03 21:00:00,USA,PJM,US-MIDA-PJM,385.54,466.69,31.23,6.9,pjm.com,false,
2024-08-03 22:00:00,USA,PJM,US-MIDA-PJM,387.01,468.76,30.62,5.72,pjm.com,false,
2024-08-03 23:00:00,USA,PJM,US-MIDA-PJM,389.47,471.38,30.28,4.63,pjm.com,false,
2024-08-04 00:00:00,USA,PJM,US-MIDA-PJM,394.38,476.38,29.79,3.29,pjm.com,false,
2024-08-04 01:00:00,USA,PJM,US-MIDA-PJM,400.17,481.54,29.54,1.95,pjm.com,false,
2024-08-04 02:00:00,USA,PJM,US-MIDA-PJM,397.52,477.9,30.12,1.13,pjm.com,false,
2024-08-04 03:00:00,USA,PJM,US-MIDA-PJM,390.98,470.47,31.09,0.85,pjm.com,false,
2024-08-04 04:00:00,USA,PJM,US-MIDA-PJM,382.38,460.01,32.61,0.87,pjm.com,false,
2024-08-04 05:00:00,USA,PJM,US-MIDA-PJM,376.57,452.97,33.7,0.86,pjm.com,false,
2024-08-04 06:00:00,USA,PJM,US-MIDA-PJM,371.95,446.91,35.0,0.92,pjm.com,false,
2024-08-04 07:00:00,USA,PJM,US-MIDA-PJM,368.23,442.6,35.63,0.92,pjm.com,false,
2024-08-04 08:00:00,USA,PJM,US-MIDA-PJM,366.22,439.53,36.49,1.0,pjm.com,false,
2024-08-04 09:00:00,USA,PJM,US-MIDA-PJM,364.65,437.72,36.75,1.05,pjm.com,false,
2024-08-04 10:00:00,USA,PJM,US-MIDA-PJM,361.98,434.13,37.58,1.33,pjm.com,false,
2024-08-04 11:00:00,USA,PJM,US-MIDA-PJM,360.94,432.68,38.0,1.82,pjm.com,false,
2024-08-04 12:00:00,USA,PJM,US-MIDA-PJM,354.72,426.54,38.45,3.77,pjm.com,false,
2024-08-04 13:00:00,USA,PJM,US-MIDA-PJM,352.13,424.87,38.06,5.24,pjm.com,false,
2024-08-04 14:00:00,USA,PJM,US-MIDA-PJM,353.22,427.35,37.01,5.67,pjm.com,false,
2024-08-04 15:00:00,USA,PJM,US-MIDA-PJM,361.98,438.48,35.35,5.91,pjm.com,false,
2024-08-04 16:00:00,USA,PJM,US-MIDA-PJM,369.09,446.63,34.36,6.42,pjm.com,false,
2024-08-04 17:00:00,USA,PJM,US-MIDA-PJM,378.43,456.65,33.36,6.55,pjm.com,false,
2024-08-04 18:00:00,USA,PJM,US-MIDA-PJM,379.23,457.13,33.65,7.79,pjm.com,false,
2024-08-04 19:00:00,USA,PJM,US-MIDA-PJM,383.82,461.72,33.44,8.39,pjm.com,false,
2024-08-04 20:00:00,USA,PJM,US-MIDA-PJM,392.41,470.96,32.43,7.87,pjm.com,false,
2024-08-04 21:00:00,USA,PJM,US-MIDA-PJM,392.33,471.26,32.14,7.69,pjm.com,false,
2024-08-04 22:00:00,USA,PJM,US-MIDA-PJM,397.06,476.73,31.35,7.03,pjm.com,false,
2024-08-04 23:00:00,USA,PJM,US-MIDA-PJM,408.75,489.53,29.83,5.15,pjm.com,false,
2024-08-05 00:00:00,USA,PJM,US-MIDA-PJM,411.79,493.03,29.22,3.76,pjm.com,false,
2024-08-05 01:00:00,USA,PJM,US-MIDA-PJM,415.95,496.91,29.08,2.95,pjm.com,false,
2024-08-05 02:00:00,USA,PJM,US-MIDA-PJM,417.15,497.69,28.96,1.29,pjm.com,false,
2024-08-05 03:00:00,USA,PJM,US-MIDA-PJM,403.38,482.93,30.38,1.33,pjm.com,false,
2024-08-05 04:00:00,USA,PJM,US-MIDA-PJM,387.3,465.04,32.09,1.47,pjm.com,false,
2024-08-05 05:00:00,USA,PJM,US-MIDA-PJM,378.84,455.75,33.12,1.72,pjm.com,false,
2024-08-05 06:00:00,USA,PJM,US-MIDA-PJM,368.26,443.53,34.88,2.28,pjm.com,false,
2024-08-05 07:00:00,USA,PJM,US-MIDA-PJM,362.87,436.67,36.26,2.81,pjm.com,false,
2024-08-05 08:00:00,USA,PJM,US-MIDA-PJM,360.95,434.82,36.3,2.89,pjm.com,false,
2024-08-05 09:00:00,USA,PJM,US-MIDA-PJM,360.93,435.14,36.05,3.05,pjm.com,false,
2024-08-05 10:00:00,USA,PJM,US-MIDA-PJM,365.66,441.05,34.93,3.14,pjm.com,false,
2024-08-05 11:00:00,USA,PJM,US-MIDA-PJM,369.44,445.72,34.42,3.81,pjm.com,false,
2024-08-05 12:00:00,USA,PJM,US-MIDA-PJM,368.53,444.78,35.08,5.54,pjm.com,false,
2024-08-05 13:00:00,USA,PJM,US-MIDA-PJM,369.32,446.35,34.64,6.16,pjm.com,false,
2024-08-05 14:00:00,USA,PJM,US-MIDA-PJM,382.34,462.1,33.12,6.24,pjm.com,false,
2024-08-05 15:00:00,USA,PJM,US-MIDA-PJM,390.32,471.72,32.17,6.59,pjm.com,false,
2024-08-05 16:00:00,USA,PJM,US-MIDA-PJM,389.55,471.04,32.24,7.84,pjm.com,false,
2024-08-05 17:00:00,USA,PJM,US-MIDA-PJM,391.51,473.45,31.78,8.3,pjm.com,false,
2024-08-05 18:00:00,USA,PJM,US-MIDA-PJM,392.31,474.2,31.84,8.98,pjm.com,false,
2024-08-05 19:00:00,USA,PJM,US-MIDA-PJM,396.51,478.79,31.31,8.87,pjm.com,false,
2024-08-05 20:00:00,USA,PJM,US-MIDA-PJM,399.27,481.92,30.98,8.87,pjm.com,false,
2024-08-05 21:00:00,USA,PJM,US-MIDA-PJM,405.39,488.94,29.96,7.99,pjm.com,false,
2024-08-05 22:00:00,USA,PJM,US-MIDA-PJM,411.31,495.46,29.12,6.92,pjm.com,false,
2024-08-05 23:00:00,USA,PJM,US-MIDA-PJM,422.85,507.75,27.84,5.1,pjm.com,false,
2024-08-06 00:00:00,USA,PJM,US-MIDA-PJM,427.36,512.02,27.66,4.11,pjm.com,false,
2024-08-06 01:00:00,USA,PJM,US-MIDA-PJM,433.21,518.33,26.82,2.36,pjm.com,false,
2024-08-06 02:00:00,USA,PJM,US-MIDA-PJM,431.64,516.07,27.37,1.68,pjm.com,false,
2024-08-06 03:00:00,USA,PJM,US-MIDA-PJM,425.71,508.58,28.6,1.58,pjm.com,false,
2024-08-06 04:00:00,USA,PJM,US-MIDA-PJM,408.09,487.03,30.25,2.03,pjm.com,false,
2024-08-06 05:00:00,USA,PJM,US-MIDA-PJM,391.51,468.79,32.19,2.68,pjm.com,false,
2024-08-06 06:00:00,USA,PJM,US-MIDA-PJM,378.2,454.63,33.48,3.02,pjm.com,false,
2024-08-06 07:00:00,USA,PJM,US-MIDA-PJM,368.39,443.82,34.72,3.58,pjm.com,false,
2024-08-06 08:00:00,USA,PJM,US-MIDA-PJM,361.4,436.57,35.27,3.99,pjm.com,false,
2024-08-06 09:00:00,USA,PJM,US-MIDA-PJM,362.24,438.33,34.55,3.77,pjm.com,false,
2024-08-06 10:00:00,USA,PJM,US-MIDA-PJM,369.1,445.9,33.68,3.68,pjm.com,false,
2024-08-06 11:00:00,USA,PJM,US-MIDA-PJM,374.31,451.27,33.39,4.37,pjm.com,false,
2024-08-06 12:00:00,USA,PJM,US-MIDA-PJM,374.11,451.04,33.68,5.79,pjm.com,false,
2024-08-06 13:00:00,USA,PJM,US-MIDA-PJM,378.37,455.88,33.27,6.39,pjm.com,false,
2024-08-06 14:00:00,USA,PJM,US-MIDA-PJM,380.91,459.4,33.01,7.06,pjm.com,false,
2024-08-06 15:00:00,USA,PJM,US-MIDA-PJM,384.6,464.47,32.39,7.43,pjm.com,false,
2024-08-06 16:00:00,USA,PJM,US-MIDA-PJM,388.58,468.57,32.2,8.2,pjm.com,false,
2024-08-06 17:00:00,USA,PJM,US-MIDA-PJM,384.5,463.34,33.1,9.72,pjm.com,false,
2024-08-06 18:00:00,USA,PJM,US-MIDA-PJM,388.2,468.06,32.34,9.28,pjm.com,false,
2024-08-06 19:00:00,USA,PJM,US-MIDA-PJM,385.86,465.88,32.35,9.31,pjm.com,false,
2024-08-06 20:00:00,USA,PJM,US-MIDA-PJM,378.2,457.74,33.12,9.74,pjm.com,false,
2024-08-06 21:00:00,USA,PJM,US-MIDA-PJM,374.95,454.24,33.46,9.63,pjm.com,false,
2024-08-06 22:00:00,USA,PJM,US-MIDA-PJM,382.51,462.06,32.63,8.32,pjm.com,false,
2024-08-06 23:00:00,USA,PJM,US-MIDA-PJM,391.12,471.29,31.47,6.55,pjm.com,false,
2024-08-07 00:00:00,USA,PJM,US-MIDA-PJM,393.28,473.66,30.96,5.51,pjm.com,false,
2024-08-07 01:00:00,USA,PJM,US-MIDA-PJM,394.31,474.93,30.6,4.16,pjm.com,false,
2024-08-07 02:00:00,USA,PJM,US-MIDA-PJM,389.35,468.9,31.16,3.2,pjm.com,false,
2024-08-07 03:00:00,USA,PJM,US-MIDA-PJM,378.69,456.33,32.75,3.04,pjm.com,false,
2024-08-07 04:00:00,USA,PJM,US-MIDA-PJM,369.22,444.83,34.55,3.15,pjm.com,false,
2024-08-07 05:00:00,USA,PJM,US-MIDA-PJM,362.9,437.75,35.46,3.25,pjm.com,false,
2024-08-07 06:00:00,USA,PJM,US-MIDA-PJM,358.96,433.39,35.98,3.3,pjm.com,false,
2024-08-07 07:00:00,USA,PJM,US-MIDA-PJM,354.45,428.62,36.41,3.3,pjm.com,false,
2024-08-07 08:00:00,USA,PJM,US-MIDA-PJM,353.07,426.99,36.66,3.24,pjm.com,false,
2024-08-07 09:00:00,USA,PJM,US-MIDA-PJM,356.14,430.48,36.18,3.05,pjm.com,false,
2024-08-07 10:00:00,USA,PJM,US-MIDA-PJM,361.3,436.04,35.59,2.95,pjm.com,false,
2024-08-07 11:00:00,USA,PJM,US-MIDA-PJM,366.22,441.87,34.69,3.14,pjm.com,false,
2024-08-07 12:00:00,USA,PJM,US-MIDA-PJM,367.05,443.17,34.4,3.56,pjm.com,false,
2024-08-07 13:00:00,USA,PJM,US-MIDA-PJM,366.73,443.3,34.21,4.08,pjm.com,false,
2024-08-07 14:00:00,USA,PJM,US-MIDA-PJM,365.16,442.05,34.3,4.78,pjm.com,false,
2024-08-07 15:00:00,USA,PJM,US-MIDA-PJM,367.97,445.18,34.11,5.47,pjm.com,false,
2024-08-07 16:00:00,USA,PJM,US-MIDA-PJM,365.18,442.31,34.95,7.03,pjm.com,false,
2024-08-07 17:00:00,USA,PJM,US-MIDA-PJM,358.62,434.89,36.15,8.99,pjm.com,false,
2024-08-07 18:00:00,USA,PJM,US-MIDA-PJM,368.07,444.53,35.52,8.89,pjm.com,false,
2024-08-07 19:00:00,USA,PJM,US-MIDA-PJM,374.62,450.93,35.18,8.64,pjm.com,false,
2024-08-07 20:00:00,USA,PJM,US-MIDA-PJM,377.49,453.81,35.13,8.54,pjm.com,false,
2024-08-07 21:00:00,USA,PJM,US-MIDA-PJM,380.09,457.05,34.88,8.31,pjm.com,false,
2024-08-07 22:00:00,USA,PJM,US-MIDA-PJM,383.31,460.71,34.32,7.65,pjm.com,false,
2024-08-07 23:00:00,USA,PJM,US-MIDA-PJM,390.89,469.21,33.12,6.09,pjm.com,false,
2024-08-08 00:00:00,USA,PJM,US-MIDA-PJM,404.0,483.87,31.12,3.71,pjm.com,false,
2024-08-08 01:00:00,USA,PJM,US-MIDA-PJM,406.2,485.9,31.01,2.83,pjm.com,false,
2024-08-08 02:00:00,USA,PJM,US-MIDA-PJM,397.45,476.05,32.11,2.51,pjm.com,false,
2024-08-08 03:00:00,USA,PJM,US-MIDA-PJM,378.5,455.39,34.01,2.69,pjm.com,false,
2024-08-08 04:00:00,USA,PJM,US-MIDA-PJM,365.97,440.6,35.56,2.86,pjm.com,false,
2024-08-08 05:00:00,USA,PJM,US-MIDA-PJM,357.47,431.42,36.48,2.84,pjm.com,false,
2024-08-08 06:00:00,USA,PJM,US-MIDA-PJM,350.02,423.2,37.48,2.76,pjm.com,false,
2024-08-08 07:00:00,USA,PJM,US-MIDA-PJM,346.41,419.25,37.91,2.53,pjm.com,false,
2024-08-08 08:00:00,USA,PJM,US-MIDA-PJM,345.74,418.78,37.77,2.39,pjm.com,false,
2024-08-08 09:00:00,USA,PJM,US-MIDA-PJM,346.79,420.02,37.59,2.43,pjm.com,false,
2024-08-08 10:00:00,USA,PJM,US-MIDA-PJM,357.53,431.89,36.18,2.18,pjm.com,false,
2024-08-08 11:00:00,USA,PJM,US-MIDA-PJM,367.13,441.83,35.46,2.42,pjm.com,false,
2024-08-08 12:00:00,USA,PJM,US-MIDA-PJM,366.83,442.02,35.2,3.0,pjm.com,false,
2024-08-08 13:00:00,USA,PJM,US-MIDA-PJM,369.61,445.48,34.63,3.42,pjm.com,false,
2024-08-08 14:00:00,USA,PJM,US-MIDA-PJM,370.22,446.49,34.66,4.13,pjm.com,false,
2024-08-08 15:00:00,USA,PJM,US-MIDA-PJM,369.29,446.33,34.53,4.72,pjm.com,false,
2024-08-08 16:00:00,USA,PJM,US-MIDA-PJM,372.42,449.61,34.36,5.64,pjm.com,false,
2024-08-08 17:00:00,USA,PJM,US-MIDA-PJM,366.18,442.46,35.45,7.52,pjm.com,false,
2024-08-08 18:00:00,USA,PJM,US-MIDA-PJM,376.69,453.68,34.46,7.12,pjm.com,false,
2024-08-08 19:00:00,USA,PJM,US-MIDA-PJM,373.88,450.7,34.82,7.56,pjm.com,false,
2024-08-08 20:00:00,USA,PJM,US-MIDA-PJM,371.01,447.77,35.02,7.91,pjm.com,false,
2024-08-08 21:00:00,USA,PJM,US-MIDA-PJM,376.03,453.14,34.49,7.67,pjm.com,false,
2024-08-08 22:00:00,USA,PJM,US-MIDA-PJM,380.16,457.7,33.88,6.99,pjm.com,false,
2024-08-08 23:00:00,USA,PJM,US-MIDA-PJM,383.09,461.06,33.34,6.12,pjm.com,false,
2024-08-09 00:00:00,USA,PJM,US-MIDA-PJM,385.86,464.13,32.89,5.34,pjm.com,false,
2024-08-09 01:00:00,USA,PJM,US-MIDA-PJM,388.94,467.01,32.57,4.35,pjm.com,false,
2024-08-09 02:00:00,USA,PJM,US-MIDA-PJM,377.98,454.61,33.96,4.32,pjm.com,false,
2024-08-09 03:00:00,USA,PJM,US-MIDA-PJM,370.55,445.82,35.23,4.3,pjm.com,false,
2024-08-09 04:00:00,USA,PJM,US-MIDA-PJM,360.19,433.21,36.98,4.79,pjm.com,false,
2024-08-09 05:00:00,USA,PJM,US-MIDA-PJM,352.7,425.2,37.77,5.11,pjm.com,false,
2024-08-09 06:00:00,USA,PJM,US-MIDA-PJM,349.77,421.78,38.31,5.21,pjm.com,false,
2024-08-09 07:00:00,USA,PJM,US-MIDA-PJM,343.76,415.41,38.88,5.26,pjm.com,false,
2024-08-09 08:00:00,USA,PJM,US-MIDA-PJM,339.72,411.52,38.97,5.28,pjm.com,false,
2024-08-09 09:00:00,USA,PJM,US-MIDA-PJM,343.41,415.97,38.22,4.87,pjm.com,false,
2024-08-09 10:00:00,USA,PJM,US-MIDA-PJM,352.66,426.39,36.87,4.5,pjm.com,false,
2024-08-09 11:00:00,USA,PJM,US-MIDA-PJM,357.42,431.34,36.5,4.85,pjm.com,false,
2024-08-09 12:00:00,USA,PJM,US-MIDA-PJM,358.4,432.99,36.09,5.26,pjm.com,false,
2024-08-09 13:00:00,USA,PJM,US-MIDA-PJM,361.0,436.27,35.59,5.65,pjm.com,false,
2024-08-09 14:00:00,USA,PJM,US-MIDA-PJM,363.94,439.74,35.24,6.12,pjm.com,false,
2024-08-09 15:00:00,USA,PJM,US-MIDA-PJM,368.62,445.59,34.68,6.42,pjm.com,false,
2024-08-09 16:00:00,USA,PJM,US-MIDA-PJM,364.8,441.27,35.33,7.75,pjm.com,false,
2024-08-09 17:00:00,USA,PJM,US-MIDA-PJM,356.04,431.58,36.4,9.42,pjm.com,false,
2024-08-09 18:00:00,USA,PJM,US-MIDA-PJM,348.84,423.55,37.52,10.93,pjm.com,false,
2024-08-09 19:00:00,USA,PJM,US-MIDA-PJM,345.79,419.9,38.15,11.67,pjm.com,false,
2024-08-09 20:00:00,USA,PJM,US-MIDA-PJM,343.02,417.12,38.26,12.06,pjm.com,false,
2024-08-09 21:00:00,USA,PJM,US-MIDA-PJM,343.97,418.59,37.89,11.82,pjm.com,false,
2024-08-09 22:00:00,USA,PJM,US-MIDA-PJM,349.93,425.08,37.06,10.66,pjm.com,false,
2024-08-09 23:00:00,USA,PJM,US-MIDA-PJM,362.56,438.98,35.29,8.16,pjm.com,false,
2024-08-10 00:00:00,USA,PJM,US-MIDA-PJM,373.65,451.38,33.6,5.66,pjm.com,false,
2024-08-10 01:00:00,USA,PJM,US-MIDA-PJM,381.2,459.24,32.82,3.91,pjm.com,false,
2024-08-10 02:00:00,USA,PJM,US-MIDA-PJM,375.31,452.16,33.72,3.25,pjm.com,false,
2024-08-10 03:00:00,USA,PJM,US-MIDA-PJM,366.18,441.35,35.16,3.49,pjm.com,false,
2024-08-10 04:00:00,USA,PJM,US-MIDA-PJM,352.1,425.22,37.38,4.17,pjm.com,false,
2024-08-10 05:00:00,USA,PJM,US-MIDA-PJM,340.09,412.32,38.62,4.07,pjm.com,false,
2024-08-10 06:00:00,USA,PJM,US-MIDA-PJM,329.91,401.36,39.74,4.17,pjm.com,false,
2024-08-10 07:00:00,USA,PJM,US-MIDA-PJM,323.99,394.53,40.75,4.44,pjm.com,false,
2024-08-10 08:00:00,USA,PJM,US-MIDA-PJM,318.6,388.4,41.58,4.42,pjm.com,false,
2024-08-10 09:00:00,USA,PJM,US-MIDA-PJM,317.74,387.52,41.64,4.07,pjm.com,false,
2024-08-10 10:00:00,USA,PJM,US-MIDA-PJM,318.56,388.56,41.45,4.05,pjm.com,false,
2024-08-10 11:00:00,USA,PJM,US-MIDA-PJM,315.43,384.67,42.28,5.29,pjm.com,false,
2024-08-10 12:00:00,USA,PJM,US-MIDA-PJM,308.5,376.98,43.5,7.59,pjm.com,false,
2024-08-10 13:00:00,USA,PJM,US-MIDA-PJM,310.29,379.92,42.73,8.44,pjm.com,false,
2024-08-10 14:00:00,USA,PJM,US-MIDA-PJM,310.78,381.23,42.16,9.04,pjm.com,false,
2024-08-10 15:00:00,USA,PJM,US-MIDA-PJM,310.98,381.51,42.04,9.9,pjm.com,false,
2024-08-10 16:00:00,USA,PJM,US-MIDA-PJM,308.95,379.6,42.02,10.98,pjm.com,false,
2024-08-10 17:00:00,USA,PJM,US-MIDA-PJM,313.47,384.85,41.23,11.08,pjm.com,false,
2024-08-10 18:00:00,USA,PJM,US-MIDA-PJM,309.4,380.34,41.84,12.3,pjm.com,false,
2024-08-10 19:00:00,USA,PJM,US-MIDA-PJM,308.1,379.52,41.64,12.81,pjm.com,false,
2024-08-10 20:00:00,USA,PJM,US-MIDA-PJM,311.73,383.59,41.27,13.02,pjm.com,false,
2024-08-10 21:00:00,USA,PJM,US-MIDA-PJM,319.18,391.89,40.32,12.48,pjm.com,false,
2024-08-10 22:00:00,USA,PJM,US-MIDA-PJM,325.88,399.24,39.44,11.39,pjm.com,false,
2024-08-10 23:00:00,USA,PJM,US-MIDA-PJM,340.19,415.35,37.16,8.36,pjm.com,false,
2024-08-11 00:00:00,USA,PJM,US-MIDA-PJM,345.95,421.92,36.13,6.1,pjm.com,false,
2024-08-11 01:00:00,USA,PJM,US-MIDA-PJM,349.08,425.12,35.74,4.43,pjm.com,false,
2024-08-11 02:00:00,USA,PJM,US-MIDA-PJM,348.98,424.27,36.04,3.5,pjm.com,false,
2024-08-11 03:00:00,USA,PJM,US-MIDA-PJM,343.34,416.99,37.41,3.38,pjm.com,false,
2024-08-11 04:00:00,USA,PJM,US-MIDA-PJM,330.14,401.81,39.59,3.61,pjm.com,false,
2024-08-11 05:00:00,USA,PJM,US-MIDA-PJM,323.12,393.95,40.49,3.67,pjm.com,false,
2024-08-11 06:00:00,USA,PJM,US-MIDA-PJM,320.42,391.31,40.59,3.62,pjm.com,false,
2024-08-11 07:00:00,USA,PJM,US-MIDA-PJM,316.46,386.0,41.81,3.82,pjm.com,false,
2024-08-11 08:00:00,USA,PJM,US-MIDA-PJM,312.61,381.15,42.73,3.86,pjm.com,false,
2024-08-11 09:00:00,USA,PJM,US-MIDA-PJM,311.23,379.49,43.0,3.76,pjm.com,false,
2024-08-11 10:00:00,USA,PJM,US-MIDA-PJM,311.7,379.75,43.14,3.82,pjm.com,false,
2024-08-11 11:00:00,USA,PJM,US-MIDA-PJM,309.12,376.62,43.79,4.65,pjm.com,false,
2024-08-11 12:00:00,USA,PJM,US-MIDA-PJM,302.91,369.76,44.88,7.0,pjm.com,false,
2024-08-11 13:00:00,USA,PJM,US-MIDA-PJM,299.86,366.95,45.09,8.14,pjm.com,false,
2024-08-11 14:00:00,USA,PJM,US-MIDA-PJM,297.45,364.72,45.2,9.09,pjm.com,false,
2024-08-11 15:00:00,USA,PJM,US-MIDA-PJM,299.43,367.98,44.1,9.18,pjm.com,false,
2024-08-11 16:00:00,USA,PJM,US-MIDA-PJM,299.21,368.47,43.58,10.06,pjm.com,false,
2024-08-11 17:00:00,USA,PJM,US-MIDA-PJM,301.05,371.09,42.88,10.19,pjm.com,false,
2024-08-11 18:00:00,USA,PJM,US-MIDA-PJM,303.44,374.08,42.32,10.69,pjm.com,false,
2024-08-11 19:00:00,USA,PJM,US-MIDA-PJM,308.1,379.22,41.76,11.18,pjm.com,false,
2024-08-11 20:00:00,USA,PJM,US-MIDA-PJM,308.45,379.57,41.84,12.14,pjm.com,false,
2024-08-11 21:00:00,USA,PJM,US-MIDA-PJM,317.12,389.37,40.5,11.51,pjm.com,false,
2024-08-11 22:00:00,USA,PJM,US-MIDA-PJM,330.64,403.92,38.91,9.9,pjm.com,false,
2024-08-11 23:00:00,USA,PJM,US-MIDA-PJM,342.71,417.39,37.14,7.56,pjm.com,false,
2024-08-12 00:00:00,USA,PJM,US-MIDA-PJM,347.51,423.08,36.19,5.87,pjm.com,false,
2024-08-12 01:00:00,USA,PJM,US-MIDA-PJM,350.86,426.72,35.7,4.39,pjm.com,false,
2024-08-12 02:00:00,USA,PJM,US-MIDA-PJM,353.83,429.23,35.71,2.6,pjm.com,false,
2024-08-12 03:00:00,USA,PJM,US-MIDA-PJM,349.36,423.69,36.67,1.88,pjm.com,false,
2024-08-12 04:00:00,USA,PJM,US-MIDA-PJM,333.93,406.78,38.42,1.99,pjm.com,false,
2024-08-12 05:00:00,USA,PJM,US-MIDA-PJM,325.28,397.69,39.2,2.12,pjm.com,false,
2024-08-12 06:00:00,USA,PJM,US-MIDA-PJM,322.54,394.57,39.62,2.25,pjm.com,false,
2024-08-12 07:00:00,USA,PJM,US-MIDA-PJM,320.74,392.16,40.17,2.3,pjm.com,false,
2024-08-12 08:00:00,USA,PJM,US-MIDA-PJM,321.1,392.59,40.1,2.17,pjm.com,false,
2024-08-12 09:00:00,USA,PJM,US-MIDA-PJM,325.15,397.7,39.1,2.26,pjm.com,false,
2024-08-12 10:00:00,USA,PJM,US-MIDA-PJM,330.0,403.15,38.39,2.43,pjm.com,false,
2024-08-12 11:00:00,USA,PJM,US-MIDA-PJM,330.67,403.47,38.73,3.58,pjm.com,false,
2024-08-12 12:00:00,USA,PJM,US-MIDA-PJM,322.6,393.68,40.72,6.41,pjm.com,false,
2024-08-12 13:00:00,USA,PJM,US-MIDA-PJM,317.17,388.01,41.37,8.01,pjm.com,false,
2024-08-12 14:00:00,USA,PJM,US-MIDA-PJM,318.89,390.8,40.52,8.37,pjm.com,false,
2024-08-12 15:00:00,USA,PJM,US-MIDA-PJM,325.53,398.59,39.32,8.23,pjm.com,false,
2024-08-12 16:00:00,USA,PJM,US-MIDA-PJM,332.78,406.5,38.47,8.19,pjm.com,false,
2024-08-12 17:00:00,USA,PJM,US-MIDA-PJM,340.71,415.37,37.43,8.32,pjm.com,false,
2024-08-12 18:00:00,USA,PJM,US-MIDA-PJM,339.9,414.56,37.82,9.48,pjm.com,false,
2024-08-12 19:00:00,USA,PJM,US-MIDA-PJM,336.37,410.99,38.13,10.27,pjm.com,false,
2024-08-12 20:00:00,USA,PJM,US-MIDA-PJM,337.88,412.73,37.75,10.34,pjm.com,false,
2024-08-12 21:00:00,USA,PJM,US-MIDA-PJM,339.84,415.55,37.05,9.9,pjm.com,false,
2024-08-12 22:00:00,USA,PJM,US-MIDA-PJM,348.94,425.55,35.71,8.63,pjm.com,false,
2024-08-12 23:00:00,USA,PJM,US-MIDA-PJM,357.86,435.72,34.09,6.4,pjm.com,false,
2024-08-13 00:00:00,USA,PJM,US-MIDA-PJM,356.74,434.55,34.11,5.4,pjm.com,false,
2024-08-13 01:00:00,USA,PJM,US-MIDA-PJM,361.46,439.23,33.76,3.92,pjm.com,false,
2024-08-13 02:00:00,USA,PJM,US-MIDA-PJM,364.48,441.78,33.87,2.23,pjm.com,false,
2024-08-13 03:00:00,USA,PJM,US-MIDA-PJM,359.68,435.84,34.81,1.66,pjm.com,false,
2024-08-13 04:00:00,USA,PJM,US-MIDA-PJM,346.23,420.87,36.48,1.69,pjm.com,false,
2024-08-13 05:00:00,USA,PJM,US-MIDA-PJM,335.79,410.0,37.32,1.67,pjm.com,false,
2024-08-13 06:00:00,USA,PJM,US-MIDA-PJM,328.97,402.48,38.2,1.73,pjm.com,false,
2024-08-13 07:00:00,USA,PJM,US-MIDA-PJM,324.74,397.57,38.93,1.84,pjm.com,false,
2024-08-13 08:00:00,USA,PJM,US-MIDA-PJM,324.21,396.95,39.02,1.95,pjm.com,false,
2024-08-13 09:00:00,USA,PJM,US-MIDA-PJM,326.06,399.29,38.57,1.98,pjm.com,false,
2024-08-13 10:00:00,USA,PJM,US-MIDA-PJM,331.61,405.69,37.64,2.12,pjm.com,false,
2024-08-13 11:00:00,USA,PJM,US-MIDA-PJM,334.99,409.12,37.49,2.65,pjm.com,false,
2024-08-13 12:00:00,USA,PJM,US-MIDA-PJM,328.19,401.49,38.66,4.55,pjm.com,false,
2024-08-13 13:00:00,USA,PJM,US-MIDA-PJM,325.69,398.67,39.29,6.23,pjm.com,false,
2024-08-13 14:00:00,USA,PJM,US-MIDA-PJM,324.51,398.09,39.07,6.86,pjm.com,false,
2024-08-13 15:00:00,USA,PJM,US-MIDA-PJM,323.18,397.32,38.74,7.36,pjm.com,false,
2024-08-13 16:00:00,USA,PJM,US-MIDA-PJM,333.2,408.71,37.43,7.36,pjm.com,false,
2024-08-13 17:00:00,USA,PJM,US-MIDA-PJM,340.47,417.07,36.47,7.33,pjm.com,false,
2024-08-13 18:00:00,USA,PJM,US-MIDA-PJM,344.09,420.55,36.32,8.19,pjm.com,false,
2024-08-13 19:00:00,USA,PJM,US-MIDA-PJM,344.31,420.5,36.53,8.99,pjm.com,false,
2024-08-13 20:00:00,USA,PJM,US-MIDA-PJM,347.97,424.93,35.72,8.7,pjm.com,false,
2024-08-13 21:00:00,USA,PJM,US-MIDA-PJM,355.22,432.68,34.92,8.44,pjm.com,false,
2024-08-13 22:00:00,USA,PJM,US-MIDA-PJM,364.14,442.52,33.65,7.2,pjm.com,false,
2024-08-13 23:00:00,USA,PJM,US-MIDA-PJM,368.73,447.92,32.69,5.73,pjm.com,false,
2024-08-14 00:00:00,USA,PJM,US-MIDA-PJM,370.87,450.38,32.24,4.6,pjm.com,false,
2024-08-14 01:00:00,USA,PJM,US-MIDA-PJM,376.94,456.32,31.88,3.22,pjm.com,false,
2024-08-14 02:00:00,USA,PJM,US-MIDA-PJM,375.14,453.93,32.35,1.91,pjm.com,false,
2024-08-14 03:00:00,USA,PJM,US-MIDA-PJM,365.69,443.0,33.8,1.47,pjm.com,false,
2024-08-14 04:00:00,USA,PJM,US-MIDA-PJM,352.11,427.74,35.48,1.49,pjm.com,false,
2024-08-14 05:00:00,USA,PJM,US-MIDA-PJM,343.64,418.43,36.54,1.57,pjm.com,false,
2024-08-14 06:00:00,USA,PJM,US-MIDA-PJM,339.77,413.92,37.18,1.58,pjm.com,false,
2024-08-14 07:00:00,USA,PJM,US-MIDA-PJM,335.17,408.59,37.96,1.59,pjm.com,false,
2024-08-14 08:00:00,USA,PJM,US-MIDA-PJM,334.14,407.58,38.0,1.62,pjm.com,false,
2024-08-14 09:00:00,USA,PJM,US-MIDA-PJM,335.76,409.58,37.65,1.66,pjm.com,false,
2024-08-14 10:00:00,USA,PJM,US-MIDA-PJM,341.85,416.58,36.66,1.7,pjm.com,false,
2024-08-14 11:00:00,USA,PJM,US-MIDA-PJM,339.92,414.02,37.36,3.21,pjm.com,false,
2024-08-14 12:00:00,USA,PJM,US-MIDA-PJM,326.39,398.47,39.86,6.6,pjm.com,false,
2024-08-14 13:00:00,USA,PJM,US-MIDA-PJM,319.2,390.58,40.96,8.49,pjm.com,false,
2024-08-14 14:00:00,USA,PJM,US-MIDA-PJM,320.87,393.39,40.09,8.72,pjm.com,false,
2024-08-14 15:00:00,USA,PJM,US-MIDA-PJM,328.73,402.72,38.62,8.49,pjm.com,false,
2024-08-14 16:00:00,USA,PJM,US-MIDA-PJM,337.71,413.16,37.41,8.63,pjm.com,false,
2024-08-14 17:00:00,USA,PJM,US-MIDA-PJM,340.66,416.95,36.91,9.36,pjm.com,false,
2024-08-14 18:00:00,USA,PJM,US-MIDA-PJM,339.86,416.1,36.99,10.22,pjm.com,false,
2024-08-14 19:00:00,USA,PJM,US-MIDA-PJM,344.17,420.92,36.34,10.48,pjm.com,false,
2024-08-14 20:00:00,USA,PJM,US-MIDA-PJM,344.92,422.32,35.78,10.24,pjm.com,false,
2024-08-14 21:00:00,USA,PJM,US-MIDA-PJM,350.08,428.31,34.84,9.59,pjm.com,false,
2024-08-14 22:00:00,USA,PJM,US-MIDA-PJM,357.7,436.94,33.57,8.18,pjm.com,false,
2024-08-14 23:00:00,USA,PJM,US-MIDA-PJM,366.32,446.48,32.27,6.25,pjm.com,false,
2024-08-15 00:00:00,USA,PJM,US-MIDA-PJM,369.17,449.18,32.18,5.18,pjm.com,false,
2024-08-15 01:00:00,USA,PJM,US-MIDA-PJM,371.34,451.33,32.0,3.71,pjm.com,false,
2024-08-15 02:00:00,USA,PJM,US-MIDA-PJM,370.38,449.17,32.82,2.69,pjm.com,false,
2024-08-15 03:00:00,USA,PJM,US-MIDA-PJM,359.63,436.0,34.96,3.11,pjm.com,false,
2024-08-15 04:00:00,USA,PJM,US-MIDA-PJM,343.03,416.87,37.28,3.58,pjm.com,false,
2024-08-15 05:00:00,USA,PJM,US-MIDA-PJM,331.19,404.0,38.63,4.22,pjm.com,false,
2024-08-15 06:00:00,USA,PJM,US-MIDA-PJM,325.96,398.39,39.17,4.2,pjm.com,false,
2024-08-15 07:00:00,USA,PJM,US-MIDA-PJM,323.62,395.2,39.94,4.14,pjm.com,false,
2024-08-15 08:00:00,USA,PJM,US-MIDA-PJM,322.96,394.14,40.26,4.2,pjm.com,false,
2024-08-15 09:00:00,USA,PJM,US-MIDA-PJM,323.17,394.75,39.95,4.45,pjm.com,false,
2024-08-15 10:00:00,USA,PJM,US-MIDA-PJM,327.49,400.02,39.04,4.58,pjm.com,false,
2024-08-15 11:00:00,USA,PJM,US-MIDA-PJM,329.59,402.09,39.05,5.57,pjm.com,false,
2024-08-15 12:00:00,USA,PJM,US-MIDA-PJM,318.57,389.58,41.06,8.49,pjm.com,false,
2024-08-15 13:00:00,USA,PJM,US-MIDA-PJM,317.31,388.56,41.08,9.6,pjm.com,false,
2024-08-15 14:00:00,USA,PJM,US-MIDA-PJM,315.38,387.05,40.96,10.58,pjm.com,false,
2024-08-15 15:00:00,USA,PJM,US-MIDA-PJM,321.64,394.72,39.64,10.61,pjm.com,false,
2024-08-15 16:00:00,USA,PJM,US-MIDA-PJM,327.64,401.45,38.84,10.73,pjm.com,false,
2024-08-15 17:00:00,USA,PJM,US-MIDA-PJM,329.86,404.28,38.36,11.13,pjm.com,false,
2024-08-15 18:00:00,USA,PJM,US-MIDA-PJM,333.99,409.23,37.62,11.12,pjm.com,false,
2024-08-15 19:00:00,USA,PJM,US-MIDA-PJM,338.52,414.93,36.66,10.75,pjm.com,false,
2024-08-15 20:00:00,USA,PJM,US-MIDA-PJM,344.36,422.14,35.32,9.78,pjm.com,false,
2024-08-15 21:00:00,USA,PJM,US-MIDA-PJM,351.25,429.94,34.24,8.94,pjm.com,false,
2024-08-15 22:00:00,USA,PJM,US-MIDA-PJM,361.28,440.72,33.06,7.57,pjm.com,false,
2024-08-15 23:00:00,USA,PJM,US-MIDA-PJM,368.91,448.9,32.14,5.93,pjm.com,false,
2024-08-16 00:00:00,USA,PJM,US-MIDA-PJM,373.1,452.69,32.14,5.17,pjm.com,false,
2024-08-16 01:00:00,USA,PJM,US-MIDA-PJM,376.56,456.05,31.89,3.86,pjm.com,false,
2024-08-16 02:00:00,USA,PJM,US-MIDA-PJM,374.01,452.24,32.63,3.03,pjm.com,false,
2024-08-16 03:00:00,USA,PJM,US-MIDA-PJM,359.72,435.86,34.72,3.42,pjm.com,false,
2024-08-16 04:00:00,USA,PJM,US-MIDA-PJM,349.59,424.59,36.09,3.66,pjm.com,false,
2024-08-16 05:00:00,USA,PJM,US-MIDA-PJM,340.51,414.26,37.49,3.94,pjm.com,false,
2024-08-16 06:00:00,USA,PJM,US-MIDA-PJM,332.0,404.42,38.91,4.18,pjm.com,false,
2024-08-16 07:00:00,USA,PJM,US-MIDA-PJM,332.16,404.31,39.16,3.87,pjm.com,false,
2024-08-16 08:00:00,USA,PJM,US-MIDA-PJM,332.15,404.24,39.2,3.69,pjm.com,false,
2024-08-16 09:00:00,USA,PJM,US-MIDA-PJM,336.11,409.26,38.21,3.15,pjm.com,false,
2024-08-16 10:00:00,USA,PJM,US-MIDA-PJM,341.74,416.43,36.77,2.66,pjm.com,false,
2024-08-16 11:00:00,USA,PJM,US-MIDA-PJM,347.7,422.84,36.17,3.09,pjm.com,false,
2024-08-16 12:00:00,USA,PJM,US-MIDA-PJM,344.83,419.22,37.05,5.01,pjm.com,false,
2024-08-16 13:00:00,USA,PJM,US-MIDA-PJM,342.28,416.97,37.1,6.17,pjm.com,false,
2024-08-16 14:00:00,USA,PJM,US-MIDA-PJM,341.59,417.13,36.66,6.89,pjm.com,false,
2024-08-16 15:00:00,USA,PJM,US-MIDA-PJM,344.04,420.51,36.05,7.21,pjm.com,false,
2024-08-16 16:00:00,USA,PJM,US-MIDA-PJM,351.83,429.24,35.37,7.75,pjm.com,false,
2024-08-16 17:00:00,USA,PJM,US-MIDA-PJM,347.94,425.03,36.16,9.49,pjm.com,false,
2024-08-16 18:00:00,USA,PJM,US-MIDA-PJM,348.19,425.28,36.16,10.34,pjm.com,false,
2024-08-16 19:00:00,USA,PJM,US-MIDA-PJM,352.74,430.5,35.38,10.06,pjm.com,false,
2024-08-16 20:00:00,USA,PJM,US-MIDA-PJM,354.8,432.96,35.16,10.16,pjm.com,false,
2024-08-16 21:00:00,USA,PJM,US-MIDA-PJM,354.01,432.33,35.1,10.13,pjm.com,false,
2024-08-16 22:00:00,USA,PJM,US-MIDA-PJM,356.18,435.06,34.5,9.19,pjm.com,false,
2024-08-16 23:00:00,USA,PJM,US-MIDA-PJM,364.78,444.8,33.05,7.29,pjm.com,false,
2024-08-17 00:00:00,USA,PJM,US-MIDA-PJM,368.69,448.56,32.92,6.41,pjm.com,false,
2024-08-17 01:00:00,USA,PJM,US-MIDA-PJM,367.01,446.4,33.27,5.71,pjm.com,false,
2024-08-17 02:00:00,USA,PJM,US-MIDA-PJM,364.39,443.01,33.76,4.82,pjm.com,false,
2024-08-17 03:00:00,USA,PJM,US-MIDA-PJM,355.08,431.38,35.33,5.0,pjm.com,false,
2024-08-17 04:00:00,USA,PJM,US-MIDA-PJM,348.9,423.15,36.66,4.68,pjm.com,false,
2024-08-17 05:00:00,USA,PJM,US-MIDA-PJM,344.38,417.54,37.72,4.32,pjm.com,false,
2024-08-17 06:00:00,USA,PJM,US-MIDA-PJM,337.95,410.18,38.72,4.5,pjm.com,false,
2024-08-17 07:00:00,USA,PJM,US-MIDA-PJM,333.15,404.52,39.61,4.48,pjm.com,false,
2024-08-17 08:00:00,USA,PJM,US-MIDA-PJM,326.5,397.36,40.34,4.71,pjm.com,false,
2024-08-17 09:00:00,USA,PJM,US-MIDA-PJM,324.37,395.22,40.49,4.56,pjm.com,false,
2024-08-17 10:00:00,USA,PJM,US-MIDA-PJM,325.4,396.67,40.13,4.38,pjm.com,false,
2024-08-17 11:00:00,USA,PJM,US-MIDA-PJM,323.93,395.3,40.17,4.91,pjm.com,false,
2024-08-17 12:00:00,USA,PJM,US-MIDA-PJM,326.03,398.16,39.66,5.77,pjm.com,false,
2024-08-17 13:00:00,USA,PJM,US-MIDA-PJM,328.58,401.46,39.14,6.7,pjm.com,false,
2024-08-17 14:00:00,USA,PJM,US-MIDA-PJM,329.08,402.38,38.92,7.89,pjm.com,false,
2024-08-17 15:00:00,USA,PJM,US-MIDA-PJM,329.5,402.88,38.88,8.69,pjm.com,false,
2024-08-17 16:00:00,USA,PJM,US-MIDA-PJM,331.55,404.85,38.95,9.94,pjm.com,false,
2024-08-17 17:00:00,USA,PJM,US-MIDA-PJM,336.03,409.5,38.92,10.82,pjm.com,false,
2024-08-17 18:00:00,USA,PJM,US-MIDA-PJM,335.94,408.77,39.48,11.8,pjm.com,false,
2024-08-17 19:00:00,USA,PJM,US-MIDA-PJM,341.59,414.22,39.29,11.89,pjm.com,false,
2024-08-17 20:00:00,USA,PJM,US-MIDA-PJM,338.39,410.67,39.68,12.38,pjm.com,false,
2024-08-17 21:00:00,USA,PJM,US-MIDA-PJM,336.15,408.47,39.77,12.36,pjm.com,false,
2024-08-17 22:00:00,USA,PJM,US-MIDA-PJM,344.99,418.46,38.35,10.66,pjm.com,false,
2024-08-17 23:00:00,USA,PJM,US-MIDA-PJM,361.34,436.38,36.14,7.87,pjm.com,false,
2024-08-18 00:00:00,USA,PJM,US-MIDA-PJM,362.8,438.52,35.46,6.39,pjm.com,false,
2024-08-18 01:00:00,USA,PJM,US-MIDA-PJM,365.71,441.89,34.84,4.8,pjm.com,false,
2024-08-18 02:00:00,USA,PJM,US-MIDA-PJM,361.56,437.52,35.04,3.65,pjm.com,false,
2024-08-18 03:00:00,USA,PJM,US-MIDA-PJM,354.57,429.56,36.0,3.27,pjm.com,false,
2024-08-18 04:00:00,USA,PJM,US-MIDA-PJM,340.14,413.21,37.95,3.3,pjm.com,false,
2024-08-18 05:00:00,USA,PJM,US-MIDA-PJM,330.86,402.86,39.23,3.3,pjm.com,false,
2024-08-18 06:00:00,USA,PJM,US-MIDA-PJM,330.62,403.11,38.86,2.91,pjm.com,false,
2024-08-18 07:00:00,USA,PJM,US-MIDA-PJM,325.5,396.92,39.92,3.09,pjm.com,false,
2024-08-18 08:00:00,USA,PJM,US-MIDA-PJM,321.82,392.4,40.75,3.31,pjm.com,false,
2024-08-18 09:00:00,USA,PJM,US-MIDA-PJM,321.83,392.55,40.64,3.24,pjm.com,false,
2024-08-18 10:00:00,USA,PJM,US-MIDA-PJM,323.44,394.62,40.23,3.05,pjm.com,false,
2024-08-18 11:00:00,USA,PJM,US-MIDA-PJM,322.0,392.8,40.64,3.45,pjm.com,false,
2024-08-18 12:00:00,USA,PJM,US-MIDA-PJM,318.08,388.85,41.08,5.12,pjm.com,false,
2024-08-18 13:00:00,USA,PJM,US-MIDA-PJM,322.63,394.27,40.31,6.21,pjm.com,false,
2024-08-18 14:00:00,USA,PJM,US-MIDA-PJM,319.71,391.58,40.33,7.0,pjm.com,false,
2024-08-18 15:00:00,USA,PJM,US-MIDA-PJM,318.19,390.23,40.38,8.16,pjm.com,false,
2024-08-18 16:00:00,USA,PJM,US-MIDA-PJM,317.15,389.08,40.6,9.53,pjm.com,false,
2024-08-18 17:00:00,USA,PJM,US-MIDA-PJM,319.2,391.75,40.12,10.42,pjm.com,false,
2024-08-18 18:00:00,USA,PJM,US-MIDA-PJM,324.53,397.58,39.56,10.93,pjm.com,false,
2024-08-18 19:00:00,USA,PJM,US-MIDA-PJM,324.88,397.74,39.73,11.83,pjm.com,false,
2024-08-18 20:00:00,USA,PJM,US-MIDA-PJM,331.16,405.0,38.89,11.56,pjm.com,false,
2024-08-18 21:00:00,USA,PJM,US-MIDA-PJM,335.81,410.59,38.15,11.05,pjm.com,false,
2024-08-18 22:00:00,USA,PJM,US-MIDA-PJM,347.1,422.89,36.63,9.49,pjm.com,false,
2024-08-18 23:00:00,USA,PJM,US-MIDA-PJM,354.78,431.26,35.59,7.68,pjm.com,false,
2024-08-19 00:00:00,USA,PJM,US-MIDA-PJM,358.44,435.24,35.06,6.49,pjm.com,false,
2024-08-19 01:00:00,USA,PJM,US-MIDA-PJM,359.42,435.99,34.97,5.25,pjm.com,false,
2024-08-19 02:00:00,USA,PJM,US-MIDA-PJM,355.62,431.87,35.34,4.21,pjm.com,false,
2024-08-19 03:00:00,USA,PJM,US-MIDA-PJM,350.19,424.94,36.61,3.72,pjm.com,false,
2024-08-19 04:00:00,USA,PJM,US-MIDA-PJM,339.01,412.03,38.11,3.77,pjm.com,false,
2024-08-19 05:00:00,USA,PJM,US-MIDA-PJM,331.94,404.2,38.97,3.67,pjm.com,false,
2024-08-19 06:00:00,USA,PJM,US-MIDA-PJM,327.69,399.43,39.57,3.57,pjm.com,false,
2024-08-19 07:00:00,USA,PJM,US-MIDA-PJM,324.65,395.94,40.08,3.46,pjm.com,false,
2024-08-19 08:00:00,USA,PJM,US-MIDA-PJM,327.36,399.5,39.32,2.74,pjm.com,false,
2024-08-19 09:00:00,USA,PJM,US-MIDA-PJM,329.18,402.02,38.71,2.54,pjm.com,false,
2024-08-19 10:00:00,USA,PJM,US-MIDA-PJM,335.51,409.31,37.67,2.63,pjm.com,false,
2024-08-19 11:00:00,USA,PJM,US-MIDA-PJM,336.19,410.09,37.61,3.43,pjm.com,false,
2024-08-19 12:00:00,USA,PJM,US-MIDA-PJM,325.73,397.99,39.67,6.57,pjm.com,false,
2024-08-19 13:00:00,USA,PJM,US-MIDA-PJM,319.85,391.77,40.51,8.45,pjm.com,false,
2024-08-19 14:00:00,USA,PJM,US-MIDA-PJM,322.61,395.4,39.77,8.87,pjm.com,false,
2024-08-19 15:00:00,USA,PJM,US-MIDA-PJM,324.31,397.58,39.48,9.55,pjm.com,false,
2024-08-19 16:00:00,USA,PJM,US-MIDA-PJM,321.43,394.59,39.97,10.85,pjm.com,false,
2024-08-19 17:00:00,USA,PJM,US-MIDA-PJM,322.92,396.65,39.63,11.27,pjm.com,false,
2024-08-19 18:00:00,USA,PJM,US-MIDA-PJM,327.03,401.48,38.9,11.18,pjm.com,false,
2024-08-19 19:00:00,USA,PJM,US-MIDA-PJM,331.59,406.4,38.33,10.83,pjm.com,false,
2024-08-19 20:00:00,USA,PJM,US-MIDA-PJM,326.07,400.25,39.09,11.55,pjm.com,false,
2024-08-19 21:00:00,USA,PJM,US-MIDA-PJM,327.05,401.5,38.8,11.15,pjm.com,false,
2024-08-19 22:00:00,USA,PJM,US-MIDA-PJM,333.16,408.74,37.46,9.36,pjm.com,false,
2024-08-19 23:00:00,USA,PJM,US-MIDA-PJM,339.86,416.27,36.17,7.16,pjm.com,false,
2024-08-20 00:00:00,USA,PJM,US-MIDA-PJM,343.02,419.74,35.56,5.93,pjm.com,false,
2024-08-20 01:00:00,USA,PJM,US-MIDA-PJM,347.57,424.03,35.23,4.6,pjm.com,false,
2024-08-20 02:00:00,USA,PJM,US-MIDA-PJM,348.63,424.11,35.75,3.44,pjm.com,false,
2024-08-20 03:00:00,USA,PJM,US-MIDA-PJM,340.01,413.66,37.47,3.54,pjm.com,false,
2024-08-20 04:00:00,USA,PJM,US-MIDA-PJM,333.05,405.18,38.91,3.43,pjm.com,false,
2024-08-20 05:00:00,USA,PJM,US-MIDA-PJM,325.17,395.69,40.51,3.73,pjm.com,false,
2024-08-20 06:00:00,USA,PJM,US-MIDA-PJM,323.43,393.57,40.89,3.43,pjm.com,false,
2024-08-20 07:00:00,USA,PJM,US-MIDA-PJM,321.59,390.96,41.56,3.27,pjm.com,false,
2024-08-20 08:00:00,USA,PJM,US-MIDA-PJM,321.11,389.94,42.0,3.19,pjm.com,false,
2024-08-20 09:00:00,USA,PJM,US-MIDA-PJM,322.05,391.68,41.35,3.02,pjm.com,false,
2024-08-20 10:00:00,USA,PJM,US-MIDA-PJM,324.49,395.77,40.01,3.04,pjm.com,false,
2024-08-20 11:00:00,USA,PJM,US-MIDA-PJM,321.18,392.08,40.61,4.29,pjm.com,false,
2024-08-20 12:00:00,USA,PJM,US-MIDA-PJM,312.39,381.48,42.74,6.92,pjm.com,false,
2024-08-20 13:00:00,USA,PJM,US-MIDA-PJM,308.33,377.3,43.32,8.02,pjm.com,false,
2024-08-20 14:00:00,USA,PJM,US-MIDA-PJM,307.79,376.75,43.43,8.59,pjm.com,false,
2024-08-20 15:00:00,USA,PJM,US-MIDA-PJM,306.92,375.96,43.4,9.03,pjm.com,false,
2024-08-20 16:00:00,USA,PJM,US-MIDA-PJM,310.46,380.71,42.3,9.02,pjm.com,false,
2024-08-20 17:00:00,USA,PJM,US-MIDA-PJM,310.63,380.61,42.57,9.41,pjm.com,false,
2024-08-20 18:00:00,USA,PJM,US-MIDA-PJM,311.75,382.12,42.23,9.23,pjm.com,false,
2024-08-20 19:00:00,USA,PJM,US-MIDA-PJM,311.64,382.15,42.13,9.63,pjm.com,false,
2024-08-20 20:00:00,USA,PJM,US-MIDA-PJM,311.62,382.38,41.98,10.08,pjm.com,false,
2024-08-20 21:00:00,USA,PJM,US-MIDA-PJM,315.47,386.86,41.19,9.45,pjm.com,false,
2024-08-20 22:00:00,USA,PJM,US-MIDA-PJM,324.31,397.15,39.42,7.73,pjm.com,false,
2024-08-20 23:00:00,USA,PJM,US-MIDA-PJM,332.92,406.78,38.02,5.75,pjm.com,false,
2024-08-21 00:00:00,USA,PJM,US-MIDA-PJM,332.09,406.1,37.87,5.19,pjm.com,false,
2024-08-21 01:00:00,USA,PJM,US-MIDA-PJM,332.5,406.07,38.07,4.55,pjm.com,false,
2024-08-21 02:00:00,USA,PJM,US-MIDA-PJM,327.1,398.84,39.54,4.09,pjm.com,false,
2024-08-21 03:00:00,USA,PJM,US-MIDA-PJM,321.15,390.66,41.5,4.65,pjm.com,false,
2024-08-21 04:00:00,USA,PJM,US-MIDA-PJM,317.16,384.95,42.99,4.43,pjm.com,false,
2024-08-21 05:00:00,USA,PJM,US-MIDA-PJM,314.81,382.9,42.87,3.57,pjm.com,false,
2024-08-21 06:00:00,USA,PJM,US-MIDA-PJM,314.55,382.82,42.75,2.96,pjm.com,false,
2024-08-21 07:00:00,USA,PJM,US-MIDA-PJM,314.91,382.6,43.18,2.43,pjm.com,false,
2024-08-21 08:00:00,USA,PJM,US-MIDA-PJM,317.26,385.88,42.38,1.95,pjm.com,false,
2024-08-21 09:00:00,USA,PJM,US-MIDA-PJM,319.39,389.01,41.54,1.67,pjm.com,false,
2024-08-21 10:00:00,USA,PJM,US-MIDA-PJM,324.26,395.87,39.79,1.56,pjm.com,false,
2024-08-21 11:00:00,USA,PJM,US-MIDA-PJM,323.46,394.99,40.05,2.79,pjm.com,false,
2024-08-21 12:00:00,USA,PJM,US-MIDA-PJM,307.77,376.41,43.42,6.61,pjm.com,false,
2024-08-21 13:00:00,USA,PJM,US-MIDA-PJM,300.11,367.29,45.15,8.88,pjm.com,false,
2024-08-21 14:00:00,USA,PJM,US-MIDA-PJM,297.67,364.91,45.33,9.58,pjm.com,false,
2024-08-21 15:00:00,USA,PJM,US-MIDA-PJM,297.98,365.93,44.96,9.76,pjm.com,false,
2024-08-21 16:00:00,USA,PJM,US-MIDA-PJM,298.18,366.24,44.93,10.24,pjm.com,false,
2024-08-21 17:00:00,USA,PJM,US-MIDA-PJM,300.47,369.08,44.29,10.57,pjm.com,false,
2024-08-21 18:00:00,USA,PJM,US-MIDA-PJM,302.06,371.0,43.92,10.62,pjm.com,false,
2024-08-21 19:00:00,USA,PJM,US-MIDA-PJM,303.23,372.31,43.73,10.7,pjm.com,false,
2024-08-21 20:00:00,USA,PJM,US-MIDA-PJM,306.15,375.89,43.05,10.93,pjm.com,false,
2024-08-21 21:00:00,USA,PJM,US-MIDA-PJM,313.63,384.1,42.05,10.5,pjm.com,false,
2024-08-21 22:00:00,USA,PJM,US-MIDA-PJM,319.23,390.29,41.22,9.62,pjm.com,false,
2024-08-21 23:00:00,USA,PJM,US-MIDA-PJM,329.27,401.59,39.54,7.52,pjm.com,false,
2024-08-22 00:00:00,USA,PJM,US-MIDA-PJM,334.98,407.94,38.67,6.37,pjm.com,false,
2024-08-22 01:00:00,USA,PJM,US-MIDA-PJM,343.08,417.09,37.27,3.97,pjm.com,false,
2024-08-22 02:00:00,USA,PJM,US-MIDA-PJM,342.69,416.44,37.34,2.01,pjm.com,false,
2024-08-22 03:00:00,USA,PJM,US-MIDA-PJM,335.69,408.38,38.42,1.69,pjm.com,false,
2024-08-22 04:00:00,USA,PJM,US-MIDA-PJM,327.62,398.43,40.23,1.81,pjm.com,false,
2024-08-22 05:00:00,USA,PJM,US-MIDA-PJM,324.88,395.19,40.75,1.77,pjm.com,false,
2024-08-22 06:00:00,USA,PJM,US-MIDA-PJM,320.99,390.17,41.77,1.73,pjm.com,false,
2024-08-22 07:00:00,USA,PJM,US-MIDA-PJM,319.51,388.22,42.22,1.69,pjm.com,false,
2024-08-22 08:00:00,USA,PJM,US-MIDA-PJM,320.76,389.6,42.06,1.58,pjm.com,false,
2024-08-22 09:00:00,USA,PJM,US-MIDA-PJM,321.98,391.05,41.82,1.46,pjm.com,false,
2024-08-22 10:00:00,USA,PJM,US-MIDA-PJM,325.63,396.97,39.93,1.48,pjm.com,false,
2024-08-22 11:00:00,USA,PJM,US-MIDA-PJM,323.83,395.04,40.27,2.63,pjm.com,false,
2024-08-22 12:00:00,USA,PJM,US-MIDA-PJM,312.96,382.36,42.61,6.16,pjm.com,false,
2024-08-22 13:00:00,USA,PJM,US-MIDA-PJM,305.93,373.9,44.29,8.41,pjm.com,false,
2024-08-22 14:00:00,USA,PJM,US-MIDA-PJM,303.58,371.58,44.46,9.07,pjm.com,false,
2024-08-22 15:00:00,USA,PJM,US-MIDA-PJM,301.98,370.27,44.38,9.23,pjm.com,false,
2024-08-22 16:00:00,USA,PJM,US-MIDA-PJM,304.32,373.47,43.52,9.27,pjm.com,false,
2024-08-22 17:00:00,USA,PJM,US-MIDA-PJM,310.99,381.08,42.48,9.17,pjm.com,false,
2024-08-22 18:00:00,USA,PJM,US-MIDA-PJM,314.7,385.54,41.76,9.16,pjm.com,false,
2024-08-22 19:00:00,USA,PJM,US-MIDA-PJM,315.38,386.47,41.59,9.75,pjm.com,false,
2024-08-22 20:00:00,USA,PJM,US-MIDA-PJM,317.37,388.39,41.53,10.22,pjm.com,false,
2024-08-22 21:00:00,USA,PJM,US-MIDA-PJM,319.09,390.16,41.45,10.71,pjm.com,false,
2024-08-22 22:00:00,USA,PJM,US-MIDA-PJM,328.33,400.53,39.97,9.29,pjm.com,false,
2024-08-22 23:00:00,USA,PJM,US-MIDA-PJM,343.58,417.57,37.57,6.47,pjm.com,false,
2024-08-23 00:00:00,USA,PJM,US-MIDA-PJM,346.32,420.75,36.98,5.2,pjm.com,false,
2024-08-23 01:00:00,USA,PJM,US-MIDA-PJM,351.36,426.43,36.07,3.12,pjm.com,false,
2024-08-23 02:00:00,USA,PJM,US-MIDA-PJM,344.0,418.33,36.85,1.95,pjm.com,false,
2024-08-23 03:00:00,USA,PJM,US-MIDA-PJM,336.42,409.55,38.03,1.75,pjm.com,false,
2024-08-23 04:00:00,USA,PJM,US-MIDA-PJM,328.57,400.0,39.68,1.93,pjm.com,false,
2024-08-23 05:00:00,USA,PJM,US-MIDA-PJM,323.07,393.55,40.65,2.03,pjm.com,false,
2024-08-23 06:00:00,USA,PJM,US-MIDA-PJM,320.23,389.95,41.36,1.99,pjm.com,false,
2024-08-23 07:00:00,USA,PJM,US-MIDA-PJM,318.85,387.58,42.19,1.82,pjm.com,false,
2024-08-23 08:00:00,USA,PJM,US-MIDA-PJM,318.53,387.08,42.35,1.9,pjm.com,false,
2024-08-23 09:00:00,USA,PJM,US-MIDA-PJM,318.72,387.86,41.9,1.84,pjm.com,false,
2024-08-23 10:00:00,USA,PJM,US-MIDA-PJM,321.03,392.03,40.4,2.06,pjm.com,false,
2024-08-23 11:00:00,USA,PJM,US-MIDA-PJM,318.32,389.29,40.66,3.24,pjm.com,false,
2024-08-23 12:00:00,USA,PJM,US-MIDA-PJM,307.38,376.88,42.65,6.51,pjm.com,false,
2024-08-23 13:00:00,USA,PJM,US-MIDA-PJM,299.36,367.83,44.1,8.62,pjm.com,false,
2024-08-23 14:00:00,USA,PJM,US-MIDA-PJM,299.43,368.54,43.73,8.65,pjm.com,false,
2024-08-23 15:00:00,USA,PJM,US-MIDA-PJM,303.33,373.67,42.65,8.67,pjm.com,false,
2024-08-23 16:00:00,USA,PJM,US-MIDA-PJM,306.46,377.74,41.85,9.03,pjm.com,false,
2024-08-23 17:00:00,USA,PJM,US-MIDA-PJM,310.08,382.11,41.14,9.33,pjm.com,false,
2024-08-23 18:00:00,USA,PJM,US-MIDA-PJM,311.82,384.25,40.81,10.0,pjm.com,false,
2024-08-23 19:00:00,USA,PJM,US-MIDA-PJM,315.43,388.74,39.98,10.11,pjm.com,false,
2024-08-23 20:00:00,USA,PJM,US-MIDA-PJM,318.93,392.6,39.56,10.54,pjm.com,false,
2024-08-23 21:00:00,USA,PJM,US-MIDA-PJM,323.48,398.08,38.6,10.19,pjm.com,false,
2024-08-23 22:00:00,USA,PJM,US-MIDA-PJM,333.5,409.24,37.04,8.32,pjm.com,false,
2024-08-23 23:00:00,USA,PJM,US-MIDA-PJM,341.77,418.87,35.34,5.59,pjm.com,false,
2024-08-24 00:00:00,USA,PJM,US-MIDA-PJM,345.27,422.95,34.6,3.98,pjm.com,false,
2024-08-24 01:00:00,USA,PJM,US-MIDA-PJM,348.94,426.72,34.19,2.51,pjm.com,false,
2024-08-24 02:00:00,USA,PJM,US-MIDA-PJM,348.9,426.08,34.54,1.17,pjm.com,false,
2024-08-24 03:00:00,USA,PJM,US-MIDA-PJM,340.46,415.73,36.36,1.43,pjm.com,false,
2024-08-24 04:00:00,USA,PJM,US-MIDA-PJM,327.47,400.72,38.43,1.82,pjm.com,false,
2024-08-24 05:00:00,USA,PJM,US-MIDA-PJM,321.03,393.22,39.53,2.02,pjm.com,false,
2024-08-24 06:00:00,USA,PJM,US-MIDA-PJM,318.25,389.48,40.35,2.12,pjm.com,false,
2024-08-24 07:00:00,USA,PJM,US-MIDA-PJM,316.15,386.59,41.05,2.4,pjm.com,false,
2024-08-24 08:00:00,USA,PJM,US-MIDA-PJM,314.79,384.67,41.55,2.45,pjm.com,false,
2024-08-24 09:00:00,USA,PJM,US-MIDA-PJM,314.75,384.62,41.56,2.38,pjm.com,false,
2024-08-24 10:00:00,USA,PJM,US-MIDA-PJM,315.37,385.32,41.47,2.31,pjm.com,false,
2024-08-24 11:00:00,USA,PJM,US-MIDA-PJM,310.99,379.97,42.51,3.54,pjm.com,false,
2024-08-24 12:00:00,USA,PJM,US-MIDA-PJM,300.93,368.38,44.53,7.17,pjm.com,false,
2024-08-24 13:00:00,USA,PJM,US-MIDA-PJM,297.97,365.54,44.86,8.8,pjm.com,false,
2024-08-24 14:00:00,USA,PJM,US-MIDA-PJM,298.92,367.78,43.97,9.19,pjm.com,false,
2024-08-24 15:00:00,USA,PJM,US-MIDA-PJM,301.32,371.7,42.74,9.24,pjm.com,false,
2024-08-24 16:00:00,USA,PJM,US-MIDA-PJM,305.56,377.65,41.28,9.65,pjm.com,false,
2024-08-24 17:00:00,USA,PJM,US-MIDA-PJM,313.22,386.97,39.64,9.71,pjm.com,false,
2024-08-24 18:00:00,USA,PJM,US-MIDA-PJM,312.61,386.19,39.94,10.97,pjm.com,false,
2024-08-24 19:00:00,USA,PJM,US-MIDA-PJM,312.16,385.99,39.84,11.99,pjm.com,false,
2024-08-24 20:00:00,USA,PJM,US-MIDA-PJM,323.59,398.63,38.27,11.12,pjm.com,false,
2024-08-24 21:00:00,USA,PJM,US-MIDA-PJM,332.23,408.27,37.04,10.44,pjm.com,false,
2024-08-24 22:00:00,USA,PJM,US-MIDA-PJM,346.16,423.83,34.92,8.22,pjm.com,false,
2024-08-24 23:00:00,USA,PJM,US-MIDA-PJM,358.1,437.37,32.85,5.3,pjm.com,false,
2024-08-25 00:00:00,USA,PJM,US-MIDA-PJM,357.54,437.01,32.59,4.15,pjm.com,false,
2024-08-25 01:00:00,USA,PJM,US-MIDA-PJM,354.76,433.56,33.11,3.51,pjm.com,false,
2024-08-25 02:00:00,USA,PJM,US-MIDA-PJM,352.0,429.88,33.83,2.62,pjm.com,false,
2024-08-25 03:00:00,USA,PJM,US-MIDA-PJM,344.72,420.74,35.54,2.91,pjm.com,false,
2024-08-25 04:00:00,USA,PJM,US-MIDA-PJM,329.61,403.21,38.0,3.4,pjm.com,false,
2024-08-25 05:00:00,USA,PJM,US-MIDA-PJM,318.57,390.73,39.62,3.81,pjm.com,false,
2024-08-25 06:00:00,USA,PJM,US-MIDA-PJM,314.65,385.92,40.46,3.89,pjm.com,false,
2024-08-25 07:00:00,USA,PJM,US-MIDA-PJM,314.52,385.08,41.01,3.66,pjm.com,false,
2024-08-25 08:00:00,USA,PJM,US-MIDA-PJM,315.35,385.66,41.16,3.24,pjm.com,false,
2024-08-25 09:00:00,USA,PJM,US-MIDA-PJM,315.47,385.75,41.19,2.97,pjm.com,false,
2024-08-25 10:00:00,USA,PJM,US-MIDA-PJM,315.55,386.09,40.99,2.81,pjm.com,false,
2024-08-25 11:00:00,USA,PJM,US-MIDA-PJM,310.36,379.37,42.49,3.97,pjm.com,false,
2024-08-25 12:00:00,USA,PJM,US-MIDA-PJM,301.06,369.2,43.94,7.42,pjm.com,false,
2024-08-25 13:00:00,USA,PJM,US-MIDA-PJM,296.18,365.02,43.94,9.12,pjm.com,false,
2024-08-25 14:00:00,USA,PJM,US-MIDA-PJM,299.47,370.27,42.45,9.39,pjm.com,false,
2024-08-25 15:00:00,USA,PJM,US-MIDA-PJM,302.26,374.46,41.25,9.68,pjm.com,false,
2024-08-25 16:00:00,USA,PJM,US-MIDA-PJM,309.1,382.98,39.96,10.25,pjm.com,false,
2024-08-25 17:00:00,USA,PJM,US-MIDA-PJM,320.77,396.13,38.42,10.56,pjm.com,false,
2024-08-25 18:00:00,USA,PJM,US-MIDA-PJM,327.45,403.84,37.35,10.77,pjm.com,false,
2024-08-25 19:00:00,USA,PJM,US-MIDA-PJM,328.94,405.99,36.81,11.21,pjm.com,false,
2024-08-25 20:00:00,USA,PJM,US-MIDA-PJM,334.74,412.89,35.65,10.83,pjm.com,false,
2024-08-25 21:00:00,USA,PJM,US-MIDA-PJM,343.95,423.05,34.38,9.96,pjm.com,false,
2024-08-25 22:00:00,USA,PJM,US-MIDA-PJM,356.04,436.32,32.74,8.45,pjm.com,false,
2024-08-25 23:00:00,USA,PJM,US-MIDA-PJM,366.58,448.0,31.17,6.47,pjm.com,false,
2024-08-26 00:00:00,USA,PJM,US-MIDA-PJM,370.16,451.34,31.1,5.65,pjm.com,false,
2024-08-26 01:00:00,USA,PJM,US-MIDA-PJM,366.31,446.42,31.92,5.24,pjm.com,false,
2024-08-26 02:00:00,USA,PJM,US-MIDA-PJM,361.55,440.4,32.72,3.99,pjm.com,false,
2024-08-26 03:00:00,USA,PJM,US-MIDA-PJM,357.29,434.33,34.11,3.79,pjm.com,false,
2024-08-26 04:00:00,USA,PJM,US-MIDA-PJM,344.49,420.09,35.82,3.83,pjm.com,false,
2024-08-26 05:00:00,USA,PJM,US-MIDA-PJM,337.23,411.98,36.8,4.09,pjm.com,false,
2024-08-26 06:00:00,USA,PJM,US-MIDA-PJM,329.37,403.21,37.87,4.23,pjm.com,false,
2024-08-26 07:00:00,USA,PJM,US-MIDA-PJM,325.54,398.58,38.67,4.25,pjm.com,false,
2024-08-26 08:00:00,USA,PJM,US-MIDA-PJM,326.22,399.47,38.46,4.35,pjm.com,false,
2024-08-26 09:00:00,USA,PJM,US-MIDA-PJM,326.53,399.92,38.35,4.64,pjm.com,false,
2024-08-26 10:00:00,USA,PJM,US-MIDA-PJM,334.82,409.54,36.94,4.59,pjm.com,false,
2024-08-26 11:00:00,USA,PJM,US-MIDA-PJM,339.14,414.15,36.56,5.16,pjm.com,false,
2024-08-26 12:00:00,USA,PJM,US-MIDA-PJM,333.13,406.97,38.02,7.48,pjm.com,false,
2024-08-26 13:00:00,USA,PJM,US-MIDA-PJM,335.87,410.73,37.35,8.22,pjm.com,false,
2024-08-26 14:00:00,USA,PJM,US-MIDA-PJM,348.31,425.59,35.65,8.05,pjm.com,false,
2024-08-26 15:00:00,USA,PJM,US-MIDA-PJM,359.07,438.56,33.77,7.64,pjm.com,false,
2024-08-26 16:00:00,USA,PJM,US-MIDA-PJM,366.07,447.19,32.18,7.77,pjm.com,false,
2024-08-26 17:00:00,USA,PJM,US-MIDA-PJM,367.34,448.49,32.21,8.98,pjm.com,false,
2024-08-26 18:00:00,USA,PJM,US-MIDA-PJM,371.9,453.01,32.0,9.31,pjm.com,false,
2024-08-26 19:00:00,USA,PJM,US-MIDA-PJM,373.29,454.91,31.63,9.51,pjm.com,false,
2024-08-26 20:00:00,USA,PJM,US-MIDA-PJM,378.14,460.7,30.88,9.12,pjm.com,false,
2024-08-26 21:00:00,USA,PJM,US-MIDA-PJM,386.92,471.28,30.05,8.51,pjm.com,false,
2024-08-26 22:00:00,USA,PJM,US-MIDA-PJM,394.21,479.63,28.86,7.03,pjm.com,false,
2024-08-26 23:00:00,USA,PJM,US-MIDA-PJM,400.01,486.1,27.92,5.51,pjm.com,false,
2024-08-27 00:00:00,USA,PJM,US-MIDA-PJM,402.17,488.19,27.65,4.51,pjm.com,false,
2024-08-27 01:00:00,USA,PJM,US-MIDA-PJM,400.88,485.44,27.98,3.64,pjm.com,false,
2024-08-27 02:00:00,USA,PJM,US-MIDA-PJM,395.47,478.28,28.82,3.0,pjm.com,false,
2024-08-27 03:00:00,USA,PJM,US-MIDA-PJM,385.41,466.3,30.42,3.22,pjm.com,false,
2024-08-27 04:00:00,USA,PJM,US-MIDA-PJM,372.27,450.04,32.8,3.58,pjm.com,false,
2024-08-27 05:00:00,USA,PJM,US-MIDA-PJM,362.13,438.65,34.25,3.79,pjm.com,false,
2024-08-27 06:00:00,USA,PJM,US-MIDA-PJM,358.81,434.84,34.79,3.73,pjm.com,false,
2024-08-27 07:00:00,USA,PJM,US-MIDA-PJM,355.49,430.69,35.61,3.71,pjm.com,false,
2024-08-27 08:00:00,USA,PJM,US-MIDA-PJM,353.75,428.97,35.7,3.54,pjm.com,false,
2024-08-27 09:00:00,USA,PJM,US-MIDA-PJM,354.49,430.09,35.4,3.58,pjm.com,false,
2024-08-27 10:00:00,USA,PJM,US-MIDA-PJM,360.6,437.7,34.02,3.39,pjm.com,false,
2024-08-27 11:00:00,USA,PJM,US-MIDA-PJM,374.49,453.23,32.4,2.63,pjm.com,false,
2024-08-27 12:00:00,USA,PJM,US-MIDA-PJM,370.1,448.1,33.61,4.58,pjm.com,false,
2024-08-27 13:00:00,USA,PJM,US-MIDA-PJM,370.19,448.33,33.7,5.86,pjm.com,false,
2024-08-27 14:00:00,USA,PJM,US-MIDA-PJM,374.97,454.93,32.64,6.32,pjm.com,false,
2024-08-27 15:00:00,USA,PJM,US-MIDA-PJM,382.3,463.92,31.85,6.74,pjm.com,false,
2024-08-27 16:00:00,USA,PJM,US-MIDA-PJM,385.38,467.84,31.03,7.21,pjm.com,false,
2024-08-27 17:00:00,USA,PJM,US-MIDA-PJM,382.81,465.11,31.28,8.57,pjm.com,false,
2024-08-27 18:00:00,USA,PJM,US-MIDA-PJM,386.49,469.68,30.57,8.73,pjm.com,false,
2024-08-27 19:00:00,USA,PJM,US-MIDA-PJM,393.82,477.79,29.81,8.38,pjm.com,false,
2024-08-27 20:00:00,USA,PJM,US-MIDA-PJM,397.39,481.64,29.5,8.36,pjm.com,false,
2024-08-27 21:00:00,USA,PJM,US-MIDA-PJM,403.98,488.9,28.79,7.88,pjm.com,false,
2024-08-27 22:00:00,USA,PJM,US-MIDA-PJM,413.32,499.64,27.59,6.54,pjm.com,false,
2024-08-27 23:00:00,USA,PJM,US-MIDA-PJM,421.82,509.2,26.17,4.56,pjm.com,false,
2024-08-28 00:00:00,USA,PJM,US-MIDA-PJM,417.53,503.89,26.45,4.07,pjm.com,false,
2024-08-28 01:00:00,USA,PJM,US-MIDA-PJM,414.38,500.33,26.62,2.92,pjm.com,false,
2024-08-28 02:00:00,USA,PJM,US-MIDA-PJM,406.47,491.69,27.25,2.2,pjm.com,false,
2024-08-28 03:00:00,USA,PJM,US-MIDA-PJM,389.52,471.51,30.08,3.42,pjm.com,false,
2024-08-28 04:00:00,USA,PJM,US-MIDA-PJM,374.52,452.97,32.73,4.1,pjm.com,false,
2024-08-28 05:00:00,USA,PJM,US-MIDA-PJM,368.79,446.21,33.81,3.78,pjm.com,false,
2024-08-28 06:00:00,USA,PJM,US-MIDA-PJM,365.84,442.97,34.21,3.17,pjm.com,false,
2024-08-28 07:00:00,USA,PJM,US-MIDA-PJM,362.11,438.27,35.13,3.36,pjm.com,false,
2024-08-28 08:00:00,USA,PJM,US-MIDA-PJM,361.59,437.63,35.16,3.19,pjm.com,false,
2024-08-28 09:00:00,USA,PJM,US-MIDA-PJM,364.86,441.96,34.17,2.65,pjm.com,false,
2024-08-28 10:00:00,USA,PJM,US-MIDA-PJM,369.3,447.88,32.87,2.65,pjm.com,false,
2024-08-28 11:00:00,USA,PJM,US-MIDA-PJM,377.11,456.6,31.94,2.63,pjm.com,false,
2024-08-28 12:00:00,USA,PJM,US-MIDA-PJM,372.08,450.54,33.14,4.56,pjm.com,false,
2024-08-28 13:00:00,USA,PJM,US-MIDA-PJM,369.26,447.19,33.83,6.1,pjm.com,false,
2024-08-28 14:00:00,USA,PJM,US-MIDA-PJM,372.35,451.92,32.83,6.47,pjm.com,false,
2024-08-28 15:00:00,USA,PJM,US-MIDA-PJM,377.81,458.53,32.17,6.89,pjm.com,false,
2024-08-28 16:00:00,USA,PJM,US-MIDA-PJM,383.67,465.53,31.54,7.49,pjm.com,false,
2024-08-28 17:00:00,USA,PJM,US-MIDA-PJM,384.85,466.52,31.83,8.81,pjm.com,false,
2024-08-28 18:00:00,USA,PJM,US-MIDA-PJM,390.53,472.92,31.22,8.91,pjm.com,false,
2024-08-28 19:00:00,USA,PJM,US-MIDA-PJM,399.62,482.77,30.42,8.59,pjm.com,false,
2024-08-28 20:00:00,USA,PJM,US-MIDA-PJM,404.07,487.93,29.73,8.29,pjm.com,false,
2024-08-28 21:00:00,USA,PJM,US-MIDA-PJM,410.7,495.8,28.55,7.2,pjm.com,false,
2024-08-28 22:00:00,USA,PJM,US-MIDA-PJM,416.29,502.2,27.57,5.97,pjm.com,false,
2024-08-28 23:00:00,USA,PJM,US-MIDA-PJM,422.03,508.74,26.52,4.4,pjm.com,false,
2024-08-29 00:00:00,USA,PJM,US-MIDA-PJM,420.38,506.9,26.6,3.66,pjm.com,false,
2024-08-29 01:00:00,USA,PJM,US-MIDA-PJM,423.43,510.1,26.08,2.08,pjm.com,false,
2024-08-29 02:00:00,USA,PJM,US-MIDA-PJM,420.3,506.02,26.68,0.86,pjm.com,false,
2024-08-29 03:00:00,USA,PJM,US-MIDA-PJM,412.09,495.77,28.05,0.54,pjm.com,false,
2024-08-29 04:00:00,USA,PJM,US-MIDA-PJM,401.04,481.34,29.51,0.62,pjm.com,false,
2024-08-29 05:00:00,USA,PJM,US-MIDA-PJM,389.08,468.31,30.84,0.95,pjm.com,false,
2024-08-29 06:00:00,USA,PJM,US-MIDA-PJM,375.84,454.55,31.91,0.97,pjm.com,false,
2024-08-29 07:00:00,USA,PJM,US-MIDA-PJM,370.1,448.35,32.57,0.82,pjm.com,false,
2024-08-29 08:00:00,USA,PJM,US-MIDA-PJM,366.54,444.44,33.0,0.91,pjm.com,false,
2024-08-29 09:00:00,USA,PJM,US-MIDA-PJM,369.97,448.56,32.3,0.87,pjm.com,false,
2024-08-29 10:00:00,USA,PJM,US-MIDA-PJM,380.3,459.63,31.22,0.84,pjm.com,false,
2024-08-29 11:00:00,USA,PJM,US-MIDA-PJM,386.0,465.16,31.1,1.54,pjm.com,false,
2024-08-29 12:00:00,USA,PJM,US-MIDA-PJM,379.49,457.49,32.51,3.76,pjm.com,false,
2024-08-29 13:00:00,USA,PJM,US-MIDA-PJM,373.9,451.62,33.28,5.36,pjm.com,false,
2024-08-29 14:00:00,USA,PJM,US-MIDA-PJM,373.17,451.61,33.11,5.97,pjm.com,false,
2024-08-29 15:00:00,USA,PJM,US-MIDA-PJM,375.59,454.9,32.61,6.29,pjm.com,false,
2024-08-29 16:00:00,USA,PJM,US-MIDA-PJM,377.45,456.59,32.64,7.53,pjm.com,false,
2024-08-29 17:00:00,USA,PJM,US-MIDA-PJM,382.64,462.17,32.13,8.3,pjm.com,false,
2024-08-29 18:00:00,USA,PJM,US-MIDA-PJM,385.04,464.76,31.95,8.73,pjm.com,false,
2024-08-29 19:00:00,USA,PJM,US-MIDA-PJM,386.01,466.28,31.83,8.89,pjm.com,false,
2024-08-29 20:00:00,USA,PJM,US-MIDA-PJM,390.21,471.16,31.36,8.48,pjm.com,false,
2024-08-29 21:00:00,USA,PJM,US-MIDA-PJM,390.85,472.31,30.91,7.79,pjm.com,false,
2024-08-29 22:00:00,USA,PJM,US-MIDA-PJM,395.36,477.38,30.07,6.48,pjm.com,false,
2024-08-29 23:00:00,USA,PJM,US-MIDA-PJM,401.07,483.25,29.31,5.16,pjm.com,false,
2024-08-30 00:00:00,USA,PJM,US-MIDA-PJM,408.26,490.4,28.74,3.95,pjm.com,false,
2024-08-30 01:00:00,USA,PJM,US-MIDA-PJM,410.89,493.09,28.45,2.63,pjm.com,false,
2024-08-30 02:00:00,USA,PJM,US-MIDA-PJM,404.3,485.01,29.7,2.39,pjm.com,false,
2024-08-30 03:00:00,USA,PJM,US-MIDA-PJM,395.15,473.99,31.14,2.46,pjm.com,false,
2024-08-30 04:00:00,USA,PJM,US-MIDA-PJM,381.15,458.12,32.91,2.69,pjm.com,false,
2024-08-30 05:00:00,USA,PJM,US-MIDA-PJM,360.74,436.63,34.77,3.14,pjm.com,false,
2024-08-30 06:00:00,USA,PJM,US-MIDA-PJM,352.14,427.42,35.65,3.18,pjm.com,false,
2024-08-30 07:00:00,USA,PJM,US-MIDA-PJM,346.6,420.78,36.74,3.33,pjm.com,false,
2024-08-30 08:00:00,USA,PJM,US-MIDA-PJM,345.02,419.44,36.64,3.07,pjm.com,false,
2024-08-30 09:00:00,USA,PJM,US-MIDA-PJM,343.77,418.1,36.77,3.19,pjm.com,false,
2024-08-30 10:00:00,USA,PJM,US-MIDA-PJM,347.38,423.06,35.58,2.91,pjm.com,false,
2024-08-30 11:00:00,USA,PJM,US-MIDA-PJM,353.36,430.12,34.51,2.82,pjm.com,false,
2024-08-30 12:00:00,USA,PJM,US-MIDA-PJM,354.88,431.52,34.69,3.69,pjm.com,false,
2024-08-30 13:00:00,USA,PJM,US-MIDA-PJM,354.93,431.54,34.86,4.53,pjm.com,false,
2024-08-30 14:00:00,USA,PJM,US-MIDA-PJM,358.82,436.34,34.08,4.78,pjm.com,false,
2024-08-30 15:00:00,USA,PJM,US-MIDA-PJM,363.61,442.03,33.23,5.05,pjm.com,false,
2024-08-30 16:00:00,USA,PJM,US-MIDA-PJM,365.17,443.59,33.23,6.1,pjm.com,false,
2024-08-30 17:00:00,USA,PJM,US-MIDA-PJM,370.89,449.69,32.67,6.52,pjm.com,false,
2024-08-30 18:00:00,USA,PJM,US-MIDA-PJM,369.43,448.42,32.61,6.98,pjm.com,false,
2024-08-30 19:00:00,USA,PJM,US-MIDA-PJM,370.38,449.21,32.7,7.33,pjm.com,false,
2024-08-30 20:00:00,USA,PJM,US-MIDA-PJM,372.7,451.09,32.9,7.46,pjm.com,false,
2024-08-30 21:00:00,USA,PJM,US-MIDA-PJM,371.48,449.51,33.21,7.64,pjm.com,false,
2024-08-30 22:00:00,USA,PJM,US-MIDA-PJM,369.74,447.56,33.32,6.97,pjm.com,false,
2024-08-30 23:00:00,USA,PJM,US-MIDA-PJM,374.79,453.51,32.26,5.37,pjm.com,false,
2024-08-31 00:00:00,USA,PJM,US-MIDA-PJM,382.27,462.09,30.94,3.46,pjm.com,false,
2024-08-31 01:00:00,USA,PJM,US-MIDA-PJM,384.09,463.79,30.86,2.49,pjm.com,false,
2024-08-31 02:00:00,USA,PJM,US-MIDA-PJM,375.26,453.53,32.28,2.29,pjm.com,false,
2024-08-31 03:00:00,USA,PJM,US-MIDA-PJM,369.95,447.15,33.35,2.06,pjm.com,false,
2024-08-31 04:00:00,USA,PJM,US-MIDA-PJM,355.87,431.02,35.6,2.64,pjm.com,false,
2024-08-31 05:00:00,USA,PJM,US-MIDA-PJM,343.37,417.87,36.72,2.29,pjm.com,false,
2024-08-31 06:00:00,USA,PJM,US-MIDA-PJM,340.07,414.86,36.67,1.75,pjm.com,false,
2024-08-31 07:00:00,USA,PJM,US-MIDA-PJM,337.38,411.61,37.23,1.55,pjm.com,false,
2024-08-31 08:00:00,USA,PJM,US-MIDA-PJM,334.59,408.0,37.98,1.43,pjm.com,false,
2024-08-31 09:00:00,USA,PJM,US-MIDA-PJM,333.95,407.27,38.09,1.23,pjm.com,false,
2024-08-31 10:00:00,USA,PJM,US-MIDA-PJM,334.97,408.67,37.78,1.12,pjm.com,false,
2024-08-31 11:00:00,USA,PJM,US-MIDA-PJM,333.52,407.24,37.87,1.3,pjm.com,false,
2024-08-31 12:00:00,USA,PJM,US-MIDA-PJM,332.19,406.28,37.78,2.62,pjm.com,false,
2024-08-31 13:00:00,USA,PJM,US-MIDA-PJM,331.13,405.36,37.88,3.79,pjm.com,false,
2024-08-31 14:00:00,USA,PJM,US-MIDA-PJM,338.11,414.05,36.3,3.78,pjm.com,false,
2024-08-31 15:00:00,USA,PJM,US-MIDA-PJM,339.78,416.43,35.75,4.35,pjm.com,false,
2024-08-31 16:00:00,USA,PJM,US-MIDA-PJM,338.34,414.64,36.32,6.13,pjm.com,false,
2024-08-31 17:00:00,USA,PJM,US-MIDA-PJM,335.02,410.66,37.13,7.8,pjm.com,false,
2024-08-31 18:00:00,USA,PJM,US-MIDA-PJM,332.98,408.76,37.21,8.64,pjm.com,false,
2024-08-31 19:00:00,USA,PJM,US-MIDA-PJM,336.15,412.35,36.68,8.45,pjm.com,false,
2024-08-31 20:00:00,USA,PJM,US-MIDA-PJM,335.78,411.79,36.86,9.02,pjm.com,false,
2024-08-31 21:00:00,USA,PJM,US-MIDA-PJM,344.14,421.19,35.58,7.99,pjm.com,false,
2024-08-31 22:00:00,USA,PJM,US-MIDA-PJM,349.19,427.11,34.52,6.67,pjm.com,false,
2024-08-31 23:00:00,USA,PJM,US-MIDA-PJM,355.5,434.27,33.41,5.02,pjm.com,false,
2024-09-01 00:00:00,USA,PJM,US-MIDA-PJM,358.19,437.39,32.88,3.85,pjm.com,false,
2024-09-01 01:00:00,USA,PJM,US-MIDA-PJM,357.27,435.95,33.23,2.94,pjm.com,false,
2024-09-01 02:00:00,USA,PJM,US-MIDA-PJM,356.18,434.18,33.59,1.79,pjm.com,false,
2024-09-01 03:00:00,USA,PJM,US-MIDA-PJM,346.01,422.36,35.29,2.17,pjm.com,false,
2024-09-01 04:00:00,USA,PJM,US-MIDA-PJM,339.5,413.94,37.0,2.35,pjm.com,false,
2024-09-01 05:00:00,USA,PJM,US-MIDA-PJM,332.7,406.07,38.11,2.73,pjm.com,false,
2024-09-01 06:00:00,USA,PJM,US-MIDA-PJM,321.79,394.03,39.5,3.21,pjm.com,false,
2024-09-01 07:00:00,USA,PJM,US-MIDA-PJM,315.32,386.43,40.68,3.51,pjm.com,false,
2024-09-01 08:00:00,USA,PJM,US-MIDA-PJM,311.22,381.48,41.53,3.84,pjm.com,false,
2024-09-01 09:00:00,USA,PJM,US-MIDA-PJM,308.92,378.38,42.24,4.16,pjm.com,false,
2024-09-01 10:00:00,USA,PJM,US-MIDA-PJM,308.58,378.33,42.05,4.1,pjm.com,false,
2024-09-01 11:00:00,USA,PJM,US-MIDA-PJM,307.31,377.17,42.08,4.55,pjm.com,false,
2024-09-01 12:00:00,USA,PJM,US-MIDA-PJM,302.91,372.51,42.72,6.25,pjm.com,false,
2024-09-01 13:00:00,USA,PJM,US-MIDA-PJM,305.44,376.72,41.52,6.69,pjm.com,false,
2024-09-01 14:00:00,USA,PJM,US-MIDA-PJM,311.3,384.01,40.21,6.85,pjm.com,false,
2024-09-01 15:00:00,USA,PJM,US-MIDA-PJM,313.05,386.59,39.56,7.42,pjm.com,false,
2024-09-01 16:00:00,USA,PJM,US-MIDA-PJM,308.53,381.6,40.23,9.0,pjm.com,false,
2024-09-01 17:00:00,USA,PJM,US-MIDA-PJM,303.85,376.8,40.71,10.48,pjm.com,false,
2024-09-01 18:00:00,USA,PJM,US-MIDA-PJM,300.18,372.71,41.28,12.05,pjm.com,false,
2024-09-01 19:00:00,USA,PJM,US-MIDA-PJM,306.89,380.25,40.3,11.91,pjm.com,false,
2024-09-01 20:00:00,USA,PJM,US-MIDA-PJM,312.56,386.78,39.34,11.62,pjm.com,false,
2024-09-01 21:00:00,USA,PJM,US-MIDA-PJM,318.93,393.93,38.33,10.78,pjm.com,false,
2024-09-01 22:00:00,USA,PJM,US-MIDA-PJM,326.17,402.03,37.21,9.45,pjm.com,false,
2024-09-01 23:00:00,USA,PJM,US-MIDA-PJM,328.6,405.07,36.5,7.84,pjm.com,false,
2024-09-02 00:00:00,USA,PJM,US-MIDA-PJM,325.74,402.09,36.61,7.11,pjm.com,false,
2024-09-02 01:00:00,USA,PJM,US-MIDA-PJM,324.57,400.23,37.01,6.17,pjm.com,false,
2024-09-02 02:00:00,USA,PJM,US-MIDA-PJM,325.62,400.46,37.4,4.74,pjm.com,false,
2024-09-02 03:00:00,USA,PJM,US-MIDA-PJM,318.56,392.1,38.67,4.63,pjm.com,false,
2024-09-02 04:00:00,USA,PJM,US-MIDA-PJM,311.32,383.6,39.9,4.57,pjm.com,false,
2024-09-02 05:00:00,USA,PJM,US-MIDA-PJM,305.29,376.14,41.28,4.69,pjm.com,false,
2024-09-02 06:00:00,USA,PJM,US-MIDA-PJM,300.83,371.07,41.97,4.72,pjm.com,false,
2024-09-02 07:00:00,USA,PJM,US-MIDA-PJM,298.57,367.83,42.82,4.65,pjm.com,false,
2024-09-02 08:00:00,USA,PJM,US-MIDA-PJM,298.06,366.96,43.12,4.39,pjm.com,false,
2024-09-02 09:00:00,USA,PJM,US-MIDA-PJM,298.28,367.1,43.17,4.09,pjm.com,false,
2024-09-02 10:00:00,USA,PJM,US-MIDA-PJM,299.41,368.39,43.01,3.98,pjm.com,false,
2024-09-02 11:00:00,USA,PJM,US-MIDA-PJM,297.86,366.34,43.49,4.22,pjm.com,false,
2024-09-02 12:00:00,USA,PJM,US-MIDA-PJM,293.0,360.89,44.4,6.0,pjm.com,false,
2024-09-02 13:00:00,USA,PJM,US-MIDA-PJM,288.47,355.56,45.48,7.59,pjm.com,false,
2024-09-02 14:00:00,USA,PJM,US-MIDA-PJM,287.43,354.73,45.46,8.41,pjm.com,false,
2024-09-02 15:00:00,USA,PJM,US-MIDA-PJM,285.13,352.68,45.45,9.35,pjm.com,false,
2024-09-02 16:00:00,USA,PJM,US-MIDA-PJM,286.72,355.31,44.68,9.9,pjm.com,false,
2024-09-02 17:00:00,USA,PJM,US-MIDA-PJM,288.3,357.46,44.22,10.31,pjm.com,false,
2024-09-02 18:00:00,USA,PJM,US-MIDA-PJM,288.15,357.56,44.08,10.89,pjm.com,false,
2024-09-02 19:00:00,USA,PJM,US-MIDA-PJM,285.99,355.12,44.51,12.13,pjm.com,false,
2024-09-02 20:00:00,USA,PJM,US-MIDA-PJM,291.01,360.75,43.82,12.32,pjm.com,false,
2024-09-02 21:00:00,USA,PJM,US-MIDA-PJM,297.17,367.51,43.03,11.93,pjm.com,false,
2024-09-02 22:00:00,USA,PJM,US-MIDA-PJM,310.7,382.65,40.9,9.67,pjm.com,false,
2024-09-02 23:00:00,USA,PJM,US-MIDA-PJM,322.78,396.32,38.83,6.83,pjm.com,false,
2024-09-03 00:00:00,USA,PJM,US-MIDA-PJM,325.32,399.37,38.2,5.71,pjm.com,false,
2024-09-03 01:00:00,USA,PJM,US-MIDA-PJM,322.58,396.23,38.5,4.3,pjm.com,false,
2024-09-03 02:00:00,USA,PJM,US-MIDA-PJM,317.59,390.16,39.4,3.08,pjm.com,false,
2024-09-03 03:00:00,USA,PJM,US-MIDA-PJM,308.59,379.26,41.25,3.56,pjm.com,false,
2024-09-03 04:00:00,USA,PJM,US-MIDA-PJM,301.66,370.79,42.71,3.79,pjm.com,false,
2024-09-03 05:00:00,USA,PJM,US-MIDA-PJM,296.51,363.39,44.65,4.16,pjm.com,false,
2024-09-03 06:00:00,USA,PJM,US-MIDA-PJM,294.11,359.77,45.69,4.4,pjm.com,false,
2024-09-03 07:00:00,USA,PJM,US-MIDA-PJM,290.46,354.88,46.81,4.96,pjm.com,false,
2024-09-03 08:00:00,USA,PJM,US-MIDA-PJM,292.48,357.42,46.34,4.62,pjm.com,false,
2024-09-03 09:00:00,USA,PJM,US-MIDA-PJM,298.92,366.32,44.17,3.92,pjm.com,false,
2024-09-03 10:00:00,USA,PJM,US-MIDA-PJM,306.24,376.04,42.0,3.6,pjm.com,false,
2024-09-03 11:00:00,USA,PJM,US-MIDA-PJM,308.16,378.42,41.65,4.35,pjm.com,false,
2024-09-03 12:00:00,USA,PJM,US-MIDA-PJM,292.92,360.75,44.63,7.93,pjm.com,false,
2024-09-03 13:00:00,USA,PJM,US-MIDA-PJM,287.18,353.89,46.06,9.88,pjm.com,false,
2024-09-03 14:00:00,USA,PJM,US-MIDA-PJM,285.55,352.09,46.32,10.32,pjm.com,false,
2024-09-03 15:00:00,USA,PJM,US-MIDA-PJM,286.37,353.4,45.92,10.57,pjm.com,false,
2024-09-03 16:00:00,USA,PJM,US-MIDA-PJM,289.15,357.01,45.18,10.54,pjm.com,false,
2024-09-03 17:00:00,USA,PJM,US-MIDA-PJM,294.29,363.12,44.21,10.17,pjm.com,false,
2024-09-03 18:00:00,USA,PJM,US-MIDA-PJM,297.23,366.78,43.53,9.98,pjm.com,false,
2024-09-03 19:00:00,USA,PJM,US-MIDA-PJM,301.24,371.53,42.78,9.92,pjm.com,false,
2024-09-03 20:00:00,USA,PJM,US-MIDA-PJM,303.4,374.08,42.41,10.28,pjm.com,false,
2024-09-03 21:00:00,USA,PJM,US-MIDA-PJM,305.24,376.3,42.03,10.47,pjm.com,false,
2024-09-03 22:00:00,USA,PJM,US-MIDA-PJM,318.58,391.02,40.09,8.6,pjm.com,false,
2024-09-03 23:00:00,USA,PJM,US-MIDA-PJM,326.55,400.11,38.63,6.53,pjm.com,false,
2024-09-04 00:00:00,USA,PJM,US-MIDA-PJM,324.65,398.55,38.41,5.99,pjm.com,false,
2024-09-04 01:00:00,USA,PJM,US-MIDA-PJM,326.65,400.53,38.13,4.42,pjm.com,false,
2024-09-04 02:00:00,USA,PJM,US-MIDA-PJM,319.3,391.99,39.22,3.48,pjm.com,false,
2024-09-04 03:00:00,USA,PJM,US-MIDA-PJM,308.5,379.81,40.77,3.95,pjm.com,false,
2024-09-04 04:00:00,USA,PJM,US-MIDA-PJM,299.85,368.93,42.86,4.38,pjm.com,false,
2024-09-04 05:00:00,USA,PJM,US-MIDA-PJM,296.8,365.21,43.52,4.51,pjm.com,false,
2024-09-04 06:00:00,USA,PJM,US-MIDA-PJM,296.77,364.85,43.78,4.17,pjm.com,false,
2024-09-04 07:00:00,USA,PJM,US-MIDA-PJM,295.96,363.28,44.4,3.84,pjm.com,false,
2024-09-04 08:00:00,USA,PJM,US-MIDA-PJM,296.86,364.66,43.99,3.35,pjm.com,false,
2024-09-04 09:00:00,USA,PJM,US-MIDA-PJM,301.46,370.92,42.53,2.92,pjm.com,false,
2024-09-04 10:00:00,USA,PJM,US-MIDA-PJM,308.86,380.08,40.9,2.61,pjm.com,false,
2024-09-04 11:00:00,USA,PJM,US-MIDA-PJM,312.06,383.96,40.27,2.93,pjm.com,false,
2024-09-04 12:00:00,USA,PJM,US-MIDA-PJM,301.3,371.47,42.39,5.46,pjm.com,false,
2024-09-04 13:00:00,USA,PJM,US-MIDA-PJM,294.79,363.7,43.97,7.8,pjm.com,false,
2024-09-04 14:00:00,USA,PJM,US-MIDA-PJM,295.15,364.34,43.9,8.39,pjm.com,false,
2024-09-04 15:00:00,USA,PJM,US-MIDA-PJM,298.28,368.62,42.91,8.39,pjm.com,false,
2024-09-04 16:00:00,USA,PJM,US-MIDA-PJM,298.33,368.99,42.72,8.78,pjm.com,false,
2024-09-04 17:00:00,USA,PJM,US-MIDA-PJM,301.88,373.65,41.7,8.67,pjm.com,false,
2024-09-04 18:00:00,USA,PJM,US-MIDA-PJM,304.7,377.13,41.05,8.68,pjm.com,false,
2024-09-04 19:00:00,USA,PJM,US-MIDA-PJM,305.69,378.11,41.06,9.49,pjm.com,false,
2024-09-04 20:00:00,USA,PJM,US-MIDA-PJM,304.04,376.16,41.44,10.73,pjm.com,false,
2024-09-04 21:00:00,USA,PJM,US-MIDA-PJM,309.76,383.06,40.17,10.05,pjm.com,false,
2024-09-04 22:00:00,USA,PJM,US-MIDA-PJM,320.81,395.7,38.24,8.14,pjm.com,false,
2024-09-04 23:00:00,USA,PJM,US-MIDA-PJM,332.2,408.5,36.4,5.94,pjm.com,false,
2024-09-05 00:00:00,USA,PJM,US-MIDA-PJM,334.29,410.77,36.08,5.21,pjm.com,false,
2024-09-05 01:00:00,USA,PJM,US-MIDA-PJM,335.69,412.14,35.94,3.52,pjm.com,false,
2024-09-05 02:00:00,USA,PJM,US-MIDA-PJM,334.31,409.31,36.89,2.43,pjm.com,false,
2024-09-05 03:00:00,USA,PJM,US-MIDA-PJM,331.85,405.5,37.9,2.17,pjm.com,false,
2024-09-05 04:00:00,USA,PJM,US-MIDA-PJM,321.4,393.21,39.73,2.23,pjm.com,false,
2024-09-05 05:00:00,USA,PJM,US-MIDA-PJM,312.33,383.44,40.71,2.46,pjm.com,false,
2024-09-05 06:00:00,USA,PJM,US-MIDA-PJM,305.85,375.8,41.9,2.97,pjm.com,false,
2024-09-05 07:00:00,USA,PJM,US-MIDA-PJM,300.65,369.26,43.16,3.55,pjm.com,false,
2024-09-05 08:00:00,USA,PJM,US-MIDA-PJM,299.59,367.84,43.49,3.65,pjm.com,false,
2024-09-05 09:00:00,USA,PJM,US-MIDA-PJM,303.41,372.77,42.48,3.35,pjm.com,false,
2024-09-05 10:00:00,USA,PJM,US-MIDA-PJM,312.82,384.9,40.03,2.75,pjm.com,false,
2024-09-05 11:00:00,USA,PJM,US-MIDA-PJM,317.7,390.75,39.1,2.8,pjm.com,false,
2024-09-05 12:00:00,USA,PJM,US-MIDA-PJM,309.92,382.01,40.46,5.08,pjm.com,false,
2024-09-05 13:00:00,USA,PJM,US-MIDA-PJM,306.33,378.04,41.19,6.77,pjm.com,false,
2024-09-05 14:00:00,USA,PJM,US-MIDA-PJM,305.86,378.04,40.97,6.93,pjm.com,false,
2024-09-05 15:00:00,USA,PJM,US-MIDA-PJM,308.52,381.83,40.04,7.24,pjm.com,false,
2024-09-05 16:00:00,USA,PJM,US-MIDA-PJM,306.86,380.25,40.09,7.9,pjm.com,false,
2024-09-05 17:00:00,USA,PJM,US-MIDA-PJM,313.03,387.44,39.04,8.08,pjm.com,false,
2024-09-05 18:00:00,USA,PJM,US-MIDA-PJM,314.36,389.22,38.69,8.62,pjm.com,false,
2024-09-05 19:00:00,USA,PJM,US-MIDA-PJM,311.49,386.09,39.12,9.71,pjm.com,false,
2024-09-05 20:00:00,USA,PJM,US-MIDA-PJM,311.78,386.59,39.14,10.5,pjm.com,false,
2024-09-05 21:00:00,USA,PJM,US-MIDA-PJM,315.76,391.47,38.23,9.98,pjm.com,false,
2024-09-05 22:00:00,USA,PJM,US-MIDA-PJM,324.56,401.83,36.45,8.08,pjm.com,false,
2024-09-05 23:00:00,USA,PJM,US-MIDA-PJM,332.0,410.26,35.15,5.98,pjm.com,false,
2024-09-06 00:00:00,USA,PJM,US-MIDA-PJM,335.81,414.29,34.72,5.24,pjm.com,false,
2024-09-06 01:00:00,USA,PJM,US-MIDA-PJM,342.25,420.61,34.36,3.46,pjm.com,false,
2024-09-06 02:00:00,USA,PJM,US-MIDA-PJM,341.61,418.67,35.19,2.48,pjm.com,false,
2024-09-06 03:00:00,USA,PJM,US-MIDA-PJM,332.18,406.52,37.39,2.71,pjm.com,false,
2024-09-06 04:00:00,USA,PJM,US-MIDA-PJM,322.7,395.89,38.69,2.84,pjm.com,false,
2024-09-06 05:00:00,USA,PJM,US-MIDA-PJM,315.15,387.38,39.77,3.06,pjm.com,false,
2024-09-06 06:00:00,USA,PJM,US-MIDA-PJM,309.38,380.69,40.76,2.94,pjm.com,false,
2024-09-06 07:00:00,USA,PJM,US-MIDA-PJM,308.0,378.84,41.23,2.93,pjm.com,false,
2024-09-06 08:00:00,USA,PJM,US-MIDA-PJM,308.89,380.39,40.71,2.48,pjm.com,false,
2024-09-06 09:00:00,USA,PJM,US-MIDA-PJM,311.59,383.48,40.29,2.37,pjm.com,false,
2024-09-06 10:00:00,USA,PJM,US-MIDA-PJM,315.89,389.28,38.95,2.07,pjm.com,false,
2024-09-06 11:00:00,USA,PJM,US-MIDA-PJM,317.9,391.67,38.6,2.36,pjm.com,false,
2024-09-06 12:00:00,USA,PJM,US-MIDA-PJM,315.0,388.63,39.08,4.02,pjm.com,false,
2024-09-06 13:00:00,USA,PJM,US-MIDA-PJM,309.33,382.46,40.0,5.72,pjm.com,false,
2024-09-06 14:00:00,USA,PJM,US-MIDA-PJM,304.26,377.34,40.37,6.91,pjm.com,false,
2024-09-06 15:00:00,USA,PJM,US-MIDA-PJM,303.49,376.99,40.14,7.44,pjm.com,false,
2024-09-06 16:00:00,USA,PJM,US-MIDA-PJM,302.29,376.26,39.88,8.08,pjm.com,false,
2024-09-06 17:00:00,USA,PJM,US-MIDA-PJM,297.77,371.05,40.74,9.89,pjm.com,false,
2024-09-06 18:00:00,USA,PJM,US-MIDA-PJM,296.44,368.93,41.47,11.47,pjm.com,false,
2024-09-06 19:00:00,USA,PJM,US-MIDA-PJM,298.59,370.91,41.44,11.94,pjm.com,false,
2024-09-06 20:00:00,USA,PJM,US-MIDA-PJM,294.48,366.11,42.14,12.45,pjm.com,false,
2024-09-06 21:00:00,USA,PJM,US-MIDA-PJM,297.59,369.87,41.35,11.75,pjm.com,false,
2024-09-06 22:00:00,USA,PJM,US-MIDA-PJM,304.88,378.31,39.94,9.84,pjm.com,false,
2024-09-06 23:00:00,USA,PJM,US-MIDA-PJM,308.46,382.59,39.05,8.05,pjm.com,false,
2024-09-07 00:00:00,USA,PJM,US-MIDA-PJM,312.95,387.64,38.31,6.75,pjm.com,false,
2024-09-07 01:00:00,USA,PJM,US-MIDA-PJM,313.01,387.39,38.44,5.6,pjm.com,false,
2024-09-07 02:00:00,USA,PJM,US-MIDA-PJM,313.63,387.44,38.71,4.66,pjm.com,false,
2024-09-07 03:00:00,USA,PJM,US-MIDA-PJM,312.81,385.92,39.26,4.12,pjm.com,false,
2024-09-07 04:00:00,USA,PJM,US-MIDA-PJM,301.46,373.19,40.88,3.92,pjm.com,false,
2024-09-07 05:00:00,USA,PJM,US-MIDA-PJM,289.17,360.26,41.99,4.03,pjm.com,false,
2024-09-07 06:00:00,USA,PJM,US-MIDA-PJM,287.65,358.94,41.91,3.59,pjm.com,false,
2024-09-07 07:00:00,USA,PJM,US-MIDA-PJM,287.91,359.44,41.72,3.09,pjm.com,false,
2024-09-07 08:00:00,USA,PJM,US-MIDA-PJM,282.59,353.29,42.6,3.35,pjm.com,false,
2024-09-07 09:00:00,USA,PJM,US-MIDA-PJM,281.46,351.97,42.8,3.64,pjm.com,false,
2024-09-07 10:00:00,USA,PJM,US-MIDA-PJM,280.93,351.18,43.01,4.35,pjm.com,false,
2024-09-07 11:00:00,USA,PJM,US-MIDA-PJM,277.62,347.05,43.8,5.27,pjm.com,false,
2024-09-07 12:00:00,USA,PJM,US-MIDA-PJM,272.67,341.57,44.61,6.75,pjm.com,false,
2024-09-07 13:00:00,USA,PJM,US-MIDA-PJM,273.23,343.03,44.18,7.7,pjm.com,false,
2024-09-07 14:00:00,USA,PJM,US-MIDA-PJM,267.7,336.42,45.36,9.54,pjm.com,false,
2024-09-07 15:00:00,USA,PJM,US-MIDA-PJM,266.24,334.81,45.6,10.39,pjm.com,false,
2024-09-07 16:00:00,USA,PJM,US-MIDA-PJM,264.98,333.27,45.97,10.82,pjm.com,false,
2024-09-07 17:00:00,USA,PJM,US-MIDA-PJM,267.12,335.8,45.6,10.64,pjm.com,false,
2024-09-07 18:00:00,USA,PJM,US-MIDA-PJM,268.62,337.73,45.21,10.43,pjm.com,false,
2024-09-07 19:00:00,USA,PJM,US-MIDA-PJM,269.25,338.48,45.07,10.24,pjm.com,false,
2024-09-07 20:00:00,USA,PJM,US-MIDA-PJM,267.31,336.14,45.47,10.37,pjm.com,false,
2024-09-07 21:00:00,USA,PJM,US-MIDA-PJM,265.84,334.39,45.77,10.8,pjm.com,false,
2024-09-07 22:00:00,USA,PJM,US-MIDA-PJM,270.15,339.59,44.77,9.83,pjm.com,false,
2024-09-07 23:00:00,USA,PJM,US-MIDA-PJM,283.24,354.66,42.43,7.37,pjm.com,false,
2024-09-08 00:00:00,USA,PJM,US-MIDA-PJM,287.05,358.96,41.78,6.56,pjm.com,false,
2024-09-08 01:00:00,USA,PJM,US-MIDA-PJM,287.55,359.7,41.45,5.1,pjm.com,false,
2024-09-08 02:00:00,USA,PJM,US-MIDA-PJM,288.29,360.36,41.37,3.77,pjm.com,false,
2024-09-08 03:00:00,USA,PJM,US-MIDA-PJM,285.82,357.41,41.83,3.35,pjm.com,false,
2024-09-08 04:00:00,USA,PJM,US-MIDA-PJM,280.36,350.73,42.99,2.64,pjm.com,false,
2024-09-08 05:00:00,USA,PJM,US-MIDA-PJM,274.31,343.12,44.39,2.23,pjm.com,false,
2024-09-08 06:00:00,USA,PJM,US-MIDA-PJM,272.01,340.21,44.95,2.28,pjm.com,false,
2024-09-08 07:00:00,USA,PJM,US-MIDA-PJM,272.65,340.55,45.15,2.19,pjm.com,false,
2024-09-08 08:00:00,USA,PJM,US-MIDA-PJM,270.96,337.92,45.94,2.12,pjm.com,false,
2024-09-08 09:00:00,USA,PJM,US-MIDA-PJM,271.73,338.79,45.83,2.09,pjm.com,false,
2024-09-08 10:00:00,USA,PJM,US-MIDA-PJM,271.57,338.43,46.0,2.16,pjm.com,false,
2024-09-08 11:00:00,USA,PJM,US-MIDA-PJM,270.95,337.71,46.2,2.98,pjm.com,false,
2024-09-08 12:00:00,USA,PJM,US-MIDA-PJM,256.82,320.42,49.72,7.07,pjm.com,false,
2024-09-08 13:00:00,USA,PJM,US-MIDA-PJM,243.65,304.35,52.89,10.69,pjm.com,false,
2024-09-08 14:00:00,USA,PJM,US-MIDA-PJM,241.42,301.85,53.27,11.35,pjm.com,false,
2024-09-08 15:00:00,USA,PJM,US-MIDA-PJM,241.07,301.51,53.31,11.64,pjm.com,false,
2024-09-08 16:00:00,USA,PJM,US-MIDA-PJM,238.5,297.96,54.26,12.47,pjm.com,false,
2024-09-08 17:00:00,USA,PJM,US-MIDA-PJM,241.48,302.08,53.24,12.34,pjm.com,false,
2024-09-08 18:00:00,USA,PJM,US-MIDA-PJM,242.64,304.56,52.2,12.33,pjm.com,false,
2024-09-08 19:00:00,USA,PJM,US-MIDA-PJM,244.75,307.73,51.31,12.33,pjm.com,false,
2024-09-08 20:00:00,USA,PJM,US-MIDA-PJM,250.4,315.29,49.56,11.8,pjm.com,false,
2024-09-08 21:00:00,USA,PJM,US-MIDA-PJM,258.48,325.63,47.38,10.7,pjm.com,false,
2024-09-08 22:00:00,USA,PJM,US-MIDA-PJM,269.71,339.49,44.59,8.28,pjm.com,false,
2024-09-08 23:00:00,USA,PJM,US-MIDA-PJM,280.72,352.4,42.43,6.62,pjm.com,false,
2024-09-09 00:00:00,USA,PJM,US-MIDA-PJM,289.64,362.49,41.02,5.96,pjm.com,false,
2024-09-09 01:00:00,USA,PJM,US-MIDA-PJM,291.26,364.56,40.42,4.24,pjm.com,false,
2024-09-09 02:00:00,USA,PJM,US-MIDA-PJM,286.01,358.28,41.33,3.4,pjm.com,false,
2024-09-09 03:00:00,USA,PJM,US-MIDA-PJM,280.91,352.41,42.09,3.36,pjm.com,false,
2024-09-09 04:00:00,USA,PJM,US-MIDA-PJM,276.98,347.65,42.89,3.66,pjm.com,false,
2024-09-09 05:00:00,USA,PJM,US-MIDA-PJM,274.62,344.3,43.76,3.83,pjm.com,false,
2024-09-09 06:00:00,USA,PJM,US-MIDA-PJM,271.98,340.94,44.41,4.0,pjm.com,false,
2024-09-09 07:00:00,USA,PJM,US-MIDA-PJM,269.43,337.38,45.3,4.53,pjm.com,false,
2024-09-09 08:00:00,USA,PJM,US-MIDA-PJM,268.97,336.73,45.47,4.88,pjm.com,false,
2024-09-09 09:00:00,USA,PJM,US-MIDA-PJM,274.13,343.22,44.24,4.8,pjm.com,false,
2024-09-09 10:00:00,USA,PJM,US-MIDA-PJM,286.61,358.52,41.56,4.52,pjm.com,false,
2024-09-09 11:00:00,USA,PJM,US-MIDA-PJM,291.32,364.25,40.6,4.85,pjm.com,false,
2024-09-09 12:00:00,USA,PJM,US-MIDA-PJM,277.07,347.97,43.18,7.89,pjm.com,false,
2024-09-09 13:00:00,USA,PJM,US-MIDA-PJM,268.77,338.13,45.1,10.05,pjm.com,false,
2024-09-09 14:00:00,USA,PJM,US-MIDA-PJM,270.39,340.14,44.82,10.06,pjm.com,false,
2024-09-09 15:00:00,USA,PJM,US-MIDA-PJM,269.2,338.74,45.08,10.57,pjm.com,false,
2024-09-09 16:00:00,USA,PJM,US-MIDA-PJM,267.77,337.14,45.33,11.28,pjm.com,false,
2024-09-09 17:00:00,USA,PJM,US-MIDA-PJM,270.77,341.17,44.41,11.18,pjm.com,false,
2024-09-09 18:00:00,USA,PJM,US-MIDA-PJM,274.4,345.85,43.45,10.82,pjm.com,false,
2024-09-09 19:00:00,USA,PJM,US-MIDA-PJM,279.26,351.47,42.62,10.7,pjm.com,false,
2024-09-09 20:00:00,USA,PJM,US-MIDA-PJM,282.0,355.02,41.88,10.97,pjm.com,false,
2024-09-09 21:00:00,USA,PJM,US-MIDA-PJM,287.16,361.57,40.55,10.43,pjm.com,false,
2024-09-09 22:00:00,USA,PJM,US-MIDA-PJM,300.37,376.93,38.1,7.99,pjm.com,false,
2024-09-09 23:00:00,USA,PJM,US-MIDA-PJM,310.1,388.27,36.22,5.79,pjm.com,false,
2024-09-10 00:00:00,USA,PJM,US-MIDA-PJM,315.13,394.08,35.3,4.9,pjm.com,false,
2024-09-10 01:00:00,USA,PJM,US-MIDA-PJM,312.07,390.04,36.09,4.34,pjm.com,false,
2024-09-10 02:00:00,USA,PJM,US-MIDA-PJM,307.39,383.75,37.43,3.93,pjm.com,false,
2024-09-10 03:00:00,USA,PJM,US-MIDA-PJM,306.87,382.54,37.81,2.58,pjm.com,false,
2024-09-10 04:00:00,USA,PJM,US-MIDA-PJM,302.38,377.15,38.71,2.21,pjm.com,false,
2024-09-10 05:00:00,USA,PJM,US-MIDA-PJM,298.81,372.8,39.43,2.28,pjm.com,false,
2024-09-10 06:00:00,USA,PJM,US-MIDA-PJM,292.01,364.79,40.68,2.41,pjm.com,false,
2024-09-10 07:00:00,USA,PJM,US-MIDA-PJM,290.25,362.66,41.06,2.48,pjm.com,false,
2024-09-10 08:00:00,USA,PJM,US-MIDA-PJM,290.26,362.95,40.84,2.48,pjm.com,false,
2024-09-10 09:00:00,USA,PJM,US-MIDA-PJM,296.09,369.87,39.74,2.24,pjm.com,false,
2024-09-10 10:00:00,USA,PJM,US-MIDA-PJM,304.72,379.94,38.22,1.94,pjm.com,false,
2024-09-10 11:00:00,USA,PJM,US-MIDA-PJM,307.33,382.99,37.83,2.36,pjm.com,false,
2024-09-10 12:00:00,USA,PJM,US-MIDA-PJM,293.28,366.75,40.52,5.6,pjm.com,false,
2024-09-10 13:00:00,USA,PJM,US-MIDA-PJM,282.22,353.87,42.77,8.4,pjm.com,false,
2024-09-10 14:00:00,USA,PJM,US-MIDA-PJM,282.77,354.95,42.39,8.76,pjm.com,false,
2024-09-10 15:00:00,USA,PJM,US-MIDA-PJM,285.33,358.47,41.56,8.77,pjm.com,false,
2024-09-10 16:00:00,USA,PJM,US-MIDA-PJM,287.21,360.59,41.32,9.12,pjm.com,false,
2024-09-10 17:00:00,USA,PJM,US-MIDA-PJM,290.88,365.27,40.5,9.3,pjm.com,false,
2024-09-10 18:00:00,USA,PJM,US-MIDA-PJM,296.27,371.13,39.98,9.62,pjm.com,false,
2024-09-10 19:00:00,USA,PJM,US-MIDA-PJM,299.49,375.03,39.46,10.03,pjm.com,false,
2024-09-10 20:00:00,USA,PJM,US-MIDA-PJM,302.78,379.26,38.7,10.13,pjm.com,false,
2024-09-10 21:00:00,USA,PJM,US-MIDA-PJM,309.05,386.6,37.5,9.55,pjm.com,false,
2024-09-10 22:00:00,USA,PJM,US-MIDA-PJM,323.42,403.45,34.74,6.89,pjm.com,false,
2024-09-10 23:00:00,USA,PJM,US-MIDA-PJM,334.48,416.1,32.81,4.48,pjm.com,false,
2024-09-11 00:00:00,USA,PJM,US-MIDA-PJM,335.81,417.69,32.79,3.88,pjm.com,false,
2024-09-11 01:00:00,USA,PJM,US-MIDA-PJM,334.58,415.6,33.18,2.78,pjm.com,false,
2024-09-11 02:00:00,USA,PJM,US-MIDA-PJM,331.22,410.44,34.36,1.75,pjm.com,false,
2024-09-11 03:00:00,USA,PJM,US-MIDA-PJM,326.44,403.92,35.63,1.46,pjm.com,false,
2024-09-11 04:00:00,USA,PJM,US-MIDA-PJM,315.83,391.38,37.42,1.79,pjm.com,false,
2024-09-11 05:00:00,USA,PJM,US-MIDA-PJM,306.61,381.29,38.52,2.15,pjm.com,false,
2024-09-11 06:00:00,USA,PJM,US-MIDA-PJM,301.68,375.59,39.37,2.26,pjm.com,false,
2024-09-11 07:00:00,USA,PJM,US-MIDA-PJM,298.75,371.9,40.09,2.14,pjm.com,false,
2024-09-11 08:00:00,USA,PJM,US-MIDA-PJM,297.14,370.09,40.3,2.0,pjm.com,false,
2024-09-11 09:00:00,USA,PJM,US-MIDA-PJM,301.94,375.93,39.27,1.61,pjm.com,false,
2024-09-11 10:00:00,USA,PJM,US-MIDA-PJM,310.81,386.43,37.6,1.27,pjm.com,false,
2024-09-11 11:00:00,USA,PJM,US-MIDA-PJM,315.87,392.02,37.02,1.71,pjm.com,false,
2024-09-11 12:00:00,USA,PJM,US-MIDA-PJM,302.93,377.61,39.08,4.83,pjm.com,false,
2024-09-11 13:00:00,USA,PJM,US-MIDA-PJM,290.63,363.38,41.45,7.8,pjm.com,false,
2024-09-11 14:00:00,USA,PJM,US-MIDA-PJM,293.24,366.75,40.82,8.26,pjm.com,false,
2024-09-11 15:00:00,USA,PJM,US-MIDA-PJM,300.75,375.73,39.91,8.15,pjm.com,false,
2024-09-11 16:00:00,USA,PJM,US-MIDA-PJM,309.45,385.98,38.85,8.19,pjm.com,false,
2024-09-11 17:00:00,USA,PJM,US-MIDA-PJM,312.38,389.66,38.39,8.78,pjm.com,false,
2024-09-11 18:00:00,USA,PJM,US-MIDA-PJM,315.0,392.26,38.12,9.56,pjm.com,false,
2024-09-11 19:00:00,USA,PJM,US-MIDA-PJM,316.98,394.66,37.63,9.81,pjm.com,false,
2024-09-11 20:00:00,USA,PJM,US-MIDA-PJM,320.62,398.93,37.0,10.07,pjm.com,false,
2024-09-11 21:00:00,USA,PJM,US-MIDA-PJM,326.61,406.36,35.74,9.2,pjm.com,false,
2024-09-11 22:00:00,USA,PJM,US-MIDA-PJM,338.48,420.0,33.59,6.75,pjm.com,false,
2024-09-11 23:00:00,USA,PJM,US-MIDA-PJM,343.54,425.76,32.31,5.03,pjm.com,false,
2024-09-12 00:00:00,USA,PJM,US-MIDA-PJM,344.1,426.14,32.33,4.57,pjm.com,false,
2024-09-12 01:00:00,USA,PJM,US-MIDA-PJM,342.79,423.69,32.94,3.75,pjm.com,false,
2024-09-12 02:00:00,USA,PJM,US-MIDA-PJM,338.54,417.38,34.44,3.01,pjm.com,false,
2024-09-12 03:00:00,USA,PJM,US-MIDA-PJM,334.41,411.73,35.53,2.52,pjm.com,false,
2024-09-12 04:00:00,USA,PJM,US-MIDA-PJM,322.67,397.75,37.39,2.59,pjm.com,false,
2024-09-12 05:00:00,USA,PJM,US-MIDA-PJM,315.19,389.51,38.3,2.73,pjm.com,false,
2024-09-12 06:00:00,USA,PJM,US-MIDA-PJM,310.32,384.19,38.9,2.77,pjm.com,false,
2024-09-12 07:00:00,USA,PJM,US-MIDA-PJM,307.03,380.03,39.71,2.6,pjm.com,false,
2024-09-12 08:00:00,USA,PJM,US-MIDA-PJM,306.7,379.71,39.74,2.31,pjm.com,false,
2024-09-12 09:00:00,USA,PJM,US-MIDA-PJM,311.79,386.17,38.46,1.91,pjm.com,false,
2024-09-12 10:00:00,USA,PJM,US-MIDA-PJM,320.43,396.51,36.74,1.69,pjm.com,false,
2024-09-12 11:00:00,USA,PJM,US-MIDA-PJM,327.41,404.37,35.76,2.22,pjm.com,false,
2024-09-12 12:00:00,USA,PJM,US-MIDA-PJM,317.52,393.21,37.47,4.82,pjm.com,false,
2024-09-12 13:00:00,USA,PJM,US-MIDA-PJM,309.77,384.39,38.93,6.99,pjm.com,false,
2024-09-12 14:00:00,USA,PJM,US-MIDA-PJM,310.14,385.42,38.56,7.52,pjm.com,false,
2024-09-12 15:00:00,USA,PJM,US-MIDA-PJM,311.88,387.75,38.13,7.78,pjm.com,false,
2024-09-12 16:00:00,USA,PJM,US-MIDA-PJM,315.38,392.34,37.43,7.99,pjm.com,false,
2024-09-12 17:00:00,USA,PJM,US-MIDA-PJM,319.47,397.39,37.2,8.69,pjm.com,false,
2024-09-12 18:00:00,USA,PJM,US-MIDA-PJM,313.38,390.28,38.25,10.72,pjm.com,false,
2024-09-12 19:00:00,USA,PJM,US-MIDA-PJM,313.59,391.11,37.77,10.88,pjm.com,false,
2024-09-12 20:00:00,USA,PJM,US-MIDA-PJM,319.28,397.88,36.7,10.6,pjm.com,false,
2024-09-12 21:00:00,USA,PJM,US-MIDA-PJM,325.95,405.59,35.44,9.46,pjm.com,false,
2024-09-12 22:00:00,USA,PJM,US-MIDA-PJM,333.42,414.72,33.64,7.21,pjm.com,false,
2024-09-12 23:00:00,USA,PJM,US-MIDA-PJM,336.34,417.95,33.16,6.2,pjm.com,false,
2024-09-13 00:00:00,USA,PJM,US-MIDA-PJM,334.22,414.77,34.1,6.52,pjm.com,false,
2024-09-13 01:00:00,USA,PJM,US-MIDA-PJM,331.36,410.17,35.31,6.38,pjm.com,false,
2024-09-13 02:00:00,USA,PJM,US-MIDA-PJM,325.12,401.21,36.64,5.79,pjm.com,false,
2024-09-13 03:00:00,USA,PJM,US-MIDA-PJM,314.97,388.92,38.55,5.94,pjm.com,false,
2024-09-13 04:00:00,USA,PJM,US-MIDA-PJM,307.66,380.18,40.0,5.97,pjm.com,false,
2024-09-13 05:00:00,USA,PJM,US-MIDA-PJM,300.26,371.53,41.3,6.17,pjm.com,false,
2024-09-13 06:00:00,USA,PJM,US-MIDA-PJM,297.67,368.78,41.56,6.0,pjm.com,false,
2024-09-13 07:00:00,USA,PJM,US-MIDA-PJM,294.47,365.23,41.98,5.72,pjm.com,false,
2024-09-13 08:00:00,USA,PJM,US-MIDA-PJM,295.13,366.03,41.86,5.23,pjm.com,false,
2024-09-13 09:00:00,USA,PJM,US-MIDA-PJM,301.04,373.6,40.33,4.66,pjm.com,false,
2024-09-13 10:00:00,USA,PJM,US-MIDA-PJM,308.61,382.58,38.9,4.51,pjm.com,false,
2024-09-13 11:00:00,USA,PJM,US-MIDA-PJM,316.14,390.85,37.98,4.64,pjm.com,false,
2024-09-13 12:00:00,USA,PJM,US-MIDA-PJM,314.62,389.12,38.34,5.93,pjm.com,false,
2024-09-13 13:00:00,USA,PJM,US-MIDA-PJM,311.9,386.3,38.78,6.85,pjm.com,false,
2024-09-13 14:00:00,USA,PJM,US-MIDA-PJM,314.71,390.09,37.99,6.77,pjm.com,false,
2024-09-13 15:00:00,USA,PJM,US-MIDA-PJM,319.21,395.42,37.53,7.14,pjm.com,false,
2024-09-13 16:00:00,USA,PJM,US-MIDA-PJM,325.7,403.66,37.13,7.67,pjm.com,false,
2024-09-13 17:00:00,USA,PJM,US-MIDA-PJM,319.92,397.19,37.81,9.44,pjm.com,false,
2024-09-13 18:00:00,USA,PJM,US-MIDA-PJM,324.21,402.54,37.08,9.65,pjm.com,false,
2024-09-13 19:00:00,USA,PJM,US-MIDA-PJM,320.91,398.45,37.04,10.02,pjm.com,false,
2024-09-13 20:00:00,USA,PJM,US-MIDA-PJM,323.5,401.51,36.55,10.06,pjm.com,false,
2024-09-13 21:00:00,USA,PJM,US-MIDA-PJM,329.45,408.71,35.2,8.86,pjm.com,false,
2024-09-13 22:00:00,USA,PJM,US-MIDA-PJM,335.66,416.26,34.09,7.1,pjm.com,false,
2024-09-13 23:00:00,USA,PJM,US-MIDA-PJM,339.54,420.89,33.32,5.55,pjm.com,false,
2024-09-14 00:00:00,USA,PJM,US-MIDA-PJM,339.27,420.46,33.42,4.8,pjm.com,false,
2024-09-14 01:00:00,USA,PJM,US-MIDA-PJM,342.02,422.61,33.42,3.5,pjm.com,false,
2024-09-14 02:00:00,USA,PJM,US-MIDA-PJM,341.85,421.45,34.1,2.59,pjm.com,false,
2024-09-14 03:00:00,USA,PJM,US-MIDA-PJM,337.7,415.7,35.41,2.62,pjm.com,false,
2024-09-14 04:00:00,USA,PJM,US-MIDA-PJM,327.29,402.07,37.42,3.26,pjm.com,false,
2024-09-14 05:00:00,USA,PJM,US-MIDA-PJM,313.24,385.86,39.55,3.77,pjm.com,false,
2024-09-14 06:00:00,USA,PJM,US-MIDA-PJM,305.74,378.06,40.16,3.49,pjm.com,false,
2024-09-14 07:00:00,USA,PJM,US-MIDA-PJM,300.2,372.37,40.57,3.21,pjm.com,false,
2024-09-14 08:00:00,USA,PJM,US-MIDA-PJM,295.8,367.35,41.26,3.23,pjm.com,false,
2024-09-14 09:00:00,USA,PJM,US-MIDA-PJM,296.95,368.67,41.08,2.94,pjm.com,false,
2024-09-14 10:00:00,USA,PJM,US-MIDA-PJM,297.57,369.73,40.73,2.88,pjm.com,false,
2024-09-14 11:00:00,USA,PJM,US-MIDA-PJM,295.61,367.19,41.29,3.46,pjm.com,false,
2024-09-14 12:00:00,USA,PJM,US-MIDA-PJM,291.64,362.78,42.04,5.62,pjm.com,false,
2024-09-14 13:00:00,USA,PJM,US-MIDA-PJM,291.94,363.39,42.06,7.12,pjm.com,false,
2024-09-14 14:00:00,USA,PJM,US-MIDA-PJM,291.57,363.1,42.17,8.05,pjm.com,false,
2024-09-14 15:00:00,USA,PJM,US-MIDA-PJM,297.77,370.5,41.01,8.45,pjm.com,false,
2024-09-14 16:00:00,USA,PJM,US-MIDA-PJM,305.15,379.56,40.02,9.03,pjm.com,false,
2024-09-14 17:00:00,USA,PJM,US-MIDA-PJM,306.58,381.9,39.33,9.88,pjm.com,false,
2024-09-14 18:00:00,USA,PJM,US-MIDA-PJM,308.86,384.89,38.77,10.48,pjm.com,false,
2024-09-14 19:00:00,USA,PJM,US-MIDA-PJM,310.81,387.27,37.98,10.42,pjm.com,false,
2024-09-14 20:00:00,USA,PJM,US-MIDA-PJM,314.08,391.36,37.17,10.25,pjm.com,false,
2024-09-14 21:00:00,USA,PJM,US-MIDA-PJM,319.84,398.45,35.8,9.08,pjm.com,false,
2024-09-14 22:00:00,USA,PJM,US-MIDA-PJM,328.23,407.96,34.34,7.14,pjm.com,false,
2024-09-14 23:00:00,USA,PJM,US-MIDA-PJM,331.52,411.77,33.63,5.68,pjm.com,false,
2024-09-15 00:00:00,USA,PJM,US-MIDA-PJM,331.63,411.49,33.89,5.04,pjm.com,false,
2024-09-15 01:00:00,USA,PJM,US-MIDA-PJM,328.93,407.64,34.68,4.42,pjm.com,false,
2024-09-15 02:00:00,USA,PJM,US-MIDA-PJM,326.68,403.9,35.8,3.71,pjm.com,false,
2024-09-15 03:00:00,USA,PJM,US-MIDA-PJM,319.47,394.17,37.79,4.11,pjm.com,false,
2024-09-15 04:00:00,USA,PJM,US-MIDA-PJM,312.4,385.12,39.59,4.62,pjm.com,false,
2024-09-15 05:00:00,USA,PJM,US-MIDA-PJM,303.18,374.64,40.99,4.7,pjm.com,false,
2024-09-15 06:00:00,USA,PJM,US-MIDA-PJM,297.83,369.0,41.49,4.54,pjm.com,false,
2024-09-15 07:00:00,USA,PJM,US-MIDA-PJM,292.3,362.46,42.55,4.56,pjm.com,false,
2024-09-15 08:00:00,USA,PJM,US-MIDA-PJM,287.81,357.28,43.3,4.6,pjm.com,false,
2024-09-15 09:00:00,USA,PJM,US-MIDA-PJM,287.0,356.41,43.37,4.4,pjm.com,false,
2024-09-15 10:00:00,USA,PJM,US-MIDA-PJM,288.37,358.17,43.03,4.15,pjm.com,false,
2024-09-15 11:00:00,USA,PJM,US-MIDA-PJM,288.03,357.86,43.05,4.53,pjm.com,false,
2024-09-15 12:00:00,USA,PJM,US-MIDA-PJM,287.2,357.43,42.98,6.17,pjm.com,false,
2024-09-15 13:00:00,USA,PJM,US-MIDA-PJM,288.78,359.58,42.69,7.28,pjm.com,false,
2024-09-15 14:00:00,USA,PJM,US-MIDA-PJM,294.18,366.25,41.59,7.39,pjm.com,false,
2024-09-15 15:00:00,USA,PJM,US-MIDA-PJM,294.61,367.69,40.89,7.71,pjm.com,false,
2024-09-15 16:00:00,USA,PJM,US-MIDA-PJM,302.2,376.66,39.65,8.06,pjm.com,false,
2024-09-15 17:00:00,USA,PJM,US-MIDA-PJM,311.16,387.03,38.33,8.29,pjm.com,false,
2024-09-15 18:00:00,USA,PJM,US-MIDA-PJM,307.78,383.38,38.79,9.76,pjm.com,false,
2024-09-15 19:00:00,USA,PJM,US-MIDA-PJM,310.24,386.45,38.23,10.07,pjm.com,false,
2024-09-15 20:00:00,USA,PJM,US-MIDA-PJM,309.06,385.84,37.86,10.27,pjm.com,false,
2024-09-15 21:00:00,USA,PJM,US-MIDA-PJM,317.13,395.46,36.22,8.98,pjm.com,false,
2024-09-15 22:00:00,USA,PJM,US-MIDA-PJM,325.66,405.51,34.46,6.94,pjm.com,false,
2024-09-15 23:00:00,USA,PJM,US-MIDA-PJM,332.7,413.3,33.45,5.37,pjm.com,false,
2024-09-16 00:00:00,USA,PJM,US-MIDA-PJM,334.27,414.44,33.6,4.98,pjm.com,false,
2024-09-16 01:00:00,USA,PJM,US-MIDA-PJM,331.34,410.26,34.5,3.97,pjm.com,false,
2024-09-16 02:00:00,USA,PJM,US-MIDA-PJM,325.03,402.62,35.64,3.25,pjm.com,false,
2024-09-16 03:00:00,USA,PJM,US-MIDA-PJM,319.77,395.67,37.19,3.37,pjm.com,false,
2024-09-16 04:00:00,USA,PJM,US-MIDA-PJM,308.85,382.55,38.91,3.46,pjm.com,false,
2024-09-16 05:00:00,USA,PJM,US-MIDA-PJM,299.84,372.49,40.11,3.43,pjm.com,false,
2024-09-16 06:00:00,USA,PJM,US-MIDA-PJM,294.24,366.45,40.73,3.01,pjm.com,false,
2024-09-16 07:00:00,USA,PJM,US-MIDA-PJM,293.47,365.49,40.93,2.43,pjm.com,false,
2024-09-16 08:00:00,USA,PJM,US-MIDA-PJM,293.14,365.36,40.79,2.26,pjm.com,false,
2024-09-16 09:00:00,USA,PJM,US-MIDA-PJM,299.82,373.46,39.4,1.93,pjm.com,false,
2024-09-16 10:00:00,USA,PJM,US-MIDA-PJM,308.2,383.24,37.95,1.67,pjm.com,false,
2024-09-16 11:00:00,USA,PJM,US-MIDA-PJM,315.05,391.04,36.93,1.88,pjm.com,false,
2024-09-16 12:00:00,USA,PJM,US-MIDA-PJM,310.85,386.38,37.68,3.76,pjm.com,false,
2024-09-16 13:00:00,USA,PJM,US-MIDA-PJM,303.61,377.69,39.34,5.76,pjm.com,false,
2024-09-16 14:00:00,USA,PJM,US-MIDA-PJM,309.59,385.27,38.19,5.72,pjm.com,false,
2024-09-16 15:00:00,USA,PJM,US-MIDA-PJM,316.77,394.08,37.38,5.75,pjm.com,false,
2024-09-16 16:00:00,USA,PJM,US-MIDA-PJM,316.92,394.55,37.3,6.52,pjm.com,false,
2024-09-16 17:00:00,USA,PJM,US-MIDA-PJM,317.33,395.14,37.12,7.68,pjm.com,false,
2024-09-16 18:00:00,USA,PJM,US-MIDA-PJM,320.13,398.72,36.41,7.74,pjm.com,false,
2024-09-16 19:00:00,USA,PJM,US-MIDA-PJM,323.24,402.26,35.83,7.59,pjm.com,false,
2024-09-16 20:00:00,USA,PJM,US-MIDA-PJM,324.67,404.29,35.36,7.31,pjm.com,false,
2024-09-16 21:00:00,USA,PJM,US-MIDA-PJM,329.63,409.84,34.6,6.94,pjm.com,false,
2024-09-16 22:00:00,USA,PJM,US-MIDA-PJM,333.06,413.61,34.03,6.05,pjm.com,false,
2024-09-16 23:00:00,USA,PJM,US-MIDA-PJM,336.22,417.24,33.49,5.27,pjm.com,false,
2024-09-17 00:00:00,USA,PJM,US-MIDA-PJM,336.54,416.83,33.92,5.06,pjm.com,false,
2024-09-17 01:00:00,USA,PJM,US-MIDA-PJM,336.65,416.48,34.11,3.68,pjm.com,false,
2024-09-17 02:00:00,USA,PJM,US-MIDA-PJM,327.38,405.2,35.59,3.04,pjm.com,false,
2024-09-17 03:00:00,USA,PJM,US-MIDA-PJM,317.67,393.37,37.41,3.25,pjm.com,false,
2024-09-17 04:00:00,USA,PJM,US-MIDA-PJM,308.18,381.48,39.22,3.62,pjm.com,false,
2024-09-17 05:00:00,USA,PJM,US-MIDA-PJM,299.39,371.61,40.48,3.85,pjm.com,false,
2024-09-17 06:00:00,USA,PJM,US-MIDA-PJM,294.58,365.94,41.38,3.63,pjm.com,false,
2024-09-17 07:00:00,USA,PJM,US-MIDA-PJM,294.64,366.05,41.37,3.04,pjm.com,false,
2024-09-17 08:00:00,USA,PJM,US-MIDA-PJM,296.89,369.12,40.65,2.48,pjm.com,false,
2024-09-17 09:00:00,USA,PJM,US-MIDA-PJM,304.12,378.05,39.04,1.98,pjm.com,false,
2024-09-17 10:00:00,USA,PJM,US-MIDA-PJM,316.05,391.84,37.04,1.69,pjm.com,false,
2024-09-17 11:00:00,USA,PJM,US-MIDA-PJM,322.51,399.66,35.71,1.57,pjm.com,false,
2024-09-17 12:00:00,USA,PJM,US-MIDA-PJM,319.47,396.38,36.08,2.23,pjm.com,false,
2024-09-17 13:00:00,USA,PJM,US-MIDA-PJM,315.66,391.98,36.86,3.52,pjm.com,false,
2024-09-17 14:00:00,USA,PJM,US-MIDA-PJM,318.55,395.73,36.67,4.01,pjm.com,false,
2024-09-17 15:00:00,USA,PJM,US-MIDA-PJM,321.47,399.72,36.08,4.28,pjm.com,false,
2024-09-17 16:00:00,USA,PJM,US-MIDA-PJM,320.3,397.8,36.68,5.77,pjm.com,false,
2024-09-17 17:00:00,USA,PJM,US-MIDA-PJM,323.09,401.21,36.3,6.22,pjm.com,false,
2024-09-17 18:00:00,USA,PJM,US-MIDA-PJM,326.34,405.04,35.76,6.22,pjm.com,false,
2024-09-17 19:00:00,USA,PJM,US-MIDA-PJM,327.64,406.82,35.29,6.05,pjm.com,false,
2024-09-17 20:00:00,USA,PJM,US-MIDA-PJM,329.56,409.66,34.53,5.77,pjm.com,false,
2024-09-17 21:00:00,USA,PJM,US-MIDA-PJM,331.55,412.23,33.94,5.29,pjm.com,false,
2024-09-17 22:00:00,USA,PJM,US-MIDA-PJM,335.79,417.28,33.3,4.78,pjm.com,false,
2024-09-17 23:00:00,USA,PJM,US-MIDA-PJM,339.93,421.84,32.97,4.47,pjm.com,false,
2024-09-18 00:00:00,USA,PJM,US-MIDA-PJM,334.88,414.99,34.05,4.91,pjm.com,false,
2024-09-18 01:00:00,USA,PJM,US-MIDA-PJM,330.2,408.98,35.02,4.54,pjm.com,false,
2024-09-18 02:00:00,USA,PJM,US-MIDA-PJM,324.1,401.22,36.0,3.75,pjm.com,false,
2024-09-18 03:00:00,USA,PJM,US-MIDA-PJM,312.73,388.1,37.43,3.54,pjm.com,false,
2024-09-18 04:00:00,USA,PJM,US-MIDA-PJM,307.83,382.4,38.31,3.37,pjm.com,false,
2024-09-18 05:00:00,USA,PJM,US-MIDA-PJM,303.29,376.94,39.23,3.08,pjm.com,false,
2024-09-18 06:00:00,USA,PJM,US-MIDA-PJM,298.94,372.07,39.86,2.71,pjm.com,false,
2024-09-18 07:00:00,USA,PJM,US-MIDA-PJM,297.39,370.38,40.06,2.31,pjm.com,false,
2024-09-18 08:00:00,USA,PJM,US-MIDA-PJM,298.81,372.31,39.61,1.84,pjm.com,false,
2024-09-18 09:00:00,USA,PJM,US-MIDA-PJM,302.62,377.45,38.43,1.57,pjm.com,false,
2024-09-18 10:00:00,USA,PJM,US-MIDA-PJM,311.23,387.84,36.68,1.65,pjm.com,false,
2024-09-18 11:00:00,USA,PJM,US-MIDA-PJM,322.1,399.62,35.58,1.52,pjm.com,false,
2024-09-18 12:00:00,USA,PJM,US-MIDA-PJM,322.23,399.63,35.88,2.31,pjm.com,false,
2024-09-18 13:00:00,USA,PJM,US-MIDA-PJM,316.45,392.85,37.08,4.0,pjm.com,false,
2024-09-18 14:00:00,USA,PJM,US-MIDA-PJM,316.35,392.91,37.13,4.69,pjm.com,false,
2024-09-18 15:00:00,USA,PJM,US-MIDA-PJM,320.13,397.9,36.52,4.97,pjm.com,false,
2024-09-18 16:00:00,USA,PJM,US-MIDA-PJM,324.69,403.59,35.9,5.42,pjm.com,false,
2024-09-18 17:00:00,USA,PJM,US-MIDA-PJM,321.57,400.39,36.19,6.32,pjm.com,false,
2024-09-18 18:00:00,USA,PJM,US-MIDA-PJM,327.44,407.37,35.12,5.87,pjm.com,false,
2024-09-18 19:00:00,USA,PJM,US-MIDA-PJM,328.1,407.91,35.2,6.24,pjm.com,false,
2024-09-18 20:00:00,USA,PJM,US-MIDA-PJM,329.72,409.73,35.0,6.33,pjm.com,false,
2024-09-18 21:00:00,USA,PJM,US-MIDA-PJM,331.95,412.38,34.52,6.33,pjm.com,false,
2024-09-18 22:00:00,USA,PJM,US-MIDA-PJM,335.97,416.99,33.79,5.5,pjm.com,false,
2024-09-18 23:00:00,USA,PJM,US-MIDA-PJM,340.05,421.88,32.9,4.28,pjm.com,false,
2024-09-19 00:00:00,USA,PJM,US-MIDA-PJM,340.03,421.4,33.26,4.2,pjm.com,false,
2024-09-19 01:00:00,USA,PJM,US-MIDA-PJM,342.35,423.29,33.05,2.67,pjm.com,false,
2024-09-19 02:00:00,USA,PJM,US-MIDA-PJM,341.13,420.92,33.83,1.65,pjm.com,false,
2024-09-19 03:00:00,USA,PJM,US-MIDA-PJM,331.44,409.02,35.43,1.49,pjm.com,false,
2024-09-19 04:00:00,USA,PJM,US-MIDA-PJM,320.68,396.5,36.76,1.36,pjm.com,false,
2024-09-19 05:00:00,USA,PJM,US-MIDA-PJM,314.06,389.15,37.64,1.45,pjm.com,false,
2024-09-19 06:00:00,USA,PJM,US-MIDA-PJM,307.13,381.66,38.43,1.47,pjm.com,false,
2024-09-19 07:00:00,USA,PJM,US-MIDA-PJM,303.16,377.33,38.91,1.47,pjm.com,false,
2024-09-19 08:00:00,USA,PJM,US-MIDA-PJM,303.53,377.89,38.74,1.12,pjm.com,false,
2024-09-19 09:00:00,USA,PJM,US-MIDA-PJM,306.65,381.75,38.02,0.94,pjm.com,false,
2024-09-19 10:00:00,USA,PJM,US-MIDA-PJM,314.85,391.5,36.47,1.0,pjm.com,false,
2024-09-19 11:00:00,USA,PJM,US-MIDA-PJM,324.81,402.18,35.54,1.13,pjm.com,false,
2024-09-19 12:00:00,USA,PJM,US-MIDA-PJM,323.36,400.37,36.15,2.46,pjm.com,false,
2024-09-19 13:00:00,USA,PJM,US-MIDA-PJM,320.09,396.52,37.06,4.23,pjm.com,false,
2024-09-19 14:00:00,USA,PJM,US-MIDA-PJM,322.17,399.02,36.95,4.93,pjm.com,false,
2024-09-19 15:00:00,USA,PJM,US-MIDA-PJM,324.0,401.77,36.5,5.55,pjm.com,false,
2024-09-19 16:00:00,USA,PJM,US-MIDA-PJM,325.98,404.27,36.28,6.6,pjm.com,false,
2024-09-19 17:00:00,USA,PJM,US-MIDA-PJM,326.15,404.85,35.96,7.51,pjm.com,false,
2024-09-19 18:00:00,USA,PJM,US-MIDA-PJM,328.35,408.03,35.16,7.7,pjm.com,false,
2024-09-19 19:00:00,USA,PJM,US-MIDA-PJM,332.31,412.82,34.39,7.79,pjm.com,false,
2024-09-19 20:00:00,USA,PJM,US-MIDA-PJM,333.6,414.55,33.99,7.9,pjm.com,false,
2024-09-19 21:00:00,USA,PJM,US-MIDA-PJM,336.05,417.68,33.27,7.41,pjm.com,false,
2024-09-19 22:00:00,USA,PJM,US-MIDA-PJM,346.08,429.45,31.67,5.56,pjm.com,false,
2024-09-19 23:00:00,USA,PJM,US-MIDA-PJM,351.93,436.05,30.72,4.11,pjm.com,false,
2024-09-20 00:00:00,USA,PJM,US-MIDA-PJM,348.46,431.84,31.14,3.77,pjm.com,false,
2024-09-20 01:00:00,USA,PJM,US-MIDA-PJM,347.19,429.16,32.01,3.22,pjm.com,false,
2024-09-20 02:00:00,USA,PJM,US-MIDA-PJM,341.7,421.26,33.75,3.02,pjm.com,false,
2024-09-20 03:00:00,USA,PJM,US-MIDA-PJM,328.89,405.38,36.16,3.79,pjm.com,false,
2024-09-20 04:00:00,USA,PJM,US-MIDA-PJM,313.11,387.04,38.55,4.51,pjm.com,false,
2024-09-20 05:00:00,USA,PJM,US-MIDA-PJM,303.2,375.6,40.15,4.69,pjm.com,false,
2024-09-20 06:00:00,USA,PJM,US-MIDA-PJM,298.4,370.26,40.81,4.49,pjm.com,false,
2024-09-20 07:00:00,USA,PJM,US-MIDA-PJM,295.95,367.33,41.31,4.25,pjm.com,false,
2024-09-20 08:00:00,USA,PJM,US-MIDA-PJM,296.93,368.64,41.03,3.92,pjm.com,false,
2024-09-20 09:00:00,USA,PJM,US-MIDA-PJM,305.65,378.95,39.41,2.7,pjm.com,false,
2024-09-20 10:00:00,USA,PJM,US-MIDA-PJM,312.45,387.26,37.97,2.4,pjm.com,false,
2024-09-20 11:00:00,USA,PJM,US-MIDA-PJM,320.52,396.35,36.84,2.58,pjm.com,false,
2024-09-20 12:00:00,USA,PJM,US-MIDA-PJM,313.19,387.55,38.56,5.21,pjm.com,false,
2024-09-20 13:00:00,USA,PJM,US-MIDA-PJM,308.17,381.79,39.65,7.27,pjm.com,false,
2024-09-20 14:00:00,USA,PJM,US-MIDA-PJM,315.16,389.57,38.79,7.46,pjm.com,false,
2024-09-20 15:00:00,USA,PJM,US-MIDA-PJM,320.97,396.4,37.8,7.44,pjm.com,false,
2024-09-20 16:00:00,USA,PJM,US-MIDA-PJM,326.21,402.6,37.53,8.26,pjm.com,false,
2024-09-20 17:00:00,USA,PJM,US-MIDA-PJM,330.0,407.93,36.49,8.41,pjm.com,false,
2024-09-20 18:00:00,USA,PJM,US-MIDA-PJM,333.54,412.72,35.57,8.49,pjm.com,false,
2024-09-20 19:00:00,USA,PJM,US-MIDA-PJM,337.22,417.41,34.57,8.63,pjm.com,false,
2024-09-20 20:00:00,USA,PJM,US-MIDA-PJM,338.76,419.27,34.23,8.68,pjm.com,false,
2024-09-20 21:00:00,USA,PJM,US-MIDA-PJM,342.94,424.18,33.48,8.12,pjm.com,false,
2024-09-20 22:00:00,USA,PJM,US-MIDA-PJM,353.8,436.64,31.6,5.44,pjm.com,false,
2024-09-20 23:00:00,USA,PJM,US-MIDA-PJM,357.27,440.56,30.93,3.7,pjm.com,false,
2024-09-21 00:00:00,USA,PJM,US-MIDA-PJM,353.2,435.41,31.91,3.5,pjm.com,false,
2024-09-21 01:00:00,USA,PJM,US-MIDA-PJM,353.82,435.08,32.59,2.65,pjm.com,false,
2024-09-21 02:00:00,USA,PJM,US-MIDA-PJM,356.92,437.29,33.09,1.31,pjm.com,false,
2024-09-21 03:00:00,USA,PJM,US-MIDA-PJM,352.34,430.88,34.27,0.79,pjm.com,false,
2024-09-21 04:00:00,USA,PJM,US-MIDA-PJM,341.57,417.41,35.8,0.92,pjm.com,false,
2024-09-21 05:00:00,USA,PJM,US-MIDA-PJM,332.88,406.75,37.63,1.03,pjm.com,false,
2024-09-21 06:00:00,USA,PJM,US-MIDA-PJM,322.15,395.13,38.85,1.08,pjm.com,false,
2024-09-21 07:00:00,USA,PJM,US-MIDA-PJM,315.04,386.99,39.96,1.06,pjm.com,false,
2024-09-21 08:00:00,USA,PJM,US-MIDA-PJM,312.81,384.63,40.15,0.98,pjm.com,false,
2024-09-21 09:00:00,USA,PJM,US-MIDA-PJM,313.21,385.49,39.79,0.91,pjm.com,false,
2024-09-21 10:00:00,USA,PJM,US-MIDA-PJM,313.96,386.56,39.5,0.97,pjm.com,false,
2024-09-21 11:00:00,USA,PJM,US-MIDA-PJM,318.58,391.62,38.97,1.28,pjm.com,false,
2024-09-21 12:00:00,USA,PJM,US-MIDA-PJM,309.77,381.36,40.75,4.1,pjm.com,false,
2024-09-21 13:00:00,USA,PJM,US-MIDA-PJM,300.42,370.58,42.6,7.42,pjm.com,false,
2024-09-21 14:00:00,USA,PJM,US-MIDA-PJM,307.29,379.09,41.48,7.82,pjm.com,false,
2024-09-21 15:00:00,USA,PJM,US-MIDA-PJM,316.66,390.02,40.28,7.89,pjm.com,false,
2024-09-21 16:00:00,USA,PJM,US-MIDA-PJM,317.37,391.25,40.04,8.74,pjm.com,false,
2024-09-21 17:00:00,USA,PJM,US-MIDA-PJM,321.24,395.87,39.34,9.51,pjm.com,false,
2024-09-21 18:00:00,USA,PJM,US-MIDA-PJM,326.35,402.3,38.08,9.38,pjm.com,false,
2024-09-21 19:00:00,USA,PJM,US-MIDA-PJM,330.99,407.78,37.17,9.5,pjm.com,false,
2024-09-21 20:00:00,USA,PJM,US-MIDA-PJM,337.29,415.08,36.02,8.92,pjm.com,false,
2024-09-21 21:00:00,USA,PJM,US-MIDA-PJM,344.09,422.81,34.86,7.92,pjm.com,false,
2024-09-21 22:00:00,USA,PJM,US-MIDA-PJM,352.64,432.59,33.32,5.85,pjm.com,false,
2024-09-21 23:00:00,USA,PJM,US-MIDA-PJM,355.75,436.62,32.37,4.08,pjm.com,false,
2024-09-22 00:00:00,USA,PJM,US-MIDA-PJM,352.74,432.93,32.98,3.63,pjm.com,false,
2024-09-22 01:00:00,USA,PJM,US-MIDA-PJM,351.07,430.32,33.73,2.66,pjm.com,false,
2024-09-22 02:00:00,USA,PJM,US-MIDA-PJM,351.49,430.08,34.17,1.19,pjm.com,false,
2024-09-22 03:00:00,USA,PJM,US-MIDA-PJM,348.49,425.49,35.31,0.99,pjm.com,false,
2024-09-22 04:00:00,USA,PJM,US-MIDA-PJM,334.38,407.95,37.79,1.27,pjm.com,false,
2024-09-22 05:00:00,USA,PJM,US-MIDA-PJM,322.31,394.59,39.33,1.69,pjm.com,false,
2024-09-22 06:00:00,USA,PJM,US-MIDA-PJM,317.43,389.58,39.7,1.33,pjm.com,false,
2024-09-22 07:00:00,USA,PJM,US-MIDA-PJM,308.32,379.54,40.85,1.53,pjm.com,false,
2024-09-22 08:00:00,USA,PJM,US-MIDA-PJM,300.87,370.94,42.05,2.22,pjm.com,false,
2024-09-22 09:00:00,USA,PJM,US-MIDA-PJM,296.16,365.54,42.78,2.89,pjm.com,false,
2024-09-22 10:00:00,USA,PJM,US-MIDA-PJM,294.94,364.03,43.05,3.32,pjm.com,false,
2024-09-22 11:00:00,USA,PJM,US-MIDA-PJM,298.07,368.08,42.23,3.01,pjm.com,false,
2024-09-22 12:00:00,USA,PJM,US-MIDA-PJM,297.28,367.37,42.4,4.45,pjm.com,false,
2024-09-22 13:00:00,USA,PJM,US-MIDA-PJM,297.27,367.89,42.2,5.33,pjm.com,false,
2024-09-22 14:00:00,USA,PJM,US-MIDA-PJM,303.42,375.23,41.09,5.27,pjm.com,false,
2024-09-22 15:00:00,USA,PJM,US-MIDA-PJM,311.16,383.84,40.47,5.53,pjm.com,false,
2024-09-22 16:00:00,USA,PJM,US-MIDA-PJM,318.0,391.52,40.14,6.26,pjm.com,false,
2024-09-22 17:00:00,USA,PJM,US-MIDA-PJM,321.01,394.56,39.93,7.13,pjm.com,false,
2024-09-22 18:00:00,USA,PJM,US-MIDA-PJM,321.36,395.2,39.72,7.97,pjm.com,false,
2024-09-22 19:00:00,USA,PJM,US-MIDA-PJM,327.56,402.76,38.31,7.53,pjm.com,false,
2024-09-22 20:00:00,USA,PJM,US-MIDA-PJM,328.4,403.84,38.06,7.7,pjm.com,false,
2024-09-22 21:00:00,USA,PJM,US-MIDA-PJM,325.72,401.19,38.14,7.92,pjm.com,false,
2024-09-22 22:00:00,USA,PJM,US-MIDA-PJM,333.05,409.67,36.74,6.44,pjm.com,false,
2024-09-22 23:00:00,USA,PJM,US-MIDA-PJM,336.05,412.65,36.61,6.21,pjm.com,false,
2024-09-23 00:00:00,USA,PJM,US-MIDA-PJM,340.94,417.61,36.25,5.48,pjm.com,false,
2024-09-23 01:00:00,USA,PJM,US-MIDA-PJM,341.96,418.01,36.54,3.93,pjm.com,false,
2024-09-23 02:00:00,USA,PJM,US-MIDA-PJM,338.8,414.29,37.08,2.91,pjm.com,false,
2024-09-23 03:00:00,USA,PJM,US-MIDA-PJM,331.68,406.01,37.97,2.7,pjm.com,false,
2024-09-23 04:00:00,USA,PJM,US-MIDA-PJM,317.51,389.71,39.64,2.56,pjm.com,false,
2024-09-23 05:00:00,USA,PJM,US-MIDA-PJM,309.76,381.74,40.19,2.23,pjm.com,false,
2024-09-23 06:00:00,USA,PJM,US-MIDA-PJM,300.95,372.14,41.21,2.36,pjm.com,false,
2024-09-23 07:00:00,USA,PJM,US-MIDA-PJM,297.29,368.23,41.55,2.27,pjm.com,false,
2024-09-23 08:00:00,USA,PJM,US-MIDA-PJM,297.91,369.29,41.21,2.06,pjm.com,false,
2024-09-23 09:00:00,USA,PJM,US-MIDA-PJM,306.0,378.47,40.0,1.86,pjm.com,false,
2024-09-23 10:00:00,USA,PJM,US-MIDA-PJM,313.09,386.66,38.93,1.98,pjm.com,false,
2024-09-23 11:00:00,USA,PJM,US-MIDA-PJM,325.34,400.2,37.37,2.1,pjm.com,false,
2024-09-23 12:00:00,USA,PJM,US-MIDA-PJM,320.72,394.7,38.41,3.63,pjm.com,false,
2024-09-23 13:00:00,USA,PJM,US-MIDA-PJM,310.12,383.24,39.78,5.51,pjm.com,false,
2024-09-23 14:00:00,USA,PJM,US-MIDA-PJM,311.35,385.22,40.02,6.09,pjm.com,false,
2024-09-23 15:00:00,USA,PJM,US-MIDA-PJM,314.33,388.81,39.63,6.19,pjm.com,false,
2024-09-23 16:00:00,USA,PJM,US-MIDA-PJM,318.93,393.79,39.07,6.13,pjm.com,false,
2024-09-23 17:00:00,USA,PJM,US-MIDA-PJM,318.38,393.37,39.0,6.36,pjm.com,false,
2024-09-23 18:00:00,USA,PJM,US-MIDA-PJM,317.38,392.26,39.2,6.9,pjm.com,false,
2024-09-23 19:00:00,USA,PJM,US-MIDA-PJM,319.24,394.55,38.77,6.56,pjm.com,false,
2024-09-23 20:00:00,USA,PJM,US-MIDA-PJM,319.93,395.52,38.48,6.59,pjm.com,false,
2024-09-23 21:00:00,USA,PJM,US-MIDA-PJM,320.72,396.63,38.12,6.29,pjm.com,false,
2024-09-23 22:00:00,USA,PJM,US-MIDA-PJM,326.53,403.03,37.27,5.3,pjm.com,false,
2024-09-23 23:00:00,USA,PJM,US-MIDA-PJM,333.64,411.27,36.04,4.28,pjm.com,false,
2024-09-24 00:00:00,USA,PJM,US-MIDA-PJM,333.52,410.89,36.2,3.98,pjm.com,false,
2024-09-24 01:00:00,USA,PJM,US-MIDA-PJM,335.36,412.15,36.43,3.1,pjm.com,false,
2024-09-24 02:00:00,USA,PJM,US-MIDA-PJM,334.09,409.81,37.19,1.74,pjm.com,false,
2024-09-24 03:00:00,USA,PJM,US-MIDA-PJM,328.88,403.36,37.9,1.3,pjm.com,false,
2024-09-24 04:00:00,USA,PJM,US-MIDA-PJM,315.59,387.78,39.67,1.47,pjm.com,false,
2024-09-24 05:00:00,USA,PJM,US-MIDA-PJM,307.59,379.18,40.54,1.3,pjm.com,false,
2024-09-24 06:00:00,USA,PJM,US-MIDA-PJM,302.62,373.5,41.31,1.2,pjm.com,false,
2024-09-24 07:00:00,USA,PJM,US-MIDA-PJM,299.81,370.33,41.73,1.33,pjm.com,false,
2024-09-24 08:00:00,USA,PJM,US-MIDA-PJM,298.52,368.91,41.9,1.48,pjm.com,false,
2024-09-24 09:00:00,USA,PJM,US-MIDA-PJM,298.69,369.79,41.36,1.65,pjm.com,false,
2024-09-24 10:00:00,USA,PJM,US-MIDA-PJM,301.11,373.92,39.97,2.04,pjm.com,false,
2024-09-24 11:00:00,USA,PJM,US-MIDA-PJM,314.46,389.3,37.82,1.76,pjm.com,false,
2024-09-24 12:00:00,USA,PJM,US-MIDA-PJM,317.6,392.96,37.41,2.09,pjm.com,false,
2024-09-24 13:00:00,USA,PJM,US-MIDA-PJM,319.65,394.76,37.52,2.73,pjm.com,false,
2024-09-24 14:00:00,USA,PJM,US-MIDA-PJM,320.42,395.48,38.18,3.62,pjm.com,false,
2024-09-24 15:00:00,USA,PJM,US-MIDA-PJM,323.5,399.14,38.19,4.33,pjm.com,false,
2024-09-24 16:00:00,USA,PJM,US-MIDA-PJM,321.13,396.52,38.29,4.97,pjm.com,false,
2024-09-24 17:00:00,USA,PJM,US-MIDA-PJM,314.82,390.07,38.89,6.03,pjm.com,false,
2024-09-24 18:00:00,USA,PJM,US-MIDA-PJM,310.34,384.97,39.57,6.76,pjm.com,false,
2024-09-24 19:00:00,USA,PJM,US-MIDA-PJM,304.21,378.34,40.29,7.35,pjm.com,false,
2024-09-24 20:00:00,USA,PJM,US-MIDA-PJM,305.19,379.39,40.17,7.49,pjm.com,false,
2024-09-24 21:00:00,USA,PJM,US-MIDA-PJM,305.76,379.88,40.14,7.51,pjm.com,false,
2024-09-24 22:00:00,USA,PJM,US-MIDA-PJM,310.03,384.83,39.39,6.96,pjm.com,false,
2024-09-24 23:00:00,USA,PJM,US-MIDA-PJM,314.94,390.42,38.6,6.23,pjm.com,false,
2024-09-25 00:00:00,USA,PJM,US-MIDA-PJM,320.35,396.36,37.86,5.34,pjm.com,false,
2024-09-25 01:00:00,USA,PJM,US-MIDA-PJM,323.03,399.27,37.4,3.51,pjm.com,false,
2024-09-25 02:00:00,USA,PJM,US-MIDA-PJM,321.92,397.12,38.22,2.79,pjm.com,false,
2024-09-25 03:00:00,USA,PJM,US-MIDA-PJM,316.03,389.66,39.49,2.59,pjm.com,false,
2024-09-25 04:00:00,USA,PJM,US-MIDA-PJM,304.4,375.86,40.83,2.3,pjm.com,false,
2024-09-25 05:00:00,USA,PJM,US-MIDA-PJM,294.74,364.87,42.31,2.21,pjm.com,false,
2024-09-25 06:00:00,USA,PJM,US-MIDA-PJM,289.97,359.65,42.91,2.34,pjm.com,false,
2024-09-25 07:00:00,USA,PJM,US-MIDA-PJM,287.8,357.66,42.88,2.1,pjm.com,false,
2024-09-25 08:00:00,USA,PJM,US-MIDA-PJM,288.5,358.71,42.57,1.93,pjm.com,false,
2024-09-25 09:00:00,USA,PJM,US-MIDA-PJM,290.85,361.68,42.0,1.92,pjm.com,false,
2024-09-25 10:00:00,USA,PJM,US-MIDA-PJM,296.78,369.41,40.37,2.08,pjm.com,false,
2024-09-25 11:00:00,USA,PJM,US-MIDA-PJM,303.06,377.11,39.05,2.53,pjm.com,false,
2024-09-25 12:00:00,USA,PJM,US-MIDA-PJM,309.68,384.62,38.11,2.47,pjm.com,false,
2024-09-25 13:00:00,USA,PJM,US-MIDA-PJM,311.75,386.6,38.19,2.96,pjm.com,false,
2024-09-25 14:00:00,USA,PJM,US-MIDA-PJM,310.5,385.38,38.73,3.9,pjm.com,false,
2024-09-25 15:00:00,USA,PJM,US-MIDA-PJM,309.19,384.13,39.04,4.58,pjm.com,false,
2024-09-25 16:00:00,USA,PJM,US-MIDA-PJM,306.67,381.26,39.25,5.34,pjm.com,false,
2024-09-25 17:00:00,USA,PJM,US-MIDA-PJM,309.15,384.14,38.85,5.53,pjm.com,false,
2024-09-25 18:00:00,USA,PJM,US-MIDA-PJM,308.86,383.41,39.63,6.63,pjm.com,false,
2024-09-25 19:00:00,USA,PJM,US-MIDA-PJM,313.24,388.41,39.14,6.43,pjm.com,false,
2024-09-25 20:00:00,USA,PJM,US-MIDA-PJM,315.27,390.39,39.22,6.64,pjm.com,false,
2024-09-25 21:00:00,USA,PJM,US-MIDA-PJM,321.24,397.75,37.94,5.67,pjm.com,false,
2024-09-25 22:00:00,USA,PJM,US-MIDA-PJM,324.62,401.75,37.28,4.86,pjm.com,false,
2024-09-25 23:00:00,USA,PJM,US-MIDA-PJM,328.69,406.42,36.64,4.45,pjm.com,false,
2024-09-26 00:00:00,USA,PJM,US-MIDA-PJM,327.18,404.66,36.89,4.29,pjm.com,false,
2024-09-26 01:00:00,USA,PJM,US-MIDA-PJM,329.74,407.14,36.71,3.11,pjm.com,false,
2024-09-26 02:00:00,USA,PJM,US-MIDA-PJM,329.51,405.47,37.09,1.66,pjm.com,false,
2024-09-26 03:00:00,USA,PJM,US-MIDA-PJM,322.8,397.09,38.48,1.53,pjm.com,false,
2024-09-26 04:00:00,USA,PJM,US-MIDA-PJM,312.24,384.52,39.86,1.61,pjm.com,false,
2024-09-26 05:00:00,USA,PJM,US-MIDA-PJM,301.77,373.14,41.1,1.71,pjm.com,false,
2024-09-26 06:00:00,USA,PJM,US-MIDA-PJM,296.52,367.52,41.64,1.75,pjm.com,false,
2024-09-26 07:00:00,USA,PJM,US-MIDA-PJM,293.83,364.6,41.95,1.55,pjm.com,false,
2024-09-26 08:00:00,USA,PJM,US-MIDA-PJM,294.52,365.66,41.64,1.34,pjm.com,false,
2024-09-26 09:00:00,USA,PJM,US-MIDA-PJM,295.85,367.38,41.27,1.2,pjm.com,false,
2024-09-26 10:00:00,USA,PJM,US-MIDA-PJM,303.0,376.92,39.1,1.42,pjm.com,false,
2024-09-26 11:00:00,USA,PJM,US-MIDA-PJM,310.69,385.85,37.81,1.83,pjm.com,false,
2024-09-26 12:00:00,USA,PJM,US-MIDA-PJM,311.12,386.28,37.87,2.77,pjm.com,false,
2024-09-26 13:00:00,USA,PJM,US-MIDA-PJM,308.69,383.76,38.2,3.76,pjm.com,false,
2024-09-26 14:00:00,USA,PJM,US-MIDA-PJM,311.98,387.86,37.83,4.07,pjm.com,false,
2024-09-26 15:00:00,USA,PJM,US-MIDA-PJM,312.72,388.46,38.06,4.89,pjm.com,false,
2024-09-26 16:00:00,USA,PJM,US-MIDA-PJM,313.43,389.53,38.1,5.45,pjm.com,false,
2024-09-26 17:00:00,USA,PJM,US-MIDA-PJM,316.41,393.38,37.66,5.72,pjm.com,false,
2024-09-26 18:00:00,USA,PJM,US-MIDA-PJM,322.42,400.43,36.73,5.45,pjm.com,false,
2024-09-26 19:00:00,USA,PJM,US-MIDA-PJM,321.47,399.14,37.11,5.94,pjm.com,false,
2024-09-26 20:00:00,USA,PJM,US-MIDA-PJM,322.07,399.59,37.18,6.14,pjm.com,false,
2024-09-26 21:00:00,USA,PJM,US-MIDA-PJM,321.95,399.48,37.08,6.17,pjm.com,false,
2024-09-26 22:00:00,USA,PJM,US-MIDA-PJM,317.99,395.28,37.28,6.23,pjm.com,false,
2024-09-26 23:00:00,USA,PJM,US-MIDA-PJM,316.67,394.15,37.38,6.72,pjm.com,false,
2024-09-27 00:00:00,USA,PJM,US-MIDA-PJM,312.03,388.15,38.53,7.66,pjm.com,false,
2024-09-27 01:00:00,USA,PJM,US-MIDA-PJM,312.82,388.63,38.68,6.98,pjm.com,false,
2024-09-27 02:00:00,USA,PJM,US-MIDA-PJM,313.11,387.63,39.54,6.29,pjm.com,false,
2024-09-27 03:00:00,USA,PJM,US-MIDA-PJM,309.02,382.08,40.23,5.91,pjm.com,false,
2024-09-27 04:00:00,USA,PJM,US-MIDA-PJM,302.99,374.51,40.94,5.65,pjm.com,false,
2024-09-27 05:00:00,USA,PJM,US-MIDA-PJM,299.86,370.57,41.66,5.42,pjm.com,false,
2024-09-27 06:00:00,USA,PJM,US-MIDA-PJM,292.27,362.07,42.72,5.54,pjm.com,false,
2024-09-27 07:00:00,USA,PJM,US-MIDA-PJM,286.7,356.15,43.25,6.03,pjm.com,false,
2024-09-27 08:00:00,USA,PJM,US-MIDA-PJM,282.89,351.62,43.96,6.86,pjm.com,false,
2024-09-27 09:00:00,USA,PJM,US-MIDA-PJM,283.58,352.52,43.76,7.3,pjm.com,false,
2024-09-27 10:00:00,USA,PJM,US-MIDA-PJM,285.45,355.07,43.16,7.9,pjm.com,false,
2024-09-27 11:00:00,USA,PJM,US-MIDA-PJM,290.63,361.41,42.08,8.5,pjm.com,false,
2024-09-27 12:00:00,USA,PJM,US-MIDA-PJM,294.74,365.58,41.85,9.14,pjm.com,false,
2024-09-27 13:00:00,USA,PJM,US-MIDA-PJM,296.2,367.25,41.69,9.75,pjm.com,false,
2024-09-27 14:00:00,USA,PJM,US-MIDA-PJM,299.68,371.2,41.69,10.34,pjm.com,false,
2024-09-27 15:00:00,USA,PJM,US-MIDA-PJM,301.73,373.89,41.83,10.69,pjm.com,false,
2024-09-27 16:00:00,USA,PJM,US-MIDA-PJM,299.54,371.23,41.97,11.14,pjm.com,false,
2024-09-27 17:00:00,USA,PJM,US-MIDA-PJM,296.12,367.28,42.5,11.82,pjm.com,false,
2024-09-27 18:00:00,USA,PJM,US-MIDA-PJM,297.07,368.35,42.51,11.66,pjm.com,false,
2024-09-27 19:00:00,USA,PJM,US-MIDA-PJM,294.46,365.44,42.76,11.72,pjm.com,false,
2024-09-27 20:00:00,USA,PJM,US-MIDA-PJM,290.52,361.27,43.5,12.56,pjm.com,false,
2024-09-27 21:00:00,USA,PJM,US-MIDA-PJM,289.38,360.14,43.72,13.07,pjm.com,false,
2024-09-27 22:00:00,USA,PJM,US-MIDA-PJM,290.98,362.07,43.38,12.72,pjm.com,false,
2024-09-27 23:00:00,USA,PJM,US-MIDA-PJM,291.47,362.51,43.34,12.63,pjm.com,false,
2024-09-28 00:00:00,USA,PJM,US-MIDA-PJM,295.84,367.33,42.65,11.36,pjm.com,false,
2024-09-28 01:00:00,USA,PJM,US-MIDA-PJM,298.68,369.94,42.62,10.36,pjm.com,false,
2024-09-28 02:00:00,USA,PJM,US-MIDA-PJM,301.83,372.71,42.67,9.57,pjm.com,false,
2024-09-28 03:00:00,USA,PJM,US-MIDA-PJM,295.94,365.49,43.57,9.48,pjm.com,false,
2024-09-28 04:00:00,USA,PJM,US-MIDA-PJM,286.86,354.08,45.49,9.7,pjm.com,false,
2024-09-28 05:00:00,USA,PJM,US-MIDA-PJM,278.95,344.99,46.22,9.35,pjm.com,false,
2024-09-28 06:00:00,USA,PJM,US-MIDA-PJM,275.51,341.19,46.6,8.85,pjm.com,false,
2024-09-28 07:00:00,USA,PJM,US-MIDA-PJM,273.13,338.65,46.84,8.46,pjm.com,false,
2024-09-28 08:00:00,USA,PJM,US-MIDA-PJM,272.97,338.84,46.58,8.03,pjm.com,false,
2024-09-28 09:00:00,USA,PJM,US-MIDA-PJM,274.58,341.08,46.03,7.82,pjm.com,false,
2024-09-28 10:00:00,USA,PJM,US-MIDA-PJM,277.17,344.76,45.09,7.26,pjm.com,false,
2024-09-28 11:00:00,USA,PJM,US-MIDA-PJM,281.33,349.87,44.19,6.59,pjm.com,false,
2024-09-28 12:00:00,USA,PJM,US-MIDA-PJM,281.38,350.47,43.97,7.56,pjm.com,false,
2024-09-28 13:00:00,USA,PJM,US-MIDA-PJM,275.11,343.69,44.9,9.58,pjm.com,false,
2024-09-28 14:00:00,USA,PJM,US-MIDA-PJM,275.97,345.0,44.79,10.69,pjm.com,false,
2024-09-28 15:00:00,USA,PJM,US-MIDA-PJM,277.98,347.47,44.58,11.15,pjm.com,false,
2024-09-28 16:00:00,USA,PJM,US-MIDA-PJM,282.26,352.41,44.11,11.59,pjm.com,false,
2024-09-28 17:00:00,USA,PJM,US-MIDA-PJM,290.19,361.15,43.27,11.12,pjm.com,false,
2024-09-28 18:00:00,USA,PJM,US-MIDA-PJM,291.65,362.53,43.37,11.37,pjm.com,false,
2024-09-28 19:00:00,USA,PJM,US-MIDA-PJM,288.65,359.01,44.17,12.51,pjm.com,false,
2024-09-28 20:00:00,USA,PJM,US-MIDA-PJM,286.08,355.79,44.9,13.33,pjm.com,false,
2024-09-28 21:00:00,USA,PJM,US-MIDA-PJM,293.22,364.25,43.5,12.12,pjm.com,false,
2024-09-28 22:00:00,USA,PJM,US-MIDA-PJM,302.71,374.92,41.97,10.08,pjm.com,false,
2024-09-28 23:00:00,USA,PJM,US-MIDA-PJM,308.7,382.13,40.77,9.11,pjm.com,false,
2024-09-29 00:00:00,USA,PJM,US-MIDA-PJM,310.13,383.76,40.42,7.77,pjm.com,false,
2024-09-29 01:00:00,USA,PJM,US-MIDA-PJM,310.29,383.78,40.42,6.44,pjm.com,false,
2024-09-29 02:00:00,USA,PJM,US-MIDA-PJM,313.16,387.03,39.94,5.05,pjm.com,false,
2024-09-29 03:00:00,USA,PJM,US-MIDA-PJM,308.12,380.57,40.95,4.58,pjm.com,false,
2024-09-29 04:00:00,USA,PJM,US-MIDA-PJM,292.93,362.84,42.67,4.3,pjm.com,false,
2024-09-29 05:00:00,USA,PJM,US-MIDA-PJM,287.36,356.62,43.4,4.04,pjm.com,false,
2024-09-29 06:00:00,USA,PJM,US-MIDA-PJM,287.02,356.61,43.19,3.45,pjm.com,false,
2024-09-29 07:00:00,USA,PJM,US-MIDA-PJM,283.66,352.31,44.06,3.33,pjm.com,false,
2024-09-29 08:00:00,USA,PJM,US-MIDA-PJM,276.49,344.3,45.02,3.55,pjm.com,false,
2024-09-29 09:00:00,USA,PJM,US-MIDA-PJM,275.47,343.11,45.17,3.77,pjm.com,false,
2024-09-29 10:00:00,USA,PJM,US-MIDA-PJM,275.72,343.44,45.13,4.06,pjm.com,false,
2024-09-29 11:00:00,USA,PJM,US-MIDA-PJM,276.85,345.13,44.68,4.35,pjm.com,false,
2024-09-29 12:00:00,USA,PJM,US-MIDA-PJM,277.69,346.44,44.37,5.35,pjm.com,false,
2024-09-29 13:00:00,USA,PJM,US-MIDA-PJM,279.3,348.02,44.47,6.41,pjm.com,false,
2024-09-29 14:00:00,USA,PJM,US-MIDA-PJM,275.04,343.15,45.26,8.27,pjm.com,false,
2024-09-29 15:00:00,USA,PJM,US-MIDA-PJM,277.4,346.05,44.8,8.79,pjm.com,false,
2024-09-29 16:00:00,USA,PJM,US-MIDA-PJM,277.35,346.07,44.77,9.6,pjm.com,false,
2024-09-29 17:00:00,USA,PJM,US-MIDA-PJM,283.46,353.04,44.43,9.53,pjm.com,false,
2024-09-29 18:00:00,USA,PJM,US-MIDA-PJM,288.93,359.86,43.78,9.29,pjm.com,false,
2024-09-29 19:00:00,USA,PJM,US-MIDA-PJM,286.7,357.24,43.76,9.68,pjm.com,false,
2024-09-29 20:00:00,USA,PJM,US-MIDA-PJM,283.26,353.13,44.38,10.62,pjm.com,false,
2024-09-29 21:00:00,USA,PJM,US-MIDA-PJM,289.93,361.24,43.03,9.7,pjm.com,false,
2024-09-29 22:00:00,USA,PJM,US-MIDA-PJM,298.46,370.93,41.89,8.75,pjm.com,false,
2024-09-29 23:00:00,USA,PJM,US-MIDA-PJM,305.18,378.65,40.84,7.94,pjm.com,false,
2024-09-30 00:00:00,USA,PJM,US-MIDA-PJM,304.36,377.65,41.06,7.72,pjm.com,false,
2024-09-30 01:00:00,USA,PJM,US-MIDA-PJM,301.18,373.98,41.35,7.08,pjm.com,false,
2024-09-30 02:00:00,USA,PJM,US-MIDA-PJM,303.05,375.41,41.59,5.79,pjm.com,false,
2024-09-30 03:00:00,USA,PJM,US-MIDA-PJM,299.27,369.81,42.22,4.72,pjm.com,false,
2024-09-30 04:00:00,USA,PJM,US-MIDA-PJM,291.29,360.44,43.3,4.39,pjm.com,false,
2024-09-30 05:00:00,USA,PJM,US-MIDA-PJM,288.93,357.78,43.63,3.74,pjm.com,false,
2024-09-30 06:00:00,USA,PJM,US-MIDA-PJM,287.68,356.21,43.93,3.29,pjm.com,false,
2024-09-30 07:00:00,USA,PJM,US-MIDA-PJM,286.21,354.58,44.11,2.77,pjm.com,false,
2024-09-30 08:00:00,USA,PJM,US-MIDA-PJM,288.34,357.29,43.57,2.35,pjm.com,false,
2024-09-30 09:00:00,USA,PJM,US-MIDA-PJM,291.84,361.7,42.76,2.3,pjm.com,false,
2024-09-30 10:00:00,USA,PJM,US-MIDA-PJM,299.73,371.72,40.82,2.47,pjm.com,false,
2024-09-30 11:00:00,USA,PJM,US-MIDA-PJM,305.97,378.97,39.89,3.48,pjm.com,false,
2024-09-30 12:00:00,USA,PJM,US-MIDA-PJM,311.89,385.4,39.3,4.19,pjm.com,false,
2024-09-30 13:00:00,USA,PJM,US-MIDA-PJM,317.01,390.82,38.91,4.47,pjm.com,false,
2024-09-30 14:00:00,USA,PJM,US-MIDA-PJM,323.59,399.28,38.0,4.11,pjm.com,false,
2024-09-30 15:00:00,USA,PJM,US-MIDA-PJM,324.36,401.02,37.89,4.37,pjm.com,false,
2024-09-30 16:00:00,USA,PJM,US-MIDA-PJM,320.57,396.76,38.42,5.14,pjm.com,false,
2024-09-30 17:00:00,USA,PJM,US-MIDA-PJM,319.88,396.13,38.41,5.62,pjm.com,false,
2024-09-30 18:00:00,USA,PJM,US-MIDA-PJM,321.96,398.73,37.9,5.4,pjm.com,false,
2024-09-30 19:00:00,USA,PJM,US-MIDA-PJM,322.19,399.19,37.73,5.62,pjm.com,false,
2024-09-30 20:00:00,USA,PJM,US-MIDA-PJM,321.82,398.96,37.62,5.68,pjm.com,false,
2024-09-30 21:00:00,USA,PJM,US-MIDA-PJM,324.75,402.3,37.07,5.17,pjm.com,false,
2024-09-30 22:00:00,USA,PJM,US-MIDA-PJM,328.39,406.21,36.65,4.9,pjm.com,false,
2024-09-30 23:00:00,USA,PJM,US-MIDA-PJM,332.12,410.48,36.14,4.6,pjm.com,false,
2024-10-01 00:00:00,USA,PJM,US-MIDA-PJM,331.32,409.19,36.52,4.48,pjm.com,false,
2024-10-01 01:00:00,USA,PJM,US-MIDA-PJM,331.2,408.61,36.77,3.71,pjm.com,false,
2024-10-01 02:00:00,USA,PJM,US-MIDA-PJM,331.72,408.25,37.29,2.39,pjm.com,false,
2024-10-01 03:00:00,USA,PJM,US-MIDA-PJM,321.98,396.1,39.13,2.23,pjm.com,false,
2024-10-01 04:00:00,USA,PJM,US-MIDA-PJM,308.85,379.92,41.13,2.4,pjm.com,false,
2024-10-01 05:00:00,USA,PJM,US-MIDA-PJM,299.17,368.58,42.81,2.62,pjm.com,false,
2024-10-01 06:00:00,USA,PJM,US-MIDA-PJM,292.92,361.61,43.66,2.7,pjm.com,false,
2024-10-01 07:00:00,USA,PJM,US-MIDA-PJM,285.5,353.33,44.64,2.8,pjm.com,false,
2024-10-01 08:00:00,USA,PJM,US-MIDA-PJM,280.35,347.77,45.17,3.25,pjm.com,false,
2024-10-01 09:00:00,USA,PJM,US-MIDA-PJM,280.42,348.21,44.88,4.03,pjm.com,false,
2024-10-01 10:00:00,USA,PJM,US-MIDA-PJM,288.02,357.66,43.14,4.85,pjm.com,false,
2024-10-01 11:00:00,USA,PJM,US-MIDA-PJM,291.99,362.33,42.51,6.18,pjm.com,false,
2024-10-01 12:00:00,USA,PJM,US-MIDA-PJM,296.58,367.29,42.02,6.41,pjm.com,false,
2024-10-01 13:00:00,USA,PJM,US-MIDA-PJM,300.92,371.82,41.72,6.78,pjm.com,false,
2024-10-01 14:00:00,USA,PJM,US-MIDA-PJM,303.19,374.62,41.9,7.52,pjm.com,false,
2024-10-01 15:00:00,USA,PJM,US-MIDA-PJM,304.73,376.66,42.36,8.48,pjm.com,false,
2024-10-01 16:00:00,USA,PJM,US-MIDA-PJM,302.66,374.75,42.38,8.98,pjm.com,false,
2024-10-01 17:00:00,USA,PJM,US-MIDA-PJM,302.11,374.59,42.2,9.2,pjm.com,false,
2024-10-01 18:00:00,USA,PJM,US-MIDA-PJM,301.0,373.64,42.16,9.39,pjm.com,false,
2024-10-01 19:00:00,USA,PJM,US-MIDA-PJM,303.87,376.87,41.67,9.18,pjm.com,false,
2024-10-01 20:00:00,USA,PJM,US-MIDA-PJM,302.95,375.8,41.72,9.36,pjm.com,false,
2024-10-01 21:00:00,USA,PJM,US-MIDA-PJM,302.5,375.74,41.49,9.07,pjm.com,false,
2024-10-01 22:00:00,USA,PJM,US-MIDA-PJM,309.08,383.29,40.41,8.07,pjm.com,false,
2024-10-01 23:00:00,USA,PJM,US-MIDA-PJM,318.4,393.81,39.05,6.76,pjm.com,false,
2024-10-02 00:00:00,USA,PJM,US-MIDA-PJM,318.91,393.82,39.29,6.57,pjm.com,false,
2024-10-02 01:00:00,USA,PJM,US-MIDA-PJM,319.16,393.65,39.55,5.65,pjm.com,false,
2024-10-02 02:00:00,USA,PJM,US-MIDA-PJM,315.8,388.6,40.68,4.44,pjm.com,false,
2024-10-02 03:00:00,USA,PJM,US-MIDA-PJM,305.49,376.54,41.59,3.9,pjm.com,false,
2024-10-02 04:00:00,USA,PJM,US-MIDA-PJM,296.86,366.21,42.92,3.29,pjm.com,false,
2024-10-02 05:00:00,USA,PJM,US-MIDA-PJM,292.23,360.73,43.79,2.98,pjm.com,false,
2024-10-02 06:00:00,USA,PJM,US-MIDA-PJM,290.06,358.59,43.84,2.45,pjm.com,false,
2024-10-02 07:00:00,USA,PJM,US-MIDA-PJM,289.86,358.06,44.09,2.0,pjm.com,false,
2024-10-02 08:00:00,USA,PJM,US-MIDA-PJM,290.49,358.83,43.95,1.71,pjm.com,false,
2024-10-02 09:00:00,USA,PJM,US-MIDA-PJM,293.32,362.75,42.99,1.61,pjm.com,false,
2024-10-02 10:00:00,USA,PJM,US-MIDA-PJM,297.46,368.62,41.55,2.19,pjm.com,false,
2024-10-02 11:00:00,USA,PJM,US-MIDA-PJM,304.48,376.9,40.31,2.6,pjm.com,false,
2024-10-02 12:00:00,USA,PJM,US-MIDA-PJM,304.24,376.57,40.55,3.74,pjm.com,false,
2024-10-02 13:00:00,USA,PJM,US-MIDA-PJM,295.97,366.68,42.41,5.6,pjm.com,false,
2024-10-02 14:00:00,USA,PJM,US-MIDA-PJM,297.97,369.51,42.34,6.06,pjm.com,false,
2024-10-02 15:00:00,USA,PJM,US-MIDA-PJM,299.13,371.3,41.9,6.2,pjm.com,false,
2024-10-02 16:00:00,USA,PJM,US-MIDA-PJM,298.87,370.9,41.91,6.66,pjm.com,false,
2024-10-02 17:00:00,USA,PJM,US-MIDA-PJM,299.84,371.77,41.93,6.95,pjm.com,false,
2024-10-02 18:00:00,USA,PJM,US-MIDA-PJM,298.76,370.79,41.99,7.44,pjm.com,false,
2024-10-02 19:00:00,USA,PJM,US-MIDA-PJM,296.08,368.14,42.04,7.98,pjm.com,false,
2024-10-02 20:00:00,USA,PJM,US-MIDA-PJM,296.47,368.47,42.13,8.4,pjm.com,false,
2024-10-02 21:00:00,USA,PJM,US-MIDA-PJM,299.04,372.0,41.2,7.62,pjm.com,false,
2024-10-02 22:00:00,USA,PJM,US-MIDA-PJM,315.9,391.03,38.51,5.28,pjm.com,false,
2024-10-02 23:00:00,USA,PJM,US-MIDA-PJM,326.97,403.29,36.98,4.01,pjm.com,false,
2024-10-03 00:00:00,USA,PJM,US-MIDA-PJM,324.76,400.86,37.22,3.73,pjm.com,false,
2024-10-03 01:00:00,USA,PJM,US-MIDA-PJM,315.96,390.02,39.0,4.18,pjm.com,false,
2024-10-03 02:00:00,USA,PJM,US-MIDA-PJM,305.88,377.54,41.2,4.42,pjm.com,false,
2024-10-03 03:00:00,USA,PJM,US-MIDA-PJM,295.48,365.2,42.92,4.99,pjm.com,false,
2024-10-03 04:00:00,USA,PJM,US-MIDA-PJM,288.08,356.03,44.42,5.28,pjm.com,false,
2024-10-03 05:00:00,USA,PJM,US-MIDA-PJM,283.08,350.12,45.29,5.31,pjm.com,false,
2024-10-03 06:00:00,USA,PJM,US-MIDA-PJM,279.86,347.24,45.18,4.71,pjm.com,false,
2024-10-03 07:00:00,USA,PJM,US-MIDA-PJM,278.68,345.86,45.4,4.32,pjm.com,false,
2024-10-03 08:00:00,USA,PJM,US-MIDA-PJM,280.22,347.86,44.96,3.72,pjm.com,false,
2024-10-03 09:00:00,USA,PJM,US-MIDA-PJM,285.36,354.41,43.67,3.44,pjm.com,false,
2024-10-03 10:00:00,USA,PJM,US-MIDA-PJM,293.6,364.63,41.84,3.42,pjm.com,false,
2024-10-03 11:00:00,USA,PJM,US-MIDA-PJM,302.18,374.88,40.26,3.61,pjm.com,false,
2024-10-03 12:00:00,USA,PJM,US-MIDA-PJM,303.61,376.06,40.56,4.72,pjm.com,false,
2024-10-03 13:00:00,USA,PJM,US-MIDA-PJM,292.55,362.93,43.01,7.5,pjm.com,false,
2024-10-03 14:00:00,USA,PJM,US-MIDA-PJM,296.83,368.48,42.33,7.66,pjm.com,false,
2024-10-03 15:00:00,USA,PJM,US-MIDA-PJM,300.77,373.22,41.59,7.58,pjm.com,false,
2024-10-03 16:00:00,USA,PJM,US-MIDA-PJM,304.29,377.42,40.87,7.45,pjm.com,false,
2024-10-03 17:00:00,USA,PJM,US-MIDA-PJM,306.11,379.52,40.52,7.47,pjm.com,false,
2024-10-03 18:00:00,USA,PJM,US-MIDA-PJM,309.89,383.64,40.22,7.91,pjm.com,false,
2024-10-03 19:00:00,USA,PJM,US-MIDA-PJM,307.46,381.51,40.2,8.09,pjm.com,false,
2024-10-03 20:00:00,USA,PJM,US-MIDA-PJM,310.39,385.46,39.31,8.01,pjm.com,false,
2024-10-03 21:00:00,USA,PJM,US-MIDA-PJM,317.03,393.41,37.96,6.96,pjm.com,false,
2024-10-03 22:00:00,USA,PJM,US-MIDA-PJM,337.18,416.58,34.95,3.95,pjm.com,false,
2024-10-03 23:00:00,USA,PJM,US-MIDA-PJM,344.91,425.17,34.38,3.19,pjm.com,false,
2024-10-04 00:00:00,USA,PJM,US-MIDA-PJM,347.82,427.52,34.45,2.99,pjm.com,false,
2024-10-04 01:00:00,USA,PJM,US-MIDA-PJM,342.54,420.3,35.7,3.1,pjm.com,false,
2024-10-04 02:00:00,USA,PJM,US-MIDA-PJM,336.97,412.58,36.97,2.66,pjm.com,false,
2024-10-04 03:00:00,USA,PJM,US-MIDA-PJM,325.29,398.31,39.1,2.5,pjm.com,false,
2024-10-04 04:00:00,USA,PJM,US-MIDA-PJM,310.38,381.35,41.1,2.46,pjm.com,false,
2024-10-04 05:00:00,USA,PJM,US-MIDA-PJM,300.94,370.68,42.44,2.25,pjm.com,false,
2024-10-04 06:00:00,USA,PJM,US-MIDA-PJM,293.71,362.58,43.41,2.61,pjm.com,false,
2024-10-04 07:00:00,USA,PJM,US-MIDA-PJM,291.38,359.9,43.79,2.62,pjm.com,false,
2024-10-04 08:00:00,USA,PJM,US-MIDA-PJM,290.79,359.18,43.93,2.71,pjm.com,false,
2024-10-04 09:00:00,USA,PJM,US-MIDA-PJM,293.79,362.7,43.41,2.85,pjm.com,false,
2024-10-04 10:00:00,USA,PJM,US-MIDA-PJM,297.23,367.45,42.32,3.5,pjm.com,false,
2024-10-04 11:00:00,USA,PJM,US-MIDA-PJM,300.9,372.02,41.48,4.29,pjm.com,false,
2024-10-04 12:00:00,USA,PJM,US-MIDA-PJM,291.21,361.03,43.1,6.79,pjm.com,false,
2024-10-04 13:00:00,USA,PJM,US-MIDA-PJM,281.36,349.16,45.38,9.6,pjm.com,false,
2024-10-04 14:00:00,USA,PJM,US-MIDA-PJM,284.85,353.26,44.92,10.27,pjm.com,false,
2024-10-04 15:00:00,USA,PJM,US-MIDA-PJM,290.63,360.25,43.77,9.83,pjm.com,false,
2024-10-04 16:00:00,USA,PJM,US-MIDA-PJM,295.2,365.94,42.87,9.52,pjm.com,false,
2024-10-04 17:00:00,USA,PJM,US-MIDA-PJM,306.25,378.82,41.21,8.6,pjm.com,false,
2024-10-04 18:00:00,USA,PJM,US-MIDA-PJM,311.29,384.88,40.19,7.66,pjm.com,false,
2024-10-04 19:00:00,USA,PJM,US-MIDA-PJM,315.87,390.25,39.37,7.16,pjm.com,false,
2024-10-04 20:00:00,USA,PJM,US-MIDA-PJM,311.1,384.75,39.9,7.89,pjm.com,false,
2024-10-04 21:00:00,USA,PJM,US-MIDA-PJM,316.75,390.93,39.25,7.26,pjm.com,false,
2024-10-04 22:00:00,USA,PJM,US-MIDA-PJM,324.59,399.95,37.9,5.68,pjm.com,false,
2024-10-04 23:00:00,USA,PJM,US-MIDA-PJM,323.05,398.1,37.99,5.58,pjm.com,false,
2024-10-05 00:00:00,USA,PJM,US-MIDA-PJM,313.59,386.66,39.76,6.78,pjm.com,false,
2024-10-05 01:00:00,USA,PJM,US-MIDA-PJM,308.37,379.79,41.08,6.87,pjm.com,false,
2024-10-05 02:00:00,USA,PJM,US-MIDA-PJM,305.97,375.65,42.29,6.21,pjm.com,false,
2024-10-05 03:00:00,USA,PJM,US-MIDA-PJM,306.09,375.06,42.8,5.49,pjm.com,false,
2024-10-05 04:00:00,USA,PJM,US-MIDA-PJM,303.95,371.01,44.33,5.3,pjm.com,false,
2024-10-05 05:00:00,USA,PJM,US-MIDA-PJM,297.23,362.71,45.86,5.43,pjm.com,false,
2024-10-05 06:00:00,USA,PJM,US-MIDA-PJM,287.58,351.88,47.19,5.68,pjm.com,false,
2024-10-05 07:00:00,USA,PJM,US-MIDA-PJM,278.57,341.48,48.62,6.52,pjm.com,false,
2024-10-05 08:00:00,USA,PJM,US-MIDA-PJM,270.76,332.54,49.83,7.04,pjm.com,false,
2024-10-05 09:00:00,USA,PJM,US-MIDA-PJM,270.84,332.83,49.68,7.13,pjm.com,false,
2024-10-05 10:00:00,USA,PJM,US-MIDA-PJM,276.57,339.66,48.59,7.11,pjm.com,false,
2024-10-05 11:00:00,USA,PJM,US-MIDA-PJM,279.4,342.95,48.14,7.08,pjm.com,false,
2024-10-05 12:00:00,USA,PJM,US-MIDA-PJM,275.28,338.31,48.95,8.87,pjm.com,false,
2024-10-05 13:00:00,USA,PJM,US-MIDA-PJM,266.35,328.34,50.56,11.58,pjm.com,false,
2024-10-05 14:00:00,USA,PJM,US-MIDA-PJM,265.27,327.35,50.7,12.25,pjm.com,false,
2024-10-05 15:00:00,USA,PJM,US-MIDA-PJM,262.28,323.77,51.36,13.01,pjm.com,false,
2024-10-05 16:00:00,USA,PJM,US-MIDA-PJM,261.91,323.59,51.23,13.52,pjm.com,false,
2024-10-05 17:00:00,USA,PJM,US-MIDA-PJM,266.27,329.04,50.26,13.81,pjm.com,false,
2024-10-05 18:00:00,USA,PJM,US-MIDA-PJM,269.26,333.17,49.39,13.93,pjm.com,false,
2024-10-05 19:00:00,USA,PJM,US-MIDA-PJM,272.07,336.79,48.66,14.08,pjm.com,false,
2024-10-05 20:00:00,USA,PJM,US-MIDA-PJM,275.64,341.05,47.94,14.11,pjm.com,false,
2024-10-05 21:00:00,USA,PJM,US-MIDA-PJM,286.32,353.19,46.14,12.73,pjm.com,false,
2024-10-05 22:00:00,USA,PJM,US-MIDA-PJM,307.12,376.24,43.06,9.26,pjm.com,false,
2024-10-05 23:00:00,USA,PJM,US-MIDA-PJM,307.51,376.76,42.86,8.54,pjm.com,false,
2024-10-06 00:00:00,USA,PJM,US-MIDA-PJM,303.64,372.1,43.57,8.96,pjm.com,false,
2024-10-06 01:00:00,USA,PJM,US-MIDA-PJM,301.07,367.71,44.82,9.09,pjm.com,false,
2024-10-06 02:00:00,USA,PJM,US-MIDA-PJM,293.82,358.49,46.62,9.55,pjm.com,false,
2024-10-06 03:00:00,USA,PJM,US-MIDA-PJM,283.57,346.19,48.65,10.06,pjm.com,false,
2024-10-06 04:00:00,USA,PJM,US-MIDA-PJM,273.25,333.95,50.61,10.53,pjm.com,false,
2024-10-06 05:00:00,USA,PJM,US-MIDA-PJM,266.54,325.76,52.06,10.93,pjm.com,false,
2024-10-06 06:00:00,USA,PJM,US-MIDA-PJM,259.03,317.26,53.15,11.18,pjm.com,false,
2024-10-06 07:00:00,USA,PJM,US-MIDA-PJM,256.96,314.99,53.34,10.73,pjm.com,false,
2024-10-06 08:00:00,USA,PJM,US-MIDA-PJM,252.29,309.8,53.9,10.53,pjm.com,false,
2024-10-06 09:00:00,USA,PJM,US-MIDA-PJM,254.35,312.52,53.32,9.71,pjm.com,false,
2024-10-06 10:00:00,USA,PJM,US-MIDA-PJM,257.39,316.4,52.56,9.0,pjm.com,false,
2024-10-06 11:00:00,USA,PJM,US-MIDA-PJM,263.71,324.16,51.23,8.35,pjm.com,false,
2024-10-06 12:00:00,USA,PJM,US-MIDA-PJM,260.63,321.11,51.66,9.96,pjm.com,false,
2024-10-06 13:00:00,USA,PJM,US-MIDA-PJM,252.12,311.48,53.34,12.68,pjm.com,false,
2024-10-06 14:00:00,USA,PJM,US-MIDA-PJM,254.05,313.91,53.03,13.68,pjm.com,false,
2024-10-06 15:00:00,USA,PJM,US-MIDA-PJM,253.07,313.19,53.02,14.43,pjm.com,false,
2024-10-06 16:00:00,USA,PJM,US-MIDA-PJM,252.1,312.21,53.08,15.41,pjm.com,false,
2024-10-06 17:00:00,USA,PJM,US-MIDA-PJM,251.69,311.74,53.12,16.54,pjm.com,false,
2024-10-06 18:00:00,USA,PJM,US-MIDA-PJM,255.0,315.92,52.41,16.91,pjm.com,false,
2024-10-06 19:00:00,USA,PJM,US-MIDA-PJM,258.99,320.39,51.78,17.19,pjm.com,false,
2024-10-06 20:00:00,USA,PJM,US-MIDA-PJM,266.21,329.36,50.07,16.92,pjm.com,false,
2024-10-06 21:00:00,USA,PJM,US-MIDA-PJM,286.3,352.17,47.06,14.55,pjm.com,false,
2024-10-06 22:00:00,USA,PJM,US-MIDA-PJM,310.81,380.09,43.86,11.1,pjm.com,false,
2024-10-06 23:00:00,USA,PJM,US-MIDA-PJM,319.53,390.09,42.64,9.7,pjm.com,false,
2024-10-07 00:00:00,USA,PJM,US-MIDA-PJM,315.83,385.11,43.03,9.37,pjm.com,false,
2024-10-07 01:00:00,USA,PJM,US-MIDA-PJM,310.62,377.89,44.38,9.18,pjm.com,false,
2024-10-07 02:00:00,USA,PJM,US-MIDA-PJM,309.71,375.26,45.33,8.29,pjm.com,false,
2024-10-07 03:00:00,USA,PJM,US-MIDA-PJM,304.66,368.47,46.62,7.87,pjm.com,false,
2024-10-07 04:00:00,USA,PJM,US-MIDA-PJM,290.43,353.34,48.07,7.34,pjm.com,false,
2024-10-07 05:00:00,USA,PJM,US-MIDA-PJM,281.89,344.7,48.62,6.63,pjm.com,false,
2024-10-07 06:00:00,USA,PJM,US-MIDA-PJM,277.33,339.84,49.09,6.47,pjm.com,false,
2024-10-07 07:00:00,USA,PJM,US-MIDA-PJM,274.59,337.04,49.29,6.44,pjm.com,false,
2024-10-07 08:00:00,USA,PJM,US-MIDA-PJM,274.3,337.22,48.96,6.32,pjm.com,false,
2024-10-07 09:00:00,USA,PJM,US-MIDA-PJM,283.67,347.9,47.55,5.8,pjm.com,false,
2024-10-07 10:00:00,USA,PJM,US-MIDA-PJM,293.38,360.56,44.91,5.25,pjm.com,false,
2024-10-07 11:00:00,USA,PJM,US-MIDA-PJM,300.87,370.67,42.78,5.44,pjm.com,false,
2024-10-07 12:00:00,USA,PJM,US-MIDA-PJM,300.56,370.76,42.73,6.84,pjm.com,false,
2024-10-07 13:00:00,USA,PJM,US-MIDA-PJM,296.05,365.4,43.98,8.96,pjm.com,false,
2024-10-07 14:00:00,USA,PJM,US-MIDA-PJM,296.99,366.03,44.3,9.61,pjm.com,false,
2024-10-07 15:00:00,USA,PJM,US-MIDA-PJM,295.29,364.32,44.4,9.86,pjm.com,false,
2024-10-07 16:00:00,USA,PJM,US-MIDA-PJM,296.82,366.19,44.04,9.85,pjm.com,false,
2024-10-07 17:00:00,USA,PJM,US-MIDA-PJM,299.84,369.67,43.81,9.78,pjm.com,false,
2024-10-07 18:00:00,USA,PJM,US-MIDA-PJM,298.82,369.14,43.82,10.2,pjm.com,false,
2024-10-07 19:00:00,USA,PJM,US-MIDA-PJM,299.19,369.1,43.99,10.6,pjm.com,false,
2024-10-07 20:00:00,USA,PJM,US-MIDA-PJM,302.06,371.91,43.86,10.53,pjm.com,false,
2024-10-07 21:00:00,USA,PJM,US-MIDA-PJM,310.65,382.03,42.1,8.81,pjm.com,false,
2024-10-07 22:00:00,USA,PJM,US-MIDA-PJM,327.81,401.52,39.23,5.77,pjm.com,false,
2024-10-07 23:00:00,USA,PJM,US-MIDA-PJM,335.17,409.71,38.16,4.82,pjm.com,false,
2024-10-08 00:00:00,USA,PJM,US-MIDA-PJM,334.1,407.77,38.75,4.97,pjm.com,false,
2024-10-08 01:00:00,USA,PJM,US-MIDA-PJM,333.12,405.33,39.64,4.41,pjm.com,false,
2024-10-08 02:00:00,USA,PJM,US-MIDA-PJM,332.34,402.05,41.18,3.91,pjm.com,false,
2024-10-08 03:00:00,USA,PJM,US-MIDA-PJM,320.93,388.51,43.16,3.74,pjm.com,false,
2024-10-08 04:00:00,USA,PJM,US-MIDA-PJM,302.55,368.81,45.02,3.28,pjm.com,false,
2024-10-08 05:00:00,USA,PJM,US-MIDA-PJM,293.07,358.84,45.84,2.55,pjm.com,false,
2024-10-08 06:00:00,USA,PJM,US-MIDA-PJM,290.68,356.43,45.96,2.29,pjm.com,false,
2024-10-08 07:00:00,USA,PJM,US-MIDA-PJM,287.65,352.87,46.48,2.1,pjm.com,false,
2024-10-08 08:00:00,USA,PJM,US-MIDA-PJM,286.05,351.32,46.5,1.98,pjm.com,false,
2024-10-08 09:00:00,USA,PJM,US-MIDA-PJM,291.61,357.73,45.6,1.96,pjm.com,false,
2024-10-08 10:00:00,USA,PJM,US-MIDA-PJM,304.53,373.47,42.91,2.38,pjm.com,false,
2024-10-08 11:00:00,USA,PJM,US-MIDA-PJM,315.67,386.32,41.28,2.94,pjm.com,false,
2024-10-08 12:00:00,USA,PJM,US-MIDA-PJM,307.43,376.42,43.14,5.29,pjm.com,false,
2024-10-08 13:00:00,USA,PJM,US-MIDA-PJM,287.91,353.13,47.27,9.51,pjm.com,false,
2024-10-08 14:00:00,USA,PJM,US-MIDA-PJM,284.24,349.25,47.72,10.41,pjm.com,false,
2024-10-08 15:00:00,USA,PJM,US-MIDA-PJM,281.68,347.08,47.55,10.33,pjm.com,false,
2024-10-08 16:00:00,USA,PJM,US-MIDA-PJM,281.45,347.08,47.38,10.29,pjm.com,false,
2024-10-08 17:00:00,USA,PJM,US-MIDA-PJM,283.73,349.77,46.91,10.21,pjm.com,false,
2024-10-08 18:00:00,USA,PJM,US-MIDA-PJM,285.53,351.91,46.58,10.48,pjm.com,false,
2024-10-08 19:00:00,USA,PJM,US-MIDA-PJM,284.12,350.28,46.82,11.14,pjm.com,false,
2024-10-08 20:00:00,USA,PJM,US-MIDA-PJM,285.52,352.31,46.27,11.24,pjm.com,false,
2024-10-08 21:00:00,USA,PJM,US-MIDA-PJM,295.02,363.82,44.46,9.45,pjm.com,false,
2024-10-08 22:00:00,USA,PJM,US-MIDA-PJM,317.6,389.29,40.99,5.93,pjm.com,false,
2024-10-08 23:00:00,USA,PJM,US-MIDA-PJM,329.09,401.92,39.35,4.78,pjm.com,false,
2024-10-09 00:00:00,USA,PJM,US-MIDA-PJM,330.01,402.55,39.49,4.59,pjm.com,false,
2024-10-09 01:00:00,USA,PJM,US-MIDA-PJM,328.11,398.86,40.66,4.35,pjm.com,false,
2024-10-09 02:00:00,USA,PJM,US-MIDA-PJM,325.32,394.85,41.43,3.35,pjm.com,false,
2024-10-09 03:00:00,USA,PJM,US-MIDA-PJM,315.19,383.39,42.92,2.97,pjm.com,false,
2024-10-09 04:00:00,USA,PJM,US-MIDA-PJM,302.79,369.58,44.57,2.87,pjm.com,false,
2024-10-09 05:00:00,USA,PJM,US-MIDA-PJM,291.83,356.84,46.39,3.17,pjm.com,false,
2024-10-09 06:00:00,USA,PJM,US-MIDA-PJM,286.81,351.26,47.05,3.57,pjm.com,false,
2024-10-09 07:00:00,USA,PJM,US-MIDA-PJM,284.61,348.76,47.42,3.63,pjm.com,false,
2024-10-09 08:00:00,USA,PJM,US-MIDA-PJM,285.16,349.43,47.34,3.5,pjm.com,false,
2024-10-09 09:00:00,USA,PJM,US-MIDA-PJM,289.44,355.18,46.04,3.34,pjm.com,false,
2024-10-09 10:00:00,USA,PJM,US-MIDA-PJM,295.42,362.85,44.59,4.21,pjm.com,false,
2024-10-09 11:00:00,USA,PJM,US-MIDA-PJM,306.49,375.81,42.76,4.74,pjm.com,false,
2024-10-09 12:00:00,USA,PJM,US-MIDA-PJM,301.94,370.73,43.63,6.51,pjm.com,false,
2024-10-09 13:00:00,USA,PJM,US-MIDA-PJM,285.56,351.75,46.76,9.71,pjm.com,false,
2024-10-09 14:00:00,USA,PJM,US-MIDA-PJM,281.02,347.22,47.28,10.5,pjm.com,false,
2024-10-09 15:00:00,USA,PJM,US-MIDA-PJM,282.56,348.84,47.21,10.62,pjm.com,false,
2024-10-09 16:00:00,USA,PJM,US-MIDA-PJM,281.91,347.77,47.39,10.7,pjm.com,false,
2024-10-09 17:00:00,USA,PJM,US-MIDA-PJM,289.55,356.36,46.31,10.36,pjm.com,false,
2024-10-09 18:00:00,USA,PJM,US-MIDA-PJM,288.59,355.71,46.29,10.46,pjm.com,false,
2024-10-09 19:00:00,USA,PJM,US-MIDA-PJM,292.27,359.65,45.93,10.6,pjm.com,false,
2024-10-09 20:00:00,USA,PJM,US-MIDA-PJM,296.31,363.92,45.41,10.32,pjm.com,false,
2024-10-09 21:00:00,USA,PJM,US-MIDA-PJM,309.15,378.72,43.19,8.32,pjm.com,false,
2024-10-09 22:00:00,USA,PJM,US-MIDA-PJM,324.9,397.13,40.17,5.5,pjm.com,false,
2024-10-09 23:00:00,USA,PJM,US-MIDA-PJM,329.86,402.67,39.45,4.96,pjm.com,false,
2024-10-10 00:00:00,USA,PJM,US-MIDA-PJM,325.17,396.8,40.4,5.38,pjm.com,false,
2024-10-10 01:00:00,USA,PJM,US-MIDA-PJM,322.96,393.03,41.55,5.39,pjm.com,false,
2024-10-10 02:00:00,USA,PJM,US-MIDA-PJM,316.71,384.67,43.12,5.39,pjm.com,false,
2024-10-10 03:00:00,USA,PJM,US-MIDA-PJM,302.45,368.47,45.16,5.48,pjm.com,false,
2024-10-10 04:00:00,USA,PJM,US-MIDA-PJM,287.09,351.33,47.23,5.63,pjm.com,false,
2024-10-10 05:00:00,USA,PJM,US-MIDA-PJM,280.99,344.75,47.91,5.58,pjm.com,false,
2024-10-10 06:00:00,USA,PJM,US-MIDA-PJM,277.54,340.47,48.7,5.68,pjm.com,false,
2024-10-10 07:00:00,USA,PJM,US-MIDA-PJM,278.09,341.28,48.5,5.46,pjm.com,false,
2024-10-10 08:00:00,USA,PJM,US-MIDA-PJM,277.9,341.22,48.39,5.29,pjm.com,false,
2024-10-10 09:00:00,USA,PJM,US-MIDA-PJM,282.1,346.91,47.09,5.08,pjm.com,false,
2024-10-10 10:00:00,USA,PJM,US-MIDA-PJM,296.57,364.69,44.46,5.87,pjm.com,false,
2024-10-10 11:00:00,USA,PJM,US-MIDA-PJM,305.05,374.68,43.15,6.8,pjm.com,false,
2024-10-10 12:00:00,USA,PJM,US-MIDA-PJM,308.35,377.82,43.14,7.7,pjm.com,false,
2024-10-10 13:00:00,USA,PJM,US-MIDA-PJM,300.14,367.75,45.07,9.26,pjm.com,false,
2024-10-10 14:00:00,USA,PJM,US-MIDA-PJM,297.18,364.81,45.54,9.76,pjm.com,false,
2024-10-10 15:00:00,USA,PJM,US-MIDA-PJM,291.66,358.62,46.35,10.42,pjm.com,false,
2024-10-10 16:00:00,USA,PJM,US-MIDA-PJM,290.12,357.17,46.33,10.44,pjm.com,false,
2024-10-10 17:00:00,USA,PJM,US-MIDA-PJM,291.18,358.37,46.19,10.44,pjm.com,false,
2024-10-10 18:00:00,USA,PJM,US-MIDA-PJM,287.24,354.27,46.51,10.76,pjm.com,false,
2024-10-10 19:00:00,USA,PJM,US-MIDA-PJM,287.61,354.86,46.3,10.86,pjm.com,false,
2024-10-10 20:00:00,USA,PJM,US-MIDA-PJM,290.8,358.66,45.66,10.66,pjm.com,false,
2024-10-10 21:00:00,USA,PJM,US-MIDA-PJM,302.3,372.7,43.39,8.56,pjm.com,false,
2024-10-10 22:00:00,USA,PJM,US-MIDA-PJM,323.58,397.21,39.79,5.19,pjm.com,false,
2024-10-10 23:00:00,USA,PJM,US-MIDA-PJM,332.62,407.31,38.6,4.52,pjm.com,false,
2024-10-11 00:00:00,USA,PJM,US-MIDA-PJM,334.69,409.18,38.63,4.23,pjm.com,false,
2024-10-11 01:00:00,USA,PJM,US-MIDA-PJM,331.37,404.24,39.64,3.99,pjm.com,false,
2024-10-11 02:00:00,USA,PJM,US-MIDA-PJM,321.89,392.04,41.35,3.67,pjm.com,false,
2024-10-11 03:00:00,USA,PJM,US-MIDA-PJM,308.84,377.25,43.12,4.03,pjm.com,false,
2024-10-11 04:00:00,USA,PJM,US-MIDA-PJM,303.13,370.71,44.03,4.09,pjm.com,false,
2024-10-11 05:00:00,USA,PJM,US-MIDA-PJM,296.23,362.83,45.08,4.28,pjm.com,false,
2024-10-11 06:00:00,USA,PJM,US-MIDA-PJM,294.37,360.94,45.18,4.24,pjm.com,false,
2024-10-11 07:00:00,USA,PJM,US-MIDA-PJM,291.28,357.54,45.58,4.36,pjm.com,false,
2024-10-11 08:00:00,USA,PJM,US-MIDA-PJM,288.23,354.0,46.09,4.78,pjm.com,false,
2024-10-11 09:00:00,USA,PJM,US-MIDA-PJM,292.31,358.36,45.67,5.22,pjm.com,false,
2024-10-11 10:00:00,USA,PJM,US-MIDA-PJM,296.63,364.16,44.92,6.49,pjm.com,false,
2024-10-11 11:00:00,USA,PJM,US-MIDA-PJM,305.29,374.49,43.37,7.11,pjm.com,false,
2024-10-11 12:00:00,USA,PJM,US-MIDA-PJM,303.62,372.02,44.27,9.05,pjm.com,false,
2024-10-11 13:00:00,USA,PJM,US-MIDA-PJM,288.54,354.19,47.56,11.96,pjm.com,false,
2024-10-11 14:00:00,USA,PJM,US-MIDA-PJM,284.5,350.16,47.94,12.03,pjm.com,false,
2024-10-11 15:00:00,USA,PJM,US-MIDA-PJM,289.68,356.11,47.41,11.56,pjm.com,false,
2024-10-11 16:00:00,USA,PJM,US-MIDA-PJM,283.67,349.05,48.17,12.38,pjm.com,false,
2024-10-11 17:00:00,USA,PJM,US-MIDA-PJM,280.02,344.73,48.77,13.06,pjm.com,false,
2024-10-11 18:00:00,USA,PJM,US-MIDA-PJM,278.85,343.28,48.91,13.37,pjm.com,false,
2024-10-11 19:00:00,USA,PJM,US-MIDA-PJM,279.17,343.91,48.81,13.66,pjm.com,false,
2024-10-11 20:00:00,USA,PJM,US-MIDA-PJM,284.16,350.19,47.94,13.21,pjm.com,false,
2024-10-11 21:00:00,USA,PJM,US-MIDA-PJM,293.86,361.85,45.85,11.18,pjm.com,false,
2024-10-11 22:00:00,USA,PJM,US-MIDA-PJM,312.64,383.2,42.84,8.0,pjm.com,false,
2024-10-11 23:00:00,USA,PJM,US-MIDA-PJM,313.87,384.65,42.49,7.62,pjm.com,false,
2024-10-12 00:00:00,USA,PJM,US-MIDA-PJM,303.82,372.91,43.92,8.37,pjm.com,false,
2024-10-12 01:00:00,USA,PJM,US-MIDA-PJM,291.62,358.31,46.01,9.42,pjm.com,false,
2024-10-12 02:00:00,USA,PJM,US-MIDA-PJM,284.05,348.7,47.68,9.82,pjm.com,false,
2024-10-12 03:00:00,USA,PJM,US-MIDA-PJM,279.12,342.15,49.02,10.31,pjm.com,false,
2024-10-12 04:00:00,USA,PJM,US-MIDA-PJM,271.2,331.99,50.62,10.51,pjm.com,false,
2024-10-12 05:00:00,USA,PJM,US-MIDA-PJM,271.87,332.48,50.74,9.78,pjm.com,false,
2024-10-12 06:00:00,USA,PJM,US-MIDA-PJM,272.25,332.88,50.71,8.95,pjm.com,false,
2024-10-12 07:00:00,USA,PJM,US-MIDA-PJM,273.04,334.23,50.25,8.06,pjm.com,false,
2024-10-12 08:00:00,USA,PJM,US-MIDA-PJM,277.43,339.49,49.4,6.9,pjm.com,false,
2024-10-12 09:00:00,USA,PJM,US-MIDA-PJM,286.53,350.18,47.78,5.59,pjm.com,false,
2024-10-12 10:00:00,USA,PJM,US-MIDA-PJM,291.23,355.34,47.2,5.26,pjm.com,false,
2024-10-12 11:00:00,USA,PJM,US-MIDA-PJM,301.33,366.9,45.63,5.06,pjm.com,false,
2024-10-12 12:00:00,USA,PJM,US-MIDA-PJM,296.35,361.16,46.71,7.32,pjm.com,false,
2024-10-12 13:00:00,USA,PJM,US-MIDA-PJM,276.71,339.32,49.8,11.15,pjm.com,false,
2024-10-12 14:00:00,USA,PJM,US-MIDA-PJM,274.34,337.41,50.13,12.28,pjm.com,false,
2024-10-12 15:00:00,USA,PJM,US-MIDA-PJM,279.23,343.11,49.36,11.7,pjm.com,false,
2024-10-12 16:00:00,USA,PJM,US-MIDA-PJM,279.7,343.99,48.91,11.01,pjm.com,false,
2024-10-12 17:00:00,USA,PJM,US-MIDA-PJM,284.72,349.6,48.25,10.91,pjm.com,false,
2024-10-12 18:00:00,USA,PJM,US-MIDA-PJM,282.47,346.39,49.0,11.52,pjm.com,false,
2024-10-12 19:00:00,USA,PJM,US-MIDA-PJM,282.34,346.45,48.92,12.26,pjm.com,false,
2024-10-12 20:00:00,USA,PJM,US-MIDA-PJM,286.13,350.96,48.01,12.14,pjm.com,false,
2024-10-12 21:00:00,USA,PJM,US-MIDA-PJM,294.77,361.66,45.9,10.65,pjm.com,false,
2024-10-12 22:00:00,USA,PJM,US-MIDA-PJM,301.18,369.1,44.55,9.01,pjm.com,false,
2024-10-12 23:00:00,USA,PJM,US-MIDA-PJM,299.53,367.01,44.9,9.84,pjm.com,false,
2024-10-13 00:00:00,USA,PJM,US-MIDA-PJM,301.12,368.3,45.01,9.97,pjm.com,false,
2024-10-13 01:00:00,USA,PJM,US-MIDA-PJM,308.25,376.06,44.19,8.41,pjm.com,false,
2024-10-13 02:00:00,USA,PJM,US-MIDA-PJM,314.72,382.89,43.49,6.59,pjm.com,false,
2024-10-13 03:00:00,USA,PJM,US-MIDA-PJM,309.52,376.31,44.67,5.88,pjm.com,false,
2024-10-13 04:00:00,USA,PJM,US-MIDA-PJM,301.91,366.98,45.99,5.41,pjm.com,false,
2024-10-13 05:00:00,USA,PJM,US-MIDA-PJM,296.61,361.6,46.36,5.15,pjm.com,false,
2024-10-13 06:00:00,USA,PJM,US-MIDA-PJM,284.42,346.91,48.81,6.54,pjm.com,false,
2024-10-13 07:00:00,USA,PJM,US-MIDA-PJM,281.13,343.6,48.96,6.52,pjm.com,false,
2024-10-13 08:00:00,USA,PJM,US-MIDA-PJM,282.18,344.9,48.71,6.07,pjm.com,false,
2024-10-13 09:00:00,USA,PJM,US-MIDA-PJM,283.3,346.31,48.44,6.18,pjm.com,false,
2024-10-13 10:00:00,USA,PJM,US-MIDA-PJM,283.03,346.23,48.31,6.29,pjm.com,false,
2024-10-13 11:00:00,USA,PJM,US-MIDA-PJM,284.64,348.49,47.75,6.19,pjm.com,false,
2024-10-13 12:00:00,USA,PJM,US-MIDA-PJM,279.51,342.86,48.65,8.52,pjm.com,false,
2024-10-13 13:00:00,USA,PJM,US-MIDA-PJM,267.17,328.07,51.53,12.18,pjm.com,false,
2024-10-13 14:00:00,USA,PJM,US-MIDA-PJM,263.42,323.53,52.49,13.97,pjm.com,false,
2024-10-13 15:00:00,USA,PJM,US-MIDA-PJM,259.1,318.6,53.15,15.36,pjm.com,false,
2024-10-13 16:00:00,USA,PJM,US-MIDA-PJM,256.84,315.92,53.52,16.42,pjm.com,false,
2024-10-13 17:00:00,USA,PJM,US-MIDA-PJM,257.89,317.36,53.12,17.05,pjm.com,false,
2024-10-13 18:00:00,USA,PJM,US-MIDA-PJM,256.12,315.28,53.64,18.14,pjm.com,false,
2024-10-13 19:00:00,USA,PJM,US-MIDA-PJM,257.34,317.08,53.44,18.58,pjm.com,false,
2024-10-13 20:00:00,USA,PJM,US-MIDA-PJM,263.19,324.16,52.14,17.78,pjm.com,false,
2024-10-13 21:00:00,USA,PJM,US-MIDA-PJM,281.94,346.5,48.35,14.39,pjm.com,false,
2024-10-13 22:00:00,USA,PJM,US-MIDA-PJM,295.4,362.07,46.0,12.06,pjm.com,false,
2024-10-13 23:00:00,USA,PJM,US-MIDA-PJM,305.67,373.53,44.52,11.16,pjm.com,false,
2024-10-14 00:00:00,USA,PJM,US-MIDA-PJM,306.3,373.3,45.1,11.31,pjm.com,false,
2024-10-14 01:00:00,USA,PJM,US-MIDA-PJM,300.09,366.45,45.79,10.71,pjm.com,false,
2024-10-14 02:00:00,USA,PJM,US-MIDA-PJM,295.04,360.32,46.84,10.16,pjm.com,false,
2024-10-14 03:00:00,USA,PJM,US-MIDA-PJM,289.56,352.93,48.2,10.06,pjm.com,false,
2024-10-14 04:00:00,USA,PJM,US-MIDA-PJM,278.11,339.28,50.12,10.74,pjm.com,false,
2024-10-14 05:00:00,USA,PJM,US-MIDA-PJM,268.06,327.61,51.8,11.22,pjm.com,false,
2024-10-14 06:00:00,USA,PJM,US-MIDA-PJM,266.03,325.1,52.21,11.39,pjm.com,false,
2024-10-14 07:00:00,USA,PJM,US-MIDA-PJM,262.99,321.13,53.02,11.91,pjm.com,false,
2024-10-14 08:00:00,USA,PJM,US-MIDA-PJM,261.34,319.18,53.31,12.15,pjm.com,false,
2024-10-14 09:00:00,USA,PJM,US-MIDA-PJM,264.8,324.38,51.82,11.59,pjm.com,false,
2024-10-14 10:00:00,USA,PJM,US-MIDA-PJM,271.98,334.05,49.66,10.93,pjm.com,false,
2024-10-14 11:00:00,USA,PJM,US-MIDA-PJM,285.98,350.65,47.11,10.13,pjm.com,false,
2024-10-14 12:00:00,USA,PJM,US-MIDA-PJM,284.69,349.63,47.17,11.3,pjm.com,false,
2024-10-14 13:00:00,USA,PJM,US-MIDA-PJM,279.01,342.99,48.46,13.15,pjm.com,false,
2024-10-14 14:00:00,USA,PJM,US-MIDA-PJM,277.15,340.76,48.95,13.88,pjm.com,false,
2024-10-14 15:00:00,USA,PJM,US-MIDA-PJM,285.01,349.72,47.89,12.83,pjm.com,false,
2024-10-14 16:00:00,USA,PJM,US-MIDA-PJM,293.33,358.42,47.26,12.11,pjm.com,false,
2024-10-14 17:00:00,USA,PJM,US-MIDA-PJM,295.66,361.12,46.91,11.74,pjm.com,false,
2024-10-14 18:00:00,USA,PJM,US-MIDA-PJM,296.67,362.63,46.63,11.46,pjm.com,false,
2024-10-14 19:00:00,USA,PJM,US-MIDA-PJM,297.39,363.48,46.52,11.56,pjm.com,false,
2024-10-14 20:00:00,USA,PJM,US-MIDA-PJM,299.96,366.8,45.73,10.75,pjm.com,false,
2024-10-14 21:00:00,USA,PJM,US-MIDA-PJM,309.16,378.07,43.52,8.64,pjm.com,false,
2024-10-14 22:00:00,USA,PJM,US-MIDA-PJM,320.11,390.63,41.68,6.99,pjm.com,false,
2024-10-14 23:00:00,USA,PJM,US-MIDA-PJM,330.01,401.94,40.32,6.41,pjm.com,false,
2024-10-15 00:00:00,USA,PJM,US-MIDA-PJM,332.34,404.28,40.22,5.9,pjm.com,false,
2024-10-15 01:00:00,USA,PJM,US-MIDA-PJM,329.48,400.86,40.62,5.09,pjm.com,false,
2024-10-15 02:00:00,USA,PJM,US-MIDA-PJM,320.96,390.22,42.48,5.01,pjm.com,false,
2024-10-15 03:00:00,USA,PJM,US-MIDA-PJM,313.34,380.71,44.0,4.93,pjm.com,false,
2024-10-15 04:00:00,USA,PJM,US-MIDA-PJM,308.28,374.36,44.89,4.34,pjm.com,false,
2024-10-15 05:00:00,USA,PJM,US-MIDA-PJM,307.48,372.67,45.63,4.18,pjm.com,false,
2024-10-15 06:00:00,USA,PJM,US-MIDA-PJM,303.26,368.03,46.14,4.22,pjm.com,false,
2024-10-15 07:00:00,USA,PJM,US-MIDA-PJM,298.15,362.78,46.48,4.24,pjm.com,false,
2024-10-15 08:00:00,USA,PJM,US-MIDA-PJM,301.1,366.56,45.71,4.12,pjm.com,false,
2024-10-15 09:00:00,USA,PJM,US-MIDA-PJM,303.16,369.71,45.07,4.92,pjm.com,false,
2024-10-15 10:00:00,USA,PJM,US-MIDA-PJM,304.71,373.01,44.0,6.2,pjm.com,false,
2024-10-15 11:00:00,USA,PJM,US-MIDA-PJM,315.93,386.43,42.52,7.04,pjm.com,false,
2024-10-15 12:00:00,USA,PJM,US-MIDA-PJM,316.56,387.1,42.81,8.05,pjm.com,false,
2024-10-15 13:00:00,USA,PJM,US-MIDA-PJM,305.5,373.34,44.94,9.96,pjm.com,false,
2024-10-15 14:00:00,USA,PJM,US-MIDA-PJM,295.52,361.28,46.92,11.57,pjm.com,false,
2024-10-15 15:00:00,USA,PJM,US-MIDA-PJM,288.37,353.78,47.46,11.79,pjm.com,false,
2024-10-15 16:00:00,USA,PJM,US-MIDA-PJM,287.76,353.43,47.29,11.67,pjm.com,false,
2024-10-15 17:00:00,USA,PJM,US-MIDA-PJM,282.4,347.18,48.14,12.46,pjm.com,false,
2024-10-15 18:00:00,USA,PJM,US-MIDA-PJM,283.72,348.78,47.89,12.12,pjm.com,false,
2024-10-15 19:00:00,USA,PJM,US-MIDA-PJM,286.51,352.1,47.26,11.79,pjm.com,false,
2024-10-15 20:00:00,USA,PJM,US-MIDA-PJM,283.33,348.39,47.81,12.29,pjm.com,false,
2024-10-15 21:00:00,USA,PJM,US-MIDA-PJM,286.07,352.38,46.62,11.43,pjm.com,false,
2024-10-15 22:00:00,USA,PJM,US-MIDA-PJM,297.2,365.56,44.44,9.82,pjm.com,false,
2024-10-15 23:00:00,USA,PJM,US-MIDA-PJM,309.51,379.35,42.84,9.27,pjm.com,false,
2024-10-16 00:00:00,USA,PJM,US-MIDA-PJM,314.92,385.09,42.29,8.65,pjm.com,false,
2024-10-16 01:00:00,USA,PJM,US-MIDA-PJM,313.44,383.35,42.43,7.86,pjm.com,false,
2024-10-16 02:00:00,USA,PJM,US-MIDA-PJM,311.51,380.36,43.2,7.28,pjm.com,false,
2024-10-16 03:00:00,USA,PJM,US-MIDA-PJM,309.61,376.83,44.48,7.02,pjm.com,false,
2024-10-16 04:00:00,USA,PJM,US-MIDA-PJM,305.65,371.32,45.36,6.41,pjm.com,false,
2024-10-16 05:00:00,USA,PJM,US-MIDA-PJM,301.28,366.43,45.87,5.63,pjm.com,false,
2024-10-16 06:00:00,USA,PJM,US-MIDA-PJM,295.74,360.73,46.3,5.39,pjm.com,false,
2024-10-16 07:00:00,USA,PJM,US-MIDA-PJM,297.83,363.49,45.71,4.72,pjm.com,false,
2024-10-16 08:00:00,USA,PJM,US-MIDA-PJM,302.61,368.85,45.04,4.52,pjm.com,false,
2024-10-16 09:00:00,USA,PJM,US-MIDA-PJM,308.93,376.27,44.09,4.88,pjm.com,false,
2024-10-16 10:00:00,USA,PJM,US-MIDA-PJM,313.14,382.92,42.47,5.83,pjm.com,false,
2024-10-16 11:00:00,USA,PJM,US-MIDA-PJM,322.66,394.26,40.9,6.41,pjm.com,false,
2024-10-16 12:00:00,USA,PJM,US-MIDA-PJM,319.43,390.03,41.81,7.81,pjm.com,false,
2024-10-16 13:00:00,USA,PJM,US-MIDA-PJM,301.11,368.27,45.52,10.72,pjm.com,false,
2024-10-16 14:00:00,USA,PJM,US-MIDA-PJM,296.2,363.11,46.13,10.88,pjm.com,false,
2024-10-16 15:00:00,USA,PJM,US-MIDA-PJM,293.54,360.1,46.5,11.03,pjm.com,false,
2024-10-16 16:00:00,USA,PJM,US-MIDA-PJM,291.62,357.6,46.93,11.06,pjm.com,false,
2024-10-16 17:00:00,USA,PJM,US-MIDA-PJM,292.05,357.9,47.0,10.75,pjm.com,false,
2024-10-16 18:00:00,USA,PJM,US-MIDA-PJM,293.88,360.08,46.77,10.14,pjm.com,false,
2024-10-16 19:00:00,USA,PJM,US-MIDA-PJM,294.55,360.63,46.8,9.93,pjm.com,false,
2024-10-16 20:00:00,USA,PJM,US-MIDA-PJM,300.23,367.65,45.63,9.05,pjm.com,false,
2024-10-16 21:00:00,USA,PJM,US-MIDA-PJM,307.77,377.02,43.44,7.32,pjm.com,false,
2024-10-16 22:00:00,USA,PJM,US-MIDA-PJM,325.39,397.58,40.38,5.16,pjm.com,false,
2024-10-16 23:00:00,USA,PJM,US-MIDA-PJM,336.31,410.14,38.73,4.71,pjm.com,false,
2024-10-17 00:00:00,USA,PJM,US-MIDA-PJM,339.58,413.14,38.74,4.67,pjm.com,false,
2024-10-17 01:00:00,USA,PJM,US-MIDA-PJM,344.43,417.86,38.76,3.82,pjm.com,false,
2024-10-17 02:00:00,USA,PJM,US-MIDA-PJM,345.21,416.85,39.62,3.05,pjm.com,false,
2024-10-17 03:00:00,USA,PJM,US-MIDA-PJM,343.68,413.74,40.6,2.48,pjm.com,false,
2024-10-17 04:00:00,USA,PJM,US-MIDA-PJM,343.83,412.6,41.19,2.09,pjm.com,false,
2024-10-17 05:00:00,USA,PJM,US-MIDA-PJM,338.07,405.55,42.43,2.14,pjm.com,false,
2024-10-17 06:00:00,USA,PJM,US-MIDA-PJM,328.18,396.19,42.59,2.05,pjm.com,false,
2024-10-17 07:00:00,USA,PJM,US-MIDA-PJM,326.8,395.09,42.46,1.97,pjm.com,false,
2024-10-17 08:00:00,USA,PJM,US-MIDA-PJM,328.41,396.91,42.22,2.09,pjm.com,false,
2024-10-17 09:00:00,USA,PJM,US-MIDA-PJM,330.73,400.16,41.85,3.26,pjm.com,false,
2024-10-17 10:00:00,USA,PJM,US-MIDA-PJM,329.75,400.9,40.76,4.8,pjm.com,false,
2024-10-17 11:00:00,USA,PJM,US-MIDA-PJM,346.58,421.82,38.31,4.94,pjm.com,false,
2024-10-17 12:00:00,USA,PJM,US-MIDA-PJM,344.53,419.08,39.12,6.47,pjm.com,false,
2024-10-17 13:00:00,USA,PJM,US-MIDA-PJM,317.85,387.77,43.5,9.91,pjm.com,false,
2024-10-17 14:00:00,USA,PJM,US-MIDA-PJM,302.37,369.74,45.7,10.76,pjm.com,false,
2024-10-17 15:00:00,USA,PJM,US-MIDA-PJM,288.0,353.58,47.43,11.29,pjm.com,false,
2024-10-17 16:00:00,USA,PJM,US-MIDA-PJM,279.69,345.02,48.1,11.59,pjm.com,false,
2024-10-17 17:00:00,USA,PJM,US-MIDA-PJM,273.65,338.33,48.83,12.1,pjm.com,false,
2024-10-17 18:00:00,USA,PJM,US-MIDA-PJM,269.74,334.02,49.3,12.35,pjm.com,false,
2024-10-17 19:00:00,USA,PJM,US-MIDA-PJM,269.98,334.49,49.13,12.26,pjm.com,false,
2024-10-17 20:00:00,USA,PJM,US-MIDA-PJM,275.68,341.0,48.18,11.46,pjm.com,false,
2024-10-17 21:00:00,USA,PJM,US-MIDA-PJM,289.6,357.69,45.37,8.84,pjm.com,false,
2024-10-17 22:00:00,USA,PJM,US-MIDA-PJM,308.62,379.98,41.86,6.0,pjm.com,false,
2024-10-17 23:00:00,USA,PJM,US-MIDA-PJM,317.89,390.01,40.75,6.39,pjm.com,false,
2024-10-18 00:00:00,USA,PJM,US-MIDA-PJM,315.5,386.55,41.59,7.06,pjm.com,false,
2024-10-18 01:00:00,USA,PJM,US-MIDA-PJM,320.49,390.83,41.89,6.69,pjm.com,false,
2024-10-18 02:00:00,USA,PJM,US-MIDA-PJM,315.61,383.86,43.43,6.55,pjm.com,false,
2024-10-18 03:00:00,USA,PJM,US-MIDA-PJM,302.24,368.14,45.33,6.82,pjm.com,false,
2024-10-18 04:00:00,USA,PJM,US-MIDA-PJM,296.74,361.76,46.25,6.88,pjm.com,false,
2024-10-18 05:00:00,USA,PJM,US-MIDA-PJM,297.14,362.07,46.3,6.57,pjm.com,false,
2024-10-18 06:00:00,USA,PJM,US-MIDA-PJM,297.33,362.23,46.33,6.23,pjm.com,false,
2024-10-18 07:00:00,USA,PJM,US-MIDA-PJM,297.84,362.91,46.17,6.01,pjm.com,false,
2024-10-18 08:00:00,USA,PJM,US-MIDA-PJM,299.84,365.36,45.7,5.89,pjm.com,false,
2024-10-18 09:00:00,USA,PJM,US-MIDA-PJM,309.0,377.04,44.07,5.64,pjm.com,false,
2024-10-18 10:00:00,USA,PJM,US-MIDA-PJM,319.78,390.83,41.96,6.13,pjm.com,false,
2024-10-18 11:00:00,USA,PJM,US-MIDA-PJM,329.24,401.96,40.4,6.32,pjm.com,false,
2024-10-18 12:00:00,USA,PJM,US-MIDA-PJM,327.58,400.0,40.83,7.45,pjm.com,false,
2024-10-18 13:00:00,USA,PJM,US-MIDA-PJM,303.7,372.59,44.7,10.43,pjm.com,false,
2024-10-18 14:00:00,USA,PJM,US-MIDA-PJM,288.9,356.64,46.4,11.23,pjm.com,false,
2024-10-18 15:00:00,USA,PJM,US-MIDA-PJM,278.7,344.97,47.83,11.76,pjm.com,false,
2024-10-18 16:00:00,USA,PJM,US-MIDA-PJM,271.88,336.72,49.07,12.8,pjm.com,false,
2024-10-18 17:00:00,USA,PJM,US-MIDA-PJM,274.27,339.47,48.55,12.24,pjm.com,false,
2024-10-18 18:00:00,USA,PJM,US-MIDA-PJM,274.99,340.31,48.41,11.97,pjm.com,false,
2024-10-18 19:00:00,USA,PJM,US-MIDA-PJM,276.6,342.33,48.12,11.85,pjm.com,false,
2024-10-18 20:00:00,USA,PJM,US-MIDA-PJM,281.68,349.0,47.24,11.19,pjm.com,false,
2024-10-18 21:00:00,USA,PJM,US-MIDA-PJM,294.33,364.34,44.37,8.51,pjm.com,false,
2024-10-18 22:00:00,USA,PJM,US-MIDA-PJM,314.2,387.32,40.8,5.02,pjm.com,false,
2024-10-18 23:00:00,USA,PJM,US-MIDA-PJM,318.97,392.54,40.19,4.37,pjm.com,false,
2024-10-19 00:00:00,USA,PJM,US-MIDA-PJM,316.25,388.88,40.83,4.55,pjm.com,false,
2024-10-19 01:00:00,USA,PJM,US-MIDA-PJM,313.29,384.23,41.86,4.91,pjm.com,false,
2024-10-19 02:00:00,USA,PJM,US-MIDA-PJM,317.2,387.23,42.28,4.55,pjm.com,false,
2024-10-19 03:00:00,USA,PJM,US-MIDA-PJM,304.7,372.52,43.85,4.63,pjm.com,false,
2024-10-19 04:00:00,USA,PJM,US-MIDA-PJM,294.82,361.29,45.33,4.52,pjm.com,false,
2024-10-19 05:00:00,USA,PJM,US-MIDA-PJM,289.13,355.69,45.55,4.17,pjm.com,false,
2024-10-19 06:00:00,USA,PJM,US-MIDA-PJM,286.35,352.88,45.73,3.84,pjm.com,false,
2024-10-19 07:00:00,USA,PJM,US-MIDA-PJM,288.79,355.5,45.49,3.54,pjm.com,false,
2024-10-19 08:00:00,USA,PJM,US-MIDA-PJM,288.38,355.47,45.22,3.28,pjm.com,false,
2024-10-19 09:00:00,USA,PJM,US-MIDA-PJM,293.94,362.3,44.42,3.07,pjm.com,false,
2024-10-19 10:00:00,USA,PJM,US-MIDA-PJM,294.14,363.48,43.88,3.29,pjm.com,false,
2024-10-19 11:00:00,USA,PJM,US-MIDA-PJM,300.79,370.93,42.97,3.75,pjm.com,false,
2024-10-19 12:00:00,USA,PJM,US-MIDA-PJM,301.17,370.64,43.41,5.3,pjm.com,false,
2024-10-19 13:00:00,USA,PJM,US-MIDA-PJM,282.06,348.73,47.0,9.2,pjm.com,false,
2024-10-19 14:00:00,USA,PJM,US-MIDA-PJM,268.06,333.28,48.9,10.65,pjm.com,false,
2024-10-19 15:00:00,USA,PJM,US-MIDA-PJM,265.28,330.7,48.96,10.45,pjm.com,false,
2024-10-19 16:00:00,USA,PJM,US-MIDA-PJM,262.76,327.88,49.28,10.32,pjm.com,false,
2024-10-19 17:00:00,USA,PJM,US-MIDA-PJM,261.35,325.86,49.79,10.44,pjm.com,false,
2024-10-19 18:00:00,USA,PJM,US-MIDA-PJM,260.82,325.38,49.74,10.62,pjm.com,false,
2024-10-19 19:00:00,USA,PJM,US-MIDA-PJM,262.93,328.3,49.16,10.81,pjm.com,false,
2024-10-19 20:00:00,USA,PJM,US-MIDA-PJM,270.26,337.09,48.06,10.09,pjm.com,false,
2024-10-19 21:00:00,USA,PJM,US-MIDA-PJM,286.68,356.76,44.45,6.28,pjm.com,false,
2024-10-19 22:00:00,USA,PJM,US-MIDA-PJM,302.96,375.54,41.85,4.07,pjm.com,false,
2024-10-19 23:00:00,USA,PJM,US-MIDA-PJM,308.7,381.99,41.07,3.67,pjm.com,false,
2024-10-20 00:00:00,USA,PJM,US-MIDA-PJM,307.84,380.54,41.41,3.92,pjm.com,false,
2024-10-20 01:00:00,USA,PJM,US-MIDA-PJM,298.66,369.68,42.76,4.25,pjm.com,false,
2024-10-20 02:00:00,USA,PJM,US-MIDA-PJM,293.75,363.87,43.09,3.8,pjm.com,false,
2024-10-20 03:00:00,USA,PJM,US-MIDA-PJM,284.9,353.19,44.49,4.16,pjm.com,false,
2024-10-20 04:00:00,USA,PJM,US-MIDA-PJM,275.93,342.36,46.3,4.98,pjm.com,false,
2024-10-20 05:00:00,USA,PJM,US-MIDA-PJM,268.48,333.15,47.99,5.41,pjm.com,false,
2024-10-20 06:00:00,USA,PJM,US-MIDA-PJM,265.1,329.07,48.66,5.72,pjm.com,false,
2024-10-20 07:00:00,USA,PJM,US-MIDA-PJM,263.53,326.87,49.21,5.88,pjm.com,false,
2024-10-20 08:00:00,USA,PJM,US-MIDA-PJM,262.79,325.96,49.37,6.28,pjm.com,false,
2024-10-20 09:00:00,USA,PJM,US-MIDA-PJM,264.35,327.8,49.08,6.38,pjm.com,false,
2024-10-20 10:00:00,USA,PJM,US-MIDA-PJM,272.7,337.49,47.91,5.92,pjm.com,false,
2024-10-20 11:00:00,USA,PJM,US-MIDA-PJM,278.14,344.43,46.61,5.57,pjm.com,false,
2024-10-20 12:00:00,USA,PJM,US-MIDA-PJM,278.43,344.8,46.67,6.95,pjm.com,false,
2024-10-20 13:00:00,USA,PJM,US-MIDA-PJM,256.39,319.11,50.97,11.54,pjm.com,false,
2024-10-20 14:00:00,USA,PJM,US-MIDA-PJM,249.13,310.84,52.34,12.54,pjm.com,false,
2024-10-20 15:00:00,USA,PJM,US-MIDA-PJM,250.41,312.64,51.91,12.04,pjm.com,false,
2024-10-20 16:00:00,USA,PJM,US-MIDA-PJM,249.03,310.86,52.26,12.29,pjm.com,false,
2024-10-20 17:00:00,USA,PJM,US-MIDA-PJM,250.79,312.76,52.03,12.49,pjm.com,false,
2024-10-20 18:00:00,USA,PJM,US-MIDA-PJM,251.79,314.31,51.56,12.61,pjm.com,false,
2024-10-20 19:00:00,USA,PJM,US-MIDA-PJM,252.14,315.13,51.19,12.93,pjm.com,false,
2024-10-20 20:00:00,USA,PJM,US-MIDA-PJM,263.12,328.41,49.34,11.97,pjm.com,false,
2024-10-20 21:00:00,USA,PJM,US-MIDA-PJM,280.6,349.36,45.78,9.19,pjm.com,false,
2024-10-20 22:00:00,USA,PJM,US-MIDA-PJM,303.35,375.76,42.1,6.13,pjm.com,false,
2024-10-20 23:00:00,USA,PJM,US-MIDA-PJM,306.21,378.9,41.57,6.67,pjm.com,false,
2024-10-21 00:00:00,USA,PJM,US-MIDA-PJM,296.32,367.29,43.19,7.82,pjm.com,false,
2024-10-21 01:00:00,USA,PJM,US-MIDA-PJM,286.65,355.29,45.26,9.04,pjm.com,false,
2024-10-21 02:00:00,USA,PJM,US-MIDA-PJM,274.48,340.58,47.22,9.63,pjm.com,false,
2024-10-21 03:00:00,USA,PJM,US-MIDA-PJM,267.25,331.68,48.39,9.67,pjm.com,false,
2024-10-21 04:00:00,USA,PJM,US-MIDA-PJM,260.52,323.49,49.57,9.55,pjm.com,false,
2024-10-21 05:00:00,USA,PJM,US-MIDA-PJM,257.29,319.54,50.27,9.25,pjm.com,false,
2024-10-21 06:00:00,USA,PJM,US-MIDA-PJM,257.82,320.23,50.13,8.86,pjm.com,false,
2024-10-21 07:00:00,USA,PJM,US-MIDA-PJM,262.02,325.37,49.23,8.05,pjm.com,false,
2024-10-21 08:00:00,USA,PJM,US-MIDA-PJM,267.53,332.22,47.96,7.54,pjm.com,false,
2024-10-21 09:00:00,USA,PJM,US-MIDA-PJM,275.26,341.79,46.22,6.96,pjm.com,false,
2024-10-21 10:00:00,USA,PJM,US-MIDA-PJM,288.18,357.35,44.12,7.28,pjm.com,false,
2024-10-21 11:00:00,USA,PJM,US-MIDA-PJM,305.25,377.16,41.46,6.74,pjm.com,false,
2024-10-21 12:00:00,USA,PJM,US-MIDA-PJM,303.6,375.27,41.92,7.82,pjm.com,false,
2024-10-21 13:00:00,USA,PJM,US-MIDA-PJM,291.01,360.54,44.42,10.06,pjm.com,false,
2024-10-21 14:00:00,USA,PJM,US-MIDA-PJM,287.88,357.09,45.05,10.56,pjm.com,false,
2024-10-21 15:00:00,USA,PJM,US-MIDA-PJM,290.28,359.76,44.99,10.1,pjm.com,false,
2024-10-21 16:00:00,USA,PJM,US-MIDA-PJM,290.98,361.14,44.9,9.88,pjm.com,false,
2024-10-21 17:00:00,USA,PJM,US-MIDA-PJM,292.29,362.59,44.68,10.08,pjm.com,false,
2024-10-21 18:00:00,USA,PJM,US-MIDA-PJM,286.41,356.03,45.15,10.64,pjm.com,false,
2024-10-21 19:00:00,USA,PJM,US-MIDA-PJM,284.31,354.57,44.71,10.9,pjm.com,false,
2024-10-21 20:00:00,USA,PJM,US-MIDA-PJM,281.97,353.08,44.14,11.01,pjm.com,false,
2024-10-21 21:00:00,USA,PJM,US-MIDA-PJM,294.34,367.93,41.43,8.85,pjm.com,false,
2024-10-21 22:00:00,USA,PJM,US-MIDA-PJM,312.07,388.32,38.54,6.06,pjm.com,false,
2024-10-21 23:00:00,USA,PJM,US-MIDA-PJM,316.79,393.6,37.97,6.33,pjm.com,false,
2024-10-22 00:00:00,USA,PJM,US-MIDA-PJM,314.04,389.12,39.36,7.12,pjm.com,false,
2024-10-22 01:00:00,USA,PJM,US-MIDA-PJM,311.17,385.2,40.25,6.69,pjm.com,false,
2024-10-22 02:00:00,USA,PJM,US-MIDA-PJM,301.11,372.49,42.21,6.64,pjm.com,false,
2024-10-22 03:00:00,USA,PJM,US-MIDA-PJM,288.55,357.38,43.89,6.97,pjm.com,false,
2024-10-22 04:00:00,USA,PJM,US-MIDA-PJM,280.98,348.17,45.42,7.18,pjm.com,false,
2024-10-22 05:00:00,USA,PJM,US-MIDA-PJM,274.79,340.83,46.58,7.09,pjm.com,false,
2024-10-22 06:00:00,USA,PJM,US-MIDA-PJM,270.03,335.47,47.28,7.15,pjm.com,false,
2024-10-22 07:00:00,USA,PJM,US-MIDA-PJM,271.61,337.13,47.14,6.98,pjm.com,false,
2024-10-22 08:00:00,USA,PJM,US-MIDA-PJM,271.69,337.27,47.09,7.25,pjm.com,false,
2024-10-22 09:00:00,USA,PJM,US-MIDA-PJM,275.07,341.33,46.44,7.19,pjm.com,false,
2024-10-22 10:00:00,USA,PJM,US-MIDA-PJM,280.56,348.41,45.17,8.42,pjm.com,false,
2024-10-22 11:00:00,USA,PJM,US-MIDA-PJM,292.27,362.13,43.56,8.82,pjm.com,false,
2024-10-22 12:00:00,USA,PJM,US-MIDA-PJM,290.42,359.76,44.16,10.13,pjm.com,false,
2024-10-22 13:00:00,USA,PJM,US-MIDA-PJM,279.18,346.07,46.75,13.06,pjm.com,false,
2024-10-22 14:00:00,USA,PJM,US-MIDA-PJM,274.14,340.5,47.59,13.93,pjm.com,false,
2024-10-22 15:00:00,USA,PJM,US-MIDA-PJM,272.76,339.5,47.44,14.16,pjm.com,false,
2024-10-22 16:00:00,USA,PJM,US-MIDA-PJM,273.56,340.58,47.49,14.57,pjm.com,false,
2024-10-22 17:00:00,USA,PJM,US-MIDA-PJM,275.41,342.87,47.07,14.52,pjm.com,false,
2024-10-22 18:00:00,USA,PJM,US-MIDA-PJM,273.85,341.05,47.19,14.83,pjm.com,false,
2024-10-22 19:00:00,USA,PJM,US-MIDA-PJM,276.15,343.7,46.75,14.9,pjm.com,false,
2024-10-22 20:00:00,USA,PJM,US-MIDA-PJM,277.17,345.03,46.48,15.07,pjm.com,false,
2024-10-22 21:00:00,USA,PJM,US-MIDA-PJM,289.67,360.06,43.95,12.78,pjm.com,false,
2024-10-22 22:00:00,USA,PJM,US-MIDA-PJM,307.68,381.07,40.79,9.61,pjm.com,false,
2024-10-22 23:00:00,USA,PJM,US-MIDA-PJM,311.54,385.55,40.02,9.03,pjm.com,false,
2024-10-23 00:00:00,USA,PJM,US-MIDA-PJM,310.42,383.96,40.48,9.17,pjm.com,false,
2024-10-23 01:00:00,USA,PJM,US-MIDA-PJM,300.95,371.83,42.65,9.59,pjm.com,false,
2024-10-23 02:00:00,USA,PJM,US-MIDA-PJM,286.84,354.8,45.29,10.04,pjm.com,false,
2024-10-23 03:00:00,USA,PJM,US-MIDA-PJM,283.69,350.57,45.94,9.4,pjm.com,false,
2024-10-23 04:00:00,USA,PJM,US-MIDA-PJM,274.0,338.88,47.42,9.6,pjm.com,false,
2024-10-23 05:00:00,USA,PJM,US-MIDA-PJM,267.85,331.92,48.34,9.01,pjm.com,false,
2024-10-23 06:00:00,USA,PJM,US-MIDA-PJM,267.22,331.15,48.49,8.42,pjm.com,false,
2024-10-23 07:00:00,USA,PJM,US-MIDA-PJM,267.13,331.34,48.29,7.95,pjm.com,false,
2024-10-23 08:00:00,USA,PJM,US-MIDA-PJM,267.65,332.13,48.05,7.92,pjm.com,false,
2024-10-23 09:00:00,USA,PJM,US-MIDA-PJM,270.5,335.96,47.19,7.95,pjm.com,false,
2024-10-23 10:00:00,USA,PJM,US-MIDA-PJM,280.42,348.34,45.42,8.67,pjm.com,false,
2024-10-23 11:00:00,USA,PJM,US-MIDA-PJM,290.0,359.93,43.52,8.9,pjm.com,false,
2024-10-23 12:00:00,USA,PJM,US-MIDA-PJM,292.67,362.7,43.3,9.42,pjm.com,false,
2024-10-23 13:00:00,USA,PJM,US-MIDA-PJM,282.0,349.52,45.89,11.91,pjm.com,false,
2024-10-23 14:00:00,USA,PJM,US-MIDA-PJM,274.12,340.81,47.17,13.55,pjm.com,false,
2024-10-23 15:00:00,USA,PJM,US-MIDA-PJM,269.22,335.53,47.72,14.18,pjm.com,false,
2024-10-23 16:00:00,USA,PJM,US-MIDA-PJM,276.57,344.17,46.81,13.32,pjm.com,false,
2024-10-23 17:00:00,USA,PJM,US-MIDA-PJM,283.73,352.73,45.67,12.37,pjm.com,false,
2024-10-23 18:00:00,USA,PJM,US-MIDA-PJM,282.68,351.69,45.79,12.86,pjm.com,false,
2024-10-23 19:00:00,USA,PJM,US-MIDA-PJM,287.13,356.84,45.18,12.57,pjm.com,false,
2024-10-23 20:00:00,USA,PJM,US-MIDA-PJM,286.21,356.01,44.65,12.77,pjm.com,false,
2024-10-23 21:00:00,USA,PJM,US-MIDA-PJM,300.65,373.35,41.57,10.0,pjm.com,false,
2024-10-23 22:00:00,USA,PJM,US-MIDA-PJM,316.0,391.31,39.17,7.67,pjm.com,false,
2024-10-23 23:00:00,USA,PJM,US-MIDA-PJM,322.78,399.06,38.16,6.81,pjm.com,false,
2024-10-24 00:00:00,USA,PJM,US-MIDA-PJM,324.72,400.97,38.04,6.05,pjm.com,false,
2024-10-24 01:00:00,USA,PJM,US-MIDA-PJM,324.87,400.6,38.41,4.96,pjm.com,false,
2024-10-24 02:00:00,USA,PJM,US-MIDA-PJM,321.04,394.82,39.68,4.49,pjm.com,false,
2024-10-24 03:00:00,USA,PJM,US-MIDA-PJM,314.52,386.93,40.53,3.38,pjm.com,false,
2024-10-24 04:00:00,USA,PJM,US-MIDA-PJM,306.28,377.0,41.64,2.64,pjm.com,false,
2024-10-24 05:00:00,USA,PJM,US-MIDA-PJM,299.97,369.99,42.47,2.47,pjm.com,false,
2024-10-24 06:00:00,USA,PJM,US-MIDA-PJM,295.94,365.56,42.92,2.31,pjm.com,false,
2024-10-24 07:00:00,USA,PJM,US-MIDA-PJM,294.39,363.93,43.02,2.17,pjm.com,false,
2024-10-24 08:00:00,USA,PJM,US-MIDA-PJM,296.53,366.46,42.6,2.18,pjm.com,false,
2024-10-24 09:00:00,USA,PJM,US-MIDA-PJM,301.74,373.05,41.59,2.08,pjm.com,false,
2024-10-24 10:00:00,USA,PJM,US-MIDA-PJM,308.29,381.77,40.38,3.28,pjm.com,false,
2024-10-24 11:00:00,USA,PJM,US-MIDA-PJM,313.43,388.49,39.22,4.08,pjm.com,false,
2024-10-24 12:00:00,USA,PJM,US-MIDA-PJM,314.62,389.4,39.46,5.18,pjm.com,false,
2024-10-24 13:00:00,USA,PJM,US-MIDA-PJM,300.35,372.01,42.74,8.35,pjm.com,false,
2024-10-24 14:00:00,USA,PJM,US-MIDA-PJM,285.59,354.98,45.35,10.69,pjm.com,false,
2024-10-24 15:00:00,USA,PJM,US-MIDA-PJM,280.91,349.62,46.09,11.21,pjm.com,false,
2024-10-24 16:00:00,USA,PJM,US-MIDA-PJM,282.84,351.68,45.78,10.81,pjm.com,false,
2024-10-24 17:00:00,USA,PJM,US-MIDA-PJM,286.76,356.17,45.23,10.6,pjm.com,false,
2024-10-24 18:00:00,USA,PJM,US-MIDA-PJM,284.87,354.24,45.46,10.89,pjm.com,false,
2024-10-24 19:00:00,USA,PJM,US-MIDA-PJM,284.25,353.95,45.29,11.14,pjm.com,false,
2024-10-24 20:00:00,USA,PJM,US-MIDA-PJM,286.44,357.16,44.43,10.63,pjm.com,false,
2024-10-24 21:00:00,USA,PJM,US-MIDA-PJM,296.02,368.4,42.55,9.01,pjm.com,false,
2024-10-24 22:00:00,USA,PJM,US-MIDA-PJM,312.51,387.8,39.55,6.53,pjm.com,false,
2024-10-24 23:00:00,USA,PJM,US-MIDA-PJM,313.38,388.45,39.42,6.9,pjm.com,false,
2024-10-25 00:00:00,USA,PJM,US-MIDA-PJM,309.37,382.76,40.7,7.58,pjm.com,false,
2024-10-25 01:00:00,USA,PJM,US-MIDA-PJM,308.42,381.02,41.11,7.25,pjm.com,false,
2024-10-25 02:00:00,USA,PJM,US-MIDA-PJM,295.73,365.3,43.52,8.16,pjm.com,false,
2024-10-25 03:00:00,USA,PJM,US-MIDA-PJM,285.58,353.37,44.96,7.99,pjm.com,false,
2024-10-25 04:00:00,USA,PJM,US-MIDA-PJM,283.73,351.26,44.98,6.89,pjm.com,false,
2024-10-25 05:00:00,USA,PJM,US-MIDA-PJM,277.5,344.15,45.96,6.96,pjm.com,false,
2024-10-25 06:00:00,USA,PJM,US-MIDA-PJM,274.51,340.91,46.3,7.21,pjm.com,false,
2024-10-25 07:00:00,USA,PJM,US-MIDA-PJM,279.52,346.94,45.32,6.58,pjm.com,false,
2024-10-25 08:00:00,USA,PJM,US-MIDA-PJM,286.52,355.37,43.92,5.03,pjm.com,false,
2024-10-25 09:00:00,USA,PJM,US-MIDA-PJM,294.64,365.39,42.74,4.25,pjm.com,false,
2024-10-25 10:00:00,USA,PJM,US-MIDA-PJM,301.05,373.97,41.51,5.44,pjm.com,false,
2024-10-25 11:00:00,USA,PJM,US-MIDA-PJM,308.97,384.13,39.38,5.19,pjm.com,false,
2024-10-25 12:00:00,USA,PJM,US-MIDA-PJM,311.59,387.35,39.05,5.82,pjm.com,false,
2024-10-25 13:00:00,USA,PJM,US-MIDA-PJM,302.89,376.35,41.41,8.0,pjm.com,false,
2024-10-25 14:00:00,USA,PJM,US-MIDA-PJM,296.59,368.69,42.75,8.89,pjm.com,false,
2024-10-25 15:00:00,USA,PJM,US-MIDA-PJM,289.56,360.14,44.27,9.65,pjm.com,false,
2024-10-25 16:00:00,USA,PJM,US-MIDA-PJM,289.49,359.89,44.21,9.5,pjm.com,false,
2024-10-25 17:00:00,USA,PJM,US-MIDA-PJM,284.2,353.74,44.98,10.2,pjm.com,false,
2024-10-25 18:00:00,USA,PJM,US-MIDA-PJM,285.4,355.5,44.55,10.13,pjm.com,false,
2024-10-25 19:00:00,USA,PJM,US-MIDA-PJM,288.19,358.87,44.02,9.67,pjm.com,false,
2024-10-25 20:00:00,USA,PJM,US-MIDA-PJM,289.97,361.15,43.63,9.09,pjm.com,false,
2024-10-25 21:00:00,USA,PJM,US-MIDA-PJM,290.53,362.22,43.02,8.43,pjm.com,false,
2024-10-25 22:00:00,USA,PJM,US-MIDA-PJM,298.64,371.98,41.4,7.01,pjm.com,false,
2024-10-25 23:00:00,USA,PJM,US-MIDA-PJM,302.51,376.52,40.71,6.79,pjm.com,false,
2024-10-26 00:00:00,USA,PJM,US-MIDA-PJM,300.58,373.75,41.25,6.85,pjm.com,false,
2024-10-26 01:00:00,USA,PJM,US-MIDA-PJM,298.23,370.46,41.67,6.14,pjm.com,false,
2024-10-26 02:00:00,USA,PJM,US-MIDA-PJM,288.99,359.36,43.03,6.17,pjm.com,false,
2024-10-26 03:00:00,USA,PJM,US-MIDA-PJM,284.44,353.57,43.78,5.96,pjm.com,false,
2024-10-26 04:00:00,USA,PJM,US-MIDA-PJM,277.52,344.64,45.61,6.2,pjm.com,false,
2024-10-26 05:00:00,USA,PJM,US-MIDA-PJM,271.77,337.59,46.83,6.59,pjm.com,false,
2024-10-26 06:00:00,USA,PJM,US-MIDA-PJM,265.66,330.32,47.98,7.18,pjm.com,false,
2024-10-26 07:00:00,USA,PJM,US-MIDA-PJM,259.19,322.75,49.13,7.93,pjm.com,false,
2024-10-26 08:00:00,USA,PJM,US-MIDA-PJM,261.67,325.62,48.73,7.73,pjm.com,false,
2024-10-26 09:00:00,USA,PJM,US-MIDA-PJM,263.31,327.36,48.56,7.65,pjm.com,false,
2024-10-26 10:00:00,USA,PJM,US-MIDA-PJM,264.72,328.81,48.45,7.56,pjm.com,false,
2024-10-26 11:00:00,USA,PJM,US-MIDA-PJM,269.91,335.42,47.12,7.44,pjm.com,false,
2024-10-26 12:00:00,USA,PJM,US-MIDA-PJM,272.35,338.18,46.9,8.2,pjm.com,false,
2024-10-26 13:00:00,USA,PJM,US-MIDA-PJM,258.37,321.87,49.86,11.84,pjm.com,false,
2024-10-26 14:00:00,USA,PJM,US-MIDA-PJM,253.25,316.66,50.53,12.65,pjm.com,false,
2024-10-26 15:00:00,USA,PJM,US-MIDA-PJM,254.87,318.51,50.39,12.27,pjm.com,false,
2024-10-26 16:00:00,USA,PJM,US-MIDA-PJM,250.17,312.86,51.34,13.22,pjm.com,false,
2024-10-26 17:00:00,USA,PJM,US-MIDA-PJM,250.25,312.92,51.34,13.29,pjm.com,false,
2024-10-26 18:00:00,USA,PJM,US-MIDA-PJM,250.99,313.73,51.25,13.17,pjm.com,false,
2024-10-26 19:00:00,USA,PJM,US-MIDA-PJM,253.64,316.85,50.78,12.91,pjm.com,false,
2024-10-26 20:00:00,USA,PJM,US-MIDA-PJM,256.05,320.16,49.87,12.11,pjm.com,false,
2024-10-26 21:00:00,USA,PJM,US-MIDA-PJM,268.36,335.01,47.02,9.64,pjm.com,false,
2024-10-26 22:00:00,USA,PJM,US-MIDA-PJM,288.91,359.44,42.78,6.08,pjm.com,false,
2024-10-26 23:00:00,USA,PJM,US-MIDA-PJM,293.3,364.58,41.98,5.66,pjm.com,false,
2024-10-27 00:00:00,USA,PJM,US-MIDA-PJM,293.49,364.41,42.22,5.45,pjm.com,false,
2024-10-27 01:00:00,USA,PJM,US-MIDA-PJM,297.03,368.31,41.69,4.28,pjm.com,false,
2024-10-27 02:00:00,USA,PJM,US-MIDA-PJM,301.83,373.32,41.24,3.29,pjm.com,false,
2024-10-27 03:00:00,USA,PJM,US-MIDA-PJM,300.5,371.54,41.6,3.13,pjm.com,false,
2024-10-27 04:00:00,USA,PJM,US-MIDA-PJM,293.63,363.34,42.89,3.11,pjm.com,false,
2024-10-27 05:00:00,USA,PJM,US-MIDA-PJM,291.18,360.56,43.27,2.9,pjm.com,false,
2024-10-27 06:00:00,USA,PJM,US-MIDA-PJM,290.78,360.23,43.23,2.59,pjm.com,false,
2024-10-27 07:00:00,USA,PJM,US-MIDA-PJM,289.47,358.7,43.46,2.56,pjm.com,false,
2024-10-27 08:00:00,USA,PJM,US-MIDA-PJM,288.82,357.96,43.55,2.68,pjm.com,false,
2024-10-27 09:00:00,USA,PJM,US-MIDA-PJM,291.41,361.05,43.06,2.71,pjm.com,false,
2024-10-27 10:00:00,USA,PJM,US-MIDA-PJM,295.13,365.52,42.31,2.59,pjm.com,false,
2024-10-27 11:00:00,USA,PJM,US-MIDA-PJM,296.96,368.08,41.72,2.93,pjm.com,false,
2024-10-27 12:00:00,USA,PJM,US-MIDA-PJM,298.23,369.69,41.56,3.8,pjm.com,false,
2024-10-27 13:00:00,USA,PJM,US-MIDA-PJM,284.58,353.58,44.39,6.86,pjm.com,false,
2024-10-27 14:00:00,USA,PJM,US-MIDA-PJM,274.81,342.57,46.0,8.37,pjm.com,false,
2024-10-27 15:00:00,USA,PJM,US-MIDA-PJM,271.23,338.31,46.77,8.68,pjm.com,false,
2024-10-27 16:00:00,USA,PJM,US-MIDA-PJM,268.29,334.62,47.5,9.14,pjm.com,false,
2024-10-27 17:00:00,USA,PJM,US-MIDA-PJM,265.31,330.85,48.27,9.54,pjm.com,false,
2024-10-27 18:00:00,USA,PJM,US-MIDA-PJM,263.04,328.09,48.78,9.7,pjm.com,false,
2024-10-27 19:00:00,USA,PJM,US-MIDA-PJM,267.34,333.59,47.62,9.07,pjm.com,false,
2024-10-27 20:00:00,USA,PJM,US-MIDA-PJM,274.23,341.97,46.08,8.18,pjm.com,false,
2024-10-27 21:00:00,USA,PJM,US-MIDA-PJM,288.19,358.78,42.99,5.92,pjm.com,false,
2024-10-27 22:00:00,USA,PJM,US-MIDA-PJM,304.22,377.86,39.9,4.13,pjm.com,false,
2024-10-27 23:00:00,USA,PJM,US-MIDA-PJM,308.44,383.25,38.97,4.26,pjm.com,false,
2024-10-28 00:00:00,USA,PJM,US-MIDA-PJM,309.35,384.32,38.76,3.95,pjm.com,false,
2024-10-28 01:00:00,USA,PJM,US-MIDA-PJM,309.82,383.94,39.29,3.69,pjm.com,false,
2024-10-28 02:00:00,USA,PJM,US-MIDA-PJM,309.26,382.68,39.59,3.34,pjm.com,false,
2024-10-28 03:00:00,USA,PJM,US-MIDA-PJM,302.72,374.05,41.21,4.14,pjm.com,false,
2024-10-28 04:00:00,USA,PJM,US-MIDA-PJM,292.33,361.92,43.02,5.13,pjm.com,false,
2024-10-28 05:00:00,USA,PJM,US-MIDA-PJM,286.08,355.18,43.69,5.57,pjm.com,false,
2024-10-28 06:00:00,USA,PJM,US-MIDA-PJM,283.09,351.13,44.62,6.02,pjm.com,false,
2024-10-28 07:00:00,USA,PJM,US-MIDA-PJM,284.38,352.61,44.41,5.99,pjm.com,false,
2024-10-28 08:00:00,USA,PJM,US-MIDA-PJM,286.62,355.32,43.98,6.11,pjm.com,false,
2024-10-28 09:00:00,USA,PJM,US-MIDA-PJM,291.83,361.99,42.92,6.3,pjm.com,false,
2024-10-28 10:00:00,USA,PJM,US-MIDA-PJM,297.32,369.41,41.57,7.4,pjm.com,false,
2024-10-28 11:00:00,USA,PJM,US-MIDA-PJM,308.3,382.56,39.51,7.55,pjm.com,false,
2024-10-28 12:00:00,USA,PJM,US-MIDA-PJM,306.92,380.68,40.08,9.01,pjm.com,false,
2024-10-28 13:00:00,USA,PJM,US-MIDA-PJM,296.56,367.68,42.78,11.4,pjm.com,false,
2024-10-28 14:00:00,USA,PJM,US-MIDA-PJM,292.03,362.17,43.94,11.71,pjm.com,false,
2024-10-28 15:00:00,USA,PJM,US-MIDA-PJM,291.21,361.24,44.13,11.27,pjm.com,false,
2024-10-28 16:00:00,USA,PJM,US-MIDA-PJM,284.51,353.41,45.14,11.67,pjm.com,false,
2024-10-28 17:00:00,USA,PJM,US-MIDA-PJM,281.61,349.82,45.63,12.19,pjm.com,false,
2024-10-28 18:00:00,USA,PJM,US-MIDA-PJM,277.11,344.38,46.47,12.93,pjm.com,false,
2024-10-28 19:00:00,USA,PJM,US-MIDA-PJM,275.84,342.99,46.53,13.27,pjm.com,false,
2024-10-28 20:00:00,USA,PJM,US-MIDA-PJM,281.04,348.85,45.59,12.23,pjm.com,false,
2024-10-28 21:00:00,USA,PJM,US-MIDA-PJM,288.07,357.24,44.06,11.19,pjm.com,false,
2024-10-28 22:00:00,USA,PJM,US-MIDA-PJM,305.43,377.87,41.36,9.49,pjm.com,false,
2024-10-28 23:00:00,USA,PJM,US-MIDA-PJM,307.95,380.49,41.16,9.95,pjm.com,false,
2024-10-29 00:00:00,USA,PJM,US-MIDA-PJM,302.0,372.87,42.54,10.66,pjm.com,false,
2024-10-29 01:00:00,USA,PJM,US-MIDA-PJM,298.38,368.48,42.89,10.02,pjm.com,false,
2024-10-29 02:00:00,USA,PJM,US-MIDA-PJM,290.25,358.61,44.3,9.79,pjm.com,false,
2024-10-29 03:00:00,USA,PJM,US-MIDA-PJM,283.7,350.22,45.63,9.92,pjm.com,false,
2024-10-29 04:00:00,USA,PJM,US-MIDA-PJM,276.84,341.71,47.15,10.27,pjm.com,false,
2024-10-29 05:00:00,USA,PJM,US-MIDA-PJM,272.75,337.17,47.7,10.42,pjm.com,false,
2024-10-29 06:00:00,USA,PJM,US-MIDA-PJM,273.1,337.62,47.61,10.28,pjm.com,false,
2024-10-29 07:00:00,USA,PJM,US-MIDA-PJM,272.39,336.8,47.73,10.47,pjm.com,false,
2024-10-29 08:00:00,USA,PJM,US-MIDA-PJM,271.96,336.21,47.86,10.66,pjm.com,false,
2024-10-29 09:00:00,USA,PJM,US-MIDA-PJM,276.24,341.68,46.82,10.73,pjm.com,false,
2024-10-29 10:00:00,USA,PJM,US-MIDA-PJM,284.2,352.62,44.73,11.4,pjm.com,false,
2024-10-29 11:00:00,USA,PJM,US-MIDA-PJM,293.57,364.02,42.81,11.12,pjm.com,false,
2024-10-29 12:00:00,USA,PJM,US-MIDA-PJM,296.17,366.2,43.03,11.68,pjm.com,false,
2024-10-29 13:00:00,USA,PJM,US-MIDA-PJM,284.39,351.94,45.59,13.95,pjm.com,false,
2024-10-29 14:00:00,USA,PJM,US-MIDA-PJM,275.46,341.09,47.67,15.63,pjm.com,false,
2024-10-29 15:00:00,USA,PJM,US-MIDA-PJM,273.95,339.4,47.93,16.01,pjm.com,false,
2024-10-29 16:00:00,USA,PJM,US-MIDA-PJM,275.92,341.61,47.61,15.72,pjm.com,false,
2024-10-29 17:00:00,USA,PJM,US-MIDA-PJM,276.18,341.58,47.71,15.79,pjm.com,false,
2024-10-29 18:00:00,USA,PJM,US-MIDA-PJM,278.89,344.89,47.07,15.48,pjm.com,false,
2024-10-29 19:00:00,USA,PJM,US-MIDA-PJM,279.05,345.06,47.06,15.51,pjm.com,false,
2024-10-29 20:00:00,USA,PJM,US-MIDA-PJM,279.38,345.76,46.71,15.35,pjm.com,false,
2024-10-29 21:00:00,USA,PJM,US-MIDA-PJM,289.68,358.58,44.1,12.98,pjm.com,false,
2024-10-29 22:00:00,USA,PJM,US-MIDA-PJM,301.34,372.3,41.87,11.19,pjm.com,false,
2024-10-29 23:00:00,USA,PJM,US-MIDA-PJM,307.82,379.52,41.46,11.06,pjm.com,false,
2024-10-30 00:00:00,USA,PJM,US-MIDA-PJM,307.74,378.69,42.06,11.19,pjm.com,false,
2024-10-30 01:00:00,USA,PJM,US-MIDA-PJM,309.24,380.11,41.89,9.97,pjm.com,false,
2024-10-30 02:00:00,USA,PJM,US-MIDA-PJM,301.91,371.3,43.12,9.84,pjm.com,false,
2024-10-30 03:00:00,USA,PJM,US-MIDA-PJM,289.69,356.66,45.07,10.16,pjm.com,false,
2024-10-30 04:00:00,USA,PJM,US-MIDA-PJM,277.58,342.72,46.94,10.47,pjm.com,false,
2024-10-30 05:00:00,USA,PJM,US-MIDA-PJM,269.72,333.37,48.39,10.89,pjm.com,false,
2024-10-30 06:00:00,USA,PJM,US-MIDA-PJM,265.67,328.16,49.45,11.22,pjm.com,false,
2024-10-30 07:00:00,USA,PJM,US-MIDA-PJM,262.9,324.31,50.38,11.54,pjm.com,false,
2024-10-30 08:00:00,USA,PJM,US-MIDA-PJM,263.82,325.76,49.95,11.47,pjm.com,false,
2024-10-30 09:00:00,USA,PJM,US-MIDA-PJM,268.69,332.21,48.55,11.12,pjm.com,false,
2024-10-30 10:00:00,USA,PJM,US-MIDA-PJM,275.55,341.33,46.8,11.3,pjm.com,false,
2024-10-30 11:00:00,USA,PJM,US-MIDA-PJM,283.13,350.13,45.64,12.0,pjm.com,false,
2024-10-30 12:00:00,USA,PJM,US-MIDA-PJM,286.47,353.66,45.32,12.27,pjm.com,false,
2024-10-30 13:00:00,USA,PJM,US-MIDA-PJM,279.4,345.05,46.93,13.53,pjm.com,false,
2024-10-30 14:00:00,USA,PJM,US-MIDA-PJM,269.07,333.15,48.88,15.55,pjm.com,false,
2024-10-30 15:00:00,USA,PJM,US-MIDA-PJM,266.21,330.0,49.28,16.3,pjm.com,false,
2024-10-30 16:00:00,USA,PJM,US-MIDA-PJM,268.81,333.18,48.76,16.41,pjm.com,false,
2024-10-30 17:00:00,USA,PJM,US-MIDA-PJM,273.82,339.08,47.83,15.93,pjm.com,false,
2024-10-30 18:00:00,USA,PJM,US-MIDA-PJM,275.26,340.99,47.47,15.92,pjm.com,false,
2024-10-30 19:00:00,USA,PJM,US-MIDA-PJM,277.31,343.72,47.06,16.0,pjm.com,false,
2024-10-30 20:00:00,USA,PJM,US-MIDA-PJM,284.19,352.09,45.59,14.82,pjm.com,false,
2024-10-30 21:00:00,USA,PJM,US-MIDA-PJM,293.64,363.79,43.21,12.57,pjm.com,false,
2024-10-30 22:00:00,USA,PJM,US-MIDA-PJM,302.96,374.57,41.66,11.04,pjm.com,false,
2024-10-30 23:00:00,USA,PJM,US-MIDA-PJM,308.39,380.38,41.13,10.83,pjm.com,false,
2024-10-31 00:00:00,USA,PJM,US-MIDA-PJM,307.74,378.84,41.79,10.91,pjm.com,false,
2024-10-31 01:00:00,USA,PJM,US-MIDA-PJM,301.73,371.96,42.37,10.26,pjm.com,false,
2024-10-31 02:00:00,USA,PJM,US-MIDA-PJM,293.02,361.63,43.69,10.11,pjm.com,false,
2024-10-31 03:00:00,USA,PJM,US-MIDA-PJM,284.55,351.45,45.37,10.45,pjm.com,false,
2024-10-31 04:00:00,USA,PJM,US-MIDA-PJM,275.29,339.97,47.35,10.86,pjm.com,false,
2024-10-31 05:00:00,USA,PJM,US-MIDA-PJM,270.74,334.22,48.47,11.15,pjm.com,false,
2024-10-31 06:00:00,USA,PJM,US-MIDA-PJM,270.08,333.27,48.72,10.98,pjm.com,false,
2024-10-31 07:00:00,USA,PJM,US-MIDA-PJM,270.46,333.17,49.08,10.28,pjm.com,false,
2024-10-31 08:00:00,USA,PJM,US-MIDA-PJM,280.1,345.53,46.59,8.14,pjm.com,false,
2024-10-31 09:00:00,USA,PJM,US-MIDA-PJM,283.63,349.93,45.77,7.99,pjm.com,false,
2024-10-31 10:00:00,USA,PJM,US-MIDA-PJM,291.36,359.57,44.24,8.45,pjm.com,false,
2024-10-31 11:00:00,USA,PJM,US-MIDA-PJM,298.99,368.7,42.8,9.15,pjm.com,false,
2024-10-31 12:00:00,USA,PJM,US-MIDA-PJM,296.77,365.45,43.73,10.61,pjm.com,false,
2024-10-31 13:00:00,USA,PJM,US-MIDA-PJM,288.66,355.64,45.6,12.81,pjm.com,false,
2024-10-31 14:00:00,USA,PJM,US-MIDA-PJM,283.56,349.35,46.95,14.58,pjm.com,false,
2024-10-31 15:00:00,USA,PJM,US-MIDA-PJM,282.07,347.38,47.47,15.47,pjm.com,false,
2024-10-31 16:00:00,USA,PJM,US-MIDA-PJM,288.6,355.53,45.92,14.49,pjm.com,false,
2024-10-31 17:00:00,USA,PJM,US-MIDA-PJM,289.51,357.03,45.34,14.39,pjm.com,false,
2024-10-31 18:00:00,USA,PJM,US-MIDA-PJM,290.8,358.47,45.22,14.48,pjm.com,false,
2024-10-31 19:00:00,USA,PJM,US-MIDA-PJM,296.54,364.96,44.59,14.04,pjm.com,false,
2024-10-31 20:00:00,USA,PJM,US-MIDA-PJM,298.04,366.96,44.09,13.63,pjm.com,false,
2024-10-31 21:00:00,USA,PJM,US-MIDA-PJM,306.61,376.67,42.65,11.76,pjm.com,false,
2024-10-31 22:00:00,USA,PJM,US-MIDA-PJM,309.99,380.36,42.11,10.84,pjm.com,false,
2024-10-31 23:00:00,USA,PJM,US-MIDA-PJM,307.56,377.21,42.73,11.12,pjm.com,false,
2024-11-01 00:00:00,USA,PJM,US-MIDA-PJM,312.03,382.52,41.92,10.39,pjm.com,false,
2024-11-01 01:00:00,USA,PJM,US-MIDA-PJM,310.58,380.63,42.25,9.74,pjm.com,false,
2024-11-01 02:00:00,USA,PJM,US-MIDA-PJM,306.34,374.97,43.18,9.42,pjm.com,false,
2024-11-01 03:00:00,USA,PJM,US-MIDA-PJM,297.62,364.43,44.74,9.37,pjm.com,false,
2024-11-01 04:00:00,USA,PJM,US-MIDA-PJM,292.85,358.63,45.71,9.16,pjm.com,false,
2024-11-01 05:00:00,USA,PJM,US-MIDA-PJM,287.88,352.44,46.87,9.39,pjm.com,false,
2024-11-01 06:00:00,USA,PJM,US-MIDA-PJM,284.54,348.88,47.21,8.95,pjm.com,false,
2024-11-01 07:00:00,USA,PJM,US-MIDA-PJM,284.23,349.13,46.84,8.18,pjm.com,false,
2024-11-01 08:00:00,USA,PJM,US-MIDA-PJM,283.48,348.61,46.69,7.93,pjm.com,false,
2024-11-01 09:00:00,USA,PJM,US-MIDA-PJM,287.75,354.06,45.6,7.38,pjm.com,false,
2024-11-01 10:00:00,USA,PJM,US-MIDA-PJM,293.04,360.97,44.24,7.63,pjm.com,false,
2024-11-01 11:00:00,USA,PJM,US-MIDA-PJM,305.77,376.23,42.0,7.35,pjm.com,false,
2024-11-01 12:00:00,USA,PJM,US-MIDA-PJM,314.78,386.3,40.95,7.22,pjm.com,false,
2024-11-01 13:00:00,USA,PJM,US-MIDA-PJM,312.2,383.15,41.67,8.14,pjm.com,false,
2024-11-01 14:00:00,USA,PJM,US-MIDA-PJM,310.8,381.48,41.99,8.49,pjm.com,false,
2024-11-01 15:00:00,USA,PJM,US-MIDA-PJM,307.94,378.09,42.58,8.8,pjm.com,false,
2024-11-01 16:00:00,USA,PJM,US-MIDA-PJM,303.27,372.84,43.31,9.4,pjm.com,false,
2024-11-01 17:00:00,USA,PJM,US-MIDA-PJM,301.08,370.86,43.28,9.62,pjm.com,false,
2024-11-01 18:00:00,USA,PJM,US-MIDA-PJM,302.6,373.13,42.69,9.32,pjm.com,false,
2024-11-01 19:00:00,USA,PJM,US-MIDA-PJM,303.16,373.81,42.57,9.31,pjm.com,false,
2024-11-01 20:00:00,USA,PJM,US-MIDA-PJM,307.34,379.05,41.54,8.4,pjm.com,false,
2024-11-01 21:00:00,USA,PJM,US-MIDA-PJM,314.92,388.52,39.6,6.45,pjm.com,false,
2024-11-01 22:00:00,USA,PJM,US-MIDA-PJM,323.09,398.04,38.12,5.14,pjm.com,false,
2024-11-01 23:00:00,USA,PJM,US-MIDA-PJM,326.4,401.63,37.73,4.9,pjm.com,false,
2024-11-02 00:00:00,USA,PJM,US-MIDA-PJM,324.29,399.33,37.95,4.51,pjm.com,false,
2024-11-02 01:00:00,USA,PJM,US-MIDA-PJM,323.35,398.32,37.9,3.54,pjm.com,false,
2024-11-02 02:00:00,USA,PJM,US-MIDA-PJM,322.13,396.7,38.16,2.42,pjm.com,false,
2024-11-02 03:00:00,USA,PJM,US-MIDA-PJM,316.39,389.59,39.22,2.33,pjm.com,false,
2024-11-02 04:00:00,USA,PJM,US-MIDA-PJM,305.96,377.34,41.1,2.63,pjm.com,false,
2024-11-02 05:00:00,USA,PJM,US-MIDA-PJM,298.0,367.83,42.67,2.73,pjm.com,false,
2024-11-02 06:00:00,USA,PJM,US-MIDA-PJM,290.96,360.43,43.28,2.86,pjm.com,false,
2024-11-02 07:00:00,USA,PJM,US-MIDA-PJM,288.64,357.67,43.71,2.93,pjm.com,false,
2024-11-02 08:00:00,USA,PJM,US-MIDA-PJM,286.0,354.65,44.1,3.07,pjm.com,false,
2024-11-02 09:00:00,USA,PJM,US-MIDA-PJM,288.5,357.69,43.54,2.94,pjm.com,false,
2024-11-02 10:00:00,USA,PJM,US-MIDA-PJM,289.6,359.21,43.4,3.59,pjm.com,false,
2024-11-02 11:00:00,USA,PJM,US-MIDA-PJM,291.3,361.29,43.15,4.93,pjm.com,false,
2024-11-02 12:00:00,USA,PJM,US-MIDA-PJM,293.3,363.95,42.78,5.95,pjm.com,false,
2024-11-02 13:00:00,USA,PJM,US-MIDA-PJM,278.64,346.59,45.87,9.36,pjm.com,false,
2024-11-02 14:00:00,USA,PJM,US-MIDA-PJM,269.17,336.0,47.58,11.39,pjm.com,false,
2024-11-02 15:00:00,USA,PJM,US-MIDA-PJM,268.03,335.45,47.27,10.88,pjm.com,false,
2024-11-02 16:00:00,USA,PJM,US-MIDA-PJM,264.92,332.02,47.68,10.99,pjm.com,false,
2024-11-02 17:00:00,USA,PJM,US-MIDA-PJM,262.76,329.53,47.99,10.91,pjm.com,false,
2024-11-02 18:00:00,USA,PJM,US-MIDA-PJM,262.2,329.12,47.91,10.95,pjm.com,false,
2024-11-02 19:00:00,USA,PJM,US-MIDA-PJM,264.58,331.7,47.66,10.93,pjm.com,false,
2024-11-02 20:00:00,USA,PJM,US-MIDA-PJM,276.01,345.1,45.61,9.45,pjm.com,false,
2024-11-02 21:00:00,USA,PJM,US-MIDA-PJM,292.0,364.23,42.41,6.39,pjm.com,false,
2024-11-02 22:00:00,USA,PJM,US-MIDA-PJM,301.29,375.25,40.21,4.5,pjm.com,false,
2024-11-02 23:00:00,USA,PJM,US-MIDA-PJM,300.03,372.99,40.88,5.74,pjm.com,false,
2024-11-03 00:00:00,USA,PJM,US-MIDA-PJM,294.09,365.35,42.17,7.14,pjm.com,false,
2024-11-03 01:00:00,USA,PJM,US-MIDA-PJM,288.81,358.27,43.79,7.86,pjm.com,false,
2024-11-03 02:00:00,USA,PJM,US-MIDA-PJM,284.79,353.22,44.62,7.78,pjm.com,false,
2024-11-03 03:00:00,USA,PJM,US-MIDA-PJM,280.57,347.84,45.81,8.03,pjm.com,false,
2024-11-03 04:00:00,USA,PJM,US-MIDA-PJM,273.86,339.45,47.16,8.3,pjm.com,false,
2024-11-03 05:00:00,USA,PJM,US-MIDA-PJM,267.05,331.07,48.57,8.61,pjm.com,false,
2024-11-03 06:00:00,USA,PJM,US-MIDA-PJM,263.9,327.42,48.86,8.86,pjm.com,false,
2024-11-03 07:00:00,USA,PJM,US-MIDA-PJM,261.94,325.5,48.89,8.73,pjm.com,false,
2024-11-03 08:00:00,USA,PJM,US-MIDA-PJM,260.59,324.24,48.91,8.82,pjm.com,false,
2024-11-03 09:00:00,USA,PJM,US-MIDA-PJM,264.13,328.77,48.01,8.43,pjm.com,false,
2024-11-03 10:00:00,USA,PJM,US-MIDA-PJM,267.5,332.64,47.48,8.2,pjm.com,false,
2024-11-03 11:00:00,USA,PJM,US-MIDA-PJM,267.08,332.14,47.62,9.41,pjm.com,false,
2024-11-03 12:00:00,USA,PJM,US-MIDA-PJM,261.56,325.64,48.79,11.41,pjm.com,false,
2024-11-03 13:00:00,USA,PJM,US-MIDA-PJM,244.13,304.5,52.92,15.81,pjm.com,false,
2024-11-03 14:00:00,USA,PJM,US-MIDA-PJM,239.13,298.88,53.87,17.3,pjm.com,false,
2024-11-03 15:00:00,USA,PJM,US-MIDA-PJM,238.34,297.9,54.09,17.39,pjm.com,false,
2024-11-03 16:00:00,USA,PJM,US-MIDA-PJM,241.2,301.09,53.7,16.82,pjm.com,false,
2024-11-03 17:00:00,USA,PJM,US-MIDA-PJM,247.09,307.89,52.72,16.2,pjm.com,false,
2024-11-03 18:00:00,USA,PJM,US-MIDA-PJM,251.2,313.08,51.66,15.61,pjm.com,false,
2024-11-03 19:00:00,USA,PJM,US-MIDA-PJM,254.34,317.2,50.68,14.98,pjm.com,false,
2024-11-03 20:00:00,USA,PJM,US-MIDA-PJM,258.14,322.45,49.27,13.81,pjm.com,false,
2024-11-03 21:00:00,USA,PJM,US-MIDA-PJM,276.74,344.13,45.69,10.62,pjm.com,false,
2024-11-03 22:00:00,USA,PJM,US-MIDA-PJM,283.41,351.88,44.78,10.89,pjm.com,false,
2024-11-03 23:00:00,USA,PJM,US-MIDA-PJM,282.4,350.79,44.99,11.53,pjm.com,false,
2024-11-04 00:00:00,USA,PJM,US-MIDA-PJM,276.15,344.04,45.63,11.83,pjm.com,false,
2024-11-04 01:00:00,USA,PJM,US-MIDA-PJM,276.08,344.19,45.22,11.4,pjm.com,false,
2024-11-04 02:00:00,USA,PJM,US-MIDA-PJM,275.98,343.79,45.28,10.33,pjm.com,false,
2024-11-04 03:00:00,USA,PJM,US-MIDA-PJM,271.91,338.31,46.39,9.76,pjm.com,false,
2024-11-04 04:00:00,USA,PJM,US-MIDA-PJM,268.23,333.3,47.54,10.09,pjm.com,false,
2024-11-04 05:00:00,USA,PJM,US-MIDA-PJM,262.44,325.93,48.98,10.73,pjm.com,false,
2024-11-04 06:00:00,USA,PJM,US-MIDA-PJM,258.46,321.08,49.79,11.34,pjm.com,false,
2024-11-04 07:00:00,USA,PJM,US-MIDA-PJM,259.46,322.15,49.7,11.12,pjm.com,false,
2024-11-04 08:00:00,USA,PJM,US-MIDA-PJM,262.86,326.4,48.92,10.22,pjm.com,false,
2024-11-04 09:00:00,USA,PJM,US-MIDA-PJM,268.56,333.71,47.46,9.34,pjm.com,false,
2024-11-04 10:00:00,USA,PJM,US-MIDA-PJM,271.05,337.09,46.76,9.46,pjm.com,false,
2024-11-04 11:00:00,USA,PJM,US-MIDA-PJM,279.86,348.24,44.73,9.77,pjm.com,false,
2024-11-04 12:00:00,USA,PJM,US-MIDA-PJM,280.33,348.9,44.67,11.31,pjm.com,false,
2024-11-04 13:00:00,USA,PJM,US-MIDA-PJM,276.88,344.52,45.69,12.85,pjm.com,false,
2024-11-04 14:00:00,USA,PJM,US-MIDA-PJM,274.75,341.3,46.71,13.87,pjm.com,false,
2024-11-04 15:00:00,USA,PJM,US-MIDA-PJM,271.39,337.3,47.47,14.71,pjm.com,false,
2024-11-04 16:00:00,USA,PJM,US-MIDA-PJM,269.94,335.78,47.68,15.09,pjm.com,false,
2024-11-04 17:00:00,USA,PJM,US-MIDA-PJM,270.41,336.68,47.33,14.87,pjm.com,false,
2024-11-04 18:00:00,USA,PJM,US-MIDA-PJM,275.97,343.38,46.21,13.9,pjm.com,false,
2024-11-04 19:00:00,USA,PJM,US-MIDA-PJM,277.44,345.73,45.56,13.29,pjm.com,false,
2024-11-04 20:00:00,USA,PJM,US-MIDA-PJM,282.78,352.38,44.2,12.07,pjm.com,false,
2024-11-04 21:00:00,USA,PJM,US-MIDA-PJM,291.59,362.65,42.6,10.55,pjm.com,false,
2024-11-04 22:00:00,USA,PJM,US-MIDA-PJM,301.48,373.32,41.39,10.32,pjm.com,false,
2024-11-04 23:00:00,USA,PJM,US-MIDA-PJM,306.9,379.0,40.9,10.12,pjm.com,false,
2024-11-05 00:00:00,USA,PJM,US-MIDA-PJM,301.61,373.32,41.35,9.83,pjm.com,false,
2024-11-05 01:00:00,USA,PJM,US-MIDA-PJM,294.08,364.59,42.56,10.11,pjm.com,false,
2024-11-05 02:00:00,USA,PJM,US-MIDA-PJM,293.26,363.23,42.91,9.43,pjm.com,false,
2024-11-05 03:00:00,USA,PJM,US-MIDA-PJM,295.93,365.7,42.78,7.55,pjm.com,false,
2024-11-05 04:00:00,USA,PJM,US-MIDA-PJM,291.78,360.55,43.72,7.6,pjm.com,false,
2024-11-05 05:00:00,USA,PJM,US-MIDA-PJM,280.46,347.54,45.51,8.73,pjm.com,false,
2024-11-05 06:00:00,USA,PJM,US-MIDA-PJM,268.2,333.31,47.54,10.07,pjm.com,false,
2024-11-05 07:00:00,USA,PJM,US-MIDA-PJM,260.01,323.43,49.17,11.01,pjm.com,false,
2024-11-05 08:00:00,USA,PJM,US-MIDA-PJM,257.86,320.6,49.79,11.32,pjm.com,false,
2024-11-05 09:00:00,USA,PJM,US-MIDA-PJM,259.1,322.33,49.37,11.23,pjm.com,false,
2024-11-05 10:00:00,USA,PJM,US-MIDA-PJM,262.69,326.8,48.52,11.24,pjm.com,false,
2024-11-05 11:00:00,USA,PJM,US-MIDA-PJM,266.8,332.39,47.53,11.92,pjm.com,false,
2024-11-05 12:00:00,USA,PJM,US-MIDA-PJM,273.43,340.61,46.13,11.99,pjm.com,false,
2024-11-05 13:00:00,USA,PJM,US-MIDA-PJM,275.73,343.03,46.06,12.52,pjm.com,false,
2024-11-05 14:00:00,USA,PJM,US-MIDA-PJM,268.69,334.77,47.54,14.22,pjm.com,false,
2024-11-05 15:00:00,USA,PJM,US-MIDA-PJM,265.97,331.77,47.99,15.05,pjm.com,false,
2024-11-05 16:00:00,USA,PJM,US-MIDA-PJM,265.42,331.05,48.12,15.52,pjm.com,false,
2024-11-05 17:00:00,USA,PJM,US-MIDA-PJM,267.56,333.33,47.94,15.55,pjm.com,false,
2024-11-05 18:00:00,USA,PJM,US-MIDA-PJM,270.14,336.2,47.59,15.47,pjm.com,false,
2024-11-05 19:00:00,USA,PJM,US-MIDA-PJM,274.15,341.03,46.82,15.16,pjm.com,false,
2024-11-05 20:00:00,USA,PJM,US-MIDA-PJM,276.89,345.06,45.69,14.58,pjm.com,false,
2024-11-05 21:00:00,USA,PJM,US-MIDA-PJM,284.18,354.09,43.83,12.89,pjm.com,false,
2024-11-05 22:00:00,USA,PJM,US-MIDA-PJM,294.58,366.2,41.96,11.5,pjm.com,false,
2024-11-05 23:00:00,USA,PJM,US-MIDA-PJM,301.11,373.07,41.37,11.07,pjm.com,false,
2024-11-06 00:00:00,USA,PJM,US-MIDA-PJM,300.94,372.58,41.6,10.67,pjm.com,false,
2024-11-06 01:00:00,USA,PJM,US-MIDA-PJM,297.91,368.88,42.26,10.69,pjm.com,false,
2024-11-06 02:00:00,USA,PJM,US-MIDA-PJM,297.16,367.49,42.63,9.68,pjm.com,false,
2024-11-06 03:00:00,USA,PJM,US-MIDA-PJM,297.6,367.27,42.76,8.23,pjm.com,false,
2024-11-06 04:00:00,USA,PJM,US-MIDA-PJM,296.3,364.98,43.52,7.75,pjm.com,false,
2024-11-06 05:00:00,USA,PJM,US-MIDA-PJM,294.23,362.46,43.97,6.99,pjm.com,false,
2024-11-06 06:00:00,USA,PJM,US-MIDA-PJM,289.55,357.15,44.7,6.54,pjm.com,false,
2024-11-06 07:00:00,USA,PJM,US-MIDA-PJM,283.98,351.81,44.81,5.59,pjm.com,false,
2024-11-06 08:00:00,USA,PJM,US-MIDA-PJM,284.55,353.04,44.29,4.6,pjm.com,false,
2024-11-06 09:00:00,USA,PJM,US-MIDA-PJM,287.07,356.31,43.61,4.05,pjm.com,false,
2024-11-06 10:00:00,USA,PJM,US-MIDA-PJM,293.15,364.03,42.09,3.56,pjm.com,false,
2024-11-06 11:00:00,USA,PJM,US-MIDA-PJM,299.08,371.85,40.65,4.31,pjm.com,false,
2024-11-06 12:00:00,USA,PJM,US-MIDA-PJM,303.31,377.07,39.81,4.79,pjm.com,false,
2024-11-06 13:00:00,USA,PJM,US-MIDA-PJM,300.64,373.52,40.81,6.21,pjm.com,false,
2024-11-06 14:00:00,USA,PJM,US-MIDA-PJM,302.34,375.2,40.79,6.77,pjm.com,false,
2024-11-06 15:00:00,USA,PJM,US-MIDA-PJM,307.03,380.48,40.36,6.98,pjm.com,false,
2024-11-06 16:00:00,USA,PJM,US-MIDA-PJM,309.5,383.35,40.26,7.18,pjm.com,false,
2024-11-06 17:00:00,USA,PJM,US-MIDA-PJM,310.49,384.61,40.02,7.52,pjm.com,false,
2024-11-06 18:00:00,USA,PJM,US-MIDA-PJM,309.38,383.45,40.09,8.07,pjm.com,false,
2024-11-06 19:00:00,USA,PJM,US-MIDA-PJM,313.66,388.81,39.41,7.67,pjm.com,false,
2024-11-06 20:00:00,USA,PJM,US-MIDA-PJM,318.7,394.9,38.31,6.91,pjm.com,false,
2024-11-06 21:00:00,USA,PJM,US-MIDA-PJM,318.77,395.7,37.64,5.78,pjm.com,false,
2024-11-06 22:00:00,USA,PJM,US-MIDA-PJM,325.42,403.43,36.51,5.64,pjm.com,false,
2024-11-06 23:00:00,USA,PJM,US-MIDA-PJM,331.29,409.44,35.94,5.31,pjm.com,false,
2024-11-07 00:00:00,USA,PJM,US-MIDA-PJM,327.85,405.22,36.5,5.28,pjm.com,false,
2024-11-07 01:00:00,USA,PJM,US-MIDA-PJM,328.37,405.7,36.42,4.72,pjm.com,false,
2024-11-07 02:00:00,USA,PJM,US-MIDA-PJM,329.01,405.82,36.73,3.93,pjm.com,false,
2024-11-07 03:00:00,USA,PJM,US-MIDA-PJM,327.44,403.12,37.41,2.6,pjm.com,false,
2024-11-07 04:00:00,USA,PJM,US-MIDA-PJM,323.85,398.0,38.62,1.88,pjm.com,false,
2024-11-07 05:00:00,USA,PJM,US-MIDA-PJM,315.05,387.58,39.88,1.97,pjm.com,false,
2024-11-07 06:00:00,USA,PJM,US-MIDA-PJM,305.49,376.42,41.55,2.11,pjm.com,false,
2024-11-07 07:00:00,USA,PJM,US-MIDA-PJM,294.46,364.54,42.72,2.29,pjm.com,false,
2024-11-07 08:00:00,USA,PJM,US-MIDA-PJM,290.57,360.6,42.93,2.39,pjm.com,false,
2024-11-07 09:00:00,USA,PJM,US-MIDA-PJM,288.93,358.72,43.19,2.81,pjm.com,false,
2024-11-07 10:00:00,USA,PJM,US-MIDA-PJM,288.98,358.75,43.19,3.43,pjm.com,false,
2024-11-07 11:00:00,USA,PJM,US-MIDA-PJM,291.93,362.95,42.41,4.67,pjm.com,false,
2024-11-07 12:00:00,USA,PJM,US-MIDA-PJM,304.84,377.99,40.24,4.48,pjm.com,false,
2024-11-07 13:00:00,USA,PJM,US-MIDA-PJM,312.0,385.67,39.61,4.67,pjm.com,false,
2024-11-07 14:00:00,USA,PJM,US-MIDA-PJM,308.51,381.25,40.64,5.86,pjm.com,false,
2024-11-07 15:00:00,USA,PJM,US-MIDA-PJM,306.64,378.78,41.23,6.54,pjm.com,false,
2024-11-07 16:00:00,USA,PJM,US-MIDA-PJM,304.01,376.01,41.55,7.12,pjm.com,false,
2024-11-07 17:00:00,USA,PJM,US-MIDA-PJM,307.51,380.13,41.32,7.28,pjm.com,false,
2024-11-07 18:00:00,USA,PJM,US-MIDA-PJM,308.56,381.22,41.28,7.51,pjm.com,false,
2024-11-07 19:00:00,USA,PJM,US-MIDA-PJM,308.33,380.78,41.44,7.79,pjm.com,false,
2024-11-07 20:00:00,USA,PJM,US-MIDA-PJM,310.66,384.1,40.68,6.85,pjm.com,false,
2024-11-07 21:00:00,USA,PJM,US-MIDA-PJM,317.69,392.7,39.08,5.45,pjm.com,false,
2024-11-07 22:00:00,USA,PJM,US-MIDA-PJM,329.47,405.67,37.47,4.44,pjm.com,false,
2024-11-07 23:00:00,USA,PJM,US-MIDA-PJM,333.14,409.38,37.23,4.48,pjm.com,false,
2024-11-08 00:00:00,USA,PJM,US-MIDA-PJM,327.9,403.03,38.38,4.98,pjm.com,false,
2024-11-08 01:00:00,USA,PJM,US-MIDA-PJM,325.76,400.22,38.97,4.86,pjm.com,false,
2024-11-08 02:00:00,USA,PJM,US-MIDA-PJM,321.06,394.68,39.73,4.23,pjm.com,false,
2024-11-08 03:00:00,USA,PJM,US-MIDA-PJM,316.24,388.78,40.59,3.46,pjm.com,false,
2024-11-08 04:00:00,USA,PJM,US-MIDA-PJM,313.49,385.1,41.04,2.82,pjm.com,false,
2024-11-08 05:00:00,USA,PJM,US-MIDA-PJM,300.84,370.25,42.86,3.3,pjm.com,false,
2024-11-08 06:00:00,USA,PJM,US-MIDA-PJM,290.87,359.06,44.18,3.69,pjm.com,false,
2024-11-08 07:00:00,USA,PJM,US-MIDA-PJM,284.64,351.9,45.17,4.02,pjm.com,false,
2024-11-08 08:00:00,USA,PJM,US-MIDA-PJM,281.69,348.01,46.03,4.24,pjm.com,false,
2024-11-08 09:00:00,USA,PJM,US-MIDA-PJM,282.47,348.95,45.88,4.52,pjm.com,false,
2024-11-08 10:00:00,USA,PJM,US-MIDA-PJM,283.48,350.3,45.58,5.17,pjm.com,false,
2024-11-08 11:00:00,USA,PJM,US-MIDA-PJM,287.61,355.68,44.76,6.69,pjm.com,false,
2024-11-08 12:00:00,USA,PJM,US-MIDA-PJM,295.8,365.24,43.46,7.13,pjm.com,false,
2024-11-08 13:00:00,USA,PJM,US-MIDA-PJM,280.19,346.91,46.5,10.31,pjm.com,false,
2024-11-08 14:00:00,USA,PJM,US-MIDA-PJM,278.86,345.42,46.92,10.7,pjm.com,false,
2024-11-08 15:00:00,USA,PJM,US-MIDA-PJM,285.52,352.95,45.98,10.02,pjm.com,false,
2024-11-08 16:00:00,USA,PJM,US-MIDA-PJM,286.11,353.65,45.95,10.34,pjm.com,false,
2024-11-08 17:00:00,USA,PJM,US-MIDA-PJM,284.5,351.72,46.22,10.75,pjm.com,false,
2024-11-08 18:00:00,USA,PJM,US-MIDA-PJM,282.6,349.37,46.67,11.46,pjm.com,false,
2024-11-08 19:00:00,USA,PJM,US-MIDA-PJM,281.41,348.06,46.85,11.77,pjm.com,false,
2024-11-08 20:00:00,USA,PJM,US-MIDA-PJM,290.2,358.64,44.92,9.94,pjm.com,false,
2024-11-08 21:00:00,USA,PJM,US-MIDA-PJM,303.6,374.47,42.2,7.24,pjm.com,false,
2024-11-08 22:00:00,USA,PJM,US-MIDA-PJM,311.94,384.77,40.42,5.99,pjm.com,false,
2024-11-08 23:00:00,USA,PJM,US-MIDA-PJM,308.13,380.67,40.85,6.14,pjm.com,false,
2024-11-09 00:00:00,USA,PJM,US-MIDA-PJM,310.56,383.11,40.67,5.48,pjm.com,false,
2024-11-09 01:00:00,USA,PJM,US-MIDA-PJM,303.51,374.7,41.79,5.72,pjm.com,false,
2024-11-09 02:00:00,USA,PJM,US-MIDA-PJM,300.6,370.82,42.53,5.57,pjm.com,false,
2024-11-09 03:00:00,USA,PJM,US-MIDA-PJM,293.98,362.46,43.87,5.45,pjm.com,false,
2024-11-09 04:00:00,USA,PJM,US-MIDA-PJM,285.3,351.95,45.58,6.64,pjm.com,false,
2024-11-09 05:00:00,USA,PJM,US-MIDA-PJM,280.46,345.92,46.72,7.46,pjm.com,false,
2024-11-09 06:00:00,USA,PJM,US-MIDA-PJM,278.83,343.92,47.13,7.11,pjm.com,false,
2024-11-09 07:00:00,USA,PJM,US-MIDA-PJM,270.83,335.33,48.0,7.05,pjm.com,false,
2024-11-09 08:00:00,USA,PJM,US-MIDA-PJM,268.68,333.15,48.13,7.19,pjm.com,false,
2024-11-09 09:00:00,USA,PJM,US-MIDA-PJM,267.66,331.83,48.43,7.46,pjm.com,false,
2024-11-09 10:00:00,USA,PJM,US-MIDA-PJM,270.18,334.76,48.01,7.23,pjm.com,false,
2024-11-09 11:00:00,USA,PJM,US-MIDA-PJM,271.61,336.64,47.63,7.65,pjm.com,false,
2024-11-09 12:00:00,USA,PJM,US-MIDA-PJM,266.88,331.29,48.46,9.39,pjm.com,false,
2024-11-09 13:00:00,USA,PJM,US-MIDA-PJM,252.93,314.95,51.35,13.08,pjm.com,false,
2024-11-09 14:00:00,USA,PJM,US-MIDA-PJM,248.36,309.98,52.11,14.35,pjm.com,false,
2024-11-09 15:00:00,USA,PJM,US-MIDA-PJM,253.13,316.19,50.82,13.55,pjm.com,false,
2024-11-09 16:00:00,USA,PJM,US-MIDA-PJM,257.5,321.58,49.87,12.68,pjm.com,false,
2024-11-09 17:00:00,USA,PJM,US-MIDA-PJM,259.53,324.04,49.44,11.83,pjm.com,false,
2024-11-09 18:00:00,USA,PJM,US-MIDA-PJM,260.82,325.63,49.13,11.52,pjm.com,false,
2024-11-09 19:00:00,USA,PJM,US-MIDA-PJM,263.28,328.75,48.41,11.17,pjm.com,false,
2024-11-09 20:00:00,USA,PJM,US-MIDA-PJM,273.32,340.72,46.23,9.03,pjm.com,false,
2024-11-09 21:00:00,USA,PJM,US-MIDA-PJM,281.44,350.02,44.75,7.95,pjm.com,false,
2024-11-09 22:00:00,USA,PJM,US-MIDA-PJM,281.59,349.89,44.98,9.6,pjm.com,false,
2024-11-09 23:00:00,USA,PJM,US-MIDA-PJM,282.4,350.44,45.1,10.43,pjm.com,false,
2024-11-10 00:00:00,USA,PJM,US-MIDA-PJM,276.19,343.39,46.02,11.13,pjm.com,false,
2024-11-10 01:00:00,USA,PJM,US-MIDA-PJM,279.02,346.73,45.38,10.1,pjm.com,false,
2024-11-10 02:00:00,USA,PJM,US-MIDA-PJM,279.29,346.79,45.45,9.21,pjm.com,false,
2024-11-10 03:00:00,USA,PJM,US-MIDA-PJM,278.16,344.96,45.93,8.8,pjm.com,false,
2024-11-10 04:00:00,USA,PJM,US-MIDA-PJM,276.22,342.71,46.24,8.57,pjm.com,false,
2024-11-10 05:00:00,USA,PJM,US-MIDA-PJM,279.01,345.37,46.19,7.86,pjm.com,false,
2024-11-10 06:00:00,USA,PJM,US-MIDA-PJM,276.86,342.99,46.49,7.31,pjm.com,false,
2024-11-10 07:00:00,USA,PJM,US-MIDA-PJM,277.17,343.48,46.35,6.49,pjm.com,false,
2024-11-10 08:00:00,USA,PJM,US-MIDA-PJM,278.4,344.83,46.21,5.88,pjm.com,false,
2024-11-10 09:00:00,USA,PJM,US-MIDA-PJM,279.12,345.85,45.97,5.7,pjm.com,false,
2024-11-10 10:00:00,USA,PJM,US-MIDA-PJM,282.4,349.88,45.23,5.57,pjm.com,false,
2024-11-10 11:00:00,USA,PJM,US-MIDA-PJM,283.96,352.04,44.95,5.83,pjm.com,false,
2024-11-10 12:00:00,USA,PJM,US-MIDA-PJM,283.05,351.29,45.02,6.54,pjm.com,false,
2024-11-10 13:00:00,USA,PJM,US-MIDA-PJM,282.82,351.03,45.12,7.64,pjm.com,false,
2024-11-10 14:00:00,USA,PJM,US-MIDA-PJM,281.4,349.11,45.63,8.89,pjm.com,false,
2024-11-10 15:00:00,USA,PJM,US-MIDA-PJM,275.04,341.23,47.07,10.8,pjm.com,false,
2024-11-10 16:00:00,USA,PJM,US-MIDA-PJM,273.32,338.78,47.66,11.67,pjm.com,false,
2024-11-10 17:00:00,USA,PJM,US-MIDA-PJM,271.47,336.7,47.91,12.19,pjm.com,false,
2024-11-10 18:00:00,USA,PJM,US-MIDA-PJM,272.7,338.33,47.51,12.05,pjm.com,false,
2024-11-10 19:00:00,USA,PJM,US-MIDA-PJM,275.08,341.21,46.95,11.6,pjm.com,false,
2024-11-10 20:00:00,USA,PJM,US-MIDA-PJM,278.43,345.3,46.19,11.08,pjm.com,false,
2024-11-10 21:00:00,USA,PJM,US-MIDA-PJM,275.3,341.59,46.8,12.18,pjm.com,false,
2024-11-10 22:00:00,USA,PJM,US-MIDA-PJM,278.41,345.48,46.13,12.52,pjm.com,false,
2024-11-10 23:00:00,USA,PJM,US-MIDA-PJM,282.14,349.86,45.42,12.06,pjm.com,false,
2024-11-11 00:00:00,USA,PJM,US-MIDA-PJM,285.46,353.54,44.9,10.9,pjm.com,false,
2024-11-11 01:00:00,USA,PJM,US-MIDA-PJM,285.48,353.12,45.17,10.33,pjm.com,false,
2024-11-11 02:00:00,USA,PJM,US-MIDA-PJM,279.66,346.48,46.01,9.85,pjm.com,false,
2024-11-11 03:00:00,USA,PJM,US-MIDA-PJM,276.06,341.81,46.81,9.32,pjm.com,false,
2024-11-11 04:00:00,USA,PJM,US-MIDA-PJM,272.39,337.46,47.44,8.85,pjm.com,false,
2024-11-11 05:00:00,USA,PJM,US-MIDA-PJM,266.23,329.86,48.82,9.07,pjm.com,false,
2024-11-11 06:00:00,USA,PJM,US-MIDA-PJM,259.96,322.14,50.2,9.47,pjm.com,false,
2024-11-11 07:00:00,USA,PJM,US-MIDA-PJM,260.14,322.18,50.31,8.93,pjm.com,false,
2024-11-11 08:00:00,USA,PJM,US-MIDA-PJM,263.13,325.73,49.75,8.09,pjm.com,false,
2024-11-11 09:00:00,USA,PJM,US-MIDA-PJM,263.61,326.59,49.45,7.96,pjm.com,false,
2024-11-11 10:00:00,USA,PJM,US-MIDA-PJM,268.43,332.7,48.27,7.6,pjm.com,false,
2024-11-11 11:00:00,USA,PJM,US-MIDA-PJM,274.87,341.2,46.93,8.74,pjm.com,false,
2024-11-11 12:00:00,USA,PJM,US-MIDA-PJM,275.45,342.21,46.79,10.35,pjm.com,false,
2024-11-11 13:00:00,USA,PJM,US-MIDA-PJM,280.43,347.55,46.27,10.61,pjm.com,false,
2024-11-11 14:00:00,USA,PJM,US-MIDA-PJM,279.02,345.42,47.03,11.51,pjm.com,false,
2024-11-11 15:00:00,USA,PJM,US-MIDA-PJM,270.16,334.91,48.74,13.41,pjm.com,false,
2024-11-11 16:00:00,USA,PJM,US-MIDA-PJM,267.14,331.29,49.4,14.68,pjm.com,false,
2024-11-11 17:00:00,USA,PJM,US-MIDA-PJM,262.28,325.8,50.08,15.72,pjm.com,false,
2024-11-11 18:00:00,USA,PJM,US-MIDA-PJM,260.03,323.58,50.2,16.16,pjm.com,false,
2024-11-11 19:00:00,USA,PJM,US-MIDA-PJM,260.06,323.75,50.14,16.46,pjm.com,false,
2024-11-11 20:00:00,USA,PJM,US-MIDA-PJM,259.37,323.24,50.06,16.33,pjm.com,false,
2024-11-11 21:00:00,USA,PJM,US-MIDA-PJM,275.51,342.49,46.75,13.5,pjm.com,false,
2024-11-11 22:00:00,USA,PJM,US-MIDA-PJM,288.22,357.29,44.41,11.87,pjm.com,false,
2024-11-11 23:00:00,USA,PJM,US-MIDA-PJM,294.05,363.55,43.75,11.64,pjm.com,false,
2024-11-12 00:00:00,USA,PJM,US-MIDA-PJM,290.43,359.52,44.29,11.54,pjm.com,false,
2024-11-12 01:00:00,USA,PJM,US-MIDA-PJM,290.95,359.99,44.24,10.71,pjm.com,false,
2024-11-12 02:00:00,USA,PJM,US-MIDA-PJM,286.84,355.21,44.84,9.7,pjm.com,false,
2024-11-12 03:00:00,USA,PJM,US-MIDA-PJM,282.88,350.0,45.54,8.52,pjm.com,false,
2024-11-12 04:00:00,USA,PJM,US-MIDA-PJM,283.73,350.8,45.47,7.38,pjm.com,false,
2024-11-12 05:00:00,USA,PJM,US-MIDA-PJM,277.42,343.26,46.65,7.16,pjm.com,false,
2024-11-12 06:00:00,USA,PJM,US-MIDA-PJM,272.9,338.07,47.29,7.17,pjm.com,false,
2024-11-12 07:00:00,USA,PJM,US-MIDA-PJM,271.93,337.07,47.36,6.72,pjm.com,false,
2024-11-12 08:00:00,USA,PJM,US-MIDA-PJM,273.72,339.36,46.91,6.18,pjm.com,false,
2024-11-12 09:00:00,USA,PJM,US-MIDA-PJM,277.12,343.79,45.98,5.93,pjm.com,false,
2024-11-12 10:00:00,USA,PJM,US-MIDA-PJM,282.92,350.55,45.0,5.73,pjm.com,false,
2024-11-12 11:00:00,USA,PJM,US-MIDA-PJM,289.9,359.62,43.57,6.73,pjm.com,false,
2024-11-12 12:00:00,USA,PJM,US-MIDA-PJM,296.86,368.28,42.09,6.45,pjm.com,false,
2024-11-12 13:00:00,USA,PJM,US-MIDA-PJM,285.28,354.98,44.09,9.28,pjm.com,false,
2024-11-12 14:00:00,USA,PJM,US-MIDA-PJM,279.14,347.66,45.49,10.6,pjm.com,false,
2024-11-12 15:00:00,USA,PJM,US-MIDA-PJM,279.64,348.05,45.63,10.77,pjm.com,false,
2024-11-12 16:00:00,USA,PJM,US-MIDA-PJM,275.46,342.94,46.43,11.08,pjm.com,false,
2024-11-12 17:00:00,USA,PJM,US-MIDA-PJM,268.92,335.43,47.55,11.79,pjm.com,false,
2024-11-12 18:00:00,USA,PJM,US-MIDA-PJM,267.17,333.52,47.79,12.25,pjm.com,false,
2024-11-12 19:00:00,USA,PJM,US-MIDA-PJM,267.04,333.74,47.58,12.25,pjm.com,false,
2024-11-12 20:00:00,USA,PJM,US-MIDA-PJM,271.08,338.86,46.5,11.0,pjm.com,false,
2024-11-12 21:00:00,USA,PJM,US-MIDA-PJM,283.3,353.78,43.71,8.98,pjm.com,false,
2024-11-12 22:00:00,USA,PJM,US-MIDA-PJM,297.94,371.19,40.79,7.53,pjm.com,false,
2024-11-12 23:00:00,USA,PJM,US-MIDA-PJM,304.21,377.86,40.14,8.19,pjm.com,false,
2024-11-13 00:00:00,USA,PJM,US-MIDA-PJM,301.49,373.87,41.24,9.24,pjm.com,false,
2024-11-13 01:00:00,USA,PJM,US-MIDA-PJM,297.9,369.57,41.96,9.5,pjm.com,false,
2024-11-13 02:00:00,USA,PJM,US-MIDA-PJM,298.32,369.46,42.13,8.89,pjm.com,false,
2024-11-13 03:00:00,USA,PJM,US-MIDA-PJM,290.13,359.5,43.53,8.96,pjm.com,false,
2024-11-13 04:00:00,USA,PJM,US-MIDA-PJM,289.31,357.86,43.94,8.57,pjm.com,false,
2024-11-13 05:00:00,USA,PJM,US-MIDA-PJM,285.1,352.6,44.96,8.42,pjm.com,false,
2024-11-13 06:00:00,USA,PJM,US-MIDA-PJM,281.22,348.26,45.5,8.53,pjm.com,false,
2024-11-13 07:00:00,USA,PJM,US-MIDA-PJM,280.2,347.27,45.53,8.61,pjm.com,false,
2024-11-13 08:00:00,USA,PJM,US-MIDA-PJM,278.57,345.51,45.71,8.64,pjm.com,false,
2024-11-13 09:00:00,USA,PJM,US-MIDA-PJM,277.59,344.45,45.88,8.53,pjm.com,false,
2024-11-13 10:00:00,USA,PJM,US-MIDA-PJM,282.81,351.69,44.98,9.06,pjm.com,false,
2024-11-13 11:00:00,USA,PJM,US-MIDA-PJM,288.65,359.61,43.25,9.71,pjm.com,false,
2024-11-13 12:00:00,USA,PJM,US-MIDA-PJM,293.13,365.0,42.34,10.69,pjm.com,false,
2024-11-13 13:00:00,USA,PJM,US-MIDA-PJM,281.27,351.09,44.43,12.67,pjm.com,false,
2024-11-13 14:00:00,USA,PJM,US-MIDA-PJM,276.34,344.91,45.69,13.13,pjm.com,false,
2024-11-13 15:00:00,USA,PJM,US-MIDA-PJM,278.57,347.04,45.63,12.51,pjm.com,false,
2024-11-13 16:00:00,USA,PJM,US-MIDA-PJM,280.2,348.54,45.62,11.91,pjm.com,false,
2024-11-13 17:00:00,USA,PJM,US-MIDA-PJM,279.22,347.28,45.89,11.7,pjm.com,false,
2024-11-13 18:00:00,USA,PJM,US-MIDA-PJM,278.77,347.25,45.54,11.37,pjm.com,false,
2024-11-13 19:00:00,USA,PJM,US-MIDA-PJM,286.69,356.38,44.24,10.2,pjm.com,false,
2024-11-13 20:00:00,USA,PJM,US-MIDA-PJM,290.96,361.37,43.28,9.48,pjm.com,false,
2024-11-13 21:00:00,USA,PJM,US-MIDA-PJM,296.72,368.27,42.28,9.12,pjm.com,false,
2024-11-13 22:00:00,USA,PJM,US-MIDA-PJM,298.15,370.06,41.87,9.97,pjm.com,false,
2024-11-13 23:00:00,USA,PJM,US-MIDA-PJM,298.01,369.93,42.05,10.78,pjm.com,false,
2024-11-14 00:00:00,USA,PJM,US-MIDA-PJM,297.2,368.63,42.47,11.14,pjm.com,false,
2024-11-14 01:00:00,USA,PJM,US-MIDA-PJM,300.61,371.91,42.36,10.83,pjm.com,false,
2024-11-14 02:00:00,USA,PJM,US-MIDA-PJM,300.2,371.16,42.44,9.95,pjm.com,false,
2024-11-14 03:00:00,USA,PJM,US-MIDA-PJM,303.23,374.64,41.87,8.26,pjm.com,false,
2024-11-14 04:00:00,USA,PJM,US-MIDA-PJM,302.78,373.05,42.32,7.4,pjm.com,false,
2024-11-14 05:00:00,USA,PJM,US-MIDA-PJM,299.18,368.82,42.7,6.84,pjm.com,false,
2024-11-14 06:00:00,USA,PJM,US-MIDA-PJM,301.94,371.94,42.29,6.05,pjm.com,false,
2024-11-14 07:00:00,USA,PJM,US-MIDA-PJM,300.08,370.12,42.36,5.87,pjm.com,false,
2024-11-14 08:00:00,USA,PJM,US-MIDA-PJM,299.0,368.9,42.5,5.69,pjm.com,false,
2024-11-14 09:00:00,USA,PJM,US-MIDA-PJM,300.02,370.1,42.29,5.69,pjm.com,false,
2024-11-14 10:00:00,USA,PJM,US-MIDA-PJM,302.53,373.39,42.01,5.96,pjm.com,false,
2024-11-14 11:00:00,USA,PJM,US-MIDA-PJM,307.25,379.68,41.06,7.02,pjm.com,false,
2024-11-14 12:00:00,USA,PJM,US-MIDA-PJM,304.67,377.31,41.09,8.33,pjm.com,false,
2024-11-14 13:00:00,USA,PJM,US-MIDA-PJM,304.21,376.6,41.34,9.19,pjm.com,false,
2024-11-14 14:00:00,USA,PJM,US-MIDA-PJM,306.49,378.92,41.16,9.21,pjm.com,false,
2024-11-14 15:00:00,USA,PJM,US-MIDA-PJM,315.53,389.14,40.0,8.33,pjm.com,false,
2024-11-14 16:00:00,USA,PJM,US-MIDA-PJM,319.61,393.71,39.83,8.0,pjm.com,false,
2024-11-14 17:00:00,USA,PJM,US-MIDA-PJM,321.83,395.85,39.75,7.94,pjm.com,false,
2024-11-14 18:00:00,USA,PJM,US-MIDA-PJM,318.49,391.74,40.05,8.12,pjm.com,false,
2024-11-14 19:00:00,USA,PJM,US-MIDA-PJM,319.93,393.32,39.74,7.89,pjm.com,false,
2024-11-14 20:00:00,USA,PJM,US-MIDA-PJM,319.95,393.68,39.43,7.43,pjm.com,false,
2024-11-14 21:00:00,USA,PJM,US-MIDA-PJM,312.75,385.77,40.42,8.68,pjm.com,false,
2024-11-14 22:00:00,USA,PJM,US-MIDA-PJM,313.01,386.33,40.23,9.33,pjm.com,false,
2024-11-14 23:00:00,USA,PJM,US-MIDA-PJM,314.23,387.66,40.13,9.1,pjm.com,false,
2024-11-15 00:00:00,USA,PJM,US-MIDA-PJM,321.33,395.62,39.1,7.6,pjm.com,false,
2024-11-15 01:00:00,USA,PJM,US-MIDA-PJM,325.85,400.4,38.52,6.15,pjm.com,false,
2024-11-15 02:00:00,USA,PJM,US-MIDA-PJM,326.86,401.15,38.68,5.12,pjm.com,false,
2024-11-15 03:00:00,USA,PJM,US-MIDA-PJM,323.64,396.76,39.09,4.22,pjm.com,false,
2024-11-15 04:00:00,USA,PJM,US-MIDA-PJM,321.11,393.48,39.59,3.92,pjm.com,false,
2024-11-15 05:00:00,USA,PJM,US-MIDA-PJM,318.18,390.02,40.12,3.68,pjm.com,false,
2024-11-15 06:00:00,USA,PJM,US-MIDA-PJM,315.94,387.32,40.53,3.29,pjm.com,false,
2024-11-15 07:00:00,USA,PJM,US-MIDA-PJM,314.53,385.65,40.78,2.97,pjm.com,false,
2024-11-15 08:00:00,USA,PJM,US-MIDA-PJM,313.74,384.96,40.74,2.69,pjm.com,false,
2024-11-15 09:00:00,USA,PJM,US-MIDA-PJM,318.73,390.76,39.89,2.27,pjm.com,false,
2024-11-15 10:00:00,USA,PJM,US-MIDA-PJM,325.07,397.93,38.97,2.07,pjm.com,false,
2024-11-15 11:00:00,USA,PJM,US-MIDA-PJM,321.27,394.23,39.25,3.87,pjm.com,false,
2024-11-15 12:00:00,USA,PJM,US-MIDA-PJM,324.16,397.85,38.65,4.62,pjm.com,false,
2024-11-15 13:00:00,USA,PJM,US-MIDA-PJM,325.85,399.93,38.31,4.79,pjm.com,false,
2024-11-15 14:00:00,USA,PJM,US-MIDA-PJM,328.81,403.08,38.05,4.36,pjm.com,false,
2024-11-15 15:00:00,USA,PJM,US-MIDA-PJM,329.41,402.92,38.67,4.68,pjm.com,false,
2024-11-15 16:00:00,USA,PJM,US-MIDA-PJM,325.73,398.27,39.63,5.24,pjm.com,false,
2024-11-15 17:00:00,USA,PJM,US-MIDA-PJM,322.16,394.29,40.13,5.43,pjm.com,false,
2024-11-15 18:00:00,USA,PJM,US-MIDA-PJM,323.31,395.71,39.74,5.3,pjm.com,false,
2024-11-15 19:00:00,USA,PJM,US-MIDA-PJM,323.92,396.44,39.56,4.93,pjm.com,false,
2024-11-15 20:00:00,USA,PJM,US-MIDA-PJM,324.67,397.19,39.46,4.46,pjm.com,false,
2024-11-15 21:00:00,USA,PJM,US-MIDA-PJM,321.61,394.44,39.43,4.82,pjm.com,false,
2024-11-15 22:00:00,USA,PJM,US-MIDA-PJM,323.33,396.24,39.34,5.79,pjm.com,false,
2024-11-15 23:00:00,USA,PJM,US-MIDA-PJM,323.97,397.22,39.01,5.45,pjm.com,false,
2024-11-16 00:00:00,USA,PJM,US-MIDA-PJM,323.04,396.11,39.16,5.18,pjm.com,false,
2024-11-16 01:00:00,USA,PJM,US-MIDA-PJM,324.93,397.77,39.18,4.52,pjm.com,false,
2024-11-16 02:00:00,USA,PJM,US-MIDA-PJM,323.87,396.14,39.55,3.86,pjm.com,false,
2024-11-16 03:00:00,USA,PJM,US-MIDA-PJM,317.62,389.0,40.45,3.71,pjm.com,false,
2024-11-16 04:00:00,USA,PJM,US-MIDA-PJM,309.62,380.11,41.48,4.34,pjm.com,false,
2024-11-16 05:00:00,USA,PJM,US-MIDA-PJM,309.43,379.47,42.27,4.38,pjm.com,false,
2024-11-16 06:00:00,USA,PJM,US-MIDA-PJM,303.24,371.63,43.41,4.46,pjm.com,false,
2024-11-16 07:00:00,USA,PJM,US-MIDA-PJM,295.16,363.11,44.09,4.36,pjm.com,false,
2024-11-16 08:00:00,USA,PJM,US-MIDA-PJM,290.62,358.1,44.66,4.32,pjm.com,false,
2024-11-16 09:00:00,USA,PJM,US-MIDA-PJM,286.37,353.26,45.32,4.39,pjm.com,false,
2024-11-16 10:00:00,USA,PJM,US-MIDA-PJM,284.32,351.07,45.51,4.62,pjm.com,false,
2024-11-16 11:00:00,USA,PJM,US-MIDA-PJM,285.47,352.37,45.37,5.13,pjm.com,false,
2024-11-16 12:00:00,USA,PJM,US-MIDA-PJM,283.09,349.81,45.72,6.66,pjm.com,false,
2024-11-16 13:00:00,USA,PJM,US-MIDA-PJM,277.37,343.25,46.85,8.66,pjm.com,false,
2024-11-16 14:00:00,USA,PJM,US-MIDA-PJM,272.84,337.68,47.99,10.48,pjm.com,false,
2024-11-16 15:00:00,USA,PJM,US-MIDA-PJM,267.62,331.43,49.06,11.6,pjm.com,false,
2024-11-16 16:00:00,USA,PJM,US-MIDA-PJM,265.38,328.77,49.49,12.12,pjm.com,false,
2024-11-16 17:00:00,USA,PJM,US-MIDA-PJM,263.59,326.89,49.67,12.32,pjm.com,false,
2024-11-16 18:00:00,USA,PJM,US-MIDA-PJM,259.59,322.4,50.29,12.53,pjm.com,false,
2024-11-16 19:00:00,USA,PJM,US-MIDA-PJM,260.1,323.21,50.01,12.17,pjm.com,false,
2024-11-16 20:00:00,USA,PJM,US-MIDA-PJM,268.49,333.22,48.23,10.41,pjm.com,false,
2024-11-16 21:00:00,USA,PJM,US-MIDA-PJM,285.25,352.52,45.3,7.8,pjm.com,false,
2024-11-16 22:00:00,USA,PJM,US-MIDA-PJM,285.02,352.23,45.43,9.26,pjm.com,false,
2024-11-16 23:00:00,USA,PJM,US-MIDA-PJM,289.36,357.0,44.85,8.93,pjm.com,false,
2024-11-17 00:00:00,USA,PJM,US-MIDA-PJM,290.83,358.1,44.99,8.71,pjm.com,false,
2024-11-17 01:00:00,USA,PJM,US-MIDA-PJM,288.91,355.71,45.42,8.82,pjm.com,false,
2024-11-17 02:00:00,USA,PJM,US-MIDA-PJM,290.14,356.96,45.29,8.23,pjm.com,false,
2024-11-17 03:00:00,USA,PJM,US-MIDA-PJM,288.58,355.09,45.57,7.67,pjm.com,false,
2024-11-17 04:00:00,USA,PJM,US-MIDA-PJM,287.51,354.18,45.5,6.73,pjm.com,false,
2024-11-17 05:00:00,USA,PJM,US-MIDA-PJM,284.83,351.09,45.93,6.75,pjm.com,false,
2024-11-17 06:00:00,USA,PJM,US-MIDA-PJM,284.4,350.82,45.82,6.79,pjm.com,false,
2024-11-17 07:00:00,USA,PJM,US-MIDA-PJM,283.2,349.24,46.18,6.38,pjm.com,false,
2024-11-17 08:00:00,USA,PJM,US-MIDA-PJM,280.01,346.04,46.36,6.42,pjm.com,false,
2024-11-17 09:00:00,USA,PJM,US-MIDA-PJM,278.75,344.79,46.42,6.23,pjm.com,false,
2024-11-17 10:00:00,USA,PJM,US-MIDA-PJM,281.12,347.35,46.14,6.23,pjm.com,false,
2024-11-17 11:00:00,USA,PJM,US-MIDA-PJM,286.71,353.65,45.35,6.53,pjm.com,false,
2024-11-17 12:00:00,USA,PJM,US-MIDA-PJM,283.72,350.52,45.7,7.81,pjm.com,false,
2024-11-17 13:00:00,USA,PJM,US-MIDA-PJM,274.67,339.89,47.62,10.22,pjm.com,false,
2024-11-17 14:00:00,USA,PJM,US-MIDA-PJM,266.71,330.8,49.13,11.73,pjm.com,false,
2024-11-17 15:00:00,USA,PJM,US-MIDA-PJM,265.81,330.68,48.65,11.25,pjm.com,false,
2024-11-17 16:00:00,USA,PJM,US-MIDA-PJM,267.03,332.38,48.22,10.75,pjm.com,false,
2024-11-17 17:00:00,USA,PJM,US-MIDA-PJM,266.07,331.4,48.3,10.46,pjm.com,false,
2024-11-17 18:00:00,USA,PJM,US-MIDA-PJM,268.26,334.37,47.57,9.6,pjm.com,false,
2024-11-17 19:00:00,USA,PJM,US-MIDA-PJM,274.06,341.18,46.44,8.46,pjm.com,false,
2024-11-17 20:00:00,USA,PJM,US-MIDA-PJM,278.57,346.52,45.52,7.32,pjm.com,false,
2024-11-17 21:00:00,USA,PJM,US-MIDA-PJM,294.15,364.85,42.58,5.25,pjm.com,false,
2024-11-17 22:00:00,USA,PJM,US-MIDA-PJM,306.66,378.84,40.83,5.42,pjm.com,false,
2024-11-17 23:00:00,USA,PJM,US-MIDA-PJM,306.32,378.22,41.05,5.94,pjm.com,false,
2024-11-18 00:00:00,USA,PJM,US-MIDA-PJM,305.25,376.91,41.24,5.81,pjm.com,false,
2024-11-18 01:00:00,USA,PJM,US-MIDA-PJM,308.75,380.35,40.9,5.03,pjm.com,false,
2024-11-18 02:00:00,USA,PJM,US-MIDA-PJM,309.09,380.34,41.07,4.06,pjm.com,false,
2024-11-18 03:00:00,USA,PJM,US-MIDA-PJM,303.07,372.92,42.34,3.81,pjm.com,false,
2024-11-18 04:00:00,USA,PJM,US-MIDA-PJM,298.22,367.37,43.11,3.85,pjm.com,false,
2024-11-18 05:00:00,USA,PJM,US-MIDA-PJM,293.03,361.78,43.69,3.72,pjm.com,false,
2024-11-18 06:00:00,USA,PJM,US-MIDA-PJM,287.92,356.1,44.37,3.64,pjm.com,false,
2024-11-18 07:00:00,USA,PJM,US-MIDA-PJM,289.31,357.79,44.08,3.25,pjm.com,false,
2024-11-18 08:00:00,USA,PJM,US-MIDA-PJM,289.15,357.38,44.27,2.98,pjm.com,false,
2024-11-18 09:00:00,USA,PJM,US-MIDA-PJM,291.56,359.75,44.18,3.01,pjm.com,false,
2024-11-18 10:00:00,USA,PJM,US-MIDA-PJM,298.99,368.33,42.92,3.13,pjm.com,false,
2024-11-18 11:00:00,USA,PJM,US-MIDA-PJM,294.4,364.17,43.19,5.95,pjm.com,false,
2024-11-18 12:00:00,USA,PJM,US-MIDA-PJM,299.51,370.58,42.33,7.08,pjm.com,false,
2024-11-18 13:00:00,USA,PJM,US-MIDA-PJM,298.49,368.91,42.92,7.78,pjm.com,false,
2024-11-18 14:00:00,USA,PJM,US-MIDA-PJM,293.17,362.22,44.29,8.5,pjm.com,false,
2024-11-18 15:00:00,USA,PJM,US-MIDA-PJM,286.83,354.65,45.57,9.45,pjm.com,false,
2024-11-18 16:00:00,USA,PJM,US-MIDA-PJM,281.76,348.44,46.4,10.18,pjm.com,false,
2024-11-18 17:00:00,USA,PJM,US-MIDA-PJM,283.43,350.26,46.07,10.11,pjm.com,false,
2024-11-18 18:00:00,USA,PJM,US-MIDA-PJM,287.57,355.12,45.28,9.66,pjm.com,false,
2024-11-18 19:00:00,USA,PJM,US-MIDA-PJM,290.89,359.11,44.54,8.84,pjm.com,false,
2024-11-18 20:00:00,USA,PJM,US-MIDA-PJM,298.49,367.98,43.52,7.81,pjm.com,false,
2024-11-18 21:00:00,USA,PJM,US-MIDA-PJM,297.97,367.49,43.45,7.75,pjm.com,false,
2024-11-18 22:00:00,USA,PJM,US-MIDA-PJM,292.68,361.56,44.28,9.65,pjm.com,false,
2024-11-18 23:00:00,USA,PJM,US-MIDA-PJM,290.18,358.39,44.88,10.68,pjm.com,false,
2024-11-19 00:00:00,USA,PJM,US-MIDA-PJM,290.04,357.87,44.89,10.34,pjm.com,false,
2024-11-19 01:00:00,USA,PJM,US-MIDA-PJM,295.56,363.31,44.36,9.31,pjm.com,false,
2024-11-19 02:00:00,USA,PJM,US-MIDA-PJM,302.1,369.99,43.76,7.83,pjm.com,false,
2024-11-19 03:00:00,USA,PJM,US-MIDA-PJM,294.42,361.09,45.07,7.56,pjm.com,false,
2024-11-19 04:00:00,USA,PJM,US-MIDA-PJM,286.1,351.63,46.35,7.36,pjm.com,false,
2024-11-19 05:00:00,USA,PJM,US-MIDA-PJM,278.6,343.31,47.36,7.34,pjm.com,false,
2024-11-19 06:00:00,USA,PJM,US-MIDA-PJM,273.22,336.97,48.35,7.53,pjm.com,false,
2024-11-19 07:00:00,USA,PJM,US-MIDA-PJM,271.88,335.43,48.56,7.45,pjm.com,false,
2024-11-19 08:00:00,USA,PJM,US-MIDA-PJM,273.76,337.72,48.15,7.11,pjm.com,false,
2024-11-19 09:00:00,USA,PJM,US-MIDA-PJM,276.28,341.02,47.45,6.94,pjm.com,false,
2024-11-19 10:00:00,USA,PJM,US-MIDA-PJM,278.33,343.2,47.22,7.41,pjm.com,false,
2024-11-19 11:00:00,USA,PJM,US-MIDA-PJM,277.36,342.65,47.1,9.57,pjm.com,false,
2024-11-19 12:00:00,USA,PJM,US-MIDA-PJM,279.33,345.09,46.72,11.08,pjm.com,false,
2024-11-19 13:00:00,USA,PJM,US-MIDA-PJM,276.1,340.8,47.73,12.28,pjm.com,false,
2024-11-19 14:00:00,USA,PJM,US-MIDA-PJM,278.13,343.19,47.4,12.22,pjm.com,false,
2024-11-19 15:00:00,USA,PJM,US-MIDA-PJM,282.28,347.63,46.98,11.91,pjm.com,false,
2024-11-19 16:00:00,USA,PJM,US-MIDA-PJM,278.67,343.51,47.67,12.15,pjm.com,false,
2024-11-19 17:00:00,USA,PJM,US-MIDA-PJM,281.18,346.72,47.07,11.76,pjm.com,false,
2024-11-19 18:00:00,USA,PJM,US-MIDA-PJM,288.48,355.03,46.05,10.55,pjm.com,false,
2024-11-19 19:00:00,USA,PJM,US-MIDA-PJM,291.03,358.55,45.49,9.74,pjm.com,false,
2024-11-19 20:00:00,USA,PJM,US-MIDA-PJM,292.93,361.37,44.65,8.9,pjm.com,false,
2024-11-19 21:00:00,USA,PJM,US-MIDA-PJM,296.34,366.03,43.55,8.12,pjm.com,false,
2024-11-19 22:00:00,USA,PJM,US-MIDA-PJM,304.48,376.0,41.81,7.57,pjm.com,false,
2024-11-19 23:00:00,USA,PJM,US-MIDA-PJM,307.97,379.74,41.35,7.51,pjm.com,false,
2024-11-20 00:00:00,USA,PJM,US-MIDA-PJM,308.36,379.75,41.44,7.28,pjm.com,false,
2024-11-20 01:00:00,USA,PJM,US-MIDA-PJM,304.1,373.89,42.51,7.67,pjm.com,false,
2024-11-20 02:00:00,USA,PJM,US-MIDA-PJM,300.16,369.01,43.26,7.08,pjm.com,false,
2024-11-20 03:00:00,USA,PJM,US-MIDA-PJM,298.31,366.2,43.96,6.08,pjm.com,false,
2024-11-20 04:00:00,USA,PJM,US-MIDA-PJM,295.9,363.17,44.53,5.23,pjm.com,false,
2024-11-20 05:00:00,USA,PJM,US-MIDA-PJM,292.35,358.87,45.29,4.85,pjm.com,false,
2024-11-20 06:00:00,USA,PJM,US-MIDA-PJM,288.72,355.12,45.58,4.38,pjm.com,false,
2024-11-20 07:00:00,USA,PJM,US-MIDA-PJM,287.5,354.33,45.33,4.01,pjm.com,false,
2024-11-20 08:00:00,USA,PJM,US-MIDA-PJM,286.03,352.33,45.8,4.09,pjm.com,false,
2024-11-20 09:00:00,USA,PJM,US-MIDA-PJM,284.77,350.92,45.97,4.69,pjm.com,false,
2024-11-20 10:00:00,USA,PJM,US-MIDA-PJM,286.41,352.82,45.68,5.41,pjm.com,false,
2024-11-20 11:00:00,USA,PJM,US-MIDA-PJM,297.77,366.61,43.4,5.46,pjm.com,false,
2024-11-20 12:00:00,USA,PJM,US-MIDA-PJM,304.46,373.73,42.85,6.49,pjm.com,false,
2024-11-20 13:00:00,USA,PJM,US-MIDA-PJM,305.86,375.48,42.54,6.7,pjm.com,false,
2024-11-20 14:00:00,USA,PJM,US-MIDA-PJM,309.55,379.47,42.09,6.28,pjm.com,false,
2024-11-20 15:00:00,USA,PJM,US-MIDA-PJM,303.03,371.67,43.49,7.55,pjm.com,false,
2024-11-20 16:00:00,USA,PJM,US-MIDA-PJM,295.26,362.72,44.88,9.08,pjm.com,false,
2024-11-20 17:00:00,USA,PJM,US-MIDA-PJM,293.07,359.94,45.4,9.94,pjm.com,false,
2024-11-20 18:00:00,USA,PJM,US-MIDA-PJM,293.39,360.1,45.42,10.1,pjm.com,false,
2024-11-20 19:00:00,USA,PJM,US-MIDA-PJM,289.94,356.39,45.76,10.35,pjm.com,false,
2024-11-20 20:00:00,USA,PJM,US-MIDA-PJM,283.91,349.36,46.85,11.65,pjm.com,false,
2024-11-20 21:00:00,USA,PJM,US-MIDA-PJM,286.58,352.95,45.92,11.37,pjm.com,false,
2024-11-20 22:00:00,USA,PJM,US-MIDA-PJM,285.46,351.76,45.96,12.43,pjm.com,false,
2024-11-20 23:00:00,USA,PJM,US-MIDA-PJM,289.55,356.02,45.62,12.29,pjm.com,false,
2024-11-21 00:00:00,USA,PJM,US-MIDA-PJM,289.14,355.44,45.68,11.67,pjm.com,false,
2024-11-21 01:00:00,USA,PJM,US-MIDA-PJM,293.34,360.0,45.11,10.75,pjm.com,false,
2024-11-21 02:00:00,USA,PJM,US-MIDA-PJM,293.85,360.64,44.91,9.76,pjm.com,false,
2024-11-21 03:00:00,USA,PJM,US-MIDA-PJM,293.91,360.68,44.89,8.58,pjm.com,false,
2024-11-21 04:00:00,USA,PJM,US-MIDA-PJM,286.45,351.47,46.57,9.29,pjm.com,false,
2024-11-21 05:00:00,USA,PJM,US-MIDA-PJM,280.03,343.91,47.73,9.88,pjm.com,false,
2024-11-21 06:00:00,USA,PJM,US-MIDA-PJM,280.56,345.49,46.94,8.57,pjm.com,false,
2024-11-21 07:00:00,USA,PJM,US-MIDA-PJM,278.35,343.36,46.99,8.45,pjm.com,false,
2024-11-21 08:00:00,USA,PJM,US-MIDA-PJM,282.08,348.14,46.04,7.62,pjm.com,false,
2024-11-21 09:00:00,USA,PJM,US-MIDA-PJM,287.53,354.21,45.31,7.46,pjm.com,false,
2024-11-21 10:00:00,USA,PJM,US-MIDA-PJM,291.09,358.61,44.51,7.71,pjm.com,false,
2024-11-21 11:00:00,USA,PJM,US-MIDA-PJM,294.63,363.48,43.72,8.85,pjm.com,false,
2024-11-21 12:00:00,USA,PJM,US-MIDA-PJM,298.93,368.45,43.13,9.91,pjm.com,false,
2024-11-21 13:00:00,USA,PJM,US-MIDA-PJM,292.71,360.99,44.37,11.57,pjm.com,false,
2024-11-21 14:00:00,USA,PJM,US-MIDA-PJM,287.15,354.35,45.52,12.7,pjm.com,false,
2024-11-21 15:00:00,USA,PJM,US-MIDA-PJM,290.31,357.64,45.22,12.7,pjm.com,false,
2024-11-21 16:00:00,USA,PJM,US-MIDA-PJM,292.38,359.88,44.94,12.37,pjm.com,false,
2024-11-21 17:00:00,USA,PJM,US-MIDA-PJM,294.62,362.46,44.54,11.92,pjm.com,false,
2024-11-21 18:00:00,USA,PJM,US-MIDA-PJM,301.18,369.83,43.65,11.21,pjm.com,false,
2024-11-21 19:00:00,USA,PJM,US-MIDA-PJM,302.58,371.7,43.36,10.85,pjm.com,false,
2024-11-21 20:00:00,USA,PJM,US-MIDA-PJM,301.95,371.63,43.0,10.54,pjm.com,false,
2024-11-21 21:00:00,USA,PJM,US-MIDA-PJM,303.9,374.23,42.46,10.74,pjm.com,false,
2024-11-21 22:00:00,USA,PJM,US-MIDA-PJM,306.33,376.86,41.86,10.94,pjm.com,false,
2024-11-21 23:00:00,USA,PJM,US-MIDA-PJM,307.34,378.06,41.67,10.97,pjm.com,false,
2024-11-22 00:00:00,USA,PJM,US-MIDA-PJM,308.06,378.89,41.52,10.64,pjm.com,false,
2024-11-22 01:00:00,USA,PJM,US-MIDA-PJM,309.85,380.31,41.47,10.21,pjm.com,false,
2024-11-22 02:00:00,USA,PJM,US-MIDA-PJM,309.18,379.44,41.67,9.55,pjm.com,false,
2024-11-22 03:00:00,USA,PJM,US-MIDA-PJM,310.37,380.17,41.82,8.45,pjm.com,false,
2024-11-22 04:00:00,USA,PJM,US-MIDA-PJM,307.66,376.79,42.43,7.77,pjm.com,false,
2024-11-22 05:00:00,USA,PJM,US-MIDA-PJM,306.63,375.39,42.77,7.21,pjm.com,false,
2024-11-22 06:00:00,USA,PJM,US-MIDA-PJM,307.98,376.79,42.68,6.9,pjm.com,false,
2024-11-22 07:00:00,USA,PJM,US-MIDA-PJM,303.61,372.09,43.15,6.9,pjm.com,false,
2024-11-22 08:00:00,USA,PJM,US-MIDA-PJM,301.13,369.63,43.26,7.04,pjm.com,false,
2024-11-22 09:00:00,USA,PJM,US-MIDA-PJM,301.14,369.75,43.23,7.1,pjm.com,false,
2024-11-22 10:00:00,USA,PJM,US-MIDA-PJM,301.99,371.44,42.61,7.4,pjm.com,false,
2024-11-22 11:00:00,USA,PJM,US-MIDA-PJM,300.03,369.59,43.05,9.7,pjm.com,false,
2024-11-22 12:00:00,USA,PJM,US-MIDA-PJM,305.81,376.54,42.14,10.43,pjm.com,false,
2024-11-22 13:00:00,USA,PJM,US-MIDA-PJM,300.88,370.88,43.19,11.66,pjm.com,false,
2024-11-22 14:00:00,USA,PJM,US-MIDA-PJM,293.05,362.1,44.37,12.85,pjm.com,false,
2024-11-22 15:00:00,USA,PJM,US-MIDA-PJM,299.58,369.3,43.45,12.22,pjm.com,false,
2024-11-22 16:00:00,USA,PJM,US-MIDA-PJM,303.35,373.5,42.7,11.35,pjm.com,false,
2024-11-22 17:00:00,USA,PJM,US-MIDA-PJM,299.49,369.15,42.99,11.07,pjm.com,false,
2024-11-22 18:00:00,USA,PJM,US-MIDA-PJM,302.13,372.3,42.5,10.61,pjm.com,false,
2024-11-22 19:00:00,USA,PJM,US-MIDA-PJM,304.74,375.55,41.83,9.9,pjm.com,false,
2024-11-22 20:00:00,USA,PJM,US-MIDA-PJM,305.85,376.78,41.53,9.61,pjm.com,false,
2024-11-22 21:00:00,USA,PJM,US-MIDA-PJM,301.7,372.37,41.96,10.19,pjm.com,false,
2024-11-22 22:00:00,USA,PJM,US-MIDA-PJM,301.22,372.39,41.83,10.86,pjm.com,false,
2024-11-22 23:00:00,USA,PJM,US-MIDA-PJM,299.6,370.63,42.1,10.89,pjm.com,false,
2024-11-23 00:00:00,USA,PJM,US-MIDA-PJM,296.01,366.77,42.34,10.74,pjm.com,false,
2024-11-23 01:00:00,USA,PJM,US-MIDA-PJM,298.14,368.92,42.05,9.96,pjm.com,false,
2024-11-23 02:00:00,USA,PJM,US-MIDA-PJM,304.56,376.1,41.06,8.35,pjm.com,false,
2024-11-23 03:00:00,USA,PJM,US-MIDA-PJM,309.31,381.15,40.45,7.18,pjm.com,false,
2024-11-23 04:00:00,USA,PJM,US-MIDA-PJM,315.68,387.62,40.0,6.28,pjm.com,false,
2024-11-23 05:00:00,USA,PJM,US-MIDA-PJM,318.67,389.88,40.4,6.04,pjm.com,false,
2024-11-23 06:00:00,USA,PJM,US-MIDA-PJM,316.36,386.51,41.29,5.99,pjm.com,false,
2024-11-23 07:00:00,USA,PJM,US-MIDA-PJM,313.58,383.88,41.35,5.4,pjm.com,false,
2024-11-23 08:00:00,USA,PJM,US-MIDA-PJM,316.21,386.84,41.0,4.72,pjm.com,false,
2024-11-23 09:00:00,USA,PJM,US-MIDA-PJM,315.24,385.8,41.09,4.46,pjm.com,false,
2024-11-23 10:00:00,USA,PJM,US-MIDA-PJM,314.54,385.23,41.06,4.25,pjm.com,false,
2024-11-23 11:00:00,USA,PJM,US-MIDA-PJM,315.84,387.19,40.72,4.6,pjm.com,false,
2024-11-23 12:00:00,USA,PJM,US-MIDA-PJM,316.59,388.52,40.62,5.12,pjm.com,false,
2024-11-23 13:00:00,USA,PJM,US-MIDA-PJM,309.72,380.49,41.99,6.83,pjm.com,false,
2024-11-23 14:00:00,USA,PJM,US-MIDA-PJM,301.82,371.7,43.24,8.34,pjm.com,false,
2024-11-23 15:00:00,USA,PJM,US-MIDA-PJM,301.78,371.2,43.55,8.6,pjm.com,false,
2024-11-23 16:00:00,USA,PJM,US-MIDA-PJM,304.84,374.36,43.22,8.36,pjm.com,false,
2024-11-23 17:00:00,USA,PJM,US-MIDA-PJM,304.59,373.74,43.45,8.4,pjm.com,false,
2024-11-23 18:00:00,USA,PJM,US-MIDA-PJM,300.83,369.3,44.12,8.41,pjm.com,false,
2024-11-23 19:00:00,USA,PJM,US-MIDA-PJM,299.86,368.77,43.84,7.93,pjm.com,false,
2024-11-23 20:00:00,USA,PJM,US-MIDA-PJM,301.75,371.53,43.01,6.67,pjm.com,false,
2024-11-23 21:00:00,USA,PJM,US-MIDA-PJM,308.46,379.62,41.59,5.8,pjm.com,false,
2024-11-23 22:00:00,USA,PJM,US-MIDA-PJM,308.0,379.38,41.64,7.33,pjm.com,false,
2024-11-23 23:00:00,USA,PJM,US-MIDA-PJM,312.2,384.0,41.07,7.05,pjm.com,false,
2024-11-24 00:00:00,USA,PJM,US-MIDA-PJM,312.2,384.07,41.01,6.67,pjm.com,false,
2024-11-24 01:00:00,USA,PJM,US-MIDA-PJM,314.52,386.93,40.37,5.84,pjm.com,false,
2024-11-24 02:00:00,USA,PJM,US-MIDA-PJM,320.21,393.24,39.55,4.69,pjm.com,false,
2024-11-24 03:00:00,USA,PJM,US-MIDA-PJM,320.81,393.43,39.41,3.82,pjm.com,false,
2024-11-24 04:00:00,USA,PJM,US-MIDA-PJM,315.9,387.61,40.25,3.82,pjm.com,false,
2024-11-24 05:00:00,USA,PJM,US-MIDA-PJM,306.45,376.99,41.57,4.39,pjm.com,false,
2024-11-24 06:00:00,USA,PJM,US-MIDA-PJM,300.01,369.76,42.49,4.68,pjm.com,false,
2024-11-24 07:00:00,USA,PJM,US-MIDA-PJM,294.6,364.08,42.94,4.66,pjm.com,false,
2024-11-24 08:00:00,USA,PJM,US-MIDA-PJM,292.27,361.9,42.93,4.77,pjm.com,false,
2024-11-24 09:00:00,USA,PJM,US-MIDA-PJM,292.22,361.78,43.0,4.88,pjm.com,false,
2024-11-24 10:00:00,USA,PJM,US-MIDA-PJM,290.37,359.48,43.42,5.44,pjm.com,false,
2024-11-24 11:00:00,USA,PJM,US-MIDA-PJM,288.79,357.21,44.05,6.23,pjm.com,false,
2024-11-24 12:00:00,USA,PJM,US-MIDA-PJM,287.73,356.22,44.11,6.91,pjm.com,false,
2024-11-24 13:00:00,USA,PJM,US-MIDA-PJM,283.84,351.78,44.86,8.63,pjm.com,false,
2024-11-24 14:00:00,USA,PJM,US-MIDA-PJM,277.89,344.68,46.24,10.25,pjm.com,false,
2024-11-24 15:00:00,USA,PJM,US-MIDA-PJM,278.63,345.52,46.25,9.96,pjm.com,false,
2024-11-24 16:00:00,USA,PJM,US-MIDA-PJM,278.69,345.72,46.16,9.85,pjm.com,false,
2024-11-24 17:00:00,USA,PJM,US-MIDA-PJM,274.19,339.96,47.4,10.66,pjm.com,false,
2024-11-24 18:00:00,USA,PJM,US-MIDA-PJM,270.21,335.13,48.27,11.3,pjm.com,false,
2024-11-24 19:00:00,USA,PJM,US-MIDA-PJM,266.8,331.29,48.78,11.89,pjm.com,false,
2024-11-24 20:00:00,USA,PJM,US-MIDA-PJM,270.08,335.11,48.05,10.73,pjm.com,false,
2024-11-24 21:00:00,USA,PJM,US-MIDA-PJM,283.28,350.93,45.19,8.26,pjm.com,false,
2024-11-24 22:00:00,USA,PJM,US-MIDA-PJM,286.41,354.94,44.37,9.32,pjm.com,false,
2024-11-24 23:00:00,USA,PJM,US-MIDA-PJM,289.1,357.83,44.04,9.47,pjm.com,false,
2024-11-25 00:00:00,USA,PJM,US-MIDA-PJM,293.52,362.51,43.58,9.04,pjm.com,false,
2024-11-25 01:00:00,USA,PJM,US-MIDA-PJM,295.06,363.83,43.62,8.78,pjm.com,false,
2024-11-25 02:00:00,USA,PJM,US-MIDA-PJM,297.88,366.99,43.16,7.67,pjm.com,false,
2024-11-25 03:00:00,USA,PJM,US-MIDA-PJM,293.63,362.39,43.6,7.29,pjm.com,false,
2024-11-25 04:00:00,USA,PJM,US-MIDA-PJM,294.96,363.9,43.33,6.41,pjm.com,false,
2024-11-25 05:00:00,USA,PJM,US-MIDA-PJM,294.94,363.78,43.39,5.95,pjm.com,false,
2024-11-25 06:00:00,USA,PJM,US-MIDA-PJM,293.85,362.35,43.72,5.66,pjm.com,false,
2024-11-25 07:00:00,USA,PJM,US-MIDA-PJM,293.7,362.46,43.53,5.3,pjm.com,false,
2024-11-25 08:00:00,USA,PJM,US-MIDA-PJM,297.19,366.83,42.7,4.62,pjm.com,false,
2024-11-25 09:00:00,USA,PJM,US-MIDA-PJM,299.29,369.43,42.23,4.28,pjm.com,false,
2024-11-25 10:00:00,USA,PJM,US-MIDA-PJM,304.74,375.98,41.21,4.18,pjm.com,false,
2024-11-25 11:00:00,USA,PJM,US-MIDA-PJM,301.66,373.51,41.11,6.55,pjm.com,false,
2024-11-25 12:00:00,USA,PJM,US-MIDA-PJM,309.47,382.26,40.08,7.12,pjm.com,false,
2024-11-25 13:00:00,USA,PJM,US-MIDA-PJM,302.57,373.79,41.73,8.89,pjm.com,false,
2024-11-25 14:00:00,USA,PJM,US-MIDA-PJM,296.51,366.34,43.13,9.4,pjm.com,false,
2024-11-25 15:00:00,USA,PJM,US-MIDA-PJM,292.88,361.46,44.26,10.04,pjm.com,false,
2024-11-25 16:00:00,USA,PJM,US-MIDA-PJM,289.35,357.34,44.88,10.04,pjm.com,false,
2024-11-25 17:00:00,USA,PJM,US-MIDA-PJM,286.32,353.72,45.48,10.61,pjm.com,false,
2024-11-25 18:00:00,USA,PJM,US-MIDA-PJM,285.06,352.05,45.75,11.03,pjm.com,false,
2024-11-25 19:00:00,USA,PJM,US-MIDA-PJM,284.19,350.68,46.13,11.2,pjm.com,false,
2024-11-25 20:00:00,USA,PJM,US-MIDA-PJM,285.39,352.3,45.61,10.72,pjm.com,false,
2024-11-25 21:00:00,USA,PJM,US-MIDA-PJM,291.33,359.54,44.26,9.92,pjm.com,false,
2024-11-25 22:00:00,USA,PJM,US-MIDA-PJM,289.46,357.64,44.45,11.2,pjm.com,false,
2024-11-25 23:00:00,USA,PJM,US-MIDA-PJM,291.37,359.78,44.15,11.09,pjm.com,false,
2024-11-26 00:00:00,USA,PJM,US-MIDA-PJM,291.62,359.48,44.5,11.25,pjm.com,false,
2024-11-26 01:00:00,USA,PJM,US-MIDA-PJM,294.88,362.69,44.27,10.58,pjm.com,false,
2024-11-26 02:00:00,USA,PJM,US-MIDA-PJM,291.38,358.42,44.95,10.24,pjm.com,false,
2024-11-26 03:00:00,USA,PJM,US-MIDA-PJM,287.52,353.89,45.56,9.92,pjm.com,false,
2024-11-26 04:00:00,USA,PJM,US-MIDA-PJM,281.46,346.92,46.52,10.01,pjm.com,false,
2024-11-26 05:00:00,USA,PJM,US-MIDA-PJM,277.85,342.69,47.16,9.92,pjm.com,false,
2024-11-26 06:00:00,USA,PJM,US-MIDA-PJM,277.76,342.61,47.16,9.74,pjm.com,false,
2024-11-26 07:00:00,USA,PJM,US-MIDA-PJM,275.54,339.64,47.82,9.84,pjm.com,false,
2024-11-26 08:00:00,USA,PJM,US-MIDA-PJM,274.69,338.41,48.16,9.8,pjm.com,false,
2024-11-26 09:00:00,USA,PJM,US-MIDA-PJM,278.24,343.23,47.04,9.2,pjm.com,false,
2024-11-26 10:00:00,USA,PJM,US-MIDA-PJM,286.01,352.89,45.26,8.15,pjm.com,false,
2024-11-26 11:00:00,USA,PJM,US-MIDA-PJM,291.08,359.25,44.17,8.3,pjm.com,false,
2024-11-26 12:00:00,USA,PJM,US-MIDA-PJM,293.54,362.61,43.49,9.13,pjm.com,false,
2024-11-26 13:00:00,USA,PJM,US-MIDA-PJM,302.42,372.61,42.26,8.79,pjm.com,false,
2024-11-26 14:00:00,USA,PJM,US-MIDA-PJM,304.65,374.63,42.37,8.92,pjm.com,false,
2024-11-26 15:00:00,USA,PJM,US-MIDA-PJM,303.36,372.67,43.05,9.22,pjm.com,false,
2024-11-26 16:00:00,USA,PJM,US-MIDA-PJM,300.58,369.61,43.46,9.12,pjm.com,false,
2024-11-26 17:00:00,USA,PJM,US-MIDA-PJM,296.93,365.22,44.23,9.37,pjm.com,false,
2024-11-26 18:00:00,USA,PJM,US-MIDA-PJM,293.27,360.98,44.89,9.88,pjm.com,false,
2024-11-26 19:00:00,USA,PJM,US-MIDA-PJM,289.77,356.56,45.77,10.22,pjm.com,false,
2024-11-26 20:00:00,USA,PJM,US-MIDA-PJM,291.82,359.0,45.28,9.3,pjm.com,false,
2024-11-26 21:00:00,USA,PJM,US-MIDA-PJM,301.07,370.64,42.84,7.51,pjm.com,false,
2024-11-26 22:00:00,USA,PJM,US-MIDA-PJM,308.61,379.84,41.21,7.54,pjm.com,false,
2024-11-26 23:00:00,USA,PJM,US-MIDA-PJM,310.36,382.15,41.02,7.78,pjm.com,false,
2024-11-27 00:00:00,USA,PJM,US-MIDA-PJM,311.98,383.82,40.86,7.68,pjm.com,false,
2024-11-27 01:00:00,USA,PJM,US-MIDA-PJM,314.83,386.49,40.62,6.93,pjm.com,false,
2024-11-27 02:00:00,USA,PJM,US-MIDA-PJM,318.5,390.35,40.12,5.88,pjm.com,false,
2024-11-27 03:00:00,USA,PJM,US-MIDA-PJM,321.83,394.04,39.56,4.17,pjm.com,false,
2024-11-27 04:00:00,USA,PJM,US-MIDA-PJM,321.08,392.98,39.8,3.62,pjm.com,false,
2024-11-27 05:00:00,USA,PJM,US-MIDA-PJM,315.15,386.08,40.83,3.68,pjm.com,false,
2024-11-27 06:00:00,USA,PJM,US-MIDA-PJM,313.46,384.75,40.67,3.27,pjm.com,false,
2024-11-27 07:00:00,USA,PJM,US-MIDA-PJM,314.47,385.97,40.48,2.87,pjm.com,false,
2024-11-27 08:00:00,USA,PJM,US-MIDA-PJM,313.86,385.29,40.56,3.03,pjm.com,false,
2024-11-27 09:00:00,USA,PJM,US-MIDA-PJM,315.53,387.16,40.36,3.29,pjm.com,false,
2024-11-27 10:00:00,USA,PJM,US-MIDA-PJM,316.92,388.72,40.17,3.61,pjm.com,false,
2024-11-27 11:00:00,USA,PJM,US-MIDA-PJM,313.8,385.67,40.44,5.59,pjm.com,false,
2024-11-27 12:00:00,USA,PJM,US-MIDA-PJM,315.39,387.73,40.09,6.78,pjm.com,false,
2024-11-27 13:00:00,USA,PJM,US-MIDA-PJM,316.65,388.59,40.4,7.57,pjm.com,false,
2024-11-27 14:00:00,USA,PJM,US-MIDA-PJM,319.41,391.37,40.29,6.98,pjm.com,false,
2024-11-27 15:00:00,USA,PJM,US-MIDA-PJM,326.03,398.42,39.62,6.19,pjm.com,false,
2024-11-27 16:00:00,USA,PJM,US-MIDA-PJM,325.52,397.49,39.98,6.24,pjm.com,false,
2024-11-27 17:00:00,USA,PJM,US-MIDA-PJM,332.2,404.6,39.29,5.4,pjm.com,false,
2024-11-27 18:00:00,USA,PJM,US-MIDA-PJM,335.2,407.82,39.03,4.95,pjm.com,false,
2024-11-27 19:00:00,USA,PJM,US-MIDA-PJM,334.07,407.36,38.67,4.32,pjm.com,false,
2024-11-27 20:00:00,USA,PJM,US-MIDA-PJM,335.32,409.16,37.93,3.53,pjm.com,false,
2024-11-27 21:00:00,USA,PJM,US-MIDA-PJM,337.75,411.88,37.58,3.87,pjm.com,false,
2024-11-27 22:00:00,USA,PJM,US-MIDA-PJM,337.56,411.41,37.86,4.98,pjm.com,false,
2024-11-27 23:00:00,USA,PJM,US-MIDA-PJM,335.44,409.06,38.15,5.26,pjm.com,false,
2024-11-28 00:00:00,USA,PJM,US-MIDA-PJM,339.36,413.42,37.57,4.5,pjm.com,false,
2024-11-28 01:00:00,USA,PJM,US-MIDA-PJM,338.99,412.77,37.73,3.87,pjm.com,false,
2024-11-28 02:00:00,USA,PJM,US-MIDA-PJM,335.01,407.83,38.63,3.77,pjm.com,false,
2024-11-28 03:00:00,USA,PJM,US-MIDA-PJM,330.11,401.85,39.56,3.37,pjm.com,false,
2024-11-28 04:00:00,USA,PJM,US-MIDA-PJM,320.27,390.81,40.88,3.63,pjm.com,false,
2024-11-28 05:00:00,USA,PJM,US-MIDA-PJM,313.35,382.18,42.51,4.27,pjm.com,false,
2024-11-28 06:00:00,USA,PJM,US-MIDA-PJM,307.05,374.7,43.7,5.07,pjm.com,false,
2024-11-28 07:00:00,USA,PJM,US-MIDA-PJM,302.97,369.56,44.69,5.67,pjm.com,false,
2024-11-28 08:00:00,USA,PJM,US-MIDA-PJM,300.68,366.14,45.65,6.04,pjm.com,false,
2024-11-28 09:00:00,USA,PJM,US-MIDA-PJM,302.95,368.78,45.27,5.6,pjm.com,false,
2024-11-28 10:00:00,USA,PJM,US-MIDA-PJM,304.73,370.95,44.9,5.31,pjm.com,false,
2024-11-28 11:00:00,USA,PJM,US-MIDA-PJM,306.4,373.05,44.52,5.57,pjm.com,false,
2024-11-28 12:00:00,USA,PJM,US-MIDA-PJM,306.93,374.07,44.16,6.29,pjm.com,false,
2024-11-28 13:00:00,USA,PJM,US-MIDA-PJM,314.05,383.18,42.33,5.81,pjm.com,false,
2024-11-28 14:00:00,USA,PJM,US-MIDA-PJM,321.01,391.21,41.21,6.18,pjm.com,false,
2024-11-28 15:00:00,USA,PJM,US-MIDA-PJM,328.09,398.71,40.72,6.59,pjm.com,false,
2024-11-28 16:00:00,USA,PJM,US-MIDA-PJM,326.94,397.2,41.16,7.42,pjm.com,false,
2024-11-28 17:00:00,USA,PJM,US-MIDA-PJM,316.29,385.2,42.75,8.55,pjm.com,false,
2024-11-28 18:00:00,USA,PJM,US-MIDA-PJM,307.1,374.33,44.45,9.66,pjm.com,false,
2024-11-28 19:00:00,USA,PJM,US-MIDA-PJM,300.35,365.93,45.84,10.35,pjm.com,false,
2024-11-28 20:00:00,USA,PJM,US-MIDA-PJM,299.51,365.09,45.87,10.05,pjm.com,false,
2024-11-28 21:00:00,USA,PJM,US-MIDA-PJM,304.22,370.34,45.12,8.61,pjm.com,false,
2024-11-28 22:00:00,USA,PJM,US-MIDA-PJM,304.74,371.35,44.73,8.38,pjm.com,false,
2024-11-28 23:00:00,USA,PJM,US-MIDA-PJM,303.99,370.25,45.03,8.38,pjm.com,false,
2024-11-29 00:00:00,USA,PJM,US-MIDA-PJM,300.34,365.61,45.93,8.95,pjm.com,false,
2024-11-29 01:00:00,USA,PJM,US-MIDA-PJM,300.47,365.88,45.78,8.96,pjm.com,false,
2024-11-29 02:00:00,USA,PJM,US-MIDA-PJM,298.68,364.19,45.74,8.98,pjm.com,false,
2024-11-29 03:00:00,USA,PJM,US-MIDA-PJM,300.04,365.86,45.38,8.47,pjm.com,false,
2024-11-29 04:00:00,USA,PJM,US-MIDA-PJM,297.37,362.54,45.98,8.84,pjm.com,false,
2024-11-29 05:00:00,USA,PJM,US-MIDA-PJM,296.4,361.29,46.24,8.72,pjm.com,false,
2024-11-29 06:00:00,USA,PJM,US-MIDA-PJM,296.47,361.17,46.37,8.35,pjm.com,false,
2024-11-29 07:00:00,USA,PJM,US-MIDA-PJM,294.21,358.3,46.95,8.57,pjm.com,false,
2024-11-29 08:00:00,USA,PJM,US-MIDA-PJM,294.5,358.82,46.79,8.67,pjm.com,false,
2024-11-29 09:00:00,USA,PJM,US-MIDA-PJM,296.9,362.04,46.09,8.55,pjm.com,false,
2024-11-29 10:00:00,USA,PJM,US-MIDA-PJM,299.68,365.69,45.32,8.41,pjm.com,false,
2024-11-29 11:00:00,USA,PJM,US-MIDA-PJM,297.75,363.86,45.41,9.57,pjm.com,false,
2024-11-29 12:00:00,USA,PJM,US-MIDA-PJM,301.73,368.9,44.46,10.01,pjm.com,false,
2024-11-29 13:00:00,USA,PJM,US-MIDA-PJM,297.34,363.8,45.31,11.4,pjm.com,false,
2024-11-29 14:00:00,USA,PJM,US-MIDA-PJM,287.86,352.54,47.24,13.05,pjm.com,false,
2024-11-29 15:00:00,USA,PJM,US-MIDA-PJM,285.4,350.06,47.39,13.3,pjm.com,false,
2024-11-29 16:00:00,USA,PJM,US-MIDA-PJM,287.25,352.34,46.98,13.22,pjm.com,false,
2024-11-29 17:00:00,USA,PJM,US-MIDA-PJM,289.38,354.89,46.56,13.05,pjm.com,false,
2024-11-29 18:00:00,USA,PJM,US-MIDA-PJM,294.01,359.96,45.95,12.46,pjm.com,false,
2024-11-29 19:00:00,USA,PJM,US-MIDA-PJM,294.13,359.95,46.02,12.38,pjm.com,false,
2024-11-29 20:00:00,USA,PJM,US-MIDA-PJM,297.74,364.33,45.22,11.61,pjm.com,false,
2024-11-29 21:00:00,USA,PJM,US-MIDA-PJM,305.22,373.12,43.82,11.08,pjm.com,false,
2024-11-29 22:00:00,USA,PJM,US-MIDA-PJM,311.05,379.64,43.04,11.42,pjm.com,false,
2024-11-29 23:00:00,USA,PJM,US-MIDA-PJM,317.05,386.05,42.45,10.87,pjm.com,false,
2024-11-30 00:00:00,USA,PJM,US-MIDA-PJM,318.99,388.4,42.04,10.42,pjm.com,false,
2024-11-30 01:00:00,USA,PJM,US-MIDA-PJM,320.9,390.42,41.84,10.16,pjm.com,false,
2024-11-30 02:00:00,USA,PJM,US-MIDA-PJM,323.32,392.92,41.56,9.33,pjm.com,false,
2024-11-30 03:00:00,USA,PJM,US-MIDA-PJM,324.4,393.98,41.45,8.74,pjm.com,false,
2024-11-30 04:00:00,USA,PJM,US-MIDA-PJM,329.28,399.34,40.77,7.5,pjm.com,false,
2024-11-30 05:00:00,USA,PJM,US-MIDA-PJM,329.71,399.72,40.75,6.87,pjm.com,false,
2024-11-30 06:00:00,USA,PJM,US-MIDA-PJM,327.48,397.57,40.79,6.58,pjm.com,false,
2024-11-30 07:00:00,USA,PJM,US-MIDA-PJM,326.07,395.82,41.12,6.43,pjm.com,false,
2024-11-30 08:00:00,USA,PJM,US-MIDA-PJM,327.42,397.12,41.12,6.29,pjm.com,false,
2024-11-30 09:00:00,USA,PJM,US-MIDA-PJM,329.13,399.27,40.71,6.18,pjm.com,false,
2024-11-30 10:00:00,USA,PJM,US-MIDA-PJM,330.94,401.61,40.24,6.33,pjm.com,false,
2024-11-30 11:00:00,USA,PJM,US-MIDA-PJM,329.45,399.74,40.7,7.59,pjm.com,false,
2024-11-30 12:00:00,USA,PJM,US-MIDA-PJM,334.43,405.61,40.31,8.13,pjm.com,false,
2024-11-30 13:00:00,USA,PJM,US-MIDA-PJM,331.96,402.98,40.68,9.07,pjm.com,false,
2024-11-30 14:00:00,USA,PJM,US-MIDA-PJM,317.12,385.8,43.06,11.42,pjm.com,false,
2024-11-30 15:00:00,USA,PJM,US-MIDA-PJM,316.37,384.84,43.28,11.53,pjm.com,false,
2024-11-30 16:00:00,USA,PJM,US-MIDA-PJM,312.71,380.61,43.87,11.65,pjm.com,false,
2024-11-30 17:00:00,USA,PJM,US-MIDA-PJM,303.68,370.28,45.31,12.35,pjm.com,false,
2024-11-30 18:00:00,USA,PJM,US-MIDA-PJM,296.51,362.27,46.32,13.03,pjm.com,false,
2024-11-30 19:00:00,USA,PJM,US-MIDA-PJM,297.4,363.59,45.96,12.8,pjm.com,false,
2024-11-30 20:00:00,USA,PJM,US-MIDA-PJM,303.49,371.17,44.7,11.52,pjm.com,false,
2024-11-30 21:00:00,USA,PJM,US-MIDA-PJM,322.47,393.63,41.05,8.51,pjm.com,false,
2024-11-30 22:00:00,USA,PJM,US-MIDA-PJM,332.45,404.86,39.77,8.77,pjm.com,false,
2024-11-30 23:00:00,USA,PJM,US-MIDA-PJM,334.59,406.6,39.75,9.23,pjm.com,false,
2024-12-01 00:00:00,USA,PJM,US-MIDA-PJM,338.24,410.04,39.59,9.03,pjm.com,false,
2024-12-01 01:00:00,USA,PJM,US-MIDA-PJM,339.55,410.85,39.61,8.99,pjm.com,false,
2024-12-01 02:00:00,USA,PJM,US-MIDA-PJM,342.6,414.08,39.18,8.13,pjm.com,false,
2024-12-01 03:00:00,USA,PJM,US-MIDA-PJM,346.43,418.03,38.76,7.0,pjm.com,false,
2024-12-01 04:00:00,USA,PJM,US-MIDA-PJM,341.99,412.98,39.39,6.79,pjm.com,false,
2024-12-01 05:00:00,USA,PJM,US-MIDA-PJM,338.23,408.34,40.24,6.48,pjm.com,false,
2024-12-01 06:00:00,USA,PJM,US-MIDA-PJM,333.43,403.21,40.75,6.41,pjm.com,false,
2024-12-01 07:00:00,USA,PJM,US-MIDA-PJM,333.58,403.73,40.47,6.21,pjm.com,false,
2024-12-01 08:00:00,USA,PJM,US-MIDA-PJM,334.61,405.31,40.02,5.77,pjm.com,false,
2024-12-01 09:00:00,USA,PJM,US-MIDA-PJM,337.86,408.91,39.59,5.38,pjm.com,false,
2024-12-01 10:00:00,USA,PJM,US-MIDA-PJM,341.21,412.36,39.32,5.25,pjm.com,false,
2024-12-01 11:00:00,USA,PJM,US-MIDA-PJM,341.36,412.64,39.25,5.39,pjm.com,false,
2024-12-01 12:00:00,USA,PJM,US-MIDA-PJM,346.8,418.5,38.69,5.41,pjm.com,false,
2024-12-01 13:00:00,USA,PJM,US-MIDA-PJM,347.29,418.65,39.24,6.6,pjm.com,false,
2024-12-01 14:00:00,USA,PJM,US-MIDA-PJM,326.66,395.37,42.55,9.73,pjm.com,false,
2024-12-01 15:00:00,USA,PJM,US-MIDA-PJM,315.28,383.22,43.83,10.81,pjm.com,false,
2024-12-01 16:00:00,USA,PJM,US-MIDA-PJM,316.18,384.52,43.43,10.18,pjm.com,false,
2024-12-01 17:00:00,USA,PJM,US-MIDA-PJM,319.78,388.45,42.93,9.58,pjm.com,false,
2024-12-01 18:00:00,USA,PJM,US-MIDA-PJM,314.36,382.3,43.76,10.11,pjm.com,false,
2024-12-01 19:00:00,USA,PJM,US-MIDA-PJM,312.86,380.82,43.77,9.77,pjm.com,false,
2024-12-01 20:00:00,USA,PJM,US-MIDA-PJM,317.18,385.76,43.02,9.1,pjm.com,false,
2024-12-01 21:00:00,USA,PJM,US-MIDA-PJM,335.48,406.5,40.24,7.12,pjm.com,false,
2024-12-01 22:00:00,USA,PJM,US-MIDA-PJM,345.57,418.4,38.46,7.24,pjm.com,false,
2024-12-01 23:00:00,USA,PJM,US-MIDA-PJM,352.41,425.85,37.66,7.08,pjm.com,false,
2024-12-02 00:00:00,USA,PJM,US-MIDA-PJM,358.28,431.91,37.22,6.77,pjm.com,false,
2024-12-02 01:00:00,USA,PJM,US-MIDA-PJM,358.95,432.27,37.39,6.7,pjm.com,false,
2024-12-02 02:00:00,USA,PJM,US-MIDA-PJM,360.67,434.17,37.04,5.75,pjm.com,false,
2024-12-02 03:00:00,USA,PJM,US-MIDA-PJM,362.99,436.12,36.81,4.62,pjm.com,false,
2024-12-02 04:00:00,USA,PJM,US-MIDA-PJM,360.38,432.45,37.71,4.45,pjm.com,false,
2024-12-02 05:00:00,USA,PJM,US-MIDA-PJM,362.32,434.66,37.43,3.94,pjm.com,false,
2024-12-02 06:00:00,USA,PJM,US-MIDA-PJM,363.08,435.6,37.26,3.6,pjm.com,false,
2024-12-02 07:00:00,USA,PJM,US-MIDA-PJM,364.2,437.21,36.87,3.14,pjm.com,false,
2024-12-02 08:00:00,USA,PJM,US-MIDA-PJM,369.0,442.54,36.27,2.85,pjm.com,false,
2024-12-02 09:00:00,USA,PJM,US-MIDA-PJM,372.06,445.97,35.88,2.77,pjm.com,false,
2024-12-02 10:00:00,USA,PJM,US-MIDA-PJM,370.31,445.05,35.45,3.13,pjm.com,false,
2024-12-02 11:00:00,USA,PJM,US-MIDA-PJM,363.39,438.3,35.82,5.22,pjm.com,false,
2024-12-02 12:00:00,USA,PJM,US-MIDA-PJM,368.02,444.26,34.61,5.46,pjm.com,false,
2024-12-02 13:00:00,USA,PJM,US-MIDA-PJM,362.96,437.76,36.13,7.04,pjm.com,false,
2024-12-02 14:00:00,USA,PJM,US-MIDA-PJM,356.01,429.16,37.83,8.12,pjm.com,false,
2024-12-02 15:00:00,USA,PJM,US-MIDA-PJM,349.26,422.18,38.39,8.04,pjm.com,false,
2024-12-02 16:00:00,USA,PJM,US-MIDA-PJM,343.9,416.72,38.72,8.13,pjm.com,false,
2024-12-02 17:00:00,USA,PJM,US-MIDA-PJM,343.59,416.26,39.02,8.4,pjm.com,false,
2024-12-02 18:00:00,USA,PJM,US-MIDA-PJM,340.5,413.01,39.33,8.58,pjm.com,false,
2024-12-02 19:00:00,USA,PJM,US-MIDA-PJM,341.08,413.73,39.12,8.29,pjm.com,false,
2024-12-02 20:00:00,USA,PJM,US-MIDA-PJM,348.27,422.03,37.75,7.07,pjm.com,false,
2024-12-02 21:00:00,USA,PJM,US-MIDA-PJM,357.0,432.38,36.01,5.76,pjm.com,false,
2024-12-02 22:00:00,USA,PJM,US-MIDA-PJM,360.39,436.44,35.46,6.53,pjm.com,false,
2024-12-02 23:00:00,USA,PJM,US-MIDA-PJM,364.38,440.62,35.11,6.72,pjm.com,false,
2024-12-03 00:00:00,USA,PJM,US-MIDA-PJM,365.36,441.34,35.24,6.91,pjm.com,false,
2024-12-03 01:00:00,USA,PJM,US-MIDA-PJM,369.4,445.4,35.01,6.69,pjm.com,false,
2024-12-03 02:00:00,USA,PJM,US-MIDA-PJM,372.41,448.06,35.04,6.25,pjm.com,false,
2024-12-03 03:00:00,USA,PJM,US-MIDA-PJM,369.64,444.34,35.71,5.78,pjm.com,false,
2024-12-03 04:00:00,USA,PJM,US-MIDA-PJM,368.07,441.69,36.31,5.4,pjm.com,false,
2024-12-03 05:00:00,USA,PJM,US-MIDA-PJM,365.74,438.81,36.71,4.71,pjm.com,false,
2024-12-03 06:00:00,USA,PJM,US-MIDA-PJM,361.51,434.5,36.96,4.3,pjm.com,false,
2024-12-03 07:00:00,USA,PJM,US-MIDA-PJM,362.46,435.73,36.77,4.04,pjm.com,false,
2024-12-03 08:00:00,USA,PJM,US-MIDA-PJM,364.88,438.28,36.67,4.09,pjm.com,false,
2024-12-03 09:00:00,USA,PJM,US-MIDA-PJM,365.14,438.53,36.68,4.49,pjm.com,false,
2024-12-03 10:00:00,USA,PJM,US-MIDA-PJM,360.18,434.26,37.42,6.16,pjm.com,false,
2024-12-03 11:00:00,USA,PJM,US-MIDA-PJM,360.83,436.71,36.82,7.21,pjm.com,false,
2024-12-03 12:00:00,USA,PJM,US-MIDA-PJM,366.27,444.07,35.54,7.21,pjm.com,false,
2024-12-03 13:00:00,USA,PJM,US-MIDA-PJM,362.76,438.87,36.54,8.18,pjm.com,false,
2024-12-03 14:00:00,USA,PJM,US-MIDA-PJM,359.71,435.0,37.14,8.34,pjm.com,false,
2024-12-03 15:00:00,USA,PJM,US-MIDA-PJM,361.97,436.87,37.13,7.77,pjm.com,false,
2024-12-03 16:00:00,USA,PJM,US-MIDA-PJM,353.99,427.72,38.17,8.22,pjm.com,false,
2024-12-03 17:00:00,USA,PJM,US-MIDA-PJM,341.87,413.9,39.74,9.21,pjm.com,false,
2024-12-03 18:00:00,USA,PJM,US-MIDA-PJM,333.97,405.42,40.5,9.85,pjm.com,false,
2024-12-03 19:00:00,USA,PJM,US-MIDA-PJM,329.5,400.35,41.17,10.26,pjm.com,false,
2024-12-03 20:00:00,USA,PJM,US-MIDA-PJM,332.9,404.49,40.26,9.43,pjm.com,false,
2024-12-03 21:00:00,USA,PJM,US-MIDA-PJM,350.78,424.95,37.76,7.5,pjm.com,false,
2024-12-03 22:00:00,USA,PJM,US-MIDA-PJM,353.63,428.66,37.17,8.23,pjm.com,false,
2024-12-03 23:00:00,USA,PJM,US-MIDA-PJM,353.21,428.08,37.42,9.07,pjm.com,false,
2024-12-04 00:00:00,USA,PJM,US-MIDA-PJM,355.16,430.03,37.32,8.88,pjm.com,false,
2024-12-04 01:00:00,USA,PJM,US-MIDA-PJM,359.65,434.59,36.93,8.66,pjm.com,false,
2024-12-04 02:00:00,USA,PJM,US-MIDA-PJM,360.12,434.4,37.29,8.59,pjm.com,false,
2024-12-04 03:00:00,USA,PJM,US-MIDA-PJM,362.36,435.68,37.58,7.73,pjm.com,false,
2024-12-04 04:00:00,USA,PJM,US-MIDA-PJM,358.57,430.4,38.4,7.79,pjm.com,false,
2024-12-04 05:00:00,USA,PJM,US-MIDA-PJM,359.79,431.16,38.23,7.68,pjm.com,false,
2024-12-04 06:00:00,USA,PJM,US-MIDA-PJM,358.35,429.19,38.88,7.78,pjm.com,false,
2024-12-04 07:00:00,USA,PJM,US-MIDA-PJM,357.52,428.65,38.82,7.75,pjm.com,false,
2024-12-04 08:00:00,USA,PJM,US-MIDA-PJM,356.42,427.77,38.94,7.84,pjm.com,false,
2024-12-04 09:00:00,USA,PJM,US-MIDA-PJM,358.54,431.67,38.86,8.0,pjm.com,false,
2024-12-04 10:00:00,USA,PJM,US-MIDA-PJM,364.89,440.13,37.99,8.24,pjm.com,false,
2024-12-04 11:00:00,USA,PJM,US-MIDA-PJM,365.24,441.94,37.25,9.16,pjm.com,false,
2024-12-04 12:00:00,USA,PJM,US-MIDA-PJM,368.35,445.6,37.06,9.93,pjm.com,false,
2024-12-04 13:00:00,USA,PJM,US-MIDA-PJM,368.21,444.36,37.86,10.38,pjm.com,false,
2024-12-04 14:00:00,USA,PJM,US-MIDA-PJM,360.5,435.23,38.78,10.02,pjm.com,false,
2024-12-04 15:00:00,USA,PJM,US-MIDA-PJM,347.69,421.44,40.0,10.84,pjm.com,false,
2024-12-04 16:00:00,USA,PJM,US-MIDA-PJM,339.96,412.57,40.77,11.16,pjm.com,false,
2024-12-04 17:00:00,USA,PJM,US-MIDA-PJM,337.48,409.18,40.81,10.99,pjm.com,false,
2024-12-04 18:00:00,USA,PJM,US-MIDA-PJM,336.76,408.11,40.78,10.83,pjm.com,false,
2024-12-04 19:00:00,USA,PJM,US-MIDA-PJM,337.42,408.11,40.84,10.91,pjm.com,false,
2024-12-04 20:00:00,USA,PJM,US-MIDA-PJM,340.94,412.22,40.45,10.44,pjm.com,false,
2024-12-04 21:00:00,USA,PJM,US-MIDA-PJM,347.17,419.99,39.05,9.34,pjm.com,false,
2024-12-04 22:00:00,USA,PJM,US-MIDA-PJM,344.06,416.47,39.26,10.51,pjm.com,false,
2024-12-04 23:00:00,USA,PJM,US-MIDA-PJM,347.75,420.39,38.94,10.31,pjm.com,false,
2024-12-05 00:00:00,USA,PJM,US-MIDA-PJM,348.9,421.4,38.86,9.99,pjm.com,false,
2024-12-05 01:00:00,USA,PJM,US-MIDA-PJM,347.17,419.2,39.04,9.62,pjm.com,false,
2024-12-05 02:00:00,USA,PJM,US-MIDA-PJM,348.2,420.09,39.06,8.91,pjm.com,false,
2024-12-05 03:00:00,USA,PJM,US-MIDA-PJM,343.82,414.27,40.15,8.87,pjm.com,false,
2024-12-05 04:00:00,USA,PJM,US-MIDA-PJM,336.02,405.23,41.09,9.12,pjm.com,false,
2024-12-05 05:00:00,USA,PJM,US-MIDA-PJM,326.17,394.28,42.39,9.57,pjm.com,false,
2024-12-05 06:00:00,USA,PJM,US-MIDA-PJM,319.89,387.23,43.28,9.78,pjm.com,false,
2024-12-05 07:00:00,USA,PJM,US-MIDA-PJM,315.8,382.84,43.73,9.83,pjm.com,false,
2024-12-05 08:00:00,USA,PJM,US-MIDA-PJM,316.11,383.25,43.66,9.73,pjm.com,false,
2024-12-05 09:00:00,USA,PJM,US-MIDA-PJM,321.16,389.14,42.99,9.66,pjm.com,false,
2024-12-05 10:00:00,USA,PJM,US-MIDA-PJM,331.04,400.34,41.6,9.4,pjm.com,false,
2024-12-05 11:00:00,USA,PJM,US-MIDA-PJM,337.96,409.45,40.08,9.34,pjm.com,false,
2024-12-05 12:00:00,USA,PJM,US-MIDA-PJM,341.59,413.81,39.53,10.1,pjm.com,false,
2024-12-05 13:00:00,USA,PJM,US-MIDA-PJM,343.67,415.8,39.51,10.58,pjm.com,false,
2024-12-05 14:00:00,USA,PJM,US-MIDA-PJM,338.57,409.77,40.46,11.71,pjm.com,false,
2024-12-05 15:00:00,USA,PJM,US-MIDA-PJM,327.9,397.73,42.06,12.95,pjm.com,false,
2024-12-05 16:00:00,USA,PJM,US-MIDA-PJM,322.6,392.28,42.56,13.15,pjm.com,false,
2024-12-05 17:00:00,USA,PJM,US-MIDA-PJM,321.68,391.27,42.48,12.94,pjm.com,false,
2024-12-05 18:00:00,USA,PJM,US-MIDA-PJM,321.25,390.94,42.26,12.68,pjm.com,false,
2024-12-05 19:00:00,USA,PJM,US-MIDA-PJM,324.34,394.35,41.78,12.24,pjm.com,false,
2024-12-05 20:00:00,USA,PJM,US-MIDA-PJM,333.57,405.1,40.18,10.89,pjm.com,false,
2024-12-05 21:00:00,USA,PJM,US-MIDA-PJM,346.69,420.82,37.68,8.84,pjm.com,false,
2024-12-05 22:00:00,USA,PJM,US-MIDA-PJM,356.22,431.68,36.39,8.94,pjm.com,false,
2024-12-05 23:00:00,USA,PJM,US-MIDA-PJM,360.09,435.8,36.1,9.08,pjm.com,false,
2024-12-06 00:00:00,USA,PJM,US-MIDA-PJM,363.87,439.76,35.66,8.85,pjm.com,false,
2024-12-06 01:00:00,USA,PJM,US-MIDA-PJM,363.57,439.38,35.74,8.58,pjm.com,false,
2024-12-06 02:00:00,USA,PJM,US-MIDA-PJM,365.92,442.11,35.34,7.66,pjm.com,false,
2024-12-06 03:00:00,USA,PJM,US-MIDA-PJM,366.71,442.51,35.5,7.15,pjm.com,false,
2024-12-06 04:00:00,USA,PJM,US-MIDA-PJM,369.62,445.18,35.51,6.08,pjm.com,false,
2024-12-06 05:00:00,USA,PJM,US-MIDA-PJM,370.97,445.76,35.35,4.71,pjm.com,false,
2024-12-06 06:00:00,USA,PJM,US-MIDA-PJM,372.74,447.81,35.1,4.07,pjm.com,false,
2024-12-06 07:00:00,USA,PJM,US-MIDA-PJM,376.11,451.28,34.74,3.56,pjm.com,false,
2024-12-06 08:00:00,USA,PJM,US-MIDA-PJM,375.83,451.05,34.72,3.41,pjm.com,false,
2024-12-06 09:00:00,USA,PJM,US-MIDA-PJM,377.33,452.81,34.71,3.84,pjm.com,false,
2024-12-06 10:00:00,USA,PJM,US-MIDA-PJM,372.67,448.61,34.75,4.7,pjm.com,false,
2024-12-06 11:00:00,USA,PJM,US-MIDA-PJM,371.64,448.33,34.4,5.79,pjm.com,false,
2024-12-06 12:00:00,USA,PJM,US-MIDA-PJM,376.27,453.79,33.71,6.29,pjm.com,false,
2024-12-06 13:00:00,USA,PJM,US-MIDA-PJM,374.26,450.39,34.91,7.68,pjm.com,false,
2024-12-06 14:00:00,USA,PJM,US-MIDA-PJM,362.21,436.45,37.04,8.93,pjm.com,false,
2024-12-06 15:00:00,USA,PJM,US-MIDA-PJM,354.96,428.06,38.15,9.61,pjm.com,false,
2024-12-06 16:00:00,USA,PJM,US-MIDA-PJM,347.28,419.17,39.35,10.24,pjm.com,false,
2024-12-06 17:00:00,USA,PJM,US-MIDA-PJM,339.4,410.64,40.23,10.55,pjm.com,false,
2024-12-06 18:00:00,USA,PJM,US-MIDA-PJM,331.18,401.69,41.19,11.3,pjm.com,false,
2024-12-06 19:00:00,USA,PJM,US-MIDA-PJM,325.06,394.79,42.13,11.96,pjm.com,false,
2024-12-06 20:00:00,USA,PJM,US-MIDA-PJM,328.8,399.49,41.18,11.03,pjm.com,false,
2024-12-06 21:00:00,USA,PJM,US-MIDA-PJM,341.42,414.85,38.33,8.8,pjm.com,false,
2024-12-06 22:00:00,USA,PJM,US-MIDA-PJM,353.01,428.21,36.47,8.23,pjm.com,false,
2024-12-06 23:00:00,USA,PJM,US-MIDA-PJM,359.21,434.73,35.91,8.16,pjm.com,false,
2024-12-07 00:00:00,USA,PJM,US-MIDA-PJM,358.29,433.41,36.25,8.4,pjm.com,false,
2024-12-07 01:00:00,USA,PJM,US-MIDA-PJM,356.52,430.8,36.79,8.75,pjm.com,false,
2024-12-07 02:00:00,USA,PJM,US-MIDA-PJM,356.43,430.37,36.9,8.55,pjm.com,false,
2024-12-07 03:00:00,USA,PJM,US-MIDA-PJM,363.0,437.36,36.16,7.06,pjm.com,false,
2024-12-07 04:00:00,USA,PJM,US-MIDA-PJM,360.66,434.4,36.69,6.7,pjm.com,false,
2024-12-07 05:00:00,USA,PJM,US-MIDA-PJM,357.52,429.59,37.95,6.99,pjm.com,false,
2024-12-07 06:00:00,USA,PJM,US-MIDA-PJM,358.45,430.4,37.96,6.44,pjm.com,false,
2024-12-07 07:00:00,USA,PJM,US-MIDA-PJM,357.15,429.31,37.86,5.95,pjm.com,false,
2024-12-07 08:00:00,USA,PJM,US-MIDA-PJM,356.48,428.9,37.73,5.68,pjm.com,false,
2024-12-07 09:00:00,USA,PJM,US-MIDA-PJM,356.95,429.26,37.88,5.82,pjm.com,false,
2024-12-07 10:00:00,USA,PJM,US-MIDA-PJM,351.05,423.08,38.54,6.74,pjm.com,false,
2024-12-07 11:00:00,USA,PJM,US-MIDA-PJM,347.01,419.34,38.64,7.56,pjm.com,false,
2024-12-07 12:00:00,USA,PJM,US-MIDA-PJM,345.42,417.44,39.07,8.73,pjm.com,false,
2024-12-07 13:00:00,USA,PJM,US-MIDA-PJM,340.53,411.43,40.39,10.3,pjm.com,false,
2024-12-07 14:00:00,USA,PJM,US-MIDA-PJM,330.43,399.58,42.33,11.8,pjm.com,false,
2024-12-07 15:00:00,USA,PJM,US-MIDA-PJM,329.55,397.93,42.74,11.71,pjm.com,false,
2024-12-07 16:00:00,USA,PJM,US-MIDA-PJM,326.69,394.44,43.32,11.77,pjm.com,false,
2024-12-07 17:00:00,USA,PJM,US-MIDA-PJM,316.26,382.59,44.8,12.82,pjm.com,false,
2024-12-07 18:00:00,USA,PJM,US-MIDA-PJM,309.73,374.87,45.97,13.31,pjm.com,false,
2024-12-07 19:00:00,USA,PJM,US-MIDA-PJM,307.68,372.55,46.27,13.38,pjm.com,false,
2024-12-07 20:00:00,USA,PJM,US-MIDA-PJM,314.05,380.0,45.04,12.12,pjm.com,false,
2024-12-07 21:00:00,USA,PJM,US-MIDA-PJM,326.34,394.89,42.26,9.85,pjm.com,false,
2024-12-07 22:00:00,USA,PJM,US-MIDA-PJM,329.43,398.66,41.6,10.22,pjm.com,false,
2024-12-07 23:00:00,USA,PJM,US-MIDA-PJM,329.86,399.03,41.6,10.66,pjm.com,false,
2024-12-08 00:00:00,USA,PJM,US-MIDA-PJM,332.72,402.11,41.22,10.18,pjm.com,false,
2024-12-08 01:00:00,USA,PJM,US-MIDA-PJM,334.16,403.4,41.15,10.01,pjm.com,false,
2024-12-08 02:00:00,USA,PJM,US-MIDA-PJM,334.2,403.39,41.12,9.55,pjm.com,false,
2024-12-08 03:00:00,USA,PJM,US-MIDA-PJM,331.98,400.82,41.48,9.4,pjm.com,false,
2024-12-08 04:00:00,USA,PJM,US-MIDA-PJM,324.23,391.95,42.68,9.66,pjm.com,false,
2024-12-08 05:00:00,USA,PJM,US-MIDA-PJM,314.72,381.09,44.1,9.8,pjm.com,false,
2024-12-08 06:00:00,USA,PJM,US-MIDA-PJM,308.41,373.61,45.27,10.23,pjm.com,false,
2024-12-08 07:00:00,USA,PJM,US-MIDA-PJM,300.78,365.2,46.24,10.54,pjm.com,false,
2024-12-08 08:00:00,USA,PJM,US-MIDA-PJM,296.12,360.75,46.32,10.5,pjm.com,false,
2024-12-08 09:00:00,USA,PJM,US-MIDA-PJM,294.94,359.28,46.6,10.49,pjm.com,false,
2024-12-08 10:00:00,USA,PJM,US-MIDA-PJM,294.34,358.85,46.5,10.26,pjm.com,false,
2024-12-08 11:00:00,USA,PJM,US-MIDA-PJM,292.96,357.67,46.48,10.55,pjm.com,false,
2024-12-08 12:00:00,USA,PJM,US-MIDA-PJM,293.19,358.12,46.37,11.1,pjm.com,false,
2024-12-08 13:00:00,USA,PJM,US-MIDA-PJM,293.36,358.37,46.39,11.69,pjm.com,false,
2024-12-08 14:00:00,USA,PJM,US-MIDA-PJM,279.04,341.4,49.43,14.28,pjm.com,false,
2024-12-08 15:00:00,USA,PJM,US-MIDA-PJM,274.33,336.4,50.05,14.61,pjm.com,false,
2024-12-08 16:00:00,USA,PJM,US-MIDA-PJM,275.0,337.01,50.06,14.24,pjm.com,false,
2024-12-08 17:00:00,USA,PJM,US-MIDA-PJM,277.58,339.57,49.93,13.43,pjm.com,false,
2024-12-08 18:00:00,USA,PJM,US-MIDA-PJM,279.38,341.31,49.89,12.99,pjm.com,false,
2024-12-08 19:00:00,USA,PJM,US-MIDA-PJM,276.36,337.38,50.71,13.14,pjm.com,false,
2024-12-08 20:00:00,USA,PJM,US-MIDA-PJM,282.2,344.43,49.34,11.72,pjm.com,false,
2024-12-08 21:00:00,USA,PJM,US-MIDA-PJM,297.76,362.98,46.1,8.9,pjm.com,false,
2024-12-08 22:00:00,USA,PJM,US-MIDA-PJM,303.52,369.68,45.14,10.04,pjm.com,false,
2024-12-08 23:00:00,USA,PJM,US-MIDA-PJM,307.59,373.5,45.05,10.46,pjm.com,false,
2024-12-09 00:00:00,USA,PJM,US-MIDA-PJM,310.48,376.34,44.89,10.52,pjm.com,false,
2024-12-09 01:00:00,USA,PJM,US-MIDA-PJM,311.78,377.21,45.09,10.41,pjm.com,false,
2024-12-09 02:00:00,USA,PJM,US-MIDA-PJM,313.45,379.01,44.86,9.44,pjm.com,false,
2024-12-09 03:00:00,USA,PJM,US-MIDA-PJM,314.54,379.92,44.85,8.3,pjm.com,false,
2024-12-09 04:00:00,USA,PJM,US-MIDA-PJM,313.68,378.8,45.06,7.65,pjm.com,false,
2024-12-09 05:00:00,USA,PJM,US-MIDA-PJM,310.04,374.98,45.35,7.39,pjm.com,false,
2024-12-09 06:00:00,USA,PJM,US-MIDA-PJM,304.11,368.41,46.14,7.32,pjm.com,false,
2024-12-09 07:00:00,USA,PJM,US-MIDA-PJM,301.17,365.16,46.51,7.25,pjm.com,false,
2024-12-09 08:00:00,USA,PJM,US-MIDA-PJM,299.29,363.54,46.42,7.21,pjm.com,false,
2024-12-09 09:00:00,USA,PJM,US-MIDA-PJM,301.0,366.07,45.73,7.14,pjm.com,false,
2024-12-09 10:00:00,USA,PJM,US-MIDA-PJM,304.96,370.75,45.02,7.43,pjm.com,false,
2024-12-09 11:00:00,USA,PJM,US-MIDA-PJM,310.68,377.46,44.17,8.4,pjm.com,false,
2024-12-09 12:00:00,USA,PJM,US-MIDA-PJM,307.73,374.43,44.53,10.35,pjm.com,false,
2024-12-09 13:00:00,USA,PJM,US-MIDA-PJM,307.68,374.51,44.42,10.79,pjm.com,false,
2024-12-09 14:00:00,USA,PJM,US-MIDA-PJM,312.93,380.17,43.83,10.26,pjm.com,false,
2024-12-09 15:00:00,USA,PJM,US-MIDA-PJM,317.23,384.88,43.37,9.65,pjm.com,false,
2024-12-09 16:00:00,USA,PJM,US-MIDA-PJM,326.5,395.29,42.05,8.37,pjm.com,false,
2024-12-09 17:00:00,USA,PJM,US-MIDA-PJM,327.04,395.65,42.17,7.89,pjm.com,false,
2024-12-09 18:00:00,USA,PJM,US-MIDA-PJM,323.49,391.62,42.72,8.01,pjm.com,false,
2024-12-09 19:00:00,USA,PJM,US-MIDA-PJM,325.0,393.19,42.56,7.44,pjm.com,false,
2024-12-09 20:00:00,USA,PJM,US-MIDA-PJM,327.68,396.47,41.92,6.35,pjm.com,false,
2024-12-09 21:00:00,USA,PJM,US-MIDA-PJM,338.67,408.71,40.41,5.45,pjm.com,false,
2024-12-09 22:00:00,USA,PJM,US-MIDA-PJM,340.42,410.5,40.39,6.76,pjm.com,false,
2024-12-09 23:00:00,USA,PJM,US-MIDA-PJM,343.73,413.9,40.11,6.51,pjm.com,false,
2024-12-10 00:00:00,USA,PJM,US-MIDA-PJM,345.97,416.51,39.67,5.75,pjm.com,false,
2024-12-10 01:00:00,USA,PJM,US-MIDA-PJM,343.89,414.02,40.03,5.49,pjm.com,false,
2024-12-10 02:00:00,USA,PJM,US-MIDA-PJM,337.88,407.38,40.75,5.63,pjm.com,false,
2024-12-10 03:00:00,USA,PJM,US-MIDA-PJM,333.07,401.48,41.72,5.06,pjm.com,false,
2024-12-10 04:00:00,USA,PJM,US-MIDA-PJM,330.06,397.08,42.86,4.63,pjm.com,false,
2024-12-10 05:00:00,USA,PJM,US-MIDA-PJM,328.15,395.25,42.88,4.3,pjm.com,false,
2024-12-10 06:00:00,USA,PJM,US-MIDA-PJM,324.75,391.07,43.64,4.26,pjm.com,false,
2024-12-10 07:00:00,USA,PJM,US-MIDA-PJM,320.58,386.6,44.08,4.15,pjm.com,false,
2024-12-10 08:00:00,USA,PJM,US-MIDA-PJM,319.95,385.91,44.18,3.99,pjm.com,false,
2024-12-10 09:00:00,USA,PJM,US-MIDA-PJM,323.15,389.68,43.6,3.83,pjm.com,false,
2024-12-10 10:00:00,USA,PJM,US-MIDA-PJM,331.94,400.2,41.87,3.45,pjm.com,false,
2024-12-10 11:00:00,USA,PJM,US-MIDA-PJM,335.74,405.31,40.78,4.33,pjm.com,false,
2024-12-10 12:00:00,USA,PJM,US-MIDA-PJM,335.04,404.71,41.06,6.23,pjm.com,false,
2024-12-10 13:00:00,USA,PJM,US-MIDA-PJM,336.72,406.78,40.9,6.53,pjm.com,false,
2024-12-10 14:00:00,USA,PJM,US-MIDA-PJM,338.5,408.74,40.61,6.11,pjm.com,false,
2024-12-10 15:00:00,USA,PJM,US-MIDA-PJM,341.45,411.91,40.27,5.55,pjm.com,false,
2024-12-10 16:00:00,USA,PJM,US-MIDA-PJM,342.87,413.33,40.21,5.51,pjm.com,false,
2024-12-10 17:00:00,USA,PJM,US-MIDA-PJM,343.05,413.25,40.39,5.52,pjm.com,false,
2024-12-10 18:00:00,USA,PJM,US-MIDA-PJM,343.03,413.21,40.38,5.4,pjm.com,false,
2024-12-10 19:00:00,USA,PJM,US-MIDA-PJM,340.58,410.56,40.63,5.51,pjm.com,false,
2024-12-10 20:00:00,USA,PJM,US-MIDA-PJM,336.42,405.51,41.19,5.87,pjm.com,false,
2024-12-10 21:00:00,USA,PJM,US-MIDA-PJM,333.42,402.57,41.35,6.9,pjm.com,false,
2024-12-10 22:00:00,USA,PJM,US-MIDA-PJM,334.66,403.89,41.31,8.2,pjm.com,false,
2024-12-10 23:00:00,USA,PJM,US-MIDA-PJM,341.2,411.43,40.22,7.26,pjm.com,false,
2024-12-11 00:00:00,USA,PJM,US-MIDA-PJM,345.62,416.35,39.51,6.24,pjm.com,false,
2024-12-11 01:00:00,USA,PJM,US-MIDA-PJM,343.24,413.13,40.18,6.49,pjm.com,false,
2024-12-11 02:00:00,USA,PJM,US-MIDA-PJM,342.86,412.76,40.16,5.83,pjm.com,false,
2024-12-11 03:00:00,USA,PJM,US-MIDA-PJM,342.59,412.21,40.28,4.77,pjm.com,false,
2024-12-11 04:00:00,USA,PJM,US-MIDA-PJM,338.18,407.02,41.06,4.09,pjm.com,false,
2024-12-11 05:00:00,USA,PJM,US-MIDA-PJM,332.95,400.21,42.52,3.68,pjm.com,false,
2024-12-11 06:00:00,USA,PJM,US-MIDA-PJM,328.72,396.11,42.62,3.24,pjm.com,false,
2024-12-11 07:00:00,USA,PJM,US-MIDA-PJM,325.41,392.55,42.98,3.11,pjm.com,false,
2024-12-11 08:00:00,USA,PJM,US-MIDA-PJM,324.04,390.68,43.42,3.4,pjm.com,false,
2024-12-11 09:00:00,USA,PJM,US-MIDA-PJM,326.97,394.28,42.79,3.21,pjm.com,false,
2024-12-11 10:00:00,USA,PJM,US-MIDA-PJM,330.86,399.49,41.61,3.03,pjm.com,false,
2024-12-11 11:00:00,USA,PJM,US-MIDA-PJM,332.12,401.34,41.14,3.92,pjm.com,false,
2024-12-11 12:00:00,USA,PJM,US-MIDA-PJM,338.19,408.59,39.96,4.32,pjm.com,false,
2024-12-11 13:00:00,USA,PJM,US-MIDA-PJM,341.44,412.09,39.63,4.78,pjm.com,false,
2024-12-11 14:00:00,USA,PJM,US-MIDA-PJM,342.21,412.68,39.83,5.28,pjm.com,false,
2024-12-11 15:00:00,USA,PJM,US-MIDA-PJM,342.83,412.94,40.07,6.08,pjm.com,false,
2024-12-11 16:00:00,USA,PJM,US-MIDA-PJM,335.81,404.9,41.19,7.09,pjm.com,false,
2024-12-11 17:00:00,USA,PJM,US-MIDA-PJM,327.26,394.3,43.2,8.76,pjm.com,false,
2024-12-11 18:00:00,USA,PJM,US-MIDA-PJM,326.55,393.38,43.42,9.14,pjm.com,false,
2024-12-11 19:00:00,USA,PJM,US-MIDA-PJM,325.63,392.46,43.5,9.52,pjm.com,false,
2024-12-11 20:00:00,USA,PJM,US-MIDA-PJM,321.37,387.67,44.06,10.4,pjm.com,false,
2024-12-11 21:00:00,USA,PJM,US-MIDA-PJM,319.31,385.99,43.93,11.13,pjm.com,false,
2024-12-11 22:00:00,USA,PJM,US-MIDA-PJM,318.56,385.8,43.65,12.09,pjm.com,false,
2024-12-11 23:00:00,USA,PJM,US-MIDA-PJM,324.14,392.33,42.63,11.56,pjm.com,false,
2024-12-12 00:00:00,USA,PJM,US-MIDA-PJM,328.13,396.74,42.03,11.16,pjm.com,false,
2024-12-12 01:00:00,USA,PJM,US-MIDA-PJM,327.97,396.56,41.98,11.02,pjm.com,false,
2024-12-12 02:00:00,USA,PJM,US-MIDA-PJM,331.25,400.06,41.56,10.12,pjm.com,false,
2024-12-12 03:00:00,USA,PJM,US-MIDA-PJM,331.8,400.59,41.51,9.44,pjm.com,false,
2024-12-12 04:00:00,USA,PJM,US-MIDA-PJM,329.54,397.61,42.16,9.34,pjm.com,false,
2024-12-12 05:00:00,USA,PJM,US-MIDA-PJM,328.48,396.14,42.27,8.93,pjm.com,false,
2024-12-12 06:00:00,USA,PJM,US-MIDA-PJM,331.34,399.41,41.83,8.32,pjm.com,false,
2024-12-12 07:00:00,USA,PJM,US-MIDA-PJM,334.19,402.43,41.56,7.8,pjm.com,false,
2024-12-12 08:00:00,USA,PJM,US-MIDA-PJM,337.8,406.46,41.05,7.43,pjm.com,false,
2024-12-12 09:00:00,USA,PJM,US-MIDA-PJM,339.78,408.54,40.87,7.46,pjm.com,false,
2024-12-12 10:00:00,USA,PJM,US-MIDA-PJM,344.02,414.25,39.63,7.33,pjm.com,false,
2024-12-12 11:00:00,USA,PJM,US-MIDA-PJM,344.52,416.06,38.82,8.28,pjm.com,false,
2024-12-12 12:00:00,USA,PJM,US-MIDA-PJM,351.02,424.33,37.29,8.2,pjm.com,false,
2024-12-12 13:00:00,USA,PJM,US-MIDA-PJM,351.48,424.77,37.5,8.56,pjm.com,false,
2024-12-12 14:00:00,USA,PJM,US-MIDA-PJM,344.15,415.94,39.24,9.45,pjm.com,false,
2024-12-12 15:00:00,USA,PJM,US-MIDA-PJM,342.38,413.39,40.0,9.75,pjm.com,false,
2024-12-12 16:00:00,USA,PJM,US-MIDA-PJM,343.39,413.91,40.36,9.27,pjm.com,false,
2024-12-12 17:00:00,USA,PJM,US-MIDA-PJM,343.35,413.82,40.58,8.99,pjm.com,false,
2024-12-12 18:00:00,USA,PJM,US-MIDA-PJM,342.21,413.06,40.38,8.88,pjm.com,false,
2024-12-12 19:00:00,USA,PJM,US-MIDA-PJM,346.14,418.04,39.36,8.02,pjm.com,false,
2024-12-12 20:00:00,USA,PJM,US-MIDA-PJM,355.08,428.44,37.57,6.12,pjm.com,false,
2024-12-12 21:00:00,USA,PJM,US-MIDA-PJM,368.8,444.59,34.87,4.27,pjm.com,false,
2024-12-12 22:00:00,USA,PJM,US-MIDA-PJM,375.26,452.33,33.76,4.52,pjm.com,false,
2024-12-12 23:00:00,USA,PJM,US-MIDA-PJM,376.49,453.73,33.53,4.7,pjm.com,false,
2024-12-13 00:00:00,USA,PJM,US-MIDA-PJM,377.57,454.95,33.38,4.68,pjm.com,false,
2024-12-13 01:00:00,USA,PJM,US-MIDA-PJM,380.45,458.32,32.89,4.31,pjm.com,false,
2024-12-13 02:00:00,USA,PJM,US-MIDA-PJM,380.58,457.95,33.14,4.02,pjm.com,false,
2024-12-13 03:00:00,USA,PJM,US-MIDA-PJM,380.43,457.1,33.4,3.3,pjm.com,false,
2024-12-13 04:00:00,USA,PJM,US-MIDA-PJM,381.55,457.31,33.94,2.6,pjm.com,false,
2024-12-13 05:00:00,USA,PJM,US-MIDA-PJM,377.7,452.51,34.83,2.37,pjm.com,false,
2024-12-13 06:00:00,USA,PJM,US-MIDA-PJM,370.72,445.08,35.51,2.67,pjm.com,false,
2024-12-13 07:00:00,USA,PJM,US-MIDA-PJM,367.33,441.35,35.99,3.0,pjm.com,false,
2024-12-13 08:00:00,USA,PJM,US-MIDA-PJM,366.19,440.13,36.17,3.28,pjm.com,false,
2024-12-13 09:00:00,USA,PJM,US-MIDA-PJM,371.04,445.4,35.66,3.27,pjm.com,false,
2024-12-13 10:00:00,USA,PJM,US-MIDA-PJM,369.33,444.9,34.99,3.61,pjm.com,false,
2024-12-13 11:00:00,USA,PJM,US-MIDA-PJM,365.05,441.36,35.27,5.26,pjm.com,false,
2024-12-13 12:00:00,USA,PJM,US-MIDA-PJM,370.03,447.19,34.59,5.78,pjm.com,false,
2024-12-13 13:00:00,USA,PJM,US-MIDA-PJM,366.83,442.62,35.67,6.79,pjm.com,false,
2024-12-13 14:00:00,USA,PJM,US-MIDA-PJM,359.46,433.96,36.61,7.0,pjm.com,false,
2024-12-13 15:00:00,USA,PJM,US-MIDA-PJM,350.38,423.1,38.37,7.81,pjm.com,false,
2024-12-13 16:00:00,USA,PJM,US-MIDA-PJM,343.13,414.83,39.53,8.38,pjm.com,false,
2024-12-13 17:00:00,USA,PJM,US-MIDA-PJM,339.05,409.95,40.3,8.48,pjm.com,false,
2024-12-13 18:00:00,USA,PJM,US-MIDA-PJM,339.66,410.67,40.05,7.95,pjm.com,false,
2024-12-13 19:00:00,USA,PJM,US-MIDA-PJM,341.23,412.58,39.64,7.37,pjm.com,false,
2024-12-13 20:00:00,USA,PJM,US-MIDA-PJM,347.95,420.31,38.39,6.25,pjm.com,false,
2024-12-13 21:00:00,USA,PJM,US-MIDA-PJM,355.29,429.41,36.54,5.03,pjm.com,false,
2024-12-13 22:00:00,USA,PJM,US-MIDA-PJM,357.21,431.77,36.19,6.02,pjm.com,false,
2024-12-13 23:00:00,USA,PJM,US-MIDA-PJM,354.17,428.06,36.86,7.09,pjm.com,false,
2024-12-14 00:00:00,USA,PJM,US-MIDA-PJM,354.25,427.57,37.22,7.3,pjm.com,false,
2024-12-14 01:00:00,USA,PJM,US-MIDA-PJM,354.37,427.22,37.52,7.3,pjm.com,false,
2024-12-14 02:00:00,USA,PJM,US-MIDA-PJM,351.91,423.84,38.29,7.48,pjm.com,false,
2024-12-14 03:00:00,USA,PJM,US-MIDA-PJM,350.79,422.15,38.7,7.23,pjm.com,false,
2024-12-14 04:00:00,USA,PJM,US-MIDA-PJM,345.24,415.49,39.8,7.51,pjm.com,false,
2024-12-14 05:00:00,USA,PJM,US-MIDA-PJM,339.97,409.08,40.94,7.73,pjm.com,false,
2024-12-14 06:00:00,USA,PJM,US-MIDA-PJM,335.31,403.75,41.66,7.99,pjm.com,false,
2024-12-14 07:00:00,USA,PJM,US-MIDA-PJM,334.71,403.44,41.48,7.89,pjm.com,false,
2024-12-14 08:00:00,USA,PJM,US-MIDA-PJM,329.52,397.6,42.24,8.18,pjm.com,false,
2024-12-14 09:00:00,USA,PJM,US-MIDA-PJM,325.83,393.85,42.5,8.56,pjm.com,false,
2024-12-14 10:00:00,USA,PJM,US-MIDA-PJM,330.2,398.71,41.91,8.57,pjm.com,false,
2024-12-14 11:00:00,USA,PJM,US-MIDA-PJM,331.26,400.27,41.51,8.87,pjm.com,false,
2024-12-14 12:00:00,USA,PJM,US-MIDA-PJM,329.24,398.16,41.81,9.93,pjm.com,false,
2024-12-14 13:00:00,USA,PJM,US-MIDA-PJM,331.24,400.06,41.87,10.38,pjm.com,false,
2024-12-14 14:00:00,USA,PJM,US-MIDA-PJM,320.81,387.9,43.88,12.15,pjm.com,false,
2024-12-14 15:00:00,USA,PJM,US-MIDA-PJM,313.72,379.7,45.13,12.76,pjm.com,false,
2024-12-14 16:00:00,USA,PJM,US-MIDA-PJM,314.08,380.22,44.98,12.44,pjm.com,false,
2024-12-14 17:00:00,USA,PJM,US-MIDA-PJM,315.03,381.16,44.95,12.12,pjm.com,false,
2024-12-14 18:00:00,USA,PJM,US-MIDA-PJM,314.39,380.44,45.02,11.89,pjm.com,false,
2024-12-14 19:00:00,USA,PJM,US-MIDA-PJM,312.89,378.78,45.11,12.0,pjm.com,false,
2024-12-14 20:00:00,USA,PJM,US-MIDA-PJM,322.29,389.7,43.37,10.31,pjm.com,false,
2024-12-14 21:00:00,USA,PJM,US-MIDA-PJM,326.93,395.35,42.66,9.79,pjm.com,false,
2024-12-14 22:00:00,USA,PJM,US-MIDA-PJM,323.98,392.47,42.78,11.28,pjm.com,false,
2024-12-14 23:00:00,USA,PJM,US-MIDA-PJM,327.9,396.7,42.33,11.06,pjm.com,false,
2024-12-15 00:00:00,USA,PJM,US-MIDA-PJM,329.08,397.78,42.36,10.81,pjm.com,false,
2024-12-15 01:00:00,USA,PJM,US-MIDA-PJM,331.19,399.72,41.89,10.19,pjm.com,false,
2024-12-15 02:00:00,USA,PJM,US-MIDA-PJM,329.39,397.54,42.2,10.1,pjm.com,false,
2024-12-15 03:00:00,USA,PJM,US-MIDA-PJM,327.4,395.7,42.14,9.7,pjm.com,false,
2024-12-15 04:00:00,USA,PJM,US-MIDA-PJM,322.28,389.77,42.98,9.66,pjm.com,false,
2024-12-15 05:00:00,USA,PJM,US-MIDA-PJM,316.61,383.09,43.99,9.5,pjm.com,false,
2024-12-15 06:00:00,USA,PJM,US-MIDA-PJM,315.48,381.85,44.12,8.95,pjm.com,false,
2024-12-15 07:00:00,USA,PJM,US-MIDA-PJM,316.68,383.33,43.86,8.25,pjm.com,false,
2024-12-15 08:00:00,USA,PJM,US-MIDA-PJM,320.86,388.25,43.13,7.39,pjm.com,false,
2024-12-15 09:00:00,USA,PJM,US-MIDA-PJM,321.12,388.85,42.87,7.01,pjm.com,false,
2024-12-15 10:00:00,USA,PJM,US-MIDA-PJM,321.03,388.86,42.81,6.86,pjm.com,false,
2024-12-15 11:00:00,USA,PJM,US-MIDA-PJM,324.79,393.41,42.04,6.42,pjm.com,false,
2024-12-15 12:00:00,USA,PJM,US-MIDA-PJM,327.08,396.48,41.38,6.52,pjm.com,false,
2024-12-15 13:00:00,USA,PJM,US-MIDA-PJM,326.85,396.45,41.3,7.01,pjm.com,false,
2024-12-15 14:00:00,USA,PJM,US-MIDA-PJM,326.49,395.82,41.61,7.78,pjm.com,false,
2024-12-15 15:00:00,USA,PJM,US-MIDA-PJM,326.97,396.42,41.47,7.66,pjm.com,false,
2024-12-15 16:00:00,USA,PJM,US-MIDA-PJM,330.15,400.0,41.02,7.18,pjm.com,false,
2024-12-15 17:00:00,USA,PJM,US-MIDA-PJM,336.86,407.44,40.16,6.35,pjm.com,false,
2024-12-15 18:00:00,USA,PJM,US-MIDA-PJM,340.32,411.27,39.77,5.64,pjm.com,false,
2024-12-15 19:00:00,USA,PJM,US-MIDA-PJM,341.91,413.19,39.51,4.89,pjm.com,false,
2024-12-15 20:00:00,USA,PJM,US-MIDA-PJM,345.26,417.13,38.83,4.09,pjm.com,false,
2024-12-15 21:00:00,USA,PJM,US-MIDA-PJM,342.34,413.93,39.27,5.17,pjm.com,false,
2024-12-15 22:00:00,USA,PJM,US-MIDA-PJM,336.02,407.05,40.02,7.08,pjm.com,false,
2024-12-15 23:00:00,USA,PJM,US-MIDA-PJM,336.32,407.32,40.03,7.23,pjm.com,false,
2024-12-16 00:00:00,USA,PJM,US-MIDA-PJM,335.06,405.84,40.24,7.27,pjm.com,false,
2024-12-16 01:00:00,USA,PJM,US-MIDA-PJM,336.2,406.67,40.36,7.1,pjm.com,false,
2024-12-16 02:00:00,USA,PJM,US-MIDA-PJM,337.88,408.31,40.17,5.92,pjm.com,false,
2024-12-16 03:00:00,USA,PJM,US-MIDA-PJM,335.09,404.11,41.25,5.85,pjm.com,false,
2024-12-16 04:00:00,USA,PJM,US-MIDA-PJM,323.72,390.4,43.53,7.01,pjm.com,false,
2024-12-16 05:00:00,USA,PJM,US-MIDA-PJM,312.57,377.52,45.35,7.87,pjm.com,false,
2024-12-16 06:00:00,USA,PJM,US-MIDA-PJM,309.5,374.17,45.69,7.97,pjm.com,false,
2024-12-16 07:00:00,USA,PJM,US-MIDA-PJM,307.49,372.04,45.88,7.65,pjm.com,false,
2024-12-16 08:00:00,USA,PJM,US-MIDA-PJM,307.8,372.99,45.42,7.07,pjm.com,false,
2024-12-16 09:00:00,USA,PJM,US-MIDA-PJM,306.63,371.72,45.6,7.51,pjm.com,false,
2024-12-16 10:00:00,USA,PJM,US-MIDA-PJM,310.16,375.69,45.08,7.6,pjm.com,false,
2024-12-16 11:00:00,USA,PJM,US-MIDA-PJM,317.42,384.65,43.52,7.95,pjm.com,false,
2024-12-16 12:00:00,USA,PJM,US-MIDA-PJM,317.2,384.62,43.56,9.48,pjm.com,false,
2024-12-16 13:00:00,USA,PJM,US-MIDA-PJM,321.16,389.22,42.92,9.46,pjm.com,false,
2024-12-16 14:00:00,USA,PJM,US-MIDA-PJM,328.26,396.72,42.29,8.93,pjm.com,false,
2024-12-16 15:00:00,USA,PJM,US-MIDA-PJM,332.9,401.95,41.63,8.21,pjm.com,false,
2024-12-16 16:00:00,USA,PJM,US-MIDA-PJM,335.0,404.04,41.47,7.93,pjm.com,false,
2024-12-16 17:00:00,USA,PJM,US-MIDA-PJM,329.82,397.84,42.43,8.54,pjm.com,false,
2024-12-16 18:00:00,USA,PJM,US-MIDA-PJM,328.89,396.42,42.78,8.74,pjm.com,false,
2024-12-16 19:00:00,USA,PJM,US-MIDA-PJM,327.76,395.09,42.91,8.89,pjm.com,false,
2024-12-16 20:00:00,USA,PJM,US-MIDA-PJM,324.74,391.43,43.49,9.4,pjm.com,false,
2024-12-16 21:00:00,USA,PJM,US-MIDA-PJM,319.22,385.23,44.31,10.42,pjm.com,false,
2024-12-16 22:00:00,USA,PJM,US-MIDA-PJM,313.59,379.21,45.02,12.37,pjm.com,false,
2024-12-16 23:00:00,USA,PJM,US-MIDA-PJM,317.74,383.99,44.3,11.61,pjm.com,false,
2024-12-17 00:00:00,USA,PJM,US-MIDA-PJM,323.51,390.65,43.27,10.24,pjm.com,false,
2024-12-17 01:00:00,USA,PJM,US-MIDA-PJM,320.56,386.95,43.95,10.28,pjm.com,false,
2024-12-17 02:00:00,USA,PJM,US-MIDA-PJM,315.23,381.06,44.57,10.36,pjm.com,false,
2024-12-17 03:00:00,USA,PJM,US-MIDA-PJM,308.05,372.37,45.99,10.54,pjm.com,false,
2024-12-17 04:00:00,USA,PJM,US-MIDA-PJM,301.24,364.09,47.39,10.48,pjm.com,false,
2024-12-17 05:00:00,USA,PJM,US-MIDA-PJM,295.27,357.07,48.45,10.3,pjm.com,false,
2024-12-17 06:00:00,USA,PJM,US-MIDA-PJM,293.06,354.64,48.71,9.91,pjm.com,false,
2024-12-17 07:00:00,USA,PJM,US-MIDA-PJM,289.13,350.15,49.35,10.01,pjm.com,false,
2024-12-17 08:00:00,USA,PJM,US-MIDA-PJM,286.46,347.31,49.62,10.1,pjm.com,false,
2024-12-17 09:00:00,USA,PJM,US-MIDA-PJM,285.79,347.11,49.31,10.31,pjm.com,false,
2024-12-17 10:00:00,USA,PJM,US-MIDA-PJM,296.1,359.93,46.93,9.54,pjm.com,false,
2024-12-17 11:00:00,USA,PJM,US-MIDA-PJM,306.93,373.1,44.68,8.9,pjm.com,false,
2024-12-17 12:00:00,USA,PJM,US-MIDA-PJM,315.1,382.51,43.41,8.75,pjm.com,false,
2024-12-17 13:00:00,USA,PJM,US-MIDA-PJM,319.78,387.36,43.13,9.19,pjm.com,false,
2024-12-17 14:00:00,USA,PJM,US-MIDA-PJM,315.14,381.73,44.31,10.27,pjm.com,false,
2024-12-17 15:00:00,USA,PJM,US-MIDA-PJM,304.69,369.32,46.49,11.52,pjm.com,false,
2024-12-17 16:00:00,USA,PJM,US-MIDA-PJM,301.24,365.34,47.12,11.25,pjm.com,false,
2024-12-17 17:00:00,USA,PJM,US-MIDA-PJM,300.52,365.0,46.86,10.49,pjm.com,false,
2024-12-17 18:00:00,USA,PJM,US-MIDA-PJM,304.34,369.83,45.92,9.42,pjm.com,false,
2024-12-17 19:00:00,USA,PJM,US-MIDA-PJM,310.47,376.66,45.04,8.64,pjm.com,false,
2024-12-17 20:00:00,USA,PJM,US-MIDA-PJM,319.15,386.97,43.26,6.99,pjm.com,false,
2024-12-17 21:00:00,USA,PJM,US-MIDA-PJM,330.12,400.65,40.65,5.18,pjm.com,false,
2024-12-17 22:00:00,USA,PJM,US-MIDA-PJM,335.42,407.43,39.36,5.76,pjm.com,false,
2024-12-17 23:00:00,USA,PJM,US-MIDA-PJM,341.78,414.0,38.92,5.92,pjm.com,false,
2024-12-18 00:00:00,USA,PJM,US-MIDA-PJM,343.65,415.96,38.7,5.5,pjm.com,false,
2024-12-18 01:00:00,USA,PJM,US-MIDA-PJM,345.96,418.34,38.39,4.93,pjm.com,false,
2024-12-18 02:00:00,USA,PJM,US-MIDA-PJM,351.81,424.6,37.6,3.4,pjm.com,false,
2024-12-18 03:00:00,USA,PJM,US-MIDA-PJM,352.25,424.14,38.19,2.81,pjm.com,false,
2024-12-18 04:00:00,USA,PJM,US-MIDA-PJM,350.43,421.35,38.96,2.52,pjm.com,false,
2024-12-18 05:00:00,USA,PJM,US-MIDA-PJM,343.61,413.17,40.27,2.41,pjm.com,false,
2024-12-18 06:00:00,USA,PJM,US-MIDA-PJM,338.01,406.27,41.51,2.89,pjm.com,false,
2024-12-18 07:00:00,USA,PJM,US-MIDA-PJM,335.56,403.37,41.97,3.1,pjm.com,false,
2024-12-18 08:00:00,USA,PJM,US-MIDA-PJM,332.92,400.33,42.38,3.45,pjm.com,false,
2024-12-18 09:00:00,USA,PJM,US-MIDA-PJM,330.63,397.88,42.64,4.09,pjm.com,false,
2024-12-18 10:00:00,USA,PJM,US-MIDA-PJM,333.31,401.71,41.69,4.21,pjm.com,false,
2024-12-18 11:00:00,USA,PJM,US-MIDA-PJM,339.68,410.32,39.8,4.79,pjm.com,false,
2024-12-18 12:00:00,USA,PJM,US-MIDA-PJM,340.55,411.62,39.56,6.12,pjm.com,false,
2024-12-18 13:00:00,USA,PJM,US-MIDA-PJM,338.07,408.92,39.88,6.77,pjm.com,false,
2024-12-18 14:00:00,USA,PJM,US-MIDA-PJM,334.08,403.84,40.91,7.25,pjm.com,false,
2024-12-18 15:00:00,USA,PJM,US-MIDA-PJM,336.03,405.85,40.75,6.7,pjm.com,false,
2024-12-18 16:00:00,USA,PJM,US-MIDA-PJM,333.02,401.99,41.56,7.34,pjm.com,false,
2024-12-18 17:00:00,USA,PJM,US-MIDA-PJM,325.83,394.01,42.52,8.17,pjm.com,false,
2024-12-18 18:00:00,USA,PJM,US-MIDA-PJM,325.46,393.95,42.28,8.35,pjm.com,false,
2024-12-18 19:00:00,USA,PJM,US-MIDA-PJM,326.05,394.73,42.02,8.23,pjm.com,false,
2024-12-18 20:00:00,USA,PJM,US-MIDA-PJM,323.34,391.32,42.64,8.62,pjm.com,false,
2024-12-18 21:00:00,USA,PJM,US-MIDA-PJM,324.23,392.9,42.06,8.5,pjm.com,false,
2024-12-18 22:00:00,USA,PJM,US-MIDA-PJM,323.73,392.56,42.08,9.71,pjm.com,false,
2024-12-18 23:00:00,USA,PJM,US-MIDA-PJM,328.55,398.03,41.35,9.11,pjm.com,false,
2024-12-19 00:00:00,USA,PJM,US-MIDA-PJM,334.12,404.42,40.39,7.81,pjm.com,false,
2024-12-19 01:00:00,USA,PJM,US-MIDA-PJM,339.21,410.21,39.57,6.55,pjm.com,false,
2024-12-19 02:00:00,USA,PJM,US-MIDA-PJM,345.1,416.48,38.91,4.97,pjm.com,false,
2024-12-19 03:00:00,USA,PJM,US-MIDA-PJM,346.33,417.45,38.99,3.84,pjm.com,false,
2024-12-19 04:00:00,USA,PJM,US-MIDA-PJM,345.53,416.07,39.4,3.07,pjm.com,false,
2024-12-19 05:00:00,USA,PJM,US-MIDA-PJM,343.98,414.16,39.76,2.4,pjm.com,false,
2024-12-19 06:00:00,USA,PJM,US-MIDA-PJM,341.66,411.21,40.35,2.2,pjm.com,false,
2024-12-19 07:00:00,USA,PJM,US-MIDA-PJM,340.09,409.38,40.62,2.01,pjm.com,false,
2024-12-19 08:00:00,USA,PJM,US-MIDA-PJM,341.45,410.59,40.67,2.04,pjm.com,false,
2024-12-19 09:00:00,USA,PJM,US-MIDA-PJM,343.05,412.68,40.25,2.12,pjm.com,false,
2024-12-19 10:00:00,USA,PJM,US-MIDA-PJM,348.96,419.89,39.0,2.24,pjm.com,false,
2024-12-19 11:00:00,USA,PJM,US-MIDA-PJM,350.45,423.11,37.97,3.34,pjm.com,false,
2024-12-19 12:00:00,USA,PJM,US-MIDA-PJM,346.18,419.17,38.3,5.28,pjm.com,false,
2024-12-19 13:00:00,USA,PJM,US-MIDA-PJM,345.53,418.45,38.41,5.7,pjm.com,false,
2024-12-19 14:00:00,USA,PJM,US-MIDA-PJM,339.35,410.72,39.52,6.07,pjm.com,false,
2024-12-19 15:00:00,USA,PJM,US-MIDA-PJM,337.06,407.17,40.62,7.1,pjm.com,false,
2024-12-19 16:00:00,USA,PJM,US-MIDA-PJM,336.66,406.13,41.11,7.37,pjm.com,false,
2024-12-19 17:00:00,USA,PJM,US-MIDA-PJM,332.6,401.35,41.87,7.78,pjm.com,false,
2024-12-19 18:00:00,USA,PJM,US-MIDA-PJM,331.57,400.07,42.08,7.88,pjm.com,false,
2024-12-19 19:00:00,USA,PJM,US-MIDA-PJM,330.28,398.46,42.32,7.95,pjm.com,false,
2024-12-19 20:00:00,USA,PJM,US-MIDA-PJM,329.89,398.24,42.28,7.85,pjm.com,false,
2024-12-19 21:00:00,USA,PJM,US-MIDA-PJM,335.99,406.11,40.94,7.51,pjm.com,false,
2024-12-19 22:00:00,USA,PJM,US-MIDA-PJM,338.32,409.93,39.91,8.03,pjm.com,false,
2024-12-19 23:00:00,USA,PJM,US-MIDA-PJM,339.26,410.62,39.71,8.2,pjm.com,false,
2024-12-20 00:00:00,USA,PJM,US-MIDA-PJM,342.3,413.51,39.47,7.81,pjm.com,false,
2024-12-20 01:00:00,USA,PJM,US-MIDA-PJM,347.57,418.98,38.94,7.14,pjm.com,false,
2024-12-20 02:00:00,USA,PJM,US-MIDA-PJM,353.51,425.29,38.29,5.79,pjm.com,false,
2024-12-20 03:00:00,USA,PJM,US-MIDA-PJM,353.09,424.08,38.86,5.31,pjm.com,false,
2024-12-20 04:00:00,USA,PJM,US-MIDA-PJM,348.71,418.78,39.72,5.31,pjm.com,false,
2024-12-20 05:00:00,USA,PJM,US-MIDA-PJM,343.78,412.21,41.1,5.35,pjm.com,false,
2024-12-20 06:00:00,USA,PJM,US-MIDA-PJM,338.94,406.24,42.17,5.72,pjm.com,false,
2024-12-20 07:00:00,USA,PJM,US-MIDA-PJM,337.19,403.93,42.67,5.96,pjm.com,false,
2024-12-20 08:00:00,USA,PJM,US-MIDA-PJM,335.56,401.95,43.02,6.23,pjm.com,false,
2024-12-20 09:00:00,USA,PJM,US-MIDA-PJM,337.1,403.93,42.63,6.25,pjm.com,false,
2024-12-20 10:00:00,USA,PJM,US-MIDA-PJM,337.12,404.36,42.32,6.8,pjm.com,false,
2024-12-20 11:00:00,USA,PJM,US-MIDA-PJM,344.05,413.45,40.41,6.63,pjm.com,false,
2024-12-20 12:00:00,USA,PJM,US-MIDA-PJM,347.51,418.11,39.41,7.24,pjm.com,false,
2024-12-20 13:00:00,USA,PJM,US-MIDA-PJM,347.07,417.51,39.66,8.16,pjm.com,false,
2024-12-20 14:00:00,USA,PJM,US-MIDA-PJM,347.66,418.27,39.59,8.38,pjm.com,false,
2024-12-20 15:00:00,USA,PJM,US-MIDA-PJM,345.06,415.36,40.13,9.07,pjm.com,false,
2024-12-20 16:00:00,USA,PJM,US-MIDA-PJM,348.04,418.35,39.89,8.73,pjm.com,false,
2024-12-20 17:00:00,USA,PJM,US-MIDA-PJM,346.06,416.21,40.02,8.56,pjm.com,false,
2024-12-20 18:00:00,USA,PJM,US-MIDA-PJM,342.62,412.19,40.54,9.07,pjm.com,false,
2024-12-20 19:00:00,USA,PJM,US-MIDA-PJM,342.9,412.34,40.61,9.19,pjm.com,false,
2024-12-20 20:00:00,USA,PJM,US-MIDA-PJM,344.32,413.97,40.39,8.95,pjm.com,false,
2024-12-20 21:00:00,USA,PJM,US-MIDA-PJM,348.98,419.92,39.41,8.5,pjm.com,false,
2024-12-20 22:00:00,USA,PJM,US-MIDA-PJM,348.55,420.35,39.06,9.17,pjm.com,false,
2024-12-20 23:00:00,USA,PJM,US-MIDA-PJM,350.29,422.73,38.42,8.48,pjm.com,false,
2024-12-21 00:00:00,USA,PJM,US-MIDA-PJM,349.27,421.56,38.57,8.15,pjm.com,false,
2024-12-21 01:00:00,USA,PJM,US-MIDA-PJM,352.8,425.08,38.13,7.31,pjm.com,false,
2024-12-21 02:00:00,USA,PJM,US-MIDA-PJM,356.36,429.16,37.35,6.05,pjm.com,false,
2024-12-21 03:00:00,USA,PJM,US-MIDA-PJM,356.98,429.46,37.54,5.37,pjm.com,false,
2024-12-21 04:00:00,USA,PJM,US-MIDA-PJM,354.12,425.67,38.33,5.06,pjm.com,false,
2024-12-21 05:00:00,USA,PJM,US-MIDA-PJM,348.64,419.78,38.91,4.85,pjm.com,false,
2024-12-21 06:00:00,USA,PJM,US-MIDA-PJM,347.35,418.35,39.06,4.53,pjm.com,false,
2024-12-21 07:00:00,USA,PJM,US-MIDA-PJM,346.91,417.76,39.18,4.45,pjm.com,false,
2024-12-21 08:00:00,USA,PJM,US-MIDA-PJM,344.92,415.53,39.47,4.54,pjm.com,false,
2024-12-21 09:00:00,USA,PJM,US-MIDA-PJM,348.09,419.21,38.92,4.18,pjm.com,false,
2024-12-21 10:00:00,USA,PJM,US-MIDA-PJM,351.09,422.83,38.3,3.89,pjm.com,false,
2024-12-21 11:00:00,USA,PJM,US-MIDA-PJM,353.33,425.77,37.68,3.77,pjm.com,false,
2024-12-21 12:00:00,USA,PJM,US-MIDA-PJM,356.33,429.41,37.12,3.98,pjm.com,false,
2024-12-21 13:00:00,USA,PJM,US-MIDA-PJM,358.37,431.41,37.16,5.13,pjm.com,false,
2024-12-21 14:00:00,USA,PJM,US-MIDA-PJM,340.73,411.57,40.0,8.09,pjm.com,false,
2024-12-21 15:00:00,USA,PJM,US-MIDA-PJM,335.52,405.52,40.99,8.77,pjm.com,false,
2024-12-21 16:00:00,USA,PJM,US-MIDA-PJM,339.11,408.95,40.88,8.18,pjm.com,false,
2024-12-21 17:00:00,USA,PJM,US-MIDA-PJM,339.25,408.84,41.03,7.82,pjm.com,false,
2024-12-21 18:00:00,USA,PJM,US-MIDA-PJM,337.91,407.15,41.34,7.82,pjm.com,false,
2024-12-21 19:00:00,USA,PJM,US-MIDA-PJM,339.42,409.06,41.01,7.46,pjm.com,false,
2024-12-21 20:00:00,USA,PJM,US-MIDA-PJM,343.25,413.95,39.92,6.4,pjm.com,false,
2024-12-21 21:00:00,USA,PJM,US-MIDA-PJM,357.37,430.1,37.57,4.8,pjm.com,false,
2024-12-21 22:00:00,USA,PJM,US-MIDA-PJM,367.72,441.03,36.69,5.6,pjm.com,false,
2024-12-21 23:00:00,USA,PJM,US-MIDA-PJM,377.02,450.97,35.68,5.04,pjm.com,false,
2024-12-22 00:00:00,USA,PJM,US-MIDA-PJM,377.99,451.79,35.72,5.11,pjm.com,false,
2024-12-22 01:00:00,USA,PJM,US-MIDA-PJM,383.26,457.68,34.9,4.26,pjm.com,false,
2024-12-22 02:00:00,USA,PJM,US-MIDA-PJM,387.57,462.35,34.4,3.42,pjm.com,false,
2024-12-22 03:00:00,USA,PJM,US-MIDA-PJM,389.11,464.18,34.04,2.76,pjm.com,false,
2024-12-22 04:00:00,USA,PJM,US-MIDA-PJM,388.81,463.1,34.54,2.53,pjm.com,false,
2024-12-22 05:00:00,USA,PJM,US-MIDA-PJM,383.77,457.22,35.39,2.44,pjm.com,false,
2024-12-22 06:00:00,USA,PJM,US-MIDA-PJM,382.3,455.6,35.59,2.24,pjm.com,false,
2024-12-22 07:00:00,USA,PJM,US-MIDA-PJM,379.36,452.49,35.86,2.27,pjm.com,false,
2024-12-22 08:00:00,USA,PJM,US-MIDA-PJM,376.91,449.9,36.09,2.55,pjm.com,false,
2024-12-22 09:00:00,USA,PJM,US-MIDA-PJM,374.59,447.24,36.5,3.27,pjm.com,false,
2024-12-22 10:00:00,USA,PJM,US-MIDA-PJM,371.35,444.16,36.59,3.73,pjm.com,false,
2024-12-22 11:00:00,USA,PJM,US-MIDA-PJM,372.57,445.48,36.5,4.62,pjm.com,false,
2024-12-22 12:00:00,USA,PJM,US-MIDA-PJM,369.83,442.51,36.97,6.2,pjm.com,false,
2024-12-22 13:00:00,USA,PJM,US-MIDA-PJM,368.64,441.22,37.28,6.9,pjm.com,false,
2024-12-22 14:00:00,USA,PJM,US-MIDA-PJM,353.5,423.44,40.3,9.49,pjm.com,false,
2024-12-22 15:00:00,USA,PJM,US-MIDA-PJM,341.97,410.7,41.93,10.58,pjm.com,false,
2024-12-22 16:00:00,USA,PJM,US-MIDA-PJM,337.35,405.61,42.46,10.62,pjm.com,false,
2024-12-22 17:00:00,USA,PJM,US-MIDA-PJM,331.38,398.34,43.73,11.23,pjm.com,false,
2024-12-22 18:00:00,USA,PJM,US-MIDA-PJM,326.73,392.63,44.76,11.71,pjm.com,false,
2024-12-22 19:00:00,USA,PJM,US-MIDA-PJM,327.98,394.31,44.36,11.31,pjm.com,false,
2024-12-22 20:00:00,USA,PJM,US-MIDA-PJM,337.39,405.5,42.4,9.43,pjm.com,false,
2024-12-22 21:00:00,USA,PJM,US-MIDA-PJM,350.09,420.55,39.84,7.58,pjm.com,false,
2024-12-22 22:00:00,USA,PJM,US-MIDA-PJM,356.92,428.52,38.62,8.32,pjm.com,false,
2024-12-22 23:00:00,USA,PJM,US-MIDA-PJM,362.97,434.98,37.94,8.46,pjm.com,false,
2024-12-23 00:00:00,USA,PJM,US-MIDA-PJM,363.28,434.94,38.19,8.73,pjm.com,false,
2024-12-23 01:00:00,USA,PJM,US-MIDA-PJM,366.52,438.0,38.1,8.77,pjm.com,false,
2024-12-23 02:00:00,USA,PJM,US-MIDA-PJM,367.95,438.8,38.5,9.03,pjm.com,false,
2024-12-23 03:00:00,USA,PJM,US-MIDA-PJM,368.64,439.39,38.42,8.37,pjm.com,false,
2024-12-23 04:00:00,USA,PJM,US-MIDA-PJM,370.29,440.73,38.47,7.61,pjm.com,false,
2024-12-23 05:00:00,USA,PJM,US-MIDA-PJM,365.63,435.59,39.03,7.78,pjm.com,false,
2024-12-23 06:00:00,USA,PJM,US-MIDA-PJM,365.01,435.0,39.06,7.3,pjm.com,false,
2024-12-23 07:00:00,USA,PJM,US-MIDA-PJM,366.95,437.57,38.51,6.65,pjm.com,false,
2024-12-23 08:00:00,USA,PJM,US-MIDA-PJM,367.1,437.78,38.46,6.95,pjm.com,false,
2024-12-23 09:00:00,USA,PJM,US-MIDA-PJM,367.86,438.82,38.29,7.39,pjm.com,false,
2024-12-23 10:00:00,USA,PJM,US-MIDA-PJM,364.36,435.86,38.17,8.32,pjm.com,false,
2024-12-23 11:00:00,USA,PJM,US-MIDA-PJM,359.74,431.99,38.1,9.08,pjm.com,false,
2024-12-23 12:00:00,USA,PJM,US-MIDA-PJM,361.45,434.42,37.83,9.84,pjm.com,false,
2024-12-23 13:00:00,USA,PJM,US-MIDA-PJM,359.46,431.44,38.93,11.42,pjm.com,false,
2024-12-23 14:00:00,USA,PJM,US-MIDA-PJM,348.9,418.58,41.25,13.12,pjm.com,false,
2024-12-23 15:00:00,USA,PJM,US-MIDA-PJM,344.06,412.6,41.95,13.06,pjm.com,false,
2024-12-23 16:00:00,USA,PJM,US-MIDA-PJM,342.97,410.64,42.45,12.62,pjm.com,false,
2024-12-23 17:00:00,USA,PJM,US-MIDA-PJM,337.96,404.9,43.18,12.29,pjm.com,false,
2024-12-23 18:00:00,USA,PJM,US-MIDA-PJM,336.77,403.95,42.99,11.62,pjm.com,false,
2024-12-23 19:00:00,USA,PJM,US-MIDA-PJM,338.34,405.92,42.57,10.81,pjm.com,false,
2024-12-23 20:00:00,USA,PJM,US-MIDA-PJM,344.19,412.78,41.39,9.52,pjm.com,false,
2024-12-23 21:00:00,USA,PJM,US-MIDA-PJM,357.62,428.27,38.97,7.5,pjm.com,false,
2024-12-23 22:00:00,USA,PJM,US-MIDA-PJM,365.54,437.37,37.69,7.44,pjm.com,false,
2024-12-23 23:00:00,USA,PJM,US-MIDA-PJM,369.35,441.36,37.36,7.36,pjm.com,false,
2024-12-24 00:00:00,USA,PJM,US-MIDA-PJM,364.69,436.47,37.81,7.45,pjm.com,false,
2024-12-24 01:00:00,USA,PJM,US-MIDA-PJM,365.7,437.42,37.77,7.17,pjm.com,false,
2024-12-24 02:00:00,USA,PJM,US-MIDA-PJM,364.04,435.5,38.04,6.86,pjm.com,false,
2024-12-24 03:00:00,USA,PJM,US-MIDA-PJM,366.04,437.4,37.94,5.84,pjm.com,false,
2024-12-24 04:00:00,USA,PJM,US-MIDA-PJM,365.75,436.81,38.08,5.14,pjm.com,false,
2024-12-24 05:00:00,USA,PJM,US-MIDA-PJM,360.19,431.56,38.11,4.77,pjm.com,false,
2024-12-24 06:00:00,USA,PJM,US-MIDA-PJM,361.95,433.9,37.58,4.33,pjm.com,false,
2024-12-24 07:00:00,USA,PJM,US-MIDA-PJM,362.02,433.86,37.67,3.89,pjm.com,false,
2024-12-24 08:00:00,USA,PJM,US-MIDA-PJM,358.86,430.64,37.89,3.53,pjm.com,false,
2024-12-24 09:00:00,USA,PJM,US-MIDA-PJM,356.27,428.3,37.85,3.55,pjm.com,false,
2024-12-24 10:00:00,USA,PJM,US-MIDA-PJM,359.64,432.01,37.44,3.32,pjm.com,false,
2024-12-24 11:00:00,USA,PJM,US-MIDA-PJM,356.78,428.86,37.91,4.16,pjm.com,false,
2024-12-24 12:00:00,USA,PJM,US-MIDA-PJM,358.2,430.31,37.93,5.26,pjm.com,false,
2024-12-24 13:00:00,USA,PJM,US-MIDA-PJM,363.28,435.82,37.37,5.3,pjm.com,false,
2024-12-24 14:00:00,USA,PJM,US-MIDA-PJM,366.17,439.1,36.94,5.32,pjm.com,false,
2024-12-24 15:00:00,USA,PJM,US-MIDA-PJM,369.9,443.2,36.46,5.02,pjm.com,false,
2024-12-24 16:00:00,USA,PJM,US-MIDA-PJM,365.6,438.61,36.88,4.78,pjm.com,false,
2024-12-24 17:00:00,USA,PJM,US-MIDA-PJM,361.1,433.7,37.42,4.5,pjm.com,false,
2024-12-24 18:00:00,USA,PJM,US-MIDA-PJM,358.61,431.01,37.69,4.09,pjm.com,false,
2024-12-24 19:00:00,USA,PJM,US-MIDA-PJM,360.02,432.59,37.4,3.33,pjm.com,false,
2024-12-24 20:00:00,USA,PJM,US-MIDA-PJM,359.18,431.64,37.48,3.14,pjm.com,false,
2024-12-24 21:00:00,USA,PJM,US-MIDA-PJM,359.27,431.92,37.31,2.88,pjm.com,false,
2024-12-24 22:00:00,USA,PJM,US-MIDA-PJM,358.78,431.56,37.3,3.73,pjm.com,false,
2024-12-24 23:00:00,USA,PJM,US-MIDA-PJM,358.75,431.25,37.51,3.83,pjm.com,false,
2024-12-25 00:00:00,USA,PJM,US-MIDA-PJM,355.92,428.1,37.87,3.51,pjm.com,false,
2024-12-25 01:00:00,USA,PJM,US-MIDA-PJM,354.38,426.39,38.06,3.5,pjm.com,false,
2024-12-25 02:00:00,USA,PJM,US-MIDA-PJM,352.35,424.14,38.29,3.33,pjm.com,false,
2024-12-25 03:00:00,USA,PJM,US-MIDA-PJM,353.05,424.67,38.34,2.86,pjm.com,false,
2024-12-25 04:00:00,USA,PJM,US-MIDA-PJM,353.98,425.57,38.26,2.31,pjm.com,false,
2024-12-25 05:00:00,USA,PJM,US-MIDA-PJM,347.07,417.91,39.15,2.03,pjm.com,false,
2024-12-25 06:00:00,USA,PJM,US-MIDA-PJM,339.41,409.87,39.83,1.99,pjm.com,false,
2024-12-25 07:00:00,USA,PJM,US-MIDA-PJM,335.77,406.06,40.14,2.04,pjm.com,false,
2024-12-25 08:00:00,USA,PJM,US-MIDA-PJM,333.93,404.23,40.22,2.01,pjm.com,false,
2024-12-25 09:00:00,USA,PJM,US-MIDA-PJM,333.32,403.74,40.19,2.15,pjm.com,false,
2024-12-25 10:00:00,USA,PJM,US-MIDA-PJM,332.73,403.17,40.21,2.31,pjm.com,false,
2024-12-25 11:00:00,USA,PJM,US-MIDA-PJM,333.69,404.26,40.1,2.86,pjm.com,false,
2024-12-25 12:00:00,USA,PJM,US-MIDA-PJM,334.25,404.93,40.03,3.62,pjm.com,false,
2024-12-25 13:00:00,USA,PJM,US-MIDA-PJM,332.94,403.48,40.3,4.71,pjm.com,false,
2024-12-25 14:00:00,USA,PJM,US-MIDA-PJM,330.39,400.4,40.94,5.68,pjm.com,false,
2024-12-25 15:00:00,USA,PJM,US-MIDA-PJM,330.28,399.9,41.26,6.01,pjm.com,false,
2024-12-25 16:00:00,USA,PJM,US-MIDA-PJM,331.21,400.81,41.22,5.97,pjm.com,false,
2024-12-25 17:00:00,USA,PJM,US-MIDA-PJM,329.52,398.75,41.57,5.76,pjm.com,false,
2024-12-25 18:00:00,USA,PJM,US-MIDA-PJM,327.55,396.43,41.92,5.46,pjm.com,false,
2024-12-25 19:00:00,USA,PJM,US-MIDA-PJM,326.36,395.12,42.05,5.38,pjm.com,false,
2024-12-25 20:00:00,USA,PJM,US-MIDA-PJM,326.13,395.04,41.91,4.84,pjm.com,false,
2024-12-25 21:00:00,USA,PJM,US-MIDA-PJM,329.74,399.73,40.85,3.59,pjm.com,false,
2024-12-25 22:00:00,USA,PJM,US-MIDA-PJM,334.51,405.66,39.76,3.57,pjm.com,false,
2024-12-25 23:00:00,USA,PJM,US-MIDA-PJM,332.38,403.61,39.83,3.96,pjm.com,false,
2024-12-26 00:00:00,USA,PJM,US-MIDA-PJM,334.24,405.45,39.72,3.79,pjm.com,false,
2024-12-26 01:00:00,USA,PJM,US-MIDA-PJM,336.58,407.81,39.56,3.68,pjm.com,false,
2024-12-26 02:00:00,USA,PJM,US-MIDA-PJM,338.23,409.59,39.34,3.27,pjm.com,false,
2024-12-26 03:00:00,USA,PJM,US-MIDA-PJM,339.43,410.56,39.38,2.86,pjm.com,false,
2024-12-26 04:00:00,USA,PJM,US-MIDA-PJM,333.98,404.42,40.14,2.89,pjm.com,false,
2024-12-26 05:00:00,USA,PJM,US-MIDA-PJM,329.4,399.15,40.9,2.82,pjm.com,false,
2024-12-26 06:00:00,USA,PJM,US-MIDA-PJM,328.15,397.81,41.04,2.69,pjm.com,false,
2024-12-26 07:00:00,USA,PJM,US-MIDA-PJM,326.57,396.35,41.04,2.67,pjm.com,false,
2024-12-26 08:00:00,USA,PJM,US-MIDA-PJM,326.49,396.44,40.91,2.65,pjm.com,false,
2024-12-26 09:00:00,USA,PJM,US-MIDA-PJM,327.83,398.21,40.54,2.64,pjm.com,false,
2024-12-26 10:00:00,USA,PJM,US-MIDA-PJM,330.83,402.09,39.75,2.57,pjm.com,false,
2024-12-26 11:00:00,USA,PJM,US-MIDA-PJM,330.79,401.98,39.91,4.11,pjm.com,false,
2024-12-26 12:00:00,USA,PJM,US-MIDA-PJM,326.33,396.91,40.77,6.47,pjm.com,false,
2024-12-26 13:00:00,USA,PJM,US-MIDA-PJM,327.64,398.22,40.77,7.4,pjm.com,false,
2024-12-26 14:00:00,USA,PJM,US-MIDA-PJM,326.86,397.32,40.91,7.67,pjm.com,false,
2024-12-26 15:00:00,USA,PJM,US-MIDA-PJM,327.68,398.03,40.96,7.57,pjm.com,false,
2024-12-26 16:00:00,USA,PJM,US-MIDA-PJM,324.89,394.79,41.43,7.54,pjm.com,false,
2024-12-26 17:00:00,USA,PJM,US-MIDA-PJM,322.86,392.46,41.73,7.61,pjm.com,false,
2024-12-26 18:00:00,USA,PJM,US-MIDA-PJM,322.36,391.77,41.92,7.56,pjm.com,false,
2024-12-26 19:00:00,USA,PJM,US-MIDA-PJM,323.14,392.62,41.83,7.2,pjm.com,false,
2024-12-26 20:00:00,USA,PJM,US-MIDA-PJM,326.7,396.76,41.18,6.46,pjm.com,false,
2024-12-26 21:00:00,USA,PJM,US-MIDA-PJM,334.94,406.49,39.87,5.5,pjm.com,false,
2024-12-26 22:00:00,USA,PJM,US-MIDA-PJM,333.93,405.34,40.11,7.12,pjm.com,false,
2024-12-26 23:00:00,USA,PJM,US-MIDA-PJM,324.42,394.68,41.35,8.59,pjm.com,false,
2024-12-27 00:00:00,USA,PJM,US-MIDA-PJM,323.05,393.01,41.49,8.61,pjm.com,false,
2024-12-27 01:00:00,USA,PJM,US-MIDA-PJM,320.25,389.61,41.94,8.48,pjm.com,false,
2024-12-27 02:00:00,USA,PJM,US-MIDA-PJM,325.27,395.13,41.18,7.08,pjm.com,false,
2024-12-27 03:00:00,USA,PJM,US-MIDA-PJM,328.61,398.43,40.91,5.89,pjm.com,false,
2024-12-27 04:00:00,USA,PJM,US-MIDA-PJM,325.23,394.19,41.67,5.86,pjm.com,false,
2024-12-27 05:00:00,USA,PJM,US-MIDA-PJM,320.84,389.16,42.37,5.61,pjm.com,false,
2024-12-27 06:00:00,USA,PJM,US-MIDA-PJM,318.04,386.2,42.63,5.29,pjm.com,false,
2024-12-27 07:00:00,USA,PJM,US-MIDA-PJM,317.16,385.03,42.91,5.31,pjm.com,false,
2024-12-27 08:00:00,USA,PJM,US-MIDA-PJM,312.76,379.96,43.63,5.93,pjm.com,false,
2024-12-27 09:00:00,USA,PJM,US-MIDA-PJM,311.37,378.53,43.71,6.27,pjm.com,false,
2024-12-27 10:00:00,USA,PJM,US-MIDA-PJM,317.79,386.26,42.45,5.72,pjm.com,false,
2024-12-27 11:00:00,USA,PJM,US-MIDA-PJM,316.68,386.15,42.39,6.89,pjm.com,false,
2024-12-27 12:00:00,USA,PJM,US-MIDA-PJM,309.9,378.51,43.48,8.99,pjm.com,false,
2024-12-27 13:00:00,USA,PJM,US-MIDA-PJM,310.37,379.4,43.21,9.72,pjm.com,false,
2024-12-27 14:00:00,USA,PJM,US-MIDA-PJM,314.86,384.34,42.59,9.29,pjm.com,false,
2024-12-27 15:00:00,USA,PJM,US-MIDA-PJM,310.37,379.04,43.46,9.67,pjm.com,false,
2024-12-27 16:00:00,USA,PJM,US-MIDA-PJM,306.08,374.39,43.97,9.79,pjm.com,false,
2024-12-27 17:00:00,USA,PJM,US-MIDA-PJM,308.85,377.49,43.51,9.19,pjm.com,false,
2024-12-27 18:00:00,USA,PJM,US-MIDA-PJM,310.12,378.79,43.36,8.98,pjm.com,false,
2024-12-27 19:00:00,USA,PJM,US-MIDA-PJM,310.19,378.72,43.41,8.79,pjm.com,false,
2024-12-27 20:00:00,USA,PJM,US-MIDA-PJM,314.39,383.52,42.71,8.16,pjm.com,false,
2024-12-27 21:00:00,USA,PJM,US-MIDA-PJM,320.42,390.28,41.86,7.61,pjm.com,false,
2024-12-27 22:00:00,USA,PJM,US-MIDA-PJM,315.63,384.72,42.81,9.59,pjm.com,false,
2024-12-27 23:00:00,USA,PJM,US-MIDA-PJM,316.84,385.4,42.98,9.8,pjm.com,false,
2024-12-28 00:00:00,USA,PJM,US-MIDA-PJM,312.76,380.24,43.57,9.76,pjm.com,false,
2024-12-28 01:00:00,USA,PJM,US-MIDA-PJM,306.88,373.53,44.41,10.15,pjm.com,false,
2024-12-28 02:00:00,USA,PJM,US-MIDA-PJM,303.3,369.29,45.02,10.29,pjm.com,false,
2024-12-28 03:00:00,USA,PJM,US-MIDA-PJM,297.34,362.27,46.06,10.53,pjm.com,false,
2024-12-28 04:00:00,USA,PJM,US-MIDA-PJM,292.51,356.84,46.72,10.57,pjm.com,false,
2024-12-28 05:00:00,USA,PJM,US-MIDA-PJM,287.97,351.37,47.67,10.66,pjm.com,false,
2024-12-28 06:00:00,USA,PJM,US-MIDA-PJM,284.99,347.7,48.34,10.59,pjm.com,false,
2024-12-28 07:00:00,USA,PJM,US-MIDA-PJM,283.01,345.27,48.77,10.47,pjm.com,false,
2024-12-28 08:00:00,USA,PJM,US-MIDA-PJM,282.34,344.3,49.03,10.46,pjm.com,false,
2024-12-28 09:00:00,USA,PJM,US-MIDA-PJM,282.02,344.35,48.78,10.16,pjm.com,false,
2024-12-28 10:00:00,USA,PJM,US-MIDA-PJM,286.35,349.96,47.6,9.49,pjm.com,false,
2024-12-28 11:00:00,USA,PJM,US-MIDA-PJM,291.24,355.23,47.11,9.0,pjm.com,false,
2024-12-28 12:00:00,USA,PJM,US-MIDA-PJM,293.34,358.19,46.44,8.86,pjm.com,false,
2024-12-28 13:00:00,USA,PJM,US-MIDA-PJM,298.51,364.42,45.44,8.59,pjm.com,false,
2024-12-28 14:00:00,USA,PJM,US-MIDA-PJM,299.08,365.59,45.15,9.01,pjm.com,false,
2024-12-28 15:00:00,USA,PJM,US-MIDA-PJM,299.23,366.09,45.04,9.19,pjm.com,false,
2024-12-28 16:00:00,USA,PJM,US-MIDA-PJM,302.2,369.98,44.14,8.53,pjm.com,false,
2024-12-28 17:00:00,USA,PJM,US-MIDA-PJM,308.24,377.03,43.15,7.52,pjm.com,false,
2024-12-28 18:00:00,USA,PJM,US-MIDA-PJM,315.02,384.93,41.94,5.96,pjm.com,false,
2024-12-28 19:00:00,USA,PJM,US-MIDA-PJM,318.56,389.02,41.36,4.89,pjm.com,false,
2024-12-28 20:00:00,USA,PJM,US-MIDA-PJM,321.09,391.91,40.96,4.33,pjm.com,false,
2024-12-28 21:00:00,USA,PJM,US-MIDA-PJM,320.86,391.44,41.01,4.81,pjm.com,false,
2024-12-28 22:00:00,USA,PJM,US-MIDA-PJM,325.11,396.27,40.4,5.51,pjm.com,false,
2024-12-28 23:00:00,USA,PJM,US-MIDA-PJM,329.03,400.7,39.78,5.15,pjm.com,false,
2024-12-29 00:00:00,USA,PJM,US-MIDA-PJM,323.96,395.14,40.39,5.06,pjm.com,false,
2024-12-29 01:00:00,USA,PJM,US-MIDA-PJM,326.78,398.08,40.07,4.24,pjm.com,false,
2024-12-29 02:00:00,USA,PJM,US-MIDA-PJM,326.77,397.73,40.21,3.46,pjm.com,false,
2024-12-29 03:00:00,USA,PJM,US-MIDA-PJM,326.98,397.5,40.44,2.8,pjm.com,false,
2024-12-29 04:00:00,USA,PJM,US-MIDA-PJM,321.54,390.64,41.76,3.49,pjm.com,false,
2024-12-29 05:00:00,USA,PJM,US-MIDA-PJM,308.99,376.0,43.93,4.19,pjm.com,false,
2024-12-29 06:00:00,USA,PJM,US-MIDA-PJM,301.52,367.41,45.15,4.88,pjm.com,false,
2024-12-29 07:00:00,USA,PJM,US-MIDA-PJM,292.41,356.47,46.97,6.07,pjm.com,false,
2024-12-29 08:00:00,USA,PJM,US-MIDA-PJM,286.23,348.75,48.42,7.1,pjm.com,false,
2024-12-29 09:00:00,USA,PJM,US-MIDA-PJM,282.04,343.28,49.58,8.03,pjm.com,false,
2024-12-29 10:00:00,USA,PJM,US-MIDA-PJM,280.14,340.83,50.07,8.61,pjm.com,false,
2024-12-29 11:00:00,USA,PJM,US-MIDA-PJM,276.75,337.08,50.53,9.59,pjm.com,false,
2024-12-29 12:00:00,USA,PJM,US-MIDA-PJM,275.27,335.57,50.65,10.05,pjm.com,false,
2024-12-29 13:00:00,USA,PJM,US-MIDA-PJM,275.94,336.7,50.35,10.68,pjm.com,false,
2024-12-29 14:00:00,USA,PJM,US-MIDA-PJM,273.24,333.43,51.06,11.92,pjm.com,false,
2024-12-29 15:00:00,USA,PJM,US-MIDA-PJM,277.21,338.53,50.04,11.43,pjm.com,false,
2024-12-29 16:00:00,USA,PJM,US-MIDA-PJM,276.56,338.07,49.98,11.51,pjm.com,false,
2024-12-29 17:00:00,USA,PJM,US-MIDA-PJM,277.17,339.39,49.44,11.15,pjm.com,false,
2024-12-29 18:00:00,USA,PJM,US-MIDA-PJM,278.3,341.05,48.91,10.56,pjm.com,false,
2024-12-29 19:00:00,USA,PJM,US-MIDA-PJM,276.77,339.21,49.17,10.28,pjm.com,false,
2024-12-29 20:00:00,USA,PJM,US-MIDA-PJM,276.59,339.0,49.18,10.32,pjm.com,false,
2024-12-29 21:00:00,USA,PJM,US-MIDA-PJM,279.82,343.04,48.4,10.2,pjm.com,false,
2024-12-29 22:00:00,USA,PJM,US-MIDA-PJM,278.86,342.38,48.35,11.74,pjm.com,false,
2024-12-29 23:00:00,USA,PJM,US-MIDA-PJM,285.91,350.42,47.18,11.05,pjm.com,false,
2024-12-30 00:00:00,USA,PJM,US-MIDA-PJM,287.22,351.74,47.07,10.48,pjm.com,false,
2024-12-30 01:00:00,USA,PJM,US-MIDA-PJM,292.46,357.69,46.2,9.29,pjm.com,false,
2024-12-30 02:00:00,USA,PJM,US-MIDA-PJM,291.79,356.5,46.52,8.67,pjm.com,false,
2024-12-30 03:00:00,USA,PJM,US-MIDA-PJM,286.59,350.27,47.5,8.64,pjm.com,false,
2024-12-30 04:00:00,USA,PJM,US-MIDA-PJM,284.76,347.6,48.21,8.36,pjm.com,false,
2024-12-30 05:00:00,USA,PJM,US-MIDA-PJM,287.02,350.12,47.9,7.86,pjm.com,false,
2024-12-30 06:00:00,USA,PJM,US-MIDA-PJM,288.32,351.02,48.12,7.51,pjm.com,false,
2024-12-30 07:00:00,USA,PJM,US-MIDA-PJM,289.71,351.9,48.44,7.05,pjm.com,false,
2024-12-30 08:00:00,USA,PJM,US-MIDA-PJM,290.16,351.95,48.72,6.81,pjm.com,false,
2024-12-30 09:00:00,USA,PJM,US-MIDA-PJM,287.84,349.52,48.92,6.7,pjm.com,false,
2024-12-30 10:00:00,USA,PJM,US-MIDA-PJM,291.48,355.24,47.2,6.15,pjm.com,false,
2024-12-30 11:00:00,USA,PJM,US-MIDA-PJM,296.3,362.23,45.41,6.2,pjm.com,false,
2024-12-30 12:00:00,USA,PJM,US-MIDA-PJM,298.66,365.94,44.42,6.97,pjm.com,false,
2024-12-30 13:00:00,USA,PJM,US-MIDA-PJM,301.1,368.46,44.35,7.63,pjm.com,false,
2024-12-30 14:00:00,USA,PJM,US-MIDA-PJM,296.59,362.83,45.65,9.25,pjm.com,false,
2024-12-30 15:00:00,USA,PJM,US-MIDA-PJM,292.98,358.4,46.57,10.24,pjm.com,false,
2024-12-30 16:00:00,USA,PJM,US-MIDA-PJM,290.74,355.51,47.21,10.53,pjm.com,false,
2024-12-30 17:00:00,USA,PJM,US-MIDA-PJM,290.18,354.9,47.28,10.58,pjm.com,false,
2024-12-30 18:00:00,USA,PJM,US-MIDA-PJM,290.22,354.94,47.29,10.49,pjm.com,false,
2024-12-30 19:00:00,USA,PJM,US-MIDA-PJM,289.27,353.35,47.82,10.6,pjm.com,false,
2024-12-30 20:00:00,USA,PJM,US-MIDA-PJM,288.23,352.37,47.75,10.43,pjm.com,false,
2024-12-30 21:00:00,USA,PJM,US-MIDA-PJM,299.44,366.22,44.96,7.88,pjm.com,false,
2024-12-30 22:00:00,USA,PJM,US-MIDA-PJM,309.45,377.86,43.26,7.86,pjm.com,false,
2024-12-30 23:00:00,USA,PJM,US-MIDA-PJM,312.5,380.74,43.13,8.41,pjm.com,false,
2024-12-31 00:00:00,USA,PJM,US-MIDA-PJM,305.71,372.81,44.31,9.36,pjm.com,false,
2024-12-31 01:00:00,USA,PJM,US-MIDA-PJM,307.95,375.3,43.96,8.9,pjm.com,false,
2024-12-31 02:00:00,USA,PJM,US-MIDA-PJM,318.54,387.03,42.43,6.98,pjm.com,false,
2024-12-31 03:00:00,USA,PJM,US-MIDA-PJM,317.9,385.61,42.93,6.68,pjm.com,false,
2024-12-31 04:00:00,USA,PJM,US-MIDA-PJM,313.86,380.61,43.81,7.31,pjm.com,false,
2024-12-31 05:00:00,USA,PJM,US-MIDA-PJM,309.12,374.43,45.11,7.78,pjm.com,false,
2024-12-31 06:00:00,USA,PJM,US-MIDA-PJM,302.1,365.82,46.64,8.67,pjm.com,false,
2024-12-31 07:00:00,USA,PJM,US-MIDA-PJM,299.82,363.37,46.88,9.0,pjm.com,false,
2024-12-31 08:00:00,USA,PJM,US-MIDA-PJM,298.25,361.29,47.36,8.99,pjm.com,false,
2024-12-31 09:00:00,USA,PJM,US-MIDA-PJM,296.54,359.06,47.82,9.31,pjm.com,false,
2024-12-31 10:00:00,USA,PJM,US-MIDA-PJM,298.96,362.28,47.11,9.55,pjm.com,false,
2024-12-31 11:00:00,USA,PJM,US-MIDA-PJM,300.03,364.0,46.62,10.09,pjm.com,false,
2024-12-31 12:00:00,USA,PJM,US-MIDA-PJM,307.02,372.12,45.44,10.33,pjm.com,false,
2024-12-31 13:00:00,USA,PJM,US-MIDA-PJM,300.54,364.74,46.57,11.62,pjm.com,false,
2024-12-31 14:00:00,USA,PJM,US-MIDA-PJM,286.56,348.29,49.33,13.79,pjm.com,false,
2024-12-31 15:00:00,USA,PJM,US-MIDA-PJM,282.18,343.24,50.12,14.51,pjm.com,false,
2024-12-31 16:00:00,USA,PJM,US-MIDA-PJM,282.26,342.79,50.5,14.62,pjm.com,false,
2024-12-31 17:00:00,USA,PJM,US-MIDA-PJM,282.3,342.12,51.03,14.65,pjm.com,false,
2024-12-31 18:00:00,USA,PJM,US-MIDA-PJM,282.97,342.96,50.82,14.28,pjm.com,false,
2024-12-31 19:00:00,USA,PJM,US-MIDA-PJM,285.56,346.18,50.13,13.44,pjm.com,false,
2024-12-31 20:00:00,USA,PJM,US-MIDA-PJM,287.14,348.33,49.56,12.96,pjm.com,false,
2024-12-31 21:00:00,USA,PJM,US-MIDA-PJM,294.99,357.76,47.93,11.93,pjm.com,false,
2024-12-31 22:00:00,USA,PJM,US-MIDA-PJM,294.99,357.86,47.95,13.3,pjm.com,false,
2024-12-31 23:00:00,USA,PJM,US-MIDA-PJM,293.49,356.11,48.22,13.56,pjm.com,false,
