Datetime (UTC),Country,Zone name,Zone id,Carbon intensity gCO₂eq/kWh (direct),Carbon intensity gCO₂eq/kWh (Life cycle),Carbon-free energy percentage (CFE%),Renewable energy percentage (RE%),Data source,Data estimated,Data estimation method
2024-01-01 00:00:00,Costa Rica,Costa Rica,CR,0.37,26.01,99.9,99.9,grupoice.com,false,
2024-01-01 01:00:00,Costa Rica,Costa Rica,CR,0.02,25.66,100.0,100.0,grupoice.com,false,
2024-01-01 02:00:00,Costa Rica,Costa Rica,CR,0.68,26.54,99.82,99.82,grupoice.com,false,
2024-01-01 03:00:00,Costa Rica,Costa Rica,CR,0.51,26.6,99.86,99.86,grupoice.com,false,
2024-01-01 04:00:00,Costa Rica,Costa Rica,CR,0.29,26.34,99.92,99.92,grupoice.com,false,
2024-01-01 05:00:00,Costa Rica,Costa Rica,CR,0.42,26.7,99.89,99.89,grupoice.com,false,
2024-01-01 06:00:00,Costa Rica,Costa Rica,CR,0.38,26.39,99.9,99.9,grupoice.com,false,
2024-01-01 07:00:00,Costa Rica,Costa Rica,CR,0.9,27.15,99.76,99.76,grupoice.com,false,
2024-01-01 08:00:00,Costa Rica,Costa Rica,CR,0.09,25.97,99.98,99.98,grupoice.com,false,
2024-01-01 09:00:00,Costa Rica,Costa Rica,CR,0.65,27.0,99.83,99.83,grupoice.com,false,
2024-01-01 10:00:00,Costa Rica,Costa Rica,CR,0.58,27.08,99.84,99.84,grupoice.com,false,
2024-01-01 11:00:00,Costa Rica,Costa Rica,CR,0.48,26.72,99.87,99.87,grupoice.com,false,
2024-01-01 12:00:00,Costa Rica,Costa Rica,CR,1.13,27.99,99.7,99.7,grupoice.com,false,
2024-01-01 13:00:00,Costa Rica,Costa Rica,CR,0.03,26.94,99.99,99.99,grupoice.com,false,
2024-01-01 14:00:00,Costa Rica,Costa Rica,CR,0.04,26.9,99.99,99.99,grupoice.com,false,
2024-01-01 15:00:00,Costa Rica,Costa Rica,CR,0.06,26.55,99.98,99.98,grupoice.com,false,
2024-01-01 16:00:00,Costa Rica,Costa Rica,CR,0.03,26.25,99.99,99.99,grupoice.com,false,
2024-01-01 17:00:00,Costa Rica,Costa Rica,CR,0.0,26.0,100.0,100.0,grupoice.com,false,
2024-01-01 18:00:00,Costa Rica,Costa Rica,CR,0.1,26.02,99.97,99.97,grupoice.com,false,
2024-01-01 19:00:00,Costa Rica,Costa Rica,CR,0.24,26.25,99.94,99.94,grupoice.com,false,
2024-01-01 20:00:00,Costa Rica,Costa Rica,CR,0.21,26.27,99.94,99.94,grupoice.com,false,
2024-01-01 21:00:00,Costa Rica,Costa Rica,CR,0.07,26.16,99.98,99.98,grupoice.com,false,
2024-01-01 22:00:00,Costa Rica,Costa Rica,CR,0.05,26.07,99.99,99.99,grupoice.com,false,
2024-01-01 23:00:00,Costa Rica,Costa Rica,CR,0.05,25.93,99.99,99.99,grupoice.com,false,
2024-01-02 00:00:00,Costa Rica,Costa Rica,CR,0.26,25.93,99.93,99.93,grupoice.com,false,
2024-01-02 01:00:00,Costa Rica,Costa Rica,CR,0.26,25.93,99.93,99.93,grupoice.com,false,
2024-01-02 02:00:00,Costa Rica,Costa Rica,CR,0.87,26.7,99.77,99.77,grupoice.com,false,
2024-01-02 03:00:00,Costa Rica,Costa Rica,CR,0.44,26.17,99.89,99.89,grupoice.com,false,
2024-01-02 04:00:00,Costa Rica,Costa Rica,CR,1.09,27.23,99.72,99.72,grupoice.com,false,
2024-01-02 05:00:00,Costa Rica,Costa Rica,CR,0.32,26.35,99.92,99.92,grupoice.com,false,
2024-01-02 06:00:00,Costa Rica,Costa Rica,CR,1.19,29.43,99.71,99.71,grupoice.com,false,
2024-01-02 07:00:00,Costa Rica,Costa Rica,CR,1.16,29.53,99.71,99.71,grupoice.com,false,
2024-01-02 08:00:00,Costa Rica,Costa Rica,CR,1.04,28.55,99.74,99.74,grupoice.com,false,
2024-01-02 09:00:00,Costa Rica,Costa Rica,CR,1.87,29.78,99.53,99.53,grupoice.com,false,
2024-01-02 10:00:00,Costa Rica,Costa Rica,CR,1.83,30.11,99.54,99.54,grupoice.com,false,
2024-01-02 11:00:00,Costa Rica,Costa Rica,CR,1.91,30.52,99.52,99.52,grupoice.com,false,
2024-01-02 12:00:00,Costa Rica,Costa Rica,CR,1.65,29.71,99.59,99.59,grupoice.com,false,
2024-01-02 13:00:00,Costa Rica,Costa Rica,CR,1.58,29.1,99.6,99.6,grupoice.com,false,
2024-01-02 14:00:00,Costa Rica,Costa Rica,CR,1.12,28.11,99.72,99.72,grupoice.com,false,
2024-01-02 15:00:00,Costa Rica,Costa Rica,CR,2.06,29.54,99.48,99.48,grupoice.com,false,
2024-01-02 16:00:00,Costa Rica,Costa Rica,CR,1.59,28.89,99.61,99.61,grupoice.com,false,
2024-01-02 17:00:00,Costa Rica,Costa Rica,CR,2.09,29.7,99.48,99.48,grupoice.com,false,
2024-01-02 18:00:00,Costa Rica,Costa Rica,CR,0.54,26.59,99.87,99.87,grupoice.com,false,
2024-01-02 19:00:00,Costa Rica,Costa Rica,CR,0.84,27.26,99.79,99.79,grupoice.com,false,
2024-01-02 20:00:00,Costa Rica,Costa Rica,CR,1.38,28.64,99.66,99.66,grupoice.com,false,
2024-01-02 21:00:00,Costa Rica,Costa Rica,CR,0.18,26.25,99.95,99.95,grupoice.com,false,
2024-01-02 22:00:00,Costa Rica,Costa Rica,CR,0.06,26.0,99.98,99.98,grupoice.com,false,
2024-01-02 23:00:00,Costa Rica,Costa Rica,CR,0.94,27.12,99.76,99.76,grupoice.com,false,
2024-01-03 00:00:00,Costa Rica,Costa Rica,CR,0.81,26.87,99.79,99.79,grupoice.com,false,
2024-01-03 01:00:00,Costa Rica,Costa Rica,CR,0.2,26.11,99.95,99.95,grupoice.com,false,
2024-01-03 02:00:00,Costa Rica,Costa Rica,CR,0.04,25.99,99.99,99.99,grupoice.com,false,
2024-01-03 03:00:00,Costa Rica,Costa Rica,CR,0.07,26.22,99.98,99.98,grupoice.com,false,
2024-01-03 04:00:00,Costa Rica,Costa Rica,CR,0.88,28.73,99.78,99.78,grupoice.com,false,
2024-01-03 05:00:00,Costa Rica,Costa Rica,CR,1.08,29.7,99.73,99.73,grupoice.com,false,
2024-01-03 06:00:00,Costa Rica,Costa Rica,CR,0.2,27.0,99.95,99.95,grupoice.com,false,
2024-01-03 07:00:00,Costa Rica,Costa Rica,CR,0.05,26.86,99.99,99.99,grupoice.com,false,
2024-01-03 08:00:00,Costa Rica,Costa Rica,CR,0.2,27.42,99.95,99.95,grupoice.com,false,
2024-01-03 09:00:00,Costa Rica,Costa Rica,CR,0.82,27.97,99.78,99.78,grupoice.com,false,
2024-01-03 10:00:00,Costa Rica,Costa Rica,CR,0.0,27.01,100.0,100.0,grupoice.com,false,
2024-01-03 11:00:00,Costa Rica,Costa Rica,CR,0.28,27.36,99.93,99.93,grupoice.com,false,
2024-01-03 12:00:00,Costa Rica,Costa Rica,CR,0.75,27.89,99.8,99.8,grupoice.com,false,
2024-01-03 13:00:00,Costa Rica,Costa Rica,CR,1.11,28.19,99.71,99.71,grupoice.com,false,
2024-01-03 14:00:00,Costa Rica,Costa Rica,CR,0.1,26.71,99.97,99.97,grupoice.com,false,
2024-01-03 15:00:00,Costa Rica,Costa Rica,CR,0.64,27.26,99.83,99.83,grupoice.com,false,
2024-01-03 16:00:00,Costa Rica,Costa Rica,CR,0.46,27.38,99.89,99.89,grupoice.com,false,
2024-01-03 17:00:00,Costa Rica,Costa Rica,CR,0.47,27.09,99.88,99.88,grupoice.com,false,
2024-01-03 18:00:00,Costa Rica,Costa Rica,CR,6.74,37.13,98.34,98.34,grupoice.com,false,
2024-01-03 19:00:00,Costa Rica,Costa Rica,CR,25.68,66.57,93.68,93.68,grupoice.com,false,
2024-01-03 20:00:00,Costa Rica,Costa Rica,CR,33.58,78.69,91.73,91.73,grupoice.com,false,
2024-01-03 21:00:00,Costa Rica,Costa Rica,CR,34.13,79.69,91.59,91.59,grupoice.com,false,
2024-01-03 22:00:00,Costa Rica,Costa Rica,CR,35.11,81.01,91.34,91.34,grupoice.com,false,
2024-01-03 23:00:00,Costa Rica,Costa Rica,CR,34.8,80.29,91.42,91.42,grupoice.com,false,
2024-01-04 00:00:00,Costa Rica,Costa Rica,CR,32.84,76.78,91.9,91.9,grupoice.com,false,
2024-01-04 01:00:00,Costa Rica,Costa Rica,CR,23.36,62.12,94.24,94.24,grupoice.com,false,
2024-01-04 02:00:00,Costa Rica,Costa Rica,CR,34.11,79.02,91.6,91.6,grupoice.com,false,
2024-01-04 03:00:00,Costa Rica,Costa Rica,CR,38.62,86.14,90.48,90.48,grupoice.com,false,
2024-01-04 04:00:00,Costa Rica,Costa Rica,CR,42.75,92.99,89.47,89.47,grupoice.com,false,
2024-01-04 05:00:00,Costa Rica,Costa Rica,CR,47.43,100.28,88.31,88.31,grupoice.com,false,
2024-01-04 06:00:00,Costa Rica,Costa Rica,CR,41.85,93.6,89.68,89.68,grupoice.com,false,
2024-01-04 07:00:00,Costa Rica,Costa Rica,CR,40.24,92.08,90.09,90.09,grupoice.com,false,
2024-01-04 08:00:00,Costa Rica,Costa Rica,CR,42.67,96.45,89.49,89.49,grupoice.com,false,
2024-01-04 09:00:00,Costa Rica,Costa Rica,CR,42.69,95.98,89.48,89.48,grupoice.com,false,
2024-01-04 10:00:00,Costa Rica,Costa Rica,CR,40.12,91.63,90.12,90.12,grupoice.com,false,
2024-01-04 11:00:00,Costa Rica,Costa Rica,CR,57.46,115.9,85.84,85.84,grupoice.com,false,
2024-01-04 12:00:00,Costa Rica,Costa Rica,CR,42.74,93.5,89.47,89.47,grupoice.com,false,
2024-01-04 13:00:00,Costa Rica,Costa Rica,CR,57.71,116.19,85.78,85.78,grupoice.com,false,
2024-01-04 14:00:00,Costa Rica,Costa Rica,CR,55.55,112.57,86.29,86.29,grupoice.com,false,
2024-01-04 15:00:00,Costa Rica,Costa Rica,CR,50.89,105.33,87.46,87.46,grupoice.com,false,
2024-01-04 16:00:00,Costa Rica,Costa Rica,CR,47.66,100.25,88.26,88.26,grupoice.com,false,
2024-01-04 17:00:00,Costa Rica,Costa Rica,CR,45.73,97.42,88.73,88.73,grupoice.com,false,
2024-01-04 18:00:00,Costa Rica,Costa Rica,CR,43.96,94.65,89.17,89.17,grupoice.com,false,
2024-01-04 19:00:00,Costa Rica,Costa Rica,CR,43.44,93.85,89.3,89.3,grupoice.com,false,
2024-01-04 20:00:00,Costa Rica,Costa Rica,CR,43.57,93.76,89.26,89.26,grupoice.com,false,
2024-01-04 21:00:00,Costa Rica,Costa Rica,CR,45.45,96.47,88.8,88.8,grupoice.com,false,
2024-01-04 22:00:00,Costa Rica,Costa Rica,CR,45.74,96.22,88.73,88.73,grupoice.com,false,
2024-01-04 23:00:00,Costa Rica,Costa Rica,CR,45.51,95.63,88.79,88.79,grupoice.com,false,
2024-01-05 00:00:00,Costa Rica,Costa Rica,CR,42.62,91.07,89.5,89.5,grupoice.com,false,
2024-01-05 01:00:00,Costa Rica,Costa Rica,CR,29.63,71.15,92.7,92.7,grupoice.com,false,
2024-01-05 02:00:00,Costa Rica,Costa Rica,CR,32.03,75.08,92.11,92.11,grupoice.com,false,
2024-01-05 03:00:00,Costa Rica,Costa Rica,CR,34.8,79.58,91.43,91.43,grupoice.com,false,
2024-01-05 04:00:00,Costa Rica,Costa Rica,CR,40.43,88.91,90.04,90.04,grupoice.com,false,
2024-01-05 05:00:00,Costa Rica,Costa Rica,CR,41.79,92.45,89.69,89.69,grupoice.com,false,
2024-01-05 06:00:00,Costa Rica,Costa Rica,CR,34.25,81.08,91.56,91.56,grupoice.com,false,
2024-01-05 07:00:00,Costa Rica,Costa Rica,CR,36.53,84.74,91.0,91.0,grupoice.com,false,
2024-01-05 08:00:00,Costa Rica,Costa Rica,CR,37.3,85.94,90.81,90.81,grupoice.com,false,
2024-01-05 09:00:00,Costa Rica,Costa Rica,CR,38.8,88.47,90.44,90.44,grupoice.com,false,
2024-01-05 10:00:00,Costa Rica,Costa Rica,CR,48.28,101.77,88.08,88.08,grupoice.com,false,
2024-01-05 11:00:00,Costa Rica,Costa Rica,CR,47.2,99.34,88.36,88.36,grupoice.com,false,
2024-01-05 12:00:00,Costa Rica,Costa Rica,CR,40.51,88.66,90.02,90.02,grupoice.com,false,
2024-01-05 13:00:00,Costa Rica,Costa Rica,CR,41.24,89.84,89.83,89.83,grupoice.com,false,
2024-01-05 14:00:00,Costa Rica,Costa Rica,CR,52.94,107.8,86.96,86.96,grupoice.com,false,
2024-01-05 15:00:00,Costa Rica,Costa Rica,CR,52.86,107.61,86.98,86.98,grupoice.com,false,
2024-01-05 16:00:00,Costa Rica,Costa Rica,CR,51.62,105.37,87.28,87.28,grupoice.com,false,
2024-01-05 17:00:00,Costa Rica,Costa Rica,CR,48.73,101.02,87.99,87.99,grupoice.com,false,
2024-01-05 18:00:00,Costa Rica,Costa Rica,CR,47.51,99.33,88.3,88.3,grupoice.com,false,
2024-01-05 19:00:00,Costa Rica,Costa Rica,CR,47.21,99.0,88.37,88.37,grupoice.com,false,
2024-01-05 20:00:00,Costa Rica,Costa Rica,CR,47.5,99.62,88.3,88.3,grupoice.com,false,
2024-01-05 21:00:00,Costa Rica,Costa Rica,CR,48.42,101.15,88.07,88.07,grupoice.com,false,
2024-01-05 22:00:00,Costa Rica,Costa Rica,CR,49.17,102.5,87.88,87.88,grupoice.com,false,
2024-01-05 23:00:00,Costa Rica,Costa Rica,CR,51.93,105.98,87.15,87.15,grupoice.com,false,
2024-01-06 00:00:00,Costa Rica,Costa Rica,CR,47.76,99.95,88.23,88.23,grupoice.com,false,
2024-01-06 01:00:00,Costa Rica,Costa Rica,CR,49.44,102.49,87.82,87.82,grupoice.com,false,
2024-01-06 02:00:00,Costa Rica,Costa Rica,CR,50.76,104.34,87.5,87.5,grupoice.com,false,
2024-01-06 03:00:00,Costa Rica,Costa Rica,CR,54.75,110.76,86.51,86.51,grupoice.com,false,
2024-01-06 04:00:00,Costa Rica,Costa Rica,CR,65.33,128.89,83.91,83.91,grupoice.com,false,
2024-01-06 05:00:00,Costa Rica,Costa Rica,CR,72.39,140.57,82.17,82.17,grupoice.com,false,
2024-01-06 06:00:00,Costa Rica,Costa Rica,CR,77.54,149.91,80.9,80.9,grupoice.com,false,
2024-01-06 07:00:00,Costa Rica,Costa Rica,CR,80.96,155.16,80.06,80.06,grupoice.com,false,
2024-01-06 08:00:00,Costa Rica,Costa Rica,CR,83.59,159.92,79.41,79.41,grupoice.com,false,
2024-01-06 09:00:00,Costa Rica,Costa Rica,CR,83.85,160.41,79.35,79.35,grupoice.com,false,
2024-01-06 10:00:00,Costa Rica,Costa Rica,CR,81.14,154.55,80.01,80.01,grupoice.com,false,
2024-01-06 11:00:00,Costa Rica,Costa Rica,CR,81.66,153.99,79.88,79.88,grupoice.com,false,
2024-01-06 12:00:00,Costa Rica,Costa Rica,CR,63.39,124.73,84.38,84.38,grupoice.com,false,
2024-01-06 13:00:00,Costa Rica,Costa Rica,CR,55.82,113.42,86.25,86.25,grupoice.com,false,
2024-01-06 14:00:00,Costa Rica,Costa Rica,CR,59.6,118.65,85.31,85.31,grupoice.com,false,
2024-01-06 15:00:00,Costa Rica,Costa Rica,CR,58.08,116.7,85.69,85.69,grupoice.com,false,
2024-01-06 16:00:00,Costa Rica,Costa Rica,CR,57.43,114.94,85.84,85.84,grupoice.com,false,
2024-01-06 17:00:00,Costa Rica,Costa Rica,CR,56.25,113.4,86.14,86.14,grupoice.com,false,
2024-01-06 18:00:00,Costa Rica,Costa Rica,CR,56.11,113.64,86.18,86.18,grupoice.com,false,
2024-01-06 19:00:00,Costa Rica,Costa Rica,CR,56.55,114.19,86.06,86.06,grupoice.com,false,
2024-01-06 20:00:00,Costa Rica,Costa Rica,CR,55.34,112.64,86.37,86.37,grupoice.com,false,
2024-01-06 21:00:00,Costa Rica,Costa Rica,CR,57.32,116.62,85.88,85.88,grupoice.com,false,
2024-01-06 22:00:00,Costa Rica,Costa Rica,CR,68.21,133.05,83.2,83.2,grupoice.com,false,
2024-01-06 23:00:00,Costa Rica,Costa Rica,CR,79.33,149.66,80.46,80.46,grupoice.com,false,
2024-01-07 00:00:00,Costa Rica,Costa Rica,CR,71.52,135.91,82.37,82.37,grupoice.com,false,
2024-01-07 01:00:00,Costa Rica,Costa Rica,CR,73.98,139.51,81.78,81.78,grupoice.com,false,
2024-01-07 02:00:00,Costa Rica,Costa Rica,CR,73.4,138.28,81.92,81.92,grupoice.com,false,
2024-01-07 03:00:00,Costa Rica,Costa Rica,CR,61.56,120.27,84.84,84.84,grupoice.com,false,
2024-01-07 04:00:00,Costa Rica,Costa Rica,CR,66.92,130.47,83.51,83.51,grupoice.com,false,
2024-01-07 05:00:00,Costa Rica,Costa Rica,CR,74.45,142.0,81.66,81.66,grupoice.com,false,
2024-01-07 06:00:00,Costa Rica,Costa Rica,CR,79.19,149.57,80.48,80.48,grupoice.com,false,
2024-01-07 07:00:00,Costa Rica,Costa Rica,CR,83.14,155.9,79.51,79.51,grupoice.com,false,
2024-01-07 08:00:00,Costa Rica,Costa Rica,CR,79.32,150.5,80.45,80.45,grupoice.com,false,
2024-01-07 09:00:00,Costa Rica,Costa Rica,CR,73.41,141.11,81.9,81.9,grupoice.com,false,
2024-01-07 10:00:00,Costa Rica,Costa Rica,CR,73.29,141.02,81.93,81.93,grupoice.com,false,
2024-01-07 11:00:00,Costa Rica,Costa Rica,CR,65.03,128.38,83.97,83.97,grupoice.com,false,
2024-01-07 12:00:00,Costa Rica,Costa Rica,CR,69.85,135.97,82.76,82.76,grupoice.com,false,
2024-01-07 13:00:00,Costa Rica,Costa Rica,CR,56.39,115.67,86.09,86.09,grupoice.com,false,
2024-01-07 14:00:00,Costa Rica,Costa Rica,CR,64.19,126.27,84.19,84.19,grupoice.com,false,
2024-01-07 15:00:00,Costa Rica,Costa Rica,CR,66.14,128.89,83.71,83.71,grupoice.com,false,
2024-01-07 16:00:00,Costa Rica,Costa Rica,CR,42.68,93.0,89.49,89.49,grupoice.com,false,
2024-01-07 17:00:00,Costa Rica,Costa Rica,CR,39.37,86.69,90.3,90.3,grupoice.com,false,
2024-01-07 18:00:00,Costa Rica,Costa Rica,CR,40.35,87.93,90.05,90.05,grupoice.com,false,
2024-01-07 19:00:00,Costa Rica,Costa Rica,CR,47.21,98.34,88.37,88.37,grupoice.com,false,
2024-01-07 20:00:00,Costa Rica,Costa Rica,CR,43.87,94.23,89.19,89.19,grupoice.com,false,
2024-01-07 21:00:00,Costa Rica,Costa Rica,CR,42.72,92.93,89.48,89.48,grupoice.com,false,
2024-01-07 22:00:00,Costa Rica,Costa Rica,CR,43.25,93.4,89.34,89.34,grupoice.com,false,
2024-01-07 23:00:00,Costa Rica,Costa Rica,CR,53.21,109.26,86.89,86.89,grupoice.com,false,
2024-01-08 00:00:00,Costa Rica,Costa Rica,CR,53.69,108.08,86.76,86.76,grupoice.com,false,
2024-01-08 01:00:00,Costa Rica,Costa Rica,CR,54.27,109.07,86.63,86.63,grupoice.com,false,
2024-01-08 02:00:00,Costa Rica,Costa Rica,CR,57.01,113.41,85.96,85.96,grupoice.com,false,
2024-01-08 03:00:00,Costa Rica,Costa Rica,CR,61.8,121.26,84.78,84.78,grupoice.com,false,
2024-01-08 04:00:00,Costa Rica,Costa Rica,CR,71.24,137.62,82.44,82.44,grupoice.com,false,
2024-01-08 05:00:00,Costa Rica,Costa Rica,CR,78.03,148.93,80.78,80.78,grupoice.com,false,
2024-01-08 06:00:00,Costa Rica,Costa Rica,CR,74.95,144.71,81.53,81.53,grupoice.com,false,
2024-01-08 07:00:00,Costa Rica,Costa Rica,CR,71.64,139.82,82.34,82.34,grupoice.com,false,
2024-01-08 08:00:00,Costa Rica,Costa Rica,CR,68.93,136.32,83.02,83.02,grupoice.com,false,
2024-01-08 09:00:00,Costa Rica,Costa Rica,CR,68.12,134.5,83.22,83.22,grupoice.com,false,
2024-01-08 10:00:00,Costa Rica,Costa Rica,CR,65.1,129.28,83.97,83.97,grupoice.com,false,
2024-01-08 11:00:00,Costa Rica,Costa Rica,CR,69.3,136.34,82.93,82.93,grupoice.com,false,
2024-01-08 12:00:00,Costa Rica,Costa Rica,CR,56.58,115.44,86.06,86.06,grupoice.com,false,
2024-01-08 13:00:00,Costa Rica,Costa Rica,CR,61.15,122.02,84.94,84.94,grupoice.com,false,
2024-01-08 14:00:00,Costa Rica,Costa Rica,CR,59.48,118.89,85.35,85.35,grupoice.com,false,
2024-01-08 15:00:00,Costa Rica,Costa Rica,CR,57.23,114.91,85.9,85.9,grupoice.com,false,
2024-01-08 16:00:00,Costa Rica,Costa Rica,CR,55.18,111.76,86.41,86.41,grupoice.com,false,
2024-01-08 17:00:00,Costa Rica,Costa Rica,CR,52.7,107.54,87.01,87.01,grupoice.com,false,
2024-01-08 18:00:00,Costa Rica,Costa Rica,CR,50.55,104.33,87.54,87.54,grupoice.com,false,
2024-01-08 19:00:00,Costa Rica,Costa Rica,CR,50.69,104.64,87.51,87.51,grupoice.com,false,
2024-01-08 20:00:00,Costa Rica,Costa Rica,CR,51.27,105.37,87.37,87.37,grupoice.com,false,
2024-01-08 21:00:00,Costa Rica,Costa Rica,CR,51.9,106.05,87.22,87.22,grupoice.com,false,
2024-01-08 22:00:00,Costa Rica,Costa Rica,CR,53.77,109.25,86.75,86.75,grupoice.com,false,
2024-01-08 23:00:00,Costa Rica,Costa Rica,CR,55.7,112.21,86.28,86.28,grupoice.com,false,
2024-01-09 00:00:00,Costa Rica,Costa Rica,CR,51.52,105.25,87.3,87.3,grupoice.com,false,
2024-01-09 01:00:00,Costa Rica,Costa Rica,CR,52.31,106.34,87.11,87.11,grupoice.com,false,
2024-01-09 02:00:00,Costa Rica,Costa Rica,CR,54.11,109.35,86.67,86.67,grupoice.com,false,
2024-01-09 03:00:00,Costa Rica,Costa Rica,CR,59.51,118.05,85.34,85.34,grupoice.com,false,
2024-01-09 04:00:00,Costa Rica,Costa Rica,CR,67.57,131.8,83.36,83.36,grupoice.com,false,
2024-01-09 05:00:00,Costa Rica,Costa Rica,CR,74.39,143.06,81.68,81.68,grupoice.com,false,
2024-01-09 06:00:00,Costa Rica,Costa Rica,CR,80.66,153.93,80.13,80.13,grupoice.com,false,
2024-01-09 07:00:00,Costa Rica,Costa Rica,CR,88.14,166.4,78.29,78.29,grupoice.com,false,
2024-01-09 08:00:00,Costa Rica,Costa Rica,CR,98.67,182.42,75.7,75.7,grupoice.com,false,
2024-01-09 09:00:00,Costa Rica,Costa Rica,CR,98.1,182.06,75.84,75.84,grupoice.com,false,
2024-01-09 10:00:00,Costa Rica,Costa Rica,CR,114.88,207.4,71.7,71.7,grupoice.com,false,
2024-01-09 11:00:00,Costa Rica,Costa Rica,CR,105.47,192.11,74.02,74.02,grupoice.com,false,
2024-01-09 12:00:00,Costa Rica,Costa Rica,CR,83.4,158.06,79.45,79.45,grupoice.com,false,
2024-01-09 13:00:00,Costa Rica,Costa Rica,CR,83.24,157.19,79.48,79.48,grupoice.com,false,
2024-01-09 14:00:00,Costa Rica,Costa Rica,CR,88.28,164.96,78.25,78.25,grupoice.com,false,
2024-01-09 15:00:00,Costa Rica,Costa Rica,CR,83.05,156.48,79.52,79.52,grupoice.com,false,
2024-01-09 16:00:00,Costa Rica,Costa Rica,CR,80.05,152.14,80.28,80.28,grupoice.com,false,
2024-01-09 17:00:00,Costa Rica,Costa Rica,CR,75.38,144.57,81.43,81.43,grupoice.com,false,
2024-01-09 18:00:00,Costa Rica,Costa Rica,CR,74.39,143.35,81.68,81.68,grupoice.com,false,
2024-01-09 19:00:00,Costa Rica,Costa Rica,CR,73.13,140.9,81.98,81.98,grupoice.com,false,
2024-01-09 20:00:00,Costa Rica,Costa Rica,CR,73.73,142.23,81.84,81.84,grupoice.com,false,
2024-01-09 21:00:00,Costa Rica,Costa Rica,CR,74.68,143.28,81.59,81.59,grupoice.com,false,
2024-01-09 22:00:00,Costa Rica,Costa Rica,CR,77.26,147.39,80.96,80.96,grupoice.com,false,
2024-01-09 23:00:00,Costa Rica,Costa Rica,CR,79.62,151.7,80.39,80.39,grupoice.com,false,
2024-01-10 00:00:00,Costa Rica,Costa Rica,CR,71.33,137.81,82.42,82.42,grupoice.com,false,
2024-01-10 01:00:00,Costa Rica,Costa Rica,CR,73.57,141.61,81.88,81.88,grupoice.com,false,
2024-01-10 02:00:00,Costa Rica,Costa Rica,CR,76.9,146.8,81.05,81.05,grupoice.com,false,
2024-01-10 03:00:00,Costa Rica,Costa Rica,CR,84.0,158.17,79.3,79.3,grupoice.com,false,
2024-01-10 04:00:00,Costa Rica,Costa Rica,CR,92.99,173.21,77.09,77.09,grupoice.com,false,
2024-01-10 05:00:00,Costa Rica,Costa Rica,CR,99.62,184.27,75.45,75.45,grupoice.com,false,
2024-01-10 06:00:00,Costa Rica,Costa Rica,CR,103.85,191.78,74.42,74.42,grupoice.com,false,
2024-01-10 07:00:00,Costa Rica,Costa Rica,CR,108.78,199.65,73.21,73.21,grupoice.com,false,
2024-01-10 08:00:00,Costa Rica,Costa Rica,CR,110.56,202.39,72.77,72.77,grupoice.com,false,
2024-01-10 09:00:00,Costa Rica,Costa Rica,CR,114.09,207.65,71.9,71.9,grupoice.com,false,
2024-01-10 10:00:00,Costa Rica,Costa Rica,CR,110.73,202.1,72.73,72.73,grupoice.com,false,
2024-01-10 11:00:00,Costa Rica,Costa Rica,CR,105.19,192.79,74.09,74.09,grupoice.com,false,
2024-01-10 12:00:00,Costa Rica,Costa Rica,CR,100.48,184.01,75.25,75.25,grupoice.com,false,
2024-01-10 13:00:00,Costa Rica,Costa Rica,CR,90.9,168.9,77.61,77.61,grupoice.com,false,
2024-01-10 14:00:00,Costa Rica,Costa Rica,CR,84.16,158.15,79.27,79.27,grupoice.com,false,
2024-01-10 15:00:00,Costa Rica,Costa Rica,CR,81.14,153.07,80.01,80.01,grupoice.com,false,
2024-01-10 16:00:00,Costa Rica,Costa Rica,CR,78.23,148.17,80.72,80.72,grupoice.com,false,
2024-01-10 17:00:00,Costa Rica,Costa Rica,CR,72.98,139.78,82.02,82.02,grupoice.com,false,
2024-01-10 18:00:00,Costa Rica,Costa Rica,CR,72.05,138.67,82.25,82.25,grupoice.com,false,
2024-01-10 19:00:00,Costa Rica,Costa Rica,CR,69.78,135.11,82.81,82.81,grupoice.com,false,
2024-01-10 20:00:00,Costa Rica,Costa Rica,CR,71.24,137.32,82.45,82.45,grupoice.com,false,
2024-01-10 21:00:00,Costa Rica,Costa Rica,CR,74.73,142.89,81.59,81.59,grupoice.com,false,
2024-01-10 22:00:00,Costa Rica,Costa Rica,CR,77.23,146.66,80.97,80.97,grupoice.com,false,
2024-01-10 23:00:00,Costa Rica,Costa Rica,CR,79.76,151.23,80.35,80.35,grupoice.com,false,
2024-01-11 00:00:00,Costa Rica,Costa Rica,CR,70.83,135.78,82.55,82.55,grupoice.com,false,
2024-01-11 01:00:00,Costa Rica,Costa Rica,CR,72.77,138.51,82.07,82.07,grupoice.com,false,
2024-01-11 02:00:00,Costa Rica,Costa Rica,CR,75.19,142.15,81.47,81.47,grupoice.com,false,
2024-01-11 03:00:00,Costa Rica,Costa Rica,CR,81.4,152.15,79.94,79.94,grupoice.com,false,
2024-01-11 04:00:00,Costa Rica,Costa Rica,CR,91.08,169.48,77.57,77.57,grupoice.com,false,
2024-01-11 05:00:00,Costa Rica,Costa Rica,CR,97.11,179.03,76.08,76.08,grupoice.com,false,
2024-01-11 06:00:00,Costa Rica,Costa Rica,CR,103.39,188.95,74.53,74.53,grupoice.com,false,
2024-01-11 07:00:00,Costa Rica,Costa Rica,CR,113.4,205.09,72.07,72.07,grupoice.com,false,
2024-01-11 08:00:00,Costa Rica,Costa Rica,CR,116.89,211.03,71.21,71.21,grupoice.com,false,
2024-01-11 09:00:00,Costa Rica,Costa Rica,CR,116.84,210.57,71.22,71.22,grupoice.com,false,
2024-01-11 10:00:00,Costa Rica,Costa Rica,CR,109.94,198.82,72.92,72.92,grupoice.com,false,
2024-01-11 11:00:00,Costa Rica,Costa Rica,CR,105.73,191.89,73.96,73.96,grupoice.com,false,
2024-01-11 12:00:00,Costa Rica,Costa Rica,CR,97.88,179.42,75.89,75.89,grupoice.com,false,
2024-01-11 13:00:00,Costa Rica,Costa Rica,CR,88.66,164.72,78.16,78.16,grupoice.com,false,
2024-01-11 14:00:00,Costa Rica,Costa Rica,CR,83.46,156.36,79.44,79.44,grupoice.com,false,
2024-01-11 15:00:00,Costa Rica,Costa Rica,CR,80.26,151.56,80.23,80.23,grupoice.com,false,
2024-01-11 16:00:00,Costa Rica,Costa Rica,CR,78.41,148.55,80.69,80.69,grupoice.com,false,
2024-01-11 17:00:00,Costa Rica,Costa Rica,CR,73.99,141.63,81.78,81.78,grupoice.com,false,
2024-01-11 18:00:00,Costa Rica,Costa Rica,CR,72.49,139.16,82.14,82.14,grupoice.com,false,
2024-01-11 19:00:00,Costa Rica,Costa Rica,CR,71.9,137.78,82.28,82.28,grupoice.com,false,
2024-01-11 20:00:00,Costa Rica,Costa Rica,CR,72.27,138.44,82.19,82.19,grupoice.com,false,
2024-01-11 21:00:00,Costa Rica,Costa Rica,CR,73.86,141.1,81.8,81.8,grupoice.com,false,
2024-01-11 22:00:00,Costa Rica,Costa Rica,CR,77.07,146.45,81.02,81.02,grupoice.com,false,
2024-01-11 23:00:00,Costa Rica,Costa Rica,CR,78.53,148.79,80.66,80.66,grupoice.com,false,
2024-01-12 00:00:00,Costa Rica,Costa Rica,CR,71.13,136.83,82.48,82.48,grupoice.com,false,
2024-01-12 01:00:00,Costa Rica,Costa Rica,CR,72.73,139.31,82.08,82.08,grupoice.com,false,
2024-01-12 02:00:00,Costa Rica,Costa Rica,CR,68.64,133.36,83.09,83.09,grupoice.com,false,
2024-01-12 03:00:00,Costa Rica,Costa Rica,CR,73.95,142.2,81.79,81.79,grupoice.com,false,
2024-01-12 04:00:00,Costa Rica,Costa Rica,CR,84.49,159.72,79.19,79.19,grupoice.com,false,
2024-01-12 05:00:00,Costa Rica,Costa Rica,CR,86.08,162.54,78.8,78.8,grupoice.com,false,
2024-01-12 06:00:00,Costa Rica,Costa Rica,CR,92.28,172.34,77.27,77.27,grupoice.com,false,
2024-01-12 07:00:00,Costa Rica,Costa Rica,CR,96.42,179.15,76.25,76.25,grupoice.com,false,
2024-01-12 08:00:00,Costa Rica,Costa Rica,CR,103.56,190.5,74.49,74.49,grupoice.com,false,
2024-01-12 09:00:00,Costa Rica,Costa Rica,CR,99.47,184.51,75.5,75.5,grupoice.com,false,
2024-01-12 10:00:00,Costa Rica,Costa Rica,CR,94.84,176.68,76.64,76.64,grupoice.com,false,
2024-01-12 11:00:00,Costa Rica,Costa Rica,CR,95.42,176.92,76.5,76.5,grupoice.com,false,
2024-01-12 12:00:00,Costa Rica,Costa Rica,CR,90.33,168.99,77.75,77.75,grupoice.com,false,
2024-01-12 13:00:00,Costa Rica,Costa Rica,CR,82.31,156.16,79.73,79.73,grupoice.com,false,
2024-01-12 14:00:00,Costa Rica,Costa Rica,CR,76.23,146.25,81.22,81.22,grupoice.com,false,
2024-01-12 15:00:00,Costa Rica,Costa Rica,CR,70.79,137.11,82.56,82.56,grupoice.com,false,
2024-01-12 16:00:00,Costa Rica,Costa Rica,CR,68.06,132.71,83.23,83.23,grupoice.com,false,
2024-01-12 17:00:00,Costa Rica,Costa Rica,CR,64.99,128.17,83.99,83.99,grupoice.com,false,
2024-01-12 18:00:00,Costa Rica,Costa Rica,CR,69.63,134.92,82.85,82.85,grupoice.com,false,
2024-01-12 19:00:00,Costa Rica,Costa Rica,CR,71.2,137.73,82.46,82.46,grupoice.com,false,
2024-01-12 20:00:00,Costa Rica,Costa Rica,CR,73.79,142.13,81.83,81.83,grupoice.com,false,
2024-01-12 21:00:00,Costa Rica,Costa Rica,CR,75.54,144.96,81.39,81.39,grupoice.com,false,
2024-01-12 22:00:00,Costa Rica,Costa Rica,CR,76.54,146.33,81.15,81.15,grupoice.com,false,
2024-01-12 23:00:00,Costa Rica,Costa Rica,CR,79.35,150.75,80.45,80.45,grupoice.com,false,
2024-01-13 00:00:00,Costa Rica,Costa Rica,CR,75.09,143.47,81.5,81.5,grupoice.com,false,
2024-01-13 01:00:00,Costa Rica,Costa Rica,CR,77.51,146.4,80.9,80.9,grupoice.com,false,
2024-01-13 02:00:00,Costa Rica,Costa Rica,CR,81.12,152.25,80.01,80.01,grupoice.com,false,
2024-01-13 03:00:00,Costa Rica,Costa Rica,CR,85.78,159.54,78.86,78.86,grupoice.com,false,
2024-01-13 04:00:00,Costa Rica,Costa Rica,CR,94.7,174.14,76.67,76.67,grupoice.com,false,
2024-01-13 05:00:00,Costa Rica,Costa Rica,CR,102.58,186.93,74.73,74.73,grupoice.com,false,
2024-01-13 06:00:00,Costa Rica,Costa Rica,CR,108.68,196.87,73.23,73.23,grupoice.com,false,
2024-01-13 07:00:00,Costa Rica,Costa Rica,CR,113.19,204.12,72.12,72.12,grupoice.com,false,
2024-01-13 08:00:00,Costa Rica,Costa Rica,CR,118.34,212.61,70.85,70.85,grupoice.com,false,
2024-01-13 09:00:00,Costa Rica,Costa Rica,CR,118.57,213.76,70.8,70.8,grupoice.com,false,
2024-01-13 10:00:00,Costa Rica,Costa Rica,CR,116.07,210.45,71.41,71.41,grupoice.com,false,
2024-01-13 11:00:00,Costa Rica,Costa Rica,CR,111.93,203.37,72.43,72.43,grupoice.com,false,
2024-01-13 12:00:00,Costa Rica,Costa Rica,CR,93.14,173.4,77.05,77.05,grupoice.com,false,
2024-01-13 13:00:00,Costa Rica,Costa Rica,CR,84.02,158.42,79.29,79.29,grupoice.com,false,
2024-01-13 14:00:00,Costa Rica,Costa Rica,CR,84.38,158.78,79.21,79.21,grupoice.com,false,
2024-01-13 15:00:00,Costa Rica,Costa Rica,CR,82.46,155.45,79.69,79.69,grupoice.com,false,
2024-01-13 16:00:00,Costa Rica,Costa Rica,CR,80.15,151.52,80.26,80.26,grupoice.com,false,
2024-01-13 17:00:00,Costa Rica,Costa Rica,CR,77.04,145.42,81.03,81.03,grupoice.com,false,
2024-01-13 18:00:00,Costa Rica,Costa Rica,CR,76.94,145.2,81.05,81.05,grupoice.com,false,
2024-01-13 19:00:00,Costa Rica,Costa Rica,CR,78.45,148.08,80.68,80.68,grupoice.com,false,
2024-01-13 20:00:00,Costa Rica,Costa Rica,CR,81.83,153.92,79.85,79.85,grupoice.com,false,
2024-01-13 21:00:00,Costa Rica,Costa Rica,CR,84.1,157.62,79.29,79.29,grupoice.com,false,
2024-01-13 22:00:00,Costa Rica,Costa Rica,CR,84.79,158.01,79.12,79.12,grupoice.com,false,
2024-01-13 23:00:00,Costa Rica,Costa Rica,CR,78.2,147.51,80.74,80.74,grupoice.com,false,
2024-01-14 00:00:00,Costa Rica,Costa Rica,CR,77.77,146.65,80.84,80.84,grupoice.com,false,
2024-01-14 01:00:00,Costa Rica,Costa Rica,CR,78.72,147.36,80.6,80.6,grupoice.com,false,
2024-01-14 02:00:00,Costa Rica,Costa Rica,CR,82.14,152.6,79.76,79.76,grupoice.com,false,
2024-01-14 03:00:00,Costa Rica,Costa Rica,CR,85.47,157.91,78.95,78.95,grupoice.com,false,
2024-01-14 04:00:00,Costa Rica,Costa Rica,CR,74.21,141.11,81.72,81.72,grupoice.com,false,
2024-01-14 05:00:00,Costa Rica,Costa Rica,CR,66.2,129.32,83.69,83.69,grupoice.com,false,
2024-01-14 06:00:00,Costa Rica,Costa Rica,CR,68.1,132.86,83.23,83.23,grupoice.com,false,
2024-01-14 07:00:00,Costa Rica,Costa Rica,CR,68.36,133.8,83.16,83.16,grupoice.com,false,
2024-01-14 08:00:00,Costa Rica,Costa Rica,CR,68.07,133.15,83.23,83.23,grupoice.com,false,
2024-01-14 09:00:00,Costa Rica,Costa Rica,CR,69.34,135.47,82.92,82.92,grupoice.com,false,
2024-01-14 10:00:00,Costa Rica,Costa Rica,CR,68.79,134.44,83.06,83.06,grupoice.com,false,
2024-01-14 11:00:00,Costa Rica,Costa Rica,CR,68.76,134.08,83.06,83.06,grupoice.com,false,
2024-01-14 12:00:00,Costa Rica,Costa Rica,CR,65.3,128.95,83.92,83.92,grupoice.com,false,
2024-01-14 13:00:00,Costa Rica,Costa Rica,CR,41.22,91.92,89.85,89.85,grupoice.com,false,
2024-01-14 14:00:00,Costa Rica,Costa Rica,CR,57.04,115.99,85.95,85.95,grupoice.com,false,
2024-01-14 15:00:00,Costa Rica,Costa Rica,CR,64.98,127.39,84.0,84.0,grupoice.com,false,
2024-01-14 16:00:00,Costa Rica,Costa Rica,CR,45.57,97.75,88.78,88.78,grupoice.com,false,
2024-01-14 17:00:00,Costa Rica,Costa Rica,CR,55.74,113.1,86.27,86.27,grupoice.com,false,
2024-01-14 18:00:00,Costa Rica,Costa Rica,CR,57.55,115.95,85.83,85.83,grupoice.com,false,
2024-01-14 19:00:00,Costa Rica,Costa Rica,CR,69.62,134.63,82.85,82.85,grupoice.com,false,
2024-01-14 20:00:00,Costa Rica,Costa Rica,CR,79.11,149.87,80.52,80.52,grupoice.com,false,
2024-01-14 21:00:00,Costa Rica,Costa Rica,CR,83.08,155.72,79.54,79.54,grupoice.com,false,
2024-01-14 22:00:00,Costa Rica,Costa Rica,CR,91.33,168.63,77.51,77.51,grupoice.com,false,
2024-01-14 23:00:00,Costa Rica,Costa Rica,CR,86.61,161.06,78.67,78.67,grupoice.com,false,
2024-01-15 00:00:00,Costa Rica,Costa Rica,CR,80.77,150.65,80.1,80.1,grupoice.com,false,
2024-01-15 01:00:00,Costa Rica,Costa Rica,CR,82.14,152.32,79.77,79.77,grupoice.com,false,
2024-01-15 02:00:00,Costa Rica,Costa Rica,CR,85.93,158.36,78.83,78.83,grupoice.com,false,
2024-01-15 03:00:00,Costa Rica,Costa Rica,CR,94.19,171.5,76.79,76.79,grupoice.com,false,
2024-01-15 04:00:00,Costa Rica,Costa Rica,CR,101.77,183.86,74.93,74.93,grupoice.com,false,
2024-01-15 05:00:00,Costa Rica,Costa Rica,CR,110.51,197.9,72.78,72.78,grupoice.com,false,
2024-01-15 06:00:00,Costa Rica,Costa Rica,CR,107.92,194.32,73.42,73.42,grupoice.com,false,
2024-01-15 07:00:00,Costa Rica,Costa Rica,CR,96.37,176.77,76.26,76.26,grupoice.com,false,
2024-01-15 08:00:00,Costa Rica,Costa Rica,CR,89.08,165.51,78.06,78.06,grupoice.com,false,
2024-01-15 09:00:00,Costa Rica,Costa Rica,CR,84.51,158.53,79.19,79.19,grupoice.com,false,
2024-01-15 10:00:00,Costa Rica,Costa Rica,CR,85.26,160.09,79.0,79.0,grupoice.com,false,
2024-01-15 11:00:00,Costa Rica,Costa Rica,CR,77.27,146.96,80.97,80.97,grupoice.com,false,
2024-01-15 12:00:00,Costa Rica,Costa Rica,CR,75.11,143.08,81.5,81.5,grupoice.com,false,
2024-01-15 13:00:00,Costa Rica,Costa Rica,CR,72.74,138.84,82.08,82.08,grupoice.com,false,
2024-01-15 14:00:00,Costa Rica,Costa Rica,CR,67.68,130.95,83.33,83.33,grupoice.com,false,
2024-01-15 15:00:00,Costa Rica,Costa Rica,CR,65.28,127.53,83.92,83.92,grupoice.com,false,
2024-01-15 16:00:00,Costa Rica,Costa Rica,CR,68.27,131.7,83.18,83.18,grupoice.com,false,
2024-01-15 17:00:00,Costa Rica,Costa Rica,CR,65.14,126.74,83.95,83.95,grupoice.com,false,
2024-01-15 18:00:00,Costa Rica,Costa Rica,CR,65.3,126.98,83.92,83.92,grupoice.com,false,
2024-01-15 19:00:00,Costa Rica,Costa Rica,CR,65.34,126.98,83.9,83.9,grupoice.com,false,
2024-01-15 20:00:00,Costa Rica,Costa Rica,CR,66.6,129.14,83.6,83.6,grupoice.com,false,
2024-01-15 21:00:00,Costa Rica,Costa Rica,CR,71.23,136.45,82.46,82.46,grupoice.com,false,
2024-01-15 22:00:00,Costa Rica,Costa Rica,CR,77.72,145.8,80.86,80.86,grupoice.com,false,
2024-01-15 23:00:00,Costa Rica,Costa Rica,CR,79.69,148.46,80.37,80.37,grupoice.com,false,
2024-01-16 00:00:00,Costa Rica,Costa Rica,CR,73.25,138.31,81.96,81.96,grupoice.com,false,
2024-01-16 01:00:00,Costa Rica,Costa Rica,CR,74.03,139.74,81.76,81.76,grupoice.com,false,
2024-01-16 02:00:00,Costa Rica,Costa Rica,CR,75.57,142.37,81.39,81.39,grupoice.com,false,
2024-01-16 03:00:00,Costa Rica,Costa Rica,CR,84.32,156.09,79.23,79.23,grupoice.com,false,
2024-01-16 04:00:00,Costa Rica,Costa Rica,CR,95.61,174.34,76.45,76.45,grupoice.com,false,
2024-01-16 05:00:00,Costa Rica,Costa Rica,CR,104.8,189.38,74.19,74.19,grupoice.com,false,
2024-01-16 06:00:00,Costa Rica,Costa Rica,CR,109.02,195.78,73.15,73.15,grupoice.com,false,
2024-01-16 07:00:00,Costa Rica,Costa Rica,CR,113.22,203.25,72.11,72.11,grupoice.com,false,
2024-01-16 08:00:00,Costa Rica,Costa Rica,CR,112.88,202.87,72.2,72.2,grupoice.com,false,
2024-01-16 09:00:00,Costa Rica,Costa Rica,CR,112.0,201.2,72.41,72.41,grupoice.com,false,
2024-01-16 10:00:00,Costa Rica,Costa Rica,CR,111.07,200.14,72.64,72.64,grupoice.com,false,
2024-01-16 11:00:00,Costa Rica,Costa Rica,CR,103.11,187.38,74.6,74.6,grupoice.com,false,
2024-01-16 12:00:00,Costa Rica,Costa Rica,CR,89.71,166.28,77.9,77.9,grupoice.com,false,
2024-01-16 13:00:00,Costa Rica,Costa Rica,CR,89.49,165.37,77.96,77.96,grupoice.com,false,
2024-01-16 14:00:00,Costa Rica,Costa Rica,CR,79.95,150.35,80.3,80.3,grupoice.com,false,
2024-01-16 15:00:00,Costa Rica,Costa Rica,CR,74.19,141.16,81.73,81.73,grupoice.com,false,
2024-01-16 16:00:00,Costa Rica,Costa Rica,CR,72.62,138.46,82.11,82.11,grupoice.com,false,
2024-01-16 17:00:00,Costa Rica,Costa Rica,CR,67.63,130.22,83.34,83.34,grupoice.com,false,
2024-01-16 18:00:00,Costa Rica,Costa Rica,CR,66.35,128.14,83.66,83.66,grupoice.com,false,
2024-01-16 19:00:00,Costa Rica,Costa Rica,CR,63.46,123.76,84.37,84.37,grupoice.com,false,
2024-01-16 20:00:00,Costa Rica,Costa Rica,CR,61.97,121.48,84.73,84.73,grupoice.com,false,
2024-01-16 21:00:00,Costa Rica,Costa Rica,CR,63.0,123.24,84.48,84.48,grupoice.com,false,
2024-01-16 22:00:00,Costa Rica,Costa Rica,CR,63.33,123.54,84.4,84.4,grupoice.com,false,
2024-01-16 23:00:00,Costa Rica,Costa Rica,CR,71.21,135.96,82.46,82.46,grupoice.com,false,
2024-01-17 00:00:00,Costa Rica,Costa Rica,CR,71.94,136.87,82.28,82.28,grupoice.com,false,
2024-01-17 01:00:00,Costa Rica,Costa Rica,CR,73.88,139.56,81.8,81.8,grupoice.com,false,
2024-01-17 02:00:00,Costa Rica,Costa Rica,CR,76.92,144.26,81.05,81.05,grupoice.com,false,
2024-01-17 03:00:00,Costa Rica,Costa Rica,CR,84.35,156.13,79.22,79.22,grupoice.com,false,
2024-01-17 04:00:00,Costa Rica,Costa Rica,CR,94.88,172.75,76.63,76.63,grupoice.com,false,
2024-01-17 05:00:00,Costa Rica,Costa Rica,CR,101.93,183.82,74.89,74.89,grupoice.com,false,
2024-01-17 06:00:00,Costa Rica,Costa Rica,CR,109.21,195.89,73.1,73.1,grupoice.com,false,
2024-01-17 07:00:00,Costa Rica,Costa Rica,CR,112.04,200.2,72.4,72.4,grupoice.com,false,
2024-01-17 08:00:00,Costa Rica,Costa Rica,CR,102.03,185.11,74.87,74.87,grupoice.com,false,
2024-01-17 09:00:00,Costa Rica,Costa Rica,CR,99.97,181.93,75.38,75.38,grupoice.com,false,
2024-01-17 10:00:00,Costa Rica,Costa Rica,CR,108.47,194.79,73.28,73.28,grupoice.com,false,
2024-01-17 11:00:00,Costa Rica,Costa Rica,CR,100.83,182.68,75.16,75.16,grupoice.com,false,
2024-01-17 12:00:00,Costa Rica,Costa Rica,CR,87.56,161.74,78.43,78.43,grupoice.com,false,
2024-01-17 13:00:00,Costa Rica,Costa Rica,CR,87.18,161.13,78.52,78.52,grupoice.com,false,
2024-01-17 14:00:00,Costa Rica,Costa Rica,CR,79.91,149.78,80.31,80.31,grupoice.com,false,
2024-01-17 15:00:00,Costa Rica,Costa Rica,CR,75.75,142.96,81.33,81.33,grupoice.com,false,
2024-01-17 16:00:00,Costa Rica,Costa Rica,CR,73.11,138.71,81.99,81.99,grupoice.com,false,
2024-01-17 17:00:00,Costa Rica,Costa Rica,CR,68.49,131.78,83.13,83.13,grupoice.com,false,
2024-01-17 18:00:00,Costa Rica,Costa Rica,CR,69.65,133.35,82.84,82.84,grupoice.com,false,
2024-01-17 19:00:00,Costa Rica,Costa Rica,CR,68.86,132.11,83.03,83.03,grupoice.com,false,
2024-01-17 20:00:00,Costa Rica,Costa Rica,CR,70.51,134.81,82.63,82.63,grupoice.com,false,
2024-01-17 21:00:00,Costa Rica,Costa Rica,CR,72.09,137.16,82.24,82.24,grupoice.com,false,
2024-01-17 22:00:00,Costa Rica,Costa Rica,CR,73.17,138.51,81.97,81.97,grupoice.com,false,
2024-01-17 23:00:00,Costa Rica,Costa Rica,CR,76.8,144.77,81.08,81.08,grupoice.com,false,
2024-01-18 00:00:00,Costa Rica,Costa Rica,CR,70.19,133.96,82.71,82.71,grupoice.com,false,
2024-01-18 01:00:00,Costa Rica,Costa Rica,CR,71.96,136.9,82.27,82.27,grupoice.com,false,
2024-01-18 02:00:00,Costa Rica,Costa Rica,CR,73.44,139.4,81.91,81.91,grupoice.com,false,
2024-01-18 03:00:00,Costa Rica,Costa Rica,CR,77.16,145.34,81.0,81.0,grupoice.com,false,
2024-01-18 04:00:00,Costa Rica,Costa Rica,CR,86.37,160.52,78.73,78.73,grupoice.com,false,
2024-01-18 05:00:00,Costa Rica,Costa Rica,CR,93.43,171.5,76.99,76.99,grupoice.com,false,
2024-01-18 06:00:00,Costa Rica,Costa Rica,CR,98.9,179.75,75.64,75.64,grupoice.com,false,
2024-01-18 07:00:00,Costa Rica,Costa Rica,CR,102.76,186.38,74.69,74.69,grupoice.com,false,
2024-01-18 08:00:00,Costa Rica,Costa Rica,CR,105.03,190.33,74.13,74.13,grupoice.com,false,
2024-01-18 09:00:00,Costa Rica,Costa Rica,CR,104.9,189.93,74.16,74.16,grupoice.com,false,
2024-01-18 10:00:00,Costa Rica,Costa Rica,CR,98.45,180.02,75.75,75.75,grupoice.com,false,
2024-01-18 11:00:00,Costa Rica,Costa Rica,CR,92.44,170.32,77.23,77.23,grupoice.com,false,
2024-01-18 12:00:00,Costa Rica,Costa Rica,CR,89.99,165.96,77.83,77.83,grupoice.com,false,
2024-01-18 13:00:00,Costa Rica,Costa Rica,CR,80.03,150.08,80.29,80.29,grupoice.com,false,
2024-01-18 14:00:00,Costa Rica,Costa Rica,CR,75.05,142.45,81.52,81.52,grupoice.com,false,
2024-01-18 15:00:00,Costa Rica,Costa Rica,CR,70.45,135.26,82.65,82.65,grupoice.com,false,
2024-01-18 16:00:00,Costa Rica,Costa Rica,CR,69.12,133.28,82.97,82.97,grupoice.com,false,
2024-01-18 17:00:00,Costa Rica,Costa Rica,CR,69.77,134.06,82.82,82.82,grupoice.com,false,
2024-01-18 18:00:00,Costa Rica,Costa Rica,CR,68.01,130.98,83.24,83.24,grupoice.com,false,
2024-01-18 19:00:00,Costa Rica,Costa Rica,CR,68.09,131.37,83.23,83.23,grupoice.com,false,
2024-01-18 20:00:00,Costa Rica,Costa Rica,CR,70.57,135.18,82.62,82.62,grupoice.com,false,
2024-01-18 21:00:00,Costa Rica,Costa Rica,CR,71.1,135.85,82.49,82.49,grupoice.com,false,
2024-01-18 22:00:00,Costa Rica,Costa Rica,CR,74.53,140.96,81.63,81.63,grupoice.com,false,
2024-01-18 23:00:00,Costa Rica,Costa Rica,CR,76.7,144.9,81.11,81.11,grupoice.com,false,
2024-01-19 00:00:00,Costa Rica,Costa Rica,CR,71.62,136.94,82.36,82.36,grupoice.com,false,
2024-01-19 01:00:00,Costa Rica,Costa Rica,CR,72.99,138.64,82.02,82.02,grupoice.com,false,
2024-01-19 02:00:00,Costa Rica,Costa Rica,CR,75.77,142.88,81.34,81.34,grupoice.com,false,
2024-01-19 03:00:00,Costa Rica,Costa Rica,CR,82.62,153.7,79.65,79.65,grupoice.com,false,
2024-01-19 04:00:00,Costa Rica,Costa Rica,CR,92.0,168.94,77.34,77.34,grupoice.com,false,
2024-01-19 05:00:00,Costa Rica,Costa Rica,CR,99.58,180.76,75.47,75.47,grupoice.com,false,
2024-01-19 06:00:00,Costa Rica,Costa Rica,CR,104.87,189.19,74.17,74.17,grupoice.com,false,
2024-01-19 07:00:00,Costa Rica,Costa Rica,CR,109.4,196.72,73.05,73.05,grupoice.com,false,
2024-01-19 08:00:00,Costa Rica,Costa Rica,CR,112.16,200.5,72.38,72.38,grupoice.com,false,
2024-01-19 09:00:00,Costa Rica,Costa Rica,CR,111.83,200.23,72.45,72.45,grupoice.com,false,
2024-01-19 10:00:00,Costa Rica,Costa Rica,CR,105.87,191.02,73.92,73.92,grupoice.com,false,
2024-01-19 11:00:00,Costa Rica,Costa Rica,CR,96.05,175.63,76.34,76.34,grupoice.com,false,
2024-01-19 12:00:00,Costa Rica,Costa Rica,CR,85.75,159.64,78.88,78.88,grupoice.com,false,
2024-01-19 13:00:00,Costa Rica,Costa Rica,CR,78.18,147.41,80.74,80.74,grupoice.com,false,
2024-01-19 14:00:00,Costa Rica,Costa Rica,CR,72.26,138.1,82.2,82.2,grupoice.com,false,
2024-01-19 15:00:00,Costa Rica,Costa Rica,CR,69.34,132.87,82.92,82.92,grupoice.com,false,
2024-01-19 16:00:00,Costa Rica,Costa Rica,CR,66.8,128.94,83.55,83.55,grupoice.com,false,
2024-01-19 17:00:00,Costa Rica,Costa Rica,CR,62.9,123.15,84.51,84.51,grupoice.com,false,
2024-01-19 18:00:00,Costa Rica,Costa Rica,CR,67.36,130.56,83.41,83.41,grupoice.com,false,
2024-01-19 19:00:00,Costa Rica,Costa Rica,CR,71.2,136.55,82.46,82.46,grupoice.com,false,
2024-01-19 20:00:00,Costa Rica,Costa Rica,CR,73.28,139.83,81.95,81.95,grupoice.com,false,
2024-01-19 21:00:00,Costa Rica,Costa Rica,CR,74.39,140.84,81.67,81.67,grupoice.com,false,
2024-01-19 22:00:00,Costa Rica,Costa Rica,CR,77.57,146.14,80.89,80.89,grupoice.com,false,
2024-01-19 23:00:00,Costa Rica,Costa Rica,CR,80.08,150.41,80.28,80.28,grupoice.com,false,
2024-01-20 00:00:00,Costa Rica,Costa Rica,CR,67.19,129.99,83.45,83.45,grupoice.com,false,
2024-01-20 01:00:00,Costa Rica,Costa Rica,CR,67.16,129.98,83.46,83.46,grupoice.com,false,
2024-01-20 02:00:00,Costa Rica,Costa Rica,CR,70.21,135.17,82.71,82.71,grupoice.com,false,
2024-01-20 03:00:00,Costa Rica,Costa Rica,CR,80.66,151.73,80.13,80.13,grupoice.com,false,
2024-01-20 04:00:00,Costa Rica,Costa Rica,CR,92.54,170.44,77.21,77.21,grupoice.com,false,
2024-01-20 05:00:00,Costa Rica,Costa Rica,CR,100.66,182.75,75.21,75.21,grupoice.com,false,
2024-01-20 06:00:00,Costa Rica,Costa Rica,CR,108.53,195.33,73.27,73.27,grupoice.com,false,
2024-01-20 07:00:00,Costa Rica,Costa Rica,CR,112.55,201.85,72.28,72.28,grupoice.com,false,
2024-01-20 08:00:00,Costa Rica,Costa Rica,CR,107.21,193.66,73.59,73.59,grupoice.com,false,
2024-01-20 09:00:00,Costa Rica,Costa Rica,CR,107.83,194.81,73.44,73.44,grupoice.com,false,
2024-01-20 10:00:00,Costa Rica,Costa Rica,CR,109.23,196.87,73.1,73.1,grupoice.com,false,
2024-01-20 11:00:00,Costa Rica,Costa Rica,CR,98.16,179.75,75.82,75.82,grupoice.com,false,
2024-01-20 12:00:00,Costa Rica,Costa Rica,CR,97.67,178.57,75.94,75.94,grupoice.com,false,
2024-01-20 13:00:00,Costa Rica,Costa Rica,CR,94.86,173.62,76.63,76.63,grupoice.com,false,
2024-01-20 14:00:00,Costa Rica,Costa Rica,CR,86.69,160.45,78.65,78.65,grupoice.com,false,
2024-01-20 15:00:00,Costa Rica,Costa Rica,CR,77.8,146.37,80.83,80.83,grupoice.com,false,
2024-01-20 16:00:00,Costa Rica,Costa Rica,CR,73.61,139.76,81.87,81.87,grupoice.com,false,
2024-01-20 17:00:00,Costa Rica,Costa Rica,CR,65.57,127.22,83.85,83.85,grupoice.com,false,
2024-01-20 18:00:00,Costa Rica,Costa Rica,CR,66.02,128.17,83.74,83.74,grupoice.com,false,
2024-01-20 19:00:00,Costa Rica,Costa Rica,CR,71.07,135.9,82.49,82.49,grupoice.com,false,
2024-01-20 20:00:00,Costa Rica,Costa Rica,CR,76.13,143.47,81.25,81.25,grupoice.com,false,
2024-01-20 21:00:00,Costa Rica,Costa Rica,CR,79.01,147.84,80.54,80.54,grupoice.com,false,
2024-01-20 22:00:00,Costa Rica,Costa Rica,CR,80.68,150.28,80.13,80.13,grupoice.com,false,
2024-01-20 23:00:00,Costa Rica,Costa Rica,CR,80.91,151.02,80.07,80.07,grupoice.com,false,
2024-01-21 00:00:00,Costa Rica,Costa Rica,CR,76.66,144.37,81.12,81.12,grupoice.com,false,
2024-01-21 01:00:00,Costa Rica,Costa Rica,CR,79.49,148.81,80.42,80.42,grupoice.com,false,
2024-01-21 02:00:00,Costa Rica,Costa Rica,CR,83.0,154.49,79.55,79.55,grupoice.com,false,
2024-01-21 03:00:00,Costa Rica,Costa Rica,CR,87.97,162.43,78.33,78.33,grupoice.com,false,
2024-01-21 04:00:00,Costa Rica,Costa Rica,CR,81.34,152.58,79.96,79.96,grupoice.com,false,
2024-01-21 05:00:00,Costa Rica,Costa Rica,CR,87.35,162.24,78.49,78.49,grupoice.com,false,
2024-01-21 06:00:00,Costa Rica,Costa Rica,CR,90.37,167.37,77.74,77.74,grupoice.com,false,
2024-01-21 07:00:00,Costa Rica,Costa Rica,CR,73.6,141.59,81.87,81.87,grupoice.com,false,
2024-01-21 08:00:00,Costa Rica,Costa Rica,CR,75.52,144.12,81.4,81.4,grupoice.com,false,
2024-01-21 09:00:00,Costa Rica,Costa Rica,CR,77.41,147.14,80.93,80.93,grupoice.com,false,
2024-01-21 10:00:00,Costa Rica,Costa Rica,CR,79.95,151.14,80.31,80.31,grupoice.com,false,
2024-01-21 11:00:00,Costa Rica,Costa Rica,CR,71.53,138.1,82.38,82.38,grupoice.com,false,
2024-01-21 12:00:00,Costa Rica,Costa Rica,CR,54.79,112.1,86.51,86.51,grupoice.com,false,
2024-01-21 13:00:00,Costa Rica,Costa Rica,CR,57.74,116.62,85.78,85.78,grupoice.com,false,
2024-01-21 14:00:00,Costa Rica,Costa Rica,CR,67.4,131.37,83.4,83.4,grupoice.com,false,
2024-01-21 15:00:00,Costa Rica,Costa Rica,CR,72.1,137.81,82.24,82.24,grupoice.com,false,
2024-01-21 16:00:00,Costa Rica,Costa Rica,CR,68.67,132.6,83.09,83.09,grupoice.com,false,
2024-01-21 17:00:00,Costa Rica,Costa Rica,CR,64.99,127.01,83.99,83.99,grupoice.com,false,
2024-01-21 18:00:00,Costa Rica,Costa Rica,CR,62.7,123.52,84.56,84.56,grupoice.com,false,
2024-01-21 19:00:00,Costa Rica,Costa Rica,CR,68.02,132.15,83.25,83.25,grupoice.com,false,
2024-01-21 20:00:00,Costa Rica,Costa Rica,CR,80.95,152.45,80.06,80.06,grupoice.com,false,
2024-01-21 21:00:00,Costa Rica,Costa Rica,CR,83.31,155.74,79.48,79.48,grupoice.com,false,
2024-01-21 22:00:00,Costa Rica,Costa Rica,CR,77.16,145.96,80.99,80.99,grupoice.com,false,
2024-01-21 23:00:00,Costa Rica,Costa Rica,CR,70.41,135.16,82.66,82.66,grupoice.com,false,
2024-01-22 00:00:00,Costa Rica,Costa Rica,CR,74.31,141.05,81.7,81.7,grupoice.com,false,
2024-01-22 01:00:00,Costa Rica,Costa Rica,CR,75.16,142.72,81.49,81.49,grupoice.com,false,
2024-01-22 02:00:00,Costa Rica,Costa Rica,CR,74.88,142.4,81.56,81.56,grupoice.com,false,
2024-01-22 03:00:00,Costa Rica,Costa Rica,CR,85.74,159.09,78.88,78.88,grupoice.com,false,
2024-01-22 04:00:00,Costa Rica,Costa Rica,CR,88.54,163.85,78.19,78.19,grupoice.com,false,
2024-01-22 05:00:00,Costa Rica,Costa Rica,CR,86.54,161.44,78.69,78.69,grupoice.com,false,
2024-01-22 06:00:00,Costa Rica,Costa Rica,CR,92.21,170.8,77.29,77.29,grupoice.com,false,
2024-01-22 07:00:00,Costa Rica,Costa Rica,CR,105.62,191.49,73.99,73.99,grupoice.com,false,
2024-01-22 08:00:00,Costa Rica,Costa Rica,CR,106.25,190.84,73.83,73.83,grupoice.com,false,
2024-01-22 09:00:00,Costa Rica,Costa Rica,CR,92.51,169.89,77.21,77.21,grupoice.com,false,
2024-01-22 10:00:00,Costa Rica,Costa Rica,CR,90.23,166.19,77.77,77.77,grupoice.com,false,
2024-01-22 11:00:00,Costa Rica,Costa Rica,CR,81.96,153.03,79.81,79.81,grupoice.com,false,
2024-01-22 12:00:00,Costa Rica,Costa Rica,CR,60.46,119.1,85.11,85.11,grupoice.com,false,
2024-01-22 13:00:00,Costa Rica,Costa Rica,CR,71.25,135.52,82.45,82.45,grupoice.com,false,
2024-01-22 14:00:00,Costa Rica,Costa Rica,CR,65.8,127.01,83.79,83.79,grupoice.com,false,
2024-01-22 15:00:00,Costa Rica,Costa Rica,CR,62.22,120.73,84.67,84.67,grupoice.com,false,
2024-01-22 16:00:00,Costa Rica,Costa Rica,CR,63.52,122.09,84.35,84.35,grupoice.com,false,
2024-01-22 17:00:00,Costa Rica,Costa Rica,CR,62.1,119.76,84.7,84.7,grupoice.com,false,
2024-01-22 18:00:00,Costa Rica,Costa Rica,CR,59.62,115.84,85.31,85.31,grupoice.com,false,
2024-01-22 19:00:00,Costa Rica,Costa Rica,CR,55.49,109.64,86.33,86.33,grupoice.com,false,
2024-01-22 20:00:00,Costa Rica,Costa Rica,CR,53.3,106.68,86.87,86.87,grupoice.com,false,
2024-01-22 21:00:00,Costa Rica,Costa Rica,CR,56.11,111.34,86.18,86.18,grupoice.com,false,
2024-01-22 22:00:00,Costa Rica,Costa Rica,CR,60.37,118.04,85.13,85.13,grupoice.com,false,
2024-01-22 23:00:00,Costa Rica,Costa Rica,CR,69.31,133.1,82.93,82.93,grupoice.com,false,
2024-01-23 00:00:00,Costa Rica,Costa Rica,CR,63.95,124.84,84.25,84.25,grupoice.com,false,
2024-01-23 01:00:00,Costa Rica,Costa Rica,CR,65.45,127.01,83.88,83.88,grupoice.com,false,
2024-01-23 02:00:00,Costa Rica,Costa Rica,CR,69.37,133.07,82.91,82.91,grupoice.com,false,
2024-01-23 03:00:00,Costa Rica,Costa Rica,CR,76.1,143.32,81.26,81.26,grupoice.com,false,
2024-01-23 04:00:00,Costa Rica,Costa Rica,CR,83.51,155.19,79.43,79.43,grupoice.com,false,
2024-01-23 05:00:00,Costa Rica,Costa Rica,CR,89.85,165.29,77.87,77.87,grupoice.com,false,
2024-01-23 06:00:00,Costa Rica,Costa Rica,CR,94.73,173.19,76.67,76.67,grupoice.com,false,
2024-01-23 07:00:00,Costa Rica,Costa Rica,CR,91.82,169.0,77.38,77.38,grupoice.com,false,
2024-01-23 08:00:00,Costa Rica,Costa Rica,CR,86.77,161.37,78.63,78.63,grupoice.com,false,
2024-01-23 09:00:00,Costa Rica,Costa Rica,CR,87.7,162.77,78.4,78.4,grupoice.com,false,
2024-01-23 10:00:00,Costa Rica,Costa Rica,CR,85.14,158.5,79.03,79.03,grupoice.com,false,
2024-01-23 11:00:00,Costa Rica,Costa Rica,CR,85.21,158.0,79.01,79.01,grupoice.com,false,
2024-01-23 12:00:00,Costa Rica,Costa Rica,CR,77.23,145.92,80.98,80.98,grupoice.com,false,
2024-01-23 13:00:00,Costa Rica,Costa Rica,CR,76.04,143.67,81.26,81.26,grupoice.com,false,
2024-01-23 14:00:00,Costa Rica,Costa Rica,CR,71.01,135.76,82.51,82.51,grupoice.com,false,
2024-01-23 15:00:00,Costa Rica,Costa Rica,CR,68.0,130.98,83.25,83.25,grupoice.com,false,
2024-01-23 16:00:00,Costa Rica,Costa Rica,CR,64.93,126.47,84.01,84.01,grupoice.com,false,
2024-01-23 17:00:00,Costa Rica,Costa Rica,CR,61.08,120.41,84.95,84.95,grupoice.com,false,
2024-01-23 18:00:00,Costa Rica,Costa Rica,CR,59.23,117.37,85.41,85.41,grupoice.com,false,
2024-01-23 19:00:00,Costa Rica,Costa Rica,CR,59.63,117.91,85.31,85.31,grupoice.com,false,
2024-01-23 20:00:00,Costa Rica,Costa Rica,CR,61.59,121.06,84.83,84.83,grupoice.com,false,
2024-01-23 21:00:00,Costa Rica,Costa Rica,CR,70.05,134.04,82.74,82.74,grupoice.com,false,
2024-01-23 22:00:00,Costa Rica,Costa Rica,CR,74.35,140.77,81.68,81.68,grupoice.com,false,
2024-01-23 23:00:00,Costa Rica,Costa Rica,CR,75.67,143.01,81.36,81.36,grupoice.com,false,
2024-01-24 00:00:00,Costa Rica,Costa Rica,CR,70.59,134.72,82.61,82.61,grupoice.com,false,
2024-01-24 01:00:00,Costa Rica,Costa Rica,CR,70.6,134.35,82.61,82.61,grupoice.com,false,
2024-01-24 02:00:00,Costa Rica,Costa Rica,CR,70.95,134.9,82.51,82.51,grupoice.com,false,
2024-01-24 03:00:00,Costa Rica,Costa Rica,CR,77.55,145.4,80.89,80.89,grupoice.com,false,
2024-01-24 04:00:00,Costa Rica,Costa Rica,CR,90.27,165.97,77.76,77.76,grupoice.com,false,
2024-01-24 05:00:00,Costa Rica,Costa Rica,CR,98.16,178.3,75.82,75.82,grupoice.com,false,
2024-01-24 06:00:00,Costa Rica,Costa Rica,CR,105.54,190.29,74.0,74.0,grupoice.com,false,
2024-01-24 07:00:00,Costa Rica,Costa Rica,CR,100.29,181.89,75.3,75.3,grupoice.com,false,
2024-01-24 08:00:00,Costa Rica,Costa Rica,CR,91.65,168.02,77.43,77.43,grupoice.com,false,
2024-01-24 09:00:00,Costa Rica,Costa Rica,CR,85.68,159.16,78.9,78.9,grupoice.com,false,
2024-01-24 10:00:00,Costa Rica,Costa Rica,CR,104.07,187.55,74.37,74.37,grupoice.com,false,
2024-01-24 11:00:00,Costa Rica,Costa Rica,CR,99.01,179.5,75.61,75.61,grupoice.com,false,
2024-01-24 12:00:00,Costa Rica,Costa Rica,CR,73.09,138.98,82.0,82.0,grupoice.com,false,
2024-01-24 13:00:00,Costa Rica,Costa Rica,CR,66.84,128.82,83.53,83.53,grupoice.com,false,
2024-01-24 14:00:00,Costa Rica,Costa Rica,CR,75.81,142.89,81.32,81.32,grupoice.com,false,
2024-01-24 15:00:00,Costa Rica,Costa Rica,CR,76.49,143.98,81.16,81.16,grupoice.com,false,
2024-01-24 16:00:00,Costa Rica,Costa Rica,CR,71.92,136.6,82.28,82.28,grupoice.com,false,
2024-01-24 17:00:00,Costa Rica,Costa Rica,CR,67.49,129.71,83.38,83.38,grupoice.com,false,
2024-01-24 18:00:00,Costa Rica,Costa Rica,CR,66.15,127.86,83.71,83.71,grupoice.com,false,
2024-01-24 19:00:00,Costa Rica,Costa Rica,CR,66.84,128.86,83.54,83.54,grupoice.com,false,
2024-01-24 20:00:00,Costa Rica,Costa Rica,CR,70.1,133.91,82.73,82.73,grupoice.com,false,
2024-01-24 21:00:00,Costa Rica,Costa Rica,CR,71.74,136.57,82.33,82.33,grupoice.com,false,
2024-01-24 22:00:00,Costa Rica,Costa Rica,CR,74.27,140.67,81.7,81.7,grupoice.com,false,
2024-01-24 23:00:00,Costa Rica,Costa Rica,CR,74.1,140.02,81.74,81.74,grupoice.com,false,
2024-01-25 00:00:00,Costa Rica,Costa Rica,CR,69.71,132.78,82.81,82.81,grupoice.com,false,
2024-01-25 01:00:00,Costa Rica,Costa Rica,CR,71.4,135.78,82.41,82.41,grupoice.com,false,
2024-01-25 02:00:00,Costa Rica,Costa Rica,CR,74.47,140.89,81.65,81.65,grupoice.com,false,
2024-01-25 03:00:00,Costa Rica,Costa Rica,CR,81.36,151.44,79.95,79.95,grupoice.com,false,
2024-01-25 04:00:00,Costa Rica,Costa Rica,CR,89.33,164.34,78.0,78.0,grupoice.com,false,
2024-01-25 05:00:00,Costa Rica,Costa Rica,CR,97.19,176.68,76.06,76.06,grupoice.com,false,
2024-01-25 06:00:00,Costa Rica,Costa Rica,CR,103.4,186.82,74.53,74.53,grupoice.com,false,
2024-01-25 07:00:00,Costa Rica,Costa Rica,CR,102.7,185.76,74.7,74.7,grupoice.com,false,
2024-01-25 08:00:00,Costa Rica,Costa Rica,CR,93.79,172.09,76.9,76.9,grupoice.com,false,
2024-01-25 09:00:00,Costa Rica,Costa Rica,CR,90.06,166.09,77.82,77.82,grupoice.com,false,
2024-01-25 10:00:00,Costa Rica,Costa Rica,CR,99.63,180.46,75.46,75.46,grupoice.com,false,
2024-01-25 11:00:00,Costa Rica,Costa Rica,CR,99.44,179.99,75.5,75.5,grupoice.com,false,
2024-01-25 12:00:00,Costa Rica,Costa Rica,CR,90.99,166.61,77.58,77.58,grupoice.com,false,
2024-01-25 13:00:00,Costa Rica,Costa Rica,CR,85.67,158.35,78.89,78.89,grupoice.com,false,
2024-01-25 14:00:00,Costa Rica,Costa Rica,CR,79.19,148.0,80.49,80.49,grupoice.com,false,
2024-01-25 15:00:00,Costa Rica,Costa Rica,CR,75.76,142.5,81.33,81.33,grupoice.com,false,
2024-01-25 16:00:00,Costa Rica,Costa Rica,CR,71.12,135.26,82.48,82.48,grupoice.com,false,
2024-01-25 17:00:00,Costa Rica,Costa Rica,CR,66.66,128.25,83.58,83.58,grupoice.com,false,
2024-01-25 18:00:00,Costa Rica,Costa Rica,CR,65.76,127.26,83.8,83.8,grupoice.com,false,
2024-01-25 19:00:00,Costa Rica,Costa Rica,CR,66.12,127.52,83.7,83.7,grupoice.com,false,
2024-01-25 20:00:00,Costa Rica,Costa Rica,CR,67.46,129.98,83.38,83.38,grupoice.com,false,
2024-01-25 21:00:00,Costa Rica,Costa Rica,CR,68.52,131.45,83.12,83.12,grupoice.com,false,
2024-01-25 22:00:00,Costa Rica,Costa Rica,CR,71.46,135.83,82.39,82.39,grupoice.com,false,
2024-01-25 23:00:00,Costa Rica,Costa Rica,CR,73.96,140.02,81.78,81.78,grupoice.com,false,
2024-01-26 00:00:00,Costa Rica,Costa Rica,CR,69.52,132.83,82.88,82.88,grupoice.com,false,
2024-01-26 01:00:00,Costa Rica,Costa Rica,CR,71.78,136.06,82.32,82.32,grupoice.com,false,
2024-01-26 02:00:00,Costa Rica,Costa Rica,CR,74.39,140.28,81.67,81.67,grupoice.com,false,
2024-01-26 03:00:00,Costa Rica,Costa Rica,CR,77.28,145.0,80.97,80.97,grupoice.com,false,
2024-01-26 04:00:00,Costa Rica,Costa Rica,CR,62.61,123.08,84.58,84.58,grupoice.com,false,
2024-01-26 05:00:00,Costa Rica,Costa Rica,CR,68.45,132.64,83.14,83.14,grupoice.com,false,
2024-01-26 06:00:00,Costa Rica,Costa Rica,CR,74.64,142.58,81.62,81.62,grupoice.com,false,
2024-01-26 07:00:00,Costa Rica,Costa Rica,CR,69.32,134.43,82.93,82.93,grupoice.com,false,
2024-01-26 08:00:00,Costa Rica,Costa Rica,CR,65.73,129.21,83.81,83.81,grupoice.com,false,
2024-01-26 09:00:00,Costa Rica,Costa Rica,CR,65.99,129.19,83.75,83.75,grupoice.com,false,
2024-01-26 10:00:00,Costa Rica,Costa Rica,CR,67.04,130.65,83.49,83.49,grupoice.com,false,
2024-01-26 11:00:00,Costa Rica,Costa Rica,CR,71.09,136.17,82.49,82.49,grupoice.com,false,
2024-01-26 12:00:00,Costa Rica,Costa Rica,CR,87.94,161.8,78.34,78.34,grupoice.com,false,
2024-01-26 13:00:00,Costa Rica,Costa Rica,CR,83.29,154.82,79.48,79.48,grupoice.com,false,
2024-01-26 14:00:00,Costa Rica,Costa Rica,CR,77.87,145.91,80.82,80.82,grupoice.com,false,
2024-01-26 15:00:00,Costa Rica,Costa Rica,CR,73.28,138.48,81.95,81.95,grupoice.com,false,
2024-01-26 16:00:00,Costa Rica,Costa Rica,CR,70.2,133.93,82.7,82.7,grupoice.com,false,
2024-01-26 17:00:00,Costa Rica,Costa Rica,CR,64.85,125.52,84.03,84.03,grupoice.com,false,
2024-01-26 18:00:00,Costa Rica,Costa Rica,CR,65.2,126.49,83.94,83.94,grupoice.com,false,
2024-01-26 19:00:00,Costa Rica,Costa Rica,CR,66.62,128.71,83.58,83.58,grupoice.com,false,
2024-01-26 20:00:00,Costa Rica,Costa Rica,CR,68.09,131.21,83.23,83.23,grupoice.com,false,
2024-01-26 21:00:00,Costa Rica,Costa Rica,CR,69.34,133.32,82.92,82.92,grupoice.com,false,
2024-01-26 22:00:00,Costa Rica,Costa Rica,CR,71.31,136.49,82.43,82.43,grupoice.com,false,
2024-01-26 23:00:00,Costa Rica,Costa Rica,CR,75.73,142.99,81.35,81.35,grupoice.com,false,
2024-01-27 00:00:00,Costa Rica,Costa Rica,CR,73.68,139.82,81.85,81.85,grupoice.com,false,
2024-01-27 01:00:00,Costa Rica,Costa Rica,CR,74.07,140.55,81.75,81.75,grupoice.com,false,
2024-01-27 02:00:00,Costa Rica,Costa Rica,CR,74.31,141.0,81.69,81.69,grupoice.com,false,
2024-01-27 03:00:00,Costa Rica,Costa Rica,CR,82.85,154.53,79.59,79.59,grupoice.com,false,
2024-01-27 04:00:00,Costa Rica,Costa Rica,CR,91.6,167.67,77.44,77.44,grupoice.com,false,
2024-01-27 05:00:00,Costa Rica,Costa Rica,CR,101.51,183.98,75.0,75.0,grupoice.com,false,
2024-01-27 06:00:00,Costa Rica,Costa Rica,CR,107.71,194.15,73.47,73.47,grupoice.com,false,
2024-01-27 07:00:00,Costa Rica,Costa Rica,CR,111.72,200.6,72.48,72.48,grupoice.com,false,
2024-01-27 08:00:00,Costa Rica,Costa Rica,CR,105.91,191.54,73.91,73.91,grupoice.com,false,
2024-01-27 09:00:00,Costa Rica,Costa Rica,CR,107.1,193.45,73.62,73.62,grupoice.com,false,
2024-01-27 10:00:00,Costa Rica,Costa Rica,CR,109.93,198.09,72.92,72.92,grupoice.com,false,
2024-01-27 11:00:00,Costa Rica,Costa Rica,CR,106.8,192.85,73.69,73.69,grupoice.com,false,
2024-01-27 12:00:00,Costa Rica,Costa Rica,CR,82.62,155.12,79.64,79.64,grupoice.com,false,
2024-01-27 13:00:00,Costa Rica,Costa Rica,CR,94.42,172.88,76.74,76.74,grupoice.com,false,
2024-01-27 14:00:00,Costa Rica,Costa Rica,CR,86.87,160.77,78.6,78.6,grupoice.com,false,
2024-01-27 15:00:00,Costa Rica,Costa Rica,CR,81.18,151.9,80.01,80.01,grupoice.com,false,
2024-01-27 16:00:00,Costa Rica,Costa Rica,CR,77.81,146.45,80.83,80.83,grupoice.com,false,
2024-01-27 17:00:00,Costa Rica,Costa Rica,CR,74.76,141.88,81.58,81.58,grupoice.com,false,
2024-01-27 18:00:00,Costa Rica,Costa Rica,CR,73.48,139.93,81.89,81.89,grupoice.com,false,
2024-01-27 19:00:00,Costa Rica,Costa Rica,CR,72.7,138.94,82.09,82.09,grupoice.com,false,
2024-01-27 20:00:00,Costa Rica,Costa Rica,CR,74.74,142.33,81.59,81.59,grupoice.com,false,
2024-01-27 21:00:00,Costa Rica,Costa Rica,CR,77.02,145.45,81.02,81.02,grupoice.com,false,
2024-01-27 22:00:00,Costa Rica,Costa Rica,CR,78.32,147.55,80.71,80.71,grupoice.com,false,
2024-01-27 23:00:00,Costa Rica,Costa Rica,CR,76.53,143.7,81.13,81.13,grupoice.com,false,
2024-01-28 00:00:00,Costa Rica,Costa Rica,CR,75.76,143.01,81.34,81.34,grupoice.com,false,
2024-01-28 01:00:00,Costa Rica,Costa Rica,CR,79.55,148.76,80.41,80.41,grupoice.com,false,
2024-01-28 02:00:00,Costa Rica,Costa Rica,CR,83.19,154.14,79.51,79.51,grupoice.com,false,
2024-01-28 03:00:00,Costa Rica,Costa Rica,CR,90.22,165.35,77.78,77.78,grupoice.com,false,
2024-01-28 04:00:00,Costa Rica,Costa Rica,CR,103.75,186.9,74.45,74.45,grupoice.com,false,
2024-01-28 05:00:00,Costa Rica,Costa Rica,CR,106.9,191.7,73.67,73.67,grupoice.com,false,
2024-01-28 06:00:00,Costa Rica,Costa Rica,CR,94.18,173.26,76.8,76.8,grupoice.com,false,
2024-01-28 07:00:00,Costa Rica,Costa Rica,CR,85.92,160.96,78.84,78.84,grupoice.com,false,
2024-01-28 08:00:00,Costa Rica,Costa Rica,CR,86.98,162.88,78.58,78.58,grupoice.com,false,
2024-01-28 09:00:00,Costa Rica,Costa Rica,CR,81.51,154.34,79.92,79.92,grupoice.com,false,
2024-01-28 10:00:00,Costa Rica,Costa Rica,CR,75.78,145.48,81.34,81.34,grupoice.com,false,
2024-01-28 11:00:00,Costa Rica,Costa Rica,CR,68.81,134.95,83.05,83.05,grupoice.com,false,
2024-01-28 12:00:00,Costa Rica,Costa Rica,CR,59.99,121.61,85.22,85.22,grupoice.com,false,
2024-01-28 13:00:00,Costa Rica,Costa Rica,CR,69.48,135.22,82.87,82.87,grupoice.com,false,
2024-01-28 14:00:00,Costa Rica,Costa Rica,CR,70.85,137.67,82.55,82.55,grupoice.com,false,
2024-01-28 15:00:00,Costa Rica,Costa Rica,CR,74.04,141.96,81.76,81.76,grupoice.com,false,
2024-01-28 16:00:00,Costa Rica,Costa Rica,CR,70.74,137.09,82.58,82.58,grupoice.com,false,
2024-01-28 17:00:00,Costa Rica,Costa Rica,CR,65.66,128.68,83.83,83.83,grupoice.com,false,
2024-01-28 18:00:00,Costa Rica,Costa Rica,CR,56.69,114.85,86.04,86.04,grupoice.com,false,
2024-01-28 19:00:00,Costa Rica,Costa Rica,CR,62.6,123.81,84.58,84.58,grupoice.com,false,
2024-01-28 20:00:00,Costa Rica,Costa Rica,CR,65.49,128.48,83.87,83.87,grupoice.com,false,
2024-01-28 21:00:00,Costa Rica,Costa Rica,CR,66.16,129.38,83.7,83.7,grupoice.com,false,
2024-01-28 22:00:00,Costa Rica,Costa Rica,CR,67.15,131.11,83.45,83.45,grupoice.com,false,
2024-01-28 23:00:00,Costa Rica,Costa Rica,CR,67.58,132.0,83.35,83.35,grupoice.com,false,
2024-01-29 00:00:00,Costa Rica,Costa Rica,CR,69.12,133.34,82.97,82.97,grupoice.com,false,
2024-01-29 01:00:00,Costa Rica,Costa Rica,CR,74.94,142.22,81.54,81.54,grupoice.com,false,
2024-01-29 02:00:00,Costa Rica,Costa Rica,CR,79.71,150.26,80.36,80.36,grupoice.com,false,
2024-01-29 03:00:00,Costa Rica,Costa Rica,CR,85.89,159.85,78.84,78.84,grupoice.com,false,
2024-01-29 04:00:00,Costa Rica,Costa Rica,CR,92.43,170.75,77.23,77.23,grupoice.com,false,
2024-01-29 05:00:00,Costa Rica,Costa Rica,CR,83.56,157.83,79.42,79.42,grupoice.com,false,
2024-01-29 06:00:00,Costa Rica,Costa Rica,CR,82.8,157.17,79.61,79.61,grupoice.com,false,
2024-01-29 07:00:00,Costa Rica,Costa Rica,CR,61.45,124.64,84.86,84.86,grupoice.com,false,
2024-01-29 08:00:00,Costa Rica,Costa Rica,CR,53.16,111.79,86.91,86.91,grupoice.com,false,
2024-01-29 09:00:00,Costa Rica,Costa Rica,CR,52.84,110.83,86.98,86.98,grupoice.com,false,
2024-01-29 10:00:00,Costa Rica,Costa Rica,CR,64.16,128.35,84.2,84.2,grupoice.com,false,
2024-01-29 11:00:00,Costa Rica,Costa Rica,CR,65.32,129.34,83.91,83.91,grupoice.com,false,
2024-01-29 12:00:00,Costa Rica,Costa Rica,CR,67.89,132.61,83.28,83.28,grupoice.com,false,
2024-01-29 13:00:00,Costa Rica,Costa Rica,CR,76.33,145.29,81.2,81.2,grupoice.com,false,
2024-01-29 14:00:00,Costa Rica,Costa Rica,CR,85.04,158.36,79.05,79.05,grupoice.com,false,
2024-01-29 15:00:00,Costa Rica,Costa Rica,CR,79.27,148.9,80.47,80.47,grupoice.com,false,
2024-01-29 16:00:00,Costa Rica,Costa Rica,CR,74.36,141.72,81.68,81.68,grupoice.com,false,
2024-01-29 17:00:00,Costa Rica,Costa Rica,CR,69.03,133.1,83.0,83.0,grupoice.com,false,
2024-01-29 18:00:00,Costa Rica,Costa Rica,CR,66.72,129.24,83.57,83.57,grupoice.com,false,
2024-01-29 19:00:00,Costa Rica,Costa Rica,CR,67.66,130.43,83.34,83.34,grupoice.com,false,
2024-01-29 20:00:00,Costa Rica,Costa Rica,CR,69.53,133.27,82.88,82.88,grupoice.com,false,
2024-01-29 21:00:00,Costa Rica,Costa Rica,CR,70.97,135.71,82.52,82.52,grupoice.com,false,
2024-01-29 22:00:00,Costa Rica,Costa Rica,CR,72.62,138.03,82.1,82.1,grupoice.com,false,
2024-01-29 23:00:00,Costa Rica,Costa Rica,CR,72.39,138.02,82.17,82.17,grupoice.com,false,
2024-01-30 00:00:00,Costa Rica,Costa Rica,CR,69.18,132.12,82.95,82.95,grupoice.com,false,
2024-01-30 01:00:00,Costa Rica,Costa Rica,CR,72.4,137.1,82.16,82.16,grupoice.com,false,
2024-01-30 02:00:00,Costa Rica,Costa Rica,CR,77.68,145.26,80.87,80.87,grupoice.com,false,
2024-01-30 03:00:00,Costa Rica,Costa Rica,CR,87.28,160.68,78.5,78.5,grupoice.com,false,
2024-01-30 04:00:00,Costa Rica,Costa Rica,CR,82.43,154.12,79.7,79.7,grupoice.com,false,
2024-01-30 05:00:00,Costa Rica,Costa Rica,CR,88.68,164.94,78.16,78.16,grupoice.com,false,
2024-01-30 06:00:00,Costa Rica,Costa Rica,CR,81.07,153.75,80.03,80.03,grupoice.com,false,
2024-01-30 07:00:00,Costa Rica,Costa Rica,CR,70.79,137.98,82.56,82.56,grupoice.com,false,
2024-01-30 08:00:00,Costa Rica,Costa Rica,CR,67.83,133.94,83.29,83.29,grupoice.com,false,
2024-01-30 09:00:00,Costa Rica,Costa Rica,CR,58.24,118.79,85.66,85.66,grupoice.com,false,
2024-01-30 10:00:00,Costa Rica,Costa Rica,CR,66.22,130.69,83.69,83.69,grupoice.com,false,
2024-01-30 11:00:00,Costa Rica,Costa Rica,CR,71.33,138.36,82.43,82.43,grupoice.com,false,
2024-01-30 12:00:00,Costa Rica,Costa Rica,CR,67.72,131.63,83.32,83.32,grupoice.com,false,
2024-01-30 13:00:00,Costa Rica,Costa Rica,CR,76.73,145.67,81.1,81.1,grupoice.com,false,
2024-01-30 14:00:00,Costa Rica,Costa Rica,CR,71.99,138.3,82.26,82.26,grupoice.com,false,
2024-01-30 15:00:00,Costa Rica,Costa Rica,CR,73.08,139.52,82.0,82.0,grupoice.com,false,
2024-01-30 16:00:00,Costa Rica,Costa Rica,CR,69.43,133.49,82.9,82.9,grupoice.com,false,
2024-01-30 17:00:00,Costa Rica,Costa Rica,CR,65.14,126.76,83.96,83.96,grupoice.com,false,
2024-01-30 18:00:00,Costa Rica,Costa Rica,CR,65.13,126.79,83.96,83.96,grupoice.com,false,
2024-01-30 19:00:00,Costa Rica,Costa Rica,CR,69.37,133.29,82.91,82.91,grupoice.com,false,
2024-01-30 20:00:00,Costa Rica,Costa Rica,CR,67.62,130.51,83.34,83.34,grupoice.com,false,
2024-01-30 21:00:00,Costa Rica,Costa Rica,CR,67.38,130.05,83.4,83.4,grupoice.com,false,
2024-01-30 22:00:00,Costa Rica,Costa Rica,CR,68.48,131.71,83.13,83.13,grupoice.com,false,
2024-01-30 23:00:00,Costa Rica,Costa Rica,CR,73.73,139.98,81.84,81.84,grupoice.com,false,
2024-01-31 00:00:00,Costa Rica,Costa Rica,CR,76.6,143.81,81.12,81.12,grupoice.com,false,
2024-01-31 01:00:00,Costa Rica,Costa Rica,CR,79.62,148.37,80.38,80.38,grupoice.com,false,
2024-01-31 02:00:00,Costa Rica,Costa Rica,CR,75.42,142.14,81.42,81.42,grupoice.com,false,
2024-01-31 03:00:00,Costa Rica,Costa Rica,CR,74.56,140.83,81.62,81.62,grupoice.com,false,
2024-01-31 04:00:00,Costa Rica,Costa Rica,CR,86.3,160.53,78.74,78.74,grupoice.com,false,
2024-01-31 05:00:00,Costa Rica,Costa Rica,CR,85.07,159.5,79.05,79.05,grupoice.com,false,
2024-01-31 06:00:00,Costa Rica,Costa Rica,CR,79.92,152.62,80.32,80.32,grupoice.com,false,
2024-01-31 07:00:00,Costa Rica,Costa Rica,CR,84.19,159.43,79.26,79.26,grupoice.com,false,
2024-01-31 08:00:00,Costa Rica,Costa Rica,CR,80.53,153.54,80.17,80.17,grupoice.com,false,
2024-01-31 09:00:00,Costa Rica,Costa Rica,CR,78.28,149.8,80.72,80.72,grupoice.com,false,
2024-01-31 10:00:00,Costa Rica,Costa Rica,CR,78.33,150.24,80.71,80.71,grupoice.com,false,
2024-01-31 11:00:00,Costa Rica,Costa Rica,CR,74.48,143.13,81.65,81.65,grupoice.com,false,
2024-01-31 12:00:00,Costa Rica,Costa Rica,CR,72.04,139.28,82.26,82.26,grupoice.com,false,
2024-01-31 13:00:00,Costa Rica,Costa Rica,CR,71.76,138.47,82.32,82.32,grupoice.com,false,
2024-01-31 14:00:00,Costa Rica,Costa Rica,CR,62.06,123.01,84.71,84.71,grupoice.com,false,
2024-01-31 15:00:00,Costa Rica,Costa Rica,CR,67.85,131.59,83.29,83.29,grupoice.com,false,
2024-01-31 16:00:00,Costa Rica,Costa Rica,CR,70.11,134.81,82.73,82.73,grupoice.com,false,
2024-01-31 17:00:00,Costa Rica,Costa Rica,CR,67.02,129.69,83.49,83.49,grupoice.com,false,
2024-01-31 18:00:00,Costa Rica,Costa Rica,CR,66.19,128.43,83.7,83.7,grupoice.com,false,
2024-01-31 19:00:00,Costa Rica,Costa Rica,CR,66.07,127.99,83.73,83.73,grupoice.com,false,
2024-01-31 20:00:00,Costa Rica,Costa Rica,CR,67.01,129.44,83.49,83.49,grupoice.com,false,
2024-01-31 21:00:00,Costa Rica,Costa Rica,CR,64.99,126.48,83.99,83.99,grupoice.com,false,
2024-01-31 22:00:00,Costa Rica,Costa Rica,CR,74.76,141.47,81.59,81.59,grupoice.com,false,
2024-01-31 23:00:00,Costa Rica,Costa Rica,CR,69.68,133.87,82.84,82.84,grupoice.com,false,
2024-02-01 00:00:00,Costa Rica,Costa Rica,CR,70.96,135.23,82.52,82.52,grupoice.com,false,
2024-02-01 01:00:00,Costa Rica,Costa Rica,CR,64.14,124.51,84.2,84.2,grupoice.com,false,
2024-02-01 02:00:00,Costa Rica,Costa Rica,CR,57.82,114.92,85.75,85.75,grupoice.com,false,
2024-02-01 03:00:00,Costa Rica,Costa Rica,CR,53.97,109.04,86.7,86.7,grupoice.com,false,
2024-02-01 04:00:00,Costa Rica,Costa Rica,CR,61.47,122.06,84.86,84.86,grupoice.com,false,
2024-02-01 05:00:00,Costa Rica,Costa Rica,CR,71.84,138.92,82.31,82.31,grupoice.com,false,
2024-02-01 06:00:00,Costa Rica,Costa Rica,CR,68.82,134.85,83.05,83.05,grupoice.com,false,
2024-02-01 07:00:00,Costa Rica,Costa Rica,CR,73.33,142.13,81.94,81.94,grupoice.com,false,
2024-02-01 08:00:00,Costa Rica,Costa Rica,CR,53.43,111.34,86.84,86.84,grupoice.com,false,
2024-02-01 09:00:00,Costa Rica,Costa Rica,CR,27.06,70.6,93.34,93.34,grupoice.com,false,
2024-02-01 10:00:00,Costa Rica,Costa Rica,CR,22.51,63.35,94.46,94.46,grupoice.com,false,
2024-02-01 11:00:00,Costa Rica,Costa Rica,CR,25.25,66.86,93.78,93.78,grupoice.com,false,
2024-02-01 12:00:00,Costa Rica,Costa Rica,CR,25.64,67.26,93.68,93.68,grupoice.com,false,
2024-02-01 13:00:00,Costa Rica,Costa Rica,CR,36.13,83.08,91.1,91.1,grupoice.com,false,
2024-02-01 14:00:00,Costa Rica,Costa Rica,CR,48.1,101.42,88.15,88.15,grupoice.com,false,
2024-02-01 15:00:00,Costa Rica,Costa Rica,CR,65.53,127.89,83.86,83.86,grupoice.com,false,
2024-02-01 16:00:00,Costa Rica,Costa Rica,CR,62.51,122.69,84.6,84.6,grupoice.com,false,
2024-02-01 17:00:00,Costa Rica,Costa Rica,CR,65.78,127.59,83.8,83.8,grupoice.com,false,
2024-02-01 18:00:00,Costa Rica,Costa Rica,CR,63.21,123.78,84.43,84.43,grupoice.com,false,
2024-02-01 19:00:00,Costa Rica,Costa Rica,CR,57.54,115.05,85.83,85.83,grupoice.com,false,
2024-02-01 20:00:00,Costa Rica,Costa Rica,CR,57.59,115.45,85.81,85.81,grupoice.com,false,
2024-02-01 21:00:00,Costa Rica,Costa Rica,CR,39.3,87.44,90.32,90.32,grupoice.com,false,
2024-02-01 22:00:00,Costa Rica,Costa Rica,CR,34.35,79.44,91.53,91.53,grupoice.com,false,
2024-02-01 23:00:00,Costa Rica,Costa Rica,CR,22.65,61.6,94.42,94.42,grupoice.com,false,
2024-02-02 00:00:00,Costa Rica,Costa Rica,CR,25.62,65.16,93.68,93.68,grupoice.com,false,
2024-02-02 01:00:00,Costa Rica,Costa Rica,CR,15.03,48.7,96.28,96.28,grupoice.com,false,
2024-02-02 02:00:00,Costa Rica,Costa Rica,CR,6.1,35.25,98.49,98.49,grupoice.com,false,
2024-02-02 03:00:00,Costa Rica,Costa Rica,CR,3.49,31.34,99.12,99.12,grupoice.com,false,
2024-02-02 04:00:00,Costa Rica,Costa Rica,CR,6.72,37.99,98.34,98.34,grupoice.com,false,
2024-02-02 05:00:00,Costa Rica,Costa Rica,CR,7.47,39.56,98.16,98.16,grupoice.com,false,
2024-02-02 06:00:00,Costa Rica,Costa Rica,CR,18.86,57.88,95.35,95.35,grupoice.com,false,
2024-02-02 07:00:00,Costa Rica,Costa Rica,CR,25.19,68.47,93.8,93.8,grupoice.com,false,
2024-02-02 08:00:00,Costa Rica,Costa Rica,CR,36.02,84.81,91.12,91.12,grupoice.com,false,
2024-02-02 09:00:00,Costa Rica,Costa Rica,CR,39.0,89.72,90.39,90.39,grupoice.com,false,
2024-02-02 10:00:00,Costa Rica,Costa Rica,CR,48.06,103.57,88.16,88.16,grupoice.com,false,
2024-02-02 11:00:00,Costa Rica,Costa Rica,CR,60.15,121.39,85.18,85.18,grupoice.com,false,
2024-02-02 12:00:00,Costa Rica,Costa Rica,CR,65.0,128.17,83.99,83.99,grupoice.com,false,
2024-02-02 13:00:00,Costa Rica,Costa Rica,CR,61.75,122.95,84.79,84.79,grupoice.com,false,
2024-02-02 14:00:00,Costa Rica,Costa Rica,CR,59.09,118.69,85.45,85.45,grupoice.com,false,
2024-02-02 15:00:00,Costa Rica,Costa Rica,CR,56.83,114.63,86.0,86.0,grupoice.com,false,
2024-02-02 16:00:00,Costa Rica,Costa Rica,CR,54.45,110.58,86.59,86.59,grupoice.com,false,
2024-02-02 17:00:00,Costa Rica,Costa Rica,CR,50.58,104.39,87.53,87.53,grupoice.com,false,
2024-02-02 18:00:00,Costa Rica,Costa Rica,CR,46.29,98.02,88.6,88.6,grupoice.com,false,
2024-02-02 19:00:00,Costa Rica,Costa Rica,CR,46.57,98.69,88.53,88.53,grupoice.com,false,
2024-02-02 20:00:00,Costa Rica,Costa Rica,CR,47.46,100.28,88.31,88.31,grupoice.com,false,
2024-02-02 21:00:00,Costa Rica,Costa Rica,CR,47.64,100.51,88.26,88.26,grupoice.com,false,
2024-02-02 22:00:00,Costa Rica,Costa Rica,CR,55.27,112.59,86.38,86.38,grupoice.com,false,
2024-02-02 23:00:00,Costa Rica,Costa Rica,CR,60.7,121.4,85.04,85.04,grupoice.com,false,
2024-02-03 00:00:00,Costa Rica,Costa Rica,CR,55.62,113.12,86.29,86.29,grupoice.com,false,
2024-02-03 01:00:00,Costa Rica,Costa Rica,CR,61.78,122.87,84.78,84.78,grupoice.com,false,
2024-02-03 02:00:00,Costa Rica,Costa Rica,CR,80.26,152.29,80.22,80.22,grupoice.com,false,
2024-02-03 03:00:00,Costa Rica,Costa Rica,CR,90.36,168.52,77.74,77.74,grupoice.com,false,
2024-02-03 04:00:00,Costa Rica,Costa Rica,CR,105.34,193.3,74.05,74.05,grupoice.com,false,
2024-02-03 05:00:00,Costa Rica,Costa Rica,CR,117.09,211.87,71.14,71.14,grupoice.com,false,
2024-02-03 06:00:00,Costa Rica,Costa Rica,CR,124.76,225.29,69.27,69.27,grupoice.com,false,
2024-02-03 07:00:00,Costa Rica,Costa Rica,CR,130.88,234.95,67.76,67.76,grupoice.com,false,
2024-02-03 08:00:00,Costa Rica,Costa Rica,CR,135.7,243.06,66.58,66.58,grupoice.com,false,
2024-02-03 09:00:00,Costa Rica,Costa Rica,CR,135.03,241.88,66.74,66.74,grupoice.com,false,
2024-02-03 10:00:00,Costa Rica,Costa Rica,CR,131.92,236.47,67.51,67.51,grupoice.com,false,
2024-02-03 11:00:00,Costa Rica,Costa Rica,CR,129.38,232.25,68.13,68.13,grupoice.com,false,
2024-02-03 12:00:00,Costa Rica,Costa Rica,CR,120.88,217.44,70.23,70.23,grupoice.com,false,
2024-02-03 13:00:00,Costa Rica,Costa Rica,CR,105.57,192.52,74.0,74.0,grupoice.com,false,
2024-02-03 14:00:00,Costa Rica,Costa Rica,CR,96.29,177.95,76.28,76.28,grupoice.com,false,
2024-02-03 15:00:00,Costa Rica,Costa Rica,CR,91.13,168.69,77.55,77.55,grupoice.com,false,
2024-02-03 16:00:00,Costa Rica,Costa Rica,CR,85.92,160.8,78.84,78.84,grupoice.com,false,
2024-02-03 17:00:00,Costa Rica,Costa Rica,CR,81.23,153.24,79.99,79.99,grupoice.com,false,
2024-02-03 18:00:00,Costa Rica,Costa Rica,CR,80.5,152.21,80.17,80.17,grupoice.com,false,
2024-02-03 19:00:00,Costa Rica,Costa Rica,CR,84.38,158.9,79.22,79.22,grupoice.com,false,
2024-02-03 20:00:00,Costa Rica,Costa Rica,CR,86.98,163.0,78.58,78.58,grupoice.com,false,
2024-02-03 21:00:00,Costa Rica,Costa Rica,CR,87.86,164.76,78.36,78.36,grupoice.com,false,
2024-02-03 22:00:00,Costa Rica,Costa Rica,CR,90.83,169.23,77.63,77.63,grupoice.com,false,
2024-02-03 23:00:00,Costa Rica,Costa Rica,CR,92.07,171.91,77.32,77.32,grupoice.com,false,
2024-02-04 00:00:00,Costa Rica,Costa Rica,CR,79.64,150.5,80.37,80.37,grupoice.com,false,
2024-02-04 01:00:00,Costa Rica,Costa Rica,CR,88.53,165.29,78.19,78.19,grupoice.com,false,
2024-02-04 02:00:00,Costa Rica,Costa Rica,CR,93.69,173.67,76.92,76.92,grupoice.com,false,
2024-02-04 03:00:00,Costa Rica,Costa Rica,CR,100.83,185.19,75.16,75.16,grupoice.com,false,
2024-02-04 04:00:00,Costa Rica,Costa Rica,CR,113.74,206.39,71.99,71.99,grupoice.com,false,
2024-02-04 05:00:00,Costa Rica,Costa Rica,CR,124.09,223.17,69.44,69.44,grupoice.com,false,
2024-02-04 06:00:00,Costa Rica,Costa Rica,CR,130.17,233.14,67.94,67.94,grupoice.com,false,
2024-02-04 07:00:00,Costa Rica,Costa Rica,CR,125.51,225.45,69.09,69.09,grupoice.com,false,
2024-02-04 08:00:00,Costa Rica,Costa Rica,CR,129.43,231.45,68.12,68.12,grupoice.com,false,
2024-02-04 09:00:00,Costa Rica,Costa Rica,CR,132.55,237.97,67.35,67.35,grupoice.com,false,
2024-02-04 10:00:00,Costa Rica,Costa Rica,CR,129.58,233.19,68.08,68.08,grupoice.com,false,
2024-02-04 11:00:00,Costa Rica,Costa Rica,CR,125.5,226.96,69.09,69.09,grupoice.com,false,
2024-02-04 12:00:00,Costa Rica,Costa Rica,CR,125.1,226.79,69.19,69.19,grupoice.com,false,
2024-02-04 13:00:00,Costa Rica,Costa Rica,CR,109.95,202.89,72.92,72.92,grupoice.com,false,
2024-02-04 14:00:00,Costa Rica,Costa Rica,CR,108.39,199.13,73.3,73.3,grupoice.com,false,
2024-02-04 15:00:00,Costa Rica,Costa Rica,CR,98.79,183.61,75.67,75.67,grupoice.com,false,
2024-02-04 16:00:00,Costa Rica,Costa Rica,CR,92.98,174.22,77.1,77.1,grupoice.com,false,
2024-02-04 17:00:00,Costa Rica,Costa Rica,CR,87.48,165.25,78.45,78.45,grupoice.com,false,
2024-02-04 18:00:00,Costa Rica,Costa Rica,CR,86.52,163.61,78.69,78.69,grupoice.com,false,
2024-02-04 19:00:00,Costa Rica,Costa Rica,CR,93.75,174.59,76.91,76.91,grupoice.com,false,
2024-02-04 20:00:00,Costa Rica,Costa Rica,CR,101.28,186.47,75.05,75.05,grupoice.com,false,
2024-02-04 21:00:00,Costa Rica,Costa Rica,CR,103.39,189.94,74.53,74.53,grupoice.com,false,
2024-02-04 22:00:00,Costa Rica,Costa Rica,CR,105.29,192.71,74.07,74.07,grupoice.com,false,
2024-02-04 23:00:00,Costa Rica,Costa Rica,CR,106.93,195.26,73.66,73.66,grupoice.com,false,
2024-02-05 00:00:00,Costa Rica,Costa Rica,CR,91.23,169.94,77.52,77.52,grupoice.com,false,
2024-02-05 01:00:00,Costa Rica,Costa Rica,CR,88.71,165.84,78.15,78.15,grupoice.com,false,
2024-02-05 02:00:00,Costa Rica,Costa Rica,CR,92.18,171.47,77.3,77.3,grupoice.com,false,
2024-02-05 03:00:00,Costa Rica,Costa Rica,CR,99.66,183.87,75.45,75.45,grupoice.com,false,
2024-02-05 04:00:00,Costa Rica,Costa Rica,CR,106.92,196.33,73.66,73.66,grupoice.com,false,
2024-02-05 05:00:00,Costa Rica,Costa Rica,CR,116.04,211.12,71.42,71.42,grupoice.com,false,
2024-02-05 06:00:00,Costa Rica,Costa Rica,CR,109.89,201.86,72.93,72.93,grupoice.com,false,
2024-02-05 07:00:00,Costa Rica,Costa Rica,CR,114.15,208.93,71.88,71.88,grupoice.com,false,
2024-02-05 08:00:00,Costa Rica,Costa Rica,CR,116.35,213.07,71.34,71.34,grupoice.com,false,
2024-02-05 09:00:00,Costa Rica,Costa Rica,CR,115.8,211.98,71.48,71.48,grupoice.com,false,
2024-02-05 10:00:00,Costa Rica,Costa Rica,CR,110.66,203.72,72.74,72.74,grupoice.com,false,
2024-02-05 11:00:00,Costa Rica,Costa Rica,CR,111.06,203.51,72.65,72.65,grupoice.com,false,
2024-02-05 12:00:00,Costa Rica,Costa Rica,CR,100.15,184.93,75.33,75.33,grupoice.com,false,
2024-02-05 13:00:00,Costa Rica,Costa Rica,CR,93.22,173.66,77.04,77.04,grupoice.com,false,
2024-02-05 14:00:00,Costa Rica,Costa Rica,CR,86.75,163.28,78.63,78.63,grupoice.com,false,
2024-02-05 15:00:00,Costa Rica,Costa Rica,CR,80.96,153.73,80.06,80.06,grupoice.com,false,
2024-02-05 16:00:00,Costa Rica,Costa Rica,CR,77.25,147.77,80.97,80.97,grupoice.com,false,
2024-02-05 17:00:00,Costa Rica,Costa Rica,CR,71.69,138.91,82.34,82.34,grupoice.com,false,
2024-02-05 18:00:00,Costa Rica,Costa Rica,CR,70.02,136.16,82.75,82.75,grupoice.com,false,
2024-02-05 19:00:00,Costa Rica,Costa Rica,CR,70.73,137.22,82.58,82.58,grupoice.com,false,
2024-02-05 20:00:00,Costa Rica,Costa Rica,CR,72.05,139.07,82.25,82.25,grupoice.com,false,
2024-02-05 21:00:00,Costa Rica,Costa Rica,CR,73.71,141.64,81.84,81.84,grupoice.com,false,
2024-02-05 22:00:00,Costa Rica,Costa Rica,CR,78.63,149.42,80.63,80.63,grupoice.com,false,
2024-02-05 23:00:00,Costa Rica,Costa Rica,CR,88.23,164.69,78.27,78.27,grupoice.com,false,
2024-02-06 00:00:00,Costa Rica,Costa Rica,CR,79.07,149.58,80.52,80.52,grupoice.com,false,
2024-02-06 01:00:00,Costa Rica,Costa Rica,CR,79.32,150.04,80.46,80.46,grupoice.com,false,
2024-02-06 02:00:00,Costa Rica,Costa Rica,CR,82.93,156.33,79.58,79.58,grupoice.com,false,
2024-02-06 03:00:00,Costa Rica,Costa Rica,CR,91.44,169.75,77.48,77.48,grupoice.com,false,
2024-02-06 04:00:00,Costa Rica,Costa Rica,CR,101.97,186.84,74.88,74.88,grupoice.com,false,
2024-02-06 05:00:00,Costa Rica,Costa Rica,CR,115.65,209.22,71.51,71.51,grupoice.com,false,
2024-02-06 06:00:00,Costa Rica,Costa Rica,CR,121.04,218.47,70.19,70.19,grupoice.com,false,
2024-02-06 07:00:00,Costa Rica,Costa Rica,CR,124.51,223.67,69.33,69.33,grupoice.com,false,
2024-02-06 08:00:00,Costa Rica,Costa Rica,CR,127.65,228.55,68.56,68.56,grupoice.com,false,
2024-02-06 09:00:00,Costa Rica,Costa Rica,CR,127.58,228.31,68.58,68.58,grupoice.com,false,
2024-02-06 10:00:00,Costa Rica,Costa Rica,CR,119.94,215.68,70.46,70.46,grupoice.com,false,
2024-02-06 11:00:00,Costa Rica,Costa Rica,CR,109.59,199.78,73.01,73.01,grupoice.com,false,
2024-02-06 12:00:00,Costa Rica,Costa Rica,CR,101.7,186.64,74.95,74.95,grupoice.com,false,
2024-02-06 13:00:00,Costa Rica,Costa Rica,CR,97.52,179.79,75.98,75.98,grupoice.com,false,
2024-02-06 14:00:00,Costa Rica,Costa Rica,CR,93.28,172.77,77.02,77.02,grupoice.com,false,
2024-02-06 15:00:00,Costa Rica,Costa Rica,CR,89.58,166.88,77.94,77.94,grupoice.com,false,
2024-02-06 16:00:00,Costa Rica,Costa Rica,CR,84.38,158.62,79.22,79.22,grupoice.com,false,
2024-02-06 17:00:00,Costa Rica,Costa Rica,CR,79.25,150.44,80.48,80.48,grupoice.com,false,
2024-02-06 18:00:00,Costa Rica,Costa Rica,CR,78.09,148.15,80.76,80.76,grupoice.com,false,
2024-02-06 19:00:00,Costa Rica,Costa Rica,CR,79.43,150.5,80.44,80.44,grupoice.com,false,
2024-02-06 20:00:00,Costa Rica,Costa Rica,CR,81.13,152.82,80.02,80.02,grupoice.com,false,
2024-02-06 21:00:00,Costa Rica,Costa Rica,CR,82.43,154.75,79.7,79.7,grupoice.com,false,
2024-02-06 22:00:00,Costa Rica,Costa Rica,CR,84.36,157.64,79.22,79.22,grupoice.com,false,
2024-02-06 23:00:00,Costa Rica,Costa Rica,CR,86.57,160.91,78.67,78.67,grupoice.com,false,
2024-02-07 00:00:00,Costa Rica,Costa Rica,CR,80.74,151.32,80.11,80.11,grupoice.com,false,
2024-02-07 01:00:00,Costa Rica,Costa Rica,CR,82.61,153.82,79.65,79.65,grupoice.com,false,
2024-02-07 02:00:00,Costa Rica,Costa Rica,CR,84.79,157.2,79.12,79.12,grupoice.com,false,
2024-02-07 03:00:00,Costa Rica,Costa Rica,CR,93.13,170.57,77.06,77.06,grupoice.com,false,
2024-02-07 04:00:00,Costa Rica,Costa Rica,CR,101.55,184.11,74.99,74.99,grupoice.com,false,
2024-02-07 05:00:00,Costa Rica,Costa Rica,CR,110.69,198.4,72.74,72.74,grupoice.com,false,
2024-02-07 06:00:00,Costa Rica,Costa Rica,CR,118.4,210.53,70.84,70.84,grupoice.com,false,
2024-02-07 07:00:00,Costa Rica,Costa Rica,CR,122.73,217.24,69.77,69.77,grupoice.com,false,
2024-02-07 08:00:00,Costa Rica,Costa Rica,CR,125.92,222.49,68.99,68.99,grupoice.com,false,
2024-02-07 09:00:00,Costa Rica,Costa Rica,CR,125.89,221.86,68.99,68.99,grupoice.com,false,
2024-02-07 10:00:00,Costa Rica,Costa Rica,CR,117.33,208.24,71.1,71.1,grupoice.com,false,
2024-02-07 11:00:00,Costa Rica,Costa Rica,CR,103.35,186.86,74.54,74.54,grupoice.com,false,
2024-02-07 12:00:00,Costa Rica,Costa Rica,CR,98.39,178.45,75.76,75.76,grupoice.com,false,
2024-02-07 13:00:00,Costa Rica,Costa Rica,CR,89.6,164.9,77.93,77.93,grupoice.com,false,
2024-02-07 14:00:00,Costa Rica,Costa Rica,CR,91.29,167.61,77.51,77.51,grupoice.com,false,
2024-02-07 15:00:00,Costa Rica,Costa Rica,CR,88.49,163.05,78.2,78.2,grupoice.com,false,
2024-02-07 16:00:00,Costa Rica,Costa Rica,CR,81.83,152.51,79.85,79.85,grupoice.com,false,
2024-02-07 17:00:00,Costa Rica,Costa Rica,CR,79.65,148.98,80.38,80.38,grupoice.com,false,
2024-02-07 18:00:00,Costa Rica,Costa Rica,CR,79.7,149.0,80.37,80.37,grupoice.com,false,
2024-02-07 19:00:00,Costa Rica,Costa Rica,CR,81.17,151.31,80.01,80.01,grupoice.com,false,
2024-02-07 20:00:00,Costa Rica,Costa Rica,CR,82.71,153.32,79.62,79.62,grupoice.com,false,
2024-02-07 21:00:00,Costa Rica,Costa Rica,CR,83.6,154.68,79.4,79.4,grupoice.com,false,
2024-02-07 22:00:00,Costa Rica,Costa Rica,CR,84.86,156.96,79.09,79.09,grupoice.com,false,
2024-02-07 23:00:00,Costa Rica,Costa Rica,CR,87.05,160.01,78.55,78.55,grupoice.com,false,
2024-02-08 00:00:00,Costa Rica,Costa Rica,CR,72.5,137.29,82.14,82.14,grupoice.com,false,
2024-02-08 01:00:00,Costa Rica,Costa Rica,CR,75.31,141.4,81.45,81.45,grupoice.com,false,
2024-02-08 02:00:00,Costa Rica,Costa Rica,CR,78.6,146.78,80.64,80.64,grupoice.com,false,
2024-02-08 03:00:00,Costa Rica,Costa Rica,CR,86.06,158.35,78.8,78.8,grupoice.com,false,
2024-02-08 04:00:00,Costa Rica,Costa Rica,CR,95.06,172.91,76.58,76.58,grupoice.com,false,
2024-02-08 05:00:00,Costa Rica,Costa Rica,CR,101.3,182.72,75.05,75.05,grupoice.com,false,
2024-02-08 06:00:00,Costa Rica,Costa Rica,CR,98.13,178.88,75.83,75.83,grupoice.com,false,
2024-02-08 07:00:00,Costa Rica,Costa Rica,CR,93.25,171.95,77.03,77.03,grupoice.com,false,
2024-02-08 08:00:00,Costa Rica,Costa Rica,CR,103.98,188.23,74.39,74.39,grupoice.com,false,
2024-02-08 09:00:00,Costa Rica,Costa Rica,CR,102.67,186.32,74.71,74.71,grupoice.com,false,
2024-02-08 10:00:00,Costa Rica,Costa Rica,CR,95.17,174.45,76.56,76.56,grupoice.com,false,
2024-02-08 11:00:00,Costa Rica,Costa Rica,CR,86.89,161.42,78.6,78.6,grupoice.com,false,
2024-02-08 12:00:00,Costa Rica,Costa Rica,CR,87.13,161.49,78.54,78.54,grupoice.com,false,
2024-02-08 13:00:00,Costa Rica,Costa Rica,CR,85.48,158.6,78.94,78.94,grupoice.com,false,
2024-02-08 14:00:00,Costa Rica,Costa Rica,CR,77.87,146.77,80.82,80.82,grupoice.com,false,
2024-02-08 15:00:00,Costa Rica,Costa Rica,CR,77.74,146.29,80.85,80.85,grupoice.com,false,
2024-02-08 16:00:00,Costa Rica,Costa Rica,CR,76.16,143.72,81.24,81.24,grupoice.com,false,
2024-02-08 17:00:00,Costa Rica,Costa Rica,CR,73.27,139.34,81.95,81.95,grupoice.com,false,
2024-02-08 18:00:00,Costa Rica,Costa Rica,CR,72.01,137.48,82.26,82.26,grupoice.com,false,
2024-02-08 19:00:00,Costa Rica,Costa Rica,CR,70.44,135.03,82.65,82.65,grupoice.com,false,
2024-02-08 20:00:00,Costa Rica,Costa Rica,CR,70.98,135.42,82.51,82.51,grupoice.com,false,
2024-02-08 21:00:00,Costa Rica,Costa Rica,CR,77.98,146.26,80.79,80.79,grupoice.com,false,
2024-02-08 22:00:00,Costa Rica,Costa Rica,CR,81.48,151.9,79.93,79.93,grupoice.com,false,
2024-02-08 23:00:00,Costa Rica,Costa Rica,CR,86.06,158.74,78.8,78.8,grupoice.com,false,
2024-02-09 00:00:00,Costa Rica,Costa Rica,CR,78.3,146.59,80.72,80.72,grupoice.com,false,
2024-02-09 01:00:00,Costa Rica,Costa Rica,CR,80.2,149.25,80.25,80.25,grupoice.com,false,
2024-02-09 02:00:00,Costa Rica,Costa Rica,CR,83.98,155.28,79.31,79.31,grupoice.com,false,
2024-02-09 03:00:00,Costa Rica,Costa Rica,CR,89.85,164.37,77.87,77.87,grupoice.com,false,
2024-02-09 04:00:00,Costa Rica,Costa Rica,CR,98.54,178.77,75.73,75.73,grupoice.com,false,
2024-02-09 05:00:00,Costa Rica,Costa Rica,CR,107.71,193.15,73.47,73.47,grupoice.com,false,
2024-02-09 06:00:00,Costa Rica,Costa Rica,CR,105.29,190.38,74.07,74.07,grupoice.com,false,
2024-02-09 07:00:00,Costa Rica,Costa Rica,CR,90.87,168.17,77.62,77.62,grupoice.com,false,
2024-02-09 08:00:00,Costa Rica,Costa Rica,CR,81.64,154.41,79.89,79.89,grupoice.com,false,
2024-02-09 09:00:00,Costa Rica,Costa Rica,CR,77.56,147.9,80.9,80.9,grupoice.com,false,
2024-02-09 10:00:00,Costa Rica,Costa Rica,CR,77.82,148.16,80.83,80.83,grupoice.com,false,
2024-02-09 11:00:00,Costa Rica,Costa Rica,CR,91.17,168.2,77.54,77.54,grupoice.com,false,
2024-02-09 12:00:00,Costa Rica,Costa Rica,CR,94.68,173.19,76.68,76.68,grupoice.com,false,
2024-02-09 13:00:00,Costa Rica,Costa Rica,CR,87.68,162.74,78.4,78.4,grupoice.com,false,
2024-02-09 14:00:00,Costa Rica,Costa Rica,CR,91.06,167.38,77.57,77.57,grupoice.com,false,
2024-02-09 15:00:00,Costa Rica,Costa Rica,CR,88.41,162.78,78.22,78.22,grupoice.com,false,
2024-02-09 16:00:00,Costa Rica,Costa Rica,CR,82.84,154.1,79.6,79.6,grupoice.com,false,
2024-02-09 17:00:00,Costa Rica,Costa Rica,CR,78.71,147.38,80.61,80.61,grupoice.com,false,
2024-02-09 18:00:00,Costa Rica,Costa Rica,CR,77.98,146.2,80.79,80.79,grupoice.com,false,
2024-02-09 19:00:00,Costa Rica,Costa Rica,CR,78.2,146.79,80.74,80.74,grupoice.com,false,
2024-02-09 20:00:00,Costa Rica,Costa Rica,CR,79.22,148.31,80.49,80.49,grupoice.com,false,
2024-02-09 21:00:00,Costa Rica,Costa Rica,CR,82.39,153.26,79.71,79.71,grupoice.com,false,
2024-02-09 22:00:00,Costa Rica,Costa Rica,CR,85.15,157.64,79.03,79.03,grupoice.com,false,
2024-02-09 23:00:00,Costa Rica,Costa Rica,CR,85.12,157.09,79.03,79.03,grupoice.com,false,
2024-02-10 00:00:00,Costa Rica,Costa Rica,CR,80.55,149.38,80.16,80.16,grupoice.com,false,
2024-02-10 01:00:00,Costa Rica,Costa Rica,CR,83.58,154.3,79.41,79.41,grupoice.com,false,
2024-02-10 02:00:00,Costa Rica,Costa Rica,CR,86.4,158.98,78.72,78.72,grupoice.com,false,
2024-02-10 03:00:00,Costa Rica,Costa Rica,CR,91.51,166.81,77.46,77.46,grupoice.com,false,
2024-02-10 04:00:00,Costa Rica,Costa Rica,CR,76.58,144.95,81.14,81.14,grupoice.com,false,
2024-02-10 05:00:00,Costa Rica,Costa Rica,CR,82.68,154.45,79.63,79.63,grupoice.com,false,
2024-02-10 06:00:00,Costa Rica,Costa Rica,CR,86.69,161.35,78.65,78.65,grupoice.com,false,
2024-02-10 07:00:00,Costa Rica,Costa Rica,CR,90.42,167.76,77.73,77.73,grupoice.com,false,
2024-02-10 08:00:00,Costa Rica,Costa Rica,CR,79.7,151.39,80.37,80.37,grupoice.com,false,
2024-02-10 09:00:00,Costa Rica,Costa Rica,CR,62.79,125.4,84.53,84.53,grupoice.com,false,
2024-02-10 10:00:00,Costa Rica,Costa Rica,CR,73.99,142.68,81.78,81.78,grupoice.com,false,
2024-02-10 11:00:00,Costa Rica,Costa Rica,CR,79.7,151.12,80.37,80.37,grupoice.com,false,
2024-02-10 12:00:00,Costa Rica,Costa Rica,CR,58.44,118.14,85.61,85.61,grupoice.com,false,
2024-02-10 13:00:00,Costa Rica,Costa Rica,CR,85.1,158.67,79.04,79.04,grupoice.com,false,
2024-02-10 14:00:00,Costa Rica,Costa Rica,CR,86.95,160.96,78.58,78.58,grupoice.com,false,
2024-02-10 15:00:00,Costa Rica,Costa Rica,CR,81.15,151.58,80.01,80.01,grupoice.com,false,
2024-02-10 16:00:00,Costa Rica,Costa Rica,CR,77.83,146.41,80.83,80.83,grupoice.com,false,
2024-02-10 17:00:00,Costa Rica,Costa Rica,CR,73.42,139.76,81.92,81.92,grupoice.com,false,
2024-02-10 18:00:00,Costa Rica,Costa Rica,CR,65.98,128.09,83.75,83.75,grupoice.com,false,
2024-02-10 19:00:00,Costa Rica,Costa Rica,CR,64.3,125.61,84.16,84.16,grupoice.com,false,
2024-02-10 20:00:00,Costa Rica,Costa Rica,CR,70.27,134.68,82.69,82.69,grupoice.com,false,
2024-02-10 21:00:00,Costa Rica,Costa Rica,CR,75.67,143.27,81.36,81.36,grupoice.com,false,
2024-02-10 22:00:00,Costa Rica,Costa Rica,CR,78.24,147.32,80.73,80.73,grupoice.com,false,
2024-02-10 23:00:00,Costa Rica,Costa Rica,CR,82.15,153.76,79.77,79.77,grupoice.com,false,
2024-02-11 00:00:00,Costa Rica,Costa Rica,CR,77.74,146.63,80.85,80.85,grupoice.com,false,
2024-02-11 01:00:00,Costa Rica,Costa Rica,CR,79.56,148.97,80.4,80.4,grupoice.com,false,
2024-02-11 02:00:00,Costa Rica,Costa Rica,CR,82.94,154.26,79.57,79.57,grupoice.com,false,
2024-02-11 03:00:00,Costa Rica,Costa Rica,CR,90.47,166.18,77.72,77.72,grupoice.com,false,
2024-02-11 04:00:00,Costa Rica,Costa Rica,CR,94.72,173.21,76.67,76.67,grupoice.com,false,
2024-02-11 05:00:00,Costa Rica,Costa Rica,CR,79.89,151.42,80.32,80.32,grupoice.com,false,
2024-02-11 06:00:00,Costa Rica,Costa Rica,CR,79.37,150.77,80.45,80.45,grupoice.com,false,
2024-02-11 07:00:00,Costa Rica,Costa Rica,CR,81.05,153.39,80.04,80.04,grupoice.com,false,
2024-02-11 08:00:00,Costa Rica,Costa Rica,CR,82.84,156.82,79.6,79.6,grupoice.com,false,
2024-02-11 09:00:00,Costa Rica,Costa Rica,CR,86.23,161.94,78.76,78.76,grupoice.com,false,
2024-02-11 10:00:00,Costa Rica,Costa Rica,CR,85.53,160.9,78.93,78.93,grupoice.com,false,
2024-02-11 11:00:00,Costa Rica,Costa Rica,CR,65.26,129.92,83.93,83.93,grupoice.com,false,
2024-02-11 12:00:00,Costa Rica,Costa Rica,CR,65.78,130.49,83.8,83.8,grupoice.com,false,
2024-02-11 13:00:00,Costa Rica,Costa Rica,CR,74.52,143.56,81.65,81.65,grupoice.com,false,
2024-02-11 14:00:00,Costa Rica,Costa Rica,CR,68.8,133.87,83.05,83.05,grupoice.com,false,
2024-02-11 15:00:00,Costa Rica,Costa Rica,CR,63.98,126.4,84.24,84.24,grupoice.com,false,
2024-02-11 16:00:00,Costa Rica,Costa Rica,CR,56.79,115.62,86.01,86.01,grupoice.com,false,
2024-02-11 17:00:00,Costa Rica,Costa Rica,CR,51.91,107.95,87.21,87.21,grupoice.com,false,
2024-02-11 18:00:00,Costa Rica,Costa Rica,CR,54.19,111.2,86.65,86.65,grupoice.com,false,
2024-02-11 19:00:00,Costa Rica,Costa Rica,CR,57.03,115.83,85.95,85.95,grupoice.com,false,
2024-02-11 20:00:00,Costa Rica,Costa Rica,CR,66.34,130.44,83.66,83.66,grupoice.com,false,
2024-02-11 21:00:00,Costa Rica,Costa Rica,CR,85.32,160.01,78.99,78.99,grupoice.com,false,
2024-02-11 22:00:00,Costa Rica,Costa Rica,CR,88.1,164.1,78.3,78.3,grupoice.com,false,
2024-02-11 23:00:00,Costa Rica,Costa Rica,CR,90.67,168.81,77.67,77.67,grupoice.com,false,
2024-02-12 00:00:00,Costa Rica,Costa Rica,CR,81.44,153.72,79.94,79.94,grupoice.com,false,
2024-02-12 01:00:00,Costa Rica,Costa Rica,CR,81.53,153.96,79.92,79.92,grupoice.com,false,
2024-02-12 02:00:00,Costa Rica,Costa Rica,CR,81.26,153.7,79.98,79.98,grupoice.com,false,
2024-02-12 03:00:00,Costa Rica,Costa Rica,CR,90.2,167.79,77.78,77.78,grupoice.com,false,
2024-02-12 04:00:00,Costa Rica,Costa Rica,CR,96.49,178.3,76.23,76.23,grupoice.com,false,
2024-02-12 05:00:00,Costa Rica,Costa Rica,CR,97.67,181.08,75.94,75.94,grupoice.com,false,
2024-02-12 06:00:00,Costa Rica,Costa Rica,CR,105.6,193.44,73.99,73.99,grupoice.com,false,
2024-02-12 07:00:00,Costa Rica,Costa Rica,CR,113.94,207.0,71.94,71.94,grupoice.com,false,
2024-02-12 08:00:00,Costa Rica,Costa Rica,CR,105.66,194.21,73.98,73.98,grupoice.com,false,
2024-02-12 09:00:00,Costa Rica,Costa Rica,CR,102.39,188.94,74.78,74.78,grupoice.com,false,
2024-02-12 10:00:00,Costa Rica,Costa Rica,CR,107.77,196.24,73.46,73.46,grupoice.com,false,
2024-02-12 11:00:00,Costa Rica,Costa Rica,CR,98.55,180.89,75.73,75.73,grupoice.com,false,
2024-02-12 12:00:00,Costa Rica,Costa Rica,CR,95.24,175.48,76.54,76.54,grupoice.com,false,
2024-02-12 13:00:00,Costa Rica,Costa Rica,CR,92.76,171.46,77.15,77.15,grupoice.com,false,
2024-02-12 14:00:00,Costa Rica,Costa Rica,CR,83.25,156.35,79.49,79.49,grupoice.com,false,
2024-02-12 15:00:00,Costa Rica,Costa Rica,CR,78.64,148.6,80.63,80.63,grupoice.com,false,
2024-02-12 16:00:00,Costa Rica,Costa Rica,CR,74.52,142.03,81.64,81.64,grupoice.com,false,
2024-02-12 17:00:00,Costa Rica,Costa Rica,CR,69.57,133.88,82.86,82.86,grupoice.com,false,
2024-02-12 18:00:00,Costa Rica,Costa Rica,CR,69.98,135.21,82.76,82.76,grupoice.com,false,
2024-02-12 19:00:00,Costa Rica,Costa Rica,CR,68.57,133.02,83.11,83.11,grupoice.com,false,
2024-02-12 20:00:00,Costa Rica,Costa Rica,CR,70.33,135.62,82.68,82.68,grupoice.com,false,
2024-02-12 21:00:00,Costa Rica,Costa Rica,CR,70.61,136.31,82.61,82.61,grupoice.com,false,
2024-02-12 22:00:00,Costa Rica,Costa Rica,CR,73.1,140.44,82.0,82.0,grupoice.com,false,
2024-02-12 23:00:00,Costa Rica,Costa Rica,CR,74.49,143.76,81.65,81.65,grupoice.com,false,
2024-02-13 00:00:00,Costa Rica,Costa Rica,CR,67.91,131.2,83.27,83.27,grupoice.com,false,
2024-02-13 01:00:00,Costa Rica,Costa Rica,CR,69.84,134.32,82.8,82.8,grupoice.com,false,
2024-02-13 02:00:00,Costa Rica,Costa Rica,CR,72.79,139.16,82.07,82.07,grupoice.com,false,
2024-02-13 03:00:00,Costa Rica,Costa Rica,CR,79.26,149.51,80.48,80.48,grupoice.com,false,
2024-02-13 04:00:00,Costa Rica,Costa Rica,CR,91.25,169.7,77.52,77.52,grupoice.com,false,
2024-02-13 05:00:00,Costa Rica,Costa Rica,CR,100.85,184.15,75.16,75.16,grupoice.com,false,
2024-02-13 06:00:00,Costa Rica,Costa Rica,CR,105.77,191.66,73.95,73.95,grupoice.com,false,
2024-02-13 07:00:00,Costa Rica,Costa Rica,CR,109.09,196.95,73.13,73.13,grupoice.com,false,
2024-02-13 08:00:00,Costa Rica,Costa Rica,CR,115.03,206.03,71.67,71.67,grupoice.com,false,
2024-02-13 09:00:00,Costa Rica,Costa Rica,CR,106.75,193.36,73.71,73.71,grupoice.com,false,
2024-02-13 10:00:00,Costa Rica,Costa Rica,CR,106.57,193.02,73.75,73.75,grupoice.com,false,
2024-02-13 11:00:00,Costa Rica,Costa Rica,CR,93.03,171.51,77.09,77.09,grupoice.com,false,
2024-02-13 12:00:00,Costa Rica,Costa Rica,CR,89.93,166.59,77.85,77.85,grupoice.com,false,
2024-02-13 13:00:00,Costa Rica,Costa Rica,CR,87.83,163.19,78.37,78.37,grupoice.com,false,
2024-02-13 14:00:00,Costa Rica,Costa Rica,CR,80.38,150.88,80.2,80.2,grupoice.com,false,
2024-02-13 15:00:00,Costa Rica,Costa Rica,CR,76.02,143.78,81.28,81.28,grupoice.com,false,
2024-02-13 16:00:00,Costa Rica,Costa Rica,CR,72.69,138.34,82.1,82.1,grupoice.com,false,
2024-02-13 17:00:00,Costa Rica,Costa Rica,CR,69.56,133.33,82.87,82.87,grupoice.com,false,
2024-02-13 18:00:00,Costa Rica,Costa Rica,CR,69.29,132.9,82.93,82.93,grupoice.com,false,
2024-02-13 19:00:00,Costa Rica,Costa Rica,CR,69.62,133.38,82.85,82.85,grupoice.com,false,
2024-02-13 20:00:00,Costa Rica,Costa Rica,CR,70.17,134.15,82.71,82.71,grupoice.com,false,
2024-02-13 21:00:00,Costa Rica,Costa Rica,CR,71.08,135.75,82.49,82.49,grupoice.com,false,
2024-02-13 22:00:00,Costa Rica,Costa Rica,CR,72.9,138.59,82.04,82.04,grupoice.com,false,
2024-02-13 23:00:00,Costa Rica,Costa Rica,CR,75.25,142.54,81.46,81.46,grupoice.com,false,
2024-02-14 00:00:00,Costa Rica,Costa Rica,CR,78.53,146.97,80.65,80.65,grupoice.com,false,
2024-02-14 01:00:00,Costa Rica,Costa Rica,CR,80.26,149.93,80.23,80.23,grupoice.com,false,
2024-02-14 02:00:00,Costa Rica,Costa Rica,CR,84.28,156.7,79.24,79.24,grupoice.com,false,
2024-02-14 03:00:00,Costa Rica,Costa Rica,CR,90.89,167.0,77.61,77.61,grupoice.com,false,
2024-02-14 04:00:00,Costa Rica,Costa Rica,CR,102.13,185.81,74.85,74.85,grupoice.com,false,
2024-02-14 05:00:00,Costa Rica,Costa Rica,CR,112.62,202.74,72.26,72.26,grupoice.com,false,
2024-02-14 06:00:00,Costa Rica,Costa Rica,CR,124.05,220.57,69.45,69.45,grupoice.com,false,
2024-02-14 07:00:00,Costa Rica,Costa Rica,CR,128.71,227.98,68.3,68.3,grupoice.com,false,
2024-02-14 08:00:00,Costa Rica,Costa Rica,CR,131.14,232.2,67.7,67.7,grupoice.com,false,
2024-02-14 09:00:00,Costa Rica,Costa Rica,CR,129.93,230.12,68.0,68.0,grupoice.com,false,
2024-02-14 10:00:00,Costa Rica,Costa Rica,CR,121.08,215.64,70.18,70.18,grupoice.com,false,
2024-02-14 11:00:00,Costa Rica,Costa Rica,CR,101.33,184.2,75.04,75.04,grupoice.com,false,
2024-02-14 12:00:00,Costa Rica,Costa Rica,CR,88.36,163.93,78.24,78.24,grupoice.com,false,
2024-02-14 13:00:00,Costa Rica,Costa Rica,CR,87.16,162.29,78.53,78.53,grupoice.com,false,
2024-02-14 14:00:00,Costa Rica,Costa Rica,CR,81.08,152.43,80.03,80.03,grupoice.com,false,
2024-02-14 15:00:00,Costa Rica,Costa Rica,CR,77.57,146.78,80.89,80.89,grupoice.com,false,
2024-02-14 16:00:00,Costa Rica,Costa Rica,CR,74.38,141.83,81.68,81.68,grupoice.com,false,
2024-02-14 17:00:00,Costa Rica,Costa Rica,CR,71.93,137.81,82.28,82.28,grupoice.com,false,
2024-02-14 18:00:00,Costa Rica,Costa Rica,CR,78.77,148.15,80.6,80.6,grupoice.com,false,
2024-02-14 19:00:00,Costa Rica,Costa Rica,CR,76.62,144.88,81.13,81.13,grupoice.com,false,
2024-02-14 20:00:00,Costa Rica,Costa Rica,CR,74.82,141.8,81.57,81.57,grupoice.com,false,
2024-02-14 21:00:00,Costa Rica,Costa Rica,CR,76.07,143.71,81.26,81.26,grupoice.com,false,
2024-02-14 22:00:00,Costa Rica,Costa Rica,CR,79.64,149.57,80.39,80.39,grupoice.com,false,
2024-02-14 23:00:00,Costa Rica,Costa Rica,CR,79.24,149.18,80.48,80.48,grupoice.com,false,
2024-02-15 00:00:00,Costa Rica,Costa Rica,CR,77.83,146.94,80.83,80.83,grupoice.com,false,
2024-02-15 01:00:00,Costa Rica,Costa Rica,CR,83.24,154.95,79.5,79.5,grupoice.com,false,
2024-02-15 02:00:00,Costa Rica,Costa Rica,CR,86.76,160.83,78.63,78.63,grupoice.com,false,
2024-02-15 03:00:00,Costa Rica,Costa Rica,CR,94.07,172.56,76.83,76.83,grupoice.com,false,
2024-02-15 04:00:00,Costa Rica,Costa Rica,CR,103.82,188.49,74.43,74.43,grupoice.com,false,
2024-02-15 05:00:00,Costa Rica,Costa Rica,CR,114.27,205.4,71.85,71.85,grupoice.com,false,
2024-02-15 06:00:00,Costa Rica,Costa Rica,CR,114.85,206.15,71.71,71.71,grupoice.com,false,
2024-02-15 07:00:00,Costa Rica,Costa Rica,CR,122.68,218.37,69.78,69.78,grupoice.com,false,
2024-02-15 08:00:00,Costa Rica,Costa Rica,CR,127.73,226.24,68.54,68.54,grupoice.com,false,
2024-02-15 09:00:00,Costa Rica,Costa Rica,CR,119.04,212.99,70.68,70.68,grupoice.com,false,
2024-02-15 10:00:00,Costa Rica,Costa Rica,CR,110.47,199.15,72.79,72.79,grupoice.com,false,
2024-02-15 11:00:00,Costa Rica,Costa Rica,CR,100.75,183.25,75.18,75.18,grupoice.com,false,
2024-02-15 12:00:00,Costa Rica,Costa Rica,CR,98.82,180.0,75.66,75.66,grupoice.com,false,
2024-02-15 13:00:00,Costa Rica,Costa Rica,CR,96.37,176.16,76.26,76.26,grupoice.com,false,
2024-02-15 14:00:00,Costa Rica,Costa Rica,CR,89.34,164.82,78.0,78.0,grupoice.com,false,
2024-02-15 15:00:00,Costa Rica,Costa Rica,CR,84.29,156.75,79.24,79.24,grupoice.com,false,
2024-02-15 16:00:00,Costa Rica,Costa Rica,CR,74.15,140.41,81.74,81.74,grupoice.com,false,
2024-02-15 17:00:00,Costa Rica,Costa Rica,CR,77.45,145.71,80.92,80.92,grupoice.com,false,
2024-02-15 18:00:00,Costa Rica,Costa Rica,CR,76.72,145.0,81.1,81.1,grupoice.com,false,
2024-02-15 19:00:00,Costa Rica,Costa Rica,CR,76.51,144.79,81.15,81.15,grupoice.com,false,
2024-02-15 20:00:00,Costa Rica,Costa Rica,CR,77.2,145.48,80.98,80.98,grupoice.com,false,
2024-02-15 21:00:00,Costa Rica,Costa Rica,CR,78.1,146.96,80.76,80.76,grupoice.com,false,
2024-02-15 22:00:00,Costa Rica,Costa Rica,CR,79.17,148.46,80.5,80.5,grupoice.com,false,
2024-02-15 23:00:00,Costa Rica,Costa Rica,CR,75.13,142.65,81.5,81.5,grupoice.com,false,
2024-02-16 00:00:00,Costa Rica,Costa Rica,CR,79.57,148.98,80.4,80.4,grupoice.com,false,
2024-02-16 01:00:00,Costa Rica,Costa Rica,CR,80.6,150.51,80.15,80.15,grupoice.com,false,
2024-02-16 02:00:00,Costa Rica,Costa Rica,CR,86.36,159.55,78.73,78.73,grupoice.com,false,
2024-02-16 03:00:00,Costa Rica,Costa Rica,CR,94.89,172.87,76.62,76.62,grupoice.com,false,
2024-02-16 04:00:00,Costa Rica,Costa Rica,CR,104.76,188.85,74.2,74.2,grupoice.com,false,
2024-02-16 05:00:00,Costa Rica,Costa Rica,CR,113.76,203.98,71.98,71.98,grupoice.com,false,
2024-02-16 06:00:00,Costa Rica,Costa Rica,CR,119.24,211.94,70.63,70.63,grupoice.com,false,
2024-02-16 07:00:00,Costa Rica,Costa Rica,CR,112.09,201.15,72.39,72.39,grupoice.com,false,
2024-02-16 08:00:00,Costa Rica,Costa Rica,CR,100.38,182.66,75.28,75.28,grupoice.com,false,
2024-02-16 09:00:00,Costa Rica,Costa Rica,CR,105.22,190.27,74.08,74.08,grupoice.com,false,
2024-02-16 10:00:00,Costa Rica,Costa Rica,CR,115.45,206.19,71.57,71.57,grupoice.com,false,
2024-02-16 11:00:00,Costa Rica,Costa Rica,CR,102.41,185.68,74.77,74.77,grupoice.com,false,
2024-02-16 12:00:00,Costa Rica,Costa Rica,CR,97.92,178.43,75.88,75.88,grupoice.com,false,
2024-02-16 13:00:00,Costa Rica,Costa Rica,CR,92.59,170.21,77.19,77.19,grupoice.com,false,
2024-02-16 14:00:00,Costa Rica,Costa Rica,CR,89.5,164.62,77.96,77.96,grupoice.com,false,
2024-02-16 15:00:00,Costa Rica,Costa Rica,CR,83.91,155.56,79.33,79.33,grupoice.com,false,
2024-02-16 16:00:00,Costa Rica,Costa Rica,CR,80.36,150.0,80.21,80.21,grupoice.com,false,
2024-02-16 17:00:00,Costa Rica,Costa Rica,CR,77.01,144.82,81.03,81.03,grupoice.com,false,
2024-02-16 18:00:00,Costa Rica,Costa Rica,CR,76.49,144.12,81.16,81.16,grupoice.com,false,
2024-02-16 19:00:00,Costa Rica,Costa Rica,CR,75.07,141.48,81.51,81.51,grupoice.com,false,
2024-02-16 20:00:00,Costa Rica,Costa Rica,CR,76.75,144.21,81.1,81.1,grupoice.com,false,
2024-02-16 21:00:00,Costa Rica,Costa Rica,CR,78.08,146.89,80.77,80.77,grupoice.com,false,
2024-02-16 22:00:00,Costa Rica,Costa Rica,CR,80.12,149.59,80.27,80.27,grupoice.com,false,
2024-02-16 23:00:00,Costa Rica,Costa Rica,CR,84.49,156.58,79.19,79.19,grupoice.com,false,
2024-02-17 00:00:00,Costa Rica,Costa Rica,CR,80.28,149.66,80.23,80.23,grupoice.com,false,
2024-02-17 01:00:00,Costa Rica,Costa Rica,CR,83.78,154.92,79.36,79.36,grupoice.com,false,
2024-02-17 02:00:00,Costa Rica,Costa Rica,CR,85.32,157.44,78.99,78.99,grupoice.com,false,
2024-02-17 03:00:00,Costa Rica,Costa Rica,CR,91.78,167.77,77.39,77.39,grupoice.com,false,
2024-02-17 04:00:00,Costa Rica,Costa Rica,CR,99.63,180.82,75.46,75.46,grupoice.com,false,
2024-02-17 05:00:00,Costa Rica,Costa Rica,CR,110.65,198.51,72.75,72.75,grupoice.com,false,
2024-02-17 06:00:00,Costa Rica,Costa Rica,CR,120.4,213.47,70.34,70.34,grupoice.com,false,
2024-02-17 07:00:00,Costa Rica,Costa Rica,CR,120.79,214.68,70.25,70.25,grupoice.com,false,
2024-02-17 08:00:00,Costa Rica,Costa Rica,CR,114.56,204.78,71.78,71.78,grupoice.com,false,
2024-02-17 09:00:00,Costa Rica,Costa Rica,CR,103.48,187.64,74.51,74.51,grupoice.com,false,
2024-02-17 10:00:00,Costa Rica,Costa Rica,CR,102.0,185.67,74.88,74.88,grupoice.com,false,
2024-02-17 11:00:00,Costa Rica,Costa Rica,CR,111.86,200.13,72.45,72.45,grupoice.com,false,
2024-02-17 12:00:00,Costa Rica,Costa Rica,CR,96.65,176.42,76.19,76.19,grupoice.com,false,
2024-02-17 13:00:00,Costa Rica,Costa Rica,CR,100.56,182.31,75.23,75.23,grupoice.com,false,
2024-02-17 14:00:00,Costa Rica,Costa Rica,CR,93.03,170.04,77.09,77.09,grupoice.com,false,
2024-02-17 15:00:00,Costa Rica,Costa Rica,CR,86.43,159.53,78.71,78.71,grupoice.com,false,
2024-02-17 16:00:00,Costa Rica,Costa Rica,CR,83.13,154.46,79.52,79.52,grupoice.com,false,
2024-02-17 17:00:00,Costa Rica,Costa Rica,CR,79.1,148.72,80.52,80.52,grupoice.com,false,
2024-02-17 18:00:00,Costa Rica,Costa Rica,CR,78.57,148.14,80.64,80.64,grupoice.com,false,
2024-02-17 19:00:00,Costa Rica,Costa Rica,CR,80.13,150.96,80.26,80.26,grupoice.com,false,
2024-02-17 20:00:00,Costa Rica,Costa Rica,CR,82.15,154.27,79.77,79.77,grupoice.com,false,
2024-02-17 21:00:00,Costa Rica,Costa Rica,CR,84.61,158.15,79.16,79.16,grupoice.com,false,
2024-02-17 22:00:00,Costa Rica,Costa Rica,CR,88.72,164.06,78.15,78.15,grupoice.com,false,
2024-02-17 23:00:00,Costa Rica,Costa Rica,CR,90.6,167.03,77.68,77.68,grupoice.com,false,
2024-02-18 00:00:00,Costa Rica,Costa Rica,CR,81.52,152.06,79.92,79.92,grupoice.com,false,
2024-02-18 01:00:00,Costa Rica,Costa Rica,CR,82.97,154.61,79.56,79.56,grupoice.com,false,
2024-02-18 02:00:00,Costa Rica,Costa Rica,CR,85.27,158.59,78.99,78.99,grupoice.com,false,
2024-02-18 03:00:00,Costa Rica,Costa Rica,CR,93.03,171.76,77.08,77.08,grupoice.com,false,
2024-02-18 04:00:00,Costa Rica,Costa Rica,CR,103.56,188.87,74.49,74.49,grupoice.com,false,
2024-02-18 05:00:00,Costa Rica,Costa Rica,CR,113.18,204.27,72.12,72.12,grupoice.com,false,
2024-02-18 06:00:00,Costa Rica,Costa Rica,CR,120.18,215.69,70.4,70.4,grupoice.com,false,
2024-02-18 07:00:00,Costa Rica,Costa Rica,CR,122.1,218.95,69.93,69.93,grupoice.com,false,
2024-02-18 08:00:00,Costa Rica,Costa Rica,CR,118.76,214.54,70.75,70.75,grupoice.com,false,
2024-02-18 09:00:00,Costa Rica,Costa Rica,CR,120.63,217.5,70.29,70.29,grupoice.com,false,
2024-02-18 10:00:00,Costa Rica,Costa Rica,CR,119.58,215.11,70.55,70.55,grupoice.com,false,
2024-02-18 11:00:00,Costa Rica,Costa Rica,CR,120.64,216.53,70.28,70.28,grupoice.com,false,
2024-02-18 12:00:00,Costa Rica,Costa Rica,CR,117.23,210.87,71.12,71.12,grupoice.com,false,
2024-02-18 13:00:00,Costa Rica,Costa Rica,CR,102.87,187.82,74.66,74.66,grupoice.com,false,
2024-02-18 14:00:00,Costa Rica,Costa Rica,CR,96.42,177.2,76.25,76.25,grupoice.com,false,
2024-02-18 15:00:00,Costa Rica,Costa Rica,CR,89.97,166.34,77.84,77.84,grupoice.com,false,
2024-02-18 16:00:00,Costa Rica,Costa Rica,CR,85.21,158.83,79.01,79.01,grupoice.com,false,
2024-02-18 17:00:00,Costa Rica,Costa Rica,CR,80.26,151.21,80.23,80.23,grupoice.com,false,
2024-02-18 18:00:00,Costa Rica,Costa Rica,CR,85.24,158.95,79.0,79.0,grupoice.com,false,
2024-02-18 19:00:00,Costa Rica,Costa Rica,CR,86.62,161.11,78.67,78.67,grupoice.com,false,
2024-02-18 20:00:00,Costa Rica,Costa Rica,CR,89.42,165.5,77.97,77.97,grupoice.com,false,
2024-02-18 21:00:00,Costa Rica,Costa Rica,CR,92.34,170.23,77.26,77.26,grupoice.com,false,
2024-02-18 22:00:00,Costa Rica,Costa Rica,CR,96.24,176.4,76.3,76.3,grupoice.com,false,
2024-02-18 23:00:00,Costa Rica,Costa Rica,CR,97.28,178.15,76.04,76.04,grupoice.com,false,
2024-02-19 00:00:00,Costa Rica,Costa Rica,CR,87.32,161.52,78.49,78.49,grupoice.com,false,
2024-02-19 01:00:00,Costa Rica,Costa Rica,CR,87.07,160.78,78.55,78.55,grupoice.com,false,
2024-02-19 02:00:00,Costa Rica,Costa Rica,CR,89.24,164.04,78.01,78.01,grupoice.com,false,
2024-02-19 03:00:00,Costa Rica,Costa Rica,CR,96.18,174.95,76.3,76.3,grupoice.com,false,
2024-02-19 04:00:00,Costa Rica,Costa Rica,CR,106.72,191.61,73.72,73.72,grupoice.com,false,
2024-02-19 05:00:00,Costa Rica,Costa Rica,CR,99.26,180.71,75.55,75.55,grupoice.com,false,
2024-02-19 06:00:00,Costa Rica,Costa Rica,CR,90.81,168.2,77.63,77.63,grupoice.com,false,
2024-02-19 07:00:00,Costa Rica,Costa Rica,CR,79.45,150.52,80.43,80.43,grupoice.com,false,
2024-02-19 08:00:00,Costa Rica,Costa Rica,CR,75.27,143.96,81.46,81.46,grupoice.com,false,
2024-02-19 09:00:00,Costa Rica,Costa Rica,CR,77.63,148.13,80.88,80.88,grupoice.com,false,
2024-02-19 10:00:00,Costa Rica,Costa Rica,CR,89.09,165.28,78.06,78.06,grupoice.com,false,
2024-02-19 11:00:00,Costa Rica,Costa Rica,CR,97.08,176.7,76.09,76.09,grupoice.com,false,
2024-02-19 12:00:00,Costa Rica,Costa Rica,CR,97.84,177.85,75.9,75.9,grupoice.com,false,
2024-02-19 13:00:00,Costa Rica,Costa Rica,CR,94.16,172.17,76.81,76.81,grupoice.com,false,
2024-02-19 14:00:00,Costa Rica,Costa Rica,CR,85.35,158.25,78.98,78.98,grupoice.com,false,
2024-02-19 15:00:00,Costa Rica,Costa Rica,CR,80.1,149.91,80.27,80.27,grupoice.com,false,
2024-02-19 16:00:00,Costa Rica,Costa Rica,CR,77.04,145.06,81.02,81.02,grupoice.com,false,
2024-02-19 17:00:00,Costa Rica,Costa Rica,CR,74.19,140.36,81.73,81.73,grupoice.com,false,
2024-02-19 18:00:00,Costa Rica,Costa Rica,CR,74.14,140.39,81.74,81.74,grupoice.com,false,
2024-02-19 19:00:00,Costa Rica,Costa Rica,CR,73.06,138.46,82.0,82.0,grupoice.com,false,
2024-02-19 20:00:00,Costa Rica,Costa Rica,CR,75.29,142.1,81.45,81.45,grupoice.com,false,
2024-02-19 21:00:00,Costa Rica,Costa Rica,CR,76.33,143.51,81.2,81.2,grupoice.com,false,
2024-02-19 22:00:00,Costa Rica,Costa Rica,CR,76.86,144.37,81.07,81.07,grupoice.com,false,
2024-02-19 23:00:00,Costa Rica,Costa Rica,CR,72.16,137.42,82.23,82.23,grupoice.com,false,
2024-02-20 00:00:00,Costa Rica,Costa Rica,CR,74.95,141.72,81.54,81.54,grupoice.com,false,
2024-02-20 01:00:00,Costa Rica,Costa Rica,CR,78.41,147.26,80.69,80.69,grupoice.com,false,
2024-02-20 02:00:00,Costa Rica,Costa Rica,CR,83.57,155.55,79.42,79.42,grupoice.com,false,
2024-02-20 03:00:00,Costa Rica,Costa Rica,CR,91.85,168.66,77.38,77.38,grupoice.com,false,
2024-02-20 04:00:00,Costa Rica,Costa Rica,CR,101.15,183.87,75.09,75.09,grupoice.com,false,
2024-02-20 05:00:00,Costa Rica,Costa Rica,CR,106.59,192.73,73.75,73.75,grupoice.com,false,
2024-02-20 06:00:00,Costa Rica,Costa Rica,CR,84.19,157.71,79.26,79.26,grupoice.com,false,
2024-02-20 07:00:00,Costa Rica,Costa Rica,CR,58.88,119.57,85.5,85.5,grupoice.com,false,
2024-02-20 08:00:00,Costa Rica,Costa Rica,CR,45.98,100.34,88.68,88.68,grupoice.com,false,
2024-02-20 09:00:00,Costa Rica,Costa Rica,CR,33.42,81.2,91.77,91.77,grupoice.com,false,
2024-02-20 10:00:00,Costa Rica,Costa Rica,CR,54.34,113.08,86.62,86.62,grupoice.com,false,
2024-02-20 11:00:00,Costa Rica,Costa Rica,CR,52.7,109.57,87.02,87.02,grupoice.com,false,
2024-02-20 12:00:00,Costa Rica,Costa Rica,CR,50.48,105.58,87.56,87.56,grupoice.com,false,
2024-02-20 13:00:00,Costa Rica,Costa Rica,CR,54.87,112.26,86.48,86.48,grupoice.com,false,
2024-02-20 14:00:00,Costa Rica,Costa Rica,CR,61.56,121.88,84.84,84.84,grupoice.com,false,
2024-02-20 15:00:00,Costa Rica,Costa Rica,CR,71.37,136.8,82.42,82.42,grupoice.com,false,
2024-02-20 16:00:00,Costa Rica,Costa Rica,CR,67.09,129.84,83.48,83.48,grupoice.com,false,
2024-02-20 17:00:00,Costa Rica,Costa Rica,CR,52.81,108.31,86.99,86.99,grupoice.com,false,
2024-02-20 18:00:00,Costa Rica,Costa Rica,CR,52.94,108.1,86.96,86.96,grupoice.com,false,
2024-02-20 19:00:00,Costa Rica,Costa Rica,CR,63.41,123.84,84.38,84.38,grupoice.com,false,
2024-02-20 20:00:00,Costa Rica,Costa Rica,CR,68.23,131.33,83.19,83.19,grupoice.com,false,
2024-02-20 21:00:00,Costa Rica,Costa Rica,CR,71.77,137.0,82.32,82.32,grupoice.com,false,
2024-02-20 22:00:00,Costa Rica,Costa Rica,CR,71.31,136.3,82.44,82.44,grupoice.com,false,
2024-02-20 23:00:00,Costa Rica,Costa Rica,CR,57.73,115.66,85.78,85.78,grupoice.com,false,
2024-02-21 00:00:00,Costa Rica,Costa Rica,CR,55.32,111.82,86.37,86.37,grupoice.com,false,
2024-02-21 01:00:00,Costa Rica,Costa Rica,CR,38.89,86.13,90.42,90.42,grupoice.com,false,
2024-02-21 02:00:00,Costa Rica,Costa Rica,CR,28.6,70.41,92.95,92.95,grupoice.com,false,
2024-02-21 03:00:00,Costa Rica,Costa Rica,CR,4.88,34.52,98.8,98.8,grupoice.com,false,
2024-02-21 04:00:00,Costa Rica,Costa Rica,CR,5.87,37.23,98.55,98.55,grupoice.com,false,
2024-02-21 05:00:00,Costa Rica,Costa Rica,CR,4.83,36.35,98.81,98.81,grupoice.com,false,
2024-02-21 06:00:00,Costa Rica,Costa Rica,CR,3.48,34.5,99.14,99.14,grupoice.com,false,
2024-02-21 07:00:00,Costa Rica,Costa Rica,CR,2.19,32.64,99.46,99.46,grupoice.com,false,
2024-02-21 08:00:00,Costa Rica,Costa Rica,CR,2.1,33.08,99.48,99.48,grupoice.com,false,
2024-02-21 09:00:00,Costa Rica,Costa Rica,CR,2.06,32.65,99.49,99.49,grupoice.com,false,
2024-02-21 10:00:00,Costa Rica,Costa Rica,CR,1.8,31.57,99.56,99.56,grupoice.com,false,
2024-02-21 11:00:00,Costa Rica,Costa Rica,CR,1.62,30.65,99.6,99.6,grupoice.com,false,
2024-02-21 12:00:00,Costa Rica,Costa Rica,CR,1.68,30.58,99.58,99.58,grupoice.com,false,
2024-02-21 13:00:00,Costa Rica,Costa Rica,CR,1.62,30.29,99.6,99.6,grupoice.com,false,
2024-02-21 14:00:00,Costa Rica,Costa Rica,CR,2.65,31.89,99.35,99.35,grupoice.com,false,
2024-02-21 15:00:00,Costa Rica,Costa Rica,CR,3.2,32.21,99.21,99.21,grupoice.com,false,
2024-02-21 16:00:00,Costa Rica,Costa Rica,CR,3.25,32.03,99.2,99.2,grupoice.com,false,
2024-02-21 17:00:00,Costa Rica,Costa Rica,CR,3.88,32.82,99.04,99.04,grupoice.com,false,
2024-02-21 18:00:00,Costa Rica,Costa Rica,CR,4.16,33.15,98.97,98.97,grupoice.com,false,
2024-02-21 19:00:00,Costa Rica,Costa Rica,CR,3.94,32.78,99.03,99.03,grupoice.com,false,
2024-02-21 20:00:00,Costa Rica,Costa Rica,CR,4.22,32.88,98.96,98.96,grupoice.com,false,
2024-02-21 21:00:00,Costa Rica,Costa Rica,CR,3.66,31.75,99.1,99.1,grupoice.com,false,
2024-02-21 22:00:00,Costa Rica,Costa Rica,CR,3.68,32.0,99.09,99.09,grupoice.com,false,
2024-02-21 23:00:00,Costa Rica,Costa Rica,CR,3.89,32.37,99.04,99.04,grupoice.com,false,
2024-02-22 00:00:00,Costa Rica,Costa Rica,CR,2.5,29.82,99.38,99.38,grupoice.com,false,
2024-02-22 01:00:00,Costa Rica,Costa Rica,CR,2.62,29.66,99.35,99.35,grupoice.com,false,
2024-02-22 02:00:00,Costa Rica,Costa Rica,CR,3.07,30.79,99.24,99.24,grupoice.com,false,
2024-02-22 03:00:00,Costa Rica,Costa Rica,CR,2.88,30.57,99.29,99.29,grupoice.com,false,
2024-02-22 04:00:00,Costa Rica,Costa Rica,CR,2.92,31.1,99.28,99.28,grupoice.com,false,
2024-02-22 05:00:00,Costa Rica,Costa Rica,CR,2.74,31.36,99.32,99.32,grupoice.com,false,
2024-02-22 06:00:00,Costa Rica,Costa Rica,CR,2.07,30.31,99.49,99.49,grupoice.com,false,
2024-02-22 07:00:00,Costa Rica,Costa Rica,CR,1.62,29.69,99.6,99.6,grupoice.com,false,
2024-02-22 08:00:00,Costa Rica,Costa Rica,CR,1.52,29.75,99.62,99.62,grupoice.com,false,
2024-02-22 09:00:00,Costa Rica,Costa Rica,CR,1.42,29.91,99.65,99.65,grupoice.com,false,
2024-02-22 10:00:00,Costa Rica,Costa Rica,CR,1.42,29.72,99.65,99.65,grupoice.com,false,
2024-02-22 11:00:00,Costa Rica,Costa Rica,CR,1.25,29.23,99.69,99.69,grupoice.com,false,
2024-02-22 12:00:00,Costa Rica,Costa Rica,CR,1.02,28.34,99.75,99.75,grupoice.com,false,
2024-02-22 13:00:00,Costa Rica,Costa Rica,CR,1.05,28.16,99.74,99.74,grupoice.com,false,
2024-02-22 14:00:00,Costa Rica,Costa Rica,CR,2.12,30.25,99.48,99.48,grupoice.com,false,
2024-02-22 15:00:00,Costa Rica,Costa Rica,CR,3.35,31.75,99.18,99.18,grupoice.com,false,
2024-02-22 16:00:00,Costa Rica,Costa Rica,CR,3.18,31.32,99.22,99.22,grupoice.com,false,
2024-02-22 17:00:00,Costa Rica,Costa Rica,CR,2.45,30.23,99.4,99.4,grupoice.com,false,
2024-02-22 18:00:00,Costa Rica,Costa Rica,CR,3.05,31.46,99.25,99.25,grupoice.com,false,
2024-02-22 19:00:00,Costa Rica,Costa Rica,CR,3.71,32.4,99.09,99.09,grupoice.com,false,
2024-02-22 20:00:00,Costa Rica,Costa Rica,CR,3.29,31.83,99.19,99.19,grupoice.com,false,
2024-02-22 21:00:00,Costa Rica,Costa Rica,CR,2.57,30.37,99.37,99.37,grupoice.com,false,
2024-02-22 22:00:00,Costa Rica,Costa Rica,CR,3.87,32.58,99.05,99.05,grupoice.com,false,
2024-02-22 23:00:00,Costa Rica,Costa Rica,CR,2.67,30.74,99.34,99.34,grupoice.com,false,
2024-02-23 00:00:00,Costa Rica,Costa Rica,CR,2.05,29.36,99.49,99.49,grupoice.com,false,
2024-02-23 01:00:00,Costa Rica,Costa Rica,CR,1.6,28.35,99.61,99.61,grupoice.com,false,
2024-02-23 02:00:00,Costa Rica,Costa Rica,CR,2.49,29.96,99.38,99.38,grupoice.com,false,
2024-02-23 03:00:00,Costa Rica,Costa Rica,CR,0.49,26.52,99.88,99.88,grupoice.com,false,
2024-02-23 04:00:00,Costa Rica,Costa Rica,CR,1.17,28.35,99.71,99.71,grupoice.com,false,
2024-02-23 05:00:00,Costa Rica,Costa Rica,CR,0.8,28.19,99.8,99.8,grupoice.com,false,
2024-02-23 06:00:00,Costa Rica,Costa Rica,CR,1.18,29.13,99.71,99.71,grupoice.com,false,
2024-02-23 07:00:00,Costa Rica,Costa Rica,CR,1.41,30.13,99.65,99.65,grupoice.com,false,
2024-02-23 08:00:00,Costa Rica,Costa Rica,CR,1.41,30.05,99.65,99.65,grupoice.com,false,
2024-02-23 09:00:00,Costa Rica,Costa Rica,CR,1.43,30.62,99.65,99.65,grupoice.com,false,
2024-02-23 10:00:00,Costa Rica,Costa Rica,CR,1.47,30.23,99.64,99.64,grupoice.com,false,
2024-02-23 11:00:00,Costa Rica,Costa Rica,CR,1.34,29.31,99.67,99.67,grupoice.com,false,
2024-02-23 12:00:00,Costa Rica,Costa Rica,CR,1.57,29.28,99.61,99.61,grupoice.com,false,
2024-02-23 13:00:00,Costa Rica,Costa Rica,CR,0.4,26.6,99.9,99.9,grupoice.com,false,
2024-02-23 14:00:00,Costa Rica,Costa Rica,CR,0.41,26.9,99.9,99.9,grupoice.com,false,
2024-02-23 15:00:00,Costa Rica,Costa Rica,CR,0.33,26.98,99.91,99.91,grupoice.com,false,
2024-02-23 16:00:00,Costa Rica,Costa Rica,CR,0.26,27.22,99.94,99.94,grupoice.com,false,
2024-02-23 17:00:00,Costa Rica,Costa Rica,CR,0.55,27.6,99.86,99.86,grupoice.com,false,
2024-02-23 18:00:00,Costa Rica,Costa Rica,CR,0.2,27.36,99.95,99.95,grupoice.com,false,
2024-02-23 19:00:00,Costa Rica,Costa Rica,CR,0.52,27.65,99.87,99.87,grupoice.com,false,
2024-02-23 20:00:00,Costa Rica,Costa Rica,CR,14.53,49.08,96.42,96.42,grupoice.com,false,
2024-02-23 21:00:00,Costa Rica,Costa Rica,CR,22.27,61.23,94.51,94.51,grupoice.com,false,
2024-02-23 22:00:00,Costa Rica,Costa Rica,CR,22.14,61.07,94.55,94.55,grupoice.com,false,
2024-02-23 23:00:00,Costa Rica,Costa Rica,CR,15.98,51.37,96.06,96.06,grupoice.com,false,
2024-02-24 00:00:00,Costa Rica,Costa Rica,CR,15.03,49.81,96.3,96.3,grupoice.com,false,
2024-02-24 01:00:00,Costa Rica,Costa Rica,CR,17.46,53.66,95.7,95.7,grupoice.com,false,
2024-02-24 02:00:00,Costa Rica,Costa Rica,CR,22.7,61.97,94.41,94.41,grupoice.com,false,
2024-02-24 03:00:00,Costa Rica,Costa Rica,CR,30.07,73.26,92.59,92.59,grupoice.com,false,
2024-02-24 04:00:00,Costa Rica,Costa Rica,CR,35.32,81.7,91.3,91.3,grupoice.com,false,
2024-02-24 05:00:00,Costa Rica,Costa Rica,CR,25.88,67.47,93.63,93.63,grupoice.com,false,
2024-02-24 06:00:00,Costa Rica,Costa Rica,CR,27.63,70.15,93.19,93.19,grupoice.com,false,
2024-02-24 07:00:00,Costa Rica,Costa Rica,CR,28.79,71.61,92.91,92.91,grupoice.com,false,
2024-02-24 08:00:00,Costa Rica,Costa Rica,CR,29.55,72.6,92.72,92.72,grupoice.com,false,
2024-02-24 09:00:00,Costa Rica,Costa Rica,CR,29.74,72.7,92.67,92.67,grupoice.com,false,
2024-02-24 10:00:00,Costa Rica,Costa Rica,CR,35.14,80.94,91.35,91.35,grupoice.com,false,
2024-02-24 11:00:00,Costa Rica,Costa Rica,CR,38.92,86.96,90.41,90.41,grupoice.com,false,
2024-02-24 12:00:00,Costa Rica,Costa Rica,CR,28.65,70.97,92.94,92.94,grupoice.com,false,
2024-02-24 13:00:00,Costa Rica,Costa Rica,CR,36.39,82.71,91.03,91.03,grupoice.com,false,
2024-02-24 14:00:00,Costa Rica,Costa Rica,CR,33.32,78.09,91.79,91.79,grupoice.com,false,
2024-02-24 15:00:00,Costa Rica,Costa Rica,CR,31.46,75.27,92.25,92.25,grupoice.com,false,
2024-02-24 16:00:00,Costa Rica,Costa Rica,CR,30.29,73.09,92.53,92.53,grupoice.com,false,
2024-02-24 17:00:00,Costa Rica,Costa Rica,CR,28.28,69.74,93.03,93.03,grupoice.com,false,
2024-02-24 18:00:00,Costa Rica,Costa Rica,CR,29.8,71.89,92.66,92.66,grupoice.com,false,
2024-02-24 19:00:00,Costa Rica,Costa Rica,CR,39.2,86.49,90.34,90.34,grupoice.com,false,
2024-02-24 20:00:00,Costa Rica,Costa Rica,CR,44.67,95.23,89.0,89.0,grupoice.com,false,
2024-02-24 21:00:00,Costa Rica,Costa Rica,CR,45.05,95.33,88.9,88.9,grupoice.com,false,
2024-02-24 22:00:00,Costa Rica,Costa Rica,CR,48.25,100.18,88.12,88.12,grupoice.com,false,
2024-02-24 23:00:00,Costa Rica,Costa Rica,CR,49.86,102.67,87.72,87.72,grupoice.com,false,
2024-02-25 00:00:00,Costa Rica,Costa Rica,CR,46.42,97.23,88.57,88.57,grupoice.com,false,
2024-02-25 01:00:00,Costa Rica,Costa Rica,CR,46.75,97.54,88.48,88.48,grupoice.com,false,
2024-02-25 02:00:00,Costa Rica,Costa Rica,CR,48.35,99.74,88.09,88.09,grupoice.com,false,
2024-02-25 03:00:00,Costa Rica,Costa Rica,CR,53.06,107.06,86.93,86.93,grupoice.com,false,
2024-02-25 04:00:00,Costa Rica,Costa Rica,CR,58.43,115.46,85.6,85.6,grupoice.com,false,
2024-02-25 05:00:00,Costa Rica,Costa Rica,CR,55.06,110.56,86.44,86.44,grupoice.com,false,
2024-02-25 06:00:00,Costa Rica,Costa Rica,CR,62.15,122.08,84.69,84.69,grupoice.com,false,
2024-02-25 07:00:00,Costa Rica,Costa Rica,CR,70.45,134.69,82.65,82.65,grupoice.com,false,
2024-02-25 08:00:00,Costa Rica,Costa Rica,CR,60.69,119.96,85.05,85.05,grupoice.com,false,
2024-02-25 09:00:00,Costa Rica,Costa Rica,CR,66.76,129.6,83.56,83.56,grupoice.com,false,
2024-02-25 10:00:00,Costa Rica,Costa Rica,CR,62.4,123.14,84.63,84.63,grupoice.com,false,
2024-02-25 11:00:00,Costa Rica,Costa Rica,CR,57.89,115.92,85.74,85.74,grupoice.com,false,
2024-02-25 12:00:00,Costa Rica,Costa Rica,CR,37.8,84.93,90.69,90.69,grupoice.com,false,
2024-02-25 13:00:00,Costa Rica,Costa Rica,CR,40.14,88.12,90.11,90.11,grupoice.com,false,
2024-02-25 14:00:00,Costa Rica,Costa Rica,CR,43.04,92.29,89.4,89.4,grupoice.com,false,
2024-02-25 15:00:00,Costa Rica,Costa Rica,CR,40.34,87.91,90.06,90.06,grupoice.com,false,
2024-02-25 16:00:00,Costa Rica,Costa Rica,CR,32.6,76.0,91.97,91.97,grupoice.com,false,
2024-02-25 17:00:00,Costa Rica,Costa Rica,CR,30.91,73.78,92.39,92.39,grupoice.com,false,
2024-02-25 18:00:00,Costa Rica,Costa Rica,CR,35.32,80.23,91.3,91.3,grupoice.com,false,
2024-02-25 19:00:00,Costa Rica,Costa Rica,CR,35.62,80.78,91.23,91.23,grupoice.com,false,
2024-02-25 20:00:00,Costa Rica,Costa Rica,CR,22.51,60.88,94.46,94.46,grupoice.com,false,
2024-02-25 21:00:00,Costa Rica,Costa Rica,CR,17.03,52.12,95.8,95.8,grupoice.com,false,
2024-02-25 22:00:00,Costa Rica,Costa Rica,CR,17.25,52.18,95.75,95.75,grupoice.com,false,
2024-02-25 23:00:00,Costa Rica,Costa Rica,CR,16.38,50.89,95.97,95.97,grupoice.com,false,
2024-02-26 00:00:00,Costa Rica,Costa Rica,CR,4.42,32.19,98.91,98.91,grupoice.com,false,
2024-02-26 01:00:00,Costa Rica,Costa Rica,CR,0.29,25.81,99.93,99.93,grupoice.com,false,
2024-02-26 02:00:00,Costa Rica,Costa Rica,CR,0.01,25.5,100.0,100.0,grupoice.com,false,
2024-02-26 03:00:00,Costa Rica,Costa Rica,CR,0.25,26.02,99.94,99.94,grupoice.com,false,
2024-02-26 04:00:00,Costa Rica,Costa Rica,CR,7.98,38.09,98.03,98.03,grupoice.com,false,
2024-02-26 05:00:00,Costa Rica,Costa Rica,CR,12.7,45.5,96.87,96.87,grupoice.com,false,
2024-02-26 06:00:00,Costa Rica,Costa Rica,CR,14.92,50.33,96.33,96.33,grupoice.com,false,
2024-02-26 07:00:00,Costa Rica,Costa Rica,CR,20.38,60.18,94.98,94.98,grupoice.com,false,
2024-02-26 08:00:00,Costa Rica,Costa Rica,CR,27.12,70.79,93.32,93.32,grupoice.com,false,
2024-02-26 09:00:00,Costa Rica,Costa Rica,CR,32.57,79.53,91.98,91.98,grupoice.com,false,
2024-02-26 10:00:00,Costa Rica,Costa Rica,CR,36.83,85.39,90.93,90.93,grupoice.com,false,
2024-02-26 11:00:00,Costa Rica,Costa Rica,CR,40.49,90.12,90.03,90.03,grupoice.com,false,
2024-02-26 12:00:00,Costa Rica,Costa Rica,CR,39.88,88.57,90.17,90.17,grupoice.com,false,
2024-02-26 13:00:00,Costa Rica,Costa Rica,CR,47.11,100.2,88.4,88.4,grupoice.com,false,
2024-02-26 14:00:00,Costa Rica,Costa Rica,CR,55.71,112.69,86.28,86.28,grupoice.com,false,
2024-02-26 15:00:00,Costa Rica,Costa Rica,CR,52.92,108.27,86.97,86.97,grupoice.com,false,
2024-02-26 16:00:00,Costa Rica,Costa Rica,CR,49.44,102.98,87.82,87.82,grupoice.com,false,
2024-02-26 17:00:00,Costa Rica,Costa Rica,CR,45.98,97.06,88.67,88.67,grupoice.com,false,
2024-02-26 18:00:00,Costa Rica,Costa Rica,CR,46.08,97.17,88.65,88.65,grupoice.com,false,
2024-02-26 19:00:00,Costa Rica,Costa Rica,CR,47.05,99.04,88.41,88.41,grupoice.com,false,
2024-02-26 20:00:00,Costa Rica,Costa Rica,CR,47.02,98.86,88.42,88.42,grupoice.com,false,
2024-02-26 21:00:00,Costa Rica,Costa Rica,CR,48.12,100.88,88.15,88.15,grupoice.com,false,
2024-02-26 22:00:00,Costa Rica,Costa Rica,CR,48.94,101.41,87.94,87.94,grupoice.com,false,
2024-02-26 23:00:00,Costa Rica,Costa Rica,CR,47.35,99.14,88.33,88.33,grupoice.com,false,
2024-02-27 00:00:00,Costa Rica,Costa Rica,CR,45.36,95.22,88.82,88.82,grupoice.com,false,
2024-02-27 01:00:00,Costa Rica,Costa Rica,CR,46.52,97.05,88.54,88.54,grupoice.com,false,
2024-02-27 02:00:00,Costa Rica,Costa Rica,CR,49.29,101.49,87.85,87.85,grupoice.com,false,
2024-02-27 03:00:00,Costa Rica,Costa Rica,CR,54.75,110.41,86.51,86.51,grupoice.com,false,
2024-02-27 04:00:00,Costa Rica,Costa Rica,CR,63.22,124.24,84.43,84.43,grupoice.com,false,
2024-02-27 05:00:00,Costa Rica,Costa Rica,CR,70.83,137.26,82.55,82.55,grupoice.com,false,
2024-02-27 06:00:00,Costa Rica,Costa Rica,CR,76.54,146.34,81.15,81.15,grupoice.com,false,
2024-02-27 07:00:00,Costa Rica,Costa Rica,CR,72.5,140.37,82.14,82.14,grupoice.com,false,
2024-02-27 08:00:00,Costa Rica,Costa Rica,CR,63.1,125.93,84.46,84.46,grupoice.com,false,
2024-02-27 09:00:00,Costa Rica,Costa Rica,CR,52.73,109.82,87.01,87.01,grupoice.com,false,
2024-02-27 10:00:00,Costa Rica,Costa Rica,CR,60.33,121.66,85.14,85.14,grupoice.com,false,
2024-02-27 11:00:00,Costa Rica,Costa Rica,CR,64.67,127.03,84.07,84.07,grupoice.com,false,
2024-02-27 12:00:00,Costa Rica,Costa Rica,CR,62.5,123.77,84.6,84.6,grupoice.com,false,
2024-02-27 13:00:00,Costa Rica,Costa Rica,CR,62.54,123.38,84.6,84.6,grupoice.com,false,
2024-02-27 14:00:00,Costa Rica,Costa Rica,CR,58.87,117.09,85.5,85.5,grupoice.com,false,
2024-02-27 15:00:00,Costa Rica,Costa Rica,CR,55.64,111.79,86.29,86.29,grupoice.com,false,
2024-02-27 16:00:00,Costa Rica,Costa Rica,CR,53.09,108.09,86.92,86.92,grupoice.com,false,
2024-02-27 17:00:00,Costa Rica,Costa Rica,CR,49.23,101.95,87.87,87.87,grupoice.com,false,
2024-02-27 18:00:00,Costa Rica,Costa Rica,CR,44.56,95.0,89.02,89.02,grupoice.com,false,
2024-02-27 19:00:00,Costa Rica,Costa Rica,CR,43.89,94.03,89.19,89.19,grupoice.com,false,
2024-02-27 20:00:00,Costa Rica,Costa Rica,CR,48.18,100.41,88.13,88.13,grupoice.com,false,
2024-02-27 21:00:00,Costa Rica,Costa Rica,CR,50.71,104.2,87.51,87.51,grupoice.com,false,
2024-02-27 22:00:00,Costa Rica,Costa Rica,CR,53.59,108.62,86.8,86.8,grupoice.com,false,
2024-02-27 23:00:00,Costa Rica,Costa Rica,CR,54.96,111.22,86.46,86.46,grupoice.com,false,
2024-02-28 00:00:00,Costa Rica,Costa Rica,CR,46.66,97.39,88.51,88.51,grupoice.com,false,
2024-02-28 01:00:00,Costa Rica,Costa Rica,CR,48.11,99.62,88.15,88.15,grupoice.com,false,
2024-02-28 02:00:00,Costa Rica,Costa Rica,CR,50.3,103.03,87.61,87.61,grupoice.com,false,
2024-02-28 03:00:00,Costa Rica,Costa Rica,CR,55.97,112.0,86.21,86.21,grupoice.com,false,
2024-02-28 04:00:00,Costa Rica,Costa Rica,CR,67.94,131.92,83.27,83.27,grupoice.com,false,
2024-02-28 05:00:00,Costa Rica,Costa Rica,CR,75.0,143.27,81.53,81.53,grupoice.com,false,
2024-02-28 06:00:00,Costa Rica,Costa Rica,CR,83.06,156.78,79.54,79.54,grupoice.com,false,
2024-02-28 07:00:00,Costa Rica,Costa Rica,CR,85.35,160.36,78.98,78.98,grupoice.com,false,
2024-02-28 08:00:00,Costa Rica,Costa Rica,CR,88.43,165.8,78.22,78.22,grupoice.com,false,
2024-02-28 09:00:00,Costa Rica,Costa Rica,CR,88.0,165.18,78.32,78.32,grupoice.com,false,
2024-02-28 10:00:00,Costa Rica,Costa Rica,CR,81.65,154.9,79.89,79.89,grupoice.com,false,
2024-02-28 11:00:00,Costa Rica,Costa Rica,CR,69.87,135.85,82.79,82.79,grupoice.com,false,
2024-02-28 12:00:00,Costa Rica,Costa Rica,CR,63.08,125.04,84.46,84.46,grupoice.com,false,
2024-02-28 13:00:00,Costa Rica,Costa Rica,CR,59.28,118.9,85.4,85.4,grupoice.com,false,
2024-02-28 14:00:00,Costa Rica,Costa Rica,CR,56.07,113.8,86.19,86.19,grupoice.com,false,
2024-02-28 15:00:00,Costa Rica,Costa Rica,CR,54.03,110.13,86.69,86.69,grupoice.com,false,
2024-02-28 16:00:00,Costa Rica,Costa Rica,CR,53.07,108.32,86.93,86.93,grupoice.com,false,
2024-02-28 17:00:00,Costa Rica,Costa Rica,CR,49.42,102.59,87.83,87.83,grupoice.com,false,
2024-02-28 18:00:00,Costa Rica,Costa Rica,CR,47.99,100.47,88.18,88.18,grupoice.com,false,
2024-02-28 19:00:00,Costa Rica,Costa Rica,CR,47.11,98.93,88.4,88.4,grupoice.com,false,
2024-02-28 20:00:00,Costa Rica,Costa Rica,CR,49.11,101.97,87.9,87.9,grupoice.com,false,
2024-02-28 21:00:00,Costa Rica,Costa Rica,CR,50.5,104.1,87.56,87.56,grupoice.com,false,
2024-02-28 22:00:00,Costa Rica,Costa Rica,CR,51.87,106.16,87.22,87.22,grupoice.com,false,
2024-02-28 23:00:00,Costa Rica,Costa Rica,CR,52.77,107.37,87.0,87.0,grupoice.com,false,
2024-02-29 00:00:00,Costa Rica,Costa Rica,CR,47.5,98.64,88.3,88.3,grupoice.com,false,
2024-02-29 01:00:00,Costa Rica,Costa Rica,CR,48.34,99.84,88.09,88.09,grupoice.com,false,
2024-02-29 02:00:00,Costa Rica,Costa Rica,CR,51.62,105.14,87.28,87.28,grupoice.com,false,
2024-02-29 03:00:00,Costa Rica,Costa Rica,CR,58.24,116.18,85.65,85.65,grupoice.com,false,
2024-02-29 04:00:00,Costa Rica,Costa Rica,CR,68.92,133.58,83.02,83.02,grupoice.com,false,
2024-02-29 05:00:00,Costa Rica,Costa Rica,CR,76.49,145.86,81.16,81.16,grupoice.com,false,
2024-02-29 06:00:00,Costa Rica,Costa Rica,CR,85.25,160.51,79.0,79.0,grupoice.com,false,
2024-02-29 07:00:00,Costa Rica,Costa Rica,CR,84.5,159.72,79.19,79.19,grupoice.com,false,
2024-02-29 08:00:00,Costa Rica,Costa Rica,CR,77.99,149.76,80.79,80.79,grupoice.com,false,
2024-02-29 09:00:00,Costa Rica,Costa Rica,CR,69.33,135.96,82.92,82.92,grupoice.com,false,
2024-02-29 10:00:00,Costa Rica,Costa Rica,CR,77.64,148.47,80.88,80.88,grupoice.com,false,
2024-02-29 11:00:00,Costa Rica,Costa Rica,CR,65.55,128.63,83.85,83.85,grupoice.com,false,
2024-02-29 12:00:00,Costa Rica,Costa Rica,CR,60.48,120.42,85.1,85.1,grupoice.com,false,
2024-02-29 13:00:00,Costa Rica,Costa Rica,CR,65.17,127.42,83.94,83.94,grupoice.com,false,
2024-02-29 14:00:00,Costa Rica,Costa Rica,CR,77.48,146.72,80.92,80.92,grupoice.com,false,
2024-02-29 15:00:00,Costa Rica,Costa Rica,CR,78.11,147.49,80.76,80.76,grupoice.com,false,
2024-02-29 16:00:00,Costa Rica,Costa Rica,CR,71.58,137.18,82.37,82.37,grupoice.com,false,
2024-02-29 17:00:00,Costa Rica,Costa Rica,CR,71.02,135.91,82.51,82.51,grupoice.com,false,
2024-02-29 18:00:00,Costa Rica,Costa Rica,CR,74.58,141.44,81.63,81.63,grupoice.com,false,
2024-02-29 19:00:00,Costa Rica,Costa Rica,CR,73.1,139.03,82.0,82.0,grupoice.com,false,
2024-02-29 20:00:00,Costa Rica,Costa Rica,CR,76.43,144.47,81.17,81.17,grupoice.com,false,
2024-02-29 21:00:00,Costa Rica,Costa Rica,CR,76.56,144.75,81.14,81.14,grupoice.com,false,
2024-02-29 22:00:00,Costa Rica,Costa Rica,CR,67.01,129.89,83.5,83.5,grupoice.com,false,
2024-02-29 23:00:00,Costa Rica,Costa Rica,CR,63.98,124.81,84.24,84.24,grupoice.com,false,
2024-03-01 00:00:00,Costa Rica,Costa Rica,CR,49.94,102.06,87.7,87.7,grupoice.com,false,
2024-03-01 01:00:00,Costa Rica,Costa Rica,CR,49.23,101.01,87.87,87.87,grupoice.com,false,
2024-03-01 02:00:00,Costa Rica,Costa Rica,CR,52.68,106.56,87.03,87.03,grupoice.com,false,
2024-03-01 03:00:00,Costa Rica,Costa Rica,CR,58.61,116.17,85.56,85.56,grupoice.com,false,
2024-03-01 04:00:00,Costa Rica,Costa Rica,CR,71.14,136.7,82.47,82.47,grupoice.com,false,
2024-03-01 05:00:00,Costa Rica,Costa Rica,CR,25.17,69.11,93.8,93.8,grupoice.com,false,
2024-03-01 06:00:00,Costa Rica,Costa Rica,CR,80.14,152.21,80.26,80.26,grupoice.com,false,
2024-03-01 07:00:00,Costa Rica,Costa Rica,CR,73.41,141.53,81.92,81.92,grupoice.com,false,
2024-03-01 08:00:00,Costa Rica,Costa Rica,CR,67.75,132.73,83.3,83.3,grupoice.com,false,
2024-03-01 09:00:00,Costa Rica,Costa Rica,CR,75.94,145.61,81.29,81.29,grupoice.com,false,
2024-03-01 10:00:00,Costa Rica,Costa Rica,CR,79.79,151.41,80.35,80.35,grupoice.com,false,
2024-03-01 11:00:00,Costa Rica,Costa Rica,CR,83.04,155.54,79.55,79.55,grupoice.com,false,
2024-03-01 12:00:00,Costa Rica,Costa Rica,CR,85.0,158.22,79.06,79.06,grupoice.com,false,
2024-03-01 13:00:00,Costa Rica,Costa Rica,CR,84.21,156.24,79.25,79.25,grupoice.com,false,
2024-03-01 14:00:00,Costa Rica,Costa Rica,CR,80.52,150.74,80.17,80.17,grupoice.com,false,
2024-03-01 15:00:00,Costa Rica,Costa Rica,CR,82.79,153.65,79.61,79.61,grupoice.com,false,
2024-03-01 16:00:00,Costa Rica,Costa Rica,CR,77.08,144.76,81.02,81.02,grupoice.com,false,
2024-03-01 17:00:00,Costa Rica,Costa Rica,CR,72.48,137.73,82.15,82.15,grupoice.com,false,
2024-03-01 18:00:00,Costa Rica,Costa Rica,CR,71.3,135.74,82.44,82.44,grupoice.com,false,
2024-03-01 19:00:00,Costa Rica,Costa Rica,CR,73.15,138.53,81.98,81.98,grupoice.com,false,
2024-03-01 20:00:00,Costa Rica,Costa Rica,CR,79.66,148.67,80.38,80.38,grupoice.com,false,
2024-03-01 21:00:00,Costa Rica,Costa Rica,CR,81.64,151.52,79.88,79.88,grupoice.com,false,
2024-03-01 22:00:00,Costa Rica,Costa Rica,CR,82.52,152.88,79.67,79.67,grupoice.com,false,
2024-03-01 23:00:00,Costa Rica,Costa Rica,CR,77.52,144.56,80.9,80.9,grupoice.com,false,
2024-03-02 00:00:00,Costa Rica,Costa Rica,CR,72.19,136.35,82.22,82.22,grupoice.com,false,
2024-03-02 01:00:00,Costa Rica,Costa Rica,CR,73.11,137.69,81.99,81.99,grupoice.com,false,
2024-03-02 02:00:00,Costa Rica,Costa Rica,CR,76.86,143.35,81.06,81.06,grupoice.com,false,
2024-03-02 03:00:00,Costa Rica,Costa Rica,CR,84.19,154.83,79.26,79.26,grupoice.com,false,
2024-03-02 04:00:00,Costa Rica,Costa Rica,CR,90.09,165.21,77.8,77.8,grupoice.com,false,
2024-03-02 05:00:00,Costa Rica,Costa Rica,CR,87.13,161.35,78.53,78.53,grupoice.com,false,
2024-03-02 06:00:00,Costa Rica,Costa Rica,CR,78.51,148.33,80.66,80.66,grupoice.com,false,
2024-03-02 07:00:00,Costa Rica,Costa Rica,CR,86.15,160.27,78.78,78.78,grupoice.com,false,
2024-03-02 08:00:00,Costa Rica,Costa Rica,CR,79.96,151.65,80.3,80.3,grupoice.com,false,
2024-03-02 09:00:00,Costa Rica,Costa Rica,CR,78.12,149.19,80.76,80.76,grupoice.com,false,
2024-03-02 10:00:00,Costa Rica,Costa Rica,CR,87.65,163.19,78.41,78.41,grupoice.com,false,
2024-03-02 11:00:00,Costa Rica,Costa Rica,CR,103.88,187.51,74.41,74.41,grupoice.com,false,
2024-03-02 12:00:00,Costa Rica,Costa Rica,CR,101.71,184.04,74.94,74.94,grupoice.com,false,
2024-03-02 13:00:00,Costa Rica,Costa Rica,CR,93.42,171.3,76.99,76.99,grupoice.com,false,
2024-03-02 14:00:00,Costa Rica,Costa Rica,CR,85.81,159.38,78.86,78.86,grupoice.com,false,
2024-03-02 15:00:00,Costa Rica,Costa Rica,CR,79.07,148.35,80.52,80.52,grupoice.com,false,
2024-03-02 16:00:00,Costa Rica,Costa Rica,CR,71.6,136.87,82.36,82.36,grupoice.com,false,
2024-03-02 17:00:00,Costa Rica,Costa Rica,CR,70.87,135.44,82.54,82.54,grupoice.com,false,
2024-03-02 18:00:00,Costa Rica,Costa Rica,CR,75.87,143.63,81.31,81.31,grupoice.com,false,
2024-03-02 19:00:00,Costa Rica,Costa Rica,CR,82.28,153.39,79.73,79.73,grupoice.com,false,
2024-03-02 20:00:00,Costa Rica,Costa Rica,CR,88.38,162.79,78.23,78.23,grupoice.com,false,
2024-03-02 21:00:00,Costa Rica,Costa Rica,CR,90.47,165.83,77.72,77.72,grupoice.com,false,
2024-03-02 22:00:00,Costa Rica,Costa Rica,CR,92.24,168.91,77.28,77.28,grupoice.com,false,
2024-03-02 23:00:00,Costa Rica,Costa Rica,CR,84.4,155.38,79.21,79.21,grupoice.com,false,
2024-03-03 00:00:00,Costa Rica,Costa Rica,CR,79.15,146.66,80.5,80.5,grupoice.com,false,
2024-03-03 01:00:00,Costa Rica,Costa Rica,CR,80.16,148.25,80.26,80.26,grupoice.com,false,
2024-03-03 02:00:00,Costa Rica,Costa Rica,CR,81.88,151.01,79.83,79.83,grupoice.com,false,
2024-03-03 03:00:00,Costa Rica,Costa Rica,CR,86.58,158.54,78.67,78.67,grupoice.com,false,
2024-03-03 04:00:00,Costa Rica,Costa Rica,CR,98.62,178.06,75.7,75.7,grupoice.com,false,
2024-03-03 05:00:00,Costa Rica,Costa Rica,CR,84.75,158.13,79.12,79.12,grupoice.com,false,
2024-03-03 06:00:00,Costa Rica,Costa Rica,CR,80.98,152.68,80.05,80.05,grupoice.com,false,
2024-03-03 07:00:00,Costa Rica,Costa Rica,CR,86.77,162.3,78.63,78.63,grupoice.com,false,
2024-03-03 08:00:00,Costa Rica,Costa Rica,CR,84.52,159.9,79.18,79.18,grupoice.com,false,
2024-03-03 09:00:00,Costa Rica,Costa Rica,CR,77.71,149.43,80.86,80.86,grupoice.com,false,
2024-03-03 10:00:00,Costa Rica,Costa Rica,CR,75.71,146.4,81.35,81.35,grupoice.com,false,
2024-03-03 11:00:00,Costa Rica,Costa Rica,CR,67.06,131.72,83.46,83.46,grupoice.com,false,
2024-03-03 12:00:00,Costa Rica,Costa Rica,CR,50.99,108.18,87.44,87.44,grupoice.com,false,
2024-03-03 13:00:00,Costa Rica,Costa Rica,CR,58.12,119.35,85.69,85.69,grupoice.com,false,
2024-03-03 14:00:00,Costa Rica,Costa Rica,CR,61.75,123.89,84.79,84.79,grupoice.com,false,
2024-03-03 15:00:00,Costa Rica,Costa Rica,CR,62.22,124.27,84.67,84.67,grupoice.com,false,
2024-03-03 16:00:00,Costa Rica,Costa Rica,CR,63.45,125.77,84.37,84.37,grupoice.com,false,
2024-03-03 17:00:00,Costa Rica,Costa Rica,CR,56.46,115.21,86.09,86.09,grupoice.com,false,
2024-03-03 18:00:00,Costa Rica,Costa Rica,CR,49.57,104.56,87.79,87.79,grupoice.com,false,
2024-03-03 19:00:00,Costa Rica,Costa Rica,CR,51.71,107.86,87.26,87.26,grupoice.com,false,
2024-03-03 20:00:00,Costa Rica,Costa Rica,CR,51.18,107.13,87.39,87.39,grupoice.com,false,
2024-03-03 21:00:00,Costa Rica,Costa Rica,CR,50.51,106.1,87.56,87.56,grupoice.com,false,
2024-03-03 22:00:00,Costa Rica,Costa Rica,CR,57.4,116.34,85.86,85.86,grupoice.com,false,
2024-03-03 23:00:00,Costa Rica,Costa Rica,CR,68.81,132.16,83.05,83.05,grupoice.com,false,
2024-03-04 00:00:00,Costa Rica,Costa Rica,CR,64.78,125.44,84.05,84.05,grupoice.com,false,
2024-03-04 01:00:00,Costa Rica,Costa Rica,CR,64.96,125.65,83.99,83.99,grupoice.com,false,
2024-03-04 02:00:00,Costa Rica,Costa Rica,CR,70.83,135.03,82.55,82.55,grupoice.com,false,
2024-03-04 03:00:00,Costa Rica,Costa Rica,CR,76.09,143.34,81.26,81.26,grupoice.com,false,
2024-03-04 04:00:00,Costa Rica,Costa Rica,CR,84.72,158.18,79.13,79.13,grupoice.com,false,
2024-03-04 05:00:00,Costa Rica,Costa Rica,CR,87.78,164.53,78.38,78.38,grupoice.com,false,
2024-03-04 06:00:00,Costa Rica,Costa Rica,CR,93.24,173.84,77.03,77.03,grupoice.com,false,
2024-03-04 07:00:00,Costa Rica,Costa Rica,CR,108.47,198.05,73.28,73.28,grupoice.com,false,
2024-03-04 08:00:00,Costa Rica,Costa Rica,CR,113.01,205.56,72.17,72.17,grupoice.com,false,
2024-03-04 09:00:00,Costa Rica,Costa Rica,CR,112.78,204.76,72.22,72.22,grupoice.com,false,
2024-03-04 10:00:00,Costa Rica,Costa Rica,CR,113.15,204.59,72.13,72.13,grupoice.com,false,
2024-03-04 11:00:00,Costa Rica,Costa Rica,CR,106.63,192.85,73.74,73.74,grupoice.com,false,
2024-03-04 12:00:00,Costa Rica,Costa Rica,CR,95.26,173.81,76.53,76.53,grupoice.com,false,
2024-03-04 13:00:00,Costa Rica,Costa Rica,CR,90.89,167.0,77.61,77.61,grupoice.com,false,
2024-03-04 14:00:00,Costa Rica,Costa Rica,CR,85.61,158.67,78.91,78.91,grupoice.com,false,
2024-03-04 15:00:00,Costa Rica,Costa Rica,CR,79.87,149.48,80.33,80.33,grupoice.com,false,
2024-03-04 16:00:00,Costa Rica,Costa Rica,CR,75.92,143.28,81.3,81.3,grupoice.com,false,
2024-03-04 17:00:00,Costa Rica,Costa Rica,CR,70.07,134.24,82.74,82.74,grupoice.com,false,
2024-03-04 18:00:00,Costa Rica,Costa Rica,CR,70.78,135.5,82.57,82.57,grupoice.com,false,
2024-03-04 19:00:00,Costa Rica,Costa Rica,CR,71.71,137.02,82.34,82.34,grupoice.com,false,
2024-03-04 20:00:00,Costa Rica,Costa Rica,CR,72.73,138.61,82.09,82.09,grupoice.com,false,
2024-03-04 21:00:00,Costa Rica,Costa Rica,CR,72.62,137.94,82.11,82.11,grupoice.com,false,
2024-03-04 22:00:00,Costa Rica,Costa Rica,CR,74.56,141.0,81.64,81.64,grupoice.com,false,
2024-03-04 23:00:00,Costa Rica,Costa Rica,CR,75.09,141.63,81.5,81.5,grupoice.com,false,
2024-03-05 00:00:00,Costa Rica,Costa Rica,CR,71.39,135.94,82.42,82.42,grupoice.com,false,
2024-03-05 01:00:00,Costa Rica,Costa Rica,CR,72.27,137.31,82.2,82.2,grupoice.com,false,
2024-03-05 02:00:00,Costa Rica,Costa Rica,CR,75.19,141.88,81.48,81.48,grupoice.com,false,
2024-03-05 03:00:00,Costa Rica,Costa Rica,CR,82.67,153.42,79.63,79.63,grupoice.com,false,
2024-03-05 04:00:00,Costa Rica,Costa Rica,CR,95.64,173.84,76.44,76.44,grupoice.com,false,
2024-03-05 05:00:00,Costa Rica,Costa Rica,CR,108.32,194.96,73.32,73.32,grupoice.com,false,
2024-03-05 06:00:00,Costa Rica,Costa Rica,CR,117.62,209.93,71.03,71.03,grupoice.com,false,
2024-03-05 07:00:00,Costa Rica,Costa Rica,CR,126.32,225.04,68.89,68.89,grupoice.com,false,
2024-03-05 08:00:00,Costa Rica,Costa Rica,CR,129.05,228.69,68.21,68.21,grupoice.com,false,
2024-03-05 09:00:00,Costa Rica,Costa Rica,CR,128.17,227.5,68.43,68.43,grupoice.com,false,
2024-03-05 10:00:00,Costa Rica,Costa Rica,CR,116.48,208.53,71.31,71.31,grupoice.com,false,
2024-03-05 11:00:00,Costa Rica,Costa Rica,CR,98.49,179.14,75.74,75.74,grupoice.com,false,
2024-03-05 12:00:00,Costa Rica,Costa Rica,CR,94.14,172.57,76.81,76.81,grupoice.com,false,
2024-03-05 13:00:00,Costa Rica,Costa Rica,CR,91.35,168.32,77.5,77.5,grupoice.com,false,
2024-03-05 14:00:00,Costa Rica,Costa Rica,CR,87.4,162.06,78.47,78.47,grupoice.com,false,
2024-03-05 15:00:00,Costa Rica,Costa Rica,CR,83.77,156.51,79.37,79.37,grupoice.com,false,
2024-03-05 16:00:00,Costa Rica,Costa Rica,CR,73.17,139.94,81.98,81.98,grupoice.com,false,
2024-03-05 17:00:00,Costa Rica,Costa Rica,CR,66.78,130.04,83.55,83.55,grupoice.com,false,
2024-03-05 18:00:00,Costa Rica,Costa Rica,CR,66.86,130.45,83.53,83.53,grupoice.com,false,
2024-03-05 19:00:00,Costa Rica,Costa Rica,CR,69.51,134.67,82.87,82.87,grupoice.com,false,
2024-03-05 20:00:00,Costa Rica,Costa Rica,CR,73.3,140.67,81.94,81.94,grupoice.com,false,
2024-03-05 21:00:00,Costa Rica,Costa Rica,CR,71.18,136.97,82.47,82.47,grupoice.com,false,
2024-03-05 22:00:00,Costa Rica,Costa Rica,CR,72.58,139.27,82.12,82.12,grupoice.com,false,
2024-03-05 23:00:00,Costa Rica,Costa Rica,CR,72.03,138.04,82.26,82.26,grupoice.com,false,
2024-03-06 00:00:00,Costa Rica,Costa Rica,CR,68.71,132.75,83.07,83.07,grupoice.com,false,
2024-03-06 01:00:00,Costa Rica,Costa Rica,CR,70.48,135.29,82.64,82.64,grupoice.com,false,
2024-03-06 02:00:00,Costa Rica,Costa Rica,CR,73.47,139.88,81.9,81.9,grupoice.com,false,
2024-03-06 03:00:00,Costa Rica,Costa Rica,CR,79.84,149.98,80.33,80.33,grupoice.com,false,
2024-03-06 04:00:00,Costa Rica,Costa Rica,CR,93.0,170.81,77.09,77.09,grupoice.com,false,
2024-03-06 05:00:00,Costa Rica,Costa Rica,CR,104.38,189.26,74.29,74.29,grupoice.com,false,
2024-03-06 06:00:00,Costa Rica,Costa Rica,CR,114.07,205.16,71.9,71.9,grupoice.com,false,
2024-03-06 07:00:00,Costa Rica,Costa Rica,CR,120.72,215.66,70.27,70.27,grupoice.com,false,
2024-03-06 08:00:00,Costa Rica,Costa Rica,CR,122.95,219.11,69.72,69.72,grupoice.com,false,
2024-03-06 09:00:00,Costa Rica,Costa Rica,CR,123.42,219.41,69.6,69.6,grupoice.com,false,
2024-03-06 10:00:00,Costa Rica,Costa Rica,CR,114.85,206.05,71.71,71.71,grupoice.com,false,
2024-03-06 11:00:00,Costa Rica,Costa Rica,CR,95.35,174.52,76.51,76.51,grupoice.com,false,
2024-03-06 12:00:00,Costa Rica,Costa Rica,CR,81.91,153.47,79.82,79.82,grupoice.com,false,
2024-03-06 13:00:00,Costa Rica,Costa Rica,CR,81.21,152.97,79.99,79.99,grupoice.com,false,
2024-03-06 14:00:00,Costa Rica,Costa Rica,CR,76.7,145.85,81.1,81.1,grupoice.com,false,
2024-03-06 15:00:00,Costa Rica,Costa Rica,CR,74.5,142.33,81.65,81.65,grupoice.com,false,
2024-03-06 16:00:00,Costa Rica,Costa Rica,CR,78.36,148.54,80.7,80.7,grupoice.com,false,
2024-03-06 17:00:00,Costa Rica,Costa Rica,CR,73.01,140.25,82.02,82.02,grupoice.com,false,
2024-03-06 18:00:00,Costa Rica,Costa Rica,CR,73.37,140.98,81.93,81.93,grupoice.com,false,
2024-03-06 19:00:00,Costa Rica,Costa Rica,CR,71.97,138.82,82.27,82.27,grupoice.com,false,
2024-03-06 20:00:00,Costa Rica,Costa Rica,CR,72.86,140.26,82.05,82.05,grupoice.com,false,
2024-03-06 21:00:00,Costa Rica,Costa Rica,CR,70.92,136.76,82.53,82.53,grupoice.com,false,
2024-03-06 22:00:00,Costa Rica,Costa Rica,CR,73.94,141.15,81.79,81.79,grupoice.com,false,
2024-03-06 23:00:00,Costa Rica,Costa Rica,CR,71.68,137.21,82.34,82.34,grupoice.com,false,
2024-03-07 00:00:00,Costa Rica,Costa Rica,CR,67.9,131.01,83.27,83.27,grupoice.com,false,
2024-03-07 01:00:00,Costa Rica,Costa Rica,CR,68.94,132.96,83.02,83.02,grupoice.com,false,
2024-03-07 02:00:00,Costa Rica,Costa Rica,CR,71.17,136.22,82.47,82.47,grupoice.com,false,
2024-03-07 03:00:00,Costa Rica,Costa Rica,CR,76.65,144.75,81.12,81.12,grupoice.com,false,
2024-03-07 04:00:00,Costa Rica,Costa Rica,CR,95.9,175.52,76.38,76.38,grupoice.com,false,
2024-03-07 05:00:00,Costa Rica,Costa Rica,CR,97.37,178.87,76.02,76.02,grupoice.com,false,
2024-03-07 06:00:00,Costa Rica,Costa Rica,CR,93.89,175.1,76.87,76.87,grupoice.com,false,
2024-03-07 07:00:00,Costa Rica,Costa Rica,CR,98.85,182.87,75.65,75.65,grupoice.com,false,
2024-03-07 08:00:00,Costa Rica,Costa Rica,CR,102.06,188.67,74.86,74.86,grupoice.com,false,
2024-03-07 09:00:00,Costa Rica,Costa Rica,CR,100.5,185.8,75.25,75.25,grupoice.com,false,
2024-03-07 10:00:00,Costa Rica,Costa Rica,CR,93.6,173.4,76.93,76.93,grupoice.com,false,
2024-03-07 11:00:00,Costa Rica,Costa Rica,CR,81.17,153.44,80.0,80.0,grupoice.com,false,
2024-03-07 12:00:00,Costa Rica,Costa Rica,CR,76.69,145.63,81.11,81.11,grupoice.com,false,
2024-03-07 13:00:00,Costa Rica,Costa Rica,CR,81.69,153.5,79.88,79.88,grupoice.com,false,
2024-03-07 14:00:00,Costa Rica,Costa Rica,CR,83.65,156.52,79.4,79.4,grupoice.com,false,
2024-03-07 15:00:00,Costa Rica,Costa Rica,CR,79.39,149.66,80.44,80.44,grupoice.com,false,
2024-03-07 16:00:00,Costa Rica,Costa Rica,CR,74.16,141.6,81.73,81.73,grupoice.com,false,
2024-03-07 17:00:00,Costa Rica,Costa Rica,CR,70.08,134.94,82.74,82.74,grupoice.com,false,
2024-03-07 18:00:00,Costa Rica,Costa Rica,CR,69.61,133.97,82.86,82.86,grupoice.com,false,
2024-03-07 19:00:00,Costa Rica,Costa Rica,CR,68.72,133.05,83.07,83.07,grupoice.com,false,
2024-03-07 20:00:00,Costa Rica,Costa Rica,CR,69.36,133.41,82.91,82.91,grupoice.com,false,
2024-03-07 21:00:00,Costa Rica,Costa Rica,CR,70.07,134.43,82.74,82.74,grupoice.com,false,
2024-03-07 22:00:00,Costa Rica,Costa Rica,CR,70.73,135.84,82.58,82.58,grupoice.com,false,
2024-03-07 23:00:00,Costa Rica,Costa Rica,CR,71.49,136.21,82.38,82.38,grupoice.com,false,
2024-03-08 00:00:00,Costa Rica,Costa Rica,CR,69.74,133.7,82.82,82.82,grupoice.com,false,
2024-03-08 01:00:00,Costa Rica,Costa Rica,CR,72.06,137.21,82.25,82.25,grupoice.com,false,
2024-03-08 02:00:00,Costa Rica,Costa Rica,CR,74.3,140.68,81.69,81.69,grupoice.com,false,
2024-03-08 03:00:00,Costa Rica,Costa Rica,CR,79.5,149.04,80.41,80.41,grupoice.com,false,
2024-03-08 04:00:00,Costa Rica,Costa Rica,CR,90.42,166.88,77.73,77.73,grupoice.com,false,
2024-03-08 05:00:00,Costa Rica,Costa Rica,CR,101.73,184.91,74.94,74.94,grupoice.com,false,
2024-03-08 06:00:00,Costa Rica,Costa Rica,CR,112.8,202.62,72.21,72.21,grupoice.com,false,
2024-03-08 07:00:00,Costa Rica,Costa Rica,CR,115.02,207.72,71.66,71.66,grupoice.com,false,
2024-03-08 08:00:00,Costa Rica,Costa Rica,CR,115.77,208.59,71.48,71.48,grupoice.com,false,
2024-03-08 09:00:00,Costa Rica,Costa Rica,CR,109.61,198.01,72.99,72.99,grupoice.com,false,
2024-03-08 10:00:00,Costa Rica,Costa Rica,CR,101.75,185.82,74.93,74.93,grupoice.com,false,
2024-03-08 11:00:00,Costa Rica,Costa Rica,CR,90.21,167.48,77.78,77.78,grupoice.com,false,
2024-03-08 12:00:00,Costa Rica,Costa Rica,CR,82.57,154.55,79.66,79.66,grupoice.com,false,
2024-03-08 13:00:00,Costa Rica,Costa Rica,CR,81.97,153.98,79.8,79.8,grupoice.com,false,
2024-03-08 14:00:00,Costa Rica,Costa Rica,CR,84.4,157.37,79.21,79.21,grupoice.com,false,
2024-03-08 15:00:00,Costa Rica,Costa Rica,CR,80.35,150.86,80.21,80.21,grupoice.com,false,
2024-03-08 16:00:00,Costa Rica,Costa Rica,CR,76.25,144.33,81.22,81.22,grupoice.com,false,
2024-03-08 17:00:00,Costa Rica,Costa Rica,CR,70.86,136.0,82.54,82.54,grupoice.com,false,
2024-03-08 18:00:00,Costa Rica,Costa Rica,CR,70.7,135.85,82.59,82.59,grupoice.com,false,
2024-03-08 19:00:00,Costa Rica,Costa Rica,CR,70.03,134.95,82.75,82.75,grupoice.com,false,
2024-03-08 20:00:00,Costa Rica,Costa Rica,CR,67.77,130.89,83.31,83.31,grupoice.com,false,
2024-03-08 21:00:00,Costa Rica,Costa Rica,CR,69.68,133.85,82.83,82.83,grupoice.com,false,
2024-03-08 22:00:00,Costa Rica,Costa Rica,CR,71.42,136.84,82.41,82.41,grupoice.com,false,
2024-03-08 23:00:00,Costa Rica,Costa Rica,CR,72.86,138.63,82.05,82.05,grupoice.com,false,
2024-03-09 00:00:00,Costa Rica,Costa Rica,CR,69.7,133.56,82.83,82.83,grupoice.com,false,
2024-03-09 01:00:00,Costa Rica,Costa Rica,CR,71.39,136.33,82.42,82.42,grupoice.com,false,
2024-03-09 02:00:00,Costa Rica,Costa Rica,CR,73.88,140.91,81.8,81.8,grupoice.com,false,
2024-03-09 03:00:00,Costa Rica,Costa Rica,CR,79.46,149.49,80.43,80.43,grupoice.com,false,
2024-03-09 04:00:00,Costa Rica,Costa Rica,CR,90.09,166.43,77.81,77.81,grupoice.com,false,
2024-03-09 05:00:00,Costa Rica,Costa Rica,CR,98.15,179.38,75.83,75.83,grupoice.com,false,
2024-03-09 06:00:00,Costa Rica,Costa Rica,CR,108.28,195.74,73.33,73.33,grupoice.com,false,
2024-03-09 07:00:00,Costa Rica,Costa Rica,CR,114.52,206.08,71.79,71.79,grupoice.com,false,
2024-03-09 08:00:00,Costa Rica,Costa Rica,CR,123.65,220.61,69.53,69.53,grupoice.com,false,
2024-03-09 09:00:00,Costa Rica,Costa Rica,CR,124.9,222.95,69.24,69.24,grupoice.com,false,
2024-03-09 10:00:00,Costa Rica,Costa Rica,CR,122.94,219.78,69.72,69.72,grupoice.com,false,
2024-03-09 11:00:00,Costa Rica,Costa Rica,CR,119.28,213.29,70.62,70.62,grupoice.com,false,
2024-03-09 12:00:00,Costa Rica,Costa Rica,CR,103.16,186.89,74.59,74.59,grupoice.com,false,
2024-03-09 13:00:00,Costa Rica,Costa Rica,CR,92.67,172.51,77.17,77.17,grupoice.com,false,
2024-03-09 14:00:00,Costa Rica,Costa Rica,CR,87.24,162.93,78.51,78.51,grupoice.com,false,
2024-03-09 15:00:00,Costa Rica,Costa Rica,CR,78.54,150.64,80.65,80.65,grupoice.com,false,
2024-03-09 16:00:00,Costa Rica,Costa Rica,CR,77.62,147.62,80.88,80.88,grupoice.com,false,
2024-03-09 17:00:00,Costa Rica,Costa Rica,CR,75.05,143.36,81.51,81.51,grupoice.com,false,
2024-03-09 18:00:00,Costa Rica,Costa Rica,CR,76.75,146.35,81.1,81.1,grupoice.com,false,
2024-03-09 19:00:00,Costa Rica,Costa Rica,CR,78.51,148.83,80.66,80.66,grupoice.com,false,
2024-03-09 20:00:00,Costa Rica,Costa Rica,CR,81.33,152.98,79.96,79.96,grupoice.com,false,
2024-03-09 21:00:00,Costa Rica,Costa Rica,CR,79.09,149.0,80.52,80.52,grupoice.com,false,
2024-03-09 22:00:00,Costa Rica,Costa Rica,CR,78.29,147.57,80.72,80.72,grupoice.com,false,
2024-03-09 23:00:00,Costa Rica,Costa Rica,CR,77.66,146.14,80.87,80.87,grupoice.com,false,
2024-03-10 00:00:00,Costa Rica,Costa Rica,CR,72.06,137.24,82.25,82.25,grupoice.com,false,
2024-03-10 01:00:00,Costa Rica,Costa Rica,CR,65.12,126.32,83.96,83.96,grupoice.com,false,
2024-03-10 02:00:00,Costa Rica,Costa Rica,CR,71.36,136.0,82.42,82.42,grupoice.com,false,
2024-03-10 03:00:00,Costa Rica,Costa Rica,CR,83.45,155.35,79.45,79.45,grupoice.com,false,
2024-03-10 04:00:00,Costa Rica,Costa Rica,CR,93.17,170.18,77.05,77.05,grupoice.com,false,
2024-03-10 05:00:00,Costa Rica,Costa Rica,CR,101.66,183.38,74.96,74.96,grupoice.com,false,
2024-03-10 06:00:00,Costa Rica,Costa Rica,CR,121.62,216.65,70.04,70.04,grupoice.com,false,
2024-03-10 07:00:00,Costa Rica,Costa Rica,CR,128.98,228.09,68.23,68.23,grupoice.com,false,
2024-03-10 08:00:00,Costa Rica,Costa Rica,CR,133.37,234.76,67.15,67.15,grupoice.com,false,
2024-03-10 09:00:00,Costa Rica,Costa Rica,CR,135.92,239.1,66.52,66.52,grupoice.com,false,
2024-03-10 10:00:00,Costa Rica,Costa Rica,CR,135.1,237.68,66.72,66.72,grupoice.com,false,
2024-03-10 11:00:00,Costa Rica,Costa Rica,CR,125.02,221.49,69.21,69.21,grupoice.com,false,
2024-03-10 12:00:00,Costa Rica,Costa Rica,CR,113.43,202.37,72.06,72.06,grupoice.com,false,
2024-03-10 13:00:00,Costa Rica,Costa Rica,CR,111.21,198.2,72.61,72.61,grupoice.com,false,
2024-03-10 14:00:00,Costa Rica,Costa Rica,CR,102.95,185.07,74.64,74.64,grupoice.com,false,
2024-03-10 15:00:00,Costa Rica,Costa Rica,CR,93.54,170.17,76.96,76.96,grupoice.com,false,
2024-03-10 16:00:00,Costa Rica,Costa Rica,CR,85.15,156.08,79.03,79.03,grupoice.com,false,
2024-03-10 17:00:00,Costa Rica,Costa Rica,CR,84.7,155.45,79.14,79.14,grupoice.com,false,
2024-03-10 18:00:00,Costa Rica,Costa Rica,CR,81.7,150.84,79.88,79.88,grupoice.com,false,
2024-03-10 19:00:00,Costa Rica,Costa Rica,CR,80.27,150.17,80.23,80.23,grupoice.com,false,
2024-03-10 20:00:00,Costa Rica,Costa Rica,CR,85.63,156.78,78.91,78.91,grupoice.com,false,
2024-03-10 21:00:00,Costa Rica,Costa Rica,CR,84.23,156.18,79.25,79.25,grupoice.com,false,
2024-03-10 22:00:00,Costa Rica,Costa Rica,CR,87.43,161.39,78.46,78.46,grupoice.com,false,
2024-03-10 23:00:00,Costa Rica,Costa Rica,CR,86.14,158.58,78.78,78.78,grupoice.com,false,
2024-03-11 00:00:00,Costa Rica,Costa Rica,CR,75.43,141.39,81.42,81.42,grupoice.com,false,
2024-03-11 01:00:00,Costa Rica,Costa Rica,CR,75.82,141.78,81.33,81.33,grupoice.com,false,
2024-03-11 02:00:00,Costa Rica,Costa Rica,CR,77.68,144.69,80.87,80.87,grupoice.com,false,
2024-03-11 03:00:00,Costa Rica,Costa Rica,CR,84.21,154.95,79.26,79.26,grupoice.com,false,
2024-03-11 04:00:00,Costa Rica,Costa Rica,CR,101.83,183.99,74.92,74.92,grupoice.com,false,
2024-03-11 05:00:00,Costa Rica,Costa Rica,CR,108.02,194.99,73.39,73.39,grupoice.com,false,
2024-03-11 06:00:00,Costa Rica,Costa Rica,CR,118.92,210.89,70.7,70.7,grupoice.com,false,
2024-03-11 07:00:00,Costa Rica,Costa Rica,CR,120.79,214.18,70.25,70.25,grupoice.com,false,
2024-03-11 08:00:00,Costa Rica,Costa Rica,CR,112.42,201.61,72.31,72.31,grupoice.com,false,
2024-03-11 09:00:00,Costa Rica,Costa Rica,CR,103.88,188.8,74.41,74.41,grupoice.com,false,
2024-03-11 10:00:00,Costa Rica,Costa Rica,CR,112.93,202.51,72.18,72.18,grupoice.com,false,
2024-03-11 11:00:00,Costa Rica,Costa Rica,CR,98.87,180.22,75.64,75.64,grupoice.com,false,
2024-03-11 12:00:00,Costa Rica,Costa Rica,CR,90.27,165.94,77.77,77.77,grupoice.com,false,
2024-03-11 13:00:00,Costa Rica,Costa Rica,CR,87.47,161.67,78.45,78.45,grupoice.com,false,
2024-03-11 14:00:00,Costa Rica,Costa Rica,CR,78.3,146.22,80.71,80.71,grupoice.com,false,
2024-03-11 15:00:00,Costa Rica,Costa Rica,CR,73.76,139.28,81.83,81.83,grupoice.com,false,
2024-03-11 16:00:00,Costa Rica,Costa Rica,CR,70.37,133.75,82.67,82.67,grupoice.com,false,
2024-03-11 17:00:00,Costa Rica,Costa Rica,CR,67.45,129.01,83.39,83.39,grupoice.com,false,
2024-03-11 18:00:00,Costa Rica,Costa Rica,CR,66.69,127.89,83.57,83.57,grupoice.com,false,
2024-03-11 19:00:00,Costa Rica,Costa Rica,CR,66.82,127.89,83.54,83.54,grupoice.com,false,
2024-03-11 20:00:00,Costa Rica,Costa Rica,CR,67.77,129.44,83.3,83.3,grupoice.com,false,
2024-03-11 21:00:00,Costa Rica,Costa Rica,CR,67.66,129.88,83.33,83.33,grupoice.com,false,
2024-03-11 22:00:00,Costa Rica,Costa Rica,CR,68.86,131.03,83.04,83.04,grupoice.com,false,
2024-03-11 23:00:00,Costa Rica,Costa Rica,CR,71.56,135.23,82.37,82.37,grupoice.com,false,
2024-03-12 00:00:00,Costa Rica,Costa Rica,CR,67.74,129.29,83.31,83.31,grupoice.com,false,
2024-03-12 01:00:00,Costa Rica,Costa Rica,CR,68.74,130.65,83.07,83.07,grupoice.com,false,
2024-03-12 02:00:00,Costa Rica,Costa Rica,CR,69.53,132.08,82.87,82.87,grupoice.com,false,
2024-03-12 03:00:00,Costa Rica,Costa Rica,CR,74.7,139.97,81.59,81.59,grupoice.com,false,
2024-03-12 04:00:00,Costa Rica,Costa Rica,CR,90.25,165.23,77.77,77.77,grupoice.com,false,
2024-03-12 05:00:00,Costa Rica,Costa Rica,CR,100.95,182.22,75.13,75.13,grupoice.com,false,
2024-03-12 06:00:00,Costa Rica,Costa Rica,CR,106.5,191.85,73.77,73.77,grupoice.com,false,
2024-03-12 07:00:00,Costa Rica,Costa Rica,CR,105.32,190.5,74.06,74.06,grupoice.com,false,
2024-03-12 08:00:00,Costa Rica,Costa Rica,CR,93.15,172.32,77.06,77.06,grupoice.com,false,
2024-03-12 09:00:00,Costa Rica,Costa Rica,CR,89.28,166.47,78.01,78.01,grupoice.com,false,
2024-03-12 10:00:00,Costa Rica,Costa Rica,CR,101.97,185.32,74.88,74.88,grupoice.com,false,
2024-03-12 11:00:00,Costa Rica,Costa Rica,CR,95.59,174.83,76.45,76.45,grupoice.com,false,
2024-03-12 12:00:00,Costa Rica,Costa Rica,CR,88.55,162.82,78.19,78.19,grupoice.com,false,
2024-03-12 13:00:00,Costa Rica,Costa Rica,CR,84.16,155.64,79.27,79.27,grupoice.com,false,
2024-03-12 14:00:00,Costa Rica,Costa Rica,CR,79.06,147.74,80.53,80.53,grupoice.com,false,
2024-03-12 15:00:00,Costa Rica,Costa Rica,CR,74.08,139.21,81.75,81.75,grupoice.com,false,
2024-03-12 16:00:00,Costa Rica,Costa Rica,CR,71.09,134.58,82.48,82.48,grupoice.com,false,
2024-03-12 17:00:00,Costa Rica,Costa Rica,CR,67.12,128.95,83.47,83.47,grupoice.com,false,
2024-03-12 18:00:00,Costa Rica,Costa Rica,CR,68.27,130.16,83.18,83.18,grupoice.com,false,
2024-03-12 19:00:00,Costa Rica,Costa Rica,CR,69.24,131.75,82.94,82.94,grupoice.com,false,
2024-03-12 20:00:00,Costa Rica,Costa Rica,CR,69.77,132.61,82.82,82.82,grupoice.com,false,
2024-03-12 21:00:00,Costa Rica,Costa Rica,CR,71.27,135.25,82.44,82.44,grupoice.com,false,
2024-03-12 22:00:00,Costa Rica,Costa Rica,CR,72.45,136.76,82.15,82.15,grupoice.com,false,
2024-03-12 23:00:00,Costa Rica,Costa Rica,CR,73.47,138.24,81.9,81.9,grupoice.com,false,
2024-03-13 00:00:00,Costa Rica,Costa Rica,CR,69.42,132.03,82.9,82.9,grupoice.com,false,
2024-03-13 01:00:00,Costa Rica,Costa Rica,CR,70.58,133.73,82.62,82.62,grupoice.com,false,
2024-03-13 02:00:00,Costa Rica,Costa Rica,CR,74.48,139.99,81.65,81.65,grupoice.com,false,
2024-03-13 03:00:00,Costa Rica,Costa Rica,CR,81.52,150.83,79.92,79.92,grupoice.com,false,
2024-03-13 04:00:00,Costa Rica,Costa Rica,CR,94.76,172.83,76.66,76.66,grupoice.com,false,
2024-03-13 05:00:00,Costa Rica,Costa Rica,CR,85.74,159.91,78.88,78.88,grupoice.com,false,
2024-03-13 06:00:00,Costa Rica,Costa Rica,CR,74.01,142.68,81.77,81.77,grupoice.com,false,
2024-03-13 07:00:00,Costa Rica,Costa Rica,CR,53.28,110.6,86.88,86.88,grupoice.com,false,
2024-03-13 08:00:00,Costa Rica,Costa Rica,CR,50.83,106.9,87.47,87.47,grupoice.com,false,
2024-03-13 09:00:00,Costa Rica,Costa Rica,CR,59.34,120.06,85.38,85.38,grupoice.com,false,
2024-03-13 10:00:00,Costa Rica,Costa Rica,CR,70.51,137.75,82.63,82.63,grupoice.com,false,
2024-03-13 11:00:00,Costa Rica,Costa Rica,CR,75.22,143.65,81.46,81.46,grupoice.com,false,
2024-03-13 12:00:00,Costa Rica,Costa Rica,CR,84.3,156.92,79.23,79.23,grupoice.com,false,
2024-03-13 13:00:00,Costa Rica,Costa Rica,CR,84.29,156.43,79.23,79.23,grupoice.com,false,
2024-03-13 14:00:00,Costa Rica,Costa Rica,CR,78.9,147.73,80.56,80.56,grupoice.com,false,
2024-03-13 15:00:00,Costa Rica,Costa Rica,CR,82.69,153.29,79.63,79.63,grupoice.com,false,
2024-03-13 16:00:00,Costa Rica,Costa Rica,CR,78.3,146.22,80.71,80.71,grupoice.com,false,
2024-03-13 17:00:00,Costa Rica,Costa Rica,CR,73.33,138.36,81.94,81.94,grupoice.com,false,
2024-03-13 18:00:00,Costa Rica,Costa Rica,CR,71.96,136.29,82.28,82.28,grupoice.com,false,
2024-03-13 19:00:00,Costa Rica,Costa Rica,CR,70.02,133.15,82.75,82.75,grupoice.com,false,
2024-03-13 20:00:00,Costa Rica,Costa Rica,CR,70.66,134.39,82.59,82.59,grupoice.com,false,
2024-03-13 21:00:00,Costa Rica,Costa Rica,CR,72.61,136.87,82.11,82.11,grupoice.com,false,
2024-03-13 22:00:00,Costa Rica,Costa Rica,CR,75.22,140.87,81.47,81.47,grupoice.com,false,
2024-03-13 23:00:00,Costa Rica,Costa Rica,CR,75.81,141.95,81.33,81.33,grupoice.com,false,
2024-03-14 00:00:00,Costa Rica,Costa Rica,CR,71.16,134.55,82.47,82.47,grupoice.com,false,
2024-03-14 01:00:00,Costa Rica,Costa Rica,CR,72.76,137.01,82.08,82.08,grupoice.com,false,
2024-03-14 02:00:00,Costa Rica,Costa Rica,CR,76.67,143.1,81.12,81.12,grupoice.com,false,
2024-03-14 03:00:00,Costa Rica,Costa Rica,CR,84.39,155.04,79.21,79.21,grupoice.com,false,
2024-03-14 04:00:00,Costa Rica,Costa Rica,CR,85.77,158.52,78.87,78.87,grupoice.com,false,
2024-03-14 05:00:00,Costa Rica,Costa Rica,CR,97.63,177.98,75.95,75.95,grupoice.com,false,
2024-03-14 06:00:00,Costa Rica,Costa Rica,CR,96.91,177.37,76.12,76.12,grupoice.com,false,
2024-03-14 07:00:00,Costa Rica,Costa Rica,CR,88.7,164.53,78.15,78.15,grupoice.com,false,
2024-03-14 08:00:00,Costa Rica,Costa Rica,CR,87.28,162.73,78.5,78.5,grupoice.com,false,
2024-03-14 09:00:00,Costa Rica,Costa Rica,CR,93.82,173.06,76.89,76.89,grupoice.com,false,
2024-03-14 10:00:00,Costa Rica,Costa Rica,CR,107.83,193.69,73.44,73.44,grupoice.com,false,
2024-03-14 11:00:00,Costa Rica,Costa Rica,CR,101.65,184.0,74.96,74.96,grupoice.com,false,
2024-03-14 12:00:00,Costa Rica,Costa Rica,CR,94.61,172.39,76.69,76.69,grupoice.com,false,
2024-03-14 13:00:00,Costa Rica,Costa Rica,CR,91.08,166.68,77.56,77.56,grupoice.com,false,
2024-03-14 14:00:00,Costa Rica,Costa Rica,CR,85.51,158.16,78.93,78.93,grupoice.com,false,
2024-03-14 15:00:00,Costa Rica,Costa Rica,CR,80.57,150.46,80.16,80.16,grupoice.com,false,
2024-03-14 16:00:00,Costa Rica,Costa Rica,CR,75.9,142.64,81.31,81.31,grupoice.com,false,
2024-03-14 17:00:00,Costa Rica,Costa Rica,CR,73.75,139.2,81.83,81.83,grupoice.com,false,
2024-03-14 18:00:00,Costa Rica,Costa Rica,CR,73.59,138.9,81.87,81.87,grupoice.com,false,
2024-03-14 19:00:00,Costa Rica,Costa Rica,CR,73.55,138.62,81.88,81.88,grupoice.com,false,
2024-03-14 20:00:00,Costa Rica,Costa Rica,CR,73.73,139.12,81.84,81.84,grupoice.com,false,
2024-03-14 21:00:00,Costa Rica,Costa Rica,CR,74.59,139.95,81.62,81.62,grupoice.com,false,
2024-03-14 22:00:00,Costa Rica,Costa Rica,CR,76.52,142.73,81.14,81.14,grupoice.com,false,
2024-03-14 23:00:00,Costa Rica,Costa Rica,CR,77.22,143.62,80.97,80.97,grupoice.com,false,
2024-03-15 00:00:00,Costa Rica,Costa Rica,CR,73.86,138.26,81.79,81.79,grupoice.com,false,
2024-03-15 01:00:00,Costa Rica,Costa Rica,CR,73.38,137.67,81.92,81.92,grupoice.com,false,
2024-03-15 02:00:00,Costa Rica,Costa Rica,CR,75.87,141.55,81.31,81.31,grupoice.com,false,
2024-03-15 03:00:00,Costa Rica,Costa Rica,CR,83.46,153.25,79.43,79.43,grupoice.com,false,
2024-03-15 04:00:00,Costa Rica,Costa Rica,CR,99.55,179.37,75.48,75.48,grupoice.com,false,
2024-03-15 05:00:00,Costa Rica,Costa Rica,CR,115.45,204.76,71.56,71.56,grupoice.com,false,
2024-03-15 06:00:00,Costa Rica,Costa Rica,CR,121.41,214.3,70.09,70.09,grupoice.com,false,
2024-03-15 07:00:00,Costa Rica,Costa Rica,CR,120.09,212.88,70.42,70.42,grupoice.com,false,
2024-03-15 08:00:00,Costa Rica,Costa Rica,CR,111.03,198.76,72.64,72.64,grupoice.com,false,
2024-03-15 09:00:00,Costa Rica,Costa Rica,CR,107.1,192.67,73.62,73.62,grupoice.com,false,
2024-03-15 10:00:00,Costa Rica,Costa Rica,CR,105.75,190.46,73.95,73.95,grupoice.com,false,
2024-03-15 11:00:00,Costa Rica,Costa Rica,CR,99.73,186.95,75.43,75.43,grupoice.com,false,
2024-03-15 12:00:00,Costa Rica,Costa Rica,CR,91.69,168.31,77.4,77.4,grupoice.com,false,
2024-03-15 13:00:00,Costa Rica,Costa Rica,CR,83.05,154.6,79.53,79.53,grupoice.com,false,
2024-03-15 14:00:00,Costa Rica,Costa Rica,CR,82.74,153.98,79.62,79.62,grupoice.com,false,
2024-03-15 15:00:00,Costa Rica,Costa Rica,CR,77.97,145.46,80.8,80.8,grupoice.com,false,
2024-03-15 16:00:00,Costa Rica,Costa Rica,CR,72.71,136.88,82.09,82.09,grupoice.com,false,
2024-03-15 17:00:00,Costa Rica,Costa Rica,CR,67.83,129.59,83.29,83.29,grupoice.com,false,
2024-03-15 18:00:00,Costa Rica,Costa Rica,CR,67.18,128.62,83.45,83.45,grupoice.com,false,
2024-03-15 19:00:00,Costa Rica,Costa Rica,CR,68.56,130.74,83.11,83.11,grupoice.com,false,
2024-03-15 20:00:00,Costa Rica,Costa Rica,CR,61.91,120.19,84.75,84.75,grupoice.com,false,
2024-03-15 21:00:00,Costa Rica,Costa Rica,CR,73.29,137.94,81.95,81.95,grupoice.com,false,
2024-03-15 22:00:00,Costa Rica,Costa Rica,CR,76.45,142.72,81.16,81.16,grupoice.com,false,
2024-03-15 23:00:00,Costa Rica,Costa Rica,CR,77.12,143.72,81.01,81.01,grupoice.com,false,
2024-03-16 00:00:00,Costa Rica,Costa Rica,CR,76.97,143.17,81.04,81.04,grupoice.com,false,
2024-03-16 01:00:00,Costa Rica,Costa Rica,CR,76.52,142.52,81.15,81.15,grupoice.com,false,
2024-03-16 02:00:00,Costa Rica,Costa Rica,CR,77.62,144.29,80.88,80.88,grupoice.com,false,
2024-03-16 03:00:00,Costa Rica,Costa Rica,CR,84.85,155.42,79.09,79.09,grupoice.com,false,
2024-03-16 04:00:00,Costa Rica,Costa Rica,CR,96.5,174.34,76.22,76.22,grupoice.com,false,
2024-03-16 05:00:00,Costa Rica,Costa Rica,CR,100.36,181.36,75.28,75.28,grupoice.com,false,
2024-03-16 06:00:00,Costa Rica,Costa Rica,CR,97.28,176.83,76.04,76.04,grupoice.com,false,
2024-03-16 07:00:00,Costa Rica,Costa Rica,CR,89.92,165.77,77.85,77.85,grupoice.com,false,
2024-03-16 08:00:00,Costa Rica,Costa Rica,CR,94.56,173.16,76.71,76.71,grupoice.com,false,
2024-03-16 09:00:00,Costa Rica,Costa Rica,CR,89.78,165.83,77.89,77.89,grupoice.com,false,
2024-03-16 10:00:00,Costa Rica,Costa Rica,CR,96.83,176.22,76.14,76.14,grupoice.com,false,
2024-03-16 11:00:00,Costa Rica,Costa Rica,CR,99.48,179.9,75.49,75.49,grupoice.com,false,
2024-03-16 12:00:00,Costa Rica,Costa Rica,CR,97.75,177.02,75.92,75.92,grupoice.com,false,
2024-03-16 13:00:00,Costa Rica,Costa Rica,CR,94.76,172.37,76.66,76.66,grupoice.com,false,
2024-03-16 14:00:00,Costa Rica,Costa Rica,CR,85.13,157.45,79.03,79.03,grupoice.com,false,
2024-03-16 15:00:00,Costa Rica,Costa Rica,CR,86.16,159.12,78.78,78.78,grupoice.com,false,
2024-03-16 16:00:00,Costa Rica,Costa Rica,CR,81.45,151.58,79.94,79.94,grupoice.com,false,
2024-03-16 17:00:00,Costa Rica,Costa Rica,CR,74.69,140.28,81.6,81.6,grupoice.com,false,
2024-03-16 18:00:00,Costa Rica,Costa Rica,CR,74.18,139.69,81.73,81.73,grupoice.com,false,
2024-03-16 19:00:00,Costa Rica,Costa Rica,CR,75.01,140.89,81.52,81.52,grupoice.com,false,
2024-03-16 20:00:00,Costa Rica,Costa Rica,CR,77.51,144.53,80.91,80.91,grupoice.com,false,
2024-03-16 21:00:00,Costa Rica,Costa Rica,CR,80.8,149.76,80.1,80.1,grupoice.com,false,
2024-03-16 22:00:00,Costa Rica,Costa Rica,CR,84.03,154.31,79.3,79.3,grupoice.com,false,
2024-03-16 23:00:00,Costa Rica,Costa Rica,CR,82.39,151.88,79.71,79.71,grupoice.com,false,
2024-03-17 00:00:00,Costa Rica,Costa Rica,CR,78.18,145.2,80.74,80.74,grupoice.com,false,
2024-03-17 01:00:00,Costa Rica,Costa Rica,CR,79.27,146.75,80.47,80.47,grupoice.com,false,
2024-03-17 02:00:00,Costa Rica,Costa Rica,CR,83.67,153.39,79.39,79.39,grupoice.com,false,
2024-03-17 03:00:00,Costa Rica,Costa Rica,CR,90.21,163.52,77.78,77.78,grupoice.com,false,
2024-03-17 04:00:00,Costa Rica,Costa Rica,CR,84.52,155.45,79.18,79.18,grupoice.com,false,
2024-03-17 05:00:00,Costa Rica,Costa Rica,CR,74.99,141.67,81.53,81.53,grupoice.com,false,
2024-03-17 06:00:00,Costa Rica,Costa Rica,CR,80.82,151.89,80.09,80.09,grupoice.com,false,
2024-03-17 07:00:00,Costa Rica,Costa Rica,CR,79.43,149.71,80.43,80.43,grupoice.com,false,
2024-03-17 08:00:00,Costa Rica,Costa Rica,CR,74.09,142.12,81.75,81.75,grupoice.com,false,
2024-03-17 09:00:00,Costa Rica,Costa Rica,CR,74.49,143.13,81.65,81.65,grupoice.com,false,
2024-03-17 10:00:00,Costa Rica,Costa Rica,CR,74.31,142.44,81.7,81.7,grupoice.com,false,
2024-03-17 11:00:00,Costa Rica,Costa Rica,CR,73.73,140.7,81.84,81.84,grupoice.com,false,
2024-03-17 12:00:00,Costa Rica,Costa Rica,CR,72.2,138.16,82.22,82.22,grupoice.com,false,
2024-03-17 13:00:00,Costa Rica,Costa Rica,CR,74.81,141.57,81.57,81.57,grupoice.com,false,
2024-03-17 14:00:00,Costa Rica,Costa Rica,CR,77.15,145.57,81.0,81.0,grupoice.com,false,
2024-03-17 15:00:00,Costa Rica,Costa Rica,CR,74.24,140.68,81.71,81.71,grupoice.com,false,
2024-03-17 16:00:00,Costa Rica,Costa Rica,CR,71.5,137.0,82.39,82.39,grupoice.com,false,
2024-03-17 17:00:00,Costa Rica,Costa Rica,CR,68.48,131.39,83.13,83.13,grupoice.com,false,
2024-03-17 18:00:00,Costa Rica,Costa Rica,CR,76.25,143.4,81.22,81.22,grupoice.com,false,
2024-03-17 19:00:00,Costa Rica,Costa Rica,CR,88.74,163.46,78.14,78.14,grupoice.com,false,
2024-03-17 20:00:00,Costa Rica,Costa Rica,CR,93.08,170.63,77.07,77.07,grupoice.com,false,
2024-03-17 21:00:00,Costa Rica,Costa Rica,CR,96.02,175.64,76.35,76.35,grupoice.com,false,
2024-03-17 22:00:00,Costa Rica,Costa Rica,CR,99.44,179.77,75.51,75.51,grupoice.com,false,
2024-03-17 23:00:00,Costa Rica,Costa Rica,CR,96.85,174.36,76.14,76.14,grupoice.com,false,
2024-03-18 00:00:00,Costa Rica,Costa Rica,CR,90.38,164.29,77.74,77.74,grupoice.com,false,
2024-03-18 01:00:00,Costa Rica,Costa Rica,CR,91.49,165.99,77.47,77.47,grupoice.com,false,
2024-03-18 02:00:00,Costa Rica,Costa Rica,CR,95.31,172.08,76.52,76.52,grupoice.com,false,
2024-03-18 03:00:00,Costa Rica,Costa Rica,CR,94.54,171.13,76.71,76.71,grupoice.com,false,
2024-03-18 04:00:00,Costa Rica,Costa Rica,CR,94.93,173.01,76.62,76.62,grupoice.com,false,
2024-03-18 05:00:00,Costa Rica,Costa Rica,CR,69.36,134.37,82.92,82.92,grupoice.com,false,
2024-03-18 06:00:00,Costa Rica,Costa Rica,CR,71.38,138.13,82.42,82.42,grupoice.com,false,
2024-03-18 07:00:00,Costa Rica,Costa Rica,CR,93.46,172.52,76.98,76.98,grupoice.com,false,
2024-03-18 08:00:00,Costa Rica,Costa Rica,CR,100.89,184.18,75.15,75.15,grupoice.com,false,
2024-03-18 09:00:00,Costa Rica,Costa Rica,CR,100.58,183.5,75.23,75.23,grupoice.com,false,
2024-03-18 10:00:00,Costa Rica,Costa Rica,CR,115.23,205.77,71.62,71.62,grupoice.com,false,
2024-03-18 11:00:00,Costa Rica,Costa Rica,CR,106.04,190.99,73.88,73.88,grupoice.com,false,
2024-03-18 12:00:00,Costa Rica,Costa Rica,CR,97.6,177.92,75.96,75.96,grupoice.com,false,
2024-03-18 13:00:00,Costa Rica,Costa Rica,CR,92.11,169.59,77.31,77.31,grupoice.com,false,
2024-03-18 14:00:00,Costa Rica,Costa Rica,CR,83.07,154.49,79.54,79.54,grupoice.com,false,
2024-03-18 15:00:00,Costa Rica,Costa Rica,CR,77.55,145.41,80.9,80.9,grupoice.com,false,
2024-03-18 16:00:00,Costa Rica,Costa Rica,CR,70.42,133.91,82.66,82.66,grupoice.com,false,
2024-03-18 17:00:00,Costa Rica,Costa Rica,CR,66.9,128.37,83.52,83.52,grupoice.com,false,
2024-03-18 18:00:00,Costa Rica,Costa Rica,CR,64.98,125.2,83.99,83.99,grupoice.com,false,
2024-03-18 19:00:00,Costa Rica,Costa Rica,CR,63.87,123.6,84.27,84.27,grupoice.com,false,
2024-03-18 20:00:00,Costa Rica,Costa Rica,CR,64.44,124.64,84.13,84.13,grupoice.com,false,
2024-03-18 21:00:00,Costa Rica,Costa Rica,CR,65.53,126.32,83.86,83.86,grupoice.com,false,
2024-03-18 22:00:00,Costa Rica,Costa Rica,CR,71.66,135.86,82.35,82.35,grupoice.com,false,
2024-03-18 23:00:00,Costa Rica,Costa Rica,CR,74.93,140.85,81.54,81.54,grupoice.com,false,
2024-03-19 00:00:00,Costa Rica,Costa Rica,CR,68.97,131.63,83.01,83.01,grupoice.com,false,
2024-03-19 01:00:00,Costa Rica,Costa Rica,CR,69.35,132.26,82.92,82.92,grupoice.com,false,
2024-03-19 02:00:00,Costa Rica,Costa Rica,CR,75.5,141.77,81.41,81.41,grupoice.com,false,
2024-03-19 03:00:00,Costa Rica,Costa Rica,CR,84.3,155.51,79.24,79.24,grupoice.com,false,
2024-03-19 04:00:00,Costa Rica,Costa Rica,CR,95.51,173.34,76.47,76.47,grupoice.com,false,
2024-03-19 05:00:00,Costa Rica,Costa Rica,CR,111.99,200.11,72.42,72.42,grupoice.com,false,
2024-03-19 06:00:00,Costa Rica,Costa Rica,CR,113.85,202.81,71.96,71.96,grupoice.com,false,
2024-03-19 07:00:00,Costa Rica,Costa Rica,CR,118.89,211.37,70.72,70.72,grupoice.com,false,
2024-03-19 08:00:00,Costa Rica,Costa Rica,CR,106.24,192.59,73.83,73.83,grupoice.com,false,
2024-03-19 09:00:00,Costa Rica,Costa Rica,CR,101.67,185.47,74.96,74.96,grupoice.com,false,
2024-03-19 10:00:00,Costa Rica,Costa Rica,CR,97.6,178.86,75.96,75.96,grupoice.com,false,
2024-03-19 11:00:00,Costa Rica,Costa Rica,CR,99.09,180.16,75.59,75.59,grupoice.com,false,
2024-03-19 12:00:00,Costa Rica,Costa Rica,CR,90.88,167.37,77.62,77.62,grupoice.com,false,
2024-03-19 13:00:00,Costa Rica,Costa Rica,CR,86.65,160.48,78.66,78.66,grupoice.com,false,
2024-03-19 14:00:00,Costa Rica,Costa Rica,CR,82.45,153.44,79.69,79.69,grupoice.com,false,
2024-03-19 15:00:00,Costa Rica,Costa Rica,CR,78.23,146.61,80.73,80.73,grupoice.com,false,
2024-03-19 16:00:00,Costa Rica,Costa Rica,CR,72.54,136.95,82.13,82.13,grupoice.com,false,
2024-03-19 17:00:00,Costa Rica,Costa Rica,CR,68.54,130.41,83.12,83.12,grupoice.com,false,
2024-03-19 18:00:00,Costa Rica,Costa Rica,CR,66.5,126.82,83.62,83.62,grupoice.com,false,
2024-03-19 19:00:00,Costa Rica,Costa Rica,CR,66.53,126.97,83.61,83.61,grupoice.com,false,
2024-03-19 20:00:00,Costa Rica,Costa Rica,CR,68.74,130.57,83.07,83.07,grupoice.com,false,
2024-03-19 21:00:00,Costa Rica,Costa Rica,CR,68.63,130.31,83.1,83.1,grupoice.com,false,
2024-03-19 22:00:00,Costa Rica,Costa Rica,CR,70.41,133.85,82.66,82.66,grupoice.com,false,
2024-03-19 23:00:00,Costa Rica,Costa Rica,CR,73.72,139.17,81.84,81.84,grupoice.com,false,
2024-03-20 00:00:00,Costa Rica,Costa Rica,CR,68.08,130.35,83.23,83.23,grupoice.com,false,
2024-03-20 01:00:00,Costa Rica,Costa Rica,CR,69.2,131.68,82.95,82.95,grupoice.com,false,
2024-03-20 02:00:00,Costa Rica,Costa Rica,CR,72.93,137.43,82.04,82.04,grupoice.com,false,
2024-03-20 03:00:00,Costa Rica,Costa Rica,CR,81.54,150.92,79.92,79.92,grupoice.com,false,
2024-03-20 04:00:00,Costa Rica,Costa Rica,CR,95.7,173.68,76.43,76.43,grupoice.com,false,
2024-03-20 05:00:00,Costa Rica,Costa Rica,CR,110.94,198.23,72.67,72.67,grupoice.com,false,
2024-03-20 06:00:00,Costa Rica,Costa Rica,CR,114.67,204.96,71.76,71.76,grupoice.com,false,
2024-03-20 07:00:00,Costa Rica,Costa Rica,CR,119.63,212.06,70.53,70.53,grupoice.com,false,
2024-03-20 08:00:00,Costa Rica,Costa Rica,CR,117.69,209.59,71.01,71.01,grupoice.com,false,
2024-03-20 09:00:00,Costa Rica,Costa Rica,CR,111.63,199.99,72.5,72.5,grupoice.com,false,
2024-03-20 10:00:00,Costa Rica,Costa Rica,CR,114.81,205.24,71.72,71.72,grupoice.com,false,
2024-03-20 11:00:00,Costa Rica,Costa Rica,CR,102.36,185.35,74.79,74.79,grupoice.com,false,
2024-03-20 12:00:00,Costa Rica,Costa Rica,CR,95.3,173.97,76.53,76.53,grupoice.com,false,
2024-03-20 13:00:00,Costa Rica,Costa Rica,CR,89.2,164.21,78.03,78.03,grupoice.com,false,
2024-03-20 14:00:00,Costa Rica,Costa Rica,CR,80.34,149.28,80.21,80.21,grupoice.com,false,
2024-03-20 15:00:00,Costa Rica,Costa Rica,CR,76.35,143.13,81.2,81.2,grupoice.com,false,
2024-03-20 16:00:00,Costa Rica,Costa Rica,CR,71.2,134.97,82.46,82.46,grupoice.com,false,
2024-03-20 17:00:00,Costa Rica,Costa Rica,CR,66.5,127.89,83.62,83.62,grupoice.com,false,
2024-03-20 18:00:00,Costa Rica,Costa Rica,CR,65.41,126.09,83.89,83.89,grupoice.com,false,
2024-03-20 19:00:00,Costa Rica,Costa Rica,CR,65.86,126.95,83.78,83.78,grupoice.com,false,
2024-03-20 20:00:00,Costa Rica,Costa Rica,CR,67.94,130.4,83.27,83.27,grupoice.com,false,
2024-03-20 21:00:00,Costa Rica,Costa Rica,CR,69.15,132.39,82.97,82.97,grupoice.com,false,
2024-03-20 22:00:00,Costa Rica,Costa Rica,CR,71.95,136.68,82.27,82.27,grupoice.com,false,
2024-03-20 23:00:00,Costa Rica,Costa Rica,CR,75.12,141.87,81.5,81.5,grupoice.com,false,
2024-03-21 00:00:00,Costa Rica,Costa Rica,CR,76.27,143.25,81.22,81.22,grupoice.com,false,
2024-03-21 01:00:00,Costa Rica,Costa Rica,CR,76.84,143.81,81.07,81.07,grupoice.com,false,
2024-03-21 02:00:00,Costa Rica,Costa Rica,CR,73.12,138.1,81.99,81.99,grupoice.com,false,
2024-03-21 03:00:00,Costa Rica,Costa Rica,CR,80.96,150.23,80.06,80.06,grupoice.com,false,
2024-03-21 04:00:00,Costa Rica,Costa Rica,CR,98.62,178.73,75.71,75.71,grupoice.com,false,
2024-03-21 05:00:00,Costa Rica,Costa Rica,CR,108.6,195.22,73.25,73.25,grupoice.com,false,
2024-03-21 06:00:00,Costa Rica,Costa Rica,CR,115.92,206.86,71.45,71.45,grupoice.com,false,
2024-03-21 07:00:00,Costa Rica,Costa Rica,CR,114.46,204.59,71.81,71.81,grupoice.com,false,
2024-03-21 08:00:00,Costa Rica,Costa Rica,CR,107.13,193.46,73.61,73.61,grupoice.com,false,
2024-03-21 09:00:00,Costa Rica,Costa Rica,CR,101.09,184.21,75.1,75.1,grupoice.com,false,
2024-03-21 10:00:00,Costa Rica,Costa Rica,CR,94.14,173.04,76.81,76.81,grupoice.com,false,
2024-03-21 11:00:00,Costa Rica,Costa Rica,CR,99.58,181.1,75.47,75.47,grupoice.com,false,
2024-03-21 12:00:00,Costa Rica,Costa Rica,CR,93.78,172.08,76.9,76.9,grupoice.com,false,
2024-03-21 13:00:00,Costa Rica,Costa Rica,CR,88.04,163.15,78.31,78.31,grupoice.com,false,
2024-03-21 14:00:00,Costa Rica,Costa Rica,CR,80.23,149.74,80.24,80.24,grupoice.com,false,
2024-03-21 15:00:00,Costa Rica,Costa Rica,CR,76.68,144.01,81.11,81.11,grupoice.com,false,
2024-03-21 16:00:00,Costa Rica,Costa Rica,CR,72.07,136.71,82.25,82.25,grupoice.com,false,
2024-03-21 17:00:00,Costa Rica,Costa Rica,CR,68.62,130.94,83.1,83.1,grupoice.com,false,
2024-03-21 18:00:00,Costa Rica,Costa Rica,CR,68.8,131.42,83.05,83.05,grupoice.com,false,
2024-03-21 19:00:00,Costa Rica,Costa Rica,CR,68.97,131.69,83.01,83.01,grupoice.com,false,
2024-03-21 20:00:00,Costa Rica,Costa Rica,CR,69.69,132.86,82.84,82.84,grupoice.com,false,
2024-03-21 21:00:00,Costa Rica,Costa Rica,CR,71.69,136.2,82.34,82.34,grupoice.com,false,
2024-03-21 22:00:00,Costa Rica,Costa Rica,CR,74.09,140.0,81.75,81.75,grupoice.com,false,
2024-03-21 23:00:00,Costa Rica,Costa Rica,CR,76.04,142.68,81.27,81.27,grupoice.com,false,
2024-03-22 00:00:00,Costa Rica,Costa Rica,CR,70.24,133.28,82.7,82.7,grupoice.com,false,
2024-03-22 01:00:00,Costa Rica,Costa Rica,CR,71.44,135.1,82.4,82.4,grupoice.com,false,
2024-03-22 02:00:00,Costa Rica,Costa Rica,CR,76.66,143.25,81.12,81.12,grupoice.com,false,
2024-03-22 03:00:00,Costa Rica,Costa Rica,CR,85.84,157.61,78.85,78.85,grupoice.com,false,
2024-03-22 04:00:00,Costa Rica,Costa Rica,CR,95.36,172.48,76.51,76.51,grupoice.com,false,
2024-03-22 05:00:00,Costa Rica,Costa Rica,CR,104.54,187.35,74.25,74.25,grupoice.com,false,
2024-03-22 06:00:00,Costa Rica,Costa Rica,CR,107.33,192.44,73.56,73.56,grupoice.com,false,
2024-03-22 07:00:00,Costa Rica,Costa Rica,CR,110.39,196.92,72.81,72.81,grupoice.com,false,
2024-03-22 08:00:00,Costa Rica,Costa Rica,CR,113.14,201.86,72.13,72.13,grupoice.com,false,
2024-03-22 09:00:00,Costa Rica,Costa Rica,CR,112.97,202.46,72.17,72.17,grupoice.com,false,
2024-03-22 10:00:00,Costa Rica,Costa Rica,CR,105.8,191.23,73.94,73.94,grupoice.com,false,
2024-03-22 11:00:00,Costa Rica,Costa Rica,CR,93.76,171.64,76.91,76.91,grupoice.com,false,
2024-03-22 12:00:00,Costa Rica,Costa Rica,CR,87.79,162.37,78.38,78.38,grupoice.com,false,
2024-03-22 13:00:00,Costa Rica,Costa Rica,CR,84.17,156.7,79.27,79.27,grupoice.com,false,
2024-03-22 14:00:00,Costa Rica,Costa Rica,CR,78.15,147.08,80.75,80.75,grupoice.com,false,
2024-03-22 15:00:00,Costa Rica,Costa Rica,CR,75.72,143.39,81.35,81.35,grupoice.com,false,
2024-03-22 16:00:00,Costa Rica,Costa Rica,CR,71.3,136.37,82.44,82.44,grupoice.com,false,
2024-03-22 17:00:00,Costa Rica,Costa Rica,CR,68.04,131.29,83.24,83.24,grupoice.com,false,
2024-03-22 18:00:00,Costa Rica,Costa Rica,CR,67.13,129.64,83.46,83.46,grupoice.com,false,
2024-03-22 19:00:00,Costa Rica,Costa Rica,CR,67.33,130.11,83.42,83.42,grupoice.com,false,
2024-03-22 20:00:00,Costa Rica,Costa Rica,CR,68.45,131.79,83.14,83.14,grupoice.com,false,
2024-03-22 21:00:00,Costa Rica,Costa Rica,CR,68.51,131.72,83.13,83.13,grupoice.com,false,
2024-03-22 22:00:00,Costa Rica,Costa Rica,CR,70.07,134.33,82.74,82.74,grupoice.com,false,
2024-03-22 23:00:00,Costa Rica,Costa Rica,CR,72.87,138.72,82.05,82.05,grupoice.com,false,
2024-03-23 00:00:00,Costa Rica,Costa Rica,CR,69.31,132.96,82.93,82.93,grupoice.com,false,
2024-03-23 01:00:00,Costa Rica,Costa Rica,CR,71.98,137.0,82.27,82.27,grupoice.com,false,
2024-03-23 02:00:00,Costa Rica,Costa Rica,CR,75.36,142.54,81.44,81.44,grupoice.com,false,
2024-03-23 03:00:00,Costa Rica,Costa Rica,CR,83.85,155.76,79.35,79.35,grupoice.com,false,
2024-03-23 04:00:00,Costa Rica,Costa Rica,CR,91.51,168.09,77.46,77.46,grupoice.com,false,
2024-03-23 05:00:00,Costa Rica,Costa Rica,CR,100.63,182.78,75.21,75.21,grupoice.com,false,
2024-03-23 06:00:00,Costa Rica,Costa Rica,CR,111.79,200.13,72.46,72.46,grupoice.com,false,
2024-03-23 07:00:00,Costa Rica,Costa Rica,CR,116.63,208.4,71.27,71.27,grupoice.com,false,
2024-03-23 08:00:00,Costa Rica,Costa Rica,CR,120.26,214.04,70.38,70.38,grupoice.com,false,
2024-03-23 09:00:00,Costa Rica,Costa Rica,CR,122.27,217.35,69.88,69.88,grupoice.com,false,
2024-03-23 10:00:00,Costa Rica,Costa Rica,CR,119.6,213.11,70.54,70.54,grupoice.com,false,
2024-03-23 11:00:00,Costa Rica,Costa Rica,CR,118.86,212.5,70.72,70.72,grupoice.com,false,
2024-03-23 12:00:00,Costa Rica,Costa Rica,CR,105.64,191.85,73.98,73.98,grupoice.com,false,
2024-03-23 13:00:00,Costa Rica,Costa Rica,CR,93.73,172.9,76.91,76.91,grupoice.com,false,
2024-03-23 14:00:00,Costa Rica,Costa Rica,CR,85.4,159.82,78.96,78.96,grupoice.com,false,
2024-03-23 15:00:00,Costa Rica,Costa Rica,CR,79.27,149.74,80.48,80.48,grupoice.com,false,
2024-03-23 16:00:00,Costa Rica,Costa Rica,CR,80.58,151.9,80.15,80.15,grupoice.com,false,
2024-03-23 17:00:00,Costa Rica,Costa Rica,CR,80.04,151.02,80.29,80.29,grupoice.com,false,
2024-03-23 18:00:00,Costa Rica,Costa Rica,CR,80.29,151.45,80.22,80.22,grupoice.com,false,
2024-03-23 19:00:00,Costa Rica,Costa Rica,CR,82.62,155.07,79.65,79.65,grupoice.com,false,
2024-03-23 20:00:00,Costa Rica,Costa Rica,CR,84.57,158.38,79.17,79.17,grupoice.com,false,
2024-03-23 21:00:00,Costa Rica,Costa Rica,CR,83.3,155.81,79.48,79.48,grupoice.com,false,
2024-03-23 22:00:00,Costa Rica,Costa Rica,CR,85.61,159.61,78.91,78.91,grupoice.com,false,
2024-03-23 23:00:00,Costa Rica,Costa Rica,CR,89.8,165.91,77.88,77.88,grupoice.com,false,
2024-03-24 00:00:00,Costa Rica,Costa Rica,CR,84.21,157.12,79.26,79.26,grupoice.com,false,
2024-03-24 01:00:00,Costa Rica,Costa Rica,CR,83.56,156.13,79.42,79.42,grupoice.com,false,
2024-03-24 02:00:00,Costa Rica,Costa Rica,CR,88.34,164.04,78.24,78.24,grupoice.com,false,
2024-03-24 03:00:00,Costa Rica,Costa Rica,CR,94.86,174.24,76.63,76.63,grupoice.com,false,
2024-03-24 04:00:00,Costa Rica,Costa Rica,CR,102.35,186.1,74.79,74.79,grupoice.com,false,
2024-03-24 05:00:00,Costa Rica,Costa Rica,CR,110.24,198.61,72.85,72.85,grupoice.com,false,
2024-03-24 06:00:00,Costa Rica,Costa Rica,CR,116.9,209.44,71.21,71.21,grupoice.com,false,
2024-03-24 07:00:00,Costa Rica,Costa Rica,CR,114.42,206.06,71.82,71.82,grupoice.com,false,
2024-03-24 08:00:00,Costa Rica,Costa Rica,CR,118.26,212.33,70.87,70.87,grupoice.com,false,
2024-03-24 09:00:00,Costa Rica,Costa Rica,CR,120.07,215.37,70.43,70.43,grupoice.com,false,
2024-03-24 10:00:00,Costa Rica,Costa Rica,CR,122.44,219.5,69.84,69.84,grupoice.com,false,
2024-03-24 11:00:00,Costa Rica,Costa Rica,CR,123.92,221.53,69.48,69.48,grupoice.com,false,
2024-03-24 12:00:00,Costa Rica,Costa Rica,CR,118.62,212.46,70.78,70.78,grupoice.com,false,
2024-03-24 13:00:00,Costa Rica,Costa Rica,CR,104.22,189.22,74.33,74.33,grupoice.com,false,
2024-03-24 14:00:00,Costa Rica,Costa Rica,CR,93.64,171.92,76.94,76.94,grupoice.com,false,
2024-03-24 15:00:00,Costa Rica,Costa Rica,CR,87.51,162.18,78.45,78.45,grupoice.com,false,
2024-03-24 16:00:00,Costa Rica,Costa Rica,CR,84.23,157.26,79.25,79.25,grupoice.com,false,
2024-03-24 17:00:00,Costa Rica,Costa Rica,CR,80.67,151.7,80.13,80.13,grupoice.com,false,
2024-03-24 18:00:00,Costa Rica,Costa Rica,CR,80.31,150.92,80.22,80.22,grupoice.com,false,
2024-03-24 19:00:00,Costa Rica,Costa Rica,CR,82.17,154.17,79.76,79.76,grupoice.com,false,
2024-03-24 20:00:00,Costa Rica,Costa Rica,CR,83.72,156.76,79.38,79.38,grupoice.com,false,
2024-03-24 21:00:00,Costa Rica,Costa Rica,CR,87.0,161.98,78.57,78.57,grupoice.com,false,
2024-03-24 22:00:00,Costa Rica,Costa Rica,CR,87.03,161.53,78.56,78.56,grupoice.com,false,
2024-03-24 23:00:00,Costa Rica,Costa Rica,CR,90.75,167.41,77.65,77.65,grupoice.com,false,
2024-03-25 00:00:00,Costa Rica,Costa Rica,CR,83.07,155.07,79.54,79.54,grupoice.com,false,
2024-03-25 01:00:00,Costa Rica,Costa Rica,CR,89.48,165.1,77.96,77.96,grupoice.com,false,
2024-03-25 02:00:00,Costa Rica,Costa Rica,CR,92.24,169.74,77.28,77.28,grupoice.com,false,
2024-03-25 03:00:00,Costa Rica,Costa Rica,CR,100.45,182.67,75.26,75.26,grupoice.com,false,
2024-03-25 04:00:00,Costa Rica,Costa Rica,CR,111.11,199.94,72.63,72.63,grupoice.com,false,
2024-03-25 05:00:00,Costa Rica,Costa Rica,CR,120.53,215.05,70.31,70.31,grupoice.com,false,
2024-03-25 06:00:00,Costa Rica,Costa Rica,CR,131.28,233.75,67.67,67.67,grupoice.com,false,
2024-03-25 07:00:00,Costa Rica,Costa Rica,CR,138.77,245.66,65.82,65.82,grupoice.com,false,
2024-03-25 08:00:00,Costa Rica,Costa Rica,CR,141.28,249.61,65.2,65.2,grupoice.com,false,
2024-03-25 09:00:00,Costa Rica,Costa Rica,CR,142.37,251.82,64.93,64.93,grupoice.com,false,
2024-03-25 10:00:00,Costa Rica,Costa Rica,CR,136.88,243.35,66.28,66.28,grupoice.com,false,
2024-03-25 11:00:00,Costa Rica,Costa Rica,CR,124.41,221.98,69.36,69.36,grupoice.com,false,
2024-03-25 12:00:00,Costa Rica,Costa Rica,CR,112.6,203.04,72.27,72.27,grupoice.com,false,
2024-03-25 13:00:00,Costa Rica,Costa Rica,CR,98.21,180.23,75.81,75.81,grupoice.com,false,
2024-03-25 14:00:00,Costa Rica,Costa Rica,CR,89.42,166.12,77.97,77.97,grupoice.com,false,
2024-03-25 15:00:00,Costa Rica,Costa Rica,CR,82.05,154.36,79.79,79.79,grupoice.com,false,
2024-03-25 16:00:00,Costa Rica,Costa Rica,CR,75.24,143.41,81.47,81.47,grupoice.com,false,
2024-03-25 17:00:00,Costa Rica,Costa Rica,CR,72.71,139.7,82.09,82.09,grupoice.com,false,
2024-03-25 18:00:00,Costa Rica,Costa Rica,CR,71.21,137.11,82.46,82.46,grupoice.com,false,
2024-03-25 19:00:00,Costa Rica,Costa Rica,CR,67.75,131.71,83.3,83.3,grupoice.com,false,
2024-03-25 20:00:00,Costa Rica,Costa Rica,CR,74.17,141.95,81.73,81.73,grupoice.com,false,
2024-03-25 21:00:00,Costa Rica,Costa Rica,CR,75.86,143.86,81.32,81.32,grupoice.com,false,
2024-03-25 22:00:00,Costa Rica,Costa Rica,CR,77.46,145.75,80.92,80.92,grupoice.com,false,
2024-03-25 23:00:00,Costa Rica,Costa Rica,CR,80.97,151.66,80.06,80.06,grupoice.com,false,
2024-03-26 00:00:00,Costa Rica,Costa Rica,CR,79.29,149.56,80.47,80.47,grupoice.com,false,
2024-03-26 01:00:00,Costa Rica,Costa Rica,CR,78.09,147.95,80.77,80.77,grupoice.com,false,
2024-03-26 02:00:00,Costa Rica,Costa Rica,CR,82.1,154.48,79.78,79.78,grupoice.com,false,
2024-03-26 03:00:00,Costa Rica,Costa Rica,CR,89.51,166.14,77.95,77.95,grupoice.com,false,
2024-03-26 04:00:00,Costa Rica,Costa Rica,CR,102.51,186.53,74.75,74.75,grupoice.com,false,
2024-03-26 05:00:00,Costa Rica,Costa Rica,CR,120.69,216.03,70.27,70.27,grupoice.com,false,
2024-03-26 06:00:00,Costa Rica,Costa Rica,CR,128.42,228.92,68.37,68.37,grupoice.com,false,
2024-03-26 07:00:00,Costa Rica,Costa Rica,CR,133.98,237.91,67.0,67.0,grupoice.com,false,
2024-03-26 08:00:00,Costa Rica,Costa Rica,CR,138.08,244.74,65.99,65.99,grupoice.com,false,
2024-03-26 09:00:00,Costa Rica,Costa Rica,CR,138.16,244.66,65.97,65.97,grupoice.com,false,
2024-03-26 10:00:00,Costa Rica,Costa Rica,CR,131.93,234.58,67.5,67.5,grupoice.com,false,
2024-03-26 11:00:00,Costa Rica,Costa Rica,CR,121.78,218.32,70.0,70.0,grupoice.com,false,
2024-03-26 12:00:00,Costa Rica,Costa Rica,CR,109.25,198.62,73.09,73.09,grupoice.com,false,
2024-03-26 13:00:00,Costa Rica,Costa Rica,CR,95.41,176.27,76.5,76.5,grupoice.com,false,
2024-03-26 14:00:00,Costa Rica,Costa Rica,CR,89.37,165.89,77.99,77.99,grupoice.com,false,
2024-03-26 15:00:00,Costa Rica,Costa Rica,CR,84.42,157.96,79.21,79.21,grupoice.com,false,
2024-03-26 16:00:00,Costa Rica,Costa Rica,CR,81.19,152.86,80.0,80.0,grupoice.com,false,
2024-03-26 17:00:00,Costa Rica,Costa Rica,CR,76.88,146.29,81.06,81.06,grupoice.com,false,
2024-03-26 18:00:00,Costa Rica,Costa Rica,CR,74.27,141.88,81.71,81.71,grupoice.com,false,
2024-03-26 19:00:00,Costa Rica,Costa Rica,CR,73.17,139.93,81.98,81.98,grupoice.com,false,
2024-03-26 20:00:00,Costa Rica,Costa Rica,CR,74.71,142.25,81.6,81.6,grupoice.com,false,
2024-03-26 21:00:00,Costa Rica,Costa Rica,CR,80.21,150.9,80.24,80.24,grupoice.com,false,
2024-03-26 22:00:00,Costa Rica,Costa Rica,CR,83.49,155.55,79.43,79.43,grupoice.com,false,
2024-03-26 23:00:00,Costa Rica,Costa Rica,CR,85.34,158.72,78.98,78.98,grupoice.com,false,
2024-03-27 00:00:00,Costa Rica,Costa Rica,CR,81.45,152.64,79.93,79.93,grupoice.com,false,
2024-03-27 01:00:00,Costa Rica,Costa Rica,CR,81.21,152.4,79.99,79.99,grupoice.com,false,
2024-03-27 02:00:00,Costa Rica,Costa Rica,CR,86.54,161.0,78.68,78.68,grupoice.com,false,
2024-03-27 03:00:00,Costa Rica,Costa Rica,CR,91.3,168.45,77.51,77.51,grupoice.com,false,
2024-03-27 04:00:00,Costa Rica,Costa Rica,CR,103.3,188.46,74.55,74.55,grupoice.com,false,
2024-03-27 05:00:00,Costa Rica,Costa Rica,CR,119.29,214.39,70.62,70.62,grupoice.com,false,
2024-03-27 06:00:00,Costa Rica,Costa Rica,CR,136.14,241.19,66.47,66.47,grupoice.com,false,
2024-03-27 07:00:00,Costa Rica,Costa Rica,CR,146.17,257.96,64.0,64.0,grupoice.com,false,
2024-03-27 08:00:00,Costa Rica,Costa Rica,CR,150.14,264.1,63.02,63.02,grupoice.com,false,
2024-03-27 09:00:00,Costa Rica,Costa Rica,CR,150.61,265.02,62.9,62.9,grupoice.com,false,
2024-03-27 10:00:00,Costa Rica,Costa Rica,CR,144.72,255.64,64.36,64.36,grupoice.com,false,
2024-03-27 11:00:00,Costa Rica,Costa Rica,CR,137.68,243.65,66.08,66.08,grupoice.com,false,
2024-03-27 12:00:00,Costa Rica,Costa Rica,CR,127.08,226.91,68.69,68.69,grupoice.com,false,
2024-03-27 13:00:00,Costa Rica,Costa Rica,CR,114.72,207.68,71.74,71.74,grupoice.com,false,
2024-03-27 14:00:00,Costa Rica,Costa Rica,CR,103.42,189.25,74.53,74.53,grupoice.com,false,
2024-03-27 15:00:00,Costa Rica,Costa Rica,CR,97.44,179.59,76.0,76.0,grupoice.com,false,
2024-03-27 16:00:00,Costa Rica,Costa Rica,CR,84.77,158.7,79.12,79.12,grupoice.com,false,
2024-03-27 17:00:00,Costa Rica,Costa Rica,CR,80.31,151.36,80.22,80.22,grupoice.com,false,
2024-03-27 18:00:00,Costa Rica,Costa Rica,CR,80.0,150.99,80.3,80.3,grupoice.com,false,
2024-03-27 19:00:00,Costa Rica,Costa Rica,CR,79.19,149.48,80.48,80.48,grupoice.com,false,
2024-03-27 20:00:00,Costa Rica,Costa Rica,CR,80.43,151.42,80.19,80.19,grupoice.com,false,
2024-03-27 21:00:00,Costa Rica,Costa Rica,CR,82.18,154.01,79.76,79.76,grupoice.com,false,
2024-03-27 22:00:00,Costa Rica,Costa Rica,CR,87.8,162.88,78.37,78.37,grupoice.com,false,
2024-03-27 23:00:00,Costa Rica,Costa Rica,CR,90.15,166.71,77.8,77.8,grupoice.com,false,
2024-03-28 00:00:00,Costa Rica,Costa Rica,CR,83.92,156.65,79.32,79.32,grupoice.com,false,
2024-03-28 01:00:00,Costa Rica,Costa Rica,CR,86.56,161.26,78.68,78.68,grupoice.com,false,
2024-03-28 02:00:00,Costa Rica,Costa Rica,CR,90.6,167.32,77.68,77.68,grupoice.com,false,
2024-03-28 03:00:00,Costa Rica,Costa Rica,CR,97.42,177.88,76.0,76.0,grupoice.com,false,
2024-03-28 04:00:00,Costa Rica,Costa Rica,CR,116.73,209.48,71.24,71.24,grupoice.com,false,
2024-03-28 05:00:00,Costa Rica,Costa Rica,CR,131.35,233.53,67.64,67.64,grupoice.com,false,
2024-03-28 06:00:00,Costa Rica,Costa Rica,CR,143.53,253.28,64.64,64.64,grupoice.com,false,
2024-03-28 07:00:00,Costa Rica,Costa Rica,CR,151.29,266.13,62.73,62.73,grupoice.com,false,
2024-03-28 08:00:00,Costa Rica,Costa Rica,CR,155.95,273.95,61.58,61.58,grupoice.com,false,
2024-03-28 09:00:00,Costa Rica,Costa Rica,CR,159.35,279.28,60.75,60.75,grupoice.com,false,
2024-03-28 10:00:00,Costa Rica,Costa Rica,CR,158.97,278.78,60.85,60.85,grupoice.com,false,
2024-03-28 11:00:00,Costa Rica,Costa Rica,CR,162.95,284.77,59.86,59.86,grupoice.com,false,
2024-03-28 12:00:00,Costa Rica,Costa Rica,CR,157.35,275.68,61.24,61.24,grupoice.com,false,
2024-03-28 13:00:00,Costa Rica,Costa Rica,CR,139.06,246.4,65.75,65.75,grupoice.com,false,
2024-03-28 14:00:00,Costa Rica,Costa Rica,CR,124.11,222.53,69.43,69.43,grupoice.com,false,
2024-03-28 15:00:00,Costa Rica,Costa Rica,CR,113.45,205.39,72.06,72.06,grupoice.com,false,
2024-03-28 16:00:00,Costa Rica,Costa Rica,CR,109.69,199.02,72.98,72.98,grupoice.com,false,
2024-03-28 17:00:00,Costa Rica,Costa Rica,CR,105.25,191.63,74.08,74.08,grupoice.com,false,
2024-03-28 18:00:00,Costa Rica,Costa Rica,CR,104.85,191.06,74.17,74.17,grupoice.com,false,
2024-03-28 19:00:00,Costa Rica,Costa Rica,CR,108.01,196.22,73.4,73.4,grupoice.com,false,
2024-03-28 20:00:00,Costa Rica,Costa Rica,CR,111.72,202.35,72.48,72.48,grupoice.com,false,
2024-03-28 21:00:00,Costa Rica,Costa Rica,CR,115.17,207.95,71.63,71.63,grupoice.com,false,
2024-03-28 22:00:00,Costa Rica,Costa Rica,CR,114.83,207.62,71.72,71.72,grupoice.com,false,
2024-03-28 23:00:00,Costa Rica,Costa Rica,CR,105.56,190.94,74.0,74.0,grupoice.com,false,
2024-03-29 00:00:00,Costa Rica,Costa Rica,CR,97.0,177.02,76.11,76.11,grupoice.com,false,
2024-03-29 01:00:00,Costa Rica,Costa Rica,CR,96.99,176.46,76.11,76.11,grupoice.com,false,
2024-03-29 02:00:00,Costa Rica,Costa Rica,CR,102.36,185.32,74.79,74.79,grupoice.com,false,
2024-03-29 03:00:00,Costa Rica,Costa Rica,CR,108.93,195.43,73.17,73.17,grupoice.com,false,
2024-03-29 04:00:00,Costa Rica,Costa Rica,CR,131.13,232.14,67.7,67.7,grupoice.com,false,
2024-03-29 05:00:00,Costa Rica,Costa Rica,CR,135.86,239.94,66.54,66.54,grupoice.com,false,
2024-03-29 06:00:00,Costa Rica,Costa Rica,CR,103.13,190.16,74.6,74.6,grupoice.com,false,
2024-03-29 07:00:00,Costa Rica,Costa Rica,CR,105.52,192.92,74.01,74.01,grupoice.com,false,
2024-03-29 08:00:00,Costa Rica,Costa Rica,CR,113.59,205.21,72.02,72.02,grupoice.com,false,
2024-03-29 09:00:00,Costa Rica,Costa Rica,CR,106.78,194.62,73.7,73.7,grupoice.com,false,
2024-03-29 10:00:00,Costa Rica,Costa Rica,CR,89.07,167.26,78.06,78.06,grupoice.com,false,
2024-03-29 11:00:00,Costa Rica,Costa Rica,CR,69.5,136.52,82.88,82.88,grupoice.com,false,
2024-03-29 12:00:00,Costa Rica,Costa Rica,CR,68.51,133.8,83.12,83.12,grupoice.com,false,
2024-03-29 13:00:00,Costa Rica,Costa Rica,CR,71.27,138.68,82.45,82.45,grupoice.com,false,
2024-03-29 14:00:00,Costa Rica,Costa Rica,CR,63.95,127.33,84.25,84.25,grupoice.com,false,
2024-03-29 15:00:00,Costa Rica,Costa Rica,CR,59.14,118.84,85.43,85.43,grupoice.com,false,
2024-03-29 16:00:00,Costa Rica,Costa Rica,CR,67.74,133.1,83.31,83.31,grupoice.com,false,
2024-03-29 17:00:00,Costa Rica,Costa Rica,CR,67.57,131.58,83.36,83.36,grupoice.com,false,
2024-03-29 18:00:00,Costa Rica,Costa Rica,CR,69.03,133.57,83.0,83.0,grupoice.com,false,
2024-03-29 19:00:00,Costa Rica,Costa Rica,CR,74.86,142.7,81.56,81.56,grupoice.com,false,
2024-03-29 20:00:00,Costa Rica,Costa Rica,CR,77.32,146.55,80.95,80.95,grupoice.com,false,
2024-03-29 21:00:00,Costa Rica,Costa Rica,CR,80.48,151.99,80.18,80.18,grupoice.com,false,
2024-03-29 22:00:00,Costa Rica,Costa Rica,CR,83.72,157.51,79.38,79.38,grupoice.com,false,
2024-03-29 23:00:00,Costa Rica,Costa Rica,CR,75.5,142.89,81.4,81.4,grupoice.com,false,
2024-03-30 00:00:00,Costa Rica,Costa Rica,CR,74.53,140.87,81.64,81.64,grupoice.com,false,
2024-03-30 01:00:00,Costa Rica,Costa Rica,CR,89.43,163.65,77.97,77.97,grupoice.com,false,
2024-03-30 02:00:00,Costa Rica,Costa Rica,CR,99.22,179.05,75.56,75.56,grupoice.com,false,
2024-03-30 03:00:00,Costa Rica,Costa Rica,CR,107.33,191.74,73.56,73.56,grupoice.com,false,
2024-03-30 04:00:00,Costa Rica,Costa Rica,CR,113.24,203.96,72.11,72.11,grupoice.com,false,
2024-03-30 05:00:00,Costa Rica,Costa Rica,CR,102.27,187.43,74.81,74.81,grupoice.com,false,
2024-03-30 06:00:00,Costa Rica,Costa Rica,CR,109.99,198.87,72.91,72.91,grupoice.com,false,
2024-03-30 07:00:00,Costa Rica,Costa Rica,CR,111.43,201.64,72.55,72.55,grupoice.com,false,
2024-03-30 08:00:00,Costa Rica,Costa Rica,CR,106.43,194.61,73.79,73.79,grupoice.com,false,
2024-03-30 09:00:00,Costa Rica,Costa Rica,CR,94.52,176.33,76.72,76.72,grupoice.com,false,
2024-03-30 10:00:00,Costa Rica,Costa Rica,CR,88.13,166.31,78.29,78.29,grupoice.com,false,
2024-03-30 11:00:00,Costa Rica,Costa Rica,CR,84.56,160.33,79.17,79.17,grupoice.com,false,
2024-03-30 12:00:00,Costa Rica,Costa Rica,CR,74.61,144.44,81.62,81.62,grupoice.com,false,
2024-03-30 13:00:00,Costa Rica,Costa Rica,CR,75.64,146.89,81.37,81.37,grupoice.com,false,
2024-03-30 14:00:00,Costa Rica,Costa Rica,CR,72.21,140.73,82.21,82.21,grupoice.com,false,
2024-03-30 15:00:00,Costa Rica,Costa Rica,CR,85.47,160.1,78.95,78.95,grupoice.com,false,
2024-03-30 16:00:00,Costa Rica,Costa Rica,CR,56.18,114.69,86.16,86.16,grupoice.com,false,
2024-03-30 17:00:00,Costa Rica,Costa Rica,CR,53.21,109.77,86.89,86.89,grupoice.com,false,
2024-03-30 18:00:00,Costa Rica,Costa Rica,CR,62.96,124.79,84.49,84.49,grupoice.com,false,
2024-03-30 19:00:00,Costa Rica,Costa Rica,CR,75.4,144.39,81.43,81.43,grupoice.com,false,
2024-03-30 20:00:00,Costa Rica,Costa Rica,CR,81.84,154.27,79.84,79.84,grupoice.com,false,
2024-03-30 21:00:00,Costa Rica,Costa Rica,CR,86.08,161.31,78.8,78.8,grupoice.com,false,
2024-03-30 22:00:00,Costa Rica,Costa Rica,CR,87.23,163.01,78.52,78.52,grupoice.com,false,
2024-03-30 23:00:00,Costa Rica,Costa Rica,CR,77.95,146.06,80.8,80.8,grupoice.com,false,
2024-03-31 00:00:00,Costa Rica,Costa Rica,CR,71.68,136.04,82.34,82.34,grupoice.com,false,
2024-03-31 01:00:00,Costa Rica,Costa Rica,CR,73.07,138.08,82.0,82.0,grupoice.com,false,
2024-03-31 02:00:00,Costa Rica,Costa Rica,CR,75.07,141.08,81.51,81.51,grupoice.com,false,
2024-03-31 03:00:00,Costa Rica,Costa Rica,CR,80.83,149.83,80.09,80.09,grupoice.com,false,
2024-03-31 04:00:00,Costa Rica,Costa Rica,CR,91.03,167.8,77.58,77.58,grupoice.com,false,
2024-03-31 05:00:00,Costa Rica,Costa Rica,CR,92.05,170.65,77.33,77.33,grupoice.com,false,
2024-03-31 06:00:00,Costa Rica,Costa Rica,CR,77.46,148.2,80.92,80.92,grupoice.com,false,
2024-03-31 07:00:00,Costa Rica,Costa Rica,CR,72.89,141.79,82.05,82.05,grupoice.com,false,
2024-03-31 08:00:00,Costa Rica,Costa Rica,CR,74.39,144.46,81.68,81.68,grupoice.com,false,
2024-03-31 09:00:00,Costa Rica,Costa Rica,CR,64.69,129.28,84.07,84.07,grupoice.com,false,
2024-03-31 10:00:00,Costa Rica,Costa Rica,CR,62.97,126.39,84.49,84.49,grupoice.com,false,
2024-03-31 11:00:00,Costa Rica,Costa Rica,CR,55.91,115.67,86.23,86.23,grupoice.com,false,
2024-03-31 12:00:00,Costa Rica,Costa Rica,CR,46.58,101.34,88.53,88.53,grupoice.com,false,
2024-03-31 13:00:00,Costa Rica,Costa Rica,CR,43.35,96.39,89.32,89.32,grupoice.com,false,
2024-03-31 14:00:00,Costa Rica,Costa Rica,CR,53.63,111.62,86.79,86.79,grupoice.com,false,
2024-03-31 15:00:00,Costa Rica,Costa Rica,CR,58.17,118.22,85.67,85.67,grupoice.com,false,
2024-03-31 16:00:00,Costa Rica,Costa Rica,CR,46.67,100.22,88.51,88.51,grupoice.com,false,
2024-03-31 17:00:00,Costa Rica,Costa Rica,CR,47.58,102.14,88.28,88.28,grupoice.com,false,
2024-03-31 18:00:00,Costa Rica,Costa Rica,CR,57.32,117.21,85.88,85.88,grupoice.com,false,
2024-03-31 19:00:00,Costa Rica,Costa Rica,CR,90.28,168.22,77.76,77.76,grupoice.com,false,
2024-03-31 20:00:00,Costa Rica,Costa Rica,CR,93.72,173.73,76.92,76.92,grupoice.com,false,
2024-03-31 21:00:00,Costa Rica,Costa Rica,CR,97.72,179.98,75.93,75.93,grupoice.com,false,
2024-03-31 22:00:00,Costa Rica,Costa Rica,CR,99.85,183.43,75.41,75.41,grupoice.com,false,
2024-03-31 23:00:00,Costa Rica,Costa Rica,CR,97.1,176.0,76.08,76.08,grupoice.com,false,
2024-04-01 00:00:00,Costa Rica,Costa Rica,CR,88.17,161.65,78.28,78.28,grupoice.com,false,
2024-04-01 01:00:00,Costa Rica,Costa Rica,CR,88.2,161.35,78.28,78.28,grupoice.com,false,
2024-04-01 02:00:00,Costa Rica,Costa Rica,CR,92.44,167.88,77.23,77.23,grupoice.com,false,
2024-04-01 03:00:00,Costa Rica,Costa Rica,CR,101.07,181.34,75.11,75.11,grupoice.com,false,
2024-04-01 04:00:00,Costa Rica,Costa Rica,CR,125.01,221.3,69.21,69.21,grupoice.com,false,
2024-04-01 05:00:00,Costa Rica,Costa Rica,CR,138.83,243.8,65.8,65.8,grupoice.com,false,
2024-04-01 06:00:00,Costa Rica,Costa Rica,CR,136.9,241.71,66.28,66.28,grupoice.com,false,
2024-04-01 07:00:00,Costa Rica,Costa Rica,CR,115.26,208.62,71.61,71.61,grupoice.com,false,
2024-04-01 08:00:00,Costa Rica,Costa Rica,CR,103.85,191.01,74.42,74.42,grupoice.com,false,
2024-04-01 09:00:00,Costa Rica,Costa Rica,CR,100.32,185.63,75.29,75.29,grupoice.com,false,
2024-04-01 10:00:00,Costa Rica,Costa Rica,CR,119.03,214.25,70.68,70.68,grupoice.com,false,
2024-04-01 11:00:00,Costa Rica,Costa Rica,CR,127.53,226.29,68.59,68.59,grupoice.com,false,
2024-04-01 12:00:00,Costa Rica,Costa Rica,CR,113.95,204.29,71.93,71.93,grupoice.com,false,
2024-04-01 13:00:00,Costa Rica,Costa Rica,CR,102.43,185.64,74.77,74.77,grupoice.com,false,
2024-04-01 14:00:00,Costa Rica,Costa Rica,CR,95.23,174.55,76.54,76.54,grupoice.com,false,
2024-04-01 15:00:00,Costa Rica,Costa Rica,CR,88.04,162.55,78.32,78.32,grupoice.com,false,
2024-04-01 16:00:00,Costa Rica,Costa Rica,CR,84.76,157.64,79.12,79.12,grupoice.com,false,
2024-04-01 17:00:00,Costa Rica,Costa Rica,CR,80.21,150.19,80.24,80.24,grupoice.com,false,
2024-04-01 18:00:00,Costa Rica,Costa Rica,CR,80.6,150.97,80.15,80.15,grupoice.com,false,
2024-04-01 19:00:00,Costa Rica,Costa Rica,CR,75.25,142.29,81.47,81.47,grupoice.com,false,
2024-04-01 20:00:00,Costa Rica,Costa Rica,CR,74.0,140.23,81.77,81.77,grupoice.com,false,
2024-04-01 21:00:00,Costa Rica,Costa Rica,CR,74.8,141.57,81.57,81.57,grupoice.com,false,
2024-04-01 22:00:00,Costa Rica,Costa Rica,CR,81.05,151.4,80.04,80.04,grupoice.com,false,
2024-04-01 23:00:00,Costa Rica,Costa Rica,CR,81.05,150.99,80.04,80.04,grupoice.com,false,
2024-04-02 00:00:00,Costa Rica,Costa Rica,CR,75.76,142.72,81.34,81.34,grupoice.com,false,
2024-04-02 01:00:00,Costa Rica,Costa Rica,CR,76.79,143.93,81.09,81.09,grupoice.com,false,
2024-04-02 02:00:00,Costa Rica,Costa Rica,CR,79.67,148.03,80.38,80.38,grupoice.com,false,
2024-04-02 03:00:00,Costa Rica,Costa Rica,CR,85.13,156.55,79.03,79.03,grupoice.com,false,
2024-04-02 04:00:00,Costa Rica,Costa Rica,CR,100.54,181.52,75.24,75.24,grupoice.com,false,
2024-04-02 05:00:00,Costa Rica,Costa Rica,CR,119.85,212.81,70.48,70.48,grupoice.com,false,
2024-04-02 06:00:00,Costa Rica,Costa Rica,CR,125.31,221.93,69.14,69.14,grupoice.com,false,
2024-04-02 07:00:00,Costa Rica,Costa Rica,CR,117.56,210.28,71.04,71.04,grupoice.com,false,
2024-04-02 08:00:00,Costa Rica,Costa Rica,CR,114.36,206.01,71.83,71.83,grupoice.com,false,
2024-04-02 09:00:00,Costa Rica,Costa Rica,CR,115.68,208.44,71.51,71.51,grupoice.com,false,
2024-04-02 10:00:00,Costa Rica,Costa Rica,CR,124.29,221.05,69.39,69.39,grupoice.com,false,
2024-04-02 11:00:00,Costa Rica,Costa Rica,CR,111.39,200.79,72.57,72.57,grupoice.com,false,
2024-04-02 12:00:00,Costa Rica,Costa Rica,CR,100.83,183.48,75.16,75.16,grupoice.com,false,
2024-04-02 13:00:00,Costa Rica,Costa Rica,CR,98.9,180.37,75.64,75.64,grupoice.com,false,
2024-04-02 14:00:00,Costa Rica,Costa Rica,CR,92.58,170.17,77.2,77.2,grupoice.com,false,
2024-04-02 15:00:00,Costa Rica,Costa Rica,CR,89.47,165.22,77.96,77.96,grupoice.com,false,
2024-04-02 16:00:00,Costa Rica,Costa Rica,CR,85.09,158.73,79.04,79.04,grupoice.com,false,
2024-04-02 17:00:00,Costa Rica,Costa Rica,CR,80.1,151.04,80.27,80.27,grupoice.com,false,
2024-04-02 18:00:00,Costa Rica,Costa Rica,CR,75.48,143.4,81.41,81.41,grupoice.com,false,
2024-04-02 19:00:00,Costa Rica,Costa Rica,CR,74.34,141.87,81.69,81.69,grupoice.com,false,
2024-04-02 20:00:00,Costa Rica,Costa Rica,CR,75.0,143.08,81.53,81.53,grupoice.com,false,
2024-04-02 21:00:00,Costa Rica,Costa Rica,CR,74.48,141.94,81.66,81.66,grupoice.com,false,
2024-04-02 22:00:00,Costa Rica,Costa Rica,CR,76.41,144.97,81.18,81.18,grupoice.com,false,
2024-04-02 23:00:00,Costa Rica,Costa Rica,CR,79.29,149.45,80.47,80.47,grupoice.com,false,
2024-04-03 00:00:00,Costa Rica,Costa Rica,CR,74.37,141.72,81.68,81.68,grupoice.com,false,
2024-04-03 01:00:00,Costa Rica,Costa Rica,CR,77.59,146.84,80.89,80.89,grupoice.com,false,
2024-04-03 02:00:00,Costa Rica,Costa Rica,CR,81.01,152.02,80.05,80.05,grupoice.com,false,
2024-04-03 03:00:00,Costa Rica,Costa Rica,CR,90.83,167.64,77.63,77.63,grupoice.com,false,
2024-04-03 04:00:00,Costa Rica,Costa Rica,CR,101.87,185.44,74.91,74.91,grupoice.com,false,
2024-04-03 05:00:00,Costa Rica,Costa Rica,CR,112.08,201.74,72.39,72.39,Electricity Maps Estimation,true,ESTIMATED_TIME_SLICER_AVERAGE
2024-04-03 06:00:00,Costa Rica,Costa Rica,CR,125.77,224.3,69.02,69.02,grupoice.com,false,
2024-04-03 07:00:00,Costa Rica,Costa Rica,CR,131.83,234.27,67.53,67.53,grupoice.com,false,
2024-04-03 08:00:00,Costa Rica,Costa Rica,CR,138.64,245.77,65.85,65.85,grupoice.com,false,
2024-04-03 09:00:00,Costa Rica,Costa Rica,CR,138.67,246.42,65.85,65.85,grupoice.com,false,
2024-04-03 10:00:00,Costa Rica,Costa Rica,CR,119.54,216.0,70.56,70.56,grupoice.com,false,
2024-04-03 11:00:00,Costa Rica,Costa Rica,CR,105.57,193.52,74.0,74.0,grupoice.com,false,
2024-04-03 12:00:00,Costa Rica,Costa Rica,CR,91.72,170.88,77.41,77.41,grupoice.com,false,
2024-04-03 13:00:00,Costa Rica,Costa Rica,CR,84.64,158.81,79.15,79.15,grupoice.com,false,
2024-04-03 14:00:00,Costa Rica,Costa Rica,CR,78.53,148.85,80.66,80.66,grupoice.com,false,
2024-04-03 15:00:00,Costa Rica,Costa Rica,CR,75.8,144.56,81.33,81.33,grupoice.com,false,
2024-04-03 16:00:00,Costa Rica,Costa Rica,CR,71.37,137.45,82.42,82.42,grupoice.com,false,
2024-04-03 17:00:00,Costa Rica,Costa Rica,CR,66.3,129.41,83.67,83.67,grupoice.com,false,
2024-04-03 18:00:00,Costa Rica,Costa Rica,CR,65.16,127.54,83.95,83.95,grupoice.com,false,
2024-04-03 19:00:00,Costa Rica,Costa Rica,CR,66.67,130.04,83.58,83.58,grupoice.com,false,
2024-04-03 20:00:00,Costa Rica,Costa Rica,CR,67.11,130.67,83.47,83.47,grupoice.com,false,
2024-04-03 21:00:00,Costa Rica,Costa Rica,CR,68.13,132.1,83.22,83.22,grupoice.com,false,
2024-04-03 22:00:00,Costa Rica,Costa Rica,CR,72.83,139.4,82.06,82.06,grupoice.com,false,
2024-04-03 23:00:00,Costa Rica,Costa Rica,CR,81.0,152.11,80.05,80.05,grupoice.com,false,
2024-04-04 00:00:00,Costa Rica,Costa Rica,CR,79.39,149.46,80.45,80.45,grupoice.com,false,
2024-04-04 01:00:00,Costa Rica,Costa Rica,CR,84.35,157.45,79.22,79.22,grupoice.com,false,
2024-04-04 02:00:00,Costa Rica,Costa Rica,CR,88.58,164.08,78.18,78.18,grupoice.com,false,
2024-04-04 03:00:00,Costa Rica,Costa Rica,CR,96.68,176.94,76.19,76.19,grupoice.com,false,
2024-04-04 04:00:00,Costa Rica,Costa Rica,CR,106.15,191.89,73.86,73.86,grupoice.com,false,
2024-04-04 05:00:00,Costa Rica,Costa Rica,CR,124.83,222.85,69.25,69.25,Electricity Maps Estimation,true,ESTIMATED_TIME_SLICER_AVERAGE
2024-04-04 06:00:00,Costa Rica,Costa Rica,CR,141.96,250.5,65.03,65.03,grupoice.com,false,
2024-04-04 07:00:00,Costa Rica,Costa Rica,CR,148.01,260.62,63.54,63.54,grupoice.com,false,
2024-04-04 08:00:00,Costa Rica,Costa Rica,CR,153.69,269.82,62.15,62.15,grupoice.com,false,
2024-04-04 09:00:00,Costa Rica,Costa Rica,CR,153.88,270.21,62.1,62.1,grupoice.com,false,
2024-04-04 10:00:00,Costa Rica,Costa Rica,CR,142.83,252.66,64.82,64.82,grupoice.com,false,
2024-04-04 11:00:00,Costa Rica,Costa Rica,CR,124.87,222.72,69.24,69.24,grupoice.com,false,
2024-04-04 12:00:00,Costa Rica,Costa Rica,CR,115.9,207.85,71.45,71.45,grupoice.com,false,
2024-04-04 13:00:00,Costa Rica,Costa Rica,CR,98.37,178.97,75.77,75.77,grupoice.com,false,
2024-04-04 14:00:00,Costa Rica,Costa Rica,CR,87.33,161.51,78.49,78.49,grupoice.com,false,
2024-04-04 15:00:00,Costa Rica,Costa Rica,CR,78.32,147.29,80.71,80.71,grupoice.com,false,
2024-04-04 16:00:00,Costa Rica,Costa Rica,CR,74.48,141.38,81.66,81.66,grupoice.com,false,
2024-04-04 17:00:00,Costa Rica,Costa Rica,CR,75.75,143.3,81.34,81.34,grupoice.com,false,
2024-04-04 18:00:00,Costa Rica,Costa Rica,CR,75.51,142.9,81.4,81.4,grupoice.com,false,
2024-04-04 19:00:00,Costa Rica,Costa Rica,CR,69.16,133.17,82.97,82.97,grupoice.com,false,
2024-04-04 20:00:00,Costa Rica,Costa Rica,CR,70.32,134.88,82.68,82.68,grupoice.com,false,
2024-04-04 21:00:00,Costa Rica,Costa Rica,CR,71.3,136.68,82.44,82.44,grupoice.com,false,
2024-04-04 22:00:00,Costa Rica,Costa Rica,CR,80.09,150.22,80.27,80.27,grupoice.com,false,
2024-04-04 23:00:00,Costa Rica,Costa Rica,CR,84.74,157.86,79.13,79.13,grupoice.com,false,
2024-04-05 00:00:00,Costa Rica,Costa Rica,CR,84.09,156.71,79.29,79.29,grupoice.com,false,
2024-04-05 01:00:00,Costa Rica,Costa Rica,CR,85.61,159.22,78.91,78.91,grupoice.com,false,
2024-04-05 02:00:00,Costa Rica,Costa Rica,CR,89.23,165.29,78.02,78.02,grupoice.com,false,
2024-04-05 03:00:00,Costa Rica,Costa Rica,CR,99.54,181.27,75.48,75.48,grupoice.com,false,
2024-04-05 04:00:00,Costa Rica,Costa Rica,CR,120.67,215.62,70.28,70.28,grupoice.com,false,
2024-04-05 05:00:00,Costa Rica,Costa Rica,CR,130.99,232.27,67.74,67.74,grupoice.com,false,
2024-04-05 06:00:00,Costa Rica,Costa Rica,CR,129.04,229.76,68.22,68.22,grupoice.com,false,
2024-04-05 07:00:00,Costa Rica,Costa Rica,CR,139.91,247.14,65.54,65.54,grupoice.com,false,
2024-04-05 08:00:00,Costa Rica,Costa Rica,CR,149.35,261.66,63.21,63.21,grupoice.com,false,
2024-04-05 09:00:00,Costa Rica,Costa Rica,CR,149.15,260.73,63.26,63.26,grupoice.com,false,
2024-04-05 10:00:00,Costa Rica,Costa Rica,CR,141.43,248.21,65.17,65.17,grupoice.com,false,
2024-04-05 11:00:00,Costa Rica,Costa Rica,CR,125.04,221.23,69.2,69.2,grupoice.com,false,
2024-04-05 12:00:00,Costa Rica,Costa Rica,CR,111.95,200.24,72.43,72.43,grupoice.com,false,
2024-04-05 13:00:00,Costa Rica,Costa Rica,CR,101.09,182.06,75.1,75.1,grupoice.com,false,
2024-04-05 14:00:00,Costa Rica,Costa Rica,CR,93.91,170.3,76.87,76.87,grupoice.com,false,
2024-04-05 15:00:00,Costa Rica,Costa Rica,CR,90.04,164.15,77.82,77.82,grupoice.com,false,
2024-04-05 16:00:00,Costa Rica,Costa Rica,CR,85.82,157.69,78.86,78.86,grupoice.com,false,
2024-04-05 17:00:00,Costa Rica,Costa Rica,CR,81.71,151.2,79.87,79.87,grupoice.com,false,
2024-04-05 18:00:00,Costa Rica,Costa Rica,CR,81.34,150.53,79.97,79.97,grupoice.com,false,
2024-04-05 19:00:00,Costa Rica,Costa Rica,CR,76.65,143.61,81.12,81.12,grupoice.com,false,
2024-04-05 20:00:00,Costa Rica,Costa Rica,CR,75.88,142.86,81.31,81.31,grupoice.com,false,
2024-04-05 21:00:00,Costa Rica,Costa Rica,CR,77.43,145.2,80.93,80.93,grupoice.com,false,
2024-04-05 22:00:00,Costa Rica,Costa Rica,CR,79.8,148.83,80.34,80.34,grupoice.com,false,
2024-04-05 23:00:00,Costa Rica,Costa Rica,CR,83.4,154.57,79.46,79.46,grupoice.com,false,
2024-04-06 00:00:00,Costa Rica,Costa Rica,CR,76.59,143.32,81.13,81.13,grupoice.com,false,
2024-04-06 01:00:00,Costa Rica,Costa Rica,CR,77.68,145.17,80.87,80.87,grupoice.com,false,
2024-04-06 02:00:00,Costa Rica,Costa Rica,CR,82.03,152.02,79.8,79.8,grupoice.com,false,
2024-04-06 03:00:00,Costa Rica,Costa Rica,CR,89.05,162.98,78.07,78.07,grupoice.com,false,
2024-04-06 04:00:00,Costa Rica,Costa Rica,CR,101.76,184.34,74.94,74.94,grupoice.com,false,
2024-04-06 05:00:00,Costa Rica,Costa Rica,CR,112.05,201.57,72.4,72.4,grupoice.com,false,
2024-04-06 06:00:00,Costa Rica,Costa Rica,CR,121.44,216.32,70.09,70.09,grupoice.com,false,
2024-04-06 07:00:00,Costa Rica,Costa Rica,CR,122.19,217.61,69.9,69.9,grupoice.com,false,
2024-04-06 08:00:00,Costa Rica,Costa Rica,CR,119.01,212.73,70.69,70.69,grupoice.com,false,
2024-04-06 09:00:00,Costa Rica,Costa Rica,CR,118.85,212.58,70.73,70.73,grupoice.com,false,
2024-04-06 10:00:00,Costa Rica,Costa Rica,CR,114.73,206.32,71.74,71.74,grupoice.com,false,
2024-04-06 11:00:00,Costa Rica,Costa Rica,CR,115.86,208.12,71.46,71.46,grupoice.com,false,
2024-04-06 12:00:00,Costa Rica,Costa Rica,CR,113.95,203.92,71.93,71.93,grupoice.com,false,
2024-04-06 13:00:00,Costa Rica,Costa Rica,CR,103.5,187.25,74.51,74.51,grupoice.com,false,
2024-04-06 14:00:00,Costa Rica,Costa Rica,CR,94.96,173.72,76.61,76.61,grupoice.com,false,
2024-04-06 15:00:00,Costa Rica,Costa Rica,CR,86.57,159.93,78.68,78.68,grupoice.com,false,
2024-04-06 16:00:00,Costa Rica,Costa Rica,CR,83.23,154.39,79.5,79.5,grupoice.com,false,
2024-04-06 17:00:00,Costa Rica,Costa Rica,CR,81.73,151.99,79.87,79.87,grupoice.com,false,
2024-04-06 18:00:00,Costa Rica,Costa Rica,CR,87.11,160.1,78.54,78.54,grupoice.com,false,
2024-04-06 19:00:00,Costa Rica,Costa Rica,CR,89.33,163.75,78.0,78.0,grupoice.com,false,
2024-04-06 20:00:00,Costa Rica,Costa Rica,CR,92.62,168.96,77.19,77.19,grupoice.com,false,
2024-04-06 21:00:00,Costa Rica,Costa Rica,CR,94.02,171.02,76.84,76.84,grupoice.com,false,
2024-04-06 22:00:00,Costa Rica,Costa Rica,CR,96.47,174.98,76.24,76.24,grupoice.com,false,
2024-04-06 23:00:00,Costa Rica,Costa Rica,CR,95.25,172.9,76.54,76.54,grupoice.com,false,
2024-04-07 00:00:00,Costa Rica,Costa Rica,CR,88.71,162.59,78.15,78.15,grupoice.com,false,
2024-04-07 01:00:00,Costa Rica,Costa Rica,CR,87.34,160.17,78.49,78.49,grupoice.com,false,
2024-04-07 02:00:00,Costa Rica,Costa Rica,CR,91.42,166.51,77.48,77.48,grupoice.com,false,
2024-04-07 03:00:00,Costa Rica,Costa Rica,CR,97.74,176.16,75.93,75.93,grupoice.com,false,
2024-04-07 04:00:00,Costa Rica,Costa Rica,CR,119.48,211.72,70.57,70.57,grupoice.com,false,
2024-04-07 05:00:00,Costa Rica,Costa Rica,CR,121.81,216.0,70.0,70.0,grupoice.com,false,
2024-04-07 06:00:00,Costa Rica,Costa Rica,CR,127.06,224.76,68.7,68.7,grupoice.com,false,
2024-04-07 07:00:00,Costa Rica,Costa Rica,CR,129.9,229.91,68.01,68.01,grupoice.com,false,
2024-04-07 08:00:00,Costa Rica,Costa Rica,CR,131.98,233.34,67.49,67.49,grupoice.com,false,
2024-04-07 09:00:00,Costa Rica,Costa Rica,CR,127.84,226.63,68.51,68.51,grupoice.com,false,
2024-04-07 10:00:00,Costa Rica,Costa Rica,CR,121.25,216.48,70.14,70.14,grupoice.com,false,
2024-04-07 11:00:00,Costa Rica,Costa Rica,CR,108.02,195.91,73.39,73.39,grupoice.com,false,
2024-04-07 12:00:00,Costa Rica,Costa Rica,CR,118.44,211.66,70.83,70.83,grupoice.com,false,
2024-04-07 13:00:00,Costa Rica,Costa Rica,CR,109.6,196.52,73.0,73.0,grupoice.com,false,
2024-04-07 14:00:00,Costa Rica,Costa Rica,CR,99.04,179.63,75.61,75.61,grupoice.com,false,
2024-04-07 15:00:00,Costa Rica,Costa Rica,CR,99.66,180.25,75.45,75.45,grupoice.com,false,
2024-04-07 16:00:00,Costa Rica,Costa Rica,CR,91.98,168.76,77.35,77.35,grupoice.com,false,
2024-04-07 17:00:00,Costa Rica,Costa Rica,CR,85.75,159.04,78.88,78.88,grupoice.com,false,
2024-04-07 18:00:00,Costa Rica,Costa Rica,CR,90.0,165.19,77.83,77.83,grupoice.com,false,
2024-04-07 19:00:00,Costa Rica,Costa Rica,CR,99.98,180.67,75.38,75.38,grupoice.com,false,
2024-04-07 20:00:00,Costa Rica,Costa Rica,CR,104.45,187.58,74.27,74.27,grupoice.com,false,
2024-04-07 21:00:00,Costa Rica,Costa Rica,CR,98.87,178.84,75.65,75.65,grupoice.com,false,
2024-04-07 22:00:00,Costa Rica,Costa Rica,CR,100.33,181.66,75.29,75.29,grupoice.com,false,
2024-04-07 23:00:00,Costa Rica,Costa Rica,CR,88.15,162.3,78.29,78.29,grupoice.com,false,
2024-04-08 00:00:00,Costa Rica,Costa Rica,CR,97.09,175.86,76.09,76.09,grupoice.com,false,
2024-04-08 01:00:00,Costa Rica,Costa Rica,CR,98.02,177.1,75.86,75.86,grupoice.com,false,
2024-04-08 02:00:00,Costa Rica,Costa Rica,CR,96.33,174.34,76.27,76.27,grupoice.com,false,
2024-04-08 03:00:00,Costa Rica,Costa Rica,CR,84.4,156.21,79.21,79.21,grupoice.com,false,
2024-04-08 04:00:00,Costa Rica,Costa Rica,CR,79.07,149.84,80.52,80.52,grupoice.com,false,
2024-04-08 05:00:00,Costa Rica,Costa Rica,CR,74.38,143.55,81.68,81.68,grupoice.com,false,
2024-04-08 06:00:00,Costa Rica,Costa Rica,CR,77.64,148.87,80.88,80.88,grupoice.com,false,
2024-04-08 07:00:00,Costa Rica,Costa Rica,CR,75.73,146.39,81.35,81.35,grupoice.com,false,
2024-04-08 08:00:00,Costa Rica,Costa Rica,CR,73.21,143.0,81.97,81.97,grupoice.com,false,
2024-04-08 09:00:00,Costa Rica,Costa Rica,CR,76.02,147.53,81.28,81.28,grupoice.com,false,
2024-04-08 10:00:00,Costa Rica,Costa Rica,CR,82.29,155.96,79.73,79.73,grupoice.com,false,
2024-04-08 11:00:00,Costa Rica,Costa Rica,CR,109.02,196.75,73.15,73.15,grupoice.com,false,
2024-04-08 12:00:00,Costa Rica,Costa Rica,CR,111.49,199.18,72.54,72.54,grupoice.com,false,
2024-04-08 13:00:00,Costa Rica,Costa Rica,CR,106.12,190.8,73.86,73.86,grupoice.com,false,
2024-04-08 14:00:00,Costa Rica,Costa Rica,CR,97.67,176.56,75.94,75.94,grupoice.com,false,
2024-04-08 15:00:00,Costa Rica,Costa Rica,CR,90.74,165.75,77.65,77.65,grupoice.com,false,
2024-04-08 16:00:00,Costa Rica,Costa Rica,CR,86.17,158.58,78.78,78.78,grupoice.com,false,
2024-04-08 17:00:00,Costa Rica,Costa Rica,CR,90.1,164.69,77.81,77.81,grupoice.com,false,
2024-04-08 18:00:00,Costa Rica,Costa Rica,CR,90.11,164.87,77.81,77.81,grupoice.com,false,
2024-04-08 19:00:00,Costa Rica,Costa Rica,CR,89.22,163.12,78.02,78.02,grupoice.com,false,
2024-04-08 20:00:00,Costa Rica,Costa Rica,CR,91.63,166.93,77.43,77.43,grupoice.com,false,
2024-04-08 21:00:00,Costa Rica,Costa Rica,CR,90.02,163.92,77.83,77.83,grupoice.com,false,
2024-04-08 22:00:00,Costa Rica,Costa Rica,CR,94.63,171.09,76.69,76.69,grupoice.com,false,
2024-04-08 23:00:00,Costa Rica,Costa Rica,CR,97.2,175.38,76.06,76.06,grupoice.com,false,
2024-04-09 00:00:00,Costa Rica,Costa Rica,CR,89.28,162.98,78.01,78.01,grupoice.com,false,
2024-04-09 01:00:00,Costa Rica,Costa Rica,CR,90.75,165.18,77.65,77.65,grupoice.com,false,
2024-04-09 02:00:00,Costa Rica,Costa Rica,CR,94.22,170.59,76.79,76.79,grupoice.com,false,
2024-04-09 03:00:00,Costa Rica,Costa Rica,CR,104.52,186.92,74.26,74.26,grupoice.com,false,
2024-04-09 04:00:00,Costa Rica,Costa Rica,CR,120.52,212.69,70.32,70.32,grupoice.com,false,
2024-04-09 05:00:00,Costa Rica,Costa Rica,CR,123.68,218.93,69.54,69.54,grupoice.com,false,
2024-04-09 06:00:00,Costa Rica,Costa Rica,CR,114.87,205.48,71.71,71.71,grupoice.com,false,
2024-04-09 07:00:00,Costa Rica,Costa Rica,CR,114.35,205.15,71.84,71.84,grupoice.com,false,
2024-04-09 08:00:00,Costa Rica,Costa Rica,CR,116.25,208.39,71.37,71.37,grupoice.com,false,
2024-04-09 09:00:00,Costa Rica,Costa Rica,CR,114.29,205.38,71.85,71.85,grupoice.com,false,
2024-04-09 10:00:00,Costa Rica,Costa Rica,CR,119.53,213.34,70.56,70.56,grupoice.com,false,
2024-04-09 11:00:00,Costa Rica,Costa Rica,CR,126.97,224.04,68.73,68.73,grupoice.com,false,
2024-04-09 12:00:00,Costa Rica,Costa Rica,CR,115.12,204.57,71.64,71.64,grupoice.com,false,
2024-04-09 13:00:00,Costa Rica,Costa Rica,CR,101.59,183.32,74.98,74.98,grupoice.com,false,
2024-04-09 14:00:00,Costa Rica,Costa Rica,CR,98.68,178.18,75.69,75.69,grupoice.com,false,
2024-04-09 15:00:00,Costa Rica,Costa Rica,CR,97.66,176.46,75.95,75.95,grupoice.com,false,
2024-04-09 16:00:00,Costa Rica,Costa Rica,CR,93.14,169.37,77.06,77.06,grupoice.com,false,
2024-04-09 17:00:00,Costa Rica,Costa Rica,CR,89.54,163.9,77.95,77.95,grupoice.com,false,
2024-04-09 18:00:00,Costa Rica,Costa Rica,CR,83.78,154.9,79.37,79.37,grupoice.com,false,
2024-04-09 19:00:00,Costa Rica,Costa Rica,CR,83.4,153.78,79.46,79.46,grupoice.com,false,
2024-04-09 20:00:00,Costa Rica,Costa Rica,CR,83.78,154.57,79.36,79.36,grupoice.com,false,
2024-04-09 21:00:00,Costa Rica,Costa Rica,CR,83.75,154.38,79.37,79.37,grupoice.com,false,
2024-04-09 22:00:00,Costa Rica,Costa Rica,CR,86.58,158.57,78.68,78.68,grupoice.com,false,
2024-04-09 23:00:00,Costa Rica,Costa Rica,CR,95.75,172.66,76.42,76.42,grupoice.com,false,
2024-04-10 00:00:00,Costa Rica,Costa Rica,CR,90.71,164.92,77.66,77.66,grupoice.com,false,
2024-04-10 01:00:00,Costa Rica,Costa Rica,CR,90.06,164.05,77.82,77.82,grupoice.com,false,
2024-04-10 02:00:00,Costa Rica,Costa Rica,CR,92.32,167.68,77.26,77.26,grupoice.com,false,
2024-04-10 03:00:00,Costa Rica,Costa Rica,CR,101.56,182.07,74.98,74.98,grupoice.com,false,
2024-04-10 04:00:00,Costa Rica,Costa Rica,CR,111.15,198.57,72.62,72.62,grupoice.com,false,
2024-04-10 05:00:00,Costa Rica,Costa Rica,CR,112.57,201.82,72.27,72.27,grupoice.com,false,
2024-04-10 06:00:00,Costa Rica,Costa Rica,CR,117.99,210.43,70.94,70.94,grupoice.com,false,
2024-04-10 07:00:00,Costa Rica,Costa Rica,CR,124.62,222.03,69.31,69.31,grupoice.com,false,
2024-04-10 08:00:00,Costa Rica,Costa Rica,CR,131.25,232.22,67.67,67.67,grupoice.com,false,
2024-04-10 09:00:00,Costa Rica,Costa Rica,CR,130.79,231.73,67.79,67.79,grupoice.com,false,
2024-04-10 10:00:00,Costa Rica,Costa Rica,CR,127.61,226.24,68.57,68.57,grupoice.com,false,
2024-04-10 11:00:00,Costa Rica,Costa Rica,CR,122.51,217.64,69.83,69.83,grupoice.com,false,
2024-04-10 12:00:00,Costa Rica,Costa Rica,CR,108.28,194.41,73.33,73.33,grupoice.com,false,
2024-04-10 13:00:00,Costa Rica,Costa Rica,CR,104.13,188.19,74.35,74.35,grupoice.com,false,
2024-04-10 14:00:00,Costa Rica,Costa Rica,CR,99.2,180.43,75.57,75.57,grupoice.com,false,
2024-04-10 15:00:00,Costa Rica,Costa Rica,CR,100.9,182.85,75.15,75.15,grupoice.com,false,
2024-04-10 16:00:00,Costa Rica,Costa Rica,CR,98.77,179.54,75.67,75.67,grupoice.com,false,
2024-04-10 17:00:00,Costa Rica,Costa Rica,CR,94.61,172.96,76.7,76.7,grupoice.com,false,
2024-04-10 18:00:00,Costa Rica,Costa Rica,CR,90.18,165.18,77.79,77.79,grupoice.com,false,
2024-04-10 19:00:00,Costa Rica,Costa Rica,CR,89.18,163.38,78.03,78.03,grupoice.com,false,
2024-04-10 20:00:00,Costa Rica,Costa Rica,CR,92.12,168.06,77.31,77.31,grupoice.com,false,
2024-04-10 21:00:00,Costa Rica,Costa Rica,CR,94.19,171.38,76.8,76.8,grupoice.com,false,
2024-04-10 22:00:00,Costa Rica,Costa Rica,CR,94.89,172.54,76.63,76.63,grupoice.com,false,
2024-04-10 23:00:00,Costa Rica,Costa Rica,CR,95.72,173.84,76.42,76.42,grupoice.com,false,
2024-04-11 00:00:00,Costa Rica,Costa Rica,CR,89.16,163.23,78.04,78.04,grupoice.com,false,
2024-04-11 01:00:00,Costa Rica,Costa Rica,CR,91.24,166.39,77.53,77.53,grupoice.com,false,
2024-04-11 02:00:00,Costa Rica,Costa Rica,CR,96.26,174.16,76.29,76.29,grupoice.com,false,
2024-04-11 03:00:00,Costa Rica,Costa Rica,CR,106.15,189.1,73.85,73.85,grupoice.com,false,
2024-04-11 04:00:00,Costa Rica,Costa Rica,CR,120.76,212.3,70.26,70.26,grupoice.com,false,
2024-04-11 05:00:00,Costa Rica,Costa Rica,CR,139.56,242.76,65.63,65.63,grupoice.com,false,
2024-04-11 06:00:00,Costa Rica,Costa Rica,CR,142.06,246.99,65.01,65.01,grupoice.com,false,
2024-04-11 07:00:00,Costa Rica,Costa Rica,CR,139.17,242.73,65.72,65.72,grupoice.com,false,
2024-04-11 08:00:00,Costa Rica,Costa Rica,CR,126.05,222.28,68.95,68.95,grupoice.com,false,
2024-04-11 09:00:00,Costa Rica,Costa Rica,CR,123.12,218.09,69.67,69.67,grupoice.com,false,
2024-04-11 10:00:00,Costa Rica,Costa Rica,CR,125.99,222.55,68.97,68.97,grupoice.com,false,
2024-04-11 11:00:00,Costa Rica,Costa Rica,CR,124.7,220.22,69.29,69.29,grupoice.com,false,
2024-04-11 12:00:00,Costa Rica,Costa Rica,CR,112.28,200.27,72.35,72.35,grupoice.com,false,
2024-04-11 13:00:00,Costa Rica,Costa Rica,CR,99.47,180.2,75.5,75.5,grupoice.com,false,
2024-04-11 14:00:00,Costa Rica,Costa Rica,CR,92.86,170.02,77.13,77.13,grupoice.com,false,
2024-04-11 15:00:00,Costa Rica,Costa Rica,CR,90.3,165.71,77.76,77.76,grupoice.com,false,
2024-04-11 16:00:00,Costa Rica,Costa Rica,CR,86.87,160.54,78.6,78.6,grupoice.com,false,
2024-04-11 17:00:00,Costa Rica,Costa Rica,CR,82.99,154.52,79.56,79.56,grupoice.com,false,
2024-04-11 18:00:00,Costa Rica,Costa Rica,CR,83.5,155.53,79.43,79.43,grupoice.com,false,
2024-04-11 19:00:00,Costa Rica,Costa Rica,CR,83.37,155.38,79.47,79.47,grupoice.com,false,
2024-04-11 20:00:00,Costa Rica,Costa Rica,CR,79.23,148.2,80.49,80.49,grupoice.com,false,
2024-04-11 21:00:00,Costa Rica,Costa Rica,CR,79.31,148.21,80.47,80.47,grupoice.com,false,
2024-04-11 22:00:00,Costa Rica,Costa Rica,CR,80.76,150.37,80.11,80.11,grupoice.com,false,
2024-04-11 23:00:00,Costa Rica,Costa Rica,CR,89.62,163.64,77.93,77.93,grupoice.com,false,
2024-04-12 00:00:00,Costa Rica,Costa Rica,CR,87.78,160.49,78.38,78.38,grupoice.com,false,
2024-04-12 01:00:00,Costa Rica,Costa Rica,CR,90.06,164.18,77.82,77.82,grupoice.com,false,
2024-04-12 02:00:00,Costa Rica,Costa Rica,CR,94.63,171.35,76.69,76.69,grupoice.com,false,
2024-04-12 03:00:00,Costa Rica,Costa Rica,CR,101.27,181.73,75.06,75.06,grupoice.com,false,
2024-04-12 04:00:00,Costa Rica,Costa Rica,CR,120.86,213.62,70.23,70.23,grupoice.com,false,
2024-04-12 05:00:00,Costa Rica,Costa Rica,CR,132.62,232.35,67.34,67.34,grupoice.com,false,
2024-04-12 06:00:00,Costa Rica,Costa Rica,CR,138.62,241.5,65.86,65.86,grupoice.com,false,
2024-04-12 07:00:00,Costa Rica,Costa Rica,CR,140.44,244.64,65.41,65.41,grupoice.com,false,
2024-04-12 08:00:00,Costa Rica,Costa Rica,CR,144.1,250.68,64.51,64.51,grupoice.com,false,
2024-04-12 09:00:00,Costa Rica,Costa Rica,CR,139.67,243.94,65.6,65.6,grupoice.com,false,
2024-04-12 10:00:00,Costa Rica,Costa Rica,CR,137.13,240.09,66.22,66.22,grupoice.com,false,
2024-04-12 11:00:00,Costa Rica,Costa Rica,CR,126.67,223.3,68.8,68.8,grupoice.com,false,
2024-04-12 12:00:00,Costa Rica,Costa Rica,CR,112.7,200.77,72.24,72.24,grupoice.com,false,
2024-04-12 13:00:00,Costa Rica,Costa Rica,CR,106.39,190.99,73.79,73.79,grupoice.com,false,
2024-04-12 14:00:00,Costa Rica,Costa Rica,CR,99.61,180.05,75.47,75.47,grupoice.com,false,
2024-04-12 15:00:00,Costa Rica,Costa Rica,CR,95.97,174.32,76.36,76.36,grupoice.com,false,
2024-04-12 16:00:00,Costa Rica,Costa Rica,CR,89.37,163.92,77.99,77.99,grupoice.com,false,
2024-04-12 17:00:00,Costa Rica,Costa Rica,CR,85.27,157.35,79.0,79.0,grupoice.com,false,
2024-04-12 18:00:00,Costa Rica,Costa Rica,CR,85.76,157.94,78.88,78.88,grupoice.com,false,
2024-04-12 19:00:00,Costa Rica,Costa Rica,CR,86.4,158.64,78.72,78.72,grupoice.com,false,
2024-04-12 20:00:00,Costa Rica,Costa Rica,CR,88.06,161.35,78.31,78.31,grupoice.com,false,
2024-04-12 21:00:00,Costa Rica,Costa Rica,CR,87.79,160.59,78.38,78.38,grupoice.com,false,
2024-04-12 22:00:00,Costa Rica,Costa Rica,CR,89.56,163.11,77.94,77.94,grupoice.com,false,
2024-04-12 23:00:00,Costa Rica,Costa Rica,CR,93.05,168.86,77.08,77.08,grupoice.com,false,
2024-04-13 00:00:00,Costa Rica,Costa Rica,CR,90.37,164.27,77.74,77.74,grupoice.com,false,
2024-04-13 01:00:00,Costa Rica,Costa Rica,CR,92.64,167.95,77.18,77.18,grupoice.com,false,
2024-04-13 02:00:00,Costa Rica,Costa Rica,CR,96.63,174.49,76.2,76.2,grupoice.com,false,
2024-04-13 03:00:00,Costa Rica,Costa Rica,CR,104.61,187.66,74.23,74.23,grupoice.com,false,
2024-04-13 04:00:00,Costa Rica,Costa Rica,CR,121.46,215.18,70.08,70.08,grupoice.com,false,
2024-04-13 05:00:00,Costa Rica,Costa Rica,CR,122.99,217.92,69.71,69.71,grupoice.com,false,
2024-04-13 06:00:00,Costa Rica,Costa Rica,CR,130.0,229.37,67.98,67.98,grupoice.com,false,
2024-04-13 07:00:00,Costa Rica,Costa Rica,CR,117.21,210.14,71.13,71.13,grupoice.com,false,
2024-04-13 08:00:00,Costa Rica,Costa Rica,CR,138.01,242.11,66.01,66.01,grupoice.com,false,
2024-04-13 09:00:00,Costa Rica,Costa Rica,CR,140.1,245.63,65.49,65.49,grupoice.com,false,
2024-04-13 10:00:00,Costa Rica,Costa Rica,CR,135.15,238.35,66.71,66.71,grupoice.com,false,
2024-04-13 11:00:00,Costa Rica,Costa Rica,CR,135.11,238.52,66.72,66.72,grupoice.com,false,
2024-04-13 12:00:00,Costa Rica,Costa Rica,CR,122.27,217.0,69.88,69.88,grupoice.com,false,
2024-04-13 13:00:00,Costa Rica,Costa Rica,CR,108.97,195.95,73.16,73.16,grupoice.com,false,
2024-04-13 14:00:00,Costa Rica,Costa Rica,CR,100.93,183.01,75.14,75.14,grupoice.com,false,
2024-04-13 15:00:00,Costa Rica,Costa Rica,CR,95.09,173.53,76.58,76.58,grupoice.com,false,
2024-04-13 16:00:00,Costa Rica,Costa Rica,CR,91.03,167.39,77.58,77.58,grupoice.com,false,
2024-04-13 17:00:00,Costa Rica,Costa Rica,CR,87.42,161.67,78.47,78.47,grupoice.com,false,
2024-04-13 18:00:00,Costa Rica,Costa Rica,CR,93.37,170.84,77.0,77.0,grupoice.com,false,
2024-04-13 19:00:00,Costa Rica,Costa Rica,CR,95.4,174.15,76.5,76.5,grupoice.com,false,
2024-04-13 20:00:00,Costa Rica,Costa Rica,CR,99.09,180.29,75.59,75.59,grupoice.com,false,
2024-04-13 21:00:00,Costa Rica,Costa Rica,CR,100.97,182.95,75.13,75.13,grupoice.com,false,
2024-04-13 22:00:00,Costa Rica,Costa Rica,CR,106.11,190.38,73.86,73.86,grupoice.com,false,
2024-04-13 23:00:00,Costa Rica,Costa Rica,CR,104.1,186.74,74.36,74.36,grupoice.com,false,
2024-04-14 00:00:00,Costa Rica,Costa Rica,CR,97.39,176.13,76.01,76.01,grupoice.com,false,
2024-04-14 01:00:00,Costa Rica,Costa Rica,CR,100.23,180.4,75.31,75.31,grupoice.com,false,
2024-04-14 02:00:00,Costa Rica,Costa Rica,CR,106.68,190.56,73.72,73.72,grupoice.com,false,
2024-04-14 03:00:00,Costa Rica,Costa Rica,CR,116.45,206.04,71.32,71.32,grupoice.com,false,
2024-04-14 04:00:00,Costa Rica,Costa Rica,CR,124.49,220.06,69.34,69.34,grupoice.com,false,
2024-04-14 05:00:00,Costa Rica,Costa Rica,CR,100.16,182.61,75.33,75.33,grupoice.com,false,
2024-04-14 06:00:00,Costa Rica,Costa Rica,CR,87.15,163.23,78.53,78.53,grupoice.com,false,
2024-04-14 07:00:00,Costa Rica,Costa Rica,CR,55.17,114.42,86.41,86.41,grupoice.com,false,
2024-04-14 08:00:00,Costa Rica,Costa Rica,CR,61.18,123.83,84.93,84.93,grupoice.com,false,
2024-04-14 09:00:00,Costa Rica,Costa Rica,CR,62.56,127.09,84.59,84.59,grupoice.com,false,
2024-04-14 10:00:00,Costa Rica,Costa Rica,CR,75.51,147.01,81.4,81.4,grupoice.com,false,
2024-04-14 11:00:00,Costa Rica,Costa Rica,CR,85.0,161.33,79.07,79.07,grupoice.com,false,
2024-04-14 12:00:00,Costa Rica,Costa Rica,CR,90.59,169.14,77.69,77.69,grupoice.com,false,
2024-04-14 13:00:00,Costa Rica,Costa Rica,CR,101.1,184.9,75.1,75.1,grupoice.com,false,
2024-04-14 14:00:00,Costa Rica,Costa Rica,CR,102.41,184.57,74.78,74.78,grupoice.com,false,
2024-04-14 15:00:00,Costa Rica,Costa Rica,CR,101.28,182.28,75.05,75.05,grupoice.com,false,
2024-04-14 16:00:00,Costa Rica,Costa Rica,CR,94.58,171.45,76.7,76.7,grupoice.com,false,
2024-04-14 17:00:00,Costa Rica,Costa Rica,CR,94.92,172.81,76.62,76.62,grupoice.com,false,
2024-04-14 18:00:00,Costa Rica,Costa Rica,CR,96.05,174.18,76.34,76.34,grupoice.com,false,
2024-04-14 19:00:00,Costa Rica,Costa Rica,CR,100.07,180.4,75.35,75.35,grupoice.com,false,
2024-04-14 20:00:00,Costa Rica,Costa Rica,CR,104.56,187.21,74.25,74.25,grupoice.com,false,
2024-04-14 21:00:00,Costa Rica,Costa Rica,CR,107.86,192.53,73.43,73.43,grupoice.com,false,
2024-04-14 22:00:00,Costa Rica,Costa Rica,CR,113.52,201.42,72.04,72.04,grupoice.com,false,
2024-04-14 23:00:00,Costa Rica,Costa Rica,CR,111.6,198.91,72.51,72.51,grupoice.com,false,
2024-04-15 00:00:00,Costa Rica,Costa Rica,CR,106.75,190.76,73.71,73.71,grupoice.com,false,
2024-04-15 01:00:00,Costa Rica,Costa Rica,CR,107.72,192.11,73.47,73.47,grupoice.com,false,
2024-04-15 02:00:00,Costa Rica,Costa Rica,CR,111.8,198.79,72.46,72.46,grupoice.com,false,
2024-04-15 03:00:00,Costa Rica,Costa Rica,CR,120.68,212.81,70.28,70.28,grupoice.com,false,
2024-04-15 04:00:00,Costa Rica,Costa Rica,CR,136.26,238.6,66.44,66.44,grupoice.com,false,
2024-04-15 05:00:00,Costa Rica,Costa Rica,CR,130.48,229.87,67.86,67.86,grupoice.com,false,
2024-04-15 06:00:00,Costa Rica,Costa Rica,CR,135.91,238.84,66.53,66.53,grupoice.com,false,
2024-04-15 07:00:00,Costa Rica,Costa Rica,CR,122.51,217.62,69.82,69.82,grupoice.com,false,
2024-04-15 08:00:00,Costa Rica,Costa Rica,CR,107.71,196.04,73.47,73.47,grupoice.com,false,
2024-04-15 09:00:00,Costa Rica,Costa Rica,CR,102.18,187.81,74.83,74.83,grupoice.com,false,
2024-04-15 10:00:00,Costa Rica,Costa Rica,CR,91.42,171.24,77.48,77.48,grupoice.com,false,
2024-04-15 11:00:00,Costa Rica,Costa Rica,CR,67.52,133.87,83.37,83.37,grupoice.com,false,
2024-04-15 12:00:00,Costa Rica,Costa Rica,CR,78.53,149.77,80.66,80.66,grupoice.com,false,
2024-04-15 13:00:00,Costa Rica,Costa Rica,CR,107.08,192.94,73.63,73.63,grupoice.com,false,
2024-04-15 14:00:00,Costa Rica,Costa Rica,CR,121.47,214.63,70.08,70.08,grupoice.com,false,
2024-04-15 15:00:00,Costa Rica,Costa Rica,CR,115.13,204.41,71.64,71.64,grupoice.com,false,
2024-04-15 16:00:00,Costa Rica,Costa Rica,CR,98.93,179.35,75.63,75.63,grupoice.com,false,
2024-04-15 17:00:00,Costa Rica,Costa Rica,CR,97.09,176.23,76.09,76.09,grupoice.com,false,
2024-04-15 18:00:00,Costa Rica,Costa Rica,CR,98.13,177.8,75.83,75.83,grupoice.com,false,
2024-04-15 19:00:00,Costa Rica,Costa Rica,CR,99.5,179.73,75.49,75.49,grupoice.com,false,
2024-04-15 20:00:00,Costa Rica,Costa Rica,CR,104.56,187.86,74.25,74.25,grupoice.com,false,
2024-04-15 21:00:00,Costa Rica,Costa Rica,CR,100.27,180.56,75.3,75.3,grupoice.com,false,
2024-04-15 22:00:00,Costa Rica,Costa Rica,CR,100.7,180.73,75.2,75.2,grupoice.com,false,
2024-04-15 23:00:00,Costa Rica,Costa Rica,CR,104.27,186.41,74.32,74.32,grupoice.com,false,
2024-04-16 00:00:00,Costa Rica,Costa Rica,CR,96.39,174.3,76.26,76.26,grupoice.com,false,
2024-04-16 01:00:00,Costa Rica,Costa Rica,CR,95.09,172.1,76.58,76.58,grupoice.com,false,
2024-04-16 02:00:00,Costa Rica,Costa Rica,CR,98.6,177.84,75.71,75.71,grupoice.com,false,
2024-04-16 03:00:00,Costa Rica,Costa Rica,CR,106.62,190.33,73.74,73.74,grupoice.com,false,
2024-04-16 04:00:00,Costa Rica,Costa Rica,CR,127.01,223.05,68.72,68.72,grupoice.com,false,
2024-04-16 05:00:00,Costa Rica,Costa Rica,CR,139.6,243.28,65.61,65.61,grupoice.com,false,
2024-04-16 06:00:00,Costa Rica,Costa Rica,CR,139.92,244.4,65.54,65.54,grupoice.com,false,
2024-04-16 07:00:00,Costa Rica,Costa Rica,CR,140.29,245.33,65.45,65.45,grupoice.com,false,
2024-04-16 08:00:00,Costa Rica,Costa Rica,CR,132.0,232.86,67.49,67.49,grupoice.com,false,
2024-04-16 09:00:00,Costa Rica,Costa Rica,CR,131.9,232.72,67.51,67.51,grupoice.com,false,
2024-04-16 10:00:00,Costa Rica,Costa Rica,CR,119.02,212.41,70.68,70.68,grupoice.com,false,
2024-04-16 11:00:00,Costa Rica,Costa Rica,CR,111.15,199.54,72.62,72.62,grupoice.com,false,
2024-04-16 12:00:00,Costa Rica,Costa Rica,CR,113.16,202.01,72.13,72.13,grupoice.com,false,
2024-04-16 13:00:00,Costa Rica,Costa Rica,CR,108.39,194.59,73.3,73.3,grupoice.com,false,
2024-04-16 14:00:00,Costa Rica,Costa Rica,CR,103.76,187.03,74.44,74.44,grupoice.com,false,
2024-04-16 15:00:00,Costa Rica,Costa Rica,CR,97.01,176.6,76.11,76.11,grupoice.com,false,
2024-04-16 16:00:00,Costa Rica,Costa Rica,CR,96.69,175.75,76.18,76.18,grupoice.com,false,
2024-04-16 17:00:00,Costa Rica,Costa Rica,CR,92.44,168.88,77.23,77.23,grupoice.com,false,
2024-04-16 18:00:00,Costa Rica,Costa Rica,CR,91.01,166.44,77.58,77.58,grupoice.com,false,
2024-04-16 19:00:00,Costa Rica,Costa Rica,CR,91.46,167.26,77.47,77.47,grupoice.com,false,
2024-04-16 20:00:00,Costa Rica,Costa Rica,CR,87.52,160.83,78.44,78.44,grupoice.com,false,
2024-04-16 21:00:00,Costa Rica,Costa Rica,CR,87.86,161.22,78.36,78.36,grupoice.com,false,
2024-04-16 22:00:00,Costa Rica,Costa Rica,CR,90.66,165.55,77.67,77.67,grupoice.com,false,
2024-04-16 23:00:00,Costa Rica,Costa Rica,CR,95.06,172.17,76.59,76.59,grupoice.com,false,
2024-04-17 00:00:00,Costa Rica,Costa Rica,CR,91.52,166.71,77.46,77.46,grupoice.com,false,
2024-04-17 01:00:00,Costa Rica,Costa Rica,CR,92.37,167.75,77.25,77.25,grupoice.com,false,
2024-04-17 02:00:00,Costa Rica,Costa Rica,CR,95.54,173.0,76.47,76.47,grupoice.com,false,
2024-04-17 03:00:00,Costa Rica,Costa Rica,CR,105.43,188.29,74.03,74.03,grupoice.com,false,
2024-04-17 04:00:00,Costa Rica,Costa Rica,CR,126.05,221.25,68.95,68.95,grupoice.com,false,
2024-04-17 05:00:00,Costa Rica,Costa Rica,CR,140.33,244.45,65.44,65.44,grupoice.com,false,
2024-04-17 06:00:00,Costa Rica,Costa Rica,CR,143.29,249.34,64.71,64.71,grupoice.com,false,
2024-04-17 07:00:00,Costa Rica,Costa Rica,CR,132.87,233.28,67.27,67.27,grupoice.com,false,
2024-04-17 08:00:00,Costa Rica,Costa Rica,CR,126.92,224.52,68.74,68.74,grupoice.com,false,
2024-04-17 09:00:00,Costa Rica,Costa Rica,CR,126.93,224.86,68.74,68.74,grupoice.com,false,
2024-04-17 10:00:00,Costa Rica,Costa Rica,CR,130.31,229.86,67.9,67.9,grupoice.com,false,
2024-04-17 11:00:00,Costa Rica,Costa Rica,CR,127.95,225.96,68.49,68.49,grupoice.com,false,
2024-04-17 12:00:00,Costa Rica,Costa Rica,CR,118.02,209.88,70.93,70.93,grupoice.com,false,
2024-04-17 13:00:00,Costa Rica,Costa Rica,CR,115.72,206.0,71.5,71.5,grupoice.com,false,
2024-04-17 14:00:00,Costa Rica,Costa Rica,CR,113.0,201.56,72.17,72.17,grupoice.com,false,
2024-04-17 15:00:00,Costa Rica,Costa Rica,CR,109.26,195.8,73.09,73.09,grupoice.com,false,
2024-04-17 16:00:00,Costa Rica,Costa Rica,CR,97.44,177.22,76.0,76.0,grupoice.com,false,
2024-04-17 17:00:00,Costa Rica,Costa Rica,CR,90.15,165.49,77.79,77.79,grupoice.com,false,
2024-04-17 18:00:00,Costa Rica,Costa Rica,CR,89.46,164.46,77.97,77.97,grupoice.com,false,
2024-04-17 19:00:00,Costa Rica,Costa Rica,CR,87.01,160.52,78.57,78.57,grupoice.com,false,
2024-04-17 20:00:00,Costa Rica,Costa Rica,CR,90.09,165.53,77.81,77.81,grupoice.com,false,
2024-04-17 21:00:00,Costa Rica,Costa Rica,CR,90.23,165.54,77.78,77.78,grupoice.com,false,
2024-04-17 22:00:00,Costa Rica,Costa Rica,CR,92.42,169.07,77.24,77.24,grupoice.com,false,
2024-04-17 23:00:00,Costa Rica,Costa Rica,CR,92.82,169.59,77.14,77.14,grupoice.com,false,
2024-04-18 00:00:00,Costa Rica,Costa Rica,CR,90.57,165.96,77.69,77.69,grupoice.com,false,
2024-04-18 01:00:00,Costa Rica,Costa Rica,CR,92.71,169.48,77.16,77.16,grupoice.com,false,
2024-04-18 02:00:00,Costa Rica,Costa Rica,CR,92.24,168.88,77.28,77.28,grupoice.com,false,
2024-04-18 03:00:00,Costa Rica,Costa Rica,CR,104.61,188.23,74.23,74.23,grupoice.com,false,
2024-04-18 04:00:00,Costa Rica,Costa Rica,CR,124.68,220.94,69.29,69.29,grupoice.com,false,
2024-04-18 05:00:00,Costa Rica,Costa Rica,CR,138.53,242.77,65.88,65.88,grupoice.com,false,
2024-04-18 06:00:00,Costa Rica,Costa Rica,CR,142.45,248.77,64.91,64.91,grupoice.com,false,
2024-04-18 07:00:00,Costa Rica,Costa Rica,CR,146.65,255.55,63.88,63.88,grupoice.com,false,
2024-04-18 08:00:00,Costa Rica,Costa Rica,CR,144.73,252.58,64.35,64.35,grupoice.com,false,
2024-04-18 09:00:00,Costa Rica,Costa Rica,CR,136.54,240.17,66.37,66.37,grupoice.com,false,
2024-04-18 10:00:00,Costa Rica,Costa Rica,CR,131.46,231.71,67.62,67.62,grupoice.com,false,
2024-04-18 11:00:00,Costa Rica,Costa Rica,CR,122.39,217.07,69.85,69.85,grupoice.com,false,
2024-04-18 12:00:00,Costa Rica,Costa Rica,CR,112.05,200.53,72.4,72.4,grupoice.com,false,
2024-04-18 13:00:00,Costa Rica,Costa Rica,CR,112.86,201.45,72.2,72.2,grupoice.com,false,
2024-04-18 14:00:00,Costa Rica,Costa Rica,CR,104.56,188.14,74.25,74.25,grupoice.com,false,
2024-04-18 15:00:00,Costa Rica,Costa Rica,CR,99.29,179.37,75.54,75.54,grupoice.com,false,
2024-04-18 16:00:00,Costa Rica,Costa Rica,CR,94.9,172.43,76.62,76.62,grupoice.com,false,
2024-04-18 17:00:00,Costa Rica,Costa Rica,CR,88.61,162.58,78.18,78.18,grupoice.com,false,
2024-04-18 18:00:00,Costa Rica,Costa Rica,CR,89.43,163.96,77.97,77.97,grupoice.com,false,
2024-04-18 19:00:00,Costa Rica,Costa Rica,CR,88.06,161.87,78.31,78.31,grupoice.com,false,
2024-04-18 20:00:00,Costa Rica,Costa Rica,CR,89.21,163.89,78.03,78.03,grupoice.com,false,
2024-04-18 21:00:00,Costa Rica,Costa Rica,CR,90.74,166.34,77.65,77.65,grupoice.com,false,
2024-04-18 22:00:00,Costa Rica,Costa Rica,CR,93.93,171.11,76.86,76.86,grupoice.com,false,
2024-04-18 23:00:00,Costa Rica,Costa Rica,CR,97.7,177.23,75.94,75.94,grupoice.com,false,
2024-04-19 00:00:00,Costa Rica,Costa Rica,CR,88.85,163.05,78.12,78.12,grupoice.com,false,
2024-04-19 01:00:00,Costa Rica,Costa Rica,CR,93.44,170.07,76.98,76.98,grupoice.com,false,
2024-04-19 02:00:00,Costa Rica,Costa Rica,CR,96.86,175.36,76.14,76.14,grupoice.com,false,
2024-04-19 03:00:00,Costa Rica,Costa Rica,CR,105.18,188.32,74.09,74.09,grupoice.com,false,
2024-04-19 04:00:00,Costa Rica,Costa Rica,CR,116.5,206.26,71.31,71.31,grupoice.com,false,
2024-04-19 05:00:00,Costa Rica,Costa Rica,CR,126.08,221.28,68.95,68.95,grupoice.com,false,
2024-04-19 06:00:00,Costa Rica,Costa Rica,CR,140.38,245.42,65.42,65.42,grupoice.com,false,
2024-04-19 07:00:00,Costa Rica,Costa Rica,CR,131.4,231.88,67.64,67.64,grupoice.com,false,
2024-04-19 08:00:00,Costa Rica,Costa Rica,CR,128.74,228.19,68.29,68.29,grupoice.com,false,
2024-04-19 09:00:00,Costa Rica,Costa Rica,CR,127.86,227.46,68.51,68.51,grupoice.com,false,
2024-04-19 10:00:00,Costa Rica,Costa Rica,CR,135.65,239.0,66.59,66.59,grupoice.com,false,
2024-04-19 11:00:00,Costa Rica,Costa Rica,CR,130.34,230.66,67.9,67.9,grupoice.com,false,
2024-04-19 12:00:00,Costa Rica,Costa Rica,CR,114.01,203.37,71.92,71.92,grupoice.com,false,
2024-04-19 13:00:00,Costa Rica,Costa Rica,CR,110.65,197.81,72.75,72.75,grupoice.com,false,
2024-04-19 14:00:00,Costa Rica,Costa Rica,CR,104.39,187.97,74.29,74.29,grupoice.com,false,
2024-04-19 15:00:00,Costa Rica,Costa Rica,CR,95.88,174.42,76.38,76.38,grupoice.com,false,
2024-04-19 16:00:00,Costa Rica,Costa Rica,CR,92.65,169.38,77.18,77.18,grupoice.com,false,
2024-04-19 17:00:00,Costa Rica,Costa Rica,CR,88.18,162.4,78.28,78.28,grupoice.com,false,
2024-04-19 18:00:00,Costa Rica,Costa Rica,CR,87.32,161.18,78.49,78.49,grupoice.com,false,
2024-04-19 19:00:00,Costa Rica,Costa Rica,CR,86.39,159.7,78.72,78.72,grupoice.com,false,
2024-04-19 20:00:00,Costa Rica,Costa Rica,CR,82.4,153.68,79.7,79.7,grupoice.com,false,
2024-04-19 21:00:00,Costa Rica,Costa Rica,CR,75.48,143.02,81.41,81.41,grupoice.com,false,
2024-04-19 22:00:00,Costa Rica,Costa Rica,CR,78.76,148.03,80.6,80.6,grupoice.com,false,
2024-04-19 23:00:00,Costa Rica,Costa Rica,CR,86.36,159.53,78.73,78.73,grupoice.com,false,
2024-04-20 00:00:00,Costa Rica,Costa Rica,CR,91.62,167.39,77.43,77.43,grupoice.com,false,
2024-04-20 01:00:00,Costa Rica,Costa Rica,CR,94.64,171.79,76.69,76.69,grupoice.com,false,
2024-04-20 02:00:00,Costa Rica,Costa Rica,CR,97.05,175.61,76.1,76.1,grupoice.com,false,
2024-04-20 03:00:00,Costa Rica,Costa Rica,CR,103.93,186.83,74.4,74.4,grupoice.com,false,
2024-04-20 04:00:00,Costa Rica,Costa Rica,CR,123.17,218.51,69.66,69.66,grupoice.com,false,
2024-04-20 05:00:00,Costa Rica,Costa Rica,CR,133.63,235.36,67.09,67.09,grupoice.com,false,
2024-04-20 06:00:00,Costa Rica,Costa Rica,CR,143.46,250.93,64.67,64.67,grupoice.com,false,
2024-04-20 07:00:00,Costa Rica,Costa Rica,CR,150.71,262.79,62.88,62.88,grupoice.com,false,
2024-04-20 08:00:00,Costa Rica,Costa Rica,CR,149.84,261.84,63.09,63.09,grupoice.com,false,
2024-04-20 09:00:00,Costa Rica,Costa Rica,CR,142.64,250.52,64.87,64.87,grupoice.com,false,
2024-04-20 10:00:00,Costa Rica,Costa Rica,CR,139.27,245.55,65.7,65.7,grupoice.com,false,
2024-04-20 11:00:00,Costa Rica,Costa Rica,CR,137.75,242.62,66.07,66.07,grupoice.com,false,
2024-04-20 12:00:00,Costa Rica,Costa Rica,CR,133.56,235.12,67.1,67.1,grupoice.com,false,
2024-04-20 13:00:00,Costa Rica,Costa Rica,CR,120.04,213.15,70.43,70.43,grupoice.com,false,
2024-04-20 14:00:00,Costa Rica,Costa Rica,CR,106.74,191.78,73.71,73.71,grupoice.com,false,
2024-04-20 15:00:00,Costa Rica,Costa Rica,CR,103.49,186.93,74.51,74.51,grupoice.com,false,
2024-04-20 16:00:00,Costa Rica,Costa Rica,CR,99.36,180.09,75.52,75.52,grupoice.com,false,
2024-04-20 17:00:00,Costa Rica,Costa Rica,CR,93.87,171.7,76.88,76.88,grupoice.com,false,
2024-04-20 18:00:00,Costa Rica,Costa Rica,CR,94.03,171.88,76.83,76.83,grupoice.com,false,
2024-04-20 19:00:00,Costa Rica,Costa Rica,CR,96.59,176.31,76.21,76.21,grupoice.com,false,
2024-04-20 20:00:00,Costa Rica,Costa Rica,CR,97.88,178.16,75.89,75.89,grupoice.com,false,
2024-04-20 21:00:00,Costa Rica,Costa Rica,CR,98.74,179.92,75.68,75.68,grupoice.com,false,
2024-04-20 22:00:00,Costa Rica,Costa Rica,CR,106.09,192.32,73.87,73.87,grupoice.com,false,
2024-04-20 23:00:00,Costa Rica,Costa Rica,CR,101.52,184.65,74.99,74.99,grupoice.com,false,
2024-04-21 00:00:00,Costa Rica,Costa Rica,CR,93.03,170.92,77.09,77.09,grupoice.com,false,
2024-04-21 01:00:00,Costa Rica,Costa Rica,CR,94.56,173.13,76.71,76.71,grupoice.com,false,
2024-04-21 02:00:00,Costa Rica,Costa Rica,CR,101.79,184.48,74.93,74.93,grupoice.com,false,
2024-04-21 03:00:00,Costa Rica,Costa Rica,CR,112.33,200.88,72.33,72.33,grupoice.com,false,
2024-04-21 04:00:00,Costa Rica,Costa Rica,CR,127.07,224.83,68.7,68.7,grupoice.com,false,
2024-04-21 05:00:00,Costa Rica,Costa Rica,CR,128.34,227.51,68.39,68.39,grupoice.com,false,
2024-04-21 06:00:00,Costa Rica,Costa Rica,CR,138.86,244.53,65.8,65.8,grupoice.com,false,
2024-04-21 07:00:00,Costa Rica,Costa Rica,CR,146.0,256.12,64.04,64.04,grupoice.com,false,
2024-04-21 08:00:00,Costa Rica,Costa Rica,CR,152.33,266.21,62.48,62.48,grupoice.com,false,
2024-04-21 09:00:00,Costa Rica,Costa Rica,CR,157.8,275.1,61.13,61.13,grupoice.com,false,
2024-04-21 10:00:00,Costa Rica,Costa Rica,CR,158.33,276.43,61.0,61.0,grupoice.com,false,
2024-04-21 11:00:00,Costa Rica,Costa Rica,CR,155.95,273.71,61.59,61.59,grupoice.com,false,
2024-04-21 12:00:00,Costa Rica,Costa Rica,CR,150.11,263.27,63.03,63.03,grupoice.com,false,
2024-04-21 13:00:00,Costa Rica,Costa Rica,CR,133.39,236.82,67.15,67.15,grupoice.com,false,
2024-04-21 14:00:00,Costa Rica,Costa Rica,CR,118.67,213.18,70.77,70.77,grupoice.com,false,
2024-04-21 15:00:00,Costa Rica,Costa Rica,CR,112.21,202.61,72.36,72.36,grupoice.com,false,
2024-04-21 16:00:00,Costa Rica,Costa Rica,CR,107.11,194.61,73.61,73.61,grupoice.com,false,
2024-04-21 17:00:00,Costa Rica,Costa Rica,CR,102.09,186.23,74.85,74.85,grupoice.com,false,
2024-04-21 18:00:00,Costa Rica,Costa Rica,CR,101.1,184.78,75.1,75.1,grupoice.com,false,
2024-04-21 19:00:00,Costa Rica,Costa Rica,CR,108.87,196.9,73.18,73.18,grupoice.com,false,
2024-04-21 20:00:00,Costa Rica,Costa Rica,CR,112.03,201.93,72.4,72.4,grupoice.com,false,
2024-04-21 21:00:00,Costa Rica,Costa Rica,CR,115.39,207.58,71.58,71.58,grupoice.com,false,
2024-04-21 22:00:00,Costa Rica,Costa Rica,CR,116.96,209.94,71.19,71.19,grupoice.com,false,
2024-04-21 23:00:00,Costa Rica,Costa Rica,CR,111.67,200.95,72.49,72.49,grupoice.com,false,
2024-04-22 00:00:00,Costa Rica,Costa Rica,CR,102.07,185.64,74.86,74.86,grupoice.com,false,
2024-04-22 01:00:00,Costa Rica,Costa Rica,CR,102.79,186.89,74.68,74.68,grupoice.com,false,
2024-04-22 02:00:00,Costa Rica,Costa Rica,CR,108.16,195.4,73.36,73.36,grupoice.com,false,
2024-04-22 03:00:00,Costa Rica,Costa Rica,CR,117.16,209.77,71.14,71.14,grupoice.com,false,
2024-04-22 04:00:00,Costa Rica,Costa Rica,CR,133.16,236.51,67.2,67.2,grupoice.com,false,
2024-04-22 05:00:00,Costa Rica,Costa Rica,CR,123.24,222.39,69.64,69.64,grupoice.com,false,
2024-04-22 06:00:00,Costa Rica,Costa Rica,CR,126.23,227.23,68.91,68.91,grupoice.com,false,
2024-04-22 07:00:00,Costa Rica,Costa Rica,CR,160.01,280.16,60.59,60.59,grupoice.com,false,
2024-04-22 08:00:00,Costa Rica,Costa Rica,CR,167.03,290.0,58.86,58.86,grupoice.com,false,
2024-04-22 09:00:00,Costa Rica,Costa Rica,CR,166.49,289.67,58.99,58.99,grupoice.com,false,
2024-04-22 10:00:00,Costa Rica,Costa Rica,CR,155.42,272.33,61.72,61.72,grupoice.com,false,
2024-04-22 11:00:00,Costa Rica,Costa Rica,CR,135.76,240.76,66.56,66.56,grupoice.com,false,
2024-04-22 12:00:00,Costa Rica,Costa Rica,CR,119.84,215.09,70.48,70.48,grupoice.com,false,
2024-04-22 13:00:00,Costa Rica,Costa Rica,CR,112.23,202.7,72.36,72.36,grupoice.com,false,
2024-04-22 14:00:00,Costa Rica,Costa Rica,CR,103.41,188.6,74.53,74.53,grupoice.com,false,
2024-04-22 15:00:00,Costa Rica,Costa Rica,CR,97.59,178.73,75.96,75.96,grupoice.com,false,
2024-04-22 16:00:00,Costa Rica,Costa Rica,CR,93.21,171.52,77.04,77.04,grupoice.com,false,
2024-04-22 17:00:00,Costa Rica,Costa Rica,CR,88.08,162.97,78.31,78.31,grupoice.com,false,
2024-04-22 18:00:00,Costa Rica,Costa Rica,CR,88.39,163.46,78.23,78.23,grupoice.com,false,
2024-04-22 19:00:00,Costa Rica,Costa Rica,CR,86.88,160.76,78.6,78.6,grupoice.com,false,
2024-04-22 20:00:00,Costa Rica,Costa Rica,CR,85.31,158.25,78.99,78.99,grupoice.com,false,
2024-04-22 21:00:00,Costa Rica,Costa Rica,CR,84.43,156.87,79.2,79.2,grupoice.com,false,
2024-04-22 22:00:00,Costa Rica,Costa Rica,CR,87.35,161.52,78.48,78.48,grupoice.com,false,
2024-04-22 23:00:00,Costa Rica,Costa Rica,CR,88.95,163.97,78.09,78.09,grupoice.com,false,
2024-04-23 00:00:00,Costa Rica,Costa Rica,CR,78.84,148.29,80.58,80.58,grupoice.com,false,
2024-04-23 01:00:00,Costa Rica,Costa Rica,CR,83.22,155.25,79.5,79.5,grupoice.com,false,
2024-04-23 02:00:00,Costa Rica,Costa Rica,CR,91.2,167.76,77.54,77.54,grupoice.com,false,
2024-04-23 03:00:00,Costa Rica,Costa Rica,CR,101.16,183.59,75.08,75.08,grupoice.com,false,
2024-04-23 04:00:00,Costa Rica,Costa Rica,CR,117.67,210.11,71.02,71.02,grupoice.com,false,
2024-04-23 05:00:00,Costa Rica,Costa Rica,CR,138.75,243.59,65.83,65.83,grupoice.com,false,
2024-04-23 06:00:00,Costa Rica,Costa Rica,CR,149.68,261.13,63.13,63.13,grupoice.com,false,
2024-04-23 07:00:00,Costa Rica,Costa Rica,CR,155.86,270.81,61.61,61.61,grupoice.com,false,
2024-04-23 08:00:00,Costa Rica,Costa Rica,CR,150.97,263.46,62.82,62.82,grupoice.com,false,
2024-04-23 09:00:00,Costa Rica,Costa Rica,CR,148.13,258.96,63.51,63.51,grupoice.com,false,
2024-04-23 10:00:00,Costa Rica,Costa Rica,CR,138.67,243.83,65.84,65.84,grupoice.com,false,
2024-04-23 11:00:00,Costa Rica,Costa Rica,CR,132.05,233.09,67.48,67.48,grupoice.com,false,
2024-04-23 12:00:00,Costa Rica,Costa Rica,CR,115.91,206.48,71.45,71.45,grupoice.com,false,
2024-04-23 13:00:00,Costa Rica,Costa Rica,CR,112.01,200.36,72.41,72.41,grupoice.com,false,
2024-04-23 14:00:00,Costa Rica,Costa Rica,CR,103.83,187.58,74.43,74.43,grupoice.com,false,
2024-04-23 15:00:00,Costa Rica,Costa Rica,CR,92.16,169.28,77.3,77.3,grupoice.com,false,
2024-04-23 16:00:00,Costa Rica,Costa Rica,CR,86.96,161.27,78.58,78.58,grupoice.com,false,
2024-04-23 17:00:00,Costa Rica,Costa Rica,CR,84.0,156.36,79.31,79.31,grupoice.com,false,
2024-04-23 18:00:00,Costa Rica,Costa Rica,CR,83.65,155.54,79.4,79.4,grupoice.com,false,
2024-04-23 19:00:00,Costa Rica,Costa Rica,CR,82.64,153.81,79.65,79.65,grupoice.com,false,
2024-04-23 20:00:00,Costa Rica,Costa Rica,CR,82.94,154.12,79.57,79.57,grupoice.com,false,
2024-04-23 21:00:00,Costa Rica,Costa Rica,CR,86.8,159.98,78.62,78.62,grupoice.com,false,
2024-04-23 22:00:00,Costa Rica,Costa Rica,CR,93.07,169.87,77.08,77.08,grupoice.com,false,
2024-04-23 23:00:00,Costa Rica,Costa Rica,CR,94.92,172.61,76.62,76.62,grupoice.com,false,
2024-04-24 00:00:00,Costa Rica,Costa Rica,CR,91.04,166.49,77.58,77.58,grupoice.com,false,
2024-04-24 01:00:00,Costa Rica,Costa Rica,CR,95.08,172.94,76.58,76.58,grupoice.com,false,
2024-04-24 02:00:00,Costa Rica,Costa Rica,CR,99.31,179.33,75.54,75.54,grupoice.com,false,
2024-04-24 03:00:00,Costa Rica,Costa Rica,CR,104.34,187.18,74.3,74.3,grupoice.com,false,
2024-04-24 04:00:00,Costa Rica,Costa Rica,CR,124.54,219.75,69.33,69.33,grupoice.com,false,
2024-04-24 05:00:00,Costa Rica,Costa Rica,CR,137.76,240.86,66.07,66.07,grupoice.com,false,
2024-04-24 06:00:00,Costa Rica,Costa Rica,CR,136.04,238.89,66.49,66.49,grupoice.com,false,
2024-04-24 07:00:00,Costa Rica,Costa Rica,CR,132.77,233.98,67.3,67.3,grupoice.com,false,
2024-04-24 08:00:00,Costa Rica,Costa Rica,CR,122.77,218.95,69.76,69.76,grupoice.com,false,
2024-04-24 09:00:00,Costa Rica,Costa Rica,CR,119.1,213.24,70.66,70.66,grupoice.com,false,
2024-04-24 10:00:00,Costa Rica,Costa Rica,CR,133.4,234.73,67.14,67.14,grupoice.com,false,
2024-04-24 11:00:00,Costa Rica,Costa Rica,CR,126.63,223.92,68.81,68.81,grupoice.com,false,
2024-04-24 12:00:00,Costa Rica,Costa Rica,CR,114.83,204.67,71.72,71.72,grupoice.com,false,
2024-04-24 13:00:00,Costa Rica,Costa Rica,CR,110.7,198.15,72.73,72.73,grupoice.com,false,
2024-04-24 14:00:00,Costa Rica,Costa Rica,CR,103.38,186.5,74.54,74.54,grupoice.com,false,
2024-04-24 15:00:00,Costa Rica,Costa Rica,CR,99.8,180.7,75.42,75.42,grupoice.com,false,
2024-04-24 16:00:00,Costa Rica,Costa Rica,CR,95.74,174.53,76.42,76.42,grupoice.com,false,
2024-04-24 17:00:00,Costa Rica,Costa Rica,CR,90.98,167.14,77.59,77.59,grupoice.com,false,
2024-04-24 18:00:00,Costa Rica,Costa Rica,CR,91.03,167.56,77.58,77.58,grupoice.com,false,
2024-04-24 19:00:00,Costa Rica,Costa Rica,CR,90.41,166.67,77.73,77.73,grupoice.com,false,
2024-04-24 20:00:00,Costa Rica,Costa Rica,CR,90.42,166.22,77.73,77.73,grupoice.com,false,
2024-04-24 21:00:00,Costa Rica,Costa Rica,CR,92.87,169.83,77.12,77.12,grupoice.com,false,
2024-04-24 22:00:00,Costa Rica,Costa Rica,CR,93.48,170.53,76.97,76.97,grupoice.com,false,
2024-04-24 23:00:00,Costa Rica,Costa Rica,CR,95.48,173.61,76.48,76.48,grupoice.com,false,
2024-04-25 00:00:00,Costa Rica,Costa Rica,CR,95.04,172.88,76.59,76.59,grupoice.com,false,
2024-04-25 01:00:00,Costa Rica,Costa Rica,CR,98.19,177.99,75.82,75.82,grupoice.com,false,
2024-04-25 02:00:00,Costa Rica,Costa Rica,CR,102.69,185.0,74.71,74.71,grupoice.com,false,
2024-04-25 03:00:00,Costa Rica,Costa Rica,CR,113.63,202.41,72.01,72.01,grupoice.com,false,
2024-04-25 04:00:00,Costa Rica,Costa Rica,CR,124.05,219.81,69.44,69.44,grupoice.com,false,
2024-04-25 05:00:00,Costa Rica,Costa Rica,CR,111.12,200.6,72.63,72.63,grupoice.com,false,
2024-04-25 06:00:00,Costa Rica,Costa Rica,CR,106.54,194.11,73.76,73.76,grupoice.com,false,
2024-04-25 07:00:00,Costa Rica,Costa Rica,CR,105.79,193.15,73.94,73.94,grupoice.com,false,
2024-04-25 08:00:00,Costa Rica,Costa Rica,CR,104.57,191.69,74.24,74.24,grupoice.com,false,
2024-04-25 09:00:00,Costa Rica,Costa Rica,CR,105.43,192.81,74.03,74.03,grupoice.com,false,
2024-04-25 10:00:00,Costa Rica,Costa Rica,CR,101.55,186.7,74.99,74.99,grupoice.com,false,
2024-04-25 11:00:00,Costa Rica,Costa Rica,CR,106.7,193.69,73.72,73.72,grupoice.com,false,
2024-04-25 12:00:00,Costa Rica,Costa Rica,CR,117.38,209.32,71.09,71.09,grupoice.com,false,
2024-04-25 13:00:00,Costa Rica,Costa Rica,CR,105.09,190.18,74.12,74.12,grupoice.com,false,
2024-04-25 14:00:00,Costa Rica,Costa Rica,CR,106.28,190.97,73.82,73.82,grupoice.com,false,
2024-04-25 15:00:00,Costa Rica,Costa Rica,CR,101.96,183.97,74.89,74.89,grupoice.com,false,
2024-04-25 16:00:00,Costa Rica,Costa Rica,CR,97.48,177.01,75.99,75.99,grupoice.com,false,
2024-04-25 17:00:00,Costa Rica,Costa Rica,CR,93.77,171.06,76.9,76.9,grupoice.com,false,
2024-04-25 18:00:00,Costa Rica,Costa Rica,CR,94.61,172.36,76.7,76.7,grupoice.com,false,
2024-04-25 19:00:00,Costa Rica,Costa Rica,CR,95.02,173.09,76.6,76.6,grupoice.com,false,
2024-04-25 20:00:00,Costa Rica,Costa Rica,CR,95.83,174.1,76.39,76.39,grupoice.com,false,
2024-04-25 21:00:00,Costa Rica,Costa Rica,CR,98.55,178.27,75.73,75.73,grupoice.com,false,
2024-04-25 22:00:00,Costa Rica,Costa Rica,CR,101.43,182.71,75.02,75.02,grupoice.com,false,
2024-04-25 23:00:00,Costa Rica,Costa Rica,CR,98.29,177.91,75.79,75.79,grupoice.com,false,
2024-04-26 00:00:00,Costa Rica,Costa Rica,CR,96.94,176.07,76.12,76.12,grupoice.com,false,
2024-04-26 01:00:00,Costa Rica,Costa Rica,CR,99.22,179.48,75.56,75.56,grupoice.com,false,
2024-04-26 02:00:00,Costa Rica,Costa Rica,CR,104.67,188.09,74.22,74.22,grupoice.com,false,
2024-04-26 03:00:00,Costa Rica,Costa Rica,CR,115.1,204.77,71.65,71.65,grupoice.com,false,
2024-04-26 04:00:00,Costa Rica,Costa Rica,CR,125.57,220.75,69.07,69.07,grupoice.com,false,
2024-04-26 05:00:00,Costa Rica,Costa Rica,CR,125.09,219.74,69.19,69.19,grupoice.com,false,
2024-04-26 06:00:00,Costa Rica,Costa Rica,CR,128.95,226.81,68.24,68.24,grupoice.com,false,
2024-04-26 07:00:00,Costa Rica,Costa Rica,CR,120.23,214.27,70.39,70.39,grupoice.com,false,
2024-04-26 08:00:00,Costa Rica,Costa Rica,CR,105.33,191.56,74.06,74.06,grupoice.com,false,
2024-04-26 09:00:00,Costa Rica,Costa Rica,CR,101.38,185.56,75.03,75.03,grupoice.com,false,
2024-04-26 10:00:00,Costa Rica,Costa Rica,CR,113.48,204.04,72.05,72.05,grupoice.com,false,
2024-04-26 11:00:00,Costa Rica,Costa Rica,CR,122.69,217.57,69.78,69.78,grupoice.com,false,
2024-04-26 12:00:00,Costa Rica,Costa Rica,CR,112.06,200.82,72.4,72.4,grupoice.com,false,
2024-04-26 13:00:00,Costa Rica,Costa Rica,CR,108.14,194.59,73.36,73.36,grupoice.com,false,
2024-04-26 14:00:00,Costa Rica,Costa Rica,CR,104.22,187.53,74.33,74.33,grupoice.com,false,
2024-04-26 15:00:00,Costa Rica,Costa Rica,CR,100.22,180.88,75.32,75.32,grupoice.com,false,
2024-04-26 16:00:00,Costa Rica,Costa Rica,CR,96.36,175.2,76.27,76.27,grupoice.com,false,
2024-04-26 17:00:00,Costa Rica,Costa Rica,CR,93.07,170.18,77.08,77.08,grupoice.com,false,
2024-04-26 18:00:00,Costa Rica,Costa Rica,CR,92.46,169.49,77.23,77.23,grupoice.com,false,
2024-04-26 19:00:00,Costa Rica,Costa Rica,CR,86.2,160.02,78.77,78.77,grupoice.com,false,
2024-04-26 20:00:00,Costa Rica,Costa Rica,CR,86.27,159.79,78.75,78.75,grupoice.com,false,
2024-04-26 21:00:00,Costa Rica,Costa Rica,CR,88.86,163.77,78.11,78.11,grupoice.com,false,
2024-04-26 22:00:00,Costa Rica,Costa Rica,CR,96.89,175.97,76.13,76.13,grupoice.com,false,
2024-04-26 23:00:00,Costa Rica,Costa Rica,CR,101.96,183.65,74.89,74.89,grupoice.com,false,
2024-04-27 00:00:00,Costa Rica,Costa Rica,CR,94.83,172.34,76.64,76.64,grupoice.com,false,
2024-04-27 01:00:00,Costa Rica,Costa Rica,CR,93.66,170.65,76.93,76.93,grupoice.com,false,
2024-04-27 02:00:00,Costa Rica,Costa Rica,CR,97.16,176.12,76.06,76.06,grupoice.com,false,
2024-04-27 03:00:00,Costa Rica,Costa Rica,CR,105.35,189.3,74.05,74.05,grupoice.com,false,
2024-04-27 04:00:00,Costa Rica,Costa Rica,CR,115.54,205.52,71.54,71.54,grupoice.com,false,
2024-04-27 05:00:00,Costa Rica,Costa Rica,CR,122.22,216.31,69.9,69.9,grupoice.com,false,
2024-04-27 06:00:00,Costa Rica,Costa Rica,CR,132.84,234.74,67.28,67.28,grupoice.com,false,
2024-04-27 07:00:00,Costa Rica,Costa Rica,CR,137.9,243.55,66.03,66.03,grupoice.com,false,
2024-04-27 08:00:00,Costa Rica,Costa Rica,CR,141.09,248.65,65.25,65.25,grupoice.com,false,
2024-04-27 09:00:00,Costa Rica,Costa Rica,CR,141.77,250.23,65.08,65.08,grupoice.com,false,
2024-04-27 10:00:00,Costa Rica,Costa Rica,CR,138.89,244.79,65.79,65.79,grupoice.com,false,
2024-04-27 11:00:00,Costa Rica,Costa Rica,CR,138.26,243.59,65.95,65.95,grupoice.com,false,
2024-04-27 12:00:00,Costa Rica,Costa Rica,CR,130.11,229.26,67.95,67.95,grupoice.com,false,
2024-04-27 13:00:00,Costa Rica,Costa Rica,CR,117.23,208.91,71.13,71.13,grupoice.com,false,
2024-04-27 14:00:00,Costa Rica,Costa Rica,CR,107.41,193.23,73.55,73.55,grupoice.com,false,
2024-04-27 15:00:00,Costa Rica,Costa Rica,CR,101.43,183.69,75.02,75.02,grupoice.com,false,
2024-04-27 16:00:00,Costa Rica,Costa Rica,CR,98.34,178.64,75.78,75.78,grupoice.com,false,
2024-04-27 17:00:00,Costa Rica,Costa Rica,CR,93.99,172.1,76.85,76.85,grupoice.com,false,
2024-04-27 18:00:00,Costa Rica,Costa Rica,CR,98.8,179.27,75.67,75.67,grupoice.com,false,
2024-04-27 19:00:00,Costa Rica,Costa Rica,CR,103.84,187.85,74.42,74.42,grupoice.com,false,
2024-04-27 20:00:00,Costa Rica,Costa Rica,CR,107.63,194.48,73.49,73.49,grupoice.com,false,
2024-04-27 21:00:00,Costa Rica,Costa Rica,CR,109.14,196.12,73.12,73.12,grupoice.com,false,
2024-04-27 22:00:00,Costa Rica,Costa Rica,CR,111.36,199.68,72.57,72.57,grupoice.com,false,
2024-04-27 23:00:00,Costa Rica,Costa Rica,CR,112.23,200.59,72.36,72.36,grupoice.com,false,
2024-04-28 00:00:00,Costa Rica,Costa Rica,CR,105.32,189.74,74.06,74.06,grupoice.com,false,
2024-04-28 01:00:00,Costa Rica,Costa Rica,CR,107.69,194.04,73.48,73.48,grupoice.com,false,
2024-04-28 02:00:00,Costa Rica,Costa Rica,CR,112.86,202.38,72.2,72.2,grupoice.com,false,
2024-04-28 03:00:00,Costa Rica,Costa Rica,CR,120.8,215.11,70.25,70.25,grupoice.com,false,
2024-04-28 04:00:00,Costa Rica,Costa Rica,CR,143.3,252.12,64.7,64.7,grupoice.com,false,
2024-04-28 05:00:00,Costa Rica,Costa Rica,CR,152.67,267.18,62.4,62.4,grupoice.com,false,
2024-04-28 06:00:00,Costa Rica,Costa Rica,CR,166.45,289.54,59.0,59.0,grupoice.com,false,
2024-04-28 07:00:00,Costa Rica,Costa Rica,CR,174.66,302.84,56.98,56.98,grupoice.com,false,
2024-04-28 08:00:00,Costa Rica,Costa Rica,CR,182.01,314.9,55.17,55.17,grupoice.com,false,
2024-04-28 09:00:00,Costa Rica,Costa Rica,CR,178.19,309.0,56.11,56.11,grupoice.com,false,
2024-04-28 10:00:00,Costa Rica,Costa Rica,CR,170.35,297.18,58.04,58.04,grupoice.com,false,
2024-04-28 11:00:00,Costa Rica,Costa Rica,CR,174.26,303.2,57.08,57.08,grupoice.com,false,
2024-04-28 12:00:00,Costa Rica,Costa Rica,CR,163.28,285.26,59.78,59.78,grupoice.com,false,
2024-04-28 13:00:00,Costa Rica,Costa Rica,CR,146.12,257.25,64.01,64.01,grupoice.com,false,
2024-04-28 14:00:00,Costa Rica,Costa Rica,CR,132.28,234.23,67.42,67.42,grupoice.com,false,
2024-04-28 15:00:00,Costa Rica,Costa Rica,CR,119.8,214.35,70.49,70.49,grupoice.com,false,
2024-04-28 16:00:00,Costa Rica,Costa Rica,CR,117.12,209.96,71.15,71.15,grupoice.com,false,
2024-04-28 17:00:00,Costa Rica,Costa Rica,CR,112.32,202.15,72.34,72.34,grupoice.com,false,
2024-04-28 18:00:00,Costa Rica,Costa Rica,CR,110.33,199.39,72.83,72.83,grupoice.com,false,
2024-04-28 19:00:00,Costa Rica,Costa Rica,CR,112.67,202.85,72.25,72.25,grupoice.com,false,
2024-04-28 20:00:00,Costa Rica,Costa Rica,CR,117.55,210.13,71.05,71.05,grupoice.com,false,
2024-04-28 21:00:00,Costa Rica,Costa Rica,CR,114.15,205.29,71.88,71.88,grupoice.com,false,
2024-04-28 22:00:00,Costa Rica,Costa Rica,CR,116.96,210.22,71.19,71.19,grupoice.com,false,
2024-04-28 23:00:00,Costa Rica,Costa Rica,CR,116.57,208.97,71.29,71.29,grupoice.com,false,
2024-04-29 00:00:00,Costa Rica,Costa Rica,CR,107.88,195.29,73.43,73.43,grupoice.com,false,
2024-04-29 01:00:00,Costa Rica,Costa Rica,CR,89.72,167.24,77.9,77.9,grupoice.com,false,
2024-04-29 02:00:00,Costa Rica,Costa Rica,CR,71.7,139.64,82.34,82.34,grupoice.com,false,
2024-04-29 03:00:00,Costa Rica,Costa Rica,CR,75.97,146.78,81.29,81.29,grupoice.com,false,
2024-04-29 04:00:00,Costa Rica,Costa Rica,CR,90.39,170.57,77.74,77.74,grupoice.com,false,
2024-04-29 05:00:00,Costa Rica,Costa Rica,CR,107.97,198.23,73.41,73.41,grupoice.com,false,
2024-04-29 06:00:00,Costa Rica,Costa Rica,CR,120.51,218.66,70.32,70.32,grupoice.com,false,
2024-04-29 07:00:00,Costa Rica,Costa Rica,CR,126.65,229.05,68.81,68.81,grupoice.com,false,
2024-04-29 08:00:00,Costa Rica,Costa Rica,CR,131.57,237.76,67.59,67.59,grupoice.com,false,
2024-04-29 09:00:00,Costa Rica,Costa Rica,CR,129.05,233.72,68.21,68.21,grupoice.com,false,
2024-04-29 10:00:00,Costa Rica,Costa Rica,CR,116.47,213.13,71.31,71.31,grupoice.com,false,
2024-04-29 11:00:00,Costa Rica,Costa Rica,CR,109.75,201.16,72.97,72.97,grupoice.com,false,
2024-04-29 12:00:00,Costa Rica,Costa Rica,CR,92.92,173.98,77.11,77.11,grupoice.com,false,
2024-04-29 13:00:00,Costa Rica,Costa Rica,CR,87.89,166.13,78.35,78.35,grupoice.com,false,
2024-04-29 14:00:00,Costa Rica,Costa Rica,CR,77.85,149.21,80.82,80.82,grupoice.com,false,
2024-04-29 15:00:00,Costa Rica,Costa Rica,CR,80.14,152.3,80.26,80.26,grupoice.com,false,
2024-04-29 16:00:00,Costa Rica,Costa Rica,CR,75.84,145.39,81.32,81.32,grupoice.com,false,
2024-04-29 17:00:00,Costa Rica,Costa Rica,CR,73.8,142.17,81.82,81.82,grupoice.com,false,
2024-04-29 18:00:00,Costa Rica,Costa Rica,CR,72.63,140.48,82.11,82.11,grupoice.com,false,
2024-04-29 19:00:00,Costa Rica,Costa Rica,CR,71.77,139.03,82.32,82.32,grupoice.com,false,
2024-04-29 20:00:00,Costa Rica,Costa Rica,CR,74.51,143.35,81.65,81.65,grupoice.com,false,
2024-04-29 21:00:00,Costa Rica,Costa Rica,CR,75.79,145.13,81.33,81.33,grupoice.com,false,
2024-04-29 22:00:00,Costa Rica,Costa Rica,CR,77.82,148.32,80.83,80.83,grupoice.com,false,
2024-04-29 23:00:00,Costa Rica,Costa Rica,CR,78.32,149.15,80.71,80.71,grupoice.com,false,
2024-04-30 00:00:00,Costa Rica,Costa Rica,CR,73.76,141.77,81.83,81.83,grupoice.com,false,
2024-04-30 01:00:00,Costa Rica,Costa Rica,CR,82.22,154.64,79.75,79.75,grupoice.com,false,
2024-04-30 02:00:00,Costa Rica,Costa Rica,CR,87.53,163.01,78.44,78.44,grupoice.com,false,
2024-04-30 03:00:00,Costa Rica,Costa Rica,CR,98.28,180.27,75.79,75.79,grupoice.com,false,
2024-04-30 04:00:00,Costa Rica,Costa Rica,CR,120.42,216.6,70.34,70.34,grupoice.com,false,
2024-04-30 05:00:00,Costa Rica,Costa Rica,CR,133.4,238.0,67.14,67.14,grupoice.com,false,
2024-04-30 06:00:00,Costa Rica,Costa Rica,CR,130.59,232.2,67.83,67.83,grupoice.com,false,
2024-04-30 07:00:00,Costa Rica,Costa Rica,CR,133.53,236.17,67.11,67.11,grupoice.com,false,
2024-04-30 08:00:00,Costa Rica,Costa Rica,CR,129.45,229.89,68.12,68.12,grupoice.com,false,
2024-04-30 09:00:00,Costa Rica,Costa Rica,CR,122.37,218.88,69.86,69.86,grupoice.com,false,
2024-04-30 10:00:00,Costa Rica,Costa Rica,CR,115.3,207.84,71.6,71.6,grupoice.com,false,
2024-04-30 11:00:00,Costa Rica,Costa Rica,CR,100.58,183.69,75.23,75.23,grupoice.com,false,
2024-04-30 12:00:00,Costa Rica,Costa Rica,CR,92.38,170.26,77.25,77.25,grupoice.com,false,
2024-04-30 13:00:00,Costa Rica,Costa Rica,CR,90.36,167.64,77.74,77.74,grupoice.com,false,
2024-04-30 14:00:00,Costa Rica,Costa Rica,CR,83.34,156.03,79.47,79.47,grupoice.com,false,
2024-04-30 15:00:00,Costa Rica,Costa Rica,CR,85.46,158.94,78.95,78.95,grupoice.com,false,
2024-04-30 16:00:00,Costa Rica,Costa Rica,CR,82.22,153.69,79.75,79.75,grupoice.com,false,
2024-04-30 17:00:00,Costa Rica,Costa Rica,CR,77.74,146.66,80.85,80.85,grupoice.com,false,
2024-04-30 18:00:00,Costa Rica,Costa Rica,CR,77.48,146.19,80.92,80.92,grupoice.com,false,
2024-04-30 19:00:00,Costa Rica,Costa Rica,CR,77.53,146.34,80.9,80.9,grupoice.com,false,
2024-04-30 20:00:00,Costa Rica,Costa Rica,CR,77.81,146.65,80.83,80.83,grupoice.com,false,
2024-04-30 21:00:00,Costa Rica,Costa Rica,CR,79.02,148.41,80.54,80.54,grupoice.com,false,
2024-04-30 22:00:00,Costa Rica,Costa Rica,CR,83.72,155.62,79.38,79.38,grupoice.com,false,
2024-04-30 23:00:00,Costa Rica,Costa Rica,CR,82.34,153.47,79.72,79.72,grupoice.com,false,
2024-05-01 00:00:00,Costa Rica,Costa Rica,CR,78.32,147.13,80.71,80.71,grupoice.com,false,
2024-05-01 01:00:00,Costa Rica,Costa Rica,CR,79.23,148.36,80.48,80.48,grupoice.com,false,
2024-05-01 02:00:00,Costa Rica,Costa Rica,CR,87.01,160.71,78.57,78.57,grupoice.com,false,
2024-05-01 03:00:00,Costa Rica,Costa Rica,CR,96.52,176.35,76.23,76.23,grupoice.com,false,
2024-05-01 04:00:00,Costa Rica,Costa Rica,CR,105.89,191.68,73.92,73.92,grupoice.com,false,
2024-05-01 05:00:00,Costa Rica,Costa Rica,CR,116.78,208.75,71.23,71.23,grupoice.com,false,
2024-05-01 06:00:00,Costa Rica,Costa Rica,CR,136.96,241.98,66.26,66.26,grupoice.com,false,
2024-05-01 07:00:00,Costa Rica,Costa Rica,CR,142.47,251.2,64.91,64.91,grupoice.com,false,
2024-05-01 08:00:00,Costa Rica,Costa Rica,CR,138.31,244.66,65.93,65.93,grupoice.com,false,
2024-05-01 09:00:00,Costa Rica,Costa Rica,CR,130.69,232.91,67.81,67.81,grupoice.com,false,
2024-05-01 10:00:00,Costa Rica,Costa Rica,CR,143.2,253.08,64.73,64.73,grupoice.com,false,
2024-05-01 11:00:00,Costa Rica,Costa Rica,CR,151.34,265.54,62.72,62.72,grupoice.com,false,
2024-05-01 12:00:00,Costa Rica,Costa Rica,CR,143.53,253.5,64.65,64.65,grupoice.com,false,
2024-05-01 13:00:00,Costa Rica,Costa Rica,CR,127.59,227.53,68.57,68.57,grupoice.com,false,
2024-05-01 14:00:00,Costa Rica,Costa Rica,CR,114.08,205.92,71.9,71.9,grupoice.com,false,
2024-05-01 15:00:00,Costa Rica,Costa Rica,CR,105.17,190.81,74.09,74.09,grupoice.com,false,
2024-05-01 16:00:00,Costa Rica,Costa Rica,CR,98.01,180.14,75.86,75.86,grupoice.com,false,
2024-05-01 17:00:00,Costa Rica,Costa Rica,CR,94.41,174.55,76.74,76.74,grupoice.com,false,
2024-05-01 18:00:00,Costa Rica,Costa Rica,CR,95.22,176.1,76.54,76.54,grupoice.com,false,
2024-05-01 19:00:00,Costa Rica,Costa Rica,CR,95.71,176.9,76.43,76.43,grupoice.com,false,
2024-05-01 20:00:00,Costa Rica,Costa Rica,CR,98.81,181.73,75.66,75.66,grupoice.com,false,
2024-05-01 21:00:00,Costa Rica,Costa Rica,CR,99.61,182.94,75.47,75.47,grupoice.com,false,
2024-05-01 22:00:00,Costa Rica,Costa Rica,CR,100.18,183.33,75.33,75.33,grupoice.com,false,
2024-05-01 23:00:00,Costa Rica,Costa Rica,CR,101.21,184.97,75.07,75.07,grupoice.com,false,
2024-05-02 00:00:00,Costa Rica,Costa Rica,CR,86.57,160.77,78.67,78.67,grupoice.com,false,
2024-05-02 01:00:00,Costa Rica,Costa Rica,CR,86.61,160.77,78.67,78.67,grupoice.com,false,
2024-05-02 02:00:00,Costa Rica,Costa Rica,CR,92.8,171.03,77.14,77.14,grupoice.com,false,
2024-05-02 03:00:00,Costa Rica,Costa Rica,CR,103.06,187.72,74.62,74.62,grupoice.com,false,
2024-05-02 04:00:00,Costa Rica,Costa Rica,CR,128.51,229.94,68.35,68.35,grupoice.com,false,
2024-05-02 05:00:00,Costa Rica,Costa Rica,CR,142.0,251.09,65.02,65.02,grupoice.com,false,
2024-05-02 06:00:00,Costa Rica,Costa Rica,CR,147.28,259.52,63.72,63.72,grupoice.com,false,
2024-05-02 07:00:00,Costa Rica,Costa Rica,CR,154.3,271.48,61.99,61.99,grupoice.com,false,
2024-05-02 08:00:00,Costa Rica,Costa Rica,CR,159.31,279.56,60.76,60.76,grupoice.com,false,
2024-05-02 09:00:00,Costa Rica,Costa Rica,CR,160.32,280.94,60.51,60.51,grupoice.com,false,
2024-05-02 10:00:00,Costa Rica,Costa Rica,CR,149.6,263.95,63.15,63.15,grupoice.com,false,
2024-05-02 11:00:00,Costa Rica,Costa Rica,CR,129.74,231.77,68.04,68.04,grupoice.com,false,
2024-05-02 12:00:00,Costa Rica,Costa Rica,CR,106.21,191.47,73.84,73.84,grupoice.com,false,
2024-05-02 13:00:00,Costa Rica,Costa Rica,CR,97.52,177.85,75.98,75.98,grupoice.com,false,
2024-05-02 14:00:00,Costa Rica,Costa Rica,CR,89.72,165.08,77.9,77.9,grupoice.com,false,
2024-05-02 15:00:00,Costa Rica,Costa Rica,CR,86.65,160.34,78.66,78.66,grupoice.com,false,
2024-05-02 16:00:00,Costa Rica,Costa Rica,CR,84.67,157.54,79.14,79.14,grupoice.com,false,
2024-05-02 17:00:00,Costa Rica,Costa Rica,CR,78.05,147.1,80.78,80.78,grupoice.com,false,
2024-05-02 18:00:00,Costa Rica,Costa Rica,CR,77.29,146.03,80.96,80.96,grupoice.com,false,
2024-05-02 19:00:00,Costa Rica,Costa Rica,CR,75.14,142.83,81.49,81.49,grupoice.com,false,
2024-05-02 20:00:00,Costa Rica,Costa Rica,CR,77.68,146.91,80.87,80.87,grupoice.com,false,
2024-05-02 21:00:00,Costa Rica,Costa Rica,CR,80.37,151.22,80.2,80.2,grupoice.com,false,
2024-05-02 22:00:00,Costa Rica,Costa Rica,CR,88.43,163.85,78.22,78.22,grupoice.com,false,
2024-05-02 23:00:00,Costa Rica,Costa Rica,CR,91.21,168.27,77.53,77.53,grupoice.com,false,
2024-05-03 00:00:00,Costa Rica,Costa Rica,CR,84.18,156.48,79.27,79.27,grupoice.com,false,
2024-05-03 01:00:00,Costa Rica,Costa Rica,CR,83.82,154.74,79.35,79.35,grupoice.com,false,
2024-05-03 02:00:00,Costa Rica,Costa Rica,CR,90.54,165.5,77.7,77.7,grupoice.com,false,
2024-05-03 03:00:00,Costa Rica,Costa Rica,CR,97.87,177.27,75.89,75.89,grupoice.com,false,
2024-05-03 04:00:00,Costa Rica,Costa Rica,CR,110.33,196.85,72.82,72.82,grupoice.com,false,
2024-05-03 05:00:00,Costa Rica,Costa Rica,CR,122.76,216.56,69.76,69.76,grupoice.com,false,
2024-05-03 06:00:00,Costa Rica,Costa Rica,CR,137.35,239.09,66.17,66.17,grupoice.com,false,
2024-05-03 07:00:00,Costa Rica,Costa Rica,CR,141.28,245.54,65.2,65.2,grupoice.com,false,
2024-05-03 08:00:00,Costa Rica,Costa Rica,CR,145.73,252.54,64.11,64.11,grupoice.com,false,
2024-05-03 09:00:00,Costa Rica,Costa Rica,CR,145.61,252.46,64.13,64.13,grupoice.com,false,
2024-05-03 10:00:00,Costa Rica,Costa Rica,CR,137.1,239.28,66.23,66.23,grupoice.com,false,
2024-05-03 11:00:00,Costa Rica,Costa Rica,CR,122.37,215.75,69.86,69.86,grupoice.com,false,
2024-05-03 12:00:00,Costa Rica,Costa Rica,CR,111.72,198.43,72.48,72.48,grupoice.com,false,
2024-05-03 13:00:00,Costa Rica,Costa Rica,CR,108.69,193.94,73.23,73.23,grupoice.com,false,
2024-05-03 14:00:00,Costa Rica,Costa Rica,CR,100.63,180.88,75.22,75.22,grupoice.com,false,
2024-05-03 15:00:00,Costa Rica,Costa Rica,CR,95.49,172.87,76.48,76.48,grupoice.com,false,
2024-05-03 16:00:00,Costa Rica,Costa Rica,CR,95.05,172.57,76.59,76.59,grupoice.com,false,
2024-05-03 17:00:00,Costa Rica,Costa Rica,CR,90.75,165.88,77.65,77.65,grupoice.com,false,
2024-05-03 18:00:00,Costa Rica,Costa Rica,CR,85.6,157.57,78.92,78.92,grupoice.com,false,
2024-05-03 19:00:00,Costa Rica,Costa Rica,CR,83.94,154.96,79.32,79.32,grupoice.com,false,
2024-05-03 20:00:00,Costa Rica,Costa Rica,CR,81.63,151.34,79.89,79.89,grupoice.com,false,
2024-05-03 21:00:00,Costa Rica,Costa Rica,CR,86.27,158.61,78.75,78.75,grupoice.com,false,
2024-05-03 22:00:00,Costa Rica,Costa Rica,CR,88.78,162.58,78.13,78.13,grupoice.com,false,
2024-05-03 23:00:00,Costa Rica,Costa Rica,CR,91.48,166.89,77.46,77.46,grupoice.com,false,
2024-05-04 00:00:00,Costa Rica,Costa Rica,CR,89.42,163.97,77.97,77.97,grupoice.com,false,
2024-05-04 01:00:00,Costa Rica,Costa Rica,CR,90.59,166.78,77.69,77.69,grupoice.com,false,
2024-05-04 02:00:00,Costa Rica,Costa Rica,CR,94.23,173.43,76.79,76.79,grupoice.com,false,
2024-05-04 03:00:00,Costa Rica,Costa Rica,CR,101.2,184.57,75.07,75.07,grupoice.com,false,
2024-05-04 04:00:00,Costa Rica,Costa Rica,CR,113.14,203.61,72.13,72.13,grupoice.com,false,
2024-05-04 05:00:00,Costa Rica,Costa Rica,CR,123.75,220.23,69.51,69.51,grupoice.com,false,
2024-05-04 06:00:00,Costa Rica,Costa Rica,CR,131.68,232.95,67.57,67.57,grupoice.com,false,
2024-05-04 07:00:00,Costa Rica,Costa Rica,CR,137.77,242.57,66.07,66.07,grupoice.com,false,
2024-05-04 08:00:00,Costa Rica,Costa Rica,CR,141.87,249.28,65.06,65.06,grupoice.com,false,
2024-05-04 09:00:00,Costa Rica,Costa Rica,CR,139.5,245.5,65.64,65.64,grupoice.com,false,
2024-05-04 10:00:00,Costa Rica,Costa Rica,CR,122.94,219.72,69.72,69.72,grupoice.com,false,
2024-05-04 11:00:00,Costa Rica,Costa Rica,CR,139.19,244.81,65.72,65.72,grupoice.com,false,
2024-05-04 12:00:00,Costa Rica,Costa Rica,CR,129.2,228.98,68.18,68.18,grupoice.com,false,
2024-05-04 13:00:00,Costa Rica,Costa Rica,CR,118.71,212.53,70.76,70.76,grupoice.com,false,
2024-05-04 14:00:00,Costa Rica,Costa Rica,CR,107.2,193.86,73.59,73.59,grupoice.com,false,
2024-05-04 15:00:00,Costa Rica,Costa Rica,CR,101.01,183.94,75.12,75.12,grupoice.com,false,
2024-05-04 16:00:00,Costa Rica,Costa Rica,CR,98.35,179.6,75.78,75.78,grupoice.com,false,
2024-05-04 17:00:00,Costa Rica,Costa Rica,CR,94.69,173.45,76.68,76.68,grupoice.com,false,
2024-05-04 18:00:00,Costa Rica,Costa Rica,CR,92.98,170.87,77.1,77.1,grupoice.com,false,
2024-05-04 19:00:00,Costa Rica,Costa Rica,CR,91.66,168.58,77.42,77.42,grupoice.com,false,
2024-05-04 20:00:00,Costa Rica,Costa Rica,CR,93.94,172.29,76.86,76.86,grupoice.com,false,
2024-05-04 21:00:00,Costa Rica,Costa Rica,CR,97.41,177.9,76.01,76.01,grupoice.com,false,
2024-05-04 22:00:00,Costa Rica,Costa Rica,CR,98.75,180.08,75.68,75.68,grupoice.com,false,
2024-05-04 23:00:00,Costa Rica,Costa Rica,CR,99.75,181.55,75.43,75.43,grupoice.com,false,
2024-05-05 00:00:00,Costa Rica,Costa Rica,CR,93.07,171.02,77.08,77.08,grupoice.com,false,
2024-05-05 01:00:00,Costa Rica,Costa Rica,CR,94.57,172.98,76.71,76.71,grupoice.com,false,
2024-05-05 02:00:00,Costa Rica,Costa Rica,CR,99.1,180.19,75.59,75.59,grupoice.com,false,
2024-05-05 03:00:00,Costa Rica,Costa Rica,CR,107.53,193.76,73.52,73.52,grupoice.com,false,
2024-05-05 04:00:00,Costa Rica,Costa Rica,CR,117.72,210.05,71.0,71.0,grupoice.com,false,
2024-05-05 05:00:00,Costa Rica,Costa Rica,CR,128.49,227.24,68.35,68.35,grupoice.com,false,
2024-05-05 06:00:00,Costa Rica,Costa Rica,CR,137.5,241.65,66.13,66.13,grupoice.com,false,
2024-05-05 07:00:00,Costa Rica,Costa Rica,CR,143.12,250.38,64.75,64.75,grupoice.com,false,
2024-05-05 08:00:00,Costa Rica,Costa Rica,CR,149.84,261.0,63.09,63.09,grupoice.com,false,
2024-05-05 09:00:00,Costa Rica,Costa Rica,CR,154.73,268.68,61.89,61.89,grupoice.com,false,
2024-05-05 10:00:00,Costa Rica,Costa Rica,CR,156.01,270.96,61.57,61.57,grupoice.com,false,
2024-05-05 11:00:00,Costa Rica,Costa Rica,CR,162.67,281.67,59.93,59.93,grupoice.com,false,
2024-05-05 12:00:00,Costa Rica,Costa Rica,CR,155.94,270.84,61.59,61.59,grupoice.com,false,
2024-05-05 13:00:00,Costa Rica,Costa Rica,CR,137.81,242.14,66.06,66.06,grupoice.com,false,
2024-05-05 14:00:00,Costa Rica,Costa Rica,CR,122.86,218.29,69.74,69.74,grupoice.com,false,
2024-05-05 15:00:00,Costa Rica,Costa Rica,CR,113.42,203.6,72.06,72.06,grupoice.com,false,
2024-05-05 16:00:00,Costa Rica,Costa Rica,CR,111.91,200.73,72.43,72.43,grupoice.com,false,
2024-05-05 17:00:00,Costa Rica,Costa Rica,CR,107.58,193.74,73.5,73.5,grupoice.com,false,
2024-05-05 18:00:00,Costa Rica,Costa Rica,CR,102.8,185.93,74.68,74.68,grupoice.com,false,
2024-05-05 19:00:00,Costa Rica,Costa Rica,CR,104.87,189.31,74.16,74.16,grupoice.com,false,
2024-05-05 20:00:00,Costa Rica,Costa Rica,CR,107.18,193.33,73.6,73.6,grupoice.com,false,
2024-05-05 21:00:00,Costa Rica,Costa Rica,CR,109.21,196.84,73.1,73.1,grupoice.com,false,
2024-05-05 22:00:00,Costa Rica,Costa Rica,CR,109.89,197.66,72.93,72.93,grupoice.com,false,
2024-05-05 23:00:00,Costa Rica,Costa Rica,CR,108.86,195.96,73.19,73.19,grupoice.com,false,
2024-05-06 00:00:00,Costa Rica,Costa Rica,CR,98.54,179.44,75.73,75.73,grupoice.com,false,
2024-05-06 01:00:00,Costa Rica,Costa Rica,CR,99.5,180.9,75.49,75.49,grupoice.com,false,
2024-05-06 02:00:00,Costa Rica,Costa Rica,CR,103.69,187.61,74.46,74.46,grupoice.com,false,
2024-05-06 03:00:00,Costa Rica,Costa Rica,CR,112.05,200.83,72.4,72.4,grupoice.com,false,
2024-05-06 04:00:00,Costa Rica,Costa Rica,CR,124.71,220.92,69.28,69.28,grupoice.com,false,
2024-05-06 05:00:00,Costa Rica,Costa Rica,CR,132.93,234.25,67.26,67.26,grupoice.com,false,
2024-05-06 06:00:00,Costa Rica,Costa Rica,CR,143.73,251.34,64.6,64.6,grupoice.com,false,
2024-05-06 07:00:00,Costa Rica,Costa Rica,CR,150.52,262.21,62.93,62.93,grupoice.com,false,
2024-05-06 08:00:00,Costa Rica,Costa Rica,CR,153.88,267.42,62.1,62.1,grupoice.com,false,
2024-05-06 09:00:00,Costa Rica,Costa Rica,CR,153.31,266.31,62.24,62.24,grupoice.com,false,
2024-05-06 10:00:00,Costa Rica,Costa Rica,CR,141.77,247.34,65.08,65.08,grupoice.com,false,
2024-05-06 11:00:00,Costa Rica,Costa Rica,CR,123.89,218.27,69.48,69.48,grupoice.com,false,
2024-05-06 12:00:00,Costa Rica,Costa Rica,CR,114.11,202.79,71.89,71.89,grupoice.com,false,
2024-05-06 13:00:00,Costa Rica,Costa Rica,CR,107.2,192.0,73.6,73.6,grupoice.com,false,
2024-05-06 14:00:00,Costa Rica,Costa Rica,CR,100.55,181.7,75.23,75.23,grupoice.com,false,
2024-05-06 15:00:00,Costa Rica,Costa Rica,CR,95.26,173.26,76.54,76.54,grupoice.com,false,
2024-05-06 16:00:00,Costa Rica,Costa Rica,CR,88.81,163.19,78.13,78.13,grupoice.com,false,
2024-05-06 17:00:00,Costa Rica,Costa Rica,CR,85.06,157.58,79.05,79.05,grupoice.com,false,
2024-05-06 18:00:00,Costa Rica,Costa Rica,CR,83.63,155.38,79.4,79.4,grupoice.com,false,
2024-05-06 19:00:00,Costa Rica,Costa Rica,CR,83.19,154.9,79.51,79.51,grupoice.com,false,
2024-05-06 20:00:00,Costa Rica,Costa Rica,CR,84.13,156.5,79.27,79.27,grupoice.com,false,
2024-05-06 21:00:00,Costa Rica,Costa Rica,CR,85.83,159.13,78.86,78.86,grupoice.com,false,
2024-05-06 22:00:00,Costa Rica,Costa Rica,CR,88.45,163.3,78.22,78.22,grupoice.com,false,
2024-05-06 23:00:00,Costa Rica,Costa Rica,CR,91.82,168.55,77.38,77.38,grupoice.com,false,
2024-05-07 00:00:00,Costa Rica,Costa Rica,CR,87.17,161.17,78.53,78.53,grupoice.com,false,
2024-05-07 01:00:00,Costa Rica,Costa Rica,CR,89.38,164.78,77.98,77.98,grupoice.com,false,
2024-05-07 02:00:00,Costa Rica,Costa Rica,CR,92.85,170.17,77.13,77.13,grupoice.com,false,
2024-05-07 03:00:00,Costa Rica,Costa Rica,CR,99.24,180.64,75.56,75.56,grupoice.com,false,
2024-05-07 04:00:00,Costa Rica,Costa Rica,CR,106.98,192.94,73.65,73.65,grupoice.com,false,
2024-05-07 05:00:00,Costa Rica,Costa Rica,CR,116.89,208.78,71.21,71.21,grupoice.com,false,
2024-05-07 06:00:00,Costa Rica,Costa Rica,CR,123.42,218.87,69.6,69.6,grupoice.com,false,
2024-05-07 07:00:00,Costa Rica,Costa Rica,CR,132.54,232.85,67.35,67.35,grupoice.com,false,
2024-05-07 08:00:00,Costa Rica,Costa Rica,CR,137.82,240.88,66.05,66.05,grupoice.com,false,
2024-05-07 09:00:00,Costa Rica,Costa Rica,CR,136.96,239.36,66.27,66.27,grupoice.com,false,
2024-05-07 10:00:00,Costa Rica,Costa Rica,CR,128.09,225.51,68.45,68.45,grupoice.com,false,
2024-05-07 11:00:00,Costa Rica,Costa Rica,CR,113.89,202.75,71.95,71.95,grupoice.com,false,
2024-05-07 12:00:00,Costa Rica,Costa Rica,CR,107.31,192.4,73.57,73.57,grupoice.com,false,
2024-05-07 13:00:00,Costa Rica,Costa Rica,CR,103.72,187.43,74.45,74.45,grupoice.com,false,
2024-05-07 14:00:00,Costa Rica,Costa Rica,CR,97.89,178.61,75.89,75.89,grupoice.com,false,
2024-05-07 15:00:00,Costa Rica,Costa Rica,CR,93.44,171.18,76.99,76.99,grupoice.com,false,
2024-05-07 16:00:00,Costa Rica,Costa Rica,CR,89.79,165.24,77.88,77.88,grupoice.com,false,
2024-05-07 17:00:00,Costa Rica,Costa Rica,CR,83.71,155.48,79.38,79.38,grupoice.com,false,
2024-05-07 18:00:00,Costa Rica,Costa Rica,CR,83.79,155.79,79.36,79.36,grupoice.com,false,
2024-05-07 19:00:00,Costa Rica,Costa Rica,CR,82.85,154.56,79.59,79.59,grupoice.com,false,
2024-05-07 20:00:00,Costa Rica,Costa Rica,CR,83.92,155.94,79.33,79.33,grupoice.com,false,
2024-05-07 21:00:00,Costa Rica,Costa Rica,CR,86.28,158.85,78.75,78.75,grupoice.com,false,
2024-05-07 22:00:00,Costa Rica,Costa Rica,CR,88.62,162.69,78.17,78.17,grupoice.com,false,
2024-05-07 23:00:00,Costa Rica,Costa Rica,CR,91.74,167.77,77.4,77.4,grupoice.com,false,
2024-05-08 00:00:00,Costa Rica,Costa Rica,CR,86.05,159.34,78.8,78.8,grupoice.com,false,
2024-05-08 01:00:00,Costa Rica,Costa Rica,CR,86.94,161.15,78.58,78.58,grupoice.com,false,
2024-05-08 02:00:00,Costa Rica,Costa Rica,CR,90.07,166.27,77.81,77.81,grupoice.com,false,
2024-05-08 03:00:00,Costa Rica,Costa Rica,CR,97.57,178.19,75.97,75.97,grupoice.com,false,
2024-05-08 04:00:00,Costa Rica,Costa Rica,CR,108.48,195.32,73.28,73.28,grupoice.com,false,
2024-05-08 05:00:00,Costa Rica,Costa Rica,CR,120.44,214.16,70.33,70.33,grupoice.com,false,
2024-05-08 06:00:00,Costa Rica,Costa Rica,CR,131.58,232.19,67.59,67.59,grupoice.com,false,
2024-05-08 07:00:00,Costa Rica,Costa Rica,CR,134.7,237.19,66.82,66.82,grupoice.com,false,
2024-05-08 08:00:00,Costa Rica,Costa Rica,CR,135.49,238.48,66.63,66.63,grupoice.com,false,
2024-05-08 09:00:00,Costa Rica,Costa Rica,CR,140.1,245.73,65.49,65.49,grupoice.com,false,
2024-05-08 10:00:00,Costa Rica,Costa Rica,CR,131.1,231.47,67.71,67.71,grupoice.com,false,
2024-05-08 11:00:00,Costa Rica,Costa Rica,CR,115.59,206.92,71.53,71.53,grupoice.com,false,
2024-05-08 12:00:00,Costa Rica,Costa Rica,CR,108.37,195.59,73.31,73.31,grupoice.com,false,
2024-05-08 13:00:00,Costa Rica,Costa Rica,CR,101.96,185.3,74.89,74.89,grupoice.com,false,
2024-05-08 14:00:00,Costa Rica,Costa Rica,CR,96.79,176.93,76.16,76.16,grupoice.com,false,
2024-05-08 15:00:00,Costa Rica,Costa Rica,CR,92.88,170.48,77.12,77.12,grupoice.com,false,
2024-05-08 16:00:00,Costa Rica,Costa Rica,CR,87.84,162.05,78.36,78.36,grupoice.com,false,
2024-05-08 17:00:00,Costa Rica,Costa Rica,CR,90.56,166.12,77.69,77.69,grupoice.com,false,
2024-05-08 18:00:00,Costa Rica,Costa Rica,CR,95.49,173.98,76.48,76.48,grupoice.com,false,
2024-05-08 19:00:00,Costa Rica,Costa Rica,CR,94.93,173.04,76.61,76.61,grupoice.com,false,
2024-05-08 20:00:00,Costa Rica,Costa Rica,CR,96.03,174.26,76.34,76.34,grupoice.com,false,
2024-05-08 21:00:00,Costa Rica,Costa Rica,CR,100.02,180.19,75.36,75.36,grupoice.com,false,
2024-05-08 22:00:00,Costa Rica,Costa Rica,CR,100.72,180.86,75.19,75.19,grupoice.com,false,
2024-05-08 23:00:00,Costa Rica,Costa Rica,CR,102.81,184.17,74.68,74.68,grupoice.com,false,
2024-05-09 00:00:00,Costa Rica,Costa Rica,CR,98.94,178.96,75.63,75.63,grupoice.com,false,
2024-05-09 01:00:00,Costa Rica,Costa Rica,CR,100.92,182.65,75.14,75.14,grupoice.com,false,
2024-05-09 02:00:00,Costa Rica,Costa Rica,CR,104.49,188.6,74.26,74.26,grupoice.com,false,
2024-05-09 03:00:00,Costa Rica,Costa Rica,CR,113.81,203.35,71.97,71.97,grupoice.com,false,
2024-05-09 04:00:00,Costa Rica,Costa Rica,CR,129.4,228.08,68.13,68.13,grupoice.com,false,
2024-05-09 05:00:00,Costa Rica,Costa Rica,CR,138.63,242.6,65.85,65.85,grupoice.com,false,
2024-05-09 06:00:00,Costa Rica,Costa Rica,CR,146.24,254.81,63.98,63.98,grupoice.com,false,
2024-05-09 07:00:00,Costa Rica,Costa Rica,CR,151.31,262.95,62.73,62.73,grupoice.com,false,
2024-05-09 08:00:00,Costa Rica,Costa Rica,CR,154.14,267.34,62.03,62.03,grupoice.com,false,
2024-05-09 09:00:00,Costa Rica,Costa Rica,CR,153.69,266.61,62.15,62.15,grupoice.com,false,
2024-05-09 10:00:00,Costa Rica,Costa Rica,CR,143.62,250.57,64.62,64.62,grupoice.com,false,
2024-05-09 11:00:00,Costa Rica,Costa Rica,CR,127.94,225.49,68.49,68.49,grupoice.com,false,
2024-05-09 12:00:00,Costa Rica,Costa Rica,CR,119.06,211.55,70.67,70.67,grupoice.com,false,
2024-05-09 13:00:00,Costa Rica,Costa Rica,CR,112.42,200.84,72.31,72.31,grupoice.com,false,
2024-05-09 14:00:00,Costa Rica,Costa Rica,CR,105.89,190.43,73.92,73.92,grupoice.com,false,
2024-05-09 15:00:00,Costa Rica,Costa Rica,CR,98.67,178.68,75.7,75.7,grupoice.com,false,
2024-05-09 16:00:00,Costa Rica,Costa Rica,CR,93.41,170.34,76.99,76.99,grupoice.com,false,
2024-05-09 17:00:00,Costa Rica,Costa Rica,CR,89.19,163.82,78.03,78.03,grupoice.com,false,
2024-05-09 18:00:00,Costa Rica,Costa Rica,CR,87.65,161.44,78.41,78.41,grupoice.com,false,
2024-05-09 19:00:00,Costa Rica,Costa Rica,CR,87.38,161.32,78.48,78.48,grupoice.com,false,
2024-05-09 20:00:00,Costa Rica,Costa Rica,CR,88.54,163.25,78.19,78.19,grupoice.com,false,
2024-05-09 21:00:00,Costa Rica,Costa Rica,CR,90.84,166.72,77.62,77.62,grupoice.com,false,
2024-05-09 22:00:00,Costa Rica,Costa Rica,CR,96.18,175.48,76.31,76.31,grupoice.com,false,
2024-05-09 23:00:00,Costa Rica,Costa Rica,CR,100.57,182.38,75.23,75.23,grupoice.com,false,
2024-05-10 00:00:00,Costa Rica,Costa Rica,CR,100.66,182.53,75.2,75.2,grupoice.com,false,
2024-05-10 01:00:00,Costa Rica,Costa Rica,CR,101.05,182.95,75.11,75.11,grupoice.com,false,
2024-05-10 02:00:00,Costa Rica,Costa Rica,CR,104.53,188.21,74.25,74.25,grupoice.com,false,
2024-05-10 03:00:00,Costa Rica,Costa Rica,CR,109.71,196.56,72.98,72.98,grupoice.com,false,
2024-05-10 04:00:00,Costa Rica,Costa Rica,CR,125.31,221.04,69.14,69.14,grupoice.com,false,
2024-05-10 05:00:00,Costa Rica,Costa Rica,CR,140.73,245.29,65.34,65.34,grupoice.com,false,
2024-05-10 06:00:00,Costa Rica,Costa Rica,CR,146.65,254.68,63.88,63.88,grupoice.com,false,
2024-05-10 07:00:00,Costa Rica,Costa Rica,CR,152.0,263.19,62.56,62.56,grupoice.com,false,
2024-05-10 08:00:00,Costa Rica,Costa Rica,CR,155.08,267.83,61.79,61.79,grupoice.com,false,
2024-05-10 09:00:00,Costa Rica,Costa Rica,CR,153.74,265.59,62.13,62.13,grupoice.com,false,
2024-05-10 10:00:00,Costa Rica,Costa Rica,CR,143.88,249.66,64.56,64.56,grupoice.com,false,
2024-05-10 11:00:00,Costa Rica,Costa Rica,CR,129.72,227.73,68.04,68.04,grupoice.com,false,
2024-05-10 12:00:00,Costa Rica,Costa Rica,CR,119.98,213.03,70.45,70.45,grupoice.com,false,
2024-05-10 13:00:00,Costa Rica,Costa Rica,CR,113.02,201.78,72.16,72.16,grupoice.com,false,
2024-05-10 14:00:00,Costa Rica,Costa Rica,CR,106.74,191.44,73.71,73.71,grupoice.com,false,
2024-05-10 15:00:00,Costa Rica,Costa Rica,CR,101.3,182.3,75.05,75.05,grupoice.com,false,
2024-05-10 16:00:00,Costa Rica,Costa Rica,CR,99.13,178.03,75.58,75.58,grupoice.com,false,
2024-05-10 17:00:00,Costa Rica,Costa Rica,CR,95.01,171.8,76.6,76.6,grupoice.com,false,
2024-05-10 18:00:00,Costa Rica,Costa Rica,CR,95.17,172.32,76.56,76.56,grupoice.com,false,
2024-05-10 19:00:00,Costa Rica,Costa Rica,CR,94.39,171.22,76.75,76.75,grupoice.com,false,
2024-05-10 20:00:00,Costa Rica,Costa Rica,CR,97.35,176.03,76.02,76.02,grupoice.com,false,
2024-05-10 21:00:00,Costa Rica,Costa Rica,CR,98.41,177.13,75.76,75.76,grupoice.com,false,
2024-05-10 22:00:00,Costa Rica,Costa Rica,CR,102.18,183.18,74.83,74.83,grupoice.com,false,
2024-05-10 23:00:00,Costa Rica,Costa Rica,CR,104.98,187.55,74.14,74.14,grupoice.com,false,
2024-05-11 00:00:00,Costa Rica,Costa Rica,CR,101.32,181.82,75.04,75.04,grupoice.com,false,
2024-05-11 01:00:00,Costa Rica,Costa Rica,CR,97.23,175.33,76.05,76.05,grupoice.com,false,
2024-05-11 02:00:00,Costa Rica,Costa Rica,CR,96.78,174.72,76.16,76.16,grupoice.com,false,
2024-05-11 03:00:00,Costa Rica,Costa Rica,CR,111.05,197.07,72.65,72.65,grupoice.com,false,
2024-05-11 04:00:00,Costa Rica,Costa Rica,CR,123.93,216.99,69.47,69.47,grupoice.com,false,
2024-05-11 05:00:00,Costa Rica,Costa Rica,CR,129.22,224.85,68.17,68.17,Electricity Maps Estimation,true,ESTIMATED_TIME_SLICER_AVERAGE
2024-05-11 06:00:00,Costa Rica,Costa Rica,CR,133.73,231.13,67.06,67.06,grupoice.com,false,
2024-05-11 07:00:00,Costa Rica,Costa Rica,CR,145.97,250.43,64.04,64.04,grupoice.com,false,
2024-05-11 08:00:00,Costa Rica,Costa Rica,CR,158.06,270.68,61.07,61.07,grupoice.com,false,
2024-05-11 09:00:00,Costa Rica,Costa Rica,CR,162.42,277.48,59.99,59.99,grupoice.com,false,
2024-05-11 10:00:00,Costa Rica,Costa Rica,CR,157.49,269.41,61.21,61.21,grupoice.com,false,
2024-05-11 11:00:00,Costa Rica,Costa Rica,CR,148.71,255.87,63.37,63.37,grupoice.com,false,
2024-05-11 12:00:00,Costa Rica,Costa Rica,CR,145.0,249.62,64.28,64.28,grupoice.com,false,
2024-05-11 13:00:00,Costa Rica,Costa Rica,CR,127.06,221.51,68.7,68.7,grupoice.com,false,
2024-05-11 14:00:00,Costa Rica,Costa Rica,CR,115.28,203.16,71.61,71.61,grupoice.com,false,
2024-05-11 15:00:00,Costa Rica,Costa Rica,CR,107.57,191.23,73.5,73.5,grupoice.com,false,
2024-05-11 16:00:00,Costa Rica,Costa Rica,CR,104.78,186.67,74.19,74.19,grupoice.com,false,
2024-05-11 17:00:00,Costa Rica,Costa Rica,CR,101.66,182.23,74.96,74.96,grupoice.com,false,
2024-05-11 18:00:00,Costa Rica,Costa Rica,CR,100.97,181.24,75.13,75.13,grupoice.com,false,
2024-05-11 19:00:00,Costa Rica,Costa Rica,CR,102.15,183.0,74.84,74.84,grupoice.com,false,
2024-05-11 20:00:00,Costa Rica,Costa Rica,CR,104.14,186.22,74.35,74.35,grupoice.com,false,
2024-05-11 21:00:00,Costa Rica,Costa Rica,CR,108.06,192.06,73.38,73.38,grupoice.com,false,
2024-05-11 22:00:00,Costa Rica,Costa Rica,CR,110.7,196.41,72.73,72.73,grupoice.com,false,
2024-05-11 23:00:00,Costa Rica,Costa Rica,CR,112.41,199.19,72.31,72.31,grupoice.com,false,
2024-05-12 00:00:00,Costa Rica,Costa Rica,CR,108.2,192.5,73.35,73.35,grupoice.com,false,
2024-05-12 01:00:00,Costa Rica,Costa Rica,CR,110.89,196.66,72.69,72.69,grupoice.com,false,
2024-05-12 02:00:00,Costa Rica,Costa Rica,CR,115.05,203.2,71.66,71.66,grupoice.com,false,
2024-05-12 03:00:00,Costa Rica,Costa Rica,CR,121.47,212.33,70.08,70.08,grupoice.com,false,
2024-05-12 04:00:00,Costa Rica,Costa Rica,CR,132.13,228.43,67.45,67.45,grupoice.com,false,
2024-05-12 05:00:00,Costa Rica,Costa Rica,CR,107.99,190.13,73.4,73.4,grupoice.com,false,
2024-05-12 06:00:00,Costa Rica,Costa Rica,CR,99.12,176.92,75.59,75.59,grupoice.com,false,
2024-05-12 07:00:00,Costa Rica,Costa Rica,CR,116.71,205.16,71.25,71.25,grupoice.com,false,
2024-05-12 08:00:00,Costa Rica,Costa Rica,CR,124.16,216.58,69.42,69.42,grupoice.com,false,
2024-05-12 09:00:00,Costa Rica,Costa Rica,CR,113.21,199.46,72.11,72.11,grupoice.com,false,
2024-05-12 10:00:00,Costa Rica,Costa Rica,CR,109.86,193.83,72.94,72.94,grupoice.com,false,
2024-05-12 11:00:00,Costa Rica,Costa Rica,CR,95.23,170.46,76.54,76.54,grupoice.com,false,
2024-05-12 12:00:00,Costa Rica,Costa Rica,CR,77.02,142.97,81.03,81.03,grupoice.com,false,
2024-05-12 13:00:00,Costa Rica,Costa Rica,CR,108.6,192.05,73.25,73.25,grupoice.com,false,
2024-05-12 14:00:00,Costa Rica,Costa Rica,CR,118.1,206.44,70.91,70.91,grupoice.com,false,
2024-05-12 15:00:00,Costa Rica,Costa Rica,CR,92.08,166.4,77.31,77.31,grupoice.com,false,
2024-05-12 16:00:00,Costa Rica,Costa Rica,CR,98.52,176.84,75.73,75.73,grupoice.com,false,
2024-05-12 17:00:00,Costa Rica,Costa Rica,CR,107.69,191.2,73.47,73.47,grupoice.com,false,
2024-05-12 18:00:00,Costa Rica,Costa Rica,CR,105.61,188.19,73.99,73.99,grupoice.com,false,
2024-05-12 19:00:00,Costa Rica,Costa Rica,CR,113.16,199.64,72.13,72.13,grupoice.com,false,
2024-05-12 20:00:00,Costa Rica,Costa Rica,CR,116.61,204.47,71.28,71.28,grupoice.com,false,
2024-05-12 21:00:00,Costa Rica,Costa Rica,CR,118.94,208.13,70.7,70.7,grupoice.com,false,
2024-05-12 22:00:00,Costa Rica,Costa Rica,CR,121.37,212.14,70.1,70.1,grupoice.com,false,
2024-05-12 23:00:00,Costa Rica,Costa Rica,CR,123.27,215.12,69.64,69.64,grupoice.com,false,
2024-05-13 00:00:00,Costa Rica,Costa Rica,CR,113.95,200.48,71.93,71.93,grupoice.com,false,
2024-05-13 01:00:00,Costa Rica,Costa Rica,CR,112.19,197.7,72.36,72.36,grupoice.com,false,
2024-05-13 02:00:00,Costa Rica,Costa Rica,CR,110.77,195.83,72.72,72.72,grupoice.com,false,
2024-05-13 03:00:00,Costa Rica,Costa Rica,CR,126.8,220.73,68.77,68.77,grupoice.com,false,
2024-05-13 04:00:00,Costa Rica,Costa Rica,CR,142.43,245.16,64.92,64.92,grupoice.com,false,
2024-05-13 05:00:00,Costa Rica,Costa Rica,CR,143.96,248.0,64.54,64.54,grupoice.com,false,
2024-05-13 06:00:00,Costa Rica,Costa Rica,CR,154.26,264.27,62.01,62.01,grupoice.com,false,
2024-05-13 07:00:00,Costa Rica,Costa Rica,CR,164.8,280.83,59.4,59.4,grupoice.com,false,
2024-05-13 08:00:00,Costa Rica,Costa Rica,CR,160.97,275.26,60.35,60.35,grupoice.com,false,
2024-05-13 09:00:00,Costa Rica,Costa Rica,CR,172.09,292.38,57.61,57.61,grupoice.com,false,
2024-05-13 10:00:00,Costa Rica,Costa Rica,CR,160.09,273.55,60.57,60.57,grupoice.com,false,
2024-05-13 11:00:00,Costa Rica,Costa Rica,CR,140.03,242.22,65.51,65.51,grupoice.com,false,
2024-05-13 12:00:00,Costa Rica,Costa Rica,CR,127.92,223.19,68.49,68.49,grupoice.com,false,
2024-05-13 13:00:00,Costa Rica,Costa Rica,CR,122.89,215.32,69.73,69.73,grupoice.com,false,
2024-05-13 14:00:00,Costa Rica,Costa Rica,CR,114.54,202.0,71.79,71.79,grupoice.com,false,
2024-05-13 15:00:00,Costa Rica,Costa Rica,CR,110.69,196.01,72.73,72.73,grupoice.com,false,
2024-05-13 16:00:00,Costa Rica,Costa Rica,CR,108.88,192.86,73.18,73.18,grupoice.com,false,
2024-05-13 17:00:00,Costa Rica,Costa Rica,CR,103.02,183.2,74.63,74.63,grupoice.com,false,
2024-05-13 18:00:00,Costa Rica,Costa Rica,CR,102.58,182.26,74.73,74.73,grupoice.com,false,
2024-05-13 19:00:00,Costa Rica,Costa Rica,CR,103.88,184.41,74.41,74.41,grupoice.com,false,
2024-05-13 20:00:00,Costa Rica,Costa Rica,CR,106.37,188.84,73.8,73.8,grupoice.com,false,
2024-05-13 21:00:00,Costa Rica,Costa Rica,CR,107.4,190.48,73.54,73.54,grupoice.com,false,
2024-05-13 22:00:00,Costa Rica,Costa Rica,CR,109.23,193.34,73.09,73.09,grupoice.com,false,
2024-05-13 23:00:00,Costa Rica,Costa Rica,CR,110.86,195.96,72.69,72.69,grupoice.com,false,
2024-05-14 00:00:00,Costa Rica,Costa Rica,CR,102.73,182.93,74.69,74.69,grupoice.com,false,
2024-05-14 01:00:00,Costa Rica,Costa Rica,CR,105.05,186.49,74.12,74.12,grupoice.com,false,
2024-05-14 02:00:00,Costa Rica,Costa Rica,CR,109.85,193.91,72.94,72.94,grupoice.com,false,
2024-05-14 03:00:00,Costa Rica,Costa Rica,CR,121.18,211.53,70.15,70.15,grupoice.com,false,
2024-05-14 04:00:00,Costa Rica,Costa Rica,CR,138.02,238.0,66.0,66.0,grupoice.com,false,
2024-05-14 05:00:00,Costa Rica,Costa Rica,CR,149.99,256.49,63.05,63.05,grupoice.com,false,
2024-05-14 06:00:00,Costa Rica,Costa Rica,CR,160.62,273.7,60.44,60.44,grupoice.com,false,
2024-05-14 07:00:00,Costa Rica,Costa Rica,CR,163.58,278.02,59.71,59.71,grupoice.com,false,
2024-05-14 08:00:00,Costa Rica,Costa Rica,CR,164.47,279.41,59.49,59.49,grupoice.com,false,
2024-05-14 09:00:00,Costa Rica,Costa Rica,CR,160.35,272.49,60.5,60.5,grupoice.com,false,
2024-05-14 10:00:00,Costa Rica,Costa Rica,CR,153.95,262.52,62.07,62.07,grupoice.com,false,
2024-05-14 11:00:00,Costa Rica,Costa Rica,CR,137.05,236.82,66.24,66.24,grupoice.com,false,
2024-05-14 12:00:00,Costa Rica,Costa Rica,CR,126.09,219.4,68.94,68.94,grupoice.com,false,
2024-05-14 13:00:00,Costa Rica,Costa Rica,CR,119.55,208.72,70.55,70.55,grupoice.com,false,
2024-05-14 14:00:00,Costa Rica,Costa Rica,CR,112.8,197.8,72.21,72.21,grupoice.com,false,
2024-05-14 15:00:00,Costa Rica,Costa Rica,CR,109.76,193.34,72.96,72.96,grupoice.com,false,
2024-05-14 16:00:00,Costa Rica,Costa Rica,CR,106.09,187.73,73.87,73.87,grupoice.com,false,
2024-05-14 17:00:00,Costa Rica,Costa Rica,CR,101.0,179.86,75.12,75.12,grupoice.com,false,
2024-05-14 18:00:00,Costa Rica,Costa Rica,CR,99.98,178.39,75.37,75.37,grupoice.com,false,
2024-05-14 19:00:00,Costa Rica,Costa Rica,CR,98.79,176.57,75.67,75.67,grupoice.com,false,
2024-05-14 20:00:00,Costa Rica,Costa Rica,CR,100.27,178.81,75.3,75.3,grupoice.com,false,
2024-05-14 21:00:00,Costa Rica,Costa Rica,CR,102.85,182.82,74.66,74.66,grupoice.com,false,
2024-05-14 22:00:00,Costa Rica,Costa Rica,CR,105.83,187.47,73.93,73.93,grupoice.com,false,
2024-05-14 23:00:00,Costa Rica,Costa Rica,CR,107.78,190.62,73.45,73.45,grupoice.com,false,
2024-05-15 00:00:00,Costa Rica,Costa Rica,CR,101.69,180.99,74.95,74.95,grupoice.com,false,
2024-05-15 01:00:00,Costa Rica,Costa Rica,CR,104.76,185.72,74.19,74.19,grupoice.com,false,
2024-05-15 02:00:00,Costa Rica,Costa Rica,CR,109.88,193.93,72.94,72.94,grupoice.com,false,
2024-05-15 03:00:00,Costa Rica,Costa Rica,CR,119.62,209.18,70.53,70.53,grupoice.com,false,
2024-05-15 04:00:00,Costa Rica,Costa Rica,CR,134.6,232.89,66.85,66.85,grupoice.com,false,
2024-05-15 05:00:00,Costa Rica,Costa Rica,CR,139.18,240.67,65.7,65.7,grupoice.com,false,
2024-05-15 06:00:00,Costa Rica,Costa Rica,CR,151.76,260.79,62.62,62.62,grupoice.com,false,
2024-05-15 07:00:00,Costa Rica,Costa Rica,CR,159.95,273.71,60.6,60.6,grupoice.com,false,
2024-05-15 08:00:00,Costa Rica,Costa Rica,CR,165.28,281.68,59.29,59.29,grupoice.com,false,
2024-05-15 09:00:00,Costa Rica,Costa Rica,CR,163.77,278.99,59.66,59.66,grupoice.com,false,
2024-05-15 10:00:00,Costa Rica,Costa Rica,CR,153.21,262.41,62.26,62.26,grupoice.com,false,
2024-05-15 11:00:00,Costa Rica,Costa Rica,CR,135.69,235.06,66.58,66.58,grupoice.com,false,
2024-05-15 12:00:00,Costa Rica,Costa Rica,CR,125.86,219.97,69.0,69.0,grupoice.com,false,
2024-05-15 13:00:00,Costa Rica,Costa Rica,CR,119.99,210.65,70.44,70.44,grupoice.com,false,
2024-05-15 14:00:00,Costa Rica,Costa Rica,CR,112.24,198.58,72.35,72.35,grupoice.com,false,
2024-05-15 15:00:00,Costa Rica,Costa Rica,CR,107.11,190.75,73.62,73.62,grupoice.com,false,
2024-05-15 16:00:00,Costa Rica,Costa Rica,CR,103.17,184.42,74.58,74.58,grupoice.com,false,
2024-05-15 17:00:00,Costa Rica,Costa Rica,CR,98.67,177.41,75.7,75.7,grupoice.com,false,
2024-05-15 18:00:00,Costa Rica,Costa Rica,CR,98.92,177.65,75.63,75.63,grupoice.com,false,
2024-05-15 19:00:00,Costa Rica,Costa Rica,CR,97.97,176.2,75.87,75.87,grupoice.com,false,
2024-05-15 20:00:00,Costa Rica,Costa Rica,CR,98.55,177.15,75.72,75.72,grupoice.com,false,
2024-05-15 21:00:00,Costa Rica,Costa Rica,CR,101.36,181.96,75.03,75.03,grupoice.com,false,
2024-05-15 22:00:00,Costa Rica,Costa Rica,CR,105.47,188.31,74.02,74.02,grupoice.com,false,
2024-05-15 23:00:00,Costa Rica,Costa Rica,CR,105.97,189.13,73.9,73.9,grupoice.com,false,
2024-05-16 00:00:00,Costa Rica,Costa Rica,CR,99.07,178.46,75.6,75.6,grupoice.com,false,
2024-05-16 01:00:00,Costa Rica,Costa Rica,CR,101.59,182.21,74.97,74.97,grupoice.com,false,
2024-05-16 02:00:00,Costa Rica,Costa Rica,CR,106.48,189.94,73.77,73.77,grupoice.com,false,
2024-05-16 03:00:00,Costa Rica,Costa Rica,CR,117.16,206.67,71.14,71.14,grupoice.com,false,
2024-05-16 04:00:00,Costa Rica,Costa Rica,CR,132.0,230.04,67.49,67.49,grupoice.com,false,
2024-05-16 05:00:00,Costa Rica,Costa Rica,CR,144.18,249.05,64.49,64.49,grupoice.com,false,
2024-05-16 06:00:00,Costa Rica,Costa Rica,CR,151.93,261.05,62.58,62.58,grupoice.com,false,
2024-05-16 07:00:00,Costa Rica,Costa Rica,CR,147.25,254.0,63.73,63.73,grupoice.com,false,
2024-05-16 08:00:00,Costa Rica,Costa Rica,CR,130.85,228.79,67.77,67.77,grupoice.com,false,
2024-05-16 09:00:00,Costa Rica,Costa Rica,CR,129.3,226.39,68.15,68.15,grupoice.com,false,
2024-05-16 10:00:00,Costa Rica,Costa Rica,CR,128.98,225.7,68.23,68.23,grupoice.com,false,
2024-05-16 11:00:00,Costa Rica,Costa Rica,CR,118.46,208.85,70.82,70.82,grupoice.com,false,
2024-05-16 12:00:00,Costa Rica,Costa Rica,CR,109.9,195.65,72.93,72.93,grupoice.com,false,
2024-05-16 13:00:00,Costa Rica,Costa Rica,CR,105.23,188.48,74.08,74.08,grupoice.com,false,
2024-05-16 14:00:00,Costa Rica,Costa Rica,CR,98.15,177.29,75.83,75.83,grupoice.com,false,
2024-05-16 15:00:00,Costa Rica,Costa Rica,CR,94.76,171.96,76.66,76.66,grupoice.com,false,
2024-05-16 16:00:00,Costa Rica,Costa Rica,CR,91.73,167.31,77.41,77.41,grupoice.com,false,
2024-05-16 17:00:00,Costa Rica,Costa Rica,CR,93.01,169.04,77.09,77.09,grupoice.com,false,
2024-05-16 18:00:00,Costa Rica,Costa Rica,CR,93.0,169.14,77.09,77.09,grupoice.com,false,
2024-05-16 19:00:00,Costa Rica,Costa Rica,CR,93.81,170.17,76.89,76.89,grupoice.com,false,
2024-05-16 20:00:00,Costa Rica,Costa Rica,CR,96.03,173.27,76.35,76.35,grupoice.com,false,
2024-05-16 21:00:00,Costa Rica,Costa Rica,CR,99.96,179.09,75.38,75.38,grupoice.com,false,
2024-05-16 22:00:00,Costa Rica,Costa Rica,CR,101.11,180.89,75.1,75.1,grupoice.com,false,
2024-05-16 23:00:00,Costa Rica,Costa Rica,CR,103.75,185.67,74.45,74.45,grupoice.com,false,
2024-05-17 00:00:00,Costa Rica,Costa Rica,CR,101.67,182.36,74.96,74.96,grupoice.com,false,
2024-05-17 01:00:00,Costa Rica,Costa Rica,CR,104.02,186.04,74.38,74.38,grupoice.com,false,
2024-05-17 02:00:00,Costa Rica,Costa Rica,CR,109.39,194.52,73.06,73.06,grupoice.com,false,
2024-05-17 03:00:00,Costa Rica,Costa Rica,CR,116.37,205.31,71.34,71.34,grupoice.com,false,
2024-05-17 04:00:00,Costa Rica,Costa Rica,CR,118.57,209.08,70.79,70.79,grupoice.com,false,
2024-05-17 05:00:00,Costa Rica,Costa Rica,CR,19.44,56.46,95.18,95.18,grupoice.com,false,
2024-05-17 06:00:00,Costa Rica,Costa Rica,CR,143.92,248.68,64.54,64.54,grupoice.com,false,
2024-05-17 07:00:00,Costa Rica,Costa Rica,CR,150.63,259.33,62.89,62.89,grupoice.com,false,
2024-05-17 08:00:00,Costa Rica,Costa Rica,CR,153.65,264.11,62.15,62.15,grupoice.com,false,
2024-05-17 09:00:00,Costa Rica,Costa Rica,CR,152.09,261.47,62.53,62.53,grupoice.com,false,
2024-05-17 10:00:00,Costa Rica,Costa Rica,CR,146.87,253.3,63.82,63.82,grupoice.com,false,
2024-05-17 11:00:00,Costa Rica,Costa Rica,CR,134.41,233.78,66.89,66.89,grupoice.com,false,
2024-05-17 12:00:00,Costa Rica,Costa Rica,CR,121.34,213.72,70.11,70.11,grupoice.com,false,
2024-05-17 13:00:00,Costa Rica,Costa Rica,CR,116.57,205.96,71.28,71.28,grupoice.com,false,
2024-05-17 14:00:00,Costa Rica,Costa Rica,CR,108.71,193.82,73.22,73.22,grupoice.com,false,
2024-05-17 15:00:00,Costa Rica,Costa Rica,CR,103.19,185.08,74.58,74.58,grupoice.com,false,
2024-05-17 16:00:00,Costa Rica,Costa Rica,CR,99.43,179.09,75.51,75.51,grupoice.com,false,
2024-05-17 17:00:00,Costa Rica,Costa Rica,CR,95.02,172.21,76.59,76.59,grupoice.com,false,
2024-05-17 18:00:00,Costa Rica,Costa Rica,CR,94.64,171.57,76.69,76.69,grupoice.com,false,
2024-05-17 19:00:00,Costa Rica,Costa Rica,CR,96.32,174.26,76.28,76.28,grupoice.com,false,
2024-05-17 20:00:00,Costa Rica,Costa Rica,CR,98.19,177.2,75.82,75.82,grupoice.com,false,
2024-05-17 21:00:00,Costa Rica,Costa Rica,CR,101.16,181.76,75.08,75.08,grupoice.com,false,
2024-05-17 22:00:00,Costa Rica,Costa Rica,CR,103.39,185.08,74.53,74.53,grupoice.com,false,
2024-05-17 23:00:00,Costa Rica,Costa Rica,CR,106.55,190.02,73.75,73.75,grupoice.com,false,
2024-05-18 00:00:00,Costa Rica,Costa Rica,CR,99.2,178.83,75.57,75.57,grupoice.com,false,
2024-05-18 01:00:00,Costa Rica,Costa Rica,CR,101.23,181.9,75.07,75.07,grupoice.com,false,
2024-05-18 02:00:00,Costa Rica,Costa Rica,CR,105.32,188.32,74.06,74.06,grupoice.com,false,
2024-05-18 03:00:00,Costa Rica,Costa Rica,CR,114.29,202.36,71.85,71.85,grupoice.com,false,
2024-05-18 04:00:00,Costa Rica,Costa Rica,CR,125.82,220.21,69.01,69.01,grupoice.com,false,
2024-05-18 05:00:00,Costa Rica,Costa Rica,CR,132.35,230.39,67.4,67.4,grupoice.com,false,
2024-05-18 06:00:00,Costa Rica,Costa Rica,CR,144.0,248.58,64.53,64.53,grupoice.com,false,
2024-05-18 07:00:00,Costa Rica,Costa Rica,CR,152.46,262.3,62.45,62.45,grupoice.com,false,
2024-05-18 08:00:00,Costa Rica,Costa Rica,CR,156.44,267.88,61.47,61.47,grupoice.com,false,
2024-05-18 09:00:00,Costa Rica,Costa Rica,CR,156.23,267.57,61.52,61.52,grupoice.com,false,
2024-05-18 10:00:00,Costa Rica,Costa Rica,CR,151.41,260.01,62.71,62.71,grupoice.com,false,
2024-05-18 11:00:00,Costa Rica,Costa Rica,CR,131.26,228.76,67.67,67.67,grupoice.com,false,
2024-05-18 12:00:00,Costa Rica,Costa Rica,CR,121.59,213.28,70.05,70.05,grupoice.com,false,
2024-05-18 13:00:00,Costa Rica,Costa Rica,CR,109.68,194.63,72.98,72.98,grupoice.com,false,
2024-05-18 14:00:00,Costa Rica,Costa Rica,CR,99.87,179.09,75.4,75.4,grupoice.com,false,
2024-05-18 15:00:00,Costa Rica,Costa Rica,CR,94.09,170.13,76.82,76.82,grupoice.com,false,
2024-05-18 16:00:00,Costa Rica,Costa Rica,CR,96.97,174.82,76.12,76.12,grupoice.com,false,
2024-05-18 17:00:00,Costa Rica,Costa Rica,CR,98.45,177.19,75.75,75.75,grupoice.com,false,
2024-05-18 18:00:00,Costa Rica,Costa Rica,CR,97.44,175.29,75.99,75.99,grupoice.com,false,
2024-05-18 19:00:00,Costa Rica,Costa Rica,CR,100.21,179.68,75.32,75.32,grupoice.com,false,
2024-05-18 20:00:00,Costa Rica,Costa Rica,CR,100.39,179.6,75.27,75.27,grupoice.com,false,
2024-05-18 21:00:00,Costa Rica,Costa Rica,CR,97.38,174.59,76.01,76.01,grupoice.com,false,
2024-05-18 22:00:00,Costa Rica,Costa Rica,CR,100.06,178.49,75.35,75.35,grupoice.com,false,
2024-05-18 23:00:00,Costa Rica,Costa Rica,CR,102.39,182.08,74.78,74.78,grupoice.com,false,
2024-05-19 00:00:00,Costa Rica,Costa Rica,CR,96.03,172.22,76.35,76.35,grupoice.com,false,
2024-05-19 01:00:00,Costa Rica,Costa Rica,CR,97.44,174.47,76.0,76.0,grupoice.com,false,
2024-05-19 02:00:00,Costa Rica,Costa Rica,CR,103.15,183.38,74.59,74.59,grupoice.com,false,
2024-05-19 03:00:00,Costa Rica,Costa Rica,CR,110.17,194.32,72.87,72.87,grupoice.com,false,
2024-05-19 04:00:00,Costa Rica,Costa Rica,CR,127.38,220.89,68.62,68.62,grupoice.com,false,
2024-05-19 05:00:00,Costa Rica,Costa Rica,CR,138.49,238.58,65.89,65.89,grupoice.com,false,
2024-05-19 06:00:00,Costa Rica,Costa Rica,CR,139.22,240.3,65.71,65.71,grupoice.com,false,
2024-05-19 07:00:00,Costa Rica,Costa Rica,CR,142.47,245.74,64.91,64.91,grupoice.com,false,
2024-05-19 08:00:00,Costa Rica,Costa Rica,CR,145.8,251.1,64.09,64.09,grupoice.com,false,
2024-05-19 09:00:00,Costa Rica,Costa Rica,CR,146.34,251.4,63.96,63.96,grupoice.com,false,
2024-05-19 10:00:00,Costa Rica,Costa Rica,CR,146.45,251.67,63.92,63.92,grupoice.com,false,
2024-05-19 11:00:00,Costa Rica,Costa Rica,CR,150.93,259.03,62.82,62.82,grupoice.com,false,
2024-05-19 12:00:00,Costa Rica,Costa Rica,CR,133.75,232.18,67.06,67.06,grupoice.com,false,
2024-05-19 13:00:00,Costa Rica,Costa Rica,CR,130.26,226.65,67.91,67.91,grupoice.com,false,
2024-05-19 14:00:00,Costa Rica,Costa Rica,CR,123.07,215.27,69.69,69.69,grupoice.com,false,
2024-05-19 15:00:00,Costa Rica,Costa Rica,CR,121.46,212.32,70.08,70.08,grupoice.com,false,
2024-05-19 16:00:00,Costa Rica,Costa Rica,CR,113.45,199.82,72.05,72.05,grupoice.com,false,
2024-05-19 17:00:00,Costa Rica,Costa Rica,CR,112.59,197.96,72.26,72.26,grupoice.com,false,
2024-05-19 18:00:00,Costa Rica,Costa Rica,CR,111.5,196.32,72.53,72.53,grupoice.com,false,
2024-05-19 19:00:00,Costa Rica,Costa Rica,CR,114.5,200.87,71.79,71.79,grupoice.com,false,
2024-05-19 20:00:00,Costa Rica,Costa Rica,CR,118.1,206.45,70.91,70.91,grupoice.com,false,
2024-05-19 21:00:00,Costa Rica,Costa Rica,CR,121.59,212.12,70.05,70.05,grupoice.com,false,
2024-05-19 22:00:00,Costa Rica,Costa Rica,CR,121.63,211.87,70.04,70.04,grupoice.com,false,
2024-05-19 23:00:00,Costa Rica,Costa Rica,CR,115.48,202.01,71.56,71.56,grupoice.com,false,
2024-05-20 00:00:00,Costa Rica,Costa Rica,CR,110.16,193.8,72.87,72.87,grupoice.com,false,
2024-05-20 01:00:00,Costa Rica,Costa Rica,CR,111.86,196.19,72.45,72.45,grupoice.com,false,
2024-05-20 02:00:00,Costa Rica,Costa Rica,CR,116.12,202.77,71.4,71.4,grupoice.com,false,
2024-05-20 03:00:00,Costa Rica,Costa Rica,CR,125.54,217.35,69.08,69.08,grupoice.com,false,
2024-05-20 04:00:00,Costa Rica,Costa Rica,CR,137.54,235.91,66.12,66.12,grupoice.com,false,
2024-05-20 05:00:00,Costa Rica,Costa Rica,CR,119.08,207.61,70.67,70.67,grupoice.com,false,
2024-05-20 06:00:00,Costa Rica,Costa Rica,CR,119.2,207.65,70.64,70.64,grupoice.com,false,
2024-05-20 07:00:00,Costa Rica,Costa Rica,CR,110.93,195.04,72.68,72.68,grupoice.com,false,
2024-05-20 08:00:00,Costa Rica,Costa Rica,CR,110.38,194.17,72.81,72.81,grupoice.com,false,
2024-05-20 09:00:00,Costa Rica,Costa Rica,CR,108.91,191.93,73.17,73.17,grupoice.com,false,
2024-05-20 10:00:00,Costa Rica,Costa Rica,CR,124.96,217.15,69.22,69.22,grupoice.com,false,
2024-05-20 11:00:00,Costa Rica,Costa Rica,CR,130.85,226.1,67.77,67.77,grupoice.com,false,
2024-05-20 12:00:00,Costa Rica,Costa Rica,CR,117.75,206.02,71.0,71.0,grupoice.com,false,
2024-05-20 13:00:00,Costa Rica,Costa Rica,CR,111.67,196.52,72.5,72.5,grupoice.com,false,
2024-05-20 14:00:00,Costa Rica,Costa Rica,CR,104.59,185.23,74.24,74.24,grupoice.com,false,
2024-05-20 15:00:00,Costa Rica,Costa Rica,CR,98.93,176.44,75.63,75.63,grupoice.com,false,
2024-05-20 16:00:00,Costa Rica,Costa Rica,CR,95.75,171.57,76.42,76.42,grupoice.com,false,
2024-05-20 17:00:00,Costa Rica,Costa Rica,CR,91.91,165.82,77.36,77.36,grupoice.com,false,
2024-05-20 18:00:00,Costa Rica,Costa Rica,CR,91.43,165.14,77.48,77.48,grupoice.com,false,
2024-05-20 19:00:00,Costa Rica,Costa Rica,CR,90.78,164.34,77.64,77.64,grupoice.com,false,
2024-05-20 20:00:00,Costa Rica,Costa Rica,CR,91.51,165.61,77.46,77.46,grupoice.com,false,
2024-05-20 21:00:00,Costa Rica,Costa Rica,CR,92.63,167.83,77.18,77.18,grupoice.com,false,
2024-05-20 22:00:00,Costa Rica,Costa Rica,CR,94.5,170.95,76.72,76.72,grupoice.com,false,
2024-05-20 23:00:00,Costa Rica,Costa Rica,CR,98.19,176.77,75.81,75.81,grupoice.com,false,
2024-05-21 00:00:00,Costa Rica,Costa Rica,CR,94.63,171.55,76.69,76.69,grupoice.com,false,
2024-05-21 01:00:00,Costa Rica,Costa Rica,CR,96.17,173.81,76.31,76.31,grupoice.com,false,
2024-05-21 02:00:00,Costa Rica,Costa Rica,CR,99.02,178.0,75.61,75.61,grupoice.com,false,
2024-05-21 03:00:00,Costa Rica,Costa Rica,CR,106.76,189.95,73.7,73.7,grupoice.com,false,
2024-05-21 04:00:00,Costa Rica,Costa Rica,CR,120.65,211.52,70.28,70.28,grupoice.com,false,
2024-05-21 05:00:00,Costa Rica,Costa Rica,CR,135.01,233.75,66.75,66.75,grupoice.com,false,
2024-05-21 06:00:00,Costa Rica,Costa Rica,CR,145.52,250.37,64.16,64.16,grupoice.com,false,
2024-05-21 07:00:00,Costa Rica,Costa Rica,CR,149.94,257.88,63.07,63.07,grupoice.com,false,
2024-05-21 08:00:00,Costa Rica,Costa Rica,CR,145.28,250.57,64.22,64.22,grupoice.com,false,
2024-05-21 09:00:00,Costa Rica,Costa Rica,CR,139.65,241.87,65.6,65.6,grupoice.com,false,
2024-05-21 10:00:00,Costa Rica,Costa Rica,CR,132.12,230.22,67.46,67.46,grupoice.com,false,
2024-05-21 11:00:00,Costa Rica,Costa Rica,CR,118.31,208.1,70.86,70.86,grupoice.com,false,
2024-05-21 12:00:00,Costa Rica,Costa Rica,CR,108.42,192.24,73.3,73.3,grupoice.com,false,
2024-05-21 13:00:00,Costa Rica,Costa Rica,CR,102.95,183.74,74.64,74.64,grupoice.com,false,
2024-05-21 14:00:00,Costa Rica,Costa Rica,CR,100.71,180.35,75.19,75.19,grupoice.com,false,
2024-05-21 15:00:00,Costa Rica,Costa Rica,CR,97.22,174.76,76.06,76.06,grupoice.com,false,
2024-05-21 16:00:00,Costa Rica,Costa Rica,CR,93.53,168.86,76.96,76.96,grupoice.com,false,
2024-05-21 17:00:00,Costa Rica,Costa Rica,CR,90.13,163.65,77.8,77.8,grupoice.com,false,
2024-05-21 18:00:00,Costa Rica,Costa Rica,CR,89.46,162.78,77.96,77.96,grupoice.com,false,
2024-05-21 19:00:00,Costa Rica,Costa Rica,CR,87.67,159.87,78.41,78.41,grupoice.com,false,
2024-05-21 20:00:00,Costa Rica,Costa Rica,CR,89.53,162.41,77.95,77.95,grupoice.com,false,
2024-05-21 21:00:00,Costa Rica,Costa Rica,CR,94.41,169.85,76.75,76.75,grupoice.com,false,
2024-05-21 22:00:00,Costa Rica,Costa Rica,CR,97.75,174.91,75.92,75.92,grupoice.com,false,
2024-05-21 23:00:00,Costa Rica,Costa Rica,CR,101.35,180.62,75.03,75.03,grupoice.com,false,
2024-05-22 00:00:00,Costa Rica,Costa Rica,CR,95.17,171.18,76.56,76.56,grupoice.com,false,
2024-05-22 01:00:00,Costa Rica,Costa Rica,CR,96.7,174.08,76.18,76.18,grupoice.com,false,
2024-05-22 02:00:00,Costa Rica,Costa Rica,CR,101.49,181.86,75.0,75.0,grupoice.com,false,
2024-05-22 03:00:00,Costa Rica,Costa Rica,CR,113.14,200.38,72.13,72.13,grupoice.com,false,
2024-05-22 04:00:00,Costa Rica,Costa Rica,CR,127.85,223.58,68.51,68.51,grupoice.com,false,
2024-05-22 05:00:00,Costa Rica,Costa Rica,CR,139.26,241.4,65.7,65.7,grupoice.com,false,
2024-05-22 06:00:00,Costa Rica,Costa Rica,CR,147.13,253.4,63.76,63.76,grupoice.com,false,
2024-05-22 07:00:00,Costa Rica,Costa Rica,CR,152.08,261.49,62.54,62.54,grupoice.com,false,
2024-05-22 08:00:00,Costa Rica,Costa Rica,CR,155.59,266.97,61.68,61.68,grupoice.com,false,
2024-05-22 09:00:00,Costa Rica,Costa Rica,CR,154.97,266.17,61.83,61.83,grupoice.com,false,
2024-05-22 10:00:00,Costa Rica,Costa Rica,CR,145.24,250.85,64.23,64.23,grupoice.com,false,
2024-05-22 11:00:00,Costa Rica,Costa Rica,CR,129.73,226.31,68.05,68.05,grupoice.com,false,
2024-05-22 12:00:00,Costa Rica,Costa Rica,CR,116.62,205.27,71.27,71.27,grupoice.com,false,
2024-05-22 13:00:00,Costa Rica,Costa Rica,CR,110.37,195.86,72.82,72.82,grupoice.com,false,
2024-05-22 14:00:00,Costa Rica,Costa Rica,CR,97.01,175.1,76.1,76.1,grupoice.com,false,
2024-05-22 15:00:00,Costa Rica,Costa Rica,CR,90.88,165.78,77.61,77.61,grupoice.com,false,
2024-05-22 16:00:00,Costa Rica,Costa Rica,CR,93.43,169.46,76.98,76.98,grupoice.com,false,
2024-05-22 17:00:00,Costa Rica,Costa Rica,CR,91.23,165.98,77.53,77.53,grupoice.com,false,
2024-05-22 18:00:00,Costa Rica,Costa Rica,CR,91.65,166.71,77.43,77.43,grupoice.com,false,
2024-05-22 19:00:00,Costa Rica,Costa Rica,CR,91.33,166.38,77.5,77.5,grupoice.com,false,
2024-05-22 20:00:00,Costa Rica,Costa Rica,CR,93.3,169.44,77.02,77.02,grupoice.com,false,
2024-05-22 21:00:00,Costa Rica,Costa Rica,CR,95.0,172.14,76.6,76.6,grupoice.com,false,
2024-05-22 22:00:00,Costa Rica,Costa Rica,CR,96.57,174.55,76.21,76.21,grupoice.com,false,
2024-05-22 23:00:00,Costa Rica,Costa Rica,CR,101.56,182.49,74.98,74.98,grupoice.com,false,
2024-05-23 00:00:00,Costa Rica,Costa Rica,CR,95.83,173.48,76.4,76.4,grupoice.com,false,
2024-05-23 01:00:00,Costa Rica,Costa Rica,CR,96.08,173.6,76.33,76.33,grupoice.com,false,
2024-05-23 02:00:00,Costa Rica,Costa Rica,CR,102.16,183.26,74.84,74.84,grupoice.com,false,
2024-05-23 03:00:00,Costa Rica,Costa Rica,CR,110.07,195.52,72.89,72.89,grupoice.com,false,
2024-05-23 04:00:00,Costa Rica,Costa Rica,CR,122.58,215.2,69.81,69.81,grupoice.com,false,
2024-05-23 05:00:00,Costa Rica,Costa Rica,CR,131.98,230.16,67.49,67.49,Electricity Maps Estimation,true,ESTIMATED_TIME_SLICER_AVERAGE
2024-05-23 06:00:00,Costa Rica,Costa Rica,CR,140.55,242.99,65.38,65.38,grupoice.com,false,
2024-05-23 07:00:00,Costa Rica,Costa Rica,CR,144.83,249.48,64.33,64.33,grupoice.com,false,
2024-05-23 08:00:00,Costa Rica,Costa Rica,CR,148.74,255.56,63.36,63.36,grupoice.com,false,
2024-05-23 09:00:00,Costa Rica,Costa Rica,CR,148.94,255.89,63.31,63.31,grupoice.com,false,
2024-05-23 10:00:00,Costa Rica,Costa Rica,CR,139.47,241.1,65.64,65.64,grupoice.com,false,
2024-05-23 11:00:00,Costa Rica,Costa Rica,CR,117.47,206.72,71.05,71.05,grupoice.com,false,
2024-05-23 12:00:00,Costa Rica,Costa Rica,CR,111.06,196.78,72.65,72.65,grupoice.com,false,
2024-05-23 13:00:00,Costa Rica,Costa Rica,CR,109.6,194.46,73.0,73.0,grupoice.com,false,
2024-05-23 14:00:00,Costa Rica,Costa Rica,CR,102.85,183.98,74.67,74.67,grupoice.com,false,
2024-05-23 15:00:00,Costa Rica,Costa Rica,CR,98.23,176.86,75.8,75.8,grupoice.com,false,
2024-05-23 16:00:00,Costa Rica,Costa Rica,CR,94.33,170.63,76.76,76.76,grupoice.com,false,
2024-05-23 17:00:00,Costa Rica,Costa Rica,CR,90.15,164.16,77.8,77.8,grupoice.com,false,
2024-05-23 18:00:00,Costa Rica,Costa Rica,CR,90.0,163.89,77.83,77.83,grupoice.com,false,
2024-05-23 19:00:00,Costa Rica,Costa Rica,CR,88.81,162.1,78.11,78.11,grupoice.com,false,
2024-05-23 20:00:00,Costa Rica,Costa Rica,CR,90.87,165.67,77.62,77.62,grupoice.com,false,
2024-05-23 21:00:00,Costa Rica,Costa Rica,CR,91.44,166.43,77.47,77.47,grupoice.com,false,
2024-05-23 22:00:00,Costa Rica,Costa Rica,CR,93.71,169.98,76.92,76.92,grupoice.com,false,
2024-05-23 23:00:00,Costa Rica,Costa Rica,CR,98.31,177.15,75.79,75.79,grupoice.com,false,
2024-05-24 00:00:00,Costa Rica,Costa Rica,CR,94.65,171.49,76.68,76.68,grupoice.com,false,
2024-05-24 01:00:00,Costa Rica,Costa Rica,CR,87.06,159.74,78.55,78.55,grupoice.com,false,
2024-05-24 02:00:00,Costa Rica,Costa Rica,CR,94.46,171.2,76.73,76.73,grupoice.com,false,
2024-05-24 03:00:00,Costa Rica,Costa Rica,CR,102.02,182.97,74.87,74.87,grupoice.com,false,
2024-05-24 04:00:00,Costa Rica,Costa Rica,CR,114.09,201.79,71.9,71.9,grupoice.com,false,
2024-05-24 05:00:00,Costa Rica,Costa Rica,CR,128.27,223.79,68.4,68.4,grupoice.com,false,
2024-05-24 06:00:00,Costa Rica,Costa Rica,CR,136.26,236.39,66.44,66.44,grupoice.com,false,
2024-05-24 07:00:00,Costa Rica,Costa Rica,CR,140.91,243.68,65.29,65.29,grupoice.com,false,
2024-05-24 08:00:00,Costa Rica,Costa Rica,CR,143.94,248.31,64.55,64.55,grupoice.com,false,
2024-05-24 09:00:00,Costa Rica,Costa Rica,CR,144.34,248.9,64.44,64.44,grupoice.com,false,
2024-05-24 10:00:00,Costa Rica,Costa Rica,CR,134.38,233.37,66.9,66.9,grupoice.com,false,
2024-05-24 11:00:00,Costa Rica,Costa Rica,CR,122.79,215.19,69.74,69.74,grupoice.com,false,
2024-05-24 12:00:00,Costa Rica,Costa Rica,CR,109.99,195.31,72.9,72.9,grupoice.com,false,
2024-05-24 13:00:00,Costa Rica,Costa Rica,CR,105.4,188.36,74.04,74.04,grupoice.com,false,
2024-05-24 14:00:00,Costa Rica,Costa Rica,CR,99.77,179.73,75.43,75.43,grupoice.com,false,
2024-05-24 15:00:00,Costa Rica,Costa Rica,CR,94.93,172.02,76.61,76.61,grupoice.com,false,
2024-05-24 16:00:00,Costa Rica,Costa Rica,CR,91.43,166.47,77.48,77.48,grupoice.com,false,
2024-05-24 17:00:00,Costa Rica,Costa Rica,CR,87.04,159.55,78.56,78.56,grupoice.com,false,
2024-05-24 18:00:00,Costa Rica,Costa Rica,CR,87.93,160.81,78.33,78.33,grupoice.com,false,
2024-05-24 19:00:00,Costa Rica,Costa Rica,CR,88.09,161.14,78.29,78.29,grupoice.com,false,
2024-05-24 20:00:00,Costa Rica,Costa Rica,CR,87.35,160.18,78.48,78.48,grupoice.com,false,
2024-05-24 21:00:00,Costa Rica,Costa Rica,CR,89.32,163.25,78.0,78.0,grupoice.com,false,
2024-05-24 22:00:00,Costa Rica,Costa Rica,CR,92.61,168.37,77.19,77.19,grupoice.com,false,
2024-05-24 23:00:00,Costa Rica,Costa Rica,CR,97.5,175.97,75.98,75.98,grupoice.com,false,
2024-05-25 00:00:00,Costa Rica,Costa Rica,CR,92.88,168.71,77.12,77.12,grupoice.com,false,
2024-05-25 01:00:00,Costa Rica,Costa Rica,CR,97.82,176.39,75.9,75.9,grupoice.com,false,
2024-05-25 02:00:00,Costa Rica,Costa Rica,CR,102.08,183.05,74.85,74.85,grupoice.com,false,
2024-05-25 03:00:00,Costa Rica,Costa Rica,CR,108.88,193.58,73.18,73.18,grupoice.com,false,
2024-05-25 04:00:00,Costa Rica,Costa Rica,CR,119.46,210.11,70.57,70.57,grupoice.com,false,
2024-05-25 05:00:00,Costa Rica,Costa Rica,CR,129.35,225.42,68.13,68.13,grupoice.com,false,
2024-05-25 06:00:00,Costa Rica,Costa Rica,CR,133.68,232.19,67.06,67.06,grupoice.com,false,
2024-05-25 07:00:00,Costa Rica,Costa Rica,CR,136.3,236.29,66.42,66.42,grupoice.com,false,
2024-05-25 08:00:00,Costa Rica,Costa Rica,CR,140.04,242.19,65.5,65.5,grupoice.com,false,
2024-05-25 09:00:00,Costa Rica,Costa Rica,CR,141.02,243.53,65.26,65.26,grupoice.com,false,
2024-05-25 10:00:00,Costa Rica,Costa Rica,CR,138.39,239.57,65.91,65.91,grupoice.com,false,
2024-05-25 11:00:00,Costa Rica,Costa Rica,CR,139.89,241.77,65.54,65.54,grupoice.com,false,
2024-05-25 12:00:00,Costa Rica,Costa Rica,CR,126.4,220.82,68.86,68.86,grupoice.com,false,
2024-05-25 13:00:00,Costa Rica,Costa Rica,CR,112.73,199.46,72.22,72.22,grupoice.com,false,
2024-05-25 14:00:00,Costa Rica,Costa Rica,CR,87.89,161.0,78.35,78.35,grupoice.com,false,
2024-05-25 15:00:00,Costa Rica,Costa Rica,CR,81.28,150.78,79.98,79.98,grupoice.com,false,
2024-05-25 16:00:00,Costa Rica,Costa Rica,CR,86.1,158.0,78.79,78.79,grupoice.com,false,
2024-05-25 17:00:00,Costa Rica,Costa Rica,CR,82.73,152.72,79.62,79.62,grupoice.com,false,
2024-05-25 18:00:00,Costa Rica,Costa Rica,CR,82.07,151.57,79.78,79.78,grupoice.com,false,
2024-05-25 19:00:00,Costa Rica,Costa Rica,CR,83.35,153.81,79.47,79.47,grupoice.com,false,
2024-05-25 20:00:00,Costa Rica,Costa Rica,CR,84.36,155.57,79.22,79.22,grupoice.com,false,
2024-05-25 21:00:00,Costa Rica,Costa Rica,CR,89.9,164.04,77.86,77.86,grupoice.com,false,
2024-05-25 22:00:00,Costa Rica,Costa Rica,CR,93.9,170.0,76.87,76.87,grupoice.com,false,
2024-05-25 23:00:00,Costa Rica,Costa Rica,CR,97.08,174.59,76.08,76.08,grupoice.com,false,
2024-05-26 00:00:00,Costa Rica,Costa Rica,CR,83.87,153.79,79.33,79.33,grupoice.com,false,
2024-05-26 01:00:00,Costa Rica,Costa Rica,CR,90.84,164.86,77.62,77.62,grupoice.com,false,
2024-05-26 02:00:00,Costa Rica,Costa Rica,CR,97.81,175.7,75.91,75.91,grupoice.com,false,
2024-05-26 03:00:00,Costa Rica,Costa Rica,CR,104.77,186.71,74.19,74.19,grupoice.com,false,
2024-05-26 04:00:00,Costa Rica,Costa Rica,CR,114.2,201.98,71.87,71.87,grupoice.com,false,
2024-05-26 05:00:00,Costa Rica,Costa Rica,CR,120.49,211.91,70.32,70.32,grupoice.com,false,
2024-05-26 06:00:00,Costa Rica,Costa Rica,CR,127.23,222.45,68.66,68.66,grupoice.com,false,
2024-05-26 07:00:00,Costa Rica,Costa Rica,CR,136.13,236.25,66.47,66.47,grupoice.com,false,
2024-05-26 08:00:00,Costa Rica,Costa Rica,CR,139.99,242.22,65.52,65.52,grupoice.com,false,
2024-05-26 09:00:00,Costa Rica,Costa Rica,CR,141.69,244.58,65.1,65.1,grupoice.com,false,
2024-05-26 10:00:00,Costa Rica,Costa Rica,CR,140.53,242.16,65.38,65.38,grupoice.com,false,
2024-05-26 11:00:00,Costa Rica,Costa Rica,CR,140.71,241.91,65.34,65.34,grupoice.com,false,
2024-05-26 12:00:00,Costa Rica,Costa Rica,CR,120.78,210.82,70.25,70.25,grupoice.com,false,
2024-05-26 13:00:00,Costa Rica,Costa Rica,CR,115.84,203.12,71.46,71.46,grupoice.com,false,
2024-05-26 14:00:00,Costa Rica,Costa Rica,CR,108.9,192.83,73.18,73.18,grupoice.com,false,
2024-05-26 15:00:00,Costa Rica,Costa Rica,CR,102.86,183.59,74.66,74.66,grupoice.com,false,
2024-05-26 16:00:00,Costa Rica,Costa Rica,CR,99.68,178.41,75.43,75.43,grupoice.com,false,
2024-05-26 17:00:00,Costa Rica,Costa Rica,CR,95.52,172.11,76.47,76.47,grupoice.com,false,
2024-05-26 18:00:00,Costa Rica,Costa Rica,CR,93.42,169.01,76.99,76.99,grupoice.com,false,
2024-05-26 19:00:00,Costa Rica,Costa Rica,CR,95.27,171.93,76.53,76.53,grupoice.com,false,
2024-05-26 20:00:00,Costa Rica,Costa Rica,CR,97.07,174.46,76.08,76.08,grupoice.com,false,
2024-05-26 21:00:00,Costa Rica,Costa Rica,CR,99.86,178.82,75.4,75.4,grupoice.com,false,
2024-05-26 22:00:00,Costa Rica,Costa Rica,CR,101.38,181.34,75.03,75.03,grupoice.com,false,
2024-05-26 23:00:00,Costa Rica,Costa Rica,CR,103.87,185.25,74.41,74.41,grupoice.com,false,
2024-05-27 00:00:00,Costa Rica,Costa Rica,CR,96.74,174.1,76.17,76.17,grupoice.com,false,
2024-05-27 01:00:00,Costa Rica,Costa Rica,CR,96.98,174.35,76.11,76.11,grupoice.com,false,
2024-05-27 02:00:00,Costa Rica,Costa Rica,CR,100.65,180.01,75.21,75.21,grupoice.com,false,
2024-05-27 03:00:00,Costa Rica,Costa Rica,CR,100.82,180.15,75.17,75.17,grupoice.com,false,
2024-05-27 04:00:00,Costa Rica,Costa Rica,CR,111.42,196.64,72.55,72.55,grupoice.com,false,
2024-05-27 05:00:00,Costa Rica,Costa Rica,CR,120.02,209.77,70.44,70.44,grupoice.com,false,
2024-05-27 06:00:00,Costa Rica,Costa Rica,CR,129.06,223.83,68.2,68.2,grupoice.com,false,
2024-05-27 07:00:00,Costa Rica,Costa Rica,CR,131.4,227.2,67.64,67.64,grupoice.com,false,
2024-05-27 08:00:00,Costa Rica,Costa Rica,CR,135.26,232.79,66.67,66.67,grupoice.com,false,
2024-05-27 09:00:00,Costa Rica,Costa Rica,CR,144.88,247.9,64.3,64.3,grupoice.com,false,
2024-05-27 10:00:00,Costa Rica,Costa Rica,CR,124.85,216.87,69.23,69.23,grupoice.com,false,
2024-05-27 11:00:00,Costa Rica,Costa Rica,CR,119.52,208.85,70.55,70.55,grupoice.com,false,
2024-05-27 12:00:00,Costa Rica,Costa Rica,CR,109.02,192.81,73.13,73.13,grupoice.com,false,
2024-05-27 13:00:00,Costa Rica,Costa Rica,CR,101.86,181.84,74.9,74.9,grupoice.com,false,
2024-05-27 14:00:00,Costa Rica,Costa Rica,CR,93.75,169.16,76.9,76.9,grupoice.com,false,
2024-05-27 15:00:00,Costa Rica,Costa Rica,CR,89.12,161.72,78.04,78.04,grupoice.com,false,
2024-05-27 16:00:00,Costa Rica,Costa Rica,CR,86.32,157.32,78.73,78.73,grupoice.com,false,
2024-05-27 17:00:00,Costa Rica,Costa Rica,CR,82.45,151.37,79.69,79.69,grupoice.com,false,
2024-05-27 18:00:00,Costa Rica,Costa Rica,CR,82.17,151.14,79.75,79.75,grupoice.com,false,
2024-05-27 19:00:00,Costa Rica,Costa Rica,CR,81.61,150.31,79.89,79.89,grupoice.com,false,
2024-05-27 20:00:00,Costa Rica,Costa Rica,CR,82.96,152.7,79.57,79.57,grupoice.com,false,
2024-05-27 21:00:00,Costa Rica,Costa Rica,CR,83.78,153.83,79.35,79.35,grupoice.com,false,
2024-05-27 22:00:00,Costa Rica,Costa Rica,CR,86.66,158.29,78.65,78.65,grupoice.com,false,
2024-05-27 23:00:00,Costa Rica,Costa Rica,CR,92.0,166.31,77.33,77.33,grupoice.com,false,
2024-05-28 00:00:00,Costa Rica,Costa Rica,CR,86.42,157.69,78.71,78.71,grupoice.com,false,
2024-05-28 01:00:00,Costa Rica,Costa Rica,CR,87.2,159.32,78.52,78.52,grupoice.com,false,
2024-05-28 02:00:00,Costa Rica,Costa Rica,CR,89.44,162.71,77.97,77.97,grupoice.com,false,
2024-05-28 03:00:00,Costa Rica,Costa Rica,CR,98.77,177.13,75.67,75.67,grupoice.com,false,
2024-05-28 04:00:00,Costa Rica,Costa Rica,CR,109.86,193.74,72.93,72.93,grupoice.com,false,
2024-05-28 05:00:00,Costa Rica,Costa Rica,CR,92.44,167.09,77.23,77.23,grupoice.com,false,
2024-05-28 06:00:00,Costa Rica,Costa Rica,CR,118.22,207.1,70.88,70.88,grupoice.com,false,
2024-05-28 07:00:00,Costa Rica,Costa Rica,CR,131.67,227.62,67.56,67.56,grupoice.com,false,
2024-05-28 08:00:00,Costa Rica,Costa Rica,CR,134.63,231.92,66.83,66.83,grupoice.com,false,
2024-05-28 09:00:00,Costa Rica,Costa Rica,CR,135.37,233.3,66.65,66.65,grupoice.com,false,
2024-05-28 10:00:00,Costa Rica,Costa Rica,CR,126.27,219.58,68.89,68.89,grupoice.com,false,
2024-05-28 11:00:00,Costa Rica,Costa Rica,CR,113.86,200.24,71.95,71.95,grupoice.com,false,
2024-05-28 12:00:00,Costa Rica,Costa Rica,CR,106.21,188.33,73.84,73.84,grupoice.com,false,
2024-05-28 13:00:00,Costa Rica,Costa Rica,CR,101.58,181.09,74.98,74.98,grupoice.com,false,
2024-05-28 14:00:00,Costa Rica,Costa Rica,CR,97.63,175.17,75.95,75.95,grupoice.com,false,
2024-05-28 15:00:00,Costa Rica,Costa Rica,CR,92.63,167.67,77.18,77.18,grupoice.com,false,
2024-05-28 16:00:00,Costa Rica,Costa Rica,CR,90.58,164.41,77.68,77.68,grupoice.com,false,
2024-05-28 17:00:00,Costa Rica,Costa Rica,CR,86.22,157.97,78.76,78.76,grupoice.com,false,
2024-05-28 18:00:00,Costa Rica,Costa Rica,CR,87.24,159.66,78.51,78.51,grupoice.com,false,
2024-05-28 19:00:00,Costa Rica,Costa Rica,CR,87.89,160.57,78.35,78.35,grupoice.com,false,
2024-05-28 20:00:00,Costa Rica,Costa Rica,CR,88.37,160.74,78.23,78.23,grupoice.com,false,
2024-05-28 21:00:00,Costa Rica,Costa Rica,CR,91.18,164.2,77.54,77.54,grupoice.com,false,
2024-05-28 22:00:00,Costa Rica,Costa Rica,CR,94.44,168.88,76.72,76.72,grupoice.com,false,
2024-05-28 23:00:00,Costa Rica,Costa Rica,CR,96.08,171.46,76.33,76.33,grupoice.com,false,
2024-05-29 00:00:00,Costa Rica,Costa Rica,CR,91.26,164.45,77.52,77.52,grupoice.com,false,
2024-05-29 01:00:00,Costa Rica,Costa Rica,CR,93.31,167.51,77.01,77.01,grupoice.com,false,
2024-05-29 02:00:00,Costa Rica,Costa Rica,CR,96.12,171.9,76.33,76.33,grupoice.com,false,
2024-05-29 03:00:00,Costa Rica,Costa Rica,CR,101.46,180.63,75.01,75.01,grupoice.com,false,
2024-05-29 04:00:00,Costa Rica,Costa Rica,CR,106.65,189.42,73.73,73.73,grupoice.com,false,
2024-05-29 05:00:00,Costa Rica,Costa Rica,CR,122.74,214.26,69.77,69.77,grupoice.com,false,
2024-05-29 06:00:00,Costa Rica,Costa Rica,CR,131.12,227.25,67.7,67.7,grupoice.com,false,
2024-05-29 07:00:00,Costa Rica,Costa Rica,CR,135.06,232.91,66.73,66.73,grupoice.com,false,
2024-05-29 08:00:00,Costa Rica,Costa Rica,CR,138.16,237.98,65.97,65.97,grupoice.com,false,
2024-05-29 09:00:00,Costa Rica,Costa Rica,CR,135.02,232.87,66.74,66.74,grupoice.com,false,
2024-05-29 10:00:00,Costa Rica,Costa Rica,CR,130.96,226.91,67.74,67.74,grupoice.com,false,
2024-05-29 11:00:00,Costa Rica,Costa Rica,CR,115.03,201.78,71.67,71.67,grupoice.com,false,
2024-05-29 12:00:00,Costa Rica,Costa Rica,CR,107.17,189.43,73.6,73.6,grupoice.com,false,
2024-05-29 13:00:00,Costa Rica,Costa Rica,CR,101.57,180.56,74.98,74.98,grupoice.com,false,
2024-05-29 14:00:00,Costa Rica,Costa Rica,CR,95.94,171.94,76.37,76.37,grupoice.com,false,
2024-05-29 15:00:00,Costa Rica,Costa Rica,CR,91.72,165.72,77.41,77.41,grupoice.com,false,
2024-05-29 16:00:00,Costa Rica,Costa Rica,CR,88.53,161.0,78.19,78.19,grupoice.com,false,
2024-05-29 17:00:00,Costa Rica,Costa Rica,CR,84.95,155.64,79.07,79.07,grupoice.com,false,
2024-05-29 18:00:00,Costa Rica,Costa Rica,CR,83.6,153.68,79.41,79.41,grupoice.com,false,
2024-05-29 19:00:00,Costa Rica,Costa Rica,CR,83.92,153.81,79.33,79.33,grupoice.com,false,
2024-05-29 20:00:00,Costa Rica,Costa Rica,CR,86.32,157.42,78.73,78.73,grupoice.com,false,
2024-05-29 21:00:00,Costa Rica,Costa Rica,CR,88.46,160.77,78.21,78.21,grupoice.com,false,
2024-05-29 22:00:00,Costa Rica,Costa Rica,CR,90.62,164.01,77.68,77.68,grupoice.com,false,
2024-05-29 23:00:00,Costa Rica,Costa Rica,CR,92.77,167.45,77.15,77.15,grupoice.com,false,
2024-05-30 00:00:00,Costa Rica,Costa Rica,CR,88.68,161.18,78.15,78.15,grupoice.com,false,
2024-05-30 01:00:00,Costa Rica,Costa Rica,CR,90.72,164.71,77.65,77.65,grupoice.com,false,
2024-05-30 02:00:00,Costa Rica,Costa Rica,CR,97.08,174.62,76.08,76.08,grupoice.com,false,
2024-05-30 03:00:00,Costa Rica,Costa Rica,CR,107.42,190.61,73.54,73.54,grupoice.com,false,
2024-05-30 04:00:00,Costa Rica,Costa Rica,CR,116.49,204.47,71.31,71.31,grupoice.com,false,
2024-05-30 05:00:00,Costa Rica,Costa Rica,CR,123.58,215.47,69.56,69.56,grupoice.com,false,
2024-05-30 06:00:00,Costa Rica,Costa Rica,CR,110.79,196.56,72.71,72.71,grupoice.com,false,
2024-05-30 07:00:00,Costa Rica,Costa Rica,CR,101.47,182.18,75.01,75.01,grupoice.com,false,
2024-05-30 08:00:00,Costa Rica,Costa Rica,CR,95.47,173.19,76.48,76.48,grupoice.com,false,
2024-05-30 09:00:00,Costa Rica,Costa Rica,CR,80.85,150.55,80.08,80.08,grupoice.com,false,
2024-05-30 10:00:00,Costa Rica,Costa Rica,CR,78.42,146.37,80.69,80.69,grupoice.com,false,
2024-05-30 11:00:00,Costa Rica,Costa Rica,CR,109.04,193.7,73.14,73.14,grupoice.com,false,
2024-05-30 12:00:00,Costa Rica,Costa Rica,CR,106.97,190.4,73.65,73.65,grupoice.com,false,
2024-05-30 13:00:00,Costa Rica,Costa Rica,CR,101.17,181.38,75.08,75.08,grupoice.com,false,
2024-05-30 14:00:00,Costa Rica,Costa Rica,CR,99.03,177.86,75.6,75.6,grupoice.com,false,
2024-05-30 15:00:00,Costa Rica,Costa Rica,CR,95.45,172.33,76.49,76.49,grupoice.com,false,
2024-05-30 16:00:00,Costa Rica,Costa Rica,CR,91.68,166.08,77.42,77.42,grupoice.com,false,
2024-05-30 17:00:00,Costa Rica,Costa Rica,CR,88.68,161.3,78.15,78.15,grupoice.com,false,
2024-05-30 18:00:00,Costa Rica,Costa Rica,CR,88.27,161.17,78.25,78.25,grupoice.com,false,
2024-05-30 19:00:00,Costa Rica,Costa Rica,CR,87.18,159.55,78.53,78.53,grupoice.com,false,
2024-05-30 20:00:00,Costa Rica,Costa Rica,CR,88.41,161.41,78.22,78.22,grupoice.com,false,
2024-05-30 21:00:00,Costa Rica,Costa Rica,CR,90.76,165.16,77.65,77.65,grupoice.com,false,
2024-05-30 22:00:00,Costa Rica,Costa Rica,CR,94.2,170.7,76.8,76.8,grupoice.com,false,
2024-05-30 23:00:00,Costa Rica,Costa Rica,CR,94.64,171.43,76.69,76.69,grupoice.com,false,
2024-05-31 00:00:00,Costa Rica,Costa Rica,CR,89.92,164.18,77.85,77.85,grupoice.com,false,
2024-05-31 01:00:00,Costa Rica,Costa Rica,CR,92.11,167.5,77.31,77.31,grupoice.com,false,
2024-05-31 02:00:00,Costa Rica,Costa Rica,CR,96.55,174.02,76.22,76.22,grupoice.com,false,
2024-05-31 03:00:00,Costa Rica,Costa Rica,CR,95.91,172.51,76.37,76.37,grupoice.com,false,
2024-05-31 04:00:00,Costa Rica,Costa Rica,CR,94.29,170.62,76.77,76.77,grupoice.com,false,
2024-05-31 05:00:00,Costa Rica,Costa Rica,CR,79.83,148.77,80.33,80.33,grupoice.com,false,
2024-05-31 06:00:00,Costa Rica,Costa Rica,CR,86.07,158.74,78.8,78.8,grupoice.com,false,
2024-05-31 07:00:00,Costa Rica,Costa Rica,CR,90.72,166.06,77.64,77.64,grupoice.com,false,
2024-05-31 08:00:00,Costa Rica,Costa Rica,CR,91.57,167.4,77.44,77.44,grupoice.com,false,
2024-05-31 09:00:00,Costa Rica,Costa Rica,CR,90.54,165.59,77.69,77.69,grupoice.com,false,
2024-05-31 10:00:00,Costa Rica,Costa Rica,CR,84.79,156.4,79.11,79.11,grupoice.com,false,
2024-05-31 11:00:00,Costa Rica,Costa Rica,CR,97.07,175.13,76.08,76.08,grupoice.com,false,
2024-05-31 12:00:00,Costa Rica,Costa Rica,CR,100.47,180.41,75.25,75.25,grupoice.com,false,
2024-05-31 13:00:00,Costa Rica,Costa Rica,CR,95.35,172.18,76.51,76.51,grupoice.com,false,
2024-05-31 14:00:00,Costa Rica,Costa Rica,CR,89.23,162.19,78.02,78.02,grupoice.com,false,
2024-05-31 15:00:00,Costa Rica,Costa Rica,CR,85.18,156.06,79.01,79.01,grupoice.com,false,
2024-05-31 16:00:00,Costa Rica,Costa Rica,CR,81.51,150.51,79.92,79.92,grupoice.com,false,
2024-05-31 17:00:00,Costa Rica,Costa Rica,CR,77.86,144.97,80.82,80.82,grupoice.com,false,
2024-05-31 18:00:00,Costa Rica,Costa Rica,CR,76.96,143.53,81.04,81.04,grupoice.com,false,
2024-05-31 19:00:00,Costa Rica,Costa Rica,CR,76.38,142.48,81.18,81.18,grupoice.com,false,
2024-05-31 20:00:00,Costa Rica,Costa Rica,CR,78.6,145.58,80.63,80.63,grupoice.com,false,
2024-05-31 21:00:00,Costa Rica,Costa Rica,CR,81.36,149.65,79.96,79.96,grupoice.com,false,
2024-05-31 22:00:00,Costa Rica,Costa Rica,CR,79.08,146.17,80.52,80.52,grupoice.com,false,
2024-05-31 23:00:00,Costa Rica,Costa Rica,CR,51.4,103.39,87.34,87.34,grupoice.com,false,
2024-06-01 00:00:00,Costa Rica,Costa Rica,CR,16.13,48.65,96.02,96.02,grupoice.com,false,
2024-06-01 01:00:00,Costa Rica,Costa Rica,CR,0.0,23.4,100.0,100.0,grupoice.com,false,
2024-06-01 02:00:00,Costa Rica,Costa Rica,CR,0.25,23.78,99.94,99.94,grupoice.com,false,
2024-06-01 03:00:00,Costa Rica,Costa Rica,CR,0.36,24.13,99.91,99.91,grupoice.com,false,
2024-06-01 04:00:00,Costa Rica,Costa Rica,CR,1.09,25.26,99.72,99.72,grupoice.com,false,
2024-06-01 05:00:00,Costa Rica,Costa Rica,CR,0.94,18.38,99.76,99.76,grupoice.com,false,
2024-06-01 06:00:00,Costa Rica,Costa Rica,CR,1.11,26.62,99.71,99.71,grupoice.com,false,
2024-06-01 07:00:00,Costa Rica,Costa Rica,CR,0.24,23.98,99.94,99.94,grupoice.com,false,
2024-06-01 08:00:00,Costa Rica,Costa Rica,CR,0.21,24.04,99.95,99.95,grupoice.com,false,
2024-06-01 09:00:00,Costa Rica,Costa Rica,CR,0.35,24.22,99.91,99.91,grupoice.com,false,
2024-06-01 10:00:00,Costa Rica,Costa Rica,CR,0.46,24.5,99.88,99.88,grupoice.com,false,
2024-06-01 11:00:00,Costa Rica,Costa Rica,CR,0.11,23.91,99.97,99.97,grupoice.com,false,
2024-06-01 12:00:00,Costa Rica,Costa Rica,CR,0.4,24.16,99.89,99.89,grupoice.com,false,
2024-06-01 13:00:00,Costa Rica,Costa Rica,CR,0.04,23.77,99.99,99.99,grupoice.com,false,
2024-06-01 14:00:00,Costa Rica,Costa Rica,CR,2.43,27.55,99.4,99.4,grupoice.com,false,
2024-06-01 15:00:00,Costa Rica,Costa Rica,CR,27.31,65.98,93.27,93.27,grupoice.com,false,
2024-06-01 16:00:00,Costa Rica,Costa Rica,CR,34.29,76.77,91.55,91.55,grupoice.com,false,
2024-06-01 17:00:00,Costa Rica,Costa Rica,CR,32.7,74.6,91.94,91.94,grupoice.com,false,
2024-06-01 18:00:00,Costa Rica,Costa Rica,CR,32.56,74.42,91.98,91.98,grupoice.com,false,
2024-06-01 19:00:00,Costa Rica,Costa Rica,CR,32.9,75.02,91.89,91.89,grupoice.com,false,
2024-06-01 20:00:00,Costa Rica,Costa Rica,CR,9.79,39.27,97.58,97.58,grupoice.com,false,
2024-06-01 21:00:00,Costa Rica,Costa Rica,CR,0.3,24.71,99.92,99.92,grupoice.com,false,
2024-06-01 22:00:00,Costa Rica,Costa Rica,CR,0.23,24.34,99.94,99.94,grupoice.com,false,
2024-06-01 23:00:00,Costa Rica,Costa Rica,CR,0.42,24.5,99.89,99.89,grupoice.com,false,
2024-06-02 00:00:00,Costa Rica,Costa Rica,CR,0.27,24.02,99.93,99.93,grupoice.com,false,
2024-06-02 01:00:00,Costa Rica,Costa Rica,CR,0.45,24.1,99.88,99.88,grupoice.com,false,
2024-06-02 02:00:00,Costa Rica,Costa Rica,CR,0.93,24.86,99.77,99.77,grupoice.com,false,
2024-06-02 03:00:00,Costa Rica,Costa Rica,CR,0.11,23.24,99.97,99.97,grupoice.com,false,
2024-06-02 04:00:00,Costa Rica,Costa Rica,CR,0.49,23.69,99.87,99.87,grupoice.com,false,
2024-06-02 05:00:00,Costa Rica,Costa Rica,CR,0.45,23.6,99.88,99.88,grupoice.com,false,
2024-06-02 06:00:00,Costa Rica,Costa Rica,CR,0.26,23.63,99.93,99.93,grupoice.com,false,
2024-06-02 07:00:00,Costa Rica,Costa Rica,CR,0.1,23.73,99.97,99.97,grupoice.com,false,
2024-06-02 08:00:00,Costa Rica,Costa Rica,CR,0.0,23.87,100.0,100.0,grupoice.com,false,
2024-06-02 09:00:00,Costa Rica,Costa Rica,CR,0.23,24.44,99.94,99.94,grupoice.com,false,
2024-06-02 10:00:00,Costa Rica,Costa Rica,CR,0.12,24.43,99.97,99.97,grupoice.com,false,
2024-06-02 11:00:00,Costa Rica,Costa Rica,CR,0.16,24.77,99.96,99.96,grupoice.com,false,
2024-06-02 12:00:00,Costa Rica,Costa Rica,CR,0.42,25.55,99.89,99.89,grupoice.com,false,
2024-06-02 13:00:00,Costa Rica,Costa Rica,CR,0.28,25.23,99.93,99.93,grupoice.com,false,
2024-06-02 14:00:00,Costa Rica,Costa Rica,CR,0.03,24.75,99.99,99.99,grupoice.com,false,
2024-06-02 15:00:00,Costa Rica,Costa Rica,CR,0.05,24.9,99.99,99.99,grupoice.com,false,
2024-06-02 16:00:00,Costa Rica,Costa Rica,CR,0.29,25.44,99.92,99.92,grupoice.com,false,
2024-06-02 17:00:00,Costa Rica,Costa Rica,CR,0.38,25.42,99.9,99.9,grupoice.com,false,
2024-06-02 18:00:00,Costa Rica,Costa Rica,CR,0.19,25.2,99.95,99.95,grupoice.com,false,
2024-06-02 19:00:00,Costa Rica,Costa Rica,CR,0.04,25.24,99.99,99.99,grupoice.com,false,
2024-06-02 20:00:00,Costa Rica,Costa Rica,CR,0.06,25.53,99.98,99.98,grupoice.com,false,
2024-06-02 21:00:00,Costa Rica,Costa Rica,CR,0.09,25.69,99.98,99.98,grupoice.com,false,
2024-06-02 22:00:00,Costa Rica,Costa Rica,CR,0.51,26.21,99.87,99.87,grupoice.com,false,
2024-06-02 23:00:00,Costa Rica,Costa Rica,CR,0.0,25.52,100.0,100.0,grupoice.com,false,
2024-06-03 00:00:00,Costa Rica,Costa Rica,CR,0.0,24.88,100.0,100.0,grupoice.com,false,
2024-06-03 01:00:00,Costa Rica,Costa Rica,CR,0.03,24.82,99.99,99.99,grupoice.com,false,
2024-06-03 02:00:00,Costa Rica,Costa Rica,CR,0.28,25.48,99.93,99.93,grupoice.com,false,
2024-06-03 03:00:00,Costa Rica,Costa Rica,CR,0.21,25.67,99.94,99.94,grupoice.com,false,
2024-06-03 04:00:00,Costa Rica,Costa Rica,CR,0.06,25.56,99.98,99.98,grupoice.com,false,
2024-06-03 05:00:00,Costa Rica,Costa Rica,CR,0.0,25.67,100.0,100.0,grupoice.com,false,
2024-06-03 06:00:00,Costa Rica,Costa Rica,CR,0.2,26.01,99.95,99.95,grupoice.com,false,
2024-06-03 07:00:00,Costa Rica,Costa Rica,CR,0.01,25.8,100.0,100.0,grupoice.com,false,
2024-06-03 08:00:00,Costa Rica,Costa Rica,CR,0.25,26.0,99.93,99.93,grupoice.com,false,
2024-06-03 09:00:00,Costa Rica,Costa Rica,CR,0.07,25.74,99.98,99.98,grupoice.com,false,
2024-06-03 10:00:00,Costa Rica,Costa Rica,CR,1.14,27.19,99.72,99.72,grupoice.com,false,
2024-06-03 11:00:00,Costa Rica,Costa Rica,CR,16.61,50.92,95.9,95.9,grupoice.com,false,
2024-06-03 12:00:00,Costa Rica,Costa Rica,CR,24.65,63.01,93.93,93.93,grupoice.com,false,
2024-06-03 13:00:00,Costa Rica,Costa Rica,CR,23.39,60.85,94.23,94.23,grupoice.com,false,
2024-06-03 14:00:00,Costa Rica,Costa Rica,CR,25.36,63.81,93.75,93.75,grupoice.com,false,
2024-06-03 15:00:00,Costa Rica,Costa Rica,CR,35.61,79.95,91.22,91.22,grupoice.com,false,
2024-06-03 16:00:00,Costa Rica,Costa Rica,CR,35.51,79.74,91.25,91.25,grupoice.com,false,
2024-06-03 17:00:00,Costa Rica,Costa Rica,CR,34.09,77.59,91.6,91.6,grupoice.com,false,
2024-06-03 18:00:00,Costa Rica,Costa Rica,CR,34.23,77.82,91.56,91.56,grupoice.com,false,
2024-06-03 19:00:00,Costa Rica,Costa Rica,CR,33.85,77.26,91.66,91.66,grupoice.com,false,
2024-06-03 20:00:00,Costa Rica,Costa Rica,CR,35.53,80.17,91.25,91.25,grupoice.com,false,
2024-06-03 21:00:00,Costa Rica,Costa Rica,CR,35.41,79.91,91.27,91.27,grupoice.com,false,
2024-06-03 22:00:00,Costa Rica,Costa Rica,CR,37.19,82.78,90.84,90.84,grupoice.com,false,
2024-06-03 23:00:00,Costa Rica,Costa Rica,CR,36.01,81.03,91.13,91.13,grupoice.com,false,
2024-06-04 00:00:00,Costa Rica,Costa Rica,CR,33.61,77.23,91.72,91.72,grupoice.com,false,
2024-06-04 01:00:00,Costa Rica,Costa Rica,CR,33.72,77.25,91.69,91.69,grupoice.com,false,
2024-06-04 02:00:00,Costa Rica,Costa Rica,CR,37.89,83.86,90.67,90.67,grupoice.com,false,
2024-06-04 03:00:00,Costa Rica,Costa Rica,CR,42.28,90.7,89.58,89.58,grupoice.com,false,
2024-06-04 04:00:00,Costa Rica,Costa Rica,CR,45.45,95.67,88.8,88.8,grupoice.com,false,
2024-06-04 05:00:00,Costa Rica,Costa Rica,CR,50.25,103.42,87.62,87.62,grupoice.com,false,
2024-06-04 06:00:00,Costa Rica,Costa Rica,CR,53.38,108.42,86.85,86.85,grupoice.com,false,
2024-06-04 07:00:00,Costa Rica,Costa Rica,CR,55.27,111.12,86.37,86.37,grupoice.com,false,
2024-06-04 08:00:00,Costa Rica,Costa Rica,CR,55.83,112.25,86.25,86.25,grupoice.com,false,
2024-06-04 09:00:00,Costa Rica,Costa Rica,CR,56.08,112.64,86.18,86.18,grupoice.com,false,
2024-06-04 10:00:00,Costa Rica,Costa Rica,CR,52.56,107.03,87.05,87.05,grupoice.com,false,
2024-06-04 11:00:00,Costa Rica,Costa Rica,CR,46.6,97.38,88.51,88.51,grupoice.com,false,
2024-06-04 12:00:00,Costa Rica,Costa Rica,CR,42.64,91.33,89.5,89.5,grupoice.com,false,
2024-06-04 13:00:00,Costa Rica,Costa Rica,CR,41.48,89.49,89.77,89.77,grupoice.com,false,
2024-06-04 14:00:00,Costa Rica,Costa Rica,CR,39.27,86.08,90.32,90.32,grupoice.com,false,
2024-06-04 15:00:00,Costa Rica,Costa Rica,CR,38.02,84.22,90.63,90.63,grupoice.com,false,
2024-06-04 16:00:00,Costa Rica,Costa Rica,CR,35.88,80.83,91.16,91.16,grupoice.com,false,
2024-06-04 17:00:00,Costa Rica,Costa Rica,CR,34.33,78.28,91.54,91.54,grupoice.com,false,
2024-06-04 18:00:00,Costa Rica,Costa Rica,CR,33.53,76.97,91.74,91.74,grupoice.com,false,
2024-06-04 19:00:00,Costa Rica,Costa Rica,CR,32.83,75.71,91.91,91.91,grupoice.com,false,
2024-06-04 20:00:00,Costa Rica,Costa Rica,CR,33.7,77.02,91.7,91.7,grupoice.com,false,
2024-06-04 21:00:00,Costa Rica,Costa Rica,CR,34.59,78.41,91.48,91.48,grupoice.com,false,
2024-06-04 22:00:00,Costa Rica,Costa Rica,CR,34.98,79.12,91.38,91.38,grupoice.com,false,
2024-06-04 23:00:00,Costa Rica,Costa Rica,CR,35.61,80.25,91.23,91.23,grupoice.com,false,
2024-06-05 00:00:00,Costa Rica,Costa Rica,CR,33.96,77.59,91.63,91.63,grupoice.com,false,
2024-06-05 01:00:00,Costa Rica,Costa Rica,CR,34.59,78.58,91.48,91.48,grupoice.com,false,
2024-06-05 02:00:00,Costa Rica,Costa Rica,CR,34.08,77.99,91.61,91.61,grupoice.com,false,
2024-06-05 03:00:00,Costa Rica,Costa Rica,CR,35.98,81.0,91.13,91.13,grupoice.com,false,
2024-06-05 04:00:00,Costa Rica,Costa Rica,CR,14.26,47.75,96.49,96.49,grupoice.com,false,
2024-06-05 05:00:00,Costa Rica,Costa Rica,CR,0.16,26.17,99.96,99.96,grupoice.com,false,
2024-06-05 06:00:00,Costa Rica,Costa Rica,CR,0.24,26.48,99.94,99.94,grupoice.com,false,
2024-06-05 07:00:00,Costa Rica,Costa Rica,CR,0.35,26.62,99.91,99.91,grupoice.com,false,
2024-06-05 08:00:00,Costa Rica,Costa Rica,CR,0.12,26.34,99.97,99.97,grupoice.com,false,
2024-06-05 09:00:00,Costa Rica,Costa Rica,CR,0.6,27.08,99.84,99.84,grupoice.com,false,
2024-06-05 10:00:00,Costa Rica,Costa Rica,CR,0.62,27.04,99.85,99.85,grupoice.com,false,
2024-06-05 11:00:00,Costa Rica,Costa Rica,CR,11.51,43.54,97.16,97.16,grupoice.com,false,
2024-06-05 12:00:00,Costa Rica,Costa Rica,CR,41.23,89.21,89.84,89.84,grupoice.com,false,
2024-06-05 13:00:00,Costa Rica,Costa Rica,CR,40.81,88.63,89.94,89.94,grupoice.com,false,
2024-06-05 14:00:00,Costa Rica,Costa Rica,CR,38.06,84.34,90.62,90.62,grupoice.com,false,
2024-06-05 15:00:00,Costa Rica,Costa Rica,CR,36.37,81.43,91.04,91.04,grupoice.com,false,
2024-06-05 16:00:00,Costa Rica,Costa Rica,CR,35.37,79.87,91.29,91.29,grupoice.com,false,
2024-06-05 17:00:00,Costa Rica,Costa Rica,CR,33.79,77.34,91.67,91.67,grupoice.com,false,
2024-06-05 18:00:00,Costa Rica,Costa Rica,CR,33.9,77.57,91.65,91.65,grupoice.com,false,
2024-06-05 19:00:00,Costa Rica,Costa Rica,CR,32.97,75.9,91.87,91.87,grupoice.com,false,
2024-06-05 20:00:00,Costa Rica,Costa Rica,CR,33.7,77.22,91.7,91.7,grupoice.com,false,
2024-06-05 21:00:00,Costa Rica,Costa Rica,CR,34.74,78.97,91.44,91.44,grupoice.com,false,
2024-06-05 22:00:00,Costa Rica,Costa Rica,CR,32.74,75.95,91.93,91.93,grupoice.com,false,
2024-06-05 23:00:00,Costa Rica,Costa Rica,CR,25.63,64.95,93.68,93.68,grupoice.com,false,
2024-06-06 00:00:00,Costa Rica,Costa Rica,CR,21.53,58.51,94.69,94.69,grupoice.com,false,
2024-06-06 01:00:00,Costa Rica,Costa Rica,CR,21.9,59.11,94.6,94.6,grupoice.com,false,
2024-06-06 02:00:00,Costa Rica,Costa Rica,CR,23.86,62.17,94.12,94.12,grupoice.com,false,
2024-06-06 03:00:00,Costa Rica,Costa Rica,CR,14.35,47.62,96.46,96.46,grupoice.com,false,
2024-06-06 04:00:00,Costa Rica,Costa Rica,CR,0.13,25.89,99.97,99.97,grupoice.com,false,
2024-06-06 05:00:00,Costa Rica,Costa Rica,CR,0.3,26.21,99.92,99.92,Electricity Maps Estimation,true,ESTIMATED_TIME_SLICER_AVERAGE
2024-06-06 06:00:00,Costa Rica,Costa Rica,CR,0.99,27.46,99.75,99.75,grupoice.com,false,
2024-06-06 07:00:00,Costa Rica,Costa Rica,CR,0.48,26.62,99.88,99.88,grupoice.com,false,
2024-06-06 08:00:00,Costa Rica,Costa Rica,CR,0.29,26.47,99.92,99.92,grupoice.com,false,
2024-06-06 09:00:00,Costa Rica,Costa Rica,CR,0.22,26.46,99.94,99.94,grupoice.com,false,
2024-06-06 10:00:00,Costa Rica,Costa Rica,CR,19.98,56.9,95.08,95.08,grupoice.com,false,
2024-06-06 11:00:00,Costa Rica,Costa Rica,CR,26.21,66.06,93.54,93.54,grupoice.com,false,
2024-06-06 12:00:00,Costa Rica,Costa Rica,CR,36.2,81.29,91.07,91.07,grupoice.com,false,
2024-06-06 13:00:00,Costa Rica,Costa Rica,CR,35.86,80.7,91.15,91.15,grupoice.com,false,
2024-06-06 14:00:00,Costa Rica,Costa Rica,CR,37.25,83.0,90.82,90.82,grupoice.com,false,
2024-06-06 15:00:00,Costa Rica,Costa Rica,CR,36.9,82.37,90.91,90.91,grupoice.com,false,
2024-06-06 16:00:00,Costa Rica,Costa Rica,CR,35.8,80.6,91.18,91.18,grupoice.com,false,
2024-06-06 17:00:00,Costa Rica,Costa Rica,CR,34.85,79.19,91.42,91.42,grupoice.com,false,
2024-06-06 18:00:00,Costa Rica,Costa Rica,CR,34.6,78.77,91.48,91.48,grupoice.com,false,
2024-06-06 19:00:00,Costa Rica,Costa Rica,CR,34.3,78.24,91.55,91.55,grupoice.com,false,
2024-06-06 20:00:00,Costa Rica,Costa Rica,CR,34.34,78.15,91.53,91.53,grupoice.com,false,
2024-06-06 21:00:00,Costa Rica,Costa Rica,CR,35.23,79.73,91.32,91.32,grupoice.com,false,
2024-06-06 22:00:00,Costa Rica,Costa Rica,CR,33.36,76.69,91.77,91.77,grupoice.com,false,
2024-06-06 23:00:00,Costa Rica,Costa Rica,CR,24.41,63.02,93.98,93.98,grupoice.com,false,
2024-06-07 00:00:00,Costa Rica,Costa Rica,CR,17.18,51.91,95.77,95.77,grupoice.com,false,
2024-06-07 01:00:00,Costa Rica,Costa Rica,CR,8.37,38.16,97.92,97.92,grupoice.com,false,
2024-06-07 02:00:00,Costa Rica,Costa Rica,CR,0.35,25.97,99.91,99.91,grupoice.com,false,
2024-06-07 03:00:00,Costa Rica,Costa Rica,CR,0.31,26.08,99.92,99.92,grupoice.com,false,
2024-06-07 04:00:00,Costa Rica,Costa Rica,CR,2.63,29.73,99.35,99.35,grupoice.com,false,
2024-06-07 05:00:00,Costa Rica,Costa Rica,CR,2.54,26.52,99.33,99.33,grupoice.com,false,
2024-06-07 06:00:00,Costa Rica,Costa Rica,CR,0.06,25.97,99.98,99.98,grupoice.com,false,
2024-06-07 07:00:00,Costa Rica,Costa Rica,CR,0.84,27.18,99.78,99.78,grupoice.com,false,
2024-06-07 08:00:00,Costa Rica,Costa Rica,CR,0.1,26.33,99.97,99.97,grupoice.com,false,
2024-06-07 09:00:00,Costa Rica,Costa Rica,CR,0.37,26.77,99.91,99.91,grupoice.com,false,
2024-06-07 10:00:00,Costa Rica,Costa Rica,CR,0.71,27.22,99.82,99.82,grupoice.com,false,
2024-06-07 11:00:00,Costa Rica,Costa Rica,CR,0.09,25.83,99.98,99.98,grupoice.com,false,
2024-06-07 12:00:00,Costa Rica,Costa Rica,CR,0.37,26.01,99.9,99.9,grupoice.com,false,
2024-06-07 13:00:00,Costa Rica,Costa Rica,CR,0.79,26.97,99.8,99.8,grupoice.com,false,
2024-06-07 14:00:00,Costa Rica,Costa Rica,CR,1.76,28.3,99.56,99.56,grupoice.com,false,
2024-06-07 15:00:00,Costa Rica,Costa Rica,CR,0.47,26.23,99.88,99.88,grupoice.com,false,
2024-06-07 16:00:00,Costa Rica,Costa Rica,CR,0.35,26.03,99.91,99.91,grupoice.com,false,
2024-06-07 17:00:00,Costa Rica,Costa Rica,CR,14.57,47.89,96.41,96.41,grupoice.com,false,
2024-06-07 18:00:00,Costa Rica,Costa Rica,CR,37.83,83.72,90.68,90.68,grupoice.com,false,
2024-06-07 19:00:00,Costa Rica,Costa Rica,CR,38.98,85.5,90.4,90.4,grupoice.com,false,
2024-06-07 20:00:00,Costa Rica,Costa Rica,CR,38.81,85.16,90.44,90.44,grupoice.com,false,
2024-06-07 21:00:00,Costa Rica,Costa Rica,CR,40.14,87.1,90.1,90.1,grupoice.com,false,
2024-06-07 22:00:00,Costa Rica,Costa Rica,CR,41.25,88.93,89.83,89.83,grupoice.com,false,
2024-06-07 23:00:00,Costa Rica,Costa Rica,CR,38.28,84.53,90.56,90.56,grupoice.com,false,
2024-06-08 00:00:00,Costa Rica,Costa Rica,CR,29.57,71.12,92.72,92.72,grupoice.com,false,
2024-06-08 01:00:00,Costa Rica,Costa Rica,CR,21.3,58.17,94.74,94.74,grupoice.com,false,
2024-06-08 02:00:00,Costa Rica,Costa Rica,CR,11.45,43.18,97.18,97.18,grupoice.com,false,
2024-06-08 03:00:00,Costa Rica,Costa Rica,CR,12.26,44.59,96.98,96.98,grupoice.com,false,
2024-06-08 04:00:00,Costa Rica,Costa Rica,CR,0.79,26.88,99.8,99.8,grupoice.com,false,
2024-06-08 05:00:00,Costa Rica,Costa Rica,CR,0.1,26.08,99.97,99.97,grupoice.com,false,
2024-06-08 06:00:00,Costa Rica,Costa Rica,CR,0.18,26.33,99.95,99.95,grupoice.com,false,
2024-06-08 07:00:00,Costa Rica,Costa Rica,CR,0.33,26.58,99.91,99.91,grupoice.com,false,
2024-06-08 08:00:00,Costa Rica,Costa Rica,CR,0.5,26.98,99.87,99.87,grupoice.com,false,
2024-06-08 09:00:00,Costa Rica,Costa Rica,CR,1.16,28.15,99.71,99.71,grupoice.com,false,
2024-06-08 10:00:00,Costa Rica,Costa Rica,CR,0.06,26.25,99.98,99.98,grupoice.com,false,
2024-06-08 11:00:00,Costa Rica,Costa Rica,CR,0.22,26.52,99.95,99.95,grupoice.com,false,
2024-06-08 12:00:00,Costa Rica,Costa Rica,CR,2.35,29.47,99.41,99.41,grupoice.com,false,
2024-06-08 13:00:00,Costa Rica,Costa Rica,CR,23.37,61.82,94.24,94.24,grupoice.com,false,
2024-06-08 14:00:00,Costa Rica,Costa Rica,CR,32.43,75.67,92.01,92.01,grupoice.com,false,
2024-06-08 15:00:00,Costa Rica,Costa Rica,CR,36.63,82.12,90.98,90.98,grupoice.com,false,
2024-06-08 16:00:00,Costa Rica,Costa Rica,CR,41.29,89.19,89.83,89.83,grupoice.com,false,
2024-06-08 17:00:00,Costa Rica,Costa Rica,CR,39.59,86.49,90.25,90.25,grupoice.com,false,
2024-06-08 18:00:00,Costa Rica,Costa Rica,CR,39.31,86.04,90.31,90.31,grupoice.com,false,
2024-06-08 19:00:00,Costa Rica,Costa Rica,CR,39.92,87.0,90.17,90.17,grupoice.com,false,
2024-06-08 20:00:00,Costa Rica,Costa Rica,CR,34.48,78.63,91.51,91.51,grupoice.com,false,
2024-06-08 21:00:00,Costa Rica,Costa Rica,CR,24.25,62.7,94.02,94.02,grupoice.com,false,
2024-06-08 22:00:00,Costa Rica,Costa Rica,CR,2.38,29.24,99.41,99.41,grupoice.com,false,
2024-06-08 23:00:00,Costa Rica,Costa Rica,CR,0.24,25.87,99.94,99.94,grupoice.com,false,
2024-06-09 00:00:00,Costa Rica,Costa Rica,CR,0.34,25.9,99.91,99.91,grupoice.com,false,
2024-06-09 01:00:00,Costa Rica,Costa Rica,CR,0.64,26.56,99.84,99.84,grupoice.com,false,
2024-06-09 02:00:00,Costa Rica,Costa Rica,CR,0.15,25.77,99.96,99.96,grupoice.com,false,
2024-06-09 03:00:00,Costa Rica,Costa Rica,CR,0.86,26.79,99.77,99.77,grupoice.com,false,
2024-06-09 04:00:00,Costa Rica,Costa Rica,CR,0.31,26.24,99.92,99.92,grupoice.com,false,
2024-06-09 05:00:00,Costa Rica,Costa Rica,CR,0.2,26.3,99.94,99.94,grupoice.com,false,
2024-06-09 06:00:00,Costa Rica,Costa Rica,CR,0.03,26.26,99.99,99.99,grupoice.com,false,
2024-06-09 07:00:00,Costa Rica,Costa Rica,CR,0.24,26.58,99.94,99.94,grupoice.com,false,
2024-06-09 08:00:00,Costa Rica,Costa Rica,CR,0.14,26.54,99.96,99.96,grupoice.com,false,
2024-06-09 09:00:00,Costa Rica,Costa Rica,CR,0.36,26.85,99.9,99.9,grupoice.com,false,
2024-06-09 10:00:00,Costa Rica,Costa Rica,CR,0.48,26.92,99.87,99.87,grupoice.com,false,
2024-06-09 11:00:00,Costa Rica,Costa Rica,CR,0.15,26.53,99.96,99.96,grupoice.com,false,
2024-06-09 12:00:00,Costa Rica,Costa Rica,CR,0.73,27.36,99.81,99.81,grupoice.com,false,
2024-06-09 13:00:00,Costa Rica,Costa Rica,CR,0.34,26.43,99.91,99.91,grupoice.com,false,
2024-06-09 14:00:00,Costa Rica,Costa Rica,CR,0.03,25.86,99.99,99.99,grupoice.com,false,
2024-06-09 15:00:00,Costa Rica,Costa Rica,CR,0.08,25.83,99.98,99.98,grupoice.com,false,
2024-06-09 16:00:00,Costa Rica,Costa Rica,CR,0.13,25.84,99.96,99.96,grupoice.com,false,
2024-06-09 17:00:00,Costa Rica,Costa Rica,CR,0.18,25.81,99.95,99.95,grupoice.com,false,
2024-06-09 18:00:00,Costa Rica,Costa Rica,CR,0.09,25.69,99.97,99.97,grupoice.com,false,
2024-06-09 19:00:00,Costa Rica,Costa Rica,CR,0.24,25.77,99.93,99.93,grupoice.com,false,
2024-06-09 20:00:00,Costa Rica,Costa Rica,CR,0.35,25.93,99.9,99.9,grupoice.com,false,
2024-06-09 21:00:00,Costa Rica,Costa Rica,CR,0.19,25.69,99.95,99.95,grupoice.com,false,
2024-06-09 22:00:00,Costa Rica,Costa Rica,CR,0.18,25.72,99.95,99.95,grupoice.com,false,
2024-06-09 23:00:00,Costa Rica,Costa Rica,CR,0.09,25.74,99.97,99.97,grupoice.com,false,
2024-06-10 00:00:00,Costa Rica,Costa Rica,CR,0.26,25.85,99.93,99.93,grupoice.com,false,
2024-06-10 01:00:00,Costa Rica,Costa Rica,CR,0.45,26.1,99.88,99.88,grupoice.com,false,
2024-06-10 02:00:00,Costa Rica,Costa Rica,CR,0.32,25.94,99.91,99.91,grupoice.com,false,
2024-06-10 03:00:00,Costa Rica,Costa Rica,CR,0.12,25.8,99.97,99.97,grupoice.com,false,
2024-06-10 04:00:00,Costa Rica,Costa Rica,CR,0.04,25.9,99.99,99.99,grupoice.com,false,
2024-06-10 05:00:00,Costa Rica,Costa Rica,CR,0.55,26.75,99.85,99.85,grupoice.com,false,
2024-06-10 06:00:00,Costa Rica,Costa Rica,CR,1.47,28.01,99.6,99.6,grupoice.com,false,
2024-06-10 07:00:00,Costa Rica,Costa Rica,CR,1.22,27.7,99.67,99.67,grupoice.com,false,
2024-06-10 08:00:00,Costa Rica,Costa Rica,CR,0.19,26.52,99.95,99.95,grupoice.com,false,
2024-06-10 09:00:00,Costa Rica,Costa Rica,CR,0.56,27.0,99.85,99.85,grupoice.com,false,
2024-06-10 10:00:00,Costa Rica,Costa Rica,CR,0.49,26.81,99.87,99.87,grupoice.com,false,
2024-06-10 11:00:00,Costa Rica,Costa Rica,CR,13.54,46.68,96.66,96.66,grupoice.com,false,
2024-06-10 12:00:00,Costa Rica,Costa Rica,CR,19.67,55.93,95.14,95.14,grupoice.com,false,
2024-06-10 13:00:00,Costa Rica,Costa Rica,CR,19.12,55.17,95.29,95.29,grupoice.com,false,
2024-06-10 14:00:00,Costa Rica,Costa Rica,CR,17.31,52.25,95.73,95.73,grupoice.com,false,
2024-06-10 15:00:00,Costa Rica,Costa Rica,CR,11.82,43.81,97.09,97.09,grupoice.com,false,
2024-06-10 16:00:00,Costa Rica,Costa Rica,CR,11.29,42.8,97.21,97.21,grupoice.com,false,
2024-06-10 17:00:00,Costa Rica,Costa Rica,CR,11.14,42.48,97.25,97.25,grupoice.com,false,
2024-06-10 18:00:00,Costa Rica,Costa Rica,CR,15.19,48.78,96.26,96.26,grupoice.com,false,
2024-06-10 19:00:00,Costa Rica,Costa Rica,CR,15.86,49.85,96.09,96.09,grupoice.com,false,
2024-06-10 20:00:00,Costa Rica,Costa Rica,CR,17.11,51.82,95.78,95.78,grupoice.com,false,
2024-06-10 21:00:00,Costa Rica,Costa Rica,CR,16.78,51.17,95.86,95.86,grupoice.com,false,
2024-06-10 22:00:00,Costa Rica,Costa Rica,CR,23.87,62.16,94.11,94.11,grupoice.com,false,
2024-06-10 23:00:00,Costa Rica,Costa Rica,CR,34.15,78.1,91.59,91.59,grupoice.com,false,
2024-06-11 00:00:00,Costa Rica,Costa Rica,CR,32.37,75.31,92.03,92.03,grupoice.com,false,
2024-06-11 01:00:00,Costa Rica,Costa Rica,CR,35.54,80.2,91.24,91.24,grupoice.com,false,
2024-06-11 02:00:00,Costa Rica,Costa Rica,CR,34.84,79.12,91.41,91.41,grupoice.com,false,
2024-06-11 03:00:00,Costa Rica,Costa Rica,CR,30.61,72.8,92.46,92.46,grupoice.com,false,
2024-06-11 04:00:00,Costa Rica,Costa Rica,CR,0.69,26.77,99.83,99.83,grupoice.com,false,
2024-06-11 05:00:00,Costa Rica,Costa Rica,CR,0.04,25.93,99.99,99.99,grupoice.com,false,
2024-06-11 06:00:00,Costa Rica,Costa Rica,CR,0.0,25.97,100.0,100.0,grupoice.com,false,
2024-06-11 07:00:00,Costa Rica,Costa Rica,CR,0.17,26.2,99.95,99.95,grupoice.com,false,
2024-06-11 08:00:00,Costa Rica,Costa Rica,CR,0.51,26.66,99.86,99.86,grupoice.com,false,
2024-06-11 09:00:00,Costa Rica,Costa Rica,CR,0.67,26.87,99.82,99.82,grupoice.com,false,
2024-06-11 10:00:00,Costa Rica,Costa Rica,CR,0.07,26.05,99.98,99.98,grupoice.com,false,
2024-06-11 11:00:00,Costa Rica,Costa Rica,CR,0.53,26.63,99.86,99.86,grupoice.com,false,
2024-06-11 12:00:00,Costa Rica,Costa Rica,CR,0.28,26.07,99.93,99.93,grupoice.com,false,
2024-06-11 13:00:00,Costa Rica,Costa Rica,CR,0.46,26.42,99.89,99.89,grupoice.com,false,
2024-06-11 14:00:00,Costa Rica,Costa Rica,CR,0.62,26.43,99.84,99.84,grupoice.com,false,
2024-06-11 15:00:00,Costa Rica,Costa Rica,CR,0.63,26.59,99.84,99.84,grupoice.com,false,
2024-06-11 16:00:00,Costa Rica,Costa Rica,CR,0.28,25.88,99.93,99.93,grupoice.com,false,
2024-06-11 17:00:00,Costa Rica,Costa Rica,CR,0.0,25.41,100.0,100.0,grupoice.com,false,
2024-06-11 18:00:00,Costa Rica,Costa Rica,CR,6.39,35.18,98.42,98.42,grupoice.com,false,
2024-06-11 19:00:00,Costa Rica,Costa Rica,CR,8.29,38.16,97.95,97.95,grupoice.com,false,
2024-06-11 20:00:00,Costa Rica,Costa Rica,CR,0.03,25.53,99.99,99.99,grupoice.com,false,
2024-06-11 21:00:00,Costa Rica,Costa Rica,CR,0.44,26.21,99.89,99.89,grupoice.com,false,
2024-06-11 22:00:00,Costa Rica,Costa Rica,CR,0.46,26.24,99.89,99.89,grupoice.com,false,
2024-06-11 23:00:00,Costa Rica,Costa Rica,CR,0.0,25.46,100.0,100.0,grupoice.com,false,
2024-06-12 00:00:00,Costa Rica,Costa Rica,CR,0.11,25.56,99.97,99.97,grupoice.com,false,
2024-06-12 01:00:00,Costa Rica,Costa Rica,CR,0.34,25.91,99.91,99.91,grupoice.com,false,
2024-06-12 02:00:00,Costa Rica,Costa Rica,CR,0.14,25.65,99.96,99.96,grupoice.com,false,
2024-06-12 03:00:00,Costa Rica,Costa Rica,CR,0.04,25.65,99.99,99.99,grupoice.com,false,
2024-06-12 04:00:00,Costa Rica,Costa Rica,CR,0.14,25.94,99.96,99.96,grupoice.com,false,
2024-06-12 05:00:00,Costa Rica,Costa Rica,CR,0.14,26.12,99.96,99.96,grupoice.com,false,
2024-06-12 06:00:00,Costa Rica,Costa Rica,CR,0.25,26.41,99.93,99.93,grupoice.com,false,
2024-06-12 07:00:00,Costa Rica,Costa Rica,CR,0.09,26.24,99.98,99.98,grupoice.com,false,
2024-06-12 08:00:00,Costa Rica,Costa Rica,CR,0.42,26.69,99.89,99.89,grupoice.com,false,
2024-06-12 09:00:00,Costa Rica,Costa Rica,CR,0.28,26.48,99.92,99.92,grupoice.com,false,
2024-06-12 10:00:00,Costa Rica,Costa Rica,CR,0.0,26.0,100.0,100.0,grupoice.com,false,
2024-06-12 11:00:00,Costa Rica,Costa Rica,CR,0.28,26.21,99.93,99.93,grupoice.com,false,
2024-06-12 12:00:00,Costa Rica,Costa Rica,CR,0.85,27.08,99.79,99.79,grupoice.com,false,
2024-06-12 13:00:00,Costa Rica,Costa Rica,CR,0.37,26.04,99.9,99.9,grupoice.com,false,
2024-06-12 14:00:00,Costa Rica,Costa Rica,CR,0.19,25.75,99.95,99.95,grupoice.com,false,
2024-06-12 15:00:00,Costa Rica,Costa Rica,CR,6.62,35.71,98.37,98.37,grupoice.com,false,
2024-06-12 16:00:00,Costa Rica,Costa Rica,CR,10.78,42.01,97.34,97.34,grupoice.com,false,
2024-06-12 17:00:00,Costa Rica,Costa Rica,CR,10.6,41.69,97.39,97.39,grupoice.com,false,
2024-06-12 18:00:00,Costa Rica,Costa Rica,CR,12.01,43.9,97.04,97.04,grupoice.com,false,
2024-06-12 19:00:00,Costa Rica,Costa Rica,CR,15.86,49.79,96.09,96.09,grupoice.com,false,
2024-06-12 20:00:00,Costa Rica,Costa Rica,CR,21.81,59.09,94.63,94.63,grupoice.com,false,
2024-06-12 21:00:00,Costa Rica,Costa Rica,CR,32.48,75.4,92.0,92.0,grupoice.com,false,
2024-06-12 22:00:00,Costa Rica,Costa Rica,CR,36.82,82.09,90.92,90.92,grupoice.com,false,
2024-06-12 23:00:00,Costa Rica,Costa Rica,CR,25.54,64.81,93.7,93.7,grupoice.com,false,
2024-06-13 00:00:00,Costa Rica,Costa Rica,CR,1.29,27.53,99.68,99.68,grupoice.com,false,
2024-06-13 01:00:00,Costa Rica,Costa Rica,CR,0.28,25.81,99.93,99.93,grupoice.com,false,
2024-06-13 02:00:00,Costa Rica,Costa Rica,CR,0.24,25.8,99.94,99.94,grupoice.com,false,
2024-06-13 03:00:00,Costa Rica,Costa Rica,CR,0.44,26.3,99.89,99.89,grupoice.com,false,
2024-06-13 04:00:00,Costa Rica,Costa Rica,CR,0.18,25.97,99.95,99.95,grupoice.com,false,
2024-06-13 05:00:00,Costa Rica,Costa Rica,CR,0.68,26.71,99.82,99.82,grupoice.com,false,
2024-06-13 06:00:00,Costa Rica,Costa Rica,CR,0.11,26.2,99.97,99.97,grupoice.com,false,
2024-06-13 07:00:00,Costa Rica,Costa Rica,CR,0.55,26.89,99.86,99.86,grupoice.com,false,
2024-06-13 08:00:00,Costa Rica,Costa Rica,CR,0.23,26.45,99.94,99.94,grupoice.com,false,
2024-06-13 09:00:00,Costa Rica,Costa Rica,CR,0.14,26.29,99.96,99.96,grupoice.com,false,
2024-06-13 10:00:00,Costa Rica,Costa Rica,CR,0.18,26.15,99.96,99.96,grupoice.com,false,
2024-06-13 11:00:00,Costa Rica,Costa Rica,CR,0.13,25.81,99.96,99.96,grupoice.com,false,
2024-06-13 12:00:00,Costa Rica,Costa Rica,CR,7.95,37.92,98.04,98.04,grupoice.com,false,
2024-06-13 13:00:00,Costa Rica,Costa Rica,CR,9.57,40.34,97.64,97.64,grupoice.com,false,
2024-06-13 14:00:00,Costa Rica,Costa Rica,CR,9.69,40.59,97.61,97.61,grupoice.com,false,
2024-06-13 15:00:00,Costa Rica,Costa Rica,CR,10.79,42.09,97.34,97.34,grupoice.com,false,
2024-06-13 16:00:00,Costa Rica,Costa Rica,CR,12.2,44.14,96.99,96.99,grupoice.com,false,
2024-06-13 17:00:00,Costa Rica,Costa Rica,CR,13.35,45.94,96.71,96.71,grupoice.com,false,
2024-06-13 18:00:00,Costa Rica,Costa Rica,CR,23.65,61.7,94.17,94.17,grupoice.com,false,
2024-06-13 19:00:00,Costa Rica,Costa Rica,CR,27.33,67.3,93.26,93.26,grupoice.com,false,
2024-06-13 20:00:00,Costa Rica,Costa Rica,CR,31.86,74.36,92.15,92.15,grupoice.com,false,
2024-06-13 21:00:00,Costa Rica,Costa Rica,CR,29.41,70.57,92.74,92.74,grupoice.com,false,
2024-06-13 22:00:00,Costa Rica,Costa Rica,CR,3.81,31.13,99.05,99.05,grupoice.com,false,
2024-06-13 23:00:00,Costa Rica,Costa Rica,CR,0.19,25.62,99.95,99.95,grupoice.com,false,
2024-06-14 00:00:00,Costa Rica,Costa Rica,CR,0.42,25.9,99.89,99.89,grupoice.com,false,
2024-06-14 01:00:00,Costa Rica,Costa Rica,CR,0.14,25.6,99.96,99.96,grupoice.com,false,
2024-06-14 02:00:00,Costa Rica,Costa Rica,CR,0.14,25.73,99.96,99.96,grupoice.com,false,
2024-06-14 03:00:00,Costa Rica,Costa Rica,CR,0.0,25.64,100.0,100.0,grupoice.com,false,
2024-06-14 04:00:00,Costa Rica,Costa Rica,CR,0.53,26.6,99.86,99.86,grupoice.com,false,
2024-06-14 05:00:00,Costa Rica,Costa Rica,CR,0.53,26.91,99.87,99.87,grupoice.com,false,
2024-06-14 06:00:00,Costa Rica,Costa Rica,CR,0.4,26.72,99.89,99.89,grupoice.com,false,
2024-06-14 07:00:00,Costa Rica,Costa Rica,CR,0.34,26.52,99.91,99.91,grupoice.com,false,
2024-06-14 08:00:00,Costa Rica,Costa Rica,CR,0.99,27.75,99.76,99.76,grupoice.com,false,
2024-06-14 09:00:00,Costa Rica,Costa Rica,CR,1.2,28.0,99.71,99.71,grupoice.com,false,
2024-06-14 10:00:00,Costa Rica,Costa Rica,CR,0.0,25.82,100.0,100.0,grupoice.com,false,
2024-06-14 11:00:00,Costa Rica,Costa Rica,CR,0.38,26.14,99.9,99.9,grupoice.com,false,
2024-06-14 12:00:00,Costa Rica,Costa Rica,CR,0.13,25.54,99.96,99.96,grupoice.com,false,
2024-06-14 13:00:00,Costa Rica,Costa Rica,CR,0.12,25.33,99.97,99.97,grupoice.com,false,
2024-06-14 14:00:00,Costa Rica,Costa Rica,CR,0.27,25.7,99.93,99.93,grupoice.com,false,
2024-06-14 15:00:00,Costa Rica,Costa Rica,CR,0.59,26.25,99.85,99.85,grupoice.com,false,
2024-06-14 16:00:00,Costa Rica,Costa Rica,CR,0.94,26.81,99.77,99.77,grupoice.com,false,
2024-06-14 17:00:00,Costa Rica,Costa Rica,CR,0.39,25.91,99.9,99.9,grupoice.com,false,
2024-06-14 18:00:00,Costa Rica,Costa Rica,CR,0.18,25.61,99.95,99.95,grupoice.com,false,
2024-06-14 19:00:00,Costa Rica,Costa Rica,CR,0.19,25.62,99.95,99.95,grupoice.com,false,
2024-06-14 20:00:00,Costa Rica,Costa Rica,CR,0.29,25.79,99.93,99.93,grupoice.com,false,
2024-06-14 21:00:00,Costa Rica,Costa Rica,CR,0.57,26.21,99.86,99.86,grupoice.com,false,
2024-06-14 22:00:00,Costa Rica,Costa Rica,CR,0.03,25.44,99.99,99.99,grupoice.com,false,
2024-06-14 23:00:00,Costa Rica,Costa Rica,CR,1.17,27.03,99.69,99.69,grupoice.com,false,
2024-06-15 00:00:00,Costa Rica,Costa Rica,CR,0.92,26.79,99.77,99.77,grupoice.com,false,
2024-06-15 01:00:00,Costa Rica,Costa Rica,CR,0.22,25.78,99.94,99.94,grupoice.com,false,
2024-06-15 02:00:00,Costa Rica,Costa Rica,CR,0.25,25.85,99.93,99.93,grupoice.com,false,
2024-06-15 03:00:00,Costa Rica,Costa Rica,CR,0.14,25.76,99.96,99.96,Electricity Maps Estimation,true,ESTIMATED_TIME_SLICER_AVERAGE
2024-06-15 04:00:00,Costa Rica,Costa Rica,CR,0.51,26.27,99.86,99.86,Electricity Maps Estimation,true,ESTIMATED_TIME_SLICER_AVERAGE
2024-06-15 05:00:00,Costa Rica,Costa Rica,CR,0.45,26.46,99.89,99.89,Electricity Maps Estimation,true,ESTIMATED_TIME_SLICER_AVERAGE
2024-06-15 06:00:00,Costa Rica,Costa Rica,CR,0.48,26.43,99.87,99.87,grupoice.com,false,
2024-06-15 07:00:00,Costa Rica,Costa Rica,CR,0.32,26.31,99.91,99.91,grupoice.com,false,
2024-06-15 08:00:00,Costa Rica,Costa Rica,CR,0.2,26.27,99.95,99.95,grupoice.com,false,
2024-06-15 09:00:00,Costa Rica,Costa Rica,CR,0.57,26.8,99.85,99.85,grupoice.com,false,
2024-06-15 10:00:00,Costa Rica,Costa Rica,CR,0.73,26.95,99.8,99.8,grupoice.com,false,
2024-06-15 11:00:00,Costa Rica,Costa Rica,CR,0.61,26.76,99.83,99.83,grupoice.com,false,
2024-06-15 12:00:00,Costa Rica,Costa Rica,CR,0.27,26.21,99.93,99.93,grupoice.com,false,
2024-06-15 13:00:00,Costa Rica,Costa Rica,CR,0.53,26.6,99.87,99.87,grupoice.com,false,
2024-06-15 14:00:00,Costa Rica,Costa Rica,CR,0.03,25.58,99.99,99.99,grupoice.com,false,
2024-06-15 15:00:00,Costa Rica,Costa Rica,CR,0.62,26.42,99.84,99.84,grupoice.com,false,
2024-06-15 16:00:00,Costa Rica,Costa Rica,CR,0.44,26.05,99.89,99.89,grupoice.com,false,
2024-06-15 17:00:00,Costa Rica,Costa Rica,CR,0.05,25.12,99.99,99.99,grupoice.com,false,
2024-06-15 18:00:00,Costa Rica,Costa Rica,CR,0.41,25.43,99.89,99.89,grupoice.com,false,
2024-06-15 19:00:00,Costa Rica,Costa Rica,CR,0.37,25.45,99.9,99.9,grupoice.com,false,
2024-06-15 20:00:00,Costa Rica,Costa Rica,CR,0.19,25.17,99.95,99.95,grupoice.com,false,
2024-06-15 21:00:00,Costa Rica,Costa Rica,CR,1.19,27.24,99.71,99.71,grupoice.com,false,
2024-06-15 22:00:00,Costa Rica,Costa Rica,CR,0.54,26.43,99.87,99.87,grupoice.com,false,
2024-06-15 23:00:00,Costa Rica,Costa Rica,CR,0.21,25.8,99.95,99.95,grupoice.com,false,
2024-06-16 00:00:00,Costa Rica,Costa Rica,CR,0.18,25.62,99.95,99.95,grupoice.com,false,
2024-06-16 01:00:00,Costa Rica,Costa Rica,CR,0.21,25.68,99.94,99.94,grupoice.com,false,
2024-06-16 02:00:00,Costa Rica,Costa Rica,CR,0.16,25.77,99.96,99.96,grupoice.com,false,
2024-06-16 03:00:00,Costa Rica,Costa Rica,CR,0.0,25.67,100.0,100.0,grupoice.com,false,
2024-06-16 04:00:00,Costa Rica,Costa Rica,CR,0.47,26.52,99.88,99.88,grupoice.com,false,
2024-06-16 05:00:00,Costa Rica,Costa Rica,CR,0.09,26.15,99.98,99.98,Electricity Maps Estimation,true,ESTIMATED_TIME_SLICER_AVERAGE
2024-06-16 06:00:00,Costa Rica,Costa Rica,CR,0.23,26.64,99.94,99.94,grupoice.com,false,
2024-06-16 07:00:00,Costa Rica,Costa Rica,CR,1.1,28.09,99.73,99.73,grupoice.com,false,
2024-06-16 08:00:00,Costa Rica,Costa Rica,CR,0.58,27.18,99.86,99.86,grupoice.com,false,
2024-06-16 09:00:00,Costa Rica,Costa Rica,CR,0.0,25.92,100.0,100.0,grupoice.com,false,
2024-06-16 10:00:00,Costa Rica,Costa Rica,CR,1.24,27.99,99.69,99.69,grupoice.com,false,
2024-06-16 11:00:00,Costa Rica,Costa Rica,CR,2.52,30.46,99.38,99.38,grupoice.com,false,
2024-06-16 12:00:00,Costa Rica,Costa Rica,CR,1.06,27.75,99.74,99.74,grupoice.com,false,
2024-06-16 13:00:00,Costa Rica,Costa Rica,CR,0.57,26.88,99.86,99.86,grupoice.com,false,
2024-06-16 14:00:00,Costa Rica,Costa Rica,CR,0.84,26.98,99.79,99.79,grupoice.com,false,
2024-06-16 15:00:00,Costa Rica,Costa Rica,CR,0.3,26.14,99.93,99.93,grupoice.com,false,
2024-06-16 16:00:00,Costa Rica,Costa Rica,CR,0.07,25.64,99.98,99.98,grupoice.com,false,
2024-06-16 17:00:00,Costa Rica,Costa Rica,CR,0.06,25.56,99.98,99.98,grupoice.com,false,
2024-06-16 18:00:00,Costa Rica,Costa Rica,CR,0.03,25.61,99.99,99.99,grupoice.com,false,
2024-06-16 19:00:00,Costa Rica,Costa Rica,CR,0.59,26.72,99.85,99.85,grupoice.com,false,
2024-06-16 20:00:00,Costa Rica,Costa Rica,CR,0.29,26.26,99.93,99.93,grupoice.com,false,
2024-06-16 21:00:00,Costa Rica,Costa Rica,CR,0.82,27.18,99.8,99.8,grupoice.com,false,
2024-06-16 22:00:00,Costa Rica,Costa Rica,CR,0.2,25.96,99.95,99.95,grupoice.com,false,
2024-06-16 23:00:00,Costa Rica,Costa Rica,CR,0.17,25.77,99.96,99.96,grupoice.com,false,
2024-06-17 00:00:00,Costa Rica,Costa Rica,CR,0.0,25.38,100.0,100.0,grupoice.com,false,
2024-06-17 01:00:00,Costa Rica,Costa Rica,CR,0.0,25.49,100.0,100.0,grupoice.com,false,
2024-06-17 02:00:00,Costa Rica,Costa Rica,CR,0.0,25.55,100.0,100.0,grupoice.com,false,
2024-06-17 03:00:00,Costa Rica,Costa Rica,CR,0.0,25.71,100.0,100.0,grupoice.com,false,
2024-06-17 04:00:00,Costa Rica,Costa Rica,CR,0.39,26.59,99.9,99.9,grupoice.com,false,
2024-06-17 05:00:00,Costa Rica,Costa Rica,CR,0.36,26.71,99.91,99.91,Electricity Maps Estimation,true,ESTIMATED_TIME_SLICER_AVERAGE
2024-06-17 06:00:00,Costa Rica,Costa Rica,CR,0.41,26.86,99.89,99.89,grupoice.com,false,
2024-06-17 07:00:00,Costa Rica,Costa Rica,CR,0.12,26.4,99.97,99.97,grupoice.com,false,
2024-06-17 08:00:00,Costa Rica,Costa Rica,CR,0.58,27.35,99.86,99.86,grupoice.com,false,
2024-06-17 09:00:00,Costa Rica,Costa Rica,CR,0.09,26.45,99.98,99.98,grupoice.com,false,
2024-06-17 10:00:00,Costa Rica,Costa Rica,CR,0.19,26.52,99.95,99.95,grupoice.com,false,
2024-06-17 11:00:00,Costa Rica,Costa Rica,CR,0.1,26.1,99.98,99.98,grupoice.com,false,
2024-06-17 12:00:00,Costa Rica,Costa Rica,CR,0.31,26.32,99.92,99.92,grupoice.com,false,
2024-06-17 13:00:00,Costa Rica,Costa Rica,CR,0.52,26.55,99.87,99.87,grupoice.com,false,
2024-06-17 14:00:00,Costa Rica,Costa Rica,CR,1.88,28.76,99.54,99.54,grupoice.com,false,
2024-06-17 15:00:00,Costa Rica,Costa Rica,CR,13.02,45.58,96.79,96.79,grupoice.com,false,
2024-06-17 16:00:00,Costa Rica,Costa Rica,CR,20.45,56.8,94.96,94.96,grupoice.com,false,
2024-06-17 17:00:00,Costa Rica,Costa Rica,CR,20.26,56.55,95.01,95.01,grupoice.com,false,
2024-06-17 18:00:00,Costa Rica,Costa Rica,CR,19.95,56.03,95.09,95.09,grupoice.com,false,
2024-06-17 19:00:00,Costa Rica,Costa Rica,CR,20.14,56.34,95.04,95.04,grupoice.com,false,
2024-06-17 20:00:00,Costa Rica,Costa Rica,CR,20.73,57.38,94.89,94.89,grupoice.com,false,
2024-06-17 21:00:00,Costa Rica,Costa Rica,CR,22.23,59.52,94.52,94.52,grupoice.com,false,
2024-06-17 22:00:00,Costa Rica,Costa Rica,CR,31.85,74.22,92.15,92.15,grupoice.com,false,
2024-06-17 23:00:00,Costa Rica,Costa Rica,CR,33.6,76.68,91.72,91.72,grupoice.com,false,
2024-06-18 00:00:00,Costa Rica,Costa Rica,CR,31.99,74.57,92.12,92.12,grupoice.com,false,
2024-06-18 01:00:00,Costa Rica,Costa Rica,CR,31.26,73.42,92.3,92.3,grupoice.com,false,
2024-06-18 02:00:00,Costa Rica,Costa Rica,CR,32.7,75.76,91.95,91.95,grupoice.com,false,
2024-06-18 03:00:00,Costa Rica,Costa Rica,CR,35.76,80.63,91.19,91.19,grupoice.com,false,
2024-06-18 04:00:00,Costa Rica,Costa Rica,CR,40.81,88.7,89.95,89.95,grupoice.com,false,
2024-06-18 05:00:00,Costa Rica,Costa Rica,CR,45.03,95.46,88.91,88.91,grupoice.com,false,
2024-06-18 06:00:00,Costa Rica,Costa Rica,CR,48.17,100.24,88.13,88.13,grupoice.com,false,
2024-06-18 07:00:00,Costa Rica,Costa Rica,CR,49.58,102.58,87.79,87.79,grupoice.com,false,
2024-06-18 08:00:00,Costa Rica,Costa Rica,CR,50.23,103.6,87.63,87.63,grupoice.com,false,
2024-06-18 09:00:00,Costa Rica,Costa Rica,CR,49.6,102.43,87.78,87.78,grupoice.com,false,
2024-06-18 10:00:00,Costa Rica,Costa Rica,CR,42.46,91.28,89.53,89.53,grupoice.com,false,
2024-06-18 11:00:00,Costa Rica,Costa Rica,CR,36.95,82.58,90.88,90.88,grupoice.com,false,
2024-06-18 12:00:00,Costa Rica,Costa Rica,CR,37.53,83.4,90.75,90.75,grupoice.com,false,
2024-06-18 13:00:00,Costa Rica,Costa Rica,CR,36.52,81.81,91.01,91.01,grupoice.com,false,
2024-06-18 14:00:00,Costa Rica,Costa Rica,CR,34.95,79.31,91.39,91.39,grupoice.com,false,
2024-06-18 15:00:00,Costa Rica,Costa Rica,CR,35.53,80.18,91.25,91.25,grupoice.com,false,
2024-06-18 16:00:00,Costa Rica,Costa Rica,CR,35.33,79.82,91.3,91.3,grupoice.com,false,
2024-06-18 17:00:00,Costa Rica,Costa Rica,CR,34.6,78.71,91.48,91.48,grupoice.com,false,
2024-06-18 18:00:00,Costa Rica,Costa Rica,CR,34.13,77.87,91.59,91.59,grupoice.com,false,
2024-06-18 19:00:00,Costa Rica,Costa Rica,CR,34.47,78.34,91.51,91.51,grupoice.com,false,
2024-06-18 20:00:00,Costa Rica,Costa Rica,CR,35.37,79.75,91.29,91.29,grupoice.com,false,
2024-06-18 21:00:00,Costa Rica,Costa Rica,CR,34.27,78.16,91.56,91.56,grupoice.com,false,
2024-06-18 22:00:00,Costa Rica,Costa Rica,CR,32.98,75.85,91.86,91.86,grupoice.com,false,
2024-06-18 23:00:00,Costa Rica,Costa Rica,CR,35.06,79.51,91.36,91.36,grupoice.com,false,
2024-06-19 00:00:00,Costa Rica,Costa Rica,CR,32.31,75.04,92.04,92.04,grupoice.com,false,
2024-06-19 01:00:00,Costa Rica,Costa Rica,CR,25.53,64.58,93.71,93.71,grupoice.com,false,
2024-06-19 02:00:00,Costa Rica,Costa Rica,CR,24.34,62.74,94.0,94.0,grupoice.com,false,
2024-06-19 03:00:00,Costa Rica,Costa Rica,CR,37.63,83.42,90.73,90.73,grupoice.com,false,
2024-06-19 04:00:00,Costa Rica,Costa Rica,CR,43.1,92.01,89.38,89.38,grupoice.com,false,
2024-06-19 05:00:00,Costa Rica,Costa Rica,CR,42.75,91.68,89.47,89.47,grupoice.com,false,
2024-06-19 06:00:00,Costa Rica,Costa Rica,CR,50.35,103.5,87.59,87.59,grupoice.com,false,
2024-06-19 07:00:00,Costa Rica,Costa Rica,CR,53.51,108.47,86.82,86.82,grupoice.com,false,
2024-06-19 08:00:00,Costa Rica,Costa Rica,CR,54.39,109.95,86.6,86.6,grupoice.com,false,
2024-06-19 09:00:00,Costa Rica,Costa Rica,CR,54.66,110.48,86.54,86.54,grupoice.com,false,
2024-06-19 10:00:00,Costa Rica,Costa Rica,CR,50.77,104.26,87.49,87.49,grupoice.com,false,
2024-06-19 11:00:00,Costa Rica,Costa Rica,CR,45.93,96.62,88.69,88.69,grupoice.com,false,
2024-06-19 12:00:00,Costa Rica,Costa Rica,CR,39.56,86.34,90.26,90.26,grupoice.com,false,
2024-06-19 13:00:00,Costa Rica,Costa Rica,CR,34.36,78.22,91.53,91.53,grupoice.com,false,
2024-06-19 14:00:00,Costa Rica,Costa Rica,CR,32.51,75.43,91.99,91.99,grupoice.com,false,
2024-06-19 15:00:00,Costa Rica,Costa Rica,CR,31.52,74.02,92.24,92.24,grupoice.com,false,
2024-06-19 16:00:00,Costa Rica,Costa Rica,CR,32.54,75.61,91.98,91.98,grupoice.com,false,
2024-06-19 17:00:00,Costa Rica,Costa Rica,CR,31.91,74.45,92.14,92.14,grupoice.com,false,
2024-06-19 18:00:00,Costa Rica,Costa Rica,CR,33.57,76.93,91.72,91.72,grupoice.com,false,
2024-06-19 19:00:00,Costa Rica,Costa Rica,CR,34.12,77.86,91.59,91.59,grupoice.com,false,
2024-06-19 20:00:00,Costa Rica,Costa Rica,CR,34.28,78.08,91.55,91.55,grupoice.com,false,
2024-06-19 21:00:00,Costa Rica,Costa Rica,CR,35.39,79.78,91.27,91.27,grupoice.com,false,
2024-06-19 22:00:00,Costa Rica,Costa Rica,CR,35.83,80.43,91.17,91.17,grupoice.com,false,
2024-06-19 23:00:00,Costa Rica,Costa Rica,CR,38.32,83.97,90.56,90.56,grupoice.com,false,
2024-06-20 00:00:00,Costa Rica,Costa Rica,CR,36.61,80.9,90.96,90.96,grupoice.com,false,
2024-06-20 01:00:00,Costa Rica,Costa Rica,CR,37.02,81.81,90.88,90.88,grupoice.com,false,
2024-06-20 02:00:00,Costa Rica,Costa Rica,CR,40.09,86.8,90.12,90.12,grupoice.com,false,
2024-06-20 03:00:00,Costa Rica,Costa Rica,CR,40.95,88.45,89.91,89.91,grupoice.com,false,
2024-06-20 04:00:00,Costa Rica,Costa Rica,CR,43.04,91.9,89.39,89.39,grupoice.com,false,
2024-06-20 05:00:00,Costa Rica,Costa Rica,CR,46.22,97.0,88.61,88.61,grupoice.com,false,
2024-06-20 06:00:00,Costa Rica,Costa Rica,CR,39.7,87.18,90.22,90.22,grupoice.com,false,
2024-06-20 07:00:00,Costa Rica,Costa Rica,CR,29.51,71.5,92.73,92.73,grupoice.com,false,
2024-06-20 08:00:00,Costa Rica,Costa Rica,CR,30.19,72.51,92.56,92.56,grupoice.com,false,
2024-06-20 09:00:00,Costa Rica,Costa Rica,CR,29.98,72.03,92.6,92.6,grupoice.com,false,
2024-06-20 10:00:00,Costa Rica,Costa Rica,CR,34.1,78.27,91.59,91.59,grupoice.com,false,
2024-06-20 11:00:00,Costa Rica,Costa Rica,CR,32.1,75.05,92.09,92.09,grupoice.com,false,
2024-06-20 12:00:00,Costa Rica,Costa Rica,CR,34.18,78.05,91.57,91.57,grupoice.com,false,
2024-06-20 13:00:00,Costa Rica,Costa Rica,CR,32.9,76.14,91.89,91.89,grupoice.com,false,
2024-06-20 14:00:00,Costa Rica,Costa Rica,CR,31.88,74.53,92.14,92.14,grupoice.com,false,
2024-06-20 15:00:00,Costa Rica,Costa Rica,CR,30.39,72.1,92.51,92.51,grupoice.com,false,
2024-06-20 16:00:00,Costa Rica,Costa Rica,CR,29.89,71.34,92.63,92.63,grupoice.com,false,
2024-06-20 17:00:00,Costa Rica,Costa Rica,CR,28.74,69.62,92.92,92.92,grupoice.com,false,
2024-06-20 18:00:00,Costa Rica,Costa Rica,CR,28.38,68.98,93.01,93.01,grupoice.com,false,
2024-06-20 19:00:00,Costa Rica,Costa Rica,CR,28.7,69.55,92.93,92.93,grupoice.com,false,
2024-06-20 20:00:00,Costa Rica,Costa Rica,CR,29.34,70.47,92.77,92.77,grupoice.com,false,
2024-06-20 21:00:00,Costa Rica,Costa Rica,CR,29.58,70.86,92.71,92.71,grupoice.com,false,
2024-06-20 22:00:00,Costa Rica,Costa Rica,CR,30.24,72.01,92.55,92.55,grupoice.com,false,
2024-06-20 23:00:00,Costa Rica,Costa Rica,CR,34.48,78.49,91.5,91.5,grupoice.com,false,
2024-06-21 00:00:00,Costa Rica,Costa Rica,CR,23.43,61.48,94.23,94.23,grupoice.com,false,
2024-06-21 01:00:00,Costa Rica,Costa Rica,CR,1.01,26.95,99.75,99.75,grupoice.com,false,
2024-06-21 02:00:00,Costa Rica,Costa Rica,CR,0.36,26.04,99.91,99.91,grupoice.com,false,
2024-06-21 03:00:00,Costa Rica,Costa Rica,CR,0.7,26.7,99.83,99.83,grupoice.com,false,
2024-06-21 04:00:00,Costa Rica,Costa Rica,CR,1.04,27.24,99.73,99.73,grupoice.com,false,
2024-06-21 05:00:00,Costa Rica,Costa Rica,CR,0.39,26.41,99.9,99.9,grupoice.com,false,
2024-06-21 06:00:00,Costa Rica,Costa Rica,CR,0.0,25.77,100.0,100.0,grupoice.com,false,
2024-06-21 07:00:00,Costa Rica,Costa Rica,CR,0.14,25.87,99.96,99.96,grupoice.com,false,
2024-06-21 08:00:00,Costa Rica,Costa Rica,CR,0.46,26.37,99.88,99.88,grupoice.com,false,
2024-06-21 09:00:00,Costa Rica,Costa Rica,CR,0.27,26.29,99.93,99.93,grupoice.com,false,
2024-06-21 10:00:00,Costa Rica,Costa Rica,CR,0.12,26.08,99.97,99.97,grupoice.com,false,
2024-06-21 11:00:00,Costa Rica,Costa Rica,CR,0.19,25.99,99.95,99.95,grupoice.com,false,
2024-06-21 12:00:00,Costa Rica,Costa Rica,CR,0.09,25.76,99.98,99.98,grupoice.com,false,
2024-06-21 13:00:00,Costa Rica,Costa Rica,CR,0.04,25.63,99.99,99.99,grupoice.com,false,
2024-06-21 14:00:00,Costa Rica,Costa Rica,CR,0.55,26.23,99.85,99.85,grupoice.com,false,
2024-06-21 15:00:00,Costa Rica,Costa Rica,CR,10.82,42.15,97.33,97.33,grupoice.com,false,
2024-06-21 16:00:00,Costa Rica,Costa Rica,CR,22.63,60.23,94.42,94.42,grupoice.com,false,
2024-06-21 17:00:00,Costa Rica,Costa Rica,CR,27.87,68.26,93.13,93.13,grupoice.com,false,
2024-06-21 18:00:00,Costa Rica,Costa Rica,CR,33.2,76.7,91.82,91.82,grupoice.com,false,
2024-06-21 19:00:00,Costa Rica,Costa Rica,CR,32.83,76.04,91.91,91.91,grupoice.com,false,
2024-06-21 20:00:00,Costa Rica,Costa Rica,CR,18.4,53.7,95.46,95.46,grupoice.com,false,
2024-06-21 21:00:00,Costa Rica,Costa Rica,CR,8.86,39.05,97.81,97.81,grupoice.com,false,
2024-06-21 22:00:00,Costa Rica,Costa Rica,CR,0.48,26.0,99.87,99.87,grupoice.com,false,
2024-06-21 23:00:00,Costa Rica,Costa Rica,CR,0.1,25.5,99.97,99.97,grupoice.com,false,
2024-06-22 00:00:00,Costa Rica,Costa Rica,CR,1.08,27.09,99.73,99.73,grupoice.com,false,
2024-06-22 01:00:00,Costa Rica,Costa Rica,CR,0.23,25.52,99.94,99.94,grupoice.com,false,
2024-06-22 02:00:00,Costa Rica,Costa Rica,CR,0.03,25.47,99.99,99.99,grupoice.com,false,
2024-06-22 03:00:00,Costa Rica,Costa Rica,CR,0.12,25.75,99.97,99.97,grupoice.com,false,
2024-06-22 04:00:00,Costa Rica,Costa Rica,CR,2.62,28.16,99.34,99.34,grupoice.com,false,
2024-06-22 05:00:00,Costa Rica,Costa Rica,CR,0.14,25.88,99.97,99.97,Electricity Maps Estimation,true,ESTIMATED_TIME_SLICER_AVERAGE
2024-06-22 06:00:00,Costa Rica,Costa Rica,CR,0.52,27.0,99.87,99.87,grupoice.com,false,
2024-06-22 07:00:00,Costa Rica,Costa Rica,CR,0.28,26.46,99.92,99.92,grupoice.com,false,
2024-06-22 08:00:00,Costa Rica,Costa Rica,CR,0.44,26.84,99.89,99.89,grupoice.com,false,
2024-06-22 09:00:00,Costa Rica,Costa Rica,CR,0.0,25.98,100.0,100.0,grupoice.com,false,
2024-06-22 10:00:00,Costa Rica,Costa Rica,CR,0.32,26.35,99.91,99.91,grupoice.com,false,
2024-06-22 11:00:00,Costa Rica,Costa Rica,CR,0.35,26.49,99.91,99.91,grupoice.com,false,
2024-06-22 12:00:00,Costa Rica,Costa Rica,CR,0.73,27.15,99.82,99.82,grupoice.com,false,
2024-06-22 13:00:00,Costa Rica,Costa Rica,CR,4.42,32.4,98.9,98.9,grupoice.com,false,
2024-06-22 14:00:00,Costa Rica,Costa Rica,CR,23.54,61.69,94.2,94.2,grupoice.com,false,
2024-06-22 15:00:00,Costa Rica,Costa Rica,CR,27.22,66.91,93.29,93.29,grupoice.com,false,
2024-06-22 16:00:00,Costa Rica,Costa Rica,CR,25.78,64.26,93.65,93.65,grupoice.com,false,
2024-06-22 17:00:00,Costa Rica,Costa Rica,CR,24.9,62.87,93.87,93.87,grupoice.com,false,
2024-06-22 18:00:00,Costa Rica,Costa Rica,CR,24.7,62.41,93.92,93.92,grupoice.com,false,
2024-06-22 19:00:00,Costa Rica,Costa Rica,CR,25.5,63.65,93.72,93.72,grupoice.com,false,
2024-06-22 20:00:00,Costa Rica,Costa Rica,CR,18.0,52.12,95.56,95.56,grupoice.com,false,
2024-06-22 21:00:00,Costa Rica,Costa Rica,CR,9.06,38.45,97.77,97.77,grupoice.com,false,
2024-06-22 22:00:00,Costa Rica,Costa Rica,CR,0.38,25.01,99.9,99.9,grupoice.com,false,
2024-06-22 23:00:00,Costa Rica,Costa Rica,CR,0.31,24.75,99.92,99.92,grupoice.com,false,
2024-06-23 00:00:00,Costa Rica,Costa Rica,CR,0.13,24.46,99.96,99.96,grupoice.com,false,
2024-06-23 01:00:00,Costa Rica,Costa Rica,CR,0.09,24.62,99.98,99.98,grupoice.com,false,
2024-06-23 02:00:00,Costa Rica,Costa Rica,CR,0.4,25.36,99.9,99.9,grupoice.com,false,
2024-06-23 03:00:00,Costa Rica,Costa Rica,CR,2.76,29.25,99.32,99.32,grupoice.com,false,
2024-06-23 04:00:00,Costa Rica,Costa Rica,CR,0.23,25.39,99.94,99.94,grupoice.com,false,
2024-06-23 05:00:00,Costa Rica,Costa Rica,CR,0.34,26.03,99.91,99.91,grupoice.com,false,
2024-06-23 06:00:00,Costa Rica,Costa Rica,CR,20.91,57.92,94.85,94.85,grupoice.com,false,
2024-06-23 07:00:00,Costa Rica,Costa Rica,CR,52.97,107.26,86.95,86.95,grupoice.com,false,
2024-06-23 08:00:00,Costa Rica,Costa Rica,CR,64.16,123.96,84.19,84.19,grupoice.com,false,
2024-06-23 09:00:00,Costa Rica,Costa Rica,CR,66.39,127.05,83.64,83.64,grupoice.com,false,
2024-06-23 10:00:00,Costa Rica,Costa Rica,CR,65.96,126.82,83.74,83.74,grupoice.com,false,
2024-06-23 11:00:00,Costa Rica,Costa Rica,CR,67.59,129.47,83.35,83.35,grupoice.com,false,
2024-06-23 12:00:00,Costa Rica,Costa Rica,CR,63.91,123.25,84.25,84.25,grupoice.com,false,
2024-06-23 13:00:00,Costa Rica,Costa Rica,CR,55.64,109.8,86.29,86.29,grupoice.com,false,
2024-06-23 14:00:00,Costa Rica,Costa Rica,CR,50.35,101.65,87.6,87.6,grupoice.com,false,
2024-06-23 15:00:00,Costa Rica,Costa Rica,CR,48.21,98.69,88.13,88.13,grupoice.com,false,
2024-06-23 16:00:00,Costa Rica,Costa Rica,CR,46.21,95.89,88.62,88.62,grupoice.com,false,
2024-06-23 17:00:00,Costa Rica,Costa Rica,CR,44.32,93.06,89.08,89.08,grupoice.com,false,
2024-06-23 18:00:00,Costa Rica,Costa Rica,CR,43.8,92.47,89.21,89.21,grupoice.com,false,
2024-06-23 19:00:00,Costa Rica,Costa Rica,CR,45.0,94.72,88.91,88.91,grupoice.com,false,
2024-06-23 20:00:00,Costa Rica,Costa Rica,CR,47.0,97.5,88.42,88.42,grupoice.com,false,
2024-06-23 21:00:00,Costa Rica,Costa Rica,CR,47.22,98.2,88.37,88.37,grupoice.com,false,
2024-06-23 22:00:00,Costa Rica,Costa Rica,CR,44.32,93.9,89.08,89.08,grupoice.com,false,
2024-06-23 23:00:00,Costa Rica,Costa Rica,CR,28.54,69.52,92.97,92.97,grupoice.com,false,
2024-06-24 00:00:00,Costa Rica,Costa Rica,CR,26.9,66.97,93.37,93.37,grupoice.com,false,
2024-06-24 01:00:00,Costa Rica,Costa Rica,CR,27.15,67.3,93.31,93.31,grupoice.com,false,
2024-06-24 02:00:00,Costa Rica,Costa Rica,CR,28.34,69.06,93.01,93.01,grupoice.com,false,
2024-06-24 03:00:00,Costa Rica,Costa Rica,CR,23.8,62.3,94.13,94.13,grupoice.com,false,
2024-06-24 04:00:00,Costa Rica,Costa Rica,CR,0.42,26.59,99.9,99.9,grupoice.com,false,
2024-06-24 05:00:00,Costa Rica,Costa Rica,CR,0.26,26.48,99.94,99.94,grupoice.com,false,
2024-06-24 06:00:00,Costa Rica,Costa Rica,CR,0.29,26.71,99.93,99.93,grupoice.com,false,
2024-06-24 07:00:00,Costa Rica,Costa Rica,CR,0.0,26.25,100.0,100.0,grupoice.com,false,
2024-06-24 08:00:00,Costa Rica,Costa Rica,CR,0.0,26.29,100.0,100.0,grupoice.com,false,
2024-06-24 09:00:00,Costa Rica,Costa Rica,CR,0.15,26.37,99.96,99.96,grupoice.com,false,
2024-06-24 10:00:00,Costa Rica,Costa Rica,CR,0.06,25.69,99.99,99.99,grupoice.com,false,
2024-06-24 11:00:00,Costa Rica,Costa Rica,CR,11.81,43.25,97.09,97.09,grupoice.com,false,
2024-06-24 12:00:00,Costa Rica,Costa Rica,CR,45.34,94.62,88.83,88.83,grupoice.com,false,
2024-06-24 13:00:00,Costa Rica,Costa Rica,CR,46.58,96.44,88.53,88.53,grupoice.com,false,
2024-06-24 14:00:00,Costa Rica,Costa Rica,CR,58.11,114.56,85.69,85.69,grupoice.com,false,
2024-06-24 15:00:00,Costa Rica,Costa Rica,CR,64.54,124.87,84.1,84.1,grupoice.com,false,
2024-06-24 16:00:00,Costa Rica,Costa Rica,CR,70.96,134.78,82.52,82.52,grupoice.com,false,
2024-06-24 17:00:00,Costa Rica,Costa Rica,CR,75.84,142.23,81.32,81.32,grupoice.com,false,
2024-06-24 18:00:00,Costa Rica,Costa Rica,CR,81.21,150.52,80.0,80.0,grupoice.com,false,
2024-06-24 19:00:00,Costa Rica,Costa Rica,CR,82.35,152.33,79.72,79.72,grupoice.com,false,
2024-06-24 20:00:00,Costa Rica,Costa Rica,CR,81.47,151.03,79.93,79.93,grupoice.com,false,
2024-06-24 21:00:00,Costa Rica,Costa Rica,CR,83.62,154.27,79.4,79.4,grupoice.com,false,
2024-06-24 22:00:00,Costa Rica,Costa Rica,CR,91.57,166.53,77.44,77.44,grupoice.com,false,
2024-06-24 23:00:00,Costa Rica,Costa Rica,CR,83.32,153.87,79.48,79.48,grupoice.com,false,
2024-06-25 00:00:00,Costa Rica,Costa Rica,CR,82.34,152.16,79.72,79.72,grupoice.com,false,
2024-06-25 01:00:00,Costa Rica,Costa Rica,CR,85.09,156.47,79.04,79.04,grupoice.com,false,
2024-06-25 02:00:00,Costa Rica,Costa Rica,CR,89.72,163.71,77.9,77.9,grupoice.com,false,
2024-06-25 03:00:00,Costa Rica,Costa Rica,CR,82.1,151.97,79.78,79.78,grupoice.com,false,
2024-06-25 04:00:00,Costa Rica,Costa Rica,CR,63.74,123.99,84.3,84.3,grupoice.com,false,
2024-06-25 05:00:00,Costa Rica,Costa Rica,CR,55.1,110.46,86.43,86.43,grupoice.com,false,
2024-06-25 06:00:00,Costa Rica,Costa Rica,CR,59.83,117.55,85.26,85.26,grupoice.com,false,
2024-06-25 07:00:00,Costa Rica,Costa Rica,CR,60.78,118.64,85.03,85.03,grupoice.com,false,
2024-06-25 08:00:00,Costa Rica,Costa Rica,CR,50.73,102.75,87.5,87.5,grupoice.com,false,
2024-06-25 09:00:00,Costa Rica,Costa Rica,CR,42.32,90.44,89.58,89.58,grupoice.com,false,
2024-06-25 10:00:00,Costa Rica,Costa Rica,CR,55.85,111.19,86.24,86.24,grupoice.com,false,
2024-06-25 11:00:00,Costa Rica,Costa Rica,CR,51.49,104.49,87.32,87.32,grupoice.com,false,
2024-06-25 12:00:00,Costa Rica,Costa Rica,CR,48.58,100.04,88.03,88.03,grupoice.com,false,
2024-06-25 13:00:00,Costa Rica,Costa Rica,CR,63.3,122.85,84.41,84.41,grupoice.com,false,
2024-06-25 14:00:00,Costa Rica,Costa Rica,CR,74.6,140.38,81.62,81.62,grupoice.com,false,
2024-06-25 15:00:00,Costa Rica,Costa Rica,CR,77.03,144.21,81.03,81.03,grupoice.com,false,
2024-06-25 16:00:00,Costa Rica,Costa Rica,CR,76.69,143.6,81.11,81.11,grupoice.com,false,
2024-06-25 17:00:00,Costa Rica,Costa Rica,CR,83.6,154.26,79.41,79.41,grupoice.com,false,
2024-06-25 18:00:00,Costa Rica,Costa Rica,CR,91.01,165.58,77.58,77.58,grupoice.com,false,
2024-06-25 19:00:00,Costa Rica,Costa Rica,CR,92.03,167.09,77.33,77.33,grupoice.com,false,
2024-06-25 20:00:00,Costa Rica,Costa Rica,CR,93.15,168.59,77.06,77.06,grupoice.com,false,
2024-06-25 21:00:00,Costa Rica,Costa Rica,CR,95.3,171.64,76.52,76.52,grupoice.com,false,
2024-06-25 22:00:00,Costa Rica,Costa Rica,CR,92.3,167.04,77.26,77.26,grupoice.com,false,
2024-06-25 23:00:00,Costa Rica,Costa Rica,CR,80.35,149.06,80.21,80.21,grupoice.com,false,
2024-06-26 00:00:00,Costa Rica,Costa Rica,CR,73.85,139.2,81.81,81.81,grupoice.com,false,
2024-06-26 01:00:00,Costa Rica,Costa Rica,CR,79.62,148.13,80.38,80.38,grupoice.com,false,
2024-06-26 02:00:00,Costa Rica,Costa Rica,CR,76.38,143.27,81.19,81.19,grupoice.com,false,
2024-06-26 03:00:00,Costa Rica,Costa Rica,CR,70.73,134.66,82.58,82.58,grupoice.com,false,
2024-06-26 04:00:00,Costa Rica,Costa Rica,CR,54.25,109.39,86.64,86.64,grupoice.com,false,
2024-06-26 05:00:00,Costa Rica,Costa Rica,CR,45.66,96.13,88.74,88.74,Electricity Maps Estimation,true,ESTIMATED_TIME_SLICER_AVERAGE
2024-06-26 06:00:00,Costa Rica,Costa Rica,CR,35.99,81.96,91.12,91.12,grupoice.com,false,
2024-06-26 07:00:00,Costa Rica,Costa Rica,CR,36.68,83.23,90.96,90.96,grupoice.com,false,
2024-06-26 08:00:00,Costa Rica,Costa Rica,CR,37.6,84.76,90.73,90.73,grupoice.com,false,
2024-06-26 09:00:00,Costa Rica,Costa Rica,CR,37.08,83.86,90.86,90.86,grupoice.com,false,
2024-06-26 10:00:00,Costa Rica,Costa Rica,CR,35.02,80.74,91.37,91.37,grupoice.com,false,
2024-06-26 11:00:00,Costa Rica,Costa Rica,CR,33.2,77.87,91.82,91.82,grupoice.com,false,
2024-06-26 12:00:00,Costa Rica,Costa Rica,CR,32.62,76.56,91.96,91.96,grupoice.com,false,
2024-06-26 13:00:00,Costa Rica,Costa Rica,CR,43.76,93.12,89.21,89.21,grupoice.com,false,
2024-06-26 14:00:00,Costa Rica,Costa Rica,CR,62.84,122.84,84.52,84.52,grupoice.com,false,
2024-06-26 15:00:00,Costa Rica,Costa Rica,CR,75.94,142.84,81.29,81.29,grupoice.com,false,
2024-06-26 16:00:00,Costa Rica,Costa Rica,CR,80.12,149.39,80.26,80.26,grupoice.com,false,
2024-06-26 17:00:00,Costa Rica,Costa Rica,CR,82.37,152.63,79.71,79.71,grupoice.com,false,
2024-06-26 18:00:00,Costa Rica,Costa Rica,CR,80.5,149.59,80.17,80.17,grupoice.com,false,
2024-06-26 19:00:00,Costa Rica,Costa Rica,CR,81.95,151.77,79.81,79.81,grupoice.com,false,
2024-06-26 20:00:00,Costa Rica,Costa Rica,CR,81.32,150.96,79.97,79.97,grupoice.com,false,
2024-06-26 21:00:00,Costa Rica,Costa Rica,CR,75.36,141.61,81.43,81.43,grupoice.com,false,
2024-06-26 22:00:00,Costa Rica,Costa Rica,CR,70.62,134.44,82.6,82.6,grupoice.com,false,
2024-06-26 23:00:00,Costa Rica,Costa Rica,CR,58.43,115.63,85.6,85.6,grupoice.com,false,
2024-06-27 00:00:00,Costa Rica,Costa Rica,CR,59.99,117.85,85.22,85.22,grupoice.com,false,
2024-06-27 01:00:00,Costa Rica,Costa Rica,CR,66.82,128.37,83.54,83.54,grupoice.com,false,
2024-06-27 02:00:00,Costa Rica,Costa Rica,CR,71.74,136.17,82.33,82.33,grupoice.com,false,
2024-06-27 03:00:00,Costa Rica,Costa Rica,CR,72.52,137.53,82.14,82.14,grupoice.com,false,
2024-06-27 04:00:00,Costa Rica,Costa Rica,CR,69.51,133.38,82.88,82.88,grupoice.com,false,
2024-06-27 05:00:00,Costa Rica,Costa Rica,CR,46.0,97.56,88.67,88.67,grupoice.com,false,
2024-06-27 06:00:00,Costa Rica,Costa Rica,CR,15.69,50.7,96.12,96.12,grupoice.com,false,
2024-06-27 07:00:00,Costa Rica,Costa Rica,CR,5.03,34.53,98.76,98.76,grupoice.com,false,
2024-06-27 08:00:00,Costa Rica,Costa Rica,CR,2.28,30.59,99.44,99.44,grupoice.com,false,
2024-06-27 09:00:00,Costa Rica,Costa Rica,CR,1.5,29.13,99.63,99.63,grupoice.com,false,
2024-06-27 10:00:00,Costa Rica,Costa Rica,CR,24.06,63.47,94.07,94.07,grupoice.com,false,
2024-06-27 11:00:00,Costa Rica,Costa Rica,CR,30.58,73.45,92.46,92.46,grupoice.com,false,
2024-06-27 12:00:00,Costa Rica,Costa Rica,CR,39.15,86.35,90.36,90.36,grupoice.com,false,
2024-06-27 13:00:00,Costa Rica,Costa Rica,CR,42.35,91.14,89.56,89.56,grupoice.com,false,
2024-06-27 14:00:00,Costa Rica,Costa Rica,CR,54.51,109.87,86.57,86.57,grupoice.com,false,
2024-06-27 15:00:00,Costa Rica,Costa Rica,CR,66.86,128.96,83.52,83.52,grupoice.com,false,
2024-06-27 16:00:00,Costa Rica,Costa Rica,CR,66.98,129.01,83.5,83.5,grupoice.com,false,
2024-06-27 17:00:00,Costa Rica,Costa Rica,CR,64.33,124.73,84.15,84.15,grupoice.com,false,
2024-06-27 18:00:00,Costa Rica,Costa Rica,CR,64.34,124.56,84.15,84.15,grupoice.com,false,
2024-06-27 19:00:00,Costa Rica,Costa Rica,CR,65.31,126.06,83.91,83.91,grupoice.com,false,
2024-06-27 20:00:00,Costa Rica,Costa Rica,CR,66.71,128.29,83.57,83.57,grupoice.com,false,
2024-06-27 21:00:00,Costa Rica,Costa Rica,CR,68.65,131.37,83.09,83.09,grupoice.com,false,
2024-06-27 22:00:00,Costa Rica,Costa Rica,CR,70.23,133.94,82.7,82.7,grupoice.com,false,
2024-06-27 23:00:00,Costa Rica,Costa Rica,CR,69.84,133.13,82.8,82.8,grupoice.com,false,
2024-06-28 00:00:00,Costa Rica,Costa Rica,CR,69.22,132.01,82.94,82.94,grupoice.com,false,
2024-06-28 01:00:00,Costa Rica,Costa Rica,CR,74.1,139.66,81.75,81.75,grupoice.com,false,
2024-06-28 02:00:00,Costa Rica,Costa Rica,CR,93.27,169.28,77.03,77.03,grupoice.com,false,
2024-06-28 03:00:00,Costa Rica,Costa Rica,CR,71.15,135.28,82.47,82.47,grupoice.com,false,
2024-06-28 04:00:00,Costa Rica,Costa Rica,CR,54.1,109.36,86.66,86.66,grupoice.com,false,
2024-06-28 05:00:00,Costa Rica,Costa Rica,CR,42.16,90.72,89.61,89.61,grupoice.com,false,
2024-06-28 06:00:00,Costa Rica,Costa Rica,CR,2.2,29.12,99.46,99.46,grupoice.com,false,
2024-06-28 07:00:00,Costa Rica,Costa Rica,CR,1.39,27.86,99.65,99.65,grupoice.com,false,
2024-06-28 08:00:00,Costa Rica,Costa Rica,CR,1.11,27.61,99.72,99.72,grupoice.com,false,
2024-06-28 09:00:00,Costa Rica,Costa Rica,CR,1.68,28.84,99.59,99.59,grupoice.com,false,
2024-06-28 10:00:00,Costa Rica,Costa Rica,CR,19.69,56.19,95.14,95.14,grupoice.com,false,
2024-06-28 11:00:00,Costa Rica,Costa Rica,CR,31.33,73.76,92.28,92.28,grupoice.com,false,
2024-06-28 12:00:00,Costa Rica,Costa Rica,CR,26.3,65.92,93.52,93.52,grupoice.com,false,
2024-06-28 13:00:00,Costa Rica,Costa Rica,CR,26.93,66.93,93.36,93.36,grupoice.com,false,
2024-06-28 14:00:00,Costa Rica,Costa Rica,CR,39.0,85.33,90.39,90.39,grupoice.com,false,
2024-06-28 15:00:00,Costa Rica,Costa Rica,CR,41.64,89.9,89.74,89.74,grupoice.com,false,
2024-06-28 16:00:00,Costa Rica,Costa Rica,CR,44.43,94.09,89.06,89.06,grupoice.com,false,
2024-06-28 17:00:00,Costa Rica,Costa Rica,CR,46.1,96.63,88.64,88.64,grupoice.com,false,
2024-06-28 18:00:00,Costa Rica,Costa Rica,CR,49.56,101.93,87.79,87.79,grupoice.com,false,
2024-06-28 19:00:00,Costa Rica,Costa Rica,CR,46.9,97.77,88.45,88.45,grupoice.com,false,
2024-06-28 20:00:00,Costa Rica,Costa Rica,CR,50.06,102.68,87.66,87.66,grupoice.com,false,
2024-06-28 21:00:00,Costa Rica,Costa Rica,CR,62.62,121.91,84.57,84.57,grupoice.com,false,
2024-06-28 22:00:00,Costa Rica,Costa Rica,CR,65.46,126.28,83.87,83.87,grupoice.com,false,
2024-06-28 23:00:00,Costa Rica,Costa Rica,CR,66.86,128.5,83.53,83.53,grupoice.com,false,
2024-06-29 00:00:00,Costa Rica,Costa Rica,CR,62.58,121.77,84.58,84.58,grupoice.com,false,
2024-06-29 01:00:00,Costa Rica,Costa Rica,CR,63.08,122.52,84.46,84.46,grupoice.com,false,
2024-06-29 02:00:00,Costa Rica,Costa Rica,CR,57.35,113.87,85.87,85.87,grupoice.com,false,
2024-06-29 03:00:00,Costa Rica,Costa Rica,CR,31.68,74.25,92.19,92.19,grupoice.com,false,
2024-06-29 04:00:00,Costa Rica,Costa Rica,CR,8.63,39.91,97.87,97.87,grupoice.com,false,
2024-06-29 05:00:00,Costa Rica,Costa Rica,CR,1.82,29.1,99.55,99.55,grupoice.com,false,
2024-06-29 06:00:00,Costa Rica,Costa Rica,CR,1.66,29.12,99.59,99.59,grupoice.com,false,
2024-06-29 07:00:00,Costa Rica,Costa Rica,CR,1.66,28.94,99.58,99.58,grupoice.com,false,
2024-06-29 08:00:00,Costa Rica,Costa Rica,CR,1.67,29.17,99.59,99.59,grupoice.com,false,
2024-06-29 09:00:00,Costa Rica,Costa Rica,CR,16.54,52.36,95.93,95.93,grupoice.com,false,
2024-06-29 10:00:00,Costa Rica,Costa Rica,CR,50.4,104.05,87.58,87.58,grupoice.com,false,
2024-06-29 11:00:00,Costa Rica,Costa Rica,CR,55.8,112.23,86.25,86.25,grupoice.com,false,
2024-06-29 12:00:00,Costa Rica,Costa Rica,CR,35.67,81.0,91.21,91.21,grupoice.com,false,
2024-06-29 13:00:00,Costa Rica,Costa Rica,CR,48.4,100.01,88.06,88.06,grupoice.com,false,
2024-06-29 14:00:00,Costa Rica,Costa Rica,CR,47.93,99.41,88.19,88.19,grupoice.com,false,
2024-06-29 15:00:00,Costa Rica,Costa Rica,CR,45.75,96.3,88.73,88.73,grupoice.com,false,
2024-06-29 16:00:00,Costa Rica,Costa Rica,CR,45.81,96.63,88.72,88.72,grupoice.com,false,
2024-06-29 17:00:00,Costa Rica,Costa Rica,CR,49.88,102.81,87.71,87.71,grupoice.com,false,
2024-06-29 18:00:00,Costa Rica,Costa Rica,CR,59.27,117.35,85.4,85.4,grupoice.com,false,
2024-06-29 19:00:00,Costa Rica,Costa Rica,CR,67.45,129.96,83.39,83.39,grupoice.com,false,
2024-06-29 20:00:00,Costa Rica,Costa Rica,CR,69.14,132.47,82.97,82.97,grupoice.com,false,
2024-06-29 21:00:00,Costa Rica,Costa Rica,CR,68.38,131.0,83.15,83.15,grupoice.com,false,
2024-06-29 22:00:00,Costa Rica,Costa Rica,CR,68.97,131.97,83.01,83.01,grupoice.com,false,
2024-06-29 23:00:00,Costa Rica,Costa Rica,CR,60.63,119.16,85.07,85.07,grupoice.com,false,
2024-06-30 00:00:00,Costa Rica,Costa Rica,CR,56.62,112.67,86.05,86.05,grupoice.com,false,
2024-06-30 01:00:00,Costa Rica,Costa Rica,CR,52.54,105.8,87.06,87.06,grupoice.com,false,
2024-06-30 02:00:00,Costa Rica,Costa Rica,CR,26.51,65.14,93.47,93.47,grupoice.com,false,
2024-06-30 03:00:00,Costa Rica,Costa Rica,CR,4.85,31.31,98.8,98.8,grupoice.com,false,
2024-06-30 04:00:00,Costa Rica,Costa Rica,CR,1.15,25.34,99.71,99.71,grupoice.com,false,
2024-06-30 05:00:00,Costa Rica,Costa Rica,CR,0.8,24.6,99.8,99.8,Electricity Maps Estimation,true,ESTIMATED_TIME_SLICER_AVERAGE
2024-06-30 06:00:00,Costa Rica,Costa Rica,CR,0.25,23.49,99.94,99.94,grupoice.com,false,
2024-06-30 07:00:00,Costa Rica,Costa Rica,CR,0.49,24.36,99.88,99.88,grupoice.com,false,
2024-06-30 08:00:00,Costa Rica,Costa Rica,CR,7.15,34.98,98.24,98.24,grupoice.com,false,
2024-06-30 09:00:00,Costa Rica,Costa Rica,CR,28.56,67.93,92.94,92.94,grupoice.com,false,
2024-06-30 10:00:00,Costa Rica,Costa Rica,CR,28.15,67.86,93.06,93.06,grupoice.com,false,
2024-06-30 11:00:00,Costa Rica,Costa Rica,CR,28.59,68.88,92.96,92.96,grupoice.com,false,
2024-06-30 12:00:00,Costa Rica,Costa Rica,CR,7.36,35.82,98.19,98.19,grupoice.com,false,
2024-06-30 13:00:00,Costa Rica,Costa Rica,CR,0.13,24.47,99.96,99.96,grupoice.com,false,
2024-06-30 14:00:00,Costa Rica,Costa Rica,CR,0.28,24.65,99.93,99.93,grupoice.com,false,
2024-06-30 15:00:00,Costa Rica,Costa Rica,CR,8.79,37.78,97.83,97.83,grupoice.com,false,
2024-06-30 16:00:00,Costa Rica,Costa Rica,CR,19.91,54.93,95.1,95.1,grupoice.com,false,
2024-06-30 17:00:00,Costa Rica,Costa Rica,CR,19.6,54.55,95.16,95.16,grupoice.com,false,
2024-06-30 18:00:00,Costa Rica,Costa Rica,CR,22.87,59.83,94.37,94.37,grupoice.com,false,
2024-06-30 19:00:00,Costa Rica,Costa Rica,CR,24.75,62.69,93.89,93.89,grupoice.com,false,
2024-06-30 20:00:00,Costa Rica,Costa Rica,CR,25.02,63.3,93.84,93.84,grupoice.com,false,
2024-06-30 21:00:00,Costa Rica,Costa Rica,CR,25.61,64.28,93.69,93.69,grupoice.com,false,
2024-06-30 22:00:00,Costa Rica,Costa Rica,CR,25.72,64.61,93.66,93.66,grupoice.com,false,
2024-06-30 23:00:00,Costa Rica,Costa Rica,CR,26.25,65.5,93.53,93.53,grupoice.com,false,
2024-07-01 00:00:00,Costa Rica,Costa Rica,CR,23.5,60.82,94.21,94.21,grupoice.com,false,
2024-07-01 01:00:00,Costa Rica,Costa Rica,CR,23.06,59.89,94.32,94.32,grupoice.com,false,
2024-07-01 02:00:00,Costa Rica,Costa Rica,CR,23.83,61.25,94.13,94.13,grupoice.com,false,
2024-07-01 03:00:00,Costa Rica,Costa Rica,CR,25.59,64.09,93.69,93.69,grupoice.com,false,
2024-07-01 04:00:00,Costa Rica,Costa Rica,CR,27.96,67.55,93.11,93.11,grupoice.com,false,
2024-07-01 05:00:00,Costa Rica,Costa Rica,CR,9.57,38.76,97.64,97.64,grupoice.com,false,
2024-07-01 06:00:00,Costa Rica,Costa Rica,CR,0.55,25.91,99.86,99.86,grupoice.com,false,
2024-07-01 07:00:00,Costa Rica,Costa Rica,CR,0.09,24.31,99.97,99.97,grupoice.com,false,
2024-07-01 08:00:00,Costa Rica,Costa Rica,CR,22.79,59.43,94.38,94.38,grupoice.com,false,
2024-07-01 09:00:00,Costa Rica,Costa Rica,CR,36.19,80.27,91.07,91.07,grupoice.com,false,
2024-07-01 10:00:00,Costa Rica,Costa Rica,CR,58.25,113.91,85.64,85.64,grupoice.com,false,
2024-07-01 11:00:00,Costa Rica,Costa Rica,CR,42.88,89.58,89.42,89.42,grupoice.com,false,
2024-07-01 12:00:00,Costa Rica,Costa Rica,CR,0.3,24.23,99.92,99.92,grupoice.com,false,
2024-07-01 13:00:00,Costa Rica,Costa Rica,CR,0.16,24.07,99.96,99.96,grupoice.com,false,
2024-07-01 14:00:00,Costa Rica,Costa Rica,CR,13.18,44.22,96.75,96.75,grupoice.com,false,
2024-07-01 15:00:00,Costa Rica,Costa Rica,CR,39.94,86.2,90.16,90.16,grupoice.com,false,
2024-07-01 16:00:00,Costa Rica,Costa Rica,CR,37.96,83.78,90.65,90.65,grupoice.com,false,
2024-07-01 17:00:00,Costa Rica,Costa Rica,CR,32.71,76.03,91.94,91.94,grupoice.com,false,
2024-07-01 18:00:00,Costa Rica,Costa Rica,CR,34.47,79.06,91.51,91.51,grupoice.com,false,
2024-07-01 19:00:00,Costa Rica,Costa Rica,CR,38.88,85.49,90.42,90.42,grupoice.com,false,
2024-07-01 20:00:00,Costa Rica,Costa Rica,CR,43.72,93.17,89.23,89.23,grupoice.com,false,
2024-07-01 21:00:00,Costa Rica,Costa Rica,CR,45.82,96.22,88.71,88.71,grupoice.com,false,
2024-07-01 22:00:00,Costa Rica,Costa Rica,CR,46.8,98.09,88.47,88.47,grupoice.com,false,
2024-07-01 23:00:00,Costa Rica,Costa Rica,CR,38.21,85.62,90.59,90.59,grupoice.com,false,
2024-07-02 00:00:00,Costa Rica,Costa Rica,CR,27.95,68.08,93.11,93.11,grupoice.com,false,
2024-07-02 01:00:00,Costa Rica,Costa Rica,CR,29.26,70.49,92.79,92.79,grupoice.com,false,
2024-07-02 02:00:00,Costa Rica,Costa Rica,CR,43.11,91.68,89.37,89.37,grupoice.com,false,
2024-07-02 03:00:00,Costa Rica,Costa Rica,CR,47.38,98.51,88.33,88.33,grupoice.com,false,
2024-07-02 04:00:00,Costa Rica,Costa Rica,CR,51.26,104.52,87.37,87.37,grupoice.com,false,
2024-07-02 05:00:00,Costa Rica,Costa Rica,CR,55.93,111.78,86.21,86.21,grupoice.com,false,
2024-07-02 06:00:00,Costa Rica,Costa Rica,CR,60.58,119.11,85.08,85.08,grupoice.com,false,
2024-07-02 07:00:00,Costa Rica,Costa Rica,CR,62.23,121.26,84.67,84.67,grupoice.com,false,
2024-07-02 08:00:00,Costa Rica,Costa Rica,CR,63.6,123.51,84.33,84.33,grupoice.com,false,
2024-07-02 09:00:00,Costa Rica,Costa Rica,CR,63.4,123.07,84.38,84.38,grupoice.com,false,
2024-07-02 10:00:00,Costa Rica,Costa Rica,CR,59.68,117.59,85.3,85.3,grupoice.com,false,
2024-07-02 11:00:00,Costa Rica,Costa Rica,CR,46.74,97.55,88.48,88.48,grupoice.com,false,
2024-07-02 12:00:00,Costa Rica,Costa Rica,CR,35.24,79.43,91.32,91.32,grupoice.com,false,
2024-07-02 13:00:00,Costa Rica,Costa Rica,CR,47.15,97.79,88.38,88.38,grupoice.com,false,
2024-07-02 14:00:00,Costa Rica,Costa Rica,CR,46.9,97.27,88.44,88.44,grupoice.com,false,
2024-07-02 15:00:00,Costa Rica,Costa Rica,CR,55.0,110.16,86.45,86.45,grupoice.com,false,
2024-07-02 16:00:00,Costa Rica,Costa Rica,CR,63.46,123.34,84.37,84.37,grupoice.com,false,
2024-07-02 17:00:00,Costa Rica,Costa Rica,CR,61.81,120.86,84.77,84.77,grupoice.com,false,
2024-07-02 18:00:00,Costa Rica,Costa Rica,CR,71.94,136.31,82.27,82.27,grupoice.com,false,
2024-07-02 19:00:00,Costa Rica,Costa Rica,CR,78.41,146.07,80.69,80.69,grupoice.com,false,
2024-07-02 20:00:00,Costa Rica,Costa Rica,CR,73.08,137.16,81.99,81.99,grupoice.com,false,
2024-07-02 21:00:00,Costa Rica,Costa Rica,CR,74.18,138.84,81.71,81.71,grupoice.com,false,
2024-07-02 22:00:00,Costa Rica,Costa Rica,CR,74.08,138.91,81.74,81.74,grupoice.com,false,
2024-07-02 23:00:00,Costa Rica,Costa Rica,CR,76.88,143.96,81.06,81.06,grupoice.com,false,
2024-07-03 00:00:00,Costa Rica,Costa Rica,CR,72.01,136.33,82.26,82.26,grupoice.com,false,
2024-07-03 01:00:00,Costa Rica,Costa Rica,CR,74.12,139.63,81.74,81.74,grupoice.com,false,
2024-07-03 02:00:00,Costa Rica,Costa Rica,CR,57.53,114.16,85.83,85.83,grupoice.com,false,
2024-07-03 03:00:00,Costa Rica,Costa Rica,CR,32.64,75.75,91.96,91.96,grupoice.com,false,
2024-07-03 04:00:00,Costa Rica,Costa Rica,CR,35.76,80.78,91.19,91.19,grupoice.com,false,
2024-07-03 05:00:00,Costa Rica,Costa Rica,CR,39.08,85.79,90.37,90.37,grupoice.com,false,
2024-07-03 06:00:00,Costa Rica,Costa Rica,CR,28.53,69.86,92.96,92.96,grupoice.com,false,
2024-07-03 07:00:00,Costa Rica,Costa Rica,CR,0.63,26.77,99.84,99.84,grupoice.com,false,
2024-07-03 08:00:00,Costa Rica,Costa Rica,CR,0.22,25.88,99.94,99.94,grupoice.com,false,
2024-07-03 09:00:00,Costa Rica,Costa Rica,CR,0.11,25.43,99.97,99.97,grupoice.com,false,
2024-07-03 10:00:00,Costa Rica,Costa Rica,CR,0.05,25.59,99.99,99.99,grupoice.com,false,
2024-07-03 11:00:00,Costa Rica,Costa Rica,CR,2.89,30.94,99.28,99.28,grupoice.com,false,
2024-07-03 12:00:00,Costa Rica,Costa Rica,CR,0.67,26.82,99.83,99.83,grupoice.com,false,
2024-07-03 13:00:00,Costa Rica,Costa Rica,CR,17.23,52.05,95.76,95.76,grupoice.com,false,
2024-07-03 14:00:00,Costa Rica,Costa Rica,CR,43.47,92.48,89.29,89.29,grupoice.com,false,
2024-07-03 15:00:00,Costa Rica,Costa Rica,CR,46.52,97.37,88.53,88.53,grupoice.com,false,
2024-07-03 16:00:00,Costa Rica,Costa Rica,CR,47.61,99.38,88.27,88.27,grupoice.com,false,
2024-07-03 17:00:00,Costa Rica,Costa Rica,CR,55.55,111.44,86.32,86.32,grupoice.com,false,
2024-07-03 18:00:00,Costa Rica,Costa Rica,CR,71.29,135.76,82.44,82.44,grupoice.com,false,
2024-07-03 19:00:00,Costa Rica,Costa Rica,CR,66.86,128.62,83.53,83.53,grupoice.com,false,
2024-07-03 20:00:00,Costa Rica,Costa Rica,CR,67.36,129.77,83.41,83.41,grupoice.com,false,
2024-07-03 21:00:00,Costa Rica,Costa Rica,CR,61.75,121.22,84.79,84.79,grupoice.com,false,
2024-07-03 22:00:00,Costa Rica,Costa Rica,CR,35.29,80.27,91.31,91.31,grupoice.com,false,
2024-07-03 23:00:00,Costa Rica,Costa Rica,CR,16.43,50.73,95.95,95.95,grupoice.com,false,
2024-07-04 00:00:00,Costa Rica,Costa Rica,CR,2.73,28.67,99.33,99.33,grupoice.com,false,
2024-07-04 01:00:00,Costa Rica,Costa Rica,CR,0.53,25.2,99.86,99.86,grupoice.com,false,
2024-07-04 02:00:00,Costa Rica,Costa Rica,CR,0.23,24.55,99.94,99.94,grupoice.com,false,
2024-07-04 03:00:00,Costa Rica,Costa Rica,CR,0.41,24.48,99.89,99.89,grupoice.com,false,
2024-07-04 04:00:00,Costa Rica,Costa Rica,CR,0.3,24.28,99.92,99.92,grupoice.com,false,
2024-07-04 05:00:00,Costa Rica,Costa Rica,CR,0.04,24.27,99.99,99.99,grupoice.com,false,
2024-07-04 06:00:00,Costa Rica,Costa Rica,CR,0.23,25.7,99.94,99.94,grupoice.com,false,
2024-07-04 07:00:00,Costa Rica,Costa Rica,CR,0.26,26.34,99.93,99.93,grupoice.com,false,
2024-07-04 08:00:00,Costa Rica,Costa Rica,CR,0.44,26.57,99.88,99.88,grupoice.com,false,
2024-07-04 09:00:00,Costa Rica,Costa Rica,CR,0.24,25.97,99.93,99.93,grupoice.com,false,
2024-07-04 10:00:00,Costa Rica,Costa Rica,CR,0.04,25.28,99.99,99.99,grupoice.com,false,
2024-07-04 11:00:00,Costa Rica,Costa Rica,CR,0.16,25.1,99.96,99.96,grupoice.com,false,
2024-07-04 12:00:00,Costa Rica,Costa Rica,CR,0.57,25.38,99.85,99.85,grupoice.com,false,
2024-07-04 13:00:00,Costa Rica,Costa Rica,CR,0.49,25.49,99.88,99.88,grupoice.com,false,
2024-07-04 14:00:00,Costa Rica,Costa Rica,CR,1.0,26.14,99.75,99.75,grupoice.com,false,
2024-07-04 15:00:00,Costa Rica,Costa Rica,CR,2.09,28.13,99.48,99.48,grupoice.com,false,
2024-07-04 16:00:00,Costa Rica,Costa Rica,CR,2.26,28.44,99.44,99.44,grupoice.com,false,
2024-07-04 17:00:00,Costa Rica,Costa Rica,CR,5.73,34.02,98.59,98.59,grupoice.com,false,
2024-07-04 18:00:00,Costa Rica,Costa Rica,CR,36.54,81.93,91.0,91.0,grupoice.com,false,
2024-07-04 19:00:00,Costa Rica,Costa Rica,CR,39.25,86.46,90.33,90.33,grupoice.com,false,
2024-07-04 20:00:00,Costa Rica,Costa Rica,CR,37.6,84.39,90.73,90.73,grupoice.com,false,
2024-07-04 21:00:00,Costa Rica,Costa Rica,CR,38.02,84.9,90.63,90.63,grupoice.com,false,
2024-07-04 22:00:00,Costa Rica,Costa Rica,CR,48.47,101.14,88.06,88.06,grupoice.com,false,
2024-07-04 23:00:00,Costa Rica,Costa Rica,CR,36.41,83.08,91.03,91.03,grupoice.com,false,
2024-07-05 00:00:00,Costa Rica,Costa Rica,CR,40.65,88.53,89.99,89.99,grupoice.com,false,
2024-07-05 01:00:00,Costa Rica,Costa Rica,CR,41.67,89.73,89.73,89.73,grupoice.com,false,
2024-07-05 02:00:00,Costa Rica,Costa Rica,CR,44.46,94.33,89.04,89.04,grupoice.com,false,
2024-07-05 03:00:00,Costa Rica,Costa Rica,CR,48.37,100.54,88.08,88.08,grupoice.com,false,
2024-07-05 04:00:00,Costa Rica,Costa Rica,CR,34.83,79.74,91.42,91.42,grupoice.com,false,
2024-07-05 05:00:00,Costa Rica,Costa Rica,CR,24.44,63.85,93.98,93.98,grupoice.com,false,
2024-07-05 06:00:00,Costa Rica,Costa Rica,CR,9.78,41.62,97.59,97.59,grupoice.com,false,
2024-07-05 07:00:00,Costa Rica,Costa Rica,CR,0.28,26.75,99.92,99.92,grupoice.com,false,
2024-07-05 08:00:00,Costa Rica,Costa Rica,CR,0.32,26.87,99.91,99.91,grupoice.com,false,
2024-07-05 09:00:00,Costa Rica,Costa Rica,CR,0.44,26.95,99.88,99.88,grupoice.com,false,
2024-07-05 10:00:00,Costa Rica,Costa Rica,CR,0.14,26.54,99.96,99.96,grupoice.com,false,
2024-07-05 11:00:00,Costa Rica,Costa Rica,CR,4.68,33.42,98.85,98.85,grupoice.com,false,
2024-07-05 12:00:00,Costa Rica,Costa Rica,CR,11.24,43.17,97.22,97.22,grupoice.com,false,
2024-07-05 13:00:00,Costa Rica,Costa Rica,CR,20.81,57.85,94.87,94.87,grupoice.com,false,
2024-07-05 14:00:00,Costa Rica,Costa Rica,CR,30.9,73.36,92.38,92.38,grupoice.com,false,
2024-07-05 15:00:00,Costa Rica,Costa Rica,CR,43.77,93.17,89.22,89.22,grupoice.com,false,
2024-07-05 16:00:00,Costa Rica,Costa Rica,CR,45.21,95.35,88.86,88.86,grupoice.com,false,
2024-07-05 17:00:00,Costa Rica,Costa Rica,CR,40.11,87.32,90.12,90.12,grupoice.com,false,
2024-07-05 18:00:00,Costa Rica,Costa Rica,CR,38.76,85.2,90.45,90.45,grupoice.com,false,
2024-07-05 19:00:00,Costa Rica,Costa Rica,CR,38.87,85.33,90.42,90.42,grupoice.com,false,
2024-07-05 20:00:00,Costa Rica,Costa Rica,CR,43.61,92.74,89.26,89.26,grupoice.com,false,
2024-07-05 21:00:00,Costa Rica,Costa Rica,CR,40.06,87.35,90.13,90.13,grupoice.com,false,
2024-07-05 22:00:00,Costa Rica,Costa Rica,CR,32.67,75.96,91.95,91.95,grupoice.com,false,
2024-07-05 23:00:00,Costa Rica,Costa Rica,CR,32.54,76.04,91.98,91.98,grupoice.com,false,
2024-07-06 00:00:00,Costa Rica,Costa Rica,CR,43.33,92.27,89.32,89.32,grupoice.com,false,
2024-07-06 01:00:00,Costa Rica,Costa Rica,CR,32.43,75.61,92.01,92.01,grupoice.com,false,
2024-07-06 02:00:00,Costa Rica,Costa Rica,CR,44.7,94.63,88.99,88.99,grupoice.com,false,
2024-07-06 03:00:00,Costa Rica,Costa Rica,CR,52.82,107.34,86.99,86.99,grupoice.com,false,
2024-07-06 04:00:00,Costa Rica,Costa Rica,CR,57.6,114.75,85.81,85.81,grupoice.com,false,
2024-07-06 05:00:00,Costa Rica,Costa Rica,CR,40.64,88.83,89.99,89.99,grupoice.com,false,
2024-07-06 06:00:00,Costa Rica,Costa Rica,CR,11.51,44.14,97.17,97.17,grupoice.com,false,
2024-07-06 07:00:00,Costa Rica,Costa Rica,CR,8.44,39.44,97.92,97.92,grupoice.com,false,
2024-07-06 08:00:00,Costa Rica,Costa Rica,CR,8.58,39.69,97.89,97.89,grupoice.com,false,
2024-07-06 09:00:00,Costa Rica,Costa Rica,CR,8.63,39.76,97.88,97.88,grupoice.com,false,
2024-07-06 10:00:00,Costa Rica,Costa Rica,CR,15.64,50.56,96.15,96.15,grupoice.com,false,
2024-07-06 11:00:00,Costa Rica,Costa Rica,CR,24.28,63.79,94.02,94.02,grupoice.com,false,
2024-07-06 12:00:00,Costa Rica,Costa Rica,CR,15.36,49.8,96.22,96.22,grupoice.com,false,
2024-07-06 13:00:00,Costa Rica,Costa Rica,CR,13.7,46.9,96.63,96.63,grupoice.com,false,
2024-07-06 14:00:00,Costa Rica,Costa Rica,CR,18.62,54.5,95.41,95.41,grupoice.com,false,
2024-07-06 15:00:00,Costa Rica,Costa Rica,CR,34.02,78.13,91.62,91.62,grupoice.com,false,
2024-07-06 16:00:00,Costa Rica,Costa Rica,CR,43.42,92.54,89.3,89.3,grupoice.com,false,
2024-07-06 17:00:00,Costa Rica,Costa Rica,CR,41.24,88.98,89.84,89.84,grupoice.com,false,
2024-07-06 18:00:00,Costa Rica,Costa Rica,CR,39.26,85.94,90.33,90.33,grupoice.com,false,
2024-07-06 19:00:00,Costa Rica,Costa Rica,CR,38.48,84.95,90.52,90.52,grupoice.com,false,
2024-07-06 20:00:00,Costa Rica,Costa Rica,CR,36.14,81.42,91.1,91.1,grupoice.com,false,
2024-07-06 21:00:00,Costa Rica,Costa Rica,CR,30.85,73.31,92.4,92.4,grupoice.com,false,
2024-07-06 22:00:00,Costa Rica,Costa Rica,CR,31.87,74.94,92.15,92.15,grupoice.com,false,
2024-07-06 23:00:00,Costa Rica,Costa Rica,CR,31.86,74.93,92.15,92.15,grupoice.com,false,
2024-07-07 00:00:00,Costa Rica,Costa Rica,CR,41.06,88.99,89.89,89.89,grupoice.com,false,
2024-07-07 01:00:00,Costa Rica,Costa Rica,CR,44.23,93.93,89.11,89.11,grupoice.com,false,
2024-07-07 02:00:00,Costa Rica,Costa Rica,CR,46.43,97.43,88.56,88.56,grupoice.com,false,
2024-07-07 03:00:00,Costa Rica,Costa Rica,CR,49.96,102.96,87.7,87.7,grupoice.com,false,
2024-07-07 04:00:00,Costa Rica,Costa Rica,CR,38.94,86.13,90.41,90.41,grupoice.com,false,
2024-07-07 05:00:00,Costa Rica,Costa Rica,CR,21.37,59.26,94.74,94.74,Electricity Maps Estimation,true,ESTIMATED_TIME_SLICER_AVERAGE
2024-07-07 06:00:00,Costa Rica,Costa Rica,CR,0.05,26.59,99.99,99.99,grupoice.com,false,
2024-07-07 07:00:00,Costa Rica,Costa Rica,CR,0.0,26.51,100.0,100.0,grupoice.com,false,
2024-07-07 08:00:00,Costa Rica,Costa Rica,CR,0.0,26.58,100.0,100.0,grupoice.com,false,
2024-07-07 09:00:00,Costa Rica,Costa Rica,CR,0.08,26.73,99.98,99.98,grupoice.com,false,
2024-07-07 10:00:00,Costa Rica,Costa Rica,CR,0.0,26.6,100.0,100.0,grupoice.com,false,
2024-07-07 11:00:00,Costa Rica,Costa Rica,CR,0.0,26.65,100.0,100.0,grupoice.com,false,
2024-07-07 12:00:00,Costa Rica,Costa Rica,CR,0.0,26.56,100.0,100.0,grupoice.com,false,
2024-07-07 13:00:00,Costa Rica,Costa Rica,CR,0.0,26.33,100.0,100.0,grupoice.com,false,
2024-07-07 14:00:00,Costa Rica,Costa Rica,CR,0.2,26.43,99.95,99.95,grupoice.com,false,
2024-07-07 15:00:00,Costa Rica,Costa Rica,CR,1.71,28.52,99.58,99.58,grupoice.com,false,
2024-07-07 16:00:00,Costa Rica,Costa Rica,CR,20.72,57.65,94.9,94.9,grupoice.com,false,
2024-07-07 17:00:00,Costa Rica,Costa Rica,CR,20.31,56.71,95.0,95.0,grupoice.com,false,
2024-07-07 18:00:00,Costa Rica,Costa Rica,CR,14.96,48.27,96.31,96.31,grupoice.com,false,
2024-07-07 19:00:00,Costa Rica,Costa Rica,CR,3.72,31.01,99.08,99.08,grupoice.com,false,
2024-07-07 20:00:00,Costa Rica,Costa Rica,CR,0.12,25.53,99.97,99.97,grupoice.com,false,
2024-07-07 21:00:00,Costa Rica,Costa Rica,CR,0.14,25.84,99.97,99.97,grupoice.com,false,
2024-07-07 22:00:00,Costa Rica,Costa Rica,CR,0.0,25.79,100.0,100.0,grupoice.com,false,
2024-07-07 23:00:00,Costa Rica,Costa Rica,CR,1.72,28.18,99.58,99.58,grupoice.com,false,
2024-07-08 00:00:00,Costa Rica,Costa Rica,CR,17.25,51.84,95.75,95.75,grupoice.com,false,
2024-07-08 01:00:00,Costa Rica,Costa Rica,CR,27.77,68.13,93.16,93.16,grupoice.com,false,
2024-07-08 02:00:00,Costa Rica,Costa Rica,CR,37.33,82.93,90.81,90.81,grupoice.com,false,
2024-07-08 03:00:00,Costa Rica,Costa Rica,CR,38.47,84.5,90.52,90.52,grupoice.com,false,
2024-07-08 04:00:00,Costa Rica,Costa Rica,CR,19.78,55.89,95.13,95.13,grupoice.com,false,
2024-07-08 05:00:00,Costa Rica,Costa Rica,CR,15.45,49.66,96.19,96.19,Electricity Maps Estimation,true,ESTIMATED_TIME_SLICER_AVERAGE
2024-07-08 06:00:00,Costa Rica,Costa Rica,CR,9.54,40.85,97.65,97.65,grupoice.com,false,
2024-07-08 07:00:00,Costa Rica,Costa Rica,CR,12.12,44.93,97.01,97.01,grupoice.com,false,
2024-07-08 08:00:00,Costa Rica,Costa Rica,CR,12.33,45.21,96.96,96.96,grupoice.com,false,
2024-07-08 09:00:00,Costa Rica,Costa Rica,CR,12.29,45.03,96.97,96.97,grupoice.com,false,
2024-07-08 10:00:00,Costa Rica,Costa Rica,CR,11.57,43.67,97.15,97.15,grupoice.com,false,
2024-07-08 11:00:00,Costa Rica,Costa Rica,CR,19.22,55.2,95.27,95.27,grupoice.com,false,
2024-07-08 12:00:00,Costa Rica,Costa Rica,CR,24.73,63.23,93.91,93.91,grupoice.com,false,
2024-07-08 13:00:00,Costa Rica,Costa Rica,CR,35.9,80.37,91.16,91.16,grupoice.com,false,
2024-07-08 14:00:00,Costa Rica,Costa Rica,CR,42.5,90.74,89.52,89.52,grupoice.com,false,
2024-07-08 15:00:00,Costa Rica,Costa Rica,CR,42.69,90.67,89.46,89.46,grupoice.com,false,
2024-07-08 16:00:00,Costa Rica,Costa Rica,CR,41.47,88.79,89.75,89.75,grupoice.com,false,
2024-07-08 17:00:00,Costa Rica,Costa Rica,CR,40.78,87.42,89.9,89.9,grupoice.com,false,
2024-07-08 18:00:00,Costa Rica,Costa Rica,CR,40.09,86.46,90.07,90.07,grupoice.com,false,
2024-07-08 19:00:00,Costa Rica,Costa Rica,CR,40.73,87.39,89.91,89.91,grupoice.com,false,
2024-07-08 20:00:00,Costa Rica,Costa Rica,CR,45.7,94.76,88.66,88.66,grupoice.com,false,
2024-07-08 21:00:00,Costa Rica,Costa Rica,CR,46.75,96.03,88.38,88.38,grupoice.com,false,
2024-07-08 22:00:00,Costa Rica,Costa Rica,CR,47.17,96.18,88.25,88.25,grupoice.com,false,
2024-07-08 23:00:00,Costa Rica,Costa Rica,CR,47.4,96.63,88.19,88.19,grupoice.com,false,
2024-07-09 00:00:00,Costa Rica,Costa Rica,CR,44.95,92.8,88.81,88.81,grupoice.com,false,
2024-07-09 01:00:00,Costa Rica,Costa Rica,CR,53.93,106.56,86.6,86.6,grupoice.com,false,
2024-07-09 02:00:00,Costa Rica,Costa Rica,CR,51.38,102.15,87.22,87.22,grupoice.com,false,
2024-07-09 03:00:00,Costa Rica,Costa Rica,CR,46.17,94.27,88.52,88.52,grupoice.com,false,
2024-07-09 04:00:00,Costa Rica,Costa Rica,CR,29.71,69.74,92.64,92.64,grupoice.com,false,
2024-07-09 05:00:00,Costa Rica,Costa Rica,CR,2.53,23.51,99.32,99.32,grupoice.com,false,
2024-07-09 06:00:00,Costa Rica,Costa Rica,CR,2.62,27.27,99.29,99.29,grupoice.com,false,
2024-07-09 07:00:00,Costa Rica,Costa Rica,CR,2.31,27.57,99.38,99.38,grupoice.com,false,
2024-07-09 08:00:00,Costa Rica,Costa Rica,CR,1.59,27.21,99.57,99.57,grupoice.com,false,
2024-07-09 09:00:00,Costa Rica,Costa Rica,CR,2.3,28.35,99.4,99.4,grupoice.com,false,
2024-07-09 10:00:00,Costa Rica,Costa Rica,CR,31.17,72.79,92.28,92.28,grupoice.com,false,
2024-07-09 11:00:00,Costa Rica,Costa Rica,CR,35.55,79.39,91.2,91.2,grupoice.com,false,
2024-07-09 12:00:00,Costa Rica,Costa Rica,CR,36.25,80.42,91.02,91.02,grupoice.com,false,
2024-07-09 13:00:00,Costa Rica,Costa Rica,CR,45.33,94.48,88.77,88.77,grupoice.com,false,
2024-07-09 14:00:00,Costa Rica,Costa Rica,CR,43.91,92.33,89.13,89.13,grupoice.com,false,
2024-07-09 15:00:00,Costa Rica,Costa Rica,CR,42.68,90.37,89.44,89.44,grupoice.com,false,
2024-07-09 16:00:00,Costa Rica,Costa Rica,CR,42.13,89.89,89.58,89.58,grupoice.com,false,
2024-07-09 17:00:00,Costa Rica,Costa Rica,CR,42.97,91.08,89.35,89.35,grupoice.com,false,
2024-07-09 18:00:00,Costa Rica,Costa Rica,CR,43.25,91.46,89.27,89.27,grupoice.com,false,
2024-07-09 19:00:00,Costa Rica,Costa Rica,CR,43.45,91.75,89.23,89.23,grupoice.com,false,
2024-07-09 20:00:00,Costa Rica,Costa Rica,CR,49.35,100.41,87.78,87.78,grupoice.com,false,
2024-07-09 21:00:00,Costa Rica,Costa Rica,CR,48.61,98.89,87.96,87.96,grupoice.com,false,
2024-07-09 22:00:00,Costa Rica,Costa Rica,CR,39.06,83.81,90.31,90.31,grupoice.com,false,
2024-07-09 23:00:00,Costa Rica,Costa Rica,CR,26.48,64.27,93.41,93.41,grupoice.com,false,
2024-07-10 00:00:00,Costa Rica,Costa Rica,CR,18.61,51.9,95.33,95.33,grupoice.com,false,
2024-07-10 01:00:00,Costa Rica,Costa Rica,CR,22.4,57.76,94.39,94.39,grupoice.com,false,
2024-07-10 02:00:00,Costa Rica,Costa Rica,CR,21.34,55.83,94.65,94.65,grupoice.com,false,
2024-07-10 03:00:00,Costa Rica,Costa Rica,CR,5.55,31.27,98.53,98.53,grupoice.com,false,
2024-07-10 04:00:00,Costa Rica,Costa Rica,CR,1.78,26.54,99.52,99.52,grupoice.com,false,
2024-07-10 05:00:00,Costa Rica,Costa Rica,CR,1.49,26.6,99.6,99.6,grupoice.com,false,
2024-07-10 06:00:00,Costa Rica,Costa Rica,CR,1.7,27.07,99.54,99.54,grupoice.com,false,
2024-07-10 07:00:00,Costa Rica,Costa Rica,CR,1.73,27.2,99.53,99.53,grupoice.com,false,
2024-07-10 08:00:00,Costa Rica,Costa Rica,CR,1.83,27.17,99.5,99.5,grupoice.com,false,
2024-07-10 09:00:00,Costa Rica,Costa Rica,CR,1.81,27.22,99.51,99.51,grupoice.com,false,
2024-07-10 10:00:00,Costa Rica,Costa Rica,CR,12.32,43.31,96.93,96.93,grupoice.com,false,
2024-07-10 11:00:00,Costa Rica,Costa Rica,CR,21.81,57.63,94.59,94.59,grupoice.com,false,
2024-07-10 12:00:00,Costa Rica,Costa Rica,CR,21.08,56.44,94.75,94.75,grupoice.com,false,
2024-07-10 13:00:00,Costa Rica,Costa Rica,CR,34.18,76.99,91.53,91.53,grupoice.com,false,
2024-07-10 14:00:00,Costa Rica,Costa Rica,CR,43.51,91.42,89.22,89.22,grupoice.com,false,
2024-07-10 15:00:00,Costa Rica,Costa Rica,CR,42.78,90.39,89.41,89.41,grupoice.com,false,
2024-07-10 16:00:00,Costa Rica,Costa Rica,CR,42.63,90.29,89.46,89.46,grupoice.com,false,
2024-07-10 17:00:00,Costa Rica,Costa Rica,CR,33.57,76.46,91.69,91.69,grupoice.com,false,
2024-07-10 18:00:00,Costa Rica,Costa Rica,CR,28.72,68.63,92.88,92.88,grupoice.com,false,
2024-07-10 19:00:00,Costa Rica,Costa Rica,CR,22.03,57.72,94.49,94.49,grupoice.com,false,
2024-07-10 20:00:00,Costa Rica,Costa Rica,CR,12.97,43.21,96.71,96.71,grupoice.com,false,
2024-07-10 21:00:00,Costa Rica,Costa Rica,CR,6.26,32.54,98.35,98.35,grupoice.com,false,
2024-07-10 22:00:00,Costa Rica,Costa Rica,CR,6.29,32.04,98.32,98.32,grupoice.com,false,
2024-07-10 23:00:00,Costa Rica,Costa Rica,CR,6.54,32.81,98.26,98.26,grupoice.com,false,
2024-07-11 00:00:00,Costa Rica,Costa Rica,CR,9.0,37.11,97.66,97.66,grupoice.com,false,
2024-07-11 01:00:00,Costa Rica,Costa Rica,CR,19.95,53.74,94.96,94.96,grupoice.com,false,
2024-07-11 02:00:00,Costa Rica,Costa Rica,CR,7.51,33.83,98.02,98.02,grupoice.com,false,
2024-07-11 03:00:00,Costa Rica,Costa Rica,CR,6.65,32.67,98.22,98.22,grupoice.com,false,
2024-07-11 04:00:00,Costa Rica,Costa Rica,CR,6.22,32.56,98.32,98.32,grupoice.com,false,
2024-07-11 05:00:00,Costa Rica,Costa Rica,CR,6.06,32.84,98.36,98.36,grupoice.com,false,
2024-07-11 06:00:00,Costa Rica,Costa Rica,CR,3.47,30.0,99.06,99.06,grupoice.com,false,
2024-07-11 07:00:00,Costa Rica,Costa Rica,CR,1.86,28.03,99.5,99.5,grupoice.com,false,
2024-07-11 08:00:00,Costa Rica,Costa Rica,CR,1.42,27.5,99.62,99.62,grupoice.com,false,
2024-07-11 09:00:00,Costa Rica,Costa Rica,CR,1.38,27.45,99.63,99.63,grupoice.com,false,
2024-07-11 10:00:00,Costa Rica,Costa Rica,CR,1.39,27.44,99.63,99.63,grupoice.com,false,
2024-07-11 11:00:00,Costa Rica,Costa Rica,CR,2.39,28.78,99.36,99.36,grupoice.com,false,
2024-07-11 12:00:00,Costa Rica,Costa Rica,CR,21.44,57.81,94.67,94.67,grupoice.com,false,
2024-07-11 13:00:00,Costa Rica,Costa Rica,CR,27.69,66.88,93.14,93.14,grupoice.com,false,
2024-07-11 14:00:00,Costa Rica,Costa Rica,CR,20.62,55.52,94.88,94.88,grupoice.com,false,
2024-07-11 15:00:00,Costa Rica,Costa Rica,CR,14.82,46.8,96.31,96.31,grupoice.com,false,
2024-07-11 16:00:00,Costa Rica,Costa Rica,CR,9.92,39.22,97.52,97.52,grupoice.com,false,
2024-07-11 17:00:00,Costa Rica,Costa Rica,CR,2.7,28.03,99.3,99.3,grupoice.com,false,
2024-07-11 18:00:00,Costa Rica,Costa Rica,CR,2.32,27.27,99.4,99.4,grupoice.com,false,
2024-07-11 19:00:00,Costa Rica,Costa Rica,CR,2.4,27.04,99.38,99.38,grupoice.com,false,
2024-07-11 20:00:00,Costa Rica,Costa Rica,CR,4.02,28.97,98.95,98.95,grupoice.com,false,
2024-07-11 21:00:00,Costa Rica,Costa Rica,CR,3.66,28.19,99.03,99.03,grupoice.com,false,
2024-07-11 22:00:00,Costa Rica,Costa Rica,CR,2.97,26.99,99.2,99.2,grupoice.com,false,
2024-07-11 23:00:00,Costa Rica,Costa Rica,CR,3.07,27.1,99.17,99.17,grupoice.com,false,
2024-07-12 00:00:00,Costa Rica,Costa Rica,CR,3.2,27.32,99.14,99.14,grupoice.com,false,
2024-07-12 01:00:00,Costa Rica,Costa Rica,CR,3.5,27.7,99.05,99.05,grupoice.com,false,
2024-07-12 02:00:00,Costa Rica,Costa Rica,CR,3.69,28.14,99.0,99.0,grupoice.com,false,
2024-07-12 03:00:00,Costa Rica,Costa Rica,CR,2.47,27.0,99.33,99.33,grupoice.com,false,
2024-07-12 04:00:00,Costa Rica,Costa Rica,CR,1.22,26.27,99.67,99.67,grupoice.com,false,
2024-07-12 05:00:00,Costa Rica,Costa Rica,CR,2.11,24.08,99.43,99.43,grupoice.com,false,
2024-07-12 06:00:00,Costa Rica,Costa Rica,CR,0.0,24.88,100.0,100.0,grupoice.com,false,
2024-07-12 07:00:00,Costa Rica,Costa Rica,CR,0.0,24.71,100.0,100.0,grupoice.com,false,
2024-07-12 08:00:00,Costa Rica,Costa Rica,CR,0.0,24.57,100.0,100.0,grupoice.com,false,
2024-07-12 09:00:00,Costa Rica,Costa Rica,CR,0.0,24.09,100.0,100.0,grupoice.com,false,
2024-07-12 10:00:00,Costa Rica,Costa Rica,CR,0.0,24.33,100.0,100.0,grupoice.com,false,
2024-07-12 11:00:00,Costa Rica,Costa Rica,CR,0.0,24.34,100.0,100.0,grupoice.com,false,
2024-07-12 12:00:00,Costa Rica,Costa Rica,CR,0.2,24.29,99.95,99.95,grupoice.com,false,
2024-07-12 13:00:00,Costa Rica,Costa Rica,CR,0.88,25.05,99.78,99.78,grupoice.com,false,
2024-07-12 14:00:00,Costa Rica,Costa Rica,CR,1.33,25.85,99.67,99.67,grupoice.com,false,
2024-07-12 15:00:00,Costa Rica,Costa Rica,CR,1.61,26.3,99.6,99.6,grupoice.com,false,
2024-07-12 16:00:00,Costa Rica,Costa Rica,CR,2.98,28.38,99.25,99.25,grupoice.com,false,
2024-07-12 17:00:00,Costa Rica,Costa Rica,CR,3.27,28.78,99.16,99.16,grupoice.com,false,
2024-07-12 18:00:00,Costa Rica,Costa Rica,CR,4.08,29.85,98.96,98.96,grupoice.com,false,
2024-07-12 19:00:00,Costa Rica,Costa Rica,CR,4.11,29.98,98.96,98.96,grupoice.com,false,
2024-07-12 20:00:00,Costa Rica,Costa Rica,CR,4.31,30.37,98.91,98.91,grupoice.com,false,
2024-07-12 21:00:00,Costa Rica,Costa Rica,CR,4.3,30.27,98.91,98.91,grupoice.com,false,
2024-07-12 22:00:00,Costa Rica,Costa Rica,CR,4.24,29.71,98.89,98.89,grupoice.com,false,
2024-07-12 23:00:00,Costa Rica,Costa Rica,CR,3.33,28.16,99.12,99.12,grupoice.com,false,
2024-07-13 00:00:00,Costa Rica,Costa Rica,CR,3.37,27.9,99.1,99.1,grupoice.com,false,
2024-07-13 01:00:00,Costa Rica,Costa Rica,CR,3.31,27.65,99.11,99.11,grupoice.com,false,
2024-07-13 02:00:00,Costa Rica,Costa Rica,CR,3.57,27.94,99.03,99.03,grupoice.com,false,
2024-07-13 03:00:00,Costa Rica,Costa Rica,CR,3.84,28.2,98.96,98.96,grupoice.com,false,
2024-07-13 04:00:00,Costa Rica,Costa Rica,CR,4.02,28.39,98.91,98.91,grupoice.com,false,
2024-07-13 05:00:00,Costa Rica,Costa Rica,CR,9.48,30.61,97.44,97.44,grupoice.com,false,
2024-07-13 06:00:00,Costa Rica,Costa Rica,CR,4.04,28.84,98.91,98.91,grupoice.com,false,
2024-07-13 07:00:00,Costa Rica,Costa Rica,CR,4.1,28.76,98.89,98.89,grupoice.com,false,
2024-07-13 08:00:00,Costa Rica,Costa Rica,CR,3.59,28.25,99.03,99.03,grupoice.com,false,
2024-07-13 09:00:00,Costa Rica,Costa Rica,CR,2.24,26.63,99.39,99.39,grupoice.com,false,
2024-07-13 10:00:00,Costa Rica,Costa Rica,CR,2.25,26.83,99.39,99.39,grupoice.com,false,
2024-07-13 11:00:00,Costa Rica,Costa Rica,CR,3.59,28.69,99.03,99.03,grupoice.com,false,
2024-07-13 12:00:00,Costa Rica,Costa Rica,CR,2.42,27.31,99.34,99.34,grupoice.com,false,
2024-07-13 13:00:00,Costa Rica,Costa Rica,CR,2.0,26.8,99.46,99.46,grupoice.com,false,
2024-07-13 14:00:00,Costa Rica,Costa Rica,CR,1.93,26.76,99.48,99.48,grupoice.com,false,
2024-07-13 15:00:00,Costa Rica,Costa Rica,CR,2.67,27.8,99.28,99.28,grupoice.com,false,
2024-07-13 16:00:00,Costa Rica,Costa Rica,CR,4.57,30.04,98.77,98.77,grupoice.com,false,
2024-07-13 17:00:00,Costa Rica,Costa Rica,CR,0.0,23.82,100.0,100.0,grupoice.com,false,
2024-07-13 18:00:00,Costa Rica,Costa Rica,CR,0.0,23.96,100.0,100.0,grupoice.com,false,
2024-07-13 19:00:00,Costa Rica,Costa Rica,CR,0.0,24.07,100.0,100.0,grupoice.com,false,
2024-07-13 20:00:00,Costa Rica,Costa Rica,CR,0.0,24.35,100.0,100.0,grupoice.com,false,
2024-07-13 21:00:00,Costa Rica,Costa Rica,CR,0.0,24.02,100.0,100.0,grupoice.com,false,
2024-07-13 22:00:00,Costa Rica,Costa Rica,CR,0.0,24.13,100.0,100.0,grupoice.com,false,
2024-07-13 23:00:00,Costa Rica,Costa Rica,CR,0.0,23.85,100.0,100.0,grupoice.com,false,
2024-07-14 00:00:00,Costa Rica,Costa Rica,CR,0.0,23.17,100.0,100.0,grupoice.com,false,
2024-07-14 01:00:00,Costa Rica,Costa Rica,CR,0.0,23.41,100.0,100.0,grupoice.com,false,
2024-07-14 02:00:00,Costa Rica,Costa Rica,CR,0.0,23.5,100.0,100.0,grupoice.com,false,
2024-07-14 03:00:00,Costa Rica,Costa Rica,CR,0.0,23.45,100.0,100.0,grupoice.com,false,
2024-07-14 04:00:00,Costa Rica,Costa Rica,CR,0.0,23.32,100.0,100.0,grupoice.com,false,
2024-07-14 05:00:00,Costa Rica,Costa Rica,CR,0.0,23.43,100.0,100.0,grupoice.com,false,
2024-07-14 06:00:00,Costa Rica,Costa Rica,CR,0.0,23.69,100.0,100.0,grupoice.com,false,
2024-07-14 07:00:00,Costa Rica,Costa Rica,CR,0.0,23.99,100.0,100.0,grupoice.com,false,
2024-07-14 08:00:00,Costa Rica,Costa Rica,CR,0.0,23.53,100.0,100.0,grupoice.com,false,
2024-07-14 09:00:00,Costa Rica,Costa Rica,CR,0.0,23.82,100.0,100.0,grupoice.com,false,
2024-07-14 10:00:00,Costa Rica,Costa Rica,CR,0.0,23.97,100.0,100.0,grupoice.com,false,
2024-07-14 11:00:00,Costa Rica,Costa Rica,CR,0.0,23.89,100.0,100.0,grupoice.com,false,
2024-07-14 12:00:00,Costa Rica,Costa Rica,CR,0.0,23.7,100.0,100.0,grupoice.com,false,
2024-07-14 13:00:00,Costa Rica,Costa Rica,CR,0.0,23.43,100.0,100.0,grupoice.com,false,
2024-07-14 14:00:00,Costa Rica,Costa Rica,CR,0.0,23.69,100.0,100.0,grupoice.com,false,
2024-07-14 15:00:00,Costa Rica,Costa Rica,CR,0.0,23.56,100.0,100.0,grupoice.com,false,
2024-07-14 16:00:00,Costa Rica,Costa Rica,CR,0.0,23.64,100.0,100.0,grupoice.com,false,
2024-07-14 17:00:00,Costa Rica,Costa Rica,CR,0.0,23.77,100.0,100.0,grupoice.com,false,
2024-07-14 18:00:00,Costa Rica,Costa Rica,CR,0.0,23.65,100.0,100.0,grupoice.com,false,
2024-07-14 19:00:00,Costa Rica,Costa Rica,CR,0.0,23.5,100.0,100.0,grupoice.com,false,
2024-07-14 20:00:00,Costa Rica,Costa Rica,CR,0.0,23.57,100.0,100.0,grupoice.com,false,
2024-07-14 21:00:00,Costa Rica,Costa Rica,CR,0.0,23.43,100.0,100.0,grupoice.com,false,
2024-07-14 22:00:00,Costa Rica,Costa Rica,CR,0.0,23.32,100.0,100.0,grupoice.com,false,
2024-07-14 23:00:00,Costa Rica,Costa Rica,CR,0.0,23.28,100.0,100.0,grupoice.com,false,
2024-07-15 00:00:00,Costa Rica,Costa Rica,CR,0.0,23.31,100.0,100.0,grupoice.com,false,
2024-07-15 01:00:00,Costa Rica,Costa Rica,CR,0.0,23.39,100.0,100.0,grupoice.com,false,
2024-07-15 02:00:00,Costa Rica,Costa Rica,CR,0.0,23.27,100.0,100.0,grupoice.com,false,
2024-07-15 03:00:00,Costa Rica,Costa Rica,CR,0.0,23.18,100.0,100.0,grupoice.com,false,
2024-07-15 04:00:00,Costa Rica,Costa Rica,CR,0.0,23.12,100.0,100.0,grupoice.com,false,
2024-07-15 05:00:00,Costa Rica,Costa Rica,CR,0.0,17.72,100.0,100.0,grupoice.com,false,
2024-07-15 06:00:00,Costa Rica,Costa Rica,CR,0.0,23.07,100.0,100.0,grupoice.com,false,
2024-07-15 07:00:00,Costa Rica,Costa Rica,CR,0.0,23.07,100.0,100.0,grupoice.com,false,
2024-07-15 08:00:00,Costa Rica,Costa Rica,CR,0.0,23.26,100.0,100.0,grupoice.com,false,
2024-07-15 09:00:00,Costa Rica,Costa Rica,CR,0.0,23.44,100.0,100.0,grupoice.com,false,
2024-07-15 10:00:00,Costa Rica,Costa Rica,CR,0.0,23.62,100.0,100.0,grupoice.com,false,
2024-07-15 11:00:00,Costa Rica,Costa Rica,CR,0.0,23.7,100.0,100.0,grupoice.com,false,
2024-07-15 12:00:00,Costa Rica,Costa Rica,CR,0.0,23.89,100.0,100.0,grupoice.com,false,
2024-07-15 13:00:00,Costa Rica,Costa Rica,CR,0.0,23.86,100.0,100.0,grupoice.com,false,
2024-07-15 14:00:00,Costa Rica,Costa Rica,CR,0.0,23.92,100.0,100.0,grupoice.com,false,
2024-07-15 15:00:00,Costa Rica,Costa Rica,CR,0.0,23.98,100.0,100.0,grupoice.com,false,
2024-07-15 16:00:00,Costa Rica,Costa Rica,CR,0.56,25.07,99.86,99.86,grupoice.com,false,
2024-07-15 17:00:00,Costa Rica,Costa Rica,CR,13.37,44.9,96.71,96.71,grupoice.com,false,
2024-07-15 18:00:00,Costa Rica,Costa Rica,CR,19.12,53.51,95.29,95.29,grupoice.com,false,
2024-07-15 19:00:00,Costa Rica,Costa Rica,CR,15.91,48.4,96.08,96.08,grupoice.com,false,
2024-07-15 20:00:00,Costa Rica,Costa Rica,CR,0.0,23.73,100.0,100.0,grupoice.com,false,
2024-07-15 21:00:00,Costa Rica,Costa Rica,CR,0.0,23.78,100.0,100.0,grupoice.com,false,
2024-07-15 22:00:00,Costa Rica,Costa Rica,CR,0.0,23.7,100.0,100.0,grupoice.com,false,
2024-07-15 23:00:00,Costa Rica,Costa Rica,CR,0.0,23.55,100.0,100.0,grupoice.com,false,
2024-07-16 00:00:00,Costa Rica,Costa Rica,CR,0.0,23.63,100.0,100.0,grupoice.com,false,
2024-07-16 01:00:00,Costa Rica,Costa Rica,CR,0.0,23.58,100.0,100.0,grupoice.com,false,
2024-07-16 02:00:00,Costa Rica,Costa Rica,CR,0.0,23.44,100.0,100.0,grupoice.com,false,
2024-07-16 03:00:00,Costa Rica,Costa Rica,CR,0.0,23.62,100.0,100.0,grupoice.com,false,
2024-07-16 04:00:00,Costa Rica,Costa Rica,CR,0.0,23.66,100.0,100.0,grupoice.com,false,
2024-07-16 05:00:00,Costa Rica,Costa Rica,CR,0.0,23.9,100.0,100.0,Electricity Maps Estimation,true,ESTIMATED_TIME_SLICER_AVERAGE
2024-07-16 06:00:00,Costa Rica,Costa Rica,CR,0.0,24.19,100.0,100.0,grupoice.com,false,
2024-07-16 07:00:00,Costa Rica,Costa Rica,CR,0.0,24.3,100.0,100.0,grupoice.com,false,
2024-07-16 08:00:00,Costa Rica,Costa Rica,CR,0.0,24.54,100.0,100.0,grupoice.com,false,
2024-07-16 09:00:00,Costa Rica,Costa Rica,CR,0.0,24.45,100.0,100.0,grupoice.com,false,
2024-07-16 10:00:00,Costa Rica,Costa Rica,CR,0.0,23.96,100.0,100.0,grupoice.com,false,
2024-07-16 11:00:00,Costa Rica,Costa Rica,CR,0.0,23.57,100.0,100.0,grupoice.com,false,
2024-07-16 12:00:00,Costa Rica,Costa Rica,CR,0.0,23.48,100.0,100.0,grupoice.com,false,
2024-07-16 13:00:00,Costa Rica,Costa Rica,CR,0.0,23.65,100.0,100.0,grupoice.com,false,
2024-07-16 14:00:00,Costa Rica,Costa Rica,CR,0.0,23.83,100.0,100.0,grupoice.com,false,
2024-07-16 15:00:00,Costa Rica,Costa Rica,CR,0.0,23.83,100.0,100.0,grupoice.com,false,
2024-07-16 16:00:00,Costa Rica,Costa Rica,CR,0.0,23.77,100.0,100.0,grupoice.com,false,
2024-07-16 17:00:00,Costa Rica,Costa Rica,CR,0.0,23.8,100.0,100.0,grupoice.com,false,
2024-07-16 18:00:00,Costa Rica,Costa Rica,CR,0.0,23.58,100.0,100.0,grupoice.com,false,
2024-07-16 19:00:00,Costa Rica,Costa Rica,CR,0.0,23.43,100.0,100.0,grupoice.com,false,
2024-07-16 20:00:00,Costa Rica,Costa Rica,CR,0.0,23.37,100.0,100.0,grupoice.com,false,
2024-07-16 21:00:00,Costa Rica,Costa Rica,CR,0.0,23.37,100.0,100.0,grupoice.com,false,
2024-07-16 22:00:00,Costa Rica,Costa Rica,CR,0.0,23.35,100.0,100.0,grupoice.com,false,
2024-07-16 23:00:00,Costa Rica,Costa Rica,CR,0.0,23.27,100.0,100.0,grupoice.com,false,
2024-07-17 00:00:00,Costa Rica,Costa Rica,CR,0.0,23.36,100.0,100.0,grupoice.com,false,
2024-07-17 01:00:00,Costa Rica,Costa Rica,CR,0.0,23.56,100.0,100.0,grupoice.com,false,
2024-07-17 02:00:00,Costa Rica,Costa Rica,CR,0.0,23.64,100.0,100.0,grupoice.com,false,
2024-07-17 03:00:00,Costa Rica,Costa Rica,CR,0.0,23.55,100.0,100.0,grupoice.com,false,
2024-07-17 04:00:00,Costa Rica,Costa Rica,CR,0.0,23.61,100.0,100.0,grupoice.com,false,
2024-07-17 05:00:00,Costa Rica,Costa Rica,CR,0.0,23.71,100.0,100.0,grupoice.com,false,
2024-07-17 06:00:00,Costa Rica,Costa Rica,CR,0.0,23.89,100.0,100.0,grupoice.com,false,
2024-07-17 07:00:00,Costa Rica,Costa Rica,CR,0.0,23.53,100.0,100.0,grupoice.com,false,
2024-07-17 08:00:00,Costa Rica,Costa Rica,CR,0.0,23.32,100.0,100.0,grupoice.com,false,
2024-07-17 09:00:00,Costa Rica,Costa Rica,CR,0.0,23.18,100.0,100.0,grupoice.com,false,
2024-07-17 10:00:00,Costa Rica,Costa Rica,CR,0.0,23.13,100.0,100.0,grupoice.com,false,
2024-07-17 11:00:00,Costa Rica,Costa Rica,CR,0.0,23.13,100.0,100.0,grupoice.com,false,
2024-07-17 12:00:00,Costa Rica,Costa Rica,CR,0.0,23.17,100.0,100.0,grupoice.com,false,
2024-07-17 13:00:00,Costa Rica,Costa Rica,CR,0.0,23.23,100.0,100.0,grupoice.com,false,
2024-07-17 14:00:00,Costa Rica,Costa Rica,CR,0.0,23.42,100.0,100.0,grupoice.com,false,
2024-07-17 15:00:00,Costa Rica,Costa Rica,CR,0.0,23.57,100.0,100.0,grupoice.com,false,
2024-07-17 16:00:00,Costa Rica,Costa Rica,CR,0.0,23.54,100.0,100.0,grupoice.com,false,
2024-07-17 17:00:00,Costa Rica,Costa Rica,CR,0.0,23.62,100.0,100.0,grupoice.com,false,
2024-07-17 18:00:00,Costa Rica,Costa Rica,CR,0.0,23.72,100.0,100.0,grupoice.com,false,
2024-07-17 19:00:00,Costa Rica,Costa Rica,CR,0.0,23.77,100.0,100.0,grupoice.com,false,
2024-07-17 20:00:00,Costa Rica,Costa Rica,CR,0.0,24.04,100.0,100.0,grupoice.com,false,
2024-07-17 21:00:00,Costa Rica,Costa Rica,CR,12.35,43.55,96.96,96.96,grupoice.com,false,
2024-07-17 22:00:00,Costa Rica,Costa Rica,CR,14.84,47.19,96.34,96.34,grupoice.com,false,
2024-07-17 23:00:00,Costa Rica,Costa Rica,CR,8.7,37.81,97.86,97.86,grupoice.com,false,
2024-07-18 00:00:00,Costa Rica,Costa Rica,CR,0.0,24.35,100.0,100.0,grupoice.com,false,
2024-07-18 01:00:00,Costa Rica,Costa Rica,CR,0.0,24.44,100.0,100.0,grupoice.com,false,
2024-07-18 02:00:00,Costa Rica,Costa Rica,CR,13.22,45.08,96.74,96.74,grupoice.com,false,
2024-07-18 03:00:00,Costa Rica,Costa Rica,CR,22.5,59.46,94.46,94.46,grupoice.com,false,
2024-07-18 04:00:00,Costa Rica,Costa Rica,CR,25.0,62.9,93.84,93.84,grupoice.com,false,
2024-07-18 05:00:00,Costa Rica,Costa Rica,CR,13.63,43.27,96.64,96.64,grupoice.com,false,
2024-07-18 06:00:00,Costa Rica,Costa Rica,CR,0.0,23.85,100.0,100.0,grupoice.com,false,
2024-07-18 07:00:00,Costa Rica,Costa Rica,CR,0.0,24.95,100.0,100.0,grupoice.com,false,
2024-07-18 08:00:00,Costa Rica,Costa Rica,CR,0.0,25.64,100.0,100.0,grupoice.com,false,
2024-07-18 09:00:00,Costa Rica,Costa Rica,CR,0.0,25.48,100.0,100.0,grupoice.com,false,
2024-07-18 10:00:00,Costa Rica,Costa Rica,CR,0.0,24.97,100.0,100.0,grupoice.com,false,
2024-07-18 11:00:00,Costa Rica,Costa Rica,CR,0.0,24.2,100.0,100.0,grupoice.com,false,
2024-07-18 12:00:00,Costa Rica,Costa Rica,CR,0.0,24.09,100.0,100.0,grupoice.com,false,
2024-07-18 13:00:00,Costa Rica,Costa Rica,CR,7.58,36.4,98.13,98.13,grupoice.com,false,
2024-07-18 14:00:00,Costa Rica,Costa Rica,CR,13.91,46.29,96.57,96.57,grupoice.com,false,
2024-07-18 15:00:00,Costa Rica,Costa Rica,CR,16.26,50.02,96.0,96.0,grupoice.com,false,
2024-07-18 16:00:00,Costa Rica,Costa Rica,CR,21.39,57.98,94.73,94.73,grupoice.com,false,
2024-07-18 17:00:00,Costa Rica,Costa Rica,CR,20.24,56.09,95.02,95.02,grupoice.com,false,
2024-07-18 18:00:00,Costa Rica,Costa Rica,CR,27.04,66.68,93.34,93.34,grupoice.com,false,
2024-07-18 19:00:00,Costa Rica,Costa Rica,CR,32.67,75.48,91.95,91.95,grupoice.com,false,
2024-07-18 20:00:00,Costa Rica,Costa Rica,CR,34.18,77.62,91.58,91.58,grupoice.com,false,
2024-07-18 21:00:00,Costa Rica,Costa Rica,CR,38.84,84.67,90.43,90.43,grupoice.com,false,
2024-07-18 22:00:00,Costa Rica,Costa Rica,CR,43.97,92.95,89.17,89.17,grupoice.com,false,
2024-07-18 23:00:00,Costa Rica,Costa Rica,CR,37.29,82.74,90.81,90.81,grupoice.com,false,
2024-07-19 00:00:00,Costa Rica,Costa Rica,CR,26.8,66.49,93.4,93.4,grupoice.com,false,
2024-07-19 01:00:00,Costa Rica,Costa Rica,CR,33.57,77.14,91.73,91.73,grupoice.com,false,
2024-07-19 02:00:00,Costa Rica,Costa Rica,CR,28.41,69.32,93.0,93.0,grupoice.com,false,
2024-07-19 03:00:00,Costa Rica,Costa Rica,CR,24.6,63.57,93.94,93.94,grupoice.com,false,
2024-07-19 04:00:00,Costa Rica,Costa Rica,CR,27.06,67.59,93.34,93.34,grupoice.com,false,
2024-07-19 05:00:00,Costa Rica,Costa Rica,CR,31.1,74.05,92.34,92.34,grupoice.com,false,
2024-07-19 06:00:00,Costa Rica,Costa Rica,CR,58.87,117.14,85.5,85.5,grupoice.com,false,
2024-07-19 07:00:00,Costa Rica,Costa Rica,CR,58.2,116.06,85.66,85.66,grupoice.com,false,
2024-07-19 08:00:00,Costa Rica,Costa Rica,CR,55.63,112.16,86.3,86.3,grupoice.com,false,
2024-07-19 09:00:00,Costa Rica,Costa Rica,CR,46.45,97.89,88.56,88.56,grupoice.com,false,
2024-07-19 10:00:00,Costa Rica,Costa Rica,CR,39.1,86.34,90.37,90.37,grupoice.com,false,
2024-07-19 11:00:00,Costa Rica,Costa Rica,CR,51.22,104.76,87.38,87.38,grupoice.com,false,
2024-07-19 12:00:00,Costa Rica,Costa Rica,CR,51.1,104.48,87.41,87.41,grupoice.com,false,
2024-07-19 13:00:00,Costa Rica,Costa Rica,CR,48.9,101.12,87.96,87.96,grupoice.com,false,
2024-07-19 14:00:00,Costa Rica,Costa Rica,CR,46.41,96.86,88.57,88.57,grupoice.com,false,
2024-07-19 15:00:00,Costa Rica,Costa Rica,CR,44.8,94.03,88.97,88.97,grupoice.com,false,
2024-07-19 16:00:00,Costa Rica,Costa Rica,CR,43.16,91.25,89.37,89.37,grupoice.com,false,
2024-07-19 17:00:00,Costa Rica,Costa Rica,CR,41.13,88.25,89.87,89.87,grupoice.com,false,
2024-07-19 18:00:00,Costa Rica,Costa Rica,CR,41.45,88.97,89.79,89.79,grupoice.com,false,
2024-07-19 19:00:00,Costa Rica,Costa Rica,CR,39.95,86.8,90.16,90.16,grupoice.com,false,
2024-07-19 20:00:00,Costa Rica,Costa Rica,CR,44.12,93.31,89.13,89.13,grupoice.com,false,
2024-07-19 21:00:00,Costa Rica,Costa Rica,CR,51.47,104.39,87.32,87.32,grupoice.com,false,
2024-07-19 22:00:00,Costa Rica,Costa Rica,CR,31.68,73.5,92.2,92.2,grupoice.com,false,
2024-07-19 23:00:00,Costa Rica,Costa Rica,CR,11.29,41.74,97.22,97.22,grupoice.com,false,
2024-07-20 00:00:00,Costa Rica,Costa Rica,CR,3.46,29.45,99.15,99.15,grupoice.com,false,
2024-07-20 01:00:00,Costa Rica,Costa Rica,CR,0.0,24.44,100.0,100.0,grupoice.com,false,
2024-07-20 02:00:00,Costa Rica,Costa Rica,CR,0.0,24.37,100.0,100.0,grupoice.com,false,
2024-07-20 03:00:00,Costa Rica,Costa Rica,CR,0.0,24.06,100.0,100.0,grupoice.com,false,
2024-07-20 04:00:00,Costa Rica,Costa Rica,CR,0.0,23.73,100.0,100.0,grupoice.com,false,
2024-07-20 05:00:00,Costa Rica,Costa Rica,CR,0.0,23.56,100.0,100.0,Electricity Maps Estimation,true,ESTIMATED_TIME_SLICER_AVERAGE
2024-07-20 06:00:00,Costa Rica,Costa Rica,CR,0.0,23.34,100.0,100.0,grupoice.com,false,
2024-07-20 07:00:00,Costa Rica,Costa Rica,CR,0.0,24.24,100.0,100.0,grupoice.com,false,
2024-07-20 08:00:00,Costa Rica,Costa Rica,CR,0.0,25.23,100.0,100.0,grupoice.com,false,
2024-07-20 09:00:00,Costa Rica,Costa Rica,CR,0.0,25.47,100.0,100.0,grupoice.com,false,
2024-07-20 10:00:00,Costa Rica,Costa Rica,CR,0.0,25.13,100.0,100.0,grupoice.com,false,
2024-07-20 11:00:00,Costa Rica,Costa Rica,CR,0.0,24.78,100.0,100.0,grupoice.com,false,
2024-07-20 12:00:00,Costa Rica,Costa Rica,CR,0.0,25.07,100.0,100.0,grupoice.com,false,
2024-07-20 13:00:00,Costa Rica,Costa Rica,CR,0.0,24.76,100.0,100.0,grupoice.com,false,
2024-07-20 14:00:00,Costa Rica,Costa Rica,CR,6.66,34.64,98.36,98.36,grupoice.com,false,
2024-07-20 15:00:00,Costa Rica,Costa Rica,CR,13.65,45.87,96.64,96.64,grupoice.com,false,
2024-07-20 16:00:00,Costa Rica,Costa Rica,CR,17.11,51.39,95.79,95.79,grupoice.com,false,
2024-07-20 17:00:00,Costa Rica,Costa Rica,CR,27.56,67.7,93.21,93.21,grupoice.com,false,
2024-07-20 18:00:00,Costa Rica,Costa Rica,CR,30.59,72.13,92.46,92.46,grupoice.com,false,
2024-07-20 19:00:00,Costa Rica,Costa Rica,CR,29.1,69.7,92.83,92.83,grupoice.com,false,
2024-07-20 20:00:00,Costa Rica,Costa Rica,CR,14.12,46.61,96.52,96.52,grupoice.com,false,
2024-07-20 21:00:00,Costa Rica,Costa Rica,CR,13.01,44.77,96.79,96.79,grupoice.com,false,
2024-07-20 22:00:00,Costa Rica,Costa Rica,CR,13.44,45.49,96.69,96.69,grupoice.com,false,
2024-07-20 23:00:00,Costa Rica,Costa Rica,CR,8.56,37.83,97.89,97.89,grupoice.com,false,
2024-07-21 00:00:00,Costa Rica,Costa Rica,CR,0.0,24.0,100.0,100.0,grupoice.com,false,
2024-07-21 01:00:00,Costa Rica,Costa Rica,CR,0.0,23.62,100.0,100.0,grupoice.com,false,
2024-07-21 02:00:00,Costa Rica,Costa Rica,CR,0.0,23.66,100.0,100.0,grupoice.com,false,
2024-07-21 03:00:00,Costa Rica,Costa Rica,CR,0.0,24.12,100.0,100.0,grupoice.com,false,
2024-07-21 04:00:00,Costa Rica,Costa Rica,CR,0.0,24.3,100.0,100.0,Electricity Maps Estimation,true,ESTIMATED_TIME_SLICER_AVERAGE
2024-07-21 05:00:00,Costa Rica,Costa Rica,CR,0.0,24.5,100.0,100.0,Electricity Maps Estimation,true,ESTIMATED_TIME_SLICER_AVERAGE
2024-07-21 06:00:00,Costa Rica,Costa Rica,CR,0.0,24.75,100.0,100.0,grupoice.com,false,
2024-07-21 07:00:00,Costa Rica,Costa Rica,CR,0.0,24.9,100.0,100.0,grupoice.com,false,
2024-07-21 08:00:00,Costa Rica,Costa Rica,CR,0.0,25.12,100.0,100.0,grupoice.com,false,
2024-07-21 09:00:00,Costa Rica,Costa Rica,CR,0.0,25.33,100.0,100.0,grupoice.com,false,
2024-07-21 10:00:00,Costa Rica,Costa Rica,CR,0.0,25.34,100.0,100.0,grupoice.com,false,
2024-07-21 11:00:00,Costa Rica,Costa Rica,CR,0.0,25.12,100.0,100.0,grupoice.com,false,
2024-07-21 12:00:00,Costa Rica,Costa Rica,CR,0.0,25.05,100.0,100.0,grupoice.com,false,
2024-07-21 13:00:00,Costa Rica,Costa Rica,CR,0.0,24.71,100.0,100.0,grupoice.com,false,
2024-07-21 14:00:00,Costa Rica,Costa Rica,CR,0.0,24.39,100.0,100.0,grupoice.com,false,
2024-07-21 15:00:00,Costa Rica,Costa Rica,CR,0.0,24.69,100.0,100.0,grupoice.com,false,
2024-07-21 16:00:00,Costa Rica,Costa Rica,CR,0.0,24.34,100.0,100.0,grupoice.com,false,
2024-07-21 17:00:00,Costa Rica,Costa Rica,CR,0.0,24.01,100.0,100.0,grupoice.com,false,
2024-07-21 18:00:00,Costa Rica,Costa Rica,CR,0.0,24.25,100.0,100.0,grupoice.com,false,
2024-07-21 19:00:00,Costa Rica,Costa Rica,CR,0.0,24.6,100.0,100.0,grupoice.com,false,
2024-07-21 20:00:00,Costa Rica,Costa Rica,CR,0.0,24.67,100.0,100.0,grupoice.com,false,
2024-07-21 21:00:00,Costa Rica,Costa Rica,CR,0.0,24.77,100.0,100.0,grupoice.com,false,
2024-07-21 22:00:00,Costa Rica,Costa Rica,CR,0.0,24.8,100.0,100.0,grupoice.com,false,
2024-07-21 23:00:00,Costa Rica,Costa Rica,CR,0.0,24.97,100.0,100.0,grupoice.com,false,
2024-07-22 00:00:00,Costa Rica,Costa Rica,CR,0.0,24.43,100.0,100.0,grupoice.com,false,
2024-07-22 01:00:00,Costa Rica,Costa Rica,CR,0.0,24.43,100.0,100.0,grupoice.com,false,
2024-07-22 02:00:00,Costa Rica,Costa Rica,CR,0.0,24.71,100.0,100.0,grupoice.com,false,
2024-07-22 03:00:00,Costa Rica,Costa Rica,CR,0.0,24.51,100.0,100.0,grupoice.com,false,
2024-07-22 04:00:00,Costa Rica,Costa Rica,CR,0.0,24.2,100.0,100.0,Electricity Maps Estimation,true,ESTIMATED_TIME_SLICER_AVERAGE
2024-07-22 05:00:00,Costa Rica,Costa Rica,CR,0.0,23.84,100.0,100.0,Electricity Maps Estimation,true,ESTIMATED_TIME_SLICER_AVERAGE
2024-07-22 06:00:00,Costa Rica,Costa Rica,CR,0.0,23.38,100.0,100.0,grupoice.com,false,
2024-07-22 07:00:00,Costa Rica,Costa Rica,CR,0.0,23.43,100.0,100.0,grupoice.com,false,
2024-07-22 08:00:00,Costa Rica,Costa Rica,CR,0.0,24.28,100.0,100.0,grupoice.com,false,
2024-07-22 09:00:00,Costa Rica,Costa Rica,CR,0.0,24.94,100.0,100.0,grupoice.com,false,
2024-07-22 10:00:00,Costa Rica,Costa Rica,CR,0.0,25.13,100.0,100.0,grupoice.com,false,
2024-07-22 11:00:00,Costa Rica,Costa Rica,CR,0.0,24.81,100.0,100.0,grupoice.com,false,
2024-07-22 12:00:00,Costa Rica,Costa Rica,CR,0.0,24.64,100.0,100.0,grupoice.com,false,
2024-07-22 13:00:00,Costa Rica,Costa Rica,CR,0.0,24.4,100.0,100.0,grupoice.com,false,
2024-07-22 14:00:00,Costa Rica,Costa Rica,CR,0.59,25.58,99.85,99.85,grupoice.com,false,
2024-07-22 15:00:00,Costa Rica,Costa Rica,CR,21.0,57.38,94.83,94.83,grupoice.com,false,
2024-07-22 16:00:00,Costa Rica,Costa Rica,CR,35.97,80.68,91.14,91.14,grupoice.com,false,
2024-07-22 17:00:00,Costa Rica,Costa Rica,CR,35.05,79.37,91.37,91.37,grupoice.com,false,
2024-07-22 18:00:00,Costa Rica,Costa Rica,CR,35.09,79.18,91.36,91.36,grupoice.com,false,
2024-07-22 19:00:00,Costa Rica,Costa Rica,CR,34.92,78.83,91.4,91.4,grupoice.com,false,
2024-07-22 20:00:00,Costa Rica,Costa Rica,CR,35.35,79.68,91.29,91.29,grupoice.com,false,
2024-07-22 21:00:00,Costa Rica,Costa Rica,CR,39.24,85.3,90.33,90.33,grupoice.com,false,
2024-07-22 22:00:00,Costa Rica,Costa Rica,CR,38.6,83.85,90.49,90.49,grupoice.com,false,
2024-07-22 23:00:00,Costa Rica,Costa Rica,CR,28.55,68.64,92.97,92.97,grupoice.com,false,
2024-07-23 00:00:00,Costa Rica,Costa Rica,CR,36.59,81.63,90.99,90.99,grupoice.com,false,
2024-07-23 01:00:00,Costa Rica,Costa Rica,CR,39.36,86.15,90.3,90.3,grupoice.com,false,
2024-07-23 02:00:00,Costa Rica,Costa Rica,CR,38.98,85.6,90.4,90.4,grupoice.com,false,
2024-07-23 03:00:00,Costa Rica,Costa Rica,CR,29.39,70.64,92.76,92.76,grupoice.com,false,
2024-07-23 04:00:00,Costa Rica,Costa Rica,CR,14.93,48.0,96.32,96.32,grupoice.com,false,
2024-07-23 05:00:00,Costa Rica,Costa Rica,CR,0.0,24.58,100.0,100.0,grupoice.com,false,
2024-07-23 06:00:00,Costa Rica,Costa Rica,CR,0.0,24.42,100.0,100.0,grupoice.com,false,
2024-07-23 07:00:00,Costa Rica,Costa Rica,CR,0.0,24.11,100.0,100.0,grupoice.com,false,
2024-07-23 08:00:00,Costa Rica,Costa Rica,CR,0.0,24.13,100.0,100.0,grupoice.com,false,
2024-07-23 09:00:00,Costa Rica,Costa Rica,CR,0.0,23.94,100.0,100.0,grupoice.com,false,
2024-07-23 10:00:00,Costa Rica,Costa Rica,CR,0.0,23.71,100.0,100.0,grupoice.com,false,
2024-07-23 11:00:00,Costa Rica,Costa Rica,CR,0.0,24.1,100.0,100.0,grupoice.com,false,
2024-07-23 12:00:00,Costa Rica,Costa Rica,CR,0.0,24.05,100.0,100.0,grupoice.com,false,
2024-07-23 13:00:00,Costa Rica,Costa Rica,CR,0.0,23.74,100.0,100.0,grupoice.com,false,
2024-07-23 14:00:00,Costa Rica,Costa Rica,CR,0.0,23.52,100.0,100.0,grupoice.com,false,
2024-07-23 15:00:00,Costa Rica,Costa Rica,CR,0.0,23.31,100.0,100.0,grupoice.com,false,
2024-07-23 16:00:00,Costa Rica,Costa Rica,CR,0.0,23.31,100.0,100.0,grupoice.com,false,
2024-07-23 17:00:00,Costa Rica,Costa Rica,CR,0.0,23.29,100.0,100.0,grupoice.com,false,
2024-07-23 18:00:00,Costa Rica,Costa Rica,CR,0.0,23.29,100.0,100.0,grupoice.com,false,
2024-07-23 19:00:00,Costa Rica,Costa Rica,CR,0.0,23.47,100.0,100.0,grupoice.com,false,
2024-07-23 20:00:00,Costa Rica,Costa Rica,CR,0.0,23.58,100.0,100.0,grupoice.com,false,
2024-07-23 21:00:00,Costa Rica,Costa Rica,CR,0.0,23.9,100.0,100.0,grupoice.com,false,
2024-07-23 22:00:00,Costa Rica,Costa Rica,CR,0.0,24.41,100.0,100.0,grupoice.com,false,
2024-07-23 23:00:00,Costa Rica,Costa Rica,CR,0.0,24.46,100.0,100.0,grupoice.com,false,
2024-07-24 00:00:00,Costa Rica,Costa Rica,CR,0.0,24.18,100.0,100.0,grupoice.com,false,
2024-07-24 01:00:00,Costa Rica,Costa Rica,CR,0.0,24.15,100.0,100.0,grupoice.com,false,
2024-07-24 02:00:00,Costa Rica,Costa Rica,CR,0.0,23.89,100.0,100.0,grupoice.com,false,
2024-07-24 03:00:00,Costa Rica,Costa Rica,CR,0.0,23.7,100.0,100.0,grupoice.com,false,
2024-07-24 04:00:00,Costa Rica,Costa Rica,CR,0.0,23.47,100.0,100.0,grupoice.com,false,
2024-07-24 05:00:00,Costa Rica,Costa Rica,CR,0.0,23.43,100.0,100.0,grupoice.com,false,
2024-07-24 06:00:00,Costa Rica,Costa Rica,CR,0.0,23.98,100.0,100.0,grupoice.com,false,
2024-07-24 07:00:00,Costa Rica,Costa Rica,CR,0.0,23.91,100.0,100.0,grupoice.com,false,
2024-07-24 08:00:00,Costa Rica,Costa Rica,CR,0.0,23.93,100.0,100.0,grupoice.com,false,
2024-07-24 09:00:00,Costa Rica,Costa Rica,CR,0.0,23.9,100.0,100.0,grupoice.com,false,
2024-07-24 10:00:00,Costa Rica,Costa Rica,CR,0.0,23.89,100.0,100.0,grupoice.com,false,
2024-07-24 11:00:00,Costa Rica,Costa Rica,CR,0.0,24.25,100.0,100.0,grupoice.com,false,
2024-07-24 12:00:00,Costa Rica,Costa Rica,CR,0.0,24.21,100.0,100.0,grupoice.com,false,
2024-07-24 13:00:00,Costa Rica,Costa Rica,CR,0.0,24.14,100.0,100.0,grupoice.com,false,
2024-07-24 14:00:00,Costa Rica,Costa Rica,CR,0.0,23.85,100.0,100.0,grupoice.com,false,
2024-07-24 15:00:00,Costa Rica,Costa Rica,CR,0.0,24.01,100.0,100.0,grupoice.com,false,
2024-07-24 16:00:00,Costa Rica,Costa Rica,CR,0.0,24.26,100.0,100.0,grupoice.com,false,
2024-07-24 17:00:00,Costa Rica,Costa Rica,CR,0.0,24.0,100.0,100.0,grupoice.com,false,
2024-07-24 18:00:00,Costa Rica,Costa Rica,CR,0.0,23.72,100.0,100.0,grupoice.com,false,
2024-07-24 19:00:00,Costa Rica,Costa Rica,CR,0.0,23.65,100.0,100.0,grupoice.com,false,
2024-07-24 20:00:00,Costa Rica,Costa Rica,CR,0.0,23.35,100.0,100.0,grupoice.com,false,
2024-07-24 21:00:00,Costa Rica,Costa Rica,CR,0.11,23.5,99.97,99.97,grupoice.com,false,
2024-07-24 22:00:00,Costa Rica,Costa Rica,CR,1.07,25.56,99.74,99.74,grupoice.com,false,
2024-07-24 23:00:00,Costa Rica,Costa Rica,CR,2.22,27.92,99.45,99.45,grupoice.com,false,
2024-07-25 00:00:00,Costa Rica,Costa Rica,CR,2.78,28.84,99.31,99.31,grupoice.com,false,
2024-07-25 01:00:00,Costa Rica,Costa Rica,CR,3.45,29.4,99.15,99.15,grupoice.com,false,
2024-07-25 02:00:00,Costa Rica,Costa Rica,CR,3.14,28.59,99.23,99.23,grupoice.com,false,
2024-07-25 03:00:00,Costa Rica,Costa Rica,CR,0.0,24.07,100.0,100.0,grupoice.com,false,
2024-07-25 04:00:00,Costa Rica,Costa Rica,CR,0.0,25.08,100.0,100.0,grupoice.com,false,
2024-07-25 05:00:00,Costa Rica,Costa Rica,CR,0.0,21.08,100.0,100.0,grupoice.com,false,
2024-07-25 06:00:00,Costa Rica,Costa Rica,CR,0.0,25.47,100.0,100.0,grupoice.com,false,
2024-07-25 07:00:00,Costa Rica,Costa Rica,CR,0.0,25.29,100.0,100.0,grupoice.com,false,
2024-07-25 08:00:00,Costa Rica,Costa Rica,CR,0.0,25.15,100.0,100.0,grupoice.com,false,
2024-07-25 09:00:00,Costa Rica,Costa Rica,CR,0.0,25.56,100.0,100.0,grupoice.com,false,
2024-07-25 10:00:00,Costa Rica,Costa Rica,CR,0.0,25.94,100.0,100.0,grupoice.com,false,
2024-07-25 11:00:00,Costa Rica,Costa Rica,CR,0.0,26.08,100.0,100.0,grupoice.com,false,
2024-07-25 12:00:00,Costa Rica,Costa Rica,CR,0.0,25.85,100.0,100.0,grupoice.com,false,
2024-07-25 13:00:00,Costa Rica,Costa Rica,CR,0.0,25.61,100.0,100.0,grupoice.com,false,
2024-07-25 14:00:00,Costa Rica,Costa Rica,CR,0.0,25.3,100.0,100.0,grupoice.com,false,
2024-07-25 15:00:00,Costa Rica,Costa Rica,CR,0.0,25.19,100.0,100.0,grupoice.com,false,
2024-07-25 16:00:00,Costa Rica,Costa Rica,CR,0.12,25.36,99.97,99.97,grupoice.com,false,
2024-07-25 17:00:00,Costa Rica,Costa Rica,CR,3.36,30.26,99.17,99.17,grupoice.com,false,
2024-07-25 18:00:00,Costa Rica,Costa Rica,CR,10.29,40.79,97.47,97.47,grupoice.com,false,
2024-07-25 19:00:00,Costa Rica,Costa Rica,CR,12.76,44.46,96.86,96.86,grupoice.com,false,
2024-07-25 20:00:00,Costa Rica,Costa Rica,CR,13.13,45.03,96.77,96.77,grupoice.com,false,
2024-07-25 21:00:00,Costa Rica,Costa Rica,CR,13.42,45.77,96.69,96.69,grupoice.com,false,
2024-07-25 22:00:00,Costa Rica,Costa Rica,CR,13.63,46.0,96.64,96.64,grupoice.com,false,
2024-07-25 23:00:00,Costa Rica,Costa Rica,CR,13.82,46.07,96.6,96.6,grupoice.com,false,
2024-07-26 00:00:00,Costa Rica,Costa Rica,CR,12.97,44.67,96.8,96.8,grupoice.com,false,
2024-07-26 01:00:00,Costa Rica,Costa Rica,CR,9.43,38.92,97.68,97.68,grupoice.com,false,
2024-07-26 02:00:00,Costa Rica,Costa Rica,CR,0.0,23.74,100.0,100.0,grupoice.com,false,
2024-07-26 03:00:00,Costa Rica,Costa Rica,CR,0.0,23.53,100.0,100.0,grupoice.com,false,
2024-07-26 04:00:00,Costa Rica,Costa Rica,CR,0.0,23.89,100.0,100.0,grupoice.com,false,
2024-07-26 05:00:00,Costa Rica,Costa Rica,CR,0.0,18.12,100.0,100.0,grupoice.com,false,
2024-07-26 06:00:00,Costa Rica,Costa Rica,CR,0.0,25.24,100.0,100.0,grupoice.com,false,
2024-07-26 07:00:00,Costa Rica,Costa Rica,CR,0.0,24.77,100.0,100.0,grupoice.com,false,
2024-07-26 08:00:00,Costa Rica,Costa Rica,CR,0.0,24.78,100.0,100.0,grupoice.com,false,
2024-07-26 09:00:00,Costa Rica,Costa Rica,CR,0.0,25.39,100.0,100.0,grupoice.com,false,
2024-07-26 10:00:00,Costa Rica,Costa Rica,CR,0.0,25.82,100.0,100.0,grupoice.com,false,
2024-07-26 11:00:00,Costa Rica,Costa Rica,CR,0.0,25.5,100.0,100.0,grupoice.com,false,
2024-07-26 12:00:00,Costa Rica,Costa Rica,CR,0.0,24.69,100.0,100.0,grupoice.com,false,
2024-07-26 13:00:00,Costa Rica,Costa Rica,CR,0.0,24.42,100.0,100.0,grupoice.com,false,
2024-07-26 14:00:00,Costa Rica,Costa Rica,CR,0.0,24.7,100.0,100.0,grupoice.com,false,
2024-07-26 15:00:00,Costa Rica,Costa Rica,CR,4.35,31.67,98.93,98.93,grupoice.com,false,
2024-07-26 16:00:00,Costa Rica,Costa Rica,CR,15.57,49.08,96.16,96.16,grupoice.com,false,
2024-07-26 17:00:00,Costa Rica,Costa Rica,CR,21.53,58.04,94.7,94.7,grupoice.com,false,
2024-07-26 18:00:00,Costa Rica,Costa Rica,CR,23.38,60.96,94.24,94.24,grupoice.com,false,
2024-07-26 19:00:00,Costa Rica,Costa Rica,CR,24.12,62.25,94.06,94.06,grupoice.com,false,
2024-07-26 20:00:00,Costa Rica,Costa Rica,CR,24.52,62.61,93.96,93.96,grupoice.com,false,
2024-07-26 21:00:00,Costa Rica,Costa Rica,CR,17.08,51.09,95.79,95.79,grupoice.com,false,
2024-07-26 22:00:00,Costa Rica,Costa Rica,CR,10.39,40.78,97.44,97.44,grupoice.com,false,
2024-07-26 23:00:00,Costa Rica,Costa Rica,CR,1.84,27.75,99.55,99.55,grupoice.com,false,
2024-07-27 00:00:00,Costa Rica,Costa Rica,CR,0.0,25.19,100.0,100.0,grupoice.com,false,
2024-07-27 01:00:00,Costa Rica,Costa Rica,CR,0.0,25.18,100.0,100.0,grupoice.com,false,
2024-07-27 02:00:00,Costa Rica,Costa Rica,CR,0.0,24.6,100.0,100.0,grupoice.com,false,
2024-07-27 03:00:00,Costa Rica,Costa Rica,CR,0.0,24.65,100.0,100.0,grupoice.com,false,
2024-07-27 04:00:00,Costa Rica,Costa Rica,CR,0.0,24.56,100.0,100.0,grupoice.com,false,
2024-07-27 05:00:00,Costa Rica,Costa Rica,CR,0.0,24.86,100.0,100.0,Electricity Maps Estimation,true,ESTIMATED_TIME_SLICER_AVERAGE
2024-07-27 06:00:00,Costa Rica,Costa Rica,CR,0.0,25.21,100.0,100.0,grupoice.com,false,
2024-07-27 07:00:00,Costa Rica,Costa Rica,CR,0.0,26.01,100.0,100.0,grupoice.com,false,
2024-07-27 08:00:00,Costa Rica,Costa Rica,CR,0.0,26.35,100.0,100.0,grupoice.com,false,
2024-07-27 09:00:00,Costa Rica,Costa Rica,CR,0.0,26.29,100.0,100.0,grupoice.com,false,
2024-07-27 10:00:00,Costa Rica,Costa Rica,CR,0.0,26.31,100.0,100.0,grupoice.com,false,
2024-07-27 11:00:00,Costa Rica,Costa Rica,CR,0.0,26.34,100.0,100.0,grupoice.com,false,
2024-07-27 12:00:00,Costa Rica,Costa Rica,CR,0.0,26.15,100.0,100.0,grupoice.com,false,
2024-07-27 13:00:00,Costa Rica,Costa Rica,CR,0.0,25.91,100.0,100.0,grupoice.com,false,
2024-07-27 14:00:00,Costa Rica,Costa Rica,CR,0.0,25.56,100.0,100.0,grupoice.com,false,
2024-07-27 15:00:00,Costa Rica,Costa Rica,CR,0.0,25.0,100.0,100.0,grupoice.com,false,
2024-07-27 16:00:00,Costa Rica,Costa Rica,CR,0.0,24.56,100.0,100.0,grupoice.com,false,
2024-07-27 17:00:00,Costa Rica,Costa Rica,CR,0.0,24.34,100.0,100.0,grupoice.com,false,
2024-07-27 18:00:00,Costa Rica,Costa Rica,CR,0.0,24.79,100.0,100.0,grupoice.com,false,
2024-07-27 19:00:00,Costa Rica,Costa Rica,CR,0.0,25.41,100.0,100.0,grupoice.com,false,
2024-07-27 20:00:00,Costa Rica,Costa Rica,CR,0.0,25.64,100.0,100.0,grupoice.com,false,
2024-07-27 21:00:00,Costa Rica,Costa Rica,CR,0.0,25.72,100.0,100.0,grupoice.com,false,
2024-07-27 22:00:00,Costa Rica,Costa Rica,CR,0.0,25.75,100.0,100.0,grupoice.com,false,
2024-07-27 23:00:00,Costa Rica,Costa Rica,CR,0.0,25.75,100.0,100.0,grupoice.com,false,
2024-07-28 00:00:00,Costa Rica,Costa Rica,CR,0.0,25.62,100.0,100.0,grupoice.com,false,
2024-07-28 01:00:00,Costa Rica,Costa Rica,CR,1.89,28.5,99.53,99.53,grupoice.com,false,
2024-07-28 02:00:00,Costa Rica,Costa Rica,CR,18.26,53.82,95.5,95.5,grupoice.com,false,
2024-07-28 03:00:00,Costa Rica,Costa Rica,CR,2.52,29.67,99.38,99.38,grupoice.com,false,
2024-07-28 04:00:00,Costa Rica,Costa Rica,CR,0.0,25.98,100.0,100.0,grupoice.com,false,
2024-07-28 05:00:00,Costa Rica,Costa Rica,CR,0.0,26.15,100.0,100.0,grupoice.com,false,
2024-07-28 06:00:00,Costa Rica,Costa Rica,CR,0.0,26.13,100.0,100.0,grupoice.com,false,
2024-07-28 07:00:00,Costa Rica,Costa Rica,CR,0.0,25.69,100.0,100.0,grupoice.com,false,
2024-07-28 08:00:00,Costa Rica,Costa Rica,CR,0.0,25.29,100.0,100.0,grupoice.com,false,
2024-07-28 09:00:00,Costa Rica,Costa Rica,CR,0.0,25.26,100.0,100.0,grupoice.com,false,
2024-07-28 10:00:00,Costa Rica,Costa Rica,CR,0.0,25.59,100.0,100.0,grupoice.com,false,
2024-07-28 11:00:00,Costa Rica,Costa Rica,CR,0.0,25.34,100.0,100.0,grupoice.com,false,
2024-07-28 12:00:00,Costa Rica,Costa Rica,CR,0.0,25.21,100.0,100.0,grupoice.com,false,
2024-07-28 13:00:00,Costa Rica,Costa Rica,CR,0.0,24.27,100.0,100.0,grupoice.com,false,
2024-07-28 14:00:00,Costa Rica,Costa Rica,CR,0.0,24.13,100.0,100.0,grupoice.com,false,
2024-07-28 15:00:00,Costa Rica,Costa Rica,CR,0.0,24.51,100.0,100.0,grupoice.com,false,
2024-07-28 16:00:00,Costa Rica,Costa Rica,CR,0.0,24.48,100.0,100.0,grupoice.com,false,
2024-07-28 17:00:00,Costa Rica,Costa Rica,CR,0.0,24.58,100.0,100.0,grupoice.com,false,
2024-07-28 18:00:00,Costa Rica,Costa Rica,CR,0.0,24.2,100.0,100.0,grupoice.com,false,
2024-07-28 19:00:00,Costa Rica,Costa Rica,CR,0.0,24.2,100.0,100.0,grupoice.com,false,
2024-07-28 20:00:00,Costa Rica,Costa Rica,CR,0.0,24.23,100.0,100.0,grupoice.com,false,
2024-07-28 21:00:00,Costa Rica,Costa Rica,CR,0.0,23.98,100.0,100.0,grupoice.com,false,
2024-07-28 22:00:00,Costa Rica,Costa Rica,CR,0.0,23.69,100.0,100.0,grupoice.com,false,
2024-07-28 23:00:00,Costa Rica,Costa Rica,CR,0.0,23.37,100.0,100.0,grupoice.com,false,
2024-07-29 00:00:00,Costa Rica,Costa Rica,CR,0.0,23.23,100.0,100.0,grupoice.com,false,
2024-07-29 01:00:00,Costa Rica,Costa Rica,CR,0.0,23.17,100.0,100.0,grupoice.com,false,
2024-07-29 02:00:00,Costa Rica,Costa Rica,CR,0.0,23.11,100.0,100.0,grupoice.com,false,
2024-07-29 03:00:00,Costa Rica,Costa Rica,CR,0.0,23.09,100.0,100.0,grupoice.com,false,
2024-07-29 04:00:00,Costa Rica,Costa Rica,CR,0.0,23.04,100.0,100.0,grupoice.com,false,
2024-07-29 05:00:00,Costa Rica,Costa Rica,CR,0.0,16.66,100.0,100.0,grupoice.com,false,
2024-07-29 06:00:00,Costa Rica,Costa Rica,CR,0.0,22.99,100.0,100.0,grupoice.com,false,
2024-07-29 07:00:00,Costa Rica,Costa Rica,CR,0.0,22.78,100.0,100.0,grupoice.com,false,
2024-07-29 08:00:00,Costa Rica,Costa Rica,CR,0.0,22.74,100.0,100.0,grupoice.com,false,
2024-07-29 09:00:00,Costa Rica,Costa Rica,CR,0.0,22.82,100.0,100.0,grupoice.com,false,
2024-07-29 10:00:00,Costa Rica,Costa Rica,CR,0.0,22.93,100.0,100.0,grupoice.com,false,
2024-07-29 11:00:00,Costa Rica,Costa Rica,CR,0.0,23.1,100.0,100.0,grupoice.com,false,
2024-07-29 12:00:00,Costa Rica,Costa Rica,CR,0.0,23.24,100.0,100.0,grupoice.com,false,
2024-07-29 13:00:00,Costa Rica,Costa Rica,CR,0.0,23.41,100.0,100.0,grupoice.com,false,
2024-07-29 14:00:00,Costa Rica,Costa Rica,CR,0.0,23.47,100.0,100.0,grupoice.com,false,
2024-07-29 15:00:00,Costa Rica,Costa Rica,CR,0.0,23.63,100.0,100.0,grupoice.com,false,
2024-07-29 16:00:00,Costa Rica,Costa Rica,CR,0.0,23.66,100.0,100.0,grupoice.com,false,
2024-07-29 17:00:00,Costa Rica,Costa Rica,CR,0.0,23.66,100.0,100.0,grupoice.com,false,
2024-07-29 18:00:00,Costa Rica,Costa Rica,CR,0.0,23.68,100.0,100.0,grupoice.com,false,
2024-07-29 19:00:00,Costa Rica,Costa Rica,CR,0.0,23.61,100.0,100.0,grupoice.com,false,
2024-07-29 20:00:00,Costa Rica,Costa Rica,CR,0.0,23.47,100.0,100.0,grupoice.com,false,
2024-07-29 21:00:00,Costa Rica,Costa Rica,CR,0.0,23.3,100.0,100.0,grupoice.com,false,
2024-07-29 22:00:00,Costa Rica,Costa Rica,CR,0.0,23.18,100.0,100.0,grupoice.com,false,
2024-07-29 23:00:00,Costa Rica,Costa Rica,CR,0.0,23.1,100.0,100.0,grupoice.com,false,
2024-07-30 00:00:00,Costa Rica,Costa Rica,CR,0.0,23.14,100.0,100.0,grupoice.com,false,
2024-07-30 01:00:00,Costa Rica,Costa Rica,CR,0.0,23.13,100.0,100.0,grupoice.com,false,
2024-07-30 02:00:00,Costa Rica,Costa Rica,CR,0.0,23.15,100.0,100.0,grupoice.com,false,
2024-07-30 03:00:00,Costa Rica,Costa Rica,CR,0.0,23.15,100.0,100.0,grupoice.com,false,
2024-07-30 04:00:00,Costa Rica,Costa Rica,CR,0.0,23.14,100.0,100.0,grupoice.com,false,
2024-07-30 05:00:00,Costa Rica,Costa Rica,CR,0.0,23.19,100.0,100.0,grupoice.com,false,
2024-07-30 06:00:00,Costa Rica,Costa Rica,CR,0.0,23.3,100.0,100.0,grupoice.com,false,
2024-07-30 07:00:00,Costa Rica,Costa Rica,CR,0.0,23.21,100.0,100.0,grupoice.com,false,
2024-07-30 08:00:00,Costa Rica,Costa Rica,CR,0.0,23.32,100.0,100.0,grupoice.com,false,
2024-07-30 09:00:00,Costa Rica,Costa Rica,CR,0.0,23.45,100.0,100.0,grupoice.com,false,
2024-07-30 10:00:00,Costa Rica,Costa Rica,CR,0.0,23.42,100.0,100.0,grupoice.com,false,
2024-07-30 11:00:00,Costa Rica,Costa Rica,CR,0.0,23.36,100.0,100.0,grupoice.com,false,
2024-07-30 12:00:00,Costa Rica,Costa Rica,CR,0.0,23.2,100.0,100.0,grupoice.com,false,
2024-07-30 13:00:00,Costa Rica,Costa Rica,CR,0.0,23.34,100.0,100.0,grupoice.com,false,
2024-07-30 14:00:00,Costa Rica,Costa Rica,CR,0.0,23.38,100.0,100.0,grupoice.com,false,
2024-07-30 15:00:00,Costa Rica,Costa Rica,CR,0.0,23.45,100.0,100.0,grupoice.com,false,
2024-07-30 16:00:00,Costa Rica,Costa Rica,CR,0.0,23.49,100.0,100.0,grupoice.com,false,
2024-07-30 17:00:00,Costa Rica,Costa Rica,CR,0.0,23.52,100.0,100.0,grupoice.com,false,
2024-07-30 18:00:00,Costa Rica,Costa Rica,CR,0.0,23.45,100.0,100.0,grupoice.com,false,
2024-07-30 19:00:00,Costa Rica,Costa Rica,CR,0.0,23.36,100.0,100.0,grupoice.com,false,
2024-07-30 20:00:00,Costa Rica,Costa Rica,CR,0.0,23.36,100.0,100.0,grupoice.com,false,
2024-07-30 21:00:00,Costa Rica,Costa Rica,CR,0.0,23.4,100.0,100.0,grupoice.com,false,
2024-07-30 22:00:00,Costa Rica,Costa Rica,CR,0.0,23.25,100.0,100.0,grupoice.com,false,
2024-07-30 23:00:00,Costa Rica,Costa Rica,CR,0.0,23.28,100.0,100.0,grupoice.com,false,
2024-07-31 00:00:00,Costa Rica,Costa Rica,CR,0.0,23.53,100.0,100.0,grupoice.com,false,
2024-07-31 01:00:00,Costa Rica,Costa Rica,CR,0.0,23.74,100.0,100.0,grupoice.com,false,
2024-07-31 02:00:00,Costa Rica,Costa Rica,CR,0.0,23.97,100.0,100.0,grupoice.com,false,
2024-07-31 03:00:00,Costa Rica,Costa Rica,CR,0.0,24.34,100.0,100.0,grupoice.com,false,
2024-07-31 04:00:00,Costa Rica,Costa Rica,CR,0.0,24.62,100.0,100.0,grupoice.com,false,
2024-07-31 05:00:00,Costa Rica,Costa Rica,CR,0.0,24.61,100.0,100.0,grupoice.com,false,
2024-07-31 06:00:00,Costa Rica,Costa Rica,CR,0.0,24.18,100.0,100.0,grupoice.com,false,
2024-07-31 07:00:00,Costa Rica,Costa Rica,CR,0.0,23.27,100.0,100.0,grupoice.com,false,
2024-07-31 08:00:00,Costa Rica,Costa Rica,CR,0.0,23.2,100.0,100.0,grupoice.com,false,
2024-07-31 09:00:00,Costa Rica,Costa Rica,CR,0.0,23.25,100.0,100.0,grupoice.com,false,
2024-07-31 10:00:00,Costa Rica,Costa Rica,CR,0.0,23.5,100.0,100.0,grupoice.com,false,
2024-07-31 11:00:00,Costa Rica,Costa Rica,CR,0.0,23.52,100.0,100.0,grupoice.com,false,
2024-07-31 12:00:00,Costa Rica,Costa Rica,CR,0.0,24.01,100.0,100.0,grupoice.com,false,
2024-07-31 13:00:00,Costa Rica,Costa Rica,CR,0.0,24.35,100.0,100.0,grupoice.com,false,
2024-07-31 14:00:00,Costa Rica,Costa Rica,CR,0.0,24.47,100.0,100.0,grupoice.com,false,
2024-07-31 15:00:00,Costa Rica,Costa Rica,CR,0.0,24.59,100.0,100.0,grupoice.com,false,
2024-07-31 16:00:00,Costa Rica,Costa Rica,CR,0.0,24.73,100.0,100.0,grupoice.com,false,
2024-07-31 17:00:00,Costa Rica,Costa Rica,CR,0.0,24.88,100.0,100.0,grupoice.com,false,
2024-07-31 18:00:00,Costa Rica,Costa Rica,CR,0.0,25.0,100.0,100.0,grupoice.com,false,
2024-07-31 19:00:00,Costa Rica,Costa Rica,CR,0.0,25.21,100.0,100.0,grupoice.com,false,
2024-07-31 20:00:00,Costa Rica,Costa Rica,CR,0.0,25.47,100.0,100.0,grupoice.com,false,
2024-07-31 21:00:00,Costa Rica,Costa Rica,CR,0.0,25.55,100.0,100.0,grupoice.com,false,
2024-07-31 22:00:00,Costa Rica,Costa Rica,CR,0.0,25.54,100.0,100.0,grupoice.com,false,
2024-07-31 23:00:00,Costa Rica,Costa Rica,CR,0.0,25.44,100.0,100.0,grupoice.com,false,
2024-08-01 00:00:00,Costa Rica,Costa Rica,CR,0.0,25.48,100.0,100.0,grupoice.com,false,
2024-08-01 01:00:00,Costa Rica,Costa Rica,CR,0.0,25.53,100.0,100.0,grupoice.com,false,
2024-08-01 02:00:00,Costa Rica,Costa Rica,CR,0.0,25.56,100.0,100.0,grupoice.com,false,
2024-08-01 03:00:00,Costa Rica,Costa Rica,CR,0.0,25.66,100.0,100.0,grupoice.com,false,
2024-08-01 04:00:00,Costa Rica,Costa Rica,CR,0.0,25.78,100.0,100.0,grupoice.com,false,
2024-08-01 05:00:00,Costa Rica,Costa Rica,CR,0.0,25.94,100.0,100.0,grupoice.com,false,
2024-08-01 06:00:00,Costa Rica,Costa Rica,CR,0.0,25.85,100.0,100.0,grupoice.com,false,
2024-08-01 07:00:00,Costa Rica,Costa Rica,CR,0.0,25.16,100.0,100.0,grupoice.com,false,
2024-08-01 08:00:00,Costa Rica,Costa Rica,CR,0.0,25.05,100.0,100.0,grupoice.com,false,
2024-08-01 09:00:00,Costa Rica,Costa Rica,CR,0.0,25.56,100.0,100.0,grupoice.com,false,
2024-08-01 10:00:00,Costa Rica,Costa Rica,CR,0.0,25.49,100.0,100.0,grupoice.com,false,
2024-08-01 11:00:00,Costa Rica,Costa Rica,CR,0.0,24.83,100.0,100.0,grupoice.com,false,
2024-08-01 12:00:00,Costa Rica,Costa Rica,CR,0.0,24.16,100.0,100.0,grupoice.com,false,
2024-08-01 13:00:00,Costa Rica,Costa Rica,CR,0.0,23.9,100.0,100.0,grupoice.com,false,
2024-08-01 14:00:00,Costa Rica,Costa Rica,CR,0.0,23.63,100.0,100.0,grupoice.com,false,
2024-08-01 15:00:00,Costa Rica,Costa Rica,CR,0.0,23.53,100.0,100.0,grupoice.com,false,
2024-08-01 16:00:00,Costa Rica,Costa Rica,CR,0.0,23.39,100.0,100.0,grupoice.com,false,
2024-08-01 17:00:00,Costa Rica,Costa Rica,CR,0.0,23.4,100.0,100.0,grupoice.com,false,
2024-08-01 18:00:00,Costa Rica,Costa Rica,CR,0.0,23.56,100.0,100.0,grupoice.com,false,
2024-08-01 19:00:00,Costa Rica,Costa Rica,CR,0.0,23.56,100.0,100.0,grupoice.com,false,
2024-08-01 20:00:00,Costa Rica,Costa Rica,CR,0.0,23.68,100.0,100.0,grupoice.com,false,
2024-08-01 21:00:00,Costa Rica,Costa Rica,CR,0.0,24.18,100.0,100.0,grupoice.com,false,
2024-08-01 22:00:00,Costa Rica,Costa Rica,CR,0.0,24.29,100.0,100.0,grupoice.com,false,
2024-08-01 23:00:00,Costa Rica,Costa Rica,CR,0.0,24.24,100.0,100.0,grupoice.com,false,
2024-08-02 00:00:00,Costa Rica,Costa Rica,CR,0.0,24.01,100.0,100.0,grupoice.com,false,
2024-08-02 01:00:00,Costa Rica,Costa Rica,CR,0.0,24.56,100.0,100.0,grupoice.com,false,
2024-08-02 02:00:00,Costa Rica,Costa Rica,CR,0.0,24.99,100.0,100.0,grupoice.com,false,
2024-08-02 03:00:00,Costa Rica,Costa Rica,CR,0.0,25.2,100.0,100.0,grupoice.com,false,
2024-08-02 04:00:00,Costa Rica,Costa Rica,CR,0.0,25.43,100.0,100.0,grupoice.com,false,
2024-08-02 05:00:00,Costa Rica,Costa Rica,CR,0.0,25.81,100.0,100.0,grupoice.com,false,
2024-08-02 06:00:00,Costa Rica,Costa Rica,CR,0.0,26.2,100.0,100.0,grupoice.com,false,
2024-08-02 07:00:00,Costa Rica,Costa Rica,CR,0.0,26.15,100.0,100.0,grupoice.com,false,
2024-08-02 08:00:00,Costa Rica,Costa Rica,CR,0.0,26.02,100.0,100.0,grupoice.com,false,
2024-08-02 09:00:00,Costa Rica,Costa Rica,CR,0.0,25.85,100.0,100.0,grupoice.com,false,
2024-08-02 10:00:00,Costa Rica,Costa Rica,CR,0.0,25.46,100.0,100.0,grupoice.com,false,
2024-08-02 11:00:00,Costa Rica,Costa Rica,CR,0.0,25.4,100.0,100.0,grupoice.com,false,
2024-08-02 12:00:00,Costa Rica,Costa Rica,CR,0.0,25.6,100.0,100.0,grupoice.com,false,
2024-08-02 13:00:00,Costa Rica,Costa Rica,CR,0.0,25.6,100.0,100.0,grupoice.com,false,
2024-08-02 14:00:00,Costa Rica,Costa Rica,CR,0.0,25.65,100.0,100.0,grupoice.com,false,
2024-08-02 15:00:00,Costa Rica,Costa Rica,CR,0.0,25.55,100.0,100.0,grupoice.com,false,
2024-08-02 16:00:00,Costa Rica,Costa Rica,CR,0.0,25.41,100.0,100.0,grupoice.com,false,
2024-08-02 17:00:00,Costa Rica,Costa Rica,CR,0.0,25.29,100.0,100.0,grupoice.com,false,
2024-08-02 18:00:00,Costa Rica,Costa Rica,CR,0.0,25.24,100.0,100.0,grupoice.com,false,
2024-08-02 19:00:00,Costa Rica,Costa Rica,CR,0.0,25.45,100.0,100.0,grupoice.com,false,
2024-08-02 20:00:00,Costa Rica,Costa Rica,CR,0.0,25.54,100.0,100.0,grupoice.com,false,
2024-08-02 21:00:00,Costa Rica,Costa Rica,CR,0.0,25.18,100.0,100.0,grupoice.com,false,
2024-08-02 22:00:00,Costa Rica,Costa Rica,CR,0.0,24.82,100.0,100.0,grupoice.com,false,
2024-08-02 23:00:00,Costa Rica,Costa Rica,CR,0.0,24.42,100.0,100.0,grupoice.com,false,
2024-08-03 00:00:00,Costa Rica,Costa Rica,CR,0.0,24.8,100.0,100.0,grupoice.com,false,
2024-08-03 01:00:00,Costa Rica,Costa Rica,CR,0.0,25.17,100.0,100.0,grupoice.com,false,
2024-08-03 02:00:00,Costa Rica,Costa Rica,CR,0.0,25.66,100.0,100.0,grupoice.com,false,
2024-08-03 03:00:00,Costa Rica,Costa Rica,CR,0.0,25.71,100.0,100.0,grupoice.com,false,
2024-08-03 04:00:00,Costa Rica,Costa Rica,CR,0.0,25.76,100.0,100.0,grupoice.com,false,
2024-08-03 05:00:00,Costa Rica,Costa Rica,CR,0.0,26.01,100.0,100.0,grupoice.com,false,
2024-08-03 06:00:00,Costa Rica,Costa Rica,CR,0.0,26.42,100.0,100.0,grupoice.com,false,
2024-08-03 07:00:00,Costa Rica,Costa Rica,CR,0.0,26.32,100.0,100.0,grupoice.com,false,
2024-08-03 08:00:00,Costa Rica,Costa Rica,CR,0.0,26.24,100.0,100.0,grupoice.com,false,
2024-08-03 09:00:00,Costa Rica,Costa Rica,CR,0.0,26.32,100.0,100.0,grupoice.com,false,
2024-08-03 10:00:00,Costa Rica,Costa Rica,CR,0.0,26.31,100.0,100.0,grupoice.com,false,
2024-08-03 11:00:00,Costa Rica,Costa Rica,CR,0.0,26.1,100.0,100.0,grupoice.com,false,
2024-08-03 12:00:00,Costa Rica,Costa Rica,CR,0.0,25.53,100.0,100.0,grupoice.com,false,
2024-08-03 13:00:00,Costa Rica,Costa Rica,CR,0.0,25.2,100.0,100.0,grupoice.com,false,
2024-08-03 14:00:00,Costa Rica,Costa Rica,CR,0.0,24.47,100.0,100.0,grupoice.com,false,
2024-08-03 15:00:00,Costa Rica,Costa Rica,CR,0.0,24.01,100.0,100.0,grupoice.com,false,
2024-08-03 16:00:00,Costa Rica,Costa Rica,CR,0.0,23.78,100.0,100.0,grupoice.com,false,
2024-08-03 17:00:00,Costa Rica,Costa Rica,CR,0.0,23.96,100.0,100.0,grupoice.com,false,
2024-08-03 18:00:00,Costa Rica,Costa Rica,CR,0.0,24.23,100.0,100.0,grupoice.com,false,
2024-08-03 19:00:00,Costa Rica,Costa Rica,CR,0.0,24.5,100.0,100.0,grupoice.com,false,
2024-08-03 20:00:00,Costa Rica,Costa Rica,CR,0.0,24.91,100.0,100.0,grupoice.com,false,
2024-08-03 21:00:00,Costa Rica,Costa Rica,CR,0.0,25.29,100.0,100.0,grupoice.com,false,
2024-08-03 22:00:00,Costa Rica,Costa Rica,CR,0.0,25.39,100.0,100.0,grupoice.com,false,
2024-08-03 23:00:00,Costa Rica,Costa Rica,CR,0.0,25.51,100.0,100.0,grupoice.com,false,
2024-08-04 00:00:00,Costa Rica,Costa Rica,CR,0.0,25.54,100.0,100.0,grupoice.com,false,
2024-08-04 01:00:00,Costa Rica,Costa Rica,CR,0.0,25.61,100.0,100.0,grupoice.com,false,
2024-08-04 02:00:00,Costa Rica,Costa Rica,CR,0.0,25.48,100.0,100.0,grupoice.com,false,
2024-08-04 03:00:00,Costa Rica,Costa Rica,CR,0.0,25.84,100.0,100.0,grupoice.com,false,
2024-08-04 04:00:00,Costa Rica,Costa Rica,CR,0.0,26.03,100.0,100.0,grupoice.com,false,
2024-08-04 05:00:00,Costa Rica,Costa Rica,CR,0.0,26.2,100.0,100.0,grupoice.com,false,
2024-08-04 06:00:00,Costa Rica,Costa Rica,CR,0.0,26.29,100.0,100.0,grupoice.com,false,
2024-08-04 07:00:00,Costa Rica,Costa Rica,CR,0.0,25.71,100.0,100.0,grupoice.com,false,
2024-08-04 08:00:00,Costa Rica,Costa Rica,CR,0.0,24.9,100.0,100.0,grupoice.com,false,
2024-08-04 09:00:00,Costa Rica,Costa Rica,CR,0.0,24.47,100.0,100.0,grupoice.com,false,
2024-08-04 10:00:00,Costa Rica,Costa Rica,CR,0.0,25.36,100.0,100.0,grupoice.com,false,
2024-08-04 11:00:00,Costa Rica,Costa Rica,CR,0.0,25.69,100.0,100.0,grupoice.com,false,
2024-08-04 12:00:00,Costa Rica,Costa Rica,CR,0.0,25.51,100.0,100.0,grupoice.com,false,
2024-08-04 13:00:00,Costa Rica,Costa Rica,CR,0.0,24.99,100.0,100.0,grupoice.com,false,
2024-08-04 14:00:00,Costa Rica,Costa Rica,CR,0.0,24.9,100.0,100.0,grupoice.com,false,
2024-08-04 15:00:00,Costa Rica,Costa Rica,CR,0.0,25.13,100.0,100.0,grupoice.com,false,
2024-08-04 16:00:00,Costa Rica,Costa Rica,CR,0.0,25.3,100.0,100.0,grupoice.com,false,
2024-08-04 17:00:00,Costa Rica,Costa Rica,CR,0.0,25.47,100.0,100.0,grupoice.com,false,
2024-08-04 18:00:00,Costa Rica,Costa Rica,CR,0.0,25.59,100.0,100.0,grupoice.com,false,
2024-08-04 19:00:00,Costa Rica,Costa Rica,CR,0.0,25.44,100.0,100.0,grupoice.com,false,
2024-08-04 20:00:00,Costa Rica,Costa Rica,CR,0.0,25.53,100.0,100.0,grupoice.com,false,
2024-08-04 21:00:00,Costa Rica,Costa Rica,CR,0.0,25.74,100.0,100.0,grupoice.com,false,
2024-08-04 22:00:00,Costa Rica,Costa Rica,CR,0.0,25.58,100.0,100.0,grupoice.com,false,
2024-08-04 23:00:00,Costa Rica,Costa Rica,CR,0.0,25.19,100.0,100.0,grupoice.com,false,
2024-08-05 00:00:00,Costa Rica,Costa Rica,CR,0.0,24.61,100.0,100.0,grupoice.com,false,
2024-08-05 01:00:00,Costa Rica,Costa Rica,CR,0.0,24.31,100.0,100.0,grupoice.com,false,
2024-08-05 02:00:00,Costa Rica,Costa Rica,CR,0.0,24.38,100.0,100.0,grupoice.com,false,
2024-08-05 03:00:00,Costa Rica,Costa Rica,CR,0.0,24.62,100.0,100.0,grupoice.com,false,
2024-08-05 04:00:00,Costa Rica,Costa Rica,CR,0.0,25.2,100.0,100.0,grupoice.com,false,
2024-08-05 05:00:00,Costa Rica,Costa Rica,CR,0.0,25.5,100.0,100.0,grupoice.com,false,
2024-08-05 06:00:00,Costa Rica,Costa Rica,CR,0.0,25.82,100.0,100.0,grupoice.com,false,
2024-08-05 07:00:00,Costa Rica,Costa Rica,CR,0.0,25.8,100.0,100.0,grupoice.com,false,
2024-08-05 08:00:00,Costa Rica,Costa Rica,CR,0.0,25.62,100.0,100.0,grupoice.com,false,
2024-08-05 09:00:00,Costa Rica,Costa Rica,CR,0.0,24.94,100.0,100.0,grupoice.com,false,
2024-08-05 10:00:00,Costa Rica,Costa Rica,CR,0.0,25.13,100.0,100.0,grupoice.com,false,
2024-08-05 11:00:00,Costa Rica,Costa Rica,CR,0.0,25.25,100.0,100.0,grupoice.com,false,
2024-08-05 12:00:00,Costa Rica,Costa Rica,CR,0.0,25.38,100.0,100.0,grupoice.com,false,
2024-08-05 13:00:00,Costa Rica,Costa Rica,CR,0.0,25.04,100.0,100.0,grupoice.com,false,
2024-08-05 14:00:00,Costa Rica,Costa Rica,CR,0.0,24.91,100.0,100.0,grupoice.com,false,
2024-08-05 15:00:00,Costa Rica,Costa Rica,CR,0.0,24.83,100.0,100.0,grupoice.com,false,
2024-08-05 16:00:00,Costa Rica,Costa Rica,CR,0.0,24.75,100.0,100.0,grupoice.com,false,
2024-08-05 17:00:00,Costa Rica,Costa Rica,CR,0.0,24.6,100.0,100.0,grupoice.com,false,
2024-08-05 18:00:00,Costa Rica,Costa Rica,CR,0.0,24.69,100.0,100.0,grupoice.com,false,
2024-08-05 19:00:00,Costa Rica,Costa Rica,CR,3.59,30.4,99.12,99.12,grupoice.com,false,
2024-08-05 20:00:00,Costa Rica,Costa Rica,CR,11.98,43.41,97.05,97.05,grupoice.com,false,
2024-08-05 21:00:00,Costa Rica,Costa Rica,CR,13.14,45.24,96.76,96.76,grupoice.com,false,
2024-08-05 22:00:00,Costa Rica,Costa Rica,CR,23.02,60.53,94.33,94.33,grupoice.com,false,
2024-08-05 23:00:00,Costa Rica,Costa Rica,CR,24.28,61.97,94.02,94.02,grupoice.com,false,
2024-08-06 00:00:00,Costa Rica,Costa Rica,CR,23.54,60.37,94.2,94.2,grupoice.com,false,
2024-08-06 01:00:00,Costa Rica,Costa Rica,CR,24.31,62.05,94.01,94.01,grupoice.com,false,
2024-08-06 02:00:00,Costa Rica,Costa Rica,CR,25.4,63.66,93.74,93.74,grupoice.com,false,
2024-08-06 03:00:00,Costa Rica,Costa Rica,CR,15.36,48.2,96.22,96.22,grupoice.com,false,
2024-08-06 04:00:00,Costa Rica,Costa Rica,CR,0.0,24.15,100.0,100.0,grupoice.com,false,
2024-08-06 05:00:00,Costa Rica,Costa Rica,CR,0.0,24.09,100.0,100.0,grupoice.com,false,
2024-08-06 06:00:00,Costa Rica,Costa Rica,CR,0.0,24.09,100.0,100.0,grupoice.com,false,
2024-08-06 07:00:00,Costa Rica,Costa Rica,CR,0.0,23.89,100.0,100.0,grupoice.com,false,
2024-08-06 08:00:00,Costa Rica,Costa Rica,CR,0.0,23.71,100.0,100.0,grupoice.com,false,
2024-08-06 09:00:00,Costa Rica,Costa Rica,CR,0.0,23.55,100.0,100.0,grupoice.com,false,
2024-08-06 10:00:00,Costa Rica,Costa Rica,CR,0.0,23.33,100.0,100.0,grupoice.com,false,
2024-08-06 11:00:00,Costa Rica,Costa Rica,CR,0.0,23.36,100.0,100.0,grupoice.com,false,
2024-08-06 12:00:00,Costa Rica,Costa Rica,CR,0.0,23.36,100.0,100.0,grupoice.com,false,
2024-08-06 13:00:00,Costa Rica,Costa Rica,CR,0.0,23.77,100.0,100.0,grupoice.com,false,
2024-08-06 14:00:00,Costa Rica,Costa Rica,CR,0.0,24.1,100.0,100.0,grupoice.com,false,
2024-08-06 15:00:00,Costa Rica,Costa Rica,CR,0.0,24.21,100.0,100.0,grupoice.com,false,
2024-08-06 16:00:00,Costa Rica,Costa Rica,CR,2.58,28.32,99.36,99.36,grupoice.com,false,
2024-08-06 17:00:00,Costa Rica,Costa Rica,CR,13.48,45.24,96.68,96.68,grupoice.com,false,
2024-08-06 18:00:00,Costa Rica,Costa Rica,CR,20.91,56.86,94.85,94.85,grupoice.com,false,
2024-08-06 19:00:00,Costa Rica,Costa Rica,CR,26.44,65.54,93.49,93.49,grupoice.com,false,
2024-08-06 20:00:00,Costa Rica,Costa Rica,CR,32.53,74.67,91.99,91.99,grupoice.com,false,
2024-08-06 21:00:00,Costa Rica,Costa Rica,CR,32.43,74.5,92.01,92.01,grupoice.com,false,
2024-08-06 22:00:00,Costa Rica,Costa Rica,CR,26.15,64.75,93.56,93.56,grupoice.com,false,
2024-08-06 23:00:00,Costa Rica,Costa Rica,CR,22.32,59.52,94.5,94.5,grupoice.com,false,
2024-08-07 00:00:00,Costa Rica,Costa Rica,CR,21.13,57.7,94.8,94.8,grupoice.com,false,
2024-08-07 01:00:00,Costa Rica,Costa Rica,CR,21.5,57.93,94.7,94.7,grupoice.com,false,
2024-08-07 02:00:00,Costa Rica,Costa Rica,CR,19.63,54.77,95.16,95.16,grupoice.com,false,
2024-08-07 03:00:00,Costa Rica,Costa Rica,CR,3.12,29.09,99.23,99.23,grupoice.com,false,
2024-08-07 04:00:00,Costa Rica,Costa Rica,CR,0.0,24.5,100.0,100.0,grupoice.com,false,
2024-08-07 05:00:00,Costa Rica,Costa Rica,CR,0.0,24.04,100.0,100.0,grupoice.com,false,
2024-08-07 06:00:00,Costa Rica,Costa Rica,CR,0.0,23.92,100.0,100.0,grupoice.com,false,
2024-08-07 07:00:00,Costa Rica,Costa Rica,CR,0.0,23.73,100.0,100.0,grupoice.com,false,
2024-08-07 08:00:00,Costa Rica,Costa Rica,CR,0.0,24.04,100.0,100.0,grupoice.com,false,
2024-08-07 09:00:00,Costa Rica,Costa Rica,CR,0.0,24.11,100.0,100.0,grupoice.com,false,
2024-08-07 10:00:00,Costa Rica,Costa Rica,CR,0.0,24.08,100.0,100.0,grupoice.com,false,
2024-08-07 11:00:00,Costa Rica,Costa Rica,CR,0.0,24.4,100.0,100.0,grupoice.com,false,
2024-08-07 12:00:00,Costa Rica,Costa Rica,CR,0.0,24.68,100.0,100.0,grupoice.com,false,
2024-08-07 13:00:00,Costa Rica,Costa Rica,CR,0.0,24.72,100.0,100.0,grupoice.com,false,
2024-08-07 14:00:00,Costa Rica,Costa Rica,CR,0.0,24.64,100.0,100.0,grupoice.com,false,
2024-08-07 15:00:00,Costa Rica,Costa Rica,CR,5.05,32.76,98.76,98.76,grupoice.com,false,
2024-08-07 16:00:00,Costa Rica,Costa Rica,CR,19.87,55.4,95.11,95.11,grupoice.com,false,
2024-08-07 17:00:00,Costa Rica,Costa Rica,CR,19.14,53.85,95.29,95.29,grupoice.com,false,
2024-08-07 18:00:00,Costa Rica,Costa Rica,CR,15.86,48.71,96.09,96.09,grupoice.com,false,
2024-08-07 19:00:00,Costa Rica,Costa Rica,CR,0.0,23.78,100.0,100.0,grupoice.com,false,
2024-08-07 20:00:00,Costa Rica,Costa Rica,CR,0.0,23.9,100.0,100.0,grupoice.com,false,
2024-08-07 21:00:00,Costa Rica,Costa Rica,CR,0.0,24.58,100.0,100.0,grupoice.com,false,
2024-08-07 22:00:00,Costa Rica,Costa Rica,CR,0.0,24.85,100.0,100.0,grupoice.com,false,
2024-08-07 23:00:00,Costa Rica,Costa Rica,CR,3.6,30.34,99.11,99.11,grupoice.com,false,
2024-08-08 00:00:00,Costa Rica,Costa Rica,CR,20.31,56.24,95.0,95.0,grupoice.com,false,
2024-08-08 01:00:00,Costa Rica,Costa Rica,CR,24.54,62.71,93.96,93.96,grupoice.com,false,
2024-08-08 02:00:00,Costa Rica,Costa Rica,CR,25.78,64.77,93.65,93.65,grupoice.com,false,
2024-08-08 03:00:00,Costa Rica,Costa Rica,CR,20.94,57.5,94.84,94.84,grupoice.com,false,
2024-08-08 04:00:00,Costa Rica,Costa Rica,CR,12.83,45.43,96.84,96.84,grupoice.com,false,
2024-08-08 05:00:00,Costa Rica,Costa Rica,CR,0.0,26.08,100.0,100.0,grupoice.com,false,
2024-08-08 06:00:00,Costa Rica,Costa Rica,CR,0.0,26.41,100.0,100.0,grupoice.com,false,
2024-08-08 07:00:00,Costa Rica,Costa Rica,CR,0.0,26.4,100.0,100.0,grupoice.com,false,
2024-08-08 08:00:00,Costa Rica,Costa Rica,CR,0.0,26.43,100.0,100.0,grupoice.com,false,
2024-08-08 09:00:00,Costa Rica,Costa Rica,CR,0.0,26.37,100.0,100.0,grupoice.com,false,
2024-08-08 10:00:00,Costa Rica,Costa Rica,CR,9.98,41.62,97.54,97.54,grupoice.com,false,
2024-08-08 11:00:00,Costa Rica,Costa Rica,CR,28.7,70.26,92.93,92.93,grupoice.com,false,
2024-08-08 12:00:00,Costa Rica,Costa Rica,CR,44.02,93.75,89.16,89.16,grupoice.com,false,
2024-08-08 13:00:00,Costa Rica,Costa Rica,CR,42.87,91.92,89.44,89.44,grupoice.com,false,
2024-08-08 14:00:00,Costa Rica,Costa Rica,CR,40.32,87.85,90.07,90.07,grupoice.com,false,
2024-08-08 15:00:00,Costa Rica,Costa Rica,CR,39.55,86.76,90.26,90.26,grupoice.com,false,
2024-08-08 16:00:00,Costa Rica,Costa Rica,CR,37.57,83.61,90.75,90.75,grupoice.com,false,
2024-08-08 17:00:00,Costa Rica,Costa Rica,CR,33.37,76.98,91.78,91.78,grupoice.com,false,
2024-08-08 18:00:00,Costa Rica,Costa Rica,CR,38.31,84.53,90.56,90.56,grupoice.com,false,
2024-08-08 19:00:00,Costa Rica,Costa Rica,CR,46.76,97.67,88.48,88.48,grupoice.com,false,
2024-08-08 20:00:00,Costa Rica,Costa Rica,CR,50.29,103.1,87.61,87.61,grupoice.com,false,
2024-08-08 21:00:00,Costa Rica,Costa Rica,CR,55.06,110.41,86.44,86.44,grupoice.com,false,
2024-08-08 22:00:00,Costa Rica,Costa Rica,CR,57.33,113.91,85.88,85.88,grupoice.com,false,
2024-08-08 23:00:00,Costa Rica,Costa Rica,CR,63.08,122.83,84.46,84.46,grupoice.com,false,
2024-08-09 00:00:00,Costa Rica,Costa Rica,CR,42.15,90.53,89.62,89.62,grupoice.com,false,
2024-08-09 01:00:00,Costa Rica,Costa Rica,CR,22.96,60.95,94.34,94.34,grupoice.com,false,
2024-08-09 02:00:00,Costa Rica,Costa Rica,CR,22.41,60.17,94.48,94.48,grupoice.com,false,
2024-08-09 03:00:00,Costa Rica,Costa Rica,CR,26.85,67.2,93.39,93.39,grupoice.com,false,
2024-08-09 04:00:00,Costa Rica,Costa Rica,CR,31.38,74.3,92.27,92.27,grupoice.com,false,
2024-08-09 05:00:00,Costa Rica,Costa Rica,CR,31.66,74.76,92.2,92.2,grupoice.com,false,
2024-08-09 06:00:00,Costa Rica,Costa Rica,CR,24.34,63.75,94.01,94.01,grupoice.com,false,
2024-08-09 07:00:00,Costa Rica,Costa Rica,CR,21.9,60.11,94.61,94.61,grupoice.com,false,
2024-08-09 08:00:00,Costa Rica,Costa Rica,CR,16.83,52.38,95.85,95.85,grupoice.com,false,
2024-08-09 09:00:00,Costa Rica,Costa Rica,CR,16.95,52.57,95.83,95.83,grupoice.com,false,
2024-08-09 10:00:00,Costa Rica,Costa Rica,CR,23.48,62.45,94.22,94.22,grupoice.com,false,
2024-08-09 11:00:00,Costa Rica,Costa Rica,CR,21.98,59.88,94.59,94.59,grupoice.com,false,
2024-08-09 12:00:00,Costa Rica,Costa Rica,CR,20.13,56.72,95.04,95.04,grupoice.com,false,
2024-08-09 13:00:00,Costa Rica,Costa Rica,CR,19.25,55.11,95.26,95.26,grupoice.com,false,
2024-08-09 14:00:00,Costa Rica,Costa Rica,CR,17.99,53.14,95.57,95.57,grupoice.com,false,
2024-08-09 15:00:00,Costa Rica,Costa Rica,CR,17.3,51.95,95.74,95.74,grupoice.com,false,
2024-08-09 16:00:00,Costa Rica,Costa Rica,CR,16.71,50.95,95.88,95.88,grupoice.com,false,
2024-08-09 17:00:00,Costa Rica,Costa Rica,CR,16.02,49.72,96.05,96.05,grupoice.com,false,
2024-08-09 18:00:00,Costa Rica,Costa Rica,CR,16.01,49.88,96.06,96.06,grupoice.com,false,
2024-08-09 19:00:00,Costa Rica,Costa Rica,CR,28.48,69.12,92.99,92.99,grupoice.com,false,
2024-08-09 20:00:00,Costa Rica,Costa Rica,CR,31.73,74.14,92.18,92.18,grupoice.com,false,
2024-08-09 21:00:00,Costa Rica,Costa Rica,CR,28.63,69.55,92.95,92.95,grupoice.com,false,
2024-08-09 22:00:00,Costa Rica,Costa Rica,CR,29.45,70.77,92.75,92.75,grupoice.com,false,
2024-08-09 23:00:00,Costa Rica,Costa Rica,CR,14.98,48.4,96.31,96.31,grupoice.com,false,
2024-08-10 00:00:00,Costa Rica,Costa Rica,CR,11.48,42.66,97.17,97.17,grupoice.com,false,
2024-08-10 01:00:00,Costa Rica,Costa Rica,CR,11.59,42.8,97.15,97.15,grupoice.com,false,
2024-08-10 02:00:00,Costa Rica,Costa Rica,CR,12.17,43.54,97.0,97.0,grupoice.com,false,
2024-08-10 03:00:00,Costa Rica,Costa Rica,CR,12.82,44.37,96.84,96.84,grupoice.com,false,
2024-08-10 04:00:00,Costa Rica,Costa Rica,CR,13.58,45.6,96.65,96.65,grupoice.com,false,
2024-08-10 05:00:00,Costa Rica,Costa Rica,CR,7.96,36.91,98.04,98.04,Electricity Maps Estimation,true,ESTIMATED_TIME_SLICER_AVERAGE
2024-08-10 06:00:00,Costa Rica,Costa Rica,CR,1.38,26.74,99.66,99.66,grupoice.com,false,
2024-08-10 07:00:00,Costa Rica,Costa Rica,CR,0.0,24.29,100.0,100.0,grupoice.com,false,
2024-08-10 08:00:00,Costa Rica,Costa Rica,CR,0.0,24.12,100.0,100.0,grupoice.com,false,
2024-08-10 09:00:00,Costa Rica,Costa Rica,CR,0.0,23.94,100.0,100.0,grupoice.com,false,
2024-08-10 10:00:00,Costa Rica,Costa Rica,CR,0.0,23.62,100.0,100.0,grupoice.com,false,
2024-08-10 11:00:00,Costa Rica,Costa Rica,CR,0.0,23.66,100.0,100.0,grupoice.com,false,
2024-08-10 12:00:00,Costa Rica,Costa Rica,CR,0.0,23.58,100.0,100.0,grupoice.com,false,
2024-08-10 13:00:00,Costa Rica,Costa Rica,CR,0.0,23.63,100.0,100.0,grupoice.com,false,
2024-08-10 14:00:00,Costa Rica,Costa Rica,CR,0.0,23.73,100.0,100.0,grupoice.com,false,
2024-08-10 15:00:00,Costa Rica,Costa Rica,CR,0.0,23.86,100.0,100.0,grupoice.com,false,
2024-08-10 16:00:00,Costa Rica,Costa Rica,CR,0.0,24.01,100.0,100.0,grupoice.com,false,
2024-08-10 17:00:00,Costa Rica,Costa Rica,CR,8.65,37.51,97.87,97.87,grupoice.com,false,
2024-08-10 18:00:00,Costa Rica,Costa Rica,CR,20.51,55.98,94.95,94.95,grupoice.com,false,
2024-08-10 19:00:00,Costa Rica,Costa Rica,CR,21.72,58.03,94.65,94.65,grupoice.com,false,
2024-08-10 20:00:00,Costa Rica,Costa Rica,CR,35.72,79.63,91.2,91.2,grupoice.com,false,
2024-08-10 21:00:00,Costa Rica,Costa Rica,CR,38.96,84.76,90.41,90.41,grupoice.com,false,
2024-08-10 22:00:00,Costa Rica,Costa Rica,CR,39.62,85.65,90.24,90.24,grupoice.com,false,
2024-08-10 23:00:00,Costa Rica,Costa Rica,CR,40.11,86.49,90.12,90.12,grupoice.com,false,
2024-08-11 00:00:00,Costa Rica,Costa Rica,CR,37.49,82.41,90.76,90.76,grupoice.com,false,
2024-08-11 01:00:00,Costa Rica,Costa Rica,CR,37.79,82.75,90.69,90.69,grupoice.com,false,
2024-08-11 02:00:00,Costa Rica,Costa Rica,CR,39.17,84.79,90.35,90.35,grupoice.com,false,
2024-08-11 03:00:00,Costa Rica,Costa Rica,CR,42.02,89.17,89.65,89.65,grupoice.com,false,
2024-08-11 04:00:00,Costa Rica,Costa Rica,CR,45.89,95.11,88.7,88.7,grupoice.com,false,
2024-08-11 05:00:00,Costa Rica,Costa Rica,CR,36.99,81.59,90.89,90.89,Electricity Maps Estimation,true,ESTIMATED_TIME_SLICER_AVERAGE
2024-08-11 06:00:00,Costa Rica,Costa Rica,CR,26.49,65.61,93.48,93.48,grupoice.com,false,
2024-08-11 07:00:00,Costa Rica,Costa Rica,CR,38.08,83.32,90.62,90.62,grupoice.com,false,
2024-08-11 08:00:00,Costa Rica,Costa Rica,CR,39.24,84.95,90.33,90.33,grupoice.com,false,
2024-08-11 09:00:00,Costa Rica,Costa Rica,CR,39.75,85.62,90.21,90.21,grupoice.com,false,
2024-08-11 10:00:00,Costa Rica,Costa Rica,CR,39.76,85.55,90.21,90.21,grupoice.com,false,
2024-08-11 11:00:00,Costa Rica,Costa Rica,CR,48.55,98.98,88.04,88.04,grupoice.com,false,
2024-08-11 12:00:00,Costa Rica,Costa Rica,CR,38.04,82.73,90.63,90.63,grupoice.com,false,
2024-08-11 13:00:00,Costa Rica,Costa Rica,CR,33.54,75.62,91.74,91.74,grupoice.com,false,
2024-08-11 14:00:00,Costa Rica,Costa Rica,CR,37.57,81.93,90.75,90.75,grupoice.com,false,
2024-08-11 15:00:00,Costa Rica,Costa Rica,CR,44.3,92.81,89.09,89.09,grupoice.com,false,
2024-08-11 16:00:00,Costa Rica,Costa Rica,CR,42.83,90.9,89.45,89.45,grupoice.com,false,
2024-08-11 17:00:00,Costa Rica,Costa Rica,CR,41.02,88.06,89.9,89.9,grupoice.com,false,
2024-08-11 18:00:00,Costa Rica,Costa Rica,CR,40.18,87.14,90.1,90.1,grupoice.com,false,
2024-08-11 19:00:00,Costa Rica,Costa Rica,CR,40.92,88.42,89.92,89.92,grupoice.com,false,
2024-08-11 20:00:00,Costa Rica,Costa Rica,CR,41.93,90.02,89.67,89.67,grupoice.com,false,
2024-08-11 21:00:00,Costa Rica,Costa Rica,CR,34.96,79.31,91.39,91.39,grupoice.com,false,
2024-08-11 22:00:00,Costa Rica,Costa Rica,CR,35.24,80.04,91.32,91.32,grupoice.com,false,
2024-08-11 23:00:00,Costa Rica,Costa Rica,CR,32.53,75.79,91.99,91.99,grupoice.com,false,
2024-08-12 00:00:00,Costa Rica,Costa Rica,CR,30.23,72.24,92.55,92.55,grupoice.com,false,
2024-08-12 01:00:00,Costa Rica,Costa Rica,CR,37.35,83.23,90.8,90.8,grupoice.com,false,
2024-08-12 02:00:00,Costa Rica,Costa Rica,CR,32.99,76.62,91.87,91.87,grupoice.com,false,
2024-08-12 03:00:00,Costa Rica,Costa Rica,CR,0.72,27.0,99.82,99.82,grupoice.com,false,
2024-08-12 04:00:00,Costa Rica,Costa Rica,CR,0.0,26.06,100.0,100.0,grupoice.com,false,
2024-08-12 05:00:00,Costa Rica,Costa Rica,CR,0.0,26.08,100.0,100.0,grupoice.com,false,
2024-08-12 06:00:00,Costa Rica,Costa Rica,CR,0.0,25.91,100.0,100.0,grupoice.com,false,
2024-08-12 07:00:00,Costa Rica,Costa Rica,CR,0.0,25.77,100.0,100.0,grupoice.com,false,
2024-08-12 08:00:00,Costa Rica,Costa Rica,CR,0.0,25.2,100.0,100.0,grupoice.com,false,
2024-08-12 09:00:00,Costa Rica,Costa Rica,CR,0.0,24.92,100.0,100.0,grupoice.com,false,
2024-08-12 10:00:00,Costa Rica,Costa Rica,CR,0.03,25.77,99.99,99.99,grupoice.com,false,
2024-08-12 11:00:00,Costa Rica,Costa Rica,CR,20.08,56.57,95.05,95.05,grupoice.com,false,
2024-08-12 12:00:00,Costa Rica,Costa Rica,CR,44.42,94.19,89.06,89.06,grupoice.com,false,
2024-08-12 13:00:00,Costa Rica,Costa Rica,CR,44.45,94.28,89.05,89.05,grupoice.com,false,
2024-08-12 14:00:00,Costa Rica,Costa Rica,CR,45.47,95.73,88.8,88.8,grupoice.com,false,
2024-08-12 15:00:00,Costa Rica,Costa Rica,CR,46.03,96.59,88.66,88.66,grupoice.com,false,
2024-08-12 16:00:00,Costa Rica,Costa Rica,CR,44.59,94.34,89.02,89.02,grupoice.com,false,
2024-08-12 17:00:00,Costa Rica,Costa Rica,CR,41.77,89.91,89.71,89.71,grupoice.com,false,
2024-08-12 18:00:00,Costa Rica,Costa Rica,CR,41.39,89.32,89.8,89.8,grupoice.com,false,
2024-08-12 19:00:00,Costa Rica,Costa Rica,CR,40.78,88.26,89.96,89.96,grupoice.com,false,
2024-08-12 20:00:00,Costa Rica,Costa Rica,CR,41.71,89.72,89.73,89.73,grupoice.com,false,
2024-08-12 21:00:00,Costa Rica,Costa Rica,CR,42.32,90.7,89.58,89.58,grupoice.com,false,
2024-08-12 22:00:00,Costa Rica,Costa Rica,CR,43.87,93.14,89.19,89.19,grupoice.com,false,
2024-08-12 23:00:00,Costa Rica,Costa Rica,CR,37.65,83.62,90.73,90.73,grupoice.com,false,
2024-08-13 00:00:00,Costa Rica,Costa Rica,CR,27.07,67.09,93.33,93.33,grupoice.com,false,
2024-08-13 01:00:00,Costa Rica,Costa Rica,CR,30.75,72.75,92.43,92.43,grupoice.com,false,
2024-08-13 02:00:00,Costa Rica,Costa Rica,CR,44.95,94.97,88.93,88.93,grupoice.com,false,
2024-08-13 03:00:00,Costa Rica,Costa Rica,CR,47.09,98.37,88.4,88.4,grupoice.com,false,
2024-08-13 04:00:00,Costa Rica,Costa Rica,CR,41.73,90.28,89.72,89.72,grupoice.com,false,
2024-08-13 05:00:00,Costa Rica,Costa Rica,CR,15.99,50.74,96.06,96.06,grupoice.com,false,
2024-08-13 06:00:00,Costa Rica,Costa Rica,CR,0.0,26.13,100.0,100.0,grupoice.com,false,
2024-08-13 07:00:00,Costa Rica,Costa Rica,CR,0.0,25.53,100.0,100.0,grupoice.com,false,
2024-08-13 08:00:00,Costa Rica,Costa Rica,CR,0.0,25.41,100.0,100.0,grupoice.com,false,
2024-08-13 09:00:00,Costa Rica,Costa Rica,CR,0.3,25.42,99.93,99.93,grupoice.com,false,
2024-08-13 10:00:00,Costa Rica,Costa Rica,CR,22.26,59.02,94.52,94.52,grupoice.com,false,
2024-08-13 11:00:00,Costa Rica,Costa Rica,CR,29.43,69.59,92.75,92.75,grupoice.com,false,
2024-08-13 12:00:00,Costa Rica,Costa Rica,CR,33.82,76.47,91.67,91.67,grupoice.com,false,
2024-08-13 13:00:00,Costa Rica,Costa Rica,CR,34.57,78.01,91.49,91.49,grupoice.com,false,
2024-08-13 14:00:00,Costa Rica,Costa Rica,CR,44.38,93.64,89.07,89.07,grupoice.com,false,
2024-08-13 15:00:00,Costa Rica,Costa Rica,CR,43.72,92.67,89.23,89.23,grupoice.com,false,
2024-08-13 16:00:00,Costa Rica,Costa Rica,CR,42.6,91.05,89.51,89.51,grupoice.com,false,
2024-08-13 17:00:00,Costa Rica,Costa Rica,CR,40.9,88.12,89.93,89.93,grupoice.com,false,
2024-08-13 18:00:00,Costa Rica,Costa Rica,CR,40.54,87.22,90.01,90.01,grupoice.com,false,
2024-08-13 19:00:00,Costa Rica,Costa Rica,CR,39.73,85.84,90.21,90.21,grupoice.com,false,
2024-08-13 20:00:00,Costa Rica,Costa Rica,CR,35.13,78.84,91.35,91.35,grupoice.com,false,
2024-08-13 21:00:00,Costa Rica,Costa Rica,CR,29.47,70.47,92.74,92.74,grupoice.com,false,
2024-08-13 22:00:00,Costa Rica,Costa Rica,CR,28.59,69.41,92.96,92.96,grupoice.com,false,
2024-08-13 23:00:00,Costa Rica,Costa Rica,CR,28.54,69.25,92.97,92.97,grupoice.com,false,
2024-08-14 00:00:00,Costa Rica,Costa Rica,CR,28.67,69.14,92.94,92.94,grupoice.com,false,
2024-08-14 01:00:00,Costa Rica,Costa Rica,CR,35.33,79.34,91.3,91.3,grupoice.com,false,
2024-08-14 02:00:00,Costa Rica,Costa Rica,CR,36.91,81.49,90.91,90.91,grupoice.com,false,
2024-08-14 03:00:00,Costa Rica,Costa Rica,CR,44.52,93.45,89.03,89.03,grupoice.com,false,
2024-08-14 04:00:00,Costa Rica,Costa Rica,CR,50.59,102.96,87.54,87.54,grupoice.com,false,
2024-08-14 05:00:00,Costa Rica,Costa Rica,CR,33.29,76.58,91.8,91.8,grupoice.com,false,
2024-08-14 06:00:00,Costa Rica,Costa Rica,CR,4.15,31.96,98.98,98.98,grupoice.com,false,
2024-08-14 07:00:00,Costa Rica,Costa Rica,CR,0.0,25.4,100.0,100.0,grupoice.com,false,
2024-08-14 08:00:00,Costa Rica,Costa Rica,CR,0.0,25.19,100.0,100.0,grupoice.com,false,
2024-08-14 09:00:00,Costa Rica,Costa Rica,CR,9.87,40.26,97.57,97.57,grupoice.com,false,
2024-08-14 10:00:00,Costa Rica,Costa Rica,CR,31.58,73.39,92.22,92.22,grupoice.com,false,
2024-08-14 11:00:00,Costa Rica,Costa Rica,CR,38.87,84.54,90.43,90.43,grupoice.com,false,
2024-08-14 12:00:00,Costa Rica,Costa Rica,CR,38.62,83.62,90.49,90.49,grupoice.com,false,
2024-08-14 13:00:00,Costa Rica,Costa Rica,CR,36.82,80.69,90.93,90.93,grupoice.com,false,
2024-08-14 14:00:00,Costa Rica,Costa Rica,CR,35.03,78.1,91.37,91.37,grupoice.com,false,
2024-08-14 15:00:00,Costa Rica,Costa Rica,CR,33.51,76.34,91.75,91.75,grupoice.com,false,
2024-08-14 16:00:00,Costa Rica,Costa Rica,CR,32.63,75.04,91.96,91.96,grupoice.com,false,
2024-08-14 17:00:00,Costa Rica,Costa Rica,CR,31.22,73.16,92.31,92.31,grupoice.com,false,
2024-08-14 18:00:00,Costa Rica,Costa Rica,CR,31.4,73.4,92.26,92.26,grupoice.com,false,
2024-08-14 19:00:00,Costa Rica,Costa Rica,CR,40.71,87.79,89.97,89.97,grupoice.com,false,
2024-08-14 20:00:00,Costa Rica,Costa Rica,CR,42.62,90.75,89.5,89.5,grupoice.com,false,
2024-08-14 21:00:00,Costa Rica,Costa Rica,CR,41.83,89.58,89.7,89.7,grupoice.com,false,
2024-08-14 22:00:00,Costa Rica,Costa Rica,CR,44.02,92.73,89.16,89.16,grupoice.com,false,
2024-08-14 23:00:00,Costa Rica,Costa Rica,CR,34.36,77.73,91.54,91.54,grupoice.com,false,
2024-08-15 00:00:00,Costa Rica,Costa Rica,CR,41.64,88.74,89.74,89.74,grupoice.com,false,
2024-08-15 01:00:00,Costa Rica,Costa Rica,CR,41.37,88.44,89.81,89.81,grupoice.com,false,
2024-08-15 02:00:00,Costa Rica,Costa Rica,CR,42.13,89.52,89.62,89.62,grupoice.com,false,
2024-08-15 03:00:00,Costa Rica,Costa Rica,CR,35.38,78.8,91.28,91.28,grupoice.com,false,
2024-08-15 04:00:00,Costa Rica,Costa Rica,CR,1.34,26.0,99.67,99.67,grupoice.com,false,
2024-08-15 05:00:00,Costa Rica,Costa Rica,CR,0.0,23.7,100.0,100.0,grupoice.com,false,
2024-08-15 06:00:00,Costa Rica,Costa Rica,CR,0.0,23.77,100.0,100.0,grupoice.com,false,
2024-08-15 07:00:00,Costa Rica,Costa Rica,CR,0.0,24.08,100.0,100.0,grupoice.com,false,
2024-08-15 08:00:00,Costa Rica,Costa Rica,CR,0.0,25.13,100.0,100.0,grupoice.com,false,
2024-08-15 09:00:00,Costa Rica,Costa Rica,CR,0.0,25.41,100.0,100.0,grupoice.com,false,
2024-08-15 10:00:00,Costa Rica,Costa Rica,CR,0.0,24.81,100.0,100.0,grupoice.com,false,
2024-08-15 11:00:00,Costa Rica,Costa Rica,CR,0.0,24.82,100.0,100.0,grupoice.com,false,
2024-08-15 12:00:00,Costa Rica,Costa Rica,CR,0.0,25.36,100.0,100.0,grupoice.com,false,
2024-08-15 13:00:00,Costa Rica,Costa Rica,CR,1.2,27.05,99.7,99.7,grupoice.com,false,
2024-08-15 14:00:00,Costa Rica,Costa Rica,CR,12.81,44.73,96.84,96.84,grupoice.com,false,
2024-08-15 15:00:00,Costa Rica,Costa Rica,CR,13.94,45.94,96.57,96.57,grupoice.com,false,
2024-08-15 16:00:00,Costa Rica,Costa Rica,CR,13.29,44.86,96.73,96.73,grupoice.com,false,
2024-08-15 17:00:00,Costa Rica,Costa Rica,CR,12.71,44.02,96.87,96.87,grupoice.com,false,
2024-08-15 18:00:00,Costa Rica,Costa Rica,CR,12.76,44.12,96.86,96.86,grupoice.com,false,
2024-08-15 19:00:00,Costa Rica,Costa Rica,CR,8.69,38.19,97.86,97.86,grupoice.com,false,
2024-08-15 20:00:00,Costa Rica,Costa Rica,CR,0.0,24.84,100.0,100.0,grupoice.com,false,
2024-08-15 21:00:00,Costa Rica,Costa Rica,CR,0.0,24.67,100.0,100.0,grupoice.com,false,
2024-08-15 22:00:00,Costa Rica,Costa Rica,CR,0.0,24.67,100.0,100.0,grupoice.com,false,
2024-08-15 23:00:00,Costa Rica,Costa Rica,CR,0.0,24.45,100.0,100.0,grupoice.com,false,
2024-08-16 00:00:00,Costa Rica,Costa Rica,CR,0.0,24.59,100.0,100.0,grupoice.com,false,
2024-08-16 01:00:00,Costa Rica,Costa Rica,CR,0.0,24.51,100.0,100.0,grupoice.com,false,
2024-08-16 02:00:00,Costa Rica,Costa Rica,CR,0.0,24.62,100.0,100.0,grupoice.com,false,
2024-08-16 03:00:00,Costa Rica,Costa Rica,CR,0.0,24.45,100.0,100.0,grupoice.com,false,
2024-08-16 04:00:00,Costa Rica,Costa Rica,CR,0.0,24.02,100.0,100.0,grupoice.com,false,
2024-08-16 05:00:00,Costa Rica,Costa Rica,CR,0.0,23.88,100.0,100.0,grupoice.com,false,
2024-08-16 06:00:00,Costa Rica,Costa Rica,CR,0.0,24.05,100.0,100.0,grupoice.com,false,
2024-08-16 07:00:00,Costa Rica,Costa Rica,CR,0.0,24.17,100.0,100.0,grupoice.com,false,
2024-08-16 08:00:00,Costa Rica,Costa Rica,CR,0.0,23.79,100.0,100.0,grupoice.com,false,
2024-08-16 09:00:00,Costa Rica,Costa Rica,CR,0.0,24.43,100.0,100.0,grupoice.com,false,
2024-08-16 10:00:00,Costa Rica,Costa Rica,CR,0.0,25.13,100.0,100.0,grupoice.com,false,
2024-08-16 11:00:00,Costa Rica,Costa Rica,CR,0.0,25.3,100.0,100.0,grupoice.com,false,
2024-08-16 12:00:00,Costa Rica,Costa Rica,CR,0.0,25.16,100.0,100.0,grupoice.com,false,
2024-08-16 13:00:00,Costa Rica,Costa Rica,CR,0.0,24.65,100.0,100.0,grupoice.com,false,
2024-08-16 14:00:00,Costa Rica,Costa Rica,CR,2.03,27.72,99.5,99.5,grupoice.com,false,
2024-08-16 15:00:00,Costa Rica,Costa Rica,CR,8.39,37.7,97.93,97.93,grupoice.com,false,
2024-08-16 16:00:00,Costa Rica,Costa Rica,CR,11.59,42.76,97.15,97.15,grupoice.com,false,
2024-08-16 17:00:00,Costa Rica,Costa Rica,CR,17.93,52.66,95.58,95.58,grupoice.com,false,
2024-08-16 18:00:00,Costa Rica,Costa Rica,CR,21.99,58.93,94.58,94.58,grupoice.com,false,
2024-08-16 19:00:00,Costa Rica,Costa Rica,CR,23.93,61.93,94.11,94.11,grupoice.com,false,
2024-08-16 20:00:00,Costa Rica,Costa Rica,CR,24.36,62.51,94.0,94.0,grupoice.com,false,
2024-08-16 21:00:00,Costa Rica,Costa Rica,CR,24.86,63.42,93.88,93.88,grupoice.com,false,
2024-08-16 22:00:00,Costa Rica,Costa Rica,CR,25.7,64.87,93.67,93.67,grupoice.com,false,
2024-08-16 23:00:00,Costa Rica,Costa Rica,CR,26.25,65.87,93.53,93.53,grupoice.com,false,
2024-08-17 00:00:00,Costa Rica,Costa Rica,CR,24.79,63.04,93.89,93.89,grupoice.com,false,
2024-08-17 01:00:00,Costa Rica,Costa Rica,CR,28.25,68.13,93.04,93.04,grupoice.com,false,
2024-08-17 02:00:00,Costa Rica,Costa Rica,CR,38.42,83.53,90.54,90.54,grupoice.com,false,
2024-08-17 03:00:00,Costa Rica,Costa Rica,CR,26.45,64.98,93.48,93.48,grupoice.com,false,
2024-08-17 04:00:00,Costa Rica,Costa Rica,CR,7.5,35.86,98.15,98.15,grupoice.com,false,
2024-08-17 05:00:00,Costa Rica,Costa Rica,CR,0.0,24.2,100.0,100.0,grupoice.com,false,
2024-08-17 06:00:00,Costa Rica,Costa Rica,CR,0.0,24.53,100.0,100.0,grupoice.com,false,
2024-08-17 07:00:00,Costa Rica,Costa Rica,CR,0.0,24.52,100.0,100.0,grupoice.com,false,
2024-08-17 08:00:00,Costa Rica,Costa Rica,CR,0.0,24.97,100.0,100.0,grupoice.com,false,
2024-08-17 09:00:00,Costa Rica,Costa Rica,CR,0.0,25.4,100.0,100.0,grupoice.com,false,
2024-08-17 10:00:00,Costa Rica,Costa Rica,CR,0.0,25.01,100.0,100.0,grupoice.com,false,
2024-08-17 11:00:00,Costa Rica,Costa Rica,CR,0.0,24.52,100.0,100.0,grupoice.com,false,
2024-08-17 12:00:00,Costa Rica,Costa Rica,CR,8.55,37.86,97.89,97.89,grupoice.com,false,
2024-08-17 13:00:00,Costa Rica,Costa Rica,CR,42.31,90.15,89.58,89.58,grupoice.com,false,
2024-08-17 14:00:00,Costa Rica,Costa Rica,CR,41.9,89.26,89.68,89.68,grupoice.com,false,
2024-08-17 15:00:00,Costa Rica,Costa Rica,CR,39.53,85.24,90.26,90.26,grupoice.com,false,
2024-08-17 16:00:00,Costa Rica,Costa Rica,CR,38.64,83.71,90.48,90.48,grupoice.com,false,
2024-08-17 17:00:00,Costa Rica,Costa Rica,CR,37.11,81.41,90.86,90.86,grupoice.com,false,
2024-08-17 18:00:00,Costa Rica,Costa Rica,CR,36.68,81.16,90.97,90.97,grupoice.com,false,
2024-08-17 19:00:00,Costa Rica,Costa Rica,CR,35.32,79.48,91.3,91.3,grupoice.com,false,
2024-08-17 20:00:00,Costa Rica,Costa Rica,CR,33.93,77.43,91.64,91.64,grupoice.com,false,
2024-08-17 21:00:00,Costa Rica,Costa Rica,CR,29.3,70.05,92.78,92.78,grupoice.com,false,
2024-08-17 22:00:00,Costa Rica,Costa Rica,CR,27.91,68.22,93.13,93.13,grupoice.com,false,
2024-08-17 23:00:00,Costa Rica,Costa Rica,CR,27.9,68.32,93.13,93.13,grupoice.com,false,
2024-08-18 00:00:00,Costa Rica,Costa Rica,CR,37.86,83.61,90.68,90.68,grupoice.com,false,
2024-08-18 01:00:00,Costa Rica,Costa Rica,CR,40.22,87.51,90.09,90.09,grupoice.com,false,
2024-08-18 02:00:00,Costa Rica,Costa Rica,CR,41.91,90.32,89.68,89.68,grupoice.com,false,
2024-08-18 03:00:00,Costa Rica,Costa Rica,CR,38.69,84.86,90.47,90.47,grupoice.com,false,
2024-08-18 04:00:00,Costa Rica,Costa Rica,CR,0.35,25.27,99.91,99.91,grupoice.com,false,
2024-08-18 05:00:00,Costa Rica,Costa Rica,CR,0.0,24.72,100.0,100.0,grupoice.com,false,
2024-08-18 06:00:00,Costa Rica,Costa Rica,CR,0.0,24.64,100.0,100.0,grupoice.com,false,
2024-08-18 07:00:00,Costa Rica,Costa Rica,CR,0.0,23.69,100.0,100.0,grupoice.com,false,
2024-08-18 08:00:00,Costa Rica,Costa Rica,CR,0.0,23.77,100.0,100.0,grupoice.com,false,
2024-08-18 09:00:00,Costa Rica,Costa Rica,CR,3.0,29.48,99.26,99.26,grupoice.com,false,
2024-08-18 10:00:00,Costa Rica,Costa Rica,CR,27.02,67.44,93.35,93.35,grupoice.com,false,
2024-08-18 11:00:00,Costa Rica,Costa Rica,CR,25.97,65.38,93.6,93.6,grupoice.com,false,
2024-08-18 12:00:00,Costa Rica,Costa Rica,CR,18.48,52.88,95.45,95.45,grupoice.com,false,
2024-08-18 13:00:00,Costa Rica,Costa Rica,CR,16.57,49.62,95.92,95.92,grupoice.com,false,
2024-08-18 14:00:00,Costa Rica,Costa Rica,CR,14.98,47.05,96.31,96.31,grupoice.com,false,
2024-08-18 15:00:00,Costa Rica,Costa Rica,CR,18.63,53.42,95.41,95.41,grupoice.com,false,
2024-08-18 16:00:00,Costa Rica,Costa Rica,CR,19.49,55.09,95.2,95.2,grupoice.com,false,
2024-08-18 17:00:00,Costa Rica,Costa Rica,CR,18.82,54.52,95.36,95.36,grupoice.com,false,
2024-08-18 18:00:00,Costa Rica,Costa Rica,CR,18.19,53.75,95.52,95.52,grupoice.com,false,
2024-08-18 19:00:00,Costa Rica,Costa Rica,CR,13.63,46.3,96.64,96.64,grupoice.com,false,
2024-08-18 20:00:00,Costa Rica,Costa Rica,CR,13.56,46.37,96.66,96.66,grupoice.com,false,
2024-08-18 21:00:00,Costa Rica,Costa Rica,CR,14.06,47.59,96.54,96.54,grupoice.com,false,
2024-08-18 22:00:00,Costa Rica,Costa Rica,CR,0.28,26.4,99.93,99.93,grupoice.com,false,
2024-08-18 23:00:00,Costa Rica,Costa Rica,CR,0.81,26.68,99.8,99.8,grupoice.com,false,
2024-08-19 00:00:00,Costa Rica,Costa Rica,CR,35.94,80.85,91.15,91.15,grupoice.com,false,
2024-08-19 01:00:00,Costa Rica,Costa Rica,CR,49.98,102.64,87.69,87.69,grupoice.com,false,
2024-08-19 02:00:00,Costa Rica,Costa Rica,CR,37.09,82.83,90.86,90.86,grupoice.com,false,
2024-08-19 03:00:00,Costa Rica,Costa Rica,CR,7.71,37.17,98.1,98.1,grupoice.com,false,
2024-08-19 04:00:00,Costa Rica,Costa Rica,CR,0.0,24.72,100.0,100.0,grupoice.com,false,
2024-08-19 05:00:00,Costa Rica,Costa Rica,CR,0.0,24.18,100.0,100.0,grupoice.com,false,
2024-08-19 06:00:00,Costa Rica,Costa Rica,CR,0.0,24.16,100.0,100.0,grupoice.com,false,
2024-08-19 07:00:00,Costa Rica,Costa Rica,CR,0.0,24.13,100.0,100.0,grupoice.com,false,
2024-08-19 08:00:00,Costa Rica,Costa Rica,CR,0.0,24.08,100.0,100.0,grupoice.com,false,
2024-08-19 09:00:00,Costa Rica,Costa Rica,CR,0.0,24.41,100.0,100.0,grupoice.com,false,
2024-08-19 10:00:00,Costa Rica,Costa Rica,CR,0.0,24.27,100.0,100.0,grupoice.com,false,
2024-08-19 11:00:00,Costa Rica,Costa Rica,CR,5.19,32.27,98.72,98.72,grupoice.com,false,
2024-08-19 12:00:00,Costa Rica,Costa Rica,CR,14.3,45.93,96.48,96.48,grupoice.com,false,
2024-08-19 13:00:00,Costa Rica,Costa Rica,CR,0.19,23.84,99.95,99.95,grupoice.com,false,
2024-08-19 14:00:00,Costa Rica,Costa Rica,CR,0.08,24.18,99.98,99.98,grupoice.com,false,
2024-08-19 15:00:00,Costa Rica,Costa Rica,CR,17.32,51.53,95.74,95.74,grupoice.com,false,
2024-08-19 16:00:00,Costa Rica,Costa Rica,CR,32.76,75.39,91.93,91.93,grupoice.com,false,
2024-08-19 17:00:00,Costa Rica,Costa Rica,CR,32.56,75.2,91.98,91.98,grupoice.com,false,
2024-08-19 18:00:00,Costa Rica,Costa Rica,CR,39.95,86.65,90.16,90.16,grupoice.com,false,
2024-08-19 19:00:00,Costa Rica,Costa Rica,CR,39.33,85.35,90.31,90.31,grupoice.com,false,
2024-08-19 20:00:00,Costa Rica,Costa Rica,CR,38.69,84.15,90.47,90.47,grupoice.com,false,
2024-08-19 21:00:00,Costa Rica,Costa Rica,CR,42.62,90.67,89.5,89.5,grupoice.com,false,
2024-08-19 22:00:00,Costa Rica,Costa Rica,CR,44.77,94.1,88.97,88.97,grupoice.com,false,
2024-08-19 23:00:00,Costa Rica,Costa Rica,CR,46.46,96.39,88.56,88.56,grupoice.com,false,
2024-08-20 00:00:00,Costa Rica,Costa Rica,CR,43.37,91.63,89.32,89.32,grupoice.com,false,
2024-08-20 01:00:00,Costa Rica,Costa Rica,CR,38.78,84.07,90.45,90.45,grupoice.com,false,
2024-08-20 02:00:00,Costa Rica,Costa Rica,CR,38.97,83.95,90.4,90.4,grupoice.com,false,
2024-08-20 03:00:00,Costa Rica,Costa Rica,CR,36.25,79.73,91.07,91.07,grupoice.com,false,
2024-08-20 04:00:00,Costa Rica,Costa Rica,CR,34.01,76.32,91.62,91.62,grupoice.com,false,
2024-08-20 05:00:00,Costa Rica,Costa Rica,CR,37.45,81.7,90.78,90.78,grupoice.com,false,
2024-08-20 06:00:00,Costa Rica,Costa Rica,CR,28.39,68.03,93.01,93.01,grupoice.com,false,
2024-08-20 07:00:00,Costa Rica,Costa Rica,CR,12.67,44.11,96.88,96.88,grupoice.com,false,
2024-08-20 08:00:00,Costa Rica,Costa Rica,CR,12.9,44.24,96.82,96.82,grupoice.com,false,
2024-08-20 09:00:00,Costa Rica,Costa Rica,CR,12.76,43.96,96.86,96.86,grupoice.com,false,
2024-08-20 10:00:00,Costa Rica,Costa Rica,CR,29.6,69.65,92.71,92.71,grupoice.com,false,
2024-08-20 11:00:00,Costa Rica,Costa Rica,CR,23.21,59.28,94.28,94.28,grupoice.com,false,
2024-08-20 12:00:00,Costa Rica,Costa Rica,CR,21.15,56.13,94.79,94.79,grupoice.com,false,
2024-08-20 13:00:00,Costa Rica,Costa Rica,CR,19.67,53.54,95.15,95.15,grupoice.com,false,
2024-08-20 14:00:00,Costa Rica,Costa Rica,CR,23.74,59.81,94.15,94.15,grupoice.com,false,
2024-08-20 15:00:00,Costa Rica,Costa Rica,CR,27.4,65.35,93.25,93.25,grupoice.com,false,
2024-08-20 16:00:00,Costa Rica,Costa Rica,CR,26.56,64.15,93.46,93.46,grupoice.com,false,
2024-08-20 17:00:00,Costa Rica,Costa Rica,CR,20.64,55.03,94.92,94.92,grupoice.com,false,
2024-08-20 18:00:00,Costa Rica,Costa Rica,CR,17.59,50.51,95.67,95.67,grupoice.com,false,
2024-08-20 19:00:00,Costa Rica,Costa Rica,CR,0.05,23.58,99.99,99.99,grupoice.com,false,
2024-08-20 20:00:00,Costa Rica,Costa Rica,CR,0.0,23.33,100.0,100.0,grupoice.com,false,
2024-08-20 21:00:00,Costa Rica,Costa Rica,CR,0.0,23.28,100.0,100.0,grupoice.com,false,
2024-08-20 22:00:00,Costa Rica,Costa Rica,CR,0.0,23.29,100.0,100.0,grupoice.com,false,
2024-08-20 23:00:00,Costa Rica,Costa Rica,CR,0.0,23.28,100.0,100.0,grupoice.com,false,
2024-08-21 00:00:00,Costa Rica,Costa Rica,CR,0.0,23.34,100.0,100.0,grupoice.com,false,
2024-08-21 01:00:00,Costa Rica,Costa Rica,CR,0.0,23.37,100.0,100.0,grupoice.com,false,
2024-08-21 02:00:00,Costa Rica,Costa Rica,CR,0.0,23.49,100.0,100.0,grupoice.com,false,
2024-08-21 03:00:00,Costa Rica,Costa Rica,CR,6.61,33.97,98.37,98.37,grupoice.com,false,
2024-08-21 04:00:00,Costa Rica,Costa Rica,CR,21.07,56.72,94.81,94.81,grupoice.com,false,
2024-08-21 05:00:00,Costa Rica,Costa Rica,CR,23.02,59.94,94.33,94.33,grupoice.com,false,
2024-08-21 06:00:00,Costa Rica,Costa Rica,CR,27.25,66.24,93.29,93.29,grupoice.com,false,
2024-08-21 07:00:00,Costa Rica,Costa Rica,CR,27.19,66.11,93.3,93.3,grupoice.com,false,
2024-08-21 08:00:00,Costa Rica,Costa Rica,CR,27.82,66.65,93.15,93.15,grupoice.com,false,
2024-08-21 09:00:00,Costa Rica,Costa Rica,CR,27.55,66.52,93.22,93.22,grupoice.com,false,
2024-08-21 10:00:00,Costa Rica,Costa Rica,CR,38.34,83.79,90.56,90.56,grupoice.com,false,
2024-08-21 11:00:00,Costa Rica,Costa Rica,CR,53.23,107.12,86.89,86.89,grupoice.com,false,
2024-08-21 12:00:00,Costa Rica,Costa Rica,CR,53.28,107.41,86.88,86.88,grupoice.com,false,
2024-08-21 13:00:00,Costa Rica,Costa Rica,CR,51.4,104.37,87.34,87.34,grupoice.com,false,
2024-08-21 14:00:00,Costa Rica,Costa Rica,CR,48.05,98.77,88.17,88.17,grupoice.com,false,
2024-08-21 15:00:00,Costa Rica,Costa Rica,CR,46.79,96.99,88.48,88.48,grupoice.com,false,
2024-08-21 16:00:00,Costa Rica,Costa Rica,CR,44.6,93.89,89.02,89.02,grupoice.com,false,
2024-08-21 17:00:00,Costa Rica,Costa Rica,CR,42.06,89.66,89.64,89.64,grupoice.com,false,
2024-08-21 18:00:00,Costa Rica,Costa Rica,CR,42.38,90.11,89.56,89.56,grupoice.com,false,
2024-08-21 19:00:00,Costa Rica,Costa Rica,CR,42.27,90.02,89.59,89.59,grupoice.com,false,
2024-08-21 20:00:00,Costa Rica,Costa Rica,CR,42.96,91.1,89.42,89.42,grupoice.com,false,
2024-08-21 21:00:00,Costa Rica,Costa Rica,CR,43.69,92.35,89.24,89.24,grupoice.com,false,
2024-08-21 22:00:00,Costa Rica,Costa Rica,CR,44.15,93.15,89.13,89.13,grupoice.com,false,
2024-08-21 23:00:00,Costa Rica,Costa Rica,CR,44.7,94.34,88.99,88.99,grupoice.com,false,
2024-08-22 00:00:00,Costa Rica,Costa Rica,CR,40.85,88.24,89.94,89.94,grupoice.com,false,
2024-08-22 01:00:00,Costa Rica,Costa Rica,CR,41.76,89.61,89.71,89.71,grupoice.com,false,
2024-08-22 02:00:00,Costa Rica,Costa Rica,CR,47.57,98.46,88.28,88.28,grupoice.com,false,
2024-08-22 03:00:00,Costa Rica,Costa Rica,CR,58.81,115.87,85.51,85.51,grupoice.com,false,
2024-08-22 04:00:00,Costa Rica,Costa Rica,CR,66.71,128.38,83.57,83.57,grupoice.com,false,
2024-08-22 05:00:00,Costa Rica,Costa Rica,CR,74.31,140.17,81.7,81.7,grupoice.com,false,
2024-08-22 06:00:00,Costa Rica,Costa Rica,CR,81.52,151.36,79.92,79.92,grupoice.com,false,
2024-08-22 07:00:00,Costa Rica,Costa Rica,CR,83.32,153.99,79.48,79.48,grupoice.com,false,
2024-08-22 08:00:00,Costa Rica,Costa Rica,CR,76.42,142.84,81.18,81.18,grupoice.com,false,
2024-08-22 09:00:00,Costa Rica,Costa Rica,CR,72.27,136.45,82.2,82.2,grupoice.com,false,
2024-08-22 10:00:00,Costa Rica,Costa Rica,CR,67.8,129.45,83.3,83.3,grupoice.com,false,
2024-08-22 11:00:00,Costa Rica,Costa Rica,CR,63.09,121.85,84.46,84.46,grupoice.com,false,
2024-08-22 12:00:00,Costa Rica,Costa Rica,CR,52.59,105.82,87.05,87.05,grupoice.com,false,
2024-08-22 13:00:00,Costa Rica,Costa Rica,CR,49.76,101.28,87.74,87.74,grupoice.com,false,
2024-08-22 14:00:00,Costa Rica,Costa Rica,CR,46.32,95.53,88.59,88.59,grupoice.com,false,
2024-08-22 15:00:00,Costa Rica,Costa Rica,CR,42.47,89.12,89.54,89.54,grupoice.com,false,
2024-08-22 16:00:00,Costa Rica,Costa Rica,CR,32.72,73.96,91.94,91.94,grupoice.com,false,
2024-08-22 17:00:00,Costa Rica,Costa Rica,CR,33.72,75.58,91.69,91.69,grupoice.com,false,
2024-08-22 18:00:00,Costa Rica,Costa Rica,CR,36.82,80.02,90.93,90.93,grupoice.com,false,
2024-08-22 19:00:00,Costa Rica,Costa Rica,CR,18.56,51.7,95.43,95.43,grupoice.com,false,
2024-08-22 20:00:00,Costa Rica,Costa Rica,CR,0.0,23.12,100.0,100.0,grupoice.com,false,
2024-08-22 21:00:00,Costa Rica,Costa Rica,CR,0.0,23.17,100.0,100.0,grupoice.com,false,
2024-08-22 22:00:00,Costa Rica,Costa Rica,CR,0.0,23.27,100.0,100.0,grupoice.com,false,
2024-08-22 23:00:00,Costa Rica,Costa Rica,CR,0.0,23.4,100.0,100.0,grupoice.com,false,
2024-08-23 00:00:00,Costa Rica,Costa Rica,CR,1.2,26.01,99.7,99.7,grupoice.com,false,
2024-08-23 01:00:00,Costa Rica,Costa Rica,CR,18.23,52.68,95.51,95.51,grupoice.com,false,
2024-08-23 02:00:00,Costa Rica,Costa Rica,CR,23.73,61.66,94.16,94.16,grupoice.com,false,
2024-08-23 03:00:00,Costa Rica,Costa Rica,CR,28.2,68.76,93.05,93.05,grupoice.com,false,
2024-08-23 04:00:00,Costa Rica,Costa Rica,CR,34.62,79.02,91.47,91.47,grupoice.com,false,
2024-08-23 05:00:00,Costa Rica,Costa Rica,CR,45.57,95.94,88.78,88.78,grupoice.com,false,
2024-08-23 06:00:00,Costa Rica,Costa Rica,CR,62.87,122.76,84.52,84.52,grupoice.com,false,
2024-08-23 07:00:00,Costa Rica,Costa Rica,CR,71.04,135.62,82.5,82.5,grupoice.com,false,
2024-08-23 08:00:00,Costa Rica,Costa Rica,CR,78.59,147.46,80.64,80.64,grupoice.com,false,
2024-08-23 09:00:00,Costa Rica,Costa Rica,CR,70.11,134.29,82.73,82.73,grupoice.com,false,
2024-08-23 10:00:00,Costa Rica,Costa Rica,CR,65.8,127.07,83.79,83.79,grupoice.com,false,
2024-08-23 11:00:00,Costa Rica,Costa Rica,CR,61.2,119.6,84.93,84.93,grupoice.com,false,
2024-08-23 12:00:00,Costa Rica,Costa Rica,CR,56.99,113.03,85.96,85.96,grupoice.com,false,
2024-08-23 13:00:00,Costa Rica,Costa Rica,CR,54.08,108.8,86.68,86.68,grupoice.com,false,
2024-08-23 14:00:00,Costa Rica,Costa Rica,CR,52.52,106.21,87.06,87.06,grupoice.com,false,
2024-08-23 15:00:00,Costa Rica,Costa Rica,CR,50.12,102.57,87.65,87.65,grupoice.com,false,
2024-08-23 16:00:00,Costa Rica,Costa Rica,CR,44.36,93.66,89.07,89.07,grupoice.com,false,
2024-08-23 17:00:00,Costa Rica,Costa Rica,CR,38.89,85.11,90.42,90.42,grupoice.com,false,
2024-08-23 18:00:00,Costa Rica,Costa Rica,CR,45.88,96.32,88.7,88.7,grupoice.com,false,
2024-08-23 19:00:00,Costa Rica,Costa Rica,CR,45.69,96.01,88.75,88.75,grupoice.com,false,
2024-08-23 20:00:00,Costa Rica,Costa Rica,CR,46.61,97.46,88.52,88.52,grupoice.com,false,
2024-08-23 21:00:00,Costa Rica,Costa Rica,CR,53.93,108.8,86.72,86.72,grupoice.com,false,
2024-08-23 22:00:00,Costa Rica,Costa Rica,CR,55.53,111.36,86.32,86.32,grupoice.com,false,
2024-08-23 23:00:00,Costa Rica,Costa Rica,CR,49.52,102.12,87.8,87.8,grupoice.com,false,
2024-08-24 00:00:00,Costa Rica,Costa Rica,CR,45.59,95.84,88.77,88.77,grupoice.com,false,
2024-08-24 01:00:00,Costa Rica,Costa Rica,CR,48.14,99.7,88.14,88.14,grupoice.com,false,
2024-08-24 02:00:00,Costa Rica,Costa Rica,CR,50.69,103.58,87.52,87.52,grupoice.com,false,
2024-08-24 03:00:00,Costa Rica,Costa Rica,CR,56.33,112.43,86.13,86.13,grupoice.com,false,
2024-08-24 04:00:00,Costa Rica,Costa Rica,CR,61.48,120.26,84.86,84.86,Electricity Maps Estimation,true,ESTIMATED_TIME_SLICER_AVERAGE
2024-08-24 05:00:00,Costa Rica,Costa Rica,CR,67.67,129.67,83.33,83.33,Electricity Maps Estimation,true,ESTIMATED_TIME_SLICER_AVERAGE
2024-08-24 06:00:00,Costa Rica,Costa Rica,CR,75.26,141.19,81.46,81.46,grupoice.com,false,
2024-08-24 07:00:00,Costa Rica,Costa Rica,CR,77.81,145.26,80.83,80.83,grupoice.com,false,
2024-08-24 08:00:00,Costa Rica,Costa Rica,CR,80.52,149.4,80.17,80.17,grupoice.com,false,
2024-08-24 09:00:00,Costa Rica,Costa Rica,CR,81.03,150.16,80.04,80.04,grupoice.com,false,
2024-08-24 10:00:00,Costa Rica,Costa Rica,CR,79.09,147.24,80.52,80.52,grupoice.com,false,
2024-08-24 11:00:00,Costa Rica,Costa Rica,CR,77.83,145.16,80.83,80.83,grupoice.com,false,
2024-08-24 12:00:00,Costa Rica,Costa Rica,CR,52.09,105.22,87.17,87.17,grupoice.com,false,
2024-08-24 13:00:00,Costa Rica,Costa Rica,CR,60.65,117.88,85.06,85.06,grupoice.com,false,
2024-08-24 14:00:00,Costa Rica,Costa Rica,CR,59.57,116.01,85.33,85.33,grupoice.com,false,
2024-08-24 15:00:00,Costa Rica,Costa Rica,CR,55.56,110.19,86.32,86.32,grupoice.com,false,
2024-08-24 16:00:00,Costa Rica,Costa Rica,CR,53.27,106.75,86.88,86.88,grupoice.com,false,
2024-08-24 17:00:00,Costa Rica,Costa Rica,CR,51.05,103.38,87.43,87.43,grupoice.com,false,
2024-08-24 18:00:00,Costa Rica,Costa Rica,CR,52.75,106.0,87.01,87.01,grupoice.com,false,
2024-08-24 19:00:00,Costa Rica,Costa Rica,CR,55.61,110.79,86.3,86.3,grupoice.com,false,
2024-08-24 20:00:00,Costa Rica,Costa Rica,CR,54.07,108.61,86.68,86.68,grupoice.com,false,
2024-08-24 21:00:00,Costa Rica,Costa Rica,CR,55.07,110.17,86.44,86.44,grupoice.com,false,
2024-08-24 22:00:00,Costa Rica,Costa Rica,CR,55.94,111.76,86.22,86.22,grupoice.com,false,
2024-08-24 23:00:00,Costa Rica,Costa Rica,CR,54.75,109.86,86.52,86.52,grupoice.com,false,
2024-08-25 00:00:00,Costa Rica,Costa Rica,CR,51.3,104.53,87.36,87.36,grupoice.com,false,
2024-08-25 01:00:00,Costa Rica,Costa Rica,CR,52.01,105.49,87.19,87.19,grupoice.com,false,
2024-08-25 02:00:00,Costa Rica,Costa Rica,CR,53.93,108.23,86.72,86.72,grupoice.com,false,
2024-08-25 03:00:00,Costa Rica,Costa Rica,CR,57.05,113.14,85.95,85.95,grupoice.com,false,
2024-08-25 04:00:00,Costa Rica,Costa Rica,CR,62.43,121.65,84.62,84.62,grupoice.com,false,
2024-08-25 05:00:00,Costa Rica,Costa Rica,CR,68.68,131.73,83.08,83.08,grupoice.com,false,
2024-08-25 06:00:00,Costa Rica,Costa Rica,CR,63.22,123.7,84.43,84.43,grupoice.com,false,
2024-08-25 07:00:00,Costa Rica,Costa Rica,CR,59.99,119.21,85.22,85.22,grupoice.com,false,
2024-08-25 08:00:00,Costa Rica,Costa Rica,CR,61.99,122.48,84.73,84.73,grupoice.com,false,
2024-08-25 09:00:00,Costa Rica,Costa Rica,CR,62.92,123.91,84.5,84.5,grupoice.com,false,
2024-08-25 10:00:00,Costa Rica,Costa Rica,CR,62.82,123.8,84.53,84.53,grupoice.com,false,
2024-08-25 11:00:00,Costa Rica,Costa Rica,CR,64.42,126.31,84.13,84.13,grupoice.com,false,
2024-08-25 12:00:00,Costa Rica,Costa Rica,CR,61.72,122.0,84.8,84.8,grupoice.com,false,
2024-08-25 13:00:00,Costa Rica,Costa Rica,CR,54.01,109.85,86.7,86.7,grupoice.com,false,
2024-08-25 14:00:00,Costa Rica,Costa Rica,CR,50.38,103.92,87.59,87.59,grupoice.com,false,
2024-08-25 15:00:00,Costa Rica,Costa Rica,CR,58.05,115.64,85.7,85.7,grupoice.com,false,
2024-08-25 16:00:00,Costa Rica,Costa Rica,CR,58.99,116.89,85.47,85.47,grupoice.com,false,
2024-08-25 17:00:00,Costa Rica,Costa Rica,CR,56.45,112.73,86.1,86.1,grupoice.com,false,
2024-08-25 18:00:00,Costa Rica,Costa Rica,CR,57.01,113.53,85.96,85.96,grupoice.com,false,
2024-08-25 19:00:00,Costa Rica,Costa Rica,CR,37.51,83.33,90.76,90.76,grupoice.com,false,
2024-08-25 20:00:00,Costa Rica,Costa Rica,CR,36.96,82.35,90.9,90.9,grupoice.com,false,
2024-08-25 21:00:00,Costa Rica,Costa Rica,CR,38.1,84.24,90.62,90.62,grupoice.com,false,
2024-08-25 22:00:00,Costa Rica,Costa Rica,CR,24.36,62.98,94.0,94.0,grupoice.com,false,
2024-08-25 23:00:00,Costa Rica,Costa Rica,CR,23.61,61.99,94.18,94.18,grupoice.com,false,
2024-08-26 00:00:00,Costa Rica,Costa Rica,CR,21.37,58.17,94.74,94.74,grupoice.com,false,
2024-08-26 01:00:00,Costa Rica,Costa Rica,CR,1.85,28.33,99.54,99.54,grupoice.com,false,
2024-08-26 02:00:00,Costa Rica,Costa Rica,CR,0.0,25.95,100.0,100.0,grupoice.com,false,
2024-08-26 03:00:00,Costa Rica,Costa Rica,CR,2.55,30.1,99.37,99.37,grupoice.com,false,
2024-08-26 04:00:00,Costa Rica,Costa Rica,CR,49.65,102.04,87.77,87.77,grupoice.com,false,
2024-08-26 05:00:00,Costa Rica,Costa Rica,CR,55.28,111.87,86.39,86.39,grupoice.com,false,
2024-08-26 06:00:00,Costa Rica,Costa Rica,CR,63.48,124.76,84.36,84.36,grupoice.com,false,
2024-08-26 07:00:00,Costa Rica,Costa Rica,CR,65.67,128.22,83.83,83.83,grupoice.com,false,
2024-08-26 08:00:00,Costa Rica,Costa Rica,CR,67.58,131.3,83.36,83.36,grupoice.com,false,
2024-08-26 09:00:00,Costa Rica,Costa Rica,CR,66.43,129.26,83.64,83.64,grupoice.com,false,
2024-08-26 10:00:00,Costa Rica,Costa Rica,CR,60.61,120.12,85.07,85.07,grupoice.com,false,
2024-08-26 11:00:00,Costa Rica,Costa Rica,CR,58.2,115.97,85.67,85.67,grupoice.com,false,
2024-08-26 12:00:00,Costa Rica,Costa Rica,CR,51.73,105.83,87.26,87.26,grupoice.com,false,
2024-08-26 13:00:00,Costa Rica,Costa Rica,CR,48.25,100.54,88.12,88.12,grupoice.com,false,
2024-08-26 14:00:00,Costa Rica,Costa Rica,CR,43.81,93.73,89.21,89.21,grupoice.com,false,
2024-08-26 15:00:00,Costa Rica,Costa Rica,CR,38.59,85.47,90.49,90.49,grupoice.com,false,
2024-08-26 16:00:00,Costa Rica,Costa Rica,CR,38.07,84.48,90.62,90.62,grupoice.com,false,
2024-08-26 17:00:00,Costa Rica,Costa Rica,CR,35.72,80.7,91.2,91.2,grupoice.com,false,
2024-08-26 18:00:00,Costa Rica,Costa Rica,CR,35.79,80.81,91.18,91.18,grupoice.com,false,
2024-08-26 19:00:00,Costa Rica,Costa Rica,CR,36.12,81.39,91.1,91.1,grupoice.com,false,
2024-08-26 20:00:00,Costa Rica,Costa Rica,CR,36.46,81.92,91.02,91.02,grupoice.com,false,
2024-08-26 21:00:00,Costa Rica,Costa Rica,CR,37.15,83.01,90.85,90.85,grupoice.com,false,
2024-08-26 22:00:00,Costa Rica,Costa Rica,CR,34.11,78.12,91.6,91.6,grupoice.com,false,
2024-08-26 23:00:00,Costa Rica,Costa Rica,CR,30.65,72.9,92.45,92.45,grupoice.com,false,
2024-08-27 00:00:00,Costa Rica,Costa Rica,CR,28.7,69.8,92.93,92.93,grupoice.com,false,
2024-08-27 01:00:00,Costa Rica,Costa Rica,CR,28.88,70.33,92.89,92.89,grupoice.com,false,
2024-08-27 02:00:00,Costa Rica,Costa Rica,CR,44.97,95.3,88.92,88.92,grupoice.com,false,
2024-08-27 03:00:00,Costa Rica,Costa Rica,CR,35.73,81.32,91.2,91.2,grupoice.com,false,
2024-08-27 04:00:00,Costa Rica,Costa Rica,CR,43.47,93.24,89.29,89.29,grupoice.com,false,
2024-08-27 05:00:00,Costa Rica,Costa Rica,CR,50.59,104.45,87.54,87.54,grupoice.com,false,
2024-08-27 06:00:00,Costa Rica,Costa Rica,CR,64.6,126.39,84.09,84.09,grupoice.com,false,
2024-08-27 07:00:00,Costa Rica,Costa Rica,CR,57.27,114.25,85.89,85.89,grupoice.com,false,
2024-08-27 08:00:00,Costa Rica,Costa Rica,CR,51.47,104.4,87.32,87.32,grupoice.com,false,
2024-08-27 09:00:00,Costa Rica,Costa Rica,CR,51.39,103.86,87.34,87.34,grupoice.com,false,
2024-08-27 10:00:00,Costa Rica,Costa Rica,CR,42.79,90.39,89.46,89.46,grupoice.com,false,
2024-08-27 11:00:00,Costa Rica,Costa Rica,CR,30.1,71.06,92.59,92.59,grupoice.com,false,
2024-08-27 12:00:00,Costa Rica,Costa Rica,CR,54.51,109.24,86.57,86.57,grupoice.com,false,
2024-08-27 13:00:00,Costa Rica,Costa Rica,CR,58.37,115.39,85.62,85.62,grupoice.com,false,
2024-08-27 14:00:00,Costa Rica,Costa Rica,CR,54.41,109.25,86.6,86.6,grupoice.com,false,
2024-08-27 15:00:00,Costa Rica,Costa Rica,CR,51.88,105.6,87.22,87.22,grupoice.com,false,
2024-08-27 16:00:00,Costa Rica,Costa Rica,CR,49.28,101.72,87.86,87.86,grupoice.com,false,
2024-08-27 17:00:00,Costa Rica,Costa Rica,CR,46.57,97.57,88.53,88.53,grupoice.com,false,
2024-08-27 18:00:00,Costa Rica,Costa Rica,CR,45.44,95.9,88.81,88.81,grupoice.com,false,
2024-08-27 19:00:00,Costa Rica,Costa Rica,CR,39.46,86.67,90.28,90.28,grupoice.com,false,
2024-08-27 20:00:00,Costa Rica,Costa Rica,CR,41.14,89.29,89.87,89.87,grupoice.com,false,
2024-08-27 21:00:00,Costa Rica,Costa Rica,CR,42.6,91.55,89.51,89.51,grupoice.com,false,
2024-08-27 22:00:00,Costa Rica,Costa Rica,CR,43.22,92.49,89.35,89.35,grupoice.com,false,
2024-08-27 23:00:00,Costa Rica,Costa Rica,CR,44.31,94.08,89.09,89.09,grupoice.com,false,
2024-08-28 00:00:00,Costa Rica,Costa Rica,CR,40.14,87.22,90.11,90.11,grupoice.com,false,
2024-08-28 01:00:00,Costa Rica,Costa Rica,CR,40.94,88.4,89.92,89.92,grupoice.com,false,
2024-08-28 02:00:00,Costa Rica,Costa Rica,CR,43.03,91.62,89.4,89.4,grupoice.com,false,
2024-08-28 03:00:00,Costa Rica,Costa Rica,CR,47.76,99.02,88.24,88.24,grupoice.com,false,
2024-08-28 04:00:00,Costa Rica,Costa Rica,CR,57.32,113.87,85.88,85.88,grupoice.com,false,
2024-08-28 05:00:00,Costa Rica,Costa Rica,CR,0.0,18.45,100.0,100.0,grupoice.com,false,
2024-08-28 06:00:00,Costa Rica,Costa Rica,CR,40.77,87.75,89.96,89.96,grupoice.com,false,
2024-08-28 07:00:00,Costa Rica,Costa Rica,CR,38.71,84.36,90.47,90.47,grupoice.com,false,
2024-08-28 08:00:00,Costa Rica,Costa Rica,CR,44.42,93.43,89.06,89.06,grupoice.com,false,
2024-08-28 09:00:00,Costa Rica,Costa Rica,CR,47.64,98.69,88.27,88.27,grupoice.com,false,
2024-08-28 10:00:00,Costa Rica,Costa Rica,CR,44.29,93.51,89.09,89.09,grupoice.com,false,
2024-08-28 11:00:00,Costa Rica,Costa Rica,CR,46.65,97.39,88.51,88.51,grupoice.com,false,
2024-08-28 12:00:00,Costa Rica,Costa Rica,CR,42.73,91.51,89.48,89.48,grupoice.com,false,
2024-08-28 13:00:00,Costa Rica,Costa Rica,CR,38.78,85.12,90.45,90.45,grupoice.com,false,
2024-08-28 14:00:00,Costa Rica,Costa Rica,CR,35.27,79.34,91.31,91.31,grupoice.com,false,
2024-08-28 15:00:00,Costa Rica,Costa Rica,CR,32.59,75.24,91.97,91.97,grupoice.com,false,
2024-08-28 16:00:00,Costa Rica,Costa Rica,CR,30.84,72.41,92.4,92.4,grupoice.com,false,
2024-08-28 17:00:00,Costa Rica,Costa Rica,CR,29.85,70.67,92.65,92.65,grupoice.com,false,
2024-08-28 18:00:00,Costa Rica,Costa Rica,CR,29.68,70.52,92.69,92.69,grupoice.com,false,
2024-08-28 19:00:00,Costa Rica,Costa Rica,CR,34.0,77.41,91.62,91.62,grupoice.com,false,
2024-08-28 20:00:00,Costa Rica,Costa Rica,CR,35.83,80.4,91.17,91.17,grupoice.com,false,
2024-08-28 21:00:00,Costa Rica,Costa Rica,CR,36.04,80.76,91.12,91.12,grupoice.com,false,
2024-08-28 22:00:00,Costa Rica,Costa Rica,CR,38.59,84.51,90.49,90.49,grupoice.com,false,
2024-08-28 23:00:00,Costa Rica,Costa Rica,CR,39.05,85.01,90.38,90.38,grupoice.com,false,
2024-08-29 00:00:00,Costa Rica,Costa Rica,CR,36.17,80.18,91.09,91.09,grupoice.com,false,
2024-08-29 01:00:00,Costa Rica,Costa Rica,CR,36.96,81.28,90.9,90.9,grupoice.com,false,
2024-08-29 02:00:00,Costa Rica,Costa Rica,CR,38.92,83.89,90.41,90.41,grupoice.com,false,
2024-08-29 03:00:00,Costa Rica,Costa Rica,CR,40.84,86.68,89.94,89.94,grupoice.com,false,
2024-08-29 04:00:00,Costa Rica,Costa Rica,CR,46.15,94.7,88.63,88.63,grupoice.com,false,
2024-08-29 05:00:00,Costa Rica,Costa Rica,CR,51.01,102.18,87.44,87.44,grupoice.com,false,
2024-08-29 06:00:00,Costa Rica,Costa Rica,CR,55.28,108.95,86.38,86.38,grupoice.com,false,
2024-08-29 07:00:00,Costa Rica,Costa Rica,CR,57.0,111.74,85.96,85.96,grupoice.com,false,
2024-08-29 08:00:00,Costa Rica,Costa Rica,CR,58.78,115.0,85.52,85.52,grupoice.com,false,
2024-08-29 09:00:00,Costa Rica,Costa Rica,CR,60.1,117.3,85.2,85.2,grupoice.com,false,
2024-08-29 10:00:00,Costa Rica,Costa Rica,CR,56.0,110.88,86.21,86.21,grupoice.com,false,
2024-08-29 11:00:00,Costa Rica,Costa Rica,CR,57.94,113.54,85.73,85.73,grupoice.com,false,
2024-08-29 12:00:00,Costa Rica,Costa Rica,CR,53.52,106.14,86.82,86.82,grupoice.com,false,
2024-08-29 13:00:00,Costa Rica,Costa Rica,CR,47.82,97.17,88.22,88.22,grupoice.com,false,
2024-08-29 14:00:00,Costa Rica,Costa Rica,CR,44.65,92.55,89.0,89.0,grupoice.com,false,
2024-08-29 15:00:00,Costa Rica,Costa Rica,CR,40.49,86.53,90.03,90.03,grupoice.com,false,
2024-08-29 16:00:00,Costa Rica,Costa Rica,CR,37.63,82.4,90.73,90.73,grupoice.com,false,
2024-08-29 17:00:00,Costa Rica,Costa Rica,CR,36.28,80.26,91.06,91.06,grupoice.com,false,
2024-08-29 18:00:00,Costa Rica,Costa Rica,CR,35.21,78.88,91.33,91.33,grupoice.com,false,
2024-08-29 19:00:00,Costa Rica,Costa Rica,CR,35.67,79.79,91.21,91.21,grupoice.com,false,
2024-08-29 20:00:00,Costa Rica,Costa Rica,CR,37.96,83.4,90.65,90.65,grupoice.com,false,
2024-08-29 21:00:00,Costa Rica,Costa Rica,CR,37.82,83.37,90.69,90.69,grupoice.com,false,
2024-08-29 22:00:00,Costa Rica,Costa Rica,CR,38.1,83.78,90.62,90.62,grupoice.com,false,
2024-08-29 23:00:00,Costa Rica,Costa Rica,CR,39.34,85.72,90.31,90.31,grupoice.com,false,
2024-08-30 00:00:00,Costa Rica,Costa Rica,CR,36.36,80.75,91.04,91.04,grupoice.com,false,
2024-08-30 01:00:00,Costa Rica,Costa Rica,CR,38.18,83.41,90.6,90.6,grupoice.com,false,
2024-08-30 02:00:00,Costa Rica,Costa Rica,CR,38.77,84.48,90.45,90.45,grupoice.com,false,
2024-08-30 03:00:00,Costa Rica,Costa Rica,CR,40.89,88.03,89.93,89.93,grupoice.com,false,
2024-08-30 04:00:00,Costa Rica,Costa Rica,CR,45.9,95.97,88.69,88.69,grupoice.com,false,
2024-08-30 05:00:00,Costa Rica,Costa Rica,CR,50.39,103.0,87.59,87.59,grupoice.com,false,
2024-08-30 06:00:00,Costa Rica,Costa Rica,CR,57.01,113.36,85.96,85.96,grupoice.com,false,
2024-08-30 07:00:00,Costa Rica,Costa Rica,CR,59.62,117.51,85.32,85.32,grupoice.com,false,
2024-08-30 08:00:00,Costa Rica,Costa Rica,CR,61.21,119.68,84.92,84.92,grupoice.com,false,
2024-08-30 09:00:00,Costa Rica,Costa Rica,CR,60.82,118.93,85.02,85.02,grupoice.com,false,
2024-08-30 10:00:00,Costa Rica,Costa Rica,CR,56.88,112.41,85.99,85.99,grupoice.com,false,
2024-08-30 11:00:00,Costa Rica,Costa Rica,CR,55.02,109.78,86.45,86.45,grupoice.com,false,
2024-08-30 12:00:00,Costa Rica,Costa Rica,CR,51.25,104.14,87.38,87.38,grupoice.com,false,
2024-08-30 13:00:00,Costa Rica,Costa Rica,CR,45.69,95.45,88.75,88.75,grupoice.com,false,
2024-08-30 14:00:00,Costa Rica,Costa Rica,CR,43.18,90.97,89.37,89.37,grupoice.com,false,
2024-08-30 15:00:00,Costa Rica,Costa Rica,CR,40.03,86.05,90.14,90.14,grupoice.com,false,
2024-08-30 16:00:00,Costa Rica,Costa Rica,CR,38.39,83.6,90.55,90.55,grupoice.com,false,
2024-08-30 17:00:00,Costa Rica,Costa Rica,CR,38.73,84.35,90.46,90.46,grupoice.com,false,
2024-08-30 18:00:00,Costa Rica,Costa Rica,CR,39.45,85.81,90.28,90.28,grupoice.com,false,
2024-08-30 19:00:00,Costa Rica,Costa Rica,CR,40.32,87.4,90.07,90.07,grupoice.com,false,
2024-08-30 20:00:00,Costa Rica,Costa Rica,CR,41.07,88.11,89.88,89.88,grupoice.com,false,
2024-08-30 21:00:00,Costa Rica,Costa Rica,CR,41.69,89.18,89.73,89.73,grupoice.com,false,
2024-08-30 22:00:00,Costa Rica,Costa Rica,CR,43.81,92.67,89.21,89.21,grupoice.com,false,
2024-08-30 23:00:00,Costa Rica,Costa Rica,CR,44.44,93.64,89.05,89.05,grupoice.com,false,
2024-08-31 00:00:00,Costa Rica,Costa Rica,CR,39.63,85.68,90.24,90.24,grupoice.com,false,
2024-08-31 01:00:00,Costa Rica,Costa Rica,CR,29.18,69.36,92.81,92.81,grupoice.com,false,
2024-08-31 02:00:00,Costa Rica,Costa Rica,CR,39.21,84.79,90.34,90.34,grupoice.com,false,
2024-08-31 03:00:00,Costa Rica,Costa Rica,CR,27.44,67.06,93.24,93.24,grupoice.com,false,
2024-08-31 04:00:00,Costa Rica,Costa Rica,CR,31.6,73.88,92.22,92.22,grupoice.com,false,
2024-08-31 05:00:00,Costa Rica,Costa Rica,CR,43.12,91.66,89.38,89.38,Electricity Maps Estimation,true,ESTIMATED_TIME_SLICER_AVERAGE
2024-08-31 06:00:00,Costa Rica,Costa Rica,CR,56.22,111.88,86.15,86.15,grupoice.com,false,
2024-08-31 07:00:00,Costa Rica,Costa Rica,CR,63.03,121.52,84.47,84.47,grupoice.com,false,
2024-08-31 08:00:00,Costa Rica,Costa Rica,CR,52.87,106.22,86.98,86.98,grupoice.com,false,
2024-08-31 09:00:00,Costa Rica,Costa Rica,CR,57.81,115.35,85.76,85.76,grupoice.com,false,
2024-08-31 10:00:00,Costa Rica,Costa Rica,CR,56.23,113.12,86.15,86.15,grupoice.com,false,
2024-08-31 11:00:00,Costa Rica,Costa Rica,CR,66.57,129.29,83.6,83.6,grupoice.com,false,
2024-08-31 12:00:00,Costa Rica,Costa Rica,CR,65.09,126.03,83.97,83.97,grupoice.com,false,
2024-08-31 13:00:00,Costa Rica,Costa Rica,CR,54.48,109.95,86.58,86.58,grupoice.com,false,
2024-08-31 14:00:00,Costa Rica,Costa Rica,CR,48.84,101.54,87.97,87.97,grupoice.com,false,
2024-08-31 15:00:00,Costa Rica,Costa Rica,CR,43.71,93.44,89.23,89.23,grupoice.com,false,
2024-08-31 16:00:00,Costa Rica,Costa Rica,CR,41.66,90.18,89.74,89.74,grupoice.com,false,
2024-08-31 17:00:00,Costa Rica,Costa Rica,CR,42.16,90.97,89.62,89.62,grupoice.com,false,
2024-08-31 18:00:00,Costa Rica,Costa Rica,CR,40.98,89.08,89.91,89.91,grupoice.com,false,
2024-08-31 19:00:00,Costa Rica,Costa Rica,CR,43.66,93.29,89.25,89.25,grupoice.com,false,
2024-08-31 20:00:00,Costa Rica,Costa Rica,CR,46.04,96.99,88.66,88.66,grupoice.com,false,
2024-08-31 21:00:00,Costa Rica,Costa Rica,CR,47.43,99.13,88.32,88.32,grupoice.com,false,
2024-08-31 22:00:00,Costa Rica,Costa Rica,CR,46.43,97.57,88.57,88.57,grupoice.com,false,
2024-08-31 23:00:00,Costa Rica,Costa Rica,CR,33.25,77.24,91.81,91.81,grupoice.com,false,
2024-09-01 00:00:00,Costa Rica,Costa Rica,CR,28.99,70.5,92.86,92.86,grupoice.com,false,
2024-09-01 01:00:00,Costa Rica,Costa Rica,CR,7.23,37.03,98.22,98.22,grupoice.com,false,
2024-09-01 02:00:00,Costa Rica,Costa Rica,CR,0.96,27.53,99.76,99.76,grupoice.com,false,
2024-09-01 03:00:00,Costa Rica,Costa Rica,CR,0.43,26.86,99.89,99.89,grupoice.com,false,
2024-09-01 04:00:00,Costa Rica,Costa Rica,CR,0.0,26.4,100.0,100.0,grupoice.com,false,
2024-09-01 05:00:00,Costa Rica,Costa Rica,CR,0.0,26.58,100.0,100.0,grupoice.com,false,
2024-09-01 06:00:00,Costa Rica,Costa Rica,CR,0.0,26.62,100.0,100.0,grupoice.com,false,
2024-09-01 07:00:00,Costa Rica,Costa Rica,CR,0.0,26.52,100.0,100.0,grupoice.com,false,
2024-09-01 08:00:00,Costa Rica,Costa Rica,CR,0.0,26.54,100.0,100.0,grupoice.com,false,
2024-09-01 09:00:00,Costa Rica,Costa Rica,CR,0.0,26.6,100.0,100.0,grupoice.com,false,
2024-09-01 10:00:00,Costa Rica,Costa Rica,CR,0.0,26.42,100.0,100.0,grupoice.com,false,
2024-09-01 11:00:00,Costa Rica,Costa Rica,CR,0.0,26.26,100.0,100.0,grupoice.com,false,
2024-09-01 12:00:00,Costa Rica,Costa Rica,CR,0.0,26.04,100.0,100.0,grupoice.com,false,
2024-09-01 13:00:00,Costa Rica,Costa Rica,CR,3.66,31.24,99.1,99.1,grupoice.com,false,
2024-09-01 14:00:00,Costa Rica,Costa Rica,CR,38.08,84.71,90.62,90.62,grupoice.com,false,
2024-09-01 15:00:00,Costa Rica,Costa Rica,CR,49.97,103.03,87.69,87.69,grupoice.com,false,
2024-09-01 16:00:00,Costa Rica,Costa Rica,CR,46.39,97.18,88.57,88.57,grupoice.com,false,
2024-09-01 17:00:00,Costa Rica,Costa Rica,CR,44.62,94.36,89.01,89.01,grupoice.com,false,
2024-09-01 18:00:00,Costa Rica,Costa Rica,CR,44.23,93.99,89.11,89.11,grupoice.com,false,
2024-09-01 19:00:00,Costa Rica,Costa Rica,CR,40.98,88.96,89.91,89.91,grupoice.com,false,
2024-09-01 20:00:00,Costa Rica,Costa Rica,CR,40.81,88.86,89.95,89.95,grupoice.com,false,
2024-09-01 21:00:00,Costa Rica,Costa Rica,CR,43.78,93.56,89.22,89.22,grupoice.com,false,
2024-09-01 22:00:00,Costa Rica,Costa Rica,CR,49.63,102.52,87.78,87.78,grupoice.com,false,
2024-09-01 23:00:00,Costa Rica,Costa Rica,CR,49.87,102.59,87.72,87.72,grupoice.com,false,
2024-09-02 00:00:00,Costa Rica,Costa Rica,CR,44.38,93.95,89.07,89.07,grupoice.com,false,
2024-09-02 01:00:00,Costa Rica,Costa Rica,CR,44.94,95.03,88.93,88.93,grupoice.com,false,
2024-09-02 02:00:00,Costa Rica,Costa Rica,CR,47.59,99.22,88.28,88.28,grupoice.com,false,
2024-09-02 03:00:00,Costa Rica,Costa Rica,CR,50.67,104.07,87.52,87.52,grupoice.com,false,
2024-09-02 04:00:00,Costa Rica,Costa Rica,CR,55.88,112.31,86.24,86.24,grupoice.com,false,
2024-09-02 05:00:00,Costa Rica,Costa Rica,CR,60.46,119.54,85.11,85.11,grupoice.com,false,
2024-09-02 06:00:00,Costa Rica,Costa Rica,CR,74.97,142.48,81.53,81.53,grupoice.com,false,
2024-09-02 07:00:00,Costa Rica,Costa Rica,CR,77.51,146.5,80.91,80.91,grupoice.com,false,
2024-09-02 08:00:00,Costa Rica,Costa Rica,CR,79.48,149.59,80.42,80.42,grupoice.com,false,
2024-09-02 09:00:00,Costa Rica,Costa Rica,CR,80.16,150.58,80.25,80.25,grupoice.com,false,
2024-09-02 10:00:00,Costa Rica,Costa Rica,CR,71.97,137.49,82.27,82.27,grupoice.com,false,
2024-09-02 11:00:00,Costa Rica,Costa Rica,CR,65.95,127.47,83.76,83.76,grupoice.com,false,
2024-09-02 12:00:00,Costa Rica,Costa Rica,CR,59.33,116.81,85.39,85.39,grupoice.com,false,
2024-09-02 13:00:00,Costa Rica,Costa Rica,CR,57.04,113.17,85.95,85.95,grupoice.com,false,
2024-09-02 14:00:00,Costa Rica,Costa Rica,CR,53.15,107.08,86.91,86.91,grupoice.com,false,
2024-09-02 15:00:00,Costa Rica,Costa Rica,CR,49.3,101.19,87.86,87.86,grupoice.com,false,
2024-09-02 16:00:00,Costa Rica,Costa Rica,CR,46.42,97.0,88.57,88.57,grupoice.com,false,
2024-09-02 17:00:00,Costa Rica,Costa Rica,CR,43.33,92.24,89.33,89.33,grupoice.com,false,
2024-09-02 18:00:00,Costa Rica,Costa Rica,CR,43.4,92.59,89.31,89.31,grupoice.com,false,
2024-09-02 19:00:00,Costa Rica,Costa Rica,CR,43.57,92.91,89.27,89.27,grupoice.com,false,
2024-09-02 20:00:00,Costa Rica,Costa Rica,CR,43.89,93.44,89.19,89.19,grupoice.com,false,
2024-09-02 21:00:00,Costa Rica,Costa Rica,CR,43.22,92.32,89.36,89.36,grupoice.com,false,
2024-09-02 22:00:00,Costa Rica,Costa Rica,CR,44.31,94.01,89.09,89.09,grupoice.com,false,
2024-09-02 23:00:00,Costa Rica,Costa Rica,CR,46.26,97.05,88.61,88.61,grupoice.com,false,
2024-09-03 00:00:00,Costa Rica,Costa Rica,CR,42.35,90.88,89.57,89.57,grupoice.com,false,
2024-09-03 01:00:00,Costa Rica,Costa Rica,CR,43.24,92.31,89.35,89.35,grupoice.com,false,
2024-09-03 02:00:00,Costa Rica,Costa Rica,CR,45.21,95.43,88.87,88.87,grupoice.com,false,
2024-09-03 03:00:00,Costa Rica,Costa Rica,CR,46.91,98.12,88.45,88.45,grupoice.com,false,
2024-09-03 04:00:00,Costa Rica,Costa Rica,CR,50.86,104.36,87.47,87.47,grupoice.com,false,
2024-09-03 05:00:00,Costa Rica,Costa Rica,CR,0.0,24.0,100.0,100.0,grupoice.com,false,
2024-09-03 06:00:00,Costa Rica,Costa Rica,CR,71.14,136.42,82.48,82.48,grupoice.com,false,
2024-09-03 07:00:00,Costa Rica,Costa Rica,CR,74.24,141.29,81.71,81.71,grupoice.com,false,
2024-09-03 08:00:00,Costa Rica,Costa Rica,CR,76.37,144.64,81.19,81.19,grupoice.com,false,
2024-09-03 09:00:00,Costa Rica,Costa Rica,CR,75.23,142.87,81.47,81.47,grupoice.com,false,
2024-09-03 10:00:00,Costa Rica,Costa Rica,CR,69.36,133.55,82.92,82.92,grupoice.com,false,
2024-09-03 11:00:00,Costa Rica,Costa Rica,CR,62.1,121.77,84.71,84.71,grupoice.com,false,
2024-09-03 12:00:00,Costa Rica,Costa Rica,CR,56.18,112.26,86.16,86.16,grupoice.com,false,
2024-09-03 13:00:00,Costa Rica,Costa Rica,CR,53.45,107.69,86.83,86.83,grupoice.com,false,
2024-09-03 14:00:00,Costa Rica,Costa Rica,CR,49.98,102.12,87.69,87.69,grupoice.com,false,
2024-09-03 15:00:00,Costa Rica,Costa Rica,CR,46.64,96.96,88.51,88.51,grupoice.com,false,
2024-09-03 16:00:00,Costa Rica,Costa Rica,CR,45.25,94.73,88.86,88.86,grupoice.com,false,
2024-09-03 17:00:00,Costa Rica,Costa Rica,CR,42.42,90.31,89.55,89.55,grupoice.com,false,
2024-09-03 18:00:00,Costa Rica,Costa Rica,CR,42.03,89.77,89.65,89.65,grupoice.com,false,
2024-09-03 19:00:00,Costa Rica,Costa Rica,CR,42.68,90.78,89.49,89.49,grupoice.com,false,
2024-09-03 20:00:00,Costa Rica,Costa Rica,CR,42.73,91.09,89.48,89.48,grupoice.com,false,
2024-09-03 21:00:00,Costa Rica,Costa Rica,CR,43.48,92.66,89.29,89.29,grupoice.com,false,
2024-09-03 22:00:00,Costa Rica,Costa Rica,CR,44.45,94.22,89.05,89.05,grupoice.com,false,
2024-09-03 23:00:00,Costa Rica,Costa Rica,CR,45.92,96.55,88.69,88.69,grupoice.com,false,
2024-09-04 00:00:00,Costa Rica,Costa Rica,CR,42.56,91.21,89.52,89.52,grupoice.com,false,
2024-09-04 01:00:00,Costa Rica,Costa Rica,CR,43.4,92.56,89.31,89.31,grupoice.com,false,
2024-09-04 02:00:00,Costa Rica,Costa Rica,CR,40.98,88.88,89.91,89.91,grupoice.com,false,
2024-09-04 03:00:00,Costa Rica,Costa Rica,CR,44.53,94.45,89.03,89.03,grupoice.com,false,
2024-09-04 04:00:00,Costa Rica,Costa Rica,CR,54.05,109.34,86.69,86.69,grupoice.com,false,
2024-09-04 05:00:00,Costa Rica,Costa Rica,CR,54.84,110.13,86.49,86.49,Electricity Maps Estimation,true,ESTIMATED_TIME_SLICER_AVERAGE
2024-09-04 06:00:00,Costa Rica,Costa Rica,CR,55.89,111.17,86.23,86.23,grupoice.com,false,
2024-09-04 07:00:00,Costa Rica,Costa Rica,CR,46.57,97.13,88.53,88.53,grupoice.com,false,
2024-09-04 08:00:00,Costa Rica,Costa Rica,CR,45.01,95.36,88.91,88.91,grupoice.com,false,
2024-09-04 09:00:00,Costa Rica,Costa Rica,CR,53.26,108.32,86.88,86.88,grupoice.com,false,
2024-09-04 10:00:00,Costa Rica,Costa Rica,CR,65.42,127.26,83.89,83.89,grupoice.com,false,
2024-09-04 11:00:00,Costa Rica,Costa Rica,CR,57.72,114.33,85.78,85.78,grupoice.com,false,
2024-09-04 12:00:00,Costa Rica,Costa Rica,CR,51.57,104.91,87.3,87.3,grupoice.com,false,
2024-09-04 13:00:00,Costa Rica,Costa Rica,CR,49.1,101.55,87.91,87.91,grupoice.com,false,
2024-09-04 14:00:00,Costa Rica,Costa Rica,CR,49.91,102.83,87.71,87.71,grupoice.com,false,
2024-09-04 15:00:00,Costa Rica,Costa Rica,CR,48.24,100.1,88.12,88.12,grupoice.com,false,
2024-09-04 16:00:00,Costa Rica,Costa Rica,CR,43.58,92.72,89.27,89.27,grupoice.com,false,
2024-09-04 17:00:00,Costa Rica,Costa Rica,CR,42.18,90.49,89.61,89.61,grupoice.com,false,
2024-09-04 18:00:00,Costa Rica,Costa Rica,CR,41.84,89.87,89.69,89.69,grupoice.com,false,
2024-09-04 19:00:00,Costa Rica,Costa Rica,CR,42.46,90.95,89.54,89.54,grupoice.com,false,
2024-09-04 20:00:00,Costa Rica,Costa Rica,CR,42.74,91.54,89.47,89.47,grupoice.com,false,
2024-09-04 21:00:00,Costa Rica,Costa Rica,CR,43.85,93.3,89.2,89.2,grupoice.com,false,
2024-09-04 22:00:00,Costa Rica,Costa Rica,CR,44.33,94.04,89.08,89.08,grupoice.com,false,
2024-09-04 23:00:00,Costa Rica,Costa Rica,CR,44.66,94.58,89.0,89.0,grupoice.com,false,
2024-09-05 00:00:00,Costa Rica,Costa Rica,CR,41.62,89.77,89.75,89.75,grupoice.com,false,
2024-09-05 01:00:00,Costa Rica,Costa Rica,CR,42.86,91.73,89.44,89.44,grupoice.com,false,
2024-09-05 02:00:00,Costa Rica,Costa Rica,CR,44.92,94.93,88.94,88.94,grupoice.com,false,
2024-09-05 03:00:00,Costa Rica,Costa Rica,CR,49.75,102.33,87.75,87.75,grupoice.com,false,
2024-09-05 04:00:00,Costa Rica,Costa Rica,CR,54.15,108.93,86.66,86.66,grupoice.com,false,
2024-09-05 05:00:00,Costa Rica,Costa Rica,CR,42.28,90.27,89.59,89.59,grupoice.com,false,
2024-09-05 06:00:00,Costa Rica,Costa Rica,CR,49.44,102.65,87.82,87.82,grupoice.com,false,
2024-09-05 07:00:00,Costa Rica,Costa Rica,CR,73.47,140.29,81.9,81.9,grupoice.com,false,
2024-09-05 08:00:00,Costa Rica,Costa Rica,CR,82.22,153.92,79.75,79.75,grupoice.com,false,
2024-09-05 09:00:00,Costa Rica,Costa Rica,CR,82.29,153.87,79.73,79.73,grupoice.com,false,
2024-09-05 10:00:00,Costa Rica,Costa Rica,CR,75.59,143.22,81.38,81.38,grupoice.com,false,
2024-09-05 11:00:00,Costa Rica,Costa Rica,CR,63.59,124.43,84.34,84.34,grupoice.com,false,
2024-09-05 12:00:00,Costa Rica,Costa Rica,CR,57.35,114.57,85.87,85.87,grupoice.com,false,
2024-09-05 13:00:00,Costa Rica,Costa Rica,CR,54.69,110.41,86.53,86.53,grupoice.com,false,
2024-09-05 14:00:00,Costa Rica,Costa Rica,CR,51.7,105.67,87.27,87.27,grupoice.com,false,
2024-09-05 15:00:00,Costa Rica,Costa Rica,CR,49.14,101.61,87.9,87.9,grupoice.com,false,
2024-09-05 16:00:00,Costa Rica,Costa Rica,CR,46.79,98.0,88.48,88.48,grupoice.com,false,
2024-09-05 17:00:00,Costa Rica,Costa Rica,CR,43.7,93.14,89.24,89.24,grupoice.com,false,
2024-09-05 18:00:00,Costa Rica,Costa Rica,CR,43.81,93.3,89.21,89.21,grupoice.com,false,
2024-09-05 19:00:00,Costa Rica,Costa Rica,CR,43.94,93.44,89.18,89.18,grupoice.com,false,
2024-09-05 20:00:00,Costa Rica,Costa Rica,CR,43.79,93.25,89.21,89.21,grupoice.com,false,
2024-09-05 21:00:00,Costa Rica,Costa Rica,CR,43.95,93.47,89.17,89.17,grupoice.com,false,
2024-09-05 22:00:00,Costa Rica,Costa Rica,CR,46.19,96.91,88.62,88.62,grupoice.com,false,
2024-09-05 23:00:00,Costa Rica,Costa Rica,CR,46.3,96.98,88.6,88.6,grupoice.com,false,
2024-09-06 00:00:00,Costa Rica,Costa Rica,CR,43.13,92.09,89.38,89.38,grupoice.com,false,
2024-09-06 01:00:00,Costa Rica,Costa Rica,CR,44.34,94.04,89.08,89.08,grupoice.com,false,
2024-09-06 02:00:00,Costa Rica,Costa Rica,CR,47.01,98.25,88.42,88.42,grupoice.com,false,
2024-09-06 03:00:00,Costa Rica,Costa Rica,CR,51.77,105.79,87.25,87.25,grupoice.com,false,
2024-09-06 04:00:00,Costa Rica,Costa Rica,CR,54.5,110.4,86.58,86.58,grupoice.com,false,
2024-09-06 05:00:00,Costa Rica,Costa Rica,CR,29.95,72.79,92.62,92.62,Electricity Maps Estimation,true,ESTIMATED_TIME_SLICER_AVERAGE
2024-09-06 06:00:00,Costa Rica,Costa Rica,CR,0.0,26.92,100.0,100.0,grupoice.com,false,
2024-09-06 07:00:00,Costa Rica,Costa Rica,CR,0.0,27.02,100.0,100.0,grupoice.com,false,
2024-09-06 08:00:00,Costa Rica,Costa Rica,CR,46.86,99.36,88.46,88.46,grupoice.com,false,
2024-09-06 09:00:00,Costa Rica,Costa Rica,CR,79.63,149.83,80.39,80.39,grupoice.com,false,
2024-09-06 10:00:00,Costa Rica,Costa Rica,CR,73.06,139.44,82.0,82.0,grupoice.com,false,
2024-09-06 11:00:00,Costa Rica,Costa Rica,CR,63.15,123.76,84.45,84.45,grupoice.com,false,
2024-09-06 12:00:00,Costa Rica,Costa Rica,CR,55.54,111.71,86.32,86.32,grupoice.com,false,
2024-09-06 13:00:00,Costa Rica,Costa Rica,CR,52.64,107.2,87.03,87.03,grupoice.com,false,
2024-09-06 14:00:00,Costa Rica,Costa Rica,CR,47.49,99.14,88.3,88.3,grupoice.com,false,
2024-09-06 15:00:00,Costa Rica,Costa Rica,CR,45.52,96.03,88.79,88.79,grupoice.com,false,
2024-09-06 16:00:00,Costa Rica,Costa Rica,CR,44.33,94.16,89.08,89.08,grupoice.com,false,
2024-09-06 17:00:00,Costa Rica,Costa Rica,CR,42.0,90.46,89.65,89.65,grupoice.com,false,
2024-09-06 18:00:00,Costa Rica,Costa Rica,CR,41.97,90.39,89.66,89.66,grupoice.com,false,
2024-09-06 19:00:00,Costa Rica,Costa Rica,CR,41.53,89.65,89.77,89.77,grupoice.com,false,
2024-09-06 20:00:00,Costa Rica,Costa Rica,CR,42.19,90.69,89.61,89.61,grupoice.com,false,
2024-09-06 21:00:00,Costa Rica,Costa Rica,CR,43.27,92.41,89.34,89.34,grupoice.com,false,
2024-09-06 22:00:00,Costa Rica,Costa Rica,CR,41.55,89.78,89.77,89.77,grupoice.com,false,
2024-09-06 23:00:00,Costa Rica,Costa Rica,CR,29.65,71.33,92.7,92.7,grupoice.com,false,
2024-09-07 00:00:00,Costa Rica,Costa Rica,CR,15.01,48.61,96.3,96.3,grupoice.com,false,
2024-09-07 01:00:00,Costa Rica,Costa Rica,CR,14.5,47.96,96.43,96.43,grupoice.com,false,
2024-09-07 02:00:00,Costa Rica,Costa Rica,CR,15.21,49.03,96.25,96.25,grupoice.com,false,
2024-09-07 03:00:00,Costa Rica,Costa Rica,CR,4.6,32.79,98.87,98.87,grupoice.com,false,
2024-09-07 04:00:00,Costa Rica,Costa Rica,CR,0.0,26.35,100.0,100.0,grupoice.com,false,
2024-09-07 05:00:00,Costa Rica,Costa Rica,CR,0.0,26.61,100.0,100.0,grupoice.com,false,
2024-09-07 06:00:00,Costa Rica,Costa Rica,CR,0.0,26.88,100.0,100.0,grupoice.com,false,
2024-09-07 07:00:00,Costa Rica,Costa Rica,CR,0.0,26.93,100.0,100.0,grupoice.com,false,
2024-09-07 08:00:00,Costa Rica,Costa Rica,CR,0.0,27.03,100.0,100.0,grupoice.com,false,
2024-09-07 09:00:00,Costa Rica,Costa Rica,CR,0.0,27.01,100.0,100.0,grupoice.com,false,
2024-09-07 10:00:00,Costa Rica,Costa Rica,CR,10.93,43.76,97.31,97.31,grupoice.com,false,
2024-09-07 11:00:00,Costa Rica,Costa Rica,CR,28.92,71.41,92.88,92.88,grupoice.com,false,
2024-09-07 12:00:00,Costa Rica,Costa Rica,CR,29.76,72.44,92.67,92.67,grupoice.com,false,
2024-09-07 13:00:00,Costa Rica,Costa Rica,CR,34.82,79.99,91.42,91.42,grupoice.com,false,
2024-09-07 14:00:00,Costa Rica,Costa Rica,CR,31.55,74.68,92.23,92.23,grupoice.com,false,
2024-09-07 15:00:00,Costa Rica,Costa Rica,CR,32.1,75.38,92.09,92.09,grupoice.com,false,
2024-09-07 16:00:00,Costa Rica,Costa Rica,CR,30.4,72.66,92.51,92.51,grupoice.com,false,
2024-09-07 17:00:00,Costa Rica,Costa Rica,CR,29.01,70.44,92.86,92.86,grupoice.com,false,
2024-09-07 18:00:00,Costa Rica,Costa Rica,CR,29.0,70.37,92.86,92.86,grupoice.com,false,
2024-09-07 19:00:00,Costa Rica,Costa Rica,CR,29.77,71.51,92.67,92.67,grupoice.com,false,
2024-09-07 20:00:00,Costa Rica,Costa Rica,CR,24.8,64.07,93.89,93.89,grupoice.com,false,
2024-09-07 21:00:00,Costa Rica,Costa Rica,CR,0.86,27.19,99.79,99.79,grupoice.com,false,
2024-09-07 22:00:00,Costa Rica,Costa Rica,CR,0.0,25.58,100.0,100.0,grupoice.com,false,
2024-09-07 23:00:00,Costa Rica,Costa Rica,CR,0.0,25.0,100.0,100.0,grupoice.com,false,
2024-09-08 00:00:00,Costa Rica,Costa Rica,CR,0.0,24.84,100.0,100.0,grupoice.com,false,
2024-09-08 01:00:00,Costa Rica,Costa Rica,CR,0.0,25.13,100.0,100.0,grupoice.com,false,
2024-09-08 02:00:00,Costa Rica,Costa Rica,CR,0.0,25.52,100.0,100.0,grupoice.com,false,
2024-09-08 03:00:00,Costa Rica,Costa Rica,CR,0.0,26.0,100.0,100.0,grupoice.com,false,
2024-09-08 04:00:00,Costa Rica,Costa Rica,CR,0.0,26.46,100.0,100.0,grupoice.com,false,
2024-09-08 05:00:00,Costa Rica,Costa Rica,CR,0.0,23.33,100.0,100.0,grupoice.com,false,
2024-09-08 06:00:00,Costa Rica,Costa Rica,CR,0.0,26.7,100.0,100.0,grupoice.com,false,
2024-09-08 07:00:00,Costa Rica,Costa Rica,CR,0.0,26.6,100.0,100.0,grupoice.com,false,
2024-09-08 08:00:00,Costa Rica,Costa Rica,CR,0.0,26.69,100.0,100.0,grupoice.com,false,
2024-09-08 09:00:00,Costa Rica,Costa Rica,CR,0.0,26.65,100.0,100.0,grupoice.com,false,
2024-09-08 10:00:00,Costa Rica,Costa Rica,CR,0.0,26.63,100.0,100.0,grupoice.com,false,
2024-09-08 11:00:00,Costa Rica,Costa Rica,CR,0.0,26.71,100.0,100.0,grupoice.com,false,
2024-09-08 12:00:00,Costa Rica,Costa Rica,CR,0.0,26.65,100.0,100.0,grupoice.com,false,
2024-09-08 13:00:00,Costa Rica,Costa Rica,CR,0.0,26.35,100.0,100.0,grupoice.com,false,
2024-09-08 14:00:00,Costa Rica,Costa Rica,CR,0.0,26.29,100.0,100.0,grupoice.com,false,
2024-09-08 15:00:00,Costa Rica,Costa Rica,CR,0.0,25.88,100.0,100.0,grupoice.com,false,
2024-09-08 16:00:00,Costa Rica,Costa Rica,CR,0.0,25.42,100.0,100.0,grupoice.com,false,
2024-09-08 17:00:00,Costa Rica,Costa Rica,CR,0.0,25.47,100.0,100.0,grupoice.com,false,
2024-09-08 18:00:00,Costa Rica,Costa Rica,CR,0.0,25.62,100.0,100.0,grupoice.com,false,
2024-09-08 19:00:00,Costa Rica,Costa Rica,CR,0.0,25.74,100.0,100.0,grupoice.com,false,
2024-09-08 20:00:00,Costa Rica,Costa Rica,CR,0.0,25.65,100.0,100.0,grupoice.com,false,
2024-09-08 21:00:00,Costa Rica,Costa Rica,CR,0.0,25.7,100.0,100.0,grupoice.com,false,
2024-09-08 22:00:00,Costa Rica,Costa Rica,CR,0.0,25.96,100.0,100.0,grupoice.com,false,
2024-09-08 23:00:00,Costa Rica,Costa Rica,CR,0.0,25.99,100.0,100.0,grupoice.com,false,
2024-09-09 00:00:00,Costa Rica,Costa Rica,CR,0.0,25.8,100.0,100.0,grupoice.com,false,
2024-09-09 01:00:00,Costa Rica,Costa Rica,CR,0.0,25.86,100.0,100.0,grupoice.com,false,
2024-09-09 02:00:00,Costa Rica,Costa Rica,CR,0.0,25.94,100.0,100.0,grupoice.com,false,
2024-09-09 03:00:00,Costa Rica,Costa Rica,CR,0.0,26.07,100.0,100.0,grupoice.com,false,
2024-09-09 04:00:00,Costa Rica,Costa Rica,CR,0.0,26.29,100.0,100.0,grupoice.com,false,
2024-09-09 05:00:00,Costa Rica,Costa Rica,CR,0.0,26.52,100.0,100.0,grupoice.com,false,
2024-09-09 06:00:00,Costa Rica,Costa Rica,CR,0.0,26.6,100.0,100.0,grupoice.com,false,
2024-09-09 07:00:00,Costa Rica,Costa Rica,CR,0.0,26.34,100.0,100.0,grupoice.com,false,
2024-09-09 08:00:00,Costa Rica,Costa Rica,CR,0.0,26.5,100.0,100.0,grupoice.com,false,
2024-09-09 09:00:00,Costa Rica,Costa Rica,CR,0.0,26.24,100.0,100.0,grupoice.com,false,
2024-09-09 10:00:00,Costa Rica,Costa Rica,CR,0.0,25.65,100.0,100.0,grupoice.com,false,
2024-09-09 11:00:00,Costa Rica,Costa Rica,CR,0.0,25.81,100.0,100.0,grupoice.com,false,
2024-09-09 12:00:00,Costa Rica,Costa Rica,CR,0.0,25.98,100.0,100.0,grupoice.com,false,
2024-09-09 13:00:00,Costa Rica,Costa Rica,CR,0.0,25.98,100.0,100.0,grupoice.com,false,
2024-09-09 14:00:00,Costa Rica,Costa Rica,CR,0.0,25.38,100.0,100.0,grupoice.com,false,
2024-09-09 15:00:00,Costa Rica,Costa Rica,CR,0.0,24.77,100.0,100.0,grupoice.com,false,
2024-09-09 16:00:00,Costa Rica,Costa Rica,CR,0.0,24.87,100.0,100.0,grupoice.com,false,
2024-09-09 17:00:00,Costa Rica,Costa Rica,CR,0.0,24.76,100.0,100.0,grupoice.com,false,
2024-09-09 18:00:00,Costa Rica,Costa Rica,CR,0.0,24.73,100.0,100.0,grupoice.com,false,
2024-09-09 19:00:00,Costa Rica,Costa Rica,CR,0.0,24.72,100.0,100.0,grupoice.com,false,
2024-09-09 20:00:00,Costa Rica,Costa Rica,CR,0.0,24.67,100.0,100.0,grupoice.com,false,
2024-09-09 21:00:00,Costa Rica,Costa Rica,CR,0.0,24.62,100.0,100.0,grupoice.com,false,
2024-09-09 22:00:00,Costa Rica,Costa Rica,CR,0.0,24.49,100.0,100.0,grupoice.com,false,
2024-09-09 23:00:00,Costa Rica,Costa Rica,CR,0.0,23.89,100.0,100.0,grupoice.com,false,
2024-09-10 00:00:00,Costa Rica,Costa Rica,CR,0.0,24.01,100.0,100.0,grupoice.com,false,
2024-09-10 01:00:00,Costa Rica,Costa Rica,CR,0.0,24.55,100.0,100.0,grupoice.com,false,
2024-09-10 02:00:00,Costa Rica,Costa Rica,CR,0.0,25.02,100.0,100.0,grupoice.com,false,
2024-09-10 03:00:00,Costa Rica,Costa Rica,CR,0.0,25.28,100.0,100.0,grupoice.com,false,
2024-09-10 04:00:00,Costa Rica,Costa Rica,CR,0.0,25.35,100.0,100.0,grupoice.com,false,
2024-09-10 05:00:00,Costa Rica,Costa Rica,CR,0.0,25.02,100.0,100.0,grupoice.com,false,
2024-09-10 06:00:00,Costa Rica,Costa Rica,CR,0.0,24.35,100.0,100.0,grupoice.com,false,
2024-09-10 07:00:00,Costa Rica,Costa Rica,CR,0.0,24.23,100.0,100.0,grupoice.com,false,
2024-09-10 08:00:00,Costa Rica,Costa Rica,CR,0.0,24.67,100.0,100.0,grupoice.com,false,
2024-09-10 09:00:00,Costa Rica,Costa Rica,CR,0.0,24.78,100.0,100.0,grupoice.com,false,
2024-09-10 10:00:00,Costa Rica,Costa Rica,CR,0.0,24.47,100.0,100.0,grupoice.com,false,
2024-09-10 11:00:00,Costa Rica,Costa Rica,CR,0.0,24.65,100.0,100.0,grupoice.com,false,
2024-09-10 12:00:00,Costa Rica,Costa Rica,CR,0.0,24.45,100.0,100.0,grupoice.com,false,
2024-09-10 13:00:00,Costa Rica,Costa Rica,CR,0.0,24.5,100.0,100.0,grupoice.com,false,
2024-09-10 14:00:00,Costa Rica,Costa Rica,CR,0.0,24.46,100.0,100.0,grupoice.com,false,
2024-09-10 15:00:00,Costa Rica,Costa Rica,CR,0.0,24.5,100.0,100.0,grupoice.com,false,
2024-09-10 16:00:00,Costa Rica,Costa Rica,CR,0.0,24.44,100.0,100.0,grupoice.com,false,
2024-09-10 17:00:00,Costa Rica,Costa Rica,CR,0.0,24.74,100.0,100.0,grupoice.com,false,
2024-09-10 18:00:00,Costa Rica,Costa Rica,CR,0.0,24.93,100.0,100.0,grupoice.com,false,
2024-09-10 19:00:00,Costa Rica,Costa Rica,CR,0.0,25.04,100.0,100.0,grupoice.com,false,
2024-09-10 20:00:00,Costa Rica,Costa Rica,CR,0.0,25.1,100.0,100.0,grupoice.com,false,
2024-09-10 21:00:00,Costa Rica,Costa Rica,CR,0.0,25.17,100.0,100.0,grupoice.com,false,
2024-09-10 22:00:00,Costa Rica,Costa Rica,CR,0.0,25.29,100.0,100.0,grupoice.com,false,
2024-09-10 23:00:00,Costa Rica,Costa Rica,CR,0.0,25.26,100.0,100.0,grupoice.com,false,
2024-09-11 00:00:00,Costa Rica,Costa Rica,CR,0.0,24.98,100.0,100.0,grupoice.com,false,
2024-09-11 01:00:00,Costa Rica,Costa Rica,CR,0.0,24.82,100.0,100.0,grupoice.com,false,
2024-09-11 02:00:00,Costa Rica,Costa Rica,CR,0.0,25.22,100.0,100.0,grupoice.com,false,
2024-09-11 03:00:00,Costa Rica,Costa Rica,CR,0.0,25.35,100.0,100.0,grupoice.com,false,
2024-09-11 04:00:00,Costa Rica,Costa Rica,CR,0.0,25.42,100.0,100.0,grupoice.com,false,
2024-09-11 05:00:00,Costa Rica,Costa Rica,CR,0.0,25.52,100.0,100.0,grupoice.com,false,
2024-09-11 06:00:00,Costa Rica,Costa Rica,CR,0.0,25.66,100.0,100.0,grupoice.com,false,
2024-09-11 07:00:00,Costa Rica,Costa Rica,CR,0.0,25.63,100.0,100.0,grupoice.com,false,
2024-09-11 08:00:00,Costa Rica,Costa Rica,CR,0.0,25.82,100.0,100.0,grupoice.com,false,
2024-09-11 09:00:00,Costa Rica,Costa Rica,CR,0.0,25.67,100.0,100.0,grupoice.com,false,
2024-09-11 10:00:00,Costa Rica,Costa Rica,CR,0.0,25.67,100.0,100.0,grupoice.com,false,
2024-09-11 11:00:00,Costa Rica,Costa Rica,CR,0.0,25.76,100.0,100.0,grupoice.com,false,
2024-09-11 12:00:00,Costa Rica,Costa Rica,CR,0.0,25.66,100.0,100.0,grupoice.com,false,
2024-09-11 13:00:00,Costa Rica,Costa Rica,CR,0.0,25.62,100.0,100.0,grupoice.com,false,
2024-09-11 14:00:00,Costa Rica,Costa Rica,CR,0.0,25.44,100.0,100.0,grupoice.com,false,
2024-09-11 15:00:00,Costa Rica,Costa Rica,CR,0.0,25.29,100.0,100.0,grupoice.com,false,
2024-09-11 16:00:00,Costa Rica,Costa Rica,CR,0.0,25.3,100.0,100.0,grupoice.com,false,
2024-09-11 17:00:00,Costa Rica,Costa Rica,CR,0.0,25.26,100.0,100.0,grupoice.com,false,
2024-09-11 18:00:00,Costa Rica,Costa Rica,CR,0.0,25.38,100.0,100.0,grupoice.com,false,
2024-09-11 19:00:00,Costa Rica,Costa Rica,CR,0.0,25.47,100.0,100.0,grupoice.com,false,
2024-09-11 20:00:00,Costa Rica,Costa Rica,CR,0.0,25.39,100.0,100.0,grupoice.com,false,
2024-09-11 21:00:00,Costa Rica,Costa Rica,CR,0.0,25.32,100.0,100.0,grupoice.com,false,
2024-09-11 22:00:00,Costa Rica,Costa Rica,CR,0.0,25.1,100.0,100.0,grupoice.com,false,
2024-09-11 23:00:00,Costa Rica,Costa Rica,CR,4.51,32.11,98.89,98.89,grupoice.com,false,
2024-09-12 00:00:00,Costa Rica,Costa Rica,CR,20.35,56.62,94.99,94.99,grupoice.com,false,
2024-09-12 01:00:00,Costa Rica,Costa Rica,CR,27.05,67.17,93.34,93.34,grupoice.com,false,
2024-09-12 02:00:00,Costa Rica,Costa Rica,CR,27.92,68.7,93.12,93.12,grupoice.com,false,
2024-09-12 03:00:00,Costa Rica,Costa Rica,CR,27.57,68.19,93.21,93.21,grupoice.com,false,
2024-09-12 04:00:00,Costa Rica,Costa Rica,CR,30.07,72.14,92.59,92.59,grupoice.com,false,
2024-09-12 05:00:00,Costa Rica,Costa Rica,CR,33.27,77.34,91.8,91.8,grupoice.com,false,
2024-09-12 06:00:00,Costa Rica,Costa Rica,CR,35.85,81.49,91.17,91.17,grupoice.com,false,
2024-09-12 07:00:00,Costa Rica,Costa Rica,CR,36.92,83.24,90.91,90.91,grupoice.com,false,
2024-09-12 08:00:00,Costa Rica,Costa Rica,CR,40.65,88.99,89.99,89.99,grupoice.com,false,
2024-09-12 09:00:00,Costa Rica,Costa Rica,CR,50.79,104.55,87.49,87.49,grupoice.com,false,
2024-09-12 10:00:00,Costa Rica,Costa Rica,CR,48.44,100.69,88.07,88.07,grupoice.com,false,
2024-09-12 11:00:00,Costa Rica,Costa Rica,CR,47.03,98.03,88.42,88.42,grupoice.com,false,
2024-09-12 12:00:00,Costa Rica,Costa Rica,CR,45.13,94.99,88.88,88.88,grupoice.com,false,
2024-09-12 13:00:00,Costa Rica,Costa Rica,CR,32.29,74.95,92.05,92.05,grupoice.com,false,
2024-09-12 14:00:00,Costa Rica,Costa Rica,CR,34.06,77.52,91.61,91.61,grupoice.com,false,
2024-09-12 15:00:00,Costa Rica,Costa Rica,CR,32.44,74.62,92.01,92.01,grupoice.com,false,
2024-09-12 16:00:00,Costa Rica,Costa Rica,CR,32.16,74.2,92.08,92.08,grupoice.com,false,
2024-09-12 17:00:00,Costa Rica,Costa Rica,CR,32.82,75.44,91.92,91.92,grupoice.com,false,
2024-09-12 18:00:00,Costa Rica,Costa Rica,CR,33.6,76.88,91.72,91.72,grupoice.com,false,
2024-09-12 19:00:00,Costa Rica,Costa Rica,CR,32.98,76.23,91.88,91.88,grupoice.com,false,
2024-09-12 20:00:00,Costa Rica,Costa Rica,CR,26.09,65.7,93.57,93.57,grupoice.com,false,
2024-09-12 21:00:00,Costa Rica,Costa Rica,CR,17.63,52.41,95.66,95.66,grupoice.com,false,
2024-09-12 22:00:00,Costa Rica,Costa Rica,CR,17.57,52.33,95.67,95.67,grupoice.com,false,
2024-09-12 23:00:00,Costa Rica,Costa Rica,CR,23.37,61.23,94.25,94.25,grupoice.com,false,
2024-09-13 00:00:00,Costa Rica,Costa Rica,CR,23.58,61.57,94.19,94.19,grupoice.com,false,
2024-09-13 01:00:00,Costa Rica,Costa Rica,CR,24.21,62.7,94.04,94.04,grupoice.com,false,
2024-09-13 02:00:00,Costa Rica,Costa Rica,CR,24.95,63.91,93.85,93.85,grupoice.com,false,
2024-09-13 03:00:00,Costa Rica,Costa Rica,CR,21.42,58.58,94.72,94.72,grupoice.com,false,
2024-09-13 04:00:00,Costa Rica,Costa Rica,CR,20.65,57.7,94.91,94.91,grupoice.com,false,
2024-09-13 05:00:00,Costa Rica,Costa Rica,CR,0.0,23.86,100.0,100.0,grupoice.com,false,
2024-09-13 06:00:00,Costa Rica,Costa Rica,CR,15.32,49.85,96.23,96.23,grupoice.com,false,
2024-09-13 07:00:00,Costa Rica,Costa Rica,CR,19.16,55.73,95.28,95.28,grupoice.com,false,
2024-09-13 08:00:00,Costa Rica,Costa Rica,CR,19.71,56.61,95.15,95.15,grupoice.com,false,
2024-09-13 09:00:00,Costa Rica,Costa Rica,CR,19.49,56.11,95.2,95.2,grupoice.com,false,
2024-09-13 10:00:00,Costa Rica,Costa Rica,CR,18.24,53.89,95.51,95.51,grupoice.com,false,
2024-09-13 11:00:00,Costa Rica,Costa Rica,CR,15.75,49.78,96.12,96.12,grupoice.com,false,
2024-09-13 12:00:00,Costa Rica,Costa Rica,CR,10.36,41.13,97.45,97.45,grupoice.com,false,
2024-09-13 13:00:00,Costa Rica,Costa Rica,CR,10.11,40.52,97.51,97.51,grupoice.com,false,
2024-09-13 14:00:00,Costa Rica,Costa Rica,CR,9.65,39.69,97.62,97.62,grupoice.com,false,
2024-09-13 15:00:00,Costa Rica,Costa Rica,CR,9.18,38.95,97.74,97.74,grupoice.com,false,
2024-09-13 16:00:00,Costa Rica,Costa Rica,CR,12.46,43.75,96.93,96.93,grupoice.com,false,
2024-09-13 17:00:00,Costa Rica,Costa Rica,CR,13.14,45.13,96.76,96.76,grupoice.com,false,
2024-09-13 18:00:00,Costa Rica,Costa Rica,CR,13.33,45.59,96.72,96.72,grupoice.com,false,
2024-09-13 19:00:00,Costa Rica,Costa Rica,CR,13.32,45.6,96.72,96.72,grupoice.com,false,
2024-09-13 20:00:00,Costa Rica,Costa Rica,CR,13.45,46.05,96.69,96.69,grupoice.com,false,
2024-09-13 21:00:00,Costa Rica,Costa Rica,CR,13.51,46.39,96.67,96.67,grupoice.com,false,
2024-09-13 22:00:00,Costa Rica,Costa Rica,CR,13.67,46.44,96.63,96.63,grupoice.com,false,
2024-09-13 23:00:00,Costa Rica,Costa Rica,CR,13.5,45.69,96.68,96.68,grupoice.com,false,
2024-09-14 00:00:00,Costa Rica,Costa Rica,CR,12.9,44.84,96.82,96.82,grupoice.com,false,
2024-09-14 01:00:00,Costa Rica,Costa Rica,CR,15.3,48.71,96.23,96.23,grupoice.com,false,
2024-09-14 02:00:00,Costa Rica,Costa Rica,CR,17.97,52.9,95.57,95.57,grupoice.com,false,
2024-09-14 03:00:00,Costa Rica,Costa Rica,CR,18.52,53.72,95.44,95.44,grupoice.com,false,
2024-09-14 04:00:00,Costa Rica,Costa Rica,CR,20.58,56.46,94.93,94.93,grupoice.com,false,
2024-09-14 05:00:00,Costa Rica,Costa Rica,CR,16.7,50.16,95.89,95.89,grupoice.com,false,
2024-09-14 06:00:00,Costa Rica,Costa Rica,CR,27.9,67.17,93.13,93.13,grupoice.com,false,
2024-09-14 07:00:00,Costa Rica,Costa Rica,CR,33.52,76.0,91.74,91.74,grupoice.com,false,
2024-09-14 08:00:00,Costa Rica,Costa Rica,CR,34.3,77.62,91.55,91.55,grupoice.com,false,
2024-09-14 09:00:00,Costa Rica,Costa Rica,CR,34.38,77.9,91.53,91.53,grupoice.com,false,
2024-09-14 10:00:00,Costa Rica,Costa Rica,CR,30.97,72.33,92.37,92.37,grupoice.com,false,
2024-09-14 11:00:00,Costa Rica,Costa Rica,CR,26.08,65.05,93.58,93.58,grupoice.com,false,
2024-09-14 12:00:00,Costa Rica,Costa Rica,CR,0.05,24.9,99.99,99.99,grupoice.com,false,
2024-09-14 13:00:00,Costa Rica,Costa Rica,CR,8.25,38.15,97.97,97.97,grupoice.com,false,
2024-09-14 14:00:00,Costa Rica,Costa Rica,CR,30.4,72.46,92.51,92.51,grupoice.com,false,
2024-09-14 15:00:00,Costa Rica,Costa Rica,CR,28.41,69.24,93.0,93.0,grupoice.com,false,
2024-09-14 16:00:00,Costa Rica,Costa Rica,CR,27.08,67.29,93.33,93.33,grupoice.com,false,
2024-09-14 17:00:00,Costa Rica,Costa Rica,CR,25.96,65.51,93.61,93.61,grupoice.com,false,
2024-09-14 18:00:00,Costa Rica,Costa Rica,CR,25.48,64.84,93.72,93.72,grupoice.com,false,
2024-09-14 19:00:00,Costa Rica,Costa Rica,CR,26.08,65.94,93.58,93.58,grupoice.com,false,
2024-09-14 20:00:00,Costa Rica,Costa Rica,CR,26.84,67.07,93.39,93.39,grupoice.com,false,
2024-09-14 21:00:00,Costa Rica,Costa Rica,CR,27.26,67.76,93.28,93.28,grupoice.com,false,
2024-09-14 22:00:00,Costa Rica,Costa Rica,CR,27.98,68.78,93.11,93.11,grupoice.com,false,
2024-09-14 23:00:00,Costa Rica,Costa Rica,CR,27.85,68.48,93.14,93.14,grupoice.com,false,
2024-09-15 00:00:00,Costa Rica,Costa Rica,CR,27.21,67.4,93.3,93.3,grupoice.com,false,
2024-09-15 01:00:00,Costa Rica,Costa Rica,CR,28.4,69.22,93.0,93.0,grupoice.com,false,
2024-09-15 02:00:00,Costa Rica,Costa Rica,CR,28.99,69.76,92.86,92.86,grupoice.com,false,
2024-09-15 03:00:00,Costa Rica,Costa Rica,CR,30.45,72.23,92.5,92.5,grupoice.com,false,
2024-09-15 04:00:00,Costa Rica,Costa Rica,CR,31.0,73.05,92.36,92.36,grupoice.com,false,
2024-09-15 05:00:00,Costa Rica,Costa Rica,CR,29.2,69.86,92.81,92.81,grupoice.com,false,
2024-09-15 06:00:00,Costa Rica,Costa Rica,CR,10.59,41.02,97.39,97.39,grupoice.com,false,
2024-09-15 07:00:00,Costa Rica,Costa Rica,CR,8.22,37.37,97.98,97.98,grupoice.com,false,
2024-09-15 08:00:00,Costa Rica,Costa Rica,CR,8.5,37.9,97.91,97.91,grupoice.com,false,
2024-09-15 09:00:00,Costa Rica,Costa Rica,CR,8.61,37.95,97.88,97.88,grupoice.com,false,
2024-09-15 10:00:00,Costa Rica,Costa Rica,CR,6.61,34.72,98.37,98.37,grupoice.com,false,
2024-09-15 11:00:00,Costa Rica,Costa Rica,CR,3.88,30.37,99.04,99.04,grupoice.com,false,
2024-09-15 12:00:00,Costa Rica,Costa Rica,CR,0.0,24.74,100.0,100.0,grupoice.com,false,
2024-09-15 13:00:00,Costa Rica,Costa Rica,CR,0.0,25.49,100.0,100.0,grupoice.com,false,
2024-09-15 14:00:00,Costa Rica,Costa Rica,CR,0.0,25.41,100.0,100.0,grupoice.com,false,
2024-09-15 15:00:00,Costa Rica,Costa Rica,CR,0.0,25.51,100.0,100.0,grupoice.com,false,
2024-09-15 16:00:00,Costa Rica,Costa Rica,CR,0.0,25.39,100.0,100.0,grupoice.com,false,
2024-09-15 17:00:00,Costa Rica,Costa Rica,CR,0.0,25.24,100.0,100.0,grupoice.com,false,
2024-09-15 18:00:00,Costa Rica,Costa Rica,CR,5.98,34.5,98.53,98.53,grupoice.com,false,
2024-09-15 19:00:00,Costa Rica,Costa Rica,CR,13.76,46.7,96.61,96.61,grupoice.com,false,
2024-09-15 20:00:00,Costa Rica,Costa Rica,CR,10.16,41.36,97.5,97.5,grupoice.com,false,
2024-09-15 21:00:00,Costa Rica,Costa Rica,CR,10.28,41.22,97.47,97.47,grupoice.com,false,
2024-09-15 22:00:00,Costa Rica,Costa Rica,CR,10.47,41.43,97.42,97.42,grupoice.com,false,
2024-09-15 23:00:00,Costa Rica,Costa Rica,CR,15.19,48.81,96.26,96.26,grupoice.com,false,
2024-09-16 00:00:00,Costa Rica,Costa Rica,CR,13.69,46.3,96.63,96.63,grupoice.com,false,
2024-09-16 01:00:00,Costa Rica,Costa Rica,CR,13.86,46.05,96.59,96.59,grupoice.com,false,
2024-09-16 02:00:00,Costa Rica,Costa Rica,CR,14.33,46.93,96.47,96.47,grupoice.com,false,
2024-09-16 03:00:00,Costa Rica,Costa Rica,CR,15.37,48.93,96.21,96.21,grupoice.com,false,
2024-09-16 04:00:00,Costa Rica,Costa Rica,CR,16.54,50.8,95.93,95.93,grupoice.com,false,
2024-09-16 05:00:00,Costa Rica,Costa Rica,CR,11.93,43.49,97.06,97.06,grupoice.com,false,
2024-09-16 06:00:00,Costa Rica,Costa Rica,CR,12.52,44.23,96.92,96.92,grupoice.com,false,
2024-09-16 07:00:00,Costa Rica,Costa Rica,CR,7.75,36.61,98.09,98.09,grupoice.com,false,
2024-09-16 08:00:00,Costa Rica,Costa Rica,CR,0.0,24.02,100.0,100.0,grupoice.com,false,
2024-09-16 09:00:00,Costa Rica,Costa Rica,CR,0.0,23.43,100.0,100.0,grupoice.com,false,
2024-09-16 10:00:00,Costa Rica,Costa Rica,CR,0.0,23.68,100.0,100.0,grupoice.com,false,
2024-09-16 11:00:00,Costa Rica,Costa Rica,CR,0.0,23.78,100.0,100.0,grupoice.com,false,
2024-09-16 12:00:00,Costa Rica,Costa Rica,CR,0.0,23.68,100.0,100.0,grupoice.com,false,
2024-09-16 13:00:00,Costa Rica,Costa Rica,CR,2.6,27.58,99.36,99.36,grupoice.com,false,
2024-09-16 14:00:00,Costa Rica,Costa Rica,CR,30.5,70.85,92.49,92.49,grupoice.com,false,
2024-09-16 15:00:00,Costa Rica,Costa Rica,CR,34.19,76.58,91.58,91.58,grupoice.com,false,
2024-09-16 16:00:00,Costa Rica,Costa Rica,CR,32.02,73.17,92.11,92.11,grupoice.com,false,
2024-09-16 17:00:00,Costa Rica,Costa Rica,CR,32.11,73.4,92.09,92.09,grupoice.com,false,
2024-09-16 18:00:00,Costa Rica,Costa Rica,CR,32.22,74.21,92.06,92.06,grupoice.com,false,
2024-09-16 19:00:00,Costa Rica,Costa Rica,CR,32.41,74.94,92.02,92.02,grupoice.com,false,
2024-09-16 20:00:00,Costa Rica,Costa Rica,CR,32.56,74.76,91.98,91.98,grupoice.com,false,
2024-09-16 21:00:00,Costa Rica,Costa Rica,CR,33.41,76.24,91.77,91.77,grupoice.com,false,
2024-09-16 22:00:00,Costa Rica,Costa Rica,CR,34.58,78.17,91.48,91.48,grupoice.com,false,
2024-09-16 23:00:00,Costa Rica,Costa Rica,CR,34.57,78.09,91.49,91.49,grupoice.com,false,
2024-09-17 00:00:00,Costa Rica,Costa Rica,CR,31.21,72.86,92.31,92.31,grupoice.com,false,
2024-09-17 01:00:00,Costa Rica,Costa Rica,CR,31.95,74.27,92.13,92.13,grupoice.com,false,
2024-09-17 02:00:00,Costa Rica,Costa Rica,CR,33.34,76.56,91.79,91.79,grupoice.com,false,
2024-09-17 03:00:00,Costa Rica,Costa Rica,CR,36.18,81.29,91.09,91.09,grupoice.com,false,
2024-09-17 04:00:00,Costa Rica,Costa Rica,CR,40.92,88.69,89.92,89.92,grupoice.com,false,
2024-09-17 05:00:00,Costa Rica,Costa Rica,CR,45.47,95.78,88.8,88.8,Electricity Maps Estimation,true,ESTIMATED_TIME_SLICER_AVERAGE
2024-09-17 06:00:00,Costa Rica,Costa Rica,CR,51.3,104.88,87.36,87.36,grupoice.com,false,
2024-09-17 07:00:00,Costa Rica,Costa Rica,CR,44.17,93.54,89.12,89.12,grupoice.com,false,
2024-09-17 08:00:00,Costa Rica,Costa Rica,CR,29.05,70.06,92.84,92.84,grupoice.com,false,
2024-09-17 09:00:00,Costa Rica,Costa Rica,CR,28.82,69.95,92.9,92.9,grupoice.com,false,
2024-09-17 10:00:00,Costa Rica,Costa Rica,CR,20.6,57.51,94.93,94.93,grupoice.com,false,
2024-09-17 11:00:00,Costa Rica,Costa Rica,CR,33.05,76.72,91.86,91.86,grupoice.com,false,
2024-09-17 12:00:00,Costa Rica,Costa Rica,CR,45.61,95.74,88.77,88.77,grupoice.com,false,
2024-09-17 13:00:00,Costa Rica,Costa Rica,CR,49.93,102.39,87.7,87.7,grupoice.com,false,
2024-09-17 14:00:00,Costa Rica,Costa Rica,CR,47.35,98.14,88.34,88.34,grupoice.com,false,
2024-09-17 15:00:00,Costa Rica,Costa Rica,CR,50.65,103.36,87.53,87.53,grupoice.com,false,
2024-09-17 16:00:00,Costa Rica,Costa Rica,CR,48.51,99.93,88.05,88.05,grupoice.com,false,
2024-09-17 17:00:00,Costa Rica,Costa Rica,CR,46.54,96.85,88.54,88.54,grupoice.com,false,
2024-09-17 18:00:00,Costa Rica,Costa Rica,CR,46.79,97.23,88.48,88.48,grupoice.com,false,
2024-09-17 19:00:00,Costa Rica,Costa Rica,CR,39.13,85.03,90.36,90.36,grupoice.com,false,
2024-09-17 20:00:00,Costa Rica,Costa Rica,CR,39.22,85.65,90.34,90.34,grupoice.com,false,
2024-09-17 21:00:00,Costa Rica,Costa Rica,CR,40.42,86.79,90.04,90.04,grupoice.com,false,
2024-09-17 22:00:00,Costa Rica,Costa Rica,CR,39.17,84.94,90.35,90.35,grupoice.com,false,
2024-09-17 23:00:00,Costa Rica,Costa Rica,CR,25.05,62.83,93.83,93.83,grupoice.com,false,
2024-09-18 00:00:00,Costa Rica,Costa Rica,CR,30.18,71.09,92.57,92.57,grupoice.com,false,
2024-09-18 01:00:00,Costa Rica,Costa Rica,CR,38.89,85.38,90.42,90.42,grupoice.com,false,
2024-09-18 02:00:00,Costa Rica,Costa Rica,CR,53.89,108.67,86.73,86.73,grupoice.com,false,
2024-09-18 03:00:00,Costa Rica,Costa Rica,CR,59.88,118.03,85.25,85.25,grupoice.com,false,
2024-09-18 04:00:00,Costa Rica,Costa Rica,CR,62.26,122.0,84.67,84.67,grupoice.com,false,
2024-09-18 05:00:00,Costa Rica,Costa Rica,CR,53.9,109.23,86.72,86.72,grupoice.com,false,
2024-09-18 06:00:00,Costa Rica,Costa Rica,CR,57.15,114.03,85.92,85.92,grupoice.com,false,
2024-09-18 07:00:00,Costa Rica,Costa Rica,CR,58.68,116.33,85.55,85.55,grupoice.com,false,
2024-09-18 08:00:00,Costa Rica,Costa Rica,CR,59.95,117.87,85.23,85.23,grupoice.com,false,
2024-09-18 09:00:00,Costa Rica,Costa Rica,CR,59.42,116.83,85.36,85.36,grupoice.com,false,
2024-09-18 10:00:00,Costa Rica,Costa Rica,CR,55.56,110.37,86.31,86.31,grupoice.com,false,
2024-09-18 11:00:00,Costa Rica,Costa Rica,CR,57.99,114.61,85.72,85.72,grupoice.com,false,
2024-09-18 12:00:00,Costa Rica,Costa Rica,CR,55.99,111.44,86.21,86.21,grupoice.com,false,
2024-09-18 13:00:00,Costa Rica,Costa Rica,CR,51.12,103.6,87.41,87.41,grupoice.com,false,
2024-09-18 14:00:00,Costa Rica,Costa Rica,CR,48.89,100.32,87.96,87.96,grupoice.com,false,
2024-09-18 15:00:00,Costa Rica,Costa Rica,CR,47.66,98.59,88.26,88.26,grupoice.com,false,
2024-09-18 16:00:00,Costa Rica,Costa Rica,CR,51.42,104.24,87.34,87.34,grupoice.com,false,
2024-09-18 17:00:00,Costa Rica,Costa Rica,CR,54.11,108.4,86.67,86.67,grupoice.com,false,
2024-09-18 18:00:00,Costa Rica,Costa Rica,CR,56.42,112.07,86.1,86.1,grupoice.com,false,
2024-09-18 19:00:00,Costa Rica,Costa Rica,CR,57.68,114.19,85.79,85.79,grupoice.com,false,
2024-09-18 20:00:00,Costa Rica,Costa Rica,CR,60.22,118.28,85.17,85.17,grupoice.com,false,
2024-09-18 21:00:00,Costa Rica,Costa Rica,CR,61.95,121.09,84.74,84.74,grupoice.com,false,
2024-09-18 22:00:00,Costa Rica,Costa Rica,CR,59.64,117.23,85.31,85.31,grupoice.com,false,
2024-09-18 23:00:00,Costa Rica,Costa Rica,CR,51.3,104.36,87.36,87.36,grupoice.com,false,
2024-09-19 00:00:00,Costa Rica,Costa Rica,CR,47.53,98.55,88.29,88.29,grupoice.com,false,
2024-09-19 01:00:00,Costa Rica,Costa Rica,CR,42.56,90.99,89.52,89.52,grupoice.com,false,
2024-09-19 02:00:00,Costa Rica,Costa Rica,CR,42.05,90.35,89.64,89.64,grupoice.com,false,
2024-09-19 03:00:00,Costa Rica,Costa Rica,CR,43.68,93.09,89.24,89.24,grupoice.com,false,
2024-09-19 04:00:00,Costa Rica,Costa Rica,CR,44.23,94.08,89.1,89.1,grupoice.com,false,
2024-09-19 05:00:00,Costa Rica,Costa Rica,CR,47.75,98.47,88.24,88.24,grupoice.com,false,
2024-09-19 06:00:00,Costa Rica,Costa Rica,CR,43.73,93.64,89.23,89.23,grupoice.com,false,
2024-09-19 07:00:00,Costa Rica,Costa Rica,CR,44.37,94.68,89.07,89.07,grupoice.com,false,
2024-09-19 08:00:00,Costa Rica,Costa Rica,CR,45.33,96.47,88.84,88.84,grupoice.com,false,
2024-09-19 09:00:00,Costa Rica,Costa Rica,CR,69.39,133.4,82.91,82.91,grupoice.com,false,
2024-09-19 10:00:00,Costa Rica,Costa Rica,CR,77.8,146.35,80.84,80.84,grupoice.com,false,
2024-09-19 11:00:00,Costa Rica,Costa Rica,CR,69.3,133.13,82.93,82.93,grupoice.com,false,
2024-09-19 12:00:00,Costa Rica,Costa Rica,CR,58.23,115.9,85.66,85.66,grupoice.com,false,
2024-09-19 13:00:00,Costa Rica,Costa Rica,CR,55.89,111.92,86.23,86.23,grupoice.com,false,
2024-09-19 14:00:00,Costa Rica,Costa Rica,CR,59.72,116.7,85.29,85.29,grupoice.com,false,
2024-09-19 15:00:00,Costa Rica,Costa Rica,CR,61.05,118.61,84.96,84.96,grupoice.com,false,
2024-09-19 16:00:00,Costa Rica,Costa Rica,CR,58.58,115.67,85.57,85.57,grupoice.com,false,
2024-09-19 17:00:00,Costa Rica,Costa Rica,CR,55.19,110.56,86.41,86.41,grupoice.com,false,
2024-09-19 18:00:00,Costa Rica,Costa Rica,CR,54.56,109.6,86.56,86.56,grupoice.com,false,
2024-09-19 19:00:00,Costa Rica,Costa Rica,CR,55.51,111.08,86.33,86.33,grupoice.com,false,
2024-09-19 20:00:00,Costa Rica,Costa Rica,CR,56.49,112.65,86.09,86.09,grupoice.com,false,
2024-09-19 21:00:00,Costa Rica,Costa Rica,CR,57.28,113.85,85.89,85.89,grupoice.com,false,
2024-09-19 22:00:00,Costa Rica,Costa Rica,CR,58.57,115.94,85.57,85.57,grupoice.com,false,
2024-09-19 23:00:00,Costa Rica,Costa Rica,CR,58.81,116.32,85.52,85.52,grupoice.com,false,
2024-09-20 00:00:00,Costa Rica,Costa Rica,CR,47.99,99.54,88.18,88.18,grupoice.com,false,
2024-09-20 01:00:00,Costa Rica,Costa Rica,CR,43.88,92.75,89.19,89.19,grupoice.com,false,
2024-09-20 02:00:00,Costa Rica,Costa Rica,CR,29.22,69.94,92.8,92.8,grupoice.com,false,
2024-09-20 03:00:00,Costa Rica,Costa Rica,CR,30.35,72.2,92.52,92.52,grupoice.com,false,
2024-09-20 04:00:00,Costa Rica,Costa Rica,CR,36.96,82.99,90.9,90.9,grupoice.com,false,
2024-09-20 05:00:00,Costa Rica,Costa Rica,CR,35.1,80.39,91.35,91.35,Electricity Maps Estimation,true,ESTIMATED_TIME_SLICER_AVERAGE
2024-09-20 06:00:00,Costa Rica,Costa Rica,CR,32.91,77.3,91.89,91.89,grupoice.com,false,
2024-09-20 07:00:00,Costa Rica,Costa Rica,CR,27.75,69.37,93.16,93.16,grupoice.com,false,
2024-09-20 08:00:00,Costa Rica,Costa Rica,CR,14.09,48.31,96.53,96.53,grupoice.com,false,
2024-09-20 09:00:00,Costa Rica,Costa Rica,CR,9.03,40.46,97.78,97.78,grupoice.com,false,
2024-09-20 10:00:00,Costa Rica,Costa Rica,CR,14.39,48.62,96.46,96.46,grupoice.com,false,
2024-09-20 11:00:00,Costa Rica,Costa Rica,CR,25.24,65.06,93.78,93.78,grupoice.com,false,
2024-09-20 12:00:00,Costa Rica,Costa Rica,CR,22.18,59.67,94.54,94.54,grupoice.com,false,
2024-09-20 13:00:00,Costa Rica,Costa Rica,CR,29.29,71.04,92.78,92.78,grupoice.com,false,
2024-09-20 14:00:00,Costa Rica,Costa Rica,CR,57.36,114.32,85.87,85.87,grupoice.com,false,
2024-09-20 15:00:00,Costa Rica,Costa Rica,CR,65.28,126.47,83.92,83.92,grupoice.com,false,
2024-09-20 16:00:00,Costa Rica,Costa Rica,CR,62.86,122.67,84.52,84.52,grupoice.com,false,
2024-09-20 17:00:00,Costa Rica,Costa Rica,CR,61.1,119.87,84.95,84.95,grupoice.com,false,
2024-09-20 18:00:00,Costa Rica,Costa Rica,CR,56.05,112.0,86.2,86.2,grupoice.com,false,
2024-09-20 19:00:00,Costa Rica,Costa Rica,CR,58.86,116.36,85.5,85.5,grupoice.com,false,
2024-09-20 20:00:00,Costa Rica,Costa Rica,CR,61.75,120.74,84.79,84.79,grupoice.com,false,
2024-09-20 21:00:00,Costa Rica,Costa Rica,CR,53.39,107.97,86.85,86.85,grupoice.com,false,
2024-09-20 22:00:00,Costa Rica,Costa Rica,CR,42.55,91.32,89.52,89.52,grupoice.com,false,
2024-09-20 23:00:00,Costa Rica,Costa Rica,CR,28.85,70.06,92.89,92.89,grupoice.com,false,
2024-09-21 00:00:00,Costa Rica,Costa Rica,CR,13.92,46.86,96.57,96.57,grupoice.com,false,
2024-09-21 01:00:00,Costa Rica,Costa Rica,CR,13.94,47.17,96.57,96.57,grupoice.com,false,
2024-09-21 02:00:00,Costa Rica,Costa Rica,CR,22.87,61.05,94.37,94.37,grupoice.com,false,
2024-09-21 03:00:00,Costa Rica,Costa Rica,CR,20.53,57.55,94.94,94.94,grupoice.com,false,
2024-09-21 04:00:00,Costa Rica,Costa Rica,CR,0.32,26.73,99.92,99.92,grupoice.com,false,
2024-09-21 05:00:00,Costa Rica,Costa Rica,CR,0.0,26.44,100.0,100.0,grupoice.com,false,
2024-09-21 06:00:00,Costa Rica,Costa Rica,CR,0.0,26.58,100.0,100.0,grupoice.com,false,
2024-09-21 07:00:00,Costa Rica,Costa Rica,CR,0.0,26.47,100.0,100.0,grupoice.com,false,
2024-09-21 08:00:00,Costa Rica,Costa Rica,CR,0.0,26.25,100.0,100.0,grupoice.com,false,
2024-09-21 09:00:00,Costa Rica,Costa Rica,CR,0.0,26.24,100.0,100.0,grupoice.com,false,
2024-09-21 10:00:00,Costa Rica,Costa Rica,CR,0.0,26.09,100.0,100.0,grupoice.com,false,
2024-09-21 11:00:00,Costa Rica,Costa Rica,CR,0.0,26.3,100.0,100.0,grupoice.com,false,
2024-09-21 12:00:00,Costa Rica,Costa Rica,CR,2.1,29.48,99.48,99.48,grupoice.com,false,
2024-09-21 13:00:00,Costa Rica,Costa Rica,CR,19.8,56.61,95.12,95.12,grupoice.com,false,
2024-09-21 14:00:00,Costa Rica,Costa Rica,CR,20.76,57.89,94.89,94.89,grupoice.com,false,
2024-09-21 15:00:00,Costa Rica,Costa Rica,CR,19.11,55.2,95.29,95.29,grupoice.com,false,
2024-09-21 16:00:00,Costa Rica,Costa Rica,CR,23.32,61.65,94.26,94.26,grupoice.com,false,
2024-09-21 17:00:00,Costa Rica,Costa Rica,CR,39.98,87.27,90.15,90.15,grupoice.com,false,
2024-09-21 18:00:00,Costa Rica,Costa Rica,CR,41.31,89.33,89.83,89.83,grupoice.com,false,
2024-09-21 19:00:00,Costa Rica,Costa Rica,CR,42.67,91.46,89.49,89.49,grupoice.com,false,
2024-09-21 20:00:00,Costa Rica,Costa Rica,CR,45.66,96.0,88.75,88.75,grupoice.com,false,
2024-09-21 21:00:00,Costa Rica,Costa Rica,CR,43.65,93.02,89.25,89.25,grupoice.com,false,
2024-09-21 22:00:00,Costa Rica,Costa Rica,CR,27.7,68.51,93.18,93.18,grupoice.com,false,
2024-09-21 23:00:00,Costa Rica,Costa Rica,CR,21.36,58.63,94.74,94.74,grupoice.com,false,
2024-09-22 00:00:00,Costa Rica,Costa Rica,CR,27.39,67.79,93.25,93.25,grupoice.com,false,
2024-09-22 01:00:00,Costa Rica,Costa Rica,CR,28.02,68.86,93.1,93.1,grupoice.com,false,
2024-09-22 02:00:00,Costa Rica,Costa Rica,CR,29.68,71.5,92.69,92.69,grupoice.com,false,
2024-09-22 03:00:00,Costa Rica,Costa Rica,CR,30.84,73.5,92.4,92.4,grupoice.com,false,
2024-09-22 04:00:00,Costa Rica,Costa Rica,CR,16.06,50.82,96.04,96.04,grupoice.com,false,
2024-09-22 05:00:00,Costa Rica,Costa Rica,CR,18.55,54.94,95.43,95.43,grupoice.com,false,
2024-09-22 06:00:00,Costa Rica,Costa Rica,CR,17.24,52.74,95.75,95.75,grupoice.com,false,
2024-09-22 07:00:00,Costa Rica,Costa Rica,CR,17.7,53.48,95.64,95.64,grupoice.com,false,
2024-09-22 08:00:00,Costa Rica,Costa Rica,CR,18.2,54.29,95.52,95.52,grupoice.com,false,
2024-09-22 09:00:00,Costa Rica,Costa Rica,CR,18.02,53.99,95.56,95.56,grupoice.com,false,
2024-09-22 10:00:00,Costa Rica,Costa Rica,CR,17.86,53.75,95.6,95.6,grupoice.com,false,
2024-09-22 11:00:00,Costa Rica,Costa Rica,CR,25.76,66.02,93.65,93.65,grupoice.com,false,
2024-09-22 12:00:00,Costa Rica,Costa Rica,CR,20.35,57.95,94.99,94.99,grupoice.com,false,
2024-09-22 13:00:00,Costa Rica,Costa Rica,CR,8.3,39.11,97.96,97.96,grupoice.com,false,
2024-09-22 14:00:00,Costa Rica,Costa Rica,CR,0.0,26.01,100.0,100.0,grupoice.com,false,
2024-09-22 15:00:00,Costa Rica,Costa Rica,CR,0.0,25.76,100.0,100.0,grupoice.com,false,
2024-09-22 16:00:00,Costa Rica,Costa Rica,CR,0.0,25.72,100.0,100.0,grupoice.com,false,
2024-09-22 17:00:00,Costa Rica,Costa Rica,CR,0.0,25.7,100.0,100.0,grupoice.com,false,
2024-09-22 18:00:00,Costa Rica,Costa Rica,CR,13.77,46.92,96.61,96.61,grupoice.com,false,
2024-09-22 19:00:00,Costa Rica,Costa Rica,CR,21.0,58.0,94.83,94.83,grupoice.com,false,
2024-09-22 20:00:00,Costa Rica,Costa Rica,CR,21.55,58.72,94.69,94.69,grupoice.com,false,
2024-09-22 21:00:00,Costa Rica,Costa Rica,CR,21.84,59.2,94.62,94.62,grupoice.com,false,
2024-09-22 22:00:00,Costa Rica,Costa Rica,CR,25.04,64.19,93.83,93.83,grupoice.com,false,
2024-09-22 23:00:00,Costa Rica,Costa Rica,CR,26.36,66.28,93.51,93.51,grupoice.com,false,
2024-09-23 00:00:00,Costa Rica,Costa Rica,CR,23.83,62.25,94.13,94.13,grupoice.com,false,
2024-09-23 01:00:00,Costa Rica,Costa Rica,CR,24.25,62.92,94.03,94.03,grupoice.com,false,
2024-09-23 02:00:00,Costa Rica,Costa Rica,CR,25.3,64.65,93.77,93.77,grupoice.com,false,
2024-09-23 03:00:00,Costa Rica,Costa Rica,CR,25.67,65.25,93.68,93.68,grupoice.com,false,
2024-09-23 04:00:00,Costa Rica,Costa Rica,CR,27.09,67.57,93.33,93.33,grupoice.com,false,
2024-09-23 05:00:00,Costa Rica,Costa Rica,CR,29.25,71.05,92.8,92.8,grupoice.com,false,
2024-09-23 06:00:00,Costa Rica,Costa Rica,CR,37.99,84.69,90.64,90.64,grupoice.com,false,
2024-09-23 07:00:00,Costa Rica,Costa Rica,CR,63.09,123.16,84.46,84.46,grupoice.com,false,
2024-09-23 08:00:00,Costa Rica,Costa Rica,CR,66.49,128.52,83.62,83.62,grupoice.com,false,
2024-09-23 09:00:00,Costa Rica,Costa Rica,CR,65.64,127.2,83.83,83.83,grupoice.com,false,
2024-09-23 10:00:00,Costa Rica,Costa Rica,CR,60.82,119.62,85.02,85.02,grupoice.com,false,
2024-09-23 11:00:00,Costa Rica,Costa Rica,CR,60.0,118.38,85.22,85.22,grupoice.com,false,
2024-09-23 12:00:00,Costa Rica,Costa Rica,CR,53.03,107.55,86.94,86.94,grupoice.com,false,
2024-09-23 13:00:00,Costa Rica,Costa Rica,CR,49.25,101.77,87.87,87.87,grupoice.com,false,
2024-09-23 14:00:00,Costa Rica,Costa Rica,CR,46.08,96.75,88.65,88.65,grupoice.com,false,
2024-09-23 15:00:00,Costa Rica,Costa Rica,CR,49.85,102.45,87.72,87.72,grupoice.com,false,
2024-09-23 16:00:00,Costa Rica,Costa Rica,CR,49.77,102.38,87.74,87.74,grupoice.com,false,
2024-09-23 17:00:00,Costa Rica,Costa Rica,CR,51.97,105.72,87.2,87.2,grupoice.com,false,
2024-09-23 18:00:00,Costa Rica,Costa Rica,CR,53.07,107.35,86.93,86.93,grupoice.com,false,
2024-09-23 19:00:00,Costa Rica,Costa Rica,CR,49.48,101.8,87.81,87.81,grupoice.com,false,
2024-09-23 20:00:00,Costa Rica,Costa Rica,CR,48.74,100.59,88.0,88.0,grupoice.com,false,
2024-09-23 21:00:00,Costa Rica,Costa Rica,CR,49.68,101.67,87.76,87.76,grupoice.com,false,
2024-09-23 22:00:00,Costa Rica,Costa Rica,CR,50.44,102.94,87.58,87.58,grupoice.com,false,
2024-09-23 23:00:00,Costa Rica,Costa Rica,CR,43.38,92.01,89.32,89.32,grupoice.com,false,
2024-09-24 00:00:00,Costa Rica,Costa Rica,CR,41.14,88.56,89.87,89.87,grupoice.com,false,
2024-09-24 01:00:00,Costa Rica,Costa Rica,CR,41.71,89.54,89.73,89.73,grupoice.com,false,
2024-09-24 02:00:00,Costa Rica,Costa Rica,CR,40.2,87.22,90.1,90.1,grupoice.com,false,
2024-09-24 03:00:00,Costa Rica,Costa Rica,CR,44.67,94.21,89.0,89.0,grupoice.com,false,
2024-09-24 04:00:00,Costa Rica,Costa Rica,CR,50.06,102.71,87.67,87.67,grupoice.com,false,
2024-09-24 05:00:00,Costa Rica,Costa Rica,CR,50.71,103.73,87.51,87.51,grupoice.com,false,
2024-09-24 06:00:00,Costa Rica,Costa Rica,CR,56.66,113.06,86.05,86.05,grupoice.com,false,
2024-09-24 07:00:00,Costa Rica,Costa Rica,CR,43.99,93.74,89.17,89.17,grupoice.com,false,
2024-09-24 08:00:00,Costa Rica,Costa Rica,CR,44.43,94.53,89.06,89.06,grupoice.com,false,
2024-09-24 09:00:00,Costa Rica,Costa Rica,CR,51.81,105.79,87.24,87.24,grupoice.com,false,
2024-09-24 10:00:00,Costa Rica,Costa Rica,CR,59.64,117.67,85.31,85.31,grupoice.com,false,
2024-09-24 11:00:00,Costa Rica,Costa Rica,CR,53.02,107.19,86.94,86.94,grupoice.com,false,
2024-09-24 12:00:00,Costa Rica,Costa Rica,CR,51.84,105.41,87.23,87.23,grupoice.com,false,
2024-09-24 13:00:00,Costa Rica,Costa Rica,CR,48.72,100.6,88.0,88.0,grupoice.com,false,
2024-09-24 14:00:00,Costa Rica,Costa Rica,CR,47.15,98.07,88.39,88.39,grupoice.com,false,
2024-09-24 15:00:00,Costa Rica,Costa Rica,CR,45.57,95.52,88.77,88.77,grupoice.com,false,
2024-09-24 16:00:00,Costa Rica,Costa Rica,CR,44.2,93.39,89.11,89.11,grupoice.com,false,
2024-09-24 17:00:00,Costa Rica,Costa Rica,CR,42.31,90.55,89.58,89.58,grupoice.com,false,
2024-09-24 18:00:00,Costa Rica,Costa Rica,CR,42.19,90.43,89.61,89.61,grupoice.com,false,
2024-09-24 19:00:00,Costa Rica,Costa Rica,CR,42.16,90.35,89.61,89.61,grupoice.com,false,
2024-09-24 20:00:00,Costa Rica,Costa Rica,CR,43.55,92.54,89.27,89.27,grupoice.com,false,
2024-09-24 21:00:00,Costa Rica,Costa Rica,CR,43.45,92.28,89.3,89.3,grupoice.com,false,
2024-09-24 22:00:00,Costa Rica,Costa Rica,CR,44.72,94.22,88.98,88.98,grupoice.com,false,
2024-09-24 23:00:00,Costa Rica,Costa Rica,CR,43.45,92.28,89.3,89.3,grupoice.com,false,
2024-09-25 00:00:00,Costa Rica,Costa Rica,CR,36.45,81.58,91.02,91.02,grupoice.com,false,
2024-09-25 01:00:00,Costa Rica,Costa Rica,CR,13.82,46.57,96.6,96.6,grupoice.com,false,
2024-09-25 02:00:00,Costa Rica,Costa Rica,CR,2.3,28.75,99.43,99.43,grupoice.com,false,
2024-09-25 03:00:00,Costa Rica,Costa Rica,CR,0.0,25.57,100.0,100.0,grupoice.com,false,
2024-09-25 04:00:00,Costa Rica,Costa Rica,CR,0.0,25.99,100.0,100.0,grupoice.com,false,
2024-09-25 05:00:00,Costa Rica,Costa Rica,CR,0.0,26.36,100.0,100.0,grupoice.com,false,
2024-09-25 06:00:00,Costa Rica,Costa Rica,CR,0.0,27.03,100.0,100.0,grupoice.com,false,
2024-09-25 07:00:00,Costa Rica,Costa Rica,CR,0.0,26.89,100.0,100.0,grupoice.com,false,
2024-09-25 08:00:00,Costa Rica,Costa Rica,CR,0.0,26.73,100.0,100.0,grupoice.com,false,
2024-09-25 09:00:00,Costa Rica,Costa Rica,CR,0.0,26.66,100.0,100.0,grupoice.com,false,
2024-09-25 10:00:00,Costa Rica,Costa Rica,CR,0.0,26.36,100.0,100.0,grupoice.com,false,
2024-09-25 11:00:00,Costa Rica,Costa Rica,CR,6.23,35.7,98.46,98.46,grupoice.com,false,
2024-09-25 12:00:00,Costa Rica,Costa Rica,CR,15.79,50.29,96.11,96.11,grupoice.com,false,
2024-09-25 13:00:00,Costa Rica,Costa Rica,CR,14.65,48.43,96.39,96.39,grupoice.com,false,
2024-09-25 14:00:00,Costa Rica,Costa Rica,CR,13.77,46.85,96.61,96.61,grupoice.com,false,
2024-09-25 15:00:00,Costa Rica,Costa Rica,CR,23.33,61.34,94.25,94.25,grupoice.com,false,
2024-09-25 16:00:00,Costa Rica,Costa Rica,CR,32.58,75.56,91.98,91.98,grupoice.com,false,
2024-09-25 17:00:00,Costa Rica,Costa Rica,CR,31.56,74.29,92.23,92.23,grupoice.com,false,
2024-09-25 18:00:00,Costa Rica,Costa Rica,CR,31.42,74.11,92.26,92.26,grupoice.com,false,
2024-09-25 19:00:00,Costa Rica,Costa Rica,CR,26.19,66.13,93.55,93.55,grupoice.com,false,
2024-09-25 20:00:00,Costa Rica,Costa Rica,CR,24.33,63.31,94.01,94.01,grupoice.com,false,
2024-09-25 21:00:00,Costa Rica,Costa Rica,CR,21.9,59.55,94.61,94.61,grupoice.com,false,
2024-09-25 22:00:00,Costa Rica,Costa Rica,CR,26.0,65.87,93.6,93.6,grupoice.com,false,
2024-09-25 23:00:00,Costa Rica,Costa Rica,CR,39.09,86.0,90.37,90.37,grupoice.com,false,
2024-09-26 00:00:00,Costa Rica,Costa Rica,CR,37.72,83.75,90.71,90.71,grupoice.com,false,
2024-09-26 01:00:00,Costa Rica,Costa Rica,CR,39.2,86.1,90.34,90.34,grupoice.com,false,
2024-09-26 02:00:00,Costa Rica,Costa Rica,CR,41.55,89.82,89.77,89.77,grupoice.com,false,
2024-09-26 03:00:00,Costa Rica,Costa Rica,CR,44.73,94.87,88.98,88.98,grupoice.com,false,
2024-09-26 04:00:00,Costa Rica,Costa Rica,CR,51.41,105.45,87.34,87.34,grupoice.com,false,
2024-09-26 05:00:00,Costa Rica,Costa Rica,CR,56.17,112.93,86.17,86.17,grupoice.com,false,
2024-09-26 06:00:00,Costa Rica,Costa Rica,CR,41.12,90.24,89.87,89.87,grupoice.com,false,
2024-09-26 07:00:00,Costa Rica,Costa Rica,CR,27.44,69.33,93.24,93.24,grupoice.com,false,
2024-09-26 08:00:00,Costa Rica,Costa Rica,CR,26.09,67.22,93.57,93.57,grupoice.com,false,
2024-09-26 09:00:00,Costa Rica,Costa Rica,CR,35.59,81.82,91.23,91.23,grupoice.com,false,
2024-09-26 10:00:00,Costa Rica,Costa Rica,CR,52.68,107.91,87.02,87.02,grupoice.com,false,
2024-09-26 11:00:00,Costa Rica,Costa Rica,CR,55.94,112.53,86.22,86.22,grupoice.com,false,
2024-09-26 12:00:00,Costa Rica,Costa Rica,CR,51.72,105.75,87.26,87.26,grupoice.com,false,
2024-09-26 13:00:00,Costa Rica,Costa Rica,CR,49.77,102.67,87.74,87.74,grupoice.com,false,
2024-09-26 14:00:00,Costa Rica,Costa Rica,CR,47.7,99.43,88.25,88.25,grupoice.com,false,
2024-09-26 15:00:00,Costa Rica,Costa Rica,CR,45.99,96.76,88.67,88.67,grupoice.com,false,
2024-09-26 16:00:00,Costa Rica,Costa Rica,CR,39.04,86.01,90.38,90.38,grupoice.com,false,
2024-09-26 17:00:00,Costa Rica,Costa Rica,CR,41.66,89.96,89.74,89.74,grupoice.com,false,
2024-09-26 18:00:00,Costa Rica,Costa Rica,CR,42.27,90.9,89.59,89.59,grupoice.com,false,
2024-09-26 19:00:00,Costa Rica,Costa Rica,CR,41.55,89.73,89.76,89.76,grupoice.com,false,
2024-09-26 20:00:00,Costa Rica,Costa Rica,CR,41.6,89.73,89.75,89.75,grupoice.com,false,
2024-09-26 21:00:00,Costa Rica,Costa Rica,CR,43.0,91.89,89.41,89.41,grupoice.com,false,
2024-09-26 22:00:00,Costa Rica,Costa Rica,CR,43.38,92.54,89.32,89.32,grupoice.com,false,
2024-09-26 23:00:00,Costa Rica,Costa Rica,CR,42.79,91.65,89.46,89.46,grupoice.com,false,
2024-09-27 00:00:00,Costa Rica,Costa Rica,CR,40.51,88.07,90.02,90.02,grupoice.com,false,
2024-09-27 01:00:00,Costa Rica,Costa Rica,CR,41.64,89.87,89.74,89.74,grupoice.com,false,
2024-09-27 02:00:00,Costa Rica,Costa Rica,CR,43.71,93.13,89.23,89.23,grupoice.com,false,
2024-09-27 03:00:00,Costa Rica,Costa Rica,CR,46.88,98.14,88.45,88.45,grupoice.com,false,
2024-09-27 04:00:00,Costa Rica,Costa Rica,CR,57.98,115.7,85.72,85.72,grupoice.com,false,
2024-09-27 05:00:00,Costa Rica,Costa Rica,CR,65.94,128.27,83.76,83.76,grupoice.com,false,
2024-09-27 06:00:00,Costa Rica,Costa Rica,CR,65.62,127.91,83.84,83.84,grupoice.com,false,
2024-09-27 07:00:00,Costa Rica,Costa Rica,CR,57.99,116.29,85.72,85.72,grupoice.com,false,
2024-09-27 08:00:00,Costa Rica,Costa Rica,CR,59.54,118.72,85.34,85.34,grupoice.com,false,
2024-09-27 09:00:00,Costa Rica,Costa Rica,CR,58.94,117.56,85.48,85.48,grupoice.com,false,
2024-09-27 10:00:00,Costa Rica,Costa Rica,CR,55.64,112.24,86.3,86.3,grupoice.com,false,
2024-09-27 11:00:00,Costa Rica,Costa Rica,CR,58.07,115.76,85.7,85.7,grupoice.com,false,
2024-09-27 12:00:00,Costa Rica,Costa Rica,CR,46.15,97.25,88.63,88.63,grupoice.com,false,
2024-09-27 13:00:00,Costa Rica,Costa Rica,CR,51.91,106.01,87.21,87.21,grupoice.com,false,
2024-09-27 14:00:00,Costa Rica,Costa Rica,CR,52.84,107.3,86.99,86.99,grupoice.com,false,
2024-09-27 15:00:00,Costa Rica,Costa Rica,CR,56.26,112.46,86.14,86.14,grupoice.com,false,
2024-09-27 16:00:00,Costa Rica,Costa Rica,CR,52.02,105.76,87.19,87.19,grupoice.com,false,
2024-09-27 17:00:00,Costa Rica,Costa Rica,CR,50.41,103.23,87.58,87.58,grupoice.com,false,
2024-09-27 18:00:00,Costa Rica,Costa Rica,CR,49.51,101.83,87.8,87.8,grupoice.com,false,
2024-09-27 19:00:00,Costa Rica,Costa Rica,CR,49.18,101.35,87.89,87.89,grupoice.com,false,
2024-09-27 20:00:00,Costa Rica,Costa Rica,CR,43.74,93.13,89.23,89.23,grupoice.com,false,
2024-09-27 21:00:00,Costa Rica,Costa Rica,CR,45.21,95.57,88.87,88.87,grupoice.com,false,
2024-09-27 22:00:00,Costa Rica,Costa Rica,CR,40.1,87.65,90.12,90.12,grupoice.com,false,
2024-09-27 23:00:00,Costa Rica,Costa Rica,CR,16.39,51.05,95.96,95.96,grupoice.com,false,
2024-09-28 00:00:00,Costa Rica,Costa Rica,CR,15.61,49.78,96.16,96.16,grupoice.com,false,
2024-09-28 01:00:00,Costa Rica,Costa Rica,CR,16.19,50.73,96.01,96.01,grupoice.com,false,
2024-09-28 02:00:00,Costa Rica,Costa Rica,CR,17.46,52.81,95.7,95.7,grupoice.com,false,
2024-09-28 03:00:00,Costa Rica,Costa Rica,CR,0.0,25.56,100.0,100.0,grupoice.com,false,
2024-09-28 04:00:00,Costa Rica,Costa Rica,CR,0.0,26.06,100.0,100.0,Electricity Maps Estimation,true,ESTIMATED_TIME_SLICER_AVERAGE
2024-09-28 05:00:00,Costa Rica,Costa Rica,CR,0.0,26.53,100.0,100.0,Electricity Maps Estimation,true,ESTIMATED_TIME_SLICER_AVERAGE
2024-09-28 06:00:00,Costa Rica,Costa Rica,CR,0.0,26.97,100.0,100.0,grupoice.com,false,
2024-09-28 07:00:00,Costa Rica,Costa Rica,CR,0.0,26.99,100.0,100.0,grupoice.com,false,
2024-09-28 08:00:00,Costa Rica,Costa Rica,CR,0.0,27.11,100.0,100.0,grupoice.com,false,
2024-09-28 09:00:00,Costa Rica,Costa Rica,CR,0.0,27.11,100.0,100.0,grupoice.com,false,
2024-09-28 10:00:00,Costa Rica,Costa Rica,CR,0.0,27.0,100.0,100.0,grupoice.com,false,
2024-09-28 11:00:00,Costa Rica,Costa Rica,CR,0.0,27.0,100.0,100.0,grupoice.com,false,
2024-09-28 12:00:00,Costa Rica,Costa Rica,CR,0.0,26.71,100.0,100.0,grupoice.com,false,
2024-09-28 13:00:00,Costa Rica,Costa Rica,CR,0.0,26.28,100.0,100.0,grupoice.com,false,
2024-09-28 14:00:00,Costa Rica,Costa Rica,CR,0.92,27.47,99.77,99.77,grupoice.com,false,
2024-09-28 15:00:00,Costa Rica,Costa Rica,CR,9.13,40.06,97.75,97.75,grupoice.com,false,
2024-09-28 16:00:00,Costa Rica,Costa Rica,CR,10.03,41.39,97.53,97.53,grupoice.com,false,
2024-09-28 17:00:00,Costa Rica,Costa Rica,CR,9.72,40.82,97.6,97.6,grupoice.com,false,
2024-09-28 18:00:00,Costa Rica,Costa Rica,CR,9.69,40.74,97.61,97.61,grupoice.com,false,
2024-09-28 19:00:00,Costa Rica,Costa Rica,CR,9.99,41.24,97.54,97.54,grupoice.com,false,
2024-09-28 20:00:00,Costa Rica,Costa Rica,CR,10.33,41.84,97.46,97.46,grupoice.com,false,
2024-09-28 21:00:00,Costa Rica,Costa Rica,CR,10.56,42.2,97.4,97.4,grupoice.com,false,
2024-09-28 22:00:00,Costa Rica,Costa Rica,CR,4.62,33.05,98.86,98.86,grupoice.com,false,
2024-09-28 23:00:00,Costa Rica,Costa Rica,CR,0.0,25.87,100.0,100.0,grupoice.com,false,
2024-09-29 00:00:00,Costa Rica,Costa Rica,CR,0.0,25.74,100.0,100.0,grupoice.com,false,
2024-09-29 01:00:00,Costa Rica,Costa Rica,CR,0.0,25.78,100.0,100.0,grupoice.com,false,
2024-09-29 02:00:00,Costa Rica,Costa Rica,CR,0.0,25.87,100.0,100.0,grupoice.com,false,
2024-09-29 03:00:00,Costa Rica,Costa Rica,CR,0.0,26.04,100.0,100.0,grupoice.com,false,
2024-09-29 04:00:00,Costa Rica,Costa Rica,CR,0.0,26.3,100.0,100.0,grupoice.com,false,
2024-09-29 05:00:00,Costa Rica,Costa Rica,CR,0.0,26.55,100.0,100.0,grupoice.com,false,
2024-09-29 06:00:00,Costa Rica,Costa Rica,CR,0.0,26.43,100.0,100.0,grupoice.com,false,
2024-09-29 07:00:00,Costa Rica,Costa Rica,CR,0.0,26.51,100.0,100.0,grupoice.com,false,
2024-09-29 08:00:00,Costa Rica,Costa Rica,CR,0.0,26.54,100.0,100.0,grupoice.com,false,
2024-09-29 09:00:00,Costa Rica,Costa Rica,CR,0.0,26.54,100.0,100.0,grupoice.com,false,
2024-09-29 10:00:00,Costa Rica,Costa Rica,CR,0.0,26.55,100.0,100.0,grupoice.com,false,
2024-09-29 11:00:00,Costa Rica,Costa Rica,CR,0.0,26.56,100.0,100.0,grupoice.com,false,
2024-09-29 12:00:00,Costa Rica,Costa Rica,CR,0.0,26.46,100.0,100.0,grupoice.com,false,
2024-09-29 13:00:00,Costa Rica,Costa Rica,CR,0.0,26.28,100.0,100.0,grupoice.com,false,
2024-09-29 14:00:00,Costa Rica,Costa Rica,CR,0.0,26.09,100.0,100.0,grupoice.com,false,
2024-09-29 15:00:00,Costa Rica,Costa Rica,CR,0.0,26.02,100.0,100.0,grupoice.com,false,
2024-09-29 16:00:00,Costa Rica,Costa Rica,CR,0.0,25.95,100.0,100.0,grupoice.com,false,
2024-09-29 17:00:00,Costa Rica,Costa Rica,CR,0.0,25.85,100.0,100.0,grupoice.com,false,
2024-09-29 18:00:00,Costa Rica,Costa Rica,CR,0.0,25.77,100.0,100.0,grupoice.com,false,
2024-09-29 19:00:00,Costa Rica,Costa Rica,CR,0.0,25.82,100.0,100.0,grupoice.com,false,
2024-09-29 20:00:00,Costa Rica,Costa Rica,CR,0.0,25.87,100.0,100.0,grupoice.com,false,
2024-09-29 21:00:00,Costa Rica,Costa Rica,CR,0.0,25.92,100.0,100.0,grupoice.com,false,
2024-09-29 22:00:00,Costa Rica,Costa Rica,CR,0.0,25.97,100.0,100.0,grupoice.com,false,
2024-09-29 23:00:00,Costa Rica,Costa Rica,CR,0.0,25.85,100.0,100.0,grupoice.com,false,
2024-09-30 00:00:00,Costa Rica,Costa Rica,CR,0.0,25.77,100.0,100.0,grupoice.com,false,
2024-09-30 01:00:00,Costa Rica,Costa Rica,CR,0.0,25.8,100.0,100.0,grupoice.com,false,
2024-09-30 02:00:00,Costa Rica,Costa Rica,CR,0.0,25.88,100.0,100.0,grupoice.com,false,
2024-09-30 03:00:00,Costa Rica,Costa Rica,CR,0.0,26.0,100.0,100.0,grupoice.com,false,
2024-09-30 04:00:00,Costa Rica,Costa Rica,CR,0.0,26.23,100.0,100.0,grupoice.com,false,
2024-09-30 05:00:00,Costa Rica,Costa Rica,CR,0.0,23.77,100.0,100.0,grupoice.com,false,
2024-09-30 06:00:00,Costa Rica,Costa Rica,CR,0.0,26.59,100.0,100.0,grupoice.com,false,
2024-09-30 07:00:00,Costa Rica,Costa Rica,CR,0.0,26.59,100.0,100.0,grupoice.com,false,
2024-09-30 08:00:00,Costa Rica,Costa Rica,CR,0.0,26.57,100.0,100.0,grupoice.com,false,
2024-09-30 09:00:00,Costa Rica,Costa Rica,CR,0.0,26.46,100.0,100.0,grupoice.com,false,
2024-09-30 10:00:00,Costa Rica,Costa Rica,CR,0.0,26.31,100.0,100.0,grupoice.com,false,
2024-09-30 11:00:00,Costa Rica,Costa Rica,CR,2.48,29.82,99.39,99.39,grupoice.com,false,
2024-09-30 12:00:00,Costa Rica,Costa Rica,CR,14.54,48.27,96.42,96.42,grupoice.com,false,
2024-09-30 13:00:00,Costa Rica,Costa Rica,CR,14.72,48.48,96.37,96.37,grupoice.com,false,
2024-09-30 14:00:00,Costa Rica,Costa Rica,CR,13.94,47.2,96.57,96.57,grupoice.com,false,
2024-09-30 15:00:00,Costa Rica,Costa Rica,CR,13.63,46.71,96.64,96.64,grupoice.com,false,
2024-09-30 16:00:00,Costa Rica,Costa Rica,CR,13.22,46.01,96.74,96.74,grupoice.com,false,
2024-09-30 17:00:00,Costa Rica,Costa Rica,CR,12.72,45.02,96.87,96.87,grupoice.com,false,
2024-09-30 18:00:00,Costa Rica,Costa Rica,CR,14.58,47.88,96.41,96.41,grupoice.com,false,
2024-09-30 19:00:00,Costa Rica,Costa Rica,CR,12.58,44.78,96.9,96.9,grupoice.com,false,
2024-09-30 20:00:00,Costa Rica,Costa Rica,CR,2.12,28.84,99.48,99.48,grupoice.com,false,
2024-09-30 21:00:00,Costa Rica,Costa Rica,CR,0.0,25.58,100.0,100.0,grupoice.com,false,
2024-09-30 22:00:00,Costa Rica,Costa Rica,CR,0.0,25.59,100.0,100.0,grupoice.com,false,
2024-09-30 23:00:00,Costa Rica,Costa Rica,CR,0.0,25.6,100.0,100.0,grupoice.com,false,
2024-10-01 00:00:00,Costa Rica,Costa Rica,CR,0.0,25.56,100.0,100.0,grupoice.com,false,
2024-10-01 01:00:00,Costa Rica,Costa Rica,CR,0.0,25.61,100.0,100.0,grupoice.com,false,
2024-10-01 02:00:00,Costa Rica,Costa Rica,CR,0.0,25.68,100.0,100.0,grupoice.com,false,
2024-10-01 03:00:00,Costa Rica,Costa Rica,CR,0.0,25.85,100.0,100.0,grupoice.com,false,
2024-10-01 04:00:00,Costa Rica,Costa Rica,CR,0.0,26.07,100.0,100.0,grupoice.com,false,
2024-10-01 05:00:00,Costa Rica,Costa Rica,CR,0.0,26.23,100.0,100.0,grupoice.com,false,
2024-10-01 06:00:00,Costa Rica,Costa Rica,CR,0.0,26.39,100.0,100.0,grupoice.com,false,
2024-10-01 07:00:00,Costa Rica,Costa Rica,CR,0.0,26.33,100.0,100.0,grupoice.com,false,
2024-10-01 08:00:00,Costa Rica,Costa Rica,CR,0.0,26.35,100.0,100.0,grupoice.com,false,
2024-10-01 09:00:00,Costa Rica,Costa Rica,CR,0.0,26.37,100.0,100.0,grupoice.com,false,
2024-10-01 10:00:00,Costa Rica,Costa Rica,CR,0.0,26.19,100.0,100.0,grupoice.com,false,
2024-10-01 11:00:00,Costa Rica,Costa Rica,CR,0.0,25.91,100.0,100.0,grupoice.com,false,
2024-10-01 12:00:00,Costa Rica,Costa Rica,CR,0.0,25.85,100.0,100.0,grupoice.com,false,
2024-10-01 13:00:00,Costa Rica,Costa Rica,CR,0.0,25.81,100.0,100.0,grupoice.com,false,
2024-10-01 14:00:00,Costa Rica,Costa Rica,CR,0.0,25.73,100.0,100.0,grupoice.com,false,
2024-10-01 15:00:00,Costa Rica,Costa Rica,CR,0.03,25.73,99.99,99.99,grupoice.com,false,
2024-10-01 16:00:00,Costa Rica,Costa Rica,CR,3.12,30.4,99.23,99.23,grupoice.com,false,
2024-10-01 17:00:00,Costa Rica,Costa Rica,CR,4.34,32.04,98.93,98.93,grupoice.com,false,
2024-10-01 18:00:00,Costa Rica,Costa Rica,CR,4.42,31.96,98.91,98.91,grupoice.com,false,
2024-10-01 19:00:00,Costa Rica,Costa Rica,CR,4.5,32.09,98.89,98.89,grupoice.com,false,
2024-10-01 20:00:00,Costa Rica,Costa Rica,CR,4.56,32.07,98.88,98.88,grupoice.com,false,
2024-10-01 21:00:00,Costa Rica,Costa Rica,CR,1.16,26.89,99.71,99.71,grupoice.com,false,
2024-10-01 22:00:00,Costa Rica,Costa Rica,CR,0.0,25.11,100.0,100.0,grupoice.com,false,
2024-10-01 23:00:00,Costa Rica,Costa Rica,CR,0.0,25.26,100.0,100.0,grupoice.com,false,
2024-10-02 00:00:00,Costa Rica,Costa Rica,CR,0.0,25.42,100.0,100.0,grupoice.com,false,
2024-10-02 01:00:00,Costa Rica,Costa Rica,CR,0.0,25.5,100.0,100.0,grupoice.com,false,
2024-10-02 02:00:00,Costa Rica,Costa Rica,CR,0.0,25.56,100.0,100.0,grupoice.com,false,
2024-10-02 03:00:00,Costa Rica,Costa Rica,CR,0.0,25.72,100.0,100.0,grupoice.com,false,
2024-10-02 04:00:00,Costa Rica,Costa Rica,CR,0.0,25.96,100.0,100.0,grupoice.com,false,
2024-10-02 05:00:00,Costa Rica,Costa Rica,CR,0.0,26.11,100.0,100.0,grupoice.com,false,
2024-10-02 06:00:00,Costa Rica,Costa Rica,CR,0.0,26.39,100.0,100.0,grupoice.com,false,
2024-10-02 07:00:00,Costa Rica,Costa Rica,CR,0.0,26.36,100.0,100.0,grupoice.com,false,
2024-10-02 08:00:00,Costa Rica,Costa Rica,CR,0.0,26.42,100.0,100.0,grupoice.com,false,
2024-10-02 09:00:00,Costa Rica,Costa Rica,CR,0.0,26.42,100.0,100.0,grupoice.com,false,
2024-10-02 10:00:00,Costa Rica,Costa Rica,CR,0.0,26.12,100.0,100.0,grupoice.com,false,
2024-10-02 11:00:00,Costa Rica,Costa Rica,CR,0.0,25.93,100.0,100.0,grupoice.com,false,
2024-10-02 12:00:00,Costa Rica,Costa Rica,CR,0.0,25.85,100.0,100.0,grupoice.com,false,
2024-10-02 13:00:00,Costa Rica,Costa Rica,CR,0.0,25.82,100.0,100.0,grupoice.com,false,
2024-10-02 14:00:00,Costa Rica,Costa Rica,CR,0.0,25.74,100.0,100.0,grupoice.com,false,
2024-10-02 15:00:00,Costa Rica,Costa Rica,CR,0.0,25.67,100.0,100.0,grupoice.com,false,
2024-10-02 16:00:00,Costa Rica,Costa Rica,CR,0.0,25.63,100.0,100.0,grupoice.com,false,
2024-10-02 17:00:00,Costa Rica,Costa Rica,CR,0.0,25.53,100.0,100.0,grupoice.com,false,
2024-10-02 18:00:00,Costa Rica,Costa Rica,CR,0.0,25.53,100.0,100.0,grupoice.com,false,
2024-10-02 19:00:00,Costa Rica,Costa Rica,CR,0.0,25.49,100.0,100.0,grupoice.com,false,
2024-10-02 20:00:00,Costa Rica,Costa Rica,CR,0.0,25.42,100.0,100.0,grupoice.com,false,
2024-10-02 21:00:00,Costa Rica,Costa Rica,CR,0.0,25.38,100.0,100.0,grupoice.com,false,
2024-10-02 22:00:00,Costa Rica,Costa Rica,CR,0.0,25.43,100.0,100.0,grupoice.com,false,
2024-10-02 23:00:00,Costa Rica,Costa Rica,CR,0.0,25.47,100.0,100.0,grupoice.com,false,
2024-10-03 00:00:00,Costa Rica,Costa Rica,CR,0.0,25.36,100.0,100.0,grupoice.com,false,
2024-10-03 01:00:00,Costa Rica,Costa Rica,CR,0.0,25.49,100.0,100.0,grupoice.com,false,
2024-10-03 02:00:00,Costa Rica,Costa Rica,CR,0.0,25.53,100.0,100.0,grupoice.com,false,
2024-10-03 03:00:00,Costa Rica,Costa Rica,CR,0.0,25.66,100.0,100.0,grupoice.com,false,
2024-10-03 04:00:00,Costa Rica,Costa Rica,CR,0.0,25.88,100.0,100.0,grupoice.com,false,
2024-10-03 05:00:00,Costa Rica,Costa Rica,CR,0.0,26.04,100.0,100.0,grupoice.com,false,
2024-10-03 06:00:00,Costa Rica,Costa Rica,CR,0.0,26.22,100.0,100.0,grupoice.com,false,
2024-10-03 07:00:00,Costa Rica,Costa Rica,CR,0.0,26.22,100.0,100.0,grupoice.com,false,
2024-10-03 08:00:00,Costa Rica,Costa Rica,CR,0.0,26.28,100.0,100.0,grupoice.com,false,
2024-10-03 09:00:00,Costa Rica,Costa Rica,CR,0.0,26.25,100.0,100.0,grupoice.com,false,
2024-10-03 10:00:00,Costa Rica,Costa Rica,CR,0.0,26.13,100.0,100.0,grupoice.com,false,
2024-10-03 11:00:00,Costa Rica,Costa Rica,CR,0.0,25.88,100.0,100.0,grupoice.com,false,
2024-10-03 12:00:00,Costa Rica,Costa Rica,CR,0.0,25.81,100.0,100.0,grupoice.com,false,
2024-10-03 13:00:00,Costa Rica,Costa Rica,CR,0.0,25.78,100.0,100.0,grupoice.com,false,
2024-10-03 14:00:00,Costa Rica,Costa Rica,CR,0.0,25.78,100.0,100.0,grupoice.com,false,
2024-10-03 15:00:00,Costa Rica,Costa Rica,CR,0.0,25.72,100.0,100.0,grupoice.com,false,
2024-10-03 16:00:00,Costa Rica,Costa Rica,CR,0.0,25.59,100.0,100.0,grupoice.com,false,
2024-10-03 17:00:00,Costa Rica,Costa Rica,CR,0.0,25.49,100.0,100.0,grupoice.com,false,
2024-10-03 18:00:00,Costa Rica,Costa Rica,CR,0.0,25.5,100.0,100.0,grupoice.com,false,
2024-10-03 19:00:00,Costa Rica,Costa Rica,CR,0.0,25.54,100.0,100.0,grupoice.com,false,
2024-10-03 20:00:00,Costa Rica,Costa Rica,CR,1.22,27.43,99.7,99.7,grupoice.com,false,
2024-10-03 21:00:00,Costa Rica,Costa Rica,CR,7.47,37.13,98.16,98.16,grupoice.com,false,
2024-10-03 22:00:00,Costa Rica,Costa Rica,CR,0.0,25.62,100.0,100.0,grupoice.com,false,
2024-10-03 23:00:00,Costa Rica,Costa Rica,CR,0.0,25.52,100.0,100.0,grupoice.com,false,
2024-10-04 00:00:00,Costa Rica,Costa Rica,CR,0.0,25.43,100.0,100.0,grupoice.com,false,
2024-10-04 01:00:00,Costa Rica,Costa Rica,CR,0.0,25.51,100.0,100.0,grupoice.com,false,
2024-10-04 02:00:00,Costa Rica,Costa Rica,CR,0.0,25.57,100.0,100.0,grupoice.com,false,
2024-10-04 03:00:00,Costa Rica,Costa Rica,CR,0.0,25.76,100.0,100.0,grupoice.com,false,
2024-10-04 04:00:00,Costa Rica,Costa Rica,CR,0.0,25.9,100.0,100.0,grupoice.com,false,
2024-10-04 05:00:00,Costa Rica,Costa Rica,CR,0.0,23.68,100.0,100.0,grupoice.com,false,
2024-10-04 06:00:00,Costa Rica,Costa Rica,CR,0.0,26.13,100.0,100.0,grupoice.com,false,
2024-10-04 07:00:00,Costa Rica,Costa Rica,CR,0.0,25.95,100.0,100.0,grupoice.com,false,
2024-10-04 08:00:00,Costa Rica,Costa Rica,CR,0.0,25.73,100.0,100.0,grupoice.com,false,
2024-10-04 09:00:00,Costa Rica,Costa Rica,CR,0.0,25.63,100.0,100.0,grupoice.com,false,
2024-10-04 10:00:00,Costa Rica,Costa Rica,CR,0.0,25.42,100.0,100.0,grupoice.com,false,
2024-10-04 11:00:00,Costa Rica,Costa Rica,CR,0.0,25.4,100.0,100.0,grupoice.com,false,
2024-10-04 12:00:00,Costa Rica,Costa Rica,CR,0.0,25.43,100.0,100.0,grupoice.com,false,
2024-10-04 13:00:00,Costa Rica,Costa Rica,CR,0.0,25.56,100.0,100.0,grupoice.com,false,
2024-10-04 14:00:00,Costa Rica,Costa Rica,CR,0.0,25.55,100.0,100.0,grupoice.com,false,
2024-10-04 15:00:00,Costa Rica,Costa Rica,CR,0.0,25.5,100.0,100.0,grupoice.com,false,
2024-10-04 16:00:00,Costa Rica,Costa Rica,CR,0.0,25.36,100.0,100.0,grupoice.com,false,
2024-10-04 17:00:00,Costa Rica,Costa Rica,CR,0.0,25.28,100.0,100.0,grupoice.com,false,
2024-10-04 18:00:00,Costa Rica,Costa Rica,CR,0.0,25.32,100.0,100.0,grupoice.com,false,
2024-10-04 19:00:00,Costa Rica,Costa Rica,CR,5.17,33.42,98.73,98.73,grupoice.com,false,
2024-10-04 20:00:00,Costa Rica,Costa Rica,CR,12.25,44.39,96.98,96.98,grupoice.com,false,
2024-10-04 21:00:00,Costa Rica,Costa Rica,CR,12.53,44.81,96.91,96.91,grupoice.com,false,
2024-10-04 22:00:00,Costa Rica,Costa Rica,CR,15.78,49.87,96.11,96.11,grupoice.com,false,
2024-10-04 23:00:00,Costa Rica,Costa Rica,CR,16.71,51.3,95.88,95.88,grupoice.com,false,
2024-10-05 00:00:00,Costa Rica,Costa Rica,CR,16.04,50.21,96.05,96.05,grupoice.com,false,
2024-10-05 01:00:00,Costa Rica,Costa Rica,CR,7.1,36.4,98.25,98.25,grupoice.com,false,
2024-10-05 02:00:00,Costa Rica,Costa Rica,CR,0.0,25.55,100.0,100.0,grupoice.com,false,
2024-10-05 03:00:00,Costa Rica,Costa Rica,CR,0.0,25.7,100.0,100.0,grupoice.com,false,
2024-10-05 04:00:00,Costa Rica,Costa Rica,CR,0.0,25.88,100.0,100.0,grupoice.com,false,
2024-10-05 05:00:00,Costa Rica,Costa Rica,CR,0.0,23.96,100.0,100.0,grupoice.com,false,
2024-10-05 06:00:00,Costa Rica,Costa Rica,CR,0.0,26.25,100.0,100.0,grupoice.com,false,
2024-10-05 07:00:00,Costa Rica,Costa Rica,CR,0.0,26.19,100.0,100.0,grupoice.com,false,
2024-10-05 08:00:00,Costa Rica,Costa Rica,CR,0.0,26.22,100.0,100.0,grupoice.com,false,
2024-10-05 09:00:00,Costa Rica,Costa Rica,CR,0.0,26.22,100.0,100.0,grupoice.com,false,
2024-10-05 10:00:00,Costa Rica,Costa Rica,CR,0.0,26.27,100.0,100.0,grupoice.com,false,
2024-10-05 11:00:00,Costa Rica,Costa Rica,CR,0.0,26.21,100.0,100.0,grupoice.com,false,
2024-10-05 12:00:00,Costa Rica,Costa Rica,CR,0.0,25.91,100.0,100.0,grupoice.com,false,
2024-10-05 13:00:00,Costa Rica,Costa Rica,CR,0.0,25.73,100.0,100.0,grupoice.com,false,
2024-10-05 14:00:00,Costa Rica,Costa Rica,CR,0.0,25.58,100.0,100.0,grupoice.com,false,
2024-10-05 15:00:00,Costa Rica,Costa Rica,CR,0.0,25.52,100.0,100.0,grupoice.com,false,
2024-10-05 16:00:00,Costa Rica,Costa Rica,CR,0.0,25.46,100.0,100.0,grupoice.com,false,
2024-10-05 17:00:00,Costa Rica,Costa Rica,CR,0.0,25.37,100.0,100.0,grupoice.com,false,
2024-10-05 18:00:00,Costa Rica,Costa Rica,CR,0.0,25.41,100.0,100.0,grupoice.com,false,
2024-10-05 19:00:00,Costa Rica,Costa Rica,CR,0.0,25.48,100.0,100.0,grupoice.com,false,
2024-10-05 20:00:00,Costa Rica,Costa Rica,CR,0.0,25.51,100.0,100.0,grupoice.com,false,
2024-10-05 21:00:00,Costa Rica,Costa Rica,CR,0.0,25.61,100.0,100.0,grupoice.com,false,
2024-10-05 22:00:00,Costa Rica,Costa Rica,CR,0.0,25.62,100.0,100.0,grupoice.com,false,
2024-10-05 23:00:00,Costa Rica,Costa Rica,CR,0.0,25.6,100.0,100.0,grupoice.com,false,
2024-10-06 00:00:00,Costa Rica,Costa Rica,CR,0.0,25.56,100.0,100.0,grupoice.com,false,
2024-10-06 01:00:00,Costa Rica,Costa Rica,CR,0.0,25.61,100.0,100.0,grupoice.com,false,
2024-10-06 02:00:00,Costa Rica,Costa Rica,CR,0.0,25.69,100.0,100.0,grupoice.com,false,
2024-10-06 03:00:00,Costa Rica,Costa Rica,CR,0.0,25.83,100.0,100.0,grupoice.com,false,
2024-10-06 04:00:00,Costa Rica,Costa Rica,CR,0.0,25.99,100.0,100.0,grupoice.com,false,
2024-10-06 05:00:00,Costa Rica,Costa Rica,CR,0.0,26.17,100.0,100.0,grupoice.com,false,
2024-10-06 06:00:00,Costa Rica,Costa Rica,CR,0.0,26.33,100.0,100.0,grupoice.com,false,
2024-10-06 07:00:00,Costa Rica,Costa Rica,CR,0.0,26.34,100.0,100.0,grupoice.com,false,
2024-10-06 08:00:00,Costa Rica,Costa Rica,CR,0.0,26.42,100.0,100.0,grupoice.com,false,
2024-10-06 09:00:00,Costa Rica,Costa Rica,CR,0.0,26.35,100.0,100.0,grupoice.com,false,
2024-10-06 10:00:00,Costa Rica,Costa Rica,CR,0.0,26.29,100.0,100.0,grupoice.com,false,
2024-10-06 11:00:00,Costa Rica,Costa Rica,CR,0.0,26.4,100.0,100.0,grupoice.com,false,
2024-10-06 12:00:00,Costa Rica,Costa Rica,CR,0.0,26.27,100.0,100.0,grupoice.com,false,
2024-10-06 13:00:00,Costa Rica,Costa Rica,CR,0.0,26.0,100.0,100.0,grupoice.com,false,
2024-10-06 14:00:00,Costa Rica,Costa Rica,CR,0.0,25.74,100.0,100.0,grupoice.com,false,
2024-10-06 15:00:00,Costa Rica,Costa Rica,CR,0.0,25.83,100.0,100.0,grupoice.com,false,
2024-10-06 16:00:00,Costa Rica,Costa Rica,CR,0.0,25.74,100.0,100.0,grupoice.com,false,
2024-10-06 17:00:00,Costa Rica,Costa Rica,CR,0.0,25.55,100.0,100.0,grupoice.com,false,
2024-10-06 18:00:00,Costa Rica,Costa Rica,CR,0.0,25.38,100.0,100.0,grupoice.com,false,
2024-10-06 19:00:00,Costa Rica,Costa Rica,CR,0.0,25.53,100.0,100.0,grupoice.com,false,
2024-10-06 20:00:00,Costa Rica,Costa Rica,CR,0.0,25.72,100.0,100.0,grupoice.com,false,
2024-10-06 21:00:00,Costa Rica,Costa Rica,CR,0.0,25.7,100.0,100.0,grupoice.com,false,
2024-10-06 22:00:00,Costa Rica,Costa Rica,CR,0.0,25.8,100.0,100.0,grupoice.com,false,
2024-10-06 23:00:00,Costa Rica,Costa Rica,CR,0.0,25.74,100.0,100.0,grupoice.com,false,
2024-10-07 00:00:00,Costa Rica,Costa Rica,CR,0.0,25.68,100.0,100.0,grupoice.com,false,
2024-10-07 01:00:00,Costa Rica,Costa Rica,CR,0.0,25.72,100.0,100.0,grupoice.com,false,
2024-10-07 02:00:00,Costa Rica,Costa Rica,CR,0.0,25.8,100.0,100.0,grupoice.com,false,
2024-10-07 03:00:00,Costa Rica,Costa Rica,CR,0.0,25.96,100.0,100.0,grupoice.com,false,
2024-10-07 04:00:00,Costa Rica,Costa Rica,CR,0.0,26.13,100.0,100.0,grupoice.com,false,
2024-10-07 05:00:00,Costa Rica,Costa Rica,CR,0.0,26.31,100.0,100.0,grupoice.com,false,
2024-10-07 06:00:00,Costa Rica,Costa Rica,CR,0.0,26.58,100.0,100.0,grupoice.com,false,
2024-10-07 07:00:00,Costa Rica,Costa Rica,CR,0.0,26.54,100.0,100.0,grupoice.com,false,
2024-10-07 08:00:00,Costa Rica,Costa Rica,CR,0.0,26.58,100.0,100.0,grupoice.com,false,
2024-10-07 09:00:00,Costa Rica,Costa Rica,CR,0.0,26.58,100.0,100.0,grupoice.com,false,
2024-10-07 10:00:00,Costa Rica,Costa Rica,CR,2.98,30.96,99.27,99.27,grupoice.com,false,
2024-10-07 11:00:00,Costa Rica,Costa Rica,CR,16.42,51.46,95.96,95.96,grupoice.com,false,
2024-10-07 12:00:00,Costa Rica,Costa Rica,CR,27.01,67.47,93.35,93.35,grupoice.com,false,
2024-10-07 13:00:00,Costa Rica,Costa Rica,CR,42.34,91.04,89.57,89.57,grupoice.com,false,
2024-10-07 14:00:00,Costa Rica,Costa Rica,CR,37.2,83.03,90.84,90.84,grupoice.com,false,
2024-10-07 15:00:00,Costa Rica,Costa Rica,CR,39.05,85.83,90.38,90.38,grupoice.com,false,
2024-10-07 16:00:00,Costa Rica,Costa Rica,CR,37.6,83.49,90.74,90.74,grupoice.com,false,
2024-10-07 17:00:00,Costa Rica,Costa Rica,CR,35.52,80.21,91.25,91.25,grupoice.com,false,
2024-10-07 18:00:00,Costa Rica,Costa Rica,CR,35.84,80.68,91.17,91.17,grupoice.com,false,
2024-10-07 19:00:00,Costa Rica,Costa Rica,CR,36.32,81.38,91.05,91.05,grupoice.com,false,
2024-10-07 20:00:00,Costa Rica,Costa Rica,CR,36.74,82.05,90.95,90.95,grupoice.com,false,
2024-10-07 21:00:00,Costa Rica,Costa Rica,CR,33.14,76.43,91.84,91.84,grupoice.com,false,
2024-10-07 22:00:00,Costa Rica,Costa Rica,CR,35.68,80.36,91.21,91.21,grupoice.com,false,
2024-10-07 23:00:00,Costa Rica,Costa Rica,CR,25.48,64.59,93.72,93.72,grupoice.com,false,
2024-10-08 00:00:00,Costa Rica,Costa Rica,CR,24.67,63.29,93.92,93.92,grupoice.com,false,
2024-10-08 01:00:00,Costa Rica,Costa Rica,CR,13.38,45.98,96.7,96.7,grupoice.com,false,
2024-10-08 02:00:00,Costa Rica,Costa Rica,CR,9.06,39.42,97.77,97.77,grupoice.com,false,
2024-10-08 03:00:00,Costa Rica,Costa Rica,CR,3.52,30.99,99.13,99.13,grupoice.com,false,
2024-10-08 04:00:00,Costa Rica,Costa Rica,CR,0.0,25.73,100.0,100.0,grupoice.com,false,
2024-10-08 05:00:00,Costa Rica,Costa Rica,CR,0.0,25.87,100.0,100.0,Electricity Maps Estimation,true,ESTIMATED_TIME_SLICER_AVERAGE
2024-10-08 06:00:00,Costa Rica,Costa Rica,CR,0.0,26.04,100.0,100.0,grupoice.com,false,
2024-10-08 07:00:00,Costa Rica,Costa Rica,CR,0.0,26.16,100.0,100.0,grupoice.com,false,
2024-10-08 08:00:00,Costa Rica,Costa Rica,CR,0.0,26.22,100.0,100.0,grupoice.com,false,
2024-10-08 09:00:00,Costa Rica,Costa Rica,CR,0.0,26.25,100.0,100.0,grupoice.com,false,
2024-10-08 10:00:00,Costa Rica,Costa Rica,CR,0.0,26.08,100.0,100.0,grupoice.com,false,
2024-10-08 11:00:00,Costa Rica,Costa Rica,CR,11.84,44.06,97.08,97.08,grupoice.com,false,
2024-10-08 12:00:00,Costa Rica,Costa Rica,CR,19.71,56.1,95.14,95.14,grupoice.com,false,
2024-10-08 13:00:00,Costa Rica,Costa Rica,CR,19.37,55.59,95.23,95.23,grupoice.com,false,
2024-10-08 14:00:00,Costa Rica,Costa Rica,CR,18.34,53.92,95.48,95.48,grupoice.com,false,
2024-10-08 15:00:00,Costa Rica,Costa Rica,CR,17.74,52.93,95.63,95.63,grupoice.com,false,
2024-10-08 16:00:00,Costa Rica,Costa Rica,CR,16.85,51.5,95.85,95.85,grupoice.com,false,
2024-10-08 17:00:00,Costa Rica,Costa Rica,CR,16.49,50.89,95.94,95.94,grupoice.com,false,
2024-10-08 18:00:00,Costa Rica,Costa Rica,CR,17.83,52.82,95.61,95.61,grupoice.com,false,
2024-10-08 19:00:00,Costa Rica,Costa Rica,CR,20.05,56.28,95.06,95.06,grupoice.com,false,
2024-10-08 20:00:00,Costa Rica,Costa Rica,CR,21.43,58.49,94.72,94.72,grupoice.com,false,
2024-10-08 21:00:00,Costa Rica,Costa Rica,CR,21.75,59.03,94.64,94.64,grupoice.com,false,
2024-10-08 22:00:00,Costa Rica,Costa Rica,CR,22.07,59.52,94.56,94.56,grupoice.com,false,
2024-10-08 23:00:00,Costa Rica,Costa Rica,CR,13.23,45.86,96.74,96.74,grupoice.com,false,
2024-10-09 00:00:00,Costa Rica,Costa Rica,CR,12.6,44.84,96.9,96.9,grupoice.com,false,
2024-10-09 01:00:00,Costa Rica,Costa Rica,CR,13.1,45.66,96.77,96.77,grupoice.com,false,
2024-10-09 02:00:00,Costa Rica,Costa Rica,CR,10.22,41.27,97.48,97.48,grupoice.com,false,
2024-10-09 03:00:00,Costa Rica,Costa Rica,CR,0.0,25.61,100.0,100.0,grupoice.com,false,
2024-10-09 04:00:00,Costa Rica,Costa Rica,CR,0.0,25.75,100.0,100.0,grupoice.com,false,
2024-10-09 05:00:00,Costa Rica,Costa Rica,CR,0.0,25.83,100.0,100.0,grupoice.com,false,
2024-10-09 06:00:00,Costa Rica,Costa Rica,CR,0.0,26.02,100.0,100.0,grupoice.com,false,
2024-10-09 07:00:00,Costa Rica,Costa Rica,CR,0.0,26.06,100.0,100.0,grupoice.com,false,
2024-10-09 08:00:00,Costa Rica,Costa Rica,CR,0.0,26.07,100.0,100.0,grupoice.com,false,
2024-10-09 09:00:00,Costa Rica,Costa Rica,CR,0.0,26.08,100.0,100.0,grupoice.com,false,
2024-10-09 10:00:00,Costa Rica,Costa Rica,CR,1.85,28.77,99.54,99.54,grupoice.com,false,
2024-10-09 11:00:00,Costa Rica,Costa Rica,CR,7.63,37.62,98.12,98.12,grupoice.com,false,
2024-10-09 12:00:00,Costa Rica,Costa Rica,CR,10.53,42.01,97.41,97.41,grupoice.com,false,
2024-10-09 13:00:00,Costa Rica,Costa Rica,CR,10.38,41.79,97.44,97.44,grupoice.com,false,
2024-10-09 14:00:00,Costa Rica,Costa Rica,CR,9.45,40.28,97.67,97.67,grupoice.com,false,
2024-10-09 15:00:00,Costa Rica,Costa Rica,CR,8.67,39.02,97.87,97.87,grupoice.com,false,
2024-10-09 16:00:00,Costa Rica,Costa Rica,CR,8.89,39.28,97.81,97.81,grupoice.com,false,
2024-10-09 17:00:00,Costa Rica,Costa Rica,CR,8.63,38.79,97.88,97.88,grupoice.com,false,
2024-10-09 18:00:00,Costa Rica,Costa Rica,CR,8.62,38.72,97.88,97.88,grupoice.com,false,
2024-10-09 19:00:00,Costa Rica,Costa Rica,CR,8.84,39.07,97.82,97.82,grupoice.com,false,
2024-10-09 20:00:00,Costa Rica,Costa Rica,CR,4.99,32.8,98.77,98.77,grupoice.com,false,
2024-10-09 21:00:00,Costa Rica,Costa Rica,CR,0.0,25.3,100.0,100.0,grupoice.com,false,
2024-10-09 22:00:00,Costa Rica,Costa Rica,CR,0.0,25.36,100.0,100.0,grupoice.com,false,
2024-10-09 23:00:00,Costa Rica,Costa Rica,CR,1.68,27.97,99.59,99.59,grupoice.com,false,
2024-10-10 00:00:00,Costa Rica,Costa Rica,CR,12.12,43.99,97.02,97.02,grupoice.com,false,
2024-10-10 01:00:00,Costa Rica,Costa Rica,CR,9.06,39.34,97.77,97.77,grupoice.com,false,
2024-10-10 02:00:00,Costa Rica,Costa Rica,CR,5.71,34.28,98.59,98.59,grupoice.com,false,
2024-10-10 03:00:00,Costa Rica,Costa Rica,CR,0.0,25.62,100.0,100.0,grupoice.com,false,
2024-10-10 04:00:00,Costa Rica,Costa Rica,CR,0.0,25.86,100.0,100.0,grupoice.com,false,
2024-10-10 05:00:00,Costa Rica,Costa Rica,CR,0.0,23.95,100.0,100.0,grupoice.com,false,
2024-10-10 06:00:00,Costa Rica,Costa Rica,CR,0.0,26.28,100.0,100.0,grupoice.com,false,
2024-10-10 07:00:00,Costa Rica,Costa Rica,CR,0.0,26.22,100.0,100.0,grupoice.com,false,
2024-10-10 08:00:00,Costa Rica,Costa Rica,CR,0.0,26.28,100.0,100.0,grupoice.com,false,
2024-10-10 09:00:00,Costa Rica,Costa Rica,CR,0.0,26.24,100.0,100.0,grupoice.com,false,
2024-10-10 10:00:00,Costa Rica,Costa Rica,CR,0.43,26.72,99.89,99.89,grupoice.com,false,
2024-10-10 11:00:00,Costa Rica,Costa Rica,CR,8.48,38.84,97.91,97.91,grupoice.com,false,
2024-10-10 12:00:00,Costa Rica,Costa Rica,CR,10.11,41.17,97.51,97.51,grupoice.com,false,
2024-10-10 13:00:00,Costa Rica,Costa Rica,CR,10.07,41.03,97.52,97.52,grupoice.com,false,
2024-10-10 14:00:00,Costa Rica,Costa Rica,CR,9.46,39.93,97.67,97.67,grupoice.com,false,
2024-10-10 15:00:00,Costa Rica,Costa Rica,CR,8.98,39.06,97.79,97.79,grupoice.com,false,
2024-10-10 16:00:00,Costa Rica,Costa Rica,CR,8.7,38.35,97.86,97.86,grupoice.com,false,
2024-10-10 17:00:00,Costa Rica,Costa Rica,CR,8.4,38.02,97.93,97.93,grupoice.com,false,
2024-10-10 18:00:00,Costa Rica,Costa Rica,CR,8.4,37.86,97.93,97.93,grupoice.com,false,
2024-10-10 19:00:00,Costa Rica,Costa Rica,CR,8.34,37.54,97.95,97.95,grupoice.com,false,
2024-10-10 20:00:00,Costa Rica,Costa Rica,CR,1.02,26.44,99.75,99.75,grupoice.com,false,
2024-10-10 21:00:00,Costa Rica,Costa Rica,CR,0.0,24.96,100.0,100.0,grupoice.com,false,
2024-10-10 22:00:00,Costa Rica,Costa Rica,CR,0.0,24.85,100.0,100.0,grupoice.com,false,
2024-10-10 23:00:00,Costa Rica,Costa Rica,CR,0.0,24.73,100.0,100.0,grupoice.com,false,
2024-10-11 00:00:00,Costa Rica,Costa Rica,CR,0.0,24.78,100.0,100.0,grupoice.com,false,
2024-10-11 01:00:00,Costa Rica,Costa Rica,CR,0.0,24.87,100.0,100.0,grupoice.com,false,
2024-10-11 02:00:00,Costa Rica,Costa Rica,CR,0.0,24.88,100.0,100.0,grupoice.com,false,
2024-10-11 03:00:00,Costa Rica,Costa Rica,CR,0.0,24.94,100.0,100.0,grupoice.com,false,
2024-10-11 04:00:00,Costa Rica,Costa Rica,CR,0.0,24.99,100.0,100.0,grupoice.com,false,
2024-10-11 05:00:00,Costa Rica,Costa Rica,CR,0.0,21.16,100.0,100.0,grupoice.com,false,
2024-10-11 06:00:00,Costa Rica,Costa Rica,CR,0.0,25.46,100.0,100.0,grupoice.com,false,
2024-10-11 07:00:00,Costa Rica,Costa Rica,CR,0.0,25.31,100.0,100.0,grupoice.com,false,
2024-10-11 08:00:00,Costa Rica,Costa Rica,CR,0.0,25.39,100.0,100.0,grupoice.com,false,
2024-10-11 09:00:00,Costa Rica,Costa Rica,CR,0.0,25.85,100.0,100.0,grupoice.com,false,
2024-10-11 10:00:00,Costa Rica,Costa Rica,CR,0.0,25.48,100.0,100.0,grupoice.com,false,
2024-10-11 11:00:00,Costa Rica,Costa Rica,CR,0.0,24.85,100.0,100.0,grupoice.com,false,
2024-10-11 12:00:00,Costa Rica,Costa Rica,CR,0.0,24.57,100.0,100.0,grupoice.com,false,
2024-10-11 13:00:00,Costa Rica,Costa Rica,CR,0.0,24.39,100.0,100.0,grupoice.com,false,
2024-10-11 14:00:00,Costa Rica,Costa Rica,CR,0.0,24.14,100.0,100.0,grupoice.com,false,
2024-10-11 15:00:00,Costa Rica,Costa Rica,CR,0.0,23.84,100.0,100.0,grupoice.com,false,
2024-10-11 16:00:00,Costa Rica,Costa Rica,CR,0.0,23.78,100.0,100.0,grupoice.com,false,
2024-10-11 17:00:00,Costa Rica,Costa Rica,CR,0.0,23.62,100.0,100.0,grupoice.com,false,
2024-10-11 18:00:00,Costa Rica,Costa Rica,CR,0.0,23.68,100.0,100.0,grupoice.com,false,
2024-10-11 19:00:00,Costa Rica,Costa Rica,CR,0.0,23.58,100.0,100.0,grupoice.com,false,
2024-10-11 20:00:00,Costa Rica,Costa Rica,CR,0.0,23.65,100.0,100.0,grupoice.com,false,
2024-10-11 21:00:00,Costa Rica,Costa Rica,CR,0.0,23.52,100.0,100.0,grupoice.com,false,
2024-10-11 22:00:00,Costa Rica,Costa Rica,CR,0.0,23.5,100.0,100.0,grupoice.com,false,
2024-10-11 23:00:00,Costa Rica,Costa Rica,CR,0.0,23.53,100.0,100.0,grupoice.com,false,
2024-10-12 00:00:00,Costa Rica,Costa Rica,CR,0.0,23.48,100.0,100.0,grupoice.com,false,
2024-10-12 01:00:00,Costa Rica,Costa Rica,CR,0.0,23.24,100.0,100.0,grupoice.com,false,
2024-10-12 02:00:00,Costa Rica,Costa Rica,CR,0.0,23.33,100.0,100.0,grupoice.com,false,
2024-10-12 03:00:00,Costa Rica,Costa Rica,CR,0.0,23.43,100.0,100.0,grupoice.com,false,
2024-10-12 04:00:00,Costa Rica,Costa Rica,CR,0.0,23.15,100.0,100.0,grupoice.com,false,
2024-10-12 05:00:00,Costa Rica,Costa Rica,CR,0.0,18.34,100.0,100.0,grupoice.com,false,
2024-10-12 06:00:00,Costa Rica,Costa Rica,CR,0.0,23.44,100.0,100.0,grupoice.com,false,
2024-10-12 07:00:00,Costa Rica,Costa Rica,CR,0.0,23.56,100.0,100.0,grupoice.com,false,
2024-10-12 08:00:00,Costa Rica,Costa Rica,CR,0.0,23.75,100.0,100.0,grupoice.com,false,
2024-10-12 09:00:00,Costa Rica,Costa Rica,CR,0.0,24.33,100.0,100.0,grupoice.com,false,
2024-10-12 10:00:00,Costa Rica,Costa Rica,CR,0.0,24.41,100.0,100.0,grupoice.com,false,
2024-10-12 11:00:00,Costa Rica,Costa Rica,CR,0.0,23.95,100.0,100.0,grupoice.com,false,
2024-10-12 12:00:00,Costa Rica,Costa Rica,CR,0.0,24.03,100.0,100.0,grupoice.com,false,
2024-10-12 13:00:00,Costa Rica,Costa Rica,CR,0.0,24.1,100.0,100.0,grupoice.com,false,
2024-10-12 14:00:00,Costa Rica,Costa Rica,CR,0.0,24.27,100.0,100.0,grupoice.com,false,
2024-10-12 15:00:00,Costa Rica,Costa Rica,CR,0.0,24.35,100.0,100.0,grupoice.com,false,
2024-10-12 16:00:00,Costa Rica,Costa Rica,CR,0.0,24.53,100.0,100.0,grupoice.com,false,
2024-10-12 17:00:00,Costa Rica,Costa Rica,CR,0.0,24.64,100.0,100.0,grupoice.com,false,
2024-10-12 18:00:00,Costa Rica,Costa Rica,CR,0.0,24.57,100.0,100.0,grupoice.com,false,
2024-10-12 19:00:00,Costa Rica,Costa Rica,CR,0.0,24.38,100.0,100.0,grupoice.com,false,
2024-10-12 20:00:00,Costa Rica,Costa Rica,CR,0.0,24.51,100.0,100.0,grupoice.com,false,
2024-10-12 21:00:00,Costa Rica,Costa Rica,CR,0.0,24.91,100.0,100.0,grupoice.com,false,
2024-10-12 22:00:00,Costa Rica,Costa Rica,CR,0.0,24.7,100.0,100.0,grupoice.com,false,
2024-10-12 23:00:00,Costa Rica,Costa Rica,CR,0.0,24.43,100.0,100.0,grupoice.com,false,
2024-10-13 00:00:00,Costa Rica,Costa Rica,CR,0.0,24.29,100.0,100.0,grupoice.com,false,
2024-10-13 01:00:00,Costa Rica,Costa Rica,CR,0.0,23.96,100.0,100.0,grupoice.com,false,
2024-10-13 02:00:00,Costa Rica,Costa Rica,CR,0.0,23.77,100.0,100.0,grupoice.com,false,
2024-10-13 03:00:00,Costa Rica,Costa Rica,CR,0.0,23.59,100.0,100.0,grupoice.com,false,
2024-10-13 04:00:00,Costa Rica,Costa Rica,CR,0.0,23.67,100.0,100.0,grupoice.com,false,
2024-10-13 05:00:00,Costa Rica,Costa Rica,CR,0.0,23.92,100.0,100.0,grupoice.com,false,
2024-10-13 06:00:00,Costa Rica,Costa Rica,CR,0.0,24.79,100.0,100.0,grupoice.com,false,
2024-10-13 07:00:00,Costa Rica,Costa Rica,CR,0.0,24.62,100.0,100.0,grupoice.com,false,
2024-10-13 08:00:00,Costa Rica,Costa Rica,CR,0.0,24.08,100.0,100.0,grupoice.com,false,
2024-10-13 09:00:00,Costa Rica,Costa Rica,CR,0.0,24.46,100.0,100.0,grupoice.com,false,
2024-10-13 10:00:00,Costa Rica,Costa Rica,CR,0.0,24.75,100.0,100.0,grupoice.com,false,
2024-10-13 11:00:00,Costa Rica,Costa Rica,CR,0.0,25.15,100.0,100.0,grupoice.com,false,
2024-10-13 12:00:00,Costa Rica,Costa Rica,CR,0.0,24.4,100.0,100.0,grupoice.com,false,
2024-10-13 13:00:00,Costa Rica,Costa Rica,CR,0.0,23.76,100.0,100.0,grupoice.com,false,
2024-10-13 14:00:00,Costa Rica,Costa Rica,CR,0.0,24.05,100.0,100.0,grupoice.com,false,
2024-10-13 15:00:00,Costa Rica,Costa Rica,CR,0.0,24.26,100.0,100.0,grupoice.com,false,
2024-10-13 16:00:00,Costa Rica,Costa Rica,CR,0.0,23.84,100.0,100.0,grupoice.com,false,
2024-10-13 17:00:00,Costa Rica,Costa Rica,CR,0.0,23.58,100.0,100.0,grupoice.com,false,
2024-10-13 18:00:00,Costa Rica,Costa Rica,CR,0.0,23.48,100.0,100.0,grupoice.com,false,
2024-10-13 19:00:00,Costa Rica,Costa Rica,CR,0.0,24.02,100.0,100.0,grupoice.com,false,
2024-10-13 20:00:00,Costa Rica,Costa Rica,CR,0.0,23.95,100.0,100.0,grupoice.com,false,
2024-10-13 21:00:00,Costa Rica,Costa Rica,CR,0.0,24.04,100.0,100.0,grupoice.com,false,
2024-10-13 22:00:00,Costa Rica,Costa Rica,CR,0.0,23.73,100.0,100.0,grupoice.com,false,
2024-10-13 23:00:00,Costa Rica,Costa Rica,CR,0.0,23.12,100.0,100.0,grupoice.com,false,
2024-10-14 00:00:00,Costa Rica,Costa Rica,CR,0.0,23.12,100.0,100.0,grupoice.com,false,
2024-10-14 01:00:00,Costa Rica,Costa Rica,CR,0.0,23.14,100.0,100.0,grupoice.com,false,
2024-10-14 02:00:00,Costa Rica,Costa Rica,CR,0.0,23.21,100.0,100.0,grupoice.com,false,
2024-10-14 03:00:00,Costa Rica,Costa Rica,CR,0.0,22.94,100.0,100.0,grupoice.com,false,
2024-10-14 04:00:00,Costa Rica,Costa Rica,CR,0.0,23.87,100.0,100.0,grupoice.com,false,
2024-10-14 05:00:00,Costa Rica,Costa Rica,CR,0.0,25.16,100.0,100.0,grupoice.com,false,
2024-10-14 06:00:00,Costa Rica,Costa Rica,CR,0.0,24.76,100.0,100.0,grupoice.com,false,
2024-10-14 07:00:00,Costa Rica,Costa Rica,CR,0.0,24.17,100.0,100.0,grupoice.com,false,
2024-10-14 08:00:00,Costa Rica,Costa Rica,CR,0.0,24.44,100.0,100.0,grupoice.com,false,
2024-10-14 09:00:00,Costa Rica,Costa Rica,CR,0.0,24.01,100.0,100.0,grupoice.com,false,
2024-10-14 10:00:00,Costa Rica,Costa Rica,CR,0.0,23.8,100.0,100.0,grupoice.com,false,
2024-10-14 11:00:00,Costa Rica,Costa Rica,CR,0.0,23.51,100.0,100.0,grupoice.com,false,
2024-10-14 12:00:00,Costa Rica,Costa Rica,CR,0.0,23.43,100.0,100.0,grupoice.com,false,
2024-10-14 13:00:00,Costa Rica,Costa Rica,CR,0.0,23.56,100.0,100.0,grupoice.com,false,
2024-10-14 14:00:00,Costa Rica,Costa Rica,CR,0.0,23.7,100.0,100.0,grupoice.com,false,
2024-10-14 15:00:00,Costa Rica,Costa Rica,CR,0.0,23.73,100.0,100.0,grupoice.com,false,
2024-10-14 16:00:00,Costa Rica,Costa Rica,CR,0.0,23.49,100.0,100.0,grupoice.com,false,
2024-10-14 17:00:00,Costa Rica,Costa Rica,CR,0.0,23.4,100.0,100.0,grupoice.com,false,
2024-10-14 18:00:00,Costa Rica,Costa Rica,CR,0.0,23.57,100.0,100.0,grupoice.com,false,
2024-10-14 19:00:00,Costa Rica,Costa Rica,CR,0.0,23.97,100.0,100.0,grupoice.com,false,
2024-10-14 20:00:00,Costa Rica,Costa Rica,CR,0.0,24.03,100.0,100.0,grupoice.com,false,
2024-10-14 21:00:00,Costa Rica,Costa Rica,CR,0.0,24.07,100.0,100.0,grupoice.com,false,
2024-10-14 22:00:00,Costa Rica,Costa Rica,CR,0.0,23.7,100.0,100.0,grupoice.com,false,
2024-10-14 23:00:00,Costa Rica,Costa Rica,CR,0.0,23.6,100.0,100.0,grupoice.com,false,
2024-10-15 00:00:00,Costa Rica,Costa Rica,CR,0.25,23.97,99.94,99.94,grupoice.com,false,
2024-10-15 01:00:00,Costa Rica,Costa Rica,CR,0.65,24.56,99.84,99.84,grupoice.com,false,
2024-10-15 02:00:00,Costa Rica,Costa Rica,CR,0.0,23.82,100.0,100.0,grupoice.com,false,
2024-10-15 03:00:00,Costa Rica,Costa Rica,CR,0.0,24.05,100.0,100.0,grupoice.com,false,
2024-10-15 04:00:00,Costa Rica,Costa Rica,CR,1.88,27.27,99.54,99.54,grupoice.com,false,
2024-10-15 05:00:00,Costa Rica,Costa Rica,CR,4.56,31.5,98.88,98.88,grupoice.com,false,
2024-10-15 06:00:00,Costa Rica,Costa Rica,CR,0.0,24.35,100.0,100.0,grupoice.com,false,
2024-10-15 07:00:00,Costa Rica,Costa Rica,CR,0.0,24.86,100.0,100.0,grupoice.com,false,
2024-10-15 08:00:00,Costa Rica,Costa Rica,CR,0.0,24.78,100.0,100.0,grupoice.com,false,
2024-10-15 09:00:00,Costa Rica,Costa Rica,CR,0.0,24.33,100.0,100.0,grupoice.com,false,
2024-10-15 10:00:00,Costa Rica,Costa Rica,CR,0.0,24.19,100.0,100.0,grupoice.com,false,
2024-10-15 11:00:00,Costa Rica,Costa Rica,CR,0.0,23.96,100.0,100.0,grupoice.com,false,
2024-10-15 12:00:00,Costa Rica,Costa Rica,CR,0.0,23.8,100.0,100.0,grupoice.com,false,
2024-10-15 13:00:00,Costa Rica,Costa Rica,CR,0.0,23.73,100.0,100.0,grupoice.com,false,
2024-10-15 14:00:00,Costa Rica,Costa Rica,CR,0.0,23.78,100.0,100.0,grupoice.com,false,
2024-10-15 15:00:00,Costa Rica,Costa Rica,CR,0.0,23.96,100.0,100.0,grupoice.com,false,
2024-10-15 16:00:00,Costa Rica,Costa Rica,CR,0.0,24.14,100.0,100.0,grupoice.com,false,
2024-10-15 17:00:00,Costa Rica,Costa Rica,CR,0.0,24.41,100.0,100.0,grupoice.com,false,
2024-10-15 18:00:00,Costa Rica,Costa Rica,CR,0.0,24.68,100.0,100.0,grupoice.com,false,
2024-10-15 19:00:00,Costa Rica,Costa Rica,CR,0.43,25.53,99.9,99.9,grupoice.com,false,
2024-10-15 20:00:00,Costa Rica,Costa Rica,CR,1.71,27.66,99.58,99.58,grupoice.com,false,
2024-10-15 21:00:00,Costa Rica,Costa Rica,CR,3.79,30.87,99.07,99.07,grupoice.com,false,
2024-10-15 22:00:00,Costa Rica,Costa Rica,CR,5.56,33.75,98.63,98.63,grupoice.com,false,
2024-10-15 23:00:00,Costa Rica,Costa Rica,CR,5.73,34.02,98.59,98.59,grupoice.com,false,
2024-10-16 00:00:00,Costa Rica,Costa Rica,CR,6.31,34.91,98.45,98.45,grupoice.com,false,
2024-10-16 01:00:00,Costa Rica,Costa Rica,CR,0.01,25.24,100.0,100.0,grupoice.com,false,
2024-10-16 02:00:00,Costa Rica,Costa Rica,CR,0.0,25.26,100.0,100.0,grupoice.com,false,
2024-10-16 03:00:00,Costa Rica,Costa Rica,CR,0.0,25.35,100.0,100.0,grupoice.com,false,
2024-10-16 04:00:00,Costa Rica,Costa Rica,CR,0.0,25.49,100.0,100.0,grupoice.com,false,
2024-10-16 05:00:00,Costa Rica,Costa Rica,CR,0.0,25.6,100.0,100.0,grupoice.com,false,
2024-10-16 06:00:00,Costa Rica,Costa Rica,CR,0.0,25.63,100.0,100.0,grupoice.com,false,
2024-10-16 07:00:00,Costa Rica,Costa Rica,CR,0.0,25.64,100.0,100.0,grupoice.com,false,
2024-10-16 08:00:00,Costa Rica,Costa Rica,CR,0.0,25.74,100.0,100.0,grupoice.com,false,
2024-10-16 09:00:00,Costa Rica,Costa Rica,CR,0.0,25.71,100.0,100.0,grupoice.com,false,
2024-10-16 10:00:00,Costa Rica,Costa Rica,CR,0.0,25.6,100.0,100.0,grupoice.com,false,
2024-10-16 11:00:00,Costa Rica,Costa Rica,CR,0.0,25.48,100.0,100.0,grupoice.com,false,
2024-10-16 12:00:00,Costa Rica,Costa Rica,CR,0.0,25.45,100.0,100.0,grupoice.com,false,
2024-10-16 13:00:00,Costa Rica,Costa Rica,CR,0.0,25.48,100.0,100.0,grupoice.com,false,
2024-10-16 14:00:00,Costa Rica,Costa Rica,CR,1.98,28.51,99.51,99.51,grupoice.com,false,
2024-10-16 15:00:00,Costa Rica,Costa Rica,CR,5.37,33.73,98.68,98.68,grupoice.com,false,
2024-10-16 16:00:00,Costa Rica,Costa Rica,CR,5.44,33.77,98.66,98.66,grupoice.com,false,
2024-10-16 17:00:00,Costa Rica,Costa Rica,CR,8.92,39.05,97.8,97.8,grupoice.com,false,
2024-10-16 18:00:00,Costa Rica,Costa Rica,CR,9.76,40.36,97.6,97.6,grupoice.com,false,
2024-10-16 19:00:00,Costa Rica,Costa Rica,CR,0.0,25.29,100.0,100.0,grupoice.com,false,
2024-10-16 20:00:00,Costa Rica,Costa Rica,CR,4.04,31.51,99.01,99.01,grupoice.com,false,
2024-10-16 21:00:00,Costa Rica,Costa Rica,CR,3.04,29.94,99.25,99.25,grupoice.com,false,
2024-10-16 22:00:00,Costa Rica,Costa Rica,CR,2.86,29.69,99.3,99.3,grupoice.com,false,
2024-10-16 23:00:00,Costa Rica,Costa Rica,CR,6.11,34.71,98.5,98.5,grupoice.com,false,
2024-10-17 00:00:00,Costa Rica,Costa Rica,CR,0.0,25.26,100.0,100.0,grupoice.com,false,
2024-10-17 01:00:00,Costa Rica,Costa Rica,CR,0.0,25.31,100.0,100.0,grupoice.com,false,
2024-10-17 02:00:00,Costa Rica,Costa Rica,CR,0.0,25.34,100.0,100.0,grupoice.com,false,
2024-10-17 03:00:00,Costa Rica,Costa Rica,CR,0.0,25.39,100.0,100.0,grupoice.com,false,
2024-10-17 04:00:00,Costa Rica,Costa Rica,CR,0.0,25.48,100.0,100.0,grupoice.com,false,
2024-10-17 05:00:00,Costa Rica,Costa Rica,CR,0.0,25.61,100.0,100.0,grupoice.com,false,
2024-10-17 06:00:00,Costa Rica,Costa Rica,CR,0.0,25.93,100.0,100.0,grupoice.com,false,
2024-10-17 07:00:00,Costa Rica,Costa Rica,CR,0.0,25.94,100.0,100.0,grupoice.com,false,
2024-10-17 08:00:00,Costa Rica,Costa Rica,CR,0.0,25.98,100.0,100.0,grupoice.com,false,
2024-10-17 09:00:00,Costa Rica,Costa Rica,CR,0.0,25.95,100.0,100.0,grupoice.com,false,
2024-10-17 10:00:00,Costa Rica,Costa Rica,CR,0.0,25.81,100.0,100.0,grupoice.com,false,
2024-10-17 11:00:00,Costa Rica,Costa Rica,CR,0.0,25.65,100.0,100.0,grupoice.com,false,
2024-10-17 12:00:00,Costa Rica,Costa Rica,CR,0.0,25.55,100.0,100.0,grupoice.com,false,
2024-10-17 13:00:00,Costa Rica,Costa Rica,CR,0.0,25.52,100.0,100.0,grupoice.com,false,
2024-10-17 14:00:00,Costa Rica,Costa Rica,CR,0.0,25.46,100.0,100.0,grupoice.com,false,
2024-10-17 15:00:00,Costa Rica,Costa Rica,CR,0.0,25.39,100.0,100.0,grupoice.com,false,
2024-10-17 16:00:00,Costa Rica,Costa Rica,CR,0.0,25.28,100.0,100.0,grupoice.com,false,
2024-10-17 17:00:00,Costa Rica,Costa Rica,CR,0.0,25.26,100.0,100.0,grupoice.com,false,
2024-10-17 18:00:00,Costa Rica,Costa Rica,CR,0.0,25.31,100.0,100.0,grupoice.com,false,
2024-10-17 19:00:00,Costa Rica,Costa Rica,CR,1.98,28.28,99.51,99.51,grupoice.com,false,
2024-10-17 20:00:00,Costa Rica,Costa Rica,CR,15.06,48.35,96.29,96.29,grupoice.com,false,
2024-10-17 21:00:00,Costa Rica,Costa Rica,CR,12.86,45.02,96.83,96.83,grupoice.com,false,
2024-10-17 22:00:00,Costa Rica,Costa Rica,CR,0.07,25.31,99.98,99.98,grupoice.com,false,
2024-10-17 23:00:00,Costa Rica,Costa Rica,CR,0.0,25.22,100.0,100.0,grupoice.com,false,
2024-10-18 00:00:00,Costa Rica,Costa Rica,CR,0.0,25.23,100.0,100.0,grupoice.com,false,
2024-10-18 01:00:00,Costa Rica,Costa Rica,CR,0.0,25.3,100.0,100.0,grupoice.com,false,
2024-10-18 02:00:00,Costa Rica,Costa Rica,CR,0.0,25.34,100.0,100.0,grupoice.com,false,
2024-10-18 03:00:00,Costa Rica,Costa Rica,CR,0.0,25.45,100.0,100.0,grupoice.com,false,
2024-10-18 04:00:00,Costa Rica,Costa Rica,CR,0.0,25.64,100.0,100.0,grupoice.com,false,
2024-10-18 05:00:00,Costa Rica,Costa Rica,CR,0.0,25.8,100.0,100.0,Electricity Maps Estimation,true,ESTIMATED_TIME_SLICER_AVERAGE
2024-10-18 06:00:00,Costa Rica,Costa Rica,CR,0.0,26.0,100.0,100.0,grupoice.com,false,
2024-10-18 07:00:00,Costa Rica,Costa Rica,CR,0.0,26.01,100.0,100.0,grupoice.com,false,
2024-10-18 08:00:00,Costa Rica,Costa Rica,CR,0.0,26.06,100.0,100.0,grupoice.com,false,
2024-10-18 09:00:00,Costa Rica,Costa Rica,CR,0.0,26.04,100.0,100.0,grupoice.com,false,
2024-10-18 10:00:00,Costa Rica,Costa Rica,CR,2.9,30.35,99.29,99.29,grupoice.com,false,
2024-10-18 11:00:00,Costa Rica,Costa Rica,CR,17.91,53.3,95.59,95.59,grupoice.com,false,
2024-10-18 12:00:00,Costa Rica,Costa Rica,CR,13.19,45.9,96.75,96.75,grupoice.com,false,
2024-10-18 13:00:00,Costa Rica,Costa Rica,CR,18.03,53.34,95.56,95.56,grupoice.com,false,
2024-10-18 14:00:00,Costa Rica,Costa Rica,CR,17.15,51.93,95.78,95.78,grupoice.com,false,
2024-10-18 15:00:00,Costa Rica,Costa Rica,CR,16.12,50.27,96.03,96.03,grupoice.com,false,
2024-10-18 16:00:00,Costa Rica,Costa Rica,CR,15.64,49.5,96.15,96.15,grupoice.com,false,
2024-10-18 17:00:00,Costa Rica,Costa Rica,CR,14.79,48.14,96.36,96.36,grupoice.com,false,
2024-10-18 18:00:00,Costa Rica,Costa Rica,CR,14.76,48.06,96.37,96.37,grupoice.com,false,
2024-10-18 19:00:00,Costa Rica,Costa Rica,CR,14.95,48.38,96.32,96.32,grupoice.com,false,
2024-10-18 20:00:00,Costa Rica,Costa Rica,CR,15.52,49.23,96.18,96.18,grupoice.com,false,
2024-10-18 21:00:00,Costa Rica,Costa Rica,CR,15.92,49.79,96.08,96.08,grupoice.com,false,
2024-10-18 22:00:00,Costa Rica,Costa Rica,CR,2.38,28.92,99.41,99.41,grupoice.com,false,
2024-10-18 23:00:00,Costa Rica,Costa Rica,CR,0.0,25.25,100.0,100.0,grupoice.com,false,
2024-10-19 00:00:00,Costa Rica,Costa Rica,CR,0.0,25.28,100.0,100.0,grupoice.com,false,
2024-10-19 01:00:00,Costa Rica,Costa Rica,CR,0.0,25.33,100.0,100.0,grupoice.com,false,
2024-10-19 02:00:00,Costa Rica,Costa Rica,CR,0.0,25.27,100.0,100.0,grupoice.com,false,
2024-10-19 03:00:00,Costa Rica,Costa Rica,CR,0.0,25.45,100.0,100.0,grupoice.com,false,
2024-10-19 04:00:00,Costa Rica,Costa Rica,CR,0.0,25.65,100.0,100.0,grupoice.com,false,
2024-10-19 05:00:00,Costa Rica,Costa Rica,CR,0.0,25.8,100.0,100.0,grupoice.com,false,
2024-10-19 06:00:00,Costa Rica,Costa Rica,CR,0.0,26.0,100.0,100.0,grupoice.com,false,
2024-10-19 07:00:00,Costa Rica,Costa Rica,CR,0.0,25.96,100.0,100.0,grupoice.com,false,
2024-10-19 08:00:00,Costa Rica,Costa Rica,CR,0.0,25.97,100.0,100.0,grupoice.com,false,
2024-10-19 09:00:00,Costa Rica,Costa Rica,CR,0.0,26.05,100.0,100.0,grupoice.com,false,
2024-10-19 10:00:00,Costa Rica,Costa Rica,CR,0.0,25.92,100.0,100.0,grupoice.com,false,
2024-10-19 11:00:00,Costa Rica,Costa Rica,CR,0.0,25.62,100.0,100.0,grupoice.com,false,
2024-10-19 12:00:00,Costa Rica,Costa Rica,CR,0.0,25.26,100.0,100.0,grupoice.com,false,
2024-10-19 13:00:00,Costa Rica,Costa Rica,CR,0.0,25.48,100.0,100.0,grupoice.com,false,
2024-10-19 14:00:00,Costa Rica,Costa Rica,CR,0.0,25.57,100.0,100.0,grupoice.com,false,
2024-10-19 15:00:00,Costa Rica,Costa Rica,CR,0.0,25.48,100.0,100.0,grupoice.com,false,
2024-10-19 16:00:00,Costa Rica,Costa Rica,CR,0.0,25.43,100.0,100.0,grupoice.com,false,
2024-10-19 17:00:00,Costa Rica,Costa Rica,CR,0.0,25.39,100.0,100.0,grupoice.com,false,
2024-10-19 18:00:00,Costa Rica,Costa Rica,CR,0.0,25.35,100.0,100.0,grupoice.com,false,
2024-10-19 19:00:00,Costa Rica,Costa Rica,CR,0.0,25.35,100.0,100.0,grupoice.com,false,
2024-10-19 20:00:00,Costa Rica,Costa Rica,CR,0.0,25.43,100.0,100.0,grupoice.com,false,
2024-10-19 21:00:00,Costa Rica,Costa Rica,CR,0.0,25.45,100.0,100.0,grupoice.com,false,
2024-10-19 22:00:00,Costa Rica,Costa Rica,CR,0.0,25.41,100.0,100.0,grupoice.com,false,
2024-10-19 23:00:00,Costa Rica,Costa Rica,CR,0.0,25.29,100.0,100.0,grupoice.com,false,
2024-10-20 00:00:00,Costa Rica,Costa Rica,CR,0.0,25.1,100.0,100.0,grupoice.com,false,
2024-10-20 01:00:00,Costa Rica,Costa Rica,CR,0.0,25.01,100.0,100.0,grupoice.com,false,
2024-10-20 02:00:00,Costa Rica,Costa Rica,CR,0.0,24.79,100.0,100.0,grupoice.com,false,
2024-10-20 03:00:00,Costa Rica,Costa Rica,CR,0.0,25.06,100.0,100.0,grupoice.com,false,
2024-10-20 04:00:00,Costa Rica,Costa Rica,CR,0.0,25.29,100.0,100.0,grupoice.com,false,
2024-10-20 05:00:00,Costa Rica,Costa Rica,CR,0.0,25.54,100.0,100.0,Electricity Maps Estimation,true,ESTIMATED_TIME_SLICER_AVERAGE
2024-10-20 06:00:00,Costa Rica,Costa Rica,CR,0.0,25.81,100.0,100.0,grupoice.com,false,
2024-10-20 07:00:00,Costa Rica,Costa Rica,CR,0.0,25.91,100.0,100.0,grupoice.com,false,
2024-10-20 08:00:00,Costa Rica,Costa Rica,CR,0.0,25.91,100.0,100.0,grupoice.com,false,
2024-10-20 09:00:00,Costa Rica,Costa Rica,CR,0.0,26.0,100.0,100.0,grupoice.com,false,
2024-10-20 10:00:00,Costa Rica,Costa Rica,CR,0.0,25.8,100.0,100.0,grupoice.com,false,
2024-10-20 11:00:00,Costa Rica,Costa Rica,CR,0.0,25.56,100.0,100.0,grupoice.com,false,
2024-10-20 12:00:00,Costa Rica,Costa Rica,CR,0.0,25.24,100.0,100.0,grupoice.com,false,
2024-10-20 13:00:00,Costa Rica,Costa Rica,CR,0.0,25.17,100.0,100.0,grupoice.com,false,
2024-10-20 14:00:00,Costa Rica,Costa Rica,CR,0.0,25.04,100.0,100.0,grupoice.com,false,
2024-10-20 15:00:00,Costa Rica,Costa Rica,CR,0.0,25.07,100.0,100.0,grupoice.com,false,
2024-10-20 16:00:00,Costa Rica,Costa Rica,CR,0.0,25.01,100.0,100.0,grupoice.com,false,
2024-10-20 17:00:00,Costa Rica,Costa Rica,CR,0.0,24.84,100.0,100.0,grupoice.com,false,
2024-10-20 18:00:00,Costa Rica,Costa Rica,CR,0.0,24.56,100.0,100.0,grupoice.com,false,
2024-10-20 19:00:00,Costa Rica,Costa Rica,CR,0.0,24.62,100.0,100.0,grupoice.com,false,
2024-10-20 20:00:00,Costa Rica,Costa Rica,CR,0.0,24.78,100.0,100.0,grupoice.com,false,
2024-10-20 21:00:00,Costa Rica,Costa Rica,CR,0.0,24.29,100.0,100.0,grupoice.com,false,
2024-10-20 22:00:00,Costa Rica,Costa Rica,CR,0.0,24.11,100.0,100.0,grupoice.com,false,
2024-10-20 23:00:00,Costa Rica,Costa Rica,CR,0.0,24.58,100.0,100.0,grupoice.com,false,
2024-10-21 00:00:00,Costa Rica,Costa Rica,CR,0.0,24.5,100.0,100.0,grupoice.com,false,
2024-10-21 01:00:00,Costa Rica,Costa Rica,CR,0.0,24.9,100.0,100.0,grupoice.com,false,
2024-10-21 02:00:00,Costa Rica,Costa Rica,CR,0.0,24.9,100.0,100.0,grupoice.com,false,
2024-10-21 03:00:00,Costa Rica,Costa Rica,CR,0.0,25.07,100.0,100.0,grupoice.com,false,
2024-10-21 04:00:00,Costa Rica,Costa Rica,CR,0.0,25.08,100.0,100.0,grupoice.com,false,
2024-10-21 05:00:00,Costa Rica,Costa Rica,CR,0.0,25.17,100.0,100.0,grupoice.com,false,
2024-10-21 06:00:00,Costa Rica,Costa Rica,CR,0.0,25.24,100.0,100.0,grupoice.com,false,
2024-10-21 07:00:00,Costa Rica,Costa Rica,CR,0.0,25.28,100.0,100.0,grupoice.com,false,
2024-10-21 08:00:00,Costa Rica,Costa Rica,CR,0.0,25.31,100.0,100.0,grupoice.com,false,
2024-10-21 09:00:00,Costa Rica,Costa Rica,CR,0.0,25.16,100.0,100.0,grupoice.com,false,
2024-10-21 10:00:00,Costa Rica,Costa Rica,CR,0.0,25.17,100.0,100.0,grupoice.com,false,
2024-10-21 11:00:00,Costa Rica,Costa Rica,CR,0.0,24.92,100.0,100.0,grupoice.com,false,
2024-10-21 12:00:00,Costa Rica,Costa Rica,CR,0.0,24.86,100.0,100.0,grupoice.com,false,
2024-10-21 13:00:00,Costa Rica,Costa Rica,CR,0.0,24.81,100.0,100.0,grupoice.com,false,
2024-10-21 14:00:00,Costa Rica,Costa Rica,CR,0.0,24.86,100.0,100.0,grupoice.com,false,
2024-10-21 15:00:00,Costa Rica,Costa Rica,CR,0.0,24.84,100.0,100.0,grupoice.com,false,
2024-10-21 16:00:00,Costa Rica,Costa Rica,CR,0.0,24.82,100.0,100.0,grupoice.com,false,
2024-10-21 17:00:00,Costa Rica,Costa Rica,CR,0.0,24.82,100.0,100.0,grupoice.com,false,
2024-10-21 18:00:00,Costa Rica,Costa Rica,CR,0.0,24.91,100.0,100.0,grupoice.com,false,
2024-10-21 19:00:00,Costa Rica,Costa Rica,CR,0.0,24.93,100.0,100.0,grupoice.com,false,
2024-10-21 20:00:00,Costa Rica,Costa Rica,CR,0.0,24.96,100.0,100.0,grupoice.com,false,
2024-10-21 21:00:00,Costa Rica,Costa Rica,CR,0.65,25.98,99.84,99.84,grupoice.com,false,
2024-10-21 22:00:00,Costa Rica,Costa Rica,CR,11.25,42.35,97.23,97.23,grupoice.com,false,
2024-10-21 23:00:00,Costa Rica,Costa Rica,CR,3.44,30.27,99.15,99.15,grupoice.com,false,
2024-10-22 00:00:00,Costa Rica,Costa Rica,CR,0.0,24.95,100.0,100.0,grupoice.com,false,
2024-10-22 01:00:00,Costa Rica,Costa Rica,CR,0.0,25.01,100.0,100.0,grupoice.com,false,
2024-10-22 02:00:00,Costa Rica,Costa Rica,CR,0.0,25.06,100.0,100.0,grupoice.com,false,
2024-10-22 03:00:00,Costa Rica,Costa Rica,CR,0.0,25.16,100.0,100.0,grupoice.com,false,
2024-10-22 04:00:00,Costa Rica,Costa Rica,CR,0.0,25.3,100.0,100.0,grupoice.com,false,
2024-10-22 05:00:00,Costa Rica,Costa Rica,CR,0.0,25.37,100.0,100.0,grupoice.com,false,
2024-10-22 06:00:00,Costa Rica,Costa Rica,CR,0.0,25.56,100.0,100.0,grupoice.com,false,
2024-10-22 07:00:00,Costa Rica,Costa Rica,CR,0.0,25.56,100.0,100.0,grupoice.com,false,
2024-10-22 08:00:00,Costa Rica,Costa Rica,CR,0.0,25.59,100.0,100.0,grupoice.com,false,
2024-10-22 09:00:00,Costa Rica,Costa Rica,CR,0.0,25.52,100.0,100.0,grupoice.com,false,
2024-10-22 10:00:00,Costa Rica,Costa Rica,CR,0.0,25.42,100.0,100.0,grupoice.com,false,
2024-10-22 11:00:00,Costa Rica,Costa Rica,CR,0.0,25.26,100.0,100.0,grupoice.com,false,
2024-10-22 12:00:00,Costa Rica,Costa Rica,CR,0.0,25.18,100.0,100.0,grupoice.com,false,
2024-10-22 13:00:00,Costa Rica,Costa Rica,CR,0.0,25.13,100.0,100.0,grupoice.com,false,
2024-10-22 14:00:00,Costa Rica,Costa Rica,CR,0.0,25.04,100.0,100.0,grupoice.com,false,
2024-10-22 15:00:00,Costa Rica,Costa Rica,CR,0.0,24.89,100.0,100.0,grupoice.com,false,
2024-10-22 16:00:00,Costa Rica,Costa Rica,CR,0.0,24.68,100.0,100.0,grupoice.com,false,
2024-10-22 17:00:00,Costa Rica,Costa Rica,CR,0.0,24.62,100.0,100.0,grupoice.com,false,
2024-10-22 18:00:00,Costa Rica,Costa Rica,CR,0.0,24.64,100.0,100.0,grupoice.com,false,
2024-10-22 19:00:00,Costa Rica,Costa Rica,CR,0.0,24.9,100.0,100.0,grupoice.com,false,
2024-10-22 20:00:00,Costa Rica,Costa Rica,CR,0.0,24.98,100.0,100.0,grupoice.com,false,
2024-10-22 21:00:00,Costa Rica,Costa Rica,CR,0.0,24.83,100.0,100.0,grupoice.com,false,
2024-10-22 22:00:00,Costa Rica,Costa Rica,CR,0.0,24.73,100.0,100.0,grupoice.com,false,
2024-10-22 23:00:00,Costa Rica,Costa Rica,CR,0.0,24.66,100.0,100.0,grupoice.com,false,
2024-10-23 00:00:00,Costa Rica,Costa Rica,CR,0.0,24.66,100.0,100.0,grupoice.com,false,
2024-10-23 01:00:00,Costa Rica,Costa Rica,CR,0.0,24.65,100.0,100.0,grupoice.com,false,
2024-10-23 02:00:00,Costa Rica,Costa Rica,CR,0.0,24.82,100.0,100.0,grupoice.com,false,
2024-10-23 03:00:00,Costa Rica,Costa Rica,CR,0.0,24.87,100.0,100.0,grupoice.com,false,
2024-10-23 04:00:00,Costa Rica,Costa Rica,CR,0.0,24.81,100.0,100.0,grupoice.com,false,
2024-10-23 05:00:00,Costa Rica,Costa Rica,CR,0.0,24.96,100.0,100.0,grupoice.com,false,
2024-10-23 06:00:00,Costa Rica,Costa Rica,CR,0.0,25.03,100.0,100.0,grupoice.com,false,
2024-10-23 07:00:00,Costa Rica,Costa Rica,CR,0.0,24.81,100.0,100.0,grupoice.com,false,
2024-10-23 08:00:00,Costa Rica,Costa Rica,CR,0.0,24.6,100.0,100.0,grupoice.com,false,
2024-10-23 09:00:00,Costa Rica,Costa Rica,CR,0.0,24.4,100.0,100.0,grupoice.com,false,
2024-10-23 10:00:00,Costa Rica,Costa Rica,CR,0.0,24.47,100.0,100.0,grupoice.com,false,
2024-10-23 11:00:00,Costa Rica,Costa Rica,CR,0.0,24.34,100.0,100.0,grupoice.com,false,
2024-10-23 12:00:00,Costa Rica,Costa Rica,CR,0.0,24.5,100.0,100.0,grupoice.com,false,
2024-10-23 13:00:00,Costa Rica,Costa Rica,CR,0.0,24.38,100.0,100.0,grupoice.com,false,
2024-10-23 14:00:00,Costa Rica,Costa Rica,CR,0.0,24.07,100.0,100.0,grupoice.com,false,
2024-10-23 15:00:00,Costa Rica,Costa Rica,CR,0.0,24.07,100.0,100.0,grupoice.com,false,
2024-10-23 16:00:00,Costa Rica,Costa Rica,CR,0.0,23.62,100.0,100.0,grupoice.com,false,
2024-10-23 17:00:00,Costa Rica,Costa Rica,CR,0.0,23.62,100.0,100.0,grupoice.com,false,
2024-10-23 18:00:00,Costa Rica,Costa Rica,CR,0.0,23.99,100.0,100.0,grupoice.com,false,
2024-10-23 19:00:00,Costa Rica,Costa Rica,CR,0.0,24.17,100.0,100.0,grupoice.com,false,
2024-10-23 20:00:00,Costa Rica,Costa Rica,CR,0.0,24.13,100.0,100.0,grupoice.com,false,
2024-10-23 21:00:00,Costa Rica,Costa Rica,CR,0.0,24.03,100.0,100.0,grupoice.com,false,
2024-10-23 22:00:00,Costa Rica,Costa Rica,CR,0.0,23.81,100.0,100.0,grupoice.com,false,
2024-10-23 23:00:00,Costa Rica,Costa Rica,CR,0.0,23.53,100.0,100.0,grupoice.com,false,
2024-10-24 00:00:00,Costa Rica,Costa Rica,CR,0.0,23.34,100.0,100.0,grupoice.com,false,
2024-10-24 01:00:00,Costa Rica,Costa Rica,CR,0.0,23.27,100.0,100.0,grupoice.com,false,
2024-10-24 02:00:00,Costa Rica,Costa Rica,CR,0.0,23.1,100.0,100.0,grupoice.com,false,
2024-10-24 03:00:00,Costa Rica,Costa Rica,CR,0.0,22.84,100.0,100.0,grupoice.com,false,
2024-10-24 04:00:00,Costa Rica,Costa Rica,CR,0.0,22.81,100.0,100.0,grupoice.com,false,
2024-10-24 05:00:00,Costa Rica,Costa Rica,CR,0.0,22.64,100.0,100.0,grupoice.com,false,
2024-10-24 06:00:00,Costa Rica,Costa Rica,CR,0.0,22.96,100.0,100.0,grupoice.com,false,
2024-10-24 07:00:00,Costa Rica,Costa Rica,CR,0.0,23.09,100.0,100.0,grupoice.com,false,
2024-10-24 08:00:00,Costa Rica,Costa Rica,CR,0.0,22.78,100.0,100.0,grupoice.com,false,
2024-10-24 09:00:00,Costa Rica,Costa Rica,CR,0.0,22.54,100.0,100.0,grupoice.com,false,
2024-10-24 10:00:00,Costa Rica,Costa Rica,CR,0.0,22.45,100.0,100.0,grupoice.com,false,
2024-10-24 11:00:00,Costa Rica,Costa Rica,CR,0.0,22.73,100.0,100.0,grupoice.com,false,
2024-10-24 12:00:00,Costa Rica,Costa Rica,CR,0.0,22.99,100.0,100.0,grupoice.com,false,
2024-10-24 13:00:00,Costa Rica,Costa Rica,CR,0.0,23.03,100.0,100.0,grupoice.com,false,
2024-10-24 14:00:00,Costa Rica,Costa Rica,CR,0.0,23.22,100.0,100.0,grupoice.com,false,
2024-10-24 15:00:00,Costa Rica,Costa Rica,CR,0.0,23.18,100.0,100.0,grupoice.com,false,
2024-10-24 16:00:00,Costa Rica,Costa Rica,CR,0.89,24.75,99.78,99.78,grupoice.com,false,
2024-10-24 17:00:00,Costa Rica,Costa Rica,CR,15.65,47.68,96.15,96.15,grupoice.com,false,
2024-10-24 18:00:00,Costa Rica,Costa Rica,CR,25.43,62.95,93.74,93.74,grupoice.com,false,
2024-10-24 19:00:00,Costa Rica,Costa Rica,CR,28.54,67.63,92.97,92.97,grupoice.com,false,
2024-10-24 20:00:00,Costa Rica,Costa Rica,CR,19.35,53.39,95.23,95.23,grupoice.com,false,
2024-10-24 21:00:00,Costa Rica,Costa Rica,CR,19.27,53.35,95.25,95.25,grupoice.com,false,
2024-10-24 22:00:00,Costa Rica,Costa Rica,CR,14.78,46.26,96.36,96.36,grupoice.com,false,
2024-10-24 23:00:00,Costa Rica,Costa Rica,CR,7.07,34.25,98.26,98.26,grupoice.com,false,
2024-10-25 00:00:00,Costa Rica,Costa Rica,CR,4.6,30.41,98.87,98.87,grupoice.com,false,
2024-10-25 01:00:00,Costa Rica,Costa Rica,CR,0.0,23.24,100.0,100.0,grupoice.com,false,
2024-10-25 02:00:00,Costa Rica,Costa Rica,CR,0.0,23.49,100.0,100.0,grupoice.com,false,
2024-10-25 03:00:00,Costa Rica,Costa Rica,CR,0.0,23.53,100.0,100.0,grupoice.com,false,
2024-10-25 04:00:00,Costa Rica,Costa Rica,CR,0.0,23.59,100.0,100.0,Electricity Maps Estimation,true,ESTIMATED_TIME_SLICER_AVERAGE
2024-10-25 05:00:00,Costa Rica,Costa Rica,CR,0.0,23.66,100.0,100.0,Electricity Maps Estimation,true,ESTIMATED_TIME_SLICER_AVERAGE
2024-10-25 06:00:00,Costa Rica,Costa Rica,CR,0.0,23.74,100.0,100.0,grupoice.com,false,
2024-10-25 07:00:00,Costa Rica,Costa Rica,CR,0.0,23.92,100.0,100.0,grupoice.com,false,
2024-10-25 08:00:00,Costa Rica,Costa Rica,CR,0.0,23.99,100.0,100.0,grupoice.com,false,
2024-10-25 09:00:00,Costa Rica,Costa Rica,CR,0.0,23.43,100.0,100.0,grupoice.com,false,
2024-10-25 10:00:00,Costa Rica,Costa Rica,CR,0.0,23.04,100.0,100.0,grupoice.com,false,
2024-10-25 11:00:00,Costa Rica,Costa Rica,CR,0.0,22.62,100.0,100.0,grupoice.com,false,
2024-10-25 12:00:00,Costa Rica,Costa Rica,CR,0.0,22.85,100.0,100.0,grupoice.com,false,
2024-10-25 13:00:00,Costa Rica,Costa Rica,CR,0.0,22.92,100.0,100.0,grupoice.com,false,
2024-10-25 14:00:00,Costa Rica,Costa Rica,CR,0.0,23.11,100.0,100.0,grupoice.com,false,
2024-10-25 15:00:00,Costa Rica,Costa Rica,CR,0.0,23.35,100.0,100.0,grupoice.com,false,
2024-10-25 16:00:00,Costa Rica,Costa Rica,CR,0.0,23.31,100.0,100.0,grupoice.com,false,
2024-10-25 17:00:00,Costa Rica,Costa Rica,CR,0.0,23.46,100.0,100.0,grupoice.com,false,
2024-10-25 18:00:00,Costa Rica,Costa Rica,CR,1.21,25.93,99.7,99.7,grupoice.com,false,
2024-10-25 19:00:00,Costa Rica,Costa Rica,CR,20.79,55.75,94.88,94.88,grupoice.com,false,
2024-10-25 20:00:00,Costa Rica,Costa Rica,CR,12.33,42.25,96.96,96.96,grupoice.com,false,
2024-10-25 21:00:00,Costa Rica,Costa Rica,CR,0.0,23.2,100.0,100.0,grupoice.com,false,
2024-10-25 22:00:00,Costa Rica,Costa Rica,CR,0.0,23.2,100.0,100.0,grupoice.com,false,
2024-10-25 23:00:00,Costa Rica,Costa Rica,CR,0.0,23.48,100.0,100.0,grupoice.com,false,
2024-10-26 00:00:00,Costa Rica,Costa Rica,CR,0.0,23.37,100.0,100.0,grupoice.com,false,
2024-10-26 01:00:00,Costa Rica,Costa Rica,CR,0.0,22.93,100.0,100.0,grupoice.com,false,
2024-10-26 02:00:00,Costa Rica,Costa Rica,CR,0.0,22.71,100.0,100.0,grupoice.com,false,
2024-10-26 03:00:00,Costa Rica,Costa Rica,CR,0.0,22.68,100.0,100.0,grupoice.com,false,
2024-10-26 04:00:00,Costa Rica,Costa Rica,CR,0.0,22.63,100.0,100.0,grupoice.com,false,
2024-10-26 05:00:00,Costa Rica,Costa Rica,CR,0.0,22.83,100.0,100.0,grupoice.com,false,
2024-10-26 06:00:00,Costa Rica,Costa Rica,CR,0.0,22.91,100.0,100.0,grupoice.com,false,
2024-10-26 07:00:00,Costa Rica,Costa Rica,CR,0.0,22.69,100.0,100.0,grupoice.com,false,
2024-10-26 08:00:00,Costa Rica,Costa Rica,CR,0.0,22.67,100.0,100.0,grupoice.com,false,
2024-10-26 09:00:00,Costa Rica,Costa Rica,CR,0.0,23.02,100.0,100.0,grupoice.com,false,
2024-10-26 10:00:00,Costa Rica,Costa Rica,CR,0.0,23.01,100.0,100.0,grupoice.com,false,
2024-10-26 11:00:00,Costa Rica,Costa Rica,CR,0.0,22.94,100.0,100.0,grupoice.com,false,
2024-10-26 12:00:00,Costa Rica,Costa Rica,CR,0.0,22.99,100.0,100.0,grupoice.com,false,
2024-10-26 13:00:00,Costa Rica,Costa Rica,CR,0.0,23.3,100.0,100.0,grupoice.com,false,
2024-10-26 14:00:00,Costa Rica,Costa Rica,CR,0.0,23.33,100.0,100.0,grupoice.com,false,
2024-10-26 15:00:00,Costa Rica,Costa Rica,CR,0.0,23.55,100.0,100.0,grupoice.com,false,
2024-10-26 16:00:00,Costa Rica,Costa Rica,CR,0.0,23.56,100.0,100.0,grupoice.com,false,
2024-10-26 17:00:00,Costa Rica,Costa Rica,CR,0.0,23.74,100.0,100.0,grupoice.com,false,
2024-10-26 18:00:00,Costa Rica,Costa Rica,CR,0.0,23.96,100.0,100.0,grupoice.com,false,
2024-10-26 19:00:00,Costa Rica,Costa Rica,CR,0.0,24.04,100.0,100.0,grupoice.com,false,
2024-10-26 20:00:00,Costa Rica,Costa Rica,CR,0.0,24.2,100.0,100.0,grupoice.com,false,
2024-10-26 21:00:00,Costa Rica,Costa Rica,CR,0.0,24.11,100.0,100.0,grupoice.com,false,
2024-10-26 22:00:00,Costa Rica,Costa Rica,CR,0.0,24.03,100.0,100.0,grupoice.com,false,
2024-10-26 23:00:00,Costa Rica,Costa Rica,CR,0.0,23.93,100.0,100.0,grupoice.com,false,
2024-10-27 00:00:00,Costa Rica,Costa Rica,CR,0.0,23.67,100.0,100.0,grupoice.com,false,
2024-10-27 01:00:00,Costa Rica,Costa Rica,CR,0.0,23.46,100.0,100.0,grupoice.com,false,
2024-10-27 02:00:00,Costa Rica,Costa Rica,CR,0.0,23.32,100.0,100.0,grupoice.com,false,
2024-10-27 03:00:00,Costa Rica,Costa Rica,CR,0.0,23.26,100.0,100.0,grupoice.com,false,
2024-10-27 04:00:00,Costa Rica,Costa Rica,CR,0.0,23.27,100.0,100.0,grupoice.com,false,
2024-10-27 05:00:00,Costa Rica,Costa Rica,CR,0.0,23.28,100.0,100.0,grupoice.com,false,
2024-10-27 06:00:00,Costa Rica,Costa Rica,CR,0.0,23.3,100.0,100.0,grupoice.com,false,
2024-10-27 07:00:00,Costa Rica,Costa Rica,CR,0.0,23.23,100.0,100.0,grupoice.com,false,
2024-10-27 08:00:00,Costa Rica,Costa Rica,CR,0.0,23.6,100.0,100.0,grupoice.com,false,
2024-10-27 09:00:00,Costa Rica,Costa Rica,CR,0.0,23.46,100.0,100.0,grupoice.com,false,
2024-10-27 10:00:00,Costa Rica,Costa Rica,CR,0.0,23.34,100.0,100.0,grupoice.com,false,
2024-10-27 11:00:00,Costa Rica,Costa Rica,CR,0.0,22.92,100.0,100.0,grupoice.com,false,
2024-10-27 12:00:00,Costa Rica,Costa Rica,CR,0.0,22.55,100.0,100.0,grupoice.com,false,
2024-10-27 13:00:00,Costa Rica,Costa Rica,CR,0.0,22.68,100.0,100.0,grupoice.com,false,
2024-10-27 14:00:00,Costa Rica,Costa Rica,CR,0.0,22.7,100.0,100.0,grupoice.com,false,
2024-10-27 15:00:00,Costa Rica,Costa Rica,CR,0.0,22.64,100.0,100.0,grupoice.com,false,
2024-10-27 16:00:00,Costa Rica,Costa Rica,CR,0.0,22.58,100.0,100.0,grupoice.com,false,
2024-10-27 17:00:00,Costa Rica,Costa Rica,CR,0.0,22.47,100.0,100.0,grupoice.com,false,
2024-10-27 18:00:00,Costa Rica,Costa Rica,CR,0.0,22.49,100.0,100.0,grupoice.com,false,
2024-10-27 19:00:00,Costa Rica,Costa Rica,CR,0.0,22.49,100.0,100.0,grupoice.com,false,
2024-10-27 20:00:00,Costa Rica,Costa Rica,CR,0.0,22.6,100.0,100.0,grupoice.com,false,
2024-10-27 21:00:00,Costa Rica,Costa Rica,CR,0.0,22.91,100.0,100.0,grupoice.com,false,
2024-10-27 22:00:00,Costa Rica,Costa Rica,CR,0.0,23.41,100.0,100.0,grupoice.com,false,
2024-10-27 23:00:00,Costa Rica,Costa Rica,CR,0.0,23.88,100.0,100.0,grupoice.com,false,
2024-10-28 00:00:00,Costa Rica,Costa Rica,CR,0.0,23.97,100.0,100.0,grupoice.com,false,
2024-10-28 01:00:00,Costa Rica,Costa Rica,CR,0.0,24.1,100.0,100.0,grupoice.com,false,
2024-10-28 02:00:00,Costa Rica,Costa Rica,CR,0.0,23.66,100.0,100.0,grupoice.com,false,
2024-10-28 03:00:00,Costa Rica,Costa Rica,CR,0.0,23.78,100.0,100.0,grupoice.com,false,
2024-10-28 04:00:00,Costa Rica,Costa Rica,CR,0.0,23.5,100.0,100.0,grupoice.com,false,
2024-10-28 05:00:00,Costa Rica,Costa Rica,CR,0.0,22.99,100.0,100.0,grupoice.com,false,
2024-10-28 06:00:00,Costa Rica,Costa Rica,CR,0.0,22.96,100.0,100.0,grupoice.com,false,
2024-10-28 07:00:00,Costa Rica,Costa Rica,CR,0.0,22.66,100.0,100.0,grupoice.com,false,
2024-10-28 08:00:00,Costa Rica,Costa Rica,CR,0.0,22.88,100.0,100.0,grupoice.com,false,
2024-10-28 09:00:00,Costa Rica,Costa Rica,CR,0.0,23.03,100.0,100.0,grupoice.com,false,
2024-10-28 10:00:00,Costa Rica,Costa Rica,CR,0.0,22.71,100.0,100.0,grupoice.com,false,
2024-10-28 11:00:00,Costa Rica,Costa Rica,CR,0.0,22.77,100.0,100.0,grupoice.com,false,
2024-10-28 12:00:00,Costa Rica,Costa Rica,CR,0.0,22.82,100.0,100.0,grupoice.com,false,
2024-10-28 13:00:00,Costa Rica,Costa Rica,CR,0.0,22.83,100.0,100.0,grupoice.com,false,
2024-10-28 14:00:00,Costa Rica,Costa Rica,CR,0.0,22.97,100.0,100.0,grupoice.com,false,
2024-10-28 15:00:00,Costa Rica,Costa Rica,CR,0.0,23.04,100.0,100.0,grupoice.com,false,
2024-10-28 16:00:00,Costa Rica,Costa Rica,CR,0.0,23.02,100.0,100.0,grupoice.com,false,
2024-10-28 17:00:00,Costa Rica,Costa Rica,CR,0.0,22.98,100.0,100.0,grupoice.com,false,
2024-10-28 18:00:00,Costa Rica,Costa Rica,CR,0.0,22.9,100.0,100.0,grupoice.com,false,
2024-10-28 19:00:00,Costa Rica,Costa Rica,CR,0.0,22.86,100.0,100.0,grupoice.com,false,
2024-10-28 20:00:00,Costa Rica,Costa Rica,CR,0.0,22.7,100.0,100.0,grupoice.com,false,
2024-10-28 21:00:00,Costa Rica,Costa Rica,CR,0.0,23.08,100.0,100.0,grupoice.com,false,
2024-10-28 22:00:00,Costa Rica,Costa Rica,CR,0.0,23.88,100.0,100.0,grupoice.com,false,
2024-10-28 23:00:00,Costa Rica,Costa Rica,CR,0.0,23.49,100.0,100.0,grupoice.com,false,
2024-10-29 00:00:00,Costa Rica,Costa Rica,CR,0.0,23.43,100.0,100.0,grupoice.com,false,
2024-10-29 01:00:00,Costa Rica,Costa Rica,CR,0.0,23.48,100.0,100.0,grupoice.com,false,
2024-10-29 02:00:00,Costa Rica,Costa Rica,CR,0.0,23.39,100.0,100.0,grupoice.com,false,
2024-10-29 03:00:00,Costa Rica,Costa Rica,CR,0.0,23.59,100.0,100.0,grupoice.com,false,
2024-10-29 04:00:00,Costa Rica,Costa Rica,CR,0.0,23.32,100.0,100.0,grupoice.com,false,
2024-10-29 05:00:00,Costa Rica,Costa Rica,CR,0.0,22.91,100.0,100.0,grupoice.com,false,
2024-10-29 06:00:00,Costa Rica,Costa Rica,CR,0.0,22.73,100.0,100.0,grupoice.com,false,
2024-10-29 07:00:00,Costa Rica,Costa Rica,CR,0.0,22.65,100.0,100.0,grupoice.com,false,
2024-10-29 08:00:00,Costa Rica,Costa Rica,CR,0.0,22.79,100.0,100.0,grupoice.com,false,
2024-10-29 09:00:00,Costa Rica,Costa Rica,CR,0.0,22.75,100.0,100.0,grupoice.com,false,
2024-10-29 10:00:00,Costa Rica,Costa Rica,CR,0.0,22.96,100.0,100.0,grupoice.com,false,
2024-10-29 11:00:00,Costa Rica,Costa Rica,CR,0.0,23.22,100.0,100.0,grupoice.com,false,
2024-10-29 12:00:00,Costa Rica,Costa Rica,CR,0.0,23.14,100.0,100.0,grupoice.com,false,
2024-10-29 13:00:00,Costa Rica,Costa Rica,CR,0.0,23.29,100.0,100.0,grupoice.com,false,
2024-10-29 14:00:00,Costa Rica,Costa Rica,CR,0.0,23.42,100.0,100.0,grupoice.com,false,
2024-10-29 15:00:00,Costa Rica,Costa Rica,CR,0.0,23.74,100.0,100.0,grupoice.com,false,
2024-10-29 16:00:00,Costa Rica,Costa Rica,CR,0.0,24.0,100.0,100.0,grupoice.com,false,
2024-10-29 17:00:00,Costa Rica,Costa Rica,CR,0.0,24.08,100.0,100.0,grupoice.com,false,
2024-10-29 18:00:00,Costa Rica,Costa Rica,CR,1.83,27.28,99.55,99.55,grupoice.com,false,
2024-10-29 19:00:00,Costa Rica,Costa Rica,CR,2.08,27.68,99.49,99.49,grupoice.com,false,
2024-10-29 20:00:00,Costa Rica,Costa Rica,CR,1.57,26.67,99.61,99.61,grupoice.com,false,
2024-10-29 21:00:00,Costa Rica,Costa Rica,CR,1.11,25.59,99.73,99.73,grupoice.com,false,
2024-10-29 22:00:00,Costa Rica,Costa Rica,CR,0.41,24.35,99.9,99.9,grupoice.com,false,
2024-10-29 23:00:00,Costa Rica,Costa Rica,CR,0.0,23.44,100.0,100.0,grupoice.com,false,
2024-10-30 00:00:00,Costa Rica,Costa Rica,CR,0.0,23.37,100.0,100.0,grupoice.com,false,
2024-10-30 01:00:00,Costa Rica,Costa Rica,CR,0.0,23.37,100.0,100.0,grupoice.com,false,
2024-10-30 02:00:00,Costa Rica,Costa Rica,CR,0.0,24.04,100.0,100.0,grupoice.com,false,
2024-10-30 03:00:00,Costa Rica,Costa Rica,CR,0.0,24.14,100.0,100.0,grupoice.com,false,
2024-10-30 04:00:00,Costa Rica,Costa Rica,CR,0.0,24.31,100.0,100.0,grupoice.com,false,
2024-10-30 05:00:00,Costa Rica,Costa Rica,CR,0.0,23.92,100.0,100.0,grupoice.com,false,
2024-10-30 06:00:00,Costa Rica,Costa Rica,CR,0.0,23.45,100.0,100.0,grupoice.com,false,
2024-10-30 07:00:00,Costa Rica,Costa Rica,CR,0.0,24.15,100.0,100.0,grupoice.com,false,
2024-10-30 08:00:00,Costa Rica,Costa Rica,CR,0.0,24.94,100.0,100.0,grupoice.com,false,
2024-10-30 09:00:00,Costa Rica,Costa Rica,CR,0.0,25.4,100.0,100.0,grupoice.com,false,
2024-10-30 10:00:00,Costa Rica,Costa Rica,CR,0.0,25.41,100.0,100.0,grupoice.com,false,
2024-10-30 11:00:00,Costa Rica,Costa Rica,CR,0.0,25.18,100.0,100.0,grupoice.com,false,
2024-10-30 12:00:00,Costa Rica,Costa Rica,CR,0.0,24.95,100.0,100.0,grupoice.com,false,
2024-10-30 13:00:00,Costa Rica,Costa Rica,CR,0.0,24.71,100.0,100.0,grupoice.com,false,
2024-10-30 14:00:00,Costa Rica,Costa Rica,CR,0.0,24.61,100.0,100.0,grupoice.com,false,
2024-10-30 15:00:00,Costa Rica,Costa Rica,CR,0.0,24.55,100.0,100.0,grupoice.com,false,
2024-10-30 16:00:00,Costa Rica,Costa Rica,CR,0.07,24.51,99.98,99.98,grupoice.com,false,
2024-10-30 17:00:00,Costa Rica,Costa Rica,CR,1.09,25.88,99.73,99.73,grupoice.com,false,
2024-10-30 18:00:00,Costa Rica,Costa Rica,CR,1.11,25.82,99.73,99.73,grupoice.com,false,
2024-10-30 19:00:00,Costa Rica,Costa Rica,CR,1.11,25.55,99.73,99.73,grupoice.com,false,
2024-10-30 20:00:00,Costa Rica,Costa Rica,CR,0.77,25.17,99.81,99.81,grupoice.com,false,
2024-10-30 21:00:00,Costa Rica,Costa Rica,CR,0.0,23.58,100.0,100.0,grupoice.com,false,
2024-10-30 22:00:00,Costa Rica,Costa Rica,CR,0.0,23.49,100.0,100.0,grupoice.com,false,
2024-10-30 23:00:00,Costa Rica,Costa Rica,CR,0.0,23.81,100.0,100.0,grupoice.com,false,
2024-10-31 00:00:00,Costa Rica,Costa Rica,CR,0.0,24.6,100.0,100.0,grupoice.com,false,
2024-10-31 01:00:00,Costa Rica,Costa Rica,CR,0.0,24.81,100.0,100.0,grupoice.com,false,
2024-10-31 02:00:00,Costa Rica,Costa Rica,CR,0.0,24.86,100.0,100.0,grupoice.com,false,
2024-10-31 03:00:00,Costa Rica,Costa Rica,CR,0.0,25.02,100.0,100.0,grupoice.com,false,
2024-10-31 04:00:00,Costa Rica,Costa Rica,CR,0.0,24.67,100.0,100.0,grupoice.com,false,
2024-10-31 05:00:00,Costa Rica,Costa Rica,CR,0.0,24.51,100.0,100.0,grupoice.com,false,
2024-10-31 06:00:00,Costa Rica,Costa Rica,CR,0.0,24.8,100.0,100.0,grupoice.com,false,
2024-10-31 07:00:00,Costa Rica,Costa Rica,CR,0.0,24.54,100.0,100.0,grupoice.com,false,
2024-10-31 08:00:00,Costa Rica,Costa Rica,CR,0.0,24.46,100.0,100.0,grupoice.com,false,
2024-10-31 09:00:00,Costa Rica,Costa Rica,CR,0.0,24.32,100.0,100.0,grupoice.com,false,
2024-10-31 10:00:00,Costa Rica,Costa Rica,CR,0.0,24.21,100.0,100.0,grupoice.com,false,
2024-10-31 11:00:00,Costa Rica,Costa Rica,CR,0.0,23.98,100.0,100.0,grupoice.com,false,
2024-10-31 12:00:00,Costa Rica,Costa Rica,CR,0.0,24.23,100.0,100.0,grupoice.com,false,
2024-10-31 13:00:00,Costa Rica,Costa Rica,CR,0.0,24.32,100.0,100.0,grupoice.com,false,
2024-10-31 14:00:00,Costa Rica,Costa Rica,CR,0.0,24.08,100.0,100.0,grupoice.com,false,
2024-10-31 15:00:00,Costa Rica,Costa Rica,CR,0.0,23.96,100.0,100.0,grupoice.com,false,
2024-10-31 16:00:00,Costa Rica,Costa Rica,CR,0.0,24.19,100.0,100.0,grupoice.com,false,
2024-10-31 17:00:00,Costa Rica,Costa Rica,CR,0.0,24.51,100.0,100.0,grupoice.com,false,
2024-10-31 18:00:00,Costa Rica,Costa Rica,CR,0.0,24.73,100.0,100.0,grupoice.com,false,
2024-10-31 19:00:00,Costa Rica,Costa Rica,CR,0.0,24.96,100.0,100.0,grupoice.com,false,
2024-10-31 20:00:00,Costa Rica,Costa Rica,CR,0.0,25.1,100.0,100.0,grupoice.com,false,
2024-10-31 21:00:00,Costa Rica,Costa Rica,CR,0.0,25.11,100.0,100.0,grupoice.com,false,
2024-10-31 22:00:00,Costa Rica,Costa Rica,CR,0.0,25.13,100.0,100.0,grupoice.com,false,
2024-10-31 23:00:00,Costa Rica,Costa Rica,CR,0.0,25.11,100.0,100.0,grupoice.com,false,
2024-11-01 00:00:00,Costa Rica,Costa Rica,CR,0.0,25.11,100.0,100.0,grupoice.com,false,
2024-11-01 01:00:00,Costa Rica,Costa Rica,CR,0.0,25.15,100.0,100.0,grupoice.com,false,
2024-11-01 02:00:00,Costa Rica,Costa Rica,CR,0.0,25.19,100.0,100.0,grupoice.com,false,
2024-11-01 03:00:00,Costa Rica,Costa Rica,CR,0.0,25.24,100.0,100.0,grupoice.com,false,
2024-11-01 04:00:00,Costa Rica,Costa Rica,CR,0.0,25.36,100.0,100.0,grupoice.com,false,
2024-11-01 05:00:00,Costa Rica,Costa Rica,CR,0.0,25.59,100.0,100.0,grupoice.com,false,
2024-11-01 06:00:00,Costa Rica,Costa Rica,CR,0.0,25.74,100.0,100.0,grupoice.com,false,
2024-11-01 07:00:00,Costa Rica,Costa Rica,CR,0.0,25.74,100.0,100.0,grupoice.com,false,
2024-11-01 08:00:00,Costa Rica,Costa Rica,CR,0.0,25.76,100.0,100.0,grupoice.com,false,
2024-11-01 09:00:00,Costa Rica,Costa Rica,CR,0.0,25.66,100.0,100.0,grupoice.com,false,
2024-11-01 10:00:00,Costa Rica,Costa Rica,CR,0.0,25.13,100.0,100.0,grupoice.com,false,
2024-11-01 11:00:00,Costa Rica,Costa Rica,CR,0.0,24.81,100.0,100.0,grupoice.com,false,
2024-11-01 12:00:00,Costa Rica,Costa Rica,CR,0.0,24.87,100.0,100.0,grupoice.com,false,
2024-11-01 13:00:00,Costa Rica,Costa Rica,CR,0.0,24.99,100.0,100.0,grupoice.com,false,
2024-11-01 14:00:00,Costa Rica,Costa Rica,CR,0.0,25.19,100.0,100.0,grupoice.com,false,
2024-11-01 15:00:00,Costa Rica,Costa Rica,CR,0.0,25.16,100.0,100.0,grupoice.com,false,
2024-11-01 16:00:00,Costa Rica,Costa Rica,CR,0.0,25.05,100.0,100.0,grupoice.com,false,
2024-11-01 17:00:00,Costa Rica,Costa Rica,CR,0.0,25.02,100.0,100.0,grupoice.com,false,
2024-11-01 18:00:00,Costa Rica,Costa Rica,CR,0.0,25.08,100.0,100.0,grupoice.com,false,
2024-11-01 19:00:00,Costa Rica,Costa Rica,CR,0.0,25.1,100.0,100.0,grupoice.com,false,
2024-11-01 20:00:00,Costa Rica,Costa Rica,CR,0.0,25.11,100.0,100.0,grupoice.com,false,
2024-11-01 21:00:00,Costa Rica,Costa Rica,CR,0.0,25.15,100.0,100.0,grupoice.com,false,
2024-11-01 22:00:00,Costa Rica,Costa Rica,CR,0.0,25.18,100.0,100.0,grupoice.com,false,
2024-11-01 23:00:00,Costa Rica,Costa Rica,CR,0.0,25.15,100.0,100.0,grupoice.com,false,
2024-11-02 00:00:00,Costa Rica,Costa Rica,CR,0.0,25.13,100.0,100.0,grupoice.com,false,
2024-11-02 01:00:00,Costa Rica,Costa Rica,CR,0.0,24.87,100.0,100.0,grupoice.com,false,
2024-11-02 02:00:00,Costa Rica,Costa Rica,CR,0.0,24.95,100.0,100.0,grupoice.com,false,
2024-11-02 03:00:00,Costa Rica,Costa Rica,CR,0.0,25.24,100.0,100.0,grupoice.com,false,
2024-11-02 04:00:00,Costa Rica,Costa Rica,CR,0.0,25.34,100.0,100.0,grupoice.com,false,
2024-11-02 05:00:00,Costa Rica,Costa Rica,CR,0.0,25.46,100.0,100.0,grupoice.com,false,
2024-11-02 06:00:00,Costa Rica,Costa Rica,CR,0.0,25.68,100.0,100.0,grupoice.com,false,
2024-11-02 07:00:00,Costa Rica,Costa Rica,CR,0.0,25.55,100.0,100.0,grupoice.com,false,
2024-11-02 08:00:00,Costa Rica,Costa Rica,CR,0.0,25.68,100.0,100.0,grupoice.com,false,
2024-11-02 09:00:00,Costa Rica,Costa Rica,CR,0.0,25.7,100.0,100.0,grupoice.com,false,
2024-11-02 10:00:00,Costa Rica,Costa Rica,CR,0.0,25.72,100.0,100.0,grupoice.com,false,
2024-11-02 11:00:00,Costa Rica,Costa Rica,CR,0.0,25.69,100.0,100.0,grupoice.com,false,
2024-11-02 12:00:00,Costa Rica,Costa Rica,CR,0.0,25.58,100.0,100.0,grupoice.com,false,
2024-11-02 13:00:00,Costa Rica,Costa Rica,CR,0.0,25.46,100.0,100.0,grupoice.com,false,
2024-11-02 14:00:00,Costa Rica,Costa Rica,CR,0.0,25.39,100.0,100.0,grupoice.com,false,
2024-11-02 15:00:00,Costa Rica,Costa Rica,CR,0.0,25.32,100.0,100.0,grupoice.com,false,
2024-11-02 16:00:00,Costa Rica,Costa Rica,CR,0.0,25.25,100.0,100.0,grupoice.com,false,
2024-11-02 17:00:00,Costa Rica,Costa Rica,CR,0.0,25.19,100.0,100.0,grupoice.com,false,
2024-11-02 18:00:00,Costa Rica,Costa Rica,CR,0.0,25.2,100.0,100.0,grupoice.com,false,
2024-11-02 19:00:00,Costa Rica,Costa Rica,CR,0.0,25.23,100.0,100.0,grupoice.com,false,
2024-11-02 20:00:00,Costa Rica,Costa Rica,CR,0.0,25.3,100.0,100.0,grupoice.com,false,
2024-11-02 21:00:00,Costa Rica,Costa Rica,CR,0.0,25.36,100.0,100.0,grupoice.com,false,
2024-11-02 22:00:00,Costa Rica,Costa Rica,CR,0.0,25.35,100.0,100.0,grupoice.com,false,
2024-11-02 23:00:00,Costa Rica,Costa Rica,CR,0.0,25.26,100.0,100.0,grupoice.com,false,
2024-11-03 00:00:00,Costa Rica,Costa Rica,CR,0.0,25.28,100.0,100.0,grupoice.com,false,
2024-11-03 01:00:00,Costa Rica,Costa Rica,CR,0.0,25.31,100.0,100.0,grupoice.com,false,
2024-11-03 02:00:00,Costa Rica,Costa Rica,CR,0.0,25.37,100.0,100.0,grupoice.com,false,
2024-11-03 03:00:00,Costa Rica,Costa Rica,CR,0.0,25.48,100.0,100.0,grupoice.com,false,
2024-11-03 04:00:00,Costa Rica,Costa Rica,CR,0.0,25.5,100.0,100.0,grupoice.com,false,
2024-11-03 05:00:00,Costa Rica,Costa Rica,CR,0.0,25.63,100.0,100.0,grupoice.com,false,
2024-11-03 06:00:00,Costa Rica,Costa Rica,CR,0.0,25.8,100.0,100.0,grupoice.com,false,
2024-11-03 07:00:00,Costa Rica,Costa Rica,CR,0.0,25.74,100.0,100.0,grupoice.com,false,
2024-11-03 08:00:00,Costa Rica,Costa Rica,CR,0.0,25.79,100.0,100.0,grupoice.com,false,
2024-11-03 09:00:00,Costa Rica,Costa Rica,CR,0.0,25.84,100.0,100.0,grupoice.com,false,
2024-11-03 10:00:00,Costa Rica,Costa Rica,CR,0.0,25.81,100.0,100.0,grupoice.com,false,
2024-11-03 11:00:00,Costa Rica,Costa Rica,CR,0.0,25.86,100.0,100.0,grupoice.com,false,
2024-11-03 12:00:00,Costa Rica,Costa Rica,CR,0.0,25.83,100.0,100.0,grupoice.com,false,
2024-11-03 13:00:00,Costa Rica,Costa Rica,CR,0.0,25.64,100.0,100.0,grupoice.com,false,
2024-11-03 14:00:00,Costa Rica,Costa Rica,CR,0.0,25.53,100.0,100.0,grupoice.com,false,
2024-11-03 15:00:00,Costa Rica,Costa Rica,CR,0.0,25.48,100.0,100.0,grupoice.com,false,
2024-11-03 16:00:00,Costa Rica,Costa Rica,CR,0.0,25.46,100.0,100.0,grupoice.com,false,
2024-11-03 17:00:00,Costa Rica,Costa Rica,CR,0.0,25.42,100.0,100.0,grupoice.com,false,
2024-11-03 18:00:00,Costa Rica,Costa Rica,CR,0.0,25.3,100.0,100.0,grupoice.com,false,
2024-11-03 19:00:00,Costa Rica,Costa Rica,CR,0.0,25.32,100.0,100.0,grupoice.com,false,
2024-11-03 20:00:00,Costa Rica,Costa Rica,CR,0.0,25.38,100.0,100.0,grupoice.com,false,
2024-11-03 21:00:00,Costa Rica,Costa Rica,CR,0.0,25.38,100.0,100.0,grupoice.com,false,
2024-11-03 22:00:00,Costa Rica,Costa Rica,CR,0.0,25.39,100.0,100.0,grupoice.com,false,
2024-11-03 23:00:00,Costa Rica,Costa Rica,CR,0.0,25.31,100.0,100.0,grupoice.com,false,
2024-11-04 00:00:00,Costa Rica,Costa Rica,CR,0.0,25.3,100.0,100.0,grupoice.com,false,
2024-11-04 01:00:00,Costa Rica,Costa Rica,CR,0.0,25.32,100.0,100.0,grupoice.com,false,
2024-11-04 02:00:00,Costa Rica,Costa Rica,CR,0.0,25.38,100.0,100.0,grupoice.com,false,
2024-11-04 03:00:00,Costa Rica,Costa Rica,CR,0.0,25.51,100.0,100.0,grupoice.com,false,
2024-11-04 04:00:00,Costa Rica,Costa Rica,CR,0.0,25.67,100.0,100.0,grupoice.com,false,
2024-11-04 05:00:00,Costa Rica,Costa Rica,CR,0.0,25.75,100.0,100.0,grupoice.com,false,
2024-11-04 06:00:00,Costa Rica,Costa Rica,CR,0.0,25.83,100.0,100.0,grupoice.com,false,
2024-11-04 07:00:00,Costa Rica,Costa Rica,CR,0.0,25.8,100.0,100.0,grupoice.com,false,
2024-11-04 08:00:00,Costa Rica,Costa Rica,CR,0.0,25.83,100.0,100.0,grupoice.com,false,
2024-11-04 09:00:00,Costa Rica,Costa Rica,CR,0.0,25.8,100.0,100.0,grupoice.com,false,
2024-11-04 10:00:00,Costa Rica,Costa Rica,CR,0.0,25.68,100.0,100.0,grupoice.com,false,
2024-11-04 11:00:00,Costa Rica,Costa Rica,CR,0.0,25.48,100.0,100.0,grupoice.com,false,
2024-11-04 12:00:00,Costa Rica,Costa Rica,CR,0.0,25.4,100.0,100.0,grupoice.com,false,
2024-11-04 13:00:00,Costa Rica,Costa Rica,CR,0.0,25.35,100.0,100.0,grupoice.com,false,
2024-11-04 14:00:00,Costa Rica,Costa Rica,CR,0.0,25.31,100.0,100.0,grupoice.com,false,
2024-11-04 15:00:00,Costa Rica,Costa Rica,CR,0.0,25.26,100.0,100.0,grupoice.com,false,
2024-11-04 16:00:00,Costa Rica,Costa Rica,CR,0.0,25.28,100.0,100.0,grupoice.com,false,
2024-11-04 17:00:00,Costa Rica,Costa Rica,CR,0.0,25.15,100.0,100.0,grupoice.com,false,
2024-11-04 18:00:00,Costa Rica,Costa Rica,CR,0.0,25.02,100.0,100.0,grupoice.com,false,
2024-11-04 19:00:00,Costa Rica,Costa Rica,CR,0.0,25.14,100.0,100.0,grupoice.com,false,
2024-11-04 20:00:00,Costa Rica,Costa Rica,CR,0.0,25.17,100.0,100.0,grupoice.com,false,
2024-11-04 21:00:00,Costa Rica,Costa Rica,CR,0.0,25.22,100.0,100.0,grupoice.com,false,
2024-11-04 22:00:00,Costa Rica,Costa Rica,CR,0.0,25.18,100.0,100.0,grupoice.com,false,
2024-11-04 23:00:00,Costa Rica,Costa Rica,CR,0.0,25.06,100.0,100.0,grupoice.com,false,
2024-11-05 00:00:00,Costa Rica,Costa Rica,CR,0.0,25.11,100.0,100.0,grupoice.com,false,
2024-11-05 01:00:00,Costa Rica,Costa Rica,CR,0.01,25.18,100.0,100.0,grupoice.com,false,
2024-11-05 02:00:00,Costa Rica,Costa Rica,CR,0.0,25.27,100.0,100.0,grupoice.com,false,
2024-11-05 03:00:00,Costa Rica,Costa Rica,CR,0.0,25.4,100.0,100.0,grupoice.com,false,
2024-11-05 04:00:00,Costa Rica,Costa Rica,CR,0.93,26.98,99.77,99.77,grupoice.com,false,
2024-11-05 05:00:00,Costa Rica,Costa Rica,CR,3.44,30.99,99.15,99.15,grupoice.com,false,
2024-11-05 06:00:00,Costa Rica,Costa Rica,CR,0.72,26.75,99.82,99.82,grupoice.com,false,
2024-11-05 07:00:00,Costa Rica,Costa Rica,CR,0.0,25.57,100.0,100.0,grupoice.com,false,
2024-11-05 08:00:00,Costa Rica,Costa Rica,CR,0.0,25.52,100.0,100.0,grupoice.com,false,
2024-11-05 09:00:00,Costa Rica,Costa Rica,CR,0.0,25.38,100.0,100.0,grupoice.com,false,
2024-11-05 10:00:00,Costa Rica,Costa Rica,CR,0.0,25.17,100.0,100.0,grupoice.com,false,
2024-11-05 11:00:00,Costa Rica,Costa Rica,CR,0.0,25.17,100.0,100.0,grupoice.com,false,
2024-11-05 12:00:00,Costa Rica,Costa Rica,CR,0.0,25.2,100.0,100.0,grupoice.com,false,
2024-11-05 13:00:00,Costa Rica,Costa Rica,CR,0.0,25.29,100.0,100.0,grupoice.com,false,
2024-11-05 14:00:00,Costa Rica,Costa Rica,CR,0.0,25.25,100.0,100.0,grupoice.com,false,
2024-11-05 15:00:00,Costa Rica,Costa Rica,CR,0.0,25.16,100.0,100.0,grupoice.com,false,
2024-11-05 16:00:00,Costa Rica,Costa Rica,CR,0.0,25.13,100.0,100.0,grupoice.com,false,
2024-11-05 17:00:00,Costa Rica,Costa Rica,CR,0.0,24.91,100.0,100.0,grupoice.com,false,
2024-11-05 18:00:00,Costa Rica,Costa Rica,CR,0.0,24.8,100.0,100.0,grupoice.com,false,
2024-11-05 19:00:00,Costa Rica,Costa Rica,CR,0.0,24.77,100.0,100.0,grupoice.com,false,
2024-11-05 20:00:00,Costa Rica,Costa Rica,CR,0.0,24.77,100.0,100.0,grupoice.com,false,
2024-11-05 21:00:00,Costa Rica,Costa Rica,CR,0.0,24.74,100.0,100.0,grupoice.com,false,
2024-11-05 22:00:00,Costa Rica,Costa Rica,CR,0.0,24.84,100.0,100.0,grupoice.com,false,
2024-11-05 23:00:00,Costa Rica,Costa Rica,CR,0.0,24.91,100.0,100.0,grupoice.com,false,
2024-11-06 00:00:00,Costa Rica,Costa Rica,CR,0.0,24.96,100.0,100.0,grupoice.com,false,
2024-11-06 01:00:00,Costa Rica,Costa Rica,CR,0.0,25.02,100.0,100.0,grupoice.com,false,
2024-11-06 02:00:00,Costa Rica,Costa Rica,CR,0.0,25.13,100.0,100.0,grupoice.com,false,
2024-11-06 03:00:00,Costa Rica,Costa Rica,CR,0.0,25.25,100.0,100.0,grupoice.com,false,
2024-11-06 04:00:00,Costa Rica,Costa Rica,CR,0.0,25.37,100.0,100.0,grupoice.com,false,
2024-11-06 05:00:00,Costa Rica,Costa Rica,CR,0.0,23.8,100.0,100.0,grupoice.com,false,
2024-11-06 06:00:00,Costa Rica,Costa Rica,CR,0.0,25.68,100.0,100.0,grupoice.com,false,
2024-11-06 07:00:00,Costa Rica,Costa Rica,CR,0.0,25.64,100.0,100.0,grupoice.com,false,
2024-11-06 08:00:00,Costa Rica,Costa Rica,CR,0.0,25.67,100.0,100.0,grupoice.com,false,
2024-11-06 09:00:00,Costa Rica,Costa Rica,CR,0.0,25.71,100.0,100.0,grupoice.com,false,
2024-11-06 10:00:00,Costa Rica,Costa Rica,CR,0.0,25.59,100.0,100.0,grupoice.com,false,
2024-11-06 11:00:00,Costa Rica,Costa Rica,CR,0.0,25.39,100.0,100.0,grupoice.com,false,
2024-11-06 12:00:00,Costa Rica,Costa Rica,CR,0.0,25.26,100.0,100.0,grupoice.com,false,
2024-11-06 13:00:00,Costa Rica,Costa Rica,CR,0.0,25.04,100.0,100.0,grupoice.com,false,
2024-11-06 14:00:00,Costa Rica,Costa Rica,CR,0.0,25.17,100.0,100.0,grupoice.com,false,
2024-11-06 15:00:00,Costa Rica,Costa Rica,CR,0.0,25.15,100.0,100.0,grupoice.com,false,
2024-11-06 16:00:00,Costa Rica,Costa Rica,CR,0.0,25.04,100.0,100.0,grupoice.com,false,
2024-11-06 17:00:00,Costa Rica,Costa Rica,CR,0.0,25.0,100.0,100.0,grupoice.com,false,
2024-11-06 18:00:00,Costa Rica,Costa Rica,CR,0.0,25.06,100.0,100.0,grupoice.com,false,
2024-11-06 19:00:00,Costa Rica,Costa Rica,CR,0.0,25.04,100.0,100.0,grupoice.com,false,
2024-11-06 20:00:00,Costa Rica,Costa Rica,CR,0.0,25.03,100.0,100.0,grupoice.com,false,
2024-11-06 21:00:00,Costa Rica,Costa Rica,CR,0.0,25.02,100.0,100.0,grupoice.com,false,
2024-11-06 22:00:00,Costa Rica,Costa Rica,CR,0.0,25.08,100.0,100.0,grupoice.com,false,
2024-11-06 23:00:00,Costa Rica,Costa Rica,CR,0.0,25.06,100.0,100.0,grupoice.com,false,
2024-11-07 00:00:00,Costa Rica,Costa Rica,CR,0.0,25.06,100.0,100.0,grupoice.com,false,
2024-11-07 01:00:00,Costa Rica,Costa Rica,CR,0.0,25.1,100.0,100.0,grupoice.com,false,
2024-11-07 02:00:00,Costa Rica,Costa Rica,CR,0.0,25.15,100.0,100.0,grupoice.com,false,
2024-11-07 03:00:00,Costa Rica,Costa Rica,CR,0.0,25.25,100.0,100.0,grupoice.com,false,
2024-11-07 04:00:00,Costa Rica,Costa Rica,CR,0.0,25.41,100.0,100.0,grupoice.com,false,
2024-11-07 05:00:00,Costa Rica,Costa Rica,CR,0.0,25.54,100.0,100.0,grupoice.com,false,
2024-11-07 06:00:00,Costa Rica,Costa Rica,CR,0.0,25.71,100.0,100.0,grupoice.com,false,
2024-11-07 07:00:00,Costa Rica,Costa Rica,CR,0.0,25.71,100.0,100.0,grupoice.com,false,
2024-11-07 08:00:00,Costa Rica,Costa Rica,CR,0.0,25.74,100.0,100.0,grupoice.com,false,
2024-11-07 09:00:00,Costa Rica,Costa Rica,CR,0.0,25.72,100.0,100.0,grupoice.com,false,
2024-11-07 10:00:00,Costa Rica,Costa Rica,CR,0.0,25.59,100.0,100.0,grupoice.com,false,
2024-11-07 11:00:00,Costa Rica,Costa Rica,CR,0.0,25.41,100.0,100.0,grupoice.com,false,
2024-11-07 12:00:00,Costa Rica,Costa Rica,CR,0.0,25.3,100.0,100.0,grupoice.com,false,
2024-11-07 13:00:00,Costa Rica,Costa Rica,CR,0.0,25.3,100.0,100.0,grupoice.com,false,
2024-11-07 14:00:00,Costa Rica,Costa Rica,CR,0.0,25.29,100.0,100.0,grupoice.com,false,
2024-11-07 15:00:00,Costa Rica,Costa Rica,CR,0.0,25.26,100.0,100.0,grupoice.com,false,
2024-11-07 16:00:00,Costa Rica,Costa Rica,CR,0.0,25.27,100.0,100.0,grupoice.com,false,
2024-11-07 17:00:00,Costa Rica,Costa Rica,CR,0.0,25.21,100.0,100.0,grupoice.com,false,
2024-11-07 18:00:00,Costa Rica,Costa Rica,CR,0.0,25.2,100.0,100.0,grupoice.com,false,
2024-11-07 19:00:00,Costa Rica,Costa Rica,CR,0.0,25.13,100.0,100.0,grupoice.com,false,
2024-11-07 20:00:00,Costa Rica,Costa Rica,CR,0.0,25.13,100.0,100.0,grupoice.com,false,
2024-11-07 21:00:00,Costa Rica,Costa Rica,CR,0.0,25.12,100.0,100.0,grupoice.com,false,
2024-11-07 22:00:00,Costa Rica,Costa Rica,CR,0.0,25.11,100.0,100.0,grupoice.com,false,
2024-11-07 23:00:00,Costa Rica,Costa Rica,CR,0.0,25.11,100.0,100.0,grupoice.com,false,
2024-11-08 00:00:00,Costa Rica,Costa Rica,CR,0.0,25.16,100.0,100.0,grupoice.com,false,
2024-11-08 01:00:00,Costa Rica,Costa Rica,CR,0.0,25.23,100.0,100.0,grupoice.com,false,
2024-11-08 02:00:00,Costa Rica,Costa Rica,CR,0.0,25.3,100.0,100.0,grupoice.com,false,
2024-11-08 03:00:00,Costa Rica,Costa Rica,CR,0.0,25.42,100.0,100.0,grupoice.com,false,
2024-11-08 04:00:00,Costa Rica,Costa Rica,CR,0.0,25.58,100.0,100.0,grupoice.com,false,
2024-11-08 05:00:00,Costa Rica,Costa Rica,CR,0.0,25.73,100.0,100.0,grupoice.com,false,
2024-11-08 06:00:00,Costa Rica,Costa Rica,CR,0.0,25.93,100.0,100.0,grupoice.com,false,
2024-11-08 07:00:00,Costa Rica,Costa Rica,CR,0.0,25.94,100.0,100.0,grupoice.com,false,
2024-11-08 08:00:00,Costa Rica,Costa Rica,CR,0.0,25.95,100.0,100.0,grupoice.com,false,
2024-11-08 09:00:00,Costa Rica,Costa Rica,CR,0.0,25.88,100.0,100.0,grupoice.com,false,
2024-11-08 10:00:00,Costa Rica,Costa Rica,CR,0.0,25.79,100.0,100.0,grupoice.com,false,
2024-11-08 11:00:00,Costa Rica,Costa Rica,CR,0.0,25.59,100.0,100.0,grupoice.com,false,
2024-11-08 12:00:00,Costa Rica,Costa Rica,CR,0.0,25.49,100.0,100.0,grupoice.com,false,
2024-11-08 13:00:00,Costa Rica,Costa Rica,CR,0.0,25.37,100.0,100.0,grupoice.com,false,
2024-11-08 14:00:00,Costa Rica,Costa Rica,CR,0.0,25.35,100.0,100.0,grupoice.com,false,
2024-11-08 15:00:00,Costa Rica,Costa Rica,CR,1.09,26.89,99.73,99.73,grupoice.com,false,
2024-11-08 16:00:00,Costa Rica,Costa Rica,CR,15.58,49.19,96.16,96.16,grupoice.com,false,
2024-11-08 17:00:00,Costa Rica,Costa Rica,CR,31.58,73.82,92.22,92.22,grupoice.com,false,
2024-11-08 18:00:00,Costa Rica,Costa Rica,CR,37.92,83.62,90.66,90.66,grupoice.com,false,
2024-11-08 19:00:00,Costa Rica,Costa Rica,CR,42.96,91.43,89.42,89.42,grupoice.com,false,
2024-11-08 20:00:00,Costa Rica,Costa Rica,CR,47.55,98.5,88.29,88.29,grupoice.com,false,
2024-11-08 21:00:00,Costa Rica,Costa Rica,CR,49.19,101.07,87.89,87.89,grupoice.com,false,
2024-11-08 22:00:00,Costa Rica,Costa Rica,CR,41.98,89.97,89.66,89.66,grupoice.com,false,
2024-11-08 23:00:00,Costa Rica,Costa Rica,CR,39.76,86.49,90.21,90.21,grupoice.com,false,
2024-11-09 00:00:00,Costa Rica,Costa Rica,CR,32.4,75.13,92.02,92.02,grupoice.com,false,
2024-11-09 01:00:00,Costa Rica,Costa Rica,CR,26.03,65.36,93.59,93.59,grupoice.com,false,
2024-11-09 02:00:00,Costa Rica,Costa Rica,CR,20.26,56.56,95.01,95.01,grupoice.com,false,
2024-11-09 03:00:00,Costa Rica,Costa Rica,CR,6.08,34.86,98.5,98.5,grupoice.com,false,
2024-11-09 04:00:00,Costa Rica,Costa Rica,CR,0.0,25.55,100.0,100.0,grupoice.com,false,
2024-11-09 05:00:00,Costa Rica,Costa Rica,CR,0.0,25.67,100.0,100.0,grupoice.com,false,
2024-11-09 06:00:00,Costa Rica,Costa Rica,CR,0.0,25.93,100.0,100.0,grupoice.com,false,
2024-11-09 07:00:00,Costa Rica,Costa Rica,CR,0.0,25.87,100.0,100.0,grupoice.com,false,
2024-11-09 08:00:00,Costa Rica,Costa Rica,CR,0.0,25.91,100.0,100.0,grupoice.com,false,
2024-11-09 09:00:00,Costa Rica,Costa Rica,CR,0.0,25.89,100.0,100.0,grupoice.com,false,
2024-11-09 10:00:00,Costa Rica,Costa Rica,CR,0.0,25.87,100.0,100.0,grupoice.com,false,
2024-11-09 11:00:00,Costa Rica,Costa Rica,CR,0.0,25.82,100.0,100.0,grupoice.com,false,
2024-11-09 12:00:00,Costa Rica,Costa Rica,CR,0.0,25.64,100.0,100.0,grupoice.com,false,
2024-11-09 13:00:00,Costa Rica,Costa Rica,CR,0.0,25.54,100.0,100.0,grupoice.com,false,
2024-11-09 14:00:00,Costa Rica,Costa Rica,CR,0.0,25.45,100.0,100.0,grupoice.com,false,
2024-11-09 15:00:00,Costa Rica,Costa Rica,CR,0.0,25.44,100.0,100.0,grupoice.com,false,
2024-11-09 16:00:00,Costa Rica,Costa Rica,CR,0.0,25.36,100.0,100.0,grupoice.com,false,
2024-11-09 17:00:00,Costa Rica,Costa Rica,CR,0.0,25.28,100.0,100.0,grupoice.com,false,
2024-11-09 18:00:00,Costa Rica,Costa Rica,CR,0.0,25.25,100.0,100.0,grupoice.com,false,
2024-11-09 19:00:00,Costa Rica,Costa Rica,CR,0.0,25.27,100.0,100.0,grupoice.com,false,
2024-11-09 20:00:00,Costa Rica,Costa Rica,CR,0.0,25.21,100.0,100.0,grupoice.com,false,
2024-11-09 21:00:00,Costa Rica,Costa Rica,CR,0.0,25.13,100.0,100.0,grupoice.com,false,
2024-11-09 22:00:00,Costa Rica,Costa Rica,CR,0.0,25.29,100.0,100.0,grupoice.com,false,
2024-11-09 23:00:00,Costa Rica,Costa Rica,CR,0.0,25.28,100.0,100.0,grupoice.com,false,
2024-11-10 00:00:00,Costa Rica,Costa Rica,CR,0.0,25.24,100.0,100.0,grupoice.com,false,
2024-11-10 01:00:00,Costa Rica,Costa Rica,CR,0.0,25.29,100.0,100.0,grupoice.com,false,
2024-11-10 02:00:00,Costa Rica,Costa Rica,CR,0.0,25.37,100.0,100.0,grupoice.com,false,
2024-11-10 03:00:00,Costa Rica,Costa Rica,CR,0.0,25.51,100.0,100.0,grupoice.com,false,
2024-11-10 04:00:00,Costa Rica,Costa Rica,CR,0.0,25.67,100.0,100.0,grupoice.com,false,
2024-11-10 05:00:00,Costa Rica,Costa Rica,CR,0.0,25.81,100.0,100.0,grupoice.com,false,
2024-11-10 06:00:00,Costa Rica,Costa Rica,CR,0.0,26.07,100.0,100.0,grupoice.com,false,
2024-11-10 07:00:00,Costa Rica,Costa Rica,CR,0.0,25.98,100.0,100.0,grupoice.com,false,
2024-11-10 08:00:00,Costa Rica,Costa Rica,CR,0.0,25.94,100.0,100.0,grupoice.com,false,
2024-11-10 09:00:00,Costa Rica,Costa Rica,CR,0.0,25.81,100.0,100.0,grupoice.com,false,
2024-11-10 10:00:00,Costa Rica,Costa Rica,CR,0.0,25.45,100.0,100.0,grupoice.com,false,
2024-11-10 11:00:00,Costa Rica,Costa Rica,CR,0.0,25.34,100.0,100.0,grupoice.com,false,
2024-11-10 12:00:00,Costa Rica,Costa Rica,CR,0.0,25.43,100.0,100.0,grupoice.com,false,
2024-11-10 13:00:00,Costa Rica,Costa Rica,CR,0.0,25.35,100.0,100.0,grupoice.com,false,
2024-11-10 14:00:00,Costa Rica,Costa Rica,CR,0.0,25.35,100.0,100.0,grupoice.com,false,
2024-11-10 15:00:00,Costa Rica,Costa Rica,CR,0.0,25.28,100.0,100.0,grupoice.com,false,
2024-11-10 16:00:00,Costa Rica,Costa Rica,CR,0.0,25.21,100.0,100.0,grupoice.com,false,
2024-11-10 17:00:00,Costa Rica,Costa Rica,CR,0.0,25.28,100.0,100.0,grupoice.com,false,
2024-11-10 18:00:00,Costa Rica,Costa Rica,CR,0.0,25.25,100.0,100.0,grupoice.com,false,
2024-11-10 19:00:00,Costa Rica,Costa Rica,CR,0.0,25.31,100.0,100.0,grupoice.com,false,
2024-11-10 20:00:00,Costa Rica,Costa Rica,CR,0.0,25.42,100.0,100.0,grupoice.com,false,
2024-11-10 21:00:00,Costa Rica,Costa Rica,CR,0.0,25.39,100.0,100.0,grupoice.com,false,
2024-11-10 22:00:00,Costa Rica,Costa Rica,CR,0.0,25.42,100.0,100.0,grupoice.com,false,
2024-11-10 23:00:00,Costa Rica,Costa Rica,CR,0.0,25.31,100.0,100.0,grupoice.com,false,
2024-11-11 00:00:00,Costa Rica,Costa Rica,CR,0.0,25.26,100.0,100.0,grupoice.com,false,
2024-11-11 01:00:00,Costa Rica,Costa Rica,CR,0.0,25.16,100.0,100.0,grupoice.com,false,
2024-11-11 02:00:00,Costa Rica,Costa Rica,CR,0.0,25.16,100.0,100.0,grupoice.com,false,
2024-11-11 03:00:00,Costa Rica,Costa Rica,CR,0.0,25.45,100.0,100.0,grupoice.com,false,
2024-11-11 04:00:00,Costa Rica,Costa Rica,CR,0.0,25.62,100.0,100.0,grupoice.com,false,
2024-11-11 05:00:00,Costa Rica,Costa Rica,CR,0.0,25.75,100.0,100.0,grupoice.com,false,
2024-11-11 06:00:00,Costa Rica,Costa Rica,CR,0.0,25.88,100.0,100.0,grupoice.com,false,
2024-11-11 07:00:00,Costa Rica,Costa Rica,CR,0.0,25.68,100.0,100.0,grupoice.com,false,
2024-11-11 08:00:00,Costa Rica,Costa Rica,CR,0.0,25.4,100.0,100.0,grupoice.com,false,
2024-11-11 09:00:00,Costa Rica,Costa Rica,CR,0.0,24.89,100.0,100.0,grupoice.com,false,
2024-11-11 10:00:00,Costa Rica,Costa Rica,CR,0.0,25.34,100.0,100.0,grupoice.com,false,
2024-11-11 11:00:00,Costa Rica,Costa Rica,CR,0.0,25.52,100.0,100.0,grupoice.com,false,
2024-11-11 12:00:00,Costa Rica,Costa Rica,CR,0.0,25.4,100.0,100.0,grupoice.com,false,
2024-11-11 13:00:00,Costa Rica,Costa Rica,CR,0.0,24.88,100.0,100.0,grupoice.com,false,
2024-11-11 14:00:00,Costa Rica,Costa Rica,CR,0.0,24.86,100.0,100.0,grupoice.com,false,
2024-11-11 15:00:00,Costa Rica,Costa Rica,CR,0.17,25.44,99.96,99.96,grupoice.com,false,
2024-11-11 16:00:00,Costa Rica,Costa Rica,CR,0.0,24.93,100.0,100.0,grupoice.com,false,
2024-11-11 17:00:00,Costa Rica,Costa Rica,CR,0.0,25.02,100.0,100.0,grupoice.com,false,
2024-11-11 18:00:00,Costa Rica,Costa Rica,CR,0.0,25.17,100.0,100.0,grupoice.com,false,
2024-11-11 19:00:00,Costa Rica,Costa Rica,CR,0.0,25.25,100.0,100.0,grupoice.com,false,
2024-11-11 20:00:00,Costa Rica,Costa Rica,CR,0.0,25.21,100.0,100.0,grupoice.com,false,
2024-11-11 21:00:00,Costa Rica,Costa Rica,CR,0.0,25.08,100.0,100.0,grupoice.com,false,
2024-11-11 22:00:00,Costa Rica,Costa Rica,CR,0.0,24.98,100.0,100.0,grupoice.com,false,
2024-11-11 23:00:00,Costa Rica,Costa Rica,CR,0.0,24.64,100.0,100.0,grupoice.com,false,
2024-11-12 00:00:00,Costa Rica,Costa Rica,CR,0.0,24.56,100.0,100.0,grupoice.com,false,
2024-11-12 01:00:00,Costa Rica,Costa Rica,CR,0.0,24.72,100.0,100.0,grupoice.com,false,
2024-11-12 02:00:00,Costa Rica,Costa Rica,CR,0.0,24.79,100.0,100.0,grupoice.com,false,
2024-11-12 03:00:00,Costa Rica,Costa Rica,CR,0.0,25.08,100.0,100.0,grupoice.com,false,
2024-11-12 04:00:00,Costa Rica,Costa Rica,CR,0.0,25.47,100.0,100.0,grupoice.com,false,
2024-11-12 05:00:00,Costa Rica,Costa Rica,CR,0.0,25.73,100.0,100.0,grupoice.com,false,
2024-11-12 06:00:00,Costa Rica,Costa Rica,CR,0.0,25.88,100.0,100.0,grupoice.com,false,
2024-11-12 07:00:00,Costa Rica,Costa Rica,CR,0.0,25.81,100.0,100.0,grupoice.com,false,
2024-11-12 08:00:00,Costa Rica,Costa Rica,CR,0.0,25.87,100.0,100.0,grupoice.com,false,
2024-11-12 09:00:00,Costa Rica,Costa Rica,CR,0.0,25.82,100.0,100.0,grupoice.com,false,
2024-11-12 10:00:00,Costa Rica,Costa Rica,CR,0.0,25.51,100.0,100.0,grupoice.com,false,
2024-11-12 11:00:00,Costa Rica,Costa Rica,CR,0.0,25.24,100.0,100.0,grupoice.com,false,
2024-11-12 12:00:00,Costa Rica,Costa Rica,CR,0.0,25.13,100.0,100.0,grupoice.com,false,
2024-11-12 13:00:00,Costa Rica,Costa Rica,CR,0.1,25.27,99.97,99.97,grupoice.com,false,
2024-11-12 14:00:00,Costa Rica,Costa Rica,CR,0.08,25.06,99.98,99.98,grupoice.com,false,
2024-11-12 15:00:00,Costa Rica,Costa Rica,CR,0.83,26.28,99.8,99.8,grupoice.com,false,
2024-11-12 16:00:00,Costa Rica,Costa Rica,CR,1.11,26.8,99.73,99.73,grupoice.com,false,
2024-11-12 17:00:00,Costa Rica,Costa Rica,CR,0.88,26.5,99.78,99.78,grupoice.com,false,
2024-11-12 18:00:00,Costa Rica,Costa Rica,CR,0.0,25.18,100.0,100.0,grupoice.com,false,
2024-11-12 19:00:00,Costa Rica,Costa Rica,CR,0.43,25.86,99.89,99.89,grupoice.com,false,
2024-11-12 20:00:00,Costa Rica,Costa Rica,CR,0.4,25.87,99.9,99.9,grupoice.com,false,
2024-11-12 21:00:00,Costa Rica,Costa Rica,CR,0.0,25.17,100.0,100.0,grupoice.com,false,
2024-11-12 22:00:00,Costa Rica,Costa Rica,CR,0.61,26.09,99.85,99.85,grupoice.com,false,
2024-11-12 23:00:00,Costa Rica,Costa Rica,CR,1.42,27.21,99.65,99.65,grupoice.com,false,
2024-11-13 00:00:00,Costa Rica,Costa Rica,CR,1.46,27.32,99.64,99.64,grupoice.com,false,
2024-11-13 01:00:00,Costa Rica,Costa Rica,CR,0.57,26.11,99.86,99.86,grupoice.com,false,
2024-11-13 02:00:00,Costa Rica,Costa Rica,CR,0.0,25.24,100.0,100.0,grupoice.com,false,
2024-11-13 03:00:00,Costa Rica,Costa Rica,CR,0.0,25.35,100.0,100.0,grupoice.com,false,
2024-11-13 04:00:00,Costa Rica,Costa Rica,CR,0.0,25.5,100.0,100.0,grupoice.com,false,
2024-11-13 05:00:00,Costa Rica,Costa Rica,CR,0.0,23.96,100.0,100.0,grupoice.com,false,
2024-11-13 06:00:00,Costa Rica,Costa Rica,CR,0.0,25.82,100.0,100.0,grupoice.com,false,
2024-11-13 07:00:00,Costa Rica,Costa Rica,CR,0.0,25.8,100.0,100.0,grupoice.com,false,
2024-11-13 08:00:00,Costa Rica,Costa Rica,CR,0.0,25.82,100.0,100.0,grupoice.com,false,
2024-11-13 09:00:00,Costa Rica,Costa Rica,CR,0.0,25.81,100.0,100.0,grupoice.com,false,
2024-11-13 10:00:00,Costa Rica,Costa Rica,CR,0.0,25.66,100.0,100.0,grupoice.com,false,
2024-11-13 11:00:00,Costa Rica,Costa Rica,CR,0.0,25.53,100.0,100.0,grupoice.com,false,
2024-11-13 12:00:00,Costa Rica,Costa Rica,CR,0.0,25.51,100.0,100.0,grupoice.com,false,
2024-11-13 13:00:00,Costa Rica,Costa Rica,CR,0.0,25.4,100.0,100.0,grupoice.com,false,
2024-11-13 14:00:00,Costa Rica,Costa Rica,CR,0.0,25.36,100.0,100.0,grupoice.com,false,
2024-11-13 15:00:00,Costa Rica,Costa Rica,CR,1.56,27.67,99.62,99.62,grupoice.com,false,
2024-11-13 16:00:00,Costa Rica,Costa Rica,CR,6.06,34.57,98.51,98.51,grupoice.com,false,
2024-11-13 17:00:00,Costa Rica,Costa Rica,CR,8.66,38.49,97.87,97.87,grupoice.com,false,
2024-11-13 18:00:00,Costa Rica,Costa Rica,CR,5.06,32.92,98.75,98.75,grupoice.com,false,
2024-11-13 19:00:00,Costa Rica,Costa Rica,CR,0.64,26.07,99.84,99.84,grupoice.com,false,
2024-11-13 20:00:00,Costa Rica,Costa Rica,CR,0.0,25.05,100.0,100.0,grupoice.com,false,
2024-11-13 21:00:00,Costa Rica,Costa Rica,CR,0.0,25.07,100.0,100.0,grupoice.com,false,
2024-11-13 22:00:00,Costa Rica,Costa Rica,CR,0.0,25.13,100.0,100.0,grupoice.com,false,
2024-11-13 23:00:00,Costa Rica,Costa Rica,CR,0.0,25.02,100.0,100.0,grupoice.com,false,
2024-11-14 00:00:00,Costa Rica,Costa Rica,CR,0.0,24.89,100.0,100.0,grupoice.com,false,
2024-11-14 01:00:00,Costa Rica,Costa Rica,CR,0.0,25.02,100.0,100.0,grupoice.com,false,
2024-11-14 02:00:00,Costa Rica,Costa Rica,CR,0.0,25.16,100.0,100.0,grupoice.com,false,
2024-11-14 03:00:00,Costa Rica,Costa Rica,CR,0.0,25.32,100.0,100.0,grupoice.com,false,
2024-11-14 04:00:00,Costa Rica,Costa Rica,CR,0.0,25.38,100.0,100.0,grupoice.com,false,
2024-11-14 05:00:00,Costa Rica,Costa Rica,CR,0.0,25.48,100.0,100.0,grupoice.com,false,
2024-11-14 06:00:00,Costa Rica,Costa Rica,CR,0.0,25.52,100.0,100.0,grupoice.com,false,
2024-11-14 07:00:00,Costa Rica,Costa Rica,CR,0.0,25.55,100.0,100.0,grupoice.com,false,
2024-11-14 08:00:00,Costa Rica,Costa Rica,CR,0.0,25.55,100.0,100.0,grupoice.com,false,
2024-11-14 09:00:00,Costa Rica,Costa Rica,CR,0.0,25.5,100.0,100.0,grupoice.com,false,
2024-11-14 10:00:00,Costa Rica,Costa Rica,CR,0.0,25.39,100.0,100.0,grupoice.com,false,
2024-11-14 11:00:00,Costa Rica,Costa Rica,CR,0.0,25.31,100.0,100.0,grupoice.com,false,
2024-11-14 12:00:00,Costa Rica,Costa Rica,CR,0.0,25.21,100.0,100.0,grupoice.com,false,
2024-11-14 13:00:00,Costa Rica,Costa Rica,CR,0.0,25.23,100.0,100.0,grupoice.com,false,
2024-11-14 14:00:00,Costa Rica,Costa Rica,CR,0.0,25.14,100.0,100.0,grupoice.com,false,
2024-11-14 15:00:00,Costa Rica,Costa Rica,CR,0.0,25.08,100.0,100.0,grupoice.com,false,
2024-11-14 16:00:00,Costa Rica,Costa Rica,CR,0.0,24.9,100.0,100.0,grupoice.com,false,
2024-11-14 17:00:00,Costa Rica,Costa Rica,CR,0.0,24.77,100.0,100.0,grupoice.com,false,
2024-11-14 18:00:00,Costa Rica,Costa Rica,CR,0.0,24.63,100.0,100.0,grupoice.com,false,
2024-11-14 19:00:00,Costa Rica,Costa Rica,CR,0.0,24.54,100.0,100.0,grupoice.com,false,
2024-11-14 20:00:00,Costa Rica,Costa Rica,CR,0.0,24.53,100.0,100.0,grupoice.com,false,
2024-11-14 21:00:00,Costa Rica,Costa Rica,CR,0.0,24.54,100.0,100.0,grupoice.com,false,
2024-11-14 22:00:00,Costa Rica,Costa Rica,CR,0.0,24.54,100.0,100.0,grupoice.com,false,
2024-11-14 23:00:00,Costa Rica,Costa Rica,CR,0.0,24.64,100.0,100.0,grupoice.com,false,
2024-11-15 00:00:00,Costa Rica,Costa Rica,CR,0.0,24.71,100.0,100.0,grupoice.com,false,
2024-11-15 01:00:00,Costa Rica,Costa Rica,CR,0.0,24.77,100.0,100.0,grupoice.com,false,
2024-11-15 02:00:00,Costa Rica,Costa Rica,CR,0.0,24.87,100.0,100.0,grupoice.com,false,
2024-11-15 03:00:00,Costa Rica,Costa Rica,CR,0.0,24.85,100.0,100.0,grupoice.com,false,
2024-11-15 04:00:00,Costa Rica,Costa Rica,CR,0.0,24.98,100.0,100.0,grupoice.com,false,
2024-11-15 05:00:00,Costa Rica,Costa Rica,CR,0.0,24.95,100.0,100.0,grupoice.com,false,
2024-11-15 06:00:00,Costa Rica,Costa Rica,CR,0.0,24.92,100.0,100.0,grupoice.com,false,
2024-11-15 07:00:00,Costa Rica,Costa Rica,CR,0.0,24.8,100.0,100.0,grupoice.com,false,
2024-11-15 08:00:00,Costa Rica,Costa Rica,CR,0.0,24.77,100.0,100.0,grupoice.com,false,
2024-11-15 09:00:00,Costa Rica,Costa Rica,CR,0.0,24.6,100.0,100.0,grupoice.com,false,
2024-11-15 10:00:00,Costa Rica,Costa Rica,CR,0.0,24.73,100.0,100.0,grupoice.com,false,
2024-11-15 11:00:00,Costa Rica,Costa Rica,CR,0.0,24.85,100.0,100.0,grupoice.com,false,
2024-11-15 12:00:00,Costa Rica,Costa Rica,CR,0.0,24.7,100.0,100.0,grupoice.com,false,
2024-11-15 13:00:00,Costa Rica,Costa Rica,CR,0.0,24.83,100.0,100.0,grupoice.com,false,
2024-11-15 14:00:00,Costa Rica,Costa Rica,CR,0.0,24.66,100.0,100.0,grupoice.com,false,
2024-11-15 15:00:00,Costa Rica,Costa Rica,CR,0.0,24.49,100.0,100.0,grupoice.com,false,
2024-11-15 16:00:00,Costa Rica,Costa Rica,CR,0.0,24.47,100.0,100.0,grupoice.com,false,
2024-11-15 17:00:00,Costa Rica,Costa Rica,CR,0.0,24.44,100.0,100.0,grupoice.com,false,
2024-11-15 18:00:00,Costa Rica,Costa Rica,CR,0.0,24.37,100.0,100.0,grupoice.com,false,
2024-11-15 19:00:00,Costa Rica,Costa Rica,CR,0.0,24.29,100.0,100.0,grupoice.com,false,
2024-11-15 20:00:00,Costa Rica,Costa Rica,CR,0.0,24.44,100.0,100.0,grupoice.com,false,
2024-11-15 21:00:00,Costa Rica,Costa Rica,CR,0.0,24.45,100.0,100.0,grupoice.com,false,
2024-11-15 22:00:00,Costa Rica,Costa Rica,CR,0.0,24.45,100.0,100.0,grupoice.com,false,
2024-11-15 23:00:00,Costa Rica,Costa Rica,CR,0.0,24.48,100.0,100.0,grupoice.com,false,
2024-11-16 00:00:00,Costa Rica,Costa Rica,CR,0.0,24.57,100.0,100.0,grupoice.com,false,
2024-11-16 01:00:00,Costa Rica,Costa Rica,CR,0.0,24.71,100.0,100.0,grupoice.com,false,
2024-11-16 02:00:00,Costa Rica,Costa Rica,CR,0.0,24.8,100.0,100.0,grupoice.com,false,
2024-11-16 03:00:00,Costa Rica,Costa Rica,CR,0.0,24.86,100.0,100.0,grupoice.com,false,
2024-11-16 04:00:00,Costa Rica,Costa Rica,CR,0.0,24.85,100.0,100.0,grupoice.com,false,
2024-11-16 05:00:00,Costa Rica,Costa Rica,CR,0.0,24.89,100.0,100.0,grupoice.com,false,
2024-11-16 06:00:00,Costa Rica,Costa Rica,CR,0.0,24.99,100.0,100.0,grupoice.com,false,
2024-11-16 07:00:00,Costa Rica,Costa Rica,CR,0.0,24.86,100.0,100.0,grupoice.com,false,
2024-11-16 08:00:00,Costa Rica,Costa Rica,CR,0.0,24.91,100.0,100.0,grupoice.com,false,
2024-11-16 09:00:00,Costa Rica,Costa Rica,CR,0.0,24.89,100.0,100.0,grupoice.com,false,
2024-11-16 10:00:00,Costa Rica,Costa Rica,CR,0.0,24.97,100.0,100.0,grupoice.com,false,
2024-11-16 11:00:00,Costa Rica,Costa Rica,CR,0.0,25.06,100.0,100.0,grupoice.com,false,
2024-11-16 12:00:00,Costa Rica,Costa Rica,CR,0.0,25.1,100.0,100.0,grupoice.com,false,
2024-11-16 13:00:00,Costa Rica,Costa Rica,CR,0.0,25.05,100.0,100.0,grupoice.com,false,
2024-11-16 14:00:00,Costa Rica,Costa Rica,CR,0.0,24.97,100.0,100.0,grupoice.com,false,
2024-11-16 15:00:00,Costa Rica,Costa Rica,CR,0.0,24.91,100.0,100.0,grupoice.com,false,
2024-11-16 16:00:00,Costa Rica,Costa Rica,CR,0.0,24.86,100.0,100.0,grupoice.com,false,
2024-11-16 17:00:00,Costa Rica,Costa Rica,CR,0.0,24.83,100.0,100.0,grupoice.com,false,
2024-11-16 18:00:00,Costa Rica,Costa Rica,CR,0.0,24.78,100.0,100.0,grupoice.com,false,
2024-11-16 19:00:00,Costa Rica,Costa Rica,CR,0.0,24.75,100.0,100.0,grupoice.com,false,
2024-11-16 20:00:00,Costa Rica,Costa Rica,CR,0.0,24.83,100.0,100.0,grupoice.com,false,
2024-11-16 21:00:00,Costa Rica,Costa Rica,CR,0.0,24.87,100.0,100.0,grupoice.com,false,
2024-11-16 22:00:00,Costa Rica,Costa Rica,CR,0.0,24.9,100.0,100.0,grupoice.com,false,
2024-11-16 23:00:00,Costa Rica,Costa Rica,CR,0.0,24.88,100.0,100.0,grupoice.com,false,
2024-11-17 00:00:00,Costa Rica,Costa Rica,CR,0.0,24.92,100.0,100.0,grupoice.com,false,
2024-11-17 01:00:00,Costa Rica,Costa Rica,CR,0.0,24.97,100.0,100.0,grupoice.com,false,
2024-11-17 02:00:00,Costa Rica,Costa Rica,CR,0.0,25.15,100.0,100.0,grupoice.com,false,
2024-11-17 03:00:00,Costa Rica,Costa Rica,CR,0.0,25.35,100.0,100.0,grupoice.com,false,
2024-11-17 04:00:00,Costa Rica,Costa Rica,CR,0.0,25.54,100.0,100.0,grupoice.com,false,
2024-11-17 05:00:00,Costa Rica,Costa Rica,CR,0.0,22.84,100.0,100.0,grupoice.com,false,
2024-11-17 06:00:00,Costa Rica,Costa Rica,CR,0.0,26.0,100.0,100.0,grupoice.com,false,
2024-11-17 07:00:00,Costa Rica,Costa Rica,CR,0.0,25.93,100.0,100.0,grupoice.com,false,
2024-11-17 08:00:00,Costa Rica,Costa Rica,CR,0.0,25.94,100.0,100.0,grupoice.com,false,
2024-11-17 09:00:00,Costa Rica,Costa Rica,CR,0.0,25.97,100.0,100.0,grupoice.com,false,
2024-11-17 10:00:00,Costa Rica,Costa Rica,CR,0.0,25.94,100.0,100.0,grupoice.com,false,
2024-11-17 11:00:00,Costa Rica,Costa Rica,CR,0.0,25.91,100.0,100.0,grupoice.com,false,
2024-11-17 12:00:00,Costa Rica,Costa Rica,CR,0.0,25.91,100.0,100.0,grupoice.com,false,
2024-11-17 13:00:00,Costa Rica,Costa Rica,CR,0.0,25.77,100.0,100.0,grupoice.com,false,
2024-11-17 14:00:00,Costa Rica,Costa Rica,CR,0.0,25.65,100.0,100.0,grupoice.com,false,
2024-11-17 15:00:00,Costa Rica,Costa Rica,CR,0.0,25.56,100.0,100.0,grupoice.com,false,
2024-11-17 16:00:00,Costa Rica,Costa Rica,CR,0.0,25.57,100.0,100.0,grupoice.com,false,
2024-11-17 17:00:00,Costa Rica,Costa Rica,CR,0.0,25.63,100.0,100.0,grupoice.com,false,
2024-11-17 18:00:00,Costa Rica,Costa Rica,CR,0.0,25.67,100.0,100.0,grupoice.com,false,
2024-11-17 19:00:00,Costa Rica,Costa Rica,CR,0.0,25.72,100.0,100.0,grupoice.com,false,
2024-11-17 20:00:00,Costa Rica,Costa Rica,CR,0.0,25.5,100.0,100.0,grupoice.com,false,
2024-11-17 21:00:00,Costa Rica,Costa Rica,CR,0.0,25.37,100.0,100.0,grupoice.com,false,
2024-11-17 22:00:00,Costa Rica,Costa Rica,CR,0.0,25.35,100.0,100.0,grupoice.com,false,
2024-11-17 23:00:00,Costa Rica,Costa Rica,CR,0.0,25.48,100.0,100.0,grupoice.com,false,
2024-11-18 00:00:00,Costa Rica,Costa Rica,CR,0.0,25.46,100.0,100.0,grupoice.com,false,
2024-11-18 01:00:00,Costa Rica,Costa Rica,CR,0.0,25.52,100.0,100.0,grupoice.com,false,
2024-11-18 02:00:00,Costa Rica,Costa Rica,CR,0.0,25.59,100.0,100.0,grupoice.com,false,
2024-11-18 03:00:00,Costa Rica,Costa Rica,CR,0.0,25.74,100.0,100.0,grupoice.com,false,
2024-11-18 04:00:00,Costa Rica,Costa Rica,CR,0.0,26.08,100.0,100.0,grupoice.com,false,
2024-11-18 05:00:00,Costa Rica,Costa Rica,CR,0.0,26.26,100.0,100.0,grupoice.com,false,
2024-11-18 06:00:00,Costa Rica,Costa Rica,CR,0.0,26.34,100.0,100.0,grupoice.com,false,
2024-11-18 07:00:00,Costa Rica,Costa Rica,CR,0.0,26.21,100.0,100.0,grupoice.com,false,
2024-11-18 08:00:00,Costa Rica,Costa Rica,CR,0.0,26.24,100.0,100.0,grupoice.com,false,
2024-11-18 09:00:00,Costa Rica,Costa Rica,CR,0.0,26.26,100.0,100.0,grupoice.com,false,
2024-11-18 10:00:00,Costa Rica,Costa Rica,CR,0.0,26.23,100.0,100.0,grupoice.com,false,
2024-11-18 11:00:00,Costa Rica,Costa Rica,CR,0.0,26.14,100.0,100.0,grupoice.com,false,
2024-11-18 12:00:00,Costa Rica,Costa Rica,CR,0.0,25.68,100.0,100.0,grupoice.com,false,
2024-11-18 13:00:00,Costa Rica,Costa Rica,CR,0.0,25.28,100.0,100.0,grupoice.com,false,
2024-11-18 14:00:00,Costa Rica,Costa Rica,CR,0.0,25.26,100.0,100.0,grupoice.com,false,
2024-11-18 15:00:00,Costa Rica,Costa Rica,CR,0.0,25.18,100.0,100.0,grupoice.com,false,
2024-11-18 16:00:00,Costa Rica,Costa Rica,CR,0.0,25.15,100.0,100.0,grupoice.com,false,
2024-11-18 17:00:00,Costa Rica,Costa Rica,CR,0.0,25.06,100.0,100.0,grupoice.com,false,
2024-11-18 18:00:00,Costa Rica,Costa Rica,CR,0.0,24.98,100.0,100.0,grupoice.com,false,
2024-11-18 19:00:00,Costa Rica,Costa Rica,CR,0.0,24.99,100.0,100.0,grupoice.com,false,
2024-11-18 20:00:00,Costa Rica,Costa Rica,CR,0.0,24.97,100.0,100.0,grupoice.com,false,
2024-11-18 21:00:00,Costa Rica,Costa Rica,CR,0.0,24.97,100.0,100.0,grupoice.com,false,
2024-11-18 22:00:00,Costa Rica,Costa Rica,CR,0.0,24.93,100.0,100.0,grupoice.com,false,
2024-11-18 23:00:00,Costa Rica,Costa Rica,CR,0.0,24.79,100.0,100.0,grupoice.com,false,
2024-11-19 00:00:00,Costa Rica,Costa Rica,CR,0.0,24.82,100.0,100.0,grupoice.com,false,
2024-11-19 01:00:00,Costa Rica,Costa Rica,CR,0.0,24.93,100.0,100.0,grupoice.com,false,
2024-11-19 02:00:00,Costa Rica,Costa Rica,CR,0.0,25.01,100.0,100.0,grupoice.com,false,
2024-11-19 03:00:00,Costa Rica,Costa Rica,CR,0.0,25.12,100.0,100.0,grupoice.com,false,
2024-11-19 04:00:00,Costa Rica,Costa Rica,CR,0.0,25.26,100.0,100.0,grupoice.com,false,
2024-11-19 05:00:00,Costa Rica,Costa Rica,CR,0.0,25.42,100.0,100.0,grupoice.com,false,
2024-11-19 06:00:00,Costa Rica,Costa Rica,CR,0.0,25.49,100.0,100.0,grupoice.com,false,
2024-11-19 07:00:00,Costa Rica,Costa Rica,CR,0.0,25.44,100.0,100.0,grupoice.com,false,
2024-11-19 08:00:00,Costa Rica,Costa Rica,CR,0.0,25.49,100.0,100.0,grupoice.com,false,
2024-11-19 09:00:00,Costa Rica,Costa Rica,CR,0.0,25.5,100.0,100.0,grupoice.com,false,
2024-11-19 10:00:00,Costa Rica,Costa Rica,CR,0.0,25.38,100.0,100.0,grupoice.com,false,
2024-11-19 11:00:00,Costa Rica,Costa Rica,CR,0.0,25.31,100.0,100.0,grupoice.com,false,
2024-11-19 12:00:00,Costa Rica,Costa Rica,CR,0.0,25.25,100.0,100.0,grupoice.com,false,
2024-11-19 13:00:00,Costa Rica,Costa Rica,CR,0.0,25.17,100.0,100.0,grupoice.com,false,
2024-11-19 14:00:00,Costa Rica,Costa Rica,CR,0.0,25.08,100.0,100.0,grupoice.com,false,
2024-11-19 15:00:00,Costa Rica,Costa Rica,CR,0.0,25.07,100.0,100.0,grupoice.com,false,
2024-11-19 16:00:00,Costa Rica,Costa Rica,CR,0.39,25.67,99.91,99.91,grupoice.com,false,
2024-11-19 17:00:00,Costa Rica,Costa Rica,CR,1.27,27.01,99.69,99.69,grupoice.com,false,
2024-11-19 18:00:00,Costa Rica,Costa Rica,CR,1.25,26.85,99.69,99.69,grupoice.com,false,
2024-11-19 19:00:00,Costa Rica,Costa Rica,CR,0.16,24.88,99.96,99.96,grupoice.com,false,
2024-11-19 20:00:00,Costa Rica,Costa Rica,CR,0.0,24.6,100.0,100.0,grupoice.com,false,
2024-11-19 21:00:00,Costa Rica,Costa Rica,CR,0.0,24.57,100.0,100.0,grupoice.com,false,
2024-11-19 22:00:00,Costa Rica,Costa Rica,CR,0.0,24.49,100.0,100.0,grupoice.com,false,
2024-11-19 23:00:00,Costa Rica,Costa Rica,CR,0.0,24.45,100.0,100.0,grupoice.com,false,
2024-11-20 00:00:00,Costa Rica,Costa Rica,CR,0.0,24.51,100.0,100.0,grupoice.com,false,
2024-11-20 01:00:00,Costa Rica,Costa Rica,CR,0.0,24.54,100.0,100.0,grupoice.com,false,
2024-11-20 02:00:00,Costa Rica,Costa Rica,CR,0.0,24.62,100.0,100.0,grupoice.com,false,
2024-11-20 03:00:00,Costa Rica,Costa Rica,CR,0.0,25.03,100.0,100.0,grupoice.com,false,
2024-11-20 04:00:00,Costa Rica,Costa Rica,CR,0.0,25.18,100.0,100.0,grupoice.com,false,
2024-11-20 05:00:00,Costa Rica,Costa Rica,CR,0.0,25.28,100.0,100.0,grupoice.com,false,
2024-11-20 06:00:00,Costa Rica,Costa Rica,CR,0.0,25.39,100.0,100.0,grupoice.com,false,
2024-11-20 07:00:00,Costa Rica,Costa Rica,CR,0.0,25.34,100.0,100.0,grupoice.com,false,
2024-11-20 08:00:00,Costa Rica,Costa Rica,CR,0.0,25.37,100.0,100.0,grupoice.com,false,
2024-11-20 09:00:00,Costa Rica,Costa Rica,CR,0.0,25.35,100.0,100.0,grupoice.com,false,
2024-11-20 10:00:00,Costa Rica,Costa Rica,CR,0.0,25.28,100.0,100.0,grupoice.com,false,
2024-11-20 11:00:00,Costa Rica,Costa Rica,CR,0.0,25.17,100.0,100.0,grupoice.com,false,
2024-11-20 12:00:00,Costa Rica,Costa Rica,CR,0.0,25.15,100.0,100.0,grupoice.com,false,
2024-11-20 13:00:00,Costa Rica,Costa Rica,CR,0.0,25.14,100.0,100.0,grupoice.com,false,
2024-11-20 14:00:00,Costa Rica,Costa Rica,CR,0.0,25.11,100.0,100.0,grupoice.com,false,
2024-11-20 15:00:00,Costa Rica,Costa Rica,CR,0.0,25.05,100.0,100.0,grupoice.com,false,
2024-11-20 16:00:00,Costa Rica,Costa Rica,CR,0.0,25.01,100.0,100.0,grupoice.com,false,
2024-11-20 17:00:00,Costa Rica,Costa Rica,CR,0.0,24.94,100.0,100.0,grupoice.com,false,
2024-11-20 18:00:00,Costa Rica,Costa Rica,CR,0.0,24.94,100.0,100.0,grupoice.com,false,
2024-11-20 19:00:00,Costa Rica,Costa Rica,CR,0.0,24.98,100.0,100.0,grupoice.com,false,
2024-11-20 20:00:00,Costa Rica,Costa Rica,CR,0.0,24.95,100.0,100.0,grupoice.com,false,
2024-11-20 21:00:00,Costa Rica,Costa Rica,CR,0.0,24.91,100.0,100.0,grupoice.com,false,
2024-11-20 22:00:00,Costa Rica,Costa Rica,CR,0.0,24.91,100.0,100.0,grupoice.com,false,
2024-11-20 23:00:00,Costa Rica,Costa Rica,CR,0.0,24.86,100.0,100.0,grupoice.com,false,
2024-11-21 00:00:00,Costa Rica,Costa Rica,CR,0.0,24.84,100.0,100.0,grupoice.com,false,
2024-11-21 01:00:00,Costa Rica,Costa Rica,CR,0.0,24.93,100.0,100.0,grupoice.com,false,
2024-11-21 02:00:00,Costa Rica,Costa Rica,CR,0.0,25.0,100.0,100.0,grupoice.com,false,
2024-11-21 03:00:00,Costa Rica,Costa Rica,CR,0.0,24.92,100.0,100.0,grupoice.com,false,
2024-11-21 04:00:00,Costa Rica,Costa Rica,CR,0.0,24.94,100.0,100.0,grupoice.com,false,
2024-11-21 05:00:00,Costa Rica,Costa Rica,CR,0.0,25.1,100.0,100.0,grupoice.com,false,
2024-11-21 06:00:00,Costa Rica,Costa Rica,CR,0.0,25.24,100.0,100.0,grupoice.com,false,
2024-11-21 07:00:00,Costa Rica,Costa Rica,CR,0.0,25.4,100.0,100.0,grupoice.com,false,
2024-11-21 08:00:00,Costa Rica,Costa Rica,CR,0.0,25.34,100.0,100.0,grupoice.com,false,
2024-11-21 09:00:00,Costa Rica,Costa Rica,CR,0.0,25.28,100.0,100.0,grupoice.com,false,
2024-11-21 10:00:00,Costa Rica,Costa Rica,CR,0.0,25.1,100.0,100.0,grupoice.com,false,
2024-11-21 11:00:00,Costa Rica,Costa Rica,CR,0.0,24.88,100.0,100.0,grupoice.com,false,
2024-11-21 12:00:00,Costa Rica,Costa Rica,CR,0.0,24.66,100.0,100.0,grupoice.com,false,
2024-11-21 13:00:00,Costa Rica,Costa Rica,CR,0.0,24.73,100.0,100.0,grupoice.com,false,
2024-11-21 14:00:00,Costa Rica,Costa Rica,CR,0.0,24.74,100.0,100.0,grupoice.com,false,
2024-11-21 15:00:00,Costa Rica,Costa Rica,CR,0.0,24.74,100.0,100.0,grupoice.com,false,
2024-11-21 16:00:00,Costa Rica,Costa Rica,CR,0.0,24.74,100.0,100.0,grupoice.com,false,
2024-11-21 17:00:00,Costa Rica,Costa Rica,CR,0.0,24.69,100.0,100.0,grupoice.com,false,
2024-11-21 18:00:00,Costa Rica,Costa Rica,CR,0.0,24.76,100.0,100.0,grupoice.com,false,
2024-11-21 19:00:00,Costa Rica,Costa Rica,CR,0.0,24.51,100.0,100.0,grupoice.com,false,
2024-11-21 20:00:00,Costa Rica,Costa Rica,CR,0.0,24.36,100.0,100.0,grupoice.com,false,
2024-11-21 21:00:00,Costa Rica,Costa Rica,CR,0.0,24.27,100.0,100.0,grupoice.com,false,
2024-11-21 22:00:00,Costa Rica,Costa Rica,CR,0.0,24.22,100.0,100.0,grupoice.com,false,
2024-11-21 23:00:00,Costa Rica,Costa Rica,CR,0.0,24.37,100.0,100.0,grupoice.com,false,
2024-11-22 00:00:00,Costa Rica,Costa Rica,CR,0.0,24.26,100.0,100.0,grupoice.com,false,
2024-11-22 01:00:00,Costa Rica,Costa Rica,CR,0.0,24.41,100.0,100.0,grupoice.com,false,
2024-11-22 02:00:00,Costa Rica,Costa Rica,CR,0.0,24.48,100.0,100.0,grupoice.com,false,
2024-11-22 03:00:00,Costa Rica,Costa Rica,CR,0.0,24.2,100.0,100.0,grupoice.com,false,
2024-11-22 04:00:00,Costa Rica,Costa Rica,CR,0.0,24.58,100.0,100.0,grupoice.com,false,
2024-11-22 05:00:00,Costa Rica,Costa Rica,CR,0.0,24.97,100.0,100.0,grupoice.com,false,
2024-11-22 06:00:00,Costa Rica,Costa Rica,CR,0.0,24.9,100.0,100.0,grupoice.com,false,
2024-11-22 07:00:00,Costa Rica,Costa Rica,CR,0.0,24.68,100.0,100.0,grupoice.com,false,
2024-11-22 08:00:00,Costa Rica,Costa Rica,CR,0.0,24.4,100.0,100.0,grupoice.com,false,
2024-11-22 09:00:00,Costa Rica,Costa Rica,CR,0.0,24.56,100.0,100.0,grupoice.com,false,
2024-11-22 10:00:00,Costa Rica,Costa Rica,CR,0.0,24.68,100.0,100.0,grupoice.com,false,
2024-11-22 11:00:00,Costa Rica,Costa Rica,CR,0.0,24.56,100.0,100.0,grupoice.com,false,
2024-11-22 12:00:00,Costa Rica,Costa Rica,CR,0.0,24.09,100.0,100.0,grupoice.com,false,
2024-11-22 13:00:00,Costa Rica,Costa Rica,CR,0.0,24.04,100.0,100.0,grupoice.com,false,
2024-11-22 14:00:00,Costa Rica,Costa Rica,CR,0.0,23.74,100.0,100.0,grupoice.com,false,
2024-11-22 15:00:00,Costa Rica,Costa Rica,CR,0.0,23.26,100.0,100.0,grupoice.com,false,
2024-11-22 16:00:00,Costa Rica,Costa Rica,CR,0.0,23.14,100.0,100.0,grupoice.com,false,
2024-11-22 17:00:00,Costa Rica,Costa Rica,CR,0.0,23.21,100.0,100.0,grupoice.com,false,
2024-11-22 18:00:00,Costa Rica,Costa Rica,CR,0.0,23.18,100.0,100.0,grupoice.com,false,
2024-11-22 19:00:00,Costa Rica,Costa Rica,CR,0.0,22.98,100.0,100.0,grupoice.com,false,
2024-11-22 20:00:00,Costa Rica,Costa Rica,CR,0.0,22.76,100.0,100.0,grupoice.com,false,
2024-11-22 21:00:00,Costa Rica,Costa Rica,CR,0.0,22.64,100.0,100.0,grupoice.com,false,
2024-11-22 22:00:00,Costa Rica,Costa Rica,CR,0.0,22.54,100.0,100.0,grupoice.com,false,
2024-11-22 23:00:00,Costa Rica,Costa Rica,CR,0.0,22.58,100.0,100.0,grupoice.com,false,
2024-11-23 00:00:00,Costa Rica,Costa Rica,CR,0.0,22.6,100.0,100.0,grupoice.com,false,
2024-11-23 01:00:00,Costa Rica,Costa Rica,CR,0.0,22.47,100.0,100.0,grupoice.com,false,
2024-11-23 02:00:00,Costa Rica,Costa Rica,CR,0.0,22.41,100.0,100.0,grupoice.com,false,
2024-11-23 03:00:00,Costa Rica,Costa Rica,CR,0.0,22.31,100.0,100.0,grupoice.com,false,
2024-11-23 04:00:00,Costa Rica,Costa Rica,CR,0.0,22.18,100.0,100.0,grupoice.com,false,
2024-11-23 05:00:00,Costa Rica,Costa Rica,CR,0.0,22.01,100.0,100.0,grupoice.com,false,
2024-11-23 06:00:00,Costa Rica,Costa Rica,CR,0.0,21.87,100.0,100.0,grupoice.com,false,
2024-11-23 07:00:00,Costa Rica,Costa Rica,CR,0.0,21.32,100.0,100.0,grupoice.com,false,
2024-11-23 08:00:00,Costa Rica,Costa Rica,CR,0.0,21.28,100.0,100.0,grupoice.com,false,
2024-11-23 09:00:00,Costa Rica,Costa Rica,CR,0.0,21.21,100.0,100.0,grupoice.com,false,
2024-11-23 10:00:00,Costa Rica,Costa Rica,CR,0.0,21.23,100.0,100.0,grupoice.com,false,
2024-11-23 11:00:00,Costa Rica,Costa Rica,CR,0.0,21.46,100.0,100.0,grupoice.com,false,
2024-11-23 12:00:00,Costa Rica,Costa Rica,CR,0.0,21.72,100.0,100.0,grupoice.com,false,
2024-11-23 13:00:00,Costa Rica,Costa Rica,CR,0.0,22.07,100.0,100.0,grupoice.com,false,
2024-11-23 14:00:00,Costa Rica,Costa Rica,CR,0.0,22.21,100.0,100.0,grupoice.com,false,
2024-11-23 15:00:00,Costa Rica,Costa Rica,CR,0.0,22.24,100.0,100.0,grupoice.com,false,
2024-11-23 16:00:00,Costa Rica,Costa Rica,CR,0.0,22.38,100.0,100.0,grupoice.com,false,
2024-11-23 17:00:00,Costa Rica,Costa Rica,CR,0.0,22.48,100.0,100.0,grupoice.com,false,
2024-11-23 18:00:00,Costa Rica,Costa Rica,CR,0.0,22.57,100.0,100.0,grupoice.com,false,
2024-11-23 19:00:00,Costa Rica,Costa Rica,CR,0.0,22.61,100.0,100.0,grupoice.com,false,
2024-11-23 20:00:00,Costa Rica,Costa Rica,CR,0.0,22.52,100.0,100.0,grupoice.com,false,
2024-11-23 21:00:00,Costa Rica,Costa Rica,CR,0.0,22.46,100.0,100.0,grupoice.com,false,
2024-11-23 22:00:00,Costa Rica,Costa Rica,CR,0.0,22.36,100.0,100.0,grupoice.com,false,
2024-11-23 23:00:00,Costa Rica,Costa Rica,CR,0.0,22.43,100.0,100.0,grupoice.com,false,
2024-11-24 00:00:00,Costa Rica,Costa Rica,CR,0.0,22.47,100.0,100.0,grupoice.com,false,
2024-11-24 01:00:00,Costa Rica,Costa Rica,CR,0.0,22.46,100.0,100.0,grupoice.com,false,
2024-11-24 02:00:00,Costa Rica,Costa Rica,CR,0.0,22.41,100.0,100.0,grupoice.com,false,
2024-11-24 03:00:00,Costa Rica,Costa Rica,CR,0.0,22.35,100.0,100.0,grupoice.com,false,
2024-11-24 04:00:00,Costa Rica,Costa Rica,CR,0.0,22.15,100.0,100.0,grupoice.com,false,
2024-11-24 05:00:00,Costa Rica,Costa Rica,CR,0.0,22.05,100.0,100.0,grupoice.com,false,
2024-11-24 06:00:00,Costa Rica,Costa Rica,CR,0.0,22.2,100.0,100.0,grupoice.com,false,
2024-11-24 07:00:00,Costa Rica,Costa Rica,CR,0.0,22.21,100.0,100.0,grupoice.com,false,
2024-11-24 08:00:00,Costa Rica,Costa Rica,CR,0.0,22.0,100.0,100.0,grupoice.com,false,
2024-11-24 09:00:00,Costa Rica,Costa Rica,CR,0.0,22.11,100.0,100.0,grupoice.com,false,
2024-11-24 10:00:00,Costa Rica,Costa Rica,CR,0.0,22.04,100.0,100.0,grupoice.com,false,
2024-11-24 11:00:00,Costa Rica,Costa Rica,CR,0.0,22.05,100.0,100.0,grupoice.com,false,
2024-11-24 12:00:00,Costa Rica,Costa Rica,CR,0.0,21.83,100.0,100.0,grupoice.com,false,
2024-11-24 13:00:00,Costa Rica,Costa Rica,CR,0.0,22.42,100.0,100.0,grupoice.com,false,
2024-11-24 14:00:00,Costa Rica,Costa Rica,CR,0.0,22.89,100.0,100.0,grupoice.com,false,
2024-11-24 15:00:00,Costa Rica,Costa Rica,CR,0.0,23.41,100.0,100.0,grupoice.com,false,
2024-11-24 16:00:00,Costa Rica,Costa Rica,CR,0.0,23.65,100.0,100.0,grupoice.com,false,
2024-11-24 17:00:00,Costa Rica,Costa Rica,CR,0.0,23.91,100.0,100.0,grupoice.com,false,
2024-11-24 18:00:00,Costa Rica,Costa Rica,CR,0.0,23.82,100.0,100.0,grupoice.com,false,
2024-11-24 19:00:00,Costa Rica,Costa Rica,CR,0.0,23.75,100.0,100.0,grupoice.com,false,
2024-11-24 20:00:00,Costa Rica,Costa Rica,CR,0.0,23.5,100.0,100.0,grupoice.com,false,
2024-11-24 21:00:00,Costa Rica,Costa Rica,CR,0.0,23.56,100.0,100.0,grupoice.com,false,
2024-11-24 22:00:00,Costa Rica,Costa Rica,CR,0.0,23.38,100.0,100.0,grupoice.com,false,
2024-11-24 23:00:00,Costa Rica,Costa Rica,CR,0.0,23.14,100.0,100.0,grupoice.com,false,
2024-11-25 00:00:00,Costa Rica,Costa Rica,CR,0.0,22.87,100.0,100.0,grupoice.com,false,
2024-11-25 01:00:00,Costa Rica,Costa Rica,CR,0.0,22.7,100.0,100.0,grupoice.com,false,
2024-11-25 02:00:00,Costa Rica,Costa Rica,CR,0.0,22.65,100.0,100.0,grupoice.com,false,
2024-11-25 03:00:00,Costa Rica,Costa Rica,CR,0.0,22.62,100.0,100.0,grupoice.com,false,
2024-11-25 04:00:00,Costa Rica,Costa Rica,CR,0.0,22.54,100.0,100.0,grupoice.com,false,
2024-11-25 05:00:00,Costa Rica,Costa Rica,CR,0.0,17.9,100.0,100.0,grupoice.com,false,
2024-11-25 06:00:00,Costa Rica,Costa Rica,CR,0.0,22.34,100.0,100.0,grupoice.com,false,
2024-11-25 07:00:00,Costa Rica,Costa Rica,CR,0.0,22.45,100.0,100.0,grupoice.com,false,
2024-11-25 08:00:00,Costa Rica,Costa Rica,CR,0.0,22.74,100.0,100.0,grupoice.com,false,
2024-11-25 09:00:00,Costa Rica,Costa Rica,CR,0.0,22.67,100.0,100.0,grupoice.com,false,
2024-11-25 10:00:00,Costa Rica,Costa Rica,CR,0.0,22.82,100.0,100.0,grupoice.com,false,
2024-11-25 11:00:00,Costa Rica,Costa Rica,CR,0.0,23.08,100.0,100.0,grupoice.com,false,
2024-11-25 12:00:00,Costa Rica,Costa Rica,CR,0.0,23.33,100.0,100.0,grupoice.com,false,
2024-11-25 13:00:00,Costa Rica,Costa Rica,CR,0.0,23.37,100.0,100.0,grupoice.com,false,
2024-11-25 14:00:00,Costa Rica,Costa Rica,CR,0.0,23.65,100.0,100.0,grupoice.com,false,
2024-11-25 15:00:00,Costa Rica,Costa Rica,CR,0.0,24.09,100.0,100.0,grupoice.com,false,
2024-11-25 16:00:00,Costa Rica,Costa Rica,CR,5.97,33.59,98.53,98.53,grupoice.com,false,
2024-11-25 17:00:00,Costa Rica,Costa Rica,CR,4.03,30.59,99.01,99.01,grupoice.com,false,
2024-11-25 18:00:00,Costa Rica,Costa Rica,CR,0.0,24.48,100.0,100.0,grupoice.com,false,
2024-11-25 19:00:00,Costa Rica,Costa Rica,CR,0.03,24.61,99.99,99.99,grupoice.com,false,
2024-11-25 20:00:00,Costa Rica,Costa Rica,CR,7.69,36.39,98.1,98.1,grupoice.com,false,
2024-11-25 21:00:00,Costa Rica,Costa Rica,CR,4.73,31.57,98.84,98.84,grupoice.com,false,
2024-11-25 22:00:00,Costa Rica,Costa Rica,CR,0.0,24.24,100.0,100.0,grupoice.com,false,
2024-11-25 23:00:00,Costa Rica,Costa Rica,CR,0.0,24.07,100.0,100.0,grupoice.com,false,
2024-11-26 00:00:00,Costa Rica,Costa Rica,CR,0.0,24.32,100.0,100.0,grupoice.com,false,
2024-11-26 01:00:00,Costa Rica,Costa Rica,CR,0.0,24.17,100.0,100.0,grupoice.com,false,
2024-11-26 02:00:00,Costa Rica,Costa Rica,CR,0.0,23.93,100.0,100.0,grupoice.com,false,
2024-11-26 03:00:00,Costa Rica,Costa Rica,CR,0.0,23.5,100.0,100.0,grupoice.com,false,
2024-11-26 04:00:00,Costa Rica,Costa Rica,CR,0.0,23.68,100.0,100.0,grupoice.com,false,
2024-11-26 05:00:00,Costa Rica,Costa Rica,CR,0.0,23.15,100.0,100.0,grupoice.com,false,
2024-11-26 06:00:00,Costa Rica,Costa Rica,CR,0.0,23.02,100.0,100.0,grupoice.com,false,
2024-11-26 07:00:00,Costa Rica,Costa Rica,CR,0.0,22.71,100.0,100.0,grupoice.com,false,
2024-11-26 08:00:00,Costa Rica,Costa Rica,CR,0.0,22.69,100.0,100.0,grupoice.com,false,
2024-11-26 09:00:00,Costa Rica,Costa Rica,CR,0.0,22.75,100.0,100.0,grupoice.com,false,
2024-11-26 10:00:00,Costa Rica,Costa Rica,CR,0.0,22.67,100.0,100.0,grupoice.com,false,
2024-11-26 11:00:00,Costa Rica,Costa Rica,CR,0.0,22.92,100.0,100.0,grupoice.com,false,
2024-11-26 12:00:00,Costa Rica,Costa Rica,CR,0.0,22.87,100.0,100.0,grupoice.com,false,
2024-11-26 13:00:00,Costa Rica,Costa Rica,CR,0.0,22.84,100.0,100.0,grupoice.com,false,
2024-11-26 14:00:00,Costa Rica,Costa Rica,CR,0.0,22.98,100.0,100.0,grupoice.com,false,
2024-11-26 15:00:00,Costa Rica,Costa Rica,CR,0.0,23.21,100.0,100.0,grupoice.com,false,
2024-11-26 16:00:00,Costa Rica,Costa Rica,CR,0.0,23.38,100.0,100.0,grupoice.com,false,
2024-11-26 17:00:00,Costa Rica,Costa Rica,CR,0.0,23.77,100.0,100.0,grupoice.com,false,
2024-11-26 18:00:00,Costa Rica,Costa Rica,CR,0.0,23.95,100.0,100.0,grupoice.com,false,
2024-11-26 19:00:00,Costa Rica,Costa Rica,CR,0.0,23.94,100.0,100.0,grupoice.com,false,
2024-11-26 20:00:00,Costa Rica,Costa Rica,CR,0.0,24.03,100.0,100.0,grupoice.com,false,
2024-11-26 21:00:00,Costa Rica,Costa Rica,CR,0.0,24.2,100.0,100.0,grupoice.com,false,
2024-11-26 22:00:00,Costa Rica,Costa Rica,CR,0.0,24.26,100.0,100.0,grupoice.com,false,
2024-11-26 23:00:00,Costa Rica,Costa Rica,CR,0.0,24.28,100.0,100.0,grupoice.com,false,
2024-11-27 00:00:00,Costa Rica,Costa Rica,CR,0.0,24.16,100.0,100.0,grupoice.com,false,
2024-11-27 01:00:00,Costa Rica,Costa Rica,CR,0.0,23.97,100.0,100.0,grupoice.com,false,
2024-11-27 02:00:00,Costa Rica,Costa Rica,CR,0.0,23.65,100.0,100.0,grupoice.com,false,
2024-11-27 03:00:00,Costa Rica,Costa Rica,CR,0.0,23.36,100.0,100.0,grupoice.com,false,
2024-11-27 04:00:00,Costa Rica,Costa Rica,CR,0.0,23.25,100.0,100.0,grupoice.com,false,
2024-11-27 05:00:00,Costa Rica,Costa Rica,CR,0.0,23.27,100.0,100.0,grupoice.com,false,
2024-11-27 06:00:00,Costa Rica,Costa Rica,CR,0.0,24.36,100.0,100.0,grupoice.com,false,
2024-11-27 07:00:00,Costa Rica,Costa Rica,CR,0.0,24.26,100.0,100.0,grupoice.com,false,
2024-11-27 08:00:00,Costa Rica,Costa Rica,CR,0.0,23.78,100.0,100.0,grupoice.com,false,
2024-11-27 09:00:00,Costa Rica,Costa Rica,CR,0.0,23.9,100.0,100.0,grupoice.com,false,
2024-11-27 10:00:00,Costa Rica,Costa Rica,CR,0.0,24.25,100.0,100.0,grupoice.com,false,
2024-11-27 11:00:00,Costa Rica,Costa Rica,CR,0.0,24.33,100.0,100.0,grupoice.com,false,
2024-11-27 12:00:00,Costa Rica,Costa Rica,CR,0.0,24.17,100.0,100.0,grupoice.com,false,
2024-11-27 13:00:00,Costa Rica,Costa Rica,CR,0.0,24.04,100.0,100.0,grupoice.com,false,
2024-11-27 14:00:00,Costa Rica,Costa Rica,CR,0.0,23.93,100.0,100.0,grupoice.com,false,
2024-11-27 15:00:00,Costa Rica,Costa Rica,CR,0.0,23.7,100.0,100.0,grupoice.com,false,
2024-11-27 16:00:00,Costa Rica,Costa Rica,CR,0.0,23.61,100.0,100.0,grupoice.com,false,
2024-11-27 17:00:00,Costa Rica,Costa Rica,CR,0.0,23.76,100.0,100.0,grupoice.com,false,
2024-11-27 18:00:00,Costa Rica,Costa Rica,CR,0.0,23.98,100.0,100.0,grupoice.com,false,
2024-11-27 19:00:00,Costa Rica,Costa Rica,CR,0.0,23.9,100.0,100.0,grupoice.com,false,
2024-11-27 20:00:00,Costa Rica,Costa Rica,CR,0.0,23.85,100.0,100.0,grupoice.com,false,
2024-11-27 21:00:00,Costa Rica,Costa Rica,CR,0.0,23.28,100.0,100.0,grupoice.com,false,
2024-11-27 22:00:00,Costa Rica,Costa Rica,CR,0.0,22.95,100.0,100.0,grupoice.com,false,
2024-11-27 23:00:00,Costa Rica,Costa Rica,CR,0.0,23.0,100.0,100.0,grupoice.com,false,
2024-11-28 00:00:00,Costa Rica,Costa Rica,CR,0.0,23.06,100.0,100.0,grupoice.com,false,
2024-11-28 01:00:00,Costa Rica,Costa Rica,CR,0.0,23.11,100.0,100.0,grupoice.com,false,
2024-11-28 02:00:00,Costa Rica,Costa Rica,CR,0.0,23.13,100.0,100.0,grupoice.com,false,
2024-11-28 03:00:00,Costa Rica,Costa Rica,CR,0.0,23.34,100.0,100.0,grupoice.com,false,
2024-11-28 04:00:00,Costa Rica,Costa Rica,CR,0.0,23.01,100.0,100.0,grupoice.com,false,
2024-11-28 05:00:00,Costa Rica,Costa Rica,CR,0.0,18.04,100.0,100.0,grupoice.com,false,
2024-11-28 06:00:00,Costa Rica,Costa Rica,CR,0.0,22.8,100.0,100.0,grupoice.com,false,
2024-11-28 07:00:00,Costa Rica,Costa Rica,CR,0.0,22.85,100.0,100.0,grupoice.com,false,
2024-11-28 08:00:00,Costa Rica,Costa Rica,CR,0.0,22.79,100.0,100.0,grupoice.com,false,
2024-11-28 09:00:00,Costa Rica,Costa Rica,CR,0.0,22.65,100.0,100.0,grupoice.com,false,
2024-11-28 10:00:00,Costa Rica,Costa Rica,CR,0.0,22.61,100.0,100.0,grupoice.com,false,
2024-11-28 11:00:00,Costa Rica,Costa Rica,CR,0.0,22.69,100.0,100.0,grupoice.com,false,
2024-11-28 12:00:00,Costa Rica,Costa Rica,CR,0.0,22.64,100.0,100.0,grupoice.com,false,
2024-11-28 13:00:00,Costa Rica,Costa Rica,CR,0.0,22.86,100.0,100.0,grupoice.com,false,
2024-11-28 14:00:00,Costa Rica,Costa Rica,CR,0.0,23.05,100.0,100.0,grupoice.com,false,
2024-11-28 15:00:00,Costa Rica,Costa Rica,CR,0.0,23.5,100.0,100.0,grupoice.com,false,
2024-11-28 16:00:00,Costa Rica,Costa Rica,CR,0.0,23.85,100.0,100.0,grupoice.com,false,
2024-11-28 17:00:00,Costa Rica,Costa Rica,CR,0.0,24.06,100.0,100.0,grupoice.com,false,
2024-11-28 18:00:00,Costa Rica,Costa Rica,CR,0.0,24.34,100.0,100.0,grupoice.com,false,
2024-11-28 19:00:00,Costa Rica,Costa Rica,CR,0.0,24.48,100.0,100.0,grupoice.com,false,
2024-11-28 20:00:00,Costa Rica,Costa Rica,CR,0.0,24.5,100.0,100.0,grupoice.com,false,
2024-11-28 21:00:00,Costa Rica,Costa Rica,CR,0.0,24.53,100.0,100.0,grupoice.com,false,
2024-11-28 22:00:00,Costa Rica,Costa Rica,CR,0.0,24.67,100.0,100.0,grupoice.com,false,
2024-11-28 23:00:00,Costa Rica,Costa Rica,CR,0.0,24.63,100.0,100.0,grupoice.com,false,
2024-11-29 00:00:00,Costa Rica,Costa Rica,CR,0.0,24.58,100.0,100.0,grupoice.com,false,
2024-11-29 01:00:00,Costa Rica,Costa Rica,CR,0.0,24.63,100.0,100.0,grupoice.com,false,
2024-11-29 02:00:00,Costa Rica,Costa Rica,CR,0.0,24.66,100.0,100.0,grupoice.com,false,
2024-11-29 03:00:00,Costa Rica,Costa Rica,CR,0.0,24.76,100.0,100.0,grupoice.com,false,
2024-11-29 04:00:00,Costa Rica,Costa Rica,CR,0.0,24.69,100.0,100.0,grupoice.com,false,
2024-11-29 05:00:00,Costa Rica,Costa Rica,CR,0.0,24.73,100.0,100.0,grupoice.com,false,
2024-11-29 06:00:00,Costa Rica,Costa Rica,CR,0.0,24.9,100.0,100.0,grupoice.com,false,
2024-11-29 07:00:00,Costa Rica,Costa Rica,CR,0.0,24.89,100.0,100.0,grupoice.com,false,
2024-11-29 08:00:00,Costa Rica,Costa Rica,CR,0.0,24.78,100.0,100.0,grupoice.com,false,
2024-11-29 09:00:00,Costa Rica,Costa Rica,CR,0.0,24.54,100.0,100.0,grupoice.com,false,
2024-11-29 10:00:00,Costa Rica,Costa Rica,CR,0.0,24.19,100.0,100.0,grupoice.com,false,
2024-11-29 11:00:00,Costa Rica,Costa Rica,CR,0.0,23.61,100.0,100.0,grupoice.com,false,
2024-11-29 12:00:00,Costa Rica,Costa Rica,CR,0.0,23.12,100.0,100.0,grupoice.com,false,
2024-11-29 13:00:00,Costa Rica,Costa Rica,CR,0.0,23.12,100.0,100.0,grupoice.com,false,
2024-11-29 14:00:00,Costa Rica,Costa Rica,CR,0.0,23.25,100.0,100.0,grupoice.com,false,
2024-11-29 15:00:00,Costa Rica,Costa Rica,CR,0.0,23.43,100.0,100.0,grupoice.com,false,
2024-11-29 16:00:00,Costa Rica,Costa Rica,CR,0.0,23.7,100.0,100.0,grupoice.com,false,
2024-11-29 17:00:00,Costa Rica,Costa Rica,CR,0.0,24.0,100.0,100.0,grupoice.com,false,
2024-11-29 18:00:00,Costa Rica,Costa Rica,CR,0.0,23.95,100.0,100.0,grupoice.com,false,
2024-11-29 19:00:00,Costa Rica,Costa Rica,CR,0.0,24.09,100.0,100.0,grupoice.com,false,
2024-11-29 20:00:00,Costa Rica,Costa Rica,CR,0.0,24.28,100.0,100.0,grupoice.com,false,
2024-11-29 21:00:00,Costa Rica,Costa Rica,CR,0.0,24.28,100.0,100.0,grupoice.com,false,
2024-11-29 22:00:00,Costa Rica,Costa Rica,CR,0.0,24.08,100.0,100.0,grupoice.com,false,
2024-11-29 23:00:00,Costa Rica,Costa Rica,CR,0.0,23.8,100.0,100.0,grupoice.com,false,
2024-11-30 00:00:00,Costa Rica,Costa Rica,CR,0.0,23.82,100.0,100.0,grupoice.com,false,
2024-11-30 01:00:00,Costa Rica,Costa Rica,CR,0.0,23.87,100.0,100.0,grupoice.com,false,
2024-11-30 02:00:00,Costa Rica,Costa Rica,CR,0.0,24.07,100.0,100.0,grupoice.com,false,
2024-11-30 03:00:00,Costa Rica,Costa Rica,CR,0.0,24.11,100.0,100.0,grupoice.com,false,
2024-11-30 04:00:00,Costa Rica,Costa Rica,CR,0.0,23.85,100.0,100.0,grupoice.com,false,
2024-11-30 05:00:00,Costa Rica,Costa Rica,CR,0.0,23.32,100.0,100.0,grupoice.com,false,
2024-11-30 06:00:00,Costa Rica,Costa Rica,CR,0.0,22.86,100.0,100.0,grupoice.com,false,
2024-11-30 07:00:00,Costa Rica,Costa Rica,CR,0.0,22.7,100.0,100.0,grupoice.com,false,
2024-11-30 08:00:00,Costa Rica,Costa Rica,CR,0.0,22.42,100.0,100.0,grupoice.com,false,
2024-11-30 09:00:00,Costa Rica,Costa Rica,CR,0.0,22.24,100.0,100.0,grupoice.com,false,
2024-11-30 10:00:00,Costa Rica,Costa Rica,CR,0.0,22.58,100.0,100.0,grupoice.com,false,
2024-11-30 11:00:00,Costa Rica,Costa Rica,CR,0.0,23.0,100.0,100.0,grupoice.com,false,
2024-11-30 12:00:00,Costa Rica,Costa Rica,CR,0.0,23.01,100.0,100.0,grupoice.com,false,
2024-11-30 13:00:00,Costa Rica,Costa Rica,CR,0.0,23.01,100.0,100.0,grupoice.com,false,
2024-11-30 14:00:00,Costa Rica,Costa Rica,CR,0.0,22.78,100.0,100.0,grupoice.com,false,
2024-11-30 15:00:00,Costa Rica,Costa Rica,CR,0.0,22.84,100.0,100.0,grupoice.com,false,
2024-11-30 16:00:00,Costa Rica,Costa Rica,CR,0.0,23.07,100.0,100.0,grupoice.com,false,
2024-11-30 17:00:00,Costa Rica,Costa Rica,CR,0.0,23.18,100.0,100.0,grupoice.com,false,
2024-11-30 18:00:00,Costa Rica,Costa Rica,CR,0.0,23.43,100.0,100.0,grupoice.com,false,
2024-11-30 19:00:00,Costa Rica,Costa Rica,CR,0.0,23.71,100.0,100.0,grupoice.com,false,
2024-11-30 20:00:00,Costa Rica,Costa Rica,CR,0.0,23.64,100.0,100.0,grupoice.com,false,
2024-11-30 21:00:00,Costa Rica,Costa Rica,CR,0.0,23.66,100.0,100.0,grupoice.com,false,
2024-11-30 22:00:00,Costa Rica,Costa Rica,CR,0.0,23.54,100.0,100.0,grupoice.com,false,
2024-11-30 23:00:00,Costa Rica,Costa Rica,CR,0.0,23.15,100.0,100.0,grupoice.com,false,
2024-12-01 00:00:00,Costa Rica,Costa Rica,CR,0.0,22.95,100.0,100.0,grupoice.com,false,
2024-12-01 01:00:00,Costa Rica,Costa Rica,CR,0.0,22.8,100.0,100.0,grupoice.com,false,
2024-12-01 02:00:00,Costa Rica,Costa Rica,CR,0.0,22.9,100.0,100.0,grupoice.com,false,
2024-12-01 03:00:00,Costa Rica,Costa Rica,CR,0.0,22.94,100.0,100.0,grupoice.com,false,
2024-12-01 04:00:00,Costa Rica,Costa Rica,CR,0.0,22.77,100.0,100.0,grupoice.com,false,
2024-12-01 05:00:00,Costa Rica,Costa Rica,CR,0.0,22.8,100.0,100.0,grupoice.com,false,
2024-12-01 06:00:00,Costa Rica,Costa Rica,CR,0.0,23.9,100.0,100.0,grupoice.com,false,
2024-12-01 07:00:00,Costa Rica,Costa Rica,CR,0.0,22.45,100.0,100.0,grupoice.com,false,
2024-12-01 08:00:00,Costa Rica,Costa Rica,CR,0.0,22.31,100.0,100.0,grupoice.com,false,
2024-12-01 09:00:00,Costa Rica,Costa Rica,CR,0.0,22.33,100.0,100.0,grupoice.com,false,
2024-12-01 10:00:00,Costa Rica,Costa Rica,CR,0.0,22.45,100.0,100.0,grupoice.com,false,
2024-12-01 11:00:00,Costa Rica,Costa Rica,CR,0.0,22.6,100.0,100.0,grupoice.com,false,
2024-12-01 12:00:00,Costa Rica,Costa Rica,CR,0.0,22.54,100.0,100.0,grupoice.com,false,
2024-12-01 13:00:00,Costa Rica,Costa Rica,CR,0.0,22.75,100.0,100.0,grupoice.com,false,
2024-12-01 14:00:00,Costa Rica,Costa Rica,CR,0.0,22.7,100.0,100.0,grupoice.com,false,
2024-12-01 15:00:00,Costa Rica,Costa Rica,CR,0.0,22.59,100.0,100.0,grupoice.com,false,
2024-12-01 16:00:00,Costa Rica,Costa Rica,CR,0.0,22.55,100.0,100.0,grupoice.com,false,
2024-12-01 17:00:00,Costa Rica,Costa Rica,CR,0.0,22.55,100.0,100.0,grupoice.com,false,
2024-12-01 18:00:00,Costa Rica,Costa Rica,CR,0.0,22.59,100.0,100.0,grupoice.com,false,
2024-12-01 19:00:00,Costa Rica,Costa Rica,CR,0.0,22.52,100.0,100.0,grupoice.com,false,
2024-12-01 20:00:00,Costa Rica,Costa Rica,CR,0.0,22.42,100.0,100.0,grupoice.com,false,
2024-12-01 21:00:00,Costa Rica,Costa Rica,CR,0.0,22.41,100.0,100.0,grupoice.com,false,
2024-12-01 22:00:00,Costa Rica,Costa Rica,CR,0.0,22.49,100.0,100.0,grupoice.com,false,
2024-12-01 23:00:00,Costa Rica,Costa Rica,CR,0.0,22.54,100.0,100.0,grupoice.com,false,
2024-12-02 00:00:00,Costa Rica,Costa Rica,CR,0.0,22.7,100.0,100.0,grupoice.com,false,
2024-12-02 01:00:00,Costa Rica,Costa Rica,CR,0.0,22.76,100.0,100.0,grupoice.com,false,
2024-12-02 02:00:00,Costa Rica,Costa Rica,CR,0.0,22.66,100.0,100.0,grupoice.com,false,
2024-12-02 03:00:00,Costa Rica,Costa Rica,CR,0.0,22.73,100.0,100.0,grupoice.com,false,
2024-12-02 04:00:00,Costa Rica,Costa Rica,CR,0.0,22.64,100.0,100.0,grupoice.com,false,
2024-12-02 05:00:00,Costa Rica,Costa Rica,CR,0.0,22.65,100.0,100.0,Electricity Maps Estimation,true,ESTIMATED_TIME_SLICER_AVERAGE
2024-12-02 06:00:00,Costa Rica,Costa Rica,CR,0.0,22.67,100.0,100.0,grupoice.com,false,
2024-12-02 07:00:00,Costa Rica,Costa Rica,CR,0.0,22.68,100.0,100.0,grupoice.com,false,
2024-12-02 08:00:00,Costa Rica,Costa Rica,CR,0.0,22.46,100.0,100.0,grupoice.com,false,
2024-12-02 09:00:00,Costa Rica,Costa Rica,CR,0.0,22.31,100.0,100.0,grupoice.com,false,
2024-12-02 10:00:00,Costa Rica,Costa Rica,CR,0.0,22.53,100.0,100.0,grupoice.com,false,
2024-12-02 11:00:00,Costa Rica,Costa Rica,CR,0.0,22.69,100.0,100.0,grupoice.com,false,
2024-12-02 12:00:00,Costa Rica,Costa Rica,CR,0.0,22.77,100.0,100.0,grupoice.com,false,
2024-12-02 13:00:00,Costa Rica,Costa Rica,CR,0.0,22.81,100.0,100.0,grupoice.com,false,
2024-12-02 14:00:00,Costa Rica,Costa Rica,CR,0.0,23.12,100.0,100.0,grupoice.com,false,
2024-12-02 15:00:00,Costa Rica,Costa Rica,CR,0.0,23.2,100.0,100.0,grupoice.com,false,
2024-12-02 16:00:00,Costa Rica,Costa Rica,CR,0.0,22.99,100.0,100.0,grupoice.com,false,
2024-12-02 17:00:00,Costa Rica,Costa Rica,CR,0.0,22.96,100.0,100.0,grupoice.com,false,
2024-12-02 18:00:00,Costa Rica,Costa Rica,CR,0.0,22.91,100.0,100.0,grupoice.com,false,
2024-12-02 19:00:00,Costa Rica,Costa Rica,CR,0.0,23.18,100.0,100.0,grupoice.com,false,
2024-12-02 20:00:00,Costa Rica,Costa Rica,CR,0.0,23.19,100.0,100.0,grupoice.com,false,
2024-12-02 21:00:00,Costa Rica,Costa Rica,CR,0.0,23.27,100.0,100.0,grupoice.com,false,
2024-12-02 22:00:00,Costa Rica,Costa Rica,CR,0.0,23.3,100.0,100.0,grupoice.com,false,
2024-12-02 23:00:00,Costa Rica,Costa Rica,CR,0.0,23.22,100.0,100.0,grupoice.com,false,
2024-12-03 00:00:00,Costa Rica,Costa Rica,CR,0.0,23.45,100.0,100.0,grupoice.com,false,
2024-12-03 01:00:00,Costa Rica,Costa Rica,CR,0.0,23.39,100.0,100.0,grupoice.com,false,
2024-12-03 02:00:00,Costa Rica,Costa Rica,CR,0.0,23.27,100.0,100.0,grupoice.com,false,
2024-12-03 03:00:00,Costa Rica,Costa Rica,CR,0.0,23.2,100.0,100.0,grupoice.com,false,
2024-12-03 04:00:00,Costa Rica,Costa Rica,CR,0.0,23.21,100.0,100.0,grupoice.com,false,
2024-12-03 05:00:00,Costa Rica,Costa Rica,CR,0.0,23.08,100.0,100.0,grupoice.com,false,
2024-12-03 06:00:00,Costa Rica,Costa Rica,CR,0.0,22.99,100.0,100.0,grupoice.com,false,
2024-12-03 07:00:00,Costa Rica,Costa Rica,CR,0.0,23.02,100.0,100.0,grupoice.com,false,
2024-12-03 08:00:00,Costa Rica,Costa Rica,CR,0.0,23.3,100.0,100.0,grupoice.com,false,
2024-12-03 09:00:00,Costa Rica,Costa Rica,CR,0.0,23.24,100.0,100.0,grupoice.com,false,
2024-12-03 10:00:00,Costa Rica,Costa Rica,CR,0.0,23.31,100.0,100.0,grupoice.com,false,
2024-12-03 11:00:00,Costa Rica,Costa Rica,CR,0.0,23.44,100.0,100.0,grupoice.com,false,
2024-12-03 12:00:00,Costa Rica,Costa Rica,CR,0.0,23.05,100.0,100.0,grupoice.com,false,
2024-12-03 13:00:00,Costa Rica,Costa Rica,CR,0.0,23.05,100.0,100.0,grupoice.com,false,
2024-12-03 14:00:00,Costa Rica,Costa Rica,CR,0.0,23.29,100.0,100.0,grupoice.com,false,
2024-12-03 15:00:00,Costa Rica,Costa Rica,CR,0.0,23.46,100.0,100.0,grupoice.com,false,
2024-12-03 16:00:00,Costa Rica,Costa Rica,CR,0.0,23.64,100.0,100.0,grupoice.com,false,
2024-12-03 17:00:00,Costa Rica,Costa Rica,CR,0.0,23.57,100.0,100.0,grupoice.com,false,
2024-12-03 18:00:00,Costa Rica,Costa Rica,CR,0.0,23.44,100.0,100.0,grupoice.com,false,
2024-12-03 19:00:00,Costa Rica,Costa Rica,CR,0.0,23.35,100.0,100.0,grupoice.com,false,
2024-12-03 20:00:00,Costa Rica,Costa Rica,CR,0.0,23.17,100.0,100.0,grupoice.com,false,
2024-12-03 21:00:00,Costa Rica,Costa Rica,CR,0.0,23.2,100.0,100.0,grupoice.com,false,
2024-12-03 22:00:00,Costa Rica,Costa Rica,CR,0.0,23.28,100.0,100.0,grupoice.com,false,
2024-12-03 23:00:00,Costa Rica,Costa Rica,CR,0.0,23.57,100.0,100.0,grupoice.com,false,
2024-12-04 00:00:00,Costa Rica,Costa Rica,CR,0.0,23.67,100.0,100.0,grupoice.com,false,
2024-12-04 01:00:00,Costa Rica,Costa Rica,CR,0.0,23.65,100.0,100.0,grupoice.com,false,
2024-12-04 02:00:00,Costa Rica,Costa Rica,CR,0.0,23.61,100.0,100.0,grupoice.com,false,
2024-12-04 03:00:00,Costa Rica,Costa Rica,CR,0.0,23.61,100.0,100.0,grupoice.com,false,
2024-12-04 04:00:00,Costa Rica,Costa Rica,CR,0.0,23.56,100.0,100.0,grupoice.com,false,
2024-12-04 05:00:00,Costa Rica,Costa Rica,CR,0.0,23.61,100.0,100.0,grupoice.com,false,
2024-12-04 06:00:00,Costa Rica,Costa Rica,CR,0.0,23.59,100.0,100.0,grupoice.com,false,
2024-12-04 07:00:00,Costa Rica,Costa Rica,CR,0.0,23.73,100.0,100.0,grupoice.com,false,
2024-12-04 08:00:00,Costa Rica,Costa Rica,CR,0.0,23.59,100.0,100.0,grupoice.com,false,
2024-12-04 09:00:00,Costa Rica,Costa Rica,CR,0.0,23.59,100.0,100.0,grupoice.com,false,
2024-12-04 10:00:00,Costa Rica,Costa Rica,CR,0.0,23.82,100.0,100.0,grupoice.com,false,
2024-12-04 11:00:00,Costa Rica,Costa Rica,CR,0.0,23.7,100.0,100.0,grupoice.com,false,
2024-12-04 12:00:00,Costa Rica,Costa Rica,CR,0.0,23.78,100.0,100.0,grupoice.com,false,
2024-12-04 13:00:00,Costa Rica,Costa Rica,CR,0.0,23.9,100.0,100.0,grupoice.com,false,
2024-12-04 14:00:00,Costa Rica,Costa Rica,CR,0.0,23.84,100.0,100.0,grupoice.com,false,
2024-12-04 15:00:00,Costa Rica,Costa Rica,CR,0.0,23.93,100.0,100.0,grupoice.com,false,
2024-12-04 16:00:00,Costa Rica,Costa Rica,CR,5.65,32.64,98.61,98.61,grupoice.com,false,
2024-12-04 17:00:00,Costa Rica,Costa Rica,CR,6.21,33.46,98.47,98.47,grupoice.com,false,
2024-12-04 18:00:00,Costa Rica,Costa Rica,CR,0.0,23.99,100.0,100.0,grupoice.com,false,
2024-12-04 19:00:00,Costa Rica,Costa Rica,CR,0.0,23.61,100.0,100.0,grupoice.com,false,
2024-12-04 20:00:00,Costa Rica,Costa Rica,CR,0.0,23.48,100.0,100.0,grupoice.com,false,
2024-12-04 21:00:00,Costa Rica,Costa Rica,CR,0.0,23.37,100.0,100.0,grupoice.com,false,
2024-12-04 22:00:00,Costa Rica,Costa Rica,CR,0.0,23.29,100.0,100.0,grupoice.com,false,
2024-12-04 23:00:00,Costa Rica,Costa Rica,CR,0.0,23.36,100.0,100.0,grupoice.com,false,
2024-12-05 00:00:00,Costa Rica,Costa Rica,CR,0.0,23.45,100.0,100.0,grupoice.com,false,
2024-12-05 01:00:00,Costa Rica,Costa Rica,CR,0.0,23.48,100.0,100.0,grupoice.com,false,
2024-12-05 02:00:00,Costa Rica,Costa Rica,CR,0.0,23.6,100.0,100.0,grupoice.com,false,
2024-12-05 03:00:00,Costa Rica,Costa Rica,CR,0.0,23.63,100.0,100.0,grupoice.com,false,
2024-12-05 04:00:00,Costa Rica,Costa Rica,CR,0.0,23.53,100.0,100.0,grupoice.com,false,
2024-12-05 05:00:00,Costa Rica,Costa Rica,CR,0.0,23.62,100.0,100.0,grupoice.com,false,
2024-12-05 06:00:00,Costa Rica,Costa Rica,CR,0.0,23.85,100.0,100.0,grupoice.com,false,
2024-12-05 07:00:00,Costa Rica,Costa Rica,CR,0.0,23.91,100.0,100.0,grupoice.com,false,
2024-12-05 08:00:00,Costa Rica,Costa Rica,CR,0.0,23.93,100.0,100.0,grupoice.com,false,
2024-12-05 09:00:00,Costa Rica,Costa Rica,CR,0.0,23.83,100.0,100.0,grupoice.com,false,
2024-12-05 10:00:00,Costa Rica,Costa Rica,CR,0.0,23.92,100.0,100.0,grupoice.com,false,
2024-12-05 11:00:00,Costa Rica,Costa Rica,CR,0.0,23.96,100.0,100.0,grupoice.com,false,
2024-12-05 12:00:00,Costa Rica,Costa Rica,CR,0.0,23.94,100.0,100.0,grupoice.com,false,
2024-12-05 13:00:00,Costa Rica,Costa Rica,CR,0.0,24.0,100.0,100.0,grupoice.com,false,
2024-12-05 14:00:00,Costa Rica,Costa Rica,CR,0.0,23.96,100.0,100.0,grupoice.com,false,
2024-12-05 15:00:00,Costa Rica,Costa Rica,CR,0.0,24.16,100.0,100.0,grupoice.com,false,
2024-12-05 16:00:00,Costa Rica,Costa Rica,CR,0.0,24.3,100.0,100.0,grupoice.com,false,
2024-12-05 17:00:00,Costa Rica,Costa Rica,CR,0.01,24.38,100.0,100.0,grupoice.com,false,
2024-12-05 18:00:00,Costa Rica,Costa Rica,CR,0.0,24.38,100.0,100.0,grupoice.com,false,
2024-12-05 19:00:00,Costa Rica,Costa Rica,CR,0.0,24.62,100.0,100.0,grupoice.com,false,
2024-12-05 20:00:00,Costa Rica,Costa Rica,CR,0.0,24.26,100.0,100.0,grupoice.com,false,
2024-12-05 21:00:00,Costa Rica,Costa Rica,CR,0.0,24.05,100.0,100.0,grupoice.com,false,
2024-12-05 22:00:00,Costa Rica,Costa Rica,CR,0.0,23.97,100.0,100.0,grupoice.com,false,
2024-12-05 23:00:00,Costa Rica,Costa Rica,CR,0.0,23.84,100.0,100.0,grupoice.com,false,
2024-12-06 00:00:00,Costa Rica,Costa Rica,CR,0.0,23.79,100.0,100.0,grupoice.com,false,
2024-12-06 01:00:00,Costa Rica,Costa Rica,CR,0.0,23.66,100.0,100.0,grupoice.com,false,
2024-12-06 02:00:00,Costa Rica,Costa Rica,CR,0.0,23.86,100.0,100.0,grupoice.com,false,
2024-12-06 03:00:00,Costa Rica,Costa Rica,CR,0.0,23.82,100.0,100.0,grupoice.com,false,
2024-12-06 04:00:00,Costa Rica,Costa Rica,CR,0.0,23.84,100.0,100.0,grupoice.com,false,
2024-12-06 05:00:00,Costa Rica,Costa Rica,CR,0.0,24.2,100.0,100.0,grupoice.com,false,
2024-12-06 06:00:00,Costa Rica,Costa Rica,CR,0.0,24.12,100.0,100.0,grupoice.com,false,
2024-12-06 07:00:00,Costa Rica,Costa Rica,CR,0.0,23.95,100.0,100.0,grupoice.com,false,
2024-12-06 08:00:00,Costa Rica,Costa Rica,CR,0.0,24.0,100.0,100.0,grupoice.com,false,
2024-12-06 09:00:00,Costa Rica,Costa Rica,CR,0.0,24.15,100.0,100.0,grupoice.com,false,
2024-12-06 10:00:00,Costa Rica,Costa Rica,CR,0.0,23.9,100.0,100.0,grupoice.com,false,
2024-12-06 11:00:00,Costa Rica,Costa Rica,CR,0.0,23.82,100.0,100.0,grupoice.com,false,
2024-12-06 12:00:00,Costa Rica,Costa Rica,CR,0.0,23.74,100.0,100.0,grupoice.com,false,
2024-12-06 13:00:00,Costa Rica,Costa Rica,CR,0.21,24.16,99.95,99.95,grupoice.com,false,
2024-12-06 14:00:00,Costa Rica,Costa Rica,CR,0.62,24.58,99.85,99.85,grupoice.com,false,
2024-12-06 15:00:00,Costa Rica,Costa Rica,CR,0.78,24.62,99.81,99.81,grupoice.com,false,
2024-12-06 16:00:00,Costa Rica,Costa Rica,CR,0.18,23.71,99.96,99.96,grupoice.com,false,
2024-12-06 17:00:00,Costa Rica,Costa Rica,CR,0.0,23.42,100.0,100.0,grupoice.com,false,
2024-12-06 18:00:00,Costa Rica,Costa Rica,CR,0.0,23.49,100.0,100.0,grupoice.com,false,
2024-12-06 19:00:00,Costa Rica,Costa Rica,CR,0.0,23.64,100.0,100.0,grupoice.com,false,
2024-12-06 20:00:00,Costa Rica,Costa Rica,CR,0.0,23.61,100.0,100.0,grupoice.com,false,
2024-12-06 21:00:00,Costa Rica,Costa Rica,CR,0.0,23.54,100.0,100.0,grupoice.com,false,
2024-12-06 22:00:00,Costa Rica,Costa Rica,CR,0.0,23.44,100.0,100.0,grupoice.com,false,
2024-12-06 23:00:00,Costa Rica,Costa Rica,CR,0.36,23.78,99.91,99.91,grupoice.com,false,
2024-12-07 00:00:00,Costa Rica,Costa Rica,CR,0.0,23.22,100.0,100.0,grupoice.com,false,
2024-12-07 01:00:00,Costa Rica,Costa Rica,CR,0.0,23.36,100.0,100.0,grupoice.com,false,
2024-12-07 02:00:00,Costa Rica,Costa Rica,CR,0.0,23.34,100.0,100.0,grupoice.com,false,
2024-12-07 03:00:00,Costa Rica,Costa Rica,CR,0.0,23.39,100.0,100.0,grupoice.com,false,
2024-12-07 04:00:00,Costa Rica,Costa Rica,CR,0.0,23.32,100.0,100.0,grupoice.com,false,
2024-12-07 05:00:00,Costa Rica,Costa Rica,CR,0.0,23.24,100.0,100.0,grupoice.com,false,
2024-12-07 06:00:00,Costa Rica,Costa Rica,CR,0.0,22.94,100.0,100.0,grupoice.com,false,
2024-12-07 07:00:00,Costa Rica,Costa Rica,CR,0.0,23.22,100.0,100.0,grupoice.com,false,
2024-12-07 08:00:00,Costa Rica,Costa Rica,CR,0.0,23.03,100.0,100.0,grupoice.com,false,
2024-12-07 09:00:00,Costa Rica,Costa Rica,CR,0.0,23.28,100.0,100.0,grupoice.com,false,
2024-12-07 10:00:00,Costa Rica,Costa Rica,CR,0.0,23.12,100.0,100.0,grupoice.com,false,
2024-12-07 11:00:00,Costa Rica,Costa Rica,CR,0.0,22.68,100.0,100.0,grupoice.com,false,
2024-12-07 12:00:00,Costa Rica,Costa Rica,CR,0.0,22.9,100.0,100.0,grupoice.com,false,
2024-12-07 13:00:00,Costa Rica,Costa Rica,CR,0.0,22.96,100.0,100.0,grupoice.com,false,
2024-12-07 14:00:00,Costa Rica,Costa Rica,CR,0.0,22.82,100.0,100.0,grupoice.com,false,
2024-12-07 15:00:00,Costa Rica,Costa Rica,CR,0.0,23.01,100.0,100.0,grupoice.com,false,
2024-12-07 16:00:00,Costa Rica,Costa Rica,CR,0.0,23.01,100.0,100.0,grupoice.com,false,
2024-12-07 17:00:00,Costa Rica,Costa Rica,CR,0.0,22.98,100.0,100.0,grupoice.com,false,
2024-12-07 18:00:00,Costa Rica,Costa Rica,CR,0.0,23.24,100.0,100.0,grupoice.com,false,
2024-12-07 19:00:00,Costa Rica,Costa Rica,CR,0.0,23.35,100.0,100.0,grupoice.com,false,
2024-12-07 20:00:00,Costa Rica,Costa Rica,CR,0.0,23.22,100.0,100.0,grupoice.com,false,
2024-12-07 21:00:00,Costa Rica,Costa Rica,CR,0.0,22.81,100.0,100.0,grupoice.com,false,
2024-12-07 22:00:00,Costa Rica,Costa Rica,CR,0.0,22.59,100.0,100.0,grupoice.com,false,
2024-12-07 23:00:00,Costa Rica,Costa Rica,CR,0.0,22.83,100.0,100.0,grupoice.com,false,
2024-12-08 00:00:00,Costa Rica,Costa Rica,CR,0.0,23.07,100.0,100.0,grupoice.com,false,
2024-12-08 01:00:00,Costa Rica,Costa Rica,CR,0.0,23.05,100.0,100.0,grupoice.com,false,
2024-12-08 02:00:00,Costa Rica,Costa Rica,CR,0.0,22.95,100.0,100.0,grupoice.com,false,
2024-12-08 03:00:00,Costa Rica,Costa Rica,CR,0.0,23.05,100.0,100.0,grupoice.com,false,
2024-12-08 04:00:00,Costa Rica,Costa Rica,CR,0.0,22.85,100.0,100.0,grupoice.com,false,
2024-12-08 05:00:00,Costa Rica,Costa Rica,CR,0.0,22.8,100.0,100.0,grupoice.com,false,
2024-12-08 06:00:00,Costa Rica,Costa Rica,CR,0.0,22.96,100.0,100.0,grupoice.com,false,
2024-12-08 07:00:00,Costa Rica,Costa Rica,CR,0.0,22.92,100.0,100.0,grupoice.com,false,
2024-12-08 08:00:00,Costa Rica,Costa Rica,CR,0.0,22.99,100.0,100.0,grupoice.com,false,
2024-12-08 09:00:00,Costa Rica,Costa Rica,CR,0.0,23.19,100.0,100.0,grupoice.com,false,
2024-12-08 10:00:00,Costa Rica,Costa Rica,CR,0.0,23.3,100.0,100.0,grupoice.com,false,
2024-12-08 11:00:00,Costa Rica,Costa Rica,CR,0.0,23.32,100.0,100.0,grupoice.com,false,
2024-12-08 12:00:00,Costa Rica,Costa Rica,CR,0.0,23.43,100.0,100.0,grupoice.com,false,
2024-12-08 13:00:00,Costa Rica,Costa Rica,CR,0.0,23.63,100.0,100.0,grupoice.com,false,
2024-12-08 14:00:00,Costa Rica,Costa Rica,CR,0.0,23.77,100.0,100.0,grupoice.com,false,
2024-12-08 15:00:00,Costa Rica,Costa Rica,CR,0.0,23.61,100.0,100.0,grupoice.com,false,
2024-12-08 16:00:00,Costa Rica,Costa Rica,CR,0.0,23.61,100.0,100.0,grupoice.com,false,
2024-12-08 17:00:00,Costa Rica,Costa Rica,CR,0.0,23.62,100.0,100.0,grupoice.com,false,
2024-12-08 18:00:00,Costa Rica,Costa Rica,CR,0.0,23.62,100.0,100.0,grupoice.com,false,
2024-12-08 19:00:00,Costa Rica,Costa Rica,CR,0.0,23.64,100.0,100.0,grupoice.com,false,
2024-12-08 20:00:00,Costa Rica,Costa Rica,CR,0.0,23.55,100.0,100.0,grupoice.com,false,
2024-12-08 21:00:00,Costa Rica,Costa Rica,CR,0.0,23.35,100.0,100.0,grupoice.com,false,
2024-12-08 22:00:00,Costa Rica,Costa Rica,CR,0.0,23.04,100.0,100.0,grupoice.com,false,
2024-12-08 23:00:00,Costa Rica,Costa Rica,CR,0.0,23.3,100.0,100.0,grupoice.com,false,
2024-12-09 00:00:00,Costa Rica,Costa Rica,CR,0.0,23.2,100.0,100.0,grupoice.com,false,
2024-12-09 01:00:00,Costa Rica,Costa Rica,CR,0.0,23.21,100.0,100.0,grupoice.com,false,
2024-12-09 02:00:00,Costa Rica,Costa Rica,CR,0.0,23.51,100.0,100.0,grupoice.com,false,
2024-12-09 03:00:00,Costa Rica,Costa Rica,CR,0.0,23.43,100.0,100.0,grupoice.com,false,
2024-12-09 04:00:00,Costa Rica,Costa Rica,CR,0.0,23.29,100.0,100.0,grupoice.com,false,
2024-12-09 05:00:00,Costa Rica,Costa Rica,CR,0.0,18.7,100.0,100.0,grupoice.com,false,
2024-12-09 06:00:00,Costa Rica,Costa Rica,CR,0.0,23.27,100.0,100.0,grupoice.com,false,
2024-12-09 07:00:00,Costa Rica,Costa Rica,CR,0.0,22.93,100.0,100.0,grupoice.com,false,
2024-12-09 08:00:00,Costa Rica,Costa Rica,CR,0.0,22.48,100.0,100.0,grupoice.com,false,
2024-12-09 09:00:00,Costa Rica,Costa Rica,CR,0.0,22.43,100.0,100.0,grupoice.com,false,
2024-12-09 10:00:00,Costa Rica,Costa Rica,CR,0.0,22.83,100.0,100.0,grupoice.com,false,
2024-12-09 11:00:00,Costa Rica,Costa Rica,CR,0.0,22.71,100.0,100.0,grupoice.com,false,
2024-12-09 12:00:00,Costa Rica,Costa Rica,CR,0.0,22.77,100.0,100.0,grupoice.com,false,
2024-12-09 13:00:00,Costa Rica,Costa Rica,CR,0.0,22.94,100.0,100.0,grupoice.com,false,
2024-12-09 14:00:00,Costa Rica,Costa Rica,CR,0.0,23.02,100.0,100.0,grupoice.com,false,
2024-12-09 15:00:00,Costa Rica,Costa Rica,CR,0.0,23.13,100.0,100.0,grupoice.com,false,
2024-12-09 16:00:00,Costa Rica,Costa Rica,CR,0.0,23.24,100.0,100.0,grupoice.com,false,
2024-12-09 17:00:00,Costa Rica,Costa Rica,CR,0.0,23.24,100.0,100.0,grupoice.com,false,
2024-12-09 18:00:00,Costa Rica,Costa Rica,CR,0.0,23.5,100.0,100.0,grupoice.com,false,
2024-12-09 19:00:00,Costa Rica,Costa Rica,CR,0.0,23.52,100.0,100.0,grupoice.com,false,
2024-12-09 20:00:00,Costa Rica,Costa Rica,CR,0.0,23.44,100.0,100.0,grupoice.com,false,
2024-12-09 21:00:00,Costa Rica,Costa Rica,CR,0.0,23.16,100.0,100.0,grupoice.com,false,
2024-12-09 22:00:00,Costa Rica,Costa Rica,CR,0.0,23.01,100.0,100.0,grupoice.com,false,
2024-12-09 23:00:00,Costa Rica,Costa Rica,CR,0.0,23.05,100.0,100.0,grupoice.com,false,
2024-12-10 00:00:00,Costa Rica,Costa Rica,CR,0.0,23.04,100.0,100.0,grupoice.com,false,
2024-12-10 01:00:00,Costa Rica,Costa Rica,CR,0.0,23.02,100.0,100.0,grupoice.com,false,
2024-12-10 02:00:00,Costa Rica,Costa Rica,CR,0.0,22.93,100.0,100.0,grupoice.com,false,
2024-12-10 03:00:00,Costa Rica,Costa Rica,CR,0.0,22.99,100.0,100.0,grupoice.com,false,
2024-12-10 04:00:00,Costa Rica,Costa Rica,CR,0.0,23.03,100.0,100.0,grupoice.com,false,
2024-12-10 05:00:00,Costa Rica,Costa Rica,CR,0.0,22.86,100.0,100.0,grupoice.com,false,
2024-12-10 06:00:00,Costa Rica,Costa Rica,CR,0.0,22.83,100.0,100.0,grupoice.com,false,
2024-12-10 07:00:00,Costa Rica,Costa Rica,CR,0.0,23.15,100.0,100.0,grupoice.com,false,
2024-12-10 08:00:00,Costa Rica,Costa Rica,CR,0.0,23.04,100.0,100.0,grupoice.com,false,
2024-12-10 09:00:00,Costa Rica,Costa Rica,CR,0.0,23.25,100.0,100.0,grupoice.com,false,
2024-12-10 10:00:00,Costa Rica,Costa Rica,CR,0.0,23.23,100.0,100.0,grupoice.com,false,
2024-12-10 11:00:00,Costa Rica,Costa Rica,CR,0.0,23.51,100.0,100.0,grupoice.com,false,
2024-12-10 12:00:00,Costa Rica,Costa Rica,CR,0.0,23.36,100.0,100.0,grupoice.com,false,
2024-12-10 13:00:00,Costa Rica,Costa Rica,CR,0.49,24.39,99.88,99.88,grupoice.com,false,
2024-12-10 14:00:00,Costa Rica,Costa Rica,CR,1.05,25.52,99.74,99.74,grupoice.com,false,
2024-12-10 15:00:00,Costa Rica,Costa Rica,CR,1.21,25.9,99.7,99.7,grupoice.com,false,
2024-12-10 16:00:00,Costa Rica,Costa Rica,CR,1.23,25.93,99.7,99.7,grupoice.com,false,
2024-12-10 17:00:00,Costa Rica,Costa Rica,CR,1.22,25.97,99.7,99.7,grupoice.com,false,
2024-12-10 18:00:00,Costa Rica,Costa Rica,CR,0.46,25.0,99.89,99.89,grupoice.com,false,
2024-12-10 19:00:00,Costa Rica,Costa Rica,CR,0.67,25.51,99.83,99.83,grupoice.com,false,
2024-12-10 20:00:00,Costa Rica,Costa Rica,CR,0.36,25.08,99.91,99.91,grupoice.com,false,
2024-12-10 21:00:00,Costa Rica,Costa Rica,CR,0.83,25.93,99.79,99.79,grupoice.com,false,
2024-12-10 22:00:00,Costa Rica,Costa Rica,CR,0.0,24.56,100.0,100.0,grupoice.com,false,
2024-12-10 23:00:00,Costa Rica,Costa Rica,CR,0.1,24.43,99.98,99.98,grupoice.com,false,
2024-12-11 00:00:00,Costa Rica,Costa Rica,CR,0.56,24.93,99.86,99.86,grupoice.com,false,
2024-12-11 01:00:00,Costa Rica,Costa Rica,CR,0.0,24.01,100.0,100.0,grupoice.com,false,
2024-12-11 02:00:00,Costa Rica,Costa Rica,CR,0.0,24.07,100.0,100.0,grupoice.com,false,
2024-12-11 03:00:00,Costa Rica,Costa Rica,CR,0.0,24.24,100.0,100.0,grupoice.com,false,
2024-12-11 04:00:00,Costa Rica,Costa Rica,CR,0.0,24.32,100.0,100.0,grupoice.com,false,
2024-12-11 05:00:00,Costa Rica,Costa Rica,CR,0.0,24.31,100.0,100.0,grupoice.com,false,
2024-12-11 06:00:00,Costa Rica,Costa Rica,CR,0.0,24.51,100.0,100.0,grupoice.com,false,
2024-12-11 07:00:00,Costa Rica,Costa Rica,CR,0.0,24.4,100.0,100.0,grupoice.com,false,
2024-12-11 08:00:00,Costa Rica,Costa Rica,CR,0.0,24.03,100.0,100.0,grupoice.com,false,
2024-12-11 09:00:00,Costa Rica,Costa Rica,CR,0.0,24.07,100.0,100.0,grupoice.com,false,
2024-12-11 10:00:00,Costa Rica,Costa Rica,CR,0.0,23.8,100.0,100.0,grupoice.com,false,
2024-12-11 11:00:00,Costa Rica,Costa Rica,CR,0.0,23.58,100.0,100.0,grupoice.com,false,
2024-12-11 12:00:00,Costa Rica,Costa Rica,CR,0.0,23.45,100.0,100.0,grupoice.com,false,
2024-12-11 13:00:00,Costa Rica,Costa Rica,CR,0.0,23.55,100.0,100.0,grupoice.com,false,
2024-12-11 14:00:00,Costa Rica,Costa Rica,CR,0.0,23.57,100.0,100.0,grupoice.com,false,
2024-12-11 15:00:00,Costa Rica,Costa Rica,CR,0.0,23.58,100.0,100.0,grupoice.com,false,
2024-12-11 16:00:00,Costa Rica,Costa Rica,CR,0.0,23.42,100.0,100.0,grupoice.com,false,
2024-12-11 17:00:00,Costa Rica,Costa Rica,CR,0.04,23.67,99.99,99.99,grupoice.com,false,
2024-12-11 18:00:00,Costa Rica,Costa Rica,CR,0.74,24.43,99.82,99.82,grupoice.com,false,
2024-12-11 19:00:00,Costa Rica,Costa Rica,CR,0.02,23.18,100.0,100.0,grupoice.com,false,
2024-12-11 20:00:00,Costa Rica,Costa Rica,CR,0.76,24.3,99.81,99.81,grupoice.com,false,
2024-12-11 21:00:00,Costa Rica,Costa Rica,CR,0.14,23.26,99.97,99.97,grupoice.com,false,
2024-12-11 22:00:00,Costa Rica,Costa Rica,CR,0.0,23.05,100.0,100.0,grupoice.com,false,
2024-12-11 23:00:00,Costa Rica,Costa Rica,CR,0.0,22.93,100.0,100.0,grupoice.com,false,
2024-12-12 00:00:00,Costa Rica,Costa Rica,CR,0.0,22.97,100.0,100.0,grupoice.com,false,
2024-12-12 01:00:00,Costa Rica,Costa Rica,CR,0.0,23.1,100.0,100.0,grupoice.com,false,
2024-12-12 02:00:00,Costa Rica,Costa Rica,CR,0.0,23.25,100.0,100.0,grupoice.com,false,
2024-12-12 03:00:00,Costa Rica,Costa Rica,CR,0.0,23.19,100.0,100.0,grupoice.com,false,
2024-12-12 04:00:00,Costa Rica,Costa Rica,CR,0.0,23.37,100.0,100.0,grupoice.com,false,
2024-12-12 05:00:00,Costa Rica,Costa Rica,CR,0.0,23.36,100.0,100.0,grupoice.com,false,
2024-12-12 06:00:00,Costa Rica,Costa Rica,CR,0.0,23.39,100.0,100.0,grupoice.com,false,
2024-12-12 07:00:00,Costa Rica,Costa Rica,CR,0.0,23.18,100.0,100.0,grupoice.com,false,
2024-12-12 08:00:00,Costa Rica,Costa Rica,CR,0.0,23.18,100.0,100.0,grupoice.com,false,
2024-12-12 09:00:00,Costa Rica,Costa Rica,CR,0.0,23.42,100.0,100.0,grupoice.com,false,
2024-12-12 10:00:00,Costa Rica,Costa Rica,CR,0.0,23.39,100.0,100.0,grupoice.com,false,
2024-12-12 11:00:00,Costa Rica,Costa Rica,CR,0.0,23.1,100.0,100.0,grupoice.com,false,
2024-12-12 12:00:00,Costa Rica,Costa Rica,CR,0.0,23.1,100.0,100.0,grupoice.com,false,
2024-12-12 13:00:00,Costa Rica,Costa Rica,CR,0.0,23.19,100.0,100.0,grupoice.com,false,
2024-12-12 14:00:00,Costa Rica,Costa Rica,CR,0.0,23.22,100.0,100.0,grupoice.com,false,
2024-12-12 15:00:00,Costa Rica,Costa Rica,CR,0.0,23.24,100.0,100.0,grupoice.com,false,
2024-12-12 16:00:00,Costa Rica,Costa Rica,CR,0.0,23.39,100.0,100.0,grupoice.com,false,
2024-12-12 17:00:00,Costa Rica,Costa Rica,CR,0.0,23.53,100.0,100.0,grupoice.com,false,
2024-12-12 18:00:00,Costa Rica,Costa Rica,CR,0.0,23.53,100.0,100.0,grupoice.com,false,
2024-12-12 19:00:00,Costa Rica,Costa Rica,CR,0.0,23.57,100.0,100.0,grupoice.com,false,
2024-12-12 20:00:00,Costa Rica,Costa Rica,CR,0.0,23.37,100.0,100.0,grupoice.com,false,
2024-12-12 21:00:00,Costa Rica,Costa Rica,CR,0.0,23.23,100.0,100.0,grupoice.com,false,
2024-12-12 22:00:00,Costa Rica,Costa Rica,CR,0.0,23.13,100.0,100.0,grupoice.com,false,
2024-12-12 23:00:00,Costa Rica,Costa Rica,CR,0.0,23.09,100.0,100.0,grupoice.com,false,
2024-12-13 00:00:00,Costa Rica,Costa Rica,CR,0.0,23.13,100.0,100.0,grupoice.com,false,
2024-12-13 01:00:00,Costa Rica,Costa Rica,CR,0.0,23.06,100.0,100.0,grupoice.com,false,
2024-12-13 02:00:00,Costa Rica,Costa Rica,CR,0.0,23.06,100.0,100.0,grupoice.com,false,
2024-12-13 03:00:00,Costa Rica,Costa Rica,CR,0.0,22.94,100.0,100.0,grupoice.com,false,
2024-12-13 04:00:00,Costa Rica,Costa Rica,CR,0.0,22.98,100.0,100.0,grupoice.com,false,
2024-12-13 05:00:00,Costa Rica,Costa Rica,CR,0.0,22.95,100.0,100.0,grupoice.com,false,
2024-12-13 06:00:00,Costa Rica,Costa Rica,CR,0.0,23.03,100.0,100.0,grupoice.com,false,
2024-12-13 07:00:00,Costa Rica,Costa Rica,CR,0.0,22.94,100.0,100.0,grupoice.com,false,
2024-12-13 08:00:00,Costa Rica,Costa Rica,CR,0.0,23.06,100.0,100.0,grupoice.com,false,
2024-12-13 09:00:00,Costa Rica,Costa Rica,CR,0.0,23.1,100.0,100.0,grupoice.com,false,
2024-12-13 10:00:00,Costa Rica,Costa Rica,CR,0.0,23.08,100.0,100.0,grupoice.com,false,
2024-12-13 11:00:00,Costa Rica,Costa Rica,CR,0.0,23.07,100.0,100.0,grupoice.com,false,
2024-12-13 12:00:00,Costa Rica,Costa Rica,CR,0.0,23.05,100.0,100.0,grupoice.com,false,
2024-12-13 13:00:00,Costa Rica,Costa Rica,CR,0.0,23.11,100.0,100.0,grupoice.com,false,
2024-12-13 14:00:00,Costa Rica,Costa Rica,CR,0.0,23.05,100.0,100.0,grupoice.com,false,
2024-12-13 15:00:00,Costa Rica,Costa Rica,CR,0.0,23.03,100.0,100.0,grupoice.com,false,
2024-12-13 16:00:00,Costa Rica,Costa Rica,CR,0.0,22.82,100.0,100.0,grupoice.com,false,
2024-12-13 17:00:00,Costa Rica,Costa Rica,CR,0.0,22.85,100.0,100.0,grupoice.com,false,
2024-12-13 18:00:00,Costa Rica,Costa Rica,CR,0.0,22.93,100.0,100.0,grupoice.com,false,
2024-12-13 19:00:00,Costa Rica,Costa Rica,CR,0.0,23.02,100.0,100.0,grupoice.com,false,
2024-12-13 20:00:00,Costa Rica,Costa Rica,CR,0.0,22.93,100.0,100.0,grupoice.com,false,
2024-12-13 21:00:00,Costa Rica,Costa Rica,CR,0.0,22.83,100.0,100.0,grupoice.com,false,
2024-12-13 22:00:00,Costa Rica,Costa Rica,CR,0.0,22.74,100.0,100.0,grupoice.com,false,
2024-12-13 23:00:00,Costa Rica,Costa Rica,CR,0.0,22.76,100.0,100.0,grupoice.com,false,
2024-12-14 00:00:00,Costa Rica,Costa Rica,CR,0.0,22.88,100.0,100.0,grupoice.com,false,
2024-12-14 01:00:00,Costa Rica,Costa Rica,CR,0.0,22.98,100.0,100.0,grupoice.com,false,
2024-12-14 02:00:00,Costa Rica,Costa Rica,CR,0.0,22.85,100.0,100.0,grupoice.com,false,
2024-12-14 03:00:00,Costa Rica,Costa Rica,CR,0.0,22.84,100.0,100.0,grupoice.com,false,
2024-12-14 04:00:00,Costa Rica,Costa Rica,CR,0.0,22.91,100.0,100.0,grupoice.com,false,
2024-12-14 05:00:00,Costa Rica,Costa Rica,CR,0.0,22.96,100.0,100.0,Electricity Maps Estimation,true,ESTIMATED_TIME_SLICER_AVERAGE
2024-12-14 06:00:00,Costa Rica,Costa Rica,CR,0.0,23.02,100.0,100.0,grupoice.com,false,
2024-12-14 07:00:00,Costa Rica,Costa Rica,CR,0.0,22.87,100.0,100.0,grupoice.com,false,
2024-12-14 08:00:00,Costa Rica,Costa Rica,CR,0.0,22.88,100.0,100.0,grupoice.com,false,
2024-12-14 09:00:00,Costa Rica,Costa Rica,CR,0.0,22.95,100.0,100.0,grupoice.com,false,
2024-12-14 10:00:00,Costa Rica,Costa Rica,CR,0.0,22.99,100.0,100.0,grupoice.com,false,
2024-12-14 11:00:00,Costa Rica,Costa Rica,CR,0.0,22.87,100.0,100.0,grupoice.com,false,
2024-12-14 12:00:00,Costa Rica,Costa Rica,CR,0.0,22.92,100.0,100.0,grupoice.com,false,
2024-12-14 13:00:00,Costa Rica,Costa Rica,CR,0.0,23.01,100.0,100.0,grupoice.com,false,
2024-12-14 14:00:00,Costa Rica,Costa Rica,CR,0.0,22.89,100.0,100.0,grupoice.com,false,
2024-12-14 15:00:00,Costa Rica,Costa Rica,CR,0.0,22.98,100.0,100.0,grupoice.com,false,
2024-12-14 16:00:00,Costa Rica,Costa Rica,CR,0.0,23.07,100.0,100.0,grupoice.com,false,
2024-12-14 17:00:00,Costa Rica,Costa Rica,CR,0.0,23.27,100.0,100.0,grupoice.com,false,
2024-12-14 18:00:00,Costa Rica,Costa Rica,CR,0.0,23.44,100.0,100.0,grupoice.com,false,
2024-12-14 19:00:00,Costa Rica,Costa Rica,CR,0.0,23.4,100.0,100.0,grupoice.com,false,
2024-12-14 20:00:00,Costa Rica,Costa Rica,CR,0.0,23.4,100.0,100.0,grupoice.com,false,
2024-12-14 21:00:00,Costa Rica,Costa Rica,CR,0.0,23.45,100.0,100.0,grupoice.com,false,
2024-12-14 22:00:00,Costa Rica,Costa Rica,CR,0.0,23.44,100.0,100.0,grupoice.com,false,
2024-12-14 23:00:00,Costa Rica,Costa Rica,CR,0.0,23.35,100.0,100.0,grupoice.com,false,
2024-12-15 00:00:00,Costa Rica,Costa Rica,CR,0.0,23.21,100.0,100.0,grupoice.com,false,
2024-12-15 01:00:00,Costa Rica,Costa Rica,CR,0.0,23.17,100.0,100.0,grupoice.com,false,
2024-12-15 02:00:00,Costa Rica,Costa Rica,CR,0.0,23.17,100.0,100.0,grupoice.com,false,
2024-12-15 03:00:00,Costa Rica,Costa Rica,CR,0.0,23.11,100.0,100.0,grupoice.com,false,
2024-12-15 04:00:00,Costa Rica,Costa Rica,CR,0.0,23.23,100.0,100.0,grupoice.com,false,
2024-12-15 05:00:00,Costa Rica,Costa Rica,CR,0.0,23.27,100.0,100.0,grupoice.com,false,
2024-12-15 06:00:00,Costa Rica,Costa Rica,CR,0.0,23.16,100.0,100.0,grupoice.com,false,
2024-12-15 07:00:00,Costa Rica,Costa Rica,CR,0.0,22.93,100.0,100.0,grupoice.com,false,
2024-12-15 08:00:00,Costa Rica,Costa Rica,CR,0.0,23.28,100.0,100.0,grupoice.com,false,
2024-12-15 09:00:00,Costa Rica,Costa Rica,CR,0.0,23.35,100.0,100.0,grupoice.com,false,
2024-12-15 10:00:00,Costa Rica,Costa Rica,CR,0.0,23.39,100.0,100.0,grupoice.com,false,
2024-12-15 11:00:00,Costa Rica,Costa Rica,CR,0.0,23.31,100.0,100.0,grupoice.com,false,
2024-12-15 12:00:00,Costa Rica,Costa Rica,CR,0.0,23.11,100.0,100.0,grupoice.com,false,
2024-12-15 13:00:00,Costa Rica,Costa Rica,CR,0.0,23.32,100.0,100.0,grupoice.com,false,
2024-12-15 14:00:00,Costa Rica,Costa Rica,CR,0.0,23.26,100.0,100.0,grupoice.com,false,
2024-12-15 15:00:00,Costa Rica,Costa Rica,CR,0.0,23.21,100.0,100.0,grupoice.com,false,
2024-12-15 16:00:00,Costa Rica,Costa Rica,CR,0.0,23.28,100.0,100.0,grupoice.com,false,
2024-12-15 17:00:00,Costa Rica,Costa Rica,CR,0.0,23.29,100.0,100.0,grupoice.com,false,
2024-12-15 18:00:00,Costa Rica,Costa Rica,CR,0.0,23.26,100.0,100.0,grupoice.com,false,
2024-12-15 19:00:00,Costa Rica,Costa Rica,CR,0.0,23.21,100.0,100.0,grupoice.com,false,
2024-12-15 20:00:00,Costa Rica,Costa Rica,CR,0.0,23.27,100.0,100.0,grupoice.com,false,
2024-12-15 21:00:00,Costa Rica,Costa Rica,CR,0.0,23.31,100.0,100.0,grupoice.com,false,
2024-12-15 22:00:00,Costa Rica,Costa Rica,CR,0.0,23.23,100.0,100.0,grupoice.com,false,
2024-12-15 23:00:00,Costa Rica,Costa Rica,CR,0.0,22.86,100.0,100.0,grupoice.com,false,
2024-12-16 00:00:00,Costa Rica,Costa Rica,CR,0.0,22.67,100.0,100.0,grupoice.com,false,
2024-12-16 01:00:00,Costa Rica,Costa Rica,CR,0.0,22.66,100.0,100.0,grupoice.com,false,
2024-12-16 02:00:00,Costa Rica,Costa Rica,CR,0.0,22.61,100.0,100.0,grupoice.com,false,
2024-12-16 03:00:00,Costa Rica,Costa Rica,CR,0.0,22.57,100.0,100.0,grupoice.com,false,
2024-12-16 04:00:00,Costa Rica,Costa Rica,CR,0.0,22.57,100.0,100.0,grupoice.com,false,
2024-12-16 05:00:00,Costa Rica,Costa Rica,CR,0.0,22.5,100.0,100.0,grupoice.com,false,
2024-12-16 06:00:00,Costa Rica,Costa Rica,CR,0.0,22.39,100.0,100.0,grupoice.com,false,
2024-12-16 07:00:00,Costa Rica,Costa Rica,CR,0.0,22.33,100.0,100.0,grupoice.com,false,
2024-12-16 08:00:00,Costa Rica,Costa Rica,CR,0.0,22.37,100.0,100.0,grupoice.com,false,
2024-12-16 09:00:00,Costa Rica,Costa Rica,CR,0.0,22.4,100.0,100.0,grupoice.com,false,
2024-12-16 10:00:00,Costa Rica,Costa Rica,CR,0.0,22.48,100.0,100.0,grupoice.com,false,
2024-12-16 11:00:00,Costa Rica,Costa Rica,CR,0.0,22.64,100.0,100.0,grupoice.com,false,
2024-12-16 12:00:00,Costa Rica,Costa Rica,CR,0.0,22.87,100.0,100.0,grupoice.com,false,
2024-12-16 13:00:00,Costa Rica,Costa Rica,CR,0.0,23.05,100.0,100.0,grupoice.com,false,
2024-12-16 14:00:00,Costa Rica,Costa Rica,CR,0.0,23.09,100.0,100.0,grupoice.com,false,
2024-12-16 15:00:00,Costa Rica,Costa Rica,CR,0.44,23.88,99.89,99.89,grupoice.com,false,
2024-12-16 16:00:00,Costa Rica,Costa Rica,CR,8.62,36.56,97.88,97.88,grupoice.com,false,
2024-12-16 17:00:00,Costa Rica,Costa Rica,CR,1.76,26.98,99.57,99.57,grupoice.com,false,
2024-12-16 18:00:00,Costa Rica,Costa Rica,CR,0.0,24.78,100.0,100.0,grupoice.com,false,
2024-12-16 19:00:00,Costa Rica,Costa Rica,CR,0.0,24.92,100.0,100.0,grupoice.com,false,
2024-12-16 20:00:00,Costa Rica,Costa Rica,CR,0.0,24.91,100.0,100.0,grupoice.com,false,
2024-12-16 21:00:00,Costa Rica,Costa Rica,CR,0.0,25.02,100.0,100.0,grupoice.com,false,
2024-12-16 22:00:00,Costa Rica,Costa Rica,CR,0.0,25.05,100.0,100.0,grupoice.com,false,
2024-12-16 23:00:00,Costa Rica,Costa Rica,CR,0.0,24.9,100.0,100.0,grupoice.com,false,
2024-12-17 00:00:00,Costa Rica,Costa Rica,CR,0.0,24.82,100.0,100.0,grupoice.com,false,
2024-12-17 01:00:00,Costa Rica,Costa Rica,CR,0.0,24.57,100.0,100.0,grupoice.com,false,
2024-12-17 02:00:00,Costa Rica,Costa Rica,CR,0.0,25.03,100.0,100.0,grupoice.com,false,
2024-12-17 03:00:00,Costa Rica,Costa Rica,CR,0.0,24.97,100.0,100.0,grupoice.com,false,
2024-12-17 04:00:00,Costa Rica,Costa Rica,CR,0.0,24.71,100.0,100.0,grupoice.com,false,
2024-12-17 05:00:00,Costa Rica,Costa Rica,CR,0.0,24.9,100.0,100.0,grupoice.com,false,
2024-12-17 06:00:00,Costa Rica,Costa Rica,CR,0.0,25.41,100.0,100.0,grupoice.com,false,
2024-12-17 07:00:00,Costa Rica,Costa Rica,CR,0.0,25.03,100.0,100.0,grupoice.com,false,
2024-12-17 08:00:00,Costa Rica,Costa Rica,CR,0.0,24.96,100.0,100.0,grupoice.com,false,
2024-12-17 09:00:00,Costa Rica,Costa Rica,CR,0.0,25.04,100.0,100.0,grupoice.com,false,
2024-12-17 10:00:00,Costa Rica,Costa Rica,CR,0.0,25.08,100.0,100.0,grupoice.com,false,
2024-12-17 11:00:00,Costa Rica,Costa Rica,CR,0.0,25.14,100.0,100.0,grupoice.com,false,
2024-12-17 12:00:00,Costa Rica,Costa Rica,CR,0.0,25.13,100.0,100.0,grupoice.com,false,
2024-12-17 13:00:00,Costa Rica,Costa Rica,CR,0.0,25.1,100.0,100.0,grupoice.com,false,
2024-12-17 14:00:00,Costa Rica,Costa Rica,CR,0.0,24.66,100.0,100.0,grupoice.com,false,
2024-12-17 15:00:00,Costa Rica,Costa Rica,CR,0.0,24.74,100.0,100.0,grupoice.com,false,
2024-12-17 16:00:00,Costa Rica,Costa Rica,CR,0.0,24.92,100.0,100.0,grupoice.com,false,
2024-12-17 17:00:00,Costa Rica,Costa Rica,CR,0.0,25.3,100.0,100.0,grupoice.com,false,
2024-12-17 18:00:00,Costa Rica,Costa Rica,CR,0.0,25.24,100.0,100.0,grupoice.com,false,
2024-12-17 19:00:00,Costa Rica,Costa Rica,CR,0.0,25.4,100.0,100.0,grupoice.com,false,
2024-12-17 20:00:00,Costa Rica,Costa Rica,CR,0.0,25.34,100.0,100.0,grupoice.com,false,
2024-12-17 21:00:00,Costa Rica,Costa Rica,CR,0.0,25.03,100.0,100.0,grupoice.com,false,
2024-12-17 22:00:00,Costa Rica,Costa Rica,CR,0.0,24.85,100.0,100.0,grupoice.com,false,
2024-12-17 23:00:00,Costa Rica,Costa Rica,CR,0.0,24.72,100.0,100.0,grupoice.com,false,
2024-12-18 00:00:00,Costa Rica,Costa Rica,CR,0.0,24.5,100.0,100.0,grupoice.com,false,
2024-12-18 01:00:00,Costa Rica,Costa Rica,CR,0.0,24.21,100.0,100.0,grupoice.com,false,
2024-12-18 02:00:00,Costa Rica,Costa Rica,CR,0.0,24.45,100.0,100.0,grupoice.com,false,
2024-12-18 03:00:00,Costa Rica,Costa Rica,CR,0.0,24.79,100.0,100.0,grupoice.com,false,
2024-12-18 04:00:00,Costa Rica,Costa Rica,CR,0.0,24.85,100.0,100.0,grupoice.com,false,
2024-12-18 05:00:00,Costa Rica,Costa Rica,CR,0.0,24.9,100.0,100.0,grupoice.com,false,
2024-12-18 06:00:00,Costa Rica,Costa Rica,CR,0.0,25.26,100.0,100.0,grupoice.com,false,
2024-12-18 07:00:00,Costa Rica,Costa Rica,CR,0.0,24.97,100.0,100.0,grupoice.com,false,
2024-12-18 08:00:00,Costa Rica,Costa Rica,CR,0.0,24.95,100.0,100.0,grupoice.com,false,
2024-12-18 09:00:00,Costa Rica,Costa Rica,CR,0.0,25.09,100.0,100.0,grupoice.com,false,
2024-12-18 10:00:00,Costa Rica,Costa Rica,CR,0.0,25.15,100.0,100.0,grupoice.com,false,
2024-12-18 11:00:00,Costa Rica,Costa Rica,CR,0.0,25.21,100.0,100.0,grupoice.com,false,
2024-12-18 12:00:00,Costa Rica,Costa Rica,CR,0.0,24.9,100.0,100.0,grupoice.com,false,
2024-12-18 13:00:00,Costa Rica,Costa Rica,CR,0.0,25.01,100.0,100.0,grupoice.com,false,
2024-12-18 14:00:00,Costa Rica,Costa Rica,CR,0.0,25.15,100.0,100.0,grupoice.com,false,
2024-12-18 15:00:00,Costa Rica,Costa Rica,CR,0.0,25.11,100.0,100.0,grupoice.com,false,
2024-12-18 16:00:00,Costa Rica,Costa Rica,CR,0.0,24.92,100.0,100.0,grupoice.com,false,
2024-12-18 17:00:00,Costa Rica,Costa Rica,CR,0.0,24.9,100.0,100.0,grupoice.com,false,
2024-12-18 18:00:00,Costa Rica,Costa Rica,CR,0.0,25.0,100.0,100.0,grupoice.com,false,
2024-12-18 19:00:00,Costa Rica,Costa Rica,CR,0.0,25.14,100.0,100.0,grupoice.com,false,
2024-12-18 20:00:00,Costa Rica,Costa Rica,CR,0.0,25.2,100.0,100.0,grupoice.com,false,
2024-12-18 21:00:00,Costa Rica,Costa Rica,CR,0.0,25.19,100.0,100.0,grupoice.com,false,
2024-12-18 22:00:00,Costa Rica,Costa Rica,CR,0.0,25.32,100.0,100.0,grupoice.com,false,
2024-12-18 23:00:00,Costa Rica,Costa Rica,CR,0.0,25.32,100.0,100.0,grupoice.com,false,
2024-12-19 00:00:00,Costa Rica,Costa Rica,CR,0.0,25.09,100.0,100.0,grupoice.com,false,
2024-12-19 01:00:00,Costa Rica,Costa Rica,CR,0.0,25.08,100.0,100.0,grupoice.com,false,
2024-12-19 02:00:00,Costa Rica,Costa Rica,CR,0.0,25.23,100.0,100.0,grupoice.com,false,
2024-12-19 03:00:00,Costa Rica,Costa Rica,CR,0.0,25.33,100.0,100.0,grupoice.com,false,
2024-12-19 04:00:00,Costa Rica,Costa Rica,CR,0.0,25.27,100.0,100.0,grupoice.com,false,
2024-12-19 05:00:00,Costa Rica,Costa Rica,CR,0.0,25.19,100.0,100.0,grupoice.com,false,
2024-12-19 06:00:00,Costa Rica,Costa Rica,CR,0.0,25.41,100.0,100.0,grupoice.com,false,
2024-12-19 07:00:00,Costa Rica,Costa Rica,CR,0.0,25.05,100.0,100.0,grupoice.com,false,
2024-12-19 08:00:00,Costa Rica,Costa Rica,CR,0.0,25.22,100.0,100.0,grupoice.com,false,
2024-12-19 09:00:00,Costa Rica,Costa Rica,CR,0.0,25.07,100.0,100.0,grupoice.com,false,
2024-12-19 10:00:00,Costa Rica,Costa Rica,CR,0.0,24.82,100.0,100.0,grupoice.com,false,
2024-12-19 11:00:00,Costa Rica,Costa Rica,CR,0.0,24.66,100.0,100.0,grupoice.com,false,
2024-12-19 12:00:00,Costa Rica,Costa Rica,CR,0.0,25.03,100.0,100.0,grupoice.com,false,
2024-12-19 13:00:00,Costa Rica,Costa Rica,CR,0.0,24.94,100.0,100.0,grupoice.com,false,
2024-12-19 14:00:00,Costa Rica,Costa Rica,CR,0.0,24.89,100.0,100.0,grupoice.com,false,
2024-12-19 15:00:00,Costa Rica,Costa Rica,CR,0.0,25.03,100.0,100.0,grupoice.com,false,
2024-12-19 16:00:00,Costa Rica,Costa Rica,CR,0.12,25.17,99.97,99.97,grupoice.com,false,
2024-12-19 17:00:00,Costa Rica,Costa Rica,CR,0.85,26.36,99.79,99.79,grupoice.com,false,
2024-12-19 18:00:00,Costa Rica,Costa Rica,CR,1.14,26.43,99.72,99.72,grupoice.com,false,
2024-12-19 19:00:00,Costa Rica,Costa Rica,CR,1.17,26.42,99.71,99.71,grupoice.com,false,
2024-12-19 20:00:00,Costa Rica,Costa Rica,CR,1.23,26.05,99.7,99.7,grupoice.com,false,
2024-12-19 21:00:00,Costa Rica,Costa Rica,CR,1.31,25.86,99.68,99.68,grupoice.com,false,
2024-12-19 22:00:00,Costa Rica,Costa Rica,CR,0.67,24.68,99.83,99.83,grupoice.com,false,
2024-12-19 23:00:00,Costa Rica,Costa Rica,CR,0.0,23.53,100.0,100.0,grupoice.com,false,
2024-12-20 00:00:00,Costa Rica,Costa Rica,CR,0.0,22.98,100.0,100.0,grupoice.com,false,
2024-12-20 01:00:00,Costa Rica,Costa Rica,CR,0.0,23.03,100.0,100.0,grupoice.com,false,
2024-12-20 02:00:00,Costa Rica,Costa Rica,CR,0.0,23.19,100.0,100.0,grupoice.com,false,
2024-12-20 03:00:00,Costa Rica,Costa Rica,CR,0.0,23.43,100.0,100.0,grupoice.com,false,
2024-12-20 04:00:00,Costa Rica,Costa Rica,CR,0.0,24.13,100.0,100.0,grupoice.com,false,
2024-12-20 05:00:00,Costa Rica,Costa Rica,CR,0.0,22.26,100.0,100.0,grupoice.com,false,
2024-12-20 06:00:00,Costa Rica,Costa Rica,CR,0.0,26.67,100.0,100.0,grupoice.com,false,
2024-12-20 07:00:00,Costa Rica,Costa Rica,CR,0.0,26.54,100.0,100.0,grupoice.com,false,
2024-12-20 08:00:00,Costa Rica,Costa Rica,CR,0.0,26.5,100.0,100.0,grupoice.com,false,
2024-12-20 09:00:00,Costa Rica,Costa Rica,CR,0.0,26.51,100.0,100.0,grupoice.com,false,
2024-12-20 10:00:00,Costa Rica,Costa Rica,CR,0.0,26.03,100.0,100.0,grupoice.com,false,
2024-12-20 11:00:00,Costa Rica,Costa Rica,CR,0.0,26.38,100.0,100.0,grupoice.com,false,
2024-12-20 12:00:00,Costa Rica,Costa Rica,CR,0.0,26.32,100.0,100.0,grupoice.com,false,
2024-12-20 13:00:00,Costa Rica,Costa Rica,CR,0.0,26.13,100.0,100.0,grupoice.com,false,
2024-12-20 14:00:00,Costa Rica,Costa Rica,CR,0.0,25.95,100.0,100.0,grupoice.com,false,
2024-12-20 15:00:00,Costa Rica,Costa Rica,CR,0.0,25.44,100.0,100.0,grupoice.com,false,
2024-12-20 16:00:00,Costa Rica,Costa Rica,CR,0.0,25.57,100.0,100.0,grupoice.com,false,
2024-12-20 17:00:00,Costa Rica,Costa Rica,CR,0.0,25.62,100.0,100.0,grupoice.com,false,
2024-12-20 18:00:00,Costa Rica,Costa Rica,CR,0.0,25.48,100.0,100.0,grupoice.com,false,
2024-12-20 19:00:00,Costa Rica,Costa Rica,CR,0.0,25.23,100.0,100.0,grupoice.com,false,
2024-12-20 20:00:00,Costa Rica,Costa Rica,CR,0.0,25.47,100.0,100.0,grupoice.com,false,
2024-12-20 21:00:00,Costa Rica,Costa Rica,CR,0.0,25.02,100.0,100.0,grupoice.com,false,
2024-12-20 22:00:00,Costa Rica,Costa Rica,CR,0.0,25.04,100.0,100.0,grupoice.com,false,
2024-12-20 23:00:00,Costa Rica,Costa Rica,CR,0.0,24.92,100.0,100.0,grupoice.com,false,
2024-12-21 00:00:00,Costa Rica,Costa Rica,CR,0.0,24.97,100.0,100.0,grupoice.com,false,
2024-12-21 01:00:00,Costa Rica,Costa Rica,CR,0.0,24.9,100.0,100.0,grupoice.com,false,
2024-12-21 02:00:00,Costa Rica,Costa Rica,CR,0.0,25.05,100.0,100.0,grupoice.com,false,
2024-12-21 03:00:00,Costa Rica,Costa Rica,CR,0.0,24.91,100.0,100.0,grupoice.com,false,
2024-12-21 04:00:00,Costa Rica,Costa Rica,CR,0.0,25.0,100.0,100.0,grupoice.com,false,
2024-12-21 05:00:00,Costa Rica,Costa Rica,CR,0.0,24.99,100.0,100.0,grupoice.com,false,
2024-12-21 06:00:00,Costa Rica,Costa Rica,CR,0.0,25.05,100.0,100.0,grupoice.com,false,
2024-12-21 07:00:00,Costa Rica,Costa Rica,CR,0.0,24.86,100.0,100.0,grupoice.com,false,
2024-12-21 08:00:00,Costa Rica,Costa Rica,CR,0.0,24.7,100.0,100.0,grupoice.com,false,
2024-12-21 09:00:00,Costa Rica,Costa Rica,CR,0.0,24.83,100.0,100.0,grupoice.com,false,
2024-12-21 10:00:00,Costa Rica,Costa Rica,CR,0.0,24.83,100.0,100.0,grupoice.com,false,
2024-12-21 11:00:00,Costa Rica,Costa Rica,CR,0.0,24.56,100.0,100.0,grupoice.com,false,
2024-12-21 12:00:00,Costa Rica,Costa Rica,CR,0.0,24.5,100.0,100.0,grupoice.com,false,
2024-12-21 13:00:00,Costa Rica,Costa Rica,CR,0.0,24.67,100.0,100.0,grupoice.com,false,
2024-12-21 14:00:00,Costa Rica,Costa Rica,CR,0.0,24.82,100.0,100.0,grupoice.com,false,
2024-12-21 15:00:00,Costa Rica,Costa Rica,CR,0.0,24.68,100.0,100.0,grupoice.com,false,
2024-12-21 16:00:00,Costa Rica,Costa Rica,CR,0.0,24.71,100.0,100.0,grupoice.com,false,
2024-12-21 17:00:00,Costa Rica,Costa Rica,CR,0.0,24.64,100.0,100.0,grupoice.com,false,
2024-12-21 18:00:00,Costa Rica,Costa Rica,CR,0.0,24.48,100.0,100.0,grupoice.com,false,
2024-12-21 19:00:00,Costa Rica,Costa Rica,CR,0.0,24.71,100.0,100.0,grupoice.com,false,
2024-12-21 20:00:00,Costa Rica,Costa Rica,CR,0.0,24.5,100.0,100.0,grupoice.com,false,
2024-12-21 21:00:00,Costa Rica,Costa Rica,CR,0.24,25.15,99.94,99.94,grupoice.com,false,
2024-12-21 22:00:00,Costa Rica,Costa Rica,CR,3.54,30.26,99.13,99.13,grupoice.com,false,
2024-12-21 23:00:00,Costa Rica,Costa Rica,CR,7.04,35.5,98.26,98.26,grupoice.com,false,
2024-12-22 00:00:00,Costa Rica,Costa Rica,CR,1.23,26.64,99.7,99.7,grupoice.com,false,
2024-12-22 01:00:00,Costa Rica,Costa Rica,CR,0.0,24.77,100.0,100.0,grupoice.com,false,
2024-12-22 02:00:00,Costa Rica,Costa Rica,CR,0.0,24.97,100.0,100.0,grupoice.com,false,
2024-12-22 03:00:00,Costa Rica,Costa Rica,CR,0.0,24.83,100.0,100.0,grupoice.com,false,
2024-12-22 04:00:00,Costa Rica,Costa Rica,CR,0.0,24.73,100.0,100.0,grupoice.com,false,
2024-12-22 05:00:00,Costa Rica,Costa Rica,CR,0.0,25.33,100.0,100.0,grupoice.com,false,
2024-12-22 06:00:00,Costa Rica,Costa Rica,CR,0.0,25.63,100.0,100.0,grupoice.com,false,
2024-12-22 07:00:00,Costa Rica,Costa Rica,CR,0.0,25.38,100.0,100.0,grupoice.com,false,
2024-12-22 08:00:00,Costa Rica,Costa Rica,CR,0.0,25.02,100.0,100.0,grupoice.com,false,
2024-12-22 09:00:00,Costa Rica,Costa Rica,CR,0.0,25.09,100.0,100.0,grupoice.com,false,
2024-12-22 10:00:00,Costa Rica,Costa Rica,CR,0.0,25.51,100.0,100.0,grupoice.com,false,
2024-12-22 11:00:00,Costa Rica,Costa Rica,CR,0.0,25.68,100.0,100.0,grupoice.com,false,
2024-12-22 12:00:00,Costa Rica,Costa Rica,CR,0.0,25.77,100.0,100.0,grupoice.com,false,
2024-12-22 13:00:00,Costa Rica,Costa Rica,CR,0.0,25.43,100.0,100.0,grupoice.com,false,
2024-12-22 14:00:00,Costa Rica,Costa Rica,CR,0.0,25.28,100.0,100.0,grupoice.com,false,
2024-12-22 15:00:00,Costa Rica,Costa Rica,CR,0.0,25.14,100.0,100.0,grupoice.com,false,
2024-12-22 16:00:00,Costa Rica,Costa Rica,CR,0.0,25.38,100.0,100.0,grupoice.com,false,
2024-12-22 17:00:00,Costa Rica,Costa Rica,CR,0.0,24.99,100.0,100.0,grupoice.com,false,
2024-12-22 18:00:00,Costa Rica,Costa Rica,CR,0.0,25.02,100.0,100.0,grupoice.com,false,
2024-12-22 19:00:00,Costa Rica,Costa Rica,CR,0.0,24.99,100.0,100.0,grupoice.com,false,
2024-12-22 20:00:00,Costa Rica,Costa Rica,CR,0.0,25.06,100.0,100.0,grupoice.com,false,
2024-12-22 21:00:00,Costa Rica,Costa Rica,CR,0.0,24.84,100.0,100.0,grupoice.com,false,
2024-12-22 22:00:00,Costa Rica,Costa Rica,CR,0.0,24.89,100.0,100.0,grupoice.com,false,
2024-12-22 23:00:00,Costa Rica,Costa Rica,CR,0.0,24.73,100.0,100.0,grupoice.com,false,
2024-12-23 00:00:00,Costa Rica,Costa Rica,CR,0.0,24.74,100.0,100.0,grupoice.com,false,
2024-12-23 01:00:00,Costa Rica,Costa Rica,CR,0.0,24.84,100.0,100.0,grupoice.com,false,
2024-12-23 02:00:00,Costa Rica,Costa Rica,CR,0.0,25.05,100.0,100.0,grupoice.com,false,
2024-12-23 03:00:00,Costa Rica,Costa Rica,CR,0.0,25.1,100.0,100.0,grupoice.com,false,
2024-12-23 04:00:00,Costa Rica,Costa Rica,CR,0.0,25.1,100.0,100.0,grupoice.com,false,
2024-12-23 05:00:00,Costa Rica,Costa Rica,CR,0.0,25.26,100.0,100.0,grupoice.com,false,
2024-12-23 06:00:00,Costa Rica,Costa Rica,CR,0.0,25.34,100.0,100.0,grupoice.com,false,
2024-12-23 07:00:00,Costa Rica,Costa Rica,CR,0.0,25.23,100.0,100.0,grupoice.com,false,
2024-12-23 08:00:00,Costa Rica,Costa Rica,CR,0.0,25.56,100.0,100.0,grupoice.com,false,
2024-12-23 09:00:00,Costa Rica,Costa Rica,CR,0.0,25.55,100.0,100.0,grupoice.com,false,
2024-12-23 10:00:00,Costa Rica,Costa Rica,CR,0.0,25.43,100.0,100.0,grupoice.com,false,
2024-12-23 11:00:00,Costa Rica,Costa Rica,CR,0.0,25.73,100.0,100.0,grupoice.com,false,
2024-12-23 12:00:00,Costa Rica,Costa Rica,CR,0.0,25.61,100.0,100.0,grupoice.com,false,
2024-12-23 13:00:00,Costa Rica,Costa Rica,CR,0.0,25.53,100.0,100.0,grupoice.com,false,
2024-12-23 14:00:00,Costa Rica,Costa Rica,CR,0.0,25.29,100.0,100.0,grupoice.com,false,
2024-12-23 15:00:00,Costa Rica,Costa Rica,CR,0.0,25.15,100.0,100.0,grupoice.com,false,
2024-12-23 16:00:00,Costa Rica,Costa Rica,CR,0.0,25.13,100.0,100.0,grupoice.com,false,
2024-12-23 17:00:00,Costa Rica,Costa Rica,CR,0.0,25.14,100.0,100.0,grupoice.com,false,
2024-12-23 18:00:00,Costa Rica,Costa Rica,CR,0.0,25.24,100.0,100.0,grupoice.com,false,
2024-12-23 19:00:00,Costa Rica,Costa Rica,CR,0.0,25.33,100.0,100.0,grupoice.com,false,
2024-12-23 20:00:00,Costa Rica,Costa Rica,CR,0.0,25.54,100.0,100.0,grupoice.com,false,
2024-12-23 21:00:00,Costa Rica,Costa Rica,CR,0.0,26.16,100.0,100.0,grupoice.com,false,
2024-12-23 22:00:00,Costa Rica,Costa Rica,CR,0.0,26.4,100.0,100.0,grupoice.com,false,
2024-12-23 23:00:00,Costa Rica,Costa Rica,CR,0.0,26.16,100.0,100.0,grupoice.com,false,
2024-12-24 00:00:00,Costa Rica,Costa Rica,CR,0.0,26.34,100.0,100.0,grupoice.com,false,
2024-12-24 01:00:00,Costa Rica,Costa Rica,CR,0.0,26.46,100.0,100.0,grupoice.com,false,
2024-12-24 02:00:00,Costa Rica,Costa Rica,CR,0.0,26.64,100.0,100.0,grupoice.com,false,
2024-12-24 03:00:00,Costa Rica,Costa Rica,CR,0.0,26.43,100.0,100.0,grupoice.com,false,
2024-12-24 04:00:00,Costa Rica,Costa Rica,CR,0.0,26.23,100.0,100.0,grupoice.com,false,
2024-12-24 05:00:00,Costa Rica,Costa Rica,CR,0.0,26.36,100.0,100.0,grupoice.com,false,
2024-12-24 06:00:00,Costa Rica,Costa Rica,CR,0.0,26.34,100.0,100.0,grupoice.com,false,
2024-12-24 07:00:00,Costa Rica,Costa Rica,CR,0.0,26.15,100.0,100.0,grupoice.com,false,
2024-12-24 08:00:00,Costa Rica,Costa Rica,CR,0.0,26.01,100.0,100.0,grupoice.com,false,
2024-12-24 09:00:00,Costa Rica,Costa Rica,CR,0.0,26.13,100.0,100.0,grupoice.com,false,
2024-12-24 10:00:00,Costa Rica,Costa Rica,CR,0.0,26.37,100.0,100.0,grupoice.com,false,
2024-12-24 11:00:00,Costa Rica,Costa Rica,CR,0.0,26.36,100.0,100.0,grupoice.com,false,
2024-12-24 12:00:00,Costa Rica,Costa Rica,CR,0.0,26.22,100.0,100.0,grupoice.com,false,
2024-12-24 13:00:00,Costa Rica,Costa Rica,CR,0.0,26.13,100.0,100.0,grupoice.com,false,
2024-12-24 14:00:00,Costa Rica,Costa Rica,CR,0.0,25.99,100.0,100.0,grupoice.com,false,
2024-12-24 15:00:00,Costa Rica,Costa Rica,CR,0.0,25.98,100.0,100.0,grupoice.com,false,
2024-12-24 16:00:00,Costa Rica,Costa Rica,CR,0.0,25.94,100.0,100.0,grupoice.com,false,
2024-12-24 17:00:00,Costa Rica,Costa Rica,CR,0.0,25.83,100.0,100.0,grupoice.com,false,
2024-12-24 18:00:00,Costa Rica,Costa Rica,CR,0.0,25.98,100.0,100.0,grupoice.com,false,
2024-12-24 19:00:00,Costa Rica,Costa Rica,CR,0.0,25.95,100.0,100.0,grupoice.com,false,
2024-12-24 20:00:00,Costa Rica,Costa Rica,CR,0.0,25.86,100.0,100.0,grupoice.com,false,
2024-12-24 21:00:00,Costa Rica,Costa Rica,CR,0.0,25.78,100.0,100.0,grupoice.com,false,
2024-12-24 22:00:00,Costa Rica,Costa Rica,CR,0.0,25.86,100.0,100.0,grupoice.com,false,
2024-12-24 23:00:00,Costa Rica,Costa Rica,CR,0.0,25.86,100.0,100.0,grupoice.com,false,
2024-12-25 00:00:00,Costa Rica,Costa Rica,CR,0.0,25.72,100.0,100.0,grupoice.com,false,
2024-12-25 01:00:00,Costa Rica,Costa Rica,CR,0.0,25.81,100.0,100.0,grupoice.com,false,
2024-12-25 02:00:00,Costa Rica,Costa Rica,CR,0.0,25.76,100.0,100.0,grupoice.com,false,
2024-12-25 03:00:00,Costa Rica,Costa Rica,CR,0.0,25.72,100.0,100.0,grupoice.com,false,
2024-12-25 04:00:00,Costa Rica,Costa Rica,CR,0.0,25.75,100.0,100.0,grupoice.com,false,
2024-12-25 05:00:00,Costa Rica,Costa Rica,CR,0.0,25.64,100.0,100.0,grupoice.com,false,
2024-12-25 06:00:00,Costa Rica,Costa Rica,CR,0.0,26.0,100.0,100.0,grupoice.com,false,
2024-12-25 07:00:00,Costa Rica,Costa Rica,CR,0.0,26.02,100.0,100.0,grupoice.com,false,
2024-12-25 08:00:00,Costa Rica,Costa Rica,CR,0.0,26.24,100.0,100.0,grupoice.com,false,
2024-12-25 09:00:00,Costa Rica,Costa Rica,CR,0.0,26.31,100.0,100.0,grupoice.com,false,
2024-12-25 10:00:00,Costa Rica,Costa Rica,CR,0.0,26.32,100.0,100.0,grupoice.com,false,
2024-12-25 11:00:00,Costa Rica,Costa Rica,CR,0.0,26.39,100.0,100.0,grupoice.com,false,
2024-12-25 12:00:00,Costa Rica,Costa Rica,CR,0.0,27.81,100.0,100.0,grupoice.com,false,
2024-12-25 13:00:00,Costa Rica,Costa Rica,CR,0.0,28.08,100.0,100.0,grupoice.com,false,
2024-12-25 14:00:00,Costa Rica,Costa Rica,CR,0.0,27.89,100.0,100.0,grupoice.com,false,
2024-12-25 15:00:00,Costa Rica,Costa Rica,CR,0.0,27.4,100.0,100.0,grupoice.com,false,
2024-12-25 16:00:00,Costa Rica,Costa Rica,CR,0.0,27.3,100.0,100.0,grupoice.com,false,
2024-12-25 17:00:00,Costa Rica,Costa Rica,CR,0.0,27.32,100.0,100.0,grupoice.com,false,
2024-12-25 18:00:00,Costa Rica,Costa Rica,CR,0.0,27.15,100.0,100.0,grupoice.com,false,
2024-12-25 19:00:00,Costa Rica,Costa Rica,CR,0.0,27.74,100.0,100.0,grupoice.com,false,
2024-12-25 20:00:00,Costa Rica,Costa Rica,CR,0.0,27.84,100.0,100.0,grupoice.com,false,
2024-12-25 21:00:00,Costa Rica,Costa Rica,CR,0.0,27.8,100.0,100.0,grupoice.com,false,
2024-12-25 22:00:00,Costa Rica,Costa Rica,CR,0.0,27.55,100.0,100.0,grupoice.com,false,
2024-12-25 23:00:00,Costa Rica,Costa Rica,CR,0.0,27.13,100.0,100.0,grupoice.com,false,
2024-12-26 00:00:00,Costa Rica,Costa Rica,CR,0.0,26.4,100.0,100.0,grupoice.com,false,
2024-12-26 01:00:00,Costa Rica,Costa Rica,CR,0.0,26.05,100.0,100.0,grupoice.com,false,
2024-12-26 02:00:00,Costa Rica,Costa Rica,CR,0.0,26.07,100.0,100.0,grupoice.com,false,
2024-12-26 03:00:00,Costa Rica,Costa Rica,CR,0.0,26.66,100.0,100.0,grupoice.com,false,
2024-12-26 04:00:00,Costa Rica,Costa Rica,CR,0.0,26.94,100.0,100.0,grupoice.com,false,
2024-12-26 05:00:00,Costa Rica,Costa Rica,CR,0.0,27.72,100.0,100.0,grupoice.com,false,
2024-12-26 06:00:00,Costa Rica,Costa Rica,CR,0.0,27.53,100.0,100.0,grupoice.com,false,
2024-12-26 07:00:00,Costa Rica,Costa Rica,CR,0.0,27.07,100.0,100.0,grupoice.com,false,
2024-12-26 08:00:00,Costa Rica,Costa Rica,CR,0.0,27.26,100.0,100.0,grupoice.com,false,
2024-12-26 09:00:00,Costa Rica,Costa Rica,CR,0.0,27.82,100.0,100.0,grupoice.com,false,
2024-12-26 10:00:00,Costa Rica,Costa Rica,CR,0.0,27.63,100.0,100.0,grupoice.com,false,
2024-12-26 11:00:00,Costa Rica,Costa Rica,CR,0.0,27.35,100.0,100.0,grupoice.com,false,
2024-12-26 12:00:00,Costa Rica,Costa Rica,CR,0.0,27.18,100.0,100.0,grupoice.com,false,
2024-12-26 13:00:00,Costa Rica,Costa Rica,CR,0.0,26.76,100.0,100.0,grupoice.com,false,
2024-12-26 14:00:00,Costa Rica,Costa Rica,CR,0.0,26.53,100.0,100.0,grupoice.com,false,
2024-12-26 15:00:00,Costa Rica,Costa Rica,CR,0.0,26.35,100.0,100.0,grupoice.com,false,
2024-12-26 16:00:00,Costa Rica,Costa Rica,CR,0.0,26.59,100.0,100.0,grupoice.com,false,
2024-12-26 17:00:00,Costa Rica,Costa Rica,CR,0.0,26.42,100.0,100.0,grupoice.com,false,
2024-12-26 18:00:00,Costa Rica,Costa Rica,CR,0.0,26.33,100.0,100.0,grupoice.com,false,
2024-12-26 19:00:00,Costa Rica,Costa Rica,CR,0.0,26.43,100.0,100.0,grupoice.com,false,
2024-12-26 20:00:00,Costa Rica,Costa Rica,CR,0.0,26.23,100.0,100.0,grupoice.com,false,
2024-12-26 21:00:00,Costa Rica,Costa Rica,CR,0.0,26.34,100.0,100.0,grupoice.com,false,
2024-12-26 22:00:00,Costa Rica,Costa Rica,CR,0.0,26.15,100.0,100.0,grupoice.com,false,
2024-12-26 23:00:00,Costa Rica,Costa Rica,CR,0.0,25.91,100.0,100.0,grupoice.com,false,
2024-12-27 00:00:00,Costa Rica,Costa Rica,CR,0.0,26.01,100.0,100.0,grupoice.com,false,
2024-12-27 01:00:00,Costa Rica,Costa Rica,CR,0.0,26.32,100.0,100.0,grupoice.com,false,
2024-12-27 02:00:00,Costa Rica,Costa Rica,CR,0.0,26.31,100.0,100.0,grupoice.com,false,
2024-12-27 03:00:00,Costa Rica,Costa Rica,CR,0.0,26.5,100.0,100.0,grupoice.com,false,
2024-12-27 04:00:00,Costa Rica,Costa Rica,CR,0.0,26.52,100.0,100.0,grupoice.com,false,
2024-12-27 05:00:00,Costa Rica,Costa Rica,CR,0.0,27.05,100.0,100.0,grupoice.com,false,
2024-12-27 06:00:00,Costa Rica,Costa Rica,CR,0.0,27.63,100.0,100.0,grupoice.com,false,
2024-12-27 07:00:00,Costa Rica,Costa Rica,CR,0.0,27.83,100.0,100.0,grupoice.com,false,
2024-12-27 08:00:00,Costa Rica,Costa Rica,CR,0.0,28.28,100.0,100.0,grupoice.com,false,
2024-12-27 09:00:00,Costa Rica,Costa Rica,CR,0.0,28.09,100.0,100.0,grupoice.com,false,
2024-12-27 10:00:00,Costa Rica,Costa Rica,CR,0.0,27.82,100.0,100.0,grupoice.com,false,
2024-12-27 11:00:00,Costa Rica,Costa Rica,CR,0.0,27.8,100.0,100.0,grupoice.com,false,
2024-12-27 12:00:00,Costa Rica,Costa Rica,CR,0.0,27.71,100.0,100.0,grupoice.com,false,
2024-12-27 13:00:00,Costa Rica,Costa Rica,CR,0.0,27.42,100.0,100.0,grupoice.com,false,
2024-12-27 14:00:00,Costa Rica,Costa Rica,CR,0.0,26.85,100.0,100.0,grupoice.com,false,
2024-12-27 15:00:00,Costa Rica,Costa Rica,CR,0.0,27.07,100.0,100.0,grupoice.com,false,
2024-12-27 16:00:00,Costa Rica,Costa Rica,CR,0.0,26.96,100.0,100.0,grupoice.com,false,
2024-12-27 17:00:00,Costa Rica,Costa Rica,CR,0.0,27.08,100.0,100.0,grupoice.com,false,
2024-12-27 18:00:00,Costa Rica,Costa Rica,CR,0.0,27.02,100.0,100.0,grupoice.com,false,
2024-12-27 19:00:00,Costa Rica,Costa Rica,CR,0.0,27.17,100.0,100.0,grupoice.com,false,
2024-12-27 20:00:00,Costa Rica,Costa Rica,CR,0.0,27.28,100.0,100.0,grupoice.com,false,
2024-12-27 21:00:00,Costa Rica,Costa Rica,CR,0.0,27.42,100.0,100.0,grupoice.com,false,
2024-12-27 22:00:00,Costa Rica,Costa Rica,CR,0.0,27.42,100.0,100.0,grupoice.com,false,
2024-12-27 23:00:00,Costa Rica,Costa Rica,CR,0.0,27.34,100.0,100.0,grupoice.com,false,
2024-12-28 00:00:00,Costa Rica,Costa Rica,CR,0.0,27.3,100.0,100.0,grupoice.com,false,
2024-12-28 01:00:00,Costa Rica,Costa Rica,CR,0.0,27.46,100.0,100.0,grupoice.com,false,
2024-12-28 02:00:00,Costa Rica,Costa Rica,CR,0.0,27.41,100.0,100.0,grupoice.com,false,
2024-12-28 03:00:00,Costa Rica,Costa Rica,CR,0.0,27.69,100.0,100.0,grupoice.com,false,
2024-12-28 04:00:00,Costa Rica,Costa Rica,CR,0.0,27.95,100.0,100.0,grupoice.com,false,
2024-12-28 05:00:00,Costa Rica,Costa Rica,CR,0.0,28.17,100.0,100.0,grupoice.com,false,
2024-12-28 06:00:00,Costa Rica,Costa Rica,CR,0.0,28.88,100.0,100.0,grupoice.com,false,
2024-12-28 07:00:00,Costa Rica,Costa Rica,CR,0.0,28.8,100.0,100.0,grupoice.com,false,
2024-12-28 08:00:00,Costa Rica,Costa Rica,CR,0.0,28.63,100.0,100.0,grupoice.com,false,
2024-12-28 09:00:00,Costa Rica,Costa Rica,CR,0.0,28.63,100.0,100.0,grupoice.com,false,
2024-12-28 10:00:00,Costa Rica,Costa Rica,CR,0.0,28.54,100.0,100.0,grupoice.com,false,
2024-12-28 11:00:00,Costa Rica,Costa Rica,CR,0.0,28.48,100.0,100.0,grupoice.com,false,
2024-12-28 12:00:00,Costa Rica,Costa Rica,CR,0.0,28.26,100.0,100.0,grupoice.com,false,
2024-12-28 13:00:00,Costa Rica,Costa Rica,CR,0.0,27.86,100.0,100.0,grupoice.com,false,
2024-12-28 14:00:00,Costa Rica,Costa Rica,CR,0.0,27.51,100.0,100.0,grupoice.com,false,
2024-12-28 15:00:00,Costa Rica,Costa Rica,CR,0.0,27.26,100.0,100.0,grupoice.com,false,
2024-12-28 16:00:00,Costa Rica,Costa Rica,CR,0.0,26.8,100.0,100.0,grupoice.com,false,
2024-12-28 17:00:00,Costa Rica,Costa Rica,CR,0.0,26.81,100.0,100.0,grupoice.com,false,
2024-12-28 18:00:00,Costa Rica,Costa Rica,CR,0.0,26.99,100.0,100.0,grupoice.com,false,
2024-12-28 19:00:00,Costa Rica,Costa Rica,CR,0.0,27.03,100.0,100.0,grupoice.com,false,
2024-12-28 20:00:00,Costa Rica,Costa Rica,CR,0.0,27.15,100.0,100.0,grupoice.com,false,
2024-12-28 21:00:00,Costa Rica,Costa Rica,CR,0.0,27.32,100.0,100.0,grupoice.com,false,
2024-12-28 22:00:00,Costa Rica,Costa Rica,CR,0.0,27.49,100.0,100.0,grupoice.com,false,
2024-12-28 23:00:00,Costa Rica,Costa Rica,CR,0.0,27.35,100.0,100.0,grupoice.com,false,
2024-12-29 00:00:00,Costa Rica,Costa Rica,CR,0.0,27.24,100.0,100.0,grupoice.com,false,
2024-12-29 01:00:00,Costa Rica,Costa Rica,CR,0.0,27.4,100.0,100.0,grupoice.com,false,
2024-12-29 02:00:00,Costa Rica,Costa Rica,CR,0.0,27.48,100.0,100.0,grupoice.com,false,
2024-12-29 03:00:00,Costa Rica,Costa Rica,CR,0.0,27.69,100.0,100.0,grupoice.com,false,
2024-12-29 04:00:00,Costa Rica,Costa Rica,CR,0.0,28.01,100.0,100.0,grupoice.com,false,
2024-12-29 05:00:00,Costa Rica,Costa Rica,CR,0.0,28.35,100.0,100.0,grupoice.com,false,
2024-12-29 06:00:00,Costa Rica,Costa Rica,CR,0.0,29.55,100.0,100.0,grupoice.com,false,
2024-12-29 07:00:00,Costa Rica,Costa Rica,CR,0.0,29.39,100.0,100.0,grupoice.com,false,
2024-12-29 08:00:00,Costa Rica,Costa Rica,CR,0.0,29.4,100.0,100.0,grupoice.com,false,
2024-12-29 09:00:00,Costa Rica,Costa Rica,CR,0.0,28.82,100.0,100.0,grupoice.com,false,
2024-12-29 10:00:00,Costa Rica,Costa Rica,CR,0.0,28.7,100.0,100.0,grupoice.com,false,
2024-12-29 11:00:00,Costa Rica,Costa Rica,CR,0.0,28.95,100.0,100.0,grupoice.com,false,
2024-12-29 12:00:00,Costa Rica,Costa Rica,CR,0.0,29.04,100.0,100.0,grupoice.com,false,
2024-12-29 13:00:00,Costa Rica,Costa Rica,CR,0.0,28.81,100.0,100.0,grupoice.com,false,
2024-12-29 14:00:00,Costa Rica,Costa Rica,CR,0.0,28.36,100.0,100.0,grupoice.com,false,
2024-12-29 15:00:00,Costa Rica,Costa Rica,CR,0.0,27.93,100.0,100.0,grupoice.com,false,
2024-12-29 16:00:00,Costa Rica,Costa Rica,CR,0.0,27.89,100.0,100.0,grupoice.com,false,
2024-12-29 17:00:00,Costa Rica,Costa Rica,CR,0.0,27.95,100.0,100.0,grupoice.com,false,
2024-12-29 18:00:00,Costa Rica,Costa Rica,CR,0.0,27.92,100.0,100.0,grupoice.com,false,
2024-12-29 19:00:00,Costa Rica,Costa Rica,CR,0.0,28.0,100.0,100.0,grupoice.com,false,
2024-12-29 20:00:00,Costa Rica,Costa Rica,CR,0.0,27.91,100.0,100.0,grupoice.com,false,
2024-12-29 21:00:00,Costa Rica,Costa Rica,CR,0.0,27.92,100.0,100.0,grupoice.com,false,
2024-12-29 22:00:00,Costa Rica,Costa Rica,CR,0.0,28.07,100.0,100.0,grupoice.com,false,
2024-12-29 23:00:00,Costa Rica,Costa Rica,CR,0.0,27.48,100.0,100.0,grupoice.com,false,
2024-12-30 00:00:00,Costa Rica,Costa Rica,CR,0.0,27.52,100.0,100.0,grupoice.com,false,
2024-12-30 01:00:00,Costa Rica,Costa Rica,CR,0.0,27.85,100.0,100.0,grupoice.com,false,
2024-12-30 02:00:00,Costa Rica,Costa Rica,CR,0.0,27.78,100.0,100.0,grupoice.com,false,
2024-12-30 03:00:00,Costa Rica,Costa Rica,CR,0.0,28.07,100.0,100.0,grupoice.com,false,
2024-12-30 04:00:00,Costa Rica,Costa Rica,CR,0.0,28.6,100.0,100.0,grupoice.com,false,
2024-12-30 05:00:00,Costa Rica,Costa Rica,CR,0.0,28.93,100.0,100.0,grupoice.com,false,
2024-12-30 06:00:00,Costa Rica,Costa Rica,CR,0.0,29.46,100.0,100.0,grupoice.com,false,
2024-12-30 07:00:00,Costa Rica,Costa Rica,CR,0.0,29.27,100.0,100.0,grupoice.com,false,
2024-12-30 08:00:00,Costa Rica,Costa Rica,CR,0.0,29.17,100.0,100.0,grupoice.com,false,
2024-12-30 09:00:00,Costa Rica,Costa Rica,CR,0.0,29.22,100.0,100.0,grupoice.com,false,
2024-12-30 10:00:00,Costa Rica,Costa Rica,CR,0.0,28.84,100.0,100.0,grupoice.com,false,
2024-12-30 11:00:00,Costa Rica,Costa Rica,CR,0.0,28.52,100.0,100.0,grupoice.com,false,
2024-12-30 12:00:00,Costa Rica,Costa Rica,CR,0.0,28.29,100.0,100.0,grupoice.com,false,
2024-12-30 13:00:00,Costa Rica,Costa Rica,CR,0.0,27.81,100.0,100.0,grupoice.com,false,
2024-12-30 14:00:00,Costa Rica,Costa Rica,CR,0.0,27.45,100.0,100.0,grupoice.com,false,
2024-12-30 15:00:00,Costa Rica,Costa Rica,CR,0.0,27.06,100.0,100.0,grupoice.com,false,
2024-12-30 16:00:00,Costa Rica,Costa Rica,CR,0.0,27.11,100.0,100.0,grupoice.com,false,
2024-12-30 17:00:00,Costa Rica,Costa Rica,CR,0.0,26.62,100.0,100.0,grupoice.com,false,
2024-12-30 18:00:00,Costa Rica,Costa Rica,CR,0.0,26.13,100.0,100.0,grupoice.com,false,
2024-12-30 19:00:00,Costa Rica,Costa Rica,CR,0.0,26.79,100.0,100.0,grupoice.com,false,
2024-12-30 20:00:00,Costa Rica,Costa Rica,CR,0.0,27.48,100.0,100.0,grupoice.com,false,
2024-12-30 21:00:00,Costa Rica,Costa Rica,CR,0.0,27.71,100.0,100.0,grupoice.com,false,
2024-12-30 22:00:00,Costa Rica,Costa Rica,CR,0.0,27.42,100.0,100.0,grupoice.com,false,
2024-12-30 23:00:00,Costa Rica,Costa Rica,CR,0.0,27.02,100.0,100.0,grupoice.com,false,
2024-12-31 00:00:00,Costa Rica,Costa Rica,CR,0.0,26.67,100.0,100.0,grupoice.com,false,
2024-12-31 01:00:00,Costa Rica,Costa Rica,CR,0.0,26.79,100.0,100.0,grupoice.com,false,
2024-12-31 02:00:00,Costa Rica,Costa Rica,CR,0.0,26.86,100.0,100.0,grupoice.com,false,
2024-12-31 03:00:00,Costa Rica,Costa Rica,CR,0.0,26.92,100.0,100.0,grupoice.com,false,
2024-12-31 04:00:00,Costa Rica,Costa Rica,CR,0.0,27.12,100.0,100.0,grupoice.com,false,
2024-12-31 05:00:00,Costa Rica,Costa Rica,CR,0.0,27.38,100.0,100.0,grupoice.com,false,
2024-12-31 06:00:00,Costa Rica,Costa Rica,CR,0.0,27.57,100.0,100.0,grupoice.com,false,
2024-12-31 07:00:00,Costa Rica,Costa Rica,CR,0.0,27.81,100.0,100.0,grupoice.com,false,
2024-12-31 08:00:00,Costa Rica,Costa Rica,CR,0.0,27.55,100.0,100.0,grupoice.com,false,
2024-12-31 09:00:00,Costa Rica,Costa Rica,CR,0.0,27.67,100.0,100.0,grupoice.com,false,
2024-12-31 10:00:00,Costa Rica,Costa Rica,CR,0.0,27.09,100.0,100.0,grupoice.com,false,
2024-12-31 11:00:00,Costa Rica,Costa Rica,CR,0.0,26.95,100.0,100.0,grupoice.com,false,
2024-12-31 12:00:00,Costa Rica,Costa Rica,CR,0.0,26.96,100.0,100.0,grupoice.com,false,
2024-12-31 13:00:00,Costa Rica,Costa Rica,CR,0.0,26.32,100.0,100.0,grupoice.com,false,
2024-12-31 14:00:00,Costa Rica,Costa Rica,CR,0.0,26.14,100.0,100.0,grupoice.com,false,
2024-12-31 15:00:00,Costa Rica,Costa Rica,CR,0.0,25.62,100.0,100.0,grupoice.com,false,
2024-12-31 16:00:00,Costa Rica,Costa Rica,CR,0.0,25.52,100.0,100.0,grupoice.com,false,
2024-12-31 17:00:00,Costa Rica,Costa Rica,CR,0.0,25.61,100.0,100.0,grupoice.com,false,
2024-12-31 18:00:00,Costa Rica,Costa Rica,CR,0.0,25.49,100.0,100.0,grupoice.com,false,
2024-12-31 19:00:00,Costa Rica,Costa Rica,CR,0.0,25.83,100.0,100.0,grupoice.com,false,
2024-12-31 20:00:00,Costa Rica,Costa Rica,CR,0.0,26.17,100.0,100.0,grupoice.com,false,
2024-12-31 21:00:00,Costa Rica,Costa Rica,CR,0.0,26.09,100.0,100.0,grupoice.com,false,
2024-12-31 22:00:00,Costa Rica,Costa Rica,CR,0.0,26.03,100.0,100.0,grupoice.com,false,
2024-12-31 23:00:00,Costa Rica,Costa Rica,CR,0.0,25.69,100.0,100.0,grupoice.com,false,
