Datetime (UTC),Country,Zone name,Zone id,Carbon intensity gCO₂eq/kWh (direct),Carbon intensity gCO₂eq/kWh (Life cycle),Carbon-free energy percentage (CFE%),Renewable energy percentage (RE%),Data source,Data estimated,Data estimation method
2024-01-01 00:00:00,Japan,Japan,JP,276.85,342.82,49.48,39.83,,true,ESTIMATED_MODE_BREAKDOWN
2024-01-01 01:00:00,Japan,Japan,JP,213.38,273.39,61.06,51.16,,true,ESTIMATED_MODE_BREAKDOWN
2024-01-01 02:00:00,Japan,Japan,JP,186.5,244.53,65.96,55.82,,true,ESTIMATED_MODE_BREAKDOWN
2024-01-01 03:00:00,Japan,Japan,JP,186.83,245.21,65.89,55.63,,true,ESTIMATED_MODE_BREAKDOWN
2024-01-01 04:00:00,Japan,Japan,JP,212.15,271.76,61.29,50.82,,true,ESTIMATED_MODE_BREAKDOWN
2024-01-01 05:00:00,Japan,Japan,JP,266.09,329.87,51.46,40.95,,true,ESTIMATED_MODE_BREAKDOWN
2024-01-01 06:00:00,Japan,Japan,JP,342.24,412.88,37.57,27.42,,true,ESTIMATED_MODE_BREAKDOWN
2024-01-01 07:00:00,Japan,Japan,JP,411.75,490.36,24.86,15.22,,true,ESTIMATED_MODE_BREAKDOWN
2024-01-01 08:00:00,Japan,Japan,JP,432.68,514.04,21.03,12.3,,true,ESTIMATED_MODE_BREAKDOWN
2024-01-01 09:00:00,Japan,Japan,JP,434.97,516.49,20.61,12.15,,true,ESTIMATED_MODE_BREAKDOWN
2024-01-01 10:00:00,Japan,Japan,JP,435.03,516.74,20.6,12.16,,true,ESTIMATED_MODE_BREAKDOWN
2024-01-01 11:00:00,Japan,Japan,JP,435.87,517.79,20.44,12.02,,true,ESTIMATED_MODE_BREAKDOWN
2024-01-01 12:00:00,Japan,Japan,JP,435.61,517.39,20.49,11.93,,true,ESTIMATED_MODE_BREAKDOWN
2024-01-01 13:00:00,Japan,Japan,JP,433.32,514.98,20.91,12.01,,true,ESTIMATED_MODE_BREAKDOWN
2024-01-01 14:00:00,Japan,Japan,JP,432.93,513.79,20.99,11.96,,true,ESTIMATED_MODE_BREAKDOWN
2024-01-01 15:00:00,Japan,Japan,JP,432.01,509.19,21.24,11.74,,true,ESTIMATED_MODE_BREAKDOWN
2024-01-01 16:00:00,Japan,Japan,JP,431.08,507.34,21.43,11.74,,true,ESTIMATED_MODE_BREAKDOWN
2024-01-01 17:00:00,Japan,Japan,JP,431.95,508.1,21.28,11.82,,true,ESTIMATED_MODE_BREAKDOWN
2024-01-01 18:00:00,Japan,Japan,JP,432.84,508.51,21.13,11.84,,true,ESTIMATED_MODE_BREAKDOWN
2024-01-01 19:00:00,Japan,Japan,JP,432.63,508.15,21.18,11.9,,true,ESTIMATED_MODE_BREAKDOWN
2024-01-01 20:00:00,Japan,Japan,JP,432.11,507.8,21.26,11.97,,true,ESTIMATED_MODE_BREAKDOWN
2024-01-01 21:00:00,Japan,Japan,JP,432.62,509.23,21.15,11.97,,true,ESTIMATED_MODE_BREAKDOWN
2024-01-01 22:00:00,Japan,Japan,JP,427.74,504.63,22.02,13.23,,true,ESTIMATED_MODE_BREAKDOWN
2024-01-01 23:00:00,Japan,Japan,JP,388.17,462.16,29.23,20.84,,true,ESTIMATED_MODE_BREAKDOWN
2024-01-02 00:00:00,Japan,Japan,JP,329.98,401.49,39.78,31.22,,true,ESTIMATED_MODE_BREAKDOWN
2024-01-02 01:00:00,Japan,Japan,JP,268.48,334.87,50.99,42.11,,true,ESTIMATED_MODE_BREAKDOWN
2024-01-02 02:00:00,Japan,Japan,JP,241.3,303.82,55.98,46.87,,true,ESTIMATED_MODE_BREAKDOWN
2024-01-02 03:00:00,Japan,Japan,JP,243.75,306.49,55.52,46.28,,true,ESTIMATED_MODE_BREAKDOWN
2024-01-02 04:00:00,Japan,Japan,JP,262.87,326.66,52.05,42.51,,true,ESTIMATED_MODE_BREAKDOWN
2024-01-02 05:00:00,Japan,Japan,JP,295.92,362.61,46.02,36.36,,true,ESTIMATED_MODE_BREAKDOWN
2024-01-02 06:00:00,Japan,Japan,JP,354.09,424.82,35.43,25.89,,true,ESTIMATED_MODE_BREAKDOWN
2024-01-02 07:00:00,Japan,Japan,JP,415.78,491.96,24.19,15.18,,true,ESTIMATED_MODE_BREAKDOWN
2024-01-02 08:00:00,Japan,Japan,JP,436.05,514.05,20.5,12.23,,true,ESTIMATED_MODE_BREAKDOWN
2024-01-02 09:00:00,Japan,Japan,JP,437.53,515.89,20.22,12.14,,true,ESTIMATED_MODE_BREAKDOWN
2024-01-02 10:00:00,Japan,Japan,JP,436.78,515.12,20.36,12.29,,true,ESTIMATED_MODE_BREAKDOWN
2024-01-02 11:00:00,Japan,Japan,JP,436.32,514.46,20.45,12.32,,true,ESTIMATED_MODE_BREAKDOWN
2024-01-02 12:00:00,Japan,Japan,JP,435.3,513.1,20.64,12.32,,true,ESTIMATED_MODE_BREAKDOWN
2024-01-02 13:00:00,Japan,Japan,JP,433.6,510.89,20.95,12.27,,true,ESTIMATED_MODE_BREAKDOWN
2024-01-02 14:00:00,Japan,Japan,JP,432.48,509.28,21.16,12.2,,true,ESTIMATED_MODE_BREAKDOWN
2024-01-02 15:00:00,Japan,Japan,JP,428.87,505.19,21.82,12.36,,true,ESTIMATED_MODE_BREAKDOWN
2024-01-02 16:00:00,Japan,Japan,JP,428.17,504.09,21.96,12.25,,true,ESTIMATED_MODE_BREAKDOWN
2024-01-02 17:00:00,Japan,Japan,JP,429.68,505.15,21.7,12.17,,true,ESTIMATED_MODE_BREAKDOWN
2024-01-02 18:00:00,Japan,Japan,JP,431.27,506.57,21.42,12.06,,true,ESTIMATED_MODE_BREAKDOWN
2024-01-02 19:00:00,Japan,Japan,JP,431.72,507.16,21.34,12.01,,true,ESTIMATED_MODE_BREAKDOWN
2024-01-02 20:00:00,Japan,Japan,JP,431.74,507.45,21.33,11.94,,true,ESTIMATED_MODE_BREAKDOWN
2024-01-02 21:00:00,Japan,Japan,JP,432.23,508.93,21.21,11.88,,true,ESTIMATED_MODE_BREAKDOWN
2024-01-02 22:00:00,Japan,Japan,JP,429.27,506.62,21.74,12.77,,true,ESTIMATED_MODE_BREAKDOWN
2024-01-02 23:00:00,Japan,Japan,JP,408.27,484.11,25.56,17.12,,true,ESTIMATED_MODE_BREAKDOWN
2024-01-03 00:00:00,Japan,Japan,JP,376.29,451.0,31.36,23.11,,true,ESTIMATED_MODE_BREAKDOWN
2024-01-03 01:00:00,Japan,Japan,JP,345.96,418.48,36.88,28.52,,true,ESTIMATED_MODE_BREAKDOWN
2024-01-03 02:00:00,Japan,Japan,JP,335.59,406.49,38.79,30.22,,true,ESTIMATED_MODE_BREAKDOWN
2024-01-03 03:00:00,Japan,Japan,JP,346.85,418.51,36.74,28.05,,true,ESTIMATED_MODE_BREAKDOWN
2024-01-03 04:00:00,Japan,Japan,JP,365.84,437.77,33.31,24.4,,true,ESTIMATED_MODE_BREAKDOWN
2024-01-03 05:00:00,Japan,Japan,JP,389.02,462.47,29.09,20.15,,true,ESTIMATED_MODE_BREAKDOWN
2024-01-03 06:00:00,Japan,Japan,JP,412.08,486.75,24.9,16.07,,true,ESTIMATED_MODE_BREAKDOWN
2024-01-03 07:00:00,Japan,Japan,JP,432.92,510.12,21.08,12.64,,true,ESTIMATED_MODE_BREAKDOWN
2024-01-03 08:00:00,Japan,Japan,JP,439.31,517.62,19.91,12.04,,true,ESTIMATED_MODE_BREAKDOWN
2024-01-03 09:00:00,Japan,Japan,JP,439.49,517.98,19.87,12.17,,true,ESTIMATED_MODE_BREAKDOWN
2024-01-03 10:00:00,Japan,Japan,JP,438.14,517.19,20.1,12.28,,true,ESTIMATED_MODE_BREAKDOWN
2024-01-03 11:00:00,Japan,Japan,JP,437.21,516.13,20.27,12.31,,true,ESTIMATED_MODE_BREAKDOWN
2024-01-03 12:00:00,Japan,Japan,JP,435.58,513.72,20.58,12.3,,true,ESTIMATED_MODE_BREAKDOWN
2024-01-03 13:00:00,Japan,Japan,JP,432.12,508.92,21.23,12.42,,true,ESTIMATED_MODE_BREAKDOWN
2024-01-03 14:00:00,Japan,Japan,JP,430.38,506.63,21.55,12.47,,true,ESTIMATED_MODE_BREAKDOWN
2024-01-03 15:00:00,Japan,Japan,JP,425.06,500.36,22.53,12.71,,true,ESTIMATED_MODE_BREAKDOWN
2024-01-03 16:00:00,Japan,Japan,JP,423.46,498.37,22.82,12.76,,true,ESTIMATED_MODE_BREAKDOWN
2024-01-03 17:00:00,Japan,Japan,JP,424.46,498.71,22.66,12.84,,true,ESTIMATED_MODE_BREAKDOWN
2024-01-03 18:00:00,Japan,Japan,JP,425.4,499.83,22.49,12.93,,true,ESTIMATED_MODE_BREAKDOWN
2024-01-03 19:00:00,Japan,Japan,JP,425.91,500.64,22.39,12.97,,true,ESTIMATED_MODE_BREAKDOWN
2024-01-03 20:00:00,Japan,Japan,JP,426.94,501.97,22.2,12.95,,true,ESTIMATED_MODE_BREAKDOWN
2024-01-03 21:00:00,Japan,Japan,JP,429.66,506.05,21.68,12.87,,true,ESTIMATED_MODE_BREAKDOWN
2024-01-03 22:00:00,Japan,Japan,JP,426.24,503.5,22.28,14.1,,true,ESTIMATED_MODE_BREAKDOWN
2024-01-03 23:00:00,Japan,Japan,JP,392.1,467.13,28.5,20.89,,true,ESTIMATED_MODE_BREAKDOWN
2024-01-04 00:00:00,Japan,Japan,JP,333.58,404.45,39.15,31.56,,true,ESTIMATED_MODE_BREAKDOWN
2024-01-04 01:00:00,Japan,Japan,JP,268.16,332.69,51.09,43.24,,true,ESTIMATED_MODE_BREAKDOWN
2024-01-04 02:00:00,Japan,Japan,JP,233.41,294.3,57.44,49.4,,true,ESTIMATED_MODE_BREAKDOWN
2024-01-04 03:00:00,Japan,Japan,JP,225.89,285.41,58.83,50.5,,true,ESTIMATED_MODE_BREAKDOWN
2024-01-04 04:00:00,Japan,Japan,JP,243.69,304.66,55.58,47.15,,true,ESTIMATED_MODE_BREAKDOWN
2024-01-04 05:00:00,Japan,Japan,JP,288.64,353.62,47.38,38.86,,true,ESTIMATED_MODE_BREAKDOWN
2024-01-04 06:00:00,Japan,Japan,JP,357.89,429.27,34.75,26.4,,true,ESTIMATED_MODE_BREAKDOWN
2024-01-04 07:00:00,Japan,Japan,JP,420.98,498.55,23.23,15.29,,true,ESTIMATED_MODE_BREAKDOWN
2024-01-04 08:00:00,Japan,Japan,JP,440.72,520.72,19.62,12.24,,true,ESTIMATED_MODE_BREAKDOWN
2024-01-04 09:00:00,Japan,Japan,JP,442.39,522.43,19.32,12.12,,true,ESTIMATED_MODE_BREAKDOWN
2024-01-04 10:00:00,Japan,Japan,JP,442.28,521.96,19.35,12.09,,true,ESTIMATED_MODE_BREAKDOWN
2024-01-04 11:00:00,Japan,Japan,JP,441.69,521.18,19.46,12.07,,true,ESTIMATED_MODE_BREAKDOWN
2024-01-04 12:00:00,Japan,Japan,JP,440.51,520.18,19.66,12.01,,true,ESTIMATED_MODE_BREAKDOWN
2024-01-04 13:00:00,Japan,Japan,JP,437.72,516.99,20.17,12.05,,true,ESTIMATED_MODE_BREAKDOWN
2024-01-04 14:00:00,Japan,Japan,JP,436.34,514.77,20.44,12.02,,true,ESTIMATED_MODE_BREAKDOWN
2024-01-04 15:00:00,Japan,Japan,JP,433.32,510.86,21.0,12.08,,true,ESTIMATED_MODE_BREAKDOWN
2024-01-04 16:00:00,Japan,Japan,JP,432.46,509.58,21.16,12.09,,true,ESTIMATED_MODE_BREAKDOWN
2024-01-04 17:00:00,Japan,Japan,JP,433.81,510.79,20.93,12.09,,true,ESTIMATED_MODE_BREAKDOWN
2024-01-04 18:00:00,Japan,Japan,JP,434.98,511.56,20.73,12.08,,true,ESTIMATED_MODE_BREAKDOWN
2024-01-04 19:00:00,Japan,Japan,JP,435.34,511.8,20.67,12.17,,true,ESTIMATED_MODE_BREAKDOWN
2024-01-04 20:00:00,Japan,Japan,JP,436.26,513.29,20.49,12.24,,true,ESTIMATED_MODE_BREAKDOWN
2024-01-04 21:00:00,Japan,Japan,JP,439.5,517.58,19.88,12.27,,true,ESTIMATED_MODE_BREAKDOWN
2024-01-04 22:00:00,Japan,Japan,JP,434.83,513.17,20.72,13.71,,true,ESTIMATED_MODE_BREAKDOWN
2024-01-04 23:00:00,Japan,Japan,JP,392.09,467.25,28.51,22.06,,true,ESTIMATED_MODE_BREAKDOWN
2024-01-05 00:00:00,Japan,Japan,JP,338.67,410.7,38.22,31.79,,true,ESTIMATED_MODE_BREAKDOWN
2024-01-05 01:00:00,Japan,Japan,JP,288.0,354.62,47.48,40.78,,true,ESTIMATED_MODE_BREAKDOWN
2024-01-05 02:00:00,Japan,Japan,JP,258.19,322.43,52.91,45.96,,true,ESTIMATED_MODE_BREAKDOWN
2024-01-05 03:00:00,Japan,Japan,JP,245.7,308.31,55.2,47.86,,true,ESTIMATED_MODE_BREAKDOWN
2024-01-05 04:00:00,Japan,Japan,JP,266.45,330.57,51.42,44.04,,true,ESTIMATED_MODE_BREAKDOWN
2024-01-05 05:00:00,Japan,Japan,JP,309.16,377.25,43.62,36.18,,true,ESTIMATED_MODE_BREAKDOWN
2024-01-05 06:00:00,Japan,Japan,JP,368.33,441.28,32.83,25.45,,true,ESTIMATED_MODE_BREAKDOWN
2024-01-05 07:00:00,Japan,Japan,JP,424.89,503.08,22.51,15.42,,true,ESTIMATED_MODE_BREAKDOWN
2024-01-05 08:00:00,Japan,Japan,JP,440.72,520.2,19.63,12.78,,true,ESTIMATED_MODE_BREAKDOWN
2024-01-05 09:00:00,Japan,Japan,JP,441.46,520.89,19.5,12.67,,true,ESTIMATED_MODE_BREAKDOWN
2024-01-05 10:00:00,Japan,Japan,JP,440.91,520.25,19.6,12.64,,true,ESTIMATED_MODE_BREAKDOWN
2024-01-05 11:00:00,Japan,Japan,JP,440.25,519.08,19.73,12.59,,true,ESTIMATED_MODE_BREAKDOWN
2024-01-05 12:00:00,Japan,Japan,JP,438.44,517.06,20.06,12.62,,true,ESTIMATED_MODE_BREAKDOWN
2024-01-05 13:00:00,Japan,Japan,JP,436.27,514.54,20.45,12.64,,true,ESTIMATED_MODE_BREAKDOWN
2024-01-05 14:00:00,Japan,Japan,JP,434.97,512.87,20.69,12.63,,true,ESTIMATED_MODE_BREAKDOWN
2024-01-05 15:00:00,Japan,Japan,JP,431.71,508.4,21.3,12.63,,true,ESTIMATED_MODE_BREAKDOWN
2024-01-05 16:00:00,Japan,Japan,JP,431.05,507.32,21.43,12.53,,true,ESTIMATED_MODE_BREAKDOWN
2024-01-05 17:00:00,Japan,Japan,JP,431.76,507.96,21.31,12.58,,true,ESTIMATED_MODE_BREAKDOWN
2024-01-05 18:00:00,Japan,Japan,JP,432.95,509.04,21.1,12.57,,true,ESTIMATED_MODE_BREAKDOWN
2024-01-05 19:00:00,Japan,Japan,JP,433.39,509.58,21.02,12.54,,true,ESTIMATED_MODE_BREAKDOWN
2024-01-05 20:00:00,Japan,Japan,JP,434.17,510.86,20.87,12.48,,true,ESTIMATED_MODE_BREAKDOWN
2024-01-05 21:00:00,Japan,Japan,JP,435.42,512.64,20.63,12.42,,true,ESTIMATED_MODE_BREAKDOWN
2024-01-05 22:00:00,Japan,Japan,JP,431.89,509.29,21.27,13.56,,true,ESTIMATED_MODE_BREAKDOWN
2024-01-05 23:00:00,Japan,Japan,JP,396.81,471.95,27.65,20.49,,true,ESTIMATED_MODE_BREAKDOWN
2024-01-06 00:00:00,Japan,Japan,JP,354.94,427.03,35.28,28.18,,true,ESTIMATED_MODE_BREAKDOWN
2024-01-06 01:00:00,Japan,Japan,JP,318.4,385.85,41.97,34.68,,true,ESTIMATED_MODE_BREAKDOWN
2024-01-06 02:00:00,Japan,Japan,JP,296.09,362.49,46.02,38.5,,true,ESTIMATED_MODE_BREAKDOWN
2024-01-06 03:00:00,Japan,Japan,JP,292.09,358.47,46.74,38.92,,true,ESTIMATED_MODE_BREAKDOWN
2024-01-06 04:00:00,Japan,Japan,JP,310.76,376.94,43.37,35.51,,true,ESTIMATED_MODE_BREAKDOWN
2024-01-06 05:00:00,Japan,Japan,JP,337.59,404.23,38.52,30.53,,true,ESTIMATED_MODE_BREAKDOWN
2024-01-06 06:00:00,Japan,Japan,JP,379.42,450.95,30.86,22.95,,true,ESTIMATED_MODE_BREAKDOWN
2024-01-06 07:00:00,Japan,Japan,JP,423.45,500.21,22.8,15.18,,true,ESTIMATED_MODE_BREAKDOWN
2024-01-06 08:00:00,Japan,Japan,JP,439.82,518.63,19.8,12.53,,true,ESTIMATED_MODE_BREAKDOWN
2024-01-06 09:00:00,Japan,Japan,JP,440.72,519.78,19.64,12.44,,true,ESTIMATED_MODE_BREAKDOWN
2024-01-06 10:00:00,Japan,Japan,JP,440.0,519.0,19.77,12.47,,true,ESTIMATED_MODE_BREAKDOWN
2024-01-06 11:00:00,Japan,Japan,JP,438.78,517.29,20.0,12.54,,true,ESTIMATED_MODE_BREAKDOWN
2024-01-06 12:00:00,Japan,Japan,JP,437.28,515.46,20.27,12.53,,true,ESTIMATED_MODE_BREAKDOWN
2024-01-06 13:00:00,Japan,Japan,JP,434.96,513.14,20.69,12.55,,true,ESTIMATED_MODE_BREAKDOWN
2024-01-06 14:00:00,Japan,Japan,JP,433.29,511.42,20.99,12.6,,true,ESTIMATED_MODE_BREAKDOWN
2024-01-06 15:00:00,Japan,Japan,JP,429.63,506.36,21.68,12.81,,true,ESTIMATED_MODE_BREAKDOWN
2024-01-06 16:00:00,Japan,Japan,JP,428.1,504.08,21.97,12.94,,true,ESTIMATED_MODE_BREAKDOWN
2024-01-06 17:00:00,Japan,Japan,JP,428.76,504.2,21.87,13.04,,true,ESTIMATED_MODE_BREAKDOWN
2024-01-06 18:00:00,Japan,Japan,JP,429.47,504.85,21.74,13.14,,true,ESTIMATED_MODE_BREAKDOWN
2024-01-06 19:00:00,Japan,Japan,JP,429.12,504.65,21.8,13.28,,true,ESTIMATED_MODE_BREAKDOWN
2024-01-06 20:00:00,Japan,Japan,JP,428.97,504.46,21.83,13.32,,true,ESTIMATED_MODE_BREAKDOWN
2024-01-06 21:00:00,Japan,Japan,JP,429.11,504.94,21.79,13.34,,true,ESTIMATED_MODE_BREAKDOWN
2024-01-06 22:00:00,Japan,Japan,JP,422.24,498.1,23.03,14.85,,true,ESTIMATED_MODE_BREAKDOWN
2024-01-06 23:00:00,Japan,Japan,JP,377.95,450.5,31.1,23.32,,true,ESTIMATED_MODE_BREAKDOWN
2024-01-07 00:00:00,Japan,Japan,JP,324.08,392.02,40.93,33.22,,true,ESTIMATED_MODE_BREAKDOWN
2024-01-07 01:00:00,Japan,Japan,JP,280.41,344.18,48.9,41.06,,true,ESTIMATED_MODE_BREAKDOWN
2024-01-07 02:00:00,Japan,Japan,JP,263.95,325.86,51.91,43.92,,true,ESTIMATED_MODE_BREAKDOWN
2024-01-07 03:00:00,Japan,Japan,JP,270.22,332.43,50.77,42.7,,true,ESTIMATED_MODE_BREAKDOWN
2024-01-07 04:00:00,Japan,Japan,JP,288.33,352.06,47.47,39.28,,true,ESTIMATED_MODE_BREAKDOWN
2024-01-07 05:00:00,Japan,Japan,JP,322.15,388.88,41.3,33.17,,true,ESTIMATED_MODE_BREAKDOWN
2024-01-07 06:00:00,Japan,Japan,JP,374.58,447.69,31.69,23.72,,true,ESTIMATED_MODE_BREAKDOWN
2024-01-07 07:00:00,Japan,Japan,JP,422.72,500.11,22.92,15.37,,true,ESTIMATED_MODE_BREAKDOWN
2024-01-07 08:00:00,Japan,Japan,JP,437.95,516.69,20.14,13.2,,true,ESTIMATED_MODE_BREAKDOWN
2024-01-07 09:00:00,Japan,Japan,JP,439.92,519.17,19.78,13.02,,true,ESTIMATED_MODE_BREAKDOWN
2024-01-07 10:00:00,Japan,Japan,JP,439.32,518.15,19.89,13.07,,true,ESTIMATED_MODE_BREAKDOWN
2024-01-07 11:00:00,Japan,Japan,JP,438.31,517.09,20.08,13.15,,true,ESTIMATED_MODE_BREAKDOWN
2024-01-07 12:00:00,Japan,Japan,JP,436.95,515.49,20.33,13.2,,true,ESTIMATED_MODE_BREAKDOWN
2024-01-07 13:00:00,Japan,Japan,JP,434.69,513.09,20.73,13.26,,true,ESTIMATED_MODE_BREAKDOWN
2024-01-07 14:00:00,Japan,Japan,JP,433.38,510.87,20.99,13.29,,true,ESTIMATED_MODE_BREAKDOWN
2024-01-07 15:00:00,Japan,Japan,JP,429.7,506.87,21.66,13.51,,true,ESTIMATED_MODE_BREAKDOWN
2024-01-07 16:00:00,Japan,Japan,JP,428.78,505.59,21.83,13.53,,true,ESTIMATED_MODE_BREAKDOWN
2024-01-07 17:00:00,Japan,Japan,JP,429.97,506.79,21.62,13.52,,true,ESTIMATED_MODE_BREAKDOWN
2024-01-07 18:00:00,Japan,Japan,JP,430.88,507.4,21.46,13.45,,true,ESTIMATED_MODE_BREAKDOWN
2024-01-07 19:00:00,Japan,Japan,JP,431.19,507.82,21.41,13.45,,true,ESTIMATED_MODE_BREAKDOWN
2024-01-07 20:00:00,Japan,Japan,JP,431.74,508.96,21.29,13.42,,true,ESTIMATED_MODE_BREAKDOWN
2024-01-07 21:00:00,Japan,Japan,JP,434.08,511.8,20.86,13.32,,true,ESTIMATED_MODE_BREAKDOWN
2024-01-07 22:00:00,Japan,Japan,JP,425.71,502.67,22.39,15.23,,true,ESTIMATED_MODE_BREAKDOWN
2024-01-07 23:00:00,Japan,Japan,JP,390.16,464.99,28.85,22.19,,true,ESTIMATED_MODE_BREAKDOWN
2024-01-08 00:00:00,Japan,Japan,JP,347.56,419.45,36.61,30.33,,true,ESTIMATED_MODE_BREAKDOWN
2024-01-08 01:00:00,Japan,Japan,JP,311.04,380.43,43.26,36.9,,true,ESTIMATED_MODE_BREAKDOWN
2024-01-08 02:00:00,Japan,Japan,JP,294.47,362.29,46.28,39.75,,true,ESTIMATED_MODE_BREAKDOWN
2024-01-08 03:00:00,Japan,Japan,JP,289.14,356.35,47.25,40.34,,true,ESTIMATED_MODE_BREAKDOWN
2024-01-08 04:00:00,Japan,Japan,JP,296.1,364.24,45.97,39.04,,true,ESTIMATED_MODE_BREAKDOWN
2024-01-08 05:00:00,Japan,Japan,JP,334.25,406.79,38.99,32.02,,true,ESTIMATED_MODE_BREAKDOWN
2024-01-08 06:00:00,Japan,Japan,JP,385.28,462.04,29.69,22.86,,true,ESTIMATED_MODE_BREAKDOWN
2024-01-08 07:00:00,Japan,Japan,JP,429.38,508.76,21.68,15.1,,true,ESTIMATED_MODE_BREAKDOWN
2024-01-08 08:00:00,Japan,Japan,JP,445.49,525.93,18.75,12.58,,true,ESTIMATED_MODE_BREAKDOWN
2024-01-08 09:00:00,Japan,Japan,JP,447.98,528.75,18.29,12.31,,true,ESTIMATED_MODE_BREAKDOWN
2024-01-08 10:00:00,Japan,Japan,JP,447.86,528.37,18.32,12.27,,true,ESTIMATED_MODE_BREAKDOWN
2024-01-08 11:00:00,Japan,Japan,JP,447.71,527.8,18.36,12.23,,true,ESTIMATED_MODE_BREAKDOWN
2024-01-08 12:00:00,Japan,Japan,JP,446.41,526.43,18.59,12.22,,true,ESTIMATED_MODE_BREAKDOWN
2024-01-08 13:00:00,Japan,Japan,JP,444.16,524.0,19.0,12.23,,true,ESTIMATED_MODE_BREAKDOWN
2024-01-08 14:00:00,Japan,Japan,JP,442.75,522.08,19.27,12.21,,true,ESTIMATED_MODE_BREAKDOWN
2024-01-08 15:00:00,Japan,Japan,JP,439.49,518.2,19.87,12.39,,true,ESTIMATED_MODE_BREAKDOWN
2024-01-08 16:00:00,Japan,Japan,JP,438.8,517.02,20.0,12.38,,true,ESTIMATED_MODE_BREAKDOWN
2024-01-08 17:00:00,Japan,Japan,JP,439.41,517.18,19.91,12.39,,true,ESTIMATED_MODE_BREAKDOWN
2024-01-08 18:00:00,Japan,Japan,JP,439.76,517.47,19.84,12.4,,true,ESTIMATED_MODE_BREAKDOWN
2024-01-08 19:00:00,Japan,Japan,JP,439.95,517.86,19.81,12.45,,true,ESTIMATED_MODE_BREAKDOWN
2024-01-08 20:00:00,Japan,Japan,JP,441.69,520.37,19.48,12.41,,true,ESTIMATED_MODE_BREAKDOWN
2024-01-08 21:00:00,Japan,Japan,JP,446.44,526.02,18.6,12.22,,true,ESTIMATED_MODE_BREAKDOWN
2024-01-08 22:00:00,Japan,Japan,JP,443.51,523.33,19.13,13.28,,true,ESTIMATED_MODE_BREAKDOWN
2024-01-08 23:00:00,Japan,Japan,JP,408.0,485.43,25.59,20.13,,true,ESTIMATED_MODE_BREAKDOWN
2024-01-09 00:00:00,Japan,Japan,JP,363.0,437.12,33.79,28.37,,true,ESTIMATED_MODE_BREAKDOWN
2024-01-09 01:00:00,Japan,Japan,JP,320.25,391.29,41.56,35.91,,true,ESTIMATED_MODE_BREAKDOWN
2024-01-09 02:00:00,Japan,Japan,JP,296.98,366.33,45.8,39.96,,true,ESTIMATED_MODE_BREAKDOWN
2024-01-09 03:00:00,Japan,Japan,JP,290.7,359.54,46.94,40.74,,true,ESTIMATED_MODE_BREAKDOWN
2024-01-09 04:00:00,Japan,Japan,JP,317.89,389.09,41.98,35.87,,true,ESTIMATED_MODE_BREAKDOWN
2024-01-09 05:00:00,Japan,Japan,JP,351.92,426.24,35.77,29.66,,true,ESTIMATED_MODE_BREAKDOWN
2024-01-09 06:00:00,Japan,Japan,JP,397.26,474.86,27.51,21.4,,true,ESTIMATED_MODE_BREAKDOWN
2024-01-09 07:00:00,Japan,Japan,JP,436.82,516.83,20.32,14.38,,true,ESTIMATED_MODE_BREAKDOWN
2024-01-09 08:00:00,Japan,Japan,JP,447.94,528.74,18.3,12.49,,true,ESTIMATED_MODE_BREAKDOWN
2024-01-09 09:00:00,Japan,Japan,JP,448.19,529.14,18.25,12.45,,true,ESTIMATED_MODE_BREAKDOWN
2024-01-09 10:00:00,Japan,Japan,JP,447.91,528.42,18.31,12.4,,true,ESTIMATED_MODE_BREAKDOWN
2024-01-09 11:00:00,Japan,Japan,JP,446.88,527.38,18.5,12.43,,true,ESTIMATED_MODE_BREAKDOWN
2024-01-09 12:00:00,Japan,Japan,JP,445.39,525.54,18.77,12.44,,true,ESTIMATED_MODE_BREAKDOWN
2024-01-09 13:00:00,Japan,Japan,JP,443.41,523.46,19.13,12.41,,true,ESTIMATED_MODE_BREAKDOWN
2024-01-09 14:00:00,Japan,Japan,JP,442.05,521.98,19.38,12.4,,true,ESTIMATED_MODE_BREAKDOWN
2024-01-09 15:00:00,Japan,Japan,JP,438.82,517.8,19.98,12.47,,true,ESTIMATED_MODE_BREAKDOWN
2024-01-09 16:00:00,Japan,Japan,JP,437.65,516.22,20.2,12.53,,true,ESTIMATED_MODE_BREAKDOWN
2024-01-09 17:00:00,Japan,Japan,JP,438.3,516.48,20.09,12.52,,true,ESTIMATED_MODE_BREAKDOWN
2024-01-09 18:00:00,Japan,Japan,JP,438.81,516.72,20.01,12.54,,true,ESTIMATED_MODE_BREAKDOWN
2024-01-09 19:00:00,Japan,Japan,JP,438.59,516.66,20.04,12.65,,true,ESTIMATED_MODE_BREAKDOWN
2024-01-09 20:00:00,Japan,Japan,JP,440.09,518.65,19.76,12.62,,true,ESTIMATED_MODE_BREAKDOWN
2024-01-09 21:00:00,Japan,Japan,JP,444.33,524.01,18.97,12.47,,true,ESTIMATED_MODE_BREAKDOWN
2024-01-09 22:00:00,Japan,Japan,JP,441.95,521.8,19.4,13.34,,true,ESTIMATED_MODE_BREAKDOWN
2024-01-09 23:00:00,Japan,Japan,JP,416.75,494.86,23.99,18.42,,true,ESTIMATED_MODE_BREAKDOWN
2024-01-10 00:00:00,Japan,Japan,JP,391.93,467.39,28.53,23.12,,true,ESTIMATED_MODE_BREAKDOWN
2024-01-10 01:00:00,Japan,Japan,JP,369.24,442.77,32.67,27.19,,true,ESTIMATED_MODE_BREAKDOWN
2024-01-10 02:00:00,Japan,Japan,JP,357.88,429.96,34.75,29.11,,true,ESTIMATED_MODE_BREAKDOWN
2024-01-10 03:00:00,Japan,Japan,JP,351.76,422.51,35.88,29.9,,true,ESTIMATED_MODE_BREAKDOWN
2024-01-10 04:00:00,Japan,Japan,JP,362.19,434.17,33.97,28.08,,true,ESTIMATED_MODE_BREAKDOWN
2024-01-10 05:00:00,Japan,Japan,JP,382.93,457.3,30.17,24.21,,true,ESTIMATED_MODE_BREAKDOWN
2024-01-10 06:00:00,Japan,Japan,JP,413.42,490.98,24.6,18.61,,true,ESTIMATED_MODE_BREAKDOWN
2024-01-10 07:00:00,Japan,Japan,JP,438.97,519.12,19.93,14.09,,true,ESTIMATED_MODE_BREAKDOWN
2024-01-10 08:00:00,Japan,Japan,JP,447.11,527.56,18.46,12.72,,true,ESTIMATED_MODE_BREAKDOWN
2024-01-10 09:00:00,Japan,Japan,JP,447.33,527.66,18.42,12.66,,true,ESTIMATED_MODE_BREAKDOWN
2024-01-10 10:00:00,Japan,Japan,JP,446.95,527.39,18.49,12.61,,true,ESTIMATED_MODE_BREAKDOWN
2024-01-10 11:00:00,Japan,Japan,JP,446.41,526.77,18.59,12.51,,true,ESTIMATED_MODE_BREAKDOWN
2024-01-10 12:00:00,Japan,Japan,JP,444.98,525.07,18.85,12.54,,true,ESTIMATED_MODE_BREAKDOWN
2024-01-10 13:00:00,Japan,Japan,JP,442.89,522.77,19.23,12.51,,true,ESTIMATED_MODE_BREAKDOWN
2024-01-10 14:00:00,Japan,Japan,JP,441.48,521.49,19.48,12.49,,true,ESTIMATED_MODE_BREAKDOWN
2024-01-10 15:00:00,Japan,Japan,JP,438.18,517.65,20.08,12.61,,true,ESTIMATED_MODE_BREAKDOWN
2024-01-10 16:00:00,Japan,Japan,JP,437.71,516.91,20.17,12.52,,true,ESTIMATED_MODE_BREAKDOWN
2024-01-10 17:00:00,Japan,Japan,JP,438.48,517.28,20.04,12.51,,true,ESTIMATED_MODE_BREAKDOWN
2024-01-10 18:00:00,Japan,Japan,JP,439.32,517.66,19.91,12.48,,true,ESTIMATED_MODE_BREAKDOWN
2024-01-10 19:00:00,Japan,Japan,JP,439.72,518.02,19.84,12.49,,true,ESTIMATED_MODE_BREAKDOWN
2024-01-10 20:00:00,Japan,Japan,JP,441.25,520.01,19.55,12.44,,true,ESTIMATED_MODE_BREAKDOWN
2024-01-10 21:00:00,Japan,Japan,JP,445.38,525.17,18.79,12.28,,true,ESTIMATED_MODE_BREAKDOWN
2024-01-10 22:00:00,Japan,Japan,JP,445.55,526.0,18.74,12.76,,true,ESTIMATED_MODE_BREAKDOWN
2024-01-10 23:00:00,Japan,Japan,JP,425.57,504.81,22.38,16.85,,true,ESTIMATED_MODE_BREAKDOWN
2024-01-11 00:00:00,Japan,Japan,JP,397.4,475.75,27.48,22.1,,true,ESTIMATED_MODE_BREAKDOWN
2024-01-11 01:00:00,Japan,Japan,JP,367.24,443.87,32.95,27.42,,true,ESTIMATED_MODE_BREAKDOWN
2024-01-11 02:00:00,Japan,Japan,JP,343.92,418.49,37.21,31.48,,true,ESTIMATED_MODE_BREAKDOWN
2024-01-11 03:00:00,Japan,Japan,JP,329.59,402.66,39.83,33.82,,true,ESTIMATED_MODE_BREAKDOWN
2024-01-11 04:00:00,Japan,Japan,JP,337.71,410.96,38.36,32.36,,true,ESTIMATED_MODE_BREAKDOWN
2024-01-11 05:00:00,Japan,Japan,JP,359.19,434.59,34.43,28.35,,true,ESTIMATED_MODE_BREAKDOWN
2024-01-11 06:00:00,Japan,Japan,JP,395.98,474.27,27.73,21.7,,true,ESTIMATED_MODE_BREAKDOWN
2024-01-11 07:00:00,Japan,Japan,JP,434.42,515.2,20.74,14.9,,true,ESTIMATED_MODE_BREAKDOWN
2024-01-11 08:00:00,Japan,Japan,JP,449.75,531.35,17.96,12.27,,true,ESTIMATED_MODE_BREAKDOWN
2024-01-11 09:00:00,Japan,Japan,JP,450.74,532.18,17.79,12.18,,true,ESTIMATED_MODE_BREAKDOWN
2024-01-11 10:00:00,Japan,Japan,JP,450.0,531.33,17.92,12.2,,true,ESTIMATED_MODE_BREAKDOWN
2024-01-11 11:00:00,Japan,Japan,JP,449.13,530.31,18.08,12.21,,true,ESTIMATED_MODE_BREAKDOWN
2024-01-11 12:00:00,Japan,Japan,JP,446.85,527.89,18.49,12.38,,true,ESTIMATED_MODE_BREAKDOWN
2024-01-11 13:00:00,Japan,Japan,JP,444.78,525.85,18.86,12.41,,true,ESTIMATED_MODE_BREAKDOWN
2024-01-11 14:00:00,Japan,Japan,JP,442.74,523.25,19.24,12.5,,true,ESTIMATED_MODE_BREAKDOWN
2024-01-11 15:00:00,Japan,Japan,JP,439.52,519.27,19.83,12.64,,true,ESTIMATED_MODE_BREAKDOWN
2024-01-11 16:00:00,Japan,Japan,JP,438.21,517.59,20.08,12.69,,true,ESTIMATED_MODE_BREAKDOWN
2024-01-11 17:00:00,Japan,Japan,JP,438.36,517.44,20.06,12.75,,true,ESTIMATED_MODE_BREAKDOWN
2024-01-11 18:00:00,Japan,Japan,JP,438.6,517.25,20.03,12.79,,true,ESTIMATED_MODE_BREAKDOWN
2024-01-11 19:00:00,Japan,Japan,JP,438.62,517.06,20.03,12.84,,true,ESTIMATED_MODE_BREAKDOWN
2024-01-11 20:00:00,Japan,Japan,JP,440.11,519.16,19.75,12.79,,true,ESTIMATED_MODE_BREAKDOWN
2024-01-11 21:00:00,Japan,Japan,JP,444.14,524.22,19.0,12.65,,true,ESTIMATED_MODE_BREAKDOWN
2024-01-11 22:00:00,Japan,Japan,JP,441.69,521.91,19.44,13.57,,true,ESTIMATED_MODE_BREAKDOWN
2024-01-11 23:00:00,Japan,Japan,JP,413.08,490.97,24.66,19.16,,true,ESTIMATED_MODE_BREAKDOWN
2024-01-12 00:00:00,Japan,Japan,JP,378.84,454.7,30.88,25.48,,true,ESTIMATED_MODE_BREAKDOWN
2024-01-12 01:00:00,Japan,Japan,JP,342.6,415.84,37.48,31.84,,true,ESTIMATED_MODE_BREAKDOWN
2024-01-12 02:00:00,Japan,Japan,JP,322.66,393.72,41.12,35.27,,true,ESTIMATED_MODE_BREAKDOWN
2024-01-12 03:00:00,Japan,Japan,JP,312.16,381.2,43.06,36.82,,true,ESTIMATED_MODE_BREAKDOWN
2024-01-12 04:00:00,Japan,Japan,JP,327.21,397.89,40.31,34.18,,true,ESTIMATED_MODE_BREAKDOWN
2024-01-12 05:00:00,Japan,Japan,JP,352.93,426.35,35.6,29.4,,true,ESTIMATED_MODE_BREAKDOWN
2024-01-12 06:00:00,Japan,Japan,JP,391.95,469.17,28.48,22.27,,true,ESTIMATED_MODE_BREAKDOWN
2024-01-12 07:00:00,Japan,Japan,JP,430.4,510.58,21.47,15.4,,true,ESTIMATED_MODE_BREAKDOWN
2024-01-12 08:00:00,Japan,Japan,JP,444.56,525.61,18.9,12.97,,true,ESTIMATED_MODE_BREAKDOWN
2024-01-12 09:00:00,Japan,Japan,JP,444.96,525.8,18.83,12.89,,true,ESTIMATED_MODE_BREAKDOWN
2024-01-12 10:00:00,Japan,Japan,JP,444.43,525.34,18.93,12.85,,true,ESTIMATED_MODE_BREAKDOWN
2024-01-12 11:00:00,Japan,Japan,JP,443.84,524.32,19.04,12.82,,true,ESTIMATED_MODE_BREAKDOWN
2024-01-12 12:00:00,Japan,Japan,JP,442.56,522.7,19.28,12.78,,true,ESTIMATED_MODE_BREAKDOWN
2024-01-12 13:00:00,Japan,Japan,JP,440.78,520.96,19.6,12.74,,true,ESTIMATED_MODE_BREAKDOWN
2024-01-12 14:00:00,Japan,Japan,JP,438.85,518.47,19.96,12.81,,true,ESTIMATED_MODE_BREAKDOWN
2024-01-12 15:00:00,Japan,Japan,JP,436.29,514.77,20.44,12.86,,true,ESTIMATED_MODE_BREAKDOWN
2024-01-12 16:00:00,Japan,Japan,JP,435.12,513.33,20.65,12.86,,true,ESTIMATED_MODE_BREAKDOWN
2024-01-12 17:00:00,Japan,Japan,JP,435.62,514.13,20.56,12.86,,true,ESTIMATED_MODE_BREAKDOWN
2024-01-12 18:00:00,Japan,Japan,JP,435.92,514.5,20.51,12.89,,true,ESTIMATED_MODE_BREAKDOWN
2024-01-12 19:00:00,Japan,Japan,JP,436.49,514.75,20.41,12.8,,true,ESTIMATED_MODE_BREAKDOWN
2024-01-12 20:00:00,Japan,Japan,JP,436.45,514.81,20.42,12.83,,true,ESTIMATED_MODE_BREAKDOWN
2024-01-12 21:00:00,Japan,Japan,JP,438.43,517.22,20.05,12.68,,true,ESTIMATED_MODE_BREAKDOWN
2024-01-12 22:00:00,Japan,Japan,JP,434.24,513.2,20.81,13.82,,true,ESTIMATED_MODE_BREAKDOWN
2024-01-12 23:00:00,Japan,Japan,JP,395.04,470.93,27.95,21.33,,true,ESTIMATED_MODE_BREAKDOWN
2024-01-13 00:00:00,Japan,Japan,JP,347.78,420.71,36.54,29.9,,true,ESTIMATED_MODE_BREAKDOWN
2024-01-13 01:00:00,Japan,Japan,JP,308.81,379.48,43.62,36.79,,true,ESTIMATED_MODE_BREAKDOWN
2024-01-13 02:00:00,Japan,Japan,JP,290.18,359.35,47.01,40.02,,true,ESTIMATED_MODE_BREAKDOWN
2024-01-13 03:00:00,Japan,Japan,JP,293.43,362.66,46.42,39.33,,true,ESTIMATED_MODE_BREAKDOWN
2024-01-13 04:00:00,Japan,Japan,JP,321.11,392.87,41.37,34.29,,true,ESTIMATED_MODE_BREAKDOWN
2024-01-13 05:00:00,Japan,Japan,JP,355.09,429.92,35.17,28.09,,true,ESTIMATED_MODE_BREAKDOWN
2024-01-13 06:00:00,Japan,Japan,JP,393.82,471.72,28.11,21.15,,true,ESTIMATED_MODE_BREAKDOWN
2024-01-13 07:00:00,Japan,Japan,JP,428.31,508.43,21.85,15.22,,true,ESTIMATED_MODE_BREAKDOWN
2024-01-13 08:00:00,Japan,Japan,JP,443.27,524.42,19.13,12.9,,true,ESTIMATED_MODE_BREAKDOWN
2024-01-13 09:00:00,Japan,Japan,JP,444.76,526.56,18.85,12.77,,true,ESTIMATED_MODE_BREAKDOWN
2024-01-13 10:00:00,Japan,Japan,JP,444.64,526.58,18.87,12.73,,true,ESTIMATED_MODE_BREAKDOWN
2024-01-13 11:00:00,Japan,Japan,JP,444.29,526.11,18.93,12.67,,true,ESTIMATED_MODE_BREAKDOWN
2024-01-13 12:00:00,Japan,Japan,JP,443.12,524.35,19.16,12.64,,true,ESTIMATED_MODE_BREAKDOWN
2024-01-13 13:00:00,Japan,Japan,JP,441.59,521.99,19.45,12.56,,true,ESTIMATED_MODE_BREAKDOWN
2024-01-13 14:00:00,Japan,Japan,JP,440.59,520.76,19.63,12.55,,true,ESTIMATED_MODE_BREAKDOWN
2024-01-13 15:00:00,Japan,Japan,JP,438.5,517.83,20.03,12.52,,true,ESTIMATED_MODE_BREAKDOWN
2024-01-13 16:00:00,Japan,Japan,JP,437.89,516.45,20.15,12.5,,true,ESTIMATED_MODE_BREAKDOWN
2024-01-13 17:00:00,Japan,Japan,JP,438.53,516.68,20.05,12.45,,true,ESTIMATED_MODE_BREAKDOWN
2024-01-13 18:00:00,Japan,Japan,JP,439.16,517.3,19.94,12.4,,true,ESTIMATED_MODE_BREAKDOWN
2024-01-13 19:00:00,Japan,Japan,JP,438.79,516.79,20.01,12.4,,true,ESTIMATED_MODE_BREAKDOWN
2024-01-13 20:00:00,Japan,Japan,JP,439.49,518.07,19.87,12.31,,true,ESTIMATED_MODE_BREAKDOWN
2024-01-13 21:00:00,Japan,Japan,JP,441.25,519.94,19.55,12.17,,true,ESTIMATED_MODE_BREAKDOWN
2024-01-13 22:00:00,Japan,Japan,JP,435.15,514.07,20.65,13.63,,true,ESTIMATED_MODE_BREAKDOWN
2024-01-13 23:00:00,Japan,Japan,JP,384.87,460.19,29.8,23.1,,true,ESTIMATED_MODE_BREAKDOWN
2024-01-14 00:00:00,Japan,Japan,JP,323.01,393.14,41.08,34.27,,true,ESTIMATED_MODE_BREAKDOWN
2024-01-14 01:00:00,Japan,Japan,JP,269.06,335.3,50.9,43.76,,true,ESTIMATED_MODE_BREAKDOWN
2024-01-14 02:00:00,Japan,Japan,JP,231.43,294.87,57.75,50.25,,true,ESTIMATED_MODE_BREAKDOWN
2024-01-14 03:00:00,Japan,Japan,JP,225.32,288.49,58.86,51.13,,true,ESTIMATED_MODE_BREAKDOWN
2024-01-14 04:00:00,Japan,Japan,JP,236.46,300.26,56.83,48.85,,true,ESTIMATED_MODE_BREAKDOWN
2024-01-14 05:00:00,Japan,Japan,JP,278.05,344.59,49.26,41.18,,true,ESTIMATED_MODE_BREAKDOWN
2024-01-14 06:00:00,Japan,Japan,JP,345.74,417.48,36.93,29.0,,true,ESTIMATED_MODE_BREAKDOWN
2024-01-14 07:00:00,Japan,Japan,JP,411.0,488.19,25.03,17.54,,true,ESTIMATED_MODE_BREAKDOWN
2024-01-14 08:00:00,Japan,Japan,JP,439.82,519.77,19.77,12.94,,true,ESTIMATED_MODE_BREAKDOWN
2024-01-14 09:00:00,Japan,Japan,JP,441.84,522.55,19.4,12.83,,true,ESTIMATED_MODE_BREAKDOWN
2024-01-14 10:00:00,Japan,Japan,JP,441.61,522.14,19.44,12.87,,true,ESTIMATED_MODE_BREAKDOWN
2024-01-14 11:00:00,Japan,Japan,JP,440.77,521.19,19.59,12.93,,true,ESTIMATED_MODE_BREAKDOWN
2024-01-14 12:00:00,Japan,Japan,JP,438.96,519.41,19.92,13.01,,true,ESTIMATED_MODE_BREAKDOWN
2024-01-14 13:00:00,Japan,Japan,JP,436.2,516.0,20.43,13.05,,true,ESTIMATED_MODE_BREAKDOWN
2024-01-14 14:00:00,Japan,Japan,JP,434.6,513.07,20.74,13.06,,true,ESTIMATED_MODE_BREAKDOWN
2024-01-14 15:00:00,Japan,Japan,JP,430.62,508.32,21.47,13.31,,true,ESTIMATED_MODE_BREAKDOWN
2024-01-14 16:00:00,Japan,Japan,JP,428.99,506.44,21.77,13.48,,true,ESTIMATED_MODE_BREAKDOWN
2024-01-14 17:00:00,Japan,Japan,JP,429.72,507.17,21.64,13.48,,true,ESTIMATED_MODE_BREAKDOWN
2024-01-14 18:00:00,Japan,Japan,JP,430.65,508.22,21.48,13.47,,true,ESTIMATED_MODE_BREAKDOWN
2024-01-14 19:00:00,Japan,Japan,JP,430.96,508.32,21.43,13.52,,true,ESTIMATED_MODE_BREAKDOWN
2024-01-14 20:00:00,Japan,Japan,JP,433.02,511.27,21.04,13.51,,true,ESTIMATED_MODE_BREAKDOWN
2024-01-14 21:00:00,Japan,Japan,JP,438.06,517.19,20.11,13.24,,true,ESTIMATED_MODE_BREAKDOWN
2024-01-14 22:00:00,Japan,Japan,JP,437.53,517.8,20.18,13.92,,true,ESTIMATED_MODE_BREAKDOWN
2024-01-14 23:00:00,Japan,Japan,JP,415.97,493.68,24.14,18.37,,true,ESTIMATED_MODE_BREAKDOWN
2024-01-15 00:00:00,Japan,Japan,JP,383.37,458.26,30.08,24.48,,true,ESTIMATED_MODE_BREAKDOWN
2024-01-15 01:00:00,Japan,Japan,JP,341.92,412.81,37.65,31.93,,true,ESTIMATED_MODE_BREAKDOWN
2024-01-15 02:00:00,Japan,Japan,JP,317.27,385.44,42.16,36.31,,true,ESTIMATED_MODE_BREAKDOWN
2024-01-15 03:00:00,Japan,Japan,JP,306.33,373.76,44.15,37.93,,true,ESTIMATED_MODE_BREAKDOWN
2024-01-15 04:00:00,Japan,Japan,JP,320.02,389.57,41.63,35.61,,true,ESTIMATED_MODE_BREAKDOWN
2024-01-15 05:00:00,Japan,Japan,JP,347.01,419.61,36.69,30.6,,true,ESTIMATED_MODE_BREAKDOWN
2024-01-15 06:00:00,Japan,Japan,JP,389.58,465.89,28.92,22.97,,true,ESTIMATED_MODE_BREAKDOWN
2024-01-15 07:00:00,Japan,Japan,JP,429.6,509.6,21.62,15.85,,true,ESTIMATED_MODE_BREAKDOWN
2024-01-15 08:00:00,Japan,Japan,JP,444.87,526.79,18.82,13.23,,true,ESTIMATED_MODE_BREAKDOWN
2024-01-15 09:00:00,Japan,Japan,JP,445.93,528.08,18.63,13.11,,true,ESTIMATED_MODE_BREAKDOWN
2024-01-15 10:00:00,Japan,Japan,JP,445.03,527.21,18.79,13.14,,true,ESTIMATED_MODE_BREAKDOWN
2024-01-15 11:00:00,Japan,Japan,JP,444.03,526.05,18.97,13.18,,true,ESTIMATED_MODE_BREAKDOWN
2024-01-15 12:00:00,Japan,Japan,JP,442.55,524.26,19.25,13.21,,true,ESTIMATED_MODE_BREAKDOWN
2024-01-15 13:00:00,Japan,Japan,JP,440.72,521.67,19.59,13.2,,true,ESTIMATED_MODE_BREAKDOWN
2024-01-15 14:00:00,Japan,Japan,JP,438.96,519.26,19.92,13.22,,true,ESTIMATED_MODE_BREAKDOWN
2024-01-15 15:00:00,Japan,Japan,JP,435.7,515.37,20.52,13.4,,true,ESTIMATED_MODE_BREAKDOWN
2024-01-15 16:00:00,Japan,Japan,JP,434.51,513.47,20.75,13.45,,true,ESTIMATED_MODE_BREAKDOWN
2024-01-15 17:00:00,Japan,Japan,JP,434.83,513.85,20.69,13.48,,true,ESTIMATED_MODE_BREAKDOWN
2024-01-15 18:00:00,Japan,Japan,JP,435.12,513.9,20.65,13.54,,true,ESTIMATED_MODE_BREAKDOWN
2024-01-15 19:00:00,Japan,Japan,JP,435.62,514.2,20.56,13.52,,true,ESTIMATED_MODE_BREAKDOWN
2024-01-15 20:00:00,Japan,Japan,JP,437.51,516.87,20.21,13.42,,true,ESTIMATED_MODE_BREAKDOWN
2024-01-15 21:00:00,Japan,Japan,JP,442.09,522.71,19.35,13.18,,true,ESTIMATED_MODE_BREAKDOWN
2024-01-15 22:00:00,Japan,Japan,JP,440.02,521.1,19.72,14.03,,true,ESTIMATED_MODE_BREAKDOWN
2024-01-15 23:00:00,Japan,Japan,JP,411.97,490.17,24.85,19.55,,true,ESTIMATED_MODE_BREAKDOWN
2024-01-16 00:00:00,Japan,Japan,JP,378.53,455.04,30.92,25.68,,true,ESTIMATED_MODE_BREAKDOWN
2024-01-16 01:00:00,Japan,Japan,JP,346.69,420.18,36.73,31.3,,true,ESTIMATED_MODE_BREAKDOWN
2024-01-16 02:00:00,Japan,Japan,JP,330.18,402.08,39.74,34.23,,true,ESTIMATED_MODE_BREAKDOWN
2024-01-16 03:00:00,Japan,Japan,JP,318.9,389.84,41.8,35.94,,true,ESTIMATED_MODE_BREAKDOWN
2024-01-16 04:00:00,Japan,Japan,JP,327.07,398.79,40.31,34.62,,true,ESTIMATED_MODE_BREAKDOWN
2024-01-16 05:00:00,Japan,Japan,JP,347.72,421.14,36.54,30.81,,true,ESTIMATED_MODE_BREAKDOWN
2024-01-16 06:00:00,Japan,Japan,JP,387.56,465.03,29.26,23.57,,true,ESTIMATED_MODE_BREAKDOWN
2024-01-16 07:00:00,Japan,Japan,JP,433.0,514.17,20.98,15.48,,true,ESTIMATED_MODE_BREAKDOWN
2024-01-16 08:00:00,Japan,Japan,JP,447.91,530.32,18.27,12.88,,true,ESTIMATED_MODE_BREAKDOWN
2024-01-16 09:00:00,Japan,Japan,JP,449.57,531.97,17.97,12.65,,true,ESTIMATED_MODE_BREAKDOWN
2024-01-16 10:00:00,Japan,Japan,JP,449.0,531.28,18.08,12.61,,true,ESTIMATED_MODE_BREAKDOWN
2024-01-16 11:00:00,Japan,Japan,JP,448.16,530.46,18.23,12.6,,true,ESTIMATED_MODE_BREAKDOWN
2024-01-16 12:00:00,Japan,Japan,JP,446.79,528.93,18.48,12.6,,true,ESTIMATED_MODE_BREAKDOWN
2024-01-16 13:00:00,Japan,Japan,JP,445.03,525.98,18.82,12.52,,true,ESTIMATED_MODE_BREAKDOWN
2024-01-16 14:00:00,Japan,Japan,JP,443.13,523.25,19.18,12.6,,true,ESTIMATED_MODE_BREAKDOWN
2024-01-16 15:00:00,Japan,Japan,JP,440.3,519.56,19.7,12.7,,true,ESTIMATED_MODE_BREAKDOWN
2024-01-16 16:00:00,Japan,Japan,JP,439.12,518.23,19.92,12.75,,true,ESTIMATED_MODE_BREAKDOWN
2024-01-16 17:00:00,Japan,Japan,JP,439.56,518.3,19.85,12.73,,true,ESTIMATED_MODE_BREAKDOWN
2024-01-16 18:00:00,Japan,Japan,JP,439.93,518.39,19.79,12.73,,true,ESTIMATED_MODE_BREAKDOWN
2024-01-16 19:00:00,Japan,Japan,JP,440.39,519.03,19.71,12.69,,true,ESTIMATED_MODE_BREAKDOWN
2024-01-16 20:00:00,Japan,Japan,JP,442.88,522.25,19.24,12.54,,true,ESTIMATED_MODE_BREAKDOWN
2024-01-16 21:00:00,Japan,Japan,JP,446.97,527.81,18.48,12.37,,true,ESTIMATED_MODE_BREAKDOWN
2024-01-16 22:00:00,Japan,Japan,JP,443.48,524.29,19.11,13.44,,true,ESTIMATED_MODE_BREAKDOWN
2024-01-16 23:00:00,Japan,Japan,JP,407.03,484.58,25.76,20.43,,true,ESTIMATED_MODE_BREAKDOWN
2024-01-17 00:00:00,Japan,Japan,JP,362.99,437.62,33.77,28.36,,true,ESTIMATED_MODE_BREAKDOWN
2024-01-17 01:00:00,Japan,Japan,JP,317.7,389.1,42.01,36.34,,true,ESTIMATED_MODE_BREAKDOWN
2024-01-17 02:00:00,Japan,Japan,JP,290.43,358.79,47.0,41.12,,true,ESTIMATED_MODE_BREAKDOWN
2024-01-17 03:00:00,Japan,Japan,JP,275.93,343.16,49.64,43.3,,true,ESTIMATED_MODE_BREAKDOWN
2024-01-17 04:00:00,Japan,Japan,JP,293.73,362.35,46.4,40.18,,true,ESTIMATED_MODE_BREAKDOWN
2024-01-17 05:00:00,Japan,Japan,JP,327.93,398.71,40.18,33.83,,true,ESTIMATED_MODE_BREAKDOWN
2024-01-17 06:00:00,Japan,Japan,JP,383.36,458.8,30.07,23.77,,true,ESTIMATED_MODE_BREAKDOWN
2024-01-17 07:00:00,Japan,Japan,JP,431.02,510.25,21.39,15.26,,true,ESTIMATED_MODE_BREAKDOWN
2024-01-17 08:00:00,Japan,Japan,JP,447.65,529.19,18.34,12.41,,true,ESTIMATED_MODE_BREAKDOWN
2024-01-17 09:00:00,Japan,Japan,JP,448.79,530.62,18.13,12.29,,true,ESTIMATED_MODE_BREAKDOWN
2024-01-17 10:00:00,Japan,Japan,JP,447.87,529.86,18.29,12.32,,true,ESTIMATED_MODE_BREAKDOWN
2024-01-17 11:00:00,Japan,Japan,JP,446.98,528.97,18.45,12.34,,true,ESTIMATED_MODE_BREAKDOWN
2024-01-17 12:00:00,Japan,Japan,JP,445.51,527.38,18.71,12.32,,true,ESTIMATED_MODE_BREAKDOWN
2024-01-17 13:00:00,Japan,Japan,JP,443.61,524.52,19.07,12.29,,true,ESTIMATED_MODE_BREAKDOWN
2024-01-17 14:00:00,Japan,Japan,JP,441.7,522.07,19.43,12.31,,true,ESTIMATED_MODE_BREAKDOWN
2024-01-17 15:00:00,Japan,Japan,JP,438.1,517.65,20.09,12.49,,true,ESTIMATED_MODE_BREAKDOWN
2024-01-17 16:00:00,Japan,Japan,JP,436.78,515.91,20.34,12.52,,true,ESTIMATED_MODE_BREAKDOWN
2024-01-17 17:00:00,Japan,Japan,JP,437.65,516.72,20.18,12.51,,true,ESTIMATED_MODE_BREAKDOWN
2024-01-17 18:00:00,Japan,Japan,JP,438.25,516.82,20.09,12.48,,true,ESTIMATED_MODE_BREAKDOWN
2024-01-17 19:00:00,Japan,Japan,JP,439.06,517.74,19.94,12.46,,true,ESTIMATED_MODE_BREAKDOWN
2024-01-17 20:00:00,Japan,Japan,JP,440.88,520.14,19.6,12.32,,true,ESTIMATED_MODE_BREAKDOWN
2024-01-17 21:00:00,Japan,Japan,JP,444.6,525.36,18.9,12.17,,true,ESTIMATED_MODE_BREAKDOWN
2024-01-17 22:00:00,Japan,Japan,JP,442.94,524.39,19.19,12.94,,true,ESTIMATED_MODE_BREAKDOWN
2024-01-17 23:00:00,Japan,Japan,JP,424.95,503.67,22.5,16.75,,true,ESTIMATED_MODE_BREAKDOWN
2024-01-18 00:00:00,Japan,Japan,JP,400.59,477.51,26.94,21.35,,true,ESTIMATED_MODE_BREAKDOWN
2024-01-18 01:00:00,Japan,Japan,JP,373.52,448.86,31.86,26.07,,true,ESTIMATED_MODE_BREAKDOWN
2024-01-18 02:00:00,Japan,Japan,JP,356.89,431.41,34.88,28.98,,true,ESTIMATED_MODE_BREAKDOWN
2024-01-18 03:00:00,Japan,Japan,JP,355.95,430.52,35.04,28.8,,true,ESTIMATED_MODE_BREAKDOWN
2024-01-18 04:00:00,Japan,Japan,JP,378.7,455.17,30.89,24.83,,true,ESTIMATED_MODE_BREAKDOWN
2024-01-18 05:00:00,Japan,Japan,JP,403.17,481.17,26.44,20.27,,true,ESTIMATED_MODE_BREAKDOWN
2024-01-18 06:00:00,Japan,Japan,JP,425.07,504.69,22.45,16.24,,true,ESTIMATED_MODE_BREAKDOWN
2024-01-18 07:00:00,Japan,Japan,JP,442.99,523.77,19.19,13.1,,true,ESTIMATED_MODE_BREAKDOWN
2024-01-18 08:00:00,Japan,Japan,JP,447.53,529.23,18.36,12.34,,true,ESTIMATED_MODE_BREAKDOWN
2024-01-18 09:00:00,Japan,Japan,JP,448.02,529.73,18.27,12.25,,true,ESTIMATED_MODE_BREAKDOWN
2024-01-18 10:00:00,Japan,Japan,JP,446.74,528.28,18.5,12.26,,true,ESTIMATED_MODE_BREAKDOWN
2024-01-18 11:00:00,Japan,Japan,JP,445.7,527.04,18.69,12.29,,true,ESTIMATED_MODE_BREAKDOWN
2024-01-18 12:00:00,Japan,Japan,JP,443.36,524.63,19.11,12.4,,true,ESTIMATED_MODE_BREAKDOWN
2024-01-18 13:00:00,Japan,Japan,JP,441.31,521.73,19.5,12.37,,true,ESTIMATED_MODE_BREAKDOWN
2024-01-18 14:00:00,Japan,Japan,JP,439.14,518.11,19.92,12.44,,true,ESTIMATED_MODE_BREAKDOWN
2024-01-18 15:00:00,Japan,Japan,JP,435.62,513.35,20.58,12.6,,true,ESTIMATED_MODE_BREAKDOWN
2024-01-18 16:00:00,Japan,Japan,JP,434.16,511.35,20.85,12.65,,true,ESTIMATED_MODE_BREAKDOWN
2024-01-18 17:00:00,Japan,Japan,JP,434.71,511.97,20.75,12.69,,true,ESTIMATED_MODE_BREAKDOWN
2024-01-18 18:00:00,Japan,Japan,JP,435.09,513.31,20.66,12.75,,true,ESTIMATED_MODE_BREAKDOWN
2024-01-18 19:00:00,Japan,Japan,JP,435.53,513.94,20.58,12.73,,true,ESTIMATED_MODE_BREAKDOWN
2024-01-18 20:00:00,Japan,Japan,JP,436.78,515.89,20.34,12.71,,true,ESTIMATED_MODE_BREAKDOWN
2024-01-18 21:00:00,Japan,Japan,JP,440.27,520.2,19.7,12.56,,true,ESTIMATED_MODE_BREAKDOWN
2024-01-18 22:00:00,Japan,Japan,JP,438.66,518.41,19.99,13.34,,true,ESTIMATED_MODE_BREAKDOWN
2024-01-18 23:00:00,Japan,Japan,JP,415.65,493.49,24.19,18.04,,true,ESTIMATED_MODE_BREAKDOWN
2024-01-19 00:00:00,Japan,Japan,JP,381.69,456.48,30.39,24.42,,true,ESTIMATED_MODE_BREAKDOWN
2024-01-19 01:00:00,Japan,Japan,JP,345.24,416.45,37.05,30.93,,true,ESTIMATED_MODE_BREAKDOWN
2024-01-19 02:00:00,Japan,Japan,JP,328.98,398.63,40.02,33.8,,true,ESTIMATED_MODE_BREAKDOWN
2024-01-19 03:00:00,Japan,Japan,JP,318.41,387.52,41.94,35.29,,true,ESTIMATED_MODE_BREAKDOWN
2024-01-19 04:00:00,Japan,Japan,JP,332.56,402.62,39.36,32.9,,true,ESTIMATED_MODE_BREAKDOWN
2024-01-19 05:00:00,Japan,Japan,JP,358.56,430.27,34.63,28.08,,true,ESTIMATED_MODE_BREAKDOWN
2024-01-19 06:00:00,Japan,Japan,JP,395.14,470.42,27.95,21.44,,true,ESTIMATED_MODE_BREAKDOWN
2024-01-19 07:00:00,Japan,Japan,JP,433.05,512.36,21.02,14.61,,true,ESTIMATED_MODE_BREAKDOWN
2024-01-19 08:00:00,Japan,Japan,JP,446.01,527.13,18.64,12.35,,true,ESTIMATED_MODE_BREAKDOWN
2024-01-19 09:00:00,Japan,Japan,JP,446.82,527.91,18.5,12.24,,true,ESTIMATED_MODE_BREAKDOWN
2024-01-19 10:00:00,Japan,Japan,JP,445.91,526.93,18.66,12.25,,true,ESTIMATED_MODE_BREAKDOWN
2024-01-19 11:00:00,Japan,Japan,JP,445.02,526.13,18.82,12.25,,true,ESTIMATED_MODE_BREAKDOWN
2024-01-19 12:00:00,Japan,Japan,JP,443.22,523.85,19.15,12.3,,true,ESTIMATED_MODE_BREAKDOWN
2024-01-19 13:00:00,Japan,Japan,JP,441.23,521.76,19.51,12.34,,true,ESTIMATED_MODE_BREAKDOWN
2024-01-19 14:00:00,Japan,Japan,JP,440.19,520.17,19.71,12.29,,true,ESTIMATED_MODE_BREAKDOWN
2024-01-19 15:00:00,Japan,Japan,JP,437.58,517.11,20.19,12.27,,true,ESTIMATED_MODE_BREAKDOWN
2024-01-19 16:00:00,Japan,Japan,JP,436.63,515.83,20.36,12.21,,true,ESTIMATED_MODE_BREAKDOWN
2024-01-19 17:00:00,Japan,Japan,JP,436.86,515.72,20.33,12.28,,true,ESTIMATED_MODE_BREAKDOWN
2024-01-19 18:00:00,Japan,Japan,JP,437.43,515.54,20.25,12.27,,true,ESTIMATED_MODE_BREAKDOWN
2024-01-19 19:00:00,Japan,Japan,JP,437.5,515.31,20.24,12.26,,true,ESTIMATED_MODE_BREAKDOWN
2024-01-19 20:00:00,Japan,Japan,JP,437.45,515.79,20.24,12.28,,true,ESTIMATED_MODE_BREAKDOWN
2024-01-19 21:00:00,Japan,Japan,JP,438.2,517.54,20.08,12.26,,true,ESTIMATED_MODE_BREAKDOWN
2024-01-19 22:00:00,Japan,Japan,JP,436.37,515.95,20.41,12.98,,true,ESTIMATED_MODE_BREAKDOWN
2024-01-19 23:00:00,Japan,Japan,JP,423.27,502.01,22.79,15.93,,true,ESTIMATED_MODE_BREAKDOWN
2024-01-20 00:00:00,Japan,Japan,JP,407.78,485.76,25.61,19.08,,true,ESTIMATED_MODE_BREAKDOWN
2024-01-20 01:00:00,Japan,Japan,JP,390.66,467.4,28.72,22.15,,true,ESTIMATED_MODE_BREAKDOWN
2024-01-20 02:00:00,Japan,Japan,JP,380.1,455.64,30.65,24.0,,true,ESTIMATED_MODE_BREAKDOWN
2024-01-20 03:00:00,Japan,Japan,JP,381.17,456.67,30.46,23.62,,true,ESTIMATED_MODE_BREAKDOWN
2024-01-20 04:00:00,Japan,Japan,JP,389.87,465.8,28.88,21.95,,true,ESTIMATED_MODE_BREAKDOWN
2024-01-20 05:00:00,Japan,Japan,JP,403.09,480.25,26.47,19.45,,true,ESTIMATED_MODE_BREAKDOWN
2024-01-20 06:00:00,Japan,Japan,JP,421.28,500.01,23.15,16.12,,true,ESTIMATED_MODE_BREAKDOWN
2024-01-20 07:00:00,Japan,Japan,JP,438.1,518.55,20.08,13.24,,true,ESTIMATED_MODE_BREAKDOWN
2024-01-20 08:00:00,Japan,Japan,JP,444.0,525.3,19.0,12.39,,true,ESTIMATED_MODE_BREAKDOWN
2024-01-20 09:00:00,Japan,Japan,JP,444.56,525.7,18.9,12.29,,true,ESTIMATED_MODE_BREAKDOWN
2024-01-20 10:00:00,Japan,Japan,JP,443.81,525.02,19.03,12.23,,true,ESTIMATED_MODE_BREAKDOWN
2024-01-20 11:00:00,Japan,Japan,JP,442.81,523.7,19.22,12.21,,true,ESTIMATED_MODE_BREAKDOWN
2024-01-20 12:00:00,Japan,Japan,JP,440.37,520.57,19.67,12.32,,true,ESTIMATED_MODE_BREAKDOWN
2024-01-20 13:00:00,Japan,Japan,JP,437.65,517.65,20.16,12.41,,true,ESTIMATED_MODE_BREAKDOWN
2024-01-20 14:00:00,Japan,Japan,JP,436.44,515.87,20.39,12.39,,true,ESTIMATED_MODE_BREAKDOWN
2024-01-20 15:00:00,Japan,Japan,JP,431.62,509.12,21.3,12.48,,true,ESTIMATED_MODE_BREAKDOWN
2024-01-20 16:00:00,Japan,Japan,JP,431.34,507.9,21.37,12.59,,true,ESTIMATED_MODE_BREAKDOWN
2024-01-20 17:00:00,Japan,Japan,JP,431.23,508.46,21.38,12.67,,true,ESTIMATED_MODE_BREAKDOWN
2024-01-20 18:00:00,Japan,Japan,JP,430.76,507.63,21.47,12.84,,true,ESTIMATED_MODE_BREAKDOWN
2024-01-20 19:00:00,Japan,Japan,JP,429.95,506.57,21.62,12.98,,true,ESTIMATED_MODE_BREAKDOWN
2024-01-20 20:00:00,Japan,Japan,JP,429.03,505.61,21.79,13.06,,true,ESTIMATED_MODE_BREAKDOWN
2024-01-20 21:00:00,Japan,Japan,JP,429.5,506.43,21.69,12.99,,true,ESTIMATED_MODE_BREAKDOWN
2024-01-20 22:00:00,Japan,Japan,JP,430.22,508.2,21.54,13.2,,true,ESTIMATED_MODE_BREAKDOWN
2024-01-20 23:00:00,Japan,Japan,JP,421.4,499.6,23.13,15.42,,true,ESTIMATED_MODE_BREAKDOWN
2024-01-21 00:00:00,Japan,Japan,JP,408.63,485.81,25.45,18.02,,true,ESTIMATED_MODE_BREAKDOWN
2024-01-21 01:00:00,Japan,Japan,JP,389.27,465.48,28.97,21.54,,true,ESTIMATED_MODE_BREAKDOWN
2024-01-21 02:00:00,Japan,Japan,JP,373.75,449.04,31.78,24.2,,true,ESTIMATED_MODE_BREAKDOWN
2024-01-21 03:00:00,Japan,Japan,JP,362.3,437.16,33.86,26.18,,true,ESTIMATED_MODE_BREAKDOWN
2024-01-21 04:00:00,Japan,Japan,JP,360.75,434.65,34.16,26.24,,true,ESTIMATED_MODE_BREAKDOWN
2024-01-21 05:00:00,Japan,Japan,JP,361.56,434.64,34.03,25.92,,true,ESTIMATED_MODE_BREAKDOWN
2024-01-21 06:00:00,Japan,Japan,JP,381.58,455.74,30.4,22.24,,true,ESTIMATED_MODE_BREAKDOWN
2024-01-21 07:00:00,Japan,Japan,JP,413.33,490.58,24.6,16.64,,true,ESTIMATED_MODE_BREAKDOWN
2024-01-21 08:00:00,Japan,Japan,JP,434.96,514.43,20.66,13.28,,true,ESTIMATED_MODE_BREAKDOWN
2024-01-21 09:00:00,Japan,Japan,JP,436.85,517.14,20.3,13.16,,true,ESTIMATED_MODE_BREAKDOWN
2024-01-21 10:00:00,Japan,Japan,JP,436.37,516.75,20.38,13.14,,true,ESTIMATED_MODE_BREAKDOWN
2024-01-21 11:00:00,Japan,Japan,JP,435.33,515.37,20.58,13.17,,true,ESTIMATED_MODE_BREAKDOWN
2024-01-21 12:00:00,Japan,Japan,JP,433.68,512.77,20.89,13.16,,true,ESTIMATED_MODE_BREAKDOWN
2024-01-21 13:00:00,Japan,Japan,JP,431.4,509.24,21.33,13.09,,true,ESTIMATED_MODE_BREAKDOWN
2024-01-21 14:00:00,Japan,Japan,JP,430.12,507.46,21.57,13.07,,true,ESTIMATED_MODE_BREAKDOWN
2024-01-21 15:00:00,Japan,Japan,JP,426.49,502.38,22.26,13.14,,true,ESTIMATED_MODE_BREAKDOWN
2024-01-21 16:00:00,Japan,Japan,JP,424.73,499.98,22.59,13.29,,true,ESTIMATED_MODE_BREAKDOWN
2024-01-21 17:00:00,Japan,Japan,JP,426.0,501.62,22.35,13.27,,true,ESTIMATED_MODE_BREAKDOWN
2024-01-21 18:00:00,Japan,Japan,JP,427.81,503.61,22.03,13.16,,true,ESTIMATED_MODE_BREAKDOWN
2024-01-21 19:00:00,Japan,Japan,JP,429.03,505.73,21.79,13.15,,true,ESTIMATED_MODE_BREAKDOWN
2024-01-21 20:00:00,Japan,Japan,JP,431.78,509.5,21.27,12.97,,true,ESTIMATED_MODE_BREAKDOWN
2024-01-21 21:00:00,Japan,Japan,JP,436.62,515.59,20.38,12.76,,true,ESTIMATED_MODE_BREAKDOWN
2024-01-21 22:00:00,Japan,Japan,JP,434.21,513.44,20.81,13.81,,true,ESTIMATED_MODE_BREAKDOWN
2024-01-21 23:00:00,Japan,Japan,JP,403.75,481.03,26.35,19.9,,true,ESTIMATED_MODE_BREAKDOWN
2024-01-22 00:00:00,Japan,Japan,JP,375.51,452.23,31.47,26.49,,true,ESTIMATED_MODE_BREAKDOWN
2024-01-22 01:00:00,Japan,Japan,JP,356.85,433.41,34.85,31.03,,true,ESTIMATED_MODE_BREAKDOWN
2024-01-22 02:00:00,Japan,Japan,JP,349.9,426.37,36.11,32.25,,true,ESTIMATED_MODE_BREAKDOWN
2024-01-22 03:00:00,Japan,Japan,JP,347.65,424.17,36.51,32.44,,true,ESTIMATED_MODE_BREAKDOWN
2024-01-22 04:00:00,Japan,Japan,JP,365.41,442.8,33.29,29.3,,true,ESTIMATED_MODE_BREAKDOWN
2024-01-22 05:00:00,Japan,Japan,JP,382.03,459.39,30.28,24.94,,true,ESTIMATED_MODE_BREAKDOWN
2024-01-22 06:00:00,Japan,Japan,JP,409.29,487.05,25.34,18.63,,true,ESTIMATED_MODE_BREAKDOWN
2024-01-22 07:00:00,Japan,Japan,JP,433.61,513.05,20.91,14.37,,true,ESTIMATED_MODE_BREAKDOWN
2024-01-22 08:00:00,Japan,Japan,JP,447.76,530.09,18.31,12.88,,true,ESTIMATED_MODE_BREAKDOWN
2024-01-22 09:00:00,Japan,Japan,JP,448.12,530.22,18.25,12.8,,true,ESTIMATED_MODE_BREAKDOWN
2024-01-22 10:00:00,Japan,Japan,JP,446.88,528.79,18.47,12.86,,true,ESTIMATED_MODE_BREAKDOWN
2024-01-22 11:00:00,Japan,Japan,JP,440.08,520.91,19.71,12.84,,true,ESTIMATED_MODE_BREAKDOWN
2024-01-22 12:00:00,Japan,Japan,JP,437.5,517.47,20.19,12.98,,true,ESTIMATED_MODE_BREAKDOWN
2024-01-22 13:00:00,Japan,Japan,JP,434.85,513.75,20.69,12.99,,true,ESTIMATED_MODE_BREAKDOWN
2024-01-22 14:00:00,Japan,Japan,JP,431.82,510.41,21.24,13.21,,true,ESTIMATED_MODE_BREAKDOWN
2024-01-22 15:00:00,Japan,Japan,JP,428.01,505.41,21.95,13.39,,true,ESTIMATED_MODE_BREAKDOWN
2024-01-22 16:00:00,Japan,Japan,JP,426.53,503.3,22.23,13.47,,true,ESTIMATED_MODE_BREAKDOWN
2024-01-22 17:00:00,Japan,Japan,JP,427.24,504.0,22.11,13.52,,true,ESTIMATED_MODE_BREAKDOWN
2024-01-22 18:00:00,Japan,Japan,JP,428.27,504.68,21.93,13.53,,true,ESTIMATED_MODE_BREAKDOWN
2024-01-22 19:00:00,Japan,Japan,JP,428.62,505.27,21.86,13.6,,true,ESTIMATED_MODE_BREAKDOWN
2024-01-22 20:00:00,Japan,Japan,JP,429.9,507.57,21.61,13.64,,true,ESTIMATED_MODE_BREAKDOWN
2024-01-22 21:00:00,Japan,Japan,JP,434.26,513.4,20.8,13.46,,true,ESTIMATED_MODE_BREAKDOWN
2024-01-22 22:00:00,Japan,Japan,JP,431.95,510.98,21.22,14.39,,true,ESTIMATED_MODE_BREAKDOWN
2024-01-22 23:00:00,Japan,Japan,JP,404.51,480.61,26.24,19.99,,true,ESTIMATED_MODE_BREAKDOWN
2024-01-23 00:00:00,Japan,Japan,JP,372.53,446.02,32.07,25.96,,true,ESTIMATED_MODE_BREAKDOWN
2024-01-23 01:00:00,Japan,Japan,JP,343.19,413.84,37.43,31.1,,true,ESTIMATED_MODE_BREAKDOWN
2024-01-23 02:00:00,Japan,Japan,JP,323.11,392.37,41.08,34.6,,true,ESTIMATED_MODE_BREAKDOWN
2024-01-23 03:00:00,Japan,Japan,JP,309.65,377.78,43.54,36.76,,true,ESTIMATED_MODE_BREAKDOWN
2024-01-23 04:00:00,Japan,Japan,JP,326.29,395.9,40.5,33.98,,true,ESTIMATED_MODE_BREAKDOWN
2024-01-23 05:00:00,Japan,Japan,JP,351.42,423.03,35.92,29.37,,true,ESTIMATED_MODE_BREAKDOWN
2024-01-23 06:00:00,Japan,Japan,JP,391.91,467.5,28.52,22.07,,true,ESTIMATED_MODE_BREAKDOWN
2024-01-23 07:00:00,Japan,Japan,JP,428.56,507.61,21.83,15.58,,true,ESTIMATED_MODE_BREAKDOWN
2024-01-23 08:00:00,Japan,Japan,JP,442.74,523.15,19.24,13.14,,true,ESTIMATED_MODE_BREAKDOWN
2024-01-23 09:00:00,Japan,Japan,JP,443.87,524.38,19.04,13.0,,true,ESTIMATED_MODE_BREAKDOWN
2024-01-23 10:00:00,Japan,Japan,JP,442.87,522.95,19.23,13.06,,true,ESTIMATED_MODE_BREAKDOWN
2024-01-23 11:00:00,Japan,Japan,JP,441.72,521.98,19.43,13.11,,true,ESTIMATED_MODE_BREAKDOWN
2024-01-23 12:00:00,Japan,Japan,JP,439.83,520.1,19.77,13.2,,true,ESTIMATED_MODE_BREAKDOWN
2024-01-23 13:00:00,Japan,Japan,JP,437.37,517.33,20.22,13.27,,true,ESTIMATED_MODE_BREAKDOWN
2024-01-23 14:00:00,Japan,Japan,JP,435.17,514.32,20.63,13.39,,true,ESTIMATED_MODE_BREAKDOWN
2024-01-23 15:00:00,Japan,Japan,JP,432.33,510.72,21.16,13.52,,true,ESTIMATED_MODE_BREAKDOWN
2024-01-23 16:00:00,Japan,Japan,JP,431.23,509.19,21.36,13.6,,true,ESTIMATED_MODE_BREAKDOWN
2024-01-23 17:00:00,Japan,Japan,JP,431.5,509.04,21.33,13.62,,true,ESTIMATED_MODE_BREAKDOWN
2024-01-23 18:00:00,Japan,Japan,JP,431.95,508.47,21.27,13.61,,true,ESTIMATED_MODE_BREAKDOWN
2024-01-23 19:00:00,Japan,Japan,JP,431.95,508.6,21.27,13.6,,true,ESTIMATED_MODE_BREAKDOWN
2024-01-23 20:00:00,Japan,Japan,JP,433.62,511.12,20.95,13.53,,true,ESTIMATED_MODE_BREAKDOWN
2024-01-23 21:00:00,Japan,Japan,JP,438.47,516.88,20.05,13.27,,true,ESTIMATED_MODE_BREAKDOWN
2024-01-23 22:00:00,Japan,Japan,JP,435.51,513.95,20.59,14.3,,true,ESTIMATED_MODE_BREAKDOWN
2024-01-23 23:00:00,Japan,Japan,JP,407.72,483.93,25.66,19.85,,true,ESTIMATED_MODE_BREAKDOWN
2024-01-24 00:00:00,Japan,Japan,JP,379.67,454.18,30.76,25.11,,true,ESTIMATED_MODE_BREAKDOWN
2024-01-24 01:00:00,Japan,Japan,JP,351.8,424.16,35.84,29.99,,true,ESTIMATED_MODE_BREAKDOWN
2024-01-24 02:00:00,Japan,Japan,JP,338.13,409.62,38.32,32.38,,true,ESTIMATED_MODE_BREAKDOWN
2024-01-24 03:00:00,Japan,Japan,JP,330.9,401.61,39.64,33.37,,true,ESTIMATED_MODE_BREAKDOWN
2024-01-24 04:00:00,Japan,Japan,JP,345.32,417.32,37.01,30.89,,true,ESTIMATED_MODE_BREAKDOWN
2024-01-24 05:00:00,Japan,Japan,JP,368.9,443.14,32.7,26.54,,true,ESTIMATED_MODE_BREAKDOWN
2024-01-24 06:00:00,Japan,Japan,JP,401.74,478.16,26.73,20.63,,true,ESTIMATED_MODE_BREAKDOWN
2024-01-24 07:00:00,Japan,Japan,JP,432.25,510.59,21.18,15.23,,true,ESTIMATED_MODE_BREAKDOWN
2024-01-24 08:00:00,Japan,Japan,JP,445.46,524.53,18.78,12.98,,true,ESTIMATED_MODE_BREAKDOWN
2024-01-24 09:00:00,Japan,Japan,JP,446.11,525.14,18.67,12.9,,true,ESTIMATED_MODE_BREAKDOWN
2024-01-24 10:00:00,Japan,Japan,JP,445.46,524.36,18.79,12.91,,true,ESTIMATED_MODE_BREAKDOWN
2024-01-24 11:00:00,Japan,Japan,JP,444.6,523.62,18.94,12.9,,true,ESTIMATED_MODE_BREAKDOWN
2024-01-24 12:00:00,Japan,Japan,JP,442.82,521.67,19.26,12.93,,true,ESTIMATED_MODE_BREAKDOWN
2024-01-24 13:00:00,Japan,Japan,JP,440.01,518.53,19.77,13.05,,true,ESTIMATED_MODE_BREAKDOWN
2024-01-24 14:00:00,Japan,Japan,JP,438.14,515.7,20.13,13.1,,true,ESTIMATED_MODE_BREAKDOWN
2024-01-24 15:00:00,Japan,Japan,JP,434.33,511.79,20.82,13.32,,true,ESTIMATED_MODE_BREAKDOWN
2024-01-24 16:00:00,Japan,Japan,JP,432.81,510.07,21.09,13.39,,true,ESTIMATED_MODE_BREAKDOWN
2024-01-24 17:00:00,Japan,Japan,JP,432.67,510.09,21.12,13.46,,true,ESTIMATED_MODE_BREAKDOWN
2024-01-24 18:00:00,Japan,Japan,JP,432.8,510.38,21.09,13.48,,true,ESTIMATED_MODE_BREAKDOWN
2024-01-24 19:00:00,Japan,Japan,JP,432.86,510.53,21.08,13.49,,true,ESTIMATED_MODE_BREAKDOWN
2024-01-24 20:00:00,Japan,Japan,JP,435.19,513.14,20.65,13.33,,true,ESTIMATED_MODE_BREAKDOWN
2024-01-24 21:00:00,Japan,Japan,JP,439.95,518.79,19.78,13.1,,true,ESTIMATED_MODE_BREAKDOWN
2024-01-24 22:00:00,Japan,Japan,JP,436.87,516.29,20.32,14.13,,true,ESTIMATED_MODE_BREAKDOWN
2024-01-24 23:00:00,Japan,Japan,JP,408.03,486.32,25.56,19.74,,true,ESTIMATED_MODE_BREAKDOWN
2024-01-25 00:00:00,Japan,Japan,JP,377.07,452.83,31.2,25.47,,true,ESTIMATED_MODE_BREAKDOWN
2024-01-25 01:00:00,Japan,Japan,JP,345.4,418.27,36.98,31.09,,true,ESTIMATED_MODE_BREAKDOWN
2024-01-25 02:00:00,Japan,Japan,JP,328.43,399.41,40.08,34.03,,true,ESTIMATED_MODE_BREAKDOWN
2024-01-25 03:00:00,Japan,Japan,JP,320.35,390.12,41.56,35.12,,true,ESTIMATED_MODE_BREAKDOWN
2024-01-25 04:00:00,Japan,Japan,JP,332.97,403.41,39.27,32.97,,true,ESTIMATED_MODE_BREAKDOWN
2024-01-25 05:00:00,Japan,Japan,JP,355.76,427.64,35.13,28.8,,true,ESTIMATED_MODE_BREAKDOWN
2024-01-25 06:00:00,Japan,Japan,JP,387.69,462.25,29.31,23.03,,true,ESTIMATED_MODE_BREAKDOWN
2024-01-25 07:00:00,Japan,Japan,JP,426.74,504.85,22.18,16.08,,true,ESTIMATED_MODE_BREAKDOWN
2024-01-25 08:00:00,Japan,Japan,JP,448.61,529.33,18.19,13.12,,true,ESTIMATED_MODE_BREAKDOWN
2024-01-25 09:00:00,Japan,Japan,JP,450.01,531.05,17.93,12.92,,true,ESTIMATED_MODE_BREAKDOWN
2024-01-25 10:00:00,Japan,Japan,JP,449.37,530.26,18.05,12.93,,true,ESTIMATED_MODE_BREAKDOWN
2024-01-25 11:00:00,Japan,Japan,JP,444.64,524.62,18.91,12.76,,true,ESTIMATED_MODE_BREAKDOWN
2024-01-25 12:00:00,Japan,Japan,JP,442.89,522.5,19.23,12.82,,true,ESTIMATED_MODE_BREAKDOWN
2024-01-25 13:00:00,Japan,Japan,JP,440.18,519.61,19.72,12.9,,true,ESTIMATED_MODE_BREAKDOWN
2024-01-25 14:00:00,Japan,Japan,JP,437.81,517.24,20.15,13.01,,true,ESTIMATED_MODE_BREAKDOWN
2024-01-25 15:00:00,Japan,Japan,JP,434.4,512.29,20.8,13.19,,true,ESTIMATED_MODE_BREAKDOWN
2024-01-25 16:00:00,Japan,Japan,JP,433.32,510.52,21.01,13.26,,true,ESTIMATED_MODE_BREAKDOWN
2024-01-25 17:00:00,Japan,Japan,JP,433.13,510.3,21.04,13.28,,true,ESTIMATED_MODE_BREAKDOWN
2024-01-25 18:00:00,Japan,Japan,JP,433.03,510.29,21.06,13.31,,true,ESTIMATED_MODE_BREAKDOWN
2024-01-25 19:00:00,Japan,Japan,JP,433.38,510.75,20.99,13.26,,true,ESTIMATED_MODE_BREAKDOWN
2024-01-25 20:00:00,Japan,Japan,JP,435.55,513.58,20.59,13.11,,true,ESTIMATED_MODE_BREAKDOWN
2024-01-25 21:00:00,Japan,Japan,JP,440.28,519.4,19.71,12.91,,true,ESTIMATED_MODE_BREAKDOWN
2024-01-25 22:00:00,Japan,Japan,JP,436.49,515.58,20.4,14.07,,true,ESTIMATED_MODE_BREAKDOWN
2024-01-25 23:00:00,Japan,Japan,JP,406.04,483.16,25.94,19.97,,true,ESTIMATED_MODE_BREAKDOWN
2024-01-26 00:00:00,Japan,Japan,JP,370.22,443.71,32.49,26.57,,true,ESTIMATED_MODE_BREAKDOWN
2024-01-26 01:00:00,Japan,Japan,JP,335.27,405.11,38.88,32.75,,true,ESTIMATED_MODE_BREAKDOWN
2024-01-26 02:00:00,Japan,Japan,JP,315.23,383.65,42.52,36.22,,true,ESTIMATED_MODE_BREAKDOWN
2024-01-26 03:00:00,Japan,Japan,JP,302.32,369.6,44.87,38.14,,true,ESTIMATED_MODE_BREAKDOWN
2024-01-26 04:00:00,Japan,Japan,JP,316.87,385.15,42.23,35.65,,true,ESTIMATED_MODE_BREAKDOWN
2024-01-26 05:00:00,Japan,Japan,JP,339.06,408.9,38.19,31.51,,true,ESTIMATED_MODE_BREAKDOWN
2024-01-26 06:00:00,Japan,Japan,JP,380.82,454.19,30.57,23.95,,true,ESTIMATED_MODE_BREAKDOWN
2024-01-26 07:00:00,Japan,Japan,JP,424.74,502.73,22.54,16.09,,true,ESTIMATED_MODE_BREAKDOWN
2024-01-26 08:00:00,Japan,Japan,JP,443.59,523.55,19.1,12.8,,true,ESTIMATED_MODE_BREAKDOWN
2024-01-26 09:00:00,Japan,Japan,JP,445.02,525.71,18.83,12.61,,true,ESTIMATED_MODE_BREAKDOWN
2024-01-26 10:00:00,Japan,Japan,JP,444.3,524.77,18.96,12.58,,true,ESTIMATED_MODE_BREAKDOWN
2024-01-26 11:00:00,Japan,Japan,JP,443.83,523.77,19.06,12.53,,true,ESTIMATED_MODE_BREAKDOWN
2024-01-26 12:00:00,Japan,Japan,JP,442.36,521.72,19.33,12.54,,true,ESTIMATED_MODE_BREAKDOWN
2024-01-26 13:00:00,Japan,Japan,JP,440.47,519.38,19.68,12.51,,true,ESTIMATED_MODE_BREAKDOWN
2024-01-26 14:00:00,Japan,Japan,JP,438.45,517.69,20.04,12.61,,true,ESTIMATED_MODE_BREAKDOWN
2024-01-26 15:00:00,Japan,Japan,JP,435.88,513.94,20.53,12.64,,true,ESTIMATED_MODE_BREAKDOWN
2024-01-26 16:00:00,Japan,Japan,JP,434.76,511.71,20.75,12.6,,true,ESTIMATED_MODE_BREAKDOWN
2024-01-26 17:00:00,Japan,Japan,JP,434.52,511.92,20.78,12.63,,true,ESTIMATED_MODE_BREAKDOWN
2024-01-26 18:00:00,Japan,Japan,JP,434.11,512.54,20.84,12.71,,true,ESTIMATED_MODE_BREAKDOWN
2024-01-26 19:00:00,Japan,Japan,JP,433.71,512.17,20.91,12.69,,true,ESTIMATED_MODE_BREAKDOWN
2024-01-26 20:00:00,Japan,Japan,JP,434.06,512.64,20.84,12.6,,true,ESTIMATED_MODE_BREAKDOWN
2024-01-26 21:00:00,Japan,Japan,JP,436.58,515.52,20.38,12.45,,true,ESTIMATED_MODE_BREAKDOWN
2024-01-26 22:00:00,Japan,Japan,JP,429.77,508.88,21.61,14.08,,true,ESTIMATED_MODE_BREAKDOWN
2024-01-26 23:00:00,Japan,Japan,JP,389.49,465.16,28.96,21.78,,true,ESTIMATED_MODE_BREAKDOWN
2024-01-27 00:00:00,Japan,Japan,JP,340.87,411.97,37.83,30.67,,true,ESTIMATED_MODE_BREAKDOWN
2024-01-27 01:00:00,Japan,Japan,JP,292.32,359.64,46.68,39.25,,true,ESTIMATED_MODE_BREAKDOWN
2024-01-27 02:00:00,Japan,Japan,JP,266.87,331.92,51.32,43.62,,true,ESTIMATED_MODE_BREAKDOWN
2024-01-27 03:00:00,Japan,Japan,JP,262.36,326.49,52.15,44.16,,true,ESTIMATED_MODE_BREAKDOWN
2024-01-27 04:00:00,Japan,Japan,JP,278.14,343.4,49.27,41.1,,true,ESTIMATED_MODE_BREAKDOWN
2024-01-27 05:00:00,Japan,Japan,JP,306.41,373.98,44.12,35.82,,true,ESTIMATED_MODE_BREAKDOWN
2024-01-27 06:00:00,Japan,Japan,JP,354.71,426.39,35.31,27.03,,true,ESTIMATED_MODE_BREAKDOWN
2024-01-27 07:00:00,Japan,Japan,JP,411.06,487.79,25.03,17.13,,true,ESTIMATED_MODE_BREAKDOWN
2024-01-27 08:00:00,Japan,Japan,JP,438.62,517.95,20.01,12.57,,true,ESTIMATED_MODE_BREAKDOWN
2024-01-27 09:00:00,Japan,Japan,JP,441.49,521.7,19.47,12.27,,true,ESTIMATED_MODE_BREAKDOWN
2024-01-27 10:00:00,Japan,Japan,JP,441.56,521.78,19.46,12.23,,true,ESTIMATED_MODE_BREAKDOWN
2024-01-27 11:00:00,Japan,Japan,JP,441.36,521.04,19.51,12.19,,true,ESTIMATED_MODE_BREAKDOWN
2024-01-27 12:00:00,Japan,Japan,JP,440.14,519.06,19.74,12.14,,true,ESTIMATED_MODE_BREAKDOWN
2024-01-27 13:00:00,Japan,Japan,JP,438.51,516.83,20.05,12.05,,true,ESTIMATED_MODE_BREAKDOWN
2024-01-27 14:00:00,Japan,Japan,JP,437.71,515.84,20.2,12.02,,true,ESTIMATED_MODE_BREAKDOWN
2024-01-27 15:00:00,Japan,Japan,JP,435.33,512.84,20.64,12.04,,true,ESTIMATED_MODE_BREAKDOWN
2024-01-27 16:00:00,Japan,Japan,JP,434.71,511.68,20.76,12.0,,true,ESTIMATED_MODE_BREAKDOWN
2024-01-27 17:00:00,Japan,Japan,JP,434.71,512.13,20.75,12.06,,true,ESTIMATED_MODE_BREAKDOWN
2024-01-27 18:00:00,Japan,Japan,JP,434.8,512.78,20.73,12.1,,true,ESTIMATED_MODE_BREAKDOWN
2024-01-27 19:00:00,Japan,Japan,JP,434.35,512.43,20.8,12.11,,true,ESTIMATED_MODE_BREAKDOWN
2024-01-27 20:00:00,Japan,Japan,JP,434.34,512.18,20.81,12.05,,true,ESTIMATED_MODE_BREAKDOWN
2024-01-27 21:00:00,Japan,Japan,JP,435.6,513.55,20.58,11.99,,true,ESTIMATED_MODE_BREAKDOWN
2024-01-27 22:00:00,Japan,Japan,JP,428.99,506.86,21.78,13.56,,true,ESTIMATED_MODE_BREAKDOWN
2024-01-27 23:00:00,Japan,Japan,JP,394.02,469.11,28.15,20.34,,true,ESTIMATED_MODE_BREAKDOWN
2024-01-28 00:00:00,Japan,Japan,JP,349.4,420.32,36.3,28.63,,true,ESTIMATED_MODE_BREAKDOWN
2024-01-28 01:00:00,Japan,Japan,JP,309.4,376.33,43.61,35.77,,true,ESTIMATED_MODE_BREAKDOWN
2024-01-28 02:00:00,Japan,Japan,JP,287.91,352.17,47.54,39.39,,true,ESTIMATED_MODE_BREAKDOWN
2024-01-28 03:00:00,Japan,Japan,JP,293.11,358.08,46.59,38.34,,true,ESTIMATED_MODE_BREAKDOWN
2024-01-28 04:00:00,Japan,Japan,JP,310.17,377.19,43.46,34.95,,true,ESTIMATED_MODE_BREAKDOWN
2024-01-28 05:00:00,Japan,Japan,JP,334.65,405.27,38.96,30.4,,true,ESTIMATED_MODE_BREAKDOWN
2024-01-28 06:00:00,Japan,Japan,JP,372.6,446.12,32.04,23.54,,true,ESTIMATED_MODE_BREAKDOWN
2024-01-28 07:00:00,Japan,Japan,JP,415.29,491.95,24.27,16.19,,true,ESTIMATED_MODE_BREAKDOWN
2024-01-28 08:00:00,Japan,Japan,JP,439.11,518.56,19.92,12.45,,true,ESTIMATED_MODE_BREAKDOWN
2024-01-28 09:00:00,Japan,Japan,JP,442.48,522.36,19.3,12.11,,true,ESTIMATED_MODE_BREAKDOWN
2024-01-28 10:00:00,Japan,Japan,JP,442.55,522.31,19.29,12.09,,true,ESTIMATED_MODE_BREAKDOWN
2024-01-28 11:00:00,Japan,Japan,JP,442.17,522.1,19.36,12.05,,true,ESTIMATED_MODE_BREAKDOWN
2024-01-28 12:00:00,Japan,Japan,JP,440.82,520.51,19.6,12.03,,true,ESTIMATED_MODE_BREAKDOWN
2024-01-28 13:00:00,Japan,Japan,JP,438.38,517.81,20.05,11.98,,true,ESTIMATED_MODE_BREAKDOWN
2024-01-28 14:00:00,Japan,Japan,JP,437.09,516.34,20.28,11.95,,true,ESTIMATED_MODE_BREAKDOWN
2024-01-28 15:00:00,Japan,Japan,JP,434.63,512.14,20.76,11.99,,true,ESTIMATED_MODE_BREAKDOWN
2024-01-28 16:00:00,Japan,Japan,JP,434.03,511.38,20.88,11.98,,true,ESTIMATED_MODE_BREAKDOWN
2024-01-28 17:00:00,Japan,Japan,JP,434.33,511.79,20.82,12.08,,true,ESTIMATED_MODE_BREAKDOWN
2024-01-28 18:00:00,Japan,Japan,JP,435.02,512.37,20.7,12.1,,true,ESTIMATED_MODE_BREAKDOWN
2024-01-28 19:00:00,Japan,Japan,JP,435.86,513.7,20.54,12.07,,true,ESTIMATED_MODE_BREAKDOWN
2024-01-28 20:00:00,Japan,Japan,JP,437.69,516.34,20.2,12.13,,true,ESTIMATED_MODE_BREAKDOWN
2024-01-28 21:00:00,Japan,Japan,JP,442.75,522.86,19.25,12.0,,true,ESTIMATED_MODE_BREAKDOWN
2024-01-28 22:00:00,Japan,Japan,JP,436.14,516.7,20.44,13.78,,true,ESTIMATED_MODE_BREAKDOWN
2024-01-28 23:00:00,Japan,Japan,JP,393.11,470.42,28.28,22.07,,true,ESTIMATED_MODE_BREAKDOWN
2024-01-29 00:00:00,Japan,Japan,JP,343.96,416.55,37.25,31.07,,true,ESTIMATED_MODE_BREAKDOWN
2024-01-29 01:00:00,Japan,Japan,JP,299.68,368.33,45.33,38.87,,true,ESTIMATED_MODE_BREAKDOWN
2024-01-29 02:00:00,Japan,Japan,JP,276.97,343.24,49.48,42.83,,true,ESTIMATED_MODE_BREAKDOWN
2024-01-29 03:00:00,Japan,Japan,JP,262.64,327.45,52.09,45.01,,true,ESTIMATED_MODE_BREAKDOWN
2024-01-29 04:00:00,Japan,Japan,JP,279.13,345.66,49.08,42.08,,true,ESTIMATED_MODE_BREAKDOWN
2024-01-29 05:00:00,Japan,Japan,JP,309.03,378.3,43.62,36.57,,true,ESTIMATED_MODE_BREAKDOWN
2024-01-29 06:00:00,Japan,Japan,JP,360.68,434.12,34.21,27.13,,true,ESTIMATED_MODE_BREAKDOWN
2024-01-29 07:00:00,Japan,Japan,JP,417.82,495.5,23.8,16.98,,true,ESTIMATED_MODE_BREAKDOWN
2024-01-29 08:00:00,Japan,Japan,JP,445.85,525.88,18.7,12.08,,true,ESTIMATED_MODE_BREAKDOWN
2024-01-29 09:00:00,Japan,Japan,JP,448.23,528.69,18.26,11.76,,true,ESTIMATED_MODE_BREAKDOWN
2024-01-29 10:00:00,Japan,Japan,JP,447.53,527.81,18.39,11.77,,true,ESTIMATED_MODE_BREAKDOWN
2024-01-29 11:00:00,Japan,Japan,JP,446.44,526.63,18.59,11.8,,true,ESTIMATED_MODE_BREAKDOWN
2024-01-29 12:00:00,Japan,Japan,JP,444.81,524.6,18.89,11.82,,true,ESTIMATED_MODE_BREAKDOWN
2024-01-29 13:00:00,Japan,Japan,JP,442.71,522.04,19.27,11.79,,true,ESTIMATED_MODE_BREAKDOWN
2024-01-29 14:00:00,Japan,Japan,JP,441.25,520.25,19.54,11.75,,true,ESTIMATED_MODE_BREAKDOWN
2024-01-29 15:00:00,Japan,Japan,JP,438.69,516.4,20.03,11.77,,true,ESTIMATED_MODE_BREAKDOWN
2024-01-29 16:00:00,Japan,Japan,JP,437.48,514.95,20.25,11.84,,true,ESTIMATED_MODE_BREAKDOWN
2024-01-29 17:00:00,Japan,Japan,JP,437.69,515.57,20.21,11.93,,true,ESTIMATED_MODE_BREAKDOWN
2024-01-29 18:00:00,Japan,Japan,JP,437.55,515.86,20.23,12.03,,true,ESTIMATED_MODE_BREAKDOWN
2024-01-29 19:00:00,Japan,Japan,JP,437.84,516.75,20.16,12.07,,true,ESTIMATED_MODE_BREAKDOWN
2024-01-29 20:00:00,Japan,Japan,JP,439.32,518.91,19.88,12.09,,true,ESTIMATED_MODE_BREAKDOWN
2024-01-29 21:00:00,Japan,Japan,JP,443.24,523.93,19.15,12.06,,true,ESTIMATED_MODE_BREAKDOWN
2024-01-29 22:00:00,Japan,Japan,JP,435.24,515.81,20.6,13.99,,true,ESTIMATED_MODE_BREAKDOWN
2024-01-29 23:00:00,Japan,Japan,JP,391.23,468.12,28.63,22.38,,true,ESTIMATED_MODE_BREAKDOWN
2024-01-30 00:00:00,Japan,Japan,JP,347.99,421.12,36.51,30.29,,true,ESTIMATED_MODE_BREAKDOWN
2024-01-30 01:00:00,Japan,Japan,JP,305.64,374.72,44.24,37.72,,true,ESTIMATED_MODE_BREAKDOWN
2024-01-30 02:00:00,Japan,Japan,JP,280.91,347.5,48.76,41.99,,true,ESTIMATED_MODE_BREAKDOWN
2024-01-30 03:00:00,Japan,Japan,JP,269.57,334.71,50.84,43.64,,true,ESTIMATED_MODE_BREAKDOWN
2024-01-30 04:00:00,Japan,Japan,JP,292.54,360.16,46.64,39.53,,true,ESTIMATED_MODE_BREAKDOWN
2024-01-30 05:00:00,Japan,Japan,JP,326.3,396.46,40.49,33.34,,true,ESTIMATED_MODE_BREAKDOWN
2024-01-30 06:00:00,Japan,Japan,JP,374.73,448.99,31.65,24.49,,true,ESTIMATED_MODE_BREAKDOWN
2024-01-30 07:00:00,Japan,Japan,JP,424.0,502.02,22.68,15.76,,true,ESTIMATED_MODE_BREAKDOWN
2024-01-30 08:00:00,Japan,Japan,JP,444.8,524.75,18.89,12.17,,true,ESTIMATED_MODE_BREAKDOWN
2024-01-30 09:00:00,Japan,Japan,JP,446.79,527.09,18.52,11.89,,true,ESTIMATED_MODE_BREAKDOWN
2024-01-30 10:00:00,Japan,Japan,JP,446.09,526.43,18.65,11.89,,true,ESTIMATED_MODE_BREAKDOWN
2024-01-30 11:00:00,Japan,Japan,JP,445.35,525.39,18.78,11.86,,true,ESTIMATED_MODE_BREAKDOWN
2024-01-30 12:00:00,Japan,Japan,JP,443.81,523.69,19.06,11.88,,true,ESTIMATED_MODE_BREAKDOWN
2024-01-30 13:00:00,Japan,Japan,JP,441.87,521.52,19.42,11.84,,true,ESTIMATED_MODE_BREAKDOWN
2024-01-30 14:00:00,Japan,Japan,JP,440.46,519.6,19.68,11.76,,true,ESTIMATED_MODE_BREAKDOWN
2024-01-30 15:00:00,Japan,Japan,JP,436.89,515.63,20.33,11.93,,true,ESTIMATED_MODE_BREAKDOWN
2024-01-30 16:00:00,Japan,Japan,JP,436.11,514.74,20.47,11.9,,true,ESTIMATED_MODE_BREAKDOWN
2024-01-30 17:00:00,Japan,Japan,JP,436.49,515.37,20.4,11.96,,true,ESTIMATED_MODE_BREAKDOWN
2024-01-30 18:00:00,Japan,Japan,JP,436.59,515.58,20.38,12.05,,true,ESTIMATED_MODE_BREAKDOWN
2024-01-30 19:00:00,Japan,Japan,JP,436.79,515.76,20.34,12.04,,true,ESTIMATED_MODE_BREAKDOWN
2024-01-30 20:00:00,Japan,Japan,JP,438.3,517.71,20.06,12.03,,true,ESTIMATED_MODE_BREAKDOWN
2024-01-30 21:00:00,Japan,Japan,JP,442.28,522.08,19.34,11.94,,true,ESTIMATED_MODE_BREAKDOWN
2024-01-30 22:00:00,Japan,Japan,JP,437.8,517.33,20.16,13.27,,true,ESTIMATED_MODE_BREAKDOWN
2024-01-30 23:00:00,Japan,Japan,JP,415.37,493.4,24.24,17.87,,true,ESTIMATED_MODE_BREAKDOWN
2024-01-31 00:00:00,Japan,Japan,JP,394.66,471.02,28.02,21.81,,true,ESTIMATED_MODE_BREAKDOWN
2024-01-31 01:00:00,Japan,Japan,JP,367.79,441.35,32.93,26.51,,true,ESTIMATED_MODE_BREAKDOWN
2024-01-31 02:00:00,Japan,Japan,JP,349.2,420.45,36.34,29.74,,true,ESTIMATED_MODE_BREAKDOWN
2024-01-31 03:00:00,Japan,Japan,JP,337.97,407.69,38.4,31.37,,true,ESTIMATED_MODE_BREAKDOWN
2024-01-31 04:00:00,Japan,Japan,JP,349.37,420.21,36.31,29.38,,true,ESTIMATED_MODE_BREAKDOWN
2024-01-31 05:00:00,Japan,Japan,JP,372.16,445.19,32.15,25.09,,true,ESTIMATED_MODE_BREAKDOWN
2024-01-31 06:00:00,Japan,Japan,JP,404.05,480.25,26.32,19.22,,true,ESTIMATED_MODE_BREAKDOWN
2024-01-31 07:00:00,Japan,Japan,JP,432.36,511.2,21.15,14.19,,true,ESTIMATED_MODE_BREAKDOWN
2024-01-31 08:00:00,Japan,Japan,JP,443.03,522.85,19.21,12.32,,true,ESTIMATED_MODE_BREAKDOWN
2024-01-31 09:00:00,Japan,Japan,JP,444.32,524.22,18.97,12.13,,true,ESTIMATED_MODE_BREAKDOWN
2024-01-31 10:00:00,Japan,Japan,JP,443.37,523.11,19.15,12.11,,true,ESTIMATED_MODE_BREAKDOWN
2024-01-31 11:00:00,Japan,Japan,JP,442.23,521.79,19.35,12.14,,true,ESTIMATED_MODE_BREAKDOWN
2024-01-31 12:00:00,Japan,Japan,JP,440.17,519.67,19.72,12.17,,true,ESTIMATED_MODE_BREAKDOWN
2024-01-31 13:00:00,Japan,Japan,JP,437.85,516.52,20.16,12.15,,true,ESTIMATED_MODE_BREAKDOWN
2024-01-31 14:00:00,Japan,Japan,JP,435.86,513.74,20.53,12.11,,true,ESTIMATED_MODE_BREAKDOWN
2024-01-31 15:00:00,Japan,Japan,JP,431.4,508.32,21.36,12.37,,true,ESTIMATED_MODE_BREAKDOWN
2024-01-31 16:00:00,Japan,Japan,JP,430.44,506.98,21.54,12.36,,true,ESTIMATED_MODE_BREAKDOWN
2024-01-31 17:00:00,Japan,Japan,JP,430.48,507.17,21.53,12.49,,true,ESTIMATED_MODE_BREAKDOWN
2024-01-31 18:00:00,Japan,Japan,JP,430.58,507.81,21.5,12.62,,true,ESTIMATED_MODE_BREAKDOWN
2024-01-31 19:00:00,Japan,Japan,JP,430.73,508.07,21.47,12.69,,true,ESTIMATED_MODE_BREAKDOWN
2024-01-31 20:00:00,Japan,Japan,JP,431.7,509.15,21.29,12.69,,true,ESTIMATED_MODE_BREAKDOWN
2024-01-31 21:00:00,Japan,Japan,JP,435.18,512.81,20.66,12.61,,true,ESTIMATED_MODE_BREAKDOWN
2024-01-31 22:00:00,Japan,Japan,JP,429.78,507.37,21.64,14.11,,true,ESTIMATED_MODE_BREAKDOWN
2024-01-31 23:00:00,Japan,Japan,JP,405.39,481.61,26.07,19.08,,true,ESTIMATED_MODE_BREAKDOWN
2024-02-01 00:00:00,Japan,Japan,JP,379.58,453.44,30.79,24.05,,true,ESTIMATED_MODE_BREAKDOWN
2024-02-01 01:00:00,Japan,Japan,JP,354.36,426.27,35.39,28.52,,true,ESTIMATED_MODE_BREAKDOWN
2024-02-01 02:00:00,Japan,Japan,JP,338.87,409.57,38.21,31.28,,true,ESTIMATED_MODE_BREAKDOWN
2024-02-01 03:00:00,Japan,Japan,JP,340.92,410.15,37.87,30.64,,true,ESTIMATED_MODE_BREAKDOWN
2024-02-01 04:00:00,Japan,Japan,JP,354.11,424.39,35.47,28.42,,true,ESTIMATED_MODE_BREAKDOWN
2024-02-01 05:00:00,Japan,Japan,JP,372.09,444.44,32.17,25.12,,true,ESTIMATED_MODE_BREAKDOWN
2024-02-01 06:00:00,Japan,Japan,JP,399.09,474.55,27.23,20.23,,true,ESTIMATED_MODE_BREAKDOWN
2024-02-01 07:00:00,Japan,Japan,JP,426.63,504.85,22.19,15.39,,true,ESTIMATED_MODE_BREAKDOWN
2024-02-01 08:00:00,Japan,Japan,JP,439.84,519.15,19.79,13.18,,true,ESTIMATED_MODE_BREAKDOWN
2024-02-01 09:00:00,Japan,Japan,JP,440.93,520.66,19.58,13.05,,true,ESTIMATED_MODE_BREAKDOWN
2024-02-01 10:00:00,Japan,Japan,JP,440.43,519.75,19.68,12.98,,true,ESTIMATED_MODE_BREAKDOWN
2024-02-01 11:00:00,Japan,Japan,JP,439.85,519.43,19.78,12.94,,true,ESTIMATED_MODE_BREAKDOWN
2024-02-01 12:00:00,Japan,Japan,JP,438.35,517.91,20.05,12.9,,true,ESTIMATED_MODE_BREAKDOWN
2024-02-01 13:00:00,Japan,Japan,JP,436.29,515.25,20.43,12.87,,true,ESTIMATED_MODE_BREAKDOWN
2024-02-01 14:00:00,Japan,Japan,JP,434.71,513.44,20.72,12.85,,true,ESTIMATED_MODE_BREAKDOWN
2024-02-01 15:00:00,Japan,Japan,JP,432.56,510.35,21.13,12.76,,true,ESTIMATED_MODE_BREAKDOWN
2024-02-01 16:00:00,Japan,Japan,JP,431.38,509.14,21.34,12.78,,true,ESTIMATED_MODE_BREAKDOWN
2024-02-01 17:00:00,Japan,Japan,JP,431.55,509.56,21.3,12.86,,true,ESTIMATED_MODE_BREAKDOWN
2024-02-01 18:00:00,Japan,Japan,JP,432.13,510.36,21.2,12.9,,true,ESTIMATED_MODE_BREAKDOWN
2024-02-01 19:00:00,Japan,Japan,JP,433.07,511.2,21.03,12.79,,true,ESTIMATED_MODE_BREAKDOWN
2024-02-01 20:00:00,Japan,Japan,JP,435.65,513.77,20.57,12.57,,true,ESTIMATED_MODE_BREAKDOWN
2024-02-01 21:00:00,Japan,Japan,JP,440.18,519.29,19.73,12.36,,true,ESTIMATED_MODE_BREAKDOWN
2024-02-01 22:00:00,Japan,Japan,JP,437.9,517.65,20.13,13.33,,true,ESTIMATED_MODE_BREAKDOWN
2024-02-01 23:00:00,Japan,Japan,JP,420.37,499.3,23.32,17.05,,true,ESTIMATED_MODE_BREAKDOWN
2024-02-02 00:00:00,Japan,Japan,JP,399.29,476.15,27.17,21.13,,true,ESTIMATED_MODE_BREAKDOWN
2024-02-02 01:00:00,Japan,Japan,JP,376.86,451.39,31.27,25.1,,true,ESTIMATED_MODE_BREAKDOWN
2024-02-02 02:00:00,Japan,Japan,JP,355.59,427.91,35.15,28.81,,true,ESTIMATED_MODE_BREAKDOWN
2024-02-02 03:00:00,Japan,Japan,JP,331.33,402.9,39.55,32.81,,true,ESTIMATED_MODE_BREAKDOWN
2024-02-02 04:00:00,Japan,Japan,JP,328.93,399.5,40.0,33.37,,true,ESTIMATED_MODE_BREAKDOWN
2024-02-02 05:00:00,Japan,Japan,JP,347.81,420.81,36.54,29.85,,true,ESTIMATED_MODE_BREAKDOWN
2024-02-02 06:00:00,Japan,Japan,JP,383.18,459.4,30.08,23.36,,true,ESTIMATED_MODE_BREAKDOWN
2024-02-02 07:00:00,Japan,Japan,JP,423.73,502.02,22.72,16.13,,true,ESTIMATED_MODE_BREAKDOWN
2024-02-02 08:00:00,Japan,Japan,JP,442.58,522.46,19.28,12.79,,true,ESTIMATED_MODE_BREAKDOWN
2024-02-02 09:00:00,Japan,Japan,JP,444.18,524.3,18.99,12.52,,true,ESTIMATED_MODE_BREAKDOWN
2024-02-02 10:00:00,Japan,Japan,JP,443.2,523.18,19.17,12.52,,true,ESTIMATED_MODE_BREAKDOWN
2024-02-02 11:00:00,Japan,Japan,JP,441.54,521.88,19.46,12.59,,true,ESTIMATED_MODE_BREAKDOWN
2024-02-02 12:00:00,Japan,Japan,JP,439.24,519.31,19.88,12.69,,true,ESTIMATED_MODE_BREAKDOWN
2024-02-02 13:00:00,Japan,Japan,JP,437.19,516.62,20.26,12.65,,true,ESTIMATED_MODE_BREAKDOWN
2024-02-02 14:00:00,Japan,Japan,JP,435.39,514.54,20.58,12.66,,true,ESTIMATED_MODE_BREAKDOWN
2024-02-02 15:00:00,Japan,Japan,JP,431.9,509.89,21.24,12.75,,true,ESTIMATED_MODE_BREAKDOWN
2024-02-02 16:00:00,Japan,Japan,JP,430.48,508.26,21.5,12.77,,true,ESTIMATED_MODE_BREAKDOWN
2024-02-02 17:00:00,Japan,Japan,JP,430.56,508.5,21.48,12.79,,true,ESTIMATED_MODE_BREAKDOWN
2024-02-02 18:00:00,Japan,Japan,JP,430.86,508.94,21.42,12.79,,true,ESTIMATED_MODE_BREAKDOWN
2024-02-02 19:00:00,Japan,Japan,JP,431.0,508.98,21.4,12.72,,true,ESTIMATED_MODE_BREAKDOWN
2024-02-02 20:00:00,Japan,Japan,JP,431.23,509.2,21.36,12.68,,true,ESTIMATED_MODE_BREAKDOWN
2024-02-02 21:00:00,Japan,Japan,JP,433.33,511.65,20.98,12.58,,true,ESTIMATED_MODE_BREAKDOWN
2024-02-02 22:00:00,Japan,Japan,JP,423.52,501.11,22.76,14.71,,true,ESTIMATED_MODE_BREAKDOWN
2024-02-02 23:00:00,Japan,Japan,JP,381.59,455.63,30.42,22.71,,true,ESTIMATED_MODE_BREAKDOWN
2024-02-03 00:00:00,Japan,Japan,JP,337.12,407.1,38.54,30.89,,true,ESTIMATED_MODE_BREAKDOWN
2024-02-03 01:00:00,Japan,Japan,JP,296.36,363.28,45.96,38.03,,true,ESTIMATED_MODE_BREAKDOWN
2024-02-03 02:00:00,Japan,Japan,JP,271.36,335.98,50.52,42.35,,true,ESTIMATED_MODE_BREAKDOWN
2024-02-03 03:00:00,Japan,Japan,JP,266.97,329.57,51.36,42.88,,true,ESTIMATED_MODE_BREAKDOWN
2024-02-03 04:00:00,Japan,Japan,JP,291.4,354.07,46.95,38.32,,true,ESTIMATED_MODE_BREAKDOWN
2024-02-03 05:00:00,Japan,Japan,JP,332.14,397.74,39.53,30.84,,true,ESTIMATED_MODE_BREAKDOWN
2024-02-03 06:00:00,Japan,Japan,JP,378.76,449.27,31.0,22.33,,true,ESTIMATED_MODE_BREAKDOWN
2024-02-03 07:00:00,Japan,Japan,JP,421.66,497.16,23.15,14.76,,true,ESTIMATED_MODE_BREAKDOWN
2024-02-03 08:00:00,Japan,Japan,JP,437.46,515.71,20.24,12.31,,true,ESTIMATED_MODE_BREAKDOWN
2024-02-03 09:00:00,Japan,Japan,JP,439.13,517.78,19.93,12.14,,true,ESTIMATED_MODE_BREAKDOWN
2024-02-03 10:00:00,Japan,Japan,JP,438.79,517.32,19.99,12.09,,true,ESTIMATED_MODE_BREAKDOWN
2024-02-03 11:00:00,Japan,Japan,JP,437.76,516.69,20.17,12.1,,true,ESTIMATED_MODE_BREAKDOWN
2024-02-03 12:00:00,Japan,Japan,JP,435.84,514.65,20.52,12.12,,true,ESTIMATED_MODE_BREAKDOWN
2024-02-03 13:00:00,Japan,Japan,JP,433.91,512.02,20.88,12.03,,true,ESTIMATED_MODE_BREAKDOWN
2024-02-03 14:00:00,Japan,Japan,JP,432.16,510.0,21.2,12.06,,true,ESTIMATED_MODE_BREAKDOWN
2024-02-03 15:00:00,Japan,Japan,JP,428.91,505.87,21.8,12.13,,true,ESTIMATED_MODE_BREAKDOWN
2024-02-03 16:00:00,Japan,Japan,JP,427.14,503.8,22.12,12.2,,true,ESTIMATED_MODE_BREAKDOWN
2024-02-03 17:00:00,Japan,Japan,JP,427.45,504.27,22.07,12.27,,true,ESTIMATED_MODE_BREAKDOWN
2024-02-03 18:00:00,Japan,Japan,JP,427.76,504.77,22.01,12.33,,true,ESTIMATED_MODE_BREAKDOWN
2024-02-03 19:00:00,Japan,Japan,JP,427.44,504.47,22.06,12.37,,true,ESTIMATED_MODE_BREAKDOWN
2024-02-03 20:00:00,Japan,Japan,JP,427.5,504.2,22.06,12.26,,true,ESTIMATED_MODE_BREAKDOWN
2024-02-03 21:00:00,Japan,Japan,JP,428.8,505.88,21.82,12.1,,true,ESTIMATED_MODE_BREAKDOWN
2024-02-03 22:00:00,Japan,Japan,JP,425.34,502.6,22.44,13.18,,true,ESTIMATED_MODE_BREAKDOWN
2024-02-03 23:00:00,Japan,Japan,JP,407.58,483.8,25.67,16.93,,true,ESTIMATED_MODE_BREAKDOWN
2024-02-04 00:00:00,Japan,Japan,JP,374.08,446.88,31.79,23.34,,true,ESTIMATED_MODE_BREAKDOWN
2024-02-04 01:00:00,Japan,Japan,JP,330.05,398.51,39.84,31.28,,true,ESTIMATED_MODE_BREAKDOWN
2024-02-04 02:00:00,Japan,Japan,JP,301.24,366.9,45.1,36.34,,true,ESTIMATED_MODE_BREAKDOWN
2024-02-04 03:00:00,Japan,Japan,JP,289.86,354.28,47.18,38.17,,true,ESTIMATED_MODE_BREAKDOWN
2024-02-04 04:00:00,Japan,Japan,JP,293.77,358.4,46.46,37.22,,true,ESTIMATED_MODE_BREAKDOWN
2024-02-04 05:00:00,Japan,Japan,JP,319.7,386.55,41.73,32.32,,true,ESTIMATED_MODE_BREAKDOWN
2024-02-04 06:00:00,Japan,Japan,JP,362.64,433.27,33.9,24.51,,true,ESTIMATED_MODE_BREAKDOWN
2024-02-04 07:00:00,Japan,Japan,JP,408.81,484.29,25.46,16.45,,true,ESTIMATED_MODE_BREAKDOWN
2024-02-04 08:00:00,Japan,Japan,JP,435.03,513.0,20.68,12.34,,true,ESTIMATED_MODE_BREAKDOWN
2024-02-04 09:00:00,Japan,Japan,JP,437.92,516.53,20.14,12.09,,true,ESTIMATED_MODE_BREAKDOWN
2024-02-04 10:00:00,Japan,Japan,JP,437.43,516.27,20.23,12.1,,true,ESTIMATED_MODE_BREAKDOWN
2024-02-04 11:00:00,Japan,Japan,JP,436.3,515.37,20.42,12.13,,true,ESTIMATED_MODE_BREAKDOWN
2024-02-04 12:00:00,Japan,Japan,JP,434.46,513.23,20.76,12.11,,true,ESTIMATED_MODE_BREAKDOWN
2024-02-04 13:00:00,Japan,Japan,JP,431.62,509.71,21.28,12.05,,true,ESTIMATED_MODE_BREAKDOWN
2024-02-04 14:00:00,Japan,Japan,JP,429.95,507.63,21.59,12.04,,true,ESTIMATED_MODE_BREAKDOWN
2024-02-04 15:00:00,Japan,Japan,JP,426.01,502.53,22.32,12.21,,true,ESTIMATED_MODE_BREAKDOWN
2024-02-04 16:00:00,Japan,Japan,JP,424.52,500.78,22.6,12.3,,true,ESTIMATED_MODE_BREAKDOWN
2024-02-04 17:00:00,Japan,Japan,JP,425.2,501.67,22.47,12.38,,true,ESTIMATED_MODE_BREAKDOWN
2024-02-04 18:00:00,Japan,Japan,JP,426.0,502.54,22.33,12.41,,true,ESTIMATED_MODE_BREAKDOWN
2024-02-04 19:00:00,Japan,Japan,JP,427.35,503.96,22.09,12.36,,true,ESTIMATED_MODE_BREAKDOWN
2024-02-04 20:00:00,Japan,Japan,JP,430.25,507.14,21.56,12.18,,true,ESTIMATED_MODE_BREAKDOWN
2024-02-04 21:00:00,Japan,Japan,JP,435.52,513.42,20.59,12.06,,true,ESTIMATED_MODE_BREAKDOWN
2024-02-04 22:00:00,Japan,Japan,JP,436.77,515.6,20.35,12.64,,true,ESTIMATED_MODE_BREAKDOWN
2024-02-04 23:00:00,Japan,Japan,JP,433.66,513.25,20.9,13.96,,true,ESTIMATED_MODE_BREAKDOWN
2024-02-05 00:00:00,Japan,Japan,JP,427.45,506.71,22.03,15.47,,true,ESTIMATED_MODE_BREAKDOWN
2024-02-05 01:00:00,Japan,Japan,JP,422.11,501.55,22.98,16.42,,true,ESTIMATED_MODE_BREAKDOWN
2024-02-05 02:00:00,Japan,Japan,JP,419.78,499.84,23.39,16.8,,true,ESTIMATED_MODE_BREAKDOWN
2024-02-05 03:00:00,Japan,Japan,JP,418.22,498.46,23.66,16.89,,true,ESTIMATED_MODE_BREAKDOWN
2024-02-05 04:00:00,Japan,Japan,JP,423.45,502.73,22.74,16.16,,true,ESTIMATED_MODE_BREAKDOWN
2024-02-05 05:00:00,Japan,Japan,JP,425.42,504.52,22.39,15.78,,true,ESTIMATED_MODE_BREAKDOWN
2024-02-05 06:00:00,Japan,Japan,JP,431.48,511.74,21.27,14.62,,true,ESTIMATED_MODE_BREAKDOWN
2024-02-05 07:00:00,Japan,Japan,JP,440.29,521.41,19.66,13.05,,true,ESTIMATED_MODE_BREAKDOWN
2024-02-05 08:00:00,Japan,Japan,JP,444.93,526.06,18.83,12.19,,true,ESTIMATED_MODE_BREAKDOWN
2024-02-05 09:00:00,Japan,Japan,JP,445.34,526.25,18.76,12.05,,true,ESTIMATED_MODE_BREAKDOWN
2024-02-05 10:00:00,Japan,Japan,JP,443.91,524.38,19.02,12.11,,true,ESTIMATED_MODE_BREAKDOWN
2024-02-05 11:00:00,Japan,Japan,JP,442.3,522.28,19.32,12.15,,true,ESTIMATED_MODE_BREAKDOWN
2024-02-05 12:00:00,Japan,Japan,JP,439.95,519.84,19.75,12.2,,true,ESTIMATED_MODE_BREAKDOWN
2024-02-05 13:00:00,Japan,Japan,JP,437.04,516.44,20.28,12.21,,true,ESTIMATED_MODE_BREAKDOWN
2024-02-05 14:00:00,Japan,Japan,JP,434.46,513.63,20.75,12.27,,true,ESTIMATED_MODE_BREAKDOWN
2024-02-05 15:00:00,Japan,Japan,JP,431.35,508.7,21.34,12.25,,true,ESTIMATED_MODE_BREAKDOWN
2024-02-05 16:00:00,Japan,Japan,JP,429.8,506.79,21.63,12.3,,true,ESTIMATED_MODE_BREAKDOWN
2024-02-05 17:00:00,Japan,Japan,JP,430.0,506.87,21.6,12.32,,true,ESTIMATED_MODE_BREAKDOWN
2024-02-05 18:00:00,Japan,Japan,JP,430.14,507.26,21.57,12.38,,true,ESTIMATED_MODE_BREAKDOWN
2024-02-05 19:00:00,Japan,Japan,JP,431.0,508.26,21.42,12.3,,true,ESTIMATED_MODE_BREAKDOWN
2024-02-05 20:00:00,Japan,Japan,JP,433.29,511.11,20.99,12.18,,true,ESTIMATED_MODE_BREAKDOWN
2024-02-05 21:00:00,Japan,Japan,JP,437.7,516.86,20.17,12.06,,true,ESTIMATED_MODE_BREAKDOWN
2024-02-05 22:00:00,Japan,Japan,JP,435.37,514.95,20.58,13.07,,true,ESTIMATED_MODE_BREAKDOWN
2024-02-05 23:00:00,Japan,Japan,JP,415.17,494.22,24.24,17.3,,true,ESTIMATED_MODE_BREAKDOWN
2024-02-06 00:00:00,Japan,Japan,JP,391.15,468.79,28.61,21.9,,true,ESTIMATED_MODE_BREAKDOWN
2024-02-06 01:00:00,Japan,Japan,JP,375.06,451.46,31.54,24.68,,true,ESTIMATED_MODE_BREAKDOWN
2024-02-06 02:00:00,Japan,Japan,JP,367.12,443.0,32.98,26.0,,true,ESTIMATED_MODE_BREAKDOWN
2024-02-06 03:00:00,Japan,Japan,JP,361.48,436.75,34.0,26.6,,true,ESTIMATED_MODE_BREAKDOWN
2024-02-06 04:00:00,Japan,Japan,JP,365.94,440.93,33.21,25.91,,true,ESTIMATED_MODE_BREAKDOWN
2024-02-06 05:00:00,Japan,Japan,JP,377.95,453.57,31.03,23.67,,true,ESTIMATED_MODE_BREAKDOWN
2024-02-06 06:00:00,Japan,Japan,JP,400.13,476.74,27.01,19.58,,true,ESTIMATED_MODE_BREAKDOWN
2024-02-06 07:00:00,Japan,Japan,JP,428.79,507.21,21.8,14.54,,true,ESTIMATED_MODE_BREAKDOWN
2024-02-06 08:00:00,Japan,Japan,JP,444.04,523.96,19.02,11.92,,true,ESTIMATED_MODE_BREAKDOWN
2024-02-06 09:00:00,Japan,Japan,JP,445.52,526.04,18.74,11.64,,true,ESTIMATED_MODE_BREAKDOWN
2024-02-06 10:00:00,Japan,Japan,JP,444.59,524.55,18.91,11.6,,true,ESTIMATED_MODE_BREAKDOWN
2024-02-06 11:00:00,Japan,Japan,JP,444.05,523.53,19.02,11.55,,true,ESTIMATED_MODE_BREAKDOWN
2024-02-06 12:00:00,Japan,Japan,JP,442.56,522.15,19.29,11.48,,true,ESTIMATED_MODE_BREAKDOWN
2024-02-06 13:00:00,Japan,Japan,JP,440.42,519.43,19.68,11.39,,true,ESTIMATED_MODE_BREAKDOWN
2024-02-06 14:00:00,Japan,Japan,JP,438.29,517.0,20.07,11.41,,true,ESTIMATED_MODE_BREAKDOWN
2024-02-06 15:00:00,Japan,Japan,JP,434.21,512.58,20.81,11.55,,true,ESTIMATED_MODE_BREAKDOWN
2024-02-06 16:00:00,Japan,Japan,JP,432.8,510.71,21.08,11.62,,true,ESTIMATED_MODE_BREAKDOWN
2024-02-06 17:00:00,Japan,Japan,JP,433.12,510.62,21.03,11.7,,true,ESTIMATED_MODE_BREAKDOWN
2024-02-06 18:00:00,Japan,Japan,JP,433.49,511.09,20.96,11.74,,true,ESTIMATED_MODE_BREAKDOWN
2024-02-06 19:00:00,Japan,Japan,JP,433.93,511.65,20.88,11.77,,true,ESTIMATED_MODE_BREAKDOWN
2024-02-06 20:00:00,Japan,Japan,JP,435.94,514.36,20.5,11.72,,true,ESTIMATED_MODE_BREAKDOWN
2024-02-06 21:00:00,Japan,Japan,JP,439.87,519.8,19.76,11.74,,true,ESTIMATED_MODE_BREAKDOWN
2024-02-06 22:00:00,Japan,Japan,JP,431.96,511.55,21.2,13.7,,true,ESTIMATED_MODE_BREAKDOWN
2024-02-06 23:00:00,Japan,Japan,JP,400.11,477.63,27.0,20.0,,true,ESTIMATED_MODE_BREAKDOWN
2024-02-07 00:00:00,Japan,Japan,JP,360.96,435.01,34.15,27.35,,true,ESTIMATED_MODE_BREAKDOWN
2024-02-07 01:00:00,Japan,Japan,JP,326.75,397.07,40.4,33.43,,true,ESTIMATED_MODE_BREAKDOWN
2024-02-07 02:00:00,Japan,Japan,JP,308.53,376.36,43.74,36.56,,true,ESTIMATED_MODE_BREAKDOWN
2024-02-07 03:00:00,Japan,Japan,JP,302.69,370.21,44.8,37.15,,true,ESTIMATED_MODE_BREAKDOWN
2024-02-07 04:00:00,Japan,Japan,JP,317.38,386.54,42.11,34.45,,true,ESTIMATED_MODE_BREAKDOWN
2024-02-07 05:00:00,Japan,Japan,JP,342.05,413.11,37.62,29.86,,true,ESTIMATED_MODE_BREAKDOWN
2024-02-07 06:00:00,Japan,Japan,JP,375.7,449.06,31.49,23.68,,true,ESTIMATED_MODE_BREAKDOWN
2024-02-07 07:00:00,Japan,Japan,JP,418.65,495.9,23.65,16.04,,true,ESTIMATED_MODE_BREAKDOWN
2024-02-07 08:00:00,Japan,Japan,JP,441.12,520.38,19.56,12.13,,true,ESTIMATED_MODE_BREAKDOWN
2024-02-07 09:00:00,Japan,Japan,JP,443.38,523.35,19.14,11.84,,true,ESTIMATED_MODE_BREAKDOWN
2024-02-07 10:00:00,Japan,Japan,JP,442.93,522.62,19.22,11.8,,true,ESTIMATED_MODE_BREAKDOWN
2024-02-07 11:00:00,Japan,Japan,JP,442.09,521.44,19.38,11.78,,true,ESTIMATED_MODE_BREAKDOWN
2024-02-07 12:00:00,Japan,Japan,JP,440.6,520.24,19.64,11.74,,true,ESTIMATED_MODE_BREAKDOWN
2024-02-07 13:00:00,Japan,Japan,JP,438.53,517.67,20.02,11.66,,true,ESTIMATED_MODE_BREAKDOWN
2024-02-07 14:00:00,Japan,Japan,JP,436.84,515.71,20.33,11.6,,true,ESTIMATED_MODE_BREAKDOWN
2024-02-07 15:00:00,Japan,Japan,JP,433.45,512.22,20.94,11.74,,true,ESTIMATED_MODE_BREAKDOWN
2024-02-07 16:00:00,Japan,Japan,JP,432.26,510.77,21.16,11.76,,true,ESTIMATED_MODE_BREAKDOWN
2024-02-07 17:00:00,Japan,Japan,JP,432.57,510.94,21.11,11.81,,true,ESTIMATED_MODE_BREAKDOWN
2024-02-07 18:00:00,Japan,Japan,JP,432.85,511.33,21.06,11.87,,true,ESTIMATED_MODE_BREAKDOWN
2024-02-07 19:00:00,Japan,Japan,JP,433.37,511.97,20.96,11.88,,true,ESTIMATED_MODE_BREAKDOWN
2024-02-07 20:00:00,Japan,Japan,JP,435.27,514.59,20.6,11.87,,true,ESTIMATED_MODE_BREAKDOWN
2024-02-07 21:00:00,Japan,Japan,JP,439.16,519.65,19.88,11.87,,true,ESTIMATED_MODE_BREAKDOWN
2024-02-07 22:00:00,Japan,Japan,JP,429.65,509.69,21.61,14.13,,true,ESTIMATED_MODE_BREAKDOWN
2024-02-07 23:00:00,Japan,Japan,JP,393.62,470.92,28.17,21.12,,true,ESTIMATED_MODE_BREAKDOWN
2024-02-08 00:00:00,Japan,Japan,JP,356.97,430.57,34.87,27.96,,true,ESTIMATED_MODE_BREAKDOWN
2024-02-08 01:00:00,Japan,Japan,JP,317.64,387.88,42.04,34.95,,true,ESTIMATED_MODE_BREAKDOWN
2024-02-08 02:00:00,Japan,Japan,JP,301.58,370.25,44.97,37.69,,true,ESTIMATED_MODE_BREAKDOWN
2024-02-08 03:00:00,Japan,Japan,JP,293.85,361.83,46.38,38.6,,true,ESTIMATED_MODE_BREAKDOWN
2024-02-08 04:00:00,Japan,Japan,JP,306.34,375.46,44.1,36.43,,true,ESTIMATED_MODE_BREAKDOWN
2024-02-08 05:00:00,Japan,Japan,JP,329.83,400.79,39.82,32.02,,true,ESTIMATED_MODE_BREAKDOWN
2024-02-08 06:00:00,Japan,Japan,JP,369.35,443.96,32.6,24.8,,true,ESTIMATED_MODE_BREAKDOWN
2024-02-08 07:00:00,Japan,Japan,JP,415.73,494.67,24.14,16.57,,true,ESTIMATED_MODE_BREAKDOWN
2024-02-08 08:00:00,Japan,Japan,JP,438.7,519.51,19.96,12.56,,true,ESTIMATED_MODE_BREAKDOWN
2024-02-08 09:00:00,Japan,Japan,JP,442.06,522.83,19.35,12.07,,true,ESTIMATED_MODE_BREAKDOWN
2024-02-08 10:00:00,Japan,Japan,JP,441.31,522.04,19.49,12.08,,true,ESTIMATED_MODE_BREAKDOWN
2024-02-08 11:00:00,Japan,Japan,JP,440.37,520.79,19.66,12.04,,true,ESTIMATED_MODE_BREAKDOWN
2024-02-08 12:00:00,Japan,Japan,JP,438.79,519.09,19.95,12.02,,true,ESTIMATED_MODE_BREAKDOWN
2024-02-08 13:00:00,Japan,Japan,JP,436.65,516.86,20.33,11.94,,true,ESTIMATED_MODE_BREAKDOWN
2024-02-08 14:00:00,Japan,Japan,JP,434.58,514.54,20.71,11.95,,true,ESTIMATED_MODE_BREAKDOWN
2024-02-08 15:00:00,Japan,Japan,JP,430.95,509.58,21.39,11.98,,true,ESTIMATED_MODE_BREAKDOWN
2024-02-08 16:00:00,Japan,Japan,JP,430.3,508.34,21.52,11.91,,true,ESTIMATED_MODE_BREAKDOWN
2024-02-08 17:00:00,Japan,Japan,JP,431.12,508.83,21.38,11.92,,true,ESTIMATED_MODE_BREAKDOWN
2024-02-08 18:00:00,Japan,Japan,JP,431.83,509.3,21.26,11.93,,true,ESTIMATED_MODE_BREAKDOWN
2024-02-08 19:00:00,Japan,Japan,JP,432.13,509.61,21.21,11.95,,true,ESTIMATED_MODE_BREAKDOWN
2024-02-08 20:00:00,Japan,Japan,JP,434.13,512.07,20.84,11.92,,true,ESTIMATED_MODE_BREAKDOWN
2024-02-08 21:00:00,Japan,Japan,JP,438.59,517.44,20.02,11.86,,true,ESTIMATED_MODE_BREAKDOWN
2024-02-08 22:00:00,Japan,Japan,JP,429.56,508.22,21.66,14.0,,true,ESTIMATED_MODE_BREAKDOWN
2024-02-08 23:00:00,Japan,Japan,JP,390.67,466.64,28.74,21.48,,true,ESTIMATED_MODE_BREAKDOWN
2024-02-09 00:00:00,Japan,Japan,JP,344.55,417.79,37.12,29.95,,true,ESTIMATED_MODE_BREAKDOWN
2024-02-09 01:00:00,Japan,Japan,JP,302.82,372.76,44.72,37.27,,true,ESTIMATED_MODE_BREAKDOWN
2024-02-09 02:00:00,Japan,Japan,JP,279.24,346.79,49.03,41.31,,true,ESTIMATED_MODE_BREAKDOWN
2024-02-09 03:00:00,Japan,Japan,JP,265.54,331.5,51.53,43.32,,true,ESTIMATED_MODE_BREAKDOWN
2024-02-09 04:00:00,Japan,Japan,JP,284.33,350.67,48.14,40.04,,true,ESTIMATED_MODE_BREAKDOWN
2024-02-09 05:00:00,Japan,Japan,JP,314.54,385.02,42.59,34.41,,true,ESTIMATED_MODE_BREAKDOWN
2024-02-09 06:00:00,Japan,Japan,JP,363.54,438.81,33.64,25.46,,true,ESTIMATED_MODE_BREAKDOWN
2024-02-09 07:00:00,Japan,Japan,JP,413.72,492.36,24.51,16.54,,true,ESTIMATED_MODE_BREAKDOWN
2024-02-09 08:00:00,Japan,Japan,JP,438.75,519.28,19.96,12.22,,true,ESTIMATED_MODE_BREAKDOWN
2024-02-09 09:00:00,Japan,Japan,JP,442.25,522.84,19.33,11.7,,true,ESTIMATED_MODE_BREAKDOWN
2024-02-09 10:00:00,Japan,Japan,JP,441.76,521.91,19.42,11.66,,true,ESTIMATED_MODE_BREAKDOWN
2024-02-09 11:00:00,Japan,Japan,JP,440.86,520.87,19.59,11.64,,true,ESTIMATED_MODE_BREAKDOWN
2024-02-09 12:00:00,Japan,Japan,JP,439.3,519.21,19.87,11.62,,true,ESTIMATED_MODE_BREAKDOWN
2024-02-09 13:00:00,Japan,Japan,JP,437.55,517.82,20.17,11.54,,true,ESTIMATED_MODE_BREAKDOWN
2024-02-09 14:00:00,Japan,Japan,JP,436.09,516.0,20.44,11.54,,true,ESTIMATED_MODE_BREAKDOWN
2024-02-09 15:00:00,Japan,Japan,JP,433.14,511.78,21.0,11.57,,true,ESTIMATED_MODE_BREAKDOWN
2024-02-09 16:00:00,Japan,Japan,JP,431.78,509.86,21.26,11.61,,true,ESTIMATED_MODE_BREAKDOWN
2024-02-09 17:00:00,Japan,Japan,JP,431.85,509.53,21.26,11.68,,true,ESTIMATED_MODE_BREAKDOWN
2024-02-09 18:00:00,Japan,Japan,JP,432.39,509.81,21.17,11.74,,true,ESTIMATED_MODE_BREAKDOWN
2024-02-09 19:00:00,Japan,Japan,JP,433.24,510.76,21.01,11.79,,true,ESTIMATED_MODE_BREAKDOWN
2024-02-09 20:00:00,Japan,Japan,JP,434.1,512.29,20.84,11.87,,true,ESTIMATED_MODE_BREAKDOWN
2024-02-09 21:00:00,Japan,Japan,JP,436.41,515.74,20.4,11.92,,true,ESTIMATED_MODE_BREAKDOWN
2024-02-09 22:00:00,Japan,Japan,JP,423.2,501.71,22.81,14.83,,true,ESTIMATED_MODE_BREAKDOWN
2024-02-09 23:00:00,Japan,Japan,JP,375.41,449.16,31.54,23.95,,true,ESTIMATED_MODE_BREAKDOWN
2024-02-10 00:00:00,Japan,Japan,JP,317.82,385.88,42.06,34.5,,true,ESTIMATED_MODE_BREAKDOWN
2024-02-10 01:00:00,Japan,Japan,JP,269.38,333.21,50.9,43.2,,true,ESTIMATED_MODE_BREAKDOWN
2024-02-10 02:00:00,Japan,Japan,JP,239.1,300.22,56.42,48.44,,true,ESTIMATED_MODE_BREAKDOWN
2024-02-10 03:00:00,Japan,Japan,JP,232.38,293.91,57.62,49.33,,true,ESTIMATED_MODE_BREAKDOWN
2024-02-10 04:00:00,Japan,Japan,JP,248.81,312.14,54.61,46.19,,true,ESTIMATED_MODE_BREAKDOWN
2024-02-10 05:00:00,Japan,Japan,JP,280.47,346.91,48.82,40.27,,true,ESTIMATED_MODE_BREAKDOWN
2024-02-10 06:00:00,Japan,Japan,JP,328.32,398.05,40.11,31.54,,true,ESTIMATED_MODE_BREAKDOWN
2024-02-10 07:00:00,Japan,Japan,JP,392.77,468.15,28.36,20.1,,true,ESTIMATED_MODE_BREAKDOWN
2024-02-10 08:00:00,Japan,Japan,JP,432.92,512.46,21.02,13.24,,true,ESTIMATED_MODE_BREAKDOWN
2024-02-10 09:00:00,Japan,Japan,JP,438.39,518.39,20.03,12.56,,true,ESTIMATED_MODE_BREAKDOWN
2024-02-10 10:00:00,Japan,Japan,JP,438.35,518.23,20.04,12.55,,true,ESTIMATED_MODE_BREAKDOWN
2024-02-10 11:00:00,Japan,Japan,JP,437.17,516.83,20.26,12.63,,true,ESTIMATED_MODE_BREAKDOWN
2024-02-10 12:00:00,Japan,Japan,JP,435.72,515.29,20.52,12.64,,true,ESTIMATED_MODE_BREAKDOWN
2024-02-10 13:00:00,Japan,Japan,JP,433.89,513.58,20.84,12.58,,true,ESTIMATED_MODE_BREAKDOWN
2024-02-10 14:00:00,Japan,Japan,JP,432.65,511.67,21.08,12.59,,true,ESTIMATED_MODE_BREAKDOWN
2024-02-10 15:00:00,Japan,Japan,JP,429.77,507.91,21.61,12.68,,true,ESTIMATED_MODE_BREAKDOWN
2024-02-10 16:00:00,Japan,Japan,JP,428.9,506.5,21.79,12.7,,true,ESTIMATED_MODE_BREAKDOWN
2024-02-10 17:00:00,Japan,Japan,JP,429.66,506.92,21.66,12.71,,true,ESTIMATED_MODE_BREAKDOWN
2024-02-10 18:00:00,Japan,Japan,JP,430.3,507.43,21.55,12.73,,true,ESTIMATED_MODE_BREAKDOWN
2024-02-10 19:00:00,Japan,Japan,JP,430.39,507.38,21.54,12.69,,true,ESTIMATED_MODE_BREAKDOWN
2024-02-10 20:00:00,Japan,Japan,JP,431.03,508.02,21.42,12.54,,true,ESTIMATED_MODE_BREAKDOWN
2024-02-10 21:00:00,Japan,Japan,JP,431.88,509.72,21.25,12.5,,true,ESTIMATED_MODE_BREAKDOWN
2024-02-10 22:00:00,Japan,Japan,JP,415.34,492.29,24.25,15.78,,true,ESTIMATED_MODE_BREAKDOWN
2024-02-10 23:00:00,Japan,Japan,JP,359.89,431.63,34.38,26.1,,true,ESTIMATED_MODE_BREAKDOWN
2024-02-11 00:00:00,Japan,Japan,JP,299.46,366.35,45.39,37.11,,true,ESTIMATED_MODE_BREAKDOWN
2024-02-11 01:00:00,Japan,Japan,JP,254.73,317.13,53.56,45.04,,true,ESTIMATED_MODE_BREAKDOWN
2024-02-11 02:00:00,Japan,Japan,JP,232.71,292.78,57.59,48.92,,true,ESTIMATED_MODE_BREAKDOWN
2024-02-11 03:00:00,Japan,Japan,JP,231.82,291.49,57.75,48.9,,true,ESTIMATED_MODE_BREAKDOWN
2024-02-11 04:00:00,Japan,Japan,JP,244.3,306.75,55.44,46.43,,true,ESTIMATED_MODE_BREAKDOWN
2024-02-11 05:00:00,Japan,Japan,JP,275.49,341.3,49.73,40.65,,true,ESTIMATED_MODE_BREAKDOWN
2024-02-11 06:00:00,Japan,Japan,JP,330.18,400.69,39.76,30.79,,true,ESTIMATED_MODE_BREAKDOWN
2024-02-11 07:00:00,Japan,Japan,JP,394.14,469.77,28.1,19.54,,true,ESTIMATED_MODE_BREAKDOWN
2024-02-11 08:00:00,Japan,Japan,JP,433.53,512.73,20.92,13.03,,true,ESTIMATED_MODE_BREAKDOWN
2024-02-11 09:00:00,Japan,Japan,JP,439.78,519.91,19.78,12.23,,true,ESTIMATED_MODE_BREAKDOWN
2024-02-11 10:00:00,Japan,Japan,JP,439.93,520.31,19.75,12.2,,true,ESTIMATED_MODE_BREAKDOWN
2024-02-11 11:00:00,Japan,Japan,JP,439.56,519.55,19.82,12.14,,true,ESTIMATED_MODE_BREAKDOWN
2024-02-11 12:00:00,Japan,Japan,JP,438.45,518.18,20.03,12.11,,true,ESTIMATED_MODE_BREAKDOWN
2024-02-11 13:00:00,Japan,Japan,JP,435.94,515.55,20.48,12.08,,true,ESTIMATED_MODE_BREAKDOWN
2024-02-11 14:00:00,Japan,Japan,JP,434.53,514.03,20.73,12.08,,true,ESTIMATED_MODE_BREAKDOWN
2024-02-11 15:00:00,Japan,Japan,JP,431.31,509.98,21.33,12.23,,true,ESTIMATED_MODE_BREAKDOWN
2024-02-11 16:00:00,Japan,Japan,JP,430.19,508.37,21.54,12.24,,true,ESTIMATED_MODE_BREAKDOWN
2024-02-11 17:00:00,Japan,Japan,JP,430.63,508.4,21.47,12.36,,true,ESTIMATED_MODE_BREAKDOWN
2024-02-11 18:00:00,Japan,Japan,JP,431.22,508.45,21.38,12.42,,true,ESTIMATED_MODE_BREAKDOWN
2024-02-11 19:00:00,Japan,Japan,JP,431.41,508.89,21.34,12.44,,true,ESTIMATED_MODE_BREAKDOWN
2024-02-11 20:00:00,Japan,Japan,JP,432.08,509.93,21.21,12.46,,true,ESTIMATED_MODE_BREAKDOWN
2024-02-11 21:00:00,Japan,Japan,JP,434.28,513.11,20.79,12.43,,true,ESTIMATED_MODE_BREAKDOWN
2024-02-11 22:00:00,Japan,Japan,JP,419.6,497.9,23.46,15.59,,true,ESTIMATED_MODE_BREAKDOWN
2024-02-11 23:00:00,Japan,Japan,JP,366.25,440.44,33.18,25.76,,true,ESTIMATED_MODE_BREAKDOWN
2024-02-12 00:00:00,Japan,Japan,JP,304.67,374.17,44.4,37.09,,true,ESTIMATED_MODE_BREAKDOWN
2024-02-12 01:00:00,Japan,Japan,JP,256.76,322.12,53.13,45.59,,true,ESTIMATED_MODE_BREAKDOWN
2024-02-12 02:00:00,Japan,Japan,JP,233.45,297.38,57.37,49.6,,true,ESTIMATED_MODE_BREAKDOWN
2024-02-12 03:00:00,Japan,Japan,JP,221.97,284.98,59.46,51.34,,true,ESTIMATED_MODE_BREAKDOWN
2024-02-12 04:00:00,Japan,Japan,JP,230.75,294.5,57.86,49.66,,true,ESTIMATED_MODE_BREAKDOWN
2024-02-12 05:00:00,Japan,Japan,JP,259.83,325.84,52.55,44.19,,true,ESTIMATED_MODE_BREAKDOWN
2024-02-12 06:00:00,Japan,Japan,JP,313.03,382.93,42.87,34.53,,true,ESTIMATED_MODE_BREAKDOWN
2024-02-12 07:00:00,Japan,Japan,JP,386.21,461.58,29.54,21.57,,true,ESTIMATED_MODE_BREAKDOWN
2024-02-12 08:00:00,Japan,Japan,JP,434.51,514.42,20.73,13.27,,true,ESTIMATED_MODE_BREAKDOWN
2024-02-12 09:00:00,Japan,Japan,JP,442.02,522.98,19.36,12.24,,true,ESTIMATED_MODE_BREAKDOWN
2024-02-12 10:00:00,Japan,Japan,JP,442.21,523.27,19.32,12.2,,true,ESTIMATED_MODE_BREAKDOWN
2024-02-12 11:00:00,Japan,Japan,JP,441.67,522.39,19.43,12.2,,true,ESTIMATED_MODE_BREAKDOWN
2024-02-12 12:00:00,Japan,Japan,JP,440.35,520.77,19.67,12.25,,true,ESTIMATED_MODE_BREAKDOWN
2024-02-12 13:00:00,Japan,Japan,JP,438.21,518.3,20.06,12.19,,true,ESTIMATED_MODE_BREAKDOWN
2024-02-12 14:00:00,Japan,Japan,JP,436.69,516.4,20.34,12.21,,true,ESTIMATED_MODE_BREAKDOWN
2024-02-12 15:00:00,Japan,Japan,JP,433.41,512.58,20.94,12.4,,true,ESTIMATED_MODE_BREAKDOWN
2024-02-12 16:00:00,Japan,Japan,JP,432.19,510.94,21.17,12.51,,true,ESTIMATED_MODE_BREAKDOWN
2024-02-12 17:00:00,Japan,Japan,JP,431.44,509.69,21.32,12.6,,true,ESTIMATED_MODE_BREAKDOWN
2024-02-12 18:00:00,Japan,Japan,JP,430.67,508.52,21.47,12.6,,true,ESTIMATED_MODE_BREAKDOWN
2024-02-12 19:00:00,Japan,Japan,JP,430.43,508.3,21.51,12.59,,true,ESTIMATED_MODE_BREAKDOWN
2024-02-12 20:00:00,Japan,Japan,JP,431.43,509.69,21.32,12.57,,true,ESTIMATED_MODE_BREAKDOWN
2024-02-12 21:00:00,Japan,Japan,JP,437.71,517.14,20.17,12.49,,true,ESTIMATED_MODE_BREAKDOWN
2024-02-12 22:00:00,Japan,Japan,JP,421.58,499.45,23.11,15.65,,true,ESTIMATED_MODE_BREAKDOWN
2024-02-12 23:00:00,Japan,Japan,JP,369.13,442.61,32.68,25.76,,true,ESTIMATED_MODE_BREAKDOWN
2024-02-13 00:00:00,Japan,Japan,JP,314.07,383.26,42.71,35.76,,true,ESTIMATED_MODE_BREAKDOWN
2024-02-13 01:00:00,Japan,Japan,JP,265.29,330.72,51.59,44.32,,true,ESTIMATED_MODE_BREAKDOWN
2024-02-13 02:00:00,Japan,Japan,JP,237.29,300.22,56.7,49.28,,true,ESTIMATED_MODE_BREAKDOWN
2024-02-13 03:00:00,Japan,Japan,JP,219.47,280.87,59.94,51.74,,true,ESTIMATED_MODE_BREAKDOWN
2024-02-13 04:00:00,Japan,Japan,JP,236.13,299.12,56.9,48.81,,true,ESTIMATED_MODE_BREAKDOWN
2024-02-13 05:00:00,Japan,Japan,JP,267.78,333.55,51.13,42.96,,true,ESTIMATED_MODE_BREAKDOWN
2024-02-13 06:00:00,Japan,Japan,JP,323.53,393.84,40.96,32.51,,true,ESTIMATED_MODE_BREAKDOWN
2024-02-13 07:00:00,Japan,Japan,JP,392.66,468.9,28.36,20.36,,true,ESTIMATED_MODE_BREAKDOWN
2024-02-13 08:00:00,Japan,Japan,JP,430.32,509.69,21.49,13.45,,true,ESTIMATED_MODE_BREAKDOWN
2024-02-13 09:00:00,Japan,Japan,JP,437.21,517.57,20.23,12.54,,true,ESTIMATED_MODE_BREAKDOWN
2024-02-13 10:00:00,Japan,Japan,JP,437.04,516.95,20.27,12.51,,true,ESTIMATED_MODE_BREAKDOWN
2024-02-13 11:00:00,Japan,Japan,JP,435.03,514.68,20.64,12.47,,true,ESTIMATED_MODE_BREAKDOWN
2024-02-13 12:00:00,Japan,Japan,JP,434.49,514.02,20.74,12.52,,true,ESTIMATED_MODE_BREAKDOWN
2024-02-13 13:00:00,Japan,Japan,JP,432.37,510.52,21.15,12.41,,true,ESTIMATED_MODE_BREAKDOWN
2024-02-13 14:00:00,Japan,Japan,JP,429.4,506.33,21.71,12.42,,true,ESTIMATED_MODE_BREAKDOWN
2024-02-13 15:00:00,Japan,Japan,JP,425.8,502.74,22.35,12.56,,true,ESTIMATED_MODE_BREAKDOWN
2024-02-13 16:00:00,Japan,Japan,JP,425.17,502.78,22.45,12.68,,true,ESTIMATED_MODE_BREAKDOWN
2024-02-13 17:00:00,Japan,Japan,JP,424.79,502.34,22.52,12.71,,true,ESTIMATED_MODE_BREAKDOWN
2024-02-13 18:00:00,Japan,Japan,JP,427.18,504.81,22.09,12.79,,true,ESTIMATED_MODE_BREAKDOWN
2024-02-13 19:00:00,Japan,Japan,JP,427.21,504.61,22.09,12.72,,true,ESTIMATED_MODE_BREAKDOWN
2024-02-13 20:00:00,Japan,Japan,JP,428.91,506.73,21.78,12.64,,true,ESTIMATED_MODE_BREAKDOWN
2024-02-13 21:00:00,Japan,Japan,JP,434.77,513.99,20.7,12.54,,true,ESTIMATED_MODE_BREAKDOWN
2024-02-13 22:00:00,Japan,Japan,JP,416.17,493.88,24.09,16.09,,true,ESTIMATED_MODE_BREAKDOWN
2024-02-13 23:00:00,Japan,Japan,JP,365.28,438.54,33.37,25.72,,true,ESTIMATED_MODE_BREAKDOWN
2024-02-14 00:00:00,Japan,Japan,JP,320.62,390.39,41.51,34.19,,true,ESTIMATED_MODE_BREAKDOWN
2024-02-14 01:00:00,Japan,Japan,JP,277.0,342.34,49.48,41.54,,true,ESTIMATED_MODE_BREAKDOWN
2024-02-14 02:00:00,Japan,Japan,JP,253.04,316.47,53.84,45.75,,true,ESTIMATED_MODE_BREAKDOWN
2024-02-14 03:00:00,Japan,Japan,JP,245.74,308.09,55.18,46.51,,true,ESTIMATED_MODE_BREAKDOWN
2024-02-14 04:00:00,Japan,Japan,JP,277.94,343.01,49.31,40.73,,true,ESTIMATED_MODE_BREAKDOWN
2024-02-14 05:00:00,Japan,Japan,JP,314.57,384.29,42.6,34.22,,true,ESTIMATED_MODE_BREAKDOWN
2024-02-14 06:00:00,Japan,Japan,JP,363.73,438.0,33.62,25.0,,true,ESTIMATED_MODE_BREAKDOWN
2024-02-14 07:00:00,Japan,Japan,JP,412.94,490.82,24.66,16.38,,true,ESTIMATED_MODE_BREAKDOWN
2024-02-14 08:00:00,Japan,Japan,JP,433.01,512.55,21.01,12.81,,true,ESTIMATED_MODE_BREAKDOWN
2024-02-14 09:00:00,Japan,Japan,JP,436.61,516.61,20.35,12.13,,true,ESTIMATED_MODE_BREAKDOWN
2024-02-14 10:00:00,Japan,Japan,JP,436.91,517.23,20.29,12.1,,true,ESTIMATED_MODE_BREAKDOWN
2024-02-14 11:00:00,Japan,Japan,JP,434.73,514.48,20.69,12.07,,true,ESTIMATED_MODE_BREAKDOWN
2024-02-14 12:00:00,Japan,Japan,JP,433.29,513.13,20.95,12.15,,true,ESTIMATED_MODE_BREAKDOWN
2024-02-14 13:00:00,Japan,Japan,JP,431.62,510.92,21.26,12.03,,true,ESTIMATED_MODE_BREAKDOWN
2024-02-14 14:00:00,Japan,Japan,JP,428.86,506.82,21.78,11.98,,true,ESTIMATED_MODE_BREAKDOWN
2024-02-14 15:00:00,Japan,Japan,JP,426.3,504.34,22.24,12.12,,true,ESTIMATED_MODE_BREAKDOWN
2024-02-14 16:00:00,Japan,Japan,JP,423.72,501.69,22.7,12.09,,true,ESTIMATED_MODE_BREAKDOWN
2024-02-14 17:00:00,Japan,Japan,JP,425.15,503.17,22.44,12.12,,true,ESTIMATED_MODE_BREAKDOWN
2024-02-14 18:00:00,Japan,Japan,JP,427.42,505.27,22.05,12.2,,true,ESTIMATED_MODE_BREAKDOWN
2024-02-14 19:00:00,Japan,Japan,JP,426.71,504.57,22.17,12.19,,true,ESTIMATED_MODE_BREAKDOWN
2024-02-14 20:00:00,Japan,Japan,JP,428.03,506.66,21.92,12.19,,true,ESTIMATED_MODE_BREAKDOWN
2024-02-14 21:00:00,Japan,Japan,JP,432.71,512.25,21.06,12.21,,true,ESTIMATED_MODE_BREAKDOWN
2024-02-14 22:00:00,Japan,Japan,JP,417.53,495.76,23.83,15.1,,true,ESTIMATED_MODE_BREAKDOWN
2024-02-14 23:00:00,Japan,Japan,JP,387.65,462.68,29.3,21.42,,true,ESTIMATED_MODE_BREAKDOWN
2024-02-15 00:00:00,Japan,Japan,JP,361.55,434.05,34.06,26.27,,true,ESTIMATED_MODE_BREAKDOWN
2024-02-15 01:00:00,Japan,Japan,JP,329.89,398.83,39.86,31.64,,true,ESTIMATED_MODE_BREAKDOWN
2024-02-15 02:00:00,Japan,Japan,JP,312.98,380.71,42.94,34.87,,true,ESTIMATED_MODE_BREAKDOWN
2024-02-15 03:00:00,Japan,Japan,JP,307.48,374.76,43.93,35.35,,true,ESTIMATED_MODE_BREAKDOWN
2024-02-15 04:00:00,Japan,Japan,JP,323.48,392.84,41.0,32.53,,true,ESTIMATED_MODE_BREAKDOWN
2024-02-15 05:00:00,Japan,Japan,JP,351.03,421.97,35.99,27.7,,true,ESTIMATED_MODE_BREAKDOWN
2024-02-15 06:00:00,Japan,Japan,JP,381.44,454.25,30.46,21.86,,true,ESTIMATED_MODE_BREAKDOWN
2024-02-15 07:00:00,Japan,Japan,JP,413.27,489.35,24.64,16.39,,true,ESTIMATED_MODE_BREAKDOWN
2024-02-15 08:00:00,Japan,Japan,JP,431.58,509.67,21.3,13.12,,true,ESTIMATED_MODE_BREAKDOWN
2024-02-15 09:00:00,Japan,Japan,JP,433.34,511.3,20.98,12.62,,true,ESTIMATED_MODE_BREAKDOWN
2024-02-15 10:00:00,Japan,Japan,JP,433.02,510.88,21.04,12.76,,true,ESTIMATED_MODE_BREAKDOWN
2024-02-15 11:00:00,Japan,Japan,JP,429.48,507.4,21.67,12.89,,true,ESTIMATED_MODE_BREAKDOWN
2024-02-15 12:00:00,Japan,Japan,JP,425.76,503.42,22.34,13.08,,true,ESTIMATED_MODE_BREAKDOWN
2024-02-15 13:00:00,Japan,Japan,JP,424.55,501.87,22.57,13.2,,true,ESTIMATED_MODE_BREAKDOWN
2024-02-15 14:00:00,Japan,Japan,JP,421.21,497.88,23.18,13.31,,true,ESTIMATED_MODE_BREAKDOWN
2024-02-15 15:00:00,Japan,Japan,JP,416.12,491.01,24.13,13.43,,true,ESTIMATED_MODE_BREAKDOWN
2024-02-15 16:00:00,Japan,Japan,JP,417.18,491.76,23.95,13.5,,true,ESTIMATED_MODE_BREAKDOWN
2024-02-15 17:00:00,Japan,Japan,JP,416.85,491.13,24.02,13.5,,true,ESTIMATED_MODE_BREAKDOWN
2024-02-15 18:00:00,Japan,Japan,JP,418.55,493.17,23.71,13.55,,true,ESTIMATED_MODE_BREAKDOWN
2024-02-15 19:00:00,Japan,Japan,JP,420.67,495.71,23.32,13.54,,true,ESTIMATED_MODE_BREAKDOWN
2024-02-15 20:00:00,Japan,Japan,JP,421.24,496.33,23.21,13.48,,true,ESTIMATED_MODE_BREAKDOWN
2024-02-15 21:00:00,Japan,Japan,JP,425.85,502.73,22.35,13.4,,true,ESTIMATED_MODE_BREAKDOWN
2024-02-15 22:00:00,Japan,Japan,JP,411.0,487.22,25.04,16.53,,true,ESTIMATED_MODE_BREAKDOWN
2024-02-15 23:00:00,Japan,Japan,JP,371.01,444.26,32.33,24.38,,true,ESTIMATED_MODE_BREAKDOWN
2024-02-16 00:00:00,Japan,Japan,JP,329.23,398.97,39.96,32.51,,true,ESTIMATED_MODE_BREAKDOWN
2024-02-16 01:00:00,Japan,Japan,JP,287.89,353.97,47.5,39.64,,true,ESTIMATED_MODE_BREAKDOWN
2024-02-16 02:00:00,Japan,Japan,JP,268.46,332.12,51.06,43.09,,true,ESTIMATED_MODE_BREAKDOWN
2024-02-16 03:00:00,Japan,Japan,JP,257.01,319.12,53.16,44.9,,true,ESTIMATED_MODE_BREAKDOWN
2024-02-16 04:00:00,Japan,Japan,JP,277.14,341.36,49.48,41.37,,true,ESTIMATED_MODE_BREAKDOWN
2024-02-16 05:00:00,Japan,Japan,JP,308.35,375.18,43.78,35.75,,true,ESTIMATED_MODE_BREAKDOWN
2024-02-16 06:00:00,Japan,Japan,JP,352.71,423.21,35.7,27.63,,true,ESTIMATED_MODE_BREAKDOWN
2024-02-16 07:00:00,Japan,Japan,JP,401.49,476.8,26.79,18.91,,true,ESTIMATED_MODE_BREAKDOWN
2024-02-16 08:00:00,Japan,Japan,JP,434.26,512.99,20.81,13.24,,true,ESTIMATED_MODE_BREAKDOWN
2024-02-16 09:00:00,Japan,Japan,JP,439.32,518.09,19.89,12.16,,true,ESTIMATED_MODE_BREAKDOWN
2024-02-16 10:00:00,Japan,Japan,JP,439.68,518.62,19.82,12.09,,true,ESTIMATED_MODE_BREAKDOWN
2024-02-16 11:00:00,Japan,Japan,JP,439.56,518.4,19.85,11.95,,true,ESTIMATED_MODE_BREAKDOWN
2024-02-16 12:00:00,Japan,Japan,JP,437.84,516.27,20.16,11.77,,true,ESTIMATED_MODE_BREAKDOWN
2024-02-16 13:00:00,Japan,Japan,JP,436.93,515.56,20.32,11.68,,true,ESTIMATED_MODE_BREAKDOWN
2024-02-16 14:00:00,Japan,Japan,JP,436.22,515.19,20.44,11.72,,true,ESTIMATED_MODE_BREAKDOWN
2024-02-16 15:00:00,Japan,Japan,JP,431.19,508.96,21.37,11.79,,true,ESTIMATED_MODE_BREAKDOWN
2024-02-16 16:00:00,Japan,Japan,JP,430.18,507.8,21.55,11.74,,true,ESTIMATED_MODE_BREAKDOWN
2024-02-16 17:00:00,Japan,Japan,JP,432.16,510.22,21.19,11.88,,true,ESTIMATED_MODE_BREAKDOWN
2024-02-16 18:00:00,Japan,Japan,JP,432.17,510.19,21.19,11.89,,true,ESTIMATED_MODE_BREAKDOWN
2024-02-16 19:00:00,Japan,Japan,JP,430.65,508.3,21.47,11.89,,true,ESTIMATED_MODE_BREAKDOWN
2024-02-16 20:00:00,Japan,Japan,JP,430.97,508.67,21.41,11.9,,true,ESTIMATED_MODE_BREAKDOWN
2024-02-16 21:00:00,Japan,Japan,JP,434.04,511.9,20.86,11.96,,true,ESTIMATED_MODE_BREAKDOWN
2024-02-16 22:00:00,Japan,Japan,JP,413.64,489.89,24.58,15.68,,true,ESTIMATED_MODE_BREAKDOWN
2024-02-16 23:00:00,Japan,Japan,JP,364.32,436.73,33.56,24.92,,true,ESTIMATED_MODE_BREAKDOWN
2024-02-17 00:00:00,Japan,Japan,JP,306.69,375.28,44.05,35.66,,true,ESTIMATED_MODE_BREAKDOWN
2024-02-17 01:00:00,Japan,Japan,JP,255.99,319.69,53.3,44.39,,true,ESTIMATED_MODE_BREAKDOWN
2024-02-17 02:00:00,Japan,Japan,JP,235.07,296.5,57.13,48.18,,true,ESTIMATED_MODE_BREAKDOWN
2024-02-17 03:00:00,Japan,Japan,JP,228.33,289.18,58.35,49.08,,true,ESTIMATED_MODE_BREAKDOWN
2024-02-17 04:00:00,Japan,Japan,JP,238.48,300.04,56.5,46.82,,true,ESTIMATED_MODE_BREAKDOWN
2024-02-17 05:00:00,Japan,Japan,JP,270.76,335.74,50.6,41.1,,true,ESTIMATED_MODE_BREAKDOWN
2024-02-17 06:00:00,Japan,Japan,JP,322.67,391.74,41.14,31.21,,true,ESTIMATED_MODE_BREAKDOWN
2024-02-17 07:00:00,Japan,Japan,JP,385.79,460.3,29.63,20.13,,true,ESTIMATED_MODE_BREAKDOWN
2024-02-17 08:00:00,Japan,Japan,JP,428.92,507.2,21.77,12.97,,true,ESTIMATED_MODE_BREAKDOWN
2024-02-17 09:00:00,Japan,Japan,JP,434.95,513.73,20.67,11.82,,true,ESTIMATED_MODE_BREAKDOWN
2024-02-17 10:00:00,Japan,Japan,JP,435.57,514.46,20.56,11.88,,true,ESTIMATED_MODE_BREAKDOWN
2024-02-17 11:00:00,Japan,Japan,JP,435.45,514.45,20.58,11.84,,true,ESTIMATED_MODE_BREAKDOWN
2024-02-17 12:00:00,Japan,Japan,JP,432.61,511.26,21.1,11.74,,true,ESTIMATED_MODE_BREAKDOWN
2024-02-17 13:00:00,Japan,Japan,JP,430.96,508.49,21.41,11.59,,true,ESTIMATED_MODE_BREAKDOWN
2024-02-17 14:00:00,Japan,Japan,JP,431.28,508.6,21.36,11.59,,true,ESTIMATED_MODE_BREAKDOWN
2024-02-17 15:00:00,Japan,Japan,JP,425.78,501.65,22.38,11.71,,true,ESTIMATED_MODE_BREAKDOWN
2024-02-17 16:00:00,Japan,Japan,JP,424.59,499.95,22.61,11.62,,true,ESTIMATED_MODE_BREAKDOWN
2024-02-17 17:00:00,Japan,Japan,JP,425.86,501.33,22.38,11.69,,true,ESTIMATED_MODE_BREAKDOWN
2024-02-17 18:00:00,Japan,Japan,JP,427.34,503.18,22.11,11.77,,true,ESTIMATED_MODE_BREAKDOWN
2024-02-17 19:00:00,Japan,Japan,JP,426.79,502.67,22.21,11.82,,true,ESTIMATED_MODE_BREAKDOWN
2024-02-17 20:00:00,Japan,Japan,JP,426.38,501.85,22.29,11.92,,true,ESTIMATED_MODE_BREAKDOWN
2024-02-17 21:00:00,Japan,Japan,JP,424.34,499.66,22.66,11.99,,true,ESTIMATED_MODE_BREAKDOWN
2024-02-17 22:00:00,Japan,Japan,JP,400.35,473.8,27.03,16.54,,true,ESTIMATED_MODE_BREAKDOWN
2024-02-17 23:00:00,Japan,Japan,JP,343.05,412.88,37.45,27.5,,true,ESTIMATED_MODE_BREAKDOWN
2024-02-18 00:00:00,Japan,Japan,JP,281.05,346.61,48.73,38.61,,true,ESTIMATED_MODE_BREAKDOWN
2024-02-18 01:00:00,Japan,Japan,JP,237.23,297.84,56.74,46.35,,true,ESTIMATED_MODE_BREAKDOWN
2024-02-18 02:00:00,Japan,Japan,JP,220.99,280.48,59.7,49.41,,true,ESTIMATED_MODE_BREAKDOWN
2024-02-18 03:00:00,Japan,Japan,JP,220.63,279.9,59.77,48.88,,true,ESTIMATED_MODE_BREAKDOWN
2024-02-18 04:00:00,Japan,Japan,JP,235.91,297.06,56.97,46.16,,true,ESTIMATED_MODE_BREAKDOWN
2024-02-18 05:00:00,Japan,Japan,JP,263.46,326.74,51.94,40.74,,true,ESTIMATED_MODE_BREAKDOWN
2024-02-18 06:00:00,Japan,Japan,JP,312.55,379.75,42.99,31.72,,true,ESTIMATED_MODE_BREAKDOWN
2024-02-18 07:00:00,Japan,Japan,JP,377.2,450.57,31.2,20.79,,true,ESTIMATED_MODE_BREAKDOWN
2024-02-18 08:00:00,Japan,Japan,JP,422.72,498.93,22.93,12.94,,true,ESTIMATED_MODE_BREAKDOWN
2024-02-18 09:00:00,Japan,Japan,JP,432.04,509.53,21.22,11.94,,true,ESTIMATED_MODE_BREAKDOWN
2024-02-18 10:00:00,Japan,Japan,JP,431.27,508.58,21.37,11.96,,true,ESTIMATED_MODE_BREAKDOWN
2024-02-18 11:00:00,Japan,Japan,JP,429.38,506.52,21.71,11.99,,true,ESTIMATED_MODE_BREAKDOWN
2024-02-18 12:00:00,Japan,Japan,JP,428.12,504.86,21.94,12.03,,true,ESTIMATED_MODE_BREAKDOWN
2024-02-18 13:00:00,Japan,Japan,JP,423.16,499.01,22.85,11.98,,true,ESTIMATED_MODE_BREAKDOWN
2024-02-18 14:00:00,Japan,Japan,JP,422.72,498.02,22.94,12.05,,true,ESTIMATED_MODE_BREAKDOWN
2024-02-18 15:00:00,Japan,Japan,JP,419.49,493.97,23.54,12.2,,true,ESTIMATED_MODE_BREAKDOWN
2024-02-18 16:00:00,Japan,Japan,JP,416.79,490.49,24.04,12.22,,true,ESTIMATED_MODE_BREAKDOWN
2024-02-18 17:00:00,Japan,Japan,JP,419.02,493.38,23.63,12.39,,true,ESTIMATED_MODE_BREAKDOWN
2024-02-18 18:00:00,Japan,Japan,JP,421.54,496.03,23.18,12.43,,true,ESTIMATED_MODE_BREAKDOWN
2024-02-18 19:00:00,Japan,Japan,JP,420.46,494.37,23.38,12.36,,true,ESTIMATED_MODE_BREAKDOWN
2024-02-18 20:00:00,Japan,Japan,JP,422.01,496.44,23.09,12.47,,true,ESTIMATED_MODE_BREAKDOWN
2024-02-18 21:00:00,Japan,Japan,JP,425.43,501.07,22.45,12.69,,true,ESTIMATED_MODE_BREAKDOWN
2024-02-18 22:00:00,Japan,Japan,JP,417.16,492.71,23.95,14.6,,true,ESTIMATED_MODE_BREAKDOWN
2024-02-18 23:00:00,Japan,Japan,JP,403.0,478.12,26.52,18.35,,true,ESTIMATED_MODE_BREAKDOWN
2024-02-19 00:00:00,Japan,Japan,JP,392.03,465.71,28.53,20.57,,true,ESTIMATED_MODE_BREAKDOWN
2024-02-19 01:00:00,Japan,Japan,JP,380.78,453.65,30.58,22.65,,true,ESTIMATED_MODE_BREAKDOWN
2024-02-19 02:00:00,Japan,Japan,JP,377.73,450.96,31.12,23.37,,true,ESTIMATED_MODE_BREAKDOWN
2024-02-19 03:00:00,Japan,Japan,JP,376.98,448.52,31.29,23.07,,true,ESTIMATED_MODE_BREAKDOWN
2024-02-19 04:00:00,Japan,Japan,JP,389.64,461.9,28.99,21.06,,true,ESTIMATED_MODE_BREAKDOWN
2024-02-19 05:00:00,Japan,Japan,JP,399.37,472.44,27.22,19.0,,true,ESTIMATED_MODE_BREAKDOWN
2024-02-19 06:00:00,Japan,Japan,JP,409.98,484.78,25.26,17.19,,true,ESTIMATED_MODE_BREAKDOWN
2024-02-19 07:00:00,Japan,Japan,JP,422.16,498.87,23.02,15.0,,true,ESTIMATED_MODE_BREAKDOWN
2024-02-19 08:00:00,Japan,Japan,JP,430.75,508.0,21.46,13.12,,true,ESTIMATED_MODE_BREAKDOWN
2024-02-19 09:00:00,Japan,Japan,JP,434.68,512.29,20.75,12.66,,true,ESTIMATED_MODE_BREAKDOWN
2024-02-19 10:00:00,Japan,Japan,JP,432.29,509.29,21.19,12.68,,true,ESTIMATED_MODE_BREAKDOWN
2024-02-19 11:00:00,Japan,Japan,JP,430.12,506.71,21.59,12.67,,true,ESTIMATED_MODE_BREAKDOWN
2024-02-19 12:00:00,Japan,Japan,JP,428.26,504.71,21.92,12.77,,true,ESTIMATED_MODE_BREAKDOWN
2024-02-19 13:00:00,Japan,Japan,JP,424.42,500.28,22.62,12.63,,true,ESTIMATED_MODE_BREAKDOWN
2024-02-19 14:00:00,Japan,Japan,JP,423.94,499.5,22.72,12.77,,true,ESTIMATED_MODE_BREAKDOWN
2024-02-19 15:00:00,Japan,Japan,JP,418.52,492.77,23.72,12.83,,true,ESTIMATED_MODE_BREAKDOWN
2024-02-19 16:00:00,Japan,Japan,JP,417.6,491.55,23.89,12.88,,true,ESTIMATED_MODE_BREAKDOWN
2024-02-19 17:00:00,Japan,Japan,JP,419.47,493.97,23.54,12.93,,true,ESTIMATED_MODE_BREAKDOWN
2024-02-19 18:00:00,Japan,Japan,JP,419.4,494.15,23.55,12.96,,true,ESTIMATED_MODE_BREAKDOWN
2024-02-19 19:00:00,Japan,Japan,JP,421.58,496.6,23.16,13.04,,true,ESTIMATED_MODE_BREAKDOWN
2024-02-19 20:00:00,Japan,Japan,JP,421.01,495.78,23.27,12.94,,true,ESTIMATED_MODE_BREAKDOWN
2024-02-19 21:00:00,Japan,Japan,JP,422.94,498.36,22.9,12.99,,true,ESTIMATED_MODE_BREAKDOWN
2024-02-19 22:00:00,Japan,Japan,JP,411.14,486.32,25.04,15.82,,true,ESTIMATED_MODE_BREAKDOWN
2024-02-19 23:00:00,Japan,Japan,JP,381.16,456.18,30.46,21.89,,true,ESTIMATED_MODE_BREAKDOWN
2024-02-20 00:00:00,Japan,Japan,JP,348.7,422.01,36.36,28.17,,true,ESTIMATED_MODE_BREAKDOWN
2024-02-20 01:00:00,Japan,Japan,JP,313.41,383.99,42.79,34.46,,true,ESTIMATED_MODE_BREAKDOWN
2024-02-20 02:00:00,Japan,Japan,JP,292.92,361.91,46.52,38.13,,true,ESTIMATED_MODE_BREAKDOWN
2024-02-20 03:00:00,Japan,Japan,JP,284.63,353.7,48.01,39.42,,true,ESTIMATED_MODE_BREAKDOWN
2024-02-20 04:00:00,Japan,Japan,JP,306.92,377.99,43.95,35.35,,true,ESTIMATED_MODE_BREAKDOWN
2024-02-20 05:00:00,Japan,Japan,JP,337.56,410.04,38.39,30.11,,true,ESTIMATED_MODE_BREAKDOWN
2024-02-20 06:00:00,Japan,Japan,JP,368.94,443.55,32.67,24.06,,true,ESTIMATED_MODE_BREAKDOWN
2024-02-20 07:00:00,Japan,Japan,JP,408.28,486.34,25.5,17.18,,true,ESTIMATED_MODE_BREAKDOWN
2024-02-20 08:00:00,Japan,Japan,JP,427.99,507.88,21.9,13.44,,true,ESTIMATED_MODE_BREAKDOWN
2024-02-20 09:00:00,Japan,Japan,JP,430.89,510.91,21.37,12.88,,true,ESTIMATED_MODE_BREAKDOWN
2024-02-20 10:00:00,Japan,Japan,JP,430.78,510.62,21.4,12.89,,true,ESTIMATED_MODE_BREAKDOWN
2024-02-20 11:00:00,Japan,Japan,JP,427.77,507.91,21.93,12.85,,true,ESTIMATED_MODE_BREAKDOWN
2024-02-20 12:00:00,Japan,Japan,JP,427.46,507.57,21.99,12.79,,true,ESTIMATED_MODE_BREAKDOWN
2024-02-20 13:00:00,Japan,Japan,JP,425.74,502.58,22.37,12.56,,true,ESTIMATED_MODE_BREAKDOWN
2024-02-20 14:00:00,Japan,Japan,JP,425.13,501.33,22.49,12.54,,true,ESTIMATED_MODE_BREAKDOWN
2024-02-20 15:00:00,Japan,Japan,JP,422.88,498.11,22.92,12.49,,true,ESTIMATED_MODE_BREAKDOWN
2024-02-20 16:00:00,Japan,Japan,JP,420.14,494.61,23.42,12.49,,true,ESTIMATED_MODE_BREAKDOWN
2024-02-20 17:00:00,Japan,Japan,JP,422.24,497.52,23.03,12.59,,true,ESTIMATED_MODE_BREAKDOWN
2024-02-20 18:00:00,Japan,Japan,JP,424.37,500.43,22.63,12.55,,true,ESTIMATED_MODE_BREAKDOWN
2024-02-20 19:00:00,Japan,Japan,JP,423.21,499.35,22.84,12.46,,true,ESTIMATED_MODE_BREAKDOWN
2024-02-20 20:00:00,Japan,Japan,JP,424.86,501.37,22.53,12.46,,true,ESTIMATED_MODE_BREAKDOWN
2024-02-20 21:00:00,Japan,Japan,JP,428.94,506.62,21.78,12.46,,true,ESTIMATED_MODE_BREAKDOWN
2024-02-20 22:00:00,Japan,Japan,JP,426.82,504.56,22.16,13.29,,true,ESTIMATED_MODE_BREAKDOWN
2024-02-20 23:00:00,Japan,Japan,JP,425.62,504.34,22.36,14.67,,true,ESTIMATED_MODE_BREAKDOWN
2024-02-21 00:00:00,Japan,Japan,JP,424.12,502.84,22.63,15.22,,true,ESTIMATED_MODE_BREAKDOWN
2024-02-21 01:00:00,Japan,Japan,JP,416.05,493.94,24.11,16.57,,true,ESTIMATED_MODE_BREAKDOWN
2024-02-21 02:00:00,Japan,Japan,JP,412.2,489.18,24.82,17.42,,true,ESTIMATED_MODE_BREAKDOWN
2024-02-21 03:00:00,Japan,Japan,JP,408.91,484.12,25.45,17.4,,true,ESTIMATED_MODE_BREAKDOWN
2024-02-21 04:00:00,Japan,Japan,JP,414.86,491.12,24.36,16.78,,true,ESTIMATED_MODE_BREAKDOWN
2024-02-21 05:00:00,Japan,Japan,JP,418.29,496.24,23.7,16.01,,true,ESTIMATED_MODE_BREAKDOWN
2024-02-21 06:00:00,Japan,Japan,JP,425.05,503.41,22.47,14.71,,true,ESTIMATED_MODE_BREAKDOWN
2024-02-21 07:00:00,Japan,Japan,JP,434.45,513.18,20.77,13.41,,true,ESTIMATED_MODE_BREAKDOWN
2024-02-21 08:00:00,Japan,Japan,JP,438.58,517.67,20.02,12.6,,true,ESTIMATED_MODE_BREAKDOWN
2024-02-21 09:00:00,Japan,Japan,JP,438.38,517.42,20.05,12.32,,true,ESTIMATED_MODE_BREAKDOWN
2024-02-21 10:00:00,Japan,Japan,JP,438.91,517.57,19.97,12.3,,true,ESTIMATED_MODE_BREAKDOWN
2024-02-21 11:00:00,Japan,Japan,JP,436.81,515.18,20.35,12.28,,true,ESTIMATED_MODE_BREAKDOWN
2024-02-21 12:00:00,Japan,Japan,JP,433.77,512.16,20.89,12.25,,true,ESTIMATED_MODE_BREAKDOWN
2024-02-21 13:00:00,Japan,Japan,JP,432.45,510.42,21.14,12.32,,true,ESTIMATED_MODE_BREAKDOWN
2024-02-21 14:00:00,Japan,Japan,JP,429.24,506.62,21.72,12.23,,true,ESTIMATED_MODE_BREAKDOWN
2024-02-21 15:00:00,Japan,Japan,JP,425.92,502.08,22.35,12.47,,true,ESTIMATED_MODE_BREAKDOWN
2024-02-21 16:00:00,Japan,Japan,JP,424.7,500.31,22.58,12.58,,true,ESTIMATED_MODE_BREAKDOWN
2024-02-21 17:00:00,Japan,Japan,JP,424.62,500.66,22.58,12.58,,true,ESTIMATED_MODE_BREAKDOWN
2024-02-21 18:00:00,Japan,Japan,JP,425.89,502.5,22.35,12.68,,true,ESTIMATED_MODE_BREAKDOWN
2024-02-21 19:00:00,Japan,Japan,JP,426.4,503.45,22.24,12.79,,true,ESTIMATED_MODE_BREAKDOWN
2024-02-21 20:00:00,Japan,Japan,JP,427.08,504.41,22.12,12.72,,true,ESTIMATED_MODE_BREAKDOWN
2024-02-21 21:00:00,Japan,Japan,JP,431.06,509.21,21.38,12.78,,true,ESTIMATED_MODE_BREAKDOWN
2024-02-21 22:00:00,Japan,Japan,JP,430.17,508.21,21.55,13.41,,true,ESTIMATED_MODE_BREAKDOWN
2024-02-21 23:00:00,Japan,Japan,JP,427.26,505.8,22.07,14.78,,true,ESTIMATED_MODE_BREAKDOWN
2024-02-22 00:00:00,Japan,Japan,JP,418.68,496.89,23.63,16.77,,true,ESTIMATED_MODE_BREAKDOWN
2024-02-22 01:00:00,Japan,Japan,JP,406.43,483.05,25.87,18.7,,true,ESTIMATED_MODE_BREAKDOWN
2024-02-22 02:00:00,Japan,Japan,JP,403.35,479.22,26.45,19.32,,true,ESTIMATED_MODE_BREAKDOWN
2024-02-22 03:00:00,Japan,Japan,JP,394.75,469.59,28.02,20.73,,true,ESTIMATED_MODE_BREAKDOWN
2024-02-22 04:00:00,Japan,Japan,JP,401.38,477.2,26.8,19.44,,true,ESTIMATED_MODE_BREAKDOWN
2024-02-22 05:00:00,Japan,Japan,JP,413.14,489.63,24.66,17.52,,true,ESTIMATED_MODE_BREAKDOWN
2024-02-22 06:00:00,Japan,Japan,JP,424.02,501.72,22.67,15.35,,true,ESTIMATED_MODE_BREAKDOWN
2024-02-22 07:00:00,Japan,Japan,JP,434.51,513.18,20.76,13.47,,true,ESTIMATED_MODE_BREAKDOWN
2024-02-22 08:00:00,Japan,Japan,JP,441.62,521.16,19.46,12.45,,true,ESTIMATED_MODE_BREAKDOWN
2024-02-22 09:00:00,Japan,Japan,JP,441.27,521.06,19.52,12.26,,true,ESTIMATED_MODE_BREAKDOWN
2024-02-22 10:00:00,Japan,Japan,JP,440.77,520.24,19.61,12.2,,true,ESTIMATED_MODE_BREAKDOWN
2024-02-22 11:00:00,Japan,Japan,JP,440.41,519.66,19.68,12.2,,true,ESTIMATED_MODE_BREAKDOWN
2024-02-22 12:00:00,Japan,Japan,JP,438.32,517.32,20.06,12.25,,true,ESTIMATED_MODE_BREAKDOWN
2024-02-22 13:00:00,Japan,Japan,JP,435.7,514.27,20.54,12.13,,true,ESTIMATED_MODE_BREAKDOWN
2024-02-22 14:00:00,Japan,Japan,JP,435.08,513.42,20.66,12.13,,true,ESTIMATED_MODE_BREAKDOWN
2024-02-22 15:00:00,Japan,Japan,JP,431.07,508.19,21.4,12.1,,true,ESTIMATED_MODE_BREAKDOWN
2024-02-22 16:00:00,Japan,Japan,JP,429.07,505.87,21.77,12.04,,true,ESTIMATED_MODE_BREAKDOWN
2024-02-22 17:00:00,Japan,Japan,JP,431.05,508.26,21.4,12.15,,true,ESTIMATED_MODE_BREAKDOWN
2024-02-22 18:00:00,Japan,Japan,JP,431.82,508.78,21.27,12.17,,true,ESTIMATED_MODE_BREAKDOWN
2024-02-22 19:00:00,Japan,Japan,JP,429.99,506.58,21.61,12.2,,true,ESTIMATED_MODE_BREAKDOWN
2024-02-22 20:00:00,Japan,Japan,JP,431.54,508.46,21.32,12.27,,true,ESTIMATED_MODE_BREAKDOWN
2024-02-22 21:00:00,Japan,Japan,JP,431.9,509.4,21.25,12.31,,true,ESTIMATED_MODE_BREAKDOWN
2024-02-22 22:00:00,Japan,Japan,JP,430.14,508.0,21.56,13.04,,true,ESTIMATED_MODE_BREAKDOWN
2024-02-22 23:00:00,Japan,Japan,JP,426.8,505.23,22.15,14.56,,true,ESTIMATED_MODE_BREAKDOWN
2024-02-23 00:00:00,Japan,Japan,JP,417.19,494.66,23.91,16.43,,true,ESTIMATED_MODE_BREAKDOWN
2024-02-23 01:00:00,Japan,Japan,JP,408.0,484.49,25.59,18.37,,true,ESTIMATED_MODE_BREAKDOWN
2024-02-23 02:00:00,Japan,Japan,JP,401.02,476.44,26.87,19.67,,true,ESTIMATED_MODE_BREAKDOWN
2024-02-23 03:00:00,Japan,Japan,JP,396.68,470.79,27.68,20.01,,true,ESTIMATED_MODE_BREAKDOWN
2024-02-23 04:00:00,Japan,Japan,JP,396.41,470.33,27.73,20.1,,true,ESTIMATED_MODE_BREAKDOWN
2024-02-23 05:00:00,Japan,Japan,JP,396.76,471.14,27.66,20.12,,true,ESTIMATED_MODE_BREAKDOWN
2024-02-23 06:00:00,Japan,Japan,JP,404.94,480.43,26.16,18.28,,true,ESTIMATED_MODE_BREAKDOWN
2024-02-23 07:00:00,Japan,Japan,JP,421.79,499.12,23.08,15.45,,true,ESTIMATED_MODE_BREAKDOWN
2024-02-23 08:00:00,Japan,Japan,JP,437.52,516.33,20.21,12.79,,true,ESTIMATED_MODE_BREAKDOWN
2024-02-23 09:00:00,Japan,Japan,JP,440.77,519.92,19.62,12.19,,true,ESTIMATED_MODE_BREAKDOWN
2024-02-23 10:00:00,Japan,Japan,JP,441.5,520.62,19.49,12.23,,true,ESTIMATED_MODE_BREAKDOWN
2024-02-23 11:00:00,Japan,Japan,JP,440.04,518.84,19.76,12.21,,true,ESTIMATED_MODE_BREAKDOWN
2024-02-23 12:00:00,Japan,Japan,JP,437.72,516.24,20.18,12.17,,true,ESTIMATED_MODE_BREAKDOWN
2024-02-23 13:00:00,Japan,Japan,JP,437.0,515.32,20.31,12.16,,true,ESTIMATED_MODE_BREAKDOWN
2024-02-23 14:00:00,Japan,Japan,JP,435.43,513.56,20.6,12.15,,true,ESTIMATED_MODE_BREAKDOWN
2024-02-23 15:00:00,Japan,Japan,JP,429.92,506.88,21.61,12.31,,true,ESTIMATED_MODE_BREAKDOWN
2024-02-23 16:00:00,Japan,Japan,JP,428.54,505.3,21.86,12.34,,true,ESTIMATED_MODE_BREAKDOWN
2024-02-23 17:00:00,Japan,Japan,JP,429.33,506.22,21.72,12.37,,true,ESTIMATED_MODE_BREAKDOWN
2024-02-23 18:00:00,Japan,Japan,JP,428.94,505.87,21.79,12.42,,true,ESTIMATED_MODE_BREAKDOWN
2024-02-23 19:00:00,Japan,Japan,JP,429.72,506.59,21.65,12.47,,true,ESTIMATED_MODE_BREAKDOWN
2024-02-23 20:00:00,Japan,Japan,JP,430.25,507.28,21.55,12.44,,true,ESTIMATED_MODE_BREAKDOWN
2024-02-23 21:00:00,Japan,Japan,JP,430.03,507.41,21.59,12.51,,true,ESTIMATED_MODE_BREAKDOWN
2024-02-23 22:00:00,Japan,Japan,JP,409.37,485.36,25.35,16.76,,true,ESTIMATED_MODE_BREAKDOWN
2024-02-23 23:00:00,Japan,Japan,JP,360.96,432.38,34.19,25.65,,true,ESTIMATED_MODE_BREAKDOWN
2024-02-24 00:00:00,Japan,Japan,JP,309.79,375.8,43.55,35.25,,true,ESTIMATED_MODE_BREAKDOWN
2024-02-24 01:00:00,Japan,Japan,JP,267.47,329.76,51.27,42.88,,true,ESTIMATED_MODE_BREAKDOWN
2024-02-24 02:00:00,Japan,Japan,JP,236.17,296.33,56.96,48.0,,true,ESTIMATED_MODE_BREAKDOWN
2024-02-24 03:00:00,Japan,Japan,JP,222.04,281.49,59.52,50.32,,true,ESTIMATED_MODE_BREAKDOWN
2024-02-24 04:00:00,Japan,Japan,JP,229.86,289.58,58.1,48.89,,true,ESTIMATED_MODE_BREAKDOWN
2024-02-24 05:00:00,Japan,Japan,JP,259.13,320.88,52.77,43.06,,true,ESTIMATED_MODE_BREAKDOWN
2024-02-24 06:00:00,Japan,Japan,JP,316.45,382.54,42.33,32.86,,true,ESTIMATED_MODE_BREAKDOWN
2024-02-24 07:00:00,Japan,Japan,JP,386.37,459.1,29.57,20.4,,true,ESTIMATED_MODE_BREAKDOWN
2024-02-24 08:00:00,Japan,Japan,JP,428.35,505.27,21.9,13.13,,true,ESTIMATED_MODE_BREAKDOWN
2024-02-24 09:00:00,Japan,Japan,JP,437.64,515.98,20.2,12.13,,true,ESTIMATED_MODE_BREAKDOWN
2024-02-24 10:00:00,Japan,Japan,JP,437.5,515.91,20.22,12.07,,true,ESTIMATED_MODE_BREAKDOWN
2024-02-24 11:00:00,Japan,Japan,JP,436.88,515.46,20.33,11.99,,true,ESTIMATED_MODE_BREAKDOWN
2024-02-24 12:00:00,Japan,Japan,JP,436.48,515.26,20.4,11.98,,true,ESTIMATED_MODE_BREAKDOWN
2024-02-24 13:00:00,Japan,Japan,JP,433.49,511.56,20.95,11.84,,true,ESTIMATED_MODE_BREAKDOWN
2024-02-24 14:00:00,Japan,Japan,JP,433.33,511.08,20.98,11.77,,true,ESTIMATED_MODE_BREAKDOWN
2024-02-24 15:00:00,Japan,Japan,JP,430.38,507.16,21.53,11.67,,true,ESTIMATED_MODE_BREAKDOWN
2024-02-24 16:00:00,Japan,Japan,JP,428.31,504.95,21.91,11.7,,true,ESTIMATED_MODE_BREAKDOWN
2024-02-24 17:00:00,Japan,Japan,JP,429.71,506.93,21.65,11.83,,true,ESTIMATED_MODE_BREAKDOWN
2024-02-24 18:00:00,Japan,Japan,JP,430.07,507.41,21.58,11.92,,true,ESTIMATED_MODE_BREAKDOWN
2024-02-24 19:00:00,Japan,Japan,JP,429.42,506.16,21.71,11.89,,true,ESTIMATED_MODE_BREAKDOWN
2024-02-24 20:00:00,Japan,Japan,JP,429.53,506.08,21.69,11.93,,true,ESTIMATED_MODE_BREAKDOWN
2024-02-24 21:00:00,Japan,Japan,JP,428.71,505.39,21.84,12.15,,true,ESTIMATED_MODE_BREAKDOWN
2024-02-24 22:00:00,Japan,Japan,JP,418.51,494.58,23.69,14.09,,true,ESTIMATED_MODE_BREAKDOWN
2024-02-24 23:00:00,Japan,Japan,JP,406.17,481.49,25.94,17.18,,true,ESTIMATED_MODE_BREAKDOWN
2024-02-25 00:00:00,Japan,Japan,JP,392.87,467.0,28.37,19.91,,true,ESTIMATED_MODE_BREAKDOWN
2024-02-25 01:00:00,Japan,Japan,JP,371.57,443.83,32.25,23.46,,true,ESTIMATED_MODE_BREAKDOWN
2024-02-25 02:00:00,Japan,Japan,JP,362.29,433.61,33.94,25.35,,true,ESTIMATED_MODE_BREAKDOWN
2024-02-25 03:00:00,Japan,Japan,JP,361.56,432.26,34.09,25.48,,true,ESTIMATED_MODE_BREAKDOWN
2024-02-25 04:00:00,Japan,Japan,JP,363.82,434.8,33.67,24.63,,true,ESTIMATED_MODE_BREAKDOWN
2024-02-25 05:00:00,Japan,Japan,JP,377.09,449.27,31.24,22.16,,true,ESTIMATED_MODE_BREAKDOWN
2024-02-25 06:00:00,Japan,Japan,JP,397.41,471.94,27.53,18.84,,true,ESTIMATED_MODE_BREAKDOWN
2024-02-25 07:00:00,Japan,Japan,JP,417.7,494.5,23.82,15.03,,true,ESTIMATED_MODE_BREAKDOWN
2024-02-25 08:00:00,Japan,Japan,JP,435.3,514.18,20.61,12.48,,true,ESTIMATED_MODE_BREAKDOWN
2024-02-25 09:00:00,Japan,Japan,JP,439.43,518.51,19.86,12.02,,true,ESTIMATED_MODE_BREAKDOWN
2024-02-25 10:00:00,Japan,Japan,JP,438.22,516.9,20.09,11.99,,true,ESTIMATED_MODE_BREAKDOWN
2024-02-25 11:00:00,Japan,Japan,JP,438.62,517.34,20.01,12.02,,true,ESTIMATED_MODE_BREAKDOWN
2024-02-25 12:00:00,Japan,Japan,JP,435.06,513.54,20.66,12.03,,true,ESTIMATED_MODE_BREAKDOWN
2024-02-25 13:00:00,Japan,Japan,JP,433.03,510.75,21.04,11.99,,true,ESTIMATED_MODE_BREAKDOWN
2024-02-25 14:00:00,Japan,Japan,JP,431.68,509.08,21.28,11.96,,true,ESTIMATED_MODE_BREAKDOWN
2024-02-25 15:00:00,Japan,Japan,JP,426.04,502.37,22.32,12.05,,true,ESTIMATED_MODE_BREAKDOWN
2024-02-25 16:00:00,Japan,Japan,JP,425.89,501.83,22.36,12.07,,true,ESTIMATED_MODE_BREAKDOWN
2024-02-25 17:00:00,Japan,Japan,JP,426.28,501.62,22.3,12.13,,true,ESTIMATED_MODE_BREAKDOWN
2024-02-25 18:00:00,Japan,Japan,JP,426.74,501.83,22.23,12.26,,true,ESTIMATED_MODE_BREAKDOWN
2024-02-25 19:00:00,Japan,Japan,JP,428.43,503.93,21.92,12.39,,true,ESTIMATED_MODE_BREAKDOWN
2024-02-25 20:00:00,Japan,Japan,JP,428.74,504.55,21.85,12.44,,true,ESTIMATED_MODE_BREAKDOWN
2024-02-25 21:00:00,Japan,Japan,JP,432.55,509.38,21.15,12.69,,true,ESTIMATED_MODE_BREAKDOWN
2024-02-25 22:00:00,Japan,Japan,JP,413.23,489.12,24.66,16.78,,true,ESTIMATED_MODE_BREAKDOWN
2024-02-25 23:00:00,Japan,Japan,JP,373.21,446.56,31.94,24.72,,true,ESTIMATED_MODE_BREAKDOWN
2024-02-26 00:00:00,Japan,Japan,JP,334.09,404.53,39.07,32.0,,true,ESTIMATED_MODE_BREAKDOWN
2024-02-26 01:00:00,Japan,Japan,JP,301.18,368.03,45.09,37.89,,true,ESTIMATED_MODE_BREAKDOWN
2024-02-26 02:00:00,Japan,Japan,JP,283.41,348.66,48.33,41.14,,true,ESTIMATED_MODE_BREAKDOWN
2024-02-26 03:00:00,Japan,Japan,JP,271.37,335.47,50.52,42.93,,true,ESTIMATED_MODE_BREAKDOWN
2024-02-26 04:00:00,Japan,Japan,JP,288.83,354.43,47.34,39.63,,true,ESTIMATED_MODE_BREAKDOWN
2024-02-26 05:00:00,Japan,Japan,JP,310.47,378.4,43.38,35.82,,true,ESTIMATED_MODE_BREAKDOWN
2024-02-26 06:00:00,Japan,Japan,JP,345.09,416.24,37.06,29.25,,true,ESTIMATED_MODE_BREAKDOWN
2024-02-26 07:00:00,Japan,Japan,JP,395.1,470.68,27.93,20.53,,true,ESTIMATED_MODE_BREAKDOWN
2024-02-26 08:00:00,Japan,Japan,JP,430.25,508.21,21.54,14.12,,true,ESTIMATED_MODE_BREAKDOWN
2024-02-26 09:00:00,Japan,Japan,JP,438.9,517.34,19.97,12.81,,true,ESTIMATED_MODE_BREAKDOWN
2024-02-26 10:00:00,Japan,Japan,JP,439.12,517.48,19.93,12.84,,true,ESTIMATED_MODE_BREAKDOWN
2024-02-26 11:00:00,Japan,Japan,JP,436.44,514.36,20.42,12.82,,true,ESTIMATED_MODE_BREAKDOWN
2024-02-26 12:00:00,Japan,Japan,JP,435.53,513.23,20.59,12.9,,true,ESTIMATED_MODE_BREAKDOWN
2024-02-26 13:00:00,Japan,Japan,JP,433.34,510.75,20.99,12.86,,true,ESTIMATED_MODE_BREAKDOWN
2024-02-26 14:00:00,Japan,Japan,JP,430.39,507.25,21.53,12.81,,true,ESTIMATED_MODE_BREAKDOWN
2024-02-26 15:00:00,Japan,Japan,JP,426.78,502.68,22.2,13.01,,true,ESTIMATED_MODE_BREAKDOWN
2024-02-26 16:00:00,Japan,Japan,JP,424.82,500.51,22.55,13.01,,true,ESTIMATED_MODE_BREAKDOWN
2024-02-26 17:00:00,Japan,Japan,JP,425.38,501.29,22.45,13.15,,true,ESTIMATED_MODE_BREAKDOWN
2024-02-26 18:00:00,Japan,Japan,JP,427.11,503.13,22.14,13.24,,true,ESTIMATED_MODE_BREAKDOWN
2024-02-26 19:00:00,Japan,Japan,JP,427.11,503.11,22.14,13.24,,true,ESTIMATED_MODE_BREAKDOWN
2024-02-26 20:00:00,Japan,Japan,JP,429.1,505.77,21.77,13.24,,true,ESTIMATED_MODE_BREAKDOWN
2024-02-26 21:00:00,Japan,Japan,JP,431.42,508.89,21.33,13.3,,true,ESTIMATED_MODE_BREAKDOWN
2024-02-26 22:00:00,Japan,Japan,JP,410.84,486.58,25.09,17.32,,true,ESTIMATED_MODE_BREAKDOWN
2024-02-26 23:00:00,Japan,Japan,JP,372.11,444.99,32.15,25.12,,true,ESTIMATED_MODE_BREAKDOWN
2024-02-27 00:00:00,Japan,Japan,JP,335.69,405.88,38.78,32.0,,true,ESTIMATED_MODE_BREAKDOWN
2024-02-27 01:00:00,Japan,Japan,JP,303.52,370.92,44.65,37.48,,true,ESTIMATED_MODE_BREAKDOWN
2024-02-27 02:00:00,Japan,Japan,JP,284.57,350.19,48.11,41.1,,true,ESTIMATED_MODE_BREAKDOWN
2024-02-27 03:00:00,Japan,Japan,JP,265.1,328.94,51.66,44.13,,true,ESTIMATED_MODE_BREAKDOWN
2024-02-27 04:00:00,Japan,Japan,JP,275.3,340.69,49.78,42.3,,true,ESTIMATED_MODE_BREAKDOWN
2024-02-27 05:00:00,Japan,Japan,JP,300.47,368.65,45.17,37.56,,true,ESTIMATED_MODE_BREAKDOWN
2024-02-27 06:00:00,Japan,Japan,JP,341.73,413.57,37.64,29.91,,true,ESTIMATED_MODE_BREAKDOWN
2024-02-27 07:00:00,Japan,Japan,JP,394.06,469.72,28.12,20.86,,true,ESTIMATED_MODE_BREAKDOWN
2024-02-27 08:00:00,Japan,Japan,JP,440.09,520.46,19.73,14.51,,true,ESTIMATED_MODE_BREAKDOWN
2024-02-27 09:00:00,Japan,Japan,JP,448.81,529.61,18.15,13.0,,true,ESTIMATED_MODE_BREAKDOWN
2024-02-27 10:00:00,Japan,Japan,JP,440.85,519.9,19.61,12.64,,true,ESTIMATED_MODE_BREAKDOWN
2024-02-27 11:00:00,Japan,Japan,JP,438.9,517.35,19.97,12.61,,true,ESTIMATED_MODE_BREAKDOWN
2024-02-27 12:00:00,Japan,Japan,JP,437.55,515.63,20.22,12.56,,true,ESTIMATED_MODE_BREAKDOWN
2024-02-27 13:00:00,Japan,Japan,JP,436.44,514.54,20.42,12.47,,true,ESTIMATED_MODE_BREAKDOWN
2024-02-27 14:00:00,Japan,Japan,JP,433.73,511.61,20.91,12.47,,true,ESTIMATED_MODE_BREAKDOWN
2024-02-27 15:00:00,Japan,Japan,JP,430.89,507.63,21.44,12.61,,true,ESTIMATED_MODE_BREAKDOWN
2024-02-27 16:00:00,Japan,Japan,JP,429.33,505.53,21.73,12.53,,true,ESTIMATED_MODE_BREAKDOWN
2024-02-27 17:00:00,Japan,Japan,JP,428.52,504.85,21.88,12.57,,true,ESTIMATED_MODE_BREAKDOWN
2024-02-27 18:00:00,Japan,Japan,JP,430.42,507.24,21.53,12.7,,true,ESTIMATED_MODE_BREAKDOWN
2024-02-27 19:00:00,Japan,Japan,JP,430.22,507.25,21.56,12.67,,true,ESTIMATED_MODE_BREAKDOWN
2024-02-27 20:00:00,Japan,Japan,JP,431.79,509.06,21.27,12.59,,true,ESTIMATED_MODE_BREAKDOWN
2024-02-27 21:00:00,Japan,Japan,JP,435.45,513.54,20.6,12.75,,true,ESTIMATED_MODE_BREAKDOWN
2024-02-27 22:00:00,Japan,Japan,JP,406.21,481.73,25.94,18.24,,true,ESTIMATED_MODE_BREAKDOWN
2024-02-27 23:00:00,Japan,Japan,JP,352.48,424.12,35.72,28.57,,true,ESTIMATED_MODE_BREAKDOWN
2024-02-28 00:00:00,Japan,Japan,JP,300.88,368.47,45.12,37.96,,true,ESTIMATED_MODE_BREAKDOWN
2024-02-28 01:00:00,Japan,Japan,JP,258.36,322.59,52.87,45.6,,true,ESTIMATED_MODE_BREAKDOWN
2024-02-28 02:00:00,Japan,Japan,JP,233.04,295.21,57.48,50.02,,true,ESTIMATED_MODE_BREAKDOWN
2024-02-28 03:00:00,Japan,Japan,JP,217.58,277.76,60.31,52.23,,true,ESTIMATED_MODE_BREAKDOWN
2024-02-28 04:00:00,Japan,Japan,JP,234.79,296.91,57.17,49.36,,true,ESTIMATED_MODE_BREAKDOWN
2024-02-28 05:00:00,Japan,Japan,JP,266.94,331.91,51.3,43.23,,true,ESTIMATED_MODE_BREAKDOWN
2024-02-28 06:00:00,Japan,Japan,JP,321.73,391.05,41.32,33.27,,true,ESTIMATED_MODE_BREAKDOWN
2024-02-28 07:00:00,Japan,Japan,JP,389.91,464.7,28.89,21.14,,true,ESTIMATED_MODE_BREAKDOWN
2024-02-28 08:00:00,Japan,Japan,JP,432.17,510.03,21.2,13.45,,true,ESTIMATED_MODE_BREAKDOWN
2024-02-28 09:00:00,Japan,Japan,JP,441.55,520.47,19.49,12.22,,true,ESTIMATED_MODE_BREAKDOWN
2024-02-28 10:00:00,Japan,Japan,JP,441.46,520.16,19.51,12.18,,true,ESTIMATED_MODE_BREAKDOWN
2024-02-28 11:00:00,Japan,Japan,JP,440.16,518.82,19.74,12.12,,true,ESTIMATED_MODE_BREAKDOWN
2024-02-28 12:00:00,Japan,Japan,JP,439.56,518.13,19.85,12.06,,true,ESTIMATED_MODE_BREAKDOWN
2024-02-28 13:00:00,Japan,Japan,JP,437.38,515.78,20.24,11.92,,true,ESTIMATED_MODE_BREAKDOWN
2024-02-28 14:00:00,Japan,Japan,JP,436.65,514.9,20.38,11.83,,true,ESTIMATED_MODE_BREAKDOWN
2024-02-28 15:00:00,Japan,Japan,JP,433.05,510.23,21.05,11.95,,true,ESTIMATED_MODE_BREAKDOWN
2024-02-28 16:00:00,Japan,Japan,JP,430.68,507.57,21.48,11.89,,true,ESTIMATED_MODE_BREAKDOWN
2024-02-28 17:00:00,Japan,Japan,JP,432.42,510.21,21.15,11.99,,true,ESTIMATED_MODE_BREAKDOWN
2024-02-28 18:00:00,Japan,Japan,JP,433.17,511.06,21.01,12.0,,true,ESTIMATED_MODE_BREAKDOWN
2024-02-28 19:00:00,Japan,Japan,JP,433.84,511.93,20.89,11.98,,true,ESTIMATED_MODE_BREAKDOWN
2024-02-28 20:00:00,Japan,Japan,JP,434.56,512.65,20.76,11.97,,true,ESTIMATED_MODE_BREAKDOWN
2024-02-28 21:00:00,Japan,Japan,JP,436.69,515.51,20.36,12.34,,true,ESTIMATED_MODE_BREAKDOWN
2024-02-28 22:00:00,Japan,Japan,JP,417.68,494.73,23.83,16.17,,true,ESTIMATED_MODE_BREAKDOWN
2024-02-28 23:00:00,Japan,Japan,JP,390.23,465.26,28.84,21.75,,true,ESTIMATED_MODE_BREAKDOWN
2024-02-29 00:00:00,Japan,Japan,JP,363.4,435.64,33.74,26.64,,true,ESTIMATED_MODE_BREAKDOWN
2024-02-29 01:00:00,Japan,Japan,JP,344.39,414.64,37.22,30.17,,true,ESTIMATED_MODE_BREAKDOWN
2024-02-29 02:00:00,Japan,Japan,JP,342.91,413.33,37.49,30.32,,true,ESTIMATED_MODE_BREAKDOWN
2024-02-29 03:00:00,Japan,Japan,JP,348.23,419.36,36.5,28.63,,true,ESTIMATED_MODE_BREAKDOWN
2024-02-29 04:00:00,Japan,Japan,JP,368.29,441.14,32.85,25.32,,true,ESTIMATED_MODE_BREAKDOWN
2024-02-29 05:00:00,Japan,Japan,JP,392.28,466.67,28.48,21.09,,true,ESTIMATED_MODE_BREAKDOWN
2024-02-29 06:00:00,Japan,Japan,JP,415.11,491.81,24.31,16.74,,true,ESTIMATED_MODE_BREAKDOWN
2024-02-29 07:00:00,Japan,Japan,JP,434.18,512.73,20.83,13.61,,true,ESTIMATED_MODE_BREAKDOWN
2024-02-29 08:00:00,Japan,Japan,JP,442.82,522.02,19.25,12.09,,true,ESTIMATED_MODE_BREAKDOWN
2024-02-29 09:00:00,Japan,Japan,JP,443.64,522.64,19.11,11.82,,true,ESTIMATED_MODE_BREAKDOWN
2024-02-29 10:00:00,Japan,Japan,JP,443.51,522.6,19.13,11.86,,true,ESTIMATED_MODE_BREAKDOWN
2024-02-29 11:00:00,Japan,Japan,JP,442.38,521.51,19.33,11.81,,true,ESTIMATED_MODE_BREAKDOWN
2024-02-29 12:00:00,Japan,Japan,JP,440.41,518.61,19.7,11.72,,true,ESTIMATED_MODE_BREAKDOWN
2024-02-29 13:00:00,Japan,Japan,JP,438.35,516.59,20.07,11.72,,true,ESTIMATED_MODE_BREAKDOWN
2024-02-29 14:00:00,Japan,Japan,JP,435.98,513.74,20.51,11.61,,true,ESTIMATED_MODE_BREAKDOWN
2024-02-29 15:00:00,Japan,Japan,JP,432.11,508.98,21.22,11.76,,true,ESTIMATED_MODE_BREAKDOWN
2024-02-29 16:00:00,Japan,Japan,JP,430.61,507.13,21.5,11.76,,true,ESTIMATED_MODE_BREAKDOWN
2024-02-29 17:00:00,Japan,Japan,JP,429.7,505.99,21.67,11.85,,true,ESTIMATED_MODE_BREAKDOWN
2024-02-29 18:00:00,Japan,Japan,JP,430.85,507.64,21.45,12.04,,true,ESTIMATED_MODE_BREAKDOWN
2024-02-29 19:00:00,Japan,Japan,JP,431.45,508.38,21.34,12.11,,true,ESTIMATED_MODE_BREAKDOWN
2024-02-29 20:00:00,Japan,Japan,JP,432.07,509.51,21.22,12.13,,true,ESTIMATED_MODE_BREAKDOWN
2024-02-29 21:00:00,Japan,Japan,JP,434.73,512.82,20.73,12.24,,true,ESTIMATED_MODE_BREAKDOWN
2024-02-29 22:00:00,Japan,Japan,JP,428.56,506.71,21.84,14.06,,true,ESTIMATED_MODE_BREAKDOWN
2024-02-29 23:00:00,Japan,Japan,JP,402.47,479.24,26.58,19.36,,true,ESTIMATED_MODE_BREAKDOWN
2024-03-01 00:00:00,Japan,Japan,JP,360.6,434.27,34.21,27.1,,true,ESTIMATED_MODE_BREAKDOWN
2024-03-01 01:00:00,Japan,Japan,JP,317.57,386.78,42.07,34.81,,true,ESTIMATED_MODE_BREAKDOWN
2024-03-01 02:00:00,Japan,Japan,JP,283.95,349.61,48.22,40.51,,true,ESTIMATED_MODE_BREAKDOWN
2024-03-01 03:00:00,Japan,Japan,JP,261.51,325.19,52.31,44.26,,true,ESTIMATED_MODE_BREAKDOWN
2024-03-01 04:00:00,Japan,Japan,JP,266.56,330.52,51.39,43.5,,true,ESTIMATED_MODE_BREAKDOWN
2024-03-01 05:00:00,Japan,Japan,JP,287.3,353.19,47.6,39.49,,true,ESTIMATED_MODE_BREAKDOWN
2024-03-01 06:00:00,Japan,Japan,JP,328.1,397.51,40.16,31.96,,true,ESTIMATED_MODE_BREAKDOWN
2024-03-01 07:00:00,Japan,Japan,JP,387.5,462.04,29.32,21.33,,true,ESTIMATED_MODE_BREAKDOWN
2024-03-01 08:00:00,Japan,Japan,JP,436.66,516.15,20.36,14.57,,true,ESTIMATED_MODE_BREAKDOWN
2024-03-01 09:00:00,Japan,Japan,JP,445.77,526.14,18.7,13.24,,true,ESTIMATED_MODE_BREAKDOWN
2024-03-01 10:00:00,Japan,Japan,JP,435.04,512.96,20.68,12.87,,true,ESTIMATED_MODE_BREAKDOWN
2024-03-01 11:00:00,Japan,Japan,JP,434.82,512.84,20.71,12.93,,true,ESTIMATED_MODE_BREAKDOWN
2024-03-01 12:00:00,Japan,Japan,JP,431.87,509.26,21.25,12.94,,true,ESTIMATED_MODE_BREAKDOWN
2024-03-01 13:00:00,Japan,Japan,JP,430.86,508.23,21.43,13.0,,true,ESTIMATED_MODE_BREAKDOWN
2024-03-01 14:00:00,Japan,Japan,JP,427.6,504.74,22.02,13.07,,true,ESTIMATED_MODE_BREAKDOWN
2024-03-01 15:00:00,Japan,Japan,JP,424.09,501.01,22.66,13.34,,true,ESTIMATED_MODE_BREAKDOWN
2024-03-01 16:00:00,Japan,Japan,JP,423.27,500.77,22.79,13.39,,true,ESTIMATED_MODE_BREAKDOWN
2024-03-01 17:00:00,Japan,Japan,JP,423.39,500.73,22.77,13.36,,true,ESTIMATED_MODE_BREAKDOWN
2024-03-01 18:00:00,Japan,Japan,JP,425.27,502.67,22.44,13.35,,true,ESTIMATED_MODE_BREAKDOWN
2024-03-01 19:00:00,Japan,Japan,JP,425.05,502.48,22.48,13.37,,true,ESTIMATED_MODE_BREAKDOWN
2024-03-01 20:00:00,Japan,Japan,JP,425.51,503.28,22.39,13.38,,true,ESTIMATED_MODE_BREAKDOWN
2024-03-01 21:00:00,Japan,Japan,JP,423.87,501.46,22.69,13.58,,true,ESTIMATED_MODE_BREAKDOWN
2024-03-01 22:00:00,Japan,Japan,JP,399.34,474.84,27.16,18.7,,true,ESTIMATED_MODE_BREAKDOWN
2024-03-01 23:00:00,Japan,Japan,JP,348.14,419.41,36.5,28.21,,true,ESTIMATED_MODE_BREAKDOWN
2024-03-02 00:00:00,Japan,Japan,JP,302.51,370.3,44.81,36.75,,true,ESTIMATED_MODE_BREAKDOWN
2024-03-02 01:00:00,Japan,Japan,JP,268.67,333.31,50.99,42.85,,true,ESTIMATED_MODE_BREAKDOWN
2024-03-02 02:00:00,Japan,Japan,JP,255.67,319.13,53.36,45.1,,true,ESTIMATED_MODE_BREAKDOWN
2024-03-02 03:00:00,Japan,Japan,JP,249.79,312.41,54.44,45.82,,true,ESTIMATED_MODE_BREAKDOWN
2024-03-02 04:00:00,Japan,Japan,JP,256.46,319.07,53.24,44.56,,true,ESTIMATED_MODE_BREAKDOWN
2024-03-02 05:00:00,Japan,Japan,JP,278.99,342.85,49.14,40.34,,true,ESTIMATED_MODE_BREAKDOWN
2024-03-02 06:00:00,Japan,Japan,JP,318.99,386.18,41.85,33.09,,true,ESTIMATED_MODE_BREAKDOWN
2024-03-02 07:00:00,Japan,Japan,JP,374.73,446.79,31.68,23.11,,true,ESTIMATED_MODE_BREAKDOWN
2024-03-02 08:00:00,Japan,Japan,JP,423.92,501.01,22.7,14.69,,true,ESTIMATED_MODE_BREAKDOWN
2024-03-02 09:00:00,Japan,Japan,JP,436.67,515.23,20.37,12.68,,true,ESTIMATED_MODE_BREAKDOWN
2024-03-02 10:00:00,Japan,Japan,JP,437.39,515.85,20.24,12.62,,true,ESTIMATED_MODE_BREAKDOWN
2024-03-02 11:00:00,Japan,Japan,JP,436.12,514.74,20.47,12.66,,true,ESTIMATED_MODE_BREAKDOWN
2024-03-02 12:00:00,Japan,Japan,JP,434.26,513.11,20.79,12.66,,true,ESTIMATED_MODE_BREAKDOWN
2024-03-02 13:00:00,Japan,Japan,JP,433.25,511.97,20.98,12.6,,true,ESTIMATED_MODE_BREAKDOWN
2024-03-02 14:00:00,Japan,Japan,JP,431.15,510.04,21.35,12.59,,true,ESTIMATED_MODE_BREAKDOWN
2024-03-02 15:00:00,Japan,Japan,JP,428.94,506.66,21.77,12.73,,true,ESTIMATED_MODE_BREAKDOWN
2024-03-02 16:00:00,Japan,Japan,JP,427.45,504.95,22.04,12.64,,true,ESTIMATED_MODE_BREAKDOWN
2024-03-02 17:00:00,Japan,Japan,JP,429.6,507.22,21.66,12.55,,true,ESTIMATED_MODE_BREAKDOWN
2024-03-02 18:00:00,Japan,Japan,JP,430.61,508.48,21.47,12.35,,true,ESTIMATED_MODE_BREAKDOWN
2024-03-02 19:00:00,Japan,Japan,JP,431.22,509.24,21.36,12.27,,true,ESTIMATED_MODE_BREAKDOWN
2024-03-02 20:00:00,Japan,Japan,JP,430.14,508.07,21.55,12.21,,true,ESTIMATED_MODE_BREAKDOWN
2024-03-02 21:00:00,Japan,Japan,JP,429.79,508.08,21.61,12.67,,true,ESTIMATED_MODE_BREAKDOWN
2024-03-02 22:00:00,Japan,Japan,JP,392.9,467.9,28.34,19.52,,true,ESTIMATED_MODE_BREAKDOWN
2024-03-02 23:00:00,Japan,Japan,JP,325.74,395.81,40.57,31.78,,true,ESTIMATED_MODE_BREAKDOWN
2024-03-03 00:00:00,Japan,Japan,JP,264.89,329.8,51.67,42.61,,true,ESTIMATED_MODE_BREAKDOWN
2024-03-03 01:00:00,Japan,Japan,JP,221.79,283.21,59.53,50.61,,true,ESTIMATED_MODE_BREAKDOWN
2024-03-03 02:00:00,Japan,Japan,JP,199.06,259.18,63.65,54.28,,true,ESTIMATED_MODE_BREAKDOWN
2024-03-03 03:00:00,Japan,Japan,JP,196.17,254.28,64.22,54.86,,true,ESTIMATED_MODE_BREAKDOWN
2024-03-03 04:00:00,Japan,Japan,JP,209.15,265.99,61.9,52.03,,true,ESTIMATED_MODE_BREAKDOWN
2024-03-03 05:00:00,Japan,Japan,JP,242.63,303.97,55.76,45.94,,true,ESTIMATED_MODE_BREAKDOWN
2024-03-03 06:00:00,Japan,Japan,JP,298.53,365.0,45.55,35.66,,true,ESTIMATED_MODE_BREAKDOWN
2024-03-03 07:00:00,Japan,Japan,JP,370.12,442.75,32.5,23.15,,true,ESTIMATED_MODE_BREAKDOWN
2024-03-03 08:00:00,Japan,Japan,JP,421.81,498.9,23.07,14.43,,true,ESTIMATED_MODE_BREAKDOWN
2024-03-03 09:00:00,Japan,Japan,JP,434.37,513.5,20.77,12.61,,true,ESTIMATED_MODE_BREAKDOWN
2024-03-03 10:00:00,Japan,Japan,JP,434.32,513.31,20.78,12.57,,true,ESTIMATED_MODE_BREAKDOWN
2024-03-03 11:00:00,Japan,Japan,JP,433.59,512.05,20.92,12.55,,true,ESTIMATED_MODE_BREAKDOWN
2024-03-03 12:00:00,Japan,Japan,JP,432.18,510.55,21.18,12.58,,true,ESTIMATED_MODE_BREAKDOWN
2024-03-03 13:00:00,Japan,Japan,JP,429.5,507.44,21.66,12.49,,true,ESTIMATED_MODE_BREAKDOWN
2024-03-03 14:00:00,Japan,Japan,JP,429.51,507.02,21.67,12.43,,true,ESTIMATED_MODE_BREAKDOWN
2024-03-03 15:00:00,Japan,Japan,JP,427.77,504.12,22.01,12.31,,true,ESTIMATED_MODE_BREAKDOWN
2024-03-03 16:00:00,Japan,Japan,JP,427.14,502.87,22.14,12.26,,true,ESTIMATED_MODE_BREAKDOWN
2024-03-03 17:00:00,Japan,Japan,JP,427.82,503.27,22.02,12.22,,true,ESTIMATED_MODE_BREAKDOWN
2024-03-03 18:00:00,Japan,Japan,JP,430.0,506.0,21.62,12.21,,true,ESTIMATED_MODE_BREAKDOWN
2024-03-03 19:00:00,Japan,Japan,JP,430.52,506.92,21.52,12.2,,true,ESTIMATED_MODE_BREAKDOWN
2024-03-03 20:00:00,Japan,Japan,JP,433.04,509.86,21.06,12.16,,true,ESTIMATED_MODE_BREAKDOWN
2024-03-03 21:00:00,Japan,Japan,JP,433.94,511.48,20.88,12.44,,true,ESTIMATED_MODE_BREAKDOWN
2024-03-03 22:00:00,Japan,Japan,JP,412.76,489.02,24.74,17.06,,true,ESTIMATED_MODE_BREAKDOWN
2024-03-03 23:00:00,Japan,Japan,JP,370.25,443.71,32.47,25.14,,true,ESTIMATED_MODE_BREAKDOWN
2024-03-04 00:00:00,Japan,Japan,JP,324.75,395.15,40.75,33.71,,true,ESTIMATED_MODE_BREAKDOWN
2024-03-04 01:00:00,Japan,Japan,JP,284.66,351.78,48.06,40.85,,true,ESTIMATED_MODE_BREAKDOWN
2024-03-04 02:00:00,Japan,Japan,JP,267.75,333.0,51.15,43.89,,true,ESTIMATED_MODE_BREAKDOWN
2024-03-04 03:00:00,Japan,Japan,JP,255.95,320.29,53.29,45.31,,true,ESTIMATED_MODE_BREAKDOWN
2024-03-04 04:00:00,Japan,Japan,JP,264.46,329.71,51.74,43.98,,true,ESTIMATED_MODE_BREAKDOWN
2024-03-04 05:00:00,Japan,Japan,JP,290.41,357.67,47.01,38.94,,true,ESTIMATED_MODE_BREAKDOWN
2024-03-04 06:00:00,Japan,Japan,JP,337.84,409.17,38.36,30.32,,true,ESTIMATED_MODE_BREAKDOWN
2024-03-04 07:00:00,Japan,Japan,JP,397.49,473.66,27.49,19.63,,true,ESTIMATED_MODE_BREAKDOWN
2024-03-04 08:00:00,Japan,Japan,JP,433.39,512.55,20.94,13.32,,true,ESTIMATED_MODE_BREAKDOWN
2024-03-04 09:00:00,Japan,Japan,JP,440.63,520.31,19.63,12.3,,true,ESTIMATED_MODE_BREAKDOWN
2024-03-04 10:00:00,Japan,Japan,JP,439.85,519.24,19.78,12.28,,true,ESTIMATED_MODE_BREAKDOWN
2024-03-04 11:00:00,Japan,Japan,JP,437.89,516.71,20.14,12.26,,true,ESTIMATED_MODE_BREAKDOWN
2024-03-04 12:00:00,Japan,Japan,JP,437.44,516.05,20.22,12.19,,true,ESTIMATED_MODE_BREAKDOWN
2024-03-04 13:00:00,Japan,Japan,JP,435.0,513.25,20.67,12.09,,true,ESTIMATED_MODE_BREAKDOWN
2024-03-04 14:00:00,Japan,Japan,JP,433.56,511.98,20.92,12.02,,true,ESTIMATED_MODE_BREAKDOWN
2024-03-04 15:00:00,Japan,Japan,JP,429.61,507.4,21.64,12.14,,true,ESTIMATED_MODE_BREAKDOWN
2024-03-04 16:00:00,Japan,Japan,JP,428.05,504.54,21.95,12.04,,true,ESTIMATED_MODE_BREAKDOWN
2024-03-04 17:00:00,Japan,Japan,JP,429.24,505.94,21.74,12.07,,true,ESTIMATED_MODE_BREAKDOWN
2024-03-04 18:00:00,Japan,Japan,JP,430.5,507.71,21.5,12.09,,true,ESTIMATED_MODE_BREAKDOWN
2024-03-04 19:00:00,Japan,Japan,JP,430.95,508.1,21.42,12.05,,true,ESTIMATED_MODE_BREAKDOWN
2024-03-04 20:00:00,Japan,Japan,JP,433.32,510.69,20.99,11.96,,true,ESTIMATED_MODE_BREAKDOWN
2024-03-04 21:00:00,Japan,Japan,JP,434.7,513.14,20.72,12.26,,true,ESTIMATED_MODE_BREAKDOWN
2024-03-04 22:00:00,Japan,Japan,JP,426.89,505.34,22.14,14.3,,true,ESTIMATED_MODE_BREAKDOWN
2024-03-04 23:00:00,Japan,Japan,JP,416.05,493.43,24.12,17.02,,true,ESTIMATED_MODE_BREAKDOWN
2024-03-05 00:00:00,Japan,Japan,JP,411.85,488.6,24.9,18.1,,true,ESTIMATED_MODE_BREAKDOWN
2024-03-05 01:00:00,Japan,Japan,JP,404.46,480.67,26.24,19.42,,true,ESTIMATED_MODE_BREAKDOWN
2024-03-05 02:00:00,Japan,Japan,JP,403.59,479.68,26.4,19.47,,true,ESTIMATED_MODE_BREAKDOWN
2024-03-05 03:00:00,Japan,Japan,JP,402.51,478.0,26.61,19.44,,true,ESTIMATED_MODE_BREAKDOWN
2024-03-05 04:00:00,Japan,Japan,JP,411.78,488.49,24.91,17.93,,true,ESTIMATED_MODE_BREAKDOWN
2024-03-05 05:00:00,Japan,Japan,JP,419.64,497.57,23.46,16.56,,true,ESTIMATED_MODE_BREAKDOWN
2024-03-05 06:00:00,Japan,Japan,JP,429.69,508.62,21.62,14.66,,true,ESTIMATED_MODE_BREAKDOWN
2024-03-05 07:00:00,Japan,Japan,JP,440.12,519.81,19.73,12.88,,true,ESTIMATED_MODE_BREAKDOWN
2024-03-05 08:00:00,Japan,Japan,JP,445.48,525.48,18.75,11.83,,true,ESTIMATED_MODE_BREAKDOWN
2024-03-05 09:00:00,Japan,Japan,JP,446.27,526.16,18.61,11.63,,true,ESTIMATED_MODE_BREAKDOWN
2024-03-05 10:00:00,Japan,Japan,JP,444.74,524.58,18.89,11.77,,true,ESTIMATED_MODE_BREAKDOWN
2024-03-05 11:00:00,Japan,Japan,JP,443.57,523.22,19.1,11.8,,true,ESTIMATED_MODE_BREAKDOWN
2024-03-05 12:00:00,Japan,Japan,JP,441.66,520.96,19.45,11.76,,true,ESTIMATED_MODE_BREAKDOWN
2024-03-05 13:00:00,Japan,Japan,JP,439.01,517.96,19.93,11.85,,true,ESTIMATED_MODE_BREAKDOWN
2024-03-05 14:00:00,Japan,Japan,JP,436.63,515.46,20.36,11.84,,true,ESTIMATED_MODE_BREAKDOWN
2024-03-05 15:00:00,Japan,Japan,JP,433.51,510.49,20.96,11.85,,true,ESTIMATED_MODE_BREAKDOWN
2024-03-05 16:00:00,Japan,Japan,JP,431.09,507.41,21.41,11.88,,true,ESTIMATED_MODE_BREAKDOWN
2024-03-05 17:00:00,Japan,Japan,JP,432.03,508.55,21.24,12.0,,true,ESTIMATED_MODE_BREAKDOWN
2024-03-05 18:00:00,Japan,Japan,JP,431.8,508.57,21.28,12.1,,true,ESTIMATED_MODE_BREAKDOWN
2024-03-05 19:00:00,Japan,Japan,JP,432.91,510.2,21.07,12.2,,true,ESTIMATED_MODE_BREAKDOWN
2024-03-05 20:00:00,Japan,Japan,JP,433.68,510.87,20.93,12.11,,true,ESTIMATED_MODE_BREAKDOWN
2024-03-05 21:00:00,Japan,Japan,JP,435.36,513.16,20.62,12.19,,true,ESTIMATED_MODE_BREAKDOWN
2024-03-05 22:00:00,Japan,Japan,JP,433.43,511.79,20.96,13.35,,true,ESTIMATED_MODE_BREAKDOWN
2024-03-05 23:00:00,Japan,Japan,JP,425.88,504.2,22.32,15.48,,true,ESTIMATED_MODE_BREAKDOWN
2024-03-06 00:00:00,Japan,Japan,JP,416.93,494.54,23.96,17.4,,true,ESTIMATED_MODE_BREAKDOWN
2024-03-06 01:00:00,Japan,Japan,JP,407.36,485.1,25.68,19.07,,true,ESTIMATED_MODE_BREAKDOWN
2024-03-06 02:00:00,Japan,Japan,JP,391.13,467.39,28.64,21.86,,true,ESTIMATED_MODE_BREAKDOWN
2024-03-06 03:00:00,Japan,Japan,JP,374.45,447.76,31.71,24.45,,true,ESTIMATED_MODE_BREAKDOWN
2024-03-06 04:00:00,Japan,Japan,JP,375.86,448.85,31.47,24.33,,true,ESTIMATED_MODE_BREAKDOWN
2024-03-06 05:00:00,Japan,Japan,JP,390.55,465.3,28.78,21.43,,true,ESTIMATED_MODE_BREAKDOWN
2024-03-06 06:00:00,Japan,Japan,JP,402.96,478.93,26.51,19.15,,true,ESTIMATED_MODE_BREAKDOWN
2024-03-06 07:00:00,Japan,Japan,JP,423.73,501.04,22.73,15.42,,true,ESTIMATED_MODE_BREAKDOWN
2024-03-06 08:00:00,Japan,Japan,JP,438.94,517.63,19.95,12.74,,true,ESTIMATED_MODE_BREAKDOWN
2024-03-06 09:00:00,Japan,Japan,JP,443.29,522.49,19.16,12.11,,true,ESTIMATED_MODE_BREAKDOWN
2024-03-06 10:00:00,Japan,Japan,JP,441.64,520.58,19.46,12.15,,true,ESTIMATED_MODE_BREAKDOWN
2024-03-06 11:00:00,Japan,Japan,JP,440.67,519.52,19.64,12.19,,true,ESTIMATED_MODE_BREAKDOWN
2024-03-06 12:00:00,Japan,Japan,JP,438.97,517.3,19.95,12.11,,true,ESTIMATED_MODE_BREAKDOWN
2024-03-06 13:00:00,Japan,Japan,JP,436.82,514.56,20.35,12.1,,true,ESTIMATED_MODE_BREAKDOWN
2024-03-06 14:00:00,Japan,Japan,JP,434.38,512.13,20.79,12.09,,true,ESTIMATED_MODE_BREAKDOWN
2024-03-06 15:00:00,Japan,Japan,JP,430.54,507.01,21.51,12.22,,true,ESTIMATED_MODE_BREAKDOWN
2024-03-06 16:00:00,Japan,Japan,JP,428.9,505.17,21.81,12.24,,true,ESTIMATED_MODE_BREAKDOWN
2024-03-06 17:00:00,Japan,Japan,JP,428.96,505.36,21.79,12.31,,true,ESTIMATED_MODE_BREAKDOWN
2024-03-06 18:00:00,Japan,Japan,JP,429.72,506.41,21.65,12.3,,true,ESTIMATED_MODE_BREAKDOWN
2024-03-06 19:00:00,Japan,Japan,JP,432.37,509.52,21.17,12.29,,true,ESTIMATED_MODE_BREAKDOWN
2024-03-06 20:00:00,Japan,Japan,JP,433.03,510.39,21.05,12.19,,true,ESTIMATED_MODE_BREAKDOWN
2024-03-06 21:00:00,Japan,Japan,JP,435.13,512.65,20.67,12.56,,true,ESTIMATED_MODE_BREAKDOWN
2024-03-06 22:00:00,Japan,Japan,JP,409.6,485.16,25.32,17.47,,true,ESTIMATED_MODE_BREAKDOWN
2024-03-06 23:00:00,Japan,Japan,JP,365.22,437.85,33.4,26.05,,true,ESTIMATED_MODE_BREAKDOWN
2024-03-07 00:00:00,Japan,Japan,JP,331.11,401.96,39.59,32.4,,true,ESTIMATED_MODE_BREAKDOWN
2024-03-07 01:00:00,Japan,Japan,JP,298.7,366.96,45.5,38.21,,true,ESTIMATED_MODE_BREAKDOWN
2024-03-07 02:00:00,Japan,Japan,JP,280.27,347.33,48.85,41.4,,true,ESTIMATED_MODE_BREAKDOWN
2024-03-07 03:00:00,Japan,Japan,JP,266.42,331.84,51.39,43.58,,true,ESTIMATED_MODE_BREAKDOWN
2024-03-07 04:00:00,Japan,Japan,JP,282.29,349.85,48.48,40.76,,true,ESTIMATED_MODE_BREAKDOWN
2024-03-07 05:00:00,Japan,Japan,JP,309.09,379.28,43.58,35.84,,true,ESTIMATED_MODE_BREAKDOWN
2024-03-07 06:00:00,Japan,Japan,JP,356.35,430.79,34.95,27.01,,true,ESTIMATED_MODE_BREAKDOWN
2024-03-07 07:00:00,Japan,Japan,JP,409.83,487.8,25.22,17.6,,true,ESTIMATED_MODE_BREAKDOWN
2024-03-07 08:00:00,Japan,Japan,JP,438.96,518.88,19.93,12.44,,true,ESTIMATED_MODE_BREAKDOWN
2024-03-07 09:00:00,Japan,Japan,JP,445.49,525.58,18.75,11.41,,true,ESTIMATED_MODE_BREAKDOWN
2024-03-07 10:00:00,Japan,Japan,JP,445.24,525.01,18.8,11.38,,true,ESTIMATED_MODE_BREAKDOWN
2024-03-07 11:00:00,Japan,Japan,JP,443.71,522.96,19.09,11.39,,true,ESTIMATED_MODE_BREAKDOWN
2024-03-07 12:00:00,Japan,Japan,JP,442.39,521.34,19.33,11.33,,true,ESTIMATED_MODE_BREAKDOWN
2024-03-07 13:00:00,Japan,Japan,JP,439.69,518.76,19.81,11.34,,true,ESTIMATED_MODE_BREAKDOWN
2024-03-07 14:00:00,Japan,Japan,JP,437.85,517.23,20.13,11.37,,true,ESTIMATED_MODE_BREAKDOWN
2024-03-07 15:00:00,Japan,Japan,JP,434.62,513.14,20.73,11.28,,true,ESTIMATED_MODE_BREAKDOWN
2024-03-07 16:00:00,Japan,Japan,JP,433.75,511.76,20.9,11.34,,true,ESTIMATED_MODE_BREAKDOWN
2024-03-07 17:00:00,Japan,Japan,JP,433.76,511.8,20.9,11.43,,true,ESTIMATED_MODE_BREAKDOWN
2024-03-07 18:00:00,Japan,Japan,JP,435.0,513.33,20.67,11.57,,true,ESTIMATED_MODE_BREAKDOWN
2024-03-07 19:00:00,Japan,Japan,JP,434.69,513.0,20.73,11.58,,true,ESTIMATED_MODE_BREAKDOWN
2024-03-07 20:00:00,Japan,Japan,JP,438.02,516.45,20.13,11.63,,true,ESTIMATED_MODE_BREAKDOWN
2024-03-07 21:00:00,Japan,Japan,JP,438.04,516.79,20.12,11.95,,true,ESTIMATED_MODE_BREAKDOWN
2024-03-07 22:00:00,Japan,Japan,JP,420.81,498.87,23.24,15.68,,true,ESTIMATED_MODE_BREAKDOWN
2024-03-07 23:00:00,Japan,Japan,JP,390.54,467.33,28.74,21.79,,true,ESTIMATED_MODE_BREAKDOWN
2024-03-08 00:00:00,Japan,Japan,JP,357.15,432.46,34.79,27.85,,true,ESTIMATED_MODE_BREAKDOWN
2024-03-08 01:00:00,Japan,Japan,JP,324.25,396.43,40.8,33.77,,true,ESTIMATED_MODE_BREAKDOWN
2024-03-08 02:00:00,Japan,Japan,JP,301.79,371.58,44.91,37.7,,true,ESTIMATED_MODE_BREAKDOWN
2024-03-08 03:00:00,Japan,Japan,JP,283.98,351.99,48.16,40.68,,true,ESTIMATED_MODE_BREAKDOWN
2024-03-08 04:00:00,Japan,Japan,JP,291.52,360.3,46.78,39.28,,true,ESTIMATED_MODE_BREAKDOWN
2024-03-08 05:00:00,Japan,Japan,JP,313.06,383.37,42.86,35.33,,true,ESTIMATED_MODE_BREAKDOWN
2024-03-08 06:00:00,Japan,Japan,JP,339.48,410.92,38.06,30.15,,true,ESTIMATED_MODE_BREAKDOWN
2024-03-08 07:00:00,Japan,Japan,JP,390.7,465.97,28.73,21.14,,true,ESTIMATED_MODE_BREAKDOWN
2024-03-08 08:00:00,Japan,Japan,JP,431.28,510.03,21.33,13.78,,true,ESTIMATED_MODE_BREAKDOWN
2024-03-08 09:00:00,Japan,Japan,JP,443.24,522.56,19.17,11.86,,true,ESTIMATED_MODE_BREAKDOWN
2024-03-08 10:00:00,Japan,Japan,JP,442.83,522.18,19.24,11.89,,true,ESTIMATED_MODE_BREAKDOWN
2024-03-08 11:00:00,Japan,Japan,JP,441.52,520.21,19.49,11.89,,true,ESTIMATED_MODE_BREAKDOWN
2024-03-08 12:00:00,Japan,Japan,JP,439.81,518.39,19.8,11.84,,true,ESTIMATED_MODE_BREAKDOWN
2024-03-08 13:00:00,Japan,Japan,JP,437.94,516.69,20.13,11.85,,true,ESTIMATED_MODE_BREAKDOWN
2024-03-08 14:00:00,Japan,Japan,JP,435.93,514.62,20.49,11.85,,true,ESTIMATED_MODE_BREAKDOWN
2024-03-08 15:00:00,Japan,Japan,JP,431.79,509.51,21.25,12.01,,true,ESTIMATED_MODE_BREAKDOWN
2024-03-08 16:00:00,Japan,Japan,JP,431.31,508.73,21.35,11.98,,true,ESTIMATED_MODE_BREAKDOWN
2024-03-08 17:00:00,Japan,Japan,JP,431.2,508.85,21.36,12.01,,true,ESTIMATED_MODE_BREAKDOWN
2024-03-08 18:00:00,Japan,Japan,JP,432.31,510.49,21.16,12.13,,true,ESTIMATED_MODE_BREAKDOWN
2024-03-08 19:00:00,Japan,Japan,JP,431.11,509.09,21.37,12.16,,true,ESTIMATED_MODE_BREAKDOWN
2024-03-08 20:00:00,Japan,Japan,JP,431.65,509.54,21.28,12.27,,true,ESTIMATED_MODE_BREAKDOWN
2024-03-08 21:00:00,Japan,Japan,JP,427.68,504.97,22.01,12.88,,true,ESTIMATED_MODE_BREAKDOWN
2024-03-08 22:00:00,Japan,Japan,JP,391.6,466.12,28.58,19.76,,true,ESTIMATED_MODE_BREAKDOWN
2024-03-08 23:00:00,Japan,Japan,JP,336.09,406.29,38.7,30.21,,true,ESTIMATED_MODE_BREAKDOWN
2024-03-09 00:00:00,Japan,Japan,JP,286.69,353.2,47.7,39.28,,true,ESTIMATED_MODE_BREAKDOWN
2024-03-09 01:00:00,Japan,Japan,JP,258.38,322.64,52.85,44.47,,true,ESTIMATED_MODE_BREAKDOWN
2024-03-09 02:00:00,Japan,Japan,JP,243.89,305.38,55.53,46.76,,true,ESTIMATED_MODE_BREAKDOWN
2024-03-09 03:00:00,Japan,Japan,JP,236.65,296.56,56.87,48.05,,true,ESTIMATED_MODE_BREAKDOWN
2024-03-09 04:00:00,Japan,Japan,JP,244.77,305.63,55.38,46.25,,true,ESTIMATED_MODE_BREAKDOWN
2024-03-09 05:00:00,Japan,Japan,JP,266.97,330.07,51.32,42.16,,true,ESTIMATED_MODE_BREAKDOWN
2024-03-09 06:00:00,Japan,Japan,JP,308.89,374.85,43.69,34.33,,true,ESTIMATED_MODE_BREAKDOWN
2024-03-09 07:00:00,Japan,Japan,JP,367.1,438.33,33.07,24.22,,true,ESTIMATED_MODE_BREAKDOWN
2024-03-09 08:00:00,Japan,Japan,JP,422.27,498.82,23.0,14.49,,true,ESTIMATED_MODE_BREAKDOWN
2024-03-09 09:00:00,Japan,Japan,JP,437.98,516.56,20.13,12.22,,true,ESTIMATED_MODE_BREAKDOWN
2024-03-09 10:00:00,Japan,Japan,JP,438.0,516.65,20.12,12.14,,true,ESTIMATED_MODE_BREAKDOWN
2024-03-09 11:00:00,Japan,Japan,JP,438.83,517.67,19.97,12.2,,true,ESTIMATED_MODE_BREAKDOWN
2024-03-09 12:00:00,Japan,Japan,JP,436.13,515.04,20.45,12.11,,true,ESTIMATED_MODE_BREAKDOWN
2024-03-09 13:00:00,Japan,Japan,JP,435.74,514.71,20.52,12.02,,true,ESTIMATED_MODE_BREAKDOWN
2024-03-09 14:00:00,Japan,Japan,JP,433.96,513.04,20.84,11.94,,true,ESTIMATED_MODE_BREAKDOWN
2024-03-09 15:00:00,Japan,Japan,JP,431.96,510.14,21.22,11.99,,true,ESTIMATED_MODE_BREAKDOWN
2024-03-09 16:00:00,Japan,Japan,JP,430.08,507.6,21.57,12.0,,true,ESTIMATED_MODE_BREAKDOWN
2024-03-09 17:00:00,Japan,Japan,JP,431.59,509.22,21.3,12.03,,true,ESTIMATED_MODE_BREAKDOWN
2024-03-09 18:00:00,Japan,Japan,JP,431.23,508.75,21.37,11.99,,true,ESTIMATED_MODE_BREAKDOWN
2024-03-09 19:00:00,Japan,Japan,JP,431.84,509.44,21.25,12.05,,true,ESTIMATED_MODE_BREAKDOWN
2024-03-09 20:00:00,Japan,Japan,JP,431.79,509.11,21.27,12.0,,true,ESTIMATED_MODE_BREAKDOWN
2024-03-09 21:00:00,Japan,Japan,JP,427.12,503.99,22.12,12.74,,true,ESTIMATED_MODE_BREAKDOWN
2024-03-09 22:00:00,Japan,Japan,JP,382.5,455.83,30.26,21.21,,true,ESTIMATED_MODE_BREAKDOWN
2024-03-09 23:00:00,Japan,Japan,JP,309.83,377.06,43.5,34.4,,true,ESTIMATED_MODE_BREAKDOWN
2024-03-10 00:00:00,Japan,Japan,JP,253.18,316.15,53.82,44.92,,true,ESTIMATED_MODE_BREAKDOWN
2024-03-10 01:00:00,Japan,Japan,JP,218.53,279.36,60.12,50.73,,true,ESTIMATED_MODE_BREAKDOWN
2024-03-10 02:00:00,Japan,Japan,JP,200.18,260.44,63.45,54.09,,true,ESTIMATED_MODE_BREAKDOWN
2024-03-10 03:00:00,Japan,Japan,JP,190.51,249.67,65.21,55.37,,true,ESTIMATED_MODE_BREAKDOWN
2024-03-10 04:00:00,Japan,Japan,JP,187.75,246.0,65.73,55.81,,true,ESTIMATED_MODE_BREAKDOWN
2024-03-10 05:00:00,Japan,Japan,JP,210.87,271.5,61.5,51.22,,true,ESTIMATED_MODE_BREAKDOWN
2024-03-10 06:00:00,Japan,Japan,JP,271.6,336.77,50.44,40.16,,true,ESTIMATED_MODE_BREAKDOWN
2024-03-10 07:00:00,Japan,Japan,JP,350.76,422.13,36.01,26.19,,true,ESTIMATED_MODE_BREAKDOWN
2024-03-10 08:00:00,Japan,Japan,JP,417.73,494.33,23.82,14.99,,true,ESTIMATED_MODE_BREAKDOWN
2024-03-10 09:00:00,Japan,Japan,JP,437.24,516.01,20.26,11.93,,true,ESTIMATED_MODE_BREAKDOWN
2024-03-10 10:00:00,Japan,Japan,JP,438.27,517.43,20.07,11.91,,true,ESTIMATED_MODE_BREAKDOWN
2024-03-10 11:00:00,Japan,Japan,JP,437.63,516.84,20.18,11.89,,true,ESTIMATED_MODE_BREAKDOWN
2024-03-10 12:00:00,Japan,Japan,JP,436.83,515.73,20.33,11.85,,true,ESTIMATED_MODE_BREAKDOWN
2024-03-10 13:00:00,Japan,Japan,JP,434.4,512.71,20.78,11.75,,true,ESTIMATED_MODE_BREAKDOWN
2024-03-10 14:00:00,Japan,Japan,JP,433.15,511.4,21.0,11.73,,true,ESTIMATED_MODE_BREAKDOWN
2024-03-10 15:00:00,Japan,Japan,JP,430.91,508.2,21.42,11.78,,true,ESTIMATED_MODE_BREAKDOWN
2024-03-10 16:00:00,Japan,Japan,JP,429.43,506.3,21.7,11.75,,true,ESTIMATED_MODE_BREAKDOWN
2024-03-10 17:00:00,Japan,Japan,JP,430.79,508.21,21.45,11.9,,true,ESTIMATED_MODE_BREAKDOWN
2024-03-10 18:00:00,Japan,Japan,JP,430.82,508.4,21.44,11.87,,true,ESTIMATED_MODE_BREAKDOWN
2024-03-10 19:00:00,Japan,Japan,JP,432.83,510.82,21.07,11.84,,true,ESTIMATED_MODE_BREAKDOWN
2024-03-10 20:00:00,Japan,Japan,JP,434.91,513.28,20.69,11.79,,true,ESTIMATED_MODE_BREAKDOWN
2024-03-10 21:00:00,Japan,Japan,JP,432.87,511.5,21.05,12.84,,true,ESTIMATED_MODE_BREAKDOWN
2024-03-10 22:00:00,Japan,Japan,JP,393.03,467.98,28.33,20.58,,true,ESTIMATED_MODE_BREAKDOWN
2024-03-10 23:00:00,Japan,Japan,JP,335.05,405.62,38.89,31.66,,true,ESTIMATED_MODE_BREAKDOWN
2024-03-11 00:00:00,Japan,Japan,JP,283.67,350.38,48.25,40.98,,true,ESTIMATED_MODE_BREAKDOWN
2024-03-11 01:00:00,Japan,Japan,JP,246.27,309.78,55.07,47.66,,true,ESTIMATED_MODE_BREAKDOWN
2024-03-11 02:00:00,Japan,Japan,JP,226.78,288.56,58.62,50.87,,true,ESTIMATED_MODE_BREAKDOWN
2024-03-11 03:00:00,Japan,Japan,JP,212.41,272.8,61.24,53.05,,true,ESTIMATED_MODE_BREAKDOWN
2024-03-11 04:00:00,Japan,Japan,JP,237.24,299.71,56.72,48.57,,true,ESTIMATED_MODE_BREAKDOWN
2024-03-11 05:00:00,Japan,Japan,JP,278.6,344.16,49.19,41.13,,true,ESTIMATED_MODE_BREAKDOWN
2024-03-11 06:00:00,Japan,Japan,JP,341.48,412.32,37.71,29.43,,true,ESTIMATED_MODE_BREAKDOWN
2024-03-11 07:00:00,Japan,Japan,JP,401.81,478.31,26.7,18.65,,true,ESTIMATED_MODE_BREAKDOWN
2024-03-11 08:00:00,Japan,Japan,JP,433.87,512.93,20.86,12.91,,true,ESTIMATED_MODE_BREAKDOWN
2024-03-11 09:00:00,Japan,Japan,JP,442.38,522.23,19.31,11.74,,true,ESTIMATED_MODE_BREAKDOWN
2024-03-11 10:00:00,Japan,Japan,JP,440.59,520.12,19.64,11.76,,true,ESTIMATED_MODE_BREAKDOWN
2024-03-11 11:00:00,Japan,Japan,JP,440.27,519.34,19.71,11.75,,true,ESTIMATED_MODE_BREAKDOWN
2024-03-11 12:00:00,Japan,Japan,JP,438.07,516.23,20.12,11.61,,true,ESTIMATED_MODE_BREAKDOWN
2024-03-11 13:00:00,Japan,Japan,JP,436.68,515.01,20.37,11.6,,true,ESTIMATED_MODE_BREAKDOWN
2024-03-11 14:00:00,Japan,Japan,JP,433.49,511.63,20.94,11.55,,true,ESTIMATED_MODE_BREAKDOWN
2024-03-11 15:00:00,Japan,Japan,JP,430.18,507.28,21.56,11.65,,true,ESTIMATED_MODE_BREAKDOWN
2024-03-11 16:00:00,Japan,Japan,JP,429.52,506.32,21.68,11.6,,true,ESTIMATED_MODE_BREAKDOWN
2024-03-11 17:00:00,Japan,Japan,JP,430.78,507.55,21.46,11.63,,true,ESTIMATED_MODE_BREAKDOWN
2024-03-11 18:00:00,Japan,Japan,JP,431.31,508.33,21.36,11.67,,true,ESTIMATED_MODE_BREAKDOWN
2024-03-11 19:00:00,Japan,Japan,JP,432.76,510.09,21.09,11.78,,true,ESTIMATED_MODE_BREAKDOWN
2024-03-11 20:00:00,Japan,Japan,JP,433.33,510.83,20.99,11.72,,true,ESTIMATED_MODE_BREAKDOWN
2024-03-11 21:00:00,Japan,Japan,JP,433.07,510.69,21.03,12.13,,true,ESTIMATED_MODE_BREAKDOWN
2024-03-11 22:00:00,Japan,Japan,JP,428.58,506.01,21.85,13.7,,true,ESTIMATED_MODE_BREAKDOWN
2024-03-11 23:00:00,Japan,Japan,JP,421.92,498.98,23.07,15.63,,true,ESTIMATED_MODE_BREAKDOWN
2024-03-12 00:00:00,Japan,Japan,JP,410.4,486.49,25.17,18.17,,true,ESTIMATED_MODE_BREAKDOWN
2024-03-12 01:00:00,Japan,Japan,JP,394.19,468.94,28.12,21.05,,true,ESTIMATED_MODE_BREAKDOWN
2024-03-12 02:00:00,Japan,Japan,JP,389.15,463.91,29.03,22.03,,true,ESTIMATED_MODE_BREAKDOWN
2024-03-12 03:00:00,Japan,Japan,JP,380.07,454.15,30.68,23.12,,true,ESTIMATED_MODE_BREAKDOWN
2024-03-12 04:00:00,Japan,Japan,JP,386.39,461.35,29.52,22.26,,true,ESTIMATED_MODE_BREAKDOWN
2024-03-12 05:00:00,Japan,Japan,JP,394.02,469.21,28.13,20.67,,true,ESTIMATED_MODE_BREAKDOWN
2024-03-12 06:00:00,Japan,Japan,JP,403.61,479.31,26.39,18.87,,true,ESTIMATED_MODE_BREAKDOWN
2024-03-12 07:00:00,Japan,Japan,JP,421.64,499.59,23.09,15.68,,true,ESTIMATED_MODE_BREAKDOWN
2024-03-12 08:00:00,Japan,Japan,JP,437.77,517.27,20.15,12.86,,true,ESTIMATED_MODE_BREAKDOWN
2024-03-12 09:00:00,Japan,Japan,JP,443.26,523.22,19.15,11.89,,true,ESTIMATED_MODE_BREAKDOWN
2024-03-12 10:00:00,Japan,Japan,JP,442.33,522.08,19.32,12.04,,true,ESTIMATED_MODE_BREAKDOWN
2024-03-12 11:00:00,Japan,Japan,JP,439.16,518.41,19.9,12.22,,true,ESTIMATED_MODE_BREAKDOWN
2024-03-12 12:00:00,Japan,Japan,JP,437.03,515.76,20.29,12.3,,true,ESTIMATED_MODE_BREAKDOWN
2024-03-12 13:00:00,Japan,Japan,JP,433.69,511.61,20.91,12.46,,true,ESTIMATED_MODE_BREAKDOWN
2024-03-12 14:00:00,Japan,Japan,JP,430.3,507.85,21.52,12.58,,true,ESTIMATED_MODE_BREAKDOWN
2024-03-12 15:00:00,Japan,Japan,JP,426.0,501.83,22.33,12.8,,true,ESTIMATED_MODE_BREAKDOWN
2024-03-12 16:00:00,Japan,Japan,JP,424.27,499.42,22.66,12.88,,true,ESTIMATED_MODE_BREAKDOWN
2024-03-12 17:00:00,Japan,Japan,JP,425.19,500.84,22.48,12.94,,true,ESTIMATED_MODE_BREAKDOWN
2024-03-12 18:00:00,Japan,Japan,JP,424.88,500.56,22.54,12.95,,true,ESTIMATED_MODE_BREAKDOWN
2024-03-12 19:00:00,Japan,Japan,JP,427.27,503.29,22.11,12.99,,true,ESTIMATED_MODE_BREAKDOWN
2024-03-12 20:00:00,Japan,Japan,JP,427.58,503.84,22.05,12.96,,true,ESTIMATED_MODE_BREAKDOWN
2024-03-12 21:00:00,Japan,Japan,JP,425.54,501.72,22.42,13.93,,true,ESTIMATED_MODE_BREAKDOWN
2024-03-12 22:00:00,Japan,Japan,JP,387.92,461.48,29.27,21.05,,true,ESTIMATED_MODE_BREAKDOWN
2024-03-12 23:00:00,Japan,Japan,JP,335.78,405.89,38.76,31.18,,true,ESTIMATED_MODE_BREAKDOWN
2024-03-13 00:00:00,Japan,Japan,JP,293.24,360.8,46.49,39.11,,true,ESTIMATED_MODE_BREAKDOWN
2024-03-13 01:00:00,Japan,Japan,JP,261.84,327.16,52.21,44.56,,true,ESTIMATED_MODE_BREAKDOWN
2024-03-13 02:00:00,Japan,Japan,JP,246.95,311.04,54.92,47.41,,true,ESTIMATED_MODE_BREAKDOWN
2024-03-13 03:00:00,Japan,Japan,JP,232.69,295.11,57.53,49.28,,true,ESTIMATED_MODE_BREAKDOWN
2024-03-13 04:00:00,Japan,Japan,JP,241.44,304.79,55.93,48.04,,true,ESTIMATED_MODE_BREAKDOWN
2024-03-13 05:00:00,Japan,Japan,JP,262.46,327.33,52.1,43.92,,true,ESTIMATED_MODE_BREAKDOWN
2024-03-13 06:00:00,Japan,Japan,JP,302.44,370.36,44.82,36.78,,true,ESTIMATED_MODE_BREAKDOWN
2024-03-13 07:00:00,Japan,Japan,JP,365.8,438.72,33.27,25.05,,true,ESTIMATED_MODE_BREAKDOWN
2024-03-13 08:00:00,Japan,Japan,JP,423.09,501.12,22.82,15.09,,true,ESTIMATED_MODE_BREAKDOWN
2024-03-13 09:00:00,Japan,Japan,JP,439.04,518.42,19.92,12.22,,true,ESTIMATED_MODE_BREAKDOWN
2024-03-13 10:00:00,Japan,Japan,JP,440.53,520.12,19.65,12.17,,true,ESTIMATED_MODE_BREAKDOWN
2024-03-13 11:00:00,Japan,Japan,JP,438.12,517.56,20.08,12.16,,true,ESTIMATED_MODE_BREAKDOWN
2024-03-13 12:00:00,Japan,Japan,JP,438.05,516.92,20.11,12.14,,true,ESTIMATED_MODE_BREAKDOWN
2024-03-13 13:00:00,Japan,Japan,JP,435.43,513.53,20.59,12.0,,true,ESTIMATED_MODE_BREAKDOWN
2024-03-13 14:00:00,Japan,Japan,JP,433.66,511.69,20.91,12.02,,true,ESTIMATED_MODE_BREAKDOWN
2024-03-13 15:00:00,Japan,Japan,JP,430.76,507.38,21.46,11.96,,true,ESTIMATED_MODE_BREAKDOWN
2024-03-13 16:00:00,Japan,Japan,JP,430.3,506.83,21.55,11.93,,true,ESTIMATED_MODE_BREAKDOWN
2024-03-13 17:00:00,Japan,Japan,JP,430.66,507.37,21.48,11.91,,true,ESTIMATED_MODE_BREAKDOWN
2024-03-13 18:00:00,Japan,Japan,JP,431.47,508.56,21.33,11.93,,true,ESTIMATED_MODE_BREAKDOWN
2024-03-13 19:00:00,Japan,Japan,JP,433.03,510.33,21.05,11.93,,true,ESTIMATED_MODE_BREAKDOWN
2024-03-13 20:00:00,Japan,Japan,JP,434.54,512.14,20.77,11.88,,true,ESTIMATED_MODE_BREAKDOWN
2024-03-13 21:00:00,Japan,Japan,JP,430.98,508.48,21.42,12.99,,true,ESTIMATED_MODE_BREAKDOWN
2024-03-13 22:00:00,Japan,Japan,JP,391.92,465.95,28.55,20.54,,true,ESTIMATED_MODE_BREAKDOWN
2024-03-13 23:00:00,Japan,Japan,JP,339.05,408.81,38.18,30.49,,true,ESTIMATED_MODE_BREAKDOWN
2024-03-14 00:00:00,Japan,Japan,JP,291.75,358.15,46.8,39.3,,true,ESTIMATED_MODE_BREAKDOWN
2024-03-14 01:00:00,Japan,Japan,JP,252.95,316.04,53.87,46.24,,true,ESTIMATED_MODE_BREAKDOWN
2024-03-14 02:00:00,Japan,Japan,JP,234.44,296.11,57.24,49.28,,true,ESTIMATED_MODE_BREAKDOWN
2024-03-14 03:00:00,Japan,Japan,JP,221.04,281.95,59.67,51.41,,true,ESTIMATED_MODE_BREAKDOWN
2024-03-14 04:00:00,Japan,Japan,JP,240.55,303.78,56.1,47.88,,true,ESTIMATED_MODE_BREAKDOWN
2024-03-14 05:00:00,Japan,Japan,JP,267.64,332.49,51.17,42.92,,true,ESTIMATED_MODE_BREAKDOWN
2024-03-14 06:00:00,Japan,Japan,JP,307.13,374.89,43.98,35.51,,true,ESTIMATED_MODE_BREAKDOWN
2024-03-14 07:00:00,Japan,Japan,JP,368.45,441.07,32.8,24.42,,true,ESTIMATED_MODE_BREAKDOWN
2024-03-14 08:00:00,Japan,Japan,JP,421.86,499.48,23.05,14.83,,true,ESTIMATED_MODE_BREAKDOWN
2024-03-14 09:00:00,Japan,Japan,JP,437.72,517.23,20.15,12.17,,true,ESTIMATED_MODE_BREAKDOWN
2024-03-14 10:00:00,Japan,Japan,JP,438.27,517.15,20.07,12.05,,true,ESTIMATED_MODE_BREAKDOWN
2024-03-14 11:00:00,Japan,Japan,JP,437.32,515.58,20.25,11.99,,true,ESTIMATED_MODE_BREAKDOWN
2024-03-14 12:00:00,Japan,Japan,JP,436.32,514.6,20.43,11.91,,true,ESTIMATED_MODE_BREAKDOWN
2024-03-14 13:00:00,Japan,Japan,JP,435.16,513.13,20.65,11.8,,true,ESTIMATED_MODE_BREAKDOWN
2024-03-14 14:00:00,Japan,Japan,JP,433.2,510.44,21.01,11.74,,true,ESTIMATED_MODE_BREAKDOWN
2024-03-14 15:00:00,Japan,Japan,JP,430.09,506.54,21.59,11.8,,true,ESTIMATED_MODE_BREAKDOWN
2024-03-14 16:00:00,Japan,Japan,JP,429.13,505.18,21.77,11.73,,true,ESTIMATED_MODE_BREAKDOWN
2024-03-14 17:00:00,Japan,Japan,JP,430.24,506.79,21.56,11.84,,true,ESTIMATED_MODE_BREAKDOWN
2024-03-14 18:00:00,Japan,Japan,JP,430.9,507.73,21.44,11.89,,true,ESTIMATED_MODE_BREAKDOWN
2024-03-14 19:00:00,Japan,Japan,JP,432.53,509.47,21.14,11.86,,true,ESTIMATED_MODE_BREAKDOWN
2024-03-14 20:00:00,Japan,Japan,JP,433.29,510.22,21.01,11.83,,true,ESTIMATED_MODE_BREAKDOWN
2024-03-14 21:00:00,Japan,Japan,JP,430.12,507.2,21.58,13.23,,true,ESTIMATED_MODE_BREAKDOWN
2024-03-14 22:00:00,Japan,Japan,JP,382.69,455.74,30.23,21.67,,true,ESTIMATED_MODE_BREAKDOWN
2024-03-14 23:00:00,Japan,Japan,JP,317.93,386.41,42.02,33.99,,true,ESTIMATED_MODE_BREAKDOWN
2024-03-15 00:00:00,Japan,Japan,JP,272.24,337.16,50.35,42.3,,true,ESTIMATED_MODE_BREAKDOWN
2024-03-15 01:00:00,Japan,Japan,JP,239.07,302.05,56.38,48.41,,true,ESTIMATED_MODE_BREAKDOWN
2024-03-15 02:00:00,Japan,Japan,JP,219.98,281.78,59.84,51.58,,true,ESTIMATED_MODE_BREAKDOWN
2024-03-15 03:00:00,Japan,Japan,JP,206.11,266.29,62.38,53.84,,true,ESTIMATED_MODE_BREAKDOWN
2024-03-15 04:00:00,Japan,Japan,JP,223.69,285.64,59.17,50.56,,true,ESTIMATED_MODE_BREAKDOWN
2024-03-15 05:00:00,Japan,Japan,JP,252.07,316.56,53.99,45.44,,true,ESTIMATED_MODE_BREAKDOWN
2024-03-15 06:00:00,Japan,Japan,JP,298.52,366.81,45.52,36.69,,true,ESTIMATED_MODE_BREAKDOWN
2024-03-15 07:00:00,Japan,Japan,JP,361.75,435.02,33.99,25.26,,true,ESTIMATED_MODE_BREAKDOWN
2024-03-15 08:00:00,Japan,Japan,JP,415.37,491.83,24.25,15.56,,true,ESTIMATED_MODE_BREAKDOWN
2024-03-15 09:00:00,Japan,Japan,JP,433.19,510.34,21.02,12.52,,true,ESTIMATED_MODE_BREAKDOWN
2024-03-15 10:00:00,Japan,Japan,JP,433.49,510.53,20.97,12.43,,true,ESTIMATED_MODE_BREAKDOWN
2024-03-15 11:00:00,Japan,Japan,JP,432.14,509.04,21.21,12.39,,true,ESTIMATED_MODE_BREAKDOWN
2024-03-15 12:00:00,Japan,Japan,JP,430.68,507.55,21.47,12.4,,true,ESTIMATED_MODE_BREAKDOWN
2024-03-15 13:00:00,Japan,Japan,JP,428.37,504.78,21.9,12.32,,true,ESTIMATED_MODE_BREAKDOWN
2024-03-15 14:00:00,Japan,Japan,JP,426.74,502.68,22.2,12.3,,true,ESTIMATED_MODE_BREAKDOWN
2024-03-15 15:00:00,Japan,Japan,JP,421.77,497.47,23.1,12.63,,true,ESTIMATED_MODE_BREAKDOWN
2024-03-15 16:00:00,Japan,Japan,JP,421.1,497.23,23.21,12.71,,true,ESTIMATED_MODE_BREAKDOWN
2024-03-15 17:00:00,Japan,Japan,JP,421.65,498.16,23.1,12.64,,true,ESTIMATED_MODE_BREAKDOWN
2024-03-15 18:00:00,Japan,Japan,JP,423.46,500.34,22.77,12.54,,true,ESTIMATED_MODE_BREAKDOWN
2024-03-15 19:00:00,Japan,Japan,JP,424.77,501.74,22.54,12.43,,true,ESTIMATED_MODE_BREAKDOWN
2024-03-15 20:00:00,Japan,Japan,JP,426.37,503.32,22.25,12.34,,true,ESTIMATED_MODE_BREAKDOWN
2024-03-15 21:00:00,Japan,Japan,JP,416.7,492.76,24.01,13.86,,true,ESTIMATED_MODE_BREAKDOWN
2024-03-15 22:00:00,Japan,Japan,JP,360.13,431.41,34.33,24.28,,true,ESTIMATED_MODE_BREAKDOWN
2024-03-15 23:00:00,Japan,Japan,JP,276.95,340.33,49.52,39.64,,true,ESTIMATED_MODE_BREAKDOWN
2024-03-16 00:00:00,Japan,Japan,JP,213.08,272.52,61.14,51.25,,true,ESTIMATED_MODE_BREAKDOWN
2024-03-16 01:00:00,Japan,Japan,JP,164.11,220.39,70.04,59.89,,true,ESTIMATED_MODE_BREAKDOWN
2024-03-16 02:00:00,Japan,Japan,JP,145.19,199.39,73.5,63.16,,true,ESTIMATED_MODE_BREAKDOWN
2024-03-16 03:00:00,Japan,Japan,JP,140.16,193.45,74.43,63.78,,true,ESTIMATED_MODE_BREAKDOWN
2024-03-16 04:00:00,Japan,Japan,JP,152.24,206.75,72.22,61.52,,true,ESTIMATED_MODE_BREAKDOWN
2024-03-16 05:00:00,Japan,Japan,JP,184.31,241.17,66.38,55.29,,true,ESTIMATED_MODE_BREAKDOWN
2024-03-16 06:00:00,Japan,Japan,JP,246.53,307.97,55.04,43.86,,true,ESTIMATED_MODE_BREAKDOWN
2024-03-16 07:00:00,Japan,Japan,JP,331.29,399.25,39.6,28.71,,true,ESTIMATED_MODE_BREAKDOWN
2024-03-16 08:00:00,Japan,Japan,JP,407.8,482.6,25.65,15.31,,true,ESTIMATED_MODE_BREAKDOWN
2024-03-16 09:00:00,Japan,Japan,JP,430.34,507.85,21.52,11.59,,true,ESTIMATED_MODE_BREAKDOWN
2024-03-16 10:00:00,Japan,Japan,JP,431.9,509.9,21.23,11.48,,true,ESTIMATED_MODE_BREAKDOWN
2024-03-16 11:00:00,Japan,Japan,JP,430.68,508.45,21.45,11.42,,true,ESTIMATED_MODE_BREAKDOWN
2024-03-16 12:00:00,Japan,Japan,JP,429.92,507.25,21.6,11.43,,true,ESTIMATED_MODE_BREAKDOWN
2024-03-16 13:00:00,Japan,Japan,JP,426.38,503.05,22.25,11.37,,true,ESTIMATED_MODE_BREAKDOWN
2024-03-16 14:00:00,Japan,Japan,JP,426.02,502.81,22.31,11.43,,true,ESTIMATED_MODE_BREAKDOWN
2024-03-16 15:00:00,Japan,Japan,JP,421.11,496.79,23.22,11.53,,true,ESTIMATED_MODE_BREAKDOWN
2024-03-16 16:00:00,Japan,Japan,JP,419.34,494.73,23.54,11.61,,true,ESTIMATED_MODE_BREAKDOWN
2024-03-16 17:00:00,Japan,Japan,JP,420.15,495.7,23.39,11.8,,true,ESTIMATED_MODE_BREAKDOWN
2024-03-16 18:00:00,Japan,Japan,JP,422.81,498.39,22.92,11.82,,true,ESTIMATED_MODE_BREAKDOWN
2024-03-16 19:00:00,Japan,Japan,JP,422.33,497.74,23.01,11.86,,true,ESTIMATED_MODE_BREAKDOWN
2024-03-16 20:00:00,Japan,Japan,JP,422.97,498.71,22.89,11.94,,true,ESTIMATED_MODE_BREAKDOWN
2024-03-16 21:00:00,Japan,Japan,JP,411.57,485.87,24.97,13.51,,true,ESTIMATED_MODE_BREAKDOWN
2024-03-16 22:00:00,Japan,Japan,JP,374.49,445.91,31.73,20.74,,true,ESTIMATED_MODE_BREAKDOWN
2024-03-16 23:00:00,Japan,Japan,JP,328.14,395.31,40.19,29.13,,true,ESTIMATED_MODE_BREAKDOWN
2024-03-17 00:00:00,Japan,Japan,JP,290.74,354.26,47.03,36.47,,true,ESTIMATED_MODE_BREAKDOWN
2024-03-17 01:00:00,Japan,Japan,JP,272.17,333.33,50.43,39.69,,true,ESTIMATED_MODE_BREAKDOWN
2024-03-17 02:00:00,Japan,Japan,JP,272.29,332.9,50.42,39.83,,true,ESTIMATED_MODE_BREAKDOWN
2024-03-17 03:00:00,Japan,Japan,JP,284.05,344.78,48.29,37.45,,true,ESTIMATED_MODE_BREAKDOWN
2024-03-17 04:00:00,Japan,Japan,JP,310.93,374.02,43.39,32.64,,true,ESTIMATED_MODE_BREAKDOWN
2024-03-17 05:00:00,Japan,Japan,JP,329.36,394.53,40.01,29.03,,true,ESTIMATED_MODE_BREAKDOWN
2024-03-17 06:00:00,Japan,Japan,JP,356.61,425.19,35.02,24.48,,true,ESTIMATED_MODE_BREAKDOWN
2024-03-17 07:00:00,Japan,Japan,JP,390.18,461.56,28.89,18.28,,true,ESTIMATED_MODE_BREAKDOWN
2024-03-17 08:00:00,Japan,Japan,JP,417.29,491.73,23.94,14.06,,true,ESTIMATED_MODE_BREAKDOWN
2024-03-17 09:00:00,Japan,Japan,JP,424.96,501.1,22.52,13.0,,true,ESTIMATED_MODE_BREAKDOWN
2024-03-17 10:00:00,Japan,Japan,JP,424.74,500.79,22.56,13.07,,true,ESTIMATED_MODE_BREAKDOWN
2024-03-17 11:00:00,Japan,Japan,JP,421.64,497.04,23.13,13.18,,true,ESTIMATED_MODE_BREAKDOWN
2024-03-17 12:00:00,Japan,Japan,JP,420.26,495.47,23.38,13.25,,true,ESTIMATED_MODE_BREAKDOWN
2024-03-17 13:00:00,Japan,Japan,JP,415.62,490.02,24.23,13.24,,true,ESTIMATED_MODE_BREAKDOWN
2024-03-17 14:00:00,Japan,Japan,JP,415.32,489.42,24.29,13.27,,true,ESTIMATED_MODE_BREAKDOWN
2024-03-17 15:00:00,Japan,Japan,JP,410.28,483.15,25.22,13.39,,true,ESTIMATED_MODE_BREAKDOWN
2024-03-17 16:00:00,Japan,Japan,JP,410.36,483.9,25.19,13.6,,true,ESTIMATED_MODE_BREAKDOWN
2024-03-17 17:00:00,Japan,Japan,JP,410.9,484.45,25.09,13.53,,true,ESTIMATED_MODE_BREAKDOWN
2024-03-17 18:00:00,Japan,Japan,JP,414.91,489.31,24.36,13.62,,true,ESTIMATED_MODE_BREAKDOWN
2024-03-17 19:00:00,Japan,Japan,JP,417.5,491.95,23.89,13.58,,true,ESTIMATED_MODE_BREAKDOWN
2024-03-17 20:00:00,Japan,Japan,JP,419.75,493.87,23.5,13.42,,true,ESTIMATED_MODE_BREAKDOWN
2024-03-17 21:00:00,Japan,Japan,JP,414.29,488.31,24.49,14.79,,true,ESTIMATED_MODE_BREAKDOWN
2024-03-17 22:00:00,Japan,Japan,JP,373.81,445.08,31.86,22.93,,true,ESTIMATED_MODE_BREAKDOWN
2024-03-17 23:00:00,Japan,Japan,JP,318.21,385.78,41.98,33.71,,true,ESTIMATED_MODE_BREAKDOWN
2024-03-18 00:00:00,Japan,Japan,JP,277.02,341.97,49.47,41.45,,true,ESTIMATED_MODE_BREAKDOWN
2024-03-18 01:00:00,Japan,Japan,JP,241.49,304.52,55.93,48.11,,true,ESTIMATED_MODE_BREAKDOWN
2024-03-18 02:00:00,Japan,Japan,JP,224.85,286.9,58.96,51.05,,true,ESTIMATED_MODE_BREAKDOWN
2024-03-18 03:00:00,Japan,Japan,JP,211.79,272.92,61.33,53.06,,true,ESTIMATED_MODE_BREAKDOWN
2024-03-18 04:00:00,Japan,Japan,JP,229.44,292.08,58.11,49.8,,true,ESTIMATED_MODE_BREAKDOWN
2024-03-18 05:00:00,Japan,Japan,JP,254.06,318.96,53.61,45.19,,true,ESTIMATED_MODE_BREAKDOWN
2024-03-18 06:00:00,Japan,Japan,JP,298.25,366.6,45.56,37.1,,true,ESTIMATED_MODE_BREAKDOWN
2024-03-18 07:00:00,Japan,Japan,JP,360.57,433.54,34.21,25.91,,true,ESTIMATED_MODE_BREAKDOWN
2024-03-18 08:00:00,Japan,Japan,JP,417.09,494.25,23.92,15.88,,true,ESTIMATED_MODE_BREAKDOWN
2024-03-18 09:00:00,Japan,Japan,JP,437.26,515.76,20.26,12.6,,true,ESTIMATED_MODE_BREAKDOWN
2024-03-18 10:00:00,Japan,Japan,JP,437.0,515.15,20.31,12.55,,true,ESTIMATED_MODE_BREAKDOWN
2024-03-18 11:00:00,Japan,Japan,JP,436.37,514.38,20.43,12.55,,true,ESTIMATED_MODE_BREAKDOWN
2024-03-18 12:00:00,Japan,Japan,JP,434.62,512.21,20.75,12.51,,true,ESTIMATED_MODE_BREAKDOWN
2024-03-18 13:00:00,Japan,Japan,JP,432.21,509.54,21.19,12.48,,true,ESTIMATED_MODE_BREAKDOWN
2024-03-18 14:00:00,Japan,Japan,JP,431.3,508.58,21.35,12.41,,true,ESTIMATED_MODE_BREAKDOWN
2024-03-18 15:00:00,Japan,Japan,JP,427.98,504.45,21.96,12.35,,true,ESTIMATED_MODE_BREAKDOWN
2024-03-18 16:00:00,Japan,Japan,JP,426.98,503.14,22.15,12.31,,true,ESTIMATED_MODE_BREAKDOWN
2024-03-18 17:00:00,Japan,Japan,JP,428.36,504.84,21.9,12.33,,true,ESTIMATED_MODE_BREAKDOWN
2024-03-18 18:00:00,Japan,Japan,JP,429.08,505.73,21.77,12.3,,true,ESTIMATED_MODE_BREAKDOWN
2024-03-18 19:00:00,Japan,Japan,JP,431.27,508.1,21.37,12.32,,true,ESTIMATED_MODE_BREAKDOWN
2024-03-18 20:00:00,Japan,Japan,JP,431.6,508.41,21.31,12.23,,true,ESTIMATED_MODE_BREAKDOWN
2024-03-18 21:00:00,Japan,Japan,JP,428.87,505.55,21.81,13.35,,true,ESTIMATED_MODE_BREAKDOWN
2024-03-18 22:00:00,Japan,Japan,JP,401.29,476.21,26.83,18.65,,true,ESTIMATED_MODE_BREAKDOWN
2024-03-18 23:00:00,Japan,Japan,JP,364.53,437.38,33.52,26.03,,true,ESTIMATED_MODE_BREAKDOWN
2024-03-19 00:00:00,Japan,Japan,JP,332.02,402.03,39.45,32.06,,true,ESTIMATED_MODE_BREAKDOWN
2024-03-19 01:00:00,Japan,Japan,JP,294.86,361.98,46.22,38.68,,true,ESTIMATED_MODE_BREAKDOWN
2024-03-19 02:00:00,Japan,Japan,JP,280.7,346.09,48.82,41.01,,true,ESTIMATED_MODE_BREAKDOWN
2024-03-19 03:00:00,Japan,Japan,JP,276.38,340.85,49.61,41.57,,true,ESTIMATED_MODE_BREAKDOWN
2024-03-19 04:00:00,Japan,Japan,JP,289.98,355.25,47.14,38.99,,true,ESTIMATED_MODE_BREAKDOWN
2024-03-19 05:00:00,Japan,Japan,JP,307.87,374.39,43.88,35.86,,true,ESTIMATED_MODE_BREAKDOWN
2024-03-19 06:00:00,Japan,Japan,JP,348.13,417.55,36.55,28.34,,true,ESTIMATED_MODE_BREAKDOWN
2024-03-19 07:00:00,Japan,Japan,JP,392.18,466.12,28.5,20.6,,true,ESTIMATED_MODE_BREAKDOWN
2024-03-19 08:00:00,Japan,Japan,JP,426.47,503.63,22.24,14.21,,true,ESTIMATED_MODE_BREAKDOWN
2024-03-19 09:00:00,Japan,Japan,JP,440.27,518.66,19.72,12.05,,true,ESTIMATED_MODE_BREAKDOWN
2024-03-19 10:00:00,Japan,Japan,JP,439.21,517.27,19.92,11.88,,true,ESTIMATED_MODE_BREAKDOWN
2024-03-19 11:00:00,Japan,Japan,JP,439.11,517.08,19.94,11.99,,true,ESTIMATED_MODE_BREAKDOWN
2024-03-19 12:00:00,Japan,Japan,JP,436.06,513.62,20.49,12.04,,true,ESTIMATED_MODE_BREAKDOWN
2024-03-19 13:00:00,Japan,Japan,JP,434.62,512.17,20.75,12.05,,true,ESTIMATED_MODE_BREAKDOWN
2024-03-19 14:00:00,Japan,Japan,JP,432.09,509.11,21.21,11.97,,true,ESTIMATED_MODE_BREAKDOWN
2024-03-19 15:00:00,Japan,Japan,JP,428.8,505.37,21.81,12.06,,true,ESTIMATED_MODE_BREAKDOWN
2024-03-19 16:00:00,Japan,Japan,JP,426.65,503.11,22.2,12.14,,true,ESTIMATED_MODE_BREAKDOWN
2024-03-19 17:00:00,Japan,Japan,JP,427.19,504.28,22.09,12.27,,true,ESTIMATED_MODE_BREAKDOWN
2024-03-19 18:00:00,Japan,Japan,JP,428.82,505.66,21.81,12.29,,true,ESTIMATED_MODE_BREAKDOWN
2024-03-19 19:00:00,Japan,Japan,JP,429.48,505.93,21.7,12.35,,true,ESTIMATED_MODE_BREAKDOWN
2024-03-19 20:00:00,Japan,Japan,JP,428.86,505.03,21.82,12.42,,true,ESTIMATED_MODE_BREAKDOWN
2024-03-19 21:00:00,Japan,Japan,JP,420.26,495.49,23.39,13.88,,true,ESTIMATED_MODE_BREAKDOWN
2024-03-19 22:00:00,Japan,Japan,JP,384.17,456.41,29.97,21.03,,true,ESTIMATED_MODE_BREAKDOWN
2024-03-19 23:00:00,Japan,Japan,JP,341.85,411.1,37.68,29.09,,true,ESTIMATED_MODE_BREAKDOWN
2024-03-20 00:00:00,Japan,Japan,JP,316.31,383.4,42.34,34.15,,true,ESTIMATED_MODE_BREAKDOWN
2024-03-20 01:00:00,Japan,Japan,JP,307.67,372.74,43.94,35.8,,true,ESTIMATED_MODE_BREAKDOWN
2024-03-20 02:00:00,Japan,Japan,JP,308.68,373.7,43.76,35.44,,true,ESTIMATED_MODE_BREAKDOWN
2024-03-20 03:00:00,Japan,Japan,JP,311.85,377.41,43.17,34.8,,true,ESTIMATED_MODE_BREAKDOWN
2024-03-20 04:00:00,Japan,Japan,JP,323.74,390.51,40.99,32.42,,true,ESTIMATED_MODE_BREAKDOWN
2024-03-20 05:00:00,Japan,Japan,JP,333.44,401.52,39.21,30.93,,true,ESTIMATED_MODE_BREAKDOWN
2024-03-20 06:00:00,Japan,Japan,JP,349.62,418.92,36.26,27.6,,true,ESTIMATED_MODE_BREAKDOWN
2024-03-20 07:00:00,Japan,Japan,JP,383.05,455.93,30.15,22.0,,true,ESTIMATED_MODE_BREAKDOWN
2024-03-20 08:00:00,Japan,Japan,JP,421.27,497.27,23.19,15.09,,true,ESTIMATED_MODE_BREAKDOWN
2024-03-20 09:00:00,Japan,Japan,JP,438.01,515.85,20.14,12.62,,true,ESTIMATED_MODE_BREAKDOWN
2024-03-20 10:00:00,Japan,Japan,JP,437.71,515.52,20.19,12.47,,true,ESTIMATED_MODE_BREAKDOWN
2024-03-20 11:00:00,Japan,Japan,JP,438.44,516.31,20.06,12.47,,true,ESTIMATED_MODE_BREAKDOWN
2024-03-20 12:00:00,Japan,Japan,JP,436.34,513.89,20.44,12.45,,true,ESTIMATED_MODE_BREAKDOWN
2024-03-20 13:00:00,Japan,Japan,JP,434.26,511.35,20.82,12.46,,true,ESTIMATED_MODE_BREAKDOWN
2024-03-20 14:00:00,Japan,Japan,JP,433.52,510.92,20.95,12.49,,true,ESTIMATED_MODE_BREAKDOWN
2024-03-20 15:00:00,Japan,Japan,JP,429.0,505.26,21.79,12.63,,true,ESTIMATED_MODE_BREAKDOWN
2024-03-20 16:00:00,Japan,Japan,JP,428.73,504.93,21.84,12.63,,true,ESTIMATED_MODE_BREAKDOWN
2024-03-20 17:00:00,Japan,Japan,JP,427.92,504.24,21.98,12.57,,true,ESTIMATED_MODE_BREAKDOWN
2024-03-20 18:00:00,Japan,Japan,JP,430.84,507.75,21.44,12.59,,true,ESTIMATED_MODE_BREAKDOWN
2024-03-20 19:00:00,Japan,Japan,JP,430.06,507.08,21.58,12.56,,true,ESTIMATED_MODE_BREAKDOWN
2024-03-20 20:00:00,Japan,Japan,JP,432.76,510.41,21.09,12.5,,true,ESTIMATED_MODE_BREAKDOWN
2024-03-20 21:00:00,Japan,Japan,JP,427.17,504.66,22.1,13.94,,true,ESTIMATED_MODE_BREAKDOWN
2024-03-20 22:00:00,Japan,Japan,JP,387.93,462.12,29.26,21.49,,true,ESTIMATED_MODE_BREAKDOWN
2024-03-20 23:00:00,Japan,Japan,JP,340.98,411.91,37.81,30.66,,true,ESTIMATED_MODE_BREAKDOWN
2024-03-21 00:00:00,Japan,Japan,JP,303.32,370.81,44.68,37.65,,true,ESTIMATED_MODE_BREAKDOWN
2024-03-21 01:00:00,Japan,Japan,JP,278.28,344.78,49.22,42.31,,true,ESTIMATED_MODE_BREAKDOWN
2024-03-21 02:00:00,Japan,Japan,JP,266.7,332.13,51.34,43.97,,true,ESTIMATED_MODE_BREAKDOWN
2024-03-21 03:00:00,Japan,Japan,JP,256.87,320.77,53.14,45.57,,true,ESTIMATED_MODE_BREAKDOWN
2024-03-21 04:00:00,Japan,Japan,JP,269.02,333.96,50.92,43.25,,true,ESTIMATED_MODE_BREAKDOWN
2024-03-21 05:00:00,Japan,Japan,JP,290.05,356.57,47.09,39.61,,true,ESTIMATED_MODE_BREAKDOWN
2024-03-21 06:00:00,Japan,Japan,JP,324.44,393.52,40.83,32.92,,true,ESTIMATED_MODE_BREAKDOWN
2024-03-21 07:00:00,Japan,Japan,JP,380.51,454.07,30.61,23.17,,true,ESTIMATED_MODE_BREAKDOWN
2024-03-21 08:00:00,Japan,Japan,JP,425.25,503.06,22.44,14.81,,true,ESTIMATED_MODE_BREAKDOWN
2024-03-21 09:00:00,Japan,Japan,JP,443.45,522.85,19.13,11.98,,true,ESTIMATED_MODE_BREAKDOWN
2024-03-21 10:00:00,Japan,Japan,JP,443.15,522.37,19.19,11.79,,true,ESTIMATED_MODE_BREAKDOWN
2024-03-21 11:00:00,Japan,Japan,JP,443.73,523.02,19.08,11.74,,true,ESTIMATED_MODE_BREAKDOWN
2024-03-21 12:00:00,Japan,Japan,JP,442.14,521.26,19.37,11.71,,true,ESTIMATED_MODE_BREAKDOWN
2024-03-21 13:00:00,Japan,Japan,JP,440.71,519.48,19.63,11.77,,true,ESTIMATED_MODE_BREAKDOWN
2024-03-21 14:00:00,Japan,Japan,JP,437.4,516.01,20.23,11.69,,true,ESTIMATED_MODE_BREAKDOWN
2024-03-21 15:00:00,Japan,Japan,JP,435.59,513.79,20.56,11.74,,true,ESTIMATED_MODE_BREAKDOWN
2024-03-21 16:00:00,Japan,Japan,JP,433.21,510.96,21.0,11.76,,true,ESTIMATED_MODE_BREAKDOWN
2024-03-21 17:00:00,Japan,Japan,JP,435.29,513.6,20.62,11.83,,true,ESTIMATED_MODE_BREAKDOWN
2024-03-21 18:00:00,Japan,Japan,JP,434.61,512.84,20.74,11.84,,true,ESTIMATED_MODE_BREAKDOWN
2024-03-21 19:00:00,Japan,Japan,JP,435.56,514.0,20.57,11.87,,true,ESTIMATED_MODE_BREAKDOWN
2024-03-21 20:00:00,Japan,Japan,JP,437.68,516.63,20.18,11.84,,true,ESTIMATED_MODE_BREAKDOWN
2024-03-21 21:00:00,Japan,Japan,JP,428.09,506.29,21.92,13.79,,true,ESTIMATED_MODE_BREAKDOWN
2024-03-21 22:00:00,Japan,Japan,JP,381.87,455.35,30.38,22.78,,true,ESTIMATED_MODE_BREAKDOWN
2024-03-21 23:00:00,Japan,Japan,JP,325.25,393.69,40.71,33.34,,true,ESTIMATED_MODE_BREAKDOWN
2024-03-22 00:00:00,Japan,Japan,JP,278.44,343.81,49.22,42.0,,true,ESTIMATED_MODE_BREAKDOWN
2024-03-22 01:00:00,Japan,Japan,JP,246.66,309.78,55.01,47.68,,true,ESTIMATED_MODE_BREAKDOWN
2024-03-22 02:00:00,Japan,Japan,JP,228.93,290.61,58.24,50.7,,true,ESTIMATED_MODE_BREAKDOWN
2024-03-22 03:00:00,Japan,Japan,JP,212.97,273.43,61.14,53.35,,true,ESTIMATED_MODE_BREAKDOWN
2024-03-22 04:00:00,Japan,Japan,JP,225.08,286.51,58.93,50.86,,true,ESTIMATED_MODE_BREAKDOWN
2024-03-22 05:00:00,Japan,Japan,JP,248.13,311.35,54.73,46.72,,true,ESTIMATED_MODE_BREAKDOWN
2024-03-22 06:00:00,Japan,Japan,JP,292.37,359.5,46.66,38.22,,true,ESTIMATED_MODE_BREAKDOWN
2024-03-22 07:00:00,Japan,Japan,JP,362.92,435.96,33.8,25.77,,true,ESTIMATED_MODE_BREAKDOWN
2024-03-22 08:00:00,Japan,Japan,JP,421.64,499.18,23.1,14.87,,true,ESTIMATED_MODE_BREAKDOWN
2024-03-22 09:00:00,Japan,Japan,JP,443.17,522.81,19.17,11.51,,true,ESTIMATED_MODE_BREAKDOWN
2024-03-22 10:00:00,Japan,Japan,JP,442.38,521.56,19.32,11.39,,true,ESTIMATED_MODE_BREAKDOWN
2024-03-22 11:00:00,Japan,Japan,JP,442.34,521.27,19.34,11.38,,true,ESTIMATED_MODE_BREAKDOWN
2024-03-22 12:00:00,Japan,Japan,JP,440.3,518.82,19.71,11.4,,true,ESTIMATED_MODE_BREAKDOWN
2024-03-22 13:00:00,Japan,Japan,JP,438.9,517.34,19.96,11.46,,true,ESTIMATED_MODE_BREAKDOWN
2024-03-22 14:00:00,Japan,Japan,JP,436.48,514.92,20.4,11.41,,true,ESTIMATED_MODE_BREAKDOWN
2024-03-22 15:00:00,Japan,Japan,JP,434.25,511.85,20.81,11.3,,true,ESTIMATED_MODE_BREAKDOWN
2024-03-22 16:00:00,Japan,Japan,JP,433.14,510.47,21.02,11.29,,true,ESTIMATED_MODE_BREAKDOWN
2024-03-22 17:00:00,Japan,Japan,JP,432.83,510.1,21.08,11.38,,true,ESTIMATED_MODE_BREAKDOWN
2024-03-22 18:00:00,Japan,Japan,JP,433.56,510.78,20.95,11.48,,true,ESTIMATED_MODE_BREAKDOWN
2024-03-22 19:00:00,Japan,Japan,JP,432.77,509.74,21.1,11.47,,true,ESTIMATED_MODE_BREAKDOWN
2024-03-22 20:00:00,Japan,Japan,JP,433.76,511.0,20.91,11.51,,true,ESTIMATED_MODE_BREAKDOWN
2024-03-22 21:00:00,Japan,Japan,JP,424.71,501.31,22.56,13.1,,true,ESTIMATED_MODE_BREAKDOWN
2024-03-22 22:00:00,Japan,Japan,JP,410.2,485.67,25.2,16.24,,true,ESTIMATED_MODE_BREAKDOWN
2024-03-22 23:00:00,Japan,Japan,JP,401.98,477.25,26.69,18.23,,true,ESTIMATED_MODE_BREAKDOWN
2024-03-23 00:00:00,Japan,Japan,JP,399.01,475.3,27.21,19.32,,true,ESTIMATED_MODE_BREAKDOWN
2024-03-23 01:00:00,Japan,Japan,JP,395.25,471.41,27.89,19.86,,true,ESTIMATED_MODE_BREAKDOWN
2024-03-23 02:00:00,Japan,Japan,JP,390.31,465.62,28.8,20.81,,true,ESTIMATED_MODE_BREAKDOWN
2024-03-23 03:00:00,Japan,Japan,JP,385.39,459.57,29.71,21.23,,true,ESTIMATED_MODE_BREAKDOWN
2024-03-23 04:00:00,Japan,Japan,JP,380.24,453.37,30.67,22.22,,true,ESTIMATED_MODE_BREAKDOWN
2024-03-23 05:00:00,Japan,Japan,JP,382.46,455.05,30.28,21.34,,true,ESTIMATED_MODE_BREAKDOWN
2024-03-23 06:00:00,Japan,Japan,JP,391.52,464.7,28.63,19.94,,true,ESTIMATED_MODE_BREAKDOWN
2024-03-23 07:00:00,Japan,Japan,JP,409.22,483.54,25.41,16.49,,true,ESTIMATED_MODE_BREAKDOWN
2024-03-23 08:00:00,Japan,Japan,JP,433.81,510.8,20.92,12.45,,true,ESTIMATED_MODE_BREAKDOWN
2024-03-23 09:00:00,Japan,Japan,JP,441.16,519.51,19.56,11.12,,true,ESTIMATED_MODE_BREAKDOWN
2024-03-23 10:00:00,Japan,Japan,JP,441.82,520.25,19.44,11.1,,true,ESTIMATED_MODE_BREAKDOWN
2024-03-23 11:00:00,Japan,Japan,JP,439.6,517.69,19.84,11.1,,true,ESTIMATED_MODE_BREAKDOWN
2024-03-23 12:00:00,Japan,Japan,JP,438.35,516.5,20.07,11.13,,true,ESTIMATED_MODE_BREAKDOWN
2024-03-23 13:00:00,Japan,Japan,JP,435.31,512.95,20.62,11.08,,true,ESTIMATED_MODE_BREAKDOWN
2024-03-23 14:00:00,Japan,Japan,JP,435.04,512.57,20.67,11.1,,true,ESTIMATED_MODE_BREAKDOWN
2024-03-23 15:00:00,Japan,Japan,JP,430.17,506.57,21.57,11.07,,true,ESTIMATED_MODE_BREAKDOWN
2024-03-23 16:00:00,Japan,Japan,JP,429.76,506.15,21.65,11.1,,true,ESTIMATED_MODE_BREAKDOWN
2024-03-23 17:00:00,Japan,Japan,JP,428.84,505.22,21.81,11.18,,true,ESTIMATED_MODE_BREAKDOWN
2024-03-23 18:00:00,Japan,Japan,JP,429.72,506.36,21.65,11.26,,true,ESTIMATED_MODE_BREAKDOWN
2024-03-23 19:00:00,Japan,Japan,JP,429.72,506.27,21.65,11.32,,true,ESTIMATED_MODE_BREAKDOWN
2024-03-23 20:00:00,Japan,Japan,JP,429.54,505.97,21.69,11.33,,true,ESTIMATED_MODE_BREAKDOWN
2024-03-23 21:00:00,Japan,Japan,JP,420.0,495.68,23.42,12.7,,true,ESTIMATED_MODE_BREAKDOWN
2024-03-23 22:00:00,Japan,Japan,JP,394.86,468.51,28.01,17.88,,true,ESTIMATED_MODE_BREAKDOWN
2024-03-23 23:00:00,Japan,Japan,JP,368.76,439.7,32.78,22.96,,true,ESTIMATED_MODE_BREAKDOWN
2024-03-24 00:00:00,Japan,Japan,JP,344.89,413.42,37.15,27.51,,true,ESTIMATED_MODE_BREAKDOWN
2024-03-24 01:00:00,Japan,Japan,JP,314.08,379.97,42.77,33.25,,true,ESTIMATED_MODE_BREAKDOWN
2024-03-24 02:00:00,Japan,Japan,JP,303.01,368.77,44.77,35.19,,true,ESTIMATED_MODE_BREAKDOWN
2024-03-24 03:00:00,Japan,Japan,JP,305.73,371.71,44.27,34.81,,true,ESTIMATED_MODE_BREAKDOWN
2024-03-24 04:00:00,Japan,Japan,JP,313.99,381.07,42.75,32.93,,true,ESTIMATED_MODE_BREAKDOWN
2024-03-24 05:00:00,Japan,Japan,JP,335.92,405.26,38.74,28.79,,true,ESTIMATED_MODE_BREAKDOWN
2024-03-24 06:00:00,Japan,Japan,JP,367.01,438.85,33.08,22.8,,true,ESTIMATED_MODE_BREAKDOWN
2024-03-24 07:00:00,Japan,Japan,JP,401.39,475.21,26.83,16.73,,true,ESTIMATED_MODE_BREAKDOWN
2024-03-24 08:00:00,Japan,Japan,JP,428.89,505.76,21.8,12.61,,true,ESTIMATED_MODE_BREAKDOWN
2024-03-24 09:00:00,Japan,Japan,JP,435.24,512.94,20.64,11.6,,true,ESTIMATED_MODE_BREAKDOWN
2024-03-24 10:00:00,Japan,Japan,JP,436.2,513.9,20.47,11.55,,true,ESTIMATED_MODE_BREAKDOWN
2024-03-24 11:00:00,Japan,Japan,JP,434.2,511.67,20.83,11.51,,true,ESTIMATED_MODE_BREAKDOWN
2024-03-24 12:00:00,Japan,Japan,JP,433.19,510.27,21.02,11.5,,true,ESTIMATED_MODE_BREAKDOWN
2024-03-24 13:00:00,Japan,Japan,JP,429.92,506.28,21.62,11.42,,true,ESTIMATED_MODE_BREAKDOWN
2024-03-24 14:00:00,Japan,Japan,JP,428.75,504.78,21.84,11.36,,true,ESTIMATED_MODE_BREAKDOWN
2024-03-24 15:00:00,Japan,Japan,JP,424.02,498.9,22.71,11.31,,true,ESTIMATED_MODE_BREAKDOWN
2024-03-24 16:00:00,Japan,Japan,JP,422.8,497.66,22.93,11.26,,true,ESTIMATED_MODE_BREAKDOWN
2024-03-24 17:00:00,Japan,Japan,JP,424.22,499.59,22.66,11.38,,true,ESTIMATED_MODE_BREAKDOWN
2024-03-24 18:00:00,Japan,Japan,JP,425.37,500.72,22.46,11.41,,true,ESTIMATED_MODE_BREAKDOWN
2024-03-24 19:00:00,Japan,Japan,JP,428.07,503.84,21.97,11.47,,true,ESTIMATED_MODE_BREAKDOWN
2024-03-24 20:00:00,Japan,Japan,JP,428.53,504.68,21.88,11.53,,true,ESTIMATED_MODE_BREAKDOWN
2024-03-24 21:00:00,Japan,Japan,JP,425.15,501.81,22.48,12.84,,true,ESTIMATED_MODE_BREAKDOWN
2024-03-24 22:00:00,Japan,Japan,JP,415.41,491.49,24.25,15.17,,true,ESTIMATED_MODE_BREAKDOWN
2024-03-24 23:00:00,Japan,Japan,JP,405.88,481.37,25.99,17.88,,true,ESTIMATED_MODE_BREAKDOWN
2024-03-25 00:00:00,Japan,Japan,JP,398.43,472.67,27.37,19.61,,true,ESTIMATED_MODE_BREAKDOWN
2024-03-25 01:00:00,Japan,Japan,JP,388.33,462.35,29.2,21.56,,true,ESTIMATED_MODE_BREAKDOWN
2024-03-25 02:00:00,Japan,Japan,JP,380.91,454.43,30.54,22.63,,true,ESTIMATED_MODE_BREAKDOWN
2024-03-25 03:00:00,Japan,Japan,JP,375.79,448.23,31.49,23.26,,true,ESTIMATED_MODE_BREAKDOWN
2024-03-25 04:00:00,Japan,Japan,JP,386.19,459.56,29.59,21.64,,true,ESTIMATED_MODE_BREAKDOWN
2024-03-25 05:00:00,Japan,Japan,JP,398.01,472.46,27.44,19.53,,true,ESTIMATED_MODE_BREAKDOWN
2024-03-25 06:00:00,Japan,Japan,JP,409.44,484.81,25.35,17.22,,true,ESTIMATED_MODE_BREAKDOWN
2024-03-25 07:00:00,Japan,Japan,JP,427.83,504.57,22.0,13.97,,true,ESTIMATED_MODE_BREAKDOWN
2024-03-25 08:00:00,Japan,Japan,JP,438.46,516.72,20.05,12.02,,true,ESTIMATED_MODE_BREAKDOWN
2024-03-25 09:00:00,Japan,Japan,JP,441.37,519.96,19.52,11.48,,true,ESTIMATED_MODE_BREAKDOWN
2024-03-25 10:00:00,Japan,Japan,JP,439.74,518.41,19.81,11.6,,true,ESTIMATED_MODE_BREAKDOWN
2024-03-25 11:00:00,Japan,Japan,JP,438.44,516.94,20.04,11.62,,true,ESTIMATED_MODE_BREAKDOWN
2024-03-25 12:00:00,Japan,Japan,JP,435.86,513.69,20.52,11.64,,true,ESTIMATED_MODE_BREAKDOWN
2024-03-25 13:00:00,Japan,Japan,JP,432.57,509.68,21.13,11.63,,true,ESTIMATED_MODE_BREAKDOWN
2024-03-25 14:00:00,Japan,Japan,JP,430.93,507.68,21.43,11.61,,true,ESTIMATED_MODE_BREAKDOWN
2024-03-25 15:00:00,Japan,Japan,JP,427.59,503.38,22.05,11.69,,true,ESTIMATED_MODE_BREAKDOWN
2024-03-25 16:00:00,Japan,Japan,JP,426.22,501.93,22.3,11.77,,true,ESTIMATED_MODE_BREAKDOWN
2024-03-25 17:00:00,Japan,Japan,JP,426.79,502.83,22.19,11.77,,true,ESTIMATED_MODE_BREAKDOWN
2024-03-25 18:00:00,Japan,Japan,JP,429.17,505.42,21.76,11.83,,true,ESTIMATED_MODE_BREAKDOWN
2024-03-25 19:00:00,Japan,Japan,JP,429.03,504.81,21.8,11.86,,true,ESTIMATED_MODE_BREAKDOWN
2024-03-25 20:00:00,Japan,Japan,JP,429.96,506.15,21.62,11.9,,true,ESTIMATED_MODE_BREAKDOWN
2024-03-25 21:00:00,Japan,Japan,JP,426.19,502.37,22.3,12.54,,true,ESTIMATED_MODE_BREAKDOWN
2024-03-25 22:00:00,Japan,Japan,JP,420.5,497.06,23.32,14.45,,true,ESTIMATED_MODE_BREAKDOWN
2024-03-25 23:00:00,Japan,Japan,JP,417.04,494.13,23.94,16.16,,true,ESTIMATED_MODE_BREAKDOWN
2024-03-26 00:00:00,Japan,Japan,JP,411.07,487.67,25.03,17.62,,true,ESTIMATED_MODE_BREAKDOWN
2024-03-26 01:00:00,Japan,Japan,JP,405.51,481.66,26.04,18.59,,true,ESTIMATED_MODE_BREAKDOWN
2024-03-26 02:00:00,Japan,Japan,JP,400.59,475.97,26.94,19.56,,true,ESTIMATED_MODE_BREAKDOWN
2024-03-26 03:00:00,Japan,Japan,JP,387.39,461.51,29.35,21.48,,true,ESTIMATED_MODE_BREAKDOWN
2024-03-26 04:00:00,Japan,Japan,JP,385.97,461.31,29.58,22.05,,true,ESTIMATED_MODE_BREAKDOWN
2024-03-26 05:00:00,Japan,Japan,JP,387.34,462.58,29.33,21.75,,true,ESTIMATED_MODE_BREAKDOWN
2024-03-26 06:00:00,Japan,Japan,JP,392.67,468.58,28.36,20.62,,true,ESTIMATED_MODE_BREAKDOWN
2024-03-26 07:00:00,Japan,Japan,JP,409.92,487.8,25.2,17.42,,true,ESTIMATED_MODE_BREAKDOWN
2024-03-26 08:00:00,Japan,Japan,JP,429.48,508.66,21.64,13.93,,true,ESTIMATED_MODE_BREAKDOWN
2024-03-26 09:00:00,Japan,Japan,JP,439.78,519.03,19.79,12.36,,true,ESTIMATED_MODE_BREAKDOWN
2024-03-26 10:00:00,Japan,Japan,JP,440.39,519.94,19.67,12.25,,true,ESTIMATED_MODE_BREAKDOWN
2024-03-26 11:00:00,Japan,Japan,JP,440.03,519.54,19.74,12.29,,true,ESTIMATED_MODE_BREAKDOWN
2024-03-26 12:00:00,Japan,Japan,JP,438.51,517.24,20.03,12.25,,true,ESTIMATED_MODE_BREAKDOWN
2024-03-26 13:00:00,Japan,Japan,JP,438.09,516.91,20.1,12.29,,true,ESTIMATED_MODE_BREAKDOWN
2024-03-26 14:00:00,Japan,Japan,JP,435.72,513.86,20.54,12.16,,true,ESTIMATED_MODE_BREAKDOWN
2024-03-26 15:00:00,Japan,Japan,JP,434.16,511.74,20.83,12.22,,true,ESTIMATED_MODE_BREAKDOWN
2024-03-26 16:00:00,Japan,Japan,JP,431.42,511.55,21.27,12.36,,true,ESTIMATED_MODE_BREAKDOWN
2024-03-26 17:00:00,Japan,Japan,JP,433.46,513.95,20.9,12.37,,true,ESTIMATED_MODE_BREAKDOWN
2024-03-26 18:00:00,Japan,Japan,JP,433.89,513.69,20.84,12.26,,true,ESTIMATED_MODE_BREAKDOWN
2024-03-26 19:00:00,Japan,Japan,JP,436.82,516.55,20.31,12.25,,true,ESTIMATED_MODE_BREAKDOWN
2024-03-26 20:00:00,Japan,Japan,JP,437.15,516.95,20.25,12.08,,true,ESTIMATED_MODE_BREAKDOWN
2024-03-26 21:00:00,Japan,Japan,JP,424.64,503.86,22.53,14.83,,true,ESTIMATED_MODE_BREAKDOWN
2024-03-26 22:00:00,Japan,Japan,JP,364.41,439.52,33.49,25.7,,true,ESTIMATED_MODE_BREAKDOWN
2024-03-26 23:00:00,Japan,Japan,JP,300.5,370.97,45.13,38.14,,true,ESTIMATED_MODE_BREAKDOWN
2024-03-27 00:00:00,Japan,Japan,JP,251.7,318.19,54.03,47.04,,true,ESTIMATED_MODE_BREAKDOWN
2024-03-27 01:00:00,Japan,Japan,JP,219.84,283.26,59.85,53.03,,true,ESTIMATED_MODE_BREAKDOWN
2024-03-27 02:00:00,Japan,Japan,JP,205.06,265.98,62.57,55.59,,true,ESTIMATED_MODE_BREAKDOWN
2024-03-27 03:00:00,Japan,Japan,JP,191.72,251.91,64.99,57.73,,true,ESTIMATED_MODE_BREAKDOWN
2024-03-27 04:00:00,Japan,Japan,JP,206.33,267.69,62.33,54.97,,true,ESTIMATED_MODE_BREAKDOWN
2024-03-27 05:00:00,Japan,Japan,JP,232.44,295.94,57.57,49.95,,true,ESTIMATED_MODE_BREAKDOWN
2024-03-27 06:00:00,Japan,Japan,JP,281.83,350.33,48.54,40.85,,true,ESTIMATED_MODE_BREAKDOWN
2024-03-27 07:00:00,Japan,Japan,JP,357.01,432.72,34.81,27.32,,true,ESTIMATED_MODE_BREAKDOWN
2024-03-27 08:00:00,Japan,Japan,JP,421.93,503.12,22.97,15.4,,true,ESTIMATED_MODE_BREAKDOWN
2024-03-27 09:00:00,Japan,Japan,JP,445.38,528.29,18.71,11.6,,true,ESTIMATED_MODE_BREAKDOWN
2024-03-27 10:00:00,Japan,Japan,JP,445.3,527.96,18.73,11.5,,true,ESTIMATED_MODE_BREAKDOWN
2024-03-27 11:00:00,Japan,Japan,JP,445.11,527.7,18.76,11.53,,true,ESTIMATED_MODE_BREAKDOWN
2024-03-27 12:00:00,Japan,Japan,JP,442.47,524.7,19.24,11.56,,true,ESTIMATED_MODE_BREAKDOWN
2024-03-27 13:00:00,Japan,Japan,JP,441.43,523.64,19.43,11.55,,true,ESTIMATED_MODE_BREAKDOWN
2024-03-27 14:00:00,Japan,Japan,JP,439.57,521.25,19.77,11.46,,true,ESTIMATED_MODE_BREAKDOWN
2024-03-27 15:00:00,Japan,Japan,JP,436.59,517.88,20.32,11.7,,true,ESTIMATED_MODE_BREAKDOWN
2024-03-27 16:00:00,Japan,Japan,JP,435.54,516.74,20.51,11.8,,true,ESTIMATED_MODE_BREAKDOWN
2024-03-27 17:00:00,Japan,Japan,JP,435.36,516.1,20.55,11.79,,true,ESTIMATED_MODE_BREAKDOWN
2024-03-27 18:00:00,Japan,Japan,JP,436.79,517.24,20.31,11.84,,true,ESTIMATED_MODE_BREAKDOWN
2024-03-27 19:00:00,Japan,Japan,JP,437.0,517.19,20.27,11.84,,true,ESTIMATED_MODE_BREAKDOWN
2024-03-27 20:00:00,Japan,Japan,JP,438.95,519.4,19.92,11.88,,true,ESTIMATED_MODE_BREAKDOWN
2024-03-27 21:00:00,Japan,Japan,JP,425.85,505.53,22.3,14.14,,true,ESTIMATED_MODE_BREAKDOWN
2024-03-27 22:00:00,Japan,Japan,JP,394.81,472.88,27.94,20.37,,true,ESTIMATED_MODE_BREAKDOWN
2024-03-27 23:00:00,Japan,Japan,JP,364.35,440.36,33.49,26.54,,true,ESTIMATED_MODE_BREAKDOWN
2024-03-28 00:00:00,Japan,Japan,JP,336.22,409.9,38.61,31.61,,true,ESTIMATED_MODE_BREAKDOWN
2024-03-28 01:00:00,Japan,Japan,JP,317.19,389.69,42.08,35.29,,true,ESTIMATED_MODE_BREAKDOWN
2024-03-28 02:00:00,Japan,Japan,JP,327.29,400.25,40.24,33.12,,true,ESTIMATED_MODE_BREAKDOWN
2024-03-28 03:00:00,Japan,Japan,JP,342.09,415.57,37.55,30.38,,true,ESTIMATED_MODE_BREAKDOWN
2024-03-28 04:00:00,Japan,Japan,JP,365.92,440.38,33.23,26.05,,true,ESTIMATED_MODE_BREAKDOWN
2024-03-28 05:00:00,Japan,Japan,JP,391.39,468.55,28.58,21.64,,true,ESTIMATED_MODE_BREAKDOWN
2024-03-28 06:00:00,Japan,Japan,JP,411.92,491.05,24.82,17.63,,true,ESTIMATED_MODE_BREAKDOWN
2024-03-28 07:00:00,Japan,Japan,JP,430.17,511.03,21.49,14.63,,true,ESTIMATED_MODE_BREAKDOWN
2024-03-28 08:00:00,Japan,Japan,JP,439.72,521.45,19.75,12.73,,true,ESTIMATED_MODE_BREAKDOWN
2024-03-28 09:00:00,Japan,Japan,JP,442.78,525.03,19.19,12.24,,true,ESTIMATED_MODE_BREAKDOWN
2024-03-28 10:00:00,Japan,Japan,JP,441.86,523.99,19.35,12.28,,true,ESTIMATED_MODE_BREAKDOWN
2024-03-28 11:00:00,Japan,Japan,JP,440.09,522.27,19.67,12.45,,true,ESTIMATED_MODE_BREAKDOWN
2024-03-28 12:00:00,Japan,Japan,JP,436.75,518.36,20.28,12.61,,true,ESTIMATED_MODE_BREAKDOWN
2024-03-28 13:00:00,Japan,Japan,JP,434.1,515.28,20.76,12.73,,true,ESTIMATED_MODE_BREAKDOWN
2024-03-28 14:00:00,Japan,Japan,JP,430.16,510.79,21.48,12.85,,true,ESTIMATED_MODE_BREAKDOWN
2024-03-28 15:00:00,Japan,Japan,JP,426.09,506.07,22.23,13.1,,true,ESTIMATED_MODE_BREAKDOWN
2024-03-28 16:00:00,Japan,Japan,JP,424.87,504.78,22.45,13.19,,true,ESTIMATED_MODE_BREAKDOWN
2024-03-28 17:00:00,Japan,Japan,JP,424.99,504.94,22.43,13.31,,true,ESTIMATED_MODE_BREAKDOWN
2024-03-28 18:00:00,Japan,Japan,JP,425.32,504.13,22.39,13.34,,true,ESTIMATED_MODE_BREAKDOWN
2024-03-28 19:00:00,Japan,Japan,JP,425.94,504.59,22.29,13.39,,true,ESTIMATED_MODE_BREAKDOWN
2024-03-28 20:00:00,Japan,Japan,JP,425.84,504.68,22.3,13.37,,true,ESTIMATED_MODE_BREAKDOWN
2024-03-28 21:00:00,Japan,Japan,JP,423.13,502.64,22.78,14.17,,true,ESTIMATED_MODE_BREAKDOWN
2024-03-28 22:00:00,Japan,Japan,JP,406.45,485.22,25.8,17.47,,true,ESTIMATED_MODE_BREAKDOWN
2024-03-28 23:00:00,Japan,Japan,JP,386.9,464.33,29.36,21.96,,true,ESTIMATED_MODE_BREAKDOWN
2024-03-29 00:00:00,Japan,Japan,JP,360.54,436.84,34.15,26.95,,true,ESTIMATED_MODE_BREAKDOWN
2024-03-29 01:00:00,Japan,Japan,JP,337.82,413.82,38.25,31.11,,true,ESTIMATED_MODE_BREAKDOWN
2024-03-29 02:00:00,Japan,Japan,JP,314.21,388.11,42.56,35.21,,true,ESTIMATED_MODE_BREAKDOWN
2024-03-29 03:00:00,Japan,Japan,JP,288.75,360.13,47.21,39.49,,true,ESTIMATED_MODE_BREAKDOWN
2024-03-29 04:00:00,Japan,Japan,JP,260.48,328.81,52.39,44.5,,true,ESTIMATED_MODE_BREAKDOWN
2024-03-29 05:00:00,Japan,Japan,JP,248.64,315.59,54.55,46.52,,true,ESTIMATED_MODE_BREAKDOWN
2024-03-29 06:00:00,Japan,Japan,JP,278.82,347.72,49.06,40.93,,true,ESTIMATED_MODE_BREAKDOWN
2024-03-29 07:00:00,Japan,Japan,JP,343.55,417.98,37.25,29.07,,true,ESTIMATED_MODE_BREAKDOWN
2024-03-29 08:00:00,Japan,Japan,JP,409.44,489.41,25.24,17.1,,true,ESTIMATED_MODE_BREAKDOWN
2024-03-29 09:00:00,Japan,Japan,JP,435.3,516.91,20.54,12.49,,true,ESTIMATED_MODE_BREAKDOWN
2024-03-29 10:00:00,Japan,Japan,JP,436.52,517.89,20.33,12.26,,true,ESTIMATED_MODE_BREAKDOWN
2024-03-29 11:00:00,Japan,Japan,JP,435.45,517.22,20.51,12.25,,true,ESTIMATED_MODE_BREAKDOWN
2024-03-29 12:00:00,Japan,Japan,JP,433.69,515.41,20.83,12.22,,true,ESTIMATED_MODE_BREAKDOWN
2024-03-29 13:00:00,Japan,Japan,JP,432.78,514.37,20.99,12.17,,true,ESTIMATED_MODE_BREAKDOWN
2024-03-29 14:00:00,Japan,Japan,JP,429.86,510.99,21.53,12.13,,true,ESTIMATED_MODE_BREAKDOWN
2024-03-29 15:00:00,Japan,Japan,JP,425.14,505.25,22.4,12.63,,true,ESTIMATED_MODE_BREAKDOWN
2024-03-29 16:00:00,Japan,Japan,JP,422.18,502.01,22.94,12.81,,true,ESTIMATED_MODE_BREAKDOWN
2024-03-29 17:00:00,Japan,Japan,JP,424.29,504.31,22.56,12.94,,true,ESTIMATED_MODE_BREAKDOWN
2024-03-29 18:00:00,Japan,Japan,JP,426.31,505.84,22.21,12.88,,true,ESTIMATED_MODE_BREAKDOWN
2024-03-29 19:00:00,Japan,Japan,JP,426.64,505.83,22.16,12.86,,true,ESTIMATED_MODE_BREAKDOWN
2024-03-29 20:00:00,Japan,Japan,JP,424.59,503.59,22.53,13.02,,true,ESTIMATED_MODE_BREAKDOWN
2024-03-29 21:00:00,Japan,Japan,JP,400.23,477.61,26.95,16.87,,true,ESTIMATED_MODE_BREAKDOWN
2024-03-29 22:00:00,Japan,Japan,JP,327.27,398.72,40.25,30.4,,true,ESTIMATED_MODE_BREAKDOWN
2024-03-29 23:00:00,Japan,Japan,JP,250.39,314.79,54.29,44.6,,true,ESTIMATED_MODE_BREAKDOWN
2024-03-30 00:00:00,Japan,Japan,JP,194.73,253.6,64.46,55.22,,true,ESTIMATED_MODE_BREAKDOWN
2024-03-30 01:00:00,Japan,Japan,JP,168.04,224.09,69.34,60.23,,true,ESTIMATED_MODE_BREAKDOWN
2024-03-30 02:00:00,Japan,Japan,JP,161.42,215.32,70.59,61.65,,true,ESTIMATED_MODE_BREAKDOWN
2024-03-30 03:00:00,Japan,Japan,JP,161.44,214.68,70.6,61.41,,true,ESTIMATED_MODE_BREAKDOWN
2024-03-30 04:00:00,Japan,Japan,JP,178.62,233.77,67.45,58.19,,true,ESTIMATED_MODE_BREAKDOWN
2024-03-30 05:00:00,Japan,Japan,JP,210.6,269.66,61.59,51.8,,true,ESTIMATED_MODE_BREAKDOWN
2024-03-30 06:00:00,Japan,Japan,JP,269.97,335.47,50.73,41.0,,true,ESTIMATED_MODE_BREAKDOWN
2024-03-30 07:00:00,Japan,Japan,JP,348.55,421.18,36.38,26.71,,true,ESTIMATED_MODE_BREAKDOWN
2024-03-30 08:00:00,Japan,Japan,JP,408.43,486.67,25.46,16.16,,true,ESTIMATED_MODE_BREAKDOWN
2024-03-30 09:00:00,Japan,Japan,JP,429.28,510.06,21.64,12.73,,true,ESTIMATED_MODE_BREAKDOWN
2024-03-30 10:00:00,Japan,Japan,JP,430.76,512.1,21.36,12.48,,true,ESTIMATED_MODE_BREAKDOWN
2024-03-30 11:00:00,Japan,Japan,JP,428.63,509.7,21.75,12.44,,true,ESTIMATED_MODE_BREAKDOWN
2024-03-30 12:00:00,Japan,Japan,JP,428.18,509.14,21.84,12.44,,true,ESTIMATED_MODE_BREAKDOWN
2024-03-30 13:00:00,Japan,Japan,JP,425.48,506.16,22.33,12.36,,true,ESTIMATED_MODE_BREAKDOWN
2024-03-30 14:00:00,Japan,Japan,JP,425.4,506.07,22.34,12.28,,true,ESTIMATED_MODE_BREAKDOWN
2024-03-30 15:00:00,Japan,Japan,JP,421.23,501.08,23.1,12.37,,true,ESTIMATED_MODE_BREAKDOWN
2024-03-30 16:00:00,Japan,Japan,JP,420.15,499.46,23.31,12.29,,true,ESTIMATED_MODE_BREAKDOWN
2024-03-30 17:00:00,Japan,Japan,JP,420.85,499.85,23.19,12.4,,true,ESTIMATED_MODE_BREAKDOWN
2024-03-30 18:00:00,Japan,Japan,JP,422.86,501.42,22.84,12.57,,true,ESTIMATED_MODE_BREAKDOWN
2024-03-30 19:00:00,Japan,Japan,JP,423.88,501.75,22.68,12.66,,true,ESTIMATED_MODE_BREAKDOWN
2024-03-30 20:00:00,Japan,Japan,JP,420.85,498.49,23.23,12.8,,true,ESTIMATED_MODE_BREAKDOWN
2024-03-30 21:00:00,Japan,Japan,JP,396.85,473.0,27.59,16.85,,true,ESTIMATED_MODE_BREAKDOWN
2024-03-30 22:00:00,Japan,Japan,JP,319.42,389.8,41.69,30.52,,true,ESTIMATED_MODE_BREAKDOWN
2024-03-30 23:00:00,Japan,Japan,JP,238.89,302.54,56.38,45.82,,true,ESTIMATED_MODE_BREAKDOWN
2024-03-31 00:00:00,Japan,Japan,JP,183.1,240.17,66.6,56.34,,true,ESTIMATED_MODE_BREAKDOWN
2024-03-31 01:00:00,Japan,Japan,JP,165.77,220.85,69.77,59.95,,true,ESTIMATED_MODE_BREAKDOWN
2024-03-31 02:00:00,Japan,Japan,JP,173.14,227.85,68.45,58.46,,true,ESTIMATED_MODE_BREAKDOWN
2024-03-31 03:00:00,Japan,Japan,JP,191.79,248.71,65.04,55.31,,true,ESTIMATED_MODE_BREAKDOWN
2024-03-31 04:00:00,Japan,Japan,JP,202.75,262.46,63.0,53.07,,true,ESTIMATED_MODE_BREAKDOWN
2024-03-31 05:00:00,Japan,Japan,JP,235.76,298.4,56.97,46.59,,true,ESTIMATED_MODE_BREAKDOWN
2024-03-31 06:00:00,Japan,Japan,JP,304.19,373.49,44.47,34.31,,true,ESTIMATED_MODE_BREAKDOWN
2024-03-31 07:00:00,Japan,Japan,JP,369.64,445.41,32.51,22.55,,true,ESTIMATED_MODE_BREAKDOWN
2024-03-31 08:00:00,Japan,Japan,JP,416.96,496.53,23.89,14.4,,true,ESTIMATED_MODE_BREAKDOWN
2024-03-31 09:00:00,Japan,Japan,JP,431.52,512.66,21.23,12.43,,true,ESTIMATED_MODE_BREAKDOWN
2024-03-31 10:00:00,Japan,Japan,JP,430.25,511.11,21.47,12.29,,true,ESTIMATED_MODE_BREAKDOWN
2024-03-31 11:00:00,Japan,Japan,JP,430.48,511.25,21.43,12.29,,true,ESTIMATED_MODE_BREAKDOWN
2024-03-31 12:00:00,Japan,Japan,JP,426.94,507.21,22.07,12.25,,true,ESTIMATED_MODE_BREAKDOWN
2024-03-31 13:00:00,Japan,Japan,JP,425.76,505.24,22.3,12.21,,true,ESTIMATED_MODE_BREAKDOWN
2024-03-31 14:00:00,Japan,Japan,JP,424.66,503.75,22.51,12.06,,true,ESTIMATED_MODE_BREAKDOWN
2024-03-31 15:00:00,Japan,Japan,JP,423.16,500.8,22.8,11.82,,true,ESTIMATED_MODE_BREAKDOWN
2024-03-31 16:00:00,Japan,Japan,JP,422.26,499.74,22.97,11.76,,true,ESTIMATED_MODE_BREAKDOWN
2024-03-31 17:00:00,Japan,Japan,JP,424.72,502.25,22.53,11.84,,true,ESTIMATED_MODE_BREAKDOWN
2024-03-31 18:00:00,Japan,Japan,JP,425.75,503.36,22.35,11.87,,true,ESTIMATED_MODE_BREAKDOWN
2024-03-31 19:00:00,Japan,Japan,JP,428.56,506.73,21.83,11.88,,true,ESTIMATED_MODE_BREAKDOWN
2024-03-31 20:00:00,Japan,Japan,JP,428.02,507.03,21.91,11.97,,true,ESTIMATED_MODE_BREAKDOWN
2024-03-31 21:00:00,Japan,Japan,JP,412.71,490.9,24.69,14.93,,true,ESTIMATED_MODE_BREAKDOWN
2024-03-31 22:00:00,Japan,Japan,JP,356.72,430.55,34.89,25.77,,true,ESTIMATED_MODE_BREAKDOWN
2024-03-31 23:00:00,Japan,Japan,JP,293.69,363.06,46.37,37.76,,true,ESTIMATED_MODE_BREAKDOWN
2024-04-01 00:00:00,Japan,Japan,JP,240.97,306.62,55.97,47.99,,true,ESTIMATED_MODE_BREAKDOWN
2024-04-01 01:00:00,Japan,Japan,JP,212.69,275.96,61.13,53.37,,true,ESTIMATED_MODE_BREAKDOWN
2024-04-01 02:00:00,Japan,Japan,JP,204.78,267.51,62.57,54.93,,true,ESTIMATED_MODE_BREAKDOWN
2024-04-01 03:00:00,Japan,Japan,JP,203.02,265.58,62.89,54.93,,true,ESTIMATED_MODE_BREAKDOWN
2024-04-01 04:00:00,Japan,Japan,JP,221.88,286.41,59.44,51.67,,true,ESTIMATED_MODE_BREAKDOWN
2024-04-01 05:00:00,Japan,Japan,JP,236.63,302.7,56.74,48.58,,true,ESTIMATED_MODE_BREAKDOWN
2024-04-01 06:00:00,Japan,Japan,JP,275.11,344.26,49.73,41.6,,true,ESTIMATED_MODE_BREAKDOWN
2024-04-01 07:00:00,Japan,Japan,JP,344.03,418.47,37.17,29.0,,true,ESTIMATED_MODE_BREAKDOWN
2024-04-01 08:00:00,Japan,Japan,JP,407.91,487.66,25.52,17.54,,true,ESTIMATED_MODE_BREAKDOWN
2024-04-01 09:00:00,Japan,Japan,JP,434.41,515.97,20.7,12.71,,true,ESTIMATED_MODE_BREAKDOWN
2024-04-01 10:00:00,Japan,Japan,JP,436.24,517.82,20.37,12.53,,true,ESTIMATED_MODE_BREAKDOWN
2024-04-01 11:00:00,Japan,Japan,JP,435.16,516.63,20.57,12.37,,true,ESTIMATED_MODE_BREAKDOWN
2024-04-01 12:00:00,Japan,Japan,JP,434.17,515.26,20.75,12.38,,true,ESTIMATED_MODE_BREAKDOWN
2024-04-01 13:00:00,Japan,Japan,JP,430.79,511.03,21.38,12.39,,true,ESTIMATED_MODE_BREAKDOWN
2024-04-01 14:00:00,Japan,Japan,JP,430.26,510.11,21.48,12.5,,true,ESTIMATED_MODE_BREAKDOWN
2024-04-01 15:00:00,Japan,Japan,JP,425.92,504.44,22.29,12.51,,true,ESTIMATED_MODE_BREAKDOWN
2024-04-01 16:00:00,Japan,Japan,JP,425.62,504.25,22.34,12.61,,true,ESTIMATED_MODE_BREAKDOWN
2024-04-01 17:00:00,Japan,Japan,JP,425.73,504.13,22.33,12.6,,true,ESTIMATED_MODE_BREAKDOWN
2024-04-01 18:00:00,Japan,Japan,JP,429.25,507.88,21.69,12.62,,true,ESTIMATED_MODE_BREAKDOWN
2024-04-01 19:00:00,Japan,Japan,JP,429.21,507.75,21.71,12.55,,true,ESTIMATED_MODE_BREAKDOWN
2024-04-01 20:00:00,Japan,Japan,JP,431.39,510.61,21.3,12.63,,true,ESTIMATED_MODE_BREAKDOWN
2024-04-01 21:00:00,Japan,Japan,JP,408.18,486.09,25.52,16.83,,true,ESTIMATED_MODE_BREAKDOWN
2024-04-01 22:00:00,Japan,Japan,JP,341.83,414.03,37.62,28.96,,true,ESTIMATED_MODE_BREAKDOWN
2024-04-01 23:00:00,Japan,Japan,JP,286.5,353.8,47.72,39.75,,true,ESTIMATED_MODE_BREAKDOWN
2024-04-02 00:00:00,Japan,Japan,JP,248.43,313.07,54.66,47.16,,true,ESTIMATED_MODE_BREAKDOWN
2024-04-02 01:00:00,Japan,Japan,JP,222.66,285.48,59.35,51.7,,true,ESTIMATED_MODE_BREAKDOWN
2024-04-02 02:00:00,Japan,Japan,JP,224.83,288.19,58.94,51.5,,true,ESTIMATED_MODE_BREAKDOWN
2024-04-02 03:00:00,Japan,Japan,JP,233.19,296.78,57.43,49.38,,true,ESTIMATED_MODE_BREAKDOWN
2024-04-02 04:00:00,Japan,Japan,JP,271.69,338.09,50.42,42.69,,true,ESTIMATED_MODE_BREAKDOWN
2024-04-02 05:00:00,Japan,Japan,JP,306.31,375.94,44.09,36.41,,true,ESTIMATED_MODE_BREAKDOWN
2024-04-02 06:00:00,Japan,Japan,JP,342.63,415.76,37.46,29.38,,true,ESTIMATED_MODE_BREAKDOWN
2024-04-02 07:00:00,Japan,Japan,JP,388.33,466.27,29.1,21.22,,true,ESTIMATED_MODE_BREAKDOWN
2024-04-02 08:00:00,Japan,Japan,JP,425.9,507.0,22.25,14.05,,true,ESTIMATED_MODE_BREAKDOWN
2024-04-02 09:00:00,Japan,Japan,JP,439.98,522.27,19.69,11.98,,true,ESTIMATED_MODE_BREAKDOWN
2024-04-02 10:00:00,Japan,Japan,JP,438.91,520.98,19.88,11.82,,true,ESTIMATED_MODE_BREAKDOWN
2024-04-02 11:00:00,Japan,Japan,JP,439.0,521.08,19.87,11.88,,true,ESTIMATED_MODE_BREAKDOWN
2024-04-02 12:00:00,Japan,Japan,JP,435.63,517.28,20.48,11.82,,true,ESTIMATED_MODE_BREAKDOWN
2024-04-02 13:00:00,Japan,Japan,JP,434.48,515.88,20.69,11.85,,true,ESTIMATED_MODE_BREAKDOWN
2024-04-02 14:00:00,Japan,Japan,JP,433.31,513.53,20.93,11.75,,true,ESTIMATED_MODE_BREAKDOWN
2024-04-02 15:00:00,Japan,Japan,JP,430.25,509.01,21.51,11.82,,true,ESTIMATED_MODE_BREAKDOWN
2024-04-02 16:00:00,Japan,Japan,JP,428.51,506.95,21.83,11.88,,true,ESTIMATED_MODE_BREAKDOWN
2024-04-02 17:00:00,Japan,Japan,JP,430.16,508.88,21.53,11.89,,true,ESTIMATED_MODE_BREAKDOWN
2024-04-02 18:00:00,Japan,Japan,JP,431.54,510.29,21.28,11.89,,true,ESTIMATED_MODE_BREAKDOWN
2024-04-02 19:00:00,Japan,Japan,JP,433.79,512.84,20.87,11.91,,true,ESTIMATED_MODE_BREAKDOWN
2024-04-02 20:00:00,Japan,Japan,JP,432.63,511.8,21.08,11.99,,true,ESTIMATED_MODE_BREAKDOWN
2024-04-02 21:00:00,Japan,Japan,JP,421.75,500.52,23.05,13.89,,true,ESTIMATED_MODE_BREAKDOWN
2024-04-02 22:00:00,Japan,Japan,JP,406.53,484.48,25.82,17.46,,true,ESTIMATED_MODE_BREAKDOWN
2024-04-02 23:00:00,Japan,Japan,JP,395.86,472.52,27.78,20.08,,true,ESTIMATED_MODE_BREAKDOWN
2024-04-03 00:00:00,Japan,Japan,JP,386.62,463.11,29.45,22.19,,true,ESTIMATED_MODE_BREAKDOWN
2024-04-03 01:00:00,Japan,Japan,JP,384.77,461.72,29.77,22.63,,true,ESTIMATED_MODE_BREAKDOWN
2024-04-03 02:00:00,Japan,Japan,JP,386.94,464.78,29.36,22.14,,true,ESTIMATED_MODE_BREAKDOWN
2024-04-03 03:00:00,Japan,Japan,JP,390.71,468.44,28.68,21.19,,true,ESTIMATED_MODE_BREAKDOWN
2024-04-03 04:00:00,Japan,Japan,JP,400.63,478.71,26.89,19.71,,true,ESTIMATED_MODE_BREAKDOWN
2024-04-03 05:00:00,Japan,Japan,JP,410.42,489.64,25.09,17.77,,true,ESTIMATED_MODE_BREAKDOWN
2024-04-03 06:00:00,Japan,Japan,JP,418.86,499.7,23.53,16.19,,true,ESTIMATED_MODE_BREAKDOWN
2024-04-03 07:00:00,Japan,Japan,JP,429.73,512.05,21.54,14.31,,true,ESTIMATED_MODE_BREAKDOWN
2024-04-03 08:00:00,Japan,Japan,JP,438.13,520.77,20.01,12.65,,true,ESTIMATED_MODE_BREAKDOWN
2024-04-03 09:00:00,Japan,Japan,JP,441.66,524.13,19.38,12.08,,true,ESTIMATED_MODE_BREAKDOWN
2024-04-03 10:00:00,Japan,Japan,JP,440.72,522.85,19.56,11.98,,true,ESTIMATED_MODE_BREAKDOWN
2024-04-03 11:00:00,Japan,Japan,JP,439.0,520.66,19.88,11.95,,true,ESTIMATED_MODE_BREAKDOWN
2024-04-03 12:00:00,Japan,Japan,JP,437.38,518.75,20.17,11.92,,true,ESTIMATED_MODE_BREAKDOWN
2024-04-03 13:00:00,Japan,Japan,JP,435.55,516.35,20.51,11.81,,true,ESTIMATED_MODE_BREAKDOWN
2024-04-03 14:00:00,Japan,Japan,JP,434.36,514.65,20.74,11.79,,true,ESTIMATED_MODE_BREAKDOWN
2024-04-03 15:00:00,Japan,Japan,JP,430.04,508.58,21.55,11.84,,true,ESTIMATED_MODE_BREAKDOWN
2024-04-03 16:00:00,Japan,Japan,JP,429.16,508.11,21.7,11.92,,true,ESTIMATED_MODE_BREAKDOWN
2024-04-03 17:00:00,Japan,Japan,JP,428.44,507.59,21.82,11.96,,true,ESTIMATED_MODE_BREAKDOWN
2024-04-03 18:00:00,Japan,Japan,JP,431.49,511.12,21.27,12.14,,true,ESTIMATED_MODE_BREAKDOWN
2024-04-03 19:00:00,Japan,Japan,JP,430.09,509.35,21.53,12.13,,true,ESTIMATED_MODE_BREAKDOWN
2024-04-03 20:00:00,Japan,Japan,JP,431.65,511.42,21.24,12.28,,true,ESTIMATED_MODE_BREAKDOWN
2024-04-03 21:00:00,Japan,Japan,JP,417.42,496.3,23.83,14.52,,true,ESTIMATED_MODE_BREAKDOWN
2024-04-03 22:00:00,Japan,Japan,JP,387.7,465.38,29.22,20.62,,true,ESTIMATED_MODE_BREAKDOWN
2024-04-03 23:00:00,Japan,Japan,JP,352.6,427.92,35.61,27.41,,true,ESTIMATED_MODE_BREAKDOWN
2024-04-04 00:00:00,Japan,Japan,JP,306.79,377.94,43.98,36.32,,true,ESTIMATED_MODE_BREAKDOWN
2024-04-04 01:00:00,Japan,Japan,JP,281.7,350.62,48.55,40.82,,true,ESTIMATED_MODE_BREAKDOWN
2024-04-04 02:00:00,Japan,Japan,JP,271.45,340.04,50.41,42.94,,true,ESTIMATED_MODE_BREAKDOWN
2024-04-04 03:00:00,Japan,Japan,JP,268.06,336.43,51.02,42.77,,true,ESTIMATED_MODE_BREAKDOWN
2024-04-04 04:00:00,Japan,Japan,JP,292.19,362.71,46.62,38.98,,true,ESTIMATED_MODE_BREAKDOWN
2024-04-04 05:00:00,Japan,Japan,JP,315.52,387.48,42.38,34.38,,true,ESTIMATED_MODE_BREAKDOWN
2024-04-04 06:00:00,Japan,Japan,JP,351.05,425.58,35.91,28.02,,true,ESTIMATED_MODE_BREAKDOWN
2024-04-04 07:00:00,Japan,Japan,JP,391.57,468.99,28.53,20.42,,true,ESTIMATED_MODE_BREAKDOWN
2024-04-04 08:00:00,Japan,Japan,JP,425.53,506.1,22.33,14.6,,true,ESTIMATED_MODE_BREAKDOWN
2024-04-04 09:00:00,Japan,Japan,JP,437.02,519.06,20.22,12.3,,true,ESTIMATED_MODE_BREAKDOWN
2024-04-04 10:00:00,Japan,Japan,JP,438.83,521.16,19.89,12.13,,true,ESTIMATED_MODE_BREAKDOWN
2024-04-04 11:00:00,Japan,Japan,JP,435.95,517.85,20.42,12.08,,true,ESTIMATED_MODE_BREAKDOWN
2024-04-04 12:00:00,Japan,Japan,JP,436.39,517.92,20.35,12.07,,true,ESTIMATED_MODE_BREAKDOWN
2024-04-04 13:00:00,Japan,Japan,JP,433.01,513.53,20.97,11.94,,true,ESTIMATED_MODE_BREAKDOWN
2024-04-04 14:00:00,Japan,Japan,JP,433.18,513.4,20.95,11.95,,true,ESTIMATED_MODE_BREAKDOWN
2024-04-04 15:00:00,Japan,Japan,JP,429.09,508.08,21.71,11.88,,true,ESTIMATED_MODE_BREAKDOWN
2024-04-04 16:00:00,Japan,Japan,JP,429.31,508.68,21.66,11.98,,true,ESTIMATED_MODE_BREAKDOWN
2024-04-04 17:00:00,Japan,Japan,JP,428.52,507.7,21.81,12.03,,true,ESTIMATED_MODE_BREAKDOWN
2024-04-04 18:00:00,Japan,Japan,JP,431.14,510.35,21.34,12.15,,true,ESTIMATED_MODE_BREAKDOWN
2024-04-04 19:00:00,Japan,Japan,JP,432.33,511.36,21.13,12.22,,true,ESTIMATED_MODE_BREAKDOWN
2024-04-04 20:00:00,Japan,Japan,JP,430.23,509.41,21.51,12.42,,true,ESTIMATED_MODE_BREAKDOWN
2024-04-04 21:00:00,Japan,Japan,JP,416.97,496.19,23.9,14.86,,true,ESTIMATED_MODE_BREAKDOWN
2024-04-04 22:00:00,Japan,Japan,JP,391.69,469.76,28.49,20.2,,true,ESTIMATED_MODE_BREAKDOWN
2024-04-04 23:00:00,Japan,Japan,JP,367.7,443.98,32.86,25.16,,true,ESTIMATED_MODE_BREAKDOWN
2024-04-05 00:00:00,Japan,Japan,JP,346.6,422.06,36.69,29.36,,true,ESTIMATED_MODE_BREAKDOWN
2024-04-05 01:00:00,Japan,Japan,JP,332.31,406.62,39.3,31.99,,true,ESTIMATED_MODE_BREAKDOWN
2024-04-05 02:00:00,Japan,Japan,JP,326.89,399.52,40.31,32.86,,true,ESTIMATED_MODE_BREAKDOWN
2024-04-05 03:00:00,Japan,Japan,JP,320.6,392.64,41.45,33.64,,true,ESTIMATED_MODE_BREAKDOWN
2024-04-05 04:00:00,Japan,Japan,JP,333.49,406.77,39.1,31.59,,true,ESTIMATED_MODE_BREAKDOWN
2024-04-05 05:00:00,Japan,Japan,JP,350.18,424.53,36.06,28.4,,true,ESTIMATED_MODE_BREAKDOWN
2024-04-05 06:00:00,Japan,Japan,JP,370.58,446.89,32.34,24.61,,true,ESTIMATED_MODE_BREAKDOWN
2024-04-05 07:00:00,Japan,Japan,JP,398.96,478.14,27.15,19.56,,true,ESTIMATED_MODE_BREAKDOWN
2024-04-05 08:00:00,Japan,Japan,JP,426.17,507.61,22.2,14.51,,true,ESTIMATED_MODE_BREAKDOWN
2024-04-05 09:00:00,Japan,Japan,JP,441.8,523.57,19.37,11.87,,true,ESTIMATED_MODE_BREAKDOWN
2024-04-05 10:00:00,Japan,Japan,JP,442.23,522.9,19.32,11.59,,true,ESTIMATED_MODE_BREAKDOWN
2024-04-05 11:00:00,Japan,Japan,JP,440.84,520.78,19.59,11.57,,true,ESTIMATED_MODE_BREAKDOWN
2024-04-05 12:00:00,Japan,Japan,JP,440.35,520.09,19.68,11.54,,true,ESTIMATED_MODE_BREAKDOWN
2024-04-05 13:00:00,Japan,Japan,JP,439.02,518.68,19.92,11.52,,true,ESTIMATED_MODE_BREAKDOWN
2024-04-05 14:00:00,Japan,Japan,JP,437.84,517.3,20.13,11.49,,true,ESTIMATED_MODE_BREAKDOWN
2024-04-05 15:00:00,Japan,Japan,JP,432.1,510.26,21.19,11.47,,true,ESTIMATED_MODE_BREAKDOWN
2024-04-05 16:00:00,Japan,Japan,JP,430.84,508.39,21.43,11.58,,true,ESTIMATED_MODE_BREAKDOWN
2024-04-05 17:00:00,Japan,Japan,JP,431.3,508.94,21.35,11.64,,true,ESTIMATED_MODE_BREAKDOWN
2024-04-05 18:00:00,Japan,Japan,JP,433.31,510.95,20.99,11.72,,true,ESTIMATED_MODE_BREAKDOWN
2024-04-05 19:00:00,Japan,Japan,JP,432.86,510.18,21.08,11.78,,true,ESTIMATED_MODE_BREAKDOWN
2024-04-05 20:00:00,Japan,Japan,JP,432.98,510.12,21.06,11.96,,true,ESTIMATED_MODE_BREAKDOWN
2024-04-05 21:00:00,Japan,Japan,JP,414.13,489.82,24.49,15.04,,true,ESTIMATED_MODE_BREAKDOWN
2024-04-05 22:00:00,Japan,Japan,JP,371.17,444.18,32.31,22.92,,true,ESTIMATED_MODE_BREAKDOWN
2024-04-05 23:00:00,Japan,Japan,JP,325.03,395.95,40.68,31.45,,true,ESTIMATED_MODE_BREAKDOWN
2024-04-06 00:00:00,Japan,Japan,JP,283.59,351.39,48.23,39.2,,true,ESTIMATED_MODE_BREAKDOWN
2024-04-06 01:00:00,Japan,Japan,JP,262.56,328.37,52.07,43.17,,true,ESTIMATED_MODE_BREAKDOWN
2024-04-06 02:00:00,Japan,Japan,JP,256.72,322.83,53.12,44.14,,true,ESTIMATED_MODE_BREAKDOWN
2024-04-06 03:00:00,Japan,Japan,JP,253.6,320.13,53.66,44.23,,true,ESTIMATED_MODE_BREAKDOWN
2024-04-06 04:00:00,Japan,Japan,JP,269.19,336.53,50.83,41.62,,true,ESTIMATED_MODE_BREAKDOWN
2024-04-06 05:00:00,Japan,Japan,JP,301.92,370.21,44.91,35.31,,true,ESTIMATED_MODE_BREAKDOWN
2024-04-06 06:00:00,Japan,Japan,JP,346.92,418.43,36.72,27.36,,true,ESTIMATED_MODE_BREAKDOWN
2024-04-06 07:00:00,Japan,Japan,JP,392.79,468.01,28.36,19.03,,true,ESTIMATED_MODE_BREAKDOWN
2024-04-06 08:00:00,Japan,Japan,JP,426.44,504.72,22.21,13.11,,true,ESTIMATED_MODE_BREAKDOWN
2024-04-06 09:00:00,Japan,Japan,JP,437.71,517.25,20.16,11.63,,true,ESTIMATED_MODE_BREAKDOWN
2024-04-06 10:00:00,Japan,Japan,JP,438.28,517.65,20.06,11.55,,true,ESTIMATED_MODE_BREAKDOWN
2024-04-06 11:00:00,Japan,Japan,JP,436.21,515.4,20.43,11.59,,true,ESTIMATED_MODE_BREAKDOWN
2024-04-06 12:00:00,Japan,Japan,JP,434.96,513.86,20.66,11.55,,true,ESTIMATED_MODE_BREAKDOWN
2024-04-06 13:00:00,Japan,Japan,JP,433.08,511.89,21.0,11.48,,true,ESTIMATED_MODE_BREAKDOWN
2024-04-06 14:00:00,Japan,Japan,JP,431.05,509.21,21.38,11.38,,true,ESTIMATED_MODE_BREAKDOWN
2024-04-06 15:00:00,Japan,Japan,JP,425.95,502.7,22.32,11.53,,true,ESTIMATED_MODE_BREAKDOWN
2024-04-06 16:00:00,Japan,Japan,JP,424.37,500.92,22.61,11.64,,true,ESTIMATED_MODE_BREAKDOWN
2024-04-06 17:00:00,Japan,Japan,JP,425.49,502.17,22.41,11.7,,true,ESTIMATED_MODE_BREAKDOWN
2024-04-06 18:00:00,Japan,Japan,JP,426.53,503.55,22.22,11.82,,true,ESTIMATED_MODE_BREAKDOWN
2024-04-06 19:00:00,Japan,Japan,JP,428.42,505.55,21.88,11.91,,true,ESTIMATED_MODE_BREAKDOWN
2024-04-06 20:00:00,Japan,Japan,JP,425.25,501.41,22.47,12.02,,true,ESTIMATED_MODE_BREAKDOWN
2024-04-06 21:00:00,Japan,Japan,JP,401.86,475.92,26.74,15.8,,true,ESTIMATED_MODE_BREAKDOWN
2024-04-06 22:00:00,Japan,Japan,JP,343.33,413.41,37.39,26.8,,true,ESTIMATED_MODE_BREAKDOWN
2024-04-06 23:00:00,Japan,Japan,JP,273.97,337.71,50.05,39.28,,true,ESTIMATED_MODE_BREAKDOWN
2024-04-07 00:00:00,Japan,Japan,JP,220.32,280.62,59.81,49.22,,true,ESTIMATED_MODE_BREAKDOWN
2024-04-07 01:00:00,Japan,Japan,JP,188.68,247.09,65.56,55.29,,true,ESTIMATED_MODE_BREAKDOWN
2024-04-07 02:00:00,Japan,Japan,JP,183.71,242.12,66.46,56.24,,true,ESTIMATED_MODE_BREAKDOWN
2024-04-07 03:00:00,Japan,Japan,JP,181.53,239.93,66.86,56.66,,true,ESTIMATED_MODE_BREAKDOWN
2024-04-07 04:00:00,Japan,Japan,JP,193.57,252.42,64.67,54.2,,true,ESTIMATED_MODE_BREAKDOWN
2024-04-07 05:00:00,Japan,Japan,JP,214.28,273.83,60.92,50.52,,true,ESTIMATED_MODE_BREAKDOWN
2024-04-07 06:00:00,Japan,Japan,JP,274.55,339.98,49.91,39.48,,true,ESTIMATED_MODE_BREAKDOWN
2024-04-07 07:00:00,Japan,Japan,JP,346.29,418.01,36.82,26.53,,true,ESTIMATED_MODE_BREAKDOWN
2024-04-07 08:00:00,Japan,Japan,JP,409.24,486.37,25.34,15.5,,true,ESTIMATED_MODE_BREAKDOWN
2024-04-07 09:00:00,Japan,Japan,JP,433.3,512.89,20.95,11.78,,true,ESTIMATED_MODE_BREAKDOWN
2024-04-07 10:00:00,Japan,Japan,JP,435.33,514.29,20.6,11.47,,true,ESTIMATED_MODE_BREAKDOWN
2024-04-07 11:00:00,Japan,Japan,JP,434.55,513.39,20.74,11.44,,true,ESTIMATED_MODE_BREAKDOWN
2024-04-07 12:00:00,Japan,Japan,JP,432.39,510.18,21.15,11.4,,true,ESTIMATED_MODE_BREAKDOWN
2024-04-07 13:00:00,Japan,Japan,JP,428.04,505.16,21.94,11.38,,true,ESTIMATED_MODE_BREAKDOWN
2024-04-07 14:00:00,Japan,Japan,JP,428.41,505.93,21.86,11.31,,true,ESTIMATED_MODE_BREAKDOWN
2024-04-07 15:00:00,Japan,Japan,JP,424.71,501.2,22.55,11.21,,true,ESTIMATED_MODE_BREAKDOWN
2024-04-07 16:00:00,Japan,Japan,JP,423.61,499.72,22.76,11.2,,true,ESTIMATED_MODE_BREAKDOWN
2024-04-07 17:00:00,Japan,Japan,JP,423.53,500.21,22.76,11.37,,true,ESTIMATED_MODE_BREAKDOWN
2024-04-07 18:00:00,Japan,Japan,JP,426.31,503.47,22.25,11.48,,true,ESTIMATED_MODE_BREAKDOWN
2024-04-07 19:00:00,Japan,Japan,JP,425.5,502.57,22.4,11.57,,true,ESTIMATED_MODE_BREAKDOWN
2024-04-07 20:00:00,Japan,Japan,JP,424.53,502.24,22.56,12.12,,true,ESTIMATED_MODE_BREAKDOWN
2024-04-07 21:00:00,Japan,Japan,JP,409.22,485.37,25.36,14.84,,true,ESTIMATED_MODE_BREAKDOWN
2024-04-07 22:00:00,Japan,Japan,JP,377.51,451.43,31.14,21.57,,true,ESTIMATED_MODE_BREAKDOWN
2024-04-07 23:00:00,Japan,Japan,JP,350.13,422.05,36.13,27.28,,true,ESTIMATED_MODE_BREAKDOWN
2024-04-08 00:00:00,Japan,Japan,JP,331.38,402.17,39.54,31.26,,true,ESTIMATED_MODE_BREAKDOWN
2024-04-08 01:00:00,Japan,Japan,JP,318.27,388.62,41.92,33.58,,true,ESTIMATED_MODE_BREAKDOWN
2024-04-08 02:00:00,Japan,Japan,JP,324.26,395.14,40.82,32.43,,true,ESTIMATED_MODE_BREAKDOWN
2024-04-08 03:00:00,Japan,Japan,JP,323.99,393.67,40.9,32.29,,true,ESTIMATED_MODE_BREAKDOWN
2024-04-08 04:00:00,Japan,Japan,JP,346.33,416.92,36.85,28.45,,true,ESTIMATED_MODE_BREAKDOWN
2024-04-08 05:00:00,Japan,Japan,JP,372.48,445.12,32.08,23.56,,true,ESTIMATED_MODE_BREAKDOWN
2024-04-08 06:00:00,Japan,Japan,JP,395.99,471.75,27.77,19.27,,true,ESTIMATED_MODE_BREAKDOWN
2024-04-08 07:00:00,Japan,Japan,JP,418.52,496.36,23.66,15.28,,true,ESTIMATED_MODE_BREAKDOWN
2024-04-08 08:00:00,Japan,Japan,JP,433.66,512.86,20.89,12.51,,true,ESTIMATED_MODE_BREAKDOWN
2024-04-08 09:00:00,Japan,Japan,JP,439.55,519.46,19.82,11.58,,true,ESTIMATED_MODE_BREAKDOWN
2024-04-08 10:00:00,Japan,Japan,JP,437.96,517.68,20.11,11.57,,true,ESTIMATED_MODE_BREAKDOWN
2024-04-08 11:00:00,Japan,Japan,JP,435.14,514.63,20.62,11.5,,true,ESTIMATED_MODE_BREAKDOWN
2024-04-08 12:00:00,Japan,Japan,JP,433.56,512.77,20.9,11.48,,true,ESTIMATED_MODE_BREAKDOWN
2024-04-08 13:00:00,Japan,Japan,JP,431.34,510.3,21.31,11.53,,true,ESTIMATED_MODE_BREAKDOWN
2024-04-08 14:00:00,Japan,Japan,JP,428.8,507.29,21.77,11.66,,true,ESTIMATED_MODE_BREAKDOWN
2024-04-08 15:00:00,Japan,Japan,JP,426.25,504.16,22.24,11.82,,true,ESTIMATED_MODE_BREAKDOWN
2024-04-08 16:00:00,Japan,Japan,JP,423.84,500.76,22.69,11.91,,true,ESTIMATED_MODE_BREAKDOWN
2024-04-08 17:00:00,Japan,Japan,JP,423.1,499.81,22.83,12.13,,true,ESTIMATED_MODE_BREAKDOWN
2024-04-08 18:00:00,Japan,Japan,JP,421.94,498.35,23.05,12.3,,true,ESTIMATED_MODE_BREAKDOWN
2024-04-08 19:00:00,Japan,Japan,JP,421.48,497.91,23.13,12.55,,true,ESTIMATED_MODE_BREAKDOWN
2024-04-08 20:00:00,Japan,Japan,JP,419.44,495.65,23.51,13.06,,true,ESTIMATED_MODE_BREAKDOWN
2024-04-08 21:00:00,Japan,Japan,JP,416.03,492.39,24.12,13.83,,true,ESTIMATED_MODE_BREAKDOWN
2024-04-08 22:00:00,Japan,Japan,JP,407.26,483.42,25.7,16.07,,true,ESTIMATED_MODE_BREAKDOWN
2024-04-08 23:00:00,Japan,Japan,JP,394.85,469.9,27.97,19.29,,true,ESTIMATED_MODE_BREAKDOWN
2024-04-09 00:00:00,Japan,Japan,JP,377.16,452.41,31.16,22.85,,true,ESTIMATED_MODE_BREAKDOWN
2024-04-09 01:00:00,Japan,Japan,JP,363.0,436.82,33.75,25.76,,true,ESTIMATED_MODE_BREAKDOWN
2024-04-09 02:00:00,Japan,Japan,JP,343.06,416.51,37.35,29.03,,true,ESTIMATED_MODE_BREAKDOWN
2024-04-09 03:00:00,Japan,Japan,JP,318.01,390.98,41.88,33.39,,true,ESTIMATED_MODE_BREAKDOWN
2024-04-09 04:00:00,Japan,Japan,JP,322.69,395.43,41.05,32.48,,true,ESTIMATED_MODE_BREAKDOWN
2024-04-09 05:00:00,Japan,Japan,JP,336.83,409.99,38.49,30.25,,true,ESTIMATED_MODE_BREAKDOWN
2024-04-09 06:00:00,Japan,Japan,JP,360.06,433.37,34.29,25.76,,true,ESTIMATED_MODE_BREAKDOWN
2024-04-09 07:00:00,Japan,Japan,JP,388.09,463.53,29.19,20.9,,true,ESTIMATED_MODE_BREAKDOWN
2024-04-09 08:00:00,Japan,Japan,JP,417.43,495.57,23.83,15.52,,true,ESTIMATED_MODE_BREAKDOWN
2024-04-09 09:00:00,Japan,Japan,JP,430.9,510.46,21.37,13.1,,true,ESTIMATED_MODE_BREAKDOWN
2024-04-09 10:00:00,Japan,Japan,JP,430.96,510.13,21.37,12.93,,true,ESTIMATED_MODE_BREAKDOWN
2024-04-09 11:00:00,Japan,Japan,JP,429.7,509.0,21.59,12.83,,true,ESTIMATED_MODE_BREAKDOWN
2024-04-09 12:00:00,Japan,Japan,JP,427.72,506.63,21.95,12.79,,true,ESTIMATED_MODE_BREAKDOWN
2024-04-09 13:00:00,Japan,Japan,JP,426.99,506.06,22.08,12.73,,true,ESTIMATED_MODE_BREAKDOWN
2024-04-09 14:00:00,Japan,Japan,JP,424.8,503.35,22.48,12.67,,true,ESTIMATED_MODE_BREAKDOWN
2024-04-09 15:00:00,Japan,Japan,JP,422.46,500.32,22.92,12.65,,true,ESTIMATED_MODE_BREAKDOWN
2024-04-09 16:00:00,Japan,Japan,JP,421.81,498.8,23.05,12.3,,true,ESTIMATED_MODE_BREAKDOWN
2024-04-09 17:00:00,Japan,Japan,JP,424.87,502.05,22.5,12.16,,true,ESTIMATED_MODE_BREAKDOWN
2024-04-09 18:00:00,Japan,Japan,JP,425.29,502.24,22.44,12.08,,true,ESTIMATED_MODE_BREAKDOWN
2024-04-09 19:00:00,Japan,Japan,JP,426.92,504.31,22.14,12.09,,true,ESTIMATED_MODE_BREAKDOWN
2024-04-09 20:00:00,Japan,Japan,JP,426.02,503.49,22.3,12.63,,true,ESTIMATED_MODE_BREAKDOWN
2024-04-09 21:00:00,Japan,Japan,JP,394.3,468.82,28.09,18.64,,true,ESTIMATED_MODE_BREAKDOWN
2024-04-09 22:00:00,Japan,Japan,JP,326.9,395.69,40.39,30.76,,true,ESTIMATED_MODE_BREAKDOWN
2024-04-09 23:00:00,Japan,Japan,JP,258.19,321.92,52.9,43.65,,true,ESTIMATED_MODE_BREAKDOWN
2024-04-10 00:00:00,Japan,Japan,JP,221.48,282.89,59.58,50.88,,true,ESTIMATED_MODE_BREAKDOWN
2024-04-10 01:00:00,Japan,Japan,JP,196.04,256.08,64.2,55.69,,true,ESTIMATED_MODE_BREAKDOWN
2024-04-10 02:00:00,Japan,Japan,JP,181.84,240.72,66.79,57.88,,true,ESTIMATED_MODE_BREAKDOWN
2024-04-10 03:00:00,Japan,Japan,JP,174.25,232.51,68.17,59.12,,true,ESTIMATED_MODE_BREAKDOWN
2024-04-10 04:00:00,Japan,Japan,JP,189.65,249.41,65.36,56.35,,true,ESTIMATED_MODE_BREAKDOWN
2024-04-10 05:00:00,Japan,Japan,JP,215.59,277.52,60.63,51.57,,true,ESTIMATED_MODE_BREAKDOWN
2024-04-10 06:00:00,Japan,Japan,JP,270.03,336.22,50.7,41.21,,true,ESTIMATED_MODE_BREAKDOWN
2024-04-10 07:00:00,Japan,Japan,JP,338.41,410.68,38.23,28.98,,true,ESTIMATED_MODE_BREAKDOWN
2024-04-10 08:00:00,Japan,Japan,JP,404.89,482.21,26.12,16.61,,true,ESTIMATED_MODE_BREAKDOWN
2024-04-10 09:00:00,Japan,Japan,JP,429.7,509.03,21.6,12.4,,true,ESTIMATED_MODE_BREAKDOWN
2024-04-10 10:00:00,Japan,Japan,JP,434.04,513.65,20.81,11.62,,true,ESTIMATED_MODE_BREAKDOWN
2024-04-10 11:00:00,Japan,Japan,JP,433.3,512.92,20.94,11.71,,true,ESTIMATED_MODE_BREAKDOWN
2024-04-10 12:00:00,Japan,Japan,JP,431.91,510.91,21.2,11.69,,true,ESTIMATED_MODE_BREAKDOWN
2024-04-10 13:00:00,Japan,Japan,JP,429.52,508.12,21.64,11.63,,true,ESTIMATED_MODE_BREAKDOWN
2024-04-10 14:00:00,Japan,Japan,JP,426.36,504.31,22.22,11.58,,true,ESTIMATED_MODE_BREAKDOWN
2024-04-10 15:00:00,Japan,Japan,JP,424.6,501.67,22.56,11.53,,true,ESTIMATED_MODE_BREAKDOWN
2024-04-10 16:00:00,Japan,Japan,JP,423.23,499.7,22.81,11.52,,true,ESTIMATED_MODE_BREAKDOWN
2024-04-10 17:00:00,Japan,Japan,JP,424.28,500.67,22.63,11.57,,true,ESTIMATED_MODE_BREAKDOWN
2024-04-10 18:00:00,Japan,Japan,JP,425.56,502.49,22.39,11.68,,true,ESTIMATED_MODE_BREAKDOWN
2024-04-10 19:00:00,Japan,Japan,JP,427.78,505.28,21.98,11.75,,true,ESTIMATED_MODE_BREAKDOWN
2024-04-10 20:00:00,Japan,Japan,JP,426.55,504.17,22.2,12.12,,true,ESTIMATED_MODE_BREAKDOWN
2024-04-10 21:00:00,Japan,Japan,JP,394.58,469.32,28.04,17.83,,true,ESTIMATED_MODE_BREAKDOWN
2024-04-10 22:00:00,Japan,Japan,JP,336.42,406.78,38.63,28.73,,true,ESTIMATED_MODE_BREAKDOWN
2024-04-10 23:00:00,Japan,Japan,JP,284.31,350.2,48.14,38.85,,true,ESTIMATED_MODE_BREAKDOWN
2024-04-11 00:00:00,Japan,Japan,JP,245.77,309.83,55.14,46.3,,true,ESTIMATED_MODE_BREAKDOWN
2024-04-11 01:00:00,Japan,Japan,JP,226.45,289.16,58.66,49.77,,true,ESTIMATED_MODE_BREAKDOWN
2024-04-11 02:00:00,Japan,Japan,JP,228.29,291.36,58.32,49.47,,true,ESTIMATED_MODE_BREAKDOWN
2024-04-11 03:00:00,Japan,Japan,JP,230.63,293.92,57.88,48.45,,true,ESTIMATED_MODE_BREAKDOWN
2024-04-11 04:00:00,Japan,Japan,JP,260.45,326.53,52.44,43.17,,true,ESTIMATED_MODE_BREAKDOWN
2024-04-11 05:00:00,Japan,Japan,JP,293.83,361.82,46.37,37.2,,true,ESTIMATED_MODE_BREAKDOWN
2024-04-11 06:00:00,Japan,Japan,JP,334.49,405.78,38.96,29.61,,true,ESTIMATED_MODE_BREAKDOWN
2024-04-11 07:00:00,Japan,Japan,JP,384.43,460.31,29.85,20.75,,true,ESTIMATED_MODE_BREAKDOWN
2024-04-11 08:00:00,Japan,Japan,JP,418.93,498.11,23.54,14.24,,true,ESTIMATED_MODE_BREAKDOWN
2024-04-11 09:00:00,Japan,Japan,JP,433.74,514.56,20.84,11.68,,true,ESTIMATED_MODE_BREAKDOWN
2024-04-11 10:00:00,Japan,Japan,JP,434.38,514.69,20.73,11.52,,true,ESTIMATED_MODE_BREAKDOWN
2024-04-11 11:00:00,Japan,Japan,JP,432.8,513.11,21.02,11.59,,true,ESTIMATED_MODE_BREAKDOWN
2024-04-11 12:00:00,Japan,Japan,JP,430.41,510.34,21.45,11.53,,true,ESTIMATED_MODE_BREAKDOWN
2024-04-11 13:00:00,Japan,Japan,JP,428.62,507.85,21.79,11.44,,true,ESTIMATED_MODE_BREAKDOWN
2024-04-11 14:00:00,Japan,Japan,JP,425.26,503.67,22.41,11.45,,true,ESTIMATED_MODE_BREAKDOWN
2024-04-11 15:00:00,Japan,Japan,JP,421.16,498.41,23.17,11.5,,true,ESTIMATED_MODE_BREAKDOWN
2024-04-11 16:00:00,Japan,Japan,JP,419.77,496.57,23.43,11.45,,true,ESTIMATED_MODE_BREAKDOWN
2024-04-11 17:00:00,Japan,Japan,JP,421.33,498.64,23.14,11.49,,true,ESTIMATED_MODE_BREAKDOWN
2024-04-11 18:00:00,Japan,Japan,JP,423.11,500.52,22.82,11.57,,true,ESTIMATED_MODE_BREAKDOWN
2024-04-11 19:00:00,Japan,Japan,JP,424.66,501.94,22.55,11.63,,true,ESTIMATED_MODE_BREAKDOWN
2024-04-11 20:00:00,Japan,Japan,JP,423.54,500.28,22.76,11.91,,true,ESTIMATED_MODE_BREAKDOWN
2024-04-11 21:00:00,Japan,Japan,JP,404.46,479.51,26.24,15.51,,true,ESTIMATED_MODE_BREAKDOWN
2024-04-11 22:00:00,Japan,Japan,JP,353.36,424.86,35.55,25.22,,true,ESTIMATED_MODE_BREAKDOWN
2024-04-11 23:00:00,Japan,Japan,JP,301.61,370.32,44.95,35.19,,true,ESTIMATED_MODE_BREAKDOWN
2024-04-12 00:00:00,Japan,Japan,JP,260.82,326.09,52.39,43.26,,true,ESTIMATED_MODE_BREAKDOWN
2024-04-12 01:00:00,Japan,Japan,JP,237.18,300.81,56.7,47.59,,true,ESTIMATED_MODE_BREAKDOWN
2024-04-12 02:00:00,Japan,Japan,JP,229.58,293.45,58.06,49.02,,true,ESTIMATED_MODE_BREAKDOWN
2024-04-12 03:00:00,Japan,Japan,JP,220.99,284.24,59.62,50.04,,true,ESTIMATED_MODE_BREAKDOWN
2024-04-12 04:00:00,Japan,Japan,JP,235.91,300.56,56.9,47.58,,true,ESTIMATED_MODE_BREAKDOWN
2024-04-12 05:00:00,Japan,Japan,JP,259.42,326.14,52.61,43.16,,true,ESTIMATED_MODE_BREAKDOWN
2024-04-12 06:00:00,Japan,Japan,JP,297.28,367.25,45.7,36.07,,true,ESTIMATED_MODE_BREAKDOWN
2024-04-12 07:00:00,Japan,Japan,JP,357.73,432.37,34.69,25.3,,true,ESTIMATED_MODE_BREAKDOWN
2024-04-12 08:00:00,Japan,Japan,JP,408.57,487.3,25.42,15.98,,true,ESTIMATED_MODE_BREAKDOWN
2024-04-12 09:00:00,Japan,Japan,JP,432.06,512.36,21.15,11.58,,true,ESTIMATED_MODE_BREAKDOWN
2024-04-12 10:00:00,Japan,Japan,JP,431.93,511.99,21.18,11.4,,true,ESTIMATED_MODE_BREAKDOWN
2024-04-12 11:00:00,Japan,Japan,JP,430.77,510.32,21.4,11.33,,true,ESTIMATED_MODE_BREAKDOWN
2024-04-12 12:00:00,Japan,Japan,JP,430.16,509.75,21.5,11.35,,true,ESTIMATED_MODE_BREAKDOWN
2024-04-12 13:00:00,Japan,Japan,JP,427.38,506.25,22.02,11.32,,true,ESTIMATED_MODE_BREAKDOWN
2024-04-12 14:00:00,Japan,Japan,JP,424.85,502.52,22.5,11.28,,true,ESTIMATED_MODE_BREAKDOWN
2024-04-12 15:00:00,Japan,Japan,JP,423.26,500.1,22.81,11.37,,true,ESTIMATED_MODE_BREAKDOWN
2024-04-12 16:00:00,Japan,Japan,JP,421.52,497.89,23.13,11.31,,true,ESTIMATED_MODE_BREAKDOWN
2024-04-12 17:00:00,Japan,Japan,JP,420.74,497.09,23.27,11.35,,true,ESTIMATED_MODE_BREAKDOWN
2024-04-12 18:00:00,Japan,Japan,JP,423.01,499.55,22.86,11.38,,true,ESTIMATED_MODE_BREAKDOWN
2024-04-12 19:00:00,Japan,Japan,JP,425.03,502.09,22.49,11.44,,true,ESTIMATED_MODE_BREAKDOWN
2024-04-12 20:00:00,Japan,Japan,JP,419.1,495.82,23.56,12.04,,true,ESTIMATED_MODE_BREAKDOWN
2024-04-12 21:00:00,Japan,Japan,JP,382.22,454.88,30.31,18.18,,true,ESTIMATED_MODE_BREAKDOWN
2024-04-12 22:00:00,Japan,Japan,JP,304.87,370.8,44.41,32.08,,true,ESTIMATED_MODE_BREAKDOWN
2024-04-12 23:00:00,Japan,Japan,JP,239.75,302.2,56.25,44.59,,true,ESTIMATED_MODE_BREAKDOWN
2024-04-13 00:00:00,Japan,Japan,JP,186.51,243.96,65.97,54.66,,true,ESTIMATED_MODE_BREAKDOWN
2024-04-13 01:00:00,Japan,Japan,JP,154.28,208.58,71.86,61.04,,true,ESTIMATED_MODE_BREAKDOWN
2024-04-13 02:00:00,Japan,Japan,JP,152.06,206.37,72.26,61.53,,true,ESTIMATED_MODE_BREAKDOWN
2024-04-13 03:00:00,Japan,Japan,JP,157.59,211.55,71.27,60.05,,true,ESTIMATED_MODE_BREAKDOWN
2024-04-13 04:00:00,Japan,Japan,JP,168.79,223.71,69.22,57.78,,true,ESTIMATED_MODE_BREAKDOWN
2024-04-13 05:00:00,Japan,Japan,JP,187.18,245.46,65.83,54.62,,true,ESTIMATED_MODE_BREAKDOWN
2024-04-13 06:00:00,Japan,Japan,JP,239.05,302.13,56.35,44.82,,true,ESTIMATED_MODE_BREAKDOWN
2024-04-13 07:00:00,Japan,Japan,JP,318.31,389.47,41.87,30.71,,true,ESTIMATED_MODE_BREAKDOWN
2024-04-13 08:00:00,Japan,Japan,JP,388.18,464.28,29.15,18.15,,true,ESTIMATED_MODE_BREAKDOWN
2024-04-13 09:00:00,Japan,Japan,JP,423.91,503.4,22.63,12.16,,true,ESTIMATED_MODE_BREAKDOWN
2024-04-13 10:00:00,Japan,Japan,JP,428.33,508.02,21.83,11.37,,true,ESTIMATED_MODE_BREAKDOWN
2024-04-13 11:00:00,Japan,Japan,JP,426.76,506.05,22.12,11.33,,true,ESTIMATED_MODE_BREAKDOWN
2024-04-13 12:00:00,Japan,Japan,JP,422.47,500.72,22.91,11.22,,true,ESTIMATED_MODE_BREAKDOWN
2024-04-13 13:00:00,Japan,Japan,JP,420.67,498.09,23.25,11.18,,true,ESTIMATED_MODE_BREAKDOWN
2024-04-13 14:00:00,Japan,Japan,JP,418.98,495.61,23.57,11.13,,true,ESTIMATED_MODE_BREAKDOWN
2024-04-13 15:00:00,Japan,Japan,JP,418.04,493.74,23.76,11.08,,true,ESTIMATED_MODE_BREAKDOWN
2024-04-13 16:00:00,Japan,Japan,JP,413.69,489.3,24.55,11.02,,true,ESTIMATED_MODE_BREAKDOWN
2024-04-13 17:00:00,Japan,Japan,JP,416.68,493.34,23.99,11.17,,true,ESTIMATED_MODE_BREAKDOWN
2024-04-13 18:00:00,Japan,Japan,JP,418.15,494.49,23.73,11.11,,true,ESTIMATED_MODE_BREAKDOWN
2024-04-13 19:00:00,Japan,Japan,JP,420.57,496.54,23.31,11.16,,true,ESTIMATED_MODE_BREAKDOWN
2024-04-13 20:00:00,Japan,Japan,JP,415.83,491.44,24.17,11.72,,true,ESTIMATED_MODE_BREAKDOWN
2024-04-13 21:00:00,Japan,Japan,JP,367.52,439.34,32.97,19.98,,true,ESTIMATED_MODE_BREAKDOWN
2024-04-13 22:00:00,Japan,Japan,JP,277.71,342.09,49.34,36.42,,true,ESTIMATED_MODE_BREAKDOWN
2024-04-13 23:00:00,Japan,Japan,JP,204.39,263.54,62.7,50.03,,true,ESTIMATED_MODE_BREAKDOWN
2024-04-14 00:00:00,Japan,Japan,JP,164.74,220.23,69.94,57.63,,true,ESTIMATED_MODE_BREAKDOWN
2024-04-14 01:00:00,Japan,Japan,JP,149.51,202.32,72.75,60.73,,true,ESTIMATED_MODE_BREAKDOWN
2024-04-14 02:00:00,Japan,Japan,JP,141.08,192.65,74.3,62.62,,true,ESTIMATED_MODE_BREAKDOWN
2024-04-14 03:00:00,Japan,Japan,JP,142.48,194.19,74.04,62.37,,true,ESTIMATED_MODE_BREAKDOWN
2024-04-14 04:00:00,Japan,Japan,JP,152.71,205.28,72.17,60.01,,true,ESTIMATED_MODE_BREAKDOWN
2024-04-14 05:00:00,Japan,Japan,JP,182.51,238.4,66.72,54.4,,true,ESTIMATED_MODE_BREAKDOWN
2024-04-14 06:00:00,Japan,Japan,JP,235.98,297.49,56.94,44.62,,true,ESTIMATED_MODE_BREAKDOWN
2024-04-14 07:00:00,Japan,Japan,JP,314.43,383.88,42.6,30.79,,true,ESTIMATED_MODE_BREAKDOWN
2024-04-14 08:00:00,Japan,Japan,JP,391.84,468.81,28.47,17.16,,true,ESTIMATED_MODE_BREAKDOWN
2024-04-14 09:00:00,Japan,Japan,JP,425.4,504.68,22.37,11.61,,true,ESTIMATED_MODE_BREAKDOWN
2024-04-14 10:00:00,Japan,Japan,JP,427.45,506.71,22.0,11.21,,true,ESTIMATED_MODE_BREAKDOWN
2024-04-14 11:00:00,Japan,Japan,JP,425.92,504.99,22.28,11.38,,true,ESTIMATED_MODE_BREAKDOWN
2024-04-14 12:00:00,Japan,Japan,JP,421.65,499.72,23.06,11.22,,true,ESTIMATED_MODE_BREAKDOWN
2024-04-14 13:00:00,Japan,Japan,JP,419.88,496.79,23.4,11.18,,true,ESTIMATED_MODE_BREAKDOWN
2024-04-14 14:00:00,Japan,Japan,JP,417.58,493.75,23.83,11.24,,true,ESTIMATED_MODE_BREAKDOWN
2024-04-14 15:00:00,Japan,Japan,JP,414.74,489.71,24.37,11.27,,true,ESTIMATED_MODE_BREAKDOWN
2024-04-14 16:00:00,Japan,Japan,JP,412.34,486.34,24.82,11.18,,true,ESTIMATED_MODE_BREAKDOWN
2024-04-14 17:00:00,Japan,Japan,JP,413.53,487.97,24.6,11.29,,true,ESTIMATED_MODE_BREAKDOWN
2024-04-14 18:00:00,Japan,Japan,JP,417.16,492.12,23.94,11.45,,true,ESTIMATED_MODE_BREAKDOWN
2024-04-14 19:00:00,Japan,Japan,JP,419.77,495.05,23.46,11.61,,true,ESTIMATED_MODE_BREAKDOWN
2024-04-14 20:00:00,Japan,Japan,JP,416.29,491.25,24.1,12.15,,true,ESTIMATED_MODE_BREAKDOWN
2024-04-14 21:00:00,Japan,Japan,JP,377.81,449.18,31.13,19.03,,true,ESTIMATED_MODE_BREAKDOWN
2024-04-14 22:00:00,Japan,Japan,JP,317.76,385.22,42.06,30.97,,true,ESTIMATED_MODE_BREAKDOWN
2024-04-14 23:00:00,Japan,Japan,JP,270.92,334.41,50.61,40.22,,true,ESTIMATED_MODE_BREAKDOWN
2024-04-15 00:00:00,Japan,Japan,JP,244.16,305.47,55.49,45.88,,true,ESTIMATED_MODE_BREAKDOWN
2024-04-15 01:00:00,Japan,Japan,JP,222.59,283.07,59.41,50.32,,true,ESTIMATED_MODE_BREAKDOWN
2024-04-15 02:00:00,Japan,Japan,JP,216.12,276.98,60.57,51.49,,true,ESTIMATED_MODE_BREAKDOWN
2024-04-15 03:00:00,Japan,Japan,JP,212.09,272.08,61.31,51.75,,true,ESTIMATED_MODE_BREAKDOWN
2024-04-15 04:00:00,Japan,Japan,JP,240.73,302.4,56.11,47.03,,true,ESTIMATED_MODE_BREAKDOWN
2024-04-15 05:00:00,Japan,Japan,JP,280.62,344.86,48.85,39.82,,true,ESTIMATED_MODE_BREAKDOWN
2024-04-15 06:00:00,Japan,Japan,JP,327.4,395.86,40.31,31.22,,true,ESTIMATED_MODE_BREAKDOWN
2024-04-15 07:00:00,Japan,Japan,JP,378.78,452.21,30.92,21.55,,true,ESTIMATED_MODE_BREAKDOWN
2024-04-15 08:00:00,Japan,Japan,JP,415.92,493.24,24.13,14.58,,true,ESTIMATED_MODE_BREAKDOWN
2024-04-15 09:00:00,Japan,Japan,JP,433.22,512.81,20.96,11.79,,true,ESTIMATED_MODE_BREAKDOWN
2024-04-15 10:00:00,Japan,Japan,JP,431.06,511.08,21.34,11.81,,true,ESTIMATED_MODE_BREAKDOWN
2024-04-15 11:00:00,Japan,Japan,JP,429.32,508.76,21.66,11.84,,true,ESTIMATED_MODE_BREAKDOWN
2024-04-15 12:00:00,Japan,Japan,JP,427.11,506.08,22.07,11.78,,true,ESTIMATED_MODE_BREAKDOWN
2024-04-15 13:00:00,Japan,Japan,JP,423.6,502.01,22.71,11.75,,true,ESTIMATED_MODE_BREAKDOWN
2024-04-15 14:00:00,Japan,Japan,JP,423.86,501.54,22.68,11.72,,true,ESTIMATED_MODE_BREAKDOWN
2024-04-15 15:00:00,Japan,Japan,JP,420.88,497.38,23.24,11.7,,true,ESTIMATED_MODE_BREAKDOWN
2024-04-15 16:00:00,Japan,Japan,JP,417.67,493.64,23.83,11.65,,true,ESTIMATED_MODE_BREAKDOWN
2024-04-15 17:00:00,Japan,Japan,JP,419.59,495.63,23.48,11.75,,true,ESTIMATED_MODE_BREAKDOWN
2024-04-15 18:00:00,Japan,Japan,JP,419.85,495.52,23.44,11.73,,true,ESTIMATED_MODE_BREAKDOWN
2024-04-15 19:00:00,Japan,Japan,JP,422.27,498.11,23.01,11.8,,true,ESTIMATED_MODE_BREAKDOWN
2024-04-15 20:00:00,Japan,Japan,JP,419.2,494.39,23.58,12.2,,true,ESTIMATED_MODE_BREAKDOWN
2024-04-15 21:00:00,Japan,Japan,JP,398.29,471.88,27.39,16.12,,true,ESTIMATED_MODE_BREAKDOWN
2024-04-15 22:00:00,Japan,Japan,JP,350.81,421.09,36.02,24.9,,true,ESTIMATED_MODE_BREAKDOWN
2024-04-15 23:00:00,Japan,Japan,JP,316.0,384.72,42.35,32.53,,true,ESTIMATED_MODE_BREAKDOWN
2024-04-16 00:00:00,Japan,Japan,JP,286.83,353.72,47.66,38.26,,true,ESTIMATED_MODE_BREAKDOWN
2024-04-16 01:00:00,Japan,Japan,JP,254.76,319.69,53.49,44.45,,true,ESTIMATED_MODE_BREAKDOWN
2024-04-16 02:00:00,Japan,Japan,JP,240.23,303.72,56.14,46.98,,true,ESTIMATED_MODE_BREAKDOWN
2024-04-16 03:00:00,Japan,Japan,JP,225.75,288.23,58.78,49.55,,true,ESTIMATED_MODE_BREAKDOWN
2024-04-16 04:00:00,Japan,Japan,JP,242.33,305.77,55.77,46.59,,true,ESTIMATED_MODE_BREAKDOWN
2024-04-16 05:00:00,Japan,Japan,JP,275.05,340.97,49.8,40.74,,true,ESTIMATED_MODE_BREAKDOWN
2024-04-16 06:00:00,Japan,Japan,JP,319.67,389.34,41.67,32.4,,true,ESTIMATED_MODE_BREAKDOWN
2024-04-16 07:00:00,Japan,Japan,JP,369.44,443.57,32.59,23.53,,true,ESTIMATED_MODE_BREAKDOWN
2024-04-16 08:00:00,Japan,Japan,JP,409.47,486.82,25.29,15.93,,true,ESTIMATED_MODE_BREAKDOWN
2024-04-16 09:00:00,Japan,Japan,JP,431.14,510.47,21.34,12.22,,true,ESTIMATED_MODE_BREAKDOWN
2024-04-16 10:00:00,Japan,Japan,JP,430.24,509.56,21.5,11.78,,true,ESTIMATED_MODE_BREAKDOWN
2024-04-16 11:00:00,Japan,Japan,JP,430.06,509.51,21.53,11.86,,true,ESTIMATED_MODE_BREAKDOWN
2024-04-16 12:00:00,Japan,Japan,JP,427.2,505.36,22.07,11.65,,true,ESTIMATED_MODE_BREAKDOWN
2024-04-16 13:00:00,Japan,Japan,JP,425.27,502.62,22.43,11.58,,true,ESTIMATED_MODE_BREAKDOWN
2024-04-16 14:00:00,Japan,Japan,JP,425.45,502.63,22.4,11.53,,true,ESTIMATED_MODE_BREAKDOWN
2024-04-16 15:00:00,Japan,Japan,JP,421.01,497.03,23.22,11.71,,true,ESTIMATED_MODE_BREAKDOWN
2024-04-16 16:00:00,Japan,Japan,JP,418.02,493.84,23.76,11.65,,true,ESTIMATED_MODE_BREAKDOWN
2024-04-16 17:00:00,Japan,Japan,JP,418.94,494.85,23.6,11.65,,true,ESTIMATED_MODE_BREAKDOWN
2024-04-16 18:00:00,Japan,Japan,JP,420.46,496.92,23.32,11.69,,true,ESTIMATED_MODE_BREAKDOWN
2024-04-16 19:00:00,Japan,Japan,JP,422.75,499.07,22.91,11.73,,true,ESTIMATED_MODE_BREAKDOWN
2024-04-16 20:00:00,Japan,Japan,JP,420.21,495.75,23.39,12.1,,true,ESTIMATED_MODE_BREAKDOWN
2024-04-16 21:00:00,Japan,Japan,JP,389.79,462.66,28.93,17.36,,true,ESTIMATED_MODE_BREAKDOWN
2024-04-16 22:00:00,Japan,Japan,JP,347.17,417.91,36.68,26.08,,true,ESTIMATED_MODE_BREAKDOWN
2024-04-16 23:00:00,Japan,Japan,JP,297.69,364.93,45.69,36.01,,true,ESTIMATED_MODE_BREAKDOWN
2024-04-17 00:00:00,Japan,Japan,JP,254.32,319.09,53.58,44.5,,true,ESTIMATED_MODE_BREAKDOWN
2024-04-17 01:00:00,Japan,Japan,JP,228.71,291.97,58.23,49.11,,true,ESTIMATED_MODE_BREAKDOWN
2024-04-17 02:00:00,Japan,Japan,JP,220.93,283.66,59.65,50.45,,true,ESTIMATED_MODE_BREAKDOWN
2024-04-17 03:00:00,Japan,Japan,JP,218.98,281.77,60.0,50.63,,true,ESTIMATED_MODE_BREAKDOWN
2024-04-17 04:00:00,Japan,Japan,JP,235.63,299.27,56.98,47.77,,true,ESTIMATED_MODE_BREAKDOWN
2024-04-17 05:00:00,Japan,Japan,JP,261.63,327.08,52.24,43.01,,true,ESTIMATED_MODE_BREAKDOWN
2024-04-17 06:00:00,Japan,Japan,JP,310.64,380.21,43.3,33.85,,true,ESTIMATED_MODE_BREAKDOWN
2024-04-17 07:00:00,Japan,Japan,JP,365.06,438.93,33.39,24.08,,true,ESTIMATED_MODE_BREAKDOWN
2024-04-17 08:00:00,Japan,Japan,JP,410.74,487.88,25.07,15.74,,true,ESTIMATED_MODE_BREAKDOWN
2024-04-17 09:00:00,Japan,Japan,JP,429.75,508.42,21.6,12.15,,true,ESTIMATED_MODE_BREAKDOWN
2024-04-17 10:00:00,Japan,Japan,JP,432.08,511.73,21.16,11.57,,true,ESTIMATED_MODE_BREAKDOWN
2024-04-17 11:00:00,Japan,Japan,JP,430.09,509.53,21.52,11.64,,true,ESTIMATED_MODE_BREAKDOWN
2024-04-17 12:00:00,Japan,Japan,JP,428.28,507.12,21.86,11.48,,true,ESTIMATED_MODE_BREAKDOWN
2024-04-17 13:00:00,Japan,Japan,JP,425.25,503.05,22.42,11.4,,true,ESTIMATED_MODE_BREAKDOWN
2024-04-17 14:00:00,Japan,Japan,JP,423.14,499.73,22.83,11.33,,true,ESTIMATED_MODE_BREAKDOWN
2024-04-17 15:00:00,Japan,Japan,JP,421.01,496.82,23.23,11.43,,true,ESTIMATED_MODE_BREAKDOWN
2024-04-17 16:00:00,Japan,Japan,JP,421.08,496.71,23.22,11.46,,true,ESTIMATED_MODE_BREAKDOWN
2024-04-17 17:00:00,Japan,Japan,JP,423.12,499.07,22.85,11.51,,true,ESTIMATED_MODE_BREAKDOWN
2024-04-17 18:00:00,Japan,Japan,JP,424.45,500.95,22.6,11.73,,true,ESTIMATED_MODE_BREAKDOWN
2024-04-17 19:00:00,Japan,Japan,JP,425.29,501.99,22.45,11.79,,true,ESTIMATED_MODE_BREAKDOWN
2024-04-17 20:00:00,Japan,Japan,JP,420.94,497.17,23.24,12.85,,true,ESTIMATED_MODE_BREAKDOWN
2024-04-17 21:00:00,Japan,Japan,JP,399.85,474.06,27.1,16.63,,true,ESTIMATED_MODE_BREAKDOWN
2024-04-17 22:00:00,Japan,Japan,JP,364.32,435.45,33.58,23.5,,true,ESTIMATED_MODE_BREAKDOWN
2024-04-17 23:00:00,Japan,Japan,JP,329.77,397.26,39.9,30.52,,true,ESTIMATED_MODE_BREAKDOWN
2024-04-18 00:00:00,Japan,Japan,JP,298.16,362.42,45.68,36.94,,true,ESTIMATED_MODE_BREAKDOWN
2024-04-18 01:00:00,Japan,Japan,JP,270.49,333.02,50.71,42.16,,true,ESTIMATED_MODE_BREAKDOWN
2024-04-18 02:00:00,Japan,Japan,JP,265.97,329.36,51.51,43.01,,true,ESTIMATED_MODE_BREAKDOWN
2024-04-18 03:00:00,Japan,Japan,JP,252.02,315.25,54.02,45.07,,true,ESTIMATED_MODE_BREAKDOWN
2024-04-18 04:00:00,Japan,Japan,JP,272.42,338.14,50.29,41.75,,true,ESTIMATED_MODE_BREAKDOWN
2024-04-18 05:00:00,Japan,Japan,JP,291.87,359.39,46.73,38.16,,true,ESTIMATED_MODE_BREAKDOWN
2024-04-18 06:00:00,Japan,Japan,JP,320.75,391.77,41.44,32.8,,true,ESTIMATED_MODE_BREAKDOWN
2024-04-18 07:00:00,Japan,Japan,JP,366.53,441.73,33.09,24.6,,true,ESTIMATED_MODE_BREAKDOWN
2024-04-18 08:00:00,Japan,Japan,JP,402.79,479.69,26.51,17.76,,true,ESTIMATED_MODE_BREAKDOWN
2024-04-18 09:00:00,Japan,Japan,JP,430.78,510.09,21.41,12.77,,true,ESTIMATED_MODE_BREAKDOWN
2024-04-18 10:00:00,Japan,Japan,JP,434.28,513.36,20.78,11.93,,true,ESTIMATED_MODE_BREAKDOWN
2024-04-18 11:00:00,Japan,Japan,JP,432.36,511.08,21.13,11.91,,true,ESTIMATED_MODE_BREAKDOWN
2024-04-18 12:00:00,Japan,Japan,JP,430.3,508.37,21.51,11.82,,true,ESTIMATED_MODE_BREAKDOWN
2024-04-18 13:00:00,Japan,Japan,JP,428.14,505.87,21.91,11.82,,true,ESTIMATED_MODE_BREAKDOWN
2024-04-18 14:00:00,Japan,Japan,JP,426.21,503.64,22.26,11.83,,true,ESTIMATED_MODE_BREAKDOWN
2024-04-18 15:00:00,Japan,Japan,JP,421.6,498.0,23.11,11.94,,true,ESTIMATED_MODE_BREAKDOWN
2024-04-18 16:00:00,Japan,Japan,JP,419.73,495.76,23.45,11.96,,true,ESTIMATED_MODE_BREAKDOWN
2024-04-18 17:00:00,Japan,Japan,JP,418.97,494.98,23.59,12.04,,true,ESTIMATED_MODE_BREAKDOWN
2024-04-18 18:00:00,Japan,Japan,JP,422.29,498.75,22.99,12.23,,true,ESTIMATED_MODE_BREAKDOWN
2024-04-18 19:00:00,Japan,Japan,JP,423.87,500.11,22.71,12.24,,true,ESTIMATED_MODE_BREAKDOWN
2024-04-18 20:00:00,Japan,Japan,JP,411.06,485.8,25.06,14.09,,true,ESTIMATED_MODE_BREAKDOWN
2024-04-18 21:00:00,Japan,Japan,JP,373.62,446.47,31.85,21.36,,true,ESTIMATED_MODE_BREAKDOWN
2024-04-18 22:00:00,Japan,Japan,JP,319.26,387.38,41.77,31.73,,true,ESTIMATED_MODE_BREAKDOWN
2024-04-18 23:00:00,Japan,Japan,JP,268.15,333.77,51.06,41.8,,true,ESTIMATED_MODE_BREAKDOWN
2024-04-19 00:00:00,Japan,Japan,JP,241.39,305.47,55.92,47.32,,true,ESTIMATED_MODE_BREAKDOWN
2024-04-19 01:00:00,Japan,Japan,JP,219.21,281.71,59.96,51.5,,true,ESTIMATED_MODE_BREAKDOWN
2024-04-19 02:00:00,Japan,Japan,JP,210.39,272.82,61.56,53.15,,true,ESTIMATED_MODE_BREAKDOWN
2024-04-19 03:00:00,Japan,Japan,JP,205.26,267.24,62.49,53.62,,true,ESTIMATED_MODE_BREAKDOWN
2024-04-19 04:00:00,Japan,Japan,JP,225.78,288.91,58.76,50.22,,true,ESTIMATED_MODE_BREAKDOWN
2024-04-19 05:00:00,Japan,Japan,JP,250.25,315.78,54.29,45.71,,true,ESTIMATED_MODE_BREAKDOWN
2024-04-19 06:00:00,Japan,Japan,JP,286.74,354.34,47.66,39.0,,true,ESTIMATED_MODE_BREAKDOWN
2024-04-19 07:00:00,Japan,Japan,JP,345.4,418.11,36.96,28.32,,true,ESTIMATED_MODE_BREAKDOWN
2024-04-19 08:00:00,Japan,Japan,JP,396.05,472.13,27.74,19.02,,true,ESTIMATED_MODE_BREAKDOWN
2024-04-19 09:00:00,Japan,Japan,JP,426.26,504.74,22.24,13.55,,true,ESTIMATED_MODE_BREAKDOWN
2024-04-19 10:00:00,Japan,Japan,JP,430.37,508.89,21.49,12.63,,true,ESTIMATED_MODE_BREAKDOWN
2024-04-19 11:00:00,Japan,Japan,JP,429.41,507.31,21.68,12.39,,true,ESTIMATED_MODE_BREAKDOWN
2024-04-19 12:00:00,Japan,Japan,JP,427.35,504.68,22.06,12.37,,true,ESTIMATED_MODE_BREAKDOWN
2024-04-19 13:00:00,Japan,Japan,JP,424.8,502.55,22.51,12.43,,true,ESTIMATED_MODE_BREAKDOWN
2024-04-19 14:00:00,Japan,Japan,JP,420.36,497.59,23.31,12.41,,true,ESTIMATED_MODE_BREAKDOWN
2024-04-19 15:00:00,Japan,Japan,JP,418.9,495.05,23.6,12.55,,true,ESTIMATED_MODE_BREAKDOWN
2024-04-19 16:00:00,Japan,Japan,JP,416.82,492.21,23.99,12.55,,true,ESTIMATED_MODE_BREAKDOWN
2024-04-19 17:00:00,Japan,Japan,JP,416.89,492.16,23.98,12.48,,true,ESTIMATED_MODE_BREAKDOWN
2024-04-19 18:00:00,Japan,Japan,JP,416.99,492.58,23.96,12.47,,true,ESTIMATED_MODE_BREAKDOWN
2024-04-19 19:00:00,Japan,Japan,JP,417.22,493.06,23.91,12.5,,true,ESTIMATED_MODE_BREAKDOWN
2024-04-19 20:00:00,Japan,Japan,JP,414.85,489.7,24.37,13.49,,true,ESTIMATED_MODE_BREAKDOWN
2024-04-19 21:00:00,Japan,Japan,JP,381.51,454.32,30.43,19.22,,true,ESTIMATED_MODE_BREAKDOWN
2024-04-19 22:00:00,Japan,Japan,JP,320.98,388.6,41.46,29.71,,true,ESTIMATED_MODE_BREAKDOWN
2024-04-19 23:00:00,Japan,Japan,JP,276.27,341.41,49.59,39.31,,true,ESTIMATED_MODE_BREAKDOWN
2024-04-20 00:00:00,Japan,Japan,JP,212.06,271.26,61.32,50.63,,true,ESTIMATED_MODE_BREAKDOWN
2024-04-20 01:00:00,Japan,Japan,JP,196.69,253.73,64.14,53.52,,true,ESTIMATED_MODE_BREAKDOWN
2024-04-20 02:00:00,Japan,Japan,JP,195.82,253.18,64.29,53.69,,true,ESTIMATED_MODE_BREAKDOWN
2024-04-20 03:00:00,Japan,Japan,JP,198.73,257.54,63.73,52.96,,true,ESTIMATED_MODE_BREAKDOWN
2024-04-20 04:00:00,Japan,Japan,JP,220.2,281.88,59.79,49.02,,true,ESTIMATED_MODE_BREAKDOWN
2024-04-20 05:00:00,Japan,Japan,JP,247.04,309.95,54.92,43.63,,true,ESTIMATED_MODE_BREAKDOWN
2024-04-20 06:00:00,Japan,Japan,JP,301.65,367.19,45.0,33.65,,true,ESTIMATED_MODE_BREAKDOWN
2024-04-20 07:00:00,Japan,Japan,JP,365.18,435.46,33.44,22.89,,true,ESTIMATED_MODE_BREAKDOWN
2024-04-20 08:00:00,Japan,Japan,JP,405.96,480.37,25.98,15.45,,true,ESTIMATED_MODE_BREAKDOWN
2024-04-20 09:00:00,Japan,Japan,JP,421.99,498.99,23.04,12.92,,true,ESTIMATED_MODE_BREAKDOWN
2024-04-20 10:00:00,Japan,Japan,JP,422.77,500.13,22.88,12.14,,true,ESTIMATED_MODE_BREAKDOWN
2024-04-20 11:00:00,Japan,Japan,JP,423.21,501.09,22.79,12.22,,true,ESTIMATED_MODE_BREAKDOWN
2024-04-20 12:00:00,Japan,Japan,JP,423.22,500.56,22.8,12.15,,true,ESTIMATED_MODE_BREAKDOWN
2024-04-20 13:00:00,Japan,Japan,JP,420.05,496.21,23.4,12.11,,true,ESTIMATED_MODE_BREAKDOWN
2024-04-20 14:00:00,Japan,Japan,JP,415.11,490.88,24.29,11.99,,true,ESTIMATED_MODE_BREAKDOWN
2024-04-20 15:00:00,Japan,Japan,JP,410.91,485.54,25.07,12.04,,true,ESTIMATED_MODE_BREAKDOWN
2024-04-20 16:00:00,Japan,Japan,JP,410.92,485.6,25.07,12.03,,true,ESTIMATED_MODE_BREAKDOWN
2024-04-20 17:00:00,Japan,Japan,JP,411.66,485.85,24.95,11.98,,true,ESTIMATED_MODE_BREAKDOWN
2024-04-20 18:00:00,Japan,Japan,JP,416.91,492.01,23.99,12.14,,true,ESTIMATED_MODE_BREAKDOWN
2024-04-20 19:00:00,Japan,Japan,JP,417.09,492.01,23.96,12.15,,true,ESTIMATED_MODE_BREAKDOWN
2024-04-20 20:00:00,Japan,Japan,JP,407.31,480.74,25.75,13.2,,true,ESTIMATED_MODE_BREAKDOWN
2024-04-20 21:00:00,Japan,Japan,JP,382.21,453.37,30.33,17.79,,true,ESTIMATED_MODE_BREAKDOWN
2024-04-20 22:00:00,Japan,Japan,JP,340.35,408.07,37.97,25.9,,true,ESTIMATED_MODE_BREAKDOWN
2024-04-20 23:00:00,Japan,Japan,JP,294.04,357.27,46.43,34.41,,true,ESTIMATED_MODE_BREAKDOWN
2024-04-21 00:00:00,Japan,Japan,JP,266.43,326.37,51.49,39.05,,true,ESTIMATED_MODE_BREAKDOWN
2024-04-21 01:00:00,Japan,Japan,JP,251.39,310.91,54.21,42.64,,true,ESTIMATED_MODE_BREAKDOWN
2024-04-21 02:00:00,Japan,Japan,JP,251.14,310.82,54.26,42.73,,true,ESTIMATED_MODE_BREAKDOWN
2024-04-21 03:00:00,Japan,Japan,JP,253.77,312.41,53.8,41.62,,true,ESTIMATED_MODE_BREAKDOWN
2024-04-21 04:00:00,Japan,Japan,JP,271.25,331.27,50.62,38.89,,true,ESTIMATED_MODE_BREAKDOWN
2024-04-21 05:00:00,Japan,Japan,JP,295.5,357.61,46.19,34.57,,true,ESTIMATED_MODE_BREAKDOWN
2024-04-21 06:00:00,Japan,Japan,JP,330.8,396.68,39.73,27.64,,true,ESTIMATED_MODE_BREAKDOWN
2024-04-21 07:00:00,Japan,Japan,JP,374.68,445.35,31.71,20.09,,true,ESTIMATED_MODE_BREAKDOWN
2024-04-21 08:00:00,Japan,Japan,JP,408.1,482.96,25.58,14.47,,true,ESTIMATED_MODE_BREAKDOWN
2024-04-21 09:00:00,Japan,Japan,JP,420.42,497.11,23.32,12.58,,true,ESTIMATED_MODE_BREAKDOWN
2024-04-21 10:00:00,Japan,Japan,JP,423.72,500.76,22.72,11.9,,true,ESTIMATED_MODE_BREAKDOWN
2024-04-21 11:00:00,Japan,Japan,JP,421.46,498.16,23.13,11.89,,true,ESTIMATED_MODE_BREAKDOWN
2024-04-21 12:00:00,Japan,Japan,JP,421.37,498.03,23.15,11.97,,true,ESTIMATED_MODE_BREAKDOWN
2024-04-21 13:00:00,Japan,Japan,JP,415.96,491.71,24.14,11.91,,true,ESTIMATED_MODE_BREAKDOWN
2024-04-21 14:00:00,Japan,Japan,JP,418.83,494.83,23.62,11.97,,true,ESTIMATED_MODE_BREAKDOWN
2024-04-21 15:00:00,Japan,Japan,JP,413.17,487.67,24.67,11.98,,true,ESTIMATED_MODE_BREAKDOWN
2024-04-21 16:00:00,Japan,Japan,JP,411.42,485.41,24.99,11.99,,true,ESTIMATED_MODE_BREAKDOWN
2024-04-21 17:00:00,Japan,Japan,JP,410.33,483.84,25.2,11.97,,true,ESTIMATED_MODE_BREAKDOWN
2024-04-21 18:00:00,Japan,Japan,JP,411.87,485.74,24.92,12.1,,true,ESTIMATED_MODE_BREAKDOWN
2024-04-21 19:00:00,Japan,Japan,JP,414.05,488.22,24.53,12.76,,true,ESTIMATED_MODE_BREAKDOWN
2024-04-21 20:00:00,Japan,Japan,JP,406.35,480.28,25.92,13.79,,true,ESTIMATED_MODE_BREAKDOWN
2024-04-21 21:00:00,Japan,Japan,JP,384.63,456.61,29.88,17.93,,true,ESTIMATED_MODE_BREAKDOWN
2024-04-21 22:00:00,Japan,Japan,JP,340.0,408.57,38.02,26.38,,true,ESTIMATED_MODE_BREAKDOWN
2024-04-21 23:00:00,Japan,Japan,JP,309.49,377.01,43.56,33.74,,true,ESTIMATED_MODE_BREAKDOWN
2024-04-22 00:00:00,Japan,Japan,JP,308.36,377.06,43.74,35.26,,true,ESTIMATED_MODE_BREAKDOWN
2024-04-22 01:00:00,Japan,Japan,JP,279.81,345.99,48.94,39.88,,true,ESTIMATED_MODE_BREAKDOWN
2024-04-22 02:00:00,Japan,Japan,JP,274.67,340.34,49.89,41.34,,true,ESTIMATED_MODE_BREAKDOWN
2024-04-22 03:00:00,Japan,Japan,JP,270.15,334.81,50.72,41.21,,true,ESTIMATED_MODE_BREAKDOWN
2024-04-22 04:00:00,Japan,Japan,JP,292.77,359.65,46.59,37.69,,true,ESTIMATED_MODE_BREAKDOWN
2024-04-22 05:00:00,Japan,Japan,JP,318.93,387.23,41.84,33.1,,true,ESTIMATED_MODE_BREAKDOWN
2024-04-22 06:00:00,Japan,Japan,JP,348.48,418.88,36.46,27.17,,true,ESTIMATED_MODE_BREAKDOWN
2024-04-22 07:00:00,Japan,Japan,JP,384.87,458.78,29.81,20.35,,true,ESTIMATED_MODE_BREAKDOWN
2024-04-22 08:00:00,Japan,Japan,JP,417.91,493.95,23.8,14.57,,true,ESTIMATED_MODE_BREAKDOWN
2024-04-22 09:00:00,Japan,Japan,JP,428.44,506.34,21.86,12.59,,true,ESTIMATED_MODE_BREAKDOWN
2024-04-22 10:00:00,Japan,Japan,JP,431.11,509.21,21.37,11.99,,true,ESTIMATED_MODE_BREAKDOWN
2024-04-22 11:00:00,Japan,Japan,JP,429.53,507.18,21.66,11.96,,true,ESTIMATED_MODE_BREAKDOWN
2024-04-22 12:00:00,Japan,Japan,JP,428.28,505.67,21.89,11.93,,true,ESTIMATED_MODE_BREAKDOWN
2024-04-22 13:00:00,Japan,Japan,JP,423.4,500.19,22.78,11.89,,true,ESTIMATED_MODE_BREAKDOWN
2024-04-22 14:00:00,Japan,Japan,JP,421.25,497.53,23.18,11.85,,true,ESTIMATED_MODE_BREAKDOWN
2024-04-22 15:00:00,Japan,Japan,JP,417.3,493.04,23.9,11.91,,true,ESTIMATED_MODE_BREAKDOWN
2024-04-22 16:00:00,Japan,Japan,JP,415.81,491.4,24.17,11.9,,true,ESTIMATED_MODE_BREAKDOWN
2024-04-22 17:00:00,Japan,Japan,JP,416.91,492.95,23.96,11.97,,true,ESTIMATED_MODE_BREAKDOWN
2024-04-22 18:00:00,Japan,Japan,JP,418.37,494.76,23.69,12.01,,true,ESTIMATED_MODE_BREAKDOWN
2024-04-22 19:00:00,Japan,Japan,JP,417.22,493.15,23.91,12.49,,true,ESTIMATED_MODE_BREAKDOWN
2024-04-22 20:00:00,Japan,Japan,JP,415.52,490.59,24.24,12.8,,true,ESTIMATED_MODE_BREAKDOWN
2024-04-22 21:00:00,Japan,Japan,JP,403.15,477.64,26.49,15.29,,true,ESTIMATED_MODE_BREAKDOWN
2024-04-22 22:00:00,Japan,Japan,JP,381.51,454.39,30.43,19.85,,true,ESTIMATED_MODE_BREAKDOWN
2024-04-22 23:00:00,Japan,Japan,JP,363.23,434.81,33.77,23.93,,true,ESTIMATED_MODE_BREAKDOWN
2024-04-23 00:00:00,Japan,Japan,JP,339.23,408.71,38.15,28.94,,true,ESTIMATED_MODE_BREAKDOWN
2024-04-23 01:00:00,Japan,Japan,JP,326.32,394.35,40.51,31.46,,true,ESTIMATED_MODE_BREAKDOWN
2024-04-23 02:00:00,Japan,Japan,JP,320.77,389.01,41.51,32.41,,true,ESTIMATED_MODE_BREAKDOWN
2024-04-23 03:00:00,Japan,Japan,JP,316.64,383.78,42.27,32.81,,true,ESTIMATED_MODE_BREAKDOWN
2024-04-23 04:00:00,Japan,Japan,JP,334.59,403.41,39.0,29.75,,true,ESTIMATED_MODE_BREAKDOWN
2024-04-23 05:00:00,Japan,Japan,JP,353.44,424.59,35.54,26.31,,true,ESTIMATED_MODE_BREAKDOWN
2024-04-23 06:00:00,Japan,Japan,JP,373.95,447.57,31.79,22.57,,true,ESTIMATED_MODE_BREAKDOWN
2024-04-23 07:00:00,Japan,Japan,JP,398.75,474.78,27.26,18.04,,true,ESTIMATED_MODE_BREAKDOWN
2024-04-23 08:00:00,Japan,Japan,JP,419.02,496.24,23.57,14.15,,true,ESTIMATED_MODE_BREAKDOWN
2024-04-23 09:00:00,Japan,Japan,JP,428.73,506.72,21.8,12.47,,true,ESTIMATED_MODE_BREAKDOWN
2024-04-23 10:00:00,Japan,Japan,JP,429.71,507.55,21.63,12.04,,true,ESTIMATED_MODE_BREAKDOWN
2024-04-23 11:00:00,Japan,Japan,JP,426.91,504.12,22.14,12.14,,true,ESTIMATED_MODE_BREAKDOWN
2024-04-23 12:00:00,Japan,Japan,JP,424.3,500.81,22.63,12.14,,true,ESTIMATED_MODE_BREAKDOWN
2024-04-23 13:00:00,Japan,Japan,JP,421.85,498.48,23.06,12.16,,true,ESTIMATED_MODE_BREAKDOWN
2024-04-23 14:00:00,Japan,Japan,JP,419.42,495.42,23.51,12.18,,true,ESTIMATED_MODE_BREAKDOWN
2024-04-23 15:00:00,Japan,Japan,JP,415.66,491.17,24.19,12.33,,true,ESTIMATED_MODE_BREAKDOWN
2024-04-23 16:00:00,Japan,Japan,JP,415.09,490.37,24.3,12.42,,true,ESTIMATED_MODE_BREAKDOWN
2024-04-23 17:00:00,Japan,Japan,JP,414.91,489.81,24.34,12.45,,true,ESTIMATED_MODE_BREAKDOWN
2024-04-23 18:00:00,Japan,Japan,JP,415.73,490.78,24.2,12.55,,true,ESTIMATED_MODE_BREAKDOWN
2024-04-23 19:00:00,Japan,Japan,JP,414.43,489.04,24.44,13.02,,true,ESTIMATED_MODE_BREAKDOWN
2024-04-23 20:00:00,Japan,Japan,JP,413.68,488.36,24.58,13.54,,true,ESTIMATED_MODE_BREAKDOWN
2024-04-23 21:00:00,Japan,Japan,JP,398.53,472.72,27.32,16.2,,true,ESTIMATED_MODE_BREAKDOWN
2024-04-23 22:00:00,Japan,Japan,JP,374.52,448.18,31.67,20.99,,true,ESTIMATED_MODE_BREAKDOWN
2024-04-23 23:00:00,Japan,Japan,JP,357.05,429.53,34.85,25.06,,true,ESTIMATED_MODE_BREAKDOWN
2024-04-24 00:00:00,Japan,Japan,JP,338.61,409.33,38.23,29.13,,true,ESTIMATED_MODE_BREAKDOWN
2024-04-24 01:00:00,Japan,Japan,JP,319.75,388.87,41.67,32.67,,true,ESTIMATED_MODE_BREAKDOWN
2024-04-24 02:00:00,Japan,Japan,JP,305.67,372.92,44.25,35.42,,true,ESTIMATED_MODE_BREAKDOWN
2024-04-24 03:00:00,Japan,Japan,JP,297.7,363.5,45.72,36.58,,true,ESTIMATED_MODE_BREAKDOWN
2024-04-24 04:00:00,Japan,Japan,JP,312.56,379.71,43.0,33.73,,true,ESTIMATED_MODE_BREAKDOWN
2024-04-24 05:00:00,Japan,Japan,JP,325.69,393.88,40.61,31.53,,true,ESTIMATED_MODE_BREAKDOWN
2024-04-24 06:00:00,Japan,Japan,JP,351.87,422.07,35.84,27.06,,true,ESTIMATED_MODE_BREAKDOWN
2024-04-24 07:00:00,Japan,Japan,JP,378.17,450.91,31.04,21.76,,true,ESTIMATED_MODE_BREAKDOWN
2024-04-24 08:00:00,Japan,Japan,JP,405.26,480.88,26.09,16.76,,true,ESTIMATED_MODE_BREAKDOWN
2024-04-24 09:00:00,Japan,Japan,JP,424.47,502.26,22.57,13.57,,true,ESTIMATED_MODE_BREAKDOWN
2024-04-24 10:00:00,Japan,Japan,JP,428.03,506.09,21.92,12.43,,true,ESTIMATED_MODE_BREAKDOWN
2024-04-24 11:00:00,Japan,Japan,JP,427.79,505.72,21.97,12.41,,true,ESTIMATED_MODE_BREAKDOWN
2024-04-24 12:00:00,Japan,Japan,JP,425.84,503.36,22.33,12.29,,true,ESTIMATED_MODE_BREAKDOWN
2024-04-24 13:00:00,Japan,Japan,JP,422.79,499.95,22.88,12.3,,true,ESTIMATED_MODE_BREAKDOWN
2024-04-24 14:00:00,Japan,Japan,JP,420.79,497.53,23.25,12.19,,true,ESTIMATED_MODE_BREAKDOWN
2024-04-24 15:00:00,Japan,Japan,JP,415.79,491.66,24.16,12.21,,true,ESTIMATED_MODE_BREAKDOWN
2024-04-24 16:00:00,Japan,Japan,JP,414.21,489.56,24.46,12.2,,true,ESTIMATED_MODE_BREAKDOWN
2024-04-24 17:00:00,Japan,Japan,JP,414.98,490.33,24.32,12.18,,true,ESTIMATED_MODE_BREAKDOWN
2024-04-24 18:00:00,Japan,Japan,JP,416.72,492.27,24.01,12.17,,true,ESTIMATED_MODE_BREAKDOWN
2024-04-24 19:00:00,Japan,Japan,JP,416.09,491.34,24.13,12.66,,true,ESTIMATED_MODE_BREAKDOWN
2024-04-24 20:00:00,Japan,Japan,JP,413.65,488.86,24.57,13.13,,true,ESTIMATED_MODE_BREAKDOWN
2024-04-24 21:00:00,Japan,Japan,JP,373.78,449.48,31.76,20.41,,true,ESTIMATED_MODE_BREAKDOWN
2024-04-24 22:00:00,Japan,Japan,JP,318.5,390.48,41.82,31.05,,true,ESTIMATED_MODE_BREAKDOWN
2024-04-24 23:00:00,Japan,Japan,JP,267.26,335.15,51.16,41.3,,true,ESTIMATED_MODE_BREAKDOWN
2024-04-25 00:00:00,Japan,Japan,JP,243.07,308.93,55.58,46.52,,true,ESTIMATED_MODE_BREAKDOWN
2024-04-25 01:00:00,Japan,Japan,JP,222.29,286.36,59.37,50.35,,true,ESTIMATED_MODE_BREAKDOWN
2024-04-25 02:00:00,Japan,Japan,JP,213.16,276.59,61.03,52.09,,true,ESTIMATED_MODE_BREAKDOWN
2024-04-25 03:00:00,Japan,Japan,JP,201.45,263.21,63.18,53.75,,true,ESTIMATED_MODE_BREAKDOWN
2024-04-25 04:00:00,Japan,Japan,JP,222.55,285.47,59.35,50.22,,true,ESTIMATED_MODE_BREAKDOWN
2024-04-25 05:00:00,Japan,Japan,JP,244.58,309.22,55.33,46.22,,true,ESTIMATED_MODE_BREAKDOWN
2024-04-25 06:00:00,Japan,Japan,JP,291.61,360.17,46.75,37.58,,true,ESTIMATED_MODE_BREAKDOWN
2024-04-25 07:00:00,Japan,Japan,JP,337.08,409.48,38.46,29.09,,true,ESTIMATED_MODE_BREAKDOWN
2024-04-25 08:00:00,Japan,Japan,JP,393.14,471.31,28.21,18.71,,true,ESTIMATED_MODE_BREAKDOWN
2024-04-25 09:00:00,Japan,Japan,JP,422.12,503.04,22.92,13.43,,true,ESTIMATED_MODE_BREAKDOWN
2024-04-25 10:00:00,Japan,Japan,JP,428.56,510.12,21.75,12.37,,true,ESTIMATED_MODE_BREAKDOWN
2024-04-25 11:00:00,Japan,Japan,JP,424.88,506.32,22.41,12.31,,true,ESTIMATED_MODE_BREAKDOWN
2024-04-25 12:00:00,Japan,Japan,JP,424.41,505.78,22.5,12.18,,true,ESTIMATED_MODE_BREAKDOWN
2024-04-25 13:00:00,Japan,Japan,JP,420.56,501.72,23.19,12.15,,true,ESTIMATED_MODE_BREAKDOWN
2024-04-25 14:00:00,Japan,Japan,JP,420.17,500.94,23.27,12.09,,true,ESTIMATED_MODE_BREAKDOWN
2024-04-25 15:00:00,Japan,Japan,JP,415.09,494.62,24.2,12.08,,true,ESTIMATED_MODE_BREAKDOWN
2024-04-25 16:00:00,Japan,Japan,JP,413.63,492.66,24.48,12.12,,true,ESTIMATED_MODE_BREAKDOWN
2024-04-25 17:00:00,Japan,Japan,JP,414.25,493.38,24.37,12.13,,true,ESTIMATED_MODE_BREAKDOWN
2024-04-25 18:00:00,Japan,Japan,JP,415.93,495.71,24.06,12.23,,true,ESTIMATED_MODE_BREAKDOWN
2024-04-25 19:00:00,Japan,Japan,JP,415.17,494.81,24.2,12.74,,true,ESTIMATED_MODE_BREAKDOWN
2024-04-25 20:00:00,Japan,Japan,JP,410.85,489.5,25.0,13.45,,true,ESTIMATED_MODE_BREAKDOWN
2024-04-25 21:00:00,Japan,Japan,JP,380.05,456.53,30.61,19.42,,true,ESTIMATED_MODE_BREAKDOWN
2024-04-25 22:00:00,Japan,Japan,JP,328.08,400.19,40.09,28.91,,true,ESTIMATED_MODE_BREAKDOWN
2024-04-25 23:00:00,Japan,Japan,JP,290.22,358.99,47.01,37.16,,true,ESTIMATED_MODE_BREAKDOWN
2024-04-26 00:00:00,Japan,Japan,JP,268.2,334.48,51.04,41.59,,true,ESTIMATED_MODE_BREAKDOWN
2024-04-26 01:00:00,Japan,Japan,JP,255.84,320.77,53.3,43.87,,true,ESTIMATED_MODE_BREAKDOWN
2024-04-26 02:00:00,Japan,Japan,JP,256.95,322.2,53.09,43.69,,true,ESTIMATED_MODE_BREAKDOWN
2024-04-26 03:00:00,Japan,Japan,JP,257.0,322.7,53.07,43.49,,true,ESTIMATED_MODE_BREAKDOWN
2024-04-26 04:00:00,Japan,Japan,JP,282.58,351.11,48.39,39.1,,true,ESTIMATED_MODE_BREAKDOWN
2024-04-26 05:00:00,Japan,Japan,JP,317.37,387.97,42.07,32.71,,true,ESTIMATED_MODE_BREAKDOWN
2024-04-26 06:00:00,Japan,Japan,JP,349.21,422.97,36.24,26.66,,true,ESTIMATED_MODE_BREAKDOWN
2024-04-26 07:00:00,Japan,Japan,JP,385.89,463.49,29.54,20.38,,true,ESTIMATED_MODE_BREAKDOWN
2024-04-26 08:00:00,Japan,Japan,JP,413.65,493.79,24.47,14.9,,true,ESTIMATED_MODE_BREAKDOWN
2024-04-26 09:00:00,Japan,Japan,JP,424.99,506.15,22.4,12.65,,true,ESTIMATED_MODE_BREAKDOWN
2024-04-26 10:00:00,Japan,Japan,JP,428.12,509.47,21.83,11.85,,true,ESTIMATED_MODE_BREAKDOWN
2024-04-26 11:00:00,Japan,Japan,JP,426.4,507.39,22.15,11.73,,true,ESTIMATED_MODE_BREAKDOWN
2024-04-26 12:00:00,Japan,Japan,JP,427.25,505.62,22.06,11.63,,true,ESTIMATED_MODE_BREAKDOWN
2024-04-26 13:00:00,Japan,Japan,JP,423.41,500.01,22.78,11.56,,true,ESTIMATED_MODE_BREAKDOWN
2024-04-26 14:00:00,Japan,Japan,JP,422.64,499.15,22.92,11.53,,true,ESTIMATED_MODE_BREAKDOWN
2024-04-26 15:00:00,Japan,Japan,JP,417.24,492.56,23.92,11.52,,true,ESTIMATED_MODE_BREAKDOWN
2024-04-26 16:00:00,Japan,Japan,JP,415.89,490.67,24.17,11.55,,true,ESTIMATED_MODE_BREAKDOWN
2024-04-26 17:00:00,Japan,Japan,JP,415.18,489.95,24.3,11.5,,true,ESTIMATED_MODE_BREAKDOWN
2024-04-26 18:00:00,Japan,Japan,JP,417.06,492.92,23.94,11.57,,true,ESTIMATED_MODE_BREAKDOWN
2024-04-26 19:00:00,Japan,Japan,JP,416.26,491.77,24.1,12.05,,true,ESTIMATED_MODE_BREAKDOWN
2024-04-26 20:00:00,Japan,Japan,JP,412.1,486.96,24.86,12.62,,true,ESTIMATED_MODE_BREAKDOWN
2024-04-26 21:00:00,Japan,Japan,JP,392.44,465.03,28.45,15.78,,true,ESTIMATED_MODE_BREAKDOWN
2024-04-26 22:00:00,Japan,Japan,JP,362.41,432.49,33.93,21.42,,true,ESTIMATED_MODE_BREAKDOWN
2024-04-26 23:00:00,Japan,Japan,JP,327.41,394.24,40.33,28.63,,true,ESTIMATED_MODE_BREAKDOWN
2024-04-27 00:00:00,Japan,Japan,JP,264.36,323.9,51.87,39.53,,true,ESTIMATED_MODE_BREAKDOWN
2024-04-27 01:00:00,Japan,Japan,JP,234.66,291.41,57.3,45.33,,true,ESTIMATED_MODE_BREAKDOWN
2024-04-27 02:00:00,Japan,Japan,JP,221.51,277.39,59.69,47.58,,true,ESTIMATED_MODE_BREAKDOWN
2024-04-27 03:00:00,Japan,Japan,JP,215.42,270.93,60.79,48.43,,true,ESTIMATED_MODE_BREAKDOWN
2024-04-27 04:00:00,Japan,Japan,JP,230.59,288.75,57.99,45.77,,true,ESTIMATED_MODE_BREAKDOWN
2024-04-27 05:00:00,Japan,Japan,JP,252.38,312.39,54.02,41.9,,true,ESTIMATED_MODE_BREAKDOWN
2024-04-27 06:00:00,Japan,Japan,JP,289.65,353.01,47.22,34.7,,true,ESTIMATED_MODE_BREAKDOWN
2024-04-27 07:00:00,Japan,Japan,JP,347.41,416.54,36.67,24.84,,true,ESTIMATED_MODE_BREAKDOWN
2024-04-27 08:00:00,Japan,Japan,JP,395.4,469.08,27.9,16.2,,true,ESTIMATED_MODE_BREAKDOWN
2024-04-27 09:00:00,Japan,Japan,JP,417.64,493.97,23.83,12.62,,true,ESTIMATED_MODE_BREAKDOWN
2024-04-27 10:00:00,Japan,Japan,JP,423.71,500.84,22.72,11.46,,true,ESTIMATED_MODE_BREAKDOWN
2024-04-27 11:00:00,Japan,Japan,JP,421.51,498.17,23.13,11.47,,true,ESTIMATED_MODE_BREAKDOWN
2024-04-27 12:00:00,Japan,Japan,JP,418.96,495.39,23.59,11.42,,true,ESTIMATED_MODE_BREAKDOWN
2024-04-27 13:00:00,Japan,Japan,JP,415.38,490.84,24.25,11.34,,true,ESTIMATED_MODE_BREAKDOWN
2024-04-27 14:00:00,Japan,Japan,JP,413.6,488.45,24.58,11.26,,true,ESTIMATED_MODE_BREAKDOWN
2024-04-27 15:00:00,Japan,Japan,JP,407.18,480.56,25.76,11.26,,true,ESTIMATED_MODE_BREAKDOWN
2024-04-27 16:00:00,Japan,Japan,JP,406.96,480.23,25.81,11.29,,true,ESTIMATED_MODE_BREAKDOWN
2024-04-27 17:00:00,Japan,Japan,JP,406.51,479.87,25.89,11.26,,true,ESTIMATED_MODE_BREAKDOWN
2024-04-27 18:00:00,Japan,Japan,JP,408.41,482.2,25.54,11.46,,true,ESTIMATED_MODE_BREAKDOWN
2024-04-27 19:00:00,Japan,Japan,JP,408.72,483.02,25.48,12.1,,true,ESTIMATED_MODE_BREAKDOWN
2024-04-27 20:00:00,Japan,Japan,JP,398.76,471.98,27.29,13.26,,true,ESTIMATED_MODE_BREAKDOWN
2024-04-27 21:00:00,Japan,Japan,JP,348.83,417.15,36.41,22.23,,true,ESTIMATED_MODE_BREAKDOWN
2024-04-27 22:00:00,Japan,Japan,JP,268.55,328.94,51.08,37.1,,true,ESTIMATED_MODE_BREAKDOWN
2024-04-27 23:00:00,Japan,Japan,JP,199.58,256.43,63.61,49.96,,true,ESTIMATED_MODE_BREAKDOWN
2024-04-28 00:00:00,Japan,Japan,JP,163.27,217.1,70.23,56.9,,true,ESTIMATED_MODE_BREAKDOWN
2024-04-28 01:00:00,Japan,Japan,JP,146.62,199.37,73.26,60.27,,true,ESTIMATED_MODE_BREAKDOWN
2024-04-28 02:00:00,Japan,Japan,JP,150.75,203.95,72.51,59.95,,true,ESTIMATED_MODE_BREAKDOWN
2024-04-28 03:00:00,Japan,Japan,JP,155.94,209.7,71.56,59.04,,true,ESTIMATED_MODE_BREAKDOWN
2024-04-28 04:00:00,Japan,Japan,JP,158.35,213.1,71.1,58.4,,true,ESTIMATED_MODE_BREAKDOWN
2024-04-28 05:00:00,Japan,Japan,JP,189.92,247.32,65.34,52.04,,true,ESTIMATED_MODE_BREAKDOWN
2024-04-28 06:00:00,Japan,Japan,JP,249.99,312.53,54.38,41.41,,true,ESTIMATED_MODE_BREAKDOWN
2024-04-28 07:00:00,Japan,Japan,JP,315.49,384.17,42.43,29.61,,true,ESTIMATED_MODE_BREAKDOWN
2024-04-28 08:00:00,Japan,Japan,JP,379.51,453.23,30.76,18.23,,true,ESTIMATED_MODE_BREAKDOWN
2024-04-28 09:00:00,Japan,Japan,JP,414.01,489.71,24.49,12.38,,true,ESTIMATED_MODE_BREAKDOWN
2024-04-28 10:00:00,Japan,Japan,JP,418.2,494.36,23.73,11.44,,true,ESTIMATED_MODE_BREAKDOWN
2024-04-28 11:00:00,Japan,Japan,JP,417.47,493.1,23.87,11.46,,true,ESTIMATED_MODE_BREAKDOWN
2024-04-28 12:00:00,Japan,Japan,JP,413.68,488.18,24.57,11.35,,true,ESTIMATED_MODE_BREAKDOWN
2024-04-28 13:00:00,Japan,Japan,JP,410.59,484.57,25.14,11.3,,true,ESTIMATED_MODE_BREAKDOWN
2024-04-28 14:00:00,Japan,Japan,JP,408.76,482.53,25.47,11.2,,true,ESTIMATED_MODE_BREAKDOWN
2024-04-28 15:00:00,Japan,Japan,JP,402.99,475.45,26.53,11.24,,true,ESTIMATED_MODE_BREAKDOWN
2024-04-28 16:00:00,Japan,Japan,JP,399.25,471.35,27.21,11.34,,true,ESTIMATED_MODE_BREAKDOWN
2024-04-28 17:00:00,Japan,Japan,JP,402.57,475.29,26.6,11.52,,true,ESTIMATED_MODE_BREAKDOWN
2024-04-28 18:00:00,Japan,Japan,JP,404.75,477.3,26.22,11.6,,true,ESTIMATED_MODE_BREAKDOWN
2024-04-28 19:00:00,Japan,Japan,JP,402.79,475.33,26.57,12.13,,true,ESTIMATED_MODE_BREAKDOWN
2024-04-28 20:00:00,Japan,Japan,JP,397.57,468.85,27.55,13.28,,true,ESTIMATED_MODE_BREAKDOWN
2024-04-28 21:00:00,Japan,Japan,JP,360.39,427.98,34.33,19.34,,true,ESTIMATED_MODE_BREAKDOWN
2024-04-28 22:00:00,Japan,Japan,JP,306.91,370.16,44.08,29.24,,true,ESTIMATED_MODE_BREAKDOWN
2024-04-28 23:00:00,Japan,Japan,JP,267.23,327.6,51.32,37.42,,true,ESTIMATED_MODE_BREAKDOWN
2024-04-29 00:00:00,Japan,Japan,JP,268.57,331.06,51.04,38.9,,true,ESTIMATED_MODE_BREAKDOWN
2024-04-29 01:00:00,Japan,Japan,JP,254.99,316.97,53.5,41.78,,true,ESTIMATED_MODE_BREAKDOWN
2024-04-29 02:00:00,Japan,Japan,JP,253.54,315.82,53.76,42.34,,true,ESTIMATED_MODE_BREAKDOWN
2024-04-29 03:00:00,Japan,Japan,JP,256.89,319.52,53.14,41.33,,true,ESTIMATED_MODE_BREAKDOWN
2024-04-29 04:00:00,Japan,Japan,JP,275.5,339.35,49.75,37.62,,true,ESTIMATED_MODE_BREAKDOWN
2024-04-29 05:00:00,Japan,Japan,JP,301.79,368.64,44.94,33.25,,true,ESTIMATED_MODE_BREAKDOWN
2024-04-29 06:00:00,Japan,Japan,JP,340.27,411.29,37.9,26.28,,true,ESTIMATED_MODE_BREAKDOWN
2024-04-29 07:00:00,Japan,Japan,JP,376.94,452.01,31.19,19.85,,true,ESTIMATED_MODE_BREAKDOWN
2024-04-29 08:00:00,Japan,Japan,JP,407.92,486.31,25.53,14.24,,true,ESTIMATED_MODE_BREAKDOWN
2024-04-29 09:00:00,Japan,Japan,JP,418.78,498.31,23.55,12.42,,true,ESTIMATED_MODE_BREAKDOWN
2024-04-29 10:00:00,Japan,Japan,JP,420.85,500.48,23.17,11.72,,true,ESTIMATED_MODE_BREAKDOWN
2024-04-29 11:00:00,Japan,Japan,JP,416.92,495.96,23.89,11.68,,true,ESTIMATED_MODE_BREAKDOWN
2024-04-29 12:00:00,Japan,Japan,JP,414.53,492.93,24.33,11.57,,true,ESTIMATED_MODE_BREAKDOWN
2024-04-29 13:00:00,Japan,Japan,JP,413.18,491.43,24.57,11.58,,true,ESTIMATED_MODE_BREAKDOWN
2024-04-29 14:00:00,Japan,Japan,JP,412.13,490.31,24.76,11.62,,true,ESTIMATED_MODE_BREAKDOWN
2024-04-29 15:00:00,Japan,Japan,JP,405.71,482.86,25.94,11.56,,true,ESTIMATED_MODE_BREAKDOWN
2024-04-29 16:00:00,Japan,Japan,JP,404.81,481.99,26.1,11.58,,true,ESTIMATED_MODE_BREAKDOWN
2024-04-29 17:00:00,Japan,Japan,JP,404.56,481.55,26.15,11.58,,true,ESTIMATED_MODE_BREAKDOWN
2024-04-29 18:00:00,Japan,Japan,JP,407.71,484.43,25.59,11.67,,true,ESTIMATED_MODE_BREAKDOWN
2024-04-29 19:00:00,Japan,Japan,JP,406.22,482.78,25.87,12.21,,true,ESTIMATED_MODE_BREAKDOWN
2024-04-29 20:00:00,Japan,Japan,JP,406.53,483.22,25.81,12.72,,true,ESTIMATED_MODE_BREAKDOWN
2024-04-29 21:00:00,Japan,Japan,JP,387.7,463.21,29.24,15.92,,true,ESTIMATED_MODE_BREAKDOWN
2024-04-29 22:00:00,Japan,Japan,JP,359.34,433.64,34.39,21.75,,true,ESTIMATED_MODE_BREAKDOWN
2024-04-29 23:00:00,Japan,Japan,JP,330.77,403.1,39.59,28.11,,true,ESTIMATED_MODE_BREAKDOWN
2024-04-30 00:00:00,Japan,Japan,JP,311.83,382.2,43.06,32.01,,true,ESTIMATED_MODE_BREAKDOWN
2024-04-30 01:00:00,Japan,Japan,JP,291.33,361.23,46.77,36.05,,true,ESTIMATED_MODE_BREAKDOWN
2024-04-30 02:00:00,Japan,Japan,JP,280.48,350.28,48.73,38.0,,true,ESTIMATED_MODE_BREAKDOWN
2024-04-30 03:00:00,Japan,Japan,JP,269.32,338.14,50.77,39.83,,true,ESTIMATED_MODE_BREAKDOWN
2024-04-30 04:00:00,Japan,Japan,JP,279.23,348.42,48.97,38.24,,true,ESTIMATED_MODE_BREAKDOWN
2024-04-30 05:00:00,Japan,Japan,JP,305.1,374.28,44.3,33.59,,true,ESTIMATED_MODE_BREAKDOWN
2024-04-30 06:00:00,Japan,Japan,JP,339.63,410.82,38.02,27.41,,true,ESTIMATED_MODE_BREAKDOWN
2024-04-30 07:00:00,Japan,Japan,JP,370.92,446.34,32.28,21.34,,true,ESTIMATED_MODE_BREAKDOWN
2024-04-30 08:00:00,Japan,Japan,JP,405.62,483.46,25.96,15.22,,true,ESTIMATED_MODE_BREAKDOWN
2024-04-30 09:00:00,Japan,Japan,JP,421.46,500.66,23.08,12.26,,true,ESTIMATED_MODE_BREAKDOWN
2024-04-30 10:00:00,Japan,Japan,JP,423.76,503.35,22.65,11.6,,true,ESTIMATED_MODE_BREAKDOWN
2024-04-30 11:00:00,Japan,Japan,JP,420.95,500.17,23.16,11.63,,true,ESTIMATED_MODE_BREAKDOWN
2024-04-30 12:00:00,Japan,Japan,JP,417.83,496.38,23.74,11.77,,true,ESTIMATED_MODE_BREAKDOWN
2024-04-30 13:00:00,Japan,Japan,JP,413.4,491.86,24.53,11.71,,true,ESTIMATED_MODE_BREAKDOWN
2024-04-30 14:00:00,Japan,Japan,JP,412.12,490.26,24.77,11.89,,true,ESTIMATED_MODE_BREAKDOWN
2024-04-30 15:00:00,Japan,Japan,JP,404.2,480.86,26.22,11.91,,true,ESTIMATED_MODE_BREAKDOWN
2024-04-30 16:00:00,Japan,Japan,JP,402.97,479.7,26.44,11.98,,true,ESTIMATED_MODE_BREAKDOWN
2024-04-30 17:00:00,Japan,Japan,JP,402.44,478.89,26.54,11.98,,true,ESTIMATED_MODE_BREAKDOWN
2024-04-30 18:00:00,Japan,Japan,JP,405.92,482.01,25.92,12.1,,true,ESTIMATED_MODE_BREAKDOWN
2024-04-30 19:00:00,Japan,Japan,JP,404.88,480.26,26.13,12.61,,true,ESTIMATED_MODE_BREAKDOWN
2024-04-30 20:00:00,Japan,Japan,JP,400.76,475.88,26.88,13.37,,true,ESTIMATED_MODE_BREAKDOWN
2024-04-30 21:00:00,Japan,Japan,JP,384.21,458.5,29.89,16.45,,true,ESTIMATED_MODE_BREAKDOWN
2024-04-30 22:00:00,Japan,Japan,JP,361.37,434.11,34.05,21.6,,true,ESTIMATED_MODE_BREAKDOWN
2024-04-30 23:00:00,Japan,Japan,JP,339.27,409.95,38.09,26.43,,true,ESTIMATED_MODE_BREAKDOWN
2024-05-01 00:00:00,Japan,Japan,JP,323.83,393.66,40.9,30.44,,true,ESTIMATED_MODE_BREAKDOWN
2024-05-01 01:00:00,Japan,Japan,JP,305.26,373.61,44.29,33.82,,true,ESTIMATED_MODE_BREAKDOWN
2024-05-01 02:00:00,Japan,Japan,JP,300.31,368.4,45.19,34.62,,true,ESTIMATED_MODE_BREAKDOWN
2024-05-01 03:00:00,Japan,Japan,JP,297.31,365.1,45.73,34.8,,true,ESTIMATED_MODE_BREAKDOWN
2024-05-01 04:00:00,Japan,Japan,JP,312.7,381.71,42.93,32.33,,true,ESTIMATED_MODE_BREAKDOWN
2024-05-01 05:00:00,Japan,Japan,JP,332.26,402.88,39.36,28.72,,true,ESTIMATED_MODE_BREAKDOWN
2024-05-01 06:00:00,Japan,Japan,JP,360.7,434.2,34.16,23.38,,true,ESTIMATED_MODE_BREAKDOWN
2024-05-01 07:00:00,Japan,Japan,JP,391.67,468.35,28.5,17.88,,true,ESTIMATED_MODE_BREAKDOWN
2024-05-01 08:00:00,Japan,Japan,JP,410.53,488.71,25.06,14.18,,true,ESTIMATED_MODE_BREAKDOWN
2024-05-01 09:00:00,Japan,Japan,JP,421.94,501.52,22.97,12.48,,true,ESTIMATED_MODE_BREAKDOWN
2024-05-01 10:00:00,Japan,Japan,JP,421.92,501.04,22.99,11.84,,true,ESTIMATED_MODE_BREAKDOWN
2024-05-01 11:00:00,Japan,Japan,JP,421.53,500.58,23.06,11.88,,true,ESTIMATED_MODE_BREAKDOWN
2024-05-01 12:00:00,Japan,Japan,JP,416.59,494.79,23.96,11.73,,true,ESTIMATED_MODE_BREAKDOWN
2024-05-01 13:00:00,Japan,Japan,JP,414.46,492.82,24.34,11.73,,true,ESTIMATED_MODE_BREAKDOWN
2024-05-01 14:00:00,Japan,Japan,JP,411.13,488.98,24.95,11.69,,true,ESTIMATED_MODE_BREAKDOWN
2024-05-01 15:00:00,Japan,Japan,JP,404.94,482.46,26.06,11.84,,true,ESTIMATED_MODE_BREAKDOWN
2024-05-01 16:00:00,Japan,Japan,JP,399.94,476.82,26.97,11.83,,true,ESTIMATED_MODE_BREAKDOWN
2024-05-01 17:00:00,Japan,Japan,JP,400.99,477.63,26.8,11.9,,true,ESTIMATED_MODE_BREAKDOWN
2024-05-01 18:00:00,Japan,Japan,JP,404.76,481.23,26.13,11.9,,true,ESTIMATED_MODE_BREAKDOWN
2024-05-01 19:00:00,Japan,Japan,JP,405.0,481.58,26.09,12.48,,true,ESTIMATED_MODE_BREAKDOWN
2024-05-01 20:00:00,Japan,Japan,JP,401.02,477.0,26.82,13.48,,true,ESTIMATED_MODE_BREAKDOWN
2024-05-01 21:00:00,Japan,Japan,JP,362.65,435.33,33.82,20.46,,true,ESTIMATED_MODE_BREAKDOWN
2024-05-01 22:00:00,Japan,Japan,JP,300.98,369.61,45.04,32.29,,true,ESTIMATED_MODE_BREAKDOWN
2024-05-01 23:00:00,Japan,Japan,JP,252.93,318.3,53.79,41.59,,true,ESTIMATED_MODE_BREAKDOWN
2024-05-02 00:00:00,Japan,Japan,JP,221.76,284.64,59.48,48.21,,true,ESTIMATED_MODE_BREAKDOWN
2024-05-02 01:00:00,Japan,Japan,JP,198.15,258.98,63.78,52.58,,true,ESTIMATED_MODE_BREAKDOWN
2024-05-02 02:00:00,Japan,Japan,JP,191.42,251.63,65.01,53.97,,true,ESTIMATED_MODE_BREAKDOWN
2024-05-02 03:00:00,Japan,Japan,JP,186.88,246.6,65.84,54.35,,true,ESTIMATED_MODE_BREAKDOWN
2024-05-02 04:00:00,Japan,Japan,JP,201.76,262.68,63.13,52.1,,true,ESTIMATED_MODE_BREAKDOWN
2024-05-02 05:00:00,Japan,Japan,JP,227.66,291.17,58.4,47.21,,true,ESTIMATED_MODE_BREAKDOWN
2024-05-02 06:00:00,Japan,Japan,JP,275.29,343.84,49.69,38.53,,true,ESTIMATED_MODE_BREAKDOWN
2024-05-02 07:00:00,Japan,Japan,JP,334.3,408.04,38.92,27.87,,true,ESTIMATED_MODE_BREAKDOWN
2024-05-02 08:00:00,Japan,Japan,JP,387.04,464.26,29.32,18.01,,true,ESTIMATED_MODE_BREAKDOWN
2024-05-02 09:00:00,Japan,Japan,JP,418.94,499.05,23.51,12.66,,true,ESTIMATED_MODE_BREAKDOWN
2024-05-02 10:00:00,Japan,Japan,JP,423.28,503.59,22.72,11.43,,true,ESTIMATED_MODE_BREAKDOWN
2024-05-02 11:00:00,Japan,Japan,JP,422.64,502.75,22.84,11.41,,true,ESTIMATED_MODE_BREAKDOWN
2024-05-02 12:00:00,Japan,Japan,JP,418.2,497.63,23.65,11.28,,true,ESTIMATED_MODE_BREAKDOWN
2024-05-02 13:00:00,Japan,Japan,JP,416.23,495.77,24.0,11.28,,true,ESTIMATED_MODE_BREAKDOWN
2024-05-02 14:00:00,Japan,Japan,JP,413.06,491.75,24.58,11.27,,true,ESTIMATED_MODE_BREAKDOWN
2024-05-02 15:00:00,Japan,Japan,JP,405.99,483.26,25.88,11.33,,true,ESTIMATED_MODE_BREAKDOWN
2024-05-02 16:00:00,Japan,Japan,JP,401.63,478.29,26.68,11.4,,true,ESTIMATED_MODE_BREAKDOWN
2024-05-02 17:00:00,Japan,Japan,JP,401.91,478.71,26.63,11.56,,true,ESTIMATED_MODE_BREAKDOWN
2024-05-02 18:00:00,Japan,Japan,JP,405.08,481.75,26.06,11.74,,true,ESTIMATED_MODE_BREAKDOWN
2024-05-02 19:00:00,Japan,Japan,JP,405.69,482.21,25.97,12.34,,true,ESTIMATED_MODE_BREAKDOWN
2024-05-02 20:00:00,Japan,Japan,JP,398.0,473.14,27.38,13.51,,true,ESTIMATED_MODE_BREAKDOWN
2024-05-02 21:00:00,Japan,Japan,JP,353.6,425.23,35.47,21.41,,true,ESTIMATED_MODE_BREAKDOWN
2024-05-02 22:00:00,Japan,Japan,JP,275.83,342.34,49.62,35.87,,true,ESTIMATED_MODE_BREAKDOWN
2024-05-02 23:00:00,Japan,Japan,JP,232.05,295.85,57.58,44.22,,true,ESTIMATED_MODE_BREAKDOWN
2024-05-03 00:00:00,Japan,Japan,JP,208.49,270.11,61.89,49.54,,true,ESTIMATED_MODE_BREAKDOWN
2024-05-03 01:00:00,Japan,Japan,JP,193.0,253.25,64.71,52.56,,true,ESTIMATED_MODE_BREAKDOWN
2024-05-03 02:00:00,Japan,Japan,JP,190.4,250.41,65.19,53.35,,true,ESTIMATED_MODE_BREAKDOWN
2024-05-03 03:00:00,Japan,Japan,JP,193.82,254.18,64.57,52.49,,true,ESTIMATED_MODE_BREAKDOWN
2024-05-03 04:00:00,Japan,Japan,JP,209.17,270.47,61.78,49.96,,true,ESTIMATED_MODE_BREAKDOWN
2024-05-03 05:00:00,Japan,Japan,JP,225.14,287.78,58.86,46.84,,true,ESTIMATED_MODE_BREAKDOWN
2024-05-03 06:00:00,Japan,Japan,JP,267.78,334.88,51.07,39.14,,true,ESTIMATED_MODE_BREAKDOWN
2024-05-03 07:00:00,Japan,Japan,JP,321.1,393.81,41.32,29.79,,true,ESTIMATED_MODE_BREAKDOWN
2024-05-03 08:00:00,Japan,Japan,JP,380.56,457.84,30.48,18.74,,true,ESTIMATED_MODE_BREAKDOWN
2024-05-03 09:00:00,Japan,Japan,JP,417.14,497.62,23.82,12.51,,true,ESTIMATED_MODE_BREAKDOWN
2024-05-03 10:00:00,Japan,Japan,JP,421.11,501.79,23.09,11.3,,true,ESTIMATED_MODE_BREAKDOWN
2024-05-03 11:00:00,Japan,Japan,JP,420.7,501.5,23.17,11.37,,true,ESTIMATED_MODE_BREAKDOWN
2024-05-03 12:00:00,Japan,Japan,JP,416.37,496.43,23.96,11.28,,true,ESTIMATED_MODE_BREAKDOWN
2024-05-03 13:00:00,Japan,Japan,JP,413.78,493.37,24.43,11.26,,true,ESTIMATED_MODE_BREAKDOWN
2024-05-03 14:00:00,Japan,Japan,JP,409.69,488.23,25.19,11.15,,true,ESTIMATED_MODE_BREAKDOWN
2024-05-03 15:00:00,Japan,Japan,JP,404.68,482.66,26.1,11.2,,true,ESTIMATED_MODE_BREAKDOWN
2024-05-03 16:00:00,Japan,Japan,JP,400.67,478.3,26.82,11.16,,true,ESTIMATED_MODE_BREAKDOWN
2024-05-03 17:00:00,Japan,Japan,JP,401.65,479.43,26.65,11.16,,true,ESTIMATED_MODE_BREAKDOWN
2024-05-03 18:00:00,Japan,Japan,JP,405.19,482.44,26.03,11.28,,true,ESTIMATED_MODE_BREAKDOWN
2024-05-03 19:00:00,Japan,Japan,JP,405.35,482.55,26.01,11.89,,true,ESTIMATED_MODE_BREAKDOWN
2024-05-03 20:00:00,Japan,Japan,JP,397.85,473.75,27.39,13.01,,true,ESTIMATED_MODE_BREAKDOWN
2024-05-03 21:00:00,Japan,Japan,JP,351.5,423.42,35.84,21.56,,true,ESTIMATED_MODE_BREAKDOWN
2024-05-03 22:00:00,Japan,Japan,JP,273.74,340.71,49.98,35.83,,true,ESTIMATED_MODE_BREAKDOWN
2024-05-03 23:00:00,Japan,Japan,JP,235.49,298.93,56.97,43.56,,true,ESTIMATED_MODE_BREAKDOWN
2024-05-04 00:00:00,Japan,Japan,JP,214.72,275.4,60.79,48.54,,true,ESTIMATED_MODE_BREAKDOWN
2024-05-04 01:00:00,Japan,Japan,JP,197.53,256.85,63.92,51.82,,true,ESTIMATED_MODE_BREAKDOWN
2024-05-04 02:00:00,Japan,Japan,JP,191.06,249.78,65.11,53.28,,true,ESTIMATED_MODE_BREAKDOWN
2024-05-04 03:00:00,Japan,Japan,JP,190.49,249.08,65.21,53.13,,true,ESTIMATED_MODE_BREAKDOWN
2024-05-04 04:00:00,Japan,Japan,JP,202.25,261.6,63.07,51.21,,true,ESTIMATED_MODE_BREAKDOWN
2024-05-04 05:00:00,Japan,Japan,JP,228.45,290.42,58.28,46.22,,true,ESTIMATED_MODE_BREAKDOWN
2024-05-04 06:00:00,Japan,Japan,JP,275.38,343.62,49.67,37.56,,true,ESTIMATED_MODE_BREAKDOWN
2024-05-04 07:00:00,Japan,Japan,JP,329.03,403.28,39.85,27.95,,true,ESTIMATED_MODE_BREAKDOWN
2024-05-04 08:00:00,Japan,Japan,JP,387.06,465.11,29.3,17.77,,true,ESTIMATED_MODE_BREAKDOWN
2024-05-04 09:00:00,Japan,Japan,JP,417.8,498.29,23.7,12.14,,true,ESTIMATED_MODE_BREAKDOWN
2024-05-04 10:00:00,Japan,Japan,JP,423.88,504.93,22.59,11.14,,true,ESTIMATED_MODE_BREAKDOWN
2024-05-04 11:00:00,Japan,Japan,JP,420.23,500.76,23.25,11.09,,true,ESTIMATED_MODE_BREAKDOWN
2024-05-04 12:00:00,Japan,Japan,JP,418.4,498.92,23.58,11.14,,true,ESTIMATED_MODE_BREAKDOWN
2024-05-04 13:00:00,Japan,Japan,JP,412.68,492.72,24.62,11.14,,true,ESTIMATED_MODE_BREAKDOWN
2024-05-04 14:00:00,Japan,Japan,JP,410.07,489.73,25.09,11.23,,true,ESTIMATED_MODE_BREAKDOWN
2024-05-04 15:00:00,Japan,Japan,JP,403.45,481.49,26.32,11.28,,true,ESTIMATED_MODE_BREAKDOWN
2024-05-04 16:00:00,Japan,Japan,JP,399.6,477.01,27.02,11.44,,true,ESTIMATED_MODE_BREAKDOWN
2024-05-04 17:00:00,Japan,Japan,JP,400.08,477.66,26.93,11.57,,true,ESTIMATED_MODE_BREAKDOWN
2024-05-04 18:00:00,Japan,Japan,JP,402.53,479.99,26.5,11.68,,true,ESTIMATED_MODE_BREAKDOWN
2024-05-04 19:00:00,Japan,Japan,JP,403.94,481.25,26.26,12.3,,true,ESTIMATED_MODE_BREAKDOWN
2024-05-04 20:00:00,Japan,Japan,JP,393.86,469.5,28.11,13.58,,true,ESTIMATED_MODE_BREAKDOWN
2024-05-04 21:00:00,Japan,Japan,JP,349.86,422.19,36.12,21.54,,true,ESTIMATED_MODE_BREAKDOWN
2024-05-04 22:00:00,Japan,Japan,JP,279.06,346.85,49.0,34.91,,true,ESTIMATED_MODE_BREAKDOWN
2024-05-04 23:00:00,Japan,Japan,JP,240.12,304.35,56.12,42.88,,true,ESTIMATED_MODE_BREAKDOWN
2024-05-05 00:00:00,Japan,Japan,JP,214.49,276.46,60.8,48.66,,true,ESTIMATED_MODE_BREAKDOWN
2024-05-05 01:00:00,Japan,Japan,JP,198.26,258.94,63.76,51.81,,true,ESTIMATED_MODE_BREAKDOWN
2024-05-05 02:00:00,Japan,Japan,JP,192.19,252.33,64.87,53.17,,true,ESTIMATED_MODE_BREAKDOWN
2024-05-05 03:00:00,Japan,Japan,JP,192.84,253.04,64.75,52.76,,true,ESTIMATED_MODE_BREAKDOWN
2024-05-05 04:00:00,Japan,Japan,JP,208.34,269.67,61.92,50.04,,true,ESTIMATED_MODE_BREAKDOWN
2024-05-05 05:00:00,Japan,Japan,JP,235.69,299.92,56.92,44.9,,true,ESTIMATED_MODE_BREAKDOWN
2024-05-05 06:00:00,Japan,Japan,JP,288.45,358.36,47.27,35.36,,true,ESTIMATED_MODE_BREAKDOWN
2024-05-05 07:00:00,Japan,Japan,JP,343.94,418.7,37.15,25.59,,true,ESTIMATED_MODE_BREAKDOWN
2024-05-05 08:00:00,Japan,Japan,JP,391.62,468.93,28.49,16.61,,true,ESTIMATED_MODE_BREAKDOWN
2024-05-05 09:00:00,Japan,Japan,JP,417.17,496.88,23.83,12.37,,true,ESTIMATED_MODE_BREAKDOWN
2024-05-05 10:00:00,Japan,Japan,JP,420.98,501.28,23.12,11.53,,true,ESTIMATED_MODE_BREAKDOWN
2024-05-05 11:00:00,Japan,Japan,JP,418.22,498.2,23.63,11.51,,true,ESTIMATED_MODE_BREAKDOWN
2024-05-05 12:00:00,Japan,Japan,JP,415.65,495.36,24.09,11.54,,true,ESTIMATED_MODE_BREAKDOWN
2024-05-05 13:00:00,Japan,Japan,JP,412.47,492.02,24.67,11.6,,true,ESTIMATED_MODE_BREAKDOWN
2024-05-05 14:00:00,Japan,Japan,JP,408.73,487.67,25.35,11.59,,true,ESTIMATED_MODE_BREAKDOWN
2024-05-05 15:00:00,Japan,Japan,JP,402.43,480.88,26.49,11.75,,true,ESTIMATED_MODE_BREAKDOWN
2024-05-05 16:00:00,Japan,Japan,JP,397.99,475.85,27.3,11.77,,true,ESTIMATED_MODE_BREAKDOWN
2024-05-05 17:00:00,Japan,Japan,JP,400.11,478.04,26.92,11.89,,true,ESTIMATED_MODE_BREAKDOWN
2024-05-05 18:00:00,Japan,Japan,JP,402.59,480.36,26.48,11.98,,true,ESTIMATED_MODE_BREAKDOWN
2024-05-05 19:00:00,Japan,Japan,JP,403.31,480.81,26.37,12.54,,true,ESTIMATED_MODE_BREAKDOWN
2024-05-05 20:00:00,Japan,Japan,JP,398.47,475.32,27.25,13.21,,true,ESTIMATED_MODE_BREAKDOWN
2024-05-05 21:00:00,Japan,Japan,JP,383.52,458.48,29.99,16.08,,true,ESTIMATED_MODE_BREAKDOWN
2024-05-05 22:00:00,Japan,Japan,JP,360.67,433.53,34.17,20.98,,true,ESTIMATED_MODE_BREAKDOWN
2024-05-05 23:00:00,Japan,Japan,JP,340.58,411.93,37.84,25.84,,true,ESTIMATED_MODE_BREAKDOWN
2024-05-06 00:00:00,Japan,Japan,JP,324.81,395.15,40.71,29.3,,true,ESTIMATED_MODE_BREAKDOWN
2024-05-06 01:00:00,Japan,Japan,JP,307.81,376.96,43.8,32.74,,true,ESTIMATED_MODE_BREAKDOWN
2024-05-06 02:00:00,Japan,Japan,JP,301.54,370.63,44.94,33.89,,true,ESTIMATED_MODE_BREAKDOWN
2024-05-06 03:00:00,Japan,Japan,JP,293.62,362.34,46.37,35.17,,true,ESTIMATED_MODE_BREAKDOWN
2024-05-06 04:00:00,Japan,Japan,JP,301.48,370.81,44.94,33.33,,true,ESTIMATED_MODE_BREAKDOWN
2024-05-06 05:00:00,Japan,Japan,JP,327.57,399.36,40.18,28.93,,true,ESTIMATED_MODE_BREAKDOWN
2024-05-06 06:00:00,Japan,Japan,JP,359.38,434.11,34.37,23.37,,true,ESTIMATED_MODE_BREAKDOWN
2024-05-06 07:00:00,Japan,Japan,JP,389.92,466.65,28.81,17.82,,true,ESTIMATED_MODE_BREAKDOWN
2024-05-06 08:00:00,Japan,Japan,JP,411.24,490.01,24.93,14.31,,true,ESTIMATED_MODE_BREAKDOWN
2024-05-06 09:00:00,Japan,Japan,JP,419.84,500.23,23.34,12.61,,true,ESTIMATED_MODE_BREAKDOWN
2024-05-06 10:00:00,Japan,Japan,JP,422.73,503.45,22.81,12.06,,true,ESTIMATED_MODE_BREAKDOWN
2024-05-06 11:00:00,Japan,Japan,JP,419.11,499.57,23.46,12.08,,true,ESTIMATED_MODE_BREAKDOWN
2024-05-06 12:00:00,Japan,Japan,JP,417.58,497.5,23.75,12.11,,true,ESTIMATED_MODE_BREAKDOWN
2024-05-06 13:00:00,Japan,Japan,JP,412.85,492.12,24.61,12.07,,true,ESTIMATED_MODE_BREAKDOWN
2024-05-06 14:00:00,Japan,Japan,JP,411.96,491.07,24.77,12.11,,true,ESTIMATED_MODE_BREAKDOWN
2024-05-06 15:00:00,Japan,Japan,JP,404.66,482.72,26.1,12.15,,true,ESTIMATED_MODE_BREAKDOWN
2024-05-06 16:00:00,Japan,Japan,JP,402.57,480.49,26.48,12.21,,true,ESTIMATED_MODE_BREAKDOWN
2024-05-06 17:00:00,Japan,Japan,JP,402.09,479.59,26.58,12.25,,true,ESTIMATED_MODE_BREAKDOWN
2024-05-06 18:00:00,Japan,Japan,JP,404.16,481.35,26.22,12.3,,true,ESTIMATED_MODE_BREAKDOWN
2024-05-06 19:00:00,Japan,Japan,JP,405.29,482.39,26.02,12.83,,true,ESTIMATED_MODE_BREAKDOWN
2024-05-06 20:00:00,Japan,Japan,JP,403.56,480.65,26.33,13.24,,true,ESTIMATED_MODE_BREAKDOWN
2024-05-06 21:00:00,Japan,Japan,JP,392.18,469.15,28.39,15.56,,true,ESTIMATED_MODE_BREAKDOWN
2024-05-06 22:00:00,Japan,Japan,JP,368.64,444.36,32.67,21.03,,true,ESTIMATED_MODE_BREAKDOWN
2024-05-06 23:00:00,Japan,Japan,JP,338.91,413.4,38.07,27.37,,true,ESTIMATED_MODE_BREAKDOWN
2024-05-07 00:00:00,Japan,Japan,JP,315.32,388.61,42.36,32.44,,true,ESTIMATED_MODE_BREAKDOWN
2024-05-07 01:00:00,Japan,Japan,JP,294.7,365.67,46.13,36.33,,true,ESTIMATED_MODE_BREAKDOWN
2024-05-07 02:00:00,Japan,Japan,JP,288.54,358.27,47.27,37.41,,true,ESTIMATED_MODE_BREAKDOWN
2024-05-07 03:00:00,Japan,Japan,JP,285.06,354.7,47.9,37.81,,true,ESTIMATED_MODE_BREAKDOWN
2024-05-07 04:00:00,Japan,Japan,JP,299.55,370.35,45.26,35.28,,true,ESTIMATED_MODE_BREAKDOWN
2024-05-07 05:00:00,Japan,Japan,JP,320.71,392.79,41.41,31.78,,true,ESTIMATED_MODE_BREAKDOWN
2024-05-07 06:00:00,Japan,Japan,JP,350.11,425.15,36.04,26.06,,true,ESTIMATED_MODE_BREAKDOWN
2024-05-07 07:00:00,Japan,Japan,JP,383.79,461.15,29.91,20.21,,true,ESTIMATED_MODE_BREAKDOWN
2024-05-07 08:00:00,Japan,Japan,JP,405.5,484.68,25.95,15.69,,true,ESTIMATED_MODE_BREAKDOWN
2024-05-07 09:00:00,Japan,Japan,JP,421.03,502.12,23.11,13.12,,true,ESTIMATED_MODE_BREAKDOWN
2024-05-07 10:00:00,Japan,Japan,JP,422.92,503.95,22.77,12.33,,true,ESTIMATED_MODE_BREAKDOWN
2024-05-07 11:00:00,Japan,Japan,JP,422.12,503.2,22.91,12.38,,true,ESTIMATED_MODE_BREAKDOWN
2024-05-07 12:00:00,Japan,Japan,JP,418.29,498.91,23.6,12.3,,true,ESTIMATED_MODE_BREAKDOWN
2024-05-07 13:00:00,Japan,Japan,JP,415.19,495.46,24.17,12.35,,true,ESTIMATED_MODE_BREAKDOWN
2024-05-07 14:00:00,Japan,Japan,JP,413.12,492.93,24.55,12.34,,true,ESTIMATED_MODE_BREAKDOWN
2024-05-07 15:00:00,Japan,Japan,JP,406.63,485.64,25.73,12.35,,true,ESTIMATED_MODE_BREAKDOWN
2024-05-07 16:00:00,Japan,Japan,JP,404.17,482.65,26.18,12.42,,true,ESTIMATED_MODE_BREAKDOWN
2024-05-07 17:00:00,Japan,Japan,JP,403.76,481.99,26.26,12.5,,true,ESTIMATED_MODE_BREAKDOWN
2024-05-07 18:00:00,Japan,Japan,JP,406.9,485.61,25.69,12.61,,true,ESTIMATED_MODE_BREAKDOWN
2024-05-07 19:00:00,Japan,Japan,JP,405.39,483.96,25.97,13.14,,true,ESTIMATED_MODE_BREAKDOWN
2024-05-07 20:00:00,Japan,Japan,JP,402.02,479.87,26.6,13.95,,true,ESTIMATED_MODE_BREAKDOWN
2024-05-07 21:00:00,Japan,Japan,JP,376.11,451.69,31.32,18.73,,true,ESTIMATED_MODE_BREAKDOWN
2024-05-07 22:00:00,Japan,Japan,JP,334.41,406.83,38.93,27.15,,true,ESTIMATED_MODE_BREAKDOWN
2024-05-07 23:00:00,Japan,Japan,JP,303.71,373.23,44.54,33.79,,true,ESTIMATED_MODE_BREAKDOWN
2024-05-08 00:00:00,Japan,Japan,JP,285.28,353.6,47.9,38.14,,true,ESTIMATED_MODE_BREAKDOWN
2024-05-08 01:00:00,Japan,Japan,JP,260.53,327.12,52.41,42.52,,true,ESTIMATED_MODE_BREAKDOWN
2024-05-08 02:00:00,Japan,Japan,JP,251.92,317.64,53.98,44.48,,true,ESTIMATED_MODE_BREAKDOWN
2024-05-08 03:00:00,Japan,Japan,JP,252.45,318.13,53.88,43.63,,true,ESTIMATED_MODE_BREAKDOWN
2024-05-08 04:00:00,Japan,Japan,JP,272.3,339.4,50.27,40.62,,true,ESTIMATED_MODE_BREAKDOWN
2024-05-08 05:00:00,Japan,Japan,JP,290.46,358.61,46.96,37.0,,true,ESTIMATED_MODE_BREAKDOWN
2024-05-08 06:00:00,Japan,Japan,JP,326.02,397.71,40.47,30.61,,true,ESTIMATED_MODE_BREAKDOWN
2024-05-08 07:00:00,Japan,Japan,JP,366.24,441.72,33.12,23.17,,true,ESTIMATED_MODE_BREAKDOWN
2024-05-08 08:00:00,Japan,Japan,JP,400.79,480.14,26.8,16.93,,true,ESTIMATED_MODE_BREAKDOWN
2024-05-08 09:00:00,Japan,Japan,JP,419.4,500.42,23.4,13.13,,true,ESTIMATED_MODE_BREAKDOWN
2024-05-08 10:00:00,Japan,Japan,JP,424.45,505.96,22.48,12.22,,true,ESTIMATED_MODE_BREAKDOWN
2024-05-08 11:00:00,Japan,Japan,JP,421.61,502.57,23.0,12.15,,true,ESTIMATED_MODE_BREAKDOWN
2024-05-08 12:00:00,Japan,Japan,JP,420.69,501.44,23.17,12.02,,true,ESTIMATED_MODE_BREAKDOWN
2024-05-08 13:00:00,Japan,Japan,JP,416.5,496.9,23.93,12.05,,true,ESTIMATED_MODE_BREAKDOWN
2024-05-08 14:00:00,Japan,Japan,JP,415.9,496.01,24.04,12.03,,true,ESTIMATED_MODE_BREAKDOWN
2024-05-08 15:00:00,Japan,Japan,JP,408.57,487.88,25.38,12.09,,true,ESTIMATED_MODE_BREAKDOWN
2024-05-08 16:00:00,Japan,Japan,JP,406.99,486.13,25.66,12.2,,true,ESTIMATED_MODE_BREAKDOWN
2024-05-08 17:00:00,Japan,Japan,JP,406.14,484.54,25.83,12.24,,true,ESTIMATED_MODE_BREAKDOWN
2024-05-08 18:00:00,Japan,Japan,JP,410.41,488.64,25.07,12.32,,true,ESTIMATED_MODE_BREAKDOWN
2024-05-08 19:00:00,Japan,Japan,JP,410.41,488.19,25.09,12.82,,true,ESTIMATED_MODE_BREAKDOWN
2024-05-08 20:00:00,Japan,Japan,JP,407.36,484.73,25.65,13.57,,true,ESTIMATED_MODE_BREAKDOWN
2024-05-08 21:00:00,Japan,Japan,JP,379.96,456.2,30.62,18.38,,true,ESTIMATED_MODE_BREAKDOWN
2024-05-08 22:00:00,Japan,Japan,JP,330.83,404.54,39.54,28.05,,true,ESTIMATED_MODE_BREAKDOWN
2024-05-08 23:00:00,Japan,Japan,JP,293.48,364.4,46.36,35.93,,true,ESTIMATED_MODE_BREAKDOWN
2024-05-09 00:00:00,Japan,Japan,JP,262.9,331.01,51.94,42.0,,true,ESTIMATED_MODE_BREAKDOWN
2024-05-09 01:00:00,Japan,Japan,JP,232.74,297.92,57.45,47.56,,true,ESTIMATED_MODE_BREAKDOWN
2024-05-09 02:00:00,Japan,Japan,JP,217.04,280.67,60.32,50.51,,true,ESTIMATED_MODE_BREAKDOWN
2024-05-09 03:00:00,Japan,Japan,JP,204.25,266.47,62.66,52.41,,true,ESTIMATED_MODE_BREAKDOWN
2024-05-09 04:00:00,Japan,Japan,JP,220.14,283.9,59.76,50.0,,true,ESTIMATED_MODE_BREAKDOWN
2024-05-09 05:00:00,Japan,Japan,JP,243.6,309.79,55.47,45.57,,true,ESTIMATED_MODE_BREAKDOWN
2024-05-09 06:00:00,Japan,Japan,JP,281.15,351.17,48.6,38.59,,true,ESTIMATED_MODE_BREAKDOWN
2024-05-09 07:00:00,Japan,Japan,JP,335.45,410.19,38.7,28.66,,true,ESTIMATED_MODE_BREAKDOWN
2024-05-09 08:00:00,Japan,Japan,JP,388.35,467.22,29.06,19.01,,true,ESTIMATED_MODE_BREAKDOWN
2024-05-09 09:00:00,Japan,Japan,JP,420.25,501.05,23.26,13.03,,true,ESTIMATED_MODE_BREAKDOWN
2024-05-09 10:00:00,Japan,Japan,JP,426.57,507.73,22.11,11.8,,true,ESTIMATED_MODE_BREAKDOWN
2024-05-09 11:00:00,Japan,Japan,JP,424.38,505.65,22.5,11.86,,true,ESTIMATED_MODE_BREAKDOWN
2024-05-09 12:00:00,Japan,Japan,JP,420.88,501.53,23.14,11.91,,true,ESTIMATED_MODE_BREAKDOWN
2024-05-09 13:00:00,Japan,Japan,JP,418.89,499.41,23.5,11.96,,true,ESTIMATED_MODE_BREAKDOWN
2024-05-09 14:00:00,Japan,Japan,JP,416.12,496.02,24.01,11.97,,true,ESTIMATED_MODE_BREAKDOWN
2024-05-09 15:00:00,Japan,Japan,JP,410.28,489.41,25.08,12.03,,true,ESTIMATED_MODE_BREAKDOWN
2024-05-09 16:00:00,Japan,Japan,JP,407.24,486.19,25.63,12.16,,true,ESTIMATED_MODE_BREAKDOWN
2024-05-09 17:00:00,Japan,Japan,JP,407.89,486.76,25.51,12.23,,true,ESTIMATED_MODE_BREAKDOWN
2024-05-09 18:00:00,Japan,Japan,JP,409.32,487.96,25.26,12.27,,true,ESTIMATED_MODE_BREAKDOWN
2024-05-09 19:00:00,Japan,Japan,JP,411.71,490.32,24.84,12.78,,true,ESTIMATED_MODE_BREAKDOWN
2024-05-09 20:00:00,Japan,Japan,JP,404.08,481.92,26.24,14.08,,true,ESTIMATED_MODE_BREAKDOWN
2024-05-09 21:00:00,Japan,Japan,JP,364.34,438.98,33.48,21.52,,true,ESTIMATED_MODE_BREAKDOWN
2024-05-09 22:00:00,Japan,Japan,JP,297.81,368.07,45.58,33.91,,true,ESTIMATED_MODE_BREAKDOWN
2024-05-09 23:00:00,Japan,Japan,JP,255.47,321.99,53.31,42.72,,true,ESTIMATED_MODE_BREAKDOWN
2024-05-10 00:00:00,Japan,Japan,JP,230.6,294.32,57.87,48.16,,true,ESTIMATED_MODE_BREAKDOWN
2024-05-10 01:00:00,Japan,Japan,JP,205.19,266.75,62.51,52.81,,true,ESTIMATED_MODE_BREAKDOWN
2024-05-10 02:00:00,Japan,Japan,JP,199.11,260.28,63.62,54.08,,true,ESTIMATED_MODE_BREAKDOWN
2024-05-10 03:00:00,Japan,Japan,JP,190.42,250.7,65.2,55.01,,true,ESTIMATED_MODE_BREAKDOWN
2024-05-10 04:00:00,Japan,Japan,JP,212.8,275.22,61.11,51.4,,true,ESTIMATED_MODE_BREAKDOWN
2024-05-10 05:00:00,Japan,Japan,JP,241.29,306.78,55.9,46.13,,true,ESTIMATED_MODE_BREAKDOWN
2024-05-10 06:00:00,Japan,Japan,JP,284.49,354.56,48.0,38.28,,true,ESTIMATED_MODE_BREAKDOWN
2024-05-10 07:00:00,Japan,Japan,JP,337.49,412.13,38.33,28.32,,true,ESTIMATED_MODE_BREAKDOWN
2024-05-10 08:00:00,Japan,Japan,JP,390.59,469.38,28.66,18.8,,true,ESTIMATED_MODE_BREAKDOWN
2024-05-10 09:00:00,Japan,Japan,JP,420.25,501.13,23.26,12.95,,true,ESTIMATED_MODE_BREAKDOWN
2024-05-10 10:00:00,Japan,Japan,JP,426.97,507.91,22.04,11.7,,true,ESTIMATED_MODE_BREAKDOWN
2024-05-10 11:00:00,Japan,Japan,JP,424.19,504.98,22.55,11.65,,true,ESTIMATED_MODE_BREAKDOWN
2024-05-10 12:00:00,Japan,Japan,JP,422.5,503.22,22.85,11.73,,true,ESTIMATED_MODE_BREAKDOWN
2024-05-10 13:00:00,Japan,Japan,JP,418.23,498.82,23.62,11.72,,true,ESTIMATED_MODE_BREAKDOWN
2024-05-10 14:00:00,Japan,Japan,JP,418.03,498.09,23.66,11.78,,true,ESTIMATED_MODE_BREAKDOWN
2024-05-10 15:00:00,Japan,Japan,JP,410.58,489.86,25.02,11.87,,true,ESTIMATED_MODE_BREAKDOWN
2024-05-10 16:00:00,Japan,Japan,JP,409.05,488.75,25.28,11.93,,true,ESTIMATED_MODE_BREAKDOWN
2024-05-10 17:00:00,Japan,Japan,JP,407.86,487.04,25.51,11.95,,true,ESTIMATED_MODE_BREAKDOWN
2024-05-10 18:00:00,Japan,Japan,JP,411.14,490.29,24.93,12.14,,true,ESTIMATED_MODE_BREAKDOWN
2024-05-10 19:00:00,Japan,Japan,JP,410.59,489.4,25.04,12.66,,true,ESTIMATED_MODE_BREAKDOWN
2024-05-10 20:00:00,Japan,Japan,JP,401.13,479.03,26.76,14.02,,true,ESTIMATED_MODE_BREAKDOWN
2024-05-10 21:00:00,Japan,Japan,JP,357.53,432.09,34.7,21.47,,true,ESTIMATED_MODE_BREAKDOWN
2024-05-10 22:00:00,Japan,Japan,JP,289.48,358.82,47.1,34.5,,true,ESTIMATED_MODE_BREAKDOWN
2024-05-10 23:00:00,Japan,Japan,JP,244.88,310.03,55.25,43.46,,true,ESTIMATED_MODE_BREAKDOWN
2024-05-11 00:00:00,Japan,Japan,JP,219.98,282.21,59.81,49.08,,true,ESTIMATED_MODE_BREAKDOWN
2024-05-11 01:00:00,Japan,Japan,JP,199.28,259.92,63.59,52.99,,true,ESTIMATED_MODE_BREAKDOWN
2024-05-11 02:00:00,Japan,Japan,JP,192.22,252.34,64.87,54.45,,true,ESTIMATED_MODE_BREAKDOWN
2024-05-11 03:00:00,Japan,Japan,JP,191.63,251.75,64.98,54.18,,true,ESTIMATED_MODE_BREAKDOWN
2024-05-11 04:00:00,Japan,Japan,JP,209.92,271.79,61.64,51.08,,true,ESTIMATED_MODE_BREAKDOWN
2024-05-11 05:00:00,Japan,Japan,JP,239.19,304.21,56.28,45.51,,true,ESTIMATED_MODE_BREAKDOWN
2024-05-11 06:00:00,Japan,Japan,JP,287.55,357.7,47.44,36.65,,true,ESTIMATED_MODE_BREAKDOWN
2024-05-11 07:00:00,Japan,Japan,JP,342.46,417.55,37.42,26.62,,true,ESTIMATED_MODE_BREAKDOWN
2024-05-11 08:00:00,Japan,Japan,JP,392.83,472.28,28.23,17.32,,true,ESTIMATED_MODE_BREAKDOWN
2024-05-11 09:00:00,Japan,Japan,JP,417.08,497.99,23.82,12.79,,true,ESTIMATED_MODE_BREAKDOWN
2024-05-11 10:00:00,Japan,Japan,JP,421.75,503.15,22.97,11.85,,true,ESTIMATED_MODE_BREAKDOWN
2024-05-11 11:00:00,Japan,Japan,JP,419.32,500.48,23.41,11.92,,true,ESTIMATED_MODE_BREAKDOWN
2024-05-11 12:00:00,Japan,Japan,JP,417.24,497.95,23.79,12.04,,true,ESTIMATED_MODE_BREAKDOWN
2024-05-11 13:00:00,Japan,Japan,JP,413.16,493.17,24.54,12.02,,true,ESTIMATED_MODE_BREAKDOWN
2024-05-11 14:00:00,Japan,Japan,JP,411.74,491.4,24.8,12.03,,true,ESTIMATED_MODE_BREAKDOWN
2024-05-11 15:00:00,Japan,Japan,JP,404.97,483.92,26.03,12.08,,true,ESTIMATED_MODE_BREAKDOWN
2024-05-11 16:00:00,Japan,Japan,JP,402.28,481.15,26.51,12.18,,true,ESTIMATED_MODE_BREAKDOWN
2024-05-11 17:00:00,Japan,Japan,JP,403.44,482.35,26.31,12.34,,true,ESTIMATED_MODE_BREAKDOWN
2024-05-11 18:00:00,Japan,Japan,JP,404.54,483.2,26.12,12.45,,true,ESTIMATED_MODE_BREAKDOWN
2024-05-11 19:00:00,Japan,Japan,JP,404.24,482.61,26.18,12.91,,true,ESTIMATED_MODE_BREAKDOWN
2024-05-11 20:00:00,Japan,Japan,JP,398.08,475.71,27.31,13.94,,true,ESTIMATED_MODE_BREAKDOWN
2024-05-11 21:00:00,Japan,Japan,JP,378.74,455.35,30.82,17.56,,true,ESTIMATED_MODE_BREAKDOWN
2024-05-11 22:00:00,Japan,Japan,JP,346.35,419.52,36.74,23.44,,true,ESTIMATED_MODE_BREAKDOWN
2024-05-11 23:00:00,Japan,Japan,JP,318.21,388.37,41.9,29.7,,true,ESTIMATED_MODE_BREAKDOWN
2024-05-12 00:00:00,Japan,Japan,JP,298.05,366.65,45.57,33.73,,true,ESTIMATED_MODE_BREAKDOWN
2024-05-12 01:00:00,Japan,Japan,JP,285.3,353.22,47.89,36.49,,true,ESTIMATED_MODE_BREAKDOWN
2024-05-12 02:00:00,Japan,Japan,JP,281.21,348.7,48.64,37.04,,true,ESTIMATED_MODE_BREAKDOWN
2024-05-12 03:00:00,Japan,Japan,JP,290.68,358.92,46.92,35.62,,true,ESTIMATED_MODE_BREAKDOWN
2024-05-12 04:00:00,Japan,Japan,JP,308.54,378.2,43.66,32.06,,true,ESTIMATED_MODE_BREAKDOWN
2024-05-12 05:00:00,Japan,Japan,JP,332.25,404.54,39.32,28.0,,true,ESTIMATED_MODE_BREAKDOWN
2024-05-12 06:00:00,Japan,Japan,JP,360.84,436.18,34.09,22.65,,true,ESTIMATED_MODE_BREAKDOWN
2024-05-12 07:00:00,Japan,Japan,JP,393.78,472.51,28.07,17.07,,true,ESTIMATED_MODE_BREAKDOWN
2024-05-12 08:00:00,Japan,Japan,JP,410.9,490.96,24.95,13.88,,true,ESTIMATED_MODE_BREAKDOWN
2024-05-12 09:00:00,Japan,Japan,JP,419.72,500.77,23.34,12.69,,true,ESTIMATED_MODE_BREAKDOWN
2024-05-12 10:00:00,Japan,Japan,JP,420.07,501.1,23.28,12.17,,true,ESTIMATED_MODE_BREAKDOWN
2024-05-12 11:00:00,Japan,Japan,JP,419.23,500.02,23.43,12.13,,true,ESTIMATED_MODE_BREAKDOWN
2024-05-12 12:00:00,Japan,Japan,JP,416.17,496.26,24.0,11.98,,true,ESTIMATED_MODE_BREAKDOWN
2024-05-12 13:00:00,Japan,Japan,JP,412.8,492.7,24.6,12.03,,true,ESTIMATED_MODE_BREAKDOWN
2024-05-12 14:00:00,Japan,Japan,JP,410.73,490.52,24.98,11.98,,true,ESTIMATED_MODE_BREAKDOWN
2024-05-12 15:00:00,Japan,Japan,JP,406.34,485.43,25.78,12.12,,true,ESTIMATED_MODE_BREAKDOWN
2024-05-12 16:00:00,Japan,Japan,JP,401.98,480.52,26.57,12.11,,true,ESTIMATED_MODE_BREAKDOWN
2024-05-12 17:00:00,Japan,Japan,JP,403.75,482.12,26.26,12.16,,true,ESTIMATED_MODE_BREAKDOWN
2024-05-12 18:00:00,Japan,Japan,JP,405.69,483.78,25.92,12.21,,true,ESTIMATED_MODE_BREAKDOWN
2024-05-12 19:00:00,Japan,Japan,JP,406.12,484.24,25.85,12.76,,true,ESTIMATED_MODE_BREAKDOWN
2024-05-12 20:00:00,Japan,Japan,JP,405.19,483.3,26.02,13.18,,true,ESTIMATED_MODE_BREAKDOWN
2024-05-12 21:00:00,Japan,Japan,JP,394.83,472.42,27.9,14.97,,true,ESTIMATED_MODE_BREAKDOWN
2024-05-12 22:00:00,Japan,Japan,JP,380.58,457.44,30.49,18.81,,true,ESTIMATED_MODE_BREAKDOWN
2024-05-12 23:00:00,Japan,Japan,JP,360.52,434.39,34.19,23.42,,true,ESTIMATED_MODE_BREAKDOWN
2024-05-13 00:00:00,Japan,Japan,JP,344.59,416.77,37.11,27.34,,true,ESTIMATED_MODE_BREAKDOWN
2024-05-13 01:00:00,Japan,Japan,JP,321.25,390.78,41.38,31.47,,true,ESTIMATED_MODE_BREAKDOWN
2024-05-13 02:00:00,Japan,Japan,JP,310.16,379.19,43.39,33.73,,true,ESTIMATED_MODE_BREAKDOWN
2024-05-13 03:00:00,Japan,Japan,JP,300.12,368.99,45.2,34.89,,true,ESTIMATED_MODE_BREAKDOWN
2024-05-13 04:00:00,Japan,Japan,JP,311.35,382.59,43.12,33.38,,true,ESTIMATED_MODE_BREAKDOWN
2024-05-13 05:00:00,Japan,Japan,JP,322.1,396.15,41.12,31.25,,true,ESTIMATED_MODE_BREAKDOWN
2024-05-13 06:00:00,Japan,Japan,JP,340.75,416.64,37.71,27.82,,true,ESTIMATED_MODE_BREAKDOWN
2024-05-13 07:00:00,Japan,Japan,JP,370.56,448.41,32.29,22.22,,true,ESTIMATED_MODE_BREAKDOWN
2024-05-13 08:00:00,Japan,Japan,JP,399.67,479.83,26.99,16.94,,true,ESTIMATED_MODE_BREAKDOWN
2024-05-13 09:00:00,Japan,Japan,JP,419.09,499.97,23.47,13.27,,true,ESTIMATED_MODE_BREAKDOWN
2024-05-13 10:00:00,Japan,Japan,JP,425.38,506.37,22.33,11.99,,true,ESTIMATED_MODE_BREAKDOWN
2024-05-13 11:00:00,Japan,Japan,JP,422.68,503.24,22.82,11.91,,true,ESTIMATED_MODE_BREAKDOWN
2024-05-13 12:00:00,Japan,Japan,JP,421.27,501.67,23.08,11.85,,true,ESTIMATED_MODE_BREAKDOWN
2024-05-13 13:00:00,Japan,Japan,JP,416.59,496.77,23.92,11.83,,true,ESTIMATED_MODE_BREAKDOWN
2024-05-13 14:00:00,Japan,Japan,JP,416.82,496.96,23.88,11.81,,true,ESTIMATED_MODE_BREAKDOWN
2024-05-13 15:00:00,Japan,Japan,JP,411.11,490.6,24.92,11.86,,true,ESTIMATED_MODE_BREAKDOWN
2024-05-13 16:00:00,Japan,Japan,JP,410.37,489.93,25.05,11.86,,true,ESTIMATED_MODE_BREAKDOWN
2024-05-13 17:00:00,Japan,Japan,JP,409.07,488.4,25.29,11.88,,true,ESTIMATED_MODE_BREAKDOWN
2024-05-13 18:00:00,Japan,Japan,JP,411.65,490.92,24.83,11.97,,true,ESTIMATED_MODE_BREAKDOWN
2024-05-13 19:00:00,Japan,Japan,JP,411.6,490.43,24.86,12.47,,true,ESTIMATED_MODE_BREAKDOWN
2024-05-13 20:00:00,Japan,Japan,JP,405.76,483.75,25.93,13.81,,true,ESTIMATED_MODE_BREAKDOWN
2024-05-13 21:00:00,Japan,Japan,JP,366.59,441.81,33.06,20.79,,true,ESTIMATED_MODE_BREAKDOWN
2024-05-13 22:00:00,Japan,Japan,JP,307.16,378.73,43.87,32.35,,true,ESTIMATED_MODE_BREAKDOWN
2024-05-13 23:00:00,Japan,Japan,JP,261.2,328.82,52.26,41.7,,true,ESTIMATED_MODE_BREAKDOWN
2024-05-14 00:00:00,Japan,Japan,JP,234.43,299.5,57.15,47.35,,true,ESTIMATED_MODE_BREAKDOWN
2024-05-14 01:00:00,Japan,Japan,JP,213.69,277.04,60.94,51.28,,true,ESTIMATED_MODE_BREAKDOWN
2024-05-14 02:00:00,Japan,Japan,JP,205.23,267.75,62.48,53.02,,true,ESTIMATED_MODE_BREAKDOWN
2024-05-14 03:00:00,Japan,Japan,JP,201.45,263.47,63.17,53.09,,true,ESTIMATED_MODE_BREAKDOWN
2024-05-14 04:00:00,Japan,Japan,JP,219.97,283.54,59.8,50.15,,true,ESTIMATED_MODE_BREAKDOWN
2024-05-14 05:00:00,Japan,Japan,JP,245.35,311.5,55.16,45.45,,true,ESTIMATED_MODE_BREAKDOWN
2024-05-14 06:00:00,Japan,Japan,JP,283.34,353.42,48.21,38.45,,true,ESTIMATED_MODE_BREAKDOWN
2024-05-14 07:00:00,Japan,Japan,JP,335.45,410.08,38.7,28.72,,true,ESTIMATED_MODE_BREAKDOWN
2024-05-14 08:00:00,Japan,Japan,JP,388.01,464.78,29.17,19.05,,true,ESTIMATED_MODE_BREAKDOWN
2024-05-14 09:00:00,Japan,Japan,JP,421.63,500.23,23.07,12.88,,true,ESTIMATED_MODE_BREAKDOWN
2024-05-14 10:00:00,Japan,Japan,JP,428.45,507.26,21.83,11.47,,true,ESTIMATED_MODE_BREAKDOWN
2024-05-14 11:00:00,Japan,Japan,JP,426.04,505.81,22.24,11.53,,true,ESTIMATED_MODE_BREAKDOWN
2024-05-14 12:00:00,Japan,Japan,JP,422.16,503.35,22.9,11.67,,true,ESTIMATED_MODE_BREAKDOWN
2024-05-14 13:00:00,Japan,Japan,JP,420.1,501.28,23.27,11.65,,true,ESTIMATED_MODE_BREAKDOWN
2024-05-14 14:00:00,Japan,Japan,JP,418.55,499.5,23.55,11.64,,true,ESTIMATED_MODE_BREAKDOWN
2024-05-14 15:00:00,Japan,Japan,JP,412.31,492.22,24.7,11.61,,true,ESTIMATED_MODE_BREAKDOWN
2024-05-14 16:00:00,Japan,Japan,JP,409.37,488.92,25.23,11.62,,true,ESTIMATED_MODE_BREAKDOWN
2024-05-14 17:00:00,Japan,Japan,JP,410.1,489.39,25.11,11.69,,true,ESTIMATED_MODE_BREAKDOWN
2024-05-14 18:00:00,Japan,Japan,JP,412.81,492.42,24.62,11.79,,true,ESTIMATED_MODE_BREAKDOWN
2024-05-14 19:00:00,Japan,Japan,JP,413.09,492.35,24.58,12.3,,true,ESTIMATED_MODE_BREAKDOWN
2024-05-14 20:00:00,Japan,Japan,JP,404.74,482.94,26.11,13.75,,true,ESTIMATED_MODE_BREAKDOWN
2024-05-14 21:00:00,Japan,Japan,JP,367.77,442.62,32.85,20.35,,true,ESTIMATED_MODE_BREAKDOWN
2024-05-14 22:00:00,Japan,Japan,JP,319.43,389.2,41.7,30.14,,true,ESTIMATED_MODE_BREAKDOWN
2024-05-14 23:00:00,Japan,Japan,JP,281.68,347.4,48.61,37.98,,true,ESTIMATED_MODE_BREAKDOWN
2024-05-15 00:00:00,Japan,Japan,JP,262.32,327.23,52.12,42.18,,true,ESTIMATED_MODE_BREAKDOWN
2024-05-15 01:00:00,Japan,Japan,JP,247.52,312.05,54.81,45.1,,true,ESTIMATED_MODE_BREAKDOWN
2024-05-15 02:00:00,Japan,Japan,JP,243.76,308.61,55.47,45.72,,true,ESTIMATED_MODE_BREAKDOWN
2024-05-15 03:00:00,Japan,Japan,JP,241.62,307.36,55.83,45.68,,true,ESTIMATED_MODE_BREAKDOWN
2024-05-15 04:00:00,Japan,Japan,JP,262.07,329.53,52.11,42.24,,true,ESTIMATED_MODE_BREAKDOWN
2024-05-15 05:00:00,Japan,Japan,JP,287.99,357.58,47.38,37.43,,true,ESTIMATED_MODE_BREAKDOWN
2024-05-15 06:00:00,Japan,Japan,JP,326.19,398.33,40.43,30.36,,true,ESTIMATED_MODE_BREAKDOWN
2024-05-15 07:00:00,Japan,Japan,JP,369.39,445.84,32.54,22.77,,true,ESTIMATED_MODE_BREAKDOWN
2024-05-15 08:00:00,Japan,Japan,JP,402.83,482.28,26.44,16.34,,true,ESTIMATED_MODE_BREAKDOWN
2024-05-15 09:00:00,Japan,Japan,JP,423.71,505.35,22.62,12.79,,true,ESTIMATED_MODE_BREAKDOWN
2024-05-15 10:00:00,Japan,Japan,JP,427.53,509.29,21.92,11.59,,true,ESTIMATED_MODE_BREAKDOWN
2024-05-15 11:00:00,Japan,Japan,JP,426.14,507.81,22.18,11.68,,true,ESTIMATED_MODE_BREAKDOWN
2024-05-15 12:00:00,Japan,Japan,JP,421.81,502.84,22.97,11.72,,true,ESTIMATED_MODE_BREAKDOWN
2024-05-15 13:00:00,Japan,Japan,JP,419.94,500.85,23.3,11.76,,true,ESTIMATED_MODE_BREAKDOWN
2024-05-15 14:00:00,Japan,Japan,JP,416.85,497.07,23.87,11.77,,true,ESTIMATED_MODE_BREAKDOWN
2024-05-15 15:00:00,Japan,Japan,JP,411.35,490.66,24.88,11.84,,true,ESTIMATED_MODE_BREAKDOWN
2024-05-15 16:00:00,Japan,Japan,JP,407.03,486.26,25.66,11.93,,true,ESTIMATED_MODE_BREAKDOWN
2024-05-15 17:00:00,Japan,Japan,JP,407.69,486.79,25.54,12.06,,true,ESTIMATED_MODE_BREAKDOWN
2024-05-15 18:00:00,Japan,Japan,JP,409.91,489.2,25.14,12.2,,true,ESTIMATED_MODE_BREAKDOWN
2024-05-15 19:00:00,Japan,Japan,JP,409.72,488.82,25.19,12.71,,true,ESTIMATED_MODE_BREAKDOWN
2024-05-15 20:00:00,Japan,Japan,JP,403.55,481.72,26.32,13.73,,true,ESTIMATED_MODE_BREAKDOWN
2024-05-15 21:00:00,Japan,Japan,JP,380.52,457.06,30.51,18.36,,true,ESTIMATED_MODE_BREAKDOWN
2024-05-15 22:00:00,Japan,Japan,JP,342.34,416.47,37.46,25.98,,true,ESTIMATED_MODE_BREAKDOWN
2024-05-15 23:00:00,Japan,Japan,JP,310.16,382.34,43.31,32.8,,true,ESTIMATED_MODE_BREAKDOWN
2024-05-16 00:00:00,Japan,Japan,JP,290.35,360.83,46.93,37.01,,true,ESTIMATED_MODE_BREAKDOWN
2024-05-16 01:00:00,Japan,Japan,JP,260.42,328.15,52.39,42.51,,true,ESTIMATED_MODE_BREAKDOWN
2024-05-16 02:00:00,Japan,Japan,JP,250.32,317.07,54.24,44.52,,true,ESTIMATED_MODE_BREAKDOWN
2024-05-16 03:00:00,Japan,Japan,JP,242.17,307.97,55.73,45.45,,true,ESTIMATED_MODE_BREAKDOWN
2024-05-16 04:00:00,Japan,Japan,JP,259.22,326.42,52.62,42.71,,true,ESTIMATED_MODE_BREAKDOWN
2024-05-16 05:00:00,Japan,Japan,JP,278.17,347.26,49.15,39.07,,true,ESTIMATED_MODE_BREAKDOWN
2024-05-16 06:00:00,Japan,Japan,JP,304.14,375.96,44.4,34.35,,true,ESTIMATED_MODE_BREAKDOWN
2024-05-16 07:00:00,Japan,Japan,JP,344.78,420.28,36.99,27.3,,true,ESTIMATED_MODE_BREAKDOWN
2024-05-16 08:00:00,Japan,Japan,JP,387.43,466.16,29.22,19.32,,true,ESTIMATED_MODE_BREAKDOWN
2024-05-16 09:00:00,Japan,Japan,JP,416.84,497.36,23.88,14.12,,true,ESTIMATED_MODE_BREAKDOWN
2024-05-16 10:00:00,Japan,Japan,JP,421.49,502.33,23.03,12.78,,true,ESTIMATED_MODE_BREAKDOWN
2024-05-16 11:00:00,Japan,Japan,JP,420.41,501.27,23.22,12.86,,true,ESTIMATED_MODE_BREAKDOWN
2024-05-16 12:00:00,Japan,Japan,JP,416.51,496.8,23.93,12.91,,true,ESTIMATED_MODE_BREAKDOWN
2024-05-16 13:00:00,Japan,Japan,JP,414.37,494.47,24.32,12.91,,true,ESTIMATED_MODE_BREAKDOWN
2024-05-16 14:00:00,Japan,Japan,JP,411.08,490.09,24.93,12.85,,true,ESTIMATED_MODE_BREAKDOWN
2024-05-16 15:00:00,Japan,Japan,JP,406.38,484.78,25.79,13.06,,true,ESTIMATED_MODE_BREAKDOWN
2024-05-16 16:00:00,Japan,Japan,JP,402.16,480.32,26.55,13.09,,true,ESTIMATED_MODE_BREAKDOWN
2024-05-16 17:00:00,Japan,Japan,JP,403.56,481.61,26.3,13.15,,true,ESTIMATED_MODE_BREAKDOWN
2024-05-16 18:00:00,Japan,Japan,JP,406.72,485.1,25.73,13.21,,true,ESTIMATED_MODE_BREAKDOWN
2024-05-16 19:00:00,Japan,Japan,JP,406.48,484.78,25.78,13.62,,true,ESTIMATED_MODE_BREAKDOWN
2024-05-16 20:00:00,Japan,Japan,JP,397.91,475.01,27.35,15.14,,true,ESTIMATED_MODE_BREAKDOWN
2024-05-16 21:00:00,Japan,Japan,JP,359.16,432.78,34.42,22.32,,true,ESTIMATED_MODE_BREAKDOWN
2024-05-16 22:00:00,Japan,Japan,JP,301.31,370.81,44.96,33.52,,true,ESTIMATED_MODE_BREAKDOWN
2024-05-16 23:00:00,Japan,Japan,JP,262.17,329.62,52.08,41.76,,true,ESTIMATED_MODE_BREAKDOWN
2024-05-17 00:00:00,Japan,Japan,JP,235.55,300.53,56.94,47.26,,true,ESTIMATED_MODE_BREAKDOWN
2024-05-17 01:00:00,Japan,Japan,JP,215.68,278.92,60.57,50.93,,true,ESTIMATED_MODE_BREAKDOWN
2024-05-17 02:00:00,Japan,Japan,JP,209.53,272.14,61.7,52.22,,true,ESTIMATED_MODE_BREAKDOWN
2024-05-17 03:00:00,Japan,Japan,JP,204.76,266.79,62.57,52.6,,true,ESTIMATED_MODE_BREAKDOWN
2024-05-17 04:00:00,Japan,Japan,JP,223.89,287.52,59.08,49.55,,true,ESTIMATED_MODE_BREAKDOWN
2024-05-17 05:00:00,Japan,Japan,JP,246.72,312.58,54.91,45.32,,true,ESTIMATED_MODE_BREAKDOWN
2024-05-17 06:00:00,Japan,Japan,JP,284.3,354.08,48.04,38.35,,true,ESTIMATED_MODE_BREAKDOWN
2024-05-17 07:00:00,Japan,Japan,JP,338.74,412.93,38.11,28.55,,true,ESTIMATED_MODE_BREAKDOWN
2024-05-17 08:00:00,Japan,Japan,JP,386.88,465.21,29.33,19.6,,true,ESTIMATED_MODE_BREAKDOWN
2024-05-17 09:00:00,Japan,Japan,JP,418.09,499.13,23.64,13.79,,true,ESTIMATED_MODE_BREAKDOWN
2024-05-17 10:00:00,Japan,Japan,JP,424.55,505.89,22.47,12.22,,true,ESTIMATED_MODE_BREAKDOWN
2024-05-17 11:00:00,Japan,Japan,JP,423.9,505.39,22.58,12.18,,true,ESTIMATED_MODE_BREAKDOWN
2024-05-17 12:00:00,Japan,Japan,JP,421.7,502.99,22.98,12.0,,true,ESTIMATED_MODE_BREAKDOWN
2024-05-17 13:00:00,Japan,Japan,JP,419.21,500.02,23.44,11.96,,true,ESTIMATED_MODE_BREAKDOWN
2024-05-17 14:00:00,Japan,Japan,JP,416.92,496.77,23.87,11.88,,true,ESTIMATED_MODE_BREAKDOWN
2024-05-17 15:00:00,Japan,Japan,JP,411.57,491.1,24.84,11.99,,true,ESTIMATED_MODE_BREAKDOWN
2024-05-17 16:00:00,Japan,Japan,JP,407.93,487.45,25.49,12.05,,true,ESTIMATED_MODE_BREAKDOWN
2024-05-17 17:00:00,Japan,Japan,JP,408.58,487.66,25.38,12.09,,true,ESTIMATED_MODE_BREAKDOWN
2024-05-17 18:00:00,Japan,Japan,JP,410.76,489.79,25.0,12.04,,true,ESTIMATED_MODE_BREAKDOWN
2024-05-17 19:00:00,Japan,Japan,JP,410.89,489.8,24.98,12.58,,true,ESTIMATED_MODE_BREAKDOWN
2024-05-17 20:00:00,Japan,Japan,JP,399.25,476.71,27.11,14.45,,true,ESTIMATED_MODE_BREAKDOWN
2024-05-17 21:00:00,Japan,Japan,JP,350.71,424.31,35.95,23.14,,true,ESTIMATED_MODE_BREAKDOWN
2024-05-17 22:00:00,Japan,Japan,JP,279.57,347.97,48.91,36.32,,true,ESTIMATED_MODE_BREAKDOWN
2024-05-17 23:00:00,Japan,Japan,JP,243.88,308.97,55.43,43.67,,true,ESTIMATED_MODE_BREAKDOWN
2024-05-18 00:00:00,Japan,Japan,JP,221.03,283.04,59.63,48.74,,true,ESTIMATED_MODE_BREAKDOWN
2024-05-18 01:00:00,Japan,Japan,JP,203.1,263.59,62.9,52.18,,true,ESTIMATED_MODE_BREAKDOWN
2024-05-18 02:00:00,Japan,Japan,JP,197.9,257.71,63.85,53.29,,true,ESTIMATED_MODE_BREAKDOWN
2024-05-18 03:00:00,Japan,Japan,JP,198.99,258.68,63.66,52.83,,true,ESTIMATED_MODE_BREAKDOWN
2024-05-18 04:00:00,Japan,Japan,JP,216.6,277.61,60.45,49.82,,true,ESTIMATED_MODE_BREAKDOWN
2024-05-18 05:00:00,Japan,Japan,JP,241.89,305.39,55.83,45.08,,true,ESTIMATED_MODE_BREAKDOWN
2024-05-18 06:00:00,Japan,Japan,JP,280.45,349.05,48.75,37.87,,true,ESTIMATED_MODE_BREAKDOWN
2024-05-18 07:00:00,Japan,Japan,JP,330.67,404.61,39.57,28.73,,true,ESTIMATED_MODE_BREAKDOWN
2024-05-18 08:00:00,Japan,Japan,JP,386.47,465.0,29.4,18.81,,true,ESTIMATED_MODE_BREAKDOWN
2024-05-18 09:00:00,Japan,Japan,JP,415.87,496.57,24.05,13.16,,true,ESTIMATED_MODE_BREAKDOWN
2024-05-18 10:00:00,Japan,Japan,JP,424.17,505.36,22.54,11.73,,true,ESTIMATED_MODE_BREAKDOWN
2024-05-18 11:00:00,Japan,Japan,JP,422.14,503.06,22.91,11.71,,true,ESTIMATED_MODE_BREAKDOWN
2024-05-18 12:00:00,Japan,Japan,JP,419.12,499.37,23.46,11.67,,true,ESTIMATED_MODE_BREAKDOWN
2024-05-18 13:00:00,Japan,Japan,JP,416.63,496.98,23.91,11.74,,true,ESTIMATED_MODE_BREAKDOWN
2024-05-18 14:00:00,Japan,Japan,JP,414.93,495.08,24.22,11.76,,true,ESTIMATED_MODE_BREAKDOWN
2024-05-18 15:00:00,Japan,Japan,JP,409.38,488.68,25.23,11.76,,true,ESTIMATED_MODE_BREAKDOWN
2024-05-18 16:00:00,Japan,Japan,JP,406.27,485.6,25.79,11.78,,true,ESTIMATED_MODE_BREAKDOWN
2024-05-18 17:00:00,Japan,Japan,JP,407.36,486.9,25.59,11.79,,true,ESTIMATED_MODE_BREAKDOWN
2024-05-18 18:00:00,Japan,Japan,JP,410.07,489.47,25.11,11.8,,true,ESTIMATED_MODE_BREAKDOWN
2024-05-18 19:00:00,Japan,Japan,JP,409.14,487.83,25.3,12.3,,true,ESTIMATED_MODE_BREAKDOWN
2024-05-18 20:00:00,Japan,Japan,JP,402.33,480.18,26.55,13.45,,true,ESTIMATED_MODE_BREAKDOWN
2024-05-18 21:00:00,Japan,Japan,JP,379.49,455.67,30.7,17.36,,true,ESTIMATED_MODE_BREAKDOWN
2024-05-18 22:00:00,Japan,Japan,JP,343.62,415.91,37.26,24.38,,true,ESTIMATED_MODE_BREAKDOWN
2024-05-18 23:00:00,Japan,Japan,JP,307.41,375.74,43.89,31.51,,true,ESTIMATED_MODE_BREAKDOWN
2024-05-19 00:00:00,Japan,Japan,JP,284.34,350.5,48.1,36.56,,true,ESTIMATED_MODE_BREAKDOWN
2024-05-19 01:00:00,Japan,Japan,JP,263.57,327.35,51.91,40.32,,true,ESTIMATED_MODE_BREAKDOWN
2024-05-19 02:00:00,Japan,Japan,JP,255.94,318.61,53.31,41.83,,true,ESTIMATED_MODE_BREAKDOWN
2024-05-19 03:00:00,Japan,Japan,JP,255.56,317.9,53.39,41.9,,true,ESTIMATED_MODE_BREAKDOWN
2024-05-19 04:00:00,Japan,Japan,JP,274.03,339.19,49.99,38.99,,true,ESTIMATED_MODE_BREAKDOWN
2024-05-19 05:00:00,Japan,Japan,JP,296.93,365.51,45.78,34.42,,true,ESTIMATED_MODE_BREAKDOWN
2024-05-19 06:00:00,Japan,Japan,JP,327.85,399.8,40.12,28.42,,true,ESTIMATED_MODE_BREAKDOWN
2024-05-19 07:00:00,Japan,Japan,JP,371.62,447.7,32.13,21.04,,true,ESTIMATED_MODE_BREAKDOWN
2024-05-19 08:00:00,Japan,Japan,JP,403.77,482.76,26.27,15.26,,true,ESTIMATED_MODE_BREAKDOWN
2024-05-19 09:00:00,Japan,Japan,JP,421.36,502.16,23.06,12.33,,true,ESTIMATED_MODE_BREAKDOWN
2024-05-19 10:00:00,Japan,Japan,JP,425.86,506.87,22.24,11.33,,true,ESTIMATED_MODE_BREAKDOWN
2024-05-19 11:00:00,Japan,Japan,JP,424.03,504.89,22.57,11.28,,true,ESTIMATED_MODE_BREAKDOWN
2024-05-19 12:00:00,Japan,Japan,JP,420.63,501.01,23.19,11.19,,true,ESTIMATED_MODE_BREAKDOWN
2024-05-19 13:00:00,Japan,Japan,JP,417.15,497.22,23.82,11.19,,true,ESTIMATED_MODE_BREAKDOWN
2024-05-19 14:00:00,Japan,Japan,JP,415.92,495.91,24.04,11.23,,true,ESTIMATED_MODE_BREAKDOWN
2024-05-19 15:00:00,Japan,Japan,JP,409.17,488.5,25.27,11.25,,true,ESTIMATED_MODE_BREAKDOWN
2024-05-19 16:00:00,Japan,Japan,JP,406.16,485.11,25.81,11.22,,true,ESTIMATED_MODE_BREAKDOWN
2024-05-19 17:00:00,Japan,Japan,JP,407.45,486.24,25.59,11.35,,true,ESTIMATED_MODE_BREAKDOWN
2024-05-19 18:00:00,Japan,Japan,JP,409.7,488.1,25.2,11.55,,true,ESTIMATED_MODE_BREAKDOWN
2024-05-19 19:00:00,Japan,Japan,JP,410.04,488.24,25.15,12.06,,true,ESTIMATED_MODE_BREAKDOWN
2024-05-19 20:00:00,Japan,Japan,JP,404.43,482.06,26.17,13.17,,true,ESTIMATED_MODE_BREAKDOWN
2024-05-19 21:00:00,Japan,Japan,JP,377.85,454.22,30.99,18.32,,true,ESTIMATED_MODE_BREAKDOWN
2024-05-19 22:00:00,Japan,Japan,JP,335.61,410.16,38.66,27.05,,true,ESTIMATED_MODE_BREAKDOWN
2024-05-19 23:00:00,Japan,Japan,JP,298.04,369.64,45.52,34.74,,true,ESTIMATED_MODE_BREAKDOWN
2024-05-20 00:00:00,Japan,Japan,JP,269.5,338.46,50.73,40.85,,true,ESTIMATED_MODE_BREAKDOWN
2024-05-20 01:00:00,Japan,Japan,JP,246.9,313.6,54.87,45.27,,true,ESTIMATED_MODE_BREAKDOWN
2024-05-20 02:00:00,Japan,Japan,JP,234.85,300.34,57.07,47.59,,true,ESTIMATED_MODE_BREAKDOWN
2024-05-20 03:00:00,Japan,Japan,JP,232.57,297.48,57.49,47.32,,true,ESTIMATED_MODE_BREAKDOWN
2024-05-20 04:00:00,Japan,Japan,JP,258.06,325.82,52.83,42.93,,true,ESTIMATED_MODE_BREAKDOWN
2024-05-20 05:00:00,Japan,Japan,JP,279.04,349.09,48.99,39.17,,true,ESTIMATED_MODE_BREAKDOWN
2024-05-20 06:00:00,Japan,Japan,JP,315.55,388.37,42.33,32.5,,true,ESTIMATED_MODE_BREAKDOWN
2024-05-20 07:00:00,Japan,Japan,JP,362.89,438.98,33.72,24.02,,true,ESTIMATED_MODE_BREAKDOWN
2024-05-20 08:00:00,Japan,Japan,JP,401.12,480.51,26.75,16.79,,true,ESTIMATED_MODE_BREAKDOWN
2024-05-20 09:00:00,Japan,Japan,JP,423.97,505.69,22.57,12.65,,true,ESTIMATED_MODE_BREAKDOWN
2024-05-20 10:00:00,Japan,Japan,JP,427.85,509.58,21.87,11.55,,true,ESTIMATED_MODE_BREAKDOWN
2024-05-20 11:00:00,Japan,Japan,JP,427.39,508.9,21.96,11.57,,true,ESTIMATED_MODE_BREAKDOWN
2024-05-20 12:00:00,Japan,Japan,JP,423.63,504.13,22.65,11.52,,true,ESTIMATED_MODE_BREAKDOWN
2024-05-20 13:00:00,Japan,Japan,JP,422.13,502.67,22.92,11.53,,true,ESTIMATED_MODE_BREAKDOWN
2024-05-20 14:00:00,Japan,Japan,JP,417.89,497.74,23.69,11.51,,true,ESTIMATED_MODE_BREAKDOWN
2024-05-20 15:00:00,Japan,Japan,JP,413.57,492.55,24.49,11.68,,true,ESTIMATED_MODE_BREAKDOWN
2024-05-20 16:00:00,Japan,Japan,JP,409.12,487.5,25.3,11.81,,true,ESTIMATED_MODE_BREAKDOWN
2024-05-20 17:00:00,Japan,Japan,JP,408.63,486.87,25.39,12.0,,true,ESTIMATED_MODE_BREAKDOWN
2024-05-20 18:00:00,Japan,Japan,JP,410.19,488.56,25.11,12.27,,true,ESTIMATED_MODE_BREAKDOWN
2024-05-20 19:00:00,Japan,Japan,JP,410.09,488.48,25.14,12.71,,true,ESTIMATED_MODE_BREAKDOWN
2024-05-20 20:00:00,Japan,Japan,JP,403.68,481.29,26.31,13.95,,true,ESTIMATED_MODE_BREAKDOWN
2024-05-20 21:00:00,Japan,Japan,JP,371.41,447.06,32.17,19.61,,true,ESTIMATED_MODE_BREAKDOWN
2024-05-20 22:00:00,Japan,Japan,JP,324.82,397.4,40.65,29.2,,true,ESTIMATED_MODE_BREAKDOWN
2024-05-20 23:00:00,Japan,Japan,JP,283.64,353.24,48.16,37.58,,true,ESTIMATED_MODE_BREAKDOWN
2024-05-21 00:00:00,Japan,Japan,JP,257.35,324.62,52.96,43.03,,true,ESTIMATED_MODE_BREAKDOWN
2024-05-21 01:00:00,Japan,Japan,JP,233.6,298.82,57.3,47.47,,true,ESTIMATED_MODE_BREAKDOWN
2024-05-21 02:00:00,Japan,Japan,JP,221.53,285.64,59.5,49.89,,true,ESTIMATED_MODE_BREAKDOWN
2024-05-21 03:00:00,Japan,Japan,JP,211.49,274.45,61.33,51.29,,true,ESTIMATED_MODE_BREAKDOWN
2024-05-21 04:00:00,Japan,Japan,JP,229.04,293.61,58.13,48.47,,true,ESTIMATED_MODE_BREAKDOWN
2024-05-21 05:00:00,Japan,Japan,JP,254.98,322.23,53.39,43.77,,true,ESTIMATED_MODE_BREAKDOWN
2024-05-21 06:00:00,Japan,Japan,JP,294.37,365.32,46.2,36.67,,true,ESTIMATED_MODE_BREAKDOWN
2024-05-21 07:00:00,Japan,Japan,JP,346.39,421.7,36.71,27.17,,true,ESTIMATED_MODE_BREAKDOWN
2024-05-21 08:00:00,Japan,Japan,JP,391.92,470.59,28.42,18.69,,true,ESTIMATED_MODE_BREAKDOWN
2024-05-21 09:00:00,Japan,Japan,JP,421.09,502.17,23.1,13.15,,true,ESTIMATED_MODE_BREAKDOWN
2024-05-21 10:00:00,Japan,Japan,JP,428.11,509.64,21.83,11.72,,true,ESTIMATED_MODE_BREAKDOWN
2024-05-21 11:00:00,Japan,Japan,JP,425.3,506.23,22.34,11.59,,true,ESTIMATED_MODE_BREAKDOWN
2024-05-21 12:00:00,Japan,Japan,JP,423.7,504.51,22.63,11.53,,true,ESTIMATED_MODE_BREAKDOWN
2024-05-21 13:00:00,Japan,Japan,JP,420.57,501.18,23.2,11.52,,true,ESTIMATED_MODE_BREAKDOWN
2024-05-21 14:00:00,Japan,Japan,JP,418.31,498.39,23.61,11.49,,true,ESTIMATED_MODE_BREAKDOWN
2024-05-21 15:00:00,Japan,Japan,JP,412.62,491.48,24.66,11.55,,true,ESTIMATED_MODE_BREAKDOWN
2024-05-21 16:00:00,Japan,Japan,JP,409.47,488.15,25.23,11.6,,true,ESTIMATED_MODE_BREAKDOWN
2024-05-21 17:00:00,Japan,Japan,JP,409.39,488.03,25.25,11.69,,true,ESTIMATED_MODE_BREAKDOWN
2024-05-21 18:00:00,Japan,Japan,JP,411.03,489.6,24.96,11.79,,true,ESTIMATED_MODE_BREAKDOWN
2024-05-21 19:00:00,Japan,Japan,JP,410.87,489.3,24.99,12.34,,true,ESTIMATED_MODE_BREAKDOWN
2024-05-21 20:00:00,Japan,Japan,JP,402.91,480.75,26.44,13.97,,true,ESTIMATED_MODE_BREAKDOWN
2024-05-21 21:00:00,Japan,Japan,JP,372.54,448.31,31.97,19.7,,true,ESTIMATED_MODE_BREAKDOWN
2024-05-21 22:00:00,Japan,Japan,JP,327.94,400.27,40.1,28.62,,true,ESTIMATED_MODE_BREAKDOWN
2024-05-21 23:00:00,Japan,Japan,JP,290.96,359.32,46.87,36.07,,true,ESTIMATED_MODE_BREAKDOWN
2024-05-22 00:00:00,Japan,Japan,JP,268.06,334.25,51.06,41.38,,true,ESTIMATED_MODE_BREAKDOWN
2024-05-22 01:00:00,Japan,Japan,JP,249.24,313.98,54.49,44.72,,true,ESTIMATED_MODE_BREAKDOWN
2024-05-22 02:00:00,Japan,Japan,JP,246.61,311.8,54.95,45.27,,true,ESTIMATED_MODE_BREAKDOWN
2024-05-22 03:00:00,Japan,Japan,JP,244.77,309.16,55.3,45.04,,true,ESTIMATED_MODE_BREAKDOWN
2024-05-22 04:00:00,Japan,Japan,JP,273.54,339.64,50.07,40.12,,true,ESTIMATED_MODE_BREAKDOWN
2024-05-22 05:00:00,Japan,Japan,JP,301.04,370.07,45.04,35.25,,true,ESTIMATED_MODE_BREAKDOWN
2024-05-22 06:00:00,Japan,Japan,JP,335.92,409.05,38.65,29.06,,true,ESTIMATED_MODE_BREAKDOWN
2024-05-22 07:00:00,Japan,Japan,JP,375.45,452.39,31.43,21.52,,true,ESTIMATED_MODE_BREAKDOWN
2024-05-22 08:00:00,Japan,Japan,JP,408.21,488.34,25.45,15.66,,true,ESTIMATED_MODE_BREAKDOWN
2024-05-22 09:00:00,Japan,Japan,JP,424.03,505.36,22.57,12.51,,true,ESTIMATED_MODE_BREAKDOWN
2024-05-22 10:00:00,Japan,Japan,JP,428.51,510.21,21.75,11.79,,true,ESTIMATED_MODE_BREAKDOWN
2024-05-22 11:00:00,Japan,Japan,JP,424.57,505.57,22.47,11.75,,true,ESTIMATED_MODE_BREAKDOWN
2024-05-22 12:00:00,Japan,Japan,JP,423.22,503.6,22.73,11.81,,true,ESTIMATED_MODE_BREAKDOWN
2024-05-22 13:00:00,Japan,Japan,JP,418.55,498.19,23.58,11.75,,true,ESTIMATED_MODE_BREAKDOWN
2024-05-22 14:00:00,Japan,Japan,JP,417.88,497.64,23.7,11.85,,true,ESTIMATED_MODE_BREAKDOWN
2024-05-22 15:00:00,Japan,Japan,JP,411.01,489.52,24.96,11.95,,true,ESTIMATED_MODE_BREAKDOWN
2024-05-22 16:00:00,Japan,Japan,JP,408.31,486.25,25.45,12.04,,true,ESTIMATED_MODE_BREAKDOWN
2024-05-22 17:00:00,Japan,Japan,JP,408.21,486.08,25.47,12.07,,true,ESTIMATED_MODE_BREAKDOWN
2024-05-22 18:00:00,Japan,Japan,JP,410.76,488.47,25.02,12.1,,true,ESTIMATED_MODE_BREAKDOWN
2024-05-22 19:00:00,Japan,Japan,JP,410.98,489.33,24.97,12.6,,true,ESTIMATED_MODE_BREAKDOWN
2024-05-22 20:00:00,Japan,Japan,JP,403.17,480.91,26.4,13.67,,true,ESTIMATED_MODE_BREAKDOWN
2024-05-22 21:00:00,Japan,Japan,JP,381.7,458.08,30.3,17.72,,true,ESTIMATED_MODE_BREAKDOWN
2024-05-22 22:00:00,Japan,Japan,JP,350.81,425.31,35.92,24.52,,true,ESTIMATED_MODE_BREAKDOWN
2024-05-22 23:00:00,Japan,Japan,JP,317.37,389.03,42.03,31.47,,true,ESTIMATED_MODE_BREAKDOWN
2024-05-23 00:00:00,Japan,Japan,JP,289.98,360.25,47.01,37.44,,true,ESTIMATED_MODE_BREAKDOWN
2024-05-23 01:00:00,Japan,Japan,JP,266.26,334.42,51.34,41.78,,true,ESTIMATED_MODE_BREAKDOWN
2024-05-23 02:00:00,Japan,Japan,JP,259.06,326.1,52.67,43.4,,true,ESTIMATED_MODE_BREAKDOWN
2024-05-23 03:00:00,Japan,Japan,JP,253.12,319.24,53.76,43.87,,true,ESTIMATED_MODE_BREAKDOWN
2024-05-23 04:00:00,Japan,Japan,JP,275.64,343.9,49.65,40.16,,true,ESTIMATED_MODE_BREAKDOWN
2024-05-23 05:00:00,Japan,Japan,JP,302.47,373.72,44.74,35.13,,true,ESTIMATED_MODE_BREAKDOWN
2024-05-23 06:00:00,Japan,Japan,JP,332.89,406.57,39.19,29.68,,true,ESTIMATED_MODE_BREAKDOWN
2024-05-23 07:00:00,Japan,Japan,JP,371.19,447.95,32.21,22.58,,true,ESTIMATED_MODE_BREAKDOWN
2024-05-23 08:00:00,Japan,Japan,JP,403.28,483.59,26.34,16.77,,true,ESTIMATED_MODE_BREAKDOWN
2024-05-23 09:00:00,Japan,Japan,JP,423.31,504.9,22.69,12.85,,true,ESTIMATED_MODE_BREAKDOWN
2024-05-23 10:00:00,Japan,Japan,JP,430.02,511.89,21.48,11.58,,true,ESTIMATED_MODE_BREAKDOWN
2024-05-23 11:00:00,Japan,Japan,JP,426.69,508.49,22.07,11.47,,true,ESTIMATED_MODE_BREAKDOWN
2024-05-23 12:00:00,Japan,Japan,JP,425.08,506.28,22.37,11.38,,true,ESTIMATED_MODE_BREAKDOWN
2024-05-23 13:00:00,Japan,Japan,JP,421.33,501.96,23.06,11.36,,true,ESTIMATED_MODE_BREAKDOWN
2024-05-23 14:00:00,Japan,Japan,JP,420.39,500.79,23.23,11.39,,true,ESTIMATED_MODE_BREAKDOWN
2024-05-23 15:00:00,Japan,Japan,JP,413.35,492.72,24.52,11.46,,true,ESTIMATED_MODE_BREAKDOWN
2024-05-23 16:00:00,Japan,Japan,JP,410.21,489.44,25.09,11.51,,true,ESTIMATED_MODE_BREAKDOWN
2024-05-23 17:00:00,Japan,Japan,JP,410.01,489.08,25.13,11.58,,true,ESTIMATED_MODE_BREAKDOWN
2024-05-23 18:00:00,Japan,Japan,JP,412.34,491.72,24.7,11.61,,true,ESTIMATED_MODE_BREAKDOWN
2024-05-23 19:00:00,Japan,Japan,JP,411.02,489.71,24.96,12.04,,true,ESTIMATED_MODE_BREAKDOWN
2024-05-23 20:00:00,Japan,Japan,JP,403.3,481.07,26.38,13.54,,true,ESTIMATED_MODE_BREAKDOWN
2024-05-23 21:00:00,Japan,Japan,JP,373.3,448.83,31.84,19.26,,true,ESTIMATED_MODE_BREAKDOWN
2024-05-23 22:00:00,Japan,Japan,JP,330.05,402.96,39.71,28.19,,true,ESTIMATED_MODE_BREAKDOWN
2024-05-23 23:00:00,Japan,Japan,JP,289.64,359.77,47.07,36.52,,true,ESTIMATED_MODE_BREAKDOWN
2024-05-24 00:00:00,Japan,Japan,JP,262.73,331.12,51.97,42.65,,true,ESTIMATED_MODE_BREAKDOWN
2024-05-24 01:00:00,Japan,Japan,JP,242.45,308.87,55.68,46.34,,true,ESTIMATED_MODE_BREAKDOWN
2024-05-24 02:00:00,Japan,Japan,JP,237.94,303.78,56.51,47.31,,true,ESTIMATED_MODE_BREAKDOWN
2024-05-24 03:00:00,Japan,Japan,JP,240.0,305.94,56.13,46.3,,true,ESTIMATED_MODE_BREAKDOWN
2024-05-24 04:00:00,Japan,Japan,JP,270.63,339.17,50.54,41.31,,true,ESTIMATED_MODE_BREAKDOWN
2024-05-24 05:00:00,Japan,Japan,JP,301.89,373.0,44.84,35.38,,true,ESTIMATED_MODE_BREAKDOWN
2024-05-24 06:00:00,Japan,Japan,JP,340.35,414.63,37.83,28.57,,true,ESTIMATED_MODE_BREAKDOWN
2024-05-24 07:00:00,Japan,Japan,JP,374.39,451.56,31.62,22.07,,true,ESTIMATED_MODE_BREAKDOWN
2024-05-24 08:00:00,Japan,Japan,JP,402.47,482.18,26.49,17.02,,true,ESTIMATED_MODE_BREAKDOWN
2024-05-24 09:00:00,Japan,Japan,JP,420.26,501.17,23.26,13.31,,true,ESTIMATED_MODE_BREAKDOWN
2024-05-24 10:00:00,Japan,Japan,JP,427.1,508.15,22.02,12.02,,true,ESTIMATED_MODE_BREAKDOWN
2024-05-24 11:00:00,Japan,Japan,JP,424.12,504.83,22.56,12.04,,true,ESTIMATED_MODE_BREAKDOWN
2024-05-24 12:00:00,Japan,Japan,JP,422.46,502.74,22.87,12.01,,true,ESTIMATED_MODE_BREAKDOWN
2024-05-24 13:00:00,Japan,Japan,JP,419.04,498.89,23.49,11.99,,true,ESTIMATED_MODE_BREAKDOWN
2024-05-24 14:00:00,Japan,Japan,JP,417.4,497.06,23.78,12.01,,true,ESTIMATED_MODE_BREAKDOWN
2024-05-24 15:00:00,Japan,Japan,JP,409.66,488.41,25.19,12.05,,true,ESTIMATED_MODE_BREAKDOWN
2024-05-24 16:00:00,Japan,Japan,JP,406.47,485.13,25.77,12.2,,true,ESTIMATED_MODE_BREAKDOWN
2024-05-24 17:00:00,Japan,Japan,JP,404.15,482.45,26.19,12.28,,true,ESTIMATED_MODE_BREAKDOWN
2024-05-24 18:00:00,Japan,Japan,JP,407.29,485.82,25.63,12.45,,true,ESTIMATED_MODE_BREAKDOWN
2024-05-24 19:00:00,Japan,Japan,JP,405.94,484.19,25.88,12.95,,true,ESTIMATED_MODE_BREAKDOWN
2024-05-24 20:00:00,Japan,Japan,JP,395.33,472.55,27.82,14.94,,true,ESTIMATED_MODE_BREAKDOWN
2024-05-24 21:00:00,Japan,Japan,JP,348.28,421.76,36.39,23.15,,true,ESTIMATED_MODE_BREAKDOWN
2024-05-24 22:00:00,Japan,Japan,JP,287.54,357.05,47.44,34.92,,true,ESTIMATED_MODE_BREAKDOWN
2024-05-24 23:00:00,Japan,Japan,JP,248.32,314.22,54.61,42.97,,true,ESTIMATED_MODE_BREAKDOWN
2024-05-25 00:00:00,Japan,Japan,JP,223.3,286.23,59.2,48.37,,true,ESTIMATED_MODE_BREAKDOWN
2024-05-25 01:00:00,Japan,Japan,JP,203.12,264.49,62.87,52.13,,true,ESTIMATED_MODE_BREAKDOWN
2024-05-25 02:00:00,Japan,Japan,JP,197.85,258.87,63.83,53.26,,true,ESTIMATED_MODE_BREAKDOWN
2024-05-25 03:00:00,Japan,Japan,JP,195.44,256.25,64.27,53.32,,true,ESTIMATED_MODE_BREAKDOWN
2024-05-25 04:00:00,Japan,Japan,JP,208.55,270.46,61.88,51.1,,true,ESTIMATED_MODE_BREAKDOWN
2024-05-25 05:00:00,Japan,Japan,JP,232.67,297.16,57.47,46.43,,true,ESTIMATED_MODE_BREAKDOWN
2024-05-25 06:00:00,Japan,Japan,JP,273.32,342.04,50.03,38.98,,true,ESTIMATED_MODE_BREAKDOWN
2024-05-25 07:00:00,Japan,Japan,JP,323.74,397.33,40.83,29.83,,true,ESTIMATED_MODE_BREAKDOWN
2024-05-25 08:00:00,Japan,Japan,JP,380.7,459.04,30.44,19.73,,true,ESTIMATED_MODE_BREAKDOWN
2024-05-25 09:00:00,Japan,Japan,JP,414.32,495.03,24.32,13.18,,true,ESTIMATED_MODE_BREAKDOWN
2024-05-25 10:00:00,Japan,Japan,JP,423.96,505.47,22.57,11.58,,true,ESTIMATED_MODE_BREAKDOWN
2024-05-25 11:00:00,Japan,Japan,JP,420.71,501.67,23.16,11.46,,true,ESTIMATED_MODE_BREAKDOWN
2024-05-25 12:00:00,Japan,Japan,JP,419.73,500.81,23.34,11.41,,true,ESTIMATED_MODE_BREAKDOWN
2024-05-25 13:00:00,Japan,Japan,JP,414.03,494.45,24.37,11.29,,true,ESTIMATED_MODE_BREAKDOWN
2024-05-25 14:00:00,Japan,Japan,JP,414.81,494.95,24.24,11.32,,true,ESTIMATED_MODE_BREAKDOWN
2024-05-25 15:00:00,Japan,Japan,JP,408.42,487.69,25.4,11.34,,true,ESTIMATED_MODE_BREAKDOWN
2024-05-25 16:00:00,Japan,Japan,JP,405.14,484.06,26.0,11.35,,true,ESTIMATED_MODE_BREAKDOWN
2024-05-25 17:00:00,Japan,Japan,JP,405.27,484.06,25.98,11.39,,true,ESTIMATED_MODE_BREAKDOWN
2024-05-25 18:00:00,Japan,Japan,JP,406.8,485.83,25.7,11.51,,true,ESTIMATED_MODE_BREAKDOWN
2024-05-25 19:00:00,Japan,Japan,JP,407.16,486.1,25.65,12.1,,true,ESTIMATED_MODE_BREAKDOWN
2024-05-25 20:00:00,Japan,Japan,JP,397.3,474.98,27.45,13.89,,true,ESTIMATED_MODE_BREAKDOWN
2024-05-25 21:00:00,Japan,Japan,JP,352.52,426.3,35.62,21.87,,true,ESTIMATED_MODE_BREAKDOWN
2024-05-25 22:00:00,Japan,Japan,JP,287.46,356.22,47.47,34.21,,true,ESTIMATED_MODE_BREAKDOWN
2024-05-25 23:00:00,Japan,Japan,JP,252.55,318.22,53.85,41.56,,true,ESTIMATED_MODE_BREAKDOWN
2024-05-26 00:00:00,Japan,Japan,JP,232.96,296.84,57.43,46.24,,true,ESTIMATED_MODE_BREAKDOWN
2024-05-26 01:00:00,Japan,Japan,JP,210.08,271.81,61.61,50.56,,true,ESTIMATED_MODE_BREAKDOWN
2024-05-26 02:00:00,Japan,Japan,JP,207.19,268.41,62.14,51.26,,true,ESTIMATED_MODE_BREAKDOWN
2024-05-26 03:00:00,Japan,Japan,JP,207.18,268.09,62.15,51.04,,true,ESTIMATED_MODE_BREAKDOWN
2024-05-26 04:00:00,Japan,Japan,JP,226.76,289.13,58.59,47.65,,true,ESTIMATED_MODE_BREAKDOWN
2024-05-26 05:00:00,Japan,Japan,JP,257.23,322.54,53.02,41.91,,true,ESTIMATED_MODE_BREAKDOWN
2024-05-26 06:00:00,Japan,Japan,JP,301.79,372.9,44.85,33.7,,true,ESTIMATED_MODE_BREAKDOWN
2024-05-26 07:00:00,Japan,Japan,JP,349.35,425.48,36.15,25.03,,true,ESTIMATED_MODE_BREAKDOWN
2024-05-26 08:00:00,Japan,Japan,JP,394.38,474.37,27.94,17.18,,true,ESTIMATED_MODE_BREAKDOWN
2024-05-26 09:00:00,Japan,Japan,JP,418.54,499.99,23.55,12.74,,true,ESTIMATED_MODE_BREAKDOWN
2024-05-26 10:00:00,Japan,Japan,JP,423.75,505.47,22.6,11.77,,true,ESTIMATED_MODE_BREAKDOWN
2024-05-26 11:00:00,Japan,Japan,JP,421.21,502.43,23.07,11.84,,true,ESTIMATED_MODE_BREAKDOWN
2024-05-26 12:00:00,Japan,Japan,JP,419.15,500.18,23.44,11.87,,true,ESTIMATED_MODE_BREAKDOWN
2024-05-26 13:00:00,Japan,Japan,JP,414.94,495.11,24.21,11.8,,true,ESTIMATED_MODE_BREAKDOWN
2024-05-26 14:00:00,Japan,Japan,JP,413.61,493.31,24.46,11.84,,true,ESTIMATED_MODE_BREAKDOWN
2024-05-26 15:00:00,Japan,Japan,JP,406.83,485.7,25.7,11.83,,true,ESTIMATED_MODE_BREAKDOWN
2024-05-26 16:00:00,Japan,Japan,JP,403.67,482.35,26.27,11.91,,true,ESTIMATED_MODE_BREAKDOWN
2024-05-26 17:00:00,Japan,Japan,JP,403.53,481.82,26.3,11.99,,true,ESTIMATED_MODE_BREAKDOWN
2024-05-26 18:00:00,Japan,Japan,JP,404.02,481.8,26.23,12.09,,true,ESTIMATED_MODE_BREAKDOWN
2024-05-26 19:00:00,Japan,Japan,JP,406.12,484.03,25.85,12.7,,true,ESTIMATED_MODE_BREAKDOWN
2024-05-26 20:00:00,Japan,Japan,JP,402.42,479.89,26.53,13.43,,true,ESTIMATED_MODE_BREAKDOWN
2024-05-26 21:00:00,Japan,Japan,JP,391.73,468.88,28.47,15.65,,true,ESTIMATED_MODE_BREAKDOWN
2024-05-26 22:00:00,Japan,Japan,JP,379.57,456.58,30.68,19.35,,true,ESTIMATED_MODE_BREAKDOWN
2024-05-26 23:00:00,Japan,Japan,JP,365.88,442.15,33.17,22.83,,true,ESTIMATED_MODE_BREAKDOWN
2024-05-27 00:00:00,Japan,Japan,JP,350.79,426.58,35.91,26.35,,true,ESTIMATED_MODE_BREAKDOWN
2024-05-27 01:00:00,Japan,Japan,JP,330.72,405.14,39.57,30.21,,true,ESTIMATED_MODE_BREAKDOWN
2024-05-27 02:00:00,Japan,Japan,JP,316.36,390.0,42.17,32.7,,true,ESTIMATED_MODE_BREAKDOWN
2024-05-27 03:00:00,Japan,Japan,JP,299.8,372.02,45.19,35.63,,true,ESTIMATED_MODE_BREAKDOWN
2024-05-27 04:00:00,Japan,Japan,JP,309.02,381.62,43.52,34.06,,true,ESTIMATED_MODE_BREAKDOWN
2024-05-27 05:00:00,Japan,Japan,JP,325.44,399.1,40.53,31.16,,true,ESTIMATED_MODE_BREAKDOWN
2024-05-27 06:00:00,Japan,Japan,JP,353.23,428.82,35.48,25.98,,true,ESTIMATED_MODE_BREAKDOWN
2024-05-27 07:00:00,Japan,Japan,JP,388.75,466.55,29.02,19.9,,true,ESTIMATED_MODE_BREAKDOWN
2024-05-27 08:00:00,Japan,Japan,JP,412.29,491.84,24.73,15.14,,true,ESTIMATED_MODE_BREAKDOWN
2024-05-27 09:00:00,Japan,Japan,JP,425.9,507.02,22.24,12.82,,true,ESTIMATED_MODE_BREAKDOWN
2024-05-27 10:00:00,Japan,Japan,JP,426.57,507.9,22.11,12.11,,true,ESTIMATED_MODE_BREAKDOWN
2024-05-27 11:00:00,Japan,Japan,JP,426.08,507.5,22.19,12.08,,true,ESTIMATED_MODE_BREAKDOWN
2024-05-27 12:00:00,Japan,Japan,JP,422.2,503.12,22.9,11.95,,true,ESTIMATED_MODE_BREAKDOWN
2024-05-27 13:00:00,Japan,Japan,JP,420.36,501.32,23.23,12.04,,true,ESTIMATED_MODE_BREAKDOWN
2024-05-27 14:00:00,Japan,Japan,JP,417.05,497.54,23.83,11.91,,true,ESTIMATED_MODE_BREAKDOWN
2024-05-27 15:00:00,Japan,Japan,JP,411.41,490.9,24.86,11.97,,true,ESTIMATED_MODE_BREAKDOWN
2024-05-27 16:00:00,Japan,Japan,JP,408.09,487.42,25.46,12.04,,true,ESTIMATED_MODE_BREAKDOWN
2024-05-27 17:00:00,Japan,Japan,JP,407.84,487.05,25.51,12.06,,true,ESTIMATED_MODE_BREAKDOWN
2024-05-27 18:00:00,Japan,Japan,JP,410.08,489.4,25.11,12.14,,true,ESTIMATED_MODE_BREAKDOWN
2024-05-27 19:00:00,Japan,Japan,JP,410.51,489.72,25.04,12.61,,true,ESTIMATED_MODE_BREAKDOWN
2024-05-27 20:00:00,Japan,Japan,JP,407.08,485.87,25.67,13.12,,true,ESTIMATED_MODE_BREAKDOWN
2024-05-27 21:00:00,Japan,Japan,JP,400.51,478.99,26.86,14.52,,true,ESTIMATED_MODE_BREAKDOWN
2024-05-27 22:00:00,Japan,Japan,JP,389.33,467.27,28.9,17.63,,true,ESTIMATED_MODE_BREAKDOWN
2024-05-27 23:00:00,Japan,Japan,JP,377.06,453.63,31.15,20.75,,true,ESTIMATED_MODE_BREAKDOWN
2024-05-28 00:00:00,Japan,Japan,JP,370.23,446.25,32.4,23.13,,true,ESTIMATED_MODE_BREAKDOWN
2024-05-28 01:00:00,Japan,Japan,JP,359.81,434.64,34.31,25.35,,true,ESTIMATED_MODE_BREAKDOWN
2024-05-28 02:00:00,Japan,Japan,JP,353.21,427.44,35.52,26.79,,true,ESTIMATED_MODE_BREAKDOWN
2024-05-28 03:00:00,Japan,Japan,JP,344.61,417.97,37.09,27.94,,true,ESTIMATED_MODE_BREAKDOWN
2024-05-28 04:00:00,Japan,Japan,JP,352.81,427.33,35.58,26.74,,true,ESTIMATED_MODE_BREAKDOWN
2024-05-28 05:00:00,Japan,Japan,JP,366.61,442.88,33.05,24.16,,true,ESTIMATED_MODE_BREAKDOWN
2024-05-28 06:00:00,Japan,Japan,JP,383.54,461.78,29.95,20.94,,true,ESTIMATED_MODE_BREAKDOWN
2024-05-28 07:00:00,Japan,Japan,JP,401.26,481.21,26.71,17.69,,true,ESTIMATED_MODE_BREAKDOWN
2024-05-28 08:00:00,Japan,Japan,JP,415.02,496.22,24.2,15.03,,true,ESTIMATED_MODE_BREAKDOWN
2024-05-28 09:00:00,Japan,Japan,JP,424.83,506.75,22.41,13.14,,true,ESTIMATED_MODE_BREAKDOWN
2024-05-28 10:00:00,Japan,Japan,JP,429.11,509.59,21.67,12.1,,true,ESTIMATED_MODE_BREAKDOWN
2024-05-28 11:00:00,Japan,Japan,JP,427.37,507.41,21.99,12.1,,true,ESTIMATED_MODE_BREAKDOWN
2024-05-28 12:00:00,Japan,Japan,JP,424.48,503.95,22.52,12.06,,true,ESTIMATED_MODE_BREAKDOWN
2024-05-28 13:00:00,Japan,Japan,JP,421.7,500.71,23.03,12.15,,true,ESTIMATED_MODE_BREAKDOWN
2024-05-28 14:00:00,Japan,Japan,JP,420.21,498.32,23.32,12.1,,true,ESTIMATED_MODE_BREAKDOWN
2024-05-28 15:00:00,Japan,Japan,JP,414.81,491.77,24.31,12.24,,true,ESTIMATED_MODE_BREAKDOWN
2024-05-28 16:00:00,Japan,Japan,JP,411.68,488.03,24.89,12.18,,true,ESTIMATED_MODE_BREAKDOWN
2024-05-28 17:00:00,Japan,Japan,JP,412.09,488.55,24.81,12.13,,true,ESTIMATED_MODE_BREAKDOWN
2024-05-28 18:00:00,Japan,Japan,JP,414.27,490.7,24.42,12.22,,true,ESTIMATED_MODE_BREAKDOWN
2024-05-28 19:00:00,Japan,Japan,JP,413.66,489.56,24.55,12.65,,true,ESTIMATED_MODE_BREAKDOWN
2024-05-28 20:00:00,Japan,Japan,JP,405.83,481.2,25.98,14.14,,true,ESTIMATED_MODE_BREAKDOWN
2024-05-28 21:00:00,Japan,Japan,JP,370.13,443.33,32.46,20.93,,true,ESTIMATED_MODE_BREAKDOWN
2024-05-28 22:00:00,Japan,Japan,JP,312.55,382.05,42.94,31.93,,true,ESTIMATED_MODE_BREAKDOWN
2024-05-28 23:00:00,Japan,Japan,JP,276.25,343.07,49.56,39.57,,true,ESTIMATED_MODE_BREAKDOWN
2024-05-29 00:00:00,Japan,Japan,JP,245.58,310.22,55.15,45.78,,true,ESTIMATED_MODE_BREAKDOWN
2024-05-29 01:00:00,Japan,Japan,JP,220.69,283.34,59.69,50.5,,true,ESTIMATED_MODE_BREAKDOWN
2024-05-29 02:00:00,Japan,Japan,JP,210.21,271.94,61.6,52.51,,true,ESTIMATED_MODE_BREAKDOWN
2024-05-29 03:00:00,Japan,Japan,JP,211.01,272.29,61.46,51.99,,true,ESTIMATED_MODE_BREAKDOWN
2024-05-29 04:00:00,Japan,Japan,JP,222.57,285.29,59.35,50.17,,true,ESTIMATED_MODE_BREAKDOWN
2024-05-29 05:00:00,Japan,Japan,JP,246.86,312.3,54.9,45.75,,true,ESTIMATED_MODE_BREAKDOWN
2024-05-29 06:00:00,Japan,Japan,JP,287.34,356.93,47.5,38.29,,true,ESTIMATED_MODE_BREAKDOWN
2024-05-29 07:00:00,Japan,Japan,JP,339.2,412.51,38.06,28.87,,true,ESTIMATED_MODE_BREAKDOWN
2024-05-29 08:00:00,Japan,Japan,JP,389.91,467.47,28.81,19.46,,true,ESTIMATED_MODE_BREAKDOWN
2024-05-29 09:00:00,Japan,Japan,JP,422.35,502.51,22.9,13.37,,true,ESTIMATED_MODE_BREAKDOWN
2024-05-29 10:00:00,Japan,Japan,JP,430.62,511.28,21.4,11.62,,true,ESTIMATED_MODE_BREAKDOWN
2024-05-29 11:00:00,Japan,Japan,JP,428.72,508.88,21.75,11.52,,true,ESTIMATED_MODE_BREAKDOWN
2024-05-29 12:00:00,Japan,Japan,JP,425.51,505.32,22.33,11.54,,true,ESTIMATED_MODE_BREAKDOWN
2024-05-29 13:00:00,Japan,Japan,JP,423.11,502.49,22.77,11.51,,true,ESTIMATED_MODE_BREAKDOWN
2024-05-29 14:00:00,Japan,Japan,JP,421.52,499.93,23.08,11.48,,true,ESTIMATED_MODE_BREAKDOWN
2024-05-29 15:00:00,Japan,Japan,JP,416.06,493.02,24.09,11.61,,true,ESTIMATED_MODE_BREAKDOWN
2024-05-29 16:00:00,Japan,Japan,JP,412.73,488.81,24.7,11.63,,true,ESTIMATED_MODE_BREAKDOWN
2024-05-29 17:00:00,Japan,Japan,JP,412.58,488.77,24.73,11.67,,true,ESTIMATED_MODE_BREAKDOWN
2024-05-29 18:00:00,Japan,Japan,JP,415.71,492.15,24.17,11.7,,true,ESTIMATED_MODE_BREAKDOWN
2024-05-29 19:00:00,Japan,Japan,JP,415.1,491.42,24.28,12.21,,true,ESTIMATED_MODE_BREAKDOWN
2024-05-29 20:00:00,Japan,Japan,JP,404.65,479.76,26.2,14.22,,true,ESTIMATED_MODE_BREAKDOWN
2024-05-29 21:00:00,Japan,Japan,JP,361.44,433.85,34.05,22.25,,true,ESTIMATED_MODE_BREAKDOWN
2024-05-29 22:00:00,Japan,Japan,JP,305.55,374.6,44.22,33.06,,true,ESTIMATED_MODE_BREAKDOWN
2024-05-29 23:00:00,Japan,Japan,JP,270.81,337.29,50.55,40.52,,true,ESTIMATED_MODE_BREAKDOWN
2024-05-30 00:00:00,Japan,Japan,JP,253.23,319.08,53.74,44.51,,true,ESTIMATED_MODE_BREAKDOWN
2024-05-30 01:00:00,Japan,Japan,JP,243.6,308.84,55.5,46.42,,true,ESTIMATED_MODE_BREAKDOWN
2024-05-30 02:00:00,Japan,Japan,JP,245.47,310.26,55.17,46.1,,true,ESTIMATED_MODE_BREAKDOWN
2024-05-30 03:00:00,Japan,Japan,JP,243.4,307.1,55.57,46.12,,true,ESTIMATED_MODE_BREAKDOWN
2024-05-30 04:00:00,Japan,Japan,JP,278.97,346.26,49.07,39.98,,true,ESTIMATED_MODE_BREAKDOWN
2024-05-30 05:00:00,Japan,Japan,JP,311.66,382.12,43.1,33.99,,true,ESTIMATED_MODE_BREAKDOWN
2024-05-30 06:00:00,Japan,Japan,JP,342.67,415.73,37.44,28.2,,true,ESTIMATED_MODE_BREAKDOWN
2024-05-30 07:00:00,Japan,Japan,JP,381.85,458.22,30.3,21.14,,true,ESTIMATED_MODE_BREAKDOWN
2024-05-30 08:00:00,Japan,Japan,JP,411.75,490.85,24.84,15.51,,true,ESTIMATED_MODE_BREAKDOWN
2024-05-30 09:00:00,Japan,Japan,JP,428.32,508.73,21.82,12.37,,true,ESTIMATED_MODE_BREAKDOWN
2024-05-30 10:00:00,Japan,Japan,JP,432.22,512.86,21.11,11.43,,true,ESTIMATED_MODE_BREAKDOWN
2024-05-30 11:00:00,Japan,Japan,JP,430.25,510.58,21.47,11.4,,true,ESTIMATED_MODE_BREAKDOWN
2024-05-30 12:00:00,Japan,Japan,JP,427.29,507.39,22.01,11.34,,true,ESTIMATED_MODE_BREAKDOWN
2024-05-30 13:00:00,Japan,Japan,JP,425.06,504.66,22.42,11.31,,true,ESTIMATED_MODE_BREAKDOWN
2024-05-30 14:00:00,Japan,Japan,JP,423.42,502.32,22.73,11.26,,true,ESTIMATED_MODE_BREAKDOWN
2024-05-30 15:00:00,Japan,Japan,JP,418.26,495.74,23.68,11.24,,true,ESTIMATED_MODE_BREAKDOWN
2024-05-30 16:00:00,Japan,Japan,JP,415.45,492.28,24.2,11.25,,true,ESTIMATED_MODE_BREAKDOWN
2024-05-30 17:00:00,Japan,Japan,JP,415.24,491.87,24.24,11.39,,true,ESTIMATED_MODE_BREAKDOWN
2024-05-30 18:00:00,Japan,Japan,JP,416.66,493.73,23.98,11.55,,true,ESTIMATED_MODE_BREAKDOWN
2024-05-30 19:00:00,Japan,Japan,JP,415.86,493.13,24.12,12.02,,true,ESTIMATED_MODE_BREAKDOWN
2024-05-30 20:00:00,Japan,Japan,JP,413.33,490.09,24.59,12.6,,true,ESTIMATED_MODE_BREAKDOWN
2024-05-30 21:00:00,Japan,Japan,JP,404.19,480.63,26.25,14.43,,true,ESTIMATED_MODE_BREAKDOWN
2024-05-30 22:00:00,Japan,Japan,JP,387.16,462.55,29.35,18.27,,true,ESTIMATED_MODE_BREAKDOWN
2024-05-30 23:00:00,Japan,Japan,JP,371.43,445.62,32.23,22.21,,true,ESTIMATED_MODE_BREAKDOWN
2024-05-31 00:00:00,Japan,Japan,JP,353.95,426.69,35.42,25.98,,true,ESTIMATED_MODE_BREAKDOWN
2024-05-31 01:00:00,Japan,Japan,JP,335.96,406.66,38.71,29.27,,true,ESTIMATED_MODE_BREAKDOWN
2024-05-31 02:00:00,Japan,Japan,JP,323.97,393.32,40.9,31.47,,true,ESTIMATED_MODE_BREAKDOWN
2024-05-31 03:00:00,Japan,Japan,JP,316.7,384.75,42.24,32.46,,true,ESTIMATED_MODE_BREAKDOWN
2024-05-31 04:00:00,Japan,Japan,JP,331.58,400.43,39.54,30.06,,true,ESTIMATED_MODE_BREAKDOWN
2024-05-31 05:00:00,Japan,Japan,JP,350.38,421.81,36.09,26.72,,true,ESTIMATED_MODE_BREAKDOWN
2024-05-31 06:00:00,Japan,Japan,JP,372.74,447.01,31.99,22.65,,true,ESTIMATED_MODE_BREAKDOWN
2024-05-31 07:00:00,Japan,Japan,JP,395.35,471.76,27.86,18.48,,true,ESTIMATED_MODE_BREAKDOWN
2024-05-31 08:00:00,Japan,Japan,JP,414.05,492.69,24.43,14.9,,true,ESTIMATED_MODE_BREAKDOWN
2024-05-31 09:00:00,Japan,Japan,JP,426.01,505.85,22.25,12.59,,true,ESTIMATED_MODE_BREAKDOWN
2024-05-31 10:00:00,Japan,Japan,JP,430.89,511.62,21.35,11.45,,true,ESTIMATED_MODE_BREAKDOWN
2024-05-31 11:00:00,Japan,Japan,JP,429.22,509.35,21.66,11.39,,true,ESTIMATED_MODE_BREAKDOWN
2024-05-31 12:00:00,Japan,Japan,JP,426.46,506.06,22.16,11.36,,true,ESTIMATED_MODE_BREAKDOWN
2024-05-31 13:00:00,Japan,Japan,JP,424.16,503.01,22.59,11.35,,true,ESTIMATED_MODE_BREAKDOWN
2024-05-31 14:00:00,Japan,Japan,JP,422.56,500.44,22.9,11.28,,true,ESTIMATED_MODE_BREAKDOWN
2024-05-31 15:00:00,Japan,Japan,JP,417.13,494.83,23.88,11.42,,true,ESTIMATED_MODE_BREAKDOWN
2024-05-31 16:00:00,Japan,Japan,JP,413.56,490.45,24.54,11.39,,true,ESTIMATED_MODE_BREAKDOWN
2024-05-31 17:00:00,Japan,Japan,JP,413.54,489.9,24.56,11.43,,true,ESTIMATED_MODE_BREAKDOWN
2024-05-31 18:00:00,Japan,Japan,JP,415.21,492.08,24.25,11.59,,true,ESTIMATED_MODE_BREAKDOWN
2024-05-31 19:00:00,Japan,Japan,JP,414.07,490.77,24.46,12.1,,true,ESTIMATED_MODE_BREAKDOWN
2024-05-31 20:00:00,Japan,Japan,JP,404.61,480.28,26.19,13.79,,true,ESTIMATED_MODE_BREAKDOWN
2024-05-31 21:00:00,Japan,Japan,JP,364.84,436.85,33.44,20.79,,true,ESTIMATED_MODE_BREAKDOWN
2024-05-31 22:00:00,Japan,Japan,JP,304.99,372.3,44.35,32.23,,true,ESTIMATED_MODE_BREAKDOWN
2024-05-31 23:00:00,Japan,Japan,JP,267.0,330.74,51.29,39.99,,true,ESTIMATED_MODE_BREAKDOWN
2024-06-01 00:00:00,Japan,Japan,JP,240.23,301.75,56.18,45.6,,true,ESTIMATED_MODE_BREAKDOWN
2024-06-01 01:00:00,Japan,Japan,JP,221.1,281.38,59.66,49.29,,true,ESTIMATED_MODE_BREAKDOWN
2024-06-01 02:00:00,Japan,Japan,JP,215.3,275.61,60.71,50.44,,true,ESTIMATED_MODE_BREAKDOWN
2024-06-01 03:00:00,Japan,Japan,JP,213.55,273.77,61.02,50.55,,true,ESTIMATED_MODE_BREAKDOWN
2024-06-01 04:00:00,Japan,Japan,JP,227.01,289.04,58.56,48.2,,true,ESTIMATED_MODE_BREAKDOWN
2024-06-01 05:00:00,Japan,Japan,JP,250.94,315.84,54.17,43.79,,true,ESTIMATED_MODE_BREAKDOWN
2024-06-01 06:00:00,Japan,Japan,JP,287.23,355.79,47.54,37.13,,true,ESTIMATED_MODE_BREAKDOWN
2024-06-01 07:00:00,Japan,Japan,JP,335.03,407.83,38.82,28.67,,true,ESTIMATED_MODE_BREAKDOWN
2024-06-01 08:00:00,Japan,Japan,JP,386.31,463.22,29.47,19.29,,true,ESTIMATED_MODE_BREAKDOWN
2024-06-01 09:00:00,Japan,Japan,JP,418.9,498.31,23.53,13.2,,true,ESTIMATED_MODE_BREAKDOWN
2024-06-01 10:00:00,Japan,Japan,JP,428.36,508.73,21.81,11.28,,true,ESTIMATED_MODE_BREAKDOWN
2024-06-01 11:00:00,Japan,Japan,JP,426.56,506.56,22.14,11.24,,true,ESTIMATED_MODE_BREAKDOWN
2024-06-01 12:00:00,Japan,Japan,JP,424.02,503.25,22.61,11.18,,true,ESTIMATED_MODE_BREAKDOWN
2024-06-01 13:00:00,Japan,Japan,JP,421.25,499.8,23.12,11.08,,true,ESTIMATED_MODE_BREAKDOWN
2024-06-01 14:00:00,Japan,Japan,JP,419.33,497.82,23.47,11.12,,true,ESTIMATED_MODE_BREAKDOWN
2024-06-01 15:00:00,Japan,Japan,JP,414.21,491.89,24.4,11.22,,true,ESTIMATED_MODE_BREAKDOWN
2024-06-01 16:00:00,Japan,Japan,JP,410.92,488.0,25.01,11.14,,true,ESTIMATED_MODE_BREAKDOWN
2024-06-01 17:00:00,Japan,Japan,JP,410.99,487.9,25.0,11.22,,true,ESTIMATED_MODE_BREAKDOWN
2024-06-01 18:00:00,Japan,Japan,JP,412.37,489.26,24.76,11.4,,true,ESTIMATED_MODE_BREAKDOWN
2024-06-01 19:00:00,Japan,Japan,JP,411.27,487.65,24.97,11.97,,true,ESTIMATED_MODE_BREAKDOWN
2024-06-01 20:00:00,Japan,Japan,JP,403.6,479.41,26.37,13.55,,true,ESTIMATED_MODE_BREAKDOWN
2024-06-01 21:00:00,Japan,Japan,JP,369.05,442.1,32.65,19.61,,true,ESTIMATED_MODE_BREAKDOWN
2024-06-01 22:00:00,Japan,Japan,JP,319.63,388.86,41.66,29.16,,true,ESTIMATED_MODE_BREAKDOWN
2024-06-01 23:00:00,Japan,Japan,JP,291.9,358.84,46.72,34.99,,true,ESTIMATED_MODE_BREAKDOWN
2024-06-02 00:00:00,Japan,Japan,JP,272.51,338.13,50.25,39.17,,true,ESTIMATED_MODE_BREAKDOWN
2024-06-02 01:00:00,Japan,Japan,JP,258.22,323.68,52.84,42.06,,true,ESTIMATED_MODE_BREAKDOWN
2024-06-02 02:00:00,Japan,Japan,JP,257.86,323.37,52.9,42.17,,true,ESTIMATED_MODE_BREAKDOWN
2024-06-02 03:00:00,Japan,Japan,JP,248.34,313.63,54.62,43.76,,true,ESTIMATED_MODE_BREAKDOWN
2024-06-02 04:00:00,Japan,Japan,JP,254.1,320.57,53.56,42.67,,true,ESTIMATED_MODE_BREAKDOWN
2024-06-02 05:00:00,Japan,Japan,JP,274.28,342.39,49.88,39.0,,true,ESTIMATED_MODE_BREAKDOWN
2024-06-02 06:00:00,Japan,Japan,JP,314.38,386.47,42.55,31.8,,true,ESTIMATED_MODE_BREAKDOWN
2024-06-02 07:00:00,Japan,Japan,JP,356.16,431.49,34.94,24.35,,true,ESTIMATED_MODE_BREAKDOWN
2024-06-02 08:00:00,Japan,Japan,JP,398.39,476.45,27.26,16.84,,true,ESTIMATED_MODE_BREAKDOWN
2024-06-02 09:00:00,Japan,Japan,JP,420.87,500.27,23.18,12.8,,true,ESTIMATED_MODE_BREAKDOWN
2024-06-02 10:00:00,Japan,Japan,JP,427.25,507.44,22.01,11.43,,true,ESTIMATED_MODE_BREAKDOWN
2024-06-02 11:00:00,Japan,Japan,JP,425.68,505.35,22.3,11.38,,true,ESTIMATED_MODE_BREAKDOWN
2024-06-02 12:00:00,Japan,Japan,JP,423.49,502.18,22.72,11.23,,true,ESTIMATED_MODE_BREAKDOWN
2024-06-02 13:00:00,Japan,Japan,JP,420.66,498.85,23.23,11.2,,true,ESTIMATED_MODE_BREAKDOWN
2024-06-02 14:00:00,Japan,Japan,JP,418.56,496.37,23.62,11.26,,true,ESTIMATED_MODE_BREAKDOWN
2024-06-02 15:00:00,Japan,Japan,JP,413.05,489.6,24.64,11.32,,true,ESTIMATED_MODE_BREAKDOWN
2024-06-02 16:00:00,Japan,Japan,JP,409.85,485.87,25.22,11.35,,true,ESTIMATED_MODE_BREAKDOWN
2024-06-02 17:00:00,Japan,Japan,JP,410.01,486.38,25.19,11.5,,true,ESTIMATED_MODE_BREAKDOWN
2024-06-02 18:00:00,Japan,Japan,JP,411.68,488.96,24.87,11.74,,true,ESTIMATED_MODE_BREAKDOWN
2024-06-02 19:00:00,Japan,Japan,JP,411.6,489.01,24.89,12.25,,true,ESTIMATED_MODE_BREAKDOWN
2024-06-02 20:00:00,Japan,Japan,JP,403.72,479.55,26.35,13.81,,true,ESTIMATED_MODE_BREAKDOWN
2024-06-02 21:00:00,Japan,Japan,JP,372.44,445.1,32.06,19.91,,true,ESTIMATED_MODE_BREAKDOWN
2024-06-02 22:00:00,Japan,Japan,JP,323.08,392.46,41.04,29.68,,true,ESTIMATED_MODE_BREAKDOWN
2024-06-02 23:00:00,Japan,Japan,JP,279.34,346.24,49.0,38.88,,true,ESTIMATED_MODE_BREAKDOWN
2024-06-03 00:00:00,Japan,Japan,JP,254.36,320.14,53.54,44.31,,true,ESTIMATED_MODE_BREAKDOWN
2024-06-03 01:00:00,Japan,Japan,JP,234.94,299.73,57.07,48.07,,true,ESTIMATED_MODE_BREAKDOWN
2024-06-03 02:00:00,Japan,Japan,JP,229.06,293.41,58.14,49.18,,true,ESTIMATED_MODE_BREAKDOWN
2024-06-03 03:00:00,Japan,Japan,JP,226.91,290.57,58.54,49.2,,true,ESTIMATED_MODE_BREAKDOWN
2024-06-03 04:00:00,Japan,Japan,JP,244.11,309.91,55.39,46.38,,true,ESTIMATED_MODE_BREAKDOWN
2024-06-03 05:00:00,Japan,Japan,JP,268.48,336.86,50.93,41.95,,true,ESTIMATED_MODE_BREAKDOWN
2024-06-03 06:00:00,Japan,Japan,JP,304.11,375.27,44.44,35.34,,true,ESTIMATED_MODE_BREAKDOWN
2024-06-03 07:00:00,Japan,Japan,JP,347.94,421.95,36.47,27.35,,true,ESTIMATED_MODE_BREAKDOWN
2024-06-03 08:00:00,Japan,Japan,JP,388.19,465.24,29.13,19.79,,true,ESTIMATED_MODE_BREAKDOWN
2024-06-03 09:00:00,Japan,Japan,JP,419.55,499.12,23.42,13.81,,true,ESTIMATED_MODE_BREAKDOWN
2024-06-03 10:00:00,Japan,Japan,JP,428.49,508.66,21.79,11.82,,true,ESTIMATED_MODE_BREAKDOWN
2024-06-03 11:00:00,Japan,Japan,JP,426.35,505.68,22.19,11.78,,true,ESTIMATED_MODE_BREAKDOWN
2024-06-03 12:00:00,Japan,Japan,JP,423.9,502.78,22.64,11.71,,true,ESTIMATED_MODE_BREAKDOWN
2024-06-03 13:00:00,Japan,Japan,JP,421.46,499.92,23.08,11.65,,true,ESTIMATED_MODE_BREAKDOWN
2024-06-03 14:00:00,Japan,Japan,JP,419.91,496.93,23.39,11.58,,true,ESTIMATED_MODE_BREAKDOWN
2024-06-03 15:00:00,Japan,Japan,JP,414.03,489.99,24.47,11.64,,true,ESTIMATED_MODE_BREAKDOWN
2024-06-03 16:00:00,Japan,Japan,JP,410.23,486.01,25.16,11.71,,true,ESTIMATED_MODE_BREAKDOWN
2024-06-03 17:00:00,Japan,Japan,JP,410.4,485.99,25.13,11.82,,true,ESTIMATED_MODE_BREAKDOWN
2024-06-03 18:00:00,Japan,Japan,JP,412.22,488.94,24.79,11.96,,true,ESTIMATED_MODE_BREAKDOWN
2024-06-03 19:00:00,Japan,Japan,JP,411.87,488.57,24.85,12.37,,true,ESTIMATED_MODE_BREAKDOWN
2024-06-03 20:00:00,Japan,Japan,JP,402.94,478.6,26.49,14.07,,true,ESTIMATED_MODE_BREAKDOWN
2024-06-03 21:00:00,Japan,Japan,JP,365.05,437.26,33.4,21.29,,true,ESTIMATED_MODE_BREAKDOWN
2024-06-03 22:00:00,Japan,Japan,JP,310.96,379.04,43.26,31.69,,true,ESTIMATED_MODE_BREAKDOWN
2024-06-03 23:00:00,Japan,Japan,JP,277.8,344.09,49.29,38.98,,true,ESTIMATED_MODE_BREAKDOWN
2024-06-04 00:00:00,Japan,Japan,JP,258.72,323.9,52.77,43.29,,true,ESTIMATED_MODE_BREAKDOWN
2024-06-04 01:00:00,Japan,Japan,JP,239.16,303.04,56.33,47.0,,true,ESTIMATED_MODE_BREAKDOWN
2024-06-04 02:00:00,Japan,Japan,JP,231.65,295.19,57.69,48.5,,true,ESTIMATED_MODE_BREAKDOWN
2024-06-04 03:00:00,Japan,Japan,JP,226.34,289.39,58.66,49.04,,true,ESTIMATED_MODE_BREAKDOWN
2024-06-04 04:00:00,Japan,Japan,JP,245.43,309.61,55.19,45.82,,true,ESTIMATED_MODE_BREAKDOWN
2024-06-04 05:00:00,Japan,Japan,JP,265.89,331.61,51.46,42.09,,true,ESTIMATED_MODE_BREAKDOWN
2024-06-04 06:00:00,Japan,Japan,JP,300.04,368.25,45.24,35.8,,true,ESTIMATED_MODE_BREAKDOWN
2024-06-04 07:00:00,Japan,Japan,JP,345.33,417.74,36.97,27.51,,true,ESTIMATED_MODE_BREAKDOWN
2024-06-04 08:00:00,Japan,Japan,JP,387.37,464.01,29.29,19.6,,true,ESTIMATED_MODE_BREAKDOWN
2024-06-04 09:00:00,Japan,Japan,JP,418.19,497.18,23.67,13.63,,true,ESTIMATED_MODE_BREAKDOWN
2024-06-04 10:00:00,Japan,Japan,JP,427.15,507.06,22.04,11.61,,true,ESTIMATED_MODE_BREAKDOWN
2024-06-04 11:00:00,Japan,Japan,JP,425.71,505.44,22.3,11.52,,true,ESTIMATED_MODE_BREAKDOWN
2024-06-04 12:00:00,Japan,Japan,JP,423.41,502.88,22.71,11.45,,true,ESTIMATED_MODE_BREAKDOWN
2024-06-04 13:00:00,Japan,Japan,JP,420.92,499.76,23.17,11.45,,true,ESTIMATED_MODE_BREAKDOWN
2024-06-04 14:00:00,Japan,Japan,JP,418.97,496.81,23.54,11.43,,true,ESTIMATED_MODE_BREAKDOWN
2024-06-04 15:00:00,Japan,Japan,JP,414.0,490.75,24.46,11.43,,true,ESTIMATED_MODE_BREAKDOWN
2024-06-04 16:00:00,Japan,Japan,JP,410.84,487.06,25.04,11.42,,true,ESTIMATED_MODE_BREAKDOWN
2024-06-04 17:00:00,Japan,Japan,JP,410.73,486.89,25.06,11.47,,true,ESTIMATED_MODE_BREAKDOWN
2024-06-04 18:00:00,Japan,Japan,JP,412.49,489.35,24.73,11.61,,true,ESTIMATED_MODE_BREAKDOWN
2024-06-04 19:00:00,Japan,Japan,JP,412.25,489.13,24.78,12.09,,true,ESTIMATED_MODE_BREAKDOWN
2024-06-04 20:00:00,Japan,Japan,JP,402.9,478.63,26.5,13.87,,true,ESTIMATED_MODE_BREAKDOWN
2024-06-04 21:00:00,Japan,Japan,JP,363.28,435.6,33.72,21.36,,true,ESTIMATED_MODE_BREAKDOWN
2024-06-04 22:00:00,Japan,Japan,JP,305.23,373.76,44.28,32.52,,true,ESTIMATED_MODE_BREAKDOWN
2024-06-04 23:00:00,Japan,Japan,JP,263.1,328.93,51.95,41.34,,true,ESTIMATED_MODE_BREAKDOWN
2024-06-05 00:00:00,Japan,Japan,JP,237.99,302.44,56.52,46.7,,true,ESTIMATED_MODE_BREAKDOWN
2024-06-05 01:00:00,Japan,Japan,JP,224.47,288.17,58.98,49.44,,true,ESTIMATED_MODE_BREAKDOWN
2024-06-05 02:00:00,Japan,Japan,JP,216.14,279.18,60.5,51.1,,true,ESTIMATED_MODE_BREAKDOWN
2024-06-05 03:00:00,Japan,Japan,JP,209.86,272.17,61.65,51.83,,true,ESTIMATED_MODE_BREAKDOWN
2024-06-05 04:00:00,Japan,Japan,JP,231.67,296.08,57.67,48.16,,true,ESTIMATED_MODE_BREAKDOWN
2024-06-05 05:00:00,Japan,Japan,JP,257.81,324.39,52.9,43.39,,true,ESTIMATED_MODE_BREAKDOWN
2024-06-05 06:00:00,Japan,Japan,JP,295.97,365.32,45.95,36.38,,true,ESTIMATED_MODE_BREAKDOWN
2024-06-05 07:00:00,Japan,Japan,JP,348.88,423.11,36.29,26.72,,true,ESTIMATED_MODE_BREAKDOWN
2024-06-05 08:00:00,Japan,Japan,JP,394.18,472.21,28.03,18.14,,true,ESTIMATED_MODE_BREAKDOWN
2024-06-05 09:00:00,Japan,Japan,JP,421.13,500.75,23.13,13.02,,true,ESTIMATED_MODE_BREAKDOWN
2024-06-05 10:00:00,Japan,Japan,JP,428.37,508.22,21.82,11.41,,true,ESTIMATED_MODE_BREAKDOWN
2024-06-05 11:00:00,Japan,Japan,JP,426.46,506.2,22.16,11.29,,true,ESTIMATED_MODE_BREAKDOWN
2024-06-05 12:00:00,Japan,Japan,JP,423.96,503.38,22.62,11.23,,true,ESTIMATED_MODE_BREAKDOWN
2024-06-05 13:00:00,Japan,Japan,JP,421.12,499.66,23.14,11.18,,true,ESTIMATED_MODE_BREAKDOWN
2024-06-05 14:00:00,Japan,Japan,JP,425.68,503.88,22.34,11.32,,true,ESTIMATED_MODE_BREAKDOWN
2024-06-05 15:00:00,Japan,Japan,JP,413.5,489.82,24.56,11.16,,true,ESTIMATED_MODE_BREAKDOWN
2024-06-05 16:00:00,Japan,Japan,JP,409.39,485.95,25.29,11.29,,true,ESTIMATED_MODE_BREAKDOWN
2024-06-05 17:00:00,Japan,Japan,JP,409.54,486.64,25.25,11.34,,true,ESTIMATED_MODE_BREAKDOWN
2024-06-05 18:00:00,Japan,Japan,JP,412.05,489.43,24.8,11.4,,true,ESTIMATED_MODE_BREAKDOWN
2024-06-05 19:00:00,Japan,Japan,JP,411.41,488.35,24.93,11.86,,true,ESTIMATED_MODE_BREAKDOWN
2024-06-05 20:00:00,Japan,Japan,JP,404.0,479.76,26.29,13.26,,true,ESTIMATED_MODE_BREAKDOWN
2024-06-05 21:00:00,Japan,Japan,JP,374.38,447.64,31.69,18.92,,true,ESTIMATED_MODE_BREAKDOWN
2024-06-05 22:00:00,Japan,Japan,JP,334.57,404.6,38.96,26.84,,true,ESTIMATED_MODE_BREAKDOWN
2024-06-05 23:00:00,Japan,Japan,JP,307.66,376.35,43.85,33.08,,true,ESTIMATED_MODE_BREAKDOWN
2024-06-06 00:00:00,Japan,Japan,JP,281.71,349.18,48.57,38.53,,true,ESTIMATED_MODE_BREAKDOWN
2024-06-06 01:00:00,Japan,Japan,JP,258.88,322.79,52.77,42.92,,true,ESTIMATED_MODE_BREAKDOWN
2024-06-06 02:00:00,Japan,Japan,JP,254.66,316.79,53.57,43.83,,true,ESTIMATED_MODE_BREAKDOWN
2024-06-06 03:00:00,Japan,Japan,JP,250.13,312.94,54.37,44.19,,true,ESTIMATED_MODE_BREAKDOWN
2024-06-06 04:00:00,Japan,Japan,JP,276.06,341.88,49.62,39.75,,true,ESTIMATED_MODE_BREAKDOWN
2024-06-06 05:00:00,Japan,Japan,JP,307.32,376.19,43.91,34.08,,true,ESTIMATED_MODE_BREAKDOWN
2024-06-06 06:00:00,Japan,Japan,JP,345.41,417.84,36.96,27.04,,true,ESTIMATED_MODE_BREAKDOWN
2024-06-06 07:00:00,Japan,Japan,JP,382.33,458.34,30.22,20.19,,true,ESTIMATED_MODE_BREAKDOWN
2024-06-06 08:00:00,Japan,Japan,JP,407.89,486.31,25.55,15.19,,true,ESTIMATED_MODE_BREAKDOWN
2024-06-06 09:00:00,Japan,Japan,JP,422.96,502.5,22.8,12.25,,true,ESTIMATED_MODE_BREAKDOWN
2024-06-06 10:00:00,Japan,Japan,JP,427.31,507.03,22.01,11.22,,true,ESTIMATED_MODE_BREAKDOWN
2024-06-06 11:00:00,Japan,Japan,JP,425.2,504.42,22.4,11.12,,true,ESTIMATED_MODE_BREAKDOWN
2024-06-06 12:00:00,Japan,Japan,JP,422.15,501.15,22.95,11.16,,true,ESTIMATED_MODE_BREAKDOWN
2024-06-06 13:00:00,Japan,Japan,JP,419.44,497.89,23.45,11.1,,true,ESTIMATED_MODE_BREAKDOWN
2024-06-06 14:00:00,Japan,Japan,JP,417.6,495.13,23.8,11.05,,true,ESTIMATED_MODE_BREAKDOWN
2024-06-06 15:00:00,Japan,Japan,JP,412.12,488.84,24.8,11.11,,true,ESTIMATED_MODE_BREAKDOWN
2024-06-06 16:00:00,Japan,Japan,JP,408.26,484.85,25.49,11.1,,true,ESTIMATED_MODE_BREAKDOWN
2024-06-06 17:00:00,Japan,Japan,JP,407.94,484.44,25.55,11.13,,true,ESTIMATED_MODE_BREAKDOWN
2024-06-06 18:00:00,Japan,Japan,JP,410.17,487.05,25.15,11.27,,true,ESTIMATED_MODE_BREAKDOWN
2024-06-06 19:00:00,Japan,Japan,JP,409.98,486.42,25.2,11.73,,true,ESTIMATED_MODE_BREAKDOWN
2024-06-06 20:00:00,Japan,Japan,JP,402.83,478.37,26.51,13.12,,true,ESTIMATED_MODE_BREAKDOWN
2024-06-06 21:00:00,Japan,Japan,JP,371.1,443.95,32.29,19.14,,true,ESTIMATED_MODE_BREAKDOWN
2024-06-06 22:00:00,Japan,Japan,JP,318.56,387.21,41.87,29.55,,true,ESTIMATED_MODE_BREAKDOWN
2024-06-06 23:00:00,Japan,Japan,JP,280.06,346.59,48.87,37.75,,true,ESTIMATED_MODE_BREAKDOWN
2024-06-07 00:00:00,Japan,Japan,JP,252.74,318.06,53.84,43.64,,true,ESTIMATED_MODE_BREAKDOWN
2024-06-07 01:00:00,Japan,Japan,JP,234.42,297.87,57.19,47.23,,true,ESTIMATED_MODE_BREAKDOWN
2024-06-07 02:00:00,Japan,Japan,JP,227.9,290.91,58.37,48.54,,true,ESTIMATED_MODE_BREAKDOWN
2024-06-07 03:00:00,Japan,Japan,JP,216.84,278.85,60.39,50.18,,true,ESTIMATED_MODE_BREAKDOWN
2024-06-07 04:00:00,Japan,Japan,JP,236.5,300.47,56.8,46.98,,true,ESTIMATED_MODE_BREAKDOWN
2024-06-07 05:00:00,Japan,Japan,JP,266.07,332.87,51.4,41.61,,true,ESTIMATED_MODE_BREAKDOWN
2024-06-07 06:00:00,Japan,Japan,JP,306.6,376.66,44.01,34.1,,true,ESTIMATED_MODE_BREAKDOWN
2024-06-07 07:00:00,Japan,Japan,JP,352.9,426.73,35.58,25.69,,true,ESTIMATED_MODE_BREAKDOWN
2024-06-07 08:00:00,Japan,Japan,JP,392.68,469.56,28.33,18.1,,true,ESTIMATED_MODE_BREAKDOWN
2024-06-07 09:00:00,Japan,Japan,JP,418.82,497.93,23.56,13.07,,true,ESTIMATED_MODE_BREAKDOWN
2024-06-07 10:00:00,Japan,Japan,JP,426.57,506.17,22.15,11.34,,true,ESTIMATED_MODE_BREAKDOWN
2024-06-07 11:00:00,Japan,Japan,JP,424.6,504.1,22.5,11.26,,true,ESTIMATED_MODE_BREAKDOWN
2024-06-07 12:00:00,Japan,Japan,JP,421.45,500.39,23.08,11.24,,true,ESTIMATED_MODE_BREAKDOWN
2024-06-07 13:00:00,Japan,Japan,JP,418.94,496.84,23.55,11.19,,true,ESTIMATED_MODE_BREAKDOWN
2024-06-07 14:00:00,Japan,Japan,JP,417.08,494.37,23.89,11.2,,true,ESTIMATED_MODE_BREAKDOWN
2024-06-07 15:00:00,Japan,Japan,JP,410.61,486.27,25.09,11.17,,true,ESTIMATED_MODE_BREAKDOWN
2024-06-07 16:00:00,Japan,Japan,JP,406.88,482.26,25.77,11.08,,true,ESTIMATED_MODE_BREAKDOWN
2024-06-07 17:00:00,Japan,Japan,JP,406.41,481.84,25.85,11.15,,true,ESTIMATED_MODE_BREAKDOWN
2024-06-07 18:00:00,Japan,Japan,JP,407.81,483.36,25.6,11.23,,true,ESTIMATED_MODE_BREAKDOWN
2024-06-07 19:00:00,Japan,Japan,JP,406.98,482.17,25.76,11.7,,true,ESTIMATED_MODE_BREAKDOWN
2024-06-07 20:00:00,Japan,Japan,JP,397.37,471.2,27.53,13.49,,true,ESTIMATED_MODE_BREAKDOWN
2024-06-07 21:00:00,Japan,Japan,JP,355.6,425.74,35.14,21.05,,true,ESTIMATED_MODE_BREAKDOWN
2024-06-07 22:00:00,Japan,Japan,JP,295.61,361.46,46.06,32.35,,true,ESTIMATED_MODE_BREAKDOWN
2024-06-07 23:00:00,Japan,Japan,JP,259.87,323.31,52.58,40.02,,true,ESTIMATED_MODE_BREAKDOWN
2024-06-08 00:00:00,Japan,Japan,JP,242.17,305.51,55.78,44.14,,true,ESTIMATED_MODE_BREAKDOWN
2024-06-08 01:00:00,Japan,Japan,JP,227.69,290.01,58.42,47.02,,true,ESTIMATED_MODE_BREAKDOWN
2024-06-08 02:00:00,Japan,Japan,JP,222.02,282.59,59.48,48.15,,true,ESTIMATED_MODE_BREAKDOWN
2024-06-08 03:00:00,Japan,Japan,JP,223.39,282.86,59.26,47.55,,true,ESTIMATED_MODE_BREAKDOWN
2024-06-08 04:00:00,Japan,Japan,JP,246.38,308.02,55.06,43.52,,true,ESTIMATED_MODE_BREAKDOWN
2024-06-08 05:00:00,Japan,Japan,JP,277.46,342.09,49.38,37.9,,true,ESTIMATED_MODE_BREAKDOWN
2024-06-08 06:00:00,Japan,Japan,JP,319.39,387.82,41.73,30.27,,true,ESTIMATED_MODE_BREAKDOWN
2024-06-08 07:00:00,Japan,Japan,JP,363.96,437.0,33.59,22.23,,true,ESTIMATED_MODE_BREAKDOWN
2024-06-08 08:00:00,Japan,Japan,JP,397.51,473.36,27.47,16.1,,true,ESTIMATED_MODE_BREAKDOWN
2024-06-08 09:00:00,Japan,Japan,JP,418.01,495.84,23.72,12.32,,true,ESTIMATED_MODE_BREAKDOWN
2024-06-08 10:00:00,Japan,Japan,JP,422.51,501.77,22.88,11.28,,true,ESTIMATED_MODE_BREAKDOWN
2024-06-08 11:00:00,Japan,Japan,JP,420.25,498.85,23.3,11.22,,true,ESTIMATED_MODE_BREAKDOWN
2024-06-08 12:00:00,Japan,Japan,JP,417.97,495.6,23.73,11.15,,true,ESTIMATED_MODE_BREAKDOWN
2024-06-08 13:00:00,Japan,Japan,JP,415.29,492.08,24.22,11.01,,true,ESTIMATED_MODE_BREAKDOWN
2024-06-08 14:00:00,Japan,Japan,JP,413.14,489.33,24.62,11.02,,true,ESTIMATED_MODE_BREAKDOWN
2024-06-08 15:00:00,Japan,Japan,JP,406.37,481.67,25.86,11.21,,true,ESTIMATED_MODE_BREAKDOWN
2024-06-08 16:00:00,Japan,Japan,JP,402.41,477.12,26.58,11.27,,true,ESTIMATED_MODE_BREAKDOWN
2024-06-08 17:00:00,Japan,Japan,JP,402.59,477.0,26.55,11.36,,true,ESTIMATED_MODE_BREAKDOWN
2024-06-08 18:00:00,Japan,Japan,JP,404.5,478.91,26.22,11.55,,true,ESTIMATED_MODE_BREAKDOWN
2024-06-08 19:00:00,Japan,Japan,JP,403.57,477.62,26.39,12.0,,true,ESTIMATED_MODE_BREAKDOWN
2024-06-08 20:00:00,Japan,Japan,JP,400.09,474.13,27.02,12.8,,true,ESTIMATED_MODE_BREAKDOWN
2024-06-08 21:00:00,Japan,Japan,JP,385.53,459.08,29.66,15.35,,true,ESTIMATED_MODE_BREAKDOWN
2024-06-08 22:00:00,Japan,Japan,JP,356.63,427.4,34.94,21.02,,true,ESTIMATED_MODE_BREAKDOWN
2024-06-08 23:00:00,Japan,Japan,JP,327.68,395.23,40.24,27.16,,true,ESTIMATED_MODE_BREAKDOWN
2024-06-09 00:00:00,Japan,Japan,JP,303.24,368.93,44.7,32.33,,true,ESTIMATED_MODE_BREAKDOWN
2024-06-09 01:00:00,Japan,Japan,JP,285.88,350.08,47.87,35.68,,true,ESTIMATED_MODE_BREAKDOWN
2024-06-09 02:00:00,Japan,Japan,JP,278.82,342.69,49.15,37.05,,true,ESTIMATED_MODE_BREAKDOWN
2024-06-09 03:00:00,Japan,Japan,JP,281.1,344.86,48.74,36.45,,true,ESTIMATED_MODE_BREAKDOWN
2024-06-09 04:00:00,Japan,Japan,JP,298.53,364.44,45.55,33.33,,true,ESTIMATED_MODE_BREAKDOWN
2024-06-09 05:00:00,Japan,Japan,JP,330.58,399.64,39.69,27.55,,true,ESTIMATED_MODE_BREAKDOWN
2024-06-09 06:00:00,Japan,Japan,JP,362.2,435.51,33.89,21.84,,true,ESTIMATED_MODE_BREAKDOWN
2024-06-09 07:00:00,Japan,Japan,JP,392.02,468.11,28.45,16.65,,true,ESTIMATED_MODE_BREAKDOWN
2024-06-09 08:00:00,Japan,Japan,JP,410.54,487.46,25.09,13.49,,true,ESTIMATED_MODE_BREAKDOWN
2024-06-09 09:00:00,Japan,Japan,JP,419.21,496.92,23.51,11.93,,true,ESTIMATED_MODE_BREAKDOWN
2024-06-09 10:00:00,Japan,Japan,JP,421.99,500.31,22.99,11.13,,true,ESTIMATED_MODE_BREAKDOWN
2024-06-09 11:00:00,Japan,Japan,JP,419.82,497.63,23.39,11.08,,true,ESTIMATED_MODE_BREAKDOWN
2024-06-09 12:00:00,Japan,Japan,JP,417.5,494.8,23.82,11.0,,true,ESTIMATED_MODE_BREAKDOWN
2024-06-09 13:00:00,Japan,Japan,JP,414.36,491.11,24.39,10.98,,true,ESTIMATED_MODE_BREAKDOWN
2024-06-09 14:00:00,Japan,Japan,JP,412.34,488.77,24.76,10.98,,true,ESTIMATED_MODE_BREAKDOWN
2024-06-09 15:00:00,Japan,Japan,JP,406.46,482.21,25.83,11.05,,true,ESTIMATED_MODE_BREAKDOWN
2024-06-09 16:00:00,Japan,Japan,JP,402.68,477.87,26.52,10.99,,true,ESTIMATED_MODE_BREAKDOWN
2024-06-09 17:00:00,Japan,Japan,JP,403.32,478.52,26.41,11.09,,true,ESTIMATED_MODE_BREAKDOWN
2024-06-09 18:00:00,Japan,Japan,JP,405.96,481.31,25.93,11.17,,true,ESTIMATED_MODE_BREAKDOWN
2024-06-09 19:00:00,Japan,Japan,JP,406.31,481.36,25.88,11.64,,true,ESTIMATED_MODE_BREAKDOWN
2024-06-09 20:00:00,Japan,Japan,JP,401.33,476.06,26.79,12.82,,true,ESTIMATED_MODE_BREAKDOWN
2024-06-09 21:00:00,Japan,Japan,JP,376.62,450.58,31.27,17.7,,true,ESTIMATED_MODE_BREAKDOWN
2024-06-09 22:00:00,Japan,Japan,JP,338.18,409.6,38.27,25.54,,true,ESTIMATED_MODE_BREAKDOWN
2024-06-09 23:00:00,Japan,Japan,JP,305.86,375.53,44.15,32.97,,true,ESTIMATED_MODE_BREAKDOWN
2024-06-10 00:00:00,Japan,Japan,JP,281.22,349.99,48.63,38.44,,true,ESTIMATED_MODE_BREAKDOWN
2024-06-10 01:00:00,Japan,Japan,JP,260.56,327.75,52.39,42.5,,true,ESTIMATED_MODE_BREAKDOWN
2024-06-10 02:00:00,Japan,Japan,JP,253.82,320.0,53.63,43.76,,true,ESTIMATED_MODE_BREAKDOWN
2024-06-10 03:00:00,Japan,Japan,JP,242.82,308.1,55.63,45.42,,true,ESTIMATED_MODE_BREAKDOWN
2024-06-10 04:00:00,Japan,Japan,JP,261.37,327.61,52.27,42.47,,true,ESTIMATED_MODE_BREAKDOWN
2024-06-10 05:00:00,Japan,Japan,JP,282.89,350.29,48.35,38.64,,true,ESTIMATED_MODE_BREAKDOWN
2024-06-10 06:00:00,Japan,Japan,JP,316.61,388.43,42.17,32.36,,true,ESTIMATED_MODE_BREAKDOWN
2024-06-10 07:00:00,Japan,Japan,JP,354.4,429.29,35.28,25.45,,true,ESTIMATED_MODE_BREAKDOWN
2024-06-10 08:00:00,Japan,Japan,JP,390.79,468.36,28.65,18.64,,true,ESTIMATED_MODE_BREAKDOWN
2024-06-10 09:00:00,Japan,Japan,JP,418.7,498.07,23.58,13.24,,true,ESTIMATED_MODE_BREAKDOWN
2024-06-10 10:00:00,Japan,Japan,JP,427.26,507.22,22.02,11.35,,true,ESTIMATED_MODE_BREAKDOWN
2024-06-10 11:00:00,Japan,Japan,JP,425.51,505.27,22.33,11.19,,true,ESTIMATED_MODE_BREAKDOWN
2024-06-10 12:00:00,Japan,Japan,JP,422.54,502.08,22.87,11.14,,true,ESTIMATED_MODE_BREAKDOWN
2024-06-10 13:00:00,Japan,Japan,JP,419.63,498.19,23.41,11.11,,true,ESTIMATED_MODE_BREAKDOWN
2024-06-10 14:00:00,Japan,Japan,JP,417.97,495.71,23.73,11.07,,true,ESTIMATED_MODE_BREAKDOWN
2024-06-10 15:00:00,Japan,Japan,JP,411.79,488.26,24.86,11.1,,true,ESTIMATED_MODE_BREAKDOWN
2024-06-10 16:00:00,Japan,Japan,JP,407.76,483.56,25.6,11.05,,true,ESTIMATED_MODE_BREAKDOWN
2024-06-10 17:00:00,Japan,Japan,JP,407.38,483.34,25.67,11.13,,true,ESTIMATED_MODE_BREAKDOWN
2024-06-10 18:00:00,Japan,Japan,JP,409.15,485.56,25.34,11.29,,true,ESTIMATED_MODE_BREAKDOWN
2024-06-10 19:00:00,Japan,Japan,JP,409.03,485.59,25.37,11.79,,true,ESTIMATED_MODE_BREAKDOWN
2024-06-10 20:00:00,Japan,Japan,JP,399.56,474.52,27.11,13.62,,true,ESTIMATED_MODE_BREAKDOWN
2024-06-10 21:00:00,Japan,Japan,JP,365.37,437.45,33.35,20.37,,true,ESTIMATED_MODE_BREAKDOWN
2024-06-10 22:00:00,Japan,Japan,JP,317.2,385.85,42.12,29.96,,true,ESTIMATED_MODE_BREAKDOWN
2024-06-10 23:00:00,Japan,Japan,JP,279.17,345.97,49.03,38.24,,true,ESTIMATED_MODE_BREAKDOWN
2024-06-11 00:00:00,Japan,Japan,JP,252.89,317.87,53.82,43.95,,true,ESTIMATED_MODE_BREAKDOWN
2024-06-11 01:00:00,Japan,Japan,JP,232.04,295.62,57.62,48.13,,true,ESTIMATED_MODE_BREAKDOWN
2024-06-11 02:00:00,Japan,Japan,JP,225.08,287.79,58.9,49.58,,true,ESTIMATED_MODE_BREAKDOWN
2024-06-11 03:00:00,Japan,Japan,JP,223.2,285.96,59.23,49.55,,true,ESTIMATED_MODE_BREAKDOWN
2024-06-11 04:00:00,Japan,Japan,JP,248.23,313.46,54.66,45.3,,true,ESTIMATED_MODE_BREAKDOWN
2024-06-11 05:00:00,Japan,Japan,JP,277.11,344.31,49.4,40.06,,true,ESTIMATED_MODE_BREAKDOWN
2024-06-11 06:00:00,Japan,Japan,JP,313.05,383.25,42.85,33.36,,true,ESTIMATED_MODE_BREAKDOWN
2024-06-11 07:00:00,Japan,Japan,JP,355.8,430.32,35.04,25.58,,true,ESTIMATED_MODE_BREAKDOWN
2024-06-11 08:00:00,Japan,Japan,JP,395.37,473.36,27.82,18.06,,true,ESTIMATED_MODE_BREAKDOWN
2024-06-11 09:00:00,Japan,Japan,JP,420.53,500.65,23.23,13.18,,true,ESTIMATED_MODE_BREAKDOWN
2024-06-11 10:00:00,Japan,Japan,JP,428.0,508.43,21.87,11.57,,true,ESTIMATED_MODE_BREAKDOWN
2024-06-11 11:00:00,Japan,Japan,JP,426.11,506.12,22.22,11.42,,true,ESTIMATED_MODE_BREAKDOWN
2024-06-11 12:00:00,Japan,Japan,JP,423.19,502.67,22.75,11.29,,true,ESTIMATED_MODE_BREAKDOWN
2024-06-11 13:00:00,Japan,Japan,JP,420.64,499.86,23.22,11.21,,true,ESTIMATED_MODE_BREAKDOWN
2024-06-11 14:00:00,Japan,Japan,JP,418.56,497.03,23.6,11.2,,true,ESTIMATED_MODE_BREAKDOWN
2024-06-11 15:00:00,Japan,Japan,JP,412.61,489.14,24.72,11.22,,true,ESTIMATED_MODE_BREAKDOWN
2024-06-11 16:00:00,Japan,Japan,JP,409.07,485.24,25.36,11.19,,true,ESTIMATED_MODE_BREAKDOWN
2024-06-11 17:00:00,Japan,Japan,JP,409.06,485.1,25.36,11.21,,true,ESTIMATED_MODE_BREAKDOWN
2024-06-11 18:00:00,Japan,Japan,JP,410.67,486.47,25.08,11.3,,true,ESTIMATED_MODE_BREAKDOWN
2024-06-11 19:00:00,Japan,Japan,JP,409.92,485.42,25.23,11.77,,true,ESTIMATED_MODE_BREAKDOWN
2024-06-11 20:00:00,Japan,Japan,JP,400.74,474.73,26.92,13.56,,true,ESTIMATED_MODE_BREAKDOWN
2024-06-11 21:00:00,Japan,Japan,JP,365.99,437.72,33.24,20.29,,true,ESTIMATED_MODE_BREAKDOWN
2024-06-11 22:00:00,Japan,Japan,JP,320.94,389.4,41.45,29.4,,true,ESTIMATED_MODE_BREAKDOWN
2024-06-11 23:00:00,Japan,Japan,JP,282.95,349.06,48.37,37.69,,true,ESTIMATED_MODE_BREAKDOWN
2024-06-12 00:00:00,Japan,Japan,JP,255.98,320.28,53.28,43.61,,true,ESTIMATED_MODE_BREAKDOWN
2024-06-12 01:00:00,Japan,Japan,JP,232.92,295.58,57.48,48.13,,true,ESTIMATED_MODE_BREAKDOWN
2024-06-12 02:00:00,Japan,Japan,JP,225.58,287.92,58.82,49.62,,true,ESTIMATED_MODE_BREAKDOWN
2024-06-12 03:00:00,Japan,Japan,JP,223.69,286.23,59.15,49.66,,true,ESTIMATED_MODE_BREAKDOWN
2024-06-12 04:00:00,Japan,Japan,JP,246.64,311.63,54.96,45.8,,true,ESTIMATED_MODE_BREAKDOWN
2024-06-12 05:00:00,Japan,Japan,JP,276.45,344.43,49.51,40.38,,true,ESTIMATED_MODE_BREAKDOWN
2024-06-12 06:00:00,Japan,Japan,JP,317.44,389.69,42.01,32.82,,true,ESTIMATED_MODE_BREAKDOWN
2024-06-12 07:00:00,Japan,Japan,JP,361.21,436.74,34.04,24.82,,true,ESTIMATED_MODE_BREAKDOWN
2024-06-12 08:00:00,Japan,Japan,JP,398.35,476.59,27.28,17.67,,true,ESTIMATED_MODE_BREAKDOWN
2024-06-12 09:00:00,Japan,Japan,JP,422.23,501.91,22.93,13.04,,true,ESTIMATED_MODE_BREAKDOWN
2024-06-12 10:00:00,Japan,Japan,JP,428.47,508.48,21.8,11.58,,true,ESTIMATED_MODE_BREAKDOWN
2024-06-12 11:00:00,Japan,Japan,JP,426.61,506.42,22.14,11.45,,true,ESTIMATED_MODE_BREAKDOWN
2024-06-12 12:00:00,Japan,Japan,JP,423.95,503.45,22.62,11.29,,true,ESTIMATED_MODE_BREAKDOWN
2024-06-12 13:00:00,Japan,Japan,JP,421.57,500.62,23.05,11.2,,true,ESTIMATED_MODE_BREAKDOWN
2024-06-12 14:00:00,Japan,Japan,JP,419.75,497.57,23.41,11.13,,true,ESTIMATED_MODE_BREAKDOWN
2024-06-12 15:00:00,Japan,Japan,JP,413.32,489.72,24.59,11.08,,true,ESTIMATED_MODE_BREAKDOWN
2024-06-12 16:00:00,Japan,Japan,JP,410.09,486.3,25.17,11.03,,true,ESTIMATED_MODE_BREAKDOWN
2024-06-12 17:00:00,Japan,Japan,JP,409.83,486.04,25.22,11.08,,true,ESTIMATED_MODE_BREAKDOWN
2024-06-12 18:00:00,Japan,Japan,JP,411.63,488.03,24.9,11.14,,true,ESTIMATED_MODE_BREAKDOWN
2024-06-12 19:00:00,Japan,Japan,JP,410.89,486.83,25.04,11.59,,true,ESTIMATED_MODE_BREAKDOWN
2024-06-12 20:00:00,Japan,Japan,JP,403.71,478.69,26.36,13.01,,true,ESTIMATED_MODE_BREAKDOWN
2024-06-12 21:00:00,Japan,Japan,JP,376.38,449.49,31.34,18.4,,true,ESTIMATED_MODE_BREAKDOWN
2024-06-12 22:00:00,Japan,Japan,JP,334.23,404.61,39.01,26.94,,true,ESTIMATED_MODE_BREAKDOWN
2024-06-12 23:00:00,Japan,Japan,JP,300.97,369.51,45.06,34.49,,true,ESTIMATED_MODE_BREAKDOWN
2024-06-13 00:00:00,Japan,Japan,JP,275.46,342.18,49.71,40.07,,true,ESTIMATED_MODE_BREAKDOWN
2024-06-13 01:00:00,Japan,Japan,JP,260.11,325.88,52.5,43.0,,true,ESTIMATED_MODE_BREAKDOWN
2024-06-13 02:00:00,Japan,Japan,JP,246.16,310.41,55.06,45.65,,true,ESTIMATED_MODE_BREAKDOWN
2024-06-13 03:00:00,Japan,Japan,JP,240.19,304.16,56.14,46.47,,true,ESTIMATED_MODE_BREAKDOWN
2024-06-13 04:00:00,Japan,Japan,JP,255.08,320.54,53.42,44.18,,true,ESTIMATED_MODE_BREAKDOWN
2024-06-13 05:00:00,Japan,Japan,JP,277.86,345.6,49.26,40.22,,true,ESTIMATED_MODE_BREAKDOWN
2024-06-13 06:00:00,Japan,Japan,JP,311.9,383.0,43.04,34.0,,true,ESTIMATED_MODE_BREAKDOWN
2024-06-13 07:00:00,Japan,Japan,JP,353.71,427.91,35.43,26.31,,true,ESTIMATED_MODE_BREAKDOWN
2024-06-13 08:00:00,Japan,Japan,JP,392.16,469.21,28.42,18.94,,true,ESTIMATED_MODE_BREAKDOWN
2024-06-13 09:00:00,Japan,Japan,JP,420.69,499.76,23.23,13.48,,true,ESTIMATED_MODE_BREAKDOWN
2024-06-13 10:00:00,Japan,Japan,JP,429.48,509.09,21.63,11.5,,true,ESTIMATED_MODE_BREAKDOWN
2024-06-13 11:00:00,Japan,Japan,JP,427.95,507.61,21.9,11.42,,true,ESTIMATED_MODE_BREAKDOWN
2024-06-13 12:00:00,Japan,Japan,JP,424.94,504.15,22.45,11.33,,true,ESTIMATED_MODE_BREAKDOWN
2024-06-13 13:00:00,Japan,Japan,JP,421.86,500.61,23.01,11.25,,true,ESTIMATED_MODE_BREAKDOWN
2024-06-13 14:00:00,Japan,Japan,JP,420.25,497.5,23.33,11.12,,true,ESTIMATED_MODE_BREAKDOWN
2024-06-13 15:00:00,Japan,Japan,JP,414.25,490.52,24.43,11.14,,true,ESTIMATED_MODE_BREAKDOWN
2024-06-13 16:00:00,Japan,Japan,JP,410.37,486.33,25.13,11.12,,true,ESTIMATED_MODE_BREAKDOWN
2024-06-13 17:00:00,Japan,Japan,JP,410.12,486.47,25.17,11.26,,true,ESTIMATED_MODE_BREAKDOWN
2024-06-13 18:00:00,Japan,Japan,JP,412.46,489.22,24.74,11.38,,true,ESTIMATED_MODE_BREAKDOWN
2024-06-13 19:00:00,Japan,Japan,JP,412.35,488.53,24.78,11.78,,true,ESTIMATED_MODE_BREAKDOWN
2024-06-13 20:00:00,Japan,Japan,JP,404.19,479.58,26.27,13.57,,true,ESTIMATED_MODE_BREAKDOWN
2024-06-13 21:00:00,Japan,Japan,JP,366.95,440.15,33.05,21.03,,true,ESTIMATED_MODE_BREAKDOWN
2024-06-13 22:00:00,Japan,Japan,JP,316.76,387.24,42.17,31.25,,true,ESTIMATED_MODE_BREAKDOWN
2024-06-13 23:00:00,Japan,Japan,JP,282.13,349.98,48.49,38.97,,true,ESTIMATED_MODE_BREAKDOWN
2024-06-14 00:00:00,Japan,Japan,JP,259.87,326.84,52.53,43.95,,true,ESTIMATED_MODE_BREAKDOWN
2024-06-14 01:00:00,Japan,Japan,JP,241.99,307.45,55.79,47.5,,true,ESTIMATED_MODE_BREAKDOWN
2024-06-14 02:00:00,Japan,Japan,JP,228.78,292.85,58.21,49.89,,true,ESTIMATED_MODE_BREAKDOWN
2024-06-14 03:00:00,Japan,Japan,JP,227.51,291.54,58.44,50.03,,true,ESTIMATED_MODE_BREAKDOWN
2024-06-14 04:00:00,Japan,Japan,JP,250.5,316.51,54.25,46.2,,true,ESTIMATED_MODE_BREAKDOWN
2024-06-14 05:00:00,Japan,Japan,JP,277.51,345.78,49.32,41.33,,true,ESTIMATED_MODE_BREAKDOWN
2024-06-14 06:00:00,Japan,Japan,JP,317.61,388.78,42.02,33.99,,true,ESTIMATED_MODE_BREAKDOWN
2024-06-14 07:00:00,Japan,Japan,JP,361.88,437.42,33.93,25.88,,true,ESTIMATED_MODE_BREAKDOWN
2024-06-14 08:00:00,Japan,Japan,JP,399.76,478.46,27.02,18.59,,true,ESTIMATED_MODE_BREAKDOWN
2024-06-14 09:00:00,Japan,Japan,JP,425.95,506.16,22.26,13.46,,true,ESTIMATED_MODE_BREAKDOWN
2024-06-14 10:00:00,Japan,Japan,JP,433.97,514.76,20.8,11.7,,true,ESTIMATED_MODE_BREAKDOWN
2024-06-14 11:00:00,Japan,Japan,JP,432.24,512.7,21.12,11.6,,true,ESTIMATED_MODE_BREAKDOWN
2024-06-14 12:00:00,Japan,Japan,JP,429.8,510.2,21.55,11.49,,true,ESTIMATED_MODE_BREAKDOWN
2024-06-14 13:00:00,Japan,Japan,JP,427.12,507.15,22.04,11.46,,true,ESTIMATED_MODE_BREAKDOWN
2024-06-14 14:00:00,Japan,Japan,JP,425.18,504.25,22.41,11.35,,true,ESTIMATED_MODE_BREAKDOWN
2024-06-14 15:00:00,Japan,Japan,JP,419.14,495.91,23.54,11.44,,true,ESTIMATED_MODE_BREAKDOWN
2024-06-14 16:00:00,Japan,Japan,JP,415.86,491.5,24.16,11.37,,true,ESTIMATED_MODE_BREAKDOWN
2024-06-14 17:00:00,Japan,Japan,JP,414.56,490.21,24.39,11.42,,true,ESTIMATED_MODE_BREAKDOWN
2024-06-14 18:00:00,Japan,Japan,JP,415.39,491.42,24.24,11.52,,true,ESTIMATED_MODE_BREAKDOWN
2024-06-14 19:00:00,Japan,Japan,JP,414.2,489.77,24.46,11.96,,true,ESTIMATED_MODE_BREAKDOWN
2024-06-14 20:00:00,Japan,Japan,JP,404.67,478.77,26.22,13.55,,true,ESTIMATED_MODE_BREAKDOWN
2024-06-14 21:00:00,Japan,Japan,JP,373.18,445.49,31.94,19.48,,true,ESTIMATED_MODE_BREAKDOWN
2024-06-14 22:00:00,Japan,Japan,JP,325.68,395.1,40.58,28.84,,true,ESTIMATED_MODE_BREAKDOWN
2024-06-14 23:00:00,Japan,Japan,JP,286.19,352.43,47.78,37.15,,true,ESTIMATED_MODE_BREAKDOWN
2024-06-15 00:00:00,Japan,Japan,JP,261.13,324.34,52.38,42.5,,true,ESTIMATED_MODE_BREAKDOWN
2024-06-15 01:00:00,Japan,Japan,JP,242.15,303.12,55.86,46.26,,true,ESTIMATED_MODE_BREAKDOWN
2024-06-15 02:00:00,Japan,Japan,JP,240.25,301.45,56.2,46.72,,true,ESTIMATED_MODE_BREAKDOWN
2024-06-15 03:00:00,Japan,Japan,JP,246.44,308.13,55.07,45.42,,true,ESTIMATED_MODE_BREAKDOWN
2024-06-15 04:00:00,Japan,Japan,JP,270.57,334.75,50.65,41.08,,true,ESTIMATED_MODE_BREAKDOWN
2024-06-15 05:00:00,Japan,Japan,JP,298.15,365.64,45.6,36.02,,true,ESTIMATED_MODE_BREAKDOWN
2024-06-15 06:00:00,Japan,Japan,JP,336.88,407.85,38.54,28.97,,true,ESTIMATED_MODE_BREAKDOWN
2024-06-15 07:00:00,Japan,Japan,JP,377.12,451.51,31.19,21.57,,true,ESTIMATED_MODE_BREAKDOWN
2024-06-15 08:00:00,Japan,Japan,JP,406.59,483.95,25.81,16.15,,true,ESTIMATED_MODE_BREAKDOWN
2024-06-15 09:00:00,Japan,Japan,JP,424.4,503.26,22.56,12.83,,true,ESTIMATED_MODE_BREAKDOWN
2024-06-15 10:00:00,Japan,Japan,JP,431.19,510.26,21.34,11.42,,true,ESTIMATED_MODE_BREAKDOWN
2024-06-15 11:00:00,Japan,Japan,JP,429.38,508.02,21.67,11.36,,true,ESTIMATED_MODE_BREAKDOWN
2024-06-15 12:00:00,Japan,Japan,JP,426.67,505.02,22.16,11.3,,true,ESTIMATED_MODE_BREAKDOWN
2024-06-15 13:00:00,Japan,Japan,JP,423.54,501.49,22.73,11.32,,true,ESTIMATED_MODE_BREAKDOWN
2024-06-15 14:00:00,Japan,Japan,JP,421.46,498.71,23.12,11.24,,true,ESTIMATED_MODE_BREAKDOWN
2024-06-15 15:00:00,Japan,Japan,JP,415.38,491.0,24.24,11.3,,true,ESTIMATED_MODE_BREAKDOWN
2024-06-15 16:00:00,Japan,Japan,JP,411.37,485.92,24.99,11.28,,true,ESTIMATED_MODE_BREAKDOWN
2024-06-15 17:00:00,Japan,Japan,JP,411.11,485.6,25.03,11.3,,true,ESTIMATED_MODE_BREAKDOWN
2024-06-15 18:00:00,Japan,Japan,JP,412.65,487.18,24.76,11.41,,true,ESTIMATED_MODE_BREAKDOWN
2024-06-15 19:00:00,Japan,Japan,JP,411.81,486.05,24.92,11.86,,true,ESTIMATED_MODE_BREAKDOWN
2024-06-15 20:00:00,Japan,Japan,JP,404.77,478.7,26.2,13.22,,true,ESTIMATED_MODE_BREAKDOWN
2024-06-15 21:00:00,Japan,Japan,JP,372.94,445.46,31.97,19.13,,true,ESTIMATED_MODE_BREAKDOWN
2024-06-15 22:00:00,Japan,Japan,JP,321.23,391.05,41.37,29.2,,true,ESTIMATED_MODE_BREAKDOWN
2024-06-15 23:00:00,Japan,Japan,JP,277.39,343.65,49.36,38.14,,true,ESTIMATED_MODE_BREAKDOWN
2024-06-16 00:00:00,Japan,Japan,JP,248.25,312.96,54.66,44.24,,true,ESTIMATED_MODE_BREAKDOWN
2024-06-16 01:00:00,Japan,Japan,JP,221.55,284.19,59.53,49.45,,true,ESTIMATED_MODE_BREAKDOWN
2024-06-16 02:00:00,Japan,Japan,JP,209.06,270.59,61.81,51.94,,true,ESTIMATED_MODE_BREAKDOWN
2024-06-16 03:00:00,Japan,Japan,JP,207.26,268.39,62.14,52.26,,true,ESTIMATED_MODE_BREAKDOWN
2024-06-16 04:00:00,Japan,Japan,JP,228.37,291.36,58.29,48.46,,true,ESTIMATED_MODE_BREAKDOWN
2024-06-16 05:00:00,Japan,Japan,JP,260.22,326.69,52.47,42.7,,true,ESTIMATED_MODE_BREAKDOWN
2024-06-16 06:00:00,Japan,Japan,JP,306.1,376.31,44.1,34.33,,true,ESTIMATED_MODE_BREAKDOWN
2024-06-16 07:00:00,Japan,Japan,JP,360.51,434.87,34.19,24.4,,true,ESTIMATED_MODE_BREAKDOWN
2024-06-16 08:00:00,Japan,Japan,JP,400.7,477.48,26.88,17.17,,true,ESTIMATED_MODE_BREAKDOWN
2024-06-16 09:00:00,Japan,Japan,JP,422.6,500.62,22.91,13.17,,true,ESTIMATED_MODE_BREAKDOWN
2024-06-16 10:00:00,Japan,Japan,JP,430.45,508.84,21.48,11.58,,true,ESTIMATED_MODE_BREAKDOWN
2024-06-16 11:00:00,Japan,Japan,JP,428.77,507.33,21.78,11.53,,true,ESTIMATED_MODE_BREAKDOWN
2024-06-16 12:00:00,Japan,Japan,JP,426.04,504.5,22.27,11.47,,true,ESTIMATED_MODE_BREAKDOWN
2024-06-16 13:00:00,Japan,Japan,JP,423.07,500.6,22.82,11.41,,true,ESTIMATED_MODE_BREAKDOWN
2024-06-16 14:00:00,Japan,Japan,JP,421.16,497.72,23.19,11.34,,true,ESTIMATED_MODE_BREAKDOWN
2024-06-16 15:00:00,Japan,Japan,JP,414.95,490.59,24.32,11.46,,true,ESTIMATED_MODE_BREAKDOWN
2024-06-16 16:00:00,Japan,Japan,JP,410.86,486.02,25.06,11.48,,true,ESTIMATED_MODE_BREAKDOWN
2024-06-16 17:00:00,Japan,Japan,JP,410.26,485.51,25.17,11.53,,true,ESTIMATED_MODE_BREAKDOWN
2024-06-16 18:00:00,Japan,Japan,JP,412.17,487.67,24.82,11.62,,true,ESTIMATED_MODE_BREAKDOWN
2024-06-16 19:00:00,Japan,Japan,JP,411.5,487.12,24.94,12.16,,true,ESTIMATED_MODE_BREAKDOWN
2024-06-16 20:00:00,Japan,Japan,JP,402.32,476.86,26.63,14.03,,true,ESTIMATED_MODE_BREAKDOWN
2024-06-16 21:00:00,Japan,Japan,JP,371.51,444.09,32.23,20.24,,true,ESTIMATED_MODE_BREAKDOWN
2024-06-16 22:00:00,Japan,Japan,JP,332.89,402.89,39.27,28.36,,true,ESTIMATED_MODE_BREAKDOWN
2024-06-16 23:00:00,Japan,Japan,JP,314.25,382.94,42.67,33.18,,true,ESTIMATED_MODE_BREAKDOWN
2024-06-17 00:00:00,Japan,Japan,JP,309.54,378.16,43.53,34.82,,true,ESTIMATED_MODE_BREAKDOWN
2024-06-17 01:00:00,Japan,Japan,JP,302.25,369.94,44.87,36.3,,true,ESTIMATED_MODE_BREAKDOWN
2024-06-17 02:00:00,Japan,Japan,JP,303.81,371.78,44.58,36.16,,true,ESTIMATED_MODE_BREAKDOWN
2024-06-17 03:00:00,Japan,Japan,JP,303.87,372.91,44.54,35.83,,true,ESTIMATED_MODE_BREAKDOWN
2024-06-17 04:00:00,Japan,Japan,JP,323.17,394.8,41.0,32.51,,true,ESTIMATED_MODE_BREAKDOWN
2024-06-17 05:00:00,Japan,Japan,JP,345.61,418.95,36.91,28.42,,true,ESTIMATED_MODE_BREAKDOWN
2024-06-17 06:00:00,Japan,Japan,JP,373.21,448.53,31.89,23.29,,true,ESTIMATED_MODE_BREAKDOWN
2024-06-17 07:00:00,Japan,Japan,JP,403.73,481.01,26.34,17.64,,true,ESTIMATED_MODE_BREAKDOWN
2024-06-17 08:00:00,Japan,Japan,JP,422.17,500.92,22.97,14.01,,true,ESTIMATED_MODE_BREAKDOWN
2024-06-17 09:00:00,Japan,Japan,JP,430.41,510.22,21.46,12.42,,true,ESTIMATED_MODE_BREAKDOWN
2024-06-17 10:00:00,Japan,Japan,JP,431.61,511.68,21.24,11.93,,true,ESTIMATED_MODE_BREAKDOWN
2024-06-17 11:00:00,Japan,Japan,JP,429.5,509.58,21.62,11.89,,true,ESTIMATED_MODE_BREAKDOWN
2024-06-17 12:00:00,Japan,Japan,JP,426.84,506.45,22.1,11.84,,true,ESTIMATED_MODE_BREAKDOWN
2024-06-17 13:00:00,Japan,Japan,JP,424.16,502.7,22.6,11.8,,true,ESTIMATED_MODE_BREAKDOWN
2024-06-17 14:00:00,Japan,Japan,JP,422.45,500.3,22.93,11.81,,true,ESTIMATED_MODE_BREAKDOWN
2024-06-17 15:00:00,Japan,Japan,JP,416.91,494.07,23.94,11.98,,true,ESTIMATED_MODE_BREAKDOWN
2024-06-17 16:00:00,Japan,Japan,JP,413.27,489.86,24.6,11.99,,true,ESTIMATED_MODE_BREAKDOWN
2024-06-17 17:00:00,Japan,Japan,JP,412.93,489.54,24.66,12.03,,true,ESTIMATED_MODE_BREAKDOWN
2024-06-17 18:00:00,Japan,Japan,JP,413.54,490.11,24.56,12.16,,true,ESTIMATED_MODE_BREAKDOWN
2024-06-17 19:00:00,Japan,Japan,JP,413.51,489.85,24.57,12.52,,true,ESTIMATED_MODE_BREAKDOWN
2024-06-17 20:00:00,Japan,Japan,JP,410.25,485.78,25.18,13.34,,true,ESTIMATED_MODE_BREAKDOWN
2024-06-17 21:00:00,Japan,Japan,JP,399.0,473.5,27.23,15.61,,true,ESTIMATED_MODE_BREAKDOWN
2024-06-17 22:00:00,Japan,Japan,JP,380.38,453.72,30.62,19.76,,true,ESTIMATED_MODE_BREAKDOWN
2024-06-17 23:00:00,Japan,Japan,JP,362.29,434.58,33.92,24.34,,true,ESTIMATED_MODE_BREAKDOWN
2024-06-18 00:00:00,Japan,Japan,JP,341.81,413.15,37.64,28.71,,true,ESTIMATED_MODE_BREAKDOWN
2024-06-18 01:00:00,Japan,Japan,JP,318.97,389.45,41.78,32.99,,true,ESTIMATED_MODE_BREAKDOWN
2024-06-18 02:00:00,Japan,Japan,JP,303.71,372.41,44.57,35.77,,true,ESTIMATED_MODE_BREAKDOWN
2024-06-18 03:00:00,Japan,Japan,JP,291.27,358.46,46.85,37.63,,true,ESTIMATED_MODE_BREAKDOWN
2024-06-18 04:00:00,Japan,Japan,JP,298.62,367.07,45.5,36.6,,true,ESTIMATED_MODE_BREAKDOWN
2024-06-18 05:00:00,Japan,Japan,JP,303.79,373.63,44.53,35.77,,true,ESTIMATED_MODE_BREAKDOWN
2024-06-18 06:00:00,Japan,Japan,JP,323.82,396.3,40.86,32.02,,true,ESTIMATED_MODE_BREAKDOWN
2024-06-18 07:00:00,Japan,Japan,JP,360.57,436.49,34.15,25.35,,true,ESTIMATED_MODE_BREAKDOWN
2024-06-18 08:00:00,Japan,Japan,JP,394.17,472.46,28.04,19.07,,true,ESTIMATED_MODE_BREAKDOWN
2024-06-18 09:00:00,Japan,Japan,JP,422.41,502.52,22.9,13.78,,true,ESTIMATED_MODE_BREAKDOWN
2024-06-18 10:00:00,Japan,Japan,JP,432.44,513.04,21.08,11.59,,true,ESTIMATED_MODE_BREAKDOWN
2024-06-18 11:00:00,Japan,Japan,JP,430.72,511.38,21.38,11.48,,true,ESTIMATED_MODE_BREAKDOWN
2024-06-18 12:00:00,Japan,Japan,JP,428.02,508.09,21.88,11.37,,true,ESTIMATED_MODE_BREAKDOWN
2024-06-18 13:00:00,Japan,Japan,JP,425.26,504.15,22.4,11.31,,true,ESTIMATED_MODE_BREAKDOWN
2024-06-18 14:00:00,Japan,Japan,JP,423.48,501.5,22.74,11.27,,true,ESTIMATED_MODE_BREAKDOWN
2024-06-18 15:00:00,Japan,Japan,JP,418.58,496.17,23.63,11.35,,true,ESTIMATED_MODE_BREAKDOWN
2024-06-18 16:00:00,Japan,Japan,JP,414.94,491.46,24.3,11.28,,true,ESTIMATED_MODE_BREAKDOWN
2024-06-18 17:00:00,Japan,Japan,JP,414.67,491.04,24.36,11.33,,true,ESTIMATED_MODE_BREAKDOWN
2024-06-18 18:00:00,Japan,Japan,JP,415.83,492.84,24.13,11.48,,true,ESTIMATED_MODE_BREAKDOWN
2024-06-18 19:00:00,Japan,Japan,JP,415.61,492.38,24.18,11.93,,true,ESTIMATED_MODE_BREAKDOWN
2024-06-18 20:00:00,Japan,Japan,JP,405.32,481.09,26.06,13.85,,true,ESTIMATED_MODE_BREAKDOWN
2024-06-18 21:00:00,Japan,Japan,JP,365.35,438.5,33.34,21.47,,true,ESTIMATED_MODE_BREAKDOWN
2024-06-18 22:00:00,Japan,Japan,JP,311.43,380.66,43.16,32.03,,true,ESTIMATED_MODE_BREAKDOWN
2024-06-18 23:00:00,Japan,Japan,JP,274.73,340.59,49.87,40.14,,true,ESTIMATED_MODE_BREAKDOWN
2024-06-19 00:00:00,Japan,Japan,JP,251.36,315.84,54.12,45.31,,true,ESTIMATED_MODE_BREAKDOWN
2024-06-19 01:00:00,Japan,Japan,JP,234.53,297.97,57.18,48.6,,true,ESTIMATED_MODE_BREAKDOWN
2024-06-19 02:00:00,Japan,Japan,JP,234.64,298.45,57.16,48.74,,true,ESTIMATED_MODE_BREAKDOWN
2024-06-19 03:00:00,Japan,Japan,JP,233.38,297.43,57.38,48.72,,true,ESTIMATED_MODE_BREAKDOWN
2024-06-19 04:00:00,Japan,Japan,JP,252.31,318.11,53.92,45.59,,true,ESTIMATED_MODE_BREAKDOWN
2024-06-19 05:00:00,Japan,Japan,JP,277.69,346.03,49.29,41.04,,true,ESTIMATED_MODE_BREAKDOWN
2024-06-19 06:00:00,Japan,Japan,JP,316.07,388.34,42.27,33.98,,true,ESTIMATED_MODE_BREAKDOWN
2024-06-19 07:00:00,Japan,Japan,JP,363.3,439.32,33.66,25.36,,true,ESTIMATED_MODE_BREAKDOWN
2024-06-19 08:00:00,Japan,Japan,JP,401.2,479.97,26.76,18.16,,true,ESTIMATED_MODE_BREAKDOWN
2024-06-19 09:00:00,Japan,Japan,JP,427.14,507.7,22.04,13.09,,true,ESTIMATED_MODE_BREAKDOWN
2024-06-19 10:00:00,Japan,Japan,JP,433.28,514.01,20.93,11.73,,true,ESTIMATED_MODE_BREAKDOWN
2024-06-19 11:00:00,Japan,Japan,JP,432.26,512.93,21.11,11.46,,true,ESTIMATED_MODE_BREAKDOWN
2024-06-19 12:00:00,Japan,Japan,JP,429.79,510.3,21.55,11.34,,true,ESTIMATED_MODE_BREAKDOWN
2024-06-19 13:00:00,Japan,Japan,JP,427.17,507.42,22.03,11.26,,true,ESTIMATED_MODE_BREAKDOWN
2024-06-19 14:00:00,Japan,Japan,JP,425.45,504.68,22.36,11.24,,true,ESTIMATED_MODE_BREAKDOWN
2024-06-19 15:00:00,Japan,Japan,JP,419.83,497.92,23.39,11.34,,true,ESTIMATED_MODE_BREAKDOWN
2024-06-19 16:00:00,Japan,Japan,JP,416.17,493.17,24.07,11.27,,true,ESTIMATED_MODE_BREAKDOWN
2024-06-19 17:00:00,Japan,Japan,JP,415.9,492.66,24.13,11.29,,true,ESTIMATED_MODE_BREAKDOWN
2024-06-19 18:00:00,Japan,Japan,JP,416.96,493.63,23.94,11.4,,true,ESTIMATED_MODE_BREAKDOWN
2024-06-19 19:00:00,Japan,Japan,JP,416.46,492.48,24.05,11.86,,true,ESTIMATED_MODE_BREAKDOWN
2024-06-19 20:00:00,Japan,Japan,JP,409.69,484.73,25.3,13.21,,true,ESTIMATED_MODE_BREAKDOWN
2024-06-19 21:00:00,Japan,Japan,JP,388.19,461.81,29.21,17.49,,true,ESTIMATED_MODE_BREAKDOWN
2024-06-19 22:00:00,Japan,Japan,JP,355.65,427.27,35.13,24.19,,true,ESTIMATED_MODE_BREAKDOWN
2024-06-19 23:00:00,Japan,Japan,JP,334.82,404.81,38.94,29.29,,true,ESTIMATED_MODE_BREAKDOWN
2024-06-20 00:00:00,Japan,Japan,JP,320.37,390.19,41.55,32.71,,true,ESTIMATED_MODE_BREAKDOWN
2024-06-20 01:00:00,Japan,Japan,JP,305.62,375.41,44.22,35.57,,true,ESTIMATED_MODE_BREAKDOWN
2024-06-20 02:00:00,Japan,Japan,JP,302.79,372.3,44.73,36.16,,true,ESTIMATED_MODE_BREAKDOWN
2024-06-20 03:00:00,Japan,Japan,JP,300.11,369.19,45.22,36.32,,true,ESTIMATED_MODE_BREAKDOWN
2024-06-20 04:00:00,Japan,Japan,JP,316.06,386.3,42.32,33.77,,true,ESTIMATED_MODE_BREAKDOWN
2024-06-20 05:00:00,Japan,Japan,JP,335.93,407.9,38.69,30.16,,true,ESTIMATED_MODE_BREAKDOWN
2024-06-20 06:00:00,Japan,Japan,JP,363.77,438.66,33.6,25.0,,true,ESTIMATED_MODE_BREAKDOWN
2024-06-20 07:00:00,Japan,Japan,JP,394.99,472.57,27.91,19.23,,true,ESTIMATED_MODE_BREAKDOWN
2024-06-20 08:00:00,Japan,Japan,JP,418.17,497.67,23.68,14.67,,true,ESTIMATED_MODE_BREAKDOWN
2024-06-20 09:00:00,Japan,Japan,JP,430.1,511.03,21.49,12.39,,true,ESTIMATED_MODE_BREAKDOWN
2024-06-20 10:00:00,Japan,Japan,JP,431.54,512.61,21.23,11.86,,true,ESTIMATED_MODE_BREAKDOWN
2024-06-20 11:00:00,Japan,Japan,JP,430.24,511.02,21.47,11.62,,true,ESTIMATED_MODE_BREAKDOWN
2024-06-20 12:00:00,Japan,Japan,JP,427.54,507.8,21.96,11.58,,true,ESTIMATED_MODE_BREAKDOWN
2024-06-20 13:00:00,Japan,Japan,JP,425.3,504.63,22.38,11.57,,true,ESTIMATED_MODE_BREAKDOWN
2024-06-20 14:00:00,Japan,Japan,JP,423.38,501.82,22.75,11.59,,true,ESTIMATED_MODE_BREAKDOWN
2024-06-20 15:00:00,Japan,Japan,JP,418.14,495.6,23.71,11.67,,true,ESTIMATED_MODE_BREAKDOWN
2024-06-20 16:00:00,Japan,Japan,JP,414.6,491.31,24.36,11.64,,true,ESTIMATED_MODE_BREAKDOWN
2024-06-20 17:00:00,Japan,Japan,JP,413.24,489.59,24.61,11.64,,true,ESTIMATED_MODE_BREAKDOWN
2024-06-20 18:00:00,Japan,Japan,JP,416.22,492.82,24.08,11.72,,true,ESTIMATED_MODE_BREAKDOWN
2024-06-20 19:00:00,Japan,Japan,JP,415.81,491.79,24.17,12.13,,true,ESTIMATED_MODE_BREAKDOWN
2024-06-20 20:00:00,Japan,Japan,JP,412.57,488.14,24.76,12.88,,true,ESTIMATED_MODE_BREAKDOWN
2024-06-20 21:00:00,Japan,Japan,JP,399.7,474.9,27.09,15.55,,true,ESTIMATED_MODE_BREAKDOWN
2024-06-20 22:00:00,Japan,Japan,JP,374.69,448.76,31.64,20.88,,true,ESTIMATED_MODE_BREAKDOWN
2024-06-20 23:00:00,Japan,Japan,JP,348.52,420.66,36.41,26.79,,true,ESTIMATED_MODE_BREAKDOWN
2024-06-21 00:00:00,Japan,Japan,JP,326.76,397.67,40.37,31.49,,true,ESTIMATED_MODE_BREAKDOWN
2024-06-21 01:00:00,Japan,Japan,JP,304.69,373.46,44.4,35.66,,true,ESTIMATED_MODE_BREAKDOWN
2024-06-21 02:00:00,Japan,Japan,JP,285.37,352.9,47.92,39.19,,true,ESTIMATED_MODE_BREAKDOWN
2024-06-21 03:00:00,Japan,Japan,JP,268.94,335.36,50.9,41.9,,true,ESTIMATED_MODE_BREAKDOWN
2024-06-21 04:00:00,Japan,Japan,JP,275.1,342.14,49.78,41.09,,true,ESTIMATED_MODE_BREAKDOWN
2024-06-21 05:00:00,Japan,Japan,JP,288.75,356.98,47.29,38.65,,true,ESTIMATED_MODE_BREAKDOWN
2024-06-21 06:00:00,Japan,Japan,JP,319.11,390.49,41.74,33.06,,true,ESTIMATED_MODE_BREAKDOWN
2024-06-21 07:00:00,Japan,Japan,JP,359.56,434.71,34.35,25.63,,true,ESTIMATED_MODE_BREAKDOWN
2024-06-21 08:00:00,Japan,Japan,JP,395.08,472.95,27.88,18.9,,true,ESTIMATED_MODE_BREAKDOWN
2024-06-21 09:00:00,Japan,Japan,JP,422.4,502.36,22.9,13.67,,true,ESTIMATED_MODE_BREAKDOWN
2024-06-21 10:00:00,Japan,Japan,JP,431.45,511.94,21.26,11.77,,true,ESTIMATED_MODE_BREAKDOWN
2024-06-21 11:00:00,Japan,Japan,JP,430.24,510.33,21.48,11.49,,true,ESTIMATED_MODE_BREAKDOWN
2024-06-21 12:00:00,Japan,Japan,JP,428.15,507.62,21.87,11.32,,true,ESTIMATED_MODE_BREAKDOWN
2024-06-21 13:00:00,Japan,Japan,JP,425.39,504.37,22.38,11.32,,true,ESTIMATED_MODE_BREAKDOWN
2024-06-21 14:00:00,Japan,Japan,JP,424.0,502.56,22.64,11.38,,true,ESTIMATED_MODE_BREAKDOWN
2024-06-21 15:00:00,Japan,Japan,JP,418.1,494.79,23.73,11.4,,true,ESTIMATED_MODE_BREAKDOWN
2024-06-21 16:00:00,Japan,Japan,JP,414.5,490.6,24.39,11.36,,true,ESTIMATED_MODE_BREAKDOWN
2024-06-21 17:00:00,Japan,Japan,JP,414.27,490.12,24.44,11.35,,true,ESTIMATED_MODE_BREAKDOWN
2024-06-21 18:00:00,Japan,Japan,JP,415.65,491.53,24.19,11.39,,true,ESTIMATED_MODE_BREAKDOWN
2024-06-21 19:00:00,Japan,Japan,JP,414.65,490.6,24.38,11.78,,true,ESTIMATED_MODE_BREAKDOWN
2024-06-21 20:00:00,Japan,Japan,JP,405.65,480.87,26.02,13.36,,true,ESTIMATED_MODE_BREAKDOWN
2024-06-21 21:00:00,Japan,Japan,JP,376.22,449.94,31.36,18.75,,true,ESTIMATED_MODE_BREAKDOWN
2024-06-21 22:00:00,Japan,Japan,JP,333.78,405.69,39.06,27.07,,true,ESTIMATED_MODE_BREAKDOWN
2024-06-21 23:00:00,Japan,Japan,JP,300.3,370.39,45.15,34.18,,true,ESTIMATED_MODE_BREAKDOWN
2024-06-22 00:00:00,Japan,Japan,JP,279.33,347.84,48.98,38.87,,true,ESTIMATED_MODE_BREAKDOWN
2024-06-22 01:00:00,Japan,Japan,JP,267.8,334.02,51.11,41.36,,true,ESTIMATED_MODE_BREAKDOWN
2024-06-22 02:00:00,Japan,Japan,JP,264.8,329.28,51.7,42.08,,true,ESTIMATED_MODE_BREAKDOWN
2024-06-22 03:00:00,Japan,Japan,JP,271.59,334.58,50.5,40.58,,true,ESTIMATED_MODE_BREAKDOWN
2024-06-22 04:00:00,Japan,Japan,JP,298.57,363.97,45.58,35.83,,true,ESTIMATED_MODE_BREAKDOWN
2024-06-22 05:00:00,Japan,Japan,JP,329.29,398.41,39.95,30.31,,true,ESTIMATED_MODE_BREAKDOWN
2024-06-22 06:00:00,Japan,Japan,JP,361.33,433.98,34.09,24.32,,true,ESTIMATED_MODE_BREAKDOWN
2024-06-22 07:00:00,Japan,Japan,JP,393.71,469.49,28.17,18.3,,true,ESTIMATED_MODE_BREAKDOWN
2024-06-22 08:00:00,Japan,Japan,JP,415.47,493.45,24.2,14.31,,true,ESTIMATED_MODE_BREAKDOWN
2024-06-22 09:00:00,Japan,Japan,JP,426.29,505.45,22.22,12.24,,true,ESTIMATED_MODE_BREAKDOWN
2024-06-22 10:00:00,Japan,Japan,JP,427.91,506.92,21.93,11.71,,true,ESTIMATED_MODE_BREAKDOWN
2024-06-22 11:00:00,Japan,Japan,JP,426.75,505.72,22.13,11.57,,true,ESTIMATED_MODE_BREAKDOWN
2024-06-22 12:00:00,Japan,Japan,JP,424.08,502.61,22.62,11.62,,true,ESTIMATED_MODE_BREAKDOWN
2024-06-22 13:00:00,Japan,Japan,JP,420.95,500.24,23.16,11.71,,true,ESTIMATED_MODE_BREAKDOWN
2024-06-22 14:00:00,Japan,Japan,JP,417.7,498.57,23.71,11.89,,true,ESTIMATED_MODE_BREAKDOWN
2024-06-22 15:00:00,Japan,Japan,JP,412.41,492.43,24.68,11.93,,true,ESTIMATED_MODE_BREAKDOWN
2024-06-22 16:00:00,Japan,Japan,JP,408.48,488.17,25.39,12.01,,true,ESTIMATED_MODE_BREAKDOWN
2024-06-22 17:00:00,Japan,Japan,JP,407.72,487.2,25.53,12.1,,true,ESTIMATED_MODE_BREAKDOWN
2024-06-22 18:00:00,Japan,Japan,JP,409.62,488.93,25.19,12.19,,true,ESTIMATED_MODE_BREAKDOWN
2024-06-22 19:00:00,Japan,Japan,JP,410.2,488.88,25.11,12.49,,true,ESTIMATED_MODE_BREAKDOWN
2024-06-22 20:00:00,Japan,Japan,JP,407.36,485.65,25.63,13.04,,true,ESTIMATED_MODE_BREAKDOWN
2024-06-22 21:00:00,Japan,Japan,JP,395.5,473.8,27.77,15.21,,true,ESTIMATED_MODE_BREAKDOWN
2024-06-22 22:00:00,Japan,Japan,JP,374.15,451.88,31.64,19.64,,true,ESTIMATED_MODE_BREAKDOWN
2024-06-22 23:00:00,Japan,Japan,JP,355.61,431.4,35.03,23.87,,true,ESTIMATED_MODE_BREAKDOWN
2024-06-23 00:00:00,Japan,Japan,JP,339.08,413.33,38.05,27.49,,true,ESTIMATED_MODE_BREAKDOWN
2024-06-23 01:00:00,Japan,Japan,JP,323.68,396.87,40.86,30.54,,true,ESTIMATED_MODE_BREAKDOWN
2024-06-23 02:00:00,Japan,Japan,JP,320.16,393.06,41.5,31.31,,true,ESTIMATED_MODE_BREAKDOWN
2024-06-23 03:00:00,Japan,Japan,JP,320.56,394.39,41.41,31.2,,true,ESTIMATED_MODE_BREAKDOWN
2024-06-23 04:00:00,Japan,Japan,JP,330.26,404.66,39.65,29.56,,true,ESTIMATED_MODE_BREAKDOWN
2024-06-23 05:00:00,Japan,Japan,JP,353.4,428.44,35.46,25.45,,true,ESTIMATED_MODE_BREAKDOWN
2024-06-23 06:00:00,Japan,Japan,JP,378.77,456.41,30.82,20.79,,true,ESTIMATED_MODE_BREAKDOWN
2024-06-23 07:00:00,Japan,Japan,JP,401.48,481.22,26.67,16.77,,true,ESTIMATED_MODE_BREAKDOWN
2024-06-23 08:00:00,Japan,Japan,JP,416.64,497.45,23.92,14.16,,true,ESTIMATED_MODE_BREAKDOWN
2024-06-23 09:00:00,Japan,Japan,JP,424.98,506.34,22.4,12.67,,true,ESTIMATED_MODE_BREAKDOWN
2024-06-23 10:00:00,Japan,Japan,JP,426.24,507.85,22.17,12.25,,true,ESTIMATED_MODE_BREAKDOWN
2024-06-23 11:00:00,Japan,Japan,JP,425.22,506.72,22.35,12.05,,true,ESTIMATED_MODE_BREAKDOWN
2024-06-23 12:00:00,Japan,Japan,JP,422.93,504.31,22.76,12.02,,true,ESTIMATED_MODE_BREAKDOWN
2024-06-23 13:00:00,Japan,Japan,JP,419.41,500.43,23.4,12.01,,true,ESTIMATED_MODE_BREAKDOWN
2024-06-23 14:00:00,Japan,Japan,JP,417.82,498.32,23.7,12.03,,true,ESTIMATED_MODE_BREAKDOWN
2024-06-23 15:00:00,Japan,Japan,JP,412.26,491.88,24.71,12.16,,true,ESTIMATED_MODE_BREAKDOWN
2024-06-23 16:00:00,Japan,Japan,JP,408.36,487.49,25.42,12.18,,true,ESTIMATED_MODE_BREAKDOWN
2024-06-23 17:00:00,Japan,Japan,JP,408.73,487.45,25.37,12.17,,true,ESTIMATED_MODE_BREAKDOWN
2024-06-23 18:00:00,Japan,Japan,JP,411.22,489.97,24.92,12.23,,true,ESTIMATED_MODE_BREAKDOWN
2024-06-23 19:00:00,Japan,Japan,JP,410.74,488.79,25.03,12.53,,true,ESTIMATED_MODE_BREAKDOWN
2024-06-23 20:00:00,Japan,Japan,JP,406.11,484.01,25.87,13.66,,true,ESTIMATED_MODE_BREAKDOWN
2024-06-23 21:00:00,Japan,Japan,JP,387.68,464.62,29.22,17.67,,true,ESTIMATED_MODE_BREAKDOWN
2024-06-23 22:00:00,Japan,Japan,JP,365.16,440.19,33.33,22.8,,true,ESTIMATED_MODE_BREAKDOWN
2024-06-23 23:00:00,Japan,Japan,JP,347.1,419.97,36.65,27.34,,true,ESTIMATED_MODE_BREAKDOWN
2024-06-24 00:00:00,Japan,Japan,JP,331.57,403.03,39.49,30.99,,true,ESTIMATED_MODE_BREAKDOWN
2024-06-24 01:00:00,Japan,Japan,JP,320.97,391.39,41.43,33.09,,true,ESTIMATED_MODE_BREAKDOWN
2024-06-24 02:00:00,Japan,Japan,JP,311.06,380.81,43.23,34.95,,true,ESTIMATED_MODE_BREAKDOWN
2024-06-24 03:00:00,Japan,Japan,JP,306.56,376.36,44.04,35.62,,true,ESTIMATED_MODE_BREAKDOWN
2024-06-24 04:00:00,Japan,Japan,JP,325.34,397.57,40.6,32.46,,true,ESTIMATED_MODE_BREAKDOWN
2024-06-24 05:00:00,Japan,Japan,JP,345.09,419.51,36.99,28.82,,true,ESTIMATED_MODE_BREAKDOWN
2024-06-24 06:00:00,Japan,Japan,JP,363.59,440.35,33.59,25.39,,true,ESTIMATED_MODE_BREAKDOWN
2024-06-24 07:00:00,Japan,Japan,JP,390.52,469.94,28.67,20.46,,true,ESTIMATED_MODE_BREAKDOWN
2024-06-24 08:00:00,Japan,Japan,JP,412.53,493.85,24.66,16.19,,true,ESTIMATED_MODE_BREAKDOWN
2024-06-24 09:00:00,Japan,Japan,JP,428.05,510.64,21.83,13.2,,true,ESTIMATED_MODE_BREAKDOWN
2024-06-24 10:00:00,Japan,Japan,JP,432.17,515.01,21.08,12.2,,true,ESTIMATED_MODE_BREAKDOWN
2024-06-24 11:00:00,Japan,Japan,JP,431.17,513.86,21.26,11.96,,true,ESTIMATED_MODE_BREAKDOWN
2024-06-24 12:00:00,Japan,Japan,JP,428.4,510.77,21.76,11.92,,true,ESTIMATED_MODE_BREAKDOWN
2024-06-24 13:00:00,Japan,Japan,JP,425.36,507.42,22.31,11.99,,true,ESTIMATED_MODE_BREAKDOWN
2024-06-24 14:00:00,Japan,Japan,JP,423.45,505.1,22.66,11.94,,true,ESTIMATED_MODE_BREAKDOWN
2024-06-24 15:00:00,Japan,Japan,JP,417.86,498.8,23.68,12.03,,true,ESTIMATED_MODE_BREAKDOWN
2024-06-24 16:00:00,Japan,Japan,JP,414.69,495.43,24.25,12.07,,true,ESTIMATED_MODE_BREAKDOWN
2024-06-24 17:00:00,Japan,Japan,JP,413.03,493.52,24.56,12.06,,true,ESTIMATED_MODE_BREAKDOWN
2024-06-24 18:00:00,Japan,Japan,JP,414.46,495.12,24.3,12.11,,true,ESTIMATED_MODE_BREAKDOWN
2024-06-24 19:00:00,Japan,Japan,JP,415.03,495.35,24.21,12.43,,true,ESTIMATED_MODE_BREAKDOWN
2024-06-24 20:00:00,Japan,Japan,JP,411.62,491.61,24.83,13.27,,true,ESTIMATED_MODE_BREAKDOWN
2024-06-24 21:00:00,Japan,Japan,JP,398.67,477.78,27.19,16.13,,true,ESTIMATED_MODE_BREAKDOWN
2024-06-24 22:00:00,Japan,Japan,JP,375.98,453.77,31.32,21.07,,true,ESTIMATED_MODE_BREAKDOWN
2024-06-24 23:00:00,Japan,Japan,JP,356.58,432.76,34.87,25.69,,true,ESTIMATED_MODE_BREAKDOWN
2024-06-25 00:00:00,Japan,Japan,JP,339.14,413.39,38.06,29.55,,true,ESTIMATED_MODE_BREAKDOWN
2024-06-25 01:00:00,Japan,Japan,JP,322.78,395.28,41.06,32.78,,true,ESTIMATED_MODE_BREAKDOWN
2024-06-25 02:00:00,Japan,Japan,JP,314.78,386.85,42.51,34.2,,true,ESTIMATED_MODE_BREAKDOWN
2024-06-25 03:00:00,Japan,Japan,JP,314.47,386.53,42.56,34.03,,true,ESTIMATED_MODE_BREAKDOWN
2024-06-25 04:00:00,Japan,Japan,JP,326.45,399.25,40.39,31.99,,true,ESTIMATED_MODE_BREAKDOWN
2024-06-25 05:00:00,Japan,Japan,JP,342.75,417.29,37.41,29.21,,true,ESTIMATED_MODE_BREAKDOWN
2024-06-25 06:00:00,Japan,Japan,JP,370.6,447.89,32.32,24.11,,true,ESTIMATED_MODE_BREAKDOWN
2024-06-25 07:00:00,Japan,Japan,JP,401.05,480.94,26.76,18.57,,true,ESTIMATED_MODE_BREAKDOWN
2024-06-25 08:00:00,Japan,Japan,JP,419.51,501.03,23.39,14.95,,true,ESTIMATED_MODE_BREAKDOWN
2024-06-25 09:00:00,Japan,Japan,JP,430.49,513.13,21.39,12.77,,true,ESTIMATED_MODE_BREAKDOWN
2024-06-25 10:00:00,Japan,Japan,JP,432.17,514.96,21.08,12.22,,true,ESTIMATED_MODE_BREAKDOWN
2024-06-25 11:00:00,Japan,Japan,JP,431.17,513.83,21.26,12.0,,true,ESTIMATED_MODE_BREAKDOWN
2024-06-25 12:00:00,Japan,Japan,JP,428.58,510.99,21.73,12.0,,true,ESTIMATED_MODE_BREAKDOWN
2024-06-25 13:00:00,Japan,Japan,JP,425.66,507.87,22.26,12.04,,true,ESTIMATED_MODE_BREAKDOWN
2024-06-25 14:00:00,Japan,Japan,JP,423.57,505.44,22.64,12.06,,true,ESTIMATED_MODE_BREAKDOWN
2024-06-25 15:00:00,Japan,Japan,JP,418.32,499.38,23.6,12.11,,true,ESTIMATED_MODE_BREAKDOWN
2024-06-25 16:00:00,Japan,Japan,JP,414.88,495.65,24.22,12.1,,true,ESTIMATED_MODE_BREAKDOWN
2024-06-25 17:00:00,Japan,Japan,JP,414.18,494.87,24.35,12.11,,true,ESTIMATED_MODE_BREAKDOWN
2024-06-25 18:00:00,Japan,Japan,JP,415.53,496.22,24.11,12.17,,true,ESTIMATED_MODE_BREAKDOWN
2024-06-25 19:00:00,Japan,Japan,JP,414.99,495.44,24.21,12.5,,true,ESTIMATED_MODE_BREAKDOWN
2024-06-25 20:00:00,Japan,Japan,JP,411.04,491.08,24.94,13.44,,true,ESTIMATED_MODE_BREAKDOWN
2024-06-25 21:00:00,Japan,Japan,JP,393.58,472.21,28.12,16.89,,true,ESTIMATED_MODE_BREAKDOWN
2024-06-25 22:00:00,Japan,Japan,JP,361.32,437.2,34.01,23.51,,true,ESTIMATED_MODE_BREAKDOWN
2024-06-25 23:00:00,Japan,Japan,JP,332.87,406.39,39.2,29.86,,true,ESTIMATED_MODE_BREAKDOWN
2024-06-26 00:00:00,Japan,Japan,JP,312.39,384.4,42.94,34.31,,true,ESTIMATED_MODE_BREAKDOWN
2024-06-26 01:00:00,Japan,Japan,JP,294.31,364.28,46.25,37.79,,true,ESTIMATED_MODE_BREAKDOWN
2024-06-26 02:00:00,Japan,Japan,JP,286.06,355.01,47.76,39.36,,true,ESTIMATED_MODE_BREAKDOWN
2024-06-26 03:00:00,Japan,Japan,JP,281.31,350.2,48.62,39.88,,true,ESTIMATED_MODE_BREAKDOWN
2024-06-26 04:00:00,Japan,Japan,JP,301.84,373.17,44.86,36.48,,true,ESTIMATED_MODE_BREAKDOWN
2024-06-26 05:00:00,Japan,Japan,JP,328.14,401.65,40.07,31.71,,true,ESTIMATED_MODE_BREAKDOWN
2024-06-26 06:00:00,Japan,Japan,JP,354.3,429.8,35.3,26.87,,true,ESTIMATED_MODE_BREAKDOWN
2024-06-26 07:00:00,Japan,Japan,JP,388.81,467.53,29.0,20.52,,true,ESTIMATED_MODE_BREAKDOWN
2024-06-26 08:00:00,Japan,Japan,JP,413.88,494.92,24.42,15.65,,true,ESTIMATED_MODE_BREAKDOWN
2024-06-26 09:00:00,Japan,Japan,JP,428.27,510.81,21.79,12.89,,true,ESTIMATED_MODE_BREAKDOWN
2024-06-26 10:00:00,Japan,Japan,JP,431.49,514.43,21.2,12.08,,true,ESTIMATED_MODE_BREAKDOWN
2024-06-26 11:00:00,Japan,Japan,JP,430.55,513.29,21.37,11.84,,true,ESTIMATED_MODE_BREAKDOWN
2024-06-26 12:00:00,Japan,Japan,JP,428.02,510.57,21.83,11.86,,true,ESTIMATED_MODE_BREAKDOWN
2024-06-26 13:00:00,Japan,Japan,JP,425.39,507.67,22.3,11.86,,true,ESTIMATED_MODE_BREAKDOWN
2024-06-26 14:00:00,Japan,Japan,JP,423.27,505.13,22.69,11.83,,true,ESTIMATED_MODE_BREAKDOWN
2024-06-26 15:00:00,Japan,Japan,JP,417.83,498.99,23.68,11.87,,true,ESTIMATED_MODE_BREAKDOWN
2024-06-26 16:00:00,Japan,Japan,JP,414.87,495.5,24.22,11.88,,true,ESTIMATED_MODE_BREAKDOWN
2024-06-26 17:00:00,Japan,Japan,JP,414.1,494.7,24.36,11.86,,true,ESTIMATED_MODE_BREAKDOWN
2024-06-26 18:00:00,Japan,Japan,JP,415.92,496.74,24.04,11.9,,true,ESTIMATED_MODE_BREAKDOWN
2024-06-26 19:00:00,Japan,Japan,JP,415.58,496.19,24.11,12.25,,true,ESTIMATED_MODE_BREAKDOWN
2024-06-26 20:00:00,Japan,Japan,JP,408.19,487.96,25.46,13.66,,true,ESTIMATED_MODE_BREAKDOWN
2024-06-26 21:00:00,Japan,Japan,JP,383.35,460.47,30.0,18.46,,true,ESTIMATED_MODE_BREAKDOWN
2024-06-26 22:00:00,Japan,Japan,JP,352.15,426.68,35.7,24.93,,true,ESTIMATED_MODE_BREAKDOWN
2024-06-26 23:00:00,Japan,Japan,JP,330.2,402.97,39.71,30.16,,true,ESTIMATED_MODE_BREAKDOWN
2024-06-27 00:00:00,Japan,Japan,JP,320.09,391.93,41.56,32.83,,true,ESTIMATED_MODE_BREAKDOWN
2024-06-27 01:00:00,Japan,Japan,JP,308.4,379.42,43.69,35.09,,true,ESTIMATED_MODE_BREAKDOWN
2024-06-27 02:00:00,Japan,Japan,JP,305.66,376.07,44.19,35.61,,true,ESTIMATED_MODE_BREAKDOWN
2024-06-27 03:00:00,Japan,Japan,JP,305.64,376.06,44.19,35.28,,true,ESTIMATED_MODE_BREAKDOWN
2024-06-27 04:00:00,Japan,Japan,JP,325.29,397.92,40.6,32.04,,true,ESTIMATED_MODE_BREAKDOWN
2024-06-27 05:00:00,Japan,Japan,JP,344.26,419.13,37.12,28.61,,true,ESTIMATED_MODE_BREAKDOWN
2024-06-27 06:00:00,Japan,Japan,JP,369.84,447.34,32.45,23.82,,true,ESTIMATED_MODE_BREAKDOWN
2024-06-27 07:00:00,Japan,Japan,JP,398.21,478.1,27.27,18.68,,true,ESTIMATED_MODE_BREAKDOWN
2024-06-27 08:00:00,Japan,Japan,JP,418.67,500.23,23.54,14.73,,true,ESTIMATED_MODE_BREAKDOWN
2024-06-27 09:00:00,Japan,Japan,JP,429.92,512.69,21.48,12.47,,true,ESTIMATED_MODE_BREAKDOWN
2024-06-27 10:00:00,Japan,Japan,JP,431.33,514.19,21.23,11.94,,true,ESTIMATED_MODE_BREAKDOWN
2024-06-27 11:00:00,Japan,Japan,JP,430.19,512.9,21.43,11.77,,true,ESTIMATED_MODE_BREAKDOWN
2024-06-27 12:00:00,Japan,Japan,JP,427.51,509.9,21.92,11.79,,true,ESTIMATED_MODE_BREAKDOWN
2024-06-27 13:00:00,Japan,Japan,JP,424.86,506.97,22.4,11.81,,true,ESTIMATED_MODE_BREAKDOWN
2024-06-27 14:00:00,Japan,Japan,JP,423.14,504.94,22.71,11.79,,true,ESTIMATED_MODE_BREAKDOWN
2024-06-27 15:00:00,Japan,Japan,JP,418.14,499.07,23.63,11.83,,true,ESTIMATED_MODE_BREAKDOWN
2024-06-27 16:00:00,Japan,Japan,JP,414.76,495.38,24.24,11.89,,true,ESTIMATED_MODE_BREAKDOWN
2024-06-27 17:00:00,Japan,Japan,JP,414.4,494.86,24.31,11.91,,true,ESTIMATED_MODE_BREAKDOWN
2024-06-27 18:00:00,Japan,Japan,JP,415.67,496.33,24.08,11.94,,true,ESTIMATED_MODE_BREAKDOWN
2024-06-27 19:00:00,Japan,Japan,JP,415.17,495.55,24.18,12.37,,true,ESTIMATED_MODE_BREAKDOWN
2024-06-27 20:00:00,Japan,Japan,JP,411.57,491.61,24.84,13.25,,true,ESTIMATED_MODE_BREAKDOWN
2024-06-27 21:00:00,Japan,Japan,JP,401.77,480.9,26.63,15.35,,true,ESTIMATED_MODE_BREAKDOWN
2024-06-27 22:00:00,Japan,Japan,JP,384.63,462.44,29.76,19.21,,true,ESTIMATED_MODE_BREAKDOWN
2024-06-27 23:00:00,Japan,Japan,JP,371.17,447.7,32.22,22.87,,true,ESTIMATED_MODE_BREAKDOWN
2024-06-28 00:00:00,Japan,Japan,JP,359.37,434.97,34.38,25.7,,true,ESTIMATED_MODE_BREAKDOWN
2024-06-28 01:00:00,Japan,Japan,JP,346.64,421.17,36.7,28.11,,true,ESTIMATED_MODE_BREAKDOWN
2024-06-28 02:00:00,Japan,Japan,JP,337.79,411.72,38.31,29.74,,true,ESTIMATED_MODE_BREAKDOWN
2024-06-28 03:00:00,Japan,Japan,JP,333.18,407.02,39.14,30.21,,true,ESTIMATED_MODE_BREAKDOWN
2024-06-28 04:00:00,Japan,Japan,JP,345.31,420.71,36.92,28.32,,true,ESTIMATED_MODE_BREAKDOWN
2024-06-28 05:00:00,Japan,Japan,JP,360.98,437.81,34.06,25.46,,true,ESTIMATED_MODE_BREAKDOWN
2024-06-28 06:00:00,Japan,Japan,JP,382.4,460.51,30.17,21.47,,true,ESTIMATED_MODE_BREAKDOWN
2024-06-28 07:00:00,Japan,Japan,JP,404.81,484.67,26.08,17.34,,true,ESTIMATED_MODE_BREAKDOWN
2024-06-28 08:00:00,Japan,Japan,JP,419.85,501.24,23.33,14.33,,true,ESTIMATED_MODE_BREAKDOWN
2024-06-28 09:00:00,Japan,Japan,JP,429.21,511.55,21.62,12.47,,true,ESTIMATED_MODE_BREAKDOWN
2024-06-28 10:00:00,Japan,Japan,JP,431.27,513.89,21.24,11.85,,true,ESTIMATED_MODE_BREAKDOWN
2024-06-28 11:00:00,Japan,Japan,JP,430.23,512.73,21.43,11.67,,true,ESTIMATED_MODE_BREAKDOWN
2024-06-28 12:00:00,Japan,Japan,JP,427.96,510.2,21.84,11.6,,true,ESTIMATED_MODE_BREAKDOWN
2024-06-28 13:00:00,Japan,Japan,JP,425.6,507.37,22.27,11.6,,true,ESTIMATED_MODE_BREAKDOWN
2024-06-28 14:00:00,Japan,Japan,JP,423.91,505.34,22.58,11.57,,true,ESTIMATED_MODE_BREAKDOWN
2024-06-28 15:00:00,Japan,Japan,JP,418.86,499.57,23.51,11.55,,true,ESTIMATED_MODE_BREAKDOWN
2024-06-28 16:00:00,Japan,Japan,JP,415.57,495.74,24.11,11.53,,true,ESTIMATED_MODE_BREAKDOWN
2024-06-28 17:00:00,Japan,Japan,JP,415.48,495.39,24.13,11.51,,true,ESTIMATED_MODE_BREAKDOWN
2024-06-28 18:00:00,Japan,Japan,JP,416.92,496.76,23.88,11.47,,true,ESTIMATED_MODE_BREAKDOWN
2024-06-28 19:00:00,Japan,Japan,JP,416.94,496.29,23.89,11.8,,true,ESTIMATED_MODE_BREAKDOWN
2024-06-28 20:00:00,Japan,Japan,JP,410.08,489.03,25.13,12.99,,true,ESTIMATED_MODE_BREAKDOWN
2024-06-28 21:00:00,Japan,Japan,JP,385.09,462.76,29.67,17.48,,true,ESTIMATED_MODE_BREAKDOWN
2024-06-28 22:00:00,Japan,Japan,JP,346.53,421.27,36.69,24.99,,true,ESTIMATED_MODE_BREAKDOWN
2024-06-28 23:00:00,Japan,Japan,JP,311.52,383.27,43.09,32.41,,true,ESTIMATED_MODE_BREAKDOWN
2024-06-29 00:00:00,Japan,Japan,JP,279.38,348.71,48.95,39.06,,true,ESTIMATED_MODE_BREAKDOWN
2024-06-29 01:00:00,Japan,Japan,JP,251.02,317.69,54.13,44.52,,true,ESTIMATED_MODE_BREAKDOWN
2024-06-29 02:00:00,Japan,Japan,JP,241.11,306.89,55.94,46.46,,true,ESTIMATED_MODE_BREAKDOWN
2024-06-29 03:00:00,Japan,Japan,JP,239.22,305.34,56.27,46.77,,true,ESTIMATED_MODE_BREAKDOWN
2024-06-29 04:00:00,Japan,Japan,JP,259.52,327.36,52.57,43.14,,true,ESTIMATED_MODE_BREAKDOWN
2024-06-29 05:00:00,Japan,Japan,JP,290.13,360.71,46.98,37.51,,true,ESTIMATED_MODE_BREAKDOWN
2024-06-29 06:00:00,Japan,Japan,JP,332.44,405.97,39.28,29.78,,true,ESTIMATED_MODE_BREAKDOWN
2024-06-29 07:00:00,Japan,Japan,JP,375.93,453.05,31.35,21.94,,true,ESTIMATED_MODE_BREAKDOWN
2024-06-29 08:00:00,Japan,Japan,JP,406.39,486.6,25.79,16.38,,true,ESTIMATED_MODE_BREAKDOWN
2024-06-29 09:00:00,Japan,Japan,JP,427.04,508.73,22.03,12.53,,true,ESTIMATED_MODE_BREAKDOWN
2024-06-29 10:00:00,Japan,Japan,JP,430.95,512.97,21.31,11.67,,true,ESTIMATED_MODE_BREAKDOWN
2024-06-29 11:00:00,Japan,Japan,JP,429.33,511.44,21.6,11.52,,true,ESTIMATED_MODE_BREAKDOWN
2024-06-29 12:00:00,Japan,Japan,JP,426.34,507.68,22.15,11.59,,true,ESTIMATED_MODE_BREAKDOWN
2024-06-29 13:00:00,Japan,Japan,JP,423.65,504.45,22.64,11.55,,true,ESTIMATED_MODE_BREAKDOWN
2024-06-29 14:00:00,Japan,Japan,JP,421.23,501.78,23.08,11.6,,true,ESTIMATED_MODE_BREAKDOWN
2024-06-29 15:00:00,Japan,Japan,JP,415.75,495.59,24.08,11.69,,true,ESTIMATED_MODE_BREAKDOWN
2024-06-29 16:00:00,Japan,Japan,JP,412.34,492.19,24.69,11.74,,true,ESTIMATED_MODE_BREAKDOWN
2024-06-29 17:00:00,Japan,Japan,JP,411.75,491.31,24.8,11.84,,true,ESTIMATED_MODE_BREAKDOWN
2024-06-29 18:00:00,Japan,Japan,JP,413.08,492.68,24.57,11.95,,true,ESTIMATED_MODE_BREAKDOWN
2024-06-29 19:00:00,Japan,Japan,JP,412.39,491.78,24.7,12.29,,true,ESTIMATED_MODE_BREAKDOWN
2024-06-29 20:00:00,Japan,Japan,JP,406.61,485.22,25.76,13.24,,true,ESTIMATED_MODE_BREAKDOWN
2024-06-29 21:00:00,Japan,Japan,JP,389.53,467.09,28.86,16.3,,true,ESTIMATED_MODE_BREAKDOWN
2024-06-29 22:00:00,Japan,Japan,JP,361.59,437.34,33.94,21.9,,true,ESTIMATED_MODE_BREAKDOWN
2024-06-29 23:00:00,Japan,Japan,JP,334.8,408.45,38.84,27.8,,true,ESTIMATED_MODE_BREAKDOWN
2024-06-30 00:00:00,Japan,Japan,JP,317.06,389.54,42.07,31.85,,true,ESTIMATED_MODE_BREAKDOWN
2024-06-30 01:00:00,Japan,Japan,JP,298.91,370.16,45.37,35.38,,true,ESTIMATED_MODE_BREAKDOWN
2024-06-30 02:00:00,Japan,Japan,JP,286.31,356.35,47.67,37.77,,true,ESTIMATED_MODE_BREAKDOWN
2024-06-30 03:00:00,Japan,Japan,JP,289.54,359.97,47.08,37.2,,true,ESTIMATED_MODE_BREAKDOWN
2024-06-30 04:00:00,Japan,Japan,JP,308.22,380.5,43.67,33.92,,true,ESTIMATED_MODE_BREAKDOWN
2024-06-30 05:00:00,Japan,Japan,JP,331.86,406.0,39.36,29.67,,true,ESTIMATED_MODE_BREAKDOWN
2024-06-30 06:00:00,Japan,Japan,JP,356.76,432.8,34.82,25.07,,true,ESTIMATED_MODE_BREAKDOWN
2024-06-30 07:00:00,Japan,Japan,JP,388.9,467.58,28.96,19.39,,true,ESTIMATED_MODE_BREAKDOWN
2024-06-30 08:00:00,Japan,Japan,JP,413.09,493.63,24.56,15.2,,true,ESTIMATED_MODE_BREAKDOWN
2024-06-30 09:00:00,Japan,Japan,JP,424.63,505.91,22.46,13.14,,true,ESTIMATED_MODE_BREAKDOWN
2024-06-30 10:00:00,Japan,Japan,JP,425.96,507.07,22.22,12.74,,true,ESTIMATED_MODE_BREAKDOWN
2024-06-30 11:00:00,Japan,Japan,JP,424.71,505.9,22.45,12.63,,true,ESTIMATED_MODE_BREAKDOWN
2024-06-30 12:00:00,Japan,Japan,JP,421.16,502.28,23.08,12.86,,true,ESTIMATED_MODE_BREAKDOWN
2024-06-30 13:00:00,Japan,Japan,JP,418.02,498.6,23.66,12.87,,true,ESTIMATED_MODE_BREAKDOWN
2024-06-30 14:00:00,Japan,Japan,JP,415.62,495.78,24.1,12.95,,true,ESTIMATED_MODE_BREAKDOWN
2024-06-30 15:00:00,Japan,Japan,JP,408.98,488.12,25.31,13.16,,true,ESTIMATED_MODE_BREAKDOWN
2024-06-30 16:00:00,Japan,Japan,JP,405.11,484.01,26.01,13.34,,true,ESTIMATED_MODE_BREAKDOWN
2024-06-30 17:00:00,Japan,Japan,JP,404.57,483.36,26.11,13.42,,true,ESTIMATED_MODE_BREAKDOWN
2024-06-30 18:00:00,Japan,Japan,JP,407.04,485.37,25.68,13.42,,true,ESTIMATED_MODE_BREAKDOWN
2024-06-30 19:00:00,Japan,Japan,JP,407.27,485.29,25.65,13.67,,true,ESTIMATED_MODE_BREAKDOWN
2024-06-30 20:00:00,Japan,Japan,JP,405.56,483.3,25.96,14.19,,true,ESTIMATED_MODE_BREAKDOWN
2024-06-30 21:00:00,Japan,Japan,JP,398.06,476.08,27.31,16.07,,true,ESTIMATED_MODE_BREAKDOWN
2024-06-30 22:00:00,Japan,Japan,JP,383.88,461.87,29.88,19.66,,true,ESTIMATED_MODE_BREAKDOWN
2024-06-30 23:00:00,Japan,Japan,JP,374.77,451.91,31.56,22.59,,true,ESTIMATED_MODE_BREAKDOWN
2024-07-01 00:00:00,Japan,Japan,JP,367.74,444.12,32.85,24.6,,true,ESTIMATED_MODE_BREAKDOWN
2024-07-01 01:00:00,Japan,Japan,JP,353.66,427.97,35.44,27.27,,true,ESTIMATED_MODE_BREAKDOWN
2024-07-01 02:00:00,Japan,Japan,JP,345.51,418.82,36.93,28.77,,true,ESTIMATED_MODE_BREAKDOWN
2024-07-01 03:00:00,Japan,Japan,JP,341.55,414.2,37.66,29.07,,true,ESTIMATED_MODE_BREAKDOWN
2024-07-01 04:00:00,Japan,Japan,JP,350.77,424.86,35.97,27.62,,true,ESTIMATED_MODE_BREAKDOWN
2024-07-01 05:00:00,Japan,Japan,JP,366.19,442.31,33.14,24.89,,true,ESTIMATED_MODE_BREAKDOWN
2024-07-01 06:00:00,Japan,Japan,JP,384.34,462.08,29.83,21.5,,true,ESTIMATED_MODE_BREAKDOWN
2024-07-01 07:00:00,Japan,Japan,JP,405.97,485.72,25.88,17.55,,true,ESTIMATED_MODE_BREAKDOWN
2024-07-01 08:00:00,Japan,Japan,JP,420.72,502.1,23.18,14.7,,true,ESTIMATED_MODE_BREAKDOWN
2024-07-01 09:00:00,Japan,Japan,JP,429.94,512.47,21.49,12.96,,true,ESTIMATED_MODE_BREAKDOWN
2024-07-01 10:00:00,Japan,Japan,JP,431.83,514.42,21.14,12.34,,true,ESTIMATED_MODE_BREAKDOWN
2024-07-01 11:00:00,Japan,Japan,JP,430.47,513.02,21.39,12.1,,true,ESTIMATED_MODE_BREAKDOWN
2024-07-01 12:00:00,Japan,Japan,JP,428.68,511.22,21.71,12.03,,true,ESTIMATED_MODE_BREAKDOWN
2024-07-01 13:00:00,Japan,Japan,JP,426.27,507.86,22.16,11.95,,true,ESTIMATED_MODE_BREAKDOWN
2024-07-01 14:00:00,Japan,Japan,JP,424.74,505.54,22.45,11.94,,true,ESTIMATED_MODE_BREAKDOWN
2024-07-01 15:00:00,Japan,Japan,JP,419.96,500.78,23.31,11.97,,true,ESTIMATED_MODE_BREAKDOWN
2024-07-01 16:00:00,Japan,Japan,JP,416.2,496.32,24.0,11.97,,true,ESTIMATED_MODE_BREAKDOWN
2024-07-01 17:00:00,Japan,Japan,JP,416.09,496.16,24.02,12.03,,true,ESTIMATED_MODE_BREAKDOWN
2024-07-01 18:00:00,Japan,Japan,JP,417.11,497.14,23.84,12.09,,true,ESTIMATED_MODE_BREAKDOWN
2024-07-01 19:00:00,Japan,Japan,JP,416.47,496.46,23.96,12.37,,true,ESTIMATED_MODE_BREAKDOWN
2024-07-01 20:00:00,Japan,Japan,JP,411.6,491.05,24.85,13.43,,true,ESTIMATED_MODE_BREAKDOWN
2024-07-01 21:00:00,Japan,Japan,JP,391.56,469.53,28.5,17.47,,true,ESTIMATED_MODE_BREAKDOWN
2024-07-01 22:00:00,Japan,Japan,JP,362.42,438.04,33.82,23.56,,true,ESTIMATED_MODE_BREAKDOWN
2024-07-01 23:00:00,Japan,Japan,JP,342.14,415.62,37.53,28.51,,true,ESTIMATED_MODE_BREAKDOWN
2024-07-02 00:00:00,Japan,Japan,JP,330.49,403.13,39.66,31.44,,true,ESTIMATED_MODE_BREAKDOWN
2024-07-02 01:00:00,Japan,Japan,JP,315.84,387.4,42.33,34.17,,true,ESTIMATED_MODE_BREAKDOWN
2024-07-02 02:00:00,Japan,Japan,JP,309.99,381.31,43.39,35.35,,true,ESTIMATED_MODE_BREAKDOWN
2024-07-02 03:00:00,Japan,Japan,JP,304.91,375.67,44.32,36.04,,true,ESTIMATED_MODE_BREAKDOWN
2024-07-02 04:00:00,Japan,Japan,JP,317.79,390.39,41.95,33.88,,true,ESTIMATED_MODE_BREAKDOWN
2024-07-02 05:00:00,Japan,Japan,JP,334.11,408.45,38.97,30.96,,true,ESTIMATED_MODE_BREAKDOWN
2024-07-02 06:00:00,Japan,Japan,JP,360.76,437.65,34.1,26.08,,true,ESTIMATED_MODE_BREAKDOWN
2024-07-02 07:00:00,Japan,Japan,JP,389.25,468.24,28.91,20.93,,true,ESTIMATED_MODE_BREAKDOWN
2024-07-02 08:00:00,Japan,Japan,JP,412.34,493.66,24.7,16.52,,true,ESTIMATED_MODE_BREAKDOWN
2024-07-02 09:00:00,Japan,Japan,JP,429.12,511.92,21.64,13.33,,true,ESTIMATED_MODE_BREAKDOWN
2024-07-02 10:00:00,Japan,Japan,JP,433.97,516.91,20.76,12.18,,true,ESTIMATED_MODE_BREAKDOWN
2024-07-02 11:00:00,Japan,Japan,JP,433.01,516.05,20.92,12.0,,true,ESTIMATED_MODE_BREAKDOWN
2024-07-02 12:00:00,Japan,Japan,JP,430.5,513.46,21.37,12.0,,true,ESTIMATED_MODE_BREAKDOWN
2024-07-02 13:00:00,Japan,Japan,JP,427.69,509.95,21.89,11.98,,true,ESTIMATED_MODE_BREAKDOWN
2024-07-02 14:00:00,Japan,Japan,JP,426.06,507.54,22.2,11.95,,true,ESTIMATED_MODE_BREAKDOWN
2024-07-02 15:00:00,Japan,Japan,JP,420.86,501.76,23.15,11.99,,true,ESTIMATED_MODE_BREAKDOWN
2024-07-02 16:00:00,Japan,Japan,JP,417.27,497.91,23.8,12.01,,true,ESTIMATED_MODE_BREAKDOWN
2024-07-02 17:00:00,Japan,Japan,JP,416.85,497.57,23.87,12.07,,true,ESTIMATED_MODE_BREAKDOWN
2024-07-02 18:00:00,Japan,Japan,JP,417.72,498.28,23.72,12.14,,true,ESTIMATED_MODE_BREAKDOWN
2024-07-02 19:00:00,Japan,Japan,JP,417.7,498.14,23.73,12.42,,true,ESTIMATED_MODE_BREAKDOWN
2024-07-02 20:00:00,Japan,Japan,JP,412.66,492.52,24.65,13.4,,true,ESTIMATED_MODE_BREAKDOWN
2024-07-02 21:00:00,Japan,Japan,JP,390.01,468.67,28.77,17.84,,true,ESTIMATED_MODE_BREAKDOWN
2024-07-02 22:00:00,Japan,Japan,JP,354.22,430.33,35.29,25.21,,true,ESTIMATED_MODE_BREAKDOWN
2024-07-02 23:00:00,Japan,Japan,JP,325.8,399.65,40.48,31.71,,true,ESTIMATED_MODE_BREAKDOWN
2024-07-03 00:00:00,Japan,Japan,JP,301.05,373.48,44.98,36.97,,true,ESTIMATED_MODE_BREAKDOWN
2024-07-03 01:00:00,Japan,Japan,JP,281.18,351.94,48.61,40.84,,true,ESTIMATED_MODE_BREAKDOWN
2024-07-03 02:00:00,Japan,Japan,JP,272.76,342.84,50.14,42.57,,true,ESTIMATED_MODE_BREAKDOWN
2024-07-03 03:00:00,Japan,Japan,JP,273.61,343.79,49.98,42.24,,true,ESTIMATED_MODE_BREAKDOWN
2024-07-03 04:00:00,Japan,Japan,JP,294.8,366.86,46.12,38.61,,true,ESTIMATED_MODE_BREAKDOWN
2024-07-03 05:00:00,Japan,Japan,JP,318.76,392.81,41.75,34.32,,true,ESTIMATED_MODE_BREAKDOWN
2024-07-03 06:00:00,Japan,Japan,JP,345.54,421.79,36.87,29.4,,true,ESTIMATED_MODE_BREAKDOWN
2024-07-03 07:00:00,Japan,Japan,JP,380.69,459.62,30.47,23.0,,true,ESTIMATED_MODE_BREAKDOWN
2024-07-03 08:00:00,Japan,Japan,JP,408.87,490.07,25.33,17.66,,true,ESTIMATED_MODE_BREAKDOWN
2024-07-03 09:00:00,Japan,Japan,JP,428.75,510.97,21.72,13.86,,true,ESTIMATED_MODE_BREAKDOWN
2024-07-03 10:00:00,Japan,Japan,JP,433.91,516.49,20.78,12.68,,true,ESTIMATED_MODE_BREAKDOWN
2024-07-03 11:00:00,Japan,Japan,JP,432.67,515.27,21.0,12.5,,true,ESTIMATED_MODE_BREAKDOWN
2024-07-03 12:00:00,Japan,Japan,JP,430.37,512.51,21.42,12.44,,true,ESTIMATED_MODE_BREAKDOWN
2024-07-03 13:00:00,Japan,Japan,JP,427.67,509.66,21.9,12.4,,true,ESTIMATED_MODE_BREAKDOWN
2024-07-03 14:00:00,Japan,Japan,JP,426.2,507.46,22.18,12.34,,true,ESTIMATED_MODE_BREAKDOWN
2024-07-03 15:00:00,Japan,Japan,JP,421.71,502.09,23.01,12.28,,true,ESTIMATED_MODE_BREAKDOWN
2024-07-03 16:00:00,Japan,Japan,JP,417.97,498.42,23.67,12.31,,true,ESTIMATED_MODE_BREAKDOWN
2024-07-03 17:00:00,Japan,Japan,JP,417.35,497.66,23.79,12.33,,true,ESTIMATED_MODE_BREAKDOWN
2024-07-03 18:00:00,Japan,Japan,JP,418.1,498.39,23.66,12.34,,true,ESTIMATED_MODE_BREAKDOWN
2024-07-03 19:00:00,Japan,Japan,JP,417.75,497.75,23.73,12.61,,true,ESTIMATED_MODE_BREAKDOWN
2024-07-03 20:00:00,Japan,Japan,JP,413.6,492.93,24.5,13.51,,true,ESTIMATED_MODE_BREAKDOWN
2024-07-03 21:00:00,Japan,Japan,JP,391.72,469.76,28.47,17.92,,true,ESTIMATED_MODE_BREAKDOWN
2024-07-03 22:00:00,Japan,Japan,JP,356.18,432.23,34.94,25.26,,true,ESTIMATED_MODE_BREAKDOWN
2024-07-03 23:00:00,Japan,Japan,JP,330.34,404.19,39.66,31.21,,true,ESTIMATED_MODE_BREAKDOWN
2024-07-04 00:00:00,Japan,Japan,JP,314.1,386.85,42.62,34.95,,true,ESTIMATED_MODE_BREAKDOWN
2024-07-04 01:00:00,Japan,Japan,JP,300.16,371.74,45.16,37.65,,true,ESTIMATED_MODE_BREAKDOWN
2024-07-04 02:00:00,Japan,Japan,JP,293.03,363.75,46.47,39.02,,true,ESTIMATED_MODE_BREAKDOWN
2024-07-04 03:00:00,Japan,Japan,JP,286.42,356.5,47.67,40.03,,true,ESTIMATED_MODE_BREAKDOWN
2024-07-04 04:00:00,Japan,Japan,JP,301.54,372.71,44.92,37.56,,true,ESTIMATED_MODE_BREAKDOWN
2024-07-04 05:00:00,Japan,Japan,JP,317.0,389.59,42.1,34.8,,true,ESTIMATED_MODE_BREAKDOWN
2024-07-04 06:00:00,Japan,Japan,JP,341.81,415.84,37.59,30.23,,true,ESTIMATED_MODE_BREAKDOWN
2024-07-04 07:00:00,Japan,Japan,JP,374.91,451.71,31.56,24.22,,true,ESTIMATED_MODE_BREAKDOWN
2024-07-04 08:00:00,Japan,Japan,JP,405.91,485.94,25.89,18.35,,true,ESTIMATED_MODE_BREAKDOWN
2024-07-04 09:00:00,Japan,Japan,JP,428.4,510.05,21.79,14.03,,true,ESTIMATED_MODE_BREAKDOWN
2024-07-04 10:00:00,Japan,Japan,JP,435.04,517.49,20.58,12.51,,true,ESTIMATED_MODE_BREAKDOWN
2024-07-04 11:00:00,Japan,Japan,JP,433.98,516.6,20.76,12.31,,true,ESTIMATED_MODE_BREAKDOWN
2024-07-04 12:00:00,Japan,Japan,JP,432.0,514.48,21.12,12.22,,true,ESTIMATED_MODE_BREAKDOWN
2024-07-04 13:00:00,Japan,Japan,JP,429.22,511.63,21.62,12.21,,true,ESTIMATED_MODE_BREAKDOWN
2024-07-04 14:00:00,Japan,Japan,JP,427.62,509.3,21.92,12.12,,true,ESTIMATED_MODE_BREAKDOWN
2024-07-04 15:00:00,Japan,Japan,JP,421.06,501.63,23.12,12.14,,true,ESTIMATED_MODE_BREAKDOWN
2024-07-04 16:00:00,Japan,Japan,JP,419.0,499.86,23.48,12.19,,true,ESTIMATED_MODE_BREAKDOWN
2024-07-04 17:00:00,Japan,Japan,JP,417.54,498.32,23.75,12.21,,true,ESTIMATED_MODE_BREAKDOWN
2024-07-04 18:00:00,Japan,Japan,JP,418.72,499.51,23.53,12.24,,true,ESTIMATED_MODE_BREAKDOWN
2024-07-04 19:00:00,Japan,Japan,JP,418.19,498.65,23.64,12.5,,true,ESTIMATED_MODE_BREAKDOWN
2024-07-04 20:00:00,Japan,Japan,JP,412.13,491.66,24.76,13.75,,true,ESTIMATED_MODE_BREAKDOWN
2024-07-04 21:00:00,Japan,Japan,JP,383.53,461.1,29.96,19.46,,true,ESTIMATED_MODE_BREAKDOWN
2024-07-04 22:00:00,Japan,Japan,JP,341.14,415.89,37.68,28.06,,true,ESTIMATED_MODE_BREAKDOWN
2024-07-04 23:00:00,Japan,Japan,JP,314.89,387.86,42.47,34.14,,true,ESTIMATED_MODE_BREAKDOWN
2024-07-05 00:00:00,Japan,Japan,JP,293.68,365.1,46.34,38.71,,true,ESTIMATED_MODE_BREAKDOWN
2024-07-05 01:00:00,Japan,Japan,JP,277.09,347.11,49.36,42.01,,true,ESTIMATED_MODE_BREAKDOWN
2024-07-05 02:00:00,Japan,Japan,JP,268.77,337.89,50.89,43.62,,true,ESTIMATED_MODE_BREAKDOWN
2024-07-05 03:00:00,Japan,Japan,JP,266.76,335.67,51.25,43.81,,true,ESTIMATED_MODE_BREAKDOWN
2024-07-05 04:00:00,Japan,Japan,JP,285.63,356.16,47.81,40.63,,true,ESTIMATED_MODE_BREAKDOWN
2024-07-05 05:00:00,Japan,Japan,JP,311.14,383.99,43.15,36.04,,true,ESTIMATED_MODE_BREAKDOWN
2024-07-05 06:00:00,Japan,Japan,JP,342.58,418.23,37.42,30.29,,true,ESTIMATED_MODE_BREAKDOWN
2024-07-05 07:00:00,Japan,Japan,JP,379.59,458.21,30.67,23.54,,true,ESTIMATED_MODE_BREAKDOWN
2024-07-05 08:00:00,Japan,Japan,JP,409.84,490.75,25.16,17.78,,true,ESTIMATED_MODE_BREAKDOWN
2024-07-05 09:00:00,Japan,Japan,JP,430.42,512.75,21.42,13.77,,true,ESTIMATED_MODE_BREAKDOWN
2024-07-05 10:00:00,Japan,Japan,JP,435.51,517.77,20.5,12.58,,true,ESTIMATED_MODE_BREAKDOWN
2024-07-05 11:00:00,Japan,Japan,JP,434.39,516.63,20.7,12.4,,true,ESTIMATED_MODE_BREAKDOWN
2024-07-05 12:00:00,Japan,Japan,JP,431.98,514.31,21.13,12.39,,true,ESTIMATED_MODE_BREAKDOWN
2024-07-05 13:00:00,Japan,Japan,JP,429.32,511.34,21.61,12.42,,true,ESTIMATED_MODE_BREAKDOWN
2024-07-05 14:00:00,Japan,Japan,JP,427.47,508.66,21.96,12.43,,true,ESTIMATED_MODE_BREAKDOWN
2024-07-05 15:00:00,Japan,Japan,JP,421.55,501.95,23.03,12.54,,true,ESTIMATED_MODE_BREAKDOWN
2024-07-05 16:00:00,Japan,Japan,JP,417.54,497.82,23.76,12.63,,true,ESTIMATED_MODE_BREAKDOWN
2024-07-05 17:00:00,Japan,Japan,JP,416.11,496.35,24.01,12.64,,true,ESTIMATED_MODE_BREAKDOWN
2024-07-05 18:00:00,Japan,Japan,JP,417.18,497.43,23.82,12.57,,true,ESTIMATED_MODE_BREAKDOWN
2024-07-05 19:00:00,Japan,Japan,JP,417.38,497.21,23.8,12.66,,true,ESTIMATED_MODE_BREAKDOWN
2024-07-05 20:00:00,Japan,Japan,JP,410.96,489.9,24.98,13.71,,true,ESTIMATED_MODE_BREAKDOWN
2024-07-05 21:00:00,Japan,Japan,JP,385.08,462.45,29.68,18.63,,true,ESTIMATED_MODE_BREAKDOWN
2024-07-05 22:00:00,Japan,Japan,JP,342.54,416.31,37.44,27.04,,true,ESTIMATED_MODE_BREAKDOWN
2024-07-05 23:00:00,Japan,Japan,JP,308.24,379.25,43.71,34.4,,true,ESTIMATED_MODE_BREAKDOWN
2024-07-06 00:00:00,Japan,Japan,JP,285.31,355.15,47.87,39.31,,true,ESTIMATED_MODE_BREAKDOWN
2024-07-06 01:00:00,Japan,Japan,JP,268.23,336.93,50.98,42.73,,true,ESTIMATED_MODE_BREAKDOWN
2024-07-06 02:00:00,Japan,Japan,JP,265.42,333.95,51.49,43.36,,true,ESTIMATED_MODE_BREAKDOWN
2024-07-06 03:00:00,Japan,Japan,JP,263.84,332.24,51.78,43.53,,true,ESTIMATED_MODE_BREAKDOWN
2024-07-06 04:00:00,Japan,Japan,JP,275.86,345.39,49.59,41.45,,true,ESTIMATED_MODE_BREAKDOWN
2024-07-06 05:00:00,Japan,Japan,JP,297.27,368.94,45.67,37.58,,true,ESTIMATED_MODE_BREAKDOWN
2024-07-06 06:00:00,Japan,Japan,JP,328.28,402.71,40.02,31.96,,true,ESTIMATED_MODE_BREAKDOWN
2024-07-06 07:00:00,Japan,Japan,JP,369.31,446.93,32.54,24.53,,true,ESTIMATED_MODE_BREAKDOWN
2024-07-06 08:00:00,Japan,Japan,JP,403.61,483.26,26.31,18.16,,true,ESTIMATED_MODE_BREAKDOWN
2024-07-06 09:00:00,Japan,Japan,JP,426.12,507.34,22.21,13.93,,true,ESTIMATED_MODE_BREAKDOWN
2024-07-06 10:00:00,Japan,Japan,JP,433.38,515.15,20.89,12.4,,true,ESTIMATED_MODE_BREAKDOWN
2024-07-06 11:00:00,Japan,Japan,JP,432.64,513.09,21.05,12.16,,true,ESTIMATED_MODE_BREAKDOWN
2024-07-06 12:00:00,Japan,Japan,JP,430.21,510.37,21.49,12.12,,true,ESTIMATED_MODE_BREAKDOWN
2024-07-06 13:00:00,Japan,Japan,JP,427.37,506.85,22.01,12.11,,true,ESTIMATED_MODE_BREAKDOWN
2024-07-06 14:00:00,Japan,Japan,JP,425.24,504.2,22.41,12.06,,true,ESTIMATED_MODE_BREAKDOWN
2024-07-06 15:00:00,Japan,Japan,JP,420.32,497.8,23.32,12.04,,true,ESTIMATED_MODE_BREAKDOWN
2024-07-06 16:00:00,Japan,Japan,JP,417.18,494.72,23.88,12.07,,true,ESTIMATED_MODE_BREAKDOWN
2024-07-06 17:00:00,Japan,Japan,JP,415.18,495.59,24.18,12.16,,true,ESTIMATED_MODE_BREAKDOWN
2024-07-06 18:00:00,Japan,Japan,JP,415.72,495.95,24.09,12.2,,true,ESTIMATED_MODE_BREAKDOWN
2024-07-06 19:00:00,Japan,Japan,JP,416.04,496.11,24.03,12.37,,true,ESTIMATED_MODE_BREAKDOWN
2024-07-06 20:00:00,Japan,Japan,JP,410.27,489.51,25.09,13.37,,true,ESTIMATED_MODE_BREAKDOWN
2024-07-06 21:00:00,Japan,Japan,JP,379.54,456.44,30.69,19.16,,true,ESTIMATED_MODE_BREAKDOWN
2024-07-06 22:00:00,Japan,Japan,JP,329.39,402.87,39.82,28.98,,true,ESTIMATED_MODE_BREAKDOWN
2024-07-06 23:00:00,Japan,Japan,JP,289.88,360.45,47.02,37.16,,true,ESTIMATED_MODE_BREAKDOWN
2024-07-07 00:00:00,Japan,Japan,JP,268.07,337.23,50.99,41.97,,true,ESTIMATED_MODE_BREAKDOWN
2024-07-07 01:00:00,Japan,Japan,JP,250.51,318.03,54.2,45.54,,true,ESTIMATED_MODE_BREAKDOWN
2024-07-07 02:00:00,Japan,Japan,JP,241.62,308.19,55.83,47.3,,true,ESTIMATED_MODE_BREAKDOWN
2024-07-07 03:00:00,Japan,Japan,JP,241.76,308.3,55.8,47.3,,true,ESTIMATED_MODE_BREAKDOWN
2024-07-07 04:00:00,Japan,Japan,JP,254.71,322.57,53.44,45.03,,true,ESTIMATED_MODE_BREAKDOWN
2024-07-07 05:00:00,Japan,Japan,JP,278.57,348.78,49.08,40.67,,true,ESTIMATED_MODE_BREAKDOWN
2024-07-07 06:00:00,Japan,Japan,JP,313.73,386.71,42.67,34.25,,true,ESTIMATED_MODE_BREAKDOWN
2024-07-07 07:00:00,Japan,Japan,JP,358.36,434.84,34.54,26.23,,true,ESTIMATED_MODE_BREAKDOWN
2024-07-07 08:00:00,Japan,Japan,JP,399.47,478.92,27.06,18.92,,true,ESTIMATED_MODE_BREAKDOWN
2024-07-07 09:00:00,Japan,Japan,JP,426.44,507.61,22.15,13.99,,true,ESTIMATED_MODE_BREAKDOWN
2024-07-07 10:00:00,Japan,Japan,JP,433.19,514.85,20.92,12.57,,true,ESTIMATED_MODE_BREAKDOWN
2024-07-07 11:00:00,Japan,Japan,JP,432.07,513.56,21.13,12.42,,true,ESTIMATED_MODE_BREAKDOWN
2024-07-07 12:00:00,Japan,Japan,JP,429.84,511.16,21.53,12.41,,true,ESTIMATED_MODE_BREAKDOWN
2024-07-07 13:00:00,Japan,Japan,JP,426.7,507.38,22.11,12.39,,true,ESTIMATED_MODE_BREAKDOWN
2024-07-07 14:00:00,Japan,Japan,JP,424.41,504.77,22.52,12.38,,true,ESTIMATED_MODE_BREAKDOWN
2024-07-07 15:00:00,Japan,Japan,JP,419.02,498.71,23.5,12.38,,true,ESTIMATED_MODE_BREAKDOWN
2024-07-07 16:00:00,Japan,Japan,JP,415.54,495.47,24.12,12.37,,true,ESTIMATED_MODE_BREAKDOWN
2024-07-07 17:00:00,Japan,Japan,JP,414.8,495.03,24.25,12.38,,true,ESTIMATED_MODE_BREAKDOWN
2024-07-07 18:00:00,Japan,Japan,JP,415.58,495.86,24.11,12.44,,true,ESTIMATED_MODE_BREAKDOWN
2024-07-07 19:00:00,Japan,Japan,JP,415.22,495.96,24.16,12.73,,true,ESTIMATED_MODE_BREAKDOWN
2024-07-07 20:00:00,Japan,Japan,JP,411.99,492.35,24.76,13.57,,true,ESTIMATED_MODE_BREAKDOWN
2024-07-07 21:00:00,Japan,Japan,JP,390.0,469.16,28.76,18.18,,true,ESTIMATED_MODE_BREAKDOWN
2024-07-07 22:00:00,Japan,Japan,JP,359.85,437.14,34.25,24.75,,true,ESTIMATED_MODE_BREAKDOWN
2024-07-07 23:00:00,Japan,Japan,JP,336.38,411.71,38.54,30.38,,true,ESTIMATED_MODE_BREAKDOWN
2024-07-08 00:00:00,Japan,Japan,JP,321.63,395.85,41.23,33.86,,true,ESTIMATED_MODE_BREAKDOWN
2024-07-08 01:00:00,Japan,Japan,JP,308.82,381.87,43.57,36.37,,true,ESTIMATED_MODE_BREAKDOWN
2024-07-08 02:00:00,Japan,Japan,JP,299.2,371.08,45.33,38.22,,true,ESTIMATED_MODE_BREAKDOWN
2024-07-08 03:00:00,Japan,Japan,JP,291.81,362.69,46.69,39.39,,true,ESTIMATED_MODE_BREAKDOWN
2024-07-08 04:00:00,Japan,Japan,JP,305.9,378.01,44.12,37.07,,true,ESTIMATED_MODE_BREAKDOWN
2024-07-08 05:00:00,Japan,Japan,JP,325.62,399.48,40.52,33.55,,true,ESTIMATED_MODE_BREAKDOWN
2024-07-08 06:00:00,Japan,Japan,JP,354.23,430.52,35.3,28.3,,true,ESTIMATED_MODE_BREAKDOWN
2024-07-08 07:00:00,Japan,Japan,JP,386.57,465.35,29.41,22.41,,true,ESTIMATED_MODE_BREAKDOWN
2024-07-08 08:00:00,Japan,Japan,JP,413.56,494.53,24.49,17.25,,true,ESTIMATED_MODE_BREAKDOWN
2024-07-08 09:00:00,Japan,Japan,JP,433.18,515.72,20.92,13.43,,true,ESTIMATED_MODE_BREAKDOWN
2024-07-08 10:00:00,Japan,Japan,JP,436.99,519.73,20.22,12.47,,true,ESTIMATED_MODE_BREAKDOWN
2024-07-08 11:00:00,Japan,Japan,JP,435.84,518.56,20.43,12.36,,true,ESTIMATED_MODE_BREAKDOWN
2024-07-08 12:00:00,Japan,Japan,JP,433.48,515.94,20.85,12.33,,true,ESTIMATED_MODE_BREAKDOWN
2024-07-08 13:00:00,Japan,Japan,JP,430.61,513.04,21.37,12.35,,true,ESTIMATED_MODE_BREAKDOWN
2024-07-08 14:00:00,Japan,Japan,JP,428.59,510.61,21.74,12.36,,true,ESTIMATED_MODE_BREAKDOWN
2024-07-08 15:00:00,Japan,Japan,JP,423.01,503.81,22.76,12.31,,true,ESTIMATED_MODE_BREAKDOWN
2024-07-08 16:00:00,Japan,Japan,JP,419.5,500.27,23.39,12.39,,true,ESTIMATED_MODE_BREAKDOWN
2024-07-08 17:00:00,Japan,Japan,JP,418.55,499.44,23.56,12.42,,true,ESTIMATED_MODE_BREAKDOWN
2024-07-08 18:00:00,Japan,Japan,JP,418.96,499.74,23.49,12.47,,true,ESTIMATED_MODE_BREAKDOWN
2024-07-08 19:00:00,Japan,Japan,JP,418.7,499.22,23.55,12.67,,true,ESTIMATED_MODE_BREAKDOWN
2024-07-08 20:00:00,Japan,Japan,JP,415.28,495.28,24.18,13.43,,true,ESTIMATED_MODE_BREAKDOWN
2024-07-08 21:00:00,Japan,Japan,JP,397.69,476.83,27.37,17.06,,true,ESTIMATED_MODE_BREAKDOWN
2024-07-08 22:00:00,Japan,Japan,JP,371.09,448.73,32.21,22.85,,true,ESTIMATED_MODE_BREAKDOWN
2024-07-08 23:00:00,Japan,Japan,JP,353.85,429.69,35.37,27.24,,true,ESTIMATED_MODE_BREAKDOWN
2024-07-09 00:00:00,Japan,Japan,JP,339.5,414.12,38.0,30.56,,true,ESTIMATED_MODE_BREAKDOWN
2024-07-09 01:00:00,Japan,Japan,JP,324.3,397.32,40.78,33.56,,true,ESTIMATED_MODE_BREAKDOWN
2024-07-09 02:00:00,Japan,Japan,JP,320.76,393.41,41.42,34.18,,true,ESTIMATED_MODE_BREAKDOWN
2024-07-09 03:00:00,Japan,Japan,JP,316.6,389.16,42.17,34.69,,true,ESTIMATED_MODE_BREAKDOWN
2024-07-09 04:00:00,Japan,Japan,JP,327.46,401.47,40.18,32.92,,true,ESTIMATED_MODE_BREAKDOWN
2024-07-09 05:00:00,Japan,Japan,JP,343.57,419.04,37.24,30.07,,true,ESTIMATED_MODE_BREAKDOWN
2024-07-09 06:00:00,Japan,Japan,JP,366.59,443.87,33.05,25.81,,true,ESTIMATED_MODE_BREAKDOWN
2024-07-09 07:00:00,Japan,Japan,JP,395.29,474.73,27.82,20.56,,true,ESTIMATED_MODE_BREAKDOWN
2024-07-09 08:00:00,Japan,Japan,JP,416.42,496.75,23.99,16.48,,true,ESTIMATED_MODE_BREAKDOWN
2024-07-09 09:00:00,Japan,Japan,JP,431.64,513.03,21.22,13.57,,true,ESTIMATED_MODE_BREAKDOWN
2024-07-09 10:00:00,Japan,Japan,JP,436.6,518.19,20.32,12.33,,true,ESTIMATED_MODE_BREAKDOWN
2024-07-09 11:00:00,Japan,Japan,JP,435.1,516.38,20.59,12.21,,true,ESTIMATED_MODE_BREAKDOWN
2024-07-09 12:00:00,Japan,Japan,JP,432.92,514.17,20.98,12.19,,true,ESTIMATED_MODE_BREAKDOWN
2024-07-09 13:00:00,Japan,Japan,JP,430.12,511.19,21.49,12.18,,true,ESTIMATED_MODE_BREAKDOWN
2024-07-09 14:00:00,Japan,Japan,JP,427.94,508.86,21.88,12.21,,true,ESTIMATED_MODE_BREAKDOWN
2024-07-09 15:00:00,Japan,Japan,JP,422.51,502.96,22.86,12.23,,true,ESTIMATED_MODE_BREAKDOWN
2024-07-09 16:00:00,Japan,Japan,JP,419.64,500.34,23.37,12.28,,true,ESTIMATED_MODE_BREAKDOWN
2024-07-09 17:00:00,Japan,Japan,JP,417.55,498.22,23.75,12.29,,true,ESTIMATED_MODE_BREAKDOWN
2024-07-09 18:00:00,Japan,Japan,JP,417.88,498.52,23.69,12.29,,true,ESTIMATED_MODE_BREAKDOWN
2024-07-09 19:00:00,Japan,Japan,JP,419.15,499.69,23.47,12.49,,true,ESTIMATED_MODE_BREAKDOWN
2024-07-09 20:00:00,Japan,Japan,JP,414.47,493.95,24.33,13.16,,true,ESTIMATED_MODE_BREAKDOWN
2024-07-09 21:00:00,Japan,Japan,JP,400.17,479.02,26.93,16.52,,true,ESTIMATED_MODE_BREAKDOWN
2024-07-09 22:00:00,Japan,Japan,JP,374.64,452.02,31.58,21.98,,true,ESTIMATED_MODE_BREAKDOWN
2024-07-09 23:00:00,Japan,Japan,JP,354.81,430.89,35.2,26.79,,true,ESTIMATED_MODE_BREAKDOWN
2024-07-10 00:00:00,Japan,Japan,JP,344.42,419.2,37.11,29.43,,true,ESTIMATED_MODE_BREAKDOWN
2024-07-10 01:00:00,Japan,Japan,JP,331.95,405.86,39.38,31.87,,true,ESTIMATED_MODE_BREAKDOWN
2024-07-10 02:00:00,Japan,Japan,JP,328.35,401.37,40.05,32.67,,true,ESTIMATED_MODE_BREAKDOWN
2024-07-10 03:00:00,Japan,Japan,JP,331.35,403.93,39.51,31.8,,true,ESTIMATED_MODE_BREAKDOWN
2024-07-10 04:00:00,Japan,Japan,JP,350.14,424.61,36.08,28.63,,true,ESTIMATED_MODE_BREAKDOWN
2024-07-10 05:00:00,Japan,Japan,JP,368.88,445.06,32.66,25.12,,true,ESTIMATED_MODE_BREAKDOWN
2024-07-10 06:00:00,Japan,Japan,JP,389.5,467.65,28.89,21.21,,true,ESTIMATED_MODE_BREAKDOWN
2024-07-10 07:00:00,Japan,Japan,JP,410.81,490.82,25.01,17.36,,true,ESTIMATED_MODE_BREAKDOWN
2024-07-10 08:00:00,Japan,Japan,JP,426.17,507.58,22.2,14.32,,true,ESTIMATED_MODE_BREAKDOWN
2024-07-10 09:00:00,Japan,Japan,JP,434.07,516.21,20.76,12.81,,true,ESTIMATED_MODE_BREAKDOWN
2024-07-10 10:00:00,Japan,Japan,JP,435.12,516.99,20.57,12.3,,true,ESTIMATED_MODE_BREAKDOWN
2024-07-10 11:00:00,Japan,Japan,JP,433.28,515.13,20.9,12.28,,true,ESTIMATED_MODE_BREAKDOWN
2024-07-10 12:00:00,Japan,Japan,JP,431.25,512.67,21.28,12.23,,true,ESTIMATED_MODE_BREAKDOWN
2024-07-10 13:00:00,Japan,Japan,JP,428.75,510.39,21.72,12.31,,true,ESTIMATED_MODE_BREAKDOWN
2024-07-10 14:00:00,Japan,Japan,JP,426.73,508.2,22.08,12.33,,true,ESTIMATED_MODE_BREAKDOWN
2024-07-10 15:00:00,Japan,Japan,JP,421.13,501.89,23.1,12.37,,true,ESTIMATED_MODE_BREAKDOWN
2024-07-10 16:00:00,Japan,Japan,JP,417.74,498.6,23.7,12.46,,true,ESTIMATED_MODE_BREAKDOWN
2024-07-10 17:00:00,Japan,Japan,JP,416.7,497.62,23.89,12.45,,true,ESTIMATED_MODE_BREAKDOWN
2024-07-10 18:00:00,Japan,Japan,JP,417.99,499.01,23.66,12.42,,true,ESTIMATED_MODE_BREAKDOWN
2024-07-10 19:00:00,Japan,Japan,JP,417.94,498.64,23.68,12.61,,true,ESTIMATED_MODE_BREAKDOWN
2024-07-10 20:00:00,Japan,Japan,JP,416.01,495.97,24.04,13.14,,true,ESTIMATED_MODE_BREAKDOWN
2024-07-10 21:00:00,Japan,Japan,JP,408.6,488.06,25.39,14.88,,true,ESTIMATED_MODE_BREAKDOWN
2024-07-10 22:00:00,Japan,Japan,JP,393.45,471.7,28.16,18.41,,true,ESTIMATED_MODE_BREAKDOWN
2024-07-10 23:00:00,Japan,Japan,JP,380.36,456.8,30.58,21.91,,true,ESTIMATED_MODE_BREAKDOWN
2024-07-11 00:00:00,Japan,Japan,JP,368.45,443.5,32.76,24.65,,true,ESTIMATED_MODE_BREAKDOWN
2024-07-11 01:00:00,Japan,Japan,JP,353.57,427.29,35.48,27.41,,true,ESTIMATED_MODE_BREAKDOWN
2024-07-11 02:00:00,Japan,Japan,JP,344.23,417.19,37.18,29.2,,true,ESTIMATED_MODE_BREAKDOWN
2024-07-11 03:00:00,Japan,Japan,JP,334.94,408.16,38.85,30.63,,true,ESTIMATED_MODE_BREAKDOWN
2024-07-11 04:00:00,Japan,Japan,JP,349.06,424.21,36.26,28.33,,true,ESTIMATED_MODE_BREAKDOWN
2024-07-11 05:00:00,Japan,Japan,JP,364.49,441.51,33.43,25.49,,true,ESTIMATED_MODE_BREAKDOWN
2024-07-11 06:00:00,Japan,Japan,JP,382.42,461.2,30.15,22.08,,true,ESTIMATED_MODE_BREAKDOWN
2024-07-11 07:00:00,Japan,Japan,JP,406.61,486.98,25.75,17.75,,true,ESTIMATED_MODE_BREAKDOWN
2024-07-11 08:00:00,Japan,Japan,JP,424.55,506.49,22.48,14.23,,true,ESTIMATED_MODE_BREAKDOWN
2024-07-11 09:00:00,Japan,Japan,JP,433.22,516.05,20.89,12.52,,true,ESTIMATED_MODE_BREAKDOWN
2024-07-11 10:00:00,Japan,Japan,JP,434.88,517.94,20.59,12.0,,true,ESTIMATED_MODE_BREAKDOWN
2024-07-11 11:00:00,Japan,Japan,JP,433.35,515.99,20.87,11.94,,true,ESTIMATED_MODE_BREAKDOWN
2024-07-11 12:00:00,Japan,Japan,JP,430.88,513.18,21.32,11.94,,true,ESTIMATED_MODE_BREAKDOWN
2024-07-11 13:00:00,Japan,Japan,JP,428.07,510.48,21.82,11.94,,true,ESTIMATED_MODE_BREAKDOWN
2024-07-11 14:00:00,Japan,Japan,JP,426.07,508.29,22.18,11.95,,true,ESTIMATED_MODE_BREAKDOWN
2024-07-11 15:00:00,Japan,Japan,JP,421.37,503.19,23.04,11.94,,true,ESTIMATED_MODE_BREAKDOWN
2024-07-11 16:00:00,Japan,Japan,JP,417.73,499.63,23.69,11.98,,true,ESTIMATED_MODE_BREAKDOWN
2024-07-11 17:00:00,Japan,Japan,JP,416.9,498.63,23.84,11.98,,true,ESTIMATED_MODE_BREAKDOWN
2024-07-11 18:00:00,Japan,Japan,JP,417.83,499.44,23.68,11.99,,true,ESTIMATED_MODE_BREAKDOWN
2024-07-11 19:00:00,Japan,Japan,JP,417.94,498.92,23.67,12.14,,true,ESTIMATED_MODE_BREAKDOWN
2024-07-11 20:00:00,Japan,Japan,JP,415.74,496.04,24.09,12.8,,true,ESTIMATED_MODE_BREAKDOWN
2024-07-11 21:00:00,Japan,Japan,JP,404.78,484.47,26.08,15.21,,true,ESTIMATED_MODE_BREAKDOWN
2024-07-11 22:00:00,Japan,Japan,JP,384.4,462.77,29.79,19.73,,true,ESTIMATED_MODE_BREAKDOWN
2024-07-11 23:00:00,Japan,Japan,JP,366.91,443.55,33.0,24.06,,true,ESTIMATED_MODE_BREAKDOWN
2024-07-12 00:00:00,Japan,Japan,JP,351.47,427.23,35.81,27.52,,true,ESTIMATED_MODE_BREAKDOWN
2024-07-12 01:00:00,Japan,Japan,JP,333.8,408.76,39.01,30.81,,true,ESTIMATED_MODE_BREAKDOWN
2024-07-12 02:00:00,Japan,Japan,JP,320.42,394.58,41.45,33.25,,true,ESTIMATED_MODE_BREAKDOWN
2024-07-12 03:00:00,Japan,Japan,JP,312.51,385.73,42.89,34.35,,true,ESTIMATED_MODE_BREAKDOWN
2024-07-12 04:00:00,Japan,Japan,JP,324.9,399.26,40.63,32.29,,true,ESTIMATED_MODE_BREAKDOWN
2024-07-12 05:00:00,Japan,Japan,JP,339.4,415.21,37.98,29.75,,true,ESTIMATED_MODE_BREAKDOWN
2024-07-12 06:00:00,Japan,Japan,JP,361.83,439.35,33.9,25.72,,true,ESTIMATED_MODE_BREAKDOWN
2024-07-12 07:00:00,Japan,Japan,JP,388.55,467.96,29.03,20.85,,true,ESTIMATED_MODE_BREAKDOWN
2024-07-12 08:00:00,Japan,Japan,JP,411.01,492.55,24.93,16.53,,true,ESTIMATED_MODE_BREAKDOWN
2024-07-12 09:00:00,Japan,Japan,JP,428.92,511.69,21.67,13.11,,true,ESTIMATED_MODE_BREAKDOWN
2024-07-12 10:00:00,Japan,Japan,JP,433.59,515.99,20.84,11.99,,true,ESTIMATED_MODE_BREAKDOWN
2024-07-12 11:00:00,Japan,Japan,JP,432.84,514.84,20.98,11.75,,true,ESTIMATED_MODE_BREAKDOWN
2024-07-12 12:00:00,Japan,Japan,JP,429.98,511.91,21.49,11.74,,true,ESTIMATED_MODE_BREAKDOWN
2024-07-12 13:00:00,Japan,Japan,JP,427.6,509.71,21.91,11.7,,true,ESTIMATED_MODE_BREAKDOWN
2024-07-12 14:00:00,Japan,Japan,JP,426.25,508.26,22.16,11.68,,true,ESTIMATED_MODE_BREAKDOWN
2024-07-12 15:00:00,Japan,Japan,JP,420.69,502.4,23.16,11.59,,true,ESTIMATED_MODE_BREAKDOWN
2024-07-12 16:00:00,Japan,Japan,JP,417.7,498.66,23.71,11.52,,true,ESTIMATED_MODE_BREAKDOWN
2024-07-12 17:00:00,Japan,Japan,JP,415.97,496.5,24.03,11.44,,true,ESTIMATED_MODE_BREAKDOWN
2024-07-12 18:00:00,Japan,Japan,JP,416.26,497.12,23.97,11.44,,true,ESTIMATED_MODE_BREAKDOWN
2024-07-12 19:00:00,Japan,Japan,JP,417.75,498.62,23.71,11.67,,true,ESTIMATED_MODE_BREAKDOWN
2024-07-12 20:00:00,Japan,Japan,JP,411.48,491.22,24.87,12.85,,true,ESTIMATED_MODE_BREAKDOWN
2024-07-12 21:00:00,Japan,Japan,JP,385.86,463.64,29.53,17.54,,true,ESTIMATED_MODE_BREAKDOWN
2024-07-12 22:00:00,Japan,Japan,JP,346.35,419.7,36.76,25.29,,true,ESTIMATED_MODE_BREAKDOWN
2024-07-12 23:00:00,Japan,Japan,JP,313.63,383.67,42.75,32.32,,true,ESTIMATED_MODE_BREAKDOWN
2024-07-13 00:00:00,Japan,Japan,JP,292.46,360.55,46.62,36.91,,true,ESTIMATED_MODE_BREAKDOWN
2024-07-13 01:00:00,Japan,Japan,JP,275.97,341.85,49.65,40.18,,true,ESTIMATED_MODE_BREAKDOWN
2024-07-13 02:00:00,Japan,Japan,JP,271.02,336.85,50.54,41.26,,true,ESTIMATED_MODE_BREAKDOWN
2024-07-13 03:00:00,Japan,Japan,JP,275.79,343.19,49.65,40.33,,true,ESTIMATED_MODE_BREAKDOWN
2024-07-13 04:00:00,Japan,Japan,JP,297.81,368.31,45.6,36.29,,true,ESTIMATED_MODE_BREAKDOWN
2024-07-13 05:00:00,Japan,Japan,JP,324.69,398.45,40.68,31.33,,true,ESTIMATED_MODE_BREAKDOWN
2024-07-13 06:00:00,Japan,Japan,JP,358.14,435.27,34.56,25.25,,true,ESTIMATED_MODE_BREAKDOWN
2024-07-13 07:00:00,Japan,Japan,JP,389.68,469.53,28.81,19.66,,true,ESTIMATED_MODE_BREAKDOWN
2024-07-13 08:00:00,Japan,Japan,JP,413.9,495.85,24.39,15.2,,true,ESTIMATED_MODE_BREAKDOWN
2024-07-13 09:00:00,Japan,Japan,JP,428.28,511.33,21.77,12.59,,true,ESTIMATED_MODE_BREAKDOWN
2024-07-13 10:00:00,Japan,Japan,JP,431.88,514.96,21.12,11.78,,true,ESTIMATED_MODE_BREAKDOWN
2024-07-13 11:00:00,Japan,Japan,JP,430.41,513.27,21.39,11.67,,true,ESTIMATED_MODE_BREAKDOWN
2024-07-13 12:00:00,Japan,Japan,JP,428.19,510.94,21.79,11.61,,true,ESTIMATED_MODE_BREAKDOWN
2024-07-13 13:00:00,Japan,Japan,JP,425.35,508.01,22.3,11.55,,true,ESTIMATED_MODE_BREAKDOWN
2024-07-13 14:00:00,Japan,Japan,JP,424.04,505.87,22.55,11.53,,true,ESTIMATED_MODE_BREAKDOWN
2024-07-13 15:00:00,Japan,Japan,JP,419.29,500.24,23.43,11.41,,true,ESTIMATED_MODE_BREAKDOWN
2024-07-13 16:00:00,Japan,Japan,JP,415.81,496.27,24.06,11.29,,true,ESTIMATED_MODE_BREAKDOWN
2024-07-13 17:00:00,Japan,Japan,JP,415.5,495.75,24.12,11.33,,true,ESTIMATED_MODE_BREAKDOWN
2024-07-13 18:00:00,Japan,Japan,JP,416.24,496.26,23.99,11.42,,true,ESTIMATED_MODE_BREAKDOWN
2024-07-13 19:00:00,Japan,Japan,JP,416.55,496.3,23.95,11.61,,true,ESTIMATED_MODE_BREAKDOWN
2024-07-13 20:00:00,Japan,Japan,JP,412.31,491.62,24.72,12.49,,true,ESTIMATED_MODE_BREAKDOWN
2024-07-13 21:00:00,Japan,Japan,JP,396.31,474.68,27.63,15.36,,true,ESTIMATED_MODE_BREAKDOWN
2024-07-13 22:00:00,Japan,Japan,JP,367.93,443.65,32.81,20.99,,true,ESTIMATED_MODE_BREAKDOWN
2024-07-13 23:00:00,Japan,Japan,JP,342.66,416.71,37.42,26.66,,true,ESTIMATED_MODE_BREAKDOWN
2024-07-14 00:00:00,Japan,Japan,JP,324.57,397.03,40.72,30.6,,true,ESTIMATED_MODE_BREAKDOWN
2024-07-14 01:00:00,Japan,Japan,JP,310.14,381.15,43.36,33.51,,true,ESTIMATED_MODE_BREAKDOWN
2024-07-14 02:00:00,Japan,Japan,JP,304.34,374.01,44.44,34.66,,true,ESTIMATED_MODE_BREAKDOWN
2024-07-14 03:00:00,Japan,Japan,JP,306.71,376.83,44.0,34.17,,true,ESTIMATED_MODE_BREAKDOWN
2024-07-14 04:00:00,Japan,Japan,JP,318.4,390.56,41.85,32.09,,true,ESTIMATED_MODE_BREAKDOWN
2024-07-14 05:00:00,Japan,Japan,JP,339.96,413.64,37.92,28.29,,true,ESTIMATED_MODE_BREAKDOWN
2024-07-14 06:00:00,Japan,Japan,JP,373.16,450.14,31.85,22.17,,true,ESTIMATED_MODE_BREAKDOWN
2024-07-14 07:00:00,Japan,Japan,JP,401.31,481.61,26.7,17.11,,true,ESTIMATED_MODE_BREAKDOWN
2024-07-14 08:00:00,Japan,Japan,JP,420.48,502.99,23.19,13.74,,true,ESTIMATED_MODE_BREAKDOWN
2024-07-14 09:00:00,Japan,Japan,JP,430.06,513.4,21.45,12.09,,true,ESTIMATED_MODE_BREAKDOWN
2024-07-14 10:00:00,Japan,Japan,JP,431.67,514.98,21.16,11.66,,true,ESTIMATED_MODE_BREAKDOWN
2024-07-14 11:00:00,Japan,Japan,JP,430.01,513.13,21.46,11.57,,true,ESTIMATED_MODE_BREAKDOWN
2024-07-14 12:00:00,Japan,Japan,JP,427.95,510.38,21.84,11.43,,true,ESTIMATED_MODE_BREAKDOWN
2024-07-14 13:00:00,Japan,Japan,JP,425.54,507.37,22.28,11.41,,true,ESTIMATED_MODE_BREAKDOWN
2024-07-14 14:00:00,Japan,Japan,JP,423.9,505.28,22.59,11.41,,true,ESTIMATED_MODE_BREAKDOWN
2024-07-14 15:00:00,Japan,Japan,JP,418.12,498.99,23.63,11.35,,true,ESTIMATED_MODE_BREAKDOWN
2024-07-14 16:00:00,Japan,Japan,JP,414.84,495.23,24.23,11.3,,true,ESTIMATED_MODE_BREAKDOWN
2024-07-14 17:00:00,Japan,Japan,JP,413.25,493.19,24.53,11.32,,true,ESTIMATED_MODE_BREAKDOWN
2024-07-14 18:00:00,Japan,Japan,JP,414.92,495.14,24.22,11.46,,true,ESTIMATED_MODE_BREAKDOWN
2024-07-14 19:00:00,Japan,Japan,JP,416.02,496.21,24.03,11.7,,true,ESTIMATED_MODE_BREAKDOWN
2024-07-14 20:00:00,Japan,Japan,JP,413.58,493.54,24.48,12.37,,true,ESTIMATED_MODE_BREAKDOWN
2024-07-14 21:00:00,Japan,Japan,JP,400.27,479.24,26.9,15.09,,true,ESTIMATED_MODE_BREAKDOWN
2024-07-14 22:00:00,Japan,Japan,JP,376.37,453.67,31.26,20.25,,true,ESTIMATED_MODE_BREAKDOWN
2024-07-14 23:00:00,Japan,Japan,JP,354.72,430.04,35.22,25.28,,true,ESTIMATED_MODE_BREAKDOWN
2024-07-15 00:00:00,Japan,Japan,JP,332.98,406.58,39.18,30.0,,true,ESTIMATED_MODE_BREAKDOWN
2024-07-15 01:00:00,Japan,Japan,JP,312.63,384.06,42.91,33.9,,true,ESTIMATED_MODE_BREAKDOWN
2024-07-15 02:00:00,Japan,Japan,JP,309.07,379.11,43.58,34.62,,true,ESTIMATED_MODE_BREAKDOWN
2024-07-15 03:00:00,Japan,Japan,JP,308.95,379.14,43.6,34.44,,true,ESTIMATED_MODE_BREAKDOWN
2024-07-15 04:00:00,Japan,Japan,JP,323.19,395.46,40.98,31.99,,true,ESTIMATED_MODE_BREAKDOWN
2024-07-15 05:00:00,Japan,Japan,JP,342.39,416.65,37.47,28.49,,true,ESTIMATED_MODE_BREAKDOWN
2024-07-15 06:00:00,Japan,Japan,JP,363.06,439.57,33.69,24.63,,true,ESTIMATED_MODE_BREAKDOWN
2024-07-15 07:00:00,Japan,Japan,JP,391.6,471.02,28.47,19.61,,true,ESTIMATED_MODE_BREAKDOWN
2024-07-15 08:00:00,Japan,Japan,JP,416.1,497.73,24.01,15.18,,true,ESTIMATED_MODE_BREAKDOWN
2024-07-15 09:00:00,Japan,Japan,JP,429.84,512.57,21.5,12.66,,true,ESTIMATED_MODE_BREAKDOWN
2024-07-15 10:00:00,Japan,Japan,JP,432.97,515.9,20.93,11.87,,true,ESTIMATED_MODE_BREAKDOWN
2024-07-15 11:00:00,Japan,Japan,JP,431.02,513.85,21.28,11.8,,true,ESTIMATED_MODE_BREAKDOWN
2024-07-15 12:00:00,Japan,Japan,JP,429.31,511.58,21.6,11.76,,true,ESTIMATED_MODE_BREAKDOWN
2024-07-15 13:00:00,Japan,Japan,JP,426.84,508.11,22.07,11.69,,true,ESTIMATED_MODE_BREAKDOWN
2024-07-15 14:00:00,Japan,Japan,JP,425.59,506.59,22.29,11.59,,true,ESTIMATED_MODE_BREAKDOWN
2024-07-15 15:00:00,Japan,Japan,JP,420.67,501.94,23.17,11.5,,true,ESTIMATED_MODE_BREAKDOWN
2024-07-15 16:00:00,Japan,Japan,JP,416.74,497.83,23.88,11.46,,true,ESTIMATED_MODE_BREAKDOWN
2024-07-15 17:00:00,Japan,Japan,JP,416.16,497.03,23.99,11.46,,true,ESTIMATED_MODE_BREAKDOWN
2024-07-15 18:00:00,Japan,Japan,JP,417.44,498.01,23.77,11.5,,true,ESTIMATED_MODE_BREAKDOWN
2024-07-15 19:00:00,Japan,Japan,JP,417.65,497.72,23.74,11.74,,true,ESTIMATED_MODE_BREAKDOWN
2024-07-15 20:00:00,Japan,Japan,JP,414.64,494.5,24.29,12.61,,true,ESTIMATED_MODE_BREAKDOWN
2024-07-15 21:00:00,Japan,Japan,JP,400.34,479.46,26.89,15.64,,true,ESTIMATED_MODE_BREAKDOWN
2024-07-15 22:00:00,Japan,Japan,JP,373.24,450.82,31.82,21.52,,true,ESTIMATED_MODE_BREAKDOWN
2024-07-15 23:00:00,Japan,Japan,JP,349.8,426.04,36.09,27.18,,true,ESTIMATED_MODE_BREAKDOWN
2024-07-16 00:00:00,Japan,Japan,JP,333.21,407.97,39.13,31.04,,true,ESTIMATED_MODE_BREAKDOWN
2024-07-16 01:00:00,Japan,Japan,JP,314.43,386.99,42.57,34.68,,true,ESTIMATED_MODE_BREAKDOWN
2024-07-16 02:00:00,Japan,Japan,JP,307.39,378.28,43.88,36.12,,true,ESTIMATED_MODE_BREAKDOWN
2024-07-16 03:00:00,Japan,Japan,JP,299.81,369.79,45.26,37.31,,true,ESTIMATED_MODE_BREAKDOWN
2024-07-16 04:00:00,Japan,Japan,JP,316.47,389.03,42.2,34.53,,true,ESTIMATED_MODE_BREAKDOWN
2024-07-16 05:00:00,Japan,Japan,JP,334.85,409.31,38.84,31.18,,true,ESTIMATED_MODE_BREAKDOWN
2024-07-16 06:00:00,Japan,Japan,JP,360.76,437.99,34.1,26.41,,true,ESTIMATED_MODE_BREAKDOWN
2024-07-16 07:00:00,Japan,Japan,JP,393.96,474.16,28.04,20.33,,true,ESTIMATED_MODE_BREAKDOWN
2024-07-16 08:00:00,Japan,Japan,JP,417.79,499.93,23.7,15.71,,true,ESTIMATED_MODE_BREAKDOWN
2024-07-16 09:00:00,Japan,Japan,JP,431.95,515.06,21.12,12.94,,true,ESTIMATED_MODE_BREAKDOWN
2024-07-16 10:00:00,Japan,Japan,JP,435.41,518.35,20.5,12.07,,true,ESTIMATED_MODE_BREAKDOWN
2024-07-16 11:00:00,Japan,Japan,JP,433.63,516.09,20.83,12.05,,true,ESTIMATED_MODE_BREAKDOWN
2024-07-16 12:00:00,Japan,Japan,JP,431.25,513.78,21.25,12.06,,true,ESTIMATED_MODE_BREAKDOWN
2024-07-16 13:00:00,Japan,Japan,JP,428.55,510.9,21.74,12.03,,true,ESTIMATED_MODE_BREAKDOWN
2024-07-16 14:00:00,Japan,Japan,JP,426.79,508.35,22.07,12.03,,true,ESTIMATED_MODE_BREAKDOWN
2024-07-16 15:00:00,Japan,Japan,JP,421.79,503.1,22.97,11.96,,true,ESTIMATED_MODE_BREAKDOWN
2024-07-16 16:00:00,Japan,Japan,JP,418.93,500.04,23.49,11.93,,true,ESTIMATED_MODE_BREAKDOWN
2024-07-16 17:00:00,Japan,Japan,JP,417.46,498.06,23.76,11.89,,true,ESTIMATED_MODE_BREAKDOWN
2024-07-16 18:00:00,Japan,Japan,JP,419.21,499.83,23.45,11.99,,true,ESTIMATED_MODE_BREAKDOWN
2024-07-16 19:00:00,Japan,Japan,JP,419.02,499.55,23.49,12.19,,true,ESTIMATED_MODE_BREAKDOWN
2024-07-16 20:00:00,Japan,Japan,JP,415.85,496.06,24.07,12.9,,true,ESTIMATED_MODE_BREAKDOWN
2024-07-16 21:00:00,Japan,Japan,JP,396.81,476.4,27.52,16.8,,true,ESTIMATED_MODE_BREAKDOWN
2024-07-16 22:00:00,Japan,Japan,JP,362.39,440.0,33.78,23.95,,true,ESTIMATED_MODE_BREAKDOWN
2024-07-16 23:00:00,Japan,Japan,JP,335.97,411.59,38.6,29.96,,true,ESTIMATED_MODE_BREAKDOWN
2024-07-17 00:00:00,Japan,Japan,JP,312.49,386.04,42.89,34.99,,true,ESTIMATED_MODE_BREAKDOWN
2024-07-17 01:00:00,Japan,Japan,JP,289.2,360.61,47.15,39.52,,true,ESTIMATED_MODE_BREAKDOWN
2024-07-17 02:00:00,Japan,Japan,JP,279.09,349.47,48.99,41.51,,true,ESTIMATED_MODE_BREAKDOWN
2024-07-17 03:00:00,Japan,Japan,JP,274.26,344.24,49.87,42.26,,true,ESTIMATED_MODE_BREAKDOWN
2024-07-17 04:00:00,Japan,Japan,JP,293.63,365.06,46.35,38.92,,true,ESTIMATED_MODE_BREAKDOWN
2024-07-17 05:00:00,Japan,Japan,JP,317.53,390.97,41.99,34.71,,true,ESTIMATED_MODE_BREAKDOWN
2024-07-17 06:00:00,Japan,Japan,JP,349.76,425.9,36.11,28.86,,true,ESTIMATED_MODE_BREAKDOWN
2024-07-17 07:00:00,Japan,Japan,JP,384.48,463.46,29.78,22.51,,true,ESTIMATED_MODE_BREAKDOWN
2024-07-17 08:00:00,Japan,Japan,JP,413.01,494.07,24.59,17.01,,true,ESTIMATED_MODE_BREAKDOWN
2024-07-17 09:00:00,Japan,Japan,JP,431.76,513.91,21.18,13.38,,true,ESTIMATED_MODE_BREAKDOWN
2024-07-17 10:00:00,Japan,Japan,JP,436.66,519.23,20.29,12.23,,true,ESTIMATED_MODE_BREAKDOWN
2024-07-17 11:00:00,Japan,Japan,JP,434.98,517.39,20.59,12.15,,true,ESTIMATED_MODE_BREAKDOWN
2024-07-17 12:00:00,Japan,Japan,JP,432.36,514.57,21.06,12.18,,true,ESTIMATED_MODE_BREAKDOWN
2024-07-17 13:00:00,Japan,Japan,JP,429.8,511.9,21.52,12.13,,true,ESTIMATED_MODE_BREAKDOWN
2024-07-17 14:00:00,Japan,Japan,JP,427.97,509.36,21.86,12.1,,true,ESTIMATED_MODE_BREAKDOWN
2024-07-17 15:00:00,Japan,Japan,JP,422.25,503.19,22.9,12.24,,true,ESTIMATED_MODE_BREAKDOWN
2024-07-17 16:00:00,Japan,Japan,JP,418.39,498.82,23.6,12.22,,true,ESTIMATED_MODE_BREAKDOWN
2024-07-17 17:00:00,Japan,Japan,JP,417.83,498.1,23.71,12.19,,true,ESTIMATED_MODE_BREAKDOWN
2024-07-17 18:00:00,Japan,Japan,JP,418.21,498.22,23.65,12.23,,true,ESTIMATED_MODE_BREAKDOWN
2024-07-17 19:00:00,Japan,Japan,JP,418.32,498.1,23.63,12.4,,true,ESTIMATED_MODE_BREAKDOWN
2024-07-17 20:00:00,Japan,Japan,JP,414.15,493.39,24.4,13.38,,true,ESTIMATED_MODE_BREAKDOWN
2024-07-17 21:00:00,Japan,Japan,JP,391.59,469.37,28.51,17.98,,true,ESTIMATED_MODE_BREAKDOWN
2024-07-17 22:00:00,Japan,Japan,JP,356.18,433.03,34.92,25.38,,true,ESTIMATED_MODE_BREAKDOWN
2024-07-17 23:00:00,Japan,Japan,JP,330.31,405.14,39.65,31.35,,true,ESTIMATED_MODE_BREAKDOWN
2024-07-18 00:00:00,Japan,Japan,JP,311.48,384.68,43.09,35.54,,true,ESTIMATED_MODE_BREAKDOWN
2024-07-18 01:00:00,Japan,Japan,JP,292.25,363.66,46.6,39.25,,true,ESTIMATED_MODE_BREAKDOWN
2024-07-18 02:00:00,Japan,Japan,JP,282.8,353.24,48.33,41.14,,true,ESTIMATED_MODE_BREAKDOWN
2024-07-18 03:00:00,Japan,Japan,JP,282.78,352.79,48.34,41.01,,true,ESTIMATED_MODE_BREAKDOWN
2024-07-18 04:00:00,Japan,Japan,JP,301.11,372.24,45.01,37.88,,true,ESTIMATED_MODE_BREAKDOWN
2024-07-18 05:00:00,Japan,Japan,JP,323.98,397.13,40.83,33.68,,true,ESTIMATED_MODE_BREAKDOWN
2024-07-18 06:00:00,Japan,Japan,JP,355.07,430.91,35.16,27.98,,true,ESTIMATED_MODE_BREAKDOWN
2024-07-18 07:00:00,Japan,Japan,JP,389.96,469.31,28.79,21.58,,true,ESTIMATED_MODE_BREAKDOWN
2024-07-18 08:00:00,Japan,Japan,JP,414.22,495.15,24.38,16.9,,true,ESTIMATED_MODE_BREAKDOWN
2024-07-18 09:00:00,Japan,Japan,JP,432.46,514.49,21.06,13.35,,true,ESTIMATED_MODE_BREAKDOWN
2024-07-18 10:00:00,Japan,Japan,JP,435.02,517.26,20.59,12.28,,true,ESTIMATED_MODE_BREAKDOWN
2024-07-18 11:00:00,Japan,Japan,JP,435.59,518.24,20.48,12.3,,true,ESTIMATED_MODE_BREAKDOWN
2024-07-18 12:00:00,Japan,Japan,JP,433.24,515.41,20.91,12.35,,true,ESTIMATED_MODE_BREAKDOWN
2024-07-18 13:00:00,Japan,Japan,JP,430.66,512.33,21.38,12.37,,true,ESTIMATED_MODE_BREAKDOWN
2024-07-18 14:00:00,Japan,Japan,JP,428.68,509.7,21.75,12.41,,true,ESTIMATED_MODE_BREAKDOWN
2024-07-18 15:00:00,Japan,Japan,JP,422.15,502.23,22.94,12.5,,true,ESTIMATED_MODE_BREAKDOWN
2024-07-18 16:00:00,Japan,Japan,JP,418.0,497.95,23.69,12.53,,true,ESTIMATED_MODE_BREAKDOWN
2024-07-18 17:00:00,Japan,Japan,JP,417.02,497.14,23.86,12.55,,true,ESTIMATED_MODE_BREAKDOWN
2024-07-18 18:00:00,Japan,Japan,JP,417.77,497.6,23.73,12.58,,true,ESTIMATED_MODE_BREAKDOWN
2024-07-18 19:00:00,Japan,Japan,JP,417.77,497.05,23.75,12.7,,true,ESTIMATED_MODE_BREAKDOWN
2024-07-18 20:00:00,Japan,Japan,JP,414.89,493.58,24.28,13.42,,true,ESTIMATED_MODE_BREAKDOWN
2024-07-18 21:00:00,Japan,Japan,JP,396.99,474.74,27.53,17.11,,true,ESTIMATED_MODE_BREAKDOWN
2024-07-18 22:00:00,Japan,Japan,JP,366.52,442.95,33.07,23.65,,true,ESTIMATED_MODE_BREAKDOWN
2024-07-18 23:00:00,Japan,Japan,JP,342.14,416.86,37.51,29.32,,true,ESTIMATED_MODE_BREAKDOWN
2024-07-19 00:00:00,Japan,Japan,JP,322.57,395.98,41.08,33.61,,true,ESTIMATED_MODE_BREAKDOWN
2024-07-19 01:00:00,Japan,Japan,JP,307.5,380.02,43.82,36.58,,true,ESTIMATED_MODE_BREAKDOWN
2024-07-19 02:00:00,Japan,Japan,JP,298.27,370.02,45.51,38.4,,true,ESTIMATED_MODE_BREAKDOWN
2024-07-19 03:00:00,Japan,Japan,JP,294.15,365.17,46.26,38.98,,true,ESTIMATED_MODE_BREAKDOWN
2024-07-19 04:00:00,Japan,Japan,JP,308.89,380.71,43.59,36.52,,true,ESTIMATED_MODE_BREAKDOWN
2024-07-19 05:00:00,Japan,Japan,JP,329.62,402.54,39.82,32.76,,true,ESTIMATED_MODE_BREAKDOWN
2024-07-19 06:00:00,Japan,Japan,JP,355.76,430.37,35.07,27.97,,true,ESTIMATED_MODE_BREAKDOWN
2024-07-19 07:00:00,Japan,Japan,JP,387.88,465.58,29.2,22.06,,true,ESTIMATED_MODE_BREAKDOWN
2024-07-19 08:00:00,Japan,Japan,JP,412.39,492.36,24.73,17.35,,true,ESTIMATED_MODE_BREAKDOWN
2024-07-19 09:00:00,Japan,Japan,JP,431.95,513.02,21.17,13.56,,true,ESTIMATED_MODE_BREAKDOWN
2024-07-19 10:00:00,Japan,Japan,JP,437.08,518.27,20.24,12.36,,true,ESTIMATED_MODE_BREAKDOWN
2024-07-19 11:00:00,Japan,Japan,JP,435.42,516.31,20.54,12.32,,true,ESTIMATED_MODE_BREAKDOWN
2024-07-19 12:00:00,Japan,Japan,JP,432.99,513.47,20.99,12.37,,true,ESTIMATED_MODE_BREAKDOWN
2024-07-19 13:00:00,Japan,Japan,JP,430.05,510.2,21.52,12.45,,true,ESTIMATED_MODE_BREAKDOWN
2024-07-19 14:00:00,Japan,Japan,JP,428.17,507.89,21.87,12.47,,true,ESTIMATED_MODE_BREAKDOWN
2024-07-19 15:00:00,Japan,Japan,JP,422.91,501.99,22.82,12.53,,true,ESTIMATED_MODE_BREAKDOWN
2024-07-19 16:00:00,Japan,Japan,JP,418.83,497.65,23.56,12.57,,true,ESTIMATED_MODE_BREAKDOWN
2024-07-19 17:00:00,Japan,Japan,JP,417.75,496.55,23.76,12.57,,true,ESTIMATED_MODE_BREAKDOWN
2024-07-19 18:00:00,Japan,Japan,JP,418.55,497.17,23.62,12.54,,true,ESTIMATED_MODE_BREAKDOWN
2024-07-19 19:00:00,Japan,Japan,JP,418.35,496.5,23.66,12.61,,true,ESTIMATED_MODE_BREAKDOWN
2024-07-19 20:00:00,Japan,Japan,JP,415.14,492.73,24.26,13.18,,true,ESTIMATED_MODE_BREAKDOWN
2024-07-19 21:00:00,Japan,Japan,JP,397.31,474.42,27.49,16.64,,true,ESTIMATED_MODE_BREAKDOWN
2024-07-19 22:00:00,Japan,Japan,JP,360.92,435.9,34.11,23.94,,true,ESTIMATED_MODE_BREAKDOWN
2024-07-19 23:00:00,Japan,Japan,JP,326.63,399.18,40.35,31.24,,true,ESTIMATED_MODE_BREAKDOWN
2024-07-20 00:00:00,Japan,Japan,JP,303.34,373.95,44.61,36.22,,true,ESTIMATED_MODE_BREAKDOWN
2024-07-20 01:00:00,Japan,Japan,JP,287.76,357.15,47.45,39.34,,true,ESTIMATED_MODE_BREAKDOWN
2024-07-20 02:00:00,Japan,Japan,JP,280.68,349.83,48.73,40.73,,true,ESTIMATED_MODE_BREAKDOWN
2024-07-20 03:00:00,Japan,Japan,JP,278.23,347.48,49.17,41.13,,true,ESTIMATED_MODE_BREAKDOWN
2024-07-20 04:00:00,Japan,Japan,JP,290.0,359.89,47.03,39.08,,true,ESTIMATED_MODE_BREAKDOWN
2024-07-20 05:00:00,Japan,Japan,JP,312.22,383.45,42.99,35.0,,true,ESTIMATED_MODE_BREAKDOWN
2024-07-20 06:00:00,Japan,Japan,JP,340.54,414.21,37.82,29.7,,true,ESTIMATED_MODE_BREAKDOWN
2024-07-20 07:00:00,Japan,Japan,JP,375.25,451.51,31.5,23.44,,true,ESTIMATED_MODE_BREAKDOWN
2024-07-20 08:00:00,Japan,Japan,JP,407.36,486.04,25.66,17.53,,true,ESTIMATED_MODE_BREAKDOWN
2024-07-20 09:00:00,Japan,Japan,JP,428.61,509.17,21.78,13.56,,true,ESTIMATED_MODE_BREAKDOWN
2024-07-20 10:00:00,Japan,Japan,JP,434.64,515.64,20.68,12.27,,true,ESTIMATED_MODE_BREAKDOWN
2024-07-20 11:00:00,Japan,Japan,JP,433.1,513.8,20.96,12.17,,true,ESTIMATED_MODE_BREAKDOWN
2024-07-20 12:00:00,Japan,Japan,JP,430.56,510.71,21.43,12.18,,true,ESTIMATED_MODE_BREAKDOWN
2024-07-20 13:00:00,Japan,Japan,JP,427.82,507.86,21.92,12.16,,true,ESTIMATED_MODE_BREAKDOWN
2024-07-20 14:00:00,Japan,Japan,JP,425.74,505.49,22.3,12.2,,true,ESTIMATED_MODE_BREAKDOWN
2024-07-20 15:00:00,Japan,Japan,JP,420.49,498.95,23.27,12.03,,true,ESTIMATED_MODE_BREAKDOWN
2024-07-20 16:00:00,Japan,Japan,JP,417.03,495.06,23.9,12.01,,true,ESTIMATED_MODE_BREAKDOWN
2024-07-20 17:00:00,Japan,Japan,JP,416.55,494.76,23.98,12.0,,true,ESTIMATED_MODE_BREAKDOWN
2024-07-20 18:00:00,Japan,Japan,JP,416.85,495.11,23.93,12.02,,true,ESTIMATED_MODE_BREAKDOWN
2024-07-20 19:00:00,Japan,Japan,JP,416.63,494.31,23.98,12.18,,true,ESTIMATED_MODE_BREAKDOWN
2024-07-20 20:00:00,Japan,Japan,JP,411.98,489.45,24.83,13.24,,true,ESTIMATED_MODE_BREAKDOWN
2024-07-20 21:00:00,Japan,Japan,JP,383.43,459.16,30.02,18.59,,true,ESTIMATED_MODE_BREAKDOWN
2024-07-20 22:00:00,Japan,Japan,JP,335.48,407.44,38.76,28.0,,true,ESTIMATED_MODE_BREAKDOWN
2024-07-20 23:00:00,Japan,Japan,JP,294.69,363.54,46.2,36.48,,true,ESTIMATED_MODE_BREAKDOWN
2024-07-21 00:00:00,Japan,Japan,JP,268.11,335.06,51.04,42.11,,true,ESTIMATED_MODE_BREAKDOWN
2024-07-21 01:00:00,Japan,Japan,JP,256.22,322.63,53.2,44.68,,true,ESTIMATED_MODE_BREAKDOWN
2024-07-21 02:00:00,Japan,Japan,JP,248.14,314.18,54.67,46.38,,true,ESTIMATED_MODE_BREAKDOWN
2024-07-21 03:00:00,Japan,Japan,JP,249.68,316.0,54.39,46.14,,true,ESTIMATED_MODE_BREAKDOWN
2024-07-21 04:00:00,Japan,Japan,JP,262.19,329.6,52.1,43.96,,true,ESTIMATED_MODE_BREAKDOWN
2024-07-21 05:00:00,Japan,Japan,JP,283.69,352.7,48.19,40.05,,true,ESTIMATED_MODE_BREAKDOWN
2024-07-21 06:00:00,Japan,Japan,JP,316.2,388.04,42.25,34.14,,true,ESTIMATED_MODE_BREAKDOWN
2024-07-21 07:00:00,Japan,Japan,JP,362.3,437.81,33.86,25.88,,true,ESTIMATED_MODE_BREAKDOWN
2024-07-21 08:00:00,Japan,Japan,JP,402.42,480.6,26.56,18.63,,true,ESTIMATED_MODE_BREAKDOWN
2024-07-21 09:00:00,Japan,Japan,JP,428.14,508.48,21.87,13.85,,true,ESTIMATED_MODE_BREAKDOWN
2024-07-21 10:00:00,Japan,Japan,JP,434.12,514.69,20.79,12.51,,true,ESTIMATED_MODE_BREAKDOWN
2024-07-21 11:00:00,Japan,Japan,JP,432.75,513.16,21.03,12.44,,true,ESTIMATED_MODE_BREAKDOWN
2024-07-21 12:00:00,Japan,Japan,JP,430.17,510.12,21.5,12.47,,true,ESTIMATED_MODE_BREAKDOWN
2024-07-21 13:00:00,Japan,Japan,JP,426.89,506.74,22.09,12.51,,true,ESTIMATED_MODE_BREAKDOWN
2024-07-21 14:00:00,Japan,Japan,JP,424.34,503.81,22.56,12.56,,true,ESTIMATED_MODE_BREAKDOWN
2024-07-21 15:00:00,Japan,Japan,JP,418.21,496.44,23.68,12.58,,true,ESTIMATED_MODE_BREAKDOWN
2024-07-21 16:00:00,Japan,Japan,JP,414.55,491.97,24.36,12.65,,true,ESTIMATED_MODE_BREAKDOWN
2024-07-21 17:00:00,Japan,Japan,JP,413.98,491.26,24.46,12.67,,true,ESTIMATED_MODE_BREAKDOWN
2024-07-21 18:00:00,Japan,Japan,JP,414.68,492.08,24.34,12.72,,true,ESTIMATED_MODE_BREAKDOWN
2024-07-21 19:00:00,Japan,Japan,JP,415.04,492.54,24.27,12.84,,true,ESTIMATED_MODE_BREAKDOWN
2024-07-21 20:00:00,Japan,Japan,JP,412.15,489.55,24.8,13.76,,true,ESTIMATED_MODE_BREAKDOWN
2024-07-21 21:00:00,Japan,Japan,JP,387.87,463.8,29.22,18.86,,true,ESTIMATED_MODE_BREAKDOWN
2024-07-21 22:00:00,Japan,Japan,JP,348.56,422.12,36.37,27.14,,true,ESTIMATED_MODE_BREAKDOWN
2024-07-21 23:00:00,Japan,Japan,JP,319.74,391.14,41.63,33.68,,true,ESTIMATED_MODE_BREAKDOWN
2024-07-22 00:00:00,Japan,Japan,JP,301.38,371.81,44.97,37.83,,true,ESTIMATED_MODE_BREAKDOWN
2024-07-22 01:00:00,Japan,Japan,JP,285.77,355.29,47.81,40.95,,true,ESTIMATED_MODE_BREAKDOWN
2024-07-22 02:00:00,Japan,Japan,JP,278.97,347.9,49.05,42.28,,true,ESTIMATED_MODE_BREAKDOWN
2024-07-22 03:00:00,Japan,Japan,JP,275.57,344.21,49.67,42.75,,true,ESTIMATED_MODE_BREAKDOWN
2024-07-22 04:00:00,Japan,Japan,JP,291.62,361.45,46.75,40.01,,true,ESTIMATED_MODE_BREAKDOWN
2024-07-22 05:00:00,Japan,Japan,JP,311.87,382.61,43.08,36.36,,true,ESTIMATED_MODE_BREAKDOWN
2024-07-22 06:00:00,Japan,Japan,JP,343.9,417.25,37.24,30.47,,true,ESTIMATED_MODE_BREAKDOWN
2024-07-22 07:00:00,Japan,Japan,JP,381.32,458.66,30.4,23.6,,true,ESTIMATED_MODE_BREAKDOWN
2024-07-22 08:00:00,Japan,Japan,JP,413.52,492.86,24.54,17.48,,true,ESTIMATED_MODE_BREAKDOWN
2024-07-22 09:00:00,Japan,Japan,JP,433.18,513.44,20.97,13.62,,true,ESTIMATED_MODE_BREAKDOWN
2024-07-22 10:00:00,Japan,Japan,JP,437.36,518.07,20.2,12.65,,true,ESTIMATED_MODE_BREAKDOWN
2024-07-22 11:00:00,Japan,Japan,JP,435.62,516.34,20.51,12.58,,true,ESTIMATED_MODE_BREAKDOWN
2024-07-22 12:00:00,Japan,Japan,JP,433.13,513.46,20.97,12.56,,true,ESTIMATED_MODE_BREAKDOWN
2024-07-22 13:00:00,Japan,Japan,JP,430.42,510.47,21.46,12.46,,true,ESTIMATED_MODE_BREAKDOWN
2024-07-22 14:00:00,Japan,Japan,JP,428.55,508.33,21.8,12.44,,true,ESTIMATED_MODE_BREAKDOWN
2024-07-22 15:00:00,Japan,Japan,JP,422.67,501.17,22.88,12.59,,true,ESTIMATED_MODE_BREAKDOWN
2024-07-22 16:00:00,Japan,Japan,JP,419.02,496.86,23.55,12.67,,true,ESTIMATED_MODE_BREAKDOWN
2024-07-22 17:00:00,Japan,Japan,JP,418.07,495.93,23.72,12.67,,true,ESTIMATED_MODE_BREAKDOWN
2024-07-22 18:00:00,Japan,Japan,JP,418.36,496.22,23.67,12.65,,true,ESTIMATED_MODE_BREAKDOWN
2024-07-22 19:00:00,Japan,Japan,JP,418.46,496.15,23.66,12.76,,true,ESTIMATED_MODE_BREAKDOWN
2024-07-22 20:00:00,Japan,Japan,JP,414.53,492.06,24.37,13.72,,true,ESTIMATED_MODE_BREAKDOWN
2024-07-22 21:00:00,Japan,Japan,JP,390.52,466.86,28.73,18.67,,true,ESTIMATED_MODE_BREAKDOWN
2024-07-22 22:00:00,Japan,Japan,JP,352.58,426.78,35.63,26.55,,true,ESTIMATED_MODE_BREAKDOWN
2024-07-22 23:00:00,Japan,Japan,JP,325.71,398.16,40.53,32.66,,true,ESTIMATED_MODE_BREAKDOWN
2024-07-23 00:00:00,Japan,Japan,JP,305.75,376.52,44.18,36.98,,true,ESTIMATED_MODE_BREAKDOWN
2024-07-23 01:00:00,Japan,Japan,JP,290.22,360.1,47.0,40.04,,true,ESTIMATED_MODE_BREAKDOWN
2024-07-23 02:00:00,Japan,Japan,JP,285.69,355.15,47.83,40.99,,true,ESTIMATED_MODE_BREAKDOWN
2024-07-23 03:00:00,Japan,Japan,JP,283.06,352.21,48.31,41.37,,true,ESTIMATED_MODE_BREAKDOWN
2024-07-23 04:00:00,Japan,Japan,JP,298.77,369.09,45.45,38.68,,true,ESTIMATED_MODE_BREAKDOWN
2024-07-23 05:00:00,Japan,Japan,JP,318.41,390.12,41.87,35.07,,true,ESTIMATED_MODE_BREAKDOWN
2024-07-23 06:00:00,Japan,Japan,JP,348.39,422.47,36.41,29.63,,true,ESTIMATED_MODE_BREAKDOWN
2024-07-23 07:00:00,Japan,Japan,JP,384.98,461.97,29.74,22.98,,true,ESTIMATED_MODE_BREAKDOWN
2024-07-23 08:00:00,Japan,Japan,JP,412.92,492.35,24.64,17.7,,true,ESTIMATED_MODE_BREAKDOWN
2024-07-23 09:00:00,Japan,Japan,JP,432.44,513.18,21.09,13.89,,true,ESTIMATED_MODE_BREAKDOWN
2024-07-23 10:00:00,Japan,Japan,JP,436.9,517.82,20.28,12.81,,true,ESTIMATED_MODE_BREAKDOWN
2024-07-23 11:00:00,Japan,Japan,JP,435.1,515.96,20.6,12.79,,true,ESTIMATED_MODE_BREAKDOWN
2024-07-23 12:00:00,Japan,Japan,JP,432.41,512.62,21.1,12.78,,true,ESTIMATED_MODE_BREAKDOWN
2024-07-23 13:00:00,Japan,Japan,JP,429.81,509.69,21.57,12.8,,true,ESTIMATED_MODE_BREAKDOWN
2024-07-23 14:00:00,Japan,Japan,JP,427.73,507.5,21.94,12.84,,true,ESTIMATED_MODE_BREAKDOWN
2024-07-23 15:00:00,Japan,Japan,JP,422.56,501.13,22.9,12.93,,true,ESTIMATED_MODE_BREAKDOWN
2024-07-23 16:00:00,Japan,Japan,JP,418.98,496.93,23.55,12.99,,true,ESTIMATED_MODE_BREAKDOWN
2024-07-23 17:00:00,Japan,Japan,JP,417.96,495.79,23.74,13.03,,true,ESTIMATED_MODE_BREAKDOWN
2024-07-23 18:00:00,Japan,Japan,JP,417.75,495.38,23.78,13.09,,true,ESTIMATED_MODE_BREAKDOWN
2024-07-23 19:00:00,Japan,Japan,JP,417.33,494.8,23.86,13.2,,true,ESTIMATED_MODE_BREAKDOWN
2024-07-23 20:00:00,Japan,Japan,JP,415.44,493.04,24.2,13.74,,true,ESTIMATED_MODE_BREAKDOWN
2024-07-23 21:00:00,Japan,Japan,JP,399.78,476.51,27.05,16.99,,true,ESTIMATED_MODE_BREAKDOWN
2024-07-23 22:00:00,Japan,Japan,JP,370.64,446.02,32.34,23.21,,true,ESTIMATED_MODE_BREAKDOWN
2024-07-23 23:00:00,Japan,Japan,JP,349.74,423.84,36.16,28.2,,true,ESTIMATED_MODE_BREAKDOWN
2024-07-24 00:00:00,Japan,Japan,JP,338.06,411.01,38.29,30.89,,true,ESTIMATED_MODE_BREAKDOWN
2024-07-24 01:00:00,Japan,Japan,JP,325.48,397.45,40.59,33.27,,true,ESTIMATED_MODE_BREAKDOWN
2024-07-24 02:00:00,Japan,Japan,JP,317.62,389.25,42.02,34.85,,true,ESTIMATED_MODE_BREAKDOWN
2024-07-24 03:00:00,Japan,Japan,JP,313.02,383.31,42.87,35.51,,true,ESTIMATED_MODE_BREAKDOWN
2024-07-24 04:00:00,Japan,Japan,JP,326.27,396.98,40.48,33.37,,true,ESTIMATED_MODE_BREAKDOWN
2024-07-24 05:00:00,Japan,Japan,JP,346.63,419.16,36.76,29.58,,true,ESTIMATED_MODE_BREAKDOWN
2024-07-24 06:00:00,Japan,Japan,JP,369.16,444.69,32.63,25.31,,true,ESTIMATED_MODE_BREAKDOWN
2024-07-24 07:00:00,Japan,Japan,JP,396.03,473.9,27.72,20.41,,true,ESTIMATED_MODE_BREAKDOWN
2024-07-24 08:00:00,Japan,Japan,JP,417.83,496.87,23.76,16.2,,true,ESTIMATED_MODE_BREAKDOWN
2024-07-24 09:00:00,Japan,Japan,JP,432.48,512.42,21.1,13.4,,true,ESTIMATED_MODE_BREAKDOWN
2024-07-24 10:00:00,Japan,Japan,JP,436.31,516.38,20.4,12.44,,true,ESTIMATED_MODE_BREAKDOWN
2024-07-24 11:00:00,Japan,Japan,JP,434.74,514.61,20.69,12.33,,true,ESTIMATED_MODE_BREAKDOWN
2024-07-24 12:00:00,Japan,Japan,JP,432.7,512.14,21.06,12.27,,true,ESTIMATED_MODE_BREAKDOWN
2024-07-24 13:00:00,Japan,Japan,JP,430.0,509.05,21.55,12.29,,true,ESTIMATED_MODE_BREAKDOWN
2024-07-24 14:00:00,Japan,Japan,JP,428.06,506.77,21.91,12.28,,true,ESTIMATED_MODE_BREAKDOWN
2024-07-24 15:00:00,Japan,Japan,JP,422.42,500.05,22.94,12.36,,true,ESTIMATED_MODE_BREAKDOWN
2024-07-24 16:00:00,Japan,Japan,JP,419.18,496.5,23.53,12.34,,true,ESTIMATED_MODE_BREAKDOWN
2024-07-24 17:00:00,Japan,Japan,JP,418.43,495.62,23.67,12.33,,true,ESTIMATED_MODE_BREAKDOWN
2024-07-24 18:00:00,Japan,Japan,JP,418.94,496.04,23.58,12.34,,true,ESTIMATED_MODE_BREAKDOWN
2024-07-24 19:00:00,Japan,Japan,JP,419.45,496.43,23.49,12.44,,true,ESTIMATED_MODE_BREAKDOWN
2024-07-24 20:00:00,Japan,Japan,JP,416.56,493.25,24.02,13.18,,true,ESTIMATED_MODE_BREAKDOWN
2024-07-24 21:00:00,Japan,Japan,JP,396.07,471.66,27.75,17.43,,true,ESTIMATED_MODE_BREAKDOWN
2024-07-24 22:00:00,Japan,Japan,JP,358.77,432.22,34.53,25.18,,true,ESTIMATED_MODE_BREAKDOWN
2024-07-24 23:00:00,Japan,Japan,JP,330.59,402.13,39.67,31.53,,true,ESTIMATED_MODE_BREAKDOWN
2024-07-25 00:00:00,Japan,Japan,JP,312.84,383.08,42.91,35.52,,true,ESTIMATED_MODE_BREAKDOWN
2024-07-25 01:00:00,Japan,Japan,JP,298.56,367.66,45.51,38.33,,true,ESTIMATED_MODE_BREAKDOWN
2024-07-25 02:00:00,Japan,Japan,JP,293.14,362.02,46.5,39.44,,true,ESTIMATED_MODE_BREAKDOWN
2024-07-25 03:00:00,Japan,Japan,JP,294.02,362.84,46.34,39.15,,true,ESTIMATED_MODE_BREAKDOWN
2024-07-25 04:00:00,Japan,Japan,JP,312.34,383.03,42.99,36.0,,true,ESTIMATED_MODE_BREAKDOWN
2024-07-25 05:00:00,Japan,Japan,JP,345.64,419.52,36.91,29.98,,true,ESTIMATED_MODE_BREAKDOWN
2024-07-25 06:00:00,Japan,Japan,JP,378.71,455.0,30.89,23.79,,true,ESTIMATED_MODE_BREAKDOWN
2024-07-25 07:00:00,Japan,Japan,JP,404.35,481.63,26.24,19.03,,true,ESTIMATED_MODE_BREAKDOWN
2024-07-25 08:00:00,Japan,Japan,JP,421.23,499.61,23.17,15.68,,true,ESTIMATED_MODE_BREAKDOWN
2024-07-25 09:00:00,Japan,Japan,JP,433.86,513.24,20.86,13.16,,true,ESTIMATED_MODE_BREAKDOWN
2024-07-25 10:00:00,Japan,Japan,JP,436.33,515.4,20.42,12.38,,true,ESTIMATED_MODE_BREAKDOWN
2024-07-25 11:00:00,Japan,Japan,JP,434.42,513.17,20.77,12.33,,true,ESTIMATED_MODE_BREAKDOWN
2024-07-25 12:00:00,Japan,Japan,JP,432.38,510.99,21.14,12.25,,true,ESTIMATED_MODE_BREAKDOWN
2024-07-25 13:00:00,Japan,Japan,JP,429.8,508.3,21.6,12.22,,true,ESTIMATED_MODE_BREAKDOWN
2024-07-25 14:00:00,Japan,Japan,JP,427.85,506.24,21.95,12.2,,true,ESTIMATED_MODE_BREAKDOWN
2024-07-25 15:00:00,Japan,Japan,JP,422.15,499.53,23.0,12.38,,true,ESTIMATED_MODE_BREAKDOWN
2024-07-25 16:00:00,Japan,Japan,JP,418.53,495.5,23.66,12.42,,true,ESTIMATED_MODE_BREAKDOWN
2024-07-25 17:00:00,Japan,Japan,JP,417.32,494.07,23.88,12.4,,true,ESTIMATED_MODE_BREAKDOWN
2024-07-25 18:00:00,Japan,Japan,JP,418.31,495.17,23.7,12.34,,true,ESTIMATED_MODE_BREAKDOWN
2024-07-25 19:00:00,Japan,Japan,JP,418.65,495.3,23.64,12.36,,true,ESTIMATED_MODE_BREAKDOWN
2024-07-25 20:00:00,Japan,Japan,JP,415.98,492.36,24.13,13.06,,true,ESTIMATED_MODE_BREAKDOWN
2024-07-25 21:00:00,Japan,Japan,JP,394.92,470.27,27.96,17.37,,true,ESTIMATED_MODE_BREAKDOWN
2024-07-25 22:00:00,Japan,Japan,JP,359.6,433.03,34.38,24.96,,true,ESTIMATED_MODE_BREAKDOWN
2024-07-25 23:00:00,Japan,Japan,JP,332.66,404.04,39.3,31.07,,true,ESTIMATED_MODE_BREAKDOWN
2024-07-26 00:00:00,Japan,Japan,JP,314.4,384.38,42.64,35.18,,true,ESTIMATED_MODE_BREAKDOWN
2024-07-26 01:00:00,Japan,Japan,JP,297.58,366.83,45.69,38.49,,true,ESTIMATED_MODE_BREAKDOWN
2024-07-26 02:00:00,Japan,Japan,JP,291.81,360.28,46.75,39.72,,true,ESTIMATED_MODE_BREAKDOWN
2024-07-26 03:00:00,Japan,Japan,JP,296.47,365.29,45.9,38.76,,true,ESTIMATED_MODE_BREAKDOWN
2024-07-26 04:00:00,Japan,Japan,JP,312.61,382.78,42.96,36.01,,true,ESTIMATED_MODE_BREAKDOWN
2024-07-26 05:00:00,Japan,Japan,JP,334.67,406.84,38.93,31.99,,true,ESTIMATED_MODE_BREAKDOWN
2024-07-26 06:00:00,Japan,Japan,JP,363.55,438.44,33.66,26.62,,true,ESTIMATED_MODE_BREAKDOWN
2024-07-26 07:00:00,Japan,Japan,JP,394.96,472.23,27.93,20.84,,true,ESTIMATED_MODE_BREAKDOWN
2024-07-26 08:00:00,Japan,Japan,JP,417.83,496.76,23.77,16.4,,true,ESTIMATED_MODE_BREAKDOWN
2024-07-26 09:00:00,Japan,Japan,JP,433.62,513.07,20.91,13.29,,true,ESTIMATED_MODE_BREAKDOWN
2024-07-26 10:00:00,Japan,Japan,JP,437.38,516.82,20.23,12.34,,true,ESTIMATED_MODE_BREAKDOWN
2024-07-26 11:00:00,Japan,Japan,JP,435.31,514.71,20.6,12.31,,true,ESTIMATED_MODE_BREAKDOWN
2024-07-26 12:00:00,Japan,Japan,JP,433.28,512.25,20.97,12.22,,true,ESTIMATED_MODE_BREAKDOWN
2024-07-26 13:00:00,Japan,Japan,JP,430.7,509.42,21.44,12.18,,true,ESTIMATED_MODE_BREAKDOWN
2024-07-26 14:00:00,Japan,Japan,JP,429.22,507.81,21.7,12.07,,true,ESTIMATED_MODE_BREAKDOWN
2024-07-26 15:00:00,Japan,Japan,JP,423.44,501.14,22.76,12.2,,true,ESTIMATED_MODE_BREAKDOWN
2024-07-26 16:00:00,Japan,Japan,JP,420.38,497.85,23.31,12.13,,true,ESTIMATED_MODE_BREAKDOWN
2024-07-26 17:00:00,Japan,Japan,JP,419.93,497.41,23.39,12.05,,true,ESTIMATED_MODE_BREAKDOWN
2024-07-26 18:00:00,Japan,Japan,JP,420.3,497.66,23.33,12.05,,true,ESTIMATED_MODE_BREAKDOWN
2024-07-26 19:00:00,Japan,Japan,JP,420.47,497.61,23.31,12.07,,true,ESTIMATED_MODE_BREAKDOWN
2024-07-26 20:00:00,Japan,Japan,JP,418.46,495.5,23.67,12.57,,true,ESTIMATED_MODE_BREAKDOWN
2024-07-26 21:00:00,Japan,Japan,JP,397.05,472.98,27.56,16.68,,true,ESTIMATED_MODE_BREAKDOWN
2024-07-26 22:00:00,Japan,Japan,JP,355.03,428.25,35.21,25.06,,true,ESTIMATED_MODE_BREAKDOWN
2024-07-26 23:00:00,Japan,Japan,JP,320.34,391.64,41.52,32.42,,true,ESTIMATED_MODE_BREAKDOWN
2024-07-27 00:00:00,Japan,Japan,JP,294.31,363.41,46.27,37.9,,true,ESTIMATED_MODE_BREAKDOWN
2024-07-27 01:00:00,Japan,Japan,JP,275.95,343.7,49.62,41.54,,true,ESTIMATED_MODE_BREAKDOWN
2024-07-27 02:00:00,Japan,Japan,JP,270.11,337.28,50.69,42.78,,true,ESTIMATED_MODE_BREAKDOWN
2024-07-27 03:00:00,Japan,Japan,JP,271.79,338.99,50.38,42.47,,true,ESTIMATED_MODE_BREAKDOWN
2024-07-27 04:00:00,Japan,Japan,JP,287.34,356.03,47.54,39.73,,true,ESTIMATED_MODE_BREAKDOWN
2024-07-27 05:00:00,Japan,Japan,JP,309.34,379.8,43.53,35.76,,true,ESTIMATED_MODE_BREAKDOWN
2024-07-27 06:00:00,Japan,Japan,JP,341.93,414.91,37.59,29.75,,true,ESTIMATED_MODE_BREAKDOWN
2024-07-27 07:00:00,Japan,Japan,JP,380.33,456.16,30.6,22.74,,true,ESTIMATED_MODE_BREAKDOWN
2024-07-27 08:00:00,Japan,Japan,JP,411.66,489.68,24.9,16.98,,true,ESTIMATED_MODE_BREAKDOWN
2024-07-27 09:00:00,Japan,Japan,JP,431.64,510.92,21.27,13.2,,true,ESTIMATED_MODE_BREAKDOWN
2024-07-27 10:00:00,Japan,Japan,JP,436.79,516.21,20.33,12.09,,true,ESTIMATED_MODE_BREAKDOWN
2024-07-27 11:00:00,Japan,Japan,JP,435.19,514.28,20.63,11.99,,true,ESTIMATED_MODE_BREAKDOWN
2024-07-27 12:00:00,Japan,Japan,JP,432.67,511.58,21.08,12.01,,true,ESTIMATED_MODE_BREAKDOWN
2024-07-27 13:00:00,Japan,Japan,JP,430.07,508.8,21.55,12.0,,true,ESTIMATED_MODE_BREAKDOWN
2024-07-27 14:00:00,Japan,Japan,JP,428.02,506.56,21.92,12.04,,true,ESTIMATED_MODE_BREAKDOWN
2024-07-27 15:00:00,Japan,Japan,JP,422.13,499.69,23.0,12.16,,true,ESTIMATED_MODE_BREAKDOWN
2024-07-27 16:00:00,Japan,Japan,JP,418.45,495.61,23.67,12.2,,true,ESTIMATED_MODE_BREAKDOWN
2024-07-27 17:00:00,Japan,Japan,JP,417.4,494.48,23.86,12.21,,true,ESTIMATED_MODE_BREAKDOWN
2024-07-27 18:00:00,Japan,Japan,JP,418.15,495.16,23.72,12.12,,true,ESTIMATED_MODE_BREAKDOWN
2024-07-27 19:00:00,Japan,Japan,JP,418.28,495.09,23.71,12.21,,true,ESTIMATED_MODE_BREAKDOWN
2024-07-27 20:00:00,Japan,Japan,JP,415.64,492.25,24.19,12.79,,true,ESTIMATED_MODE_BREAKDOWN
2024-07-27 21:00:00,Japan,Japan,JP,391.56,466.85,28.56,17.41,,true,ESTIMATED_MODE_BREAKDOWN
2024-07-27 22:00:00,Japan,Japan,JP,346.98,419.44,36.67,26.19,,true,ESTIMATED_MODE_BREAKDOWN
2024-07-27 23:00:00,Japan,Japan,JP,308.34,378.78,43.7,34.21,,true,ESTIMATED_MODE_BREAKDOWN
2024-07-28 00:00:00,Japan,Japan,JP,283.33,352.41,48.25,39.55,,true,ESTIMATED_MODE_BREAKDOWN
2024-07-28 01:00:00,Japan,Japan,JP,267.67,335.58,51.1,42.69,,true,ESTIMATED_MODE_BREAKDOWN
2024-07-28 02:00:00,Japan,Japan,JP,262.07,329.42,52.13,43.89,,true,ESTIMATED_MODE_BREAKDOWN
2024-07-28 03:00:00,Japan,Japan,JP,262.99,330.1,51.97,43.77,,true,ESTIMATED_MODE_BREAKDOWN
2024-07-28 04:00:00,Japan,Japan,JP,276.88,345.01,49.44,41.31,,true,ESTIMATED_MODE_BREAKDOWN
2024-07-28 05:00:00,Japan,Japan,JP,297.96,367.39,45.6,37.46,,true,ESTIMATED_MODE_BREAKDOWN
2024-07-28 06:00:00,Japan,Japan,JP,331.4,403.58,39.51,31.44,,true,ESTIMATED_MODE_BREAKDOWN
2024-07-28 07:00:00,Japan,Japan,JP,372.07,447.51,32.1,24.17,,true,ESTIMATED_MODE_BREAKDOWN
2024-07-28 08:00:00,Japan,Japan,JP,408.39,486.41,25.49,17.61,,true,ESTIMATED_MODE_BREAKDOWN
2024-07-28 09:00:00,Japan,Japan,JP,430.91,510.19,21.4,13.42,,true,ESTIMATED_MODE_BREAKDOWN
2024-07-28 10:00:00,Japan,Japan,JP,436.02,515.37,20.47,12.29,,true,ESTIMATED_MODE_BREAKDOWN
2024-07-28 11:00:00,Japan,Japan,JP,434.56,513.82,20.73,12.28,,true,ESTIMATED_MODE_BREAKDOWN
2024-07-28 12:00:00,Japan,Japan,JP,432.26,511.22,21.15,12.23,,true,ESTIMATED_MODE_BREAKDOWN
2024-07-28 13:00:00,Japan,Japan,JP,429.13,507.74,21.72,12.21,,true,ESTIMATED_MODE_BREAKDOWN
2024-07-28 14:00:00,Japan,Japan,JP,426.72,505.09,22.16,12.24,,true,ESTIMATED_MODE_BREAKDOWN
2024-07-28 15:00:00,Japan,Japan,JP,420.49,497.7,23.3,12.32,,true,ESTIMATED_MODE_BREAKDOWN
2024-07-28 16:00:00,Japan,Japan,JP,416.5,493.39,24.02,12.44,,true,ESTIMATED_MODE_BREAKDOWN
2024-07-28 17:00:00,Japan,Japan,JP,415.27,492.04,24.24,12.44,,true,ESTIMATED_MODE_BREAKDOWN
2024-07-28 18:00:00,Japan,Japan,JP,415.87,492.78,24.13,12.45,,true,ESTIMATED_MODE_BREAKDOWN
2024-07-28 19:00:00,Japan,Japan,JP,416.68,493.71,23.99,12.51,,true,ESTIMATED_MODE_BREAKDOWN
2024-07-28 20:00:00,Japan,Japan,JP,414.68,491.38,24.36,13.15,,true,ESTIMATED_MODE_BREAKDOWN
2024-07-28 21:00:00,Japan,Japan,JP,393.9,469.39,28.14,17.67,,true,ESTIMATED_MODE_BREAKDOWN
2024-07-28 22:00:00,Japan,Japan,JP,357.19,430.45,34.82,25.51,,true,ESTIMATED_MODE_BREAKDOWN
2024-07-28 23:00:00,Japan,Japan,JP,330.4,401.93,39.71,31.69,,true,ESTIMATED_MODE_BREAKDOWN
2024-07-29 00:00:00,Japan,Japan,JP,313.49,383.97,42.79,35.48,,true,ESTIMATED_MODE_BREAKDOWN
2024-07-29 01:00:00,Japan,Japan,JP,296.74,366.19,45.83,38.8,,true,ESTIMATED_MODE_BREAKDOWN
2024-07-29 02:00:00,Japan,Japan,JP,289.51,358.35,47.15,40.25,,true,ESTIMATED_MODE_BREAKDOWN
2024-07-29 03:00:00,Japan,Japan,JP,285.02,353.34,47.97,40.87,,true,ESTIMATED_MODE_BREAKDOWN
2024-07-29 04:00:00,Japan,Japan,JP,299.1,368.42,45.41,38.48,,true,ESTIMATED_MODE_BREAKDOWN
2024-07-29 05:00:00,Japan,Japan,JP,319.07,389.85,41.77,34.89,,true,ESTIMATED_MODE_BREAKDOWN
2024-07-29 06:00:00,Japan,Japan,JP,347.94,421.14,36.51,29.6,,true,ESTIMATED_MODE_BREAKDOWN
2024-07-29 07:00:00,Japan,Japan,JP,380.77,456.25,30.53,23.61,,true,ESTIMATED_MODE_BREAKDOWN
2024-07-29 08:00:00,Japan,Japan,JP,410.08,487.44,25.2,18.09,,true,ESTIMATED_MODE_BREAKDOWN
2024-07-29 09:00:00,Japan,Japan,JP,430.74,509.37,21.44,14.12,,true,ESTIMATED_MODE_BREAKDOWN
2024-07-29 10:00:00,Japan,Japan,JP,435.22,514.13,20.63,13.07,,true,ESTIMATED_MODE_BREAKDOWN
2024-07-29 11:00:00,Japan,Japan,JP,434.22,513.1,20.8,12.9,,true,ESTIMATED_MODE_BREAKDOWN
2024-07-29 12:00:00,Japan,Japan,JP,432.17,511.07,21.17,12.84,,true,ESTIMATED_MODE_BREAKDOWN
2024-07-29 13:00:00,Japan,Japan,JP,429.36,508.1,21.68,12.85,,true,ESTIMATED_MODE_BREAKDOWN
2024-07-29 14:00:00,Japan,Japan,JP,427.28,505.8,22.05,12.84,,true,ESTIMATED_MODE_BREAKDOWN
2024-07-29 15:00:00,Japan,Japan,JP,422.48,500.0,22.94,12.79,,true,ESTIMATED_MODE_BREAKDOWN
2024-07-29 16:00:00,Japan,Japan,JP,419.13,496.26,23.54,12.79,,true,ESTIMATED_MODE_BREAKDOWN
2024-07-29 17:00:00,Japan,Japan,JP,417.93,494.98,23.76,12.83,,true,ESTIMATED_MODE_BREAKDOWN
2024-07-29 18:00:00,Japan,Japan,JP,418.72,495.88,23.62,12.78,,true,ESTIMATED_MODE_BREAKDOWN
2024-07-29 19:00:00,Japan,Japan,JP,419.04,496.09,23.56,12.79,,true,ESTIMATED_MODE_BREAKDOWN
2024-07-29 20:00:00,Japan,Japan,JP,416.93,493.57,23.96,13.36,,true,ESTIMATED_MODE_BREAKDOWN
2024-07-29 21:00:00,Japan,Japan,JP,395.64,471.04,27.83,17.79,,true,ESTIMATED_MODE_BREAKDOWN
2024-07-29 22:00:00,Japan,Japan,JP,360.07,433.47,34.3,25.18,,true,ESTIMATED_MODE_BREAKDOWN
2024-07-29 23:00:00,Japan,Japan,JP,335.29,407.13,38.82,30.96,,true,ESTIMATED_MODE_BREAKDOWN
2024-07-30 00:00:00,Japan,Japan,JP,315.68,386.32,42.39,35.14,,true,ESTIMATED_MODE_BREAKDOWN
2024-07-30 01:00:00,Japan,Japan,JP,300.33,370.0,45.18,38.12,,true,ESTIMATED_MODE_BREAKDOWN
2024-07-30 02:00:00,Japan,Japan,JP,293.81,362.77,46.37,39.38,,true,ESTIMATED_MODE_BREAKDOWN
2024-07-30 03:00:00,Japan,Japan,JP,292.24,361.27,46.65,39.53,,true,ESTIMATED_MODE_BREAKDOWN
2024-07-30 04:00:00,Japan,Japan,JP,308.04,378.23,43.78,36.81,,true,ESTIMATED_MODE_BREAKDOWN
2024-07-30 05:00:00,Japan,Japan,JP,326.0,397.81,40.5,33.57,,true,ESTIMATED_MODE_BREAKDOWN
2024-07-30 06:00:00,Japan,Japan,JP,351.58,425.17,35.84,28.81,,true,ESTIMATED_MODE_BREAKDOWN
2024-07-30 07:00:00,Japan,Japan,JP,383.4,459.15,30.05,22.96,,true,ESTIMATED_MODE_BREAKDOWN
2024-07-30 08:00:00,Japan,Japan,JP,413.18,490.67,24.64,17.35,,true,ESTIMATED_MODE_BREAKDOWN
2024-07-30 09:00:00,Japan,Japan,JP,432.97,511.8,21.04,13.57,,true,ESTIMATED_MODE_BREAKDOWN
2024-07-30 10:00:00,Japan,Japan,JP,436.54,515.68,20.39,12.65,,true,ESTIMATED_MODE_BREAKDOWN
2024-07-30 11:00:00,Japan,Japan,JP,436.22,515.36,20.44,12.4,,true,ESTIMATED_MODE_BREAKDOWN
2024-07-30 12:00:00,Japan,Japan,JP,434.39,513.22,20.77,12.27,,true,ESTIMATED_MODE_BREAKDOWN
2024-07-30 13:00:00,Japan,Japan,JP,431.72,510.47,21.25,12.27,,true,ESTIMATED_MODE_BREAKDOWN
2024-07-30 14:00:00,Japan,Japan,JP,429.73,508.29,21.61,12.28,,true,ESTIMATED_MODE_BREAKDOWN
2024-07-30 15:00:00,Japan,Japan,JP,423.82,501.37,22.7,12.34,,true,ESTIMATED_MODE_BREAKDOWN
2024-07-30 16:00:00,Japan,Japan,JP,420.33,497.57,23.33,12.37,,true,ESTIMATED_MODE_BREAKDOWN
2024-07-30 17:00:00,Japan,Japan,JP,419.09,496.43,23.55,12.41,,true,ESTIMATED_MODE_BREAKDOWN
2024-07-30 18:00:00,Japan,Japan,JP,419.56,496.9,23.46,12.4,,true,ESTIMATED_MODE_BREAKDOWN
2024-07-30 19:00:00,Japan,Japan,JP,420.13,497.47,23.36,12.42,,true,ESTIMATED_MODE_BREAKDOWN
2024-07-30 20:00:00,Japan,Japan,JP,418.14,494.98,23.74,12.99,,true,ESTIMATED_MODE_BREAKDOWN
2024-07-30 21:00:00,Japan,Japan,JP,397.3,472.83,27.53,17.32,,true,ESTIMATED_MODE_BREAKDOWN
2024-07-30 22:00:00,Japan,Japan,JP,360.22,433.73,34.27,25.06,,true,ESTIMATED_MODE_BREAKDOWN
2024-07-30 23:00:00,Japan,Japan,JP,334.39,406.11,38.98,30.92,,true,ESTIMATED_MODE_BREAKDOWN
2024-07-31 00:00:00,Japan,Japan,JP,315.01,385.22,42.52,35.09,,true,ESTIMATED_MODE_BREAKDOWN
2024-07-31 01:00:00,Japan,Japan,JP,297.12,366.6,45.76,38.57,,true,ESTIMATED_MODE_BREAKDOWN
2024-07-31 02:00:00,Japan,Japan,JP,288.0,356.5,47.43,40.34,,true,ESTIMATED_MODE_BREAKDOWN
2024-07-31 03:00:00,Japan,Japan,JP,282.44,350.45,48.45,41.19,,true,ESTIMATED_MODE_BREAKDOWN
2024-07-31 04:00:00,Japan,Japan,JP,296.08,365.18,45.96,38.91,,true,ESTIMATED_MODE_BREAKDOWN
2024-07-31 05:00:00,Japan,Japan,JP,316.19,387.07,42.29,35.3,,true,ESTIMATED_MODE_BREAKDOWN
2024-07-31 06:00:00,Japan,Japan,JP,344.31,417.38,37.17,30.13,,true,ESTIMATED_MODE_BREAKDOWN
2024-07-31 07:00:00,Japan,Japan,JP,379.7,455.48,30.72,23.69,,true,ESTIMATED_MODE_BREAKDOWN
2024-07-31 08:00:00,Japan,Japan,JP,411.32,489.83,24.96,17.69,,true,ESTIMATED_MODE_BREAKDOWN
2024-07-31 09:00:00,Japan,Japan,JP,432.57,512.3,21.1,13.59,,true,ESTIMATED_MODE_BREAKDOWN
2024-07-31 10:00:00,Japan,Japan,JP,437.42,517.68,20.21,12.41,,true,ESTIMATED_MODE_BREAKDOWN
2024-07-31 11:00:00,Japan,Japan,JP,436.93,516.79,20.3,12.15,,true,ESTIMATED_MODE_BREAKDOWN
2024-07-31 12:00:00,Japan,Japan,JP,434.69,514.22,20.71,12.09,,true,ESTIMATED_MODE_BREAKDOWN
2024-07-31 13:00:00,Japan,Japan,JP,432.18,511.47,21.16,12.03,,true,ESTIMATED_MODE_BREAKDOWN
2024-07-31 14:00:00,Japan,Japan,JP,430.02,509.36,21.55,12.0,,true,ESTIMATED_MODE_BREAKDOWN
2024-07-31 15:00:00,Japan,Japan,JP,425.02,503.35,22.47,12.09,,true,ESTIMATED_MODE_BREAKDOWN
2024-07-31 16:00:00,Japan,Japan,JP,421.37,499.23,23.13,12.13,,true,ESTIMATED_MODE_BREAKDOWN
2024-07-31 17:00:00,Japan,Japan,JP,419.95,497.62,23.39,12.16,,true,ESTIMATED_MODE_BREAKDOWN
2024-07-31 18:00:00,Japan,Japan,JP,420.1,497.79,23.36,12.17,,true,ESTIMATED_MODE_BREAKDOWN
2024-07-31 19:00:00,Japan,Japan,JP,420.54,498.28,23.28,12.23,,true,ESTIMATED_MODE_BREAKDOWN
2024-07-31 20:00:00,Japan,Japan,JP,418.22,495.44,23.71,12.83,,true,ESTIMATED_MODE_BREAKDOWN
2024-07-31 21:00:00,Japan,Japan,JP,395.27,471.1,27.89,17.49,,true,ESTIMATED_MODE_BREAKDOWN
2024-07-31 22:00:00,Japan,Japan,JP,353.76,427.13,35.44,26.09,,true,ESTIMATED_MODE_BREAKDOWN
2024-07-31 23:00:00,Japan,Japan,JP,323.1,394.08,41.04,32.91,,true,ESTIMATED_MODE_BREAKDOWN
2024-08-01 00:00:00,Japan,Japan,JP,313.57,384.39,42.77,35.77,,true,ESTIMATED_MODE_BREAKDOWN
2024-08-01 01:00:00,Japan,Japan,JP,300.57,371.11,45.12,38.44,,true,ESTIMATED_MODE_BREAKDOWN
2024-08-01 02:00:00,Japan,Japan,JP,294.69,364.96,46.19,39.67,,true,ESTIMATED_MODE_BREAKDOWN
2024-08-01 03:00:00,Japan,Japan,JP,290.92,360.99,46.87,40.29,,true,ESTIMATED_MODE_BREAKDOWN
2024-08-01 04:00:00,Japan,Japan,JP,305.87,377.19,44.15,37.75,,true,ESTIMATED_MODE_BREAKDOWN
2024-08-01 05:00:00,Japan,Japan,JP,326.39,399.19,40.41,34.1,,true,ESTIMATED_MODE_BREAKDOWN
2024-08-01 06:00:00,Japan,Japan,JP,351.23,426.32,35.88,29.5,,true,ESTIMATED_MODE_BREAKDOWN
2024-08-01 07:00:00,Japan,Japan,JP,385.0,463.05,29.72,23.34,,true,ESTIMATED_MODE_BREAKDOWN
2024-08-01 08:00:00,Japan,Japan,JP,416.67,496.74,23.96,17.29,,true,ESTIMATED_MODE_BREAKDOWN
2024-08-01 09:00:00,Japan,Japan,JP,438.67,520.08,19.96,13.06,,true,ESTIMATED_MODE_BREAKDOWN
2024-08-01 10:00:00,Japan,Japan,JP,442.04,523.73,19.34,12.11,,true,ESTIMATED_MODE_BREAKDOWN
2024-08-01 11:00:00,Japan,Japan,JP,439.95,521.32,19.72,12.06,,true,ESTIMATED_MODE_BREAKDOWN
2024-08-01 12:00:00,Japan,Japan,JP,437.65,518.47,20.15,11.99,,true,ESTIMATED_MODE_BREAKDOWN
2024-08-01 13:00:00,Japan,Japan,JP,434.73,515.01,20.68,12.0,,true,ESTIMATED_MODE_BREAKDOWN
2024-08-01 14:00:00,Japan,Japan,JP,432.51,512.47,21.08,12.01,,true,ESTIMATED_MODE_BREAKDOWN
2024-08-01 15:00:00,Japan,Japan,JP,426.62,505.55,22.16,12.13,,true,ESTIMATED_MODE_BREAKDOWN
2024-08-01 16:00:00,Japan,Japan,JP,422.61,501.11,22.89,12.23,,true,ESTIMATED_MODE_BREAKDOWN
2024-08-01 17:00:00,Japan,Japan,JP,420.59,498.74,23.26,12.32,,true,ESTIMATED_MODE_BREAKDOWN
2024-08-01 18:00:00,Japan,Japan,JP,419.95,497.95,23.38,12.39,,true,ESTIMATED_MODE_BREAKDOWN
2024-08-01 19:00:00,Japan,Japan,JP,420.11,498.06,23.35,12.42,,true,ESTIMATED_MODE_BREAKDOWN
2024-08-01 20:00:00,Japan,Japan,JP,417.05,494.62,23.92,13.17,,true,ESTIMATED_MODE_BREAKDOWN
2024-08-01 21:00:00,Japan,Japan,JP,392.25,468.22,28.43,18.21,,true,ESTIMATED_MODE_BREAKDOWN
2024-08-01 22:00:00,Japan,Japan,JP,353.4,427.22,35.5,26.41,,true,ESTIMATED_MODE_BREAKDOWN
2024-08-01 23:00:00,Japan,Japan,JP,331.1,403.37,39.57,31.87,,true,ESTIMATED_MODE_BREAKDOWN
2024-08-02 00:00:00,Japan,Japan,JP,319.84,391.58,41.61,34.71,,true,ESTIMATED_MODE_BREAKDOWN
2024-08-02 01:00:00,Japan,Japan,JP,306.13,377.01,44.11,37.5,,true,ESTIMATED_MODE_BREAKDOWN
2024-08-02 02:00:00,Japan,Japan,JP,299.39,369.69,45.34,38.93,,true,ESTIMATED_MODE_BREAKDOWN
2024-08-02 03:00:00,Japan,Japan,JP,294.72,364.57,46.19,39.68,,true,ESTIMATED_MODE_BREAKDOWN
2024-08-02 04:00:00,Japan,Japan,JP,309.59,380.55,43.48,37.17,,true,ESTIMATED_MODE_BREAKDOWN
2024-08-02 05:00:00,Japan,Japan,JP,328.3,400.64,40.08,33.81,,true,ESTIMATED_MODE_BREAKDOWN
2024-08-02 06:00:00,Japan,Japan,JP,354.89,429.5,35.23,28.96,,true,ESTIMATED_MODE_BREAKDOWN
2024-08-02 07:00:00,Japan,Japan,JP,388.96,466.78,29.01,22.74,,true,ESTIMATED_MODE_BREAKDOWN
2024-08-02 08:00:00,Japan,Japan,JP,419.2,499.25,23.5,16.9,,true,ESTIMATED_MODE_BREAKDOWN
2024-08-02 09:00:00,Japan,Japan,JP,438.73,519.87,19.95,13.07,,true,ESTIMATED_MODE_BREAKDOWN
2024-08-02 10:00:00,Japan,Japan,JP,441.7,523.07,19.41,12.25,,true,ESTIMATED_MODE_BREAKDOWN
2024-08-02 11:00:00,Japan,Japan,JP,440.98,522.07,19.54,12.0,,true,ESTIMATED_MODE_BREAKDOWN
2024-08-02 12:00:00,Japan,Japan,JP,438.61,519.13,19.98,11.96,,true,ESTIMATED_MODE_BREAKDOWN
2024-08-02 13:00:00,Japan,Japan,JP,435.58,515.76,20.53,11.94,,true,ESTIMATED_MODE_BREAKDOWN
2024-08-02 14:00:00,Japan,Japan,JP,432.99,512.78,21.0,11.95,,true,ESTIMATED_MODE_BREAKDOWN
2024-08-02 15:00:00,Japan,Japan,JP,427.89,506.81,21.94,12.07,,true,ESTIMATED_MODE_BREAKDOWN
2024-08-02 16:00:00,Japan,Japan,JP,424.41,503.0,22.57,12.1,,true,ESTIMATED_MODE_BREAKDOWN
2024-08-02 17:00:00,Japan,Japan,JP,422.11,500.53,22.98,12.14,,true,ESTIMATED_MODE_BREAKDOWN
2024-08-02 18:00:00,Japan,Japan,JP,421.62,499.95,23.08,12.16,,true,ESTIMATED_MODE_BREAKDOWN
2024-08-02 19:00:00,Japan,Japan,JP,421.08,499.15,23.18,12.22,,true,ESTIMATED_MODE_BREAKDOWN
2024-08-02 20:00:00,Japan,Japan,JP,417.52,494.9,23.84,12.95,,true,ESTIMATED_MODE_BREAKDOWN
2024-08-02 21:00:00,Japan,Japan,JP,391.95,467.73,28.49,17.89,,true,ESTIMATED_MODE_BREAKDOWN
2024-08-02 22:00:00,Japan,Japan,JP,350.77,424.39,35.97,26.35,,true,ESTIMATED_MODE_BREAKDOWN
2024-08-02 23:00:00,Japan,Japan,JP,321.6,393.16,41.29,32.89,,true,ESTIMATED_MODE_BREAKDOWN
2024-08-03 00:00:00,Japan,Japan,JP,288.29,356.9,47.37,39.35,,true,ESTIMATED_MODE_BREAKDOWN
2024-08-03 01:00:00,Japan,Japan,JP,270.86,338.21,50.55,42.91,,true,ESTIMATED_MODE_BREAKDOWN
2024-08-03 02:00:00,Japan,Japan,JP,265.96,332.97,51.44,44.1,,true,ESTIMATED_MODE_BREAKDOWN
2024-08-03 03:00:00,Japan,Japan,JP,267.38,334.4,51.18,43.91,,true,ESTIMATED_MODE_BREAKDOWN
2024-08-03 04:00:00,Japan,Japan,JP,280.13,348.3,48.86,41.68,,true,ESTIMATED_MODE_BREAKDOWN
2024-08-03 05:00:00,Japan,Japan,JP,301.35,371.34,44.99,37.81,,true,ESTIMATED_MODE_BREAKDOWN
2024-08-03 06:00:00,Japan,Japan,JP,334.11,406.67,39.02,31.77,,true,ESTIMATED_MODE_BREAKDOWN
2024-08-03 07:00:00,Japan,Japan,JP,374.14,449.87,31.73,24.46,,true,ESTIMATED_MODE_BREAKDOWN
2024-08-03 08:00:00,Japan,Japan,JP,413.03,491.91,24.64,17.28,,true,ESTIMATED_MODE_BREAKDOWN
2024-08-03 09:00:00,Japan,Japan,JP,436.18,516.63,20.43,12.91,,true,ESTIMATED_MODE_BREAKDOWN
2024-08-03 10:00:00,Japan,Japan,JP,440.02,520.65,19.73,11.98,,true,ESTIMATED_MODE_BREAKDOWN
2024-08-03 11:00:00,Japan,Japan,JP,437.95,518.26,20.11,11.97,,true,ESTIMATED_MODE_BREAKDOWN
2024-08-03 12:00:00,Japan,Japan,JP,435.56,515.66,20.54,11.95,,true,ESTIMATED_MODE_BREAKDOWN
2024-08-03 13:00:00,Japan,Japan,JP,432.87,512.73,21.03,11.95,,true,ESTIMATED_MODE_BREAKDOWN
2024-08-03 14:00:00,Japan,Japan,JP,430.71,510.23,21.42,11.96,,true,ESTIMATED_MODE_BREAKDOWN
2024-08-03 15:00:00,Japan,Japan,JP,425.8,504.54,22.32,12.06,,true,ESTIMATED_MODE_BREAKDOWN
2024-08-03 16:00:00,Japan,Japan,JP,421.61,499.96,23.08,12.05,,true,ESTIMATED_MODE_BREAKDOWN
2024-08-03 17:00:00,Japan,Japan,JP,419.28,497.49,23.5,12.15,,true,ESTIMATED_MODE_BREAKDOWN
2024-08-03 18:00:00,Japan,Japan,JP,418.61,496.88,23.62,12.21,,true,ESTIMATED_MODE_BREAKDOWN
2024-08-03 19:00:00,Japan,Japan,JP,418.58,496.74,23.63,12.23,,true,ESTIMATED_MODE_BREAKDOWN
2024-08-03 20:00:00,Japan,Japan,JP,414.68,491.64,24.36,12.96,,true,ESTIMATED_MODE_BREAKDOWN
2024-08-03 21:00:00,Japan,Japan,JP,388.81,463.86,29.07,17.88,,true,ESTIMATED_MODE_BREAKDOWN
2024-08-03 22:00:00,Japan,Japan,JP,344.55,417.21,37.11,26.8,,true,ESTIMATED_MODE_BREAKDOWN
2024-08-03 23:00:00,Japan,Japan,JP,308.81,379.09,43.62,34.48,,true,ESTIMATED_MODE_BREAKDOWN
2024-08-04 00:00:00,Japan,Japan,JP,283.56,352.28,48.22,39.8,,true,ESTIMATED_MODE_BREAKDOWN
2024-08-04 01:00:00,Japan,Japan,JP,267.6,335.69,51.12,43.13,,true,ESTIMATED_MODE_BREAKDOWN
2024-08-04 02:00:00,Japan,Japan,JP,263.43,331.12,51.88,44.19,,true,ESTIMATED_MODE_BREAKDOWN
2024-08-04 03:00:00,Japan,Japan,JP,270.23,338.33,50.64,43.15,,true,ESTIMATED_MODE_BREAKDOWN
2024-08-04 04:00:00,Japan,Japan,JP,285.15,354.65,47.92,40.46,,true,ESTIMATED_MODE_BREAKDOWN
2024-08-04 05:00:00,Japan,Japan,JP,310.23,381.94,43.34,35.85,,true,ESTIMATED_MODE_BREAKDOWN
2024-08-04 06:00:00,Japan,Japan,JP,345.66,419.34,36.91,29.42,,true,ESTIMATED_MODE_BREAKDOWN
2024-08-04 07:00:00,Japan,Japan,JP,386.12,462.33,29.55,21.98,,true,ESTIMATED_MODE_BREAKDOWN
2024-08-04 08:00:00,Japan,Japan,JP,418.17,497.27,23.7,16.04,,true,ESTIMATED_MODE_BREAKDOWN
2024-08-04 09:00:00,Japan,Japan,JP,435.27,516.12,20.58,12.84,,true,ESTIMATED_MODE_BREAKDOWN
2024-08-04 10:00:00,Japan,Japan,JP,438.29,519.58,20.02,12.14,,true,ESTIMATED_MODE_BREAKDOWN
2024-08-04 11:00:00,Japan,Japan,JP,436.54,517.41,20.34,12.09,,true,ESTIMATED_MODE_BREAKDOWN
2024-08-04 12:00:00,Japan,Japan,JP,434.46,514.83,20.73,12.06,,true,ESTIMATED_MODE_BREAKDOWN
2024-08-04 13:00:00,Japan,Japan,JP,431.71,511.57,21.23,12.01,,true,ESTIMATED_MODE_BREAKDOWN
2024-08-04 14:00:00,Japan,Japan,JP,429.52,509.06,21.63,12.01,,true,ESTIMATED_MODE_BREAKDOWN
2024-08-04 15:00:00,Japan,Japan,JP,426.55,505.96,22.16,11.96,,true,ESTIMATED_MODE_BREAKDOWN
2024-08-04 16:00:00,Japan,Japan,JP,421.96,501.18,22.99,12.05,,true,ESTIMATED_MODE_BREAKDOWN
2024-08-04 17:00:00,Japan,Japan,JP,420.42,499.77,23.26,12.12,,true,ESTIMATED_MODE_BREAKDOWN
2024-08-04 18:00:00,Japan,Japan,JP,420.4,499.59,23.27,12.08,,true,ESTIMATED_MODE_BREAKDOWN
2024-08-04 19:00:00,Japan,Japan,JP,421.28,500.18,23.12,12.1,,true,ESTIMATED_MODE_BREAKDOWN
2024-08-04 20:00:00,Japan,Japan,JP,419.31,497.59,23.49,12.82,,true,ESTIMATED_MODE_BREAKDOWN
2024-08-04 21:00:00,Japan,Japan,JP,398.51,475.12,27.29,17.36,,true,ESTIMATED_MODE_BREAKDOWN
2024-08-04 22:00:00,Japan,Japan,JP,366.12,440.75,33.19,24.63,,true,ESTIMATED_MODE_BREAKDOWN
2024-08-04 23:00:00,Japan,Japan,JP,344.49,418.12,37.12,29.96,,true,ESTIMATED_MODE_BREAKDOWN
2024-08-05 00:00:00,Japan,Japan,JP,329.57,402.69,39.83,33.36,,true,ESTIMATED_MODE_BREAKDOWN
2024-08-05 01:00:00,Japan,Japan,JP,317.55,389.82,42.02,35.84,,true,ESTIMATED_MODE_BREAKDOWN
2024-08-05 02:00:00,Japan,Japan,JP,314.53,386.51,42.57,36.53,,true,ESTIMATED_MODE_BREAKDOWN
2024-08-05 03:00:00,Japan,Japan,JP,316.71,388.68,42.18,36.11,,true,ESTIMATED_MODE_BREAKDOWN
2024-08-05 04:00:00,Japan,Japan,JP,337.36,411.14,38.41,32.48,,true,ESTIMATED_MODE_BREAKDOWN
2024-08-05 05:00:00,Japan,Japan,JP,361.45,436.82,34.03,28.07,,true,ESTIMATED_MODE_BREAKDOWN
2024-08-05 06:00:00,Japan,Japan,JP,387.98,465.02,29.2,23.1,,true,ESTIMATED_MODE_BREAKDOWN
2024-08-05 07:00:00,Japan,Japan,JP,411.99,491.3,24.82,18.61,,true,ESTIMATED_MODE_BREAKDOWN
2024-08-05 08:00:00,Japan,Japan,JP,429.73,511.1,21.57,15.08,,true,ESTIMATED_MODE_BREAKDOWN
2024-08-05 09:00:00,Japan,Japan,JP,442.63,525.13,19.22,12.55,,true,ESTIMATED_MODE_BREAKDOWN
2024-08-05 10:00:00,Japan,Japan,JP,444.58,527.12,18.86,11.93,,true,ESTIMATED_MODE_BREAKDOWN
2024-08-05 11:00:00,Japan,Japan,JP,443.1,525.23,19.14,11.83,,true,ESTIMATED_MODE_BREAKDOWN
2024-08-05 12:00:00,Japan,Japan,JP,441.2,523.09,19.48,11.75,,true,ESTIMATED_MODE_BREAKDOWN
2024-08-05 13:00:00,Japan,Japan,JP,439.1,520.68,19.87,11.7,,true,ESTIMATED_MODE_BREAKDOWN
2024-08-05 14:00:00,Japan,Japan,JP,437.08,518.26,20.24,11.68,,true,ESTIMATED_MODE_BREAKDOWN
2024-08-05 15:00:00,Japan,Japan,JP,431.23,511.17,21.31,11.86,,true,ESTIMATED_MODE_BREAKDOWN
2024-08-05 16:00:00,Japan,Japan,JP,427.58,507.37,21.97,11.92,,true,ESTIMATED_MODE_BREAKDOWN
2024-08-05 17:00:00,Japan,Japan,JP,425.86,505.61,22.28,11.97,,true,ESTIMATED_MODE_BREAKDOWN
2024-08-05 18:00:00,Japan,Japan,JP,425.48,505.19,22.35,11.99,,true,ESTIMATED_MODE_BREAKDOWN
2024-08-05 19:00:00,Japan,Japan,JP,425.79,505.42,22.3,11.99,,true,ESTIMATED_MODE_BREAKDOWN
2024-08-05 20:00:00,Japan,Japan,JP,423.69,502.54,22.69,12.63,,true,ESTIMATED_MODE_BREAKDOWN
2024-08-05 21:00:00,Japan,Japan,JP,405.13,482.66,26.08,16.52,,true,ESTIMATED_MODE_BREAKDOWN
2024-08-05 22:00:00,Japan,Japan,JP,373.31,449.53,31.85,23.4,,true,ESTIMATED_MODE_BREAKDOWN
2024-08-05 23:00:00,Japan,Japan,JP,351.6,426.51,35.81,28.58,,true,ESTIMATED_MODE_BREAKDOWN
2024-08-06 00:00:00,Japan,Japan,JP,337.53,411.35,38.38,31.79,,true,ESTIMATED_MODE_BREAKDOWN
2024-08-06 01:00:00,Japan,Japan,JP,323.57,396.38,40.92,34.61,,true,ESTIMATED_MODE_BREAKDOWN
2024-08-06 02:00:00,Japan,Japan,JP,318.27,390.55,41.89,35.75,,true,ESTIMATED_MODE_BREAKDOWN
2024-08-06 03:00:00,Japan,Japan,JP,314.39,386.06,42.6,36.39,,true,ESTIMATED_MODE_BREAKDOWN
2024-08-06 04:00:00,Japan,Japan,JP,328.04,401.19,40.11,34.1,,true,ESTIMATED_MODE_BREAKDOWN
2024-08-06 05:00:00,Japan,Japan,JP,347.84,422.92,36.49,30.5,,true,ESTIMATED_MODE_BREAKDOWN
2024-08-06 06:00:00,Japan,Japan,JP,374.32,451.65,31.66,25.58,,true,ESTIMATED_MODE_BREAKDOWN
2024-08-06 07:00:00,Japan,Japan,JP,402.02,481.61,26.61,20.46,,true,ESTIMATED_MODE_BREAKDOWN
2024-08-06 08:00:00,Japan,Japan,JP,425.26,506.62,22.38,15.89,,true,ESTIMATED_MODE_BREAKDOWN
2024-08-06 09:00:00,Japan,Japan,JP,441.63,524.15,19.4,12.69,,true,ESTIMATED_MODE_BREAKDOWN
2024-08-06 10:00:00,Japan,Japan,JP,444.6,527.1,18.86,11.88,,true,ESTIMATED_MODE_BREAKDOWN
2024-08-06 11:00:00,Japan,Japan,JP,442.66,524.69,19.22,11.86,,true,ESTIMATED_MODE_BREAKDOWN
2024-08-06 12:00:00,Japan,Japan,JP,441.03,522.39,19.52,11.71,,true,ESTIMATED_MODE_BREAKDOWN
2024-08-06 13:00:00,Japan,Japan,JP,438.77,519.73,19.94,11.65,,true,ESTIMATED_MODE_BREAKDOWN
2024-08-06 14:00:00,Japan,Japan,JP,436.52,517.17,20.35,11.65,,true,ESTIMATED_MODE_BREAKDOWN
2024-08-06 15:00:00,Japan,Japan,JP,431.9,511.81,21.19,11.7,,true,ESTIMATED_MODE_BREAKDOWN
2024-08-06 16:00:00,Japan,Japan,JP,427.82,507.42,21.93,11.74,,true,ESTIMATED_MODE_BREAKDOWN
2024-08-06 17:00:00,Japan,Japan,JP,425.96,505.53,22.26,11.83,,true,ESTIMATED_MODE_BREAKDOWN
2024-08-06 18:00:00,Japan,Japan,JP,425.69,505.28,22.31,11.84,,true,ESTIMATED_MODE_BREAKDOWN
2024-08-06 19:00:00,Japan,Japan,JP,425.47,504.98,22.36,11.95,,true,ESTIMATED_MODE_BREAKDOWN
2024-08-06 20:00:00,Japan,Japan,JP,423.37,502.13,22.75,12.54,,true,ESTIMATED_MODE_BREAKDOWN
2024-08-06 21:00:00,Japan,Japan,JP,404.8,482.27,26.14,16.42,,true,ESTIMATED_MODE_BREAKDOWN
2024-08-06 22:00:00,Japan,Japan,JP,372.59,448.21,32.0,23.34,,true,ESTIMATED_MODE_BREAKDOWN
2024-08-06 23:00:00,Japan,Japan,JP,348.65,422.6,36.36,29.01,,true,ESTIMATED_MODE_BREAKDOWN
2024-08-07 00:00:00,Japan,Japan,JP,333.99,407.45,39.02,32.39,,true,ESTIMATED_MODE_BREAKDOWN
2024-08-07 01:00:00,Japan,Japan,JP,320.55,393.42,41.46,35.11,,true,ESTIMATED_MODE_BREAKDOWN
2024-08-07 02:00:00,Japan,Japan,JP,314.12,386.36,42.64,36.42,,true,ESTIMATED_MODE_BREAKDOWN
2024-08-07 03:00:00,Japan,Japan,JP,313.42,385.74,42.76,36.48,,true,ESTIMATED_MODE_BREAKDOWN
2024-08-07 04:00:00,Japan,Japan,JP,328.73,402.62,39.97,33.87,,true,ESTIMATED_MODE_BREAKDOWN
2024-08-07 05:00:00,Japan,Japan,JP,346.75,421.96,36.68,30.59,,true,ESTIMATED_MODE_BREAKDOWN
2024-08-07 06:00:00,Japan,Japan,JP,369.52,446.19,32.54,26.38,,true,ESTIMATED_MODE_BREAKDOWN
2024-08-07 07:00:00,Japan,Japan,JP,397.85,476.93,27.38,21.17,,true,ESTIMATED_MODE_BREAKDOWN
2024-08-07 08:00:00,Japan,Japan,JP,424.01,504.96,22.61,16.09,,true,ESTIMATED_MODE_BREAKDOWN
2024-08-07 09:00:00,Japan,Japan,JP,440.73,522.86,19.57,12.81,,true,ESTIMATED_MODE_BREAKDOWN
2024-08-07 10:00:00,Japan,Japan,JP,443.84,525.7,19.01,11.9,,true,ESTIMATED_MODE_BREAKDOWN
2024-08-07 11:00:00,Japan,Japan,JP,442.46,523.61,19.27,11.75,,true,ESTIMATED_MODE_BREAKDOWN
2024-08-07 12:00:00,Japan,Japan,JP,440.18,521.2,19.69,11.69,,true,ESTIMATED_MODE_BREAKDOWN
2024-08-07 13:00:00,Japan,Japan,JP,437.35,518.07,20.2,11.68,,true,ESTIMATED_MODE_BREAKDOWN
2024-08-07 14:00:00,Japan,Japan,JP,435.12,515.58,20.6,11.68,,true,ESTIMATED_MODE_BREAKDOWN
2024-08-07 15:00:00,Japan,Japan,JP,429.66,509.45,21.6,11.82,,true,ESTIMATED_MODE_BREAKDOWN
2024-08-07 16:00:00,Japan,Japan,JP,425.14,504.49,22.42,11.94,,true,ESTIMATED_MODE_BREAKDOWN
2024-08-07 17:00:00,Japan,Japan,JP,423.51,502.37,22.72,11.94,,true,ESTIMATED_MODE_BREAKDOWN
2024-08-07 18:00:00,Japan,Japan,JP,423.3,502.01,22.76,11.95,,true,ESTIMATED_MODE_BREAKDOWN
2024-08-07 19:00:00,Japan,Japan,JP,423.11,502.06,22.79,12.0,,true,ESTIMATED_MODE_BREAKDOWN
2024-08-07 20:00:00,Japan,Japan,JP,421.02,499.6,23.18,12.64,,true,ESTIMATED_MODE_BREAKDOWN
2024-08-07 21:00:00,Japan,Japan,JP,395.46,472.29,27.84,17.79,,true,ESTIMATED_MODE_BREAKDOWN
2024-08-07 22:00:00,Japan,Japan,JP,355.0,429.72,35.19,26.26,,true,ESTIMATED_MODE_BREAKDOWN
2024-08-07 23:00:00,Japan,Japan,JP,331.63,404.96,39.45,31.81,,true,ESTIMATED_MODE_BREAKDOWN
2024-08-08 00:00:00,Japan,Japan,JP,318.4,391.15,41.85,34.94,,true,ESTIMATED_MODE_BREAKDOWN
2024-08-08 01:00:00,Japan,Japan,JP,307.65,379.94,43.81,37.18,,true,ESTIMATED_MODE_BREAKDOWN
2024-08-08 02:00:00,Japan,Japan,JP,299.83,371.57,45.23,38.82,,true,ESTIMATED_MODE_BREAKDOWN
2024-08-08 03:00:00,Japan,Japan,JP,296.98,368.37,45.75,39.3,,true,ESTIMATED_MODE_BREAKDOWN
2024-08-08 04:00:00,Japan,Japan,JP,310.48,382.69,43.3,37.07,,true,ESTIMATED_MODE_BREAKDOWN
2024-08-08 05:00:00,Japan,Japan,JP,329.87,403.59,39.77,33.57,,true,ESTIMATED_MODE_BREAKDOWN
2024-08-08 06:00:00,Japan,Japan,JP,357.51,433.4,34.73,28.52,,true,ESTIMATED_MODE_BREAKDOWN
2024-08-08 07:00:00,Japan,Japan,JP,390.47,469.21,28.72,22.54,,true,ESTIMATED_MODE_BREAKDOWN
2024-08-08 08:00:00,Japan,Japan,JP,420.95,502.14,23.16,16.7,,true,ESTIMATED_MODE_BREAKDOWN
2024-08-08 09:00:00,Japan,Japan,JP,440.43,522.81,19.62,12.87,,true,ESTIMATED_MODE_BREAKDOWN
2024-08-08 10:00:00,Japan,Japan,JP,444.12,526.48,18.95,11.93,,true,ESTIMATED_MODE_BREAKDOWN
2024-08-08 11:00:00,Japan,Japan,JP,442.68,524.77,19.21,11.83,,true,ESTIMATED_MODE_BREAKDOWN
2024-08-08 12:00:00,Japan,Japan,JP,440.6,522.21,19.6,11.76,,true,ESTIMATED_MODE_BREAKDOWN
2024-08-08 13:00:00,Japan,Japan,JP,438.22,519.27,20.04,11.71,,true,ESTIMATED_MODE_BREAKDOWN
2024-08-08 14:00:00,Japan,Japan,JP,435.86,516.26,20.47,11.69,,true,ESTIMATED_MODE_BREAKDOWN
2024-08-08 15:00:00,Japan,Japan,JP,429.76,509.4,21.58,11.91,,true,ESTIMATED_MODE_BREAKDOWN
2024-08-08 16:00:00,Japan,Japan,JP,425.78,505.2,22.3,11.94,,true,ESTIMATED_MODE_BREAKDOWN
2024-08-08 17:00:00,Japan,Japan,JP,423.61,502.98,22.69,12.05,,true,ESTIMATED_MODE_BREAKDOWN
2024-08-08 18:00:00,Japan,Japan,JP,423.34,502.66,22.74,12.02,,true,ESTIMATED_MODE_BREAKDOWN
2024-08-08 19:00:00,Japan,Japan,JP,423.58,502.69,22.7,12.03,,true,ESTIMATED_MODE_BREAKDOWN
2024-08-08 20:00:00,Japan,Japan,JP,420.41,498.53,23.3,12.79,,true,ESTIMATED_MODE_BREAKDOWN
2024-08-08 21:00:00,Japan,Japan,JP,393.87,470.43,28.13,18.19,,true,ESTIMATED_MODE_BREAKDOWN
2024-08-08 22:00:00,Japan,Japan,JP,351.42,425.62,35.85,27.1,,true,ESTIMATED_MODE_BREAKDOWN
2024-08-08 23:00:00,Japan,Japan,JP,326.21,398.93,40.44,33.01,,true,ESTIMATED_MODE_BREAKDOWN
2024-08-09 00:00:00,Japan,Japan,JP,310.29,382.07,43.34,36.7,,true,ESTIMATED_MODE_BREAKDOWN
2024-08-09 01:00:00,Japan,Japan,JP,298.4,369.27,45.51,39.13,,true,ESTIMATED_MODE_BREAKDOWN
2024-08-09 02:00:00,Japan,Japan,JP,294.65,364.92,46.2,40.0,,true,ESTIMATED_MODE_BREAKDOWN
2024-08-09 03:00:00,Japan,Japan,JP,298.5,369.18,45.5,39.23,,true,ESTIMATED_MODE_BREAKDOWN
2024-08-09 04:00:00,Japan,Japan,JP,314.48,386.54,42.58,36.49,,true,ESTIMATED_MODE_BREAKDOWN
2024-08-09 05:00:00,Japan,Japan,JP,337.0,410.94,38.47,32.4,,true,ESTIMATED_MODE_BREAKDOWN
2024-08-09 06:00:00,Japan,Japan,JP,366.71,443.12,33.06,26.9,,true,ESTIMATED_MODE_BREAKDOWN
2024-08-09 07:00:00,Japan,Japan,JP,397.32,475.92,27.48,21.18,,true,ESTIMATED_MODE_BREAKDOWN
2024-08-09 08:00:00,Japan,Japan,JP,423.05,503.28,22.8,16.1,,true,ESTIMATED_MODE_BREAKDOWN
2024-08-09 09:00:00,Japan,Japan,JP,440.67,521.86,19.6,12.59,,true,ESTIMATED_MODE_BREAKDOWN
2024-08-09 10:00:00,Japan,Japan,JP,443.48,524.97,19.08,11.79,,true,ESTIMATED_MODE_BREAKDOWN
2024-08-09 11:00:00,Japan,Japan,JP,440.9,522.25,19.55,11.82,,true,ESTIMATED_MODE_BREAKDOWN
2024-08-09 12:00:00,Japan,Japan,JP,438.55,519.29,19.98,11.77,,true,ESTIMATED_MODE_BREAKDOWN
2024-08-09 13:00:00,Japan,Japan,JP,435.81,515.91,20.49,11.77,,true,ESTIMATED_MODE_BREAKDOWN
2024-08-09 14:00:00,Japan,Japan,JP,433.78,513.55,20.86,11.72,,true,ESTIMATED_MODE_BREAKDOWN
2024-08-09 15:00:00,Japan,Japan,JP,428.11,507.44,21.88,11.86,,true,ESTIMATED_MODE_BREAKDOWN
2024-08-09 16:00:00,Japan,Japan,JP,423.15,502.23,22.78,11.97,,true,ESTIMATED_MODE_BREAKDOWN
2024-08-09 17:00:00,Japan,Japan,JP,420.93,499.68,23.18,12.01,,true,ESTIMATED_MODE_BREAKDOWN
2024-08-09 18:00:00,Japan,Japan,JP,420.29,498.78,23.31,12.05,,true,ESTIMATED_MODE_BREAKDOWN
2024-08-09 19:00:00,Japan,Japan,JP,419.63,497.75,23.43,12.12,,true,ESTIMATED_MODE_BREAKDOWN
2024-08-09 20:00:00,Japan,Japan,JP,415.49,492.46,24.21,12.88,,true,ESTIMATED_MODE_BREAKDOWN
2024-08-09 21:00:00,Japan,Japan,JP,386.32,461.37,29.52,18.35,,true,ESTIMATED_MODE_BREAKDOWN
2024-08-09 22:00:00,Japan,Japan,JP,337.91,410.47,38.31,27.99,,true,ESTIMATED_MODE_BREAKDOWN
2024-08-09 23:00:00,Japan,Japan,JP,303.85,374.52,44.51,35.4,,true,ESTIMATED_MODE_BREAKDOWN
2024-08-10 00:00:00,Japan,Japan,JP,281.68,350.07,48.57,40.23,,true,ESTIMATED_MODE_BREAKDOWN
2024-08-10 01:00:00,Japan,Japan,JP,262.19,329.39,52.11,44.09,,true,ESTIMATED_MODE_BREAKDOWN
2024-08-10 02:00:00,Japan,Japan,JP,254.49,321.32,53.51,45.78,,true,ESTIMATED_MODE_BREAKDOWN
2024-08-10 03:00:00,Japan,Japan,JP,257.11,324.13,53.03,45.4,,true,ESTIMATED_MODE_BREAKDOWN
2024-08-10 04:00:00,Japan,Japan,JP,269.53,337.81,50.77,43.26,,true,ESTIMATED_MODE_BREAKDOWN
2024-08-10 05:00:00,Japan,Japan,JP,293.72,363.85,46.36,38.85,,true,ESTIMATED_MODE_BREAKDOWN
2024-08-10 06:00:00,Japan,Japan,JP,326.02,398.78,40.47,32.91,,true,ESTIMATED_MODE_BREAKDOWN
2024-08-10 07:00:00,Japan,Japan,JP,366.45,441.82,33.12,25.52,,true,ESTIMATED_MODE_BREAKDOWN
2024-08-10 08:00:00,Japan,Japan,JP,407.39,485.28,25.67,17.88,,true,ESTIMATED_MODE_BREAKDOWN
2024-08-10 09:00:00,Japan,Japan,JP,433.47,513.04,20.93,12.96,,true,ESTIMATED_MODE_BREAKDOWN
2024-08-10 10:00:00,Japan,Japan,JP,436.36,516.12,20.4,12.21,,true,ESTIMATED_MODE_BREAKDOWN
2024-08-10 11:00:00,Japan,Japan,JP,434.17,513.78,20.8,12.18,,true,ESTIMATED_MODE_BREAKDOWN
2024-08-10 12:00:00,Japan,Japan,JP,431.2,511.08,21.32,12.19,,true,ESTIMATED_MODE_BREAKDOWN
2024-08-10 13:00:00,Japan,Japan,JP,429.04,508.44,21.72,12.11,,true,ESTIMATED_MODE_BREAKDOWN
2024-08-10 14:00:00,Japan,Japan,JP,427.52,506.35,22.0,12.04,,true,ESTIMATED_MODE_BREAKDOWN
2024-08-10 15:00:00,Japan,Japan,JP,420.99,498.68,23.2,12.22,,true,ESTIMATED_MODE_BREAKDOWN
2024-08-10 16:00:00,Japan,Japan,JP,416.03,492.88,24.1,12.28,,true,ESTIMATED_MODE_BREAKDOWN
2024-08-10 17:00:00,Japan,Japan,JP,414.35,491.14,24.41,12.32,,true,ESTIMATED_MODE_BREAKDOWN
2024-08-10 18:00:00,Japan,Japan,JP,414.61,491.39,24.36,12.26,,true,ESTIMATED_MODE_BREAKDOWN
2024-08-10 19:00:00,Japan,Japan,JP,414.82,491.15,24.34,12.25,,true,ESTIMATED_MODE_BREAKDOWN
2024-08-10 20:00:00,Japan,Japan,JP,411.35,487.16,24.98,12.92,,true,ESTIMATED_MODE_BREAKDOWN
2024-08-10 21:00:00,Japan,Japan,JP,377.18,451.06,31.19,19.24,,true,ESTIMATED_MODE_BREAKDOWN
2024-08-10 22:00:00,Japan,Japan,JP,316.7,387.17,42.18,30.97,,true,ESTIMATED_MODE_BREAKDOWN
2024-08-10 23:00:00,Japan,Japan,JP,270.45,337.83,50.6,40.44,,true,ESTIMATED_MODE_BREAKDOWN
2024-08-11 00:00:00,Japan,Japan,JP,245.55,311.14,55.14,45.94,,true,ESTIMATED_MODE_BREAKDOWN
2024-08-11 01:00:00,Japan,Japan,JP,235.06,300.02,57.05,48.42,,true,ESTIMATED_MODE_BREAKDOWN
2024-08-11 02:00:00,Japan,Japan,JP,234.77,299.94,57.1,48.77,,true,ESTIMATED_MODE_BREAKDOWN
2024-08-11 03:00:00,Japan,Japan,JP,242.75,308.5,55.65,47.51,,true,ESTIMATED_MODE_BREAKDOWN
2024-08-11 04:00:00,Japan,Japan,JP,257.06,324.74,53.02,44.96,,true,ESTIMATED_MODE_BREAKDOWN
2024-08-11 05:00:00,Japan,Japan,JP,279.85,349.76,48.86,40.8,,true,ESTIMATED_MODE_BREAKDOWN
2024-08-11 06:00:00,Japan,Japan,JP,318.36,391.28,41.84,33.86,,true,ESTIMATED_MODE_BREAKDOWN
2024-08-11 07:00:00,Japan,Japan,JP,362.52,438.41,33.81,25.86,,true,ESTIMATED_MODE_BREAKDOWN
2024-08-11 08:00:00,Japan,Japan,JP,405.41,483.75,26.01,18.07,,true,ESTIMATED_MODE_BREAKDOWN
2024-08-11 09:00:00,Japan,Japan,JP,432.94,512.75,21.02,12.96,,true,ESTIMATED_MODE_BREAKDOWN
2024-08-11 10:00:00,Japan,Japan,JP,436.84,516.95,20.3,12.1,,true,ESTIMATED_MODE_BREAKDOWN
2024-08-11 11:00:00,Japan,Japan,JP,434.85,514.73,20.67,12.1,,true,ESTIMATED_MODE_BREAKDOWN
2024-08-11 12:00:00,Japan,Japan,JP,432.47,512.31,21.09,12.02,,true,ESTIMATED_MODE_BREAKDOWN
2024-08-11 13:00:00,Japan,Japan,JP,429.54,508.92,21.63,11.99,,true,ESTIMATED_MODE_BREAKDOWN
2024-08-11 14:00:00,Japan,Japan,JP,426.73,505.69,22.14,12.0,,true,ESTIMATED_MODE_BREAKDOWN
2024-08-11 15:00:00,Japan,Japan,JP,420.61,498.41,23.26,12.14,,true,ESTIMATED_MODE_BREAKDOWN
2024-08-11 16:00:00,Japan,Japan,JP,414.92,492.05,24.29,12.35,,true,ESTIMATED_MODE_BREAKDOWN
2024-08-11 17:00:00,Japan,Japan,JP,412.82,489.73,24.68,12.45,,true,ESTIMATED_MODE_BREAKDOWN
2024-08-11 18:00:00,Japan,Japan,JP,412.74,489.5,24.69,12.46,,true,ESTIMATED_MODE_BREAKDOWN
2024-08-11 19:00:00,Japan,Japan,JP,413.66,490.18,24.54,12.41,,true,ESTIMATED_MODE_BREAKDOWN
2024-08-11 20:00:00,Japan,Japan,JP,411.11,486.98,25.01,13.07,,true,ESTIMATED_MODE_BREAKDOWN
2024-08-11 21:00:00,Japan,Japan,JP,382.96,457.03,30.14,18.45,,true,ESTIMATED_MODE_BREAKDOWN
2024-08-11 22:00:00,Japan,Japan,JP,334.22,406.13,38.98,28.22,,true,ESTIMATED_MODE_BREAKDOWN
2024-08-11 23:00:00,Japan,Japan,JP,296.0,366.07,45.93,36.31,,true,ESTIMATED_MODE_BREAKDOWN
2024-08-12 00:00:00,Japan,Japan,JP,274.04,342.5,49.94,41.2,,true,ESTIMATED_MODE_BREAKDOWN
2024-08-12 01:00:00,Japan,Japan,JP,264.52,332.47,51.67,43.36,,true,ESTIMATED_MODE_BREAKDOWN
2024-08-12 02:00:00,Japan,Japan,JP,259.79,327.47,52.53,44.44,,true,ESTIMATED_MODE_BREAKDOWN
2024-08-12 03:00:00,Japan,Japan,JP,261.73,329.56,52.18,44.22,,true,ESTIMATED_MODE_BREAKDOWN
2024-08-12 04:00:00,Japan,Japan,JP,273.03,341.77,50.12,42.26,,true,ESTIMATED_MODE_BREAKDOWN
2024-08-12 05:00:00,Japan,Japan,JP,298.84,369.77,45.41,37.58,,true,ESTIMATED_MODE_BREAKDOWN
2024-08-12 06:00:00,Japan,Japan,JP,334.59,408.35,38.9,31.09,,true,ESTIMATED_MODE_BREAKDOWN
2024-08-12 07:00:00,Japan,Japan,JP,373.14,449.59,31.88,24.09,,true,ESTIMATED_MODE_BREAKDOWN
2024-08-12 08:00:00,Japan,Japan,JP,410.92,490.26,25.0,17.17,,true,ESTIMATED_MODE_BREAKDOWN
2024-08-12 09:00:00,Japan,Japan,JP,434.33,515.44,20.74,12.8,,true,ESTIMATED_MODE_BREAKDOWN
2024-08-12 10:00:00,Japan,Japan,JP,437.3,518.43,20.2,12.1,,true,ESTIMATED_MODE_BREAKDOWN
2024-08-12 11:00:00,Japan,Japan,JP,435.36,516.38,20.55,12.09,,true,ESTIMATED_MODE_BREAKDOWN
2024-08-12 12:00:00,Japan,Japan,JP,433.41,513.9,20.91,11.99,,true,ESTIMATED_MODE_BREAKDOWN
2024-08-12 13:00:00,Japan,Japan,JP,430.45,510.18,21.45,11.9,,true,ESTIMATED_MODE_BREAKDOWN
2024-08-12 14:00:00,Japan,Japan,JP,428.83,507.58,21.77,11.77,,true,ESTIMATED_MODE_BREAKDOWN
2024-08-12 15:00:00,Japan,Japan,JP,422.95,501.2,22.83,11.89,,true,ESTIMATED_MODE_BREAKDOWN
2024-08-12 16:00:00,Japan,Japan,JP,417.81,495.79,23.76,11.98,,true,ESTIMATED_MODE_BREAKDOWN
2024-08-12 17:00:00,Japan,Japan,JP,415.91,493.81,24.1,12.04,,true,ESTIMATED_MODE_BREAKDOWN
2024-08-12 18:00:00,Japan,Japan,JP,416.05,493.83,24.08,12.03,,true,ESTIMATED_MODE_BREAKDOWN
2024-08-12 19:00:00,Japan,Japan,JP,416.59,494.19,23.99,12.05,,true,ESTIMATED_MODE_BREAKDOWN
2024-08-12 20:00:00,Japan,Japan,JP,414.67,491.51,24.36,12.6,,true,ESTIMATED_MODE_BREAKDOWN
2024-08-12 21:00:00,Japan,Japan,JP,389.63,465.11,28.91,17.57,,true,ESTIMATED_MODE_BREAKDOWN
2024-08-12 22:00:00,Japan,Japan,JP,346.64,419.73,36.73,26.46,,true,ESTIMATED_MODE_BREAKDOWN
2024-08-12 23:00:00,Japan,Japan,JP,310.36,381.07,43.33,34.27,,true,ESTIMATED_MODE_BREAKDOWN
2024-08-13 00:00:00,Japan,Japan,JP,285.2,353.82,47.93,39.68,,true,ESTIMATED_MODE_BREAKDOWN
2024-08-13 01:00:00,Japan,Japan,JP,268.95,336.63,50.88,43.07,,true,ESTIMATED_MODE_BREAKDOWN
2024-08-13 02:00:00,Japan,Japan,JP,265.71,333.43,51.47,43.88,,true,ESTIMATED_MODE_BREAKDOWN
2024-08-13 03:00:00,Japan,Japan,JP,268.78,336.93,50.91,43.45,,true,ESTIMATED_MODE_BREAKDOWN
2024-08-13 04:00:00,Japan,Japan,JP,280.82,349.93,48.71,41.3,,true,ESTIMATED_MODE_BREAKDOWN
2024-08-13 05:00:00,Japan,Japan,JP,303.6,374.93,44.55,37.15,,true,ESTIMATED_MODE_BREAKDOWN
2024-08-13 06:00:00,Japan,Japan,JP,337.34,411.34,38.4,30.98,,true,ESTIMATED_MODE_BREAKDOWN
2024-08-13 07:00:00,Japan,Japan,JP,378.51,455.91,30.9,23.49,,true,ESTIMATED_MODE_BREAKDOWN
2024-08-13 08:00:00,Japan,Japan,JP,415.71,495.83,24.12,16.56,,true,ESTIMATED_MODE_BREAKDOWN
2024-08-13 09:00:00,Japan,Japan,JP,437.29,518.72,20.2,12.44,,true,ESTIMATED_MODE_BREAKDOWN
2024-08-13 10:00:00,Japan,Japan,JP,439.55,521.19,19.79,11.82,,true,ESTIMATED_MODE_BREAKDOWN
2024-08-13 11:00:00,Japan,Japan,JP,437.68,519.14,20.12,11.73,,true,ESTIMATED_MODE_BREAKDOWN
2024-08-13 12:00:00,Japan,Japan,JP,435.04,516.22,20.6,11.75,,true,ESTIMATED_MODE_BREAKDOWN
2024-08-13 13:00:00,Japan,Japan,JP,432.26,513.06,21.11,11.71,,true,ESTIMATED_MODE_BREAKDOWN
2024-08-13 14:00:00,Japan,Japan,JP,430.0,509.63,21.54,11.65,,true,ESTIMATED_MODE_BREAKDOWN
2024-08-13 15:00:00,Japan,Japan,JP,424.08,502.24,22.63,11.65,,true,ESTIMATED_MODE_BREAKDOWN
2024-08-13 16:00:00,Japan,Japan,JP,419.73,497.79,23.41,11.64,,true,ESTIMATED_MODE_BREAKDOWN
2024-08-13 17:00:00,Japan,Japan,JP,417.87,495.94,23.75,11.7,,true,ESTIMATED_MODE_BREAKDOWN
2024-08-13 18:00:00,Japan,Japan,JP,417.38,495.23,23.84,11.75,,true,ESTIMATED_MODE_BREAKDOWN
2024-08-13 19:00:00,Japan,Japan,JP,417.61,495.17,23.81,11.74,,true,ESTIMATED_MODE_BREAKDOWN
2024-08-13 20:00:00,Japan,Japan,JP,415.17,492.06,24.27,12.43,,true,ESTIMATED_MODE_BREAKDOWN
2024-08-13 21:00:00,Japan,Japan,JP,392.06,467.84,28.46,17.0,,true,ESTIMATED_MODE_BREAKDOWN
2024-08-13 22:00:00,Japan,Japan,JP,350.85,424.48,35.95,25.55,,true,ESTIMATED_MODE_BREAKDOWN
2024-08-13 23:00:00,Japan,Japan,JP,317.01,388.2,42.12,32.92,,true,ESTIMATED_MODE_BREAKDOWN
2024-08-14 00:00:00,Japan,Japan,JP,290.41,359.73,46.97,38.55,,true,ESTIMATED_MODE_BREAKDOWN
2024-08-14 01:00:00,Japan,Japan,JP,274.06,342.13,49.95,41.96,,true,ESTIMATED_MODE_BREAKDOWN
2024-08-14 02:00:00,Japan,Japan,JP,270.34,338.21,50.63,42.87,,true,ESTIMATED_MODE_BREAKDOWN
2024-08-14 03:00:00,Japan,Japan,JP,271.54,339.44,50.41,42.77,,true,ESTIMATED_MODE_BREAKDOWN
2024-08-14 04:00:00,Japan,Japan,JP,285.19,354.71,47.91,40.28,,true,ESTIMATED_MODE_BREAKDOWN
2024-08-14 05:00:00,Japan,Japan,JP,307.89,379.27,43.77,36.11,,true,ESTIMATED_MODE_BREAKDOWN
2024-08-14 06:00:00,Japan,Japan,JP,340.85,415.12,37.76,30.11,,true,ESTIMATED_MODE_BREAKDOWN
2024-08-14 07:00:00,Japan,Japan,JP,383.13,460.45,30.06,22.43,,true,ESTIMATED_MODE_BREAKDOWN
2024-08-14 08:00:00,Japan,Japan,JP,418.02,497.99,23.71,15.91,,true,ESTIMATED_MODE_BREAKDOWN
2024-08-14 09:00:00,Japan,Japan,JP,436.63,517.66,20.33,12.39,,true,ESTIMATED_MODE_BREAKDOWN
2024-08-14 10:00:00,Japan,Japan,JP,438.55,519.82,19.97,11.85,,true,ESTIMATED_MODE_BREAKDOWN
2024-08-14 11:00:00,Japan,Japan,JP,436.49,517.47,20.35,11.8,,true,ESTIMATED_MODE_BREAKDOWN
2024-08-14 12:00:00,Japan,Japan,JP,434.06,514.9,20.78,11.76,,true,ESTIMATED_MODE_BREAKDOWN
2024-08-14 13:00:00,Japan,Japan,JP,431.45,511.45,21.27,11.7,,true,ESTIMATED_MODE_BREAKDOWN
2024-08-14 14:00:00,Japan,Japan,JP,429.09,507.98,21.72,11.65,,true,ESTIMATED_MODE_BREAKDOWN
2024-08-14 15:00:00,Japan,Japan,JP,423.55,501.69,22.73,11.71,,true,ESTIMATED_MODE_BREAKDOWN
2024-08-14 16:00:00,Japan,Japan,JP,418.04,496.1,23.72,11.92,,true,ESTIMATED_MODE_BREAKDOWN
2024-08-14 17:00:00,Japan,Japan,JP,416.08,494.11,24.07,11.97,,true,ESTIMATED_MODE_BREAKDOWN
2024-08-14 18:00:00,Japan,Japan,JP,415.69,493.49,24.15,12.01,,true,ESTIMATED_MODE_BREAKDOWN
2024-08-14 19:00:00,Japan,Japan,JP,416.13,493.73,24.07,11.98,,true,ESTIMATED_MODE_BREAKDOWN
2024-08-14 20:00:00,Japan,Japan,JP,414.04,491.03,24.47,12.53,,true,ESTIMATED_MODE_BREAKDOWN
2024-08-14 21:00:00,Japan,Japan,JP,387.44,462.93,29.3,17.76,,true,ESTIMATED_MODE_BREAKDOWN
2024-08-14 22:00:00,Japan,Japan,JP,345.36,418.57,36.95,26.52,,true,ESTIMATED_MODE_BREAKDOWN
2024-08-14 23:00:00,Japan,Japan,JP,314.65,385.59,42.55,33.27,,true,ESTIMATED_MODE_BREAKDOWN
2024-08-15 00:00:00,Japan,Japan,JP,285.23,354.13,47.91,39.51,,true,ESTIMATED_MODE_BREAKDOWN
2024-08-15 01:00:00,Japan,Japan,JP,265.33,332.54,51.55,43.56,,true,ESTIMATED_MODE_BREAKDOWN
2024-08-15 02:00:00,Japan,Japan,JP,259.38,326.38,52.63,44.94,,true,ESTIMATED_MODE_BREAKDOWN
2024-08-15 03:00:00,Japan,Japan,JP,262.17,329.51,52.12,44.63,,true,ESTIMATED_MODE_BREAKDOWN
2024-08-15 04:00:00,Japan,Japan,JP,276.55,345.46,49.49,42.03,,true,ESTIMATED_MODE_BREAKDOWN
2024-08-15 05:00:00,Japan,Japan,JP,303.96,375.45,44.48,37.05,,true,ESTIMATED_MODE_BREAKDOWN
2024-08-15 06:00:00,Japan,Japan,JP,342.76,417.38,37.41,29.92,,true,ESTIMATED_MODE_BREAKDOWN
2024-08-15 07:00:00,Japan,Japan,JP,384.04,461.17,29.9,22.32,,true,ESTIMATED_MODE_BREAKDOWN
2024-08-15 08:00:00,Japan,Japan,JP,418.59,498.17,23.61,15.94,,true,ESTIMATED_MODE_BREAKDOWN
2024-08-15 09:00:00,Japan,Japan,JP,436.84,517.72,20.29,12.45,,true,ESTIMATED_MODE_BREAKDOWN
2024-08-15 10:00:00,Japan,Japan,JP,438.52,519.35,19.99,11.93,,true,ESTIMATED_MODE_BREAKDOWN
2024-08-15 11:00:00,Japan,Japan,JP,436.53,517.11,20.35,11.87,,true,ESTIMATED_MODE_BREAKDOWN
2024-08-15 12:00:00,Japan,Japan,JP,434.1,514.55,20.79,11.87,,true,ESTIMATED_MODE_BREAKDOWN
2024-08-15 13:00:00,Japan,Japan,JP,431.15,511.05,21.32,11.86,,true,ESTIMATED_MODE_BREAKDOWN
2024-08-15 14:00:00,Japan,Japan,JP,429.06,508.17,21.72,11.81,,true,ESTIMATED_MODE_BREAKDOWN
2024-08-15 15:00:00,Japan,Japan,JP,422.79,500.95,22.86,11.91,,true,ESTIMATED_MODE_BREAKDOWN
2024-08-15 16:00:00,Japan,Japan,JP,417.48,495.41,23.82,12.06,,true,ESTIMATED_MODE_BREAKDOWN
2024-08-15 17:00:00,Japan,Japan,JP,415.37,493.19,24.2,12.15,,true,ESTIMATED_MODE_BREAKDOWN
2024-08-15 18:00:00,Japan,Japan,JP,414.79,492.35,24.31,12.26,,true,ESTIMATED_MODE_BREAKDOWN
2024-08-15 19:00:00,Japan,Japan,JP,414.99,492.31,24.28,12.32,,true,ESTIMATED_MODE_BREAKDOWN
2024-08-15 20:00:00,Japan,Japan,JP,413.52,490.15,24.57,12.84,,true,ESTIMATED_MODE_BREAKDOWN
2024-08-15 21:00:00,Japan,Japan,JP,395.91,471.44,27.77,16.38,,true,ESTIMATED_MODE_BREAKDOWN
2024-08-15 22:00:00,Japan,Japan,JP,367.4,441.92,32.94,22.6,,true,ESTIMATED_MODE_BREAKDOWN
2024-08-15 23:00:00,Japan,Japan,JP,344.27,417.17,37.16,28.1,,true,ESTIMATED_MODE_BREAKDOWN
2024-08-16 00:00:00,Japan,Japan,JP,326.9,398.5,40.33,32.07,,true,ESTIMATED_MODE_BREAKDOWN
2024-08-16 01:00:00,Japan,Japan,JP,314.14,385.32,42.64,34.65,,true,ESTIMATED_MODE_BREAKDOWN
2024-08-16 02:00:00,Japan,Japan,JP,307.93,378.72,43.77,35.91,,true,ESTIMATED_MODE_BREAKDOWN
2024-08-16 03:00:00,Japan,Japan,JP,309.32,380.23,43.52,35.65,,true,ESTIMATED_MODE_BREAKDOWN
2024-08-16 04:00:00,Japan,Japan,JP,319.09,390.78,41.74,33.91,,true,ESTIMATED_MODE_BREAKDOWN
2024-08-16 05:00:00,Japan,Japan,JP,329.96,402.35,39.76,31.93,,true,ESTIMATED_MODE_BREAKDOWN
2024-08-16 06:00:00,Japan,Japan,JP,351.97,425.92,35.76,27.92,,true,ESTIMATED_MODE_BREAKDOWN
2024-08-16 07:00:00,Japan,Japan,JP,380.95,456.74,30.49,22.61,,true,ESTIMATED_MODE_BREAKDOWN
2024-08-16 08:00:00,Japan,Japan,JP,411.03,488.66,25.02,17.01,,true,ESTIMATED_MODE_BREAKDOWN
2024-08-16 09:00:00,Japan,Japan,JP,431.64,510.83,21.27,13.08,,true,ESTIMATED_MODE_BREAKDOWN
2024-08-16 10:00:00,Japan,Japan,JP,433.53,512.95,20.92,12.47,,true,ESTIMATED_MODE_BREAKDOWN
2024-08-16 11:00:00,Japan,Japan,JP,430.88,509.65,21.41,12.5,,true,ESTIMATED_MODE_BREAKDOWN
2024-08-16 12:00:00,Japan,Japan,JP,428.3,506.53,21.88,12.44,,true,ESTIMATED_MODE_BREAKDOWN
2024-08-16 13:00:00,Japan,Japan,JP,425.35,503.6,22.41,12.44,,true,ESTIMATED_MODE_BREAKDOWN
2024-08-16 14:00:00,Japan,Japan,JP,423.29,500.77,22.79,12.38,,true,ESTIMATED_MODE_BREAKDOWN
2024-08-16 15:00:00,Japan,Japan,JP,418.31,495.36,23.69,12.45,,true,ESTIMATED_MODE_BREAKDOWN
2024-08-16 16:00:00,Japan,Japan,JP,412.85,489.48,24.68,12.59,,true,ESTIMATED_MODE_BREAKDOWN
2024-08-16 17:00:00,Japan,Japan,JP,411.5,487.93,24.93,12.61,,true,ESTIMATED_MODE_BREAKDOWN
2024-08-16 18:00:00,Japan,Japan,JP,412.28,488.89,24.79,12.52,,true,ESTIMATED_MODE_BREAKDOWN
2024-08-16 19:00:00,Japan,Japan,JP,412.9,489.15,24.68,12.51,,true,ESTIMATED_MODE_BREAKDOWN
2024-08-16 20:00:00,Japan,Japan,JP,411.5,487.35,24.95,12.94,,true,ESTIMATED_MODE_BREAKDOWN
2024-08-16 21:00:00,Japan,Japan,JP,385.6,459.48,29.67,17.92,,true,ESTIMATED_MODE_BREAKDOWN
2024-08-16 22:00:00,Japan,Japan,JP,336.46,407.22,38.61,27.9,,true,ESTIMATED_MODE_BREAKDOWN
2024-08-16 23:00:00,Japan,Japan,JP,298.67,367.19,45.49,36.14,,true,ESTIMATED_MODE_BREAKDOWN
2024-08-17 00:00:00,Japan,Japan,JP,278.03,345.43,49.25,40.87,,true,ESTIMATED_MODE_BREAKDOWN
2024-08-17 01:00:00,Japan,Japan,JP,265.61,332.45,51.5,43.58,,true,ESTIMATED_MODE_BREAKDOWN
2024-08-17 02:00:00,Japan,Japan,JP,261.61,328.72,52.22,44.58,,true,ESTIMATED_MODE_BREAKDOWN
2024-08-17 03:00:00,Japan,Japan,JP,267.59,335.42,51.13,43.58,,true,ESTIMATED_MODE_BREAKDOWN
2024-08-17 04:00:00,Japan,Japan,JP,281.34,351.02,48.6,41.16,,true,ESTIMATED_MODE_BREAKDOWN
2024-08-17 05:00:00,Japan,Japan,JP,303.49,374.85,44.57,37.12,,true,ESTIMATED_MODE_BREAKDOWN
2024-08-17 06:00:00,Japan,Japan,JP,336.09,409.7,38.64,31.13,,true,ESTIMATED_MODE_BREAKDOWN
2024-08-17 07:00:00,Japan,Japan,JP,378.52,454.75,30.92,23.35,,true,ESTIMATED_MODE_BREAKDOWN
2024-08-17 08:00:00,Japan,Japan,JP,415.69,493.99,24.17,16.46,,true,ESTIMATED_MODE_BREAKDOWN
2024-08-17 09:00:00,Japan,Japan,JP,436.68,516.66,20.34,12.43,,true,ESTIMATED_MODE_BREAKDOWN
2024-08-17 10:00:00,Japan,Japan,JP,438.88,519.18,19.93,11.82,,true,ESTIMATED_MODE_BREAKDOWN
2024-08-17 11:00:00,Japan,Japan,JP,436.95,516.92,20.29,11.74,,true,ESTIMATED_MODE_BREAKDOWN
2024-08-17 12:00:00,Japan,Japan,JP,434.65,514.19,20.71,11.64,,true,ESTIMATED_MODE_BREAKDOWN
2024-08-17 13:00:00,Japan,Japan,JP,431.54,510.71,21.27,11.64,,true,ESTIMATED_MODE_BREAKDOWN
2024-08-17 14:00:00,Japan,Japan,JP,429.71,508.45,21.61,11.61,,true,ESTIMATED_MODE_BREAKDOWN
2024-08-17 15:00:00,Japan,Japan,JP,424.12,502.29,22.62,11.67,,true,ESTIMATED_MODE_BREAKDOWN
2024-08-17 16:00:00,Japan,Japan,JP,418.76,496.08,23.6,11.77,,true,ESTIMATED_MODE_BREAKDOWN
2024-08-17 17:00:00,Japan,Japan,JP,417.03,494.14,23.92,11.78,,true,ESTIMATED_MODE_BREAKDOWN
2024-08-17 18:00:00,Japan,Japan,JP,416.87,493.64,23.96,11.82,,true,ESTIMATED_MODE_BREAKDOWN
2024-08-17 19:00:00,Japan,Japan,JP,417.4,494.23,23.86,11.78,,true,ESTIMATED_MODE_BREAKDOWN
2024-08-17 20:00:00,Japan,Japan,JP,414.44,490.85,24.41,12.42,,true,ESTIMATED_MODE_BREAKDOWN
2024-08-17 21:00:00,Japan,Japan,JP,390.6,464.63,28.76,16.83,,true,ESTIMATED_MODE_BREAKDOWN
2024-08-17 22:00:00,Japan,Japan,JP,347.04,418.08,36.69,25.52,,true,ESTIMATED_MODE_BREAKDOWN
2024-08-17 23:00:00,Japan,Japan,JP,310.11,378.52,43.42,33.38,,true,ESTIMATED_MODE_BREAKDOWN
2024-08-18 00:00:00,Japan,Japan,JP,280.23,346.34,48.87,39.73,,true,ESTIMATED_MODE_BREAKDOWN
2024-08-18 01:00:00,Japan,Japan,JP,259.22,324.32,52.69,44.09,,true,ESTIMATED_MODE_BREAKDOWN
2024-08-18 02:00:00,Japan,Japan,JP,251.56,316.09,54.09,45.81,,true,ESTIMATED_MODE_BREAKDOWN
2024-08-18 03:00:00,Japan,Japan,JP,252.13,316.57,53.99,46.0,,true,ESTIMATED_MODE_BREAKDOWN
2024-08-18 04:00:00,Japan,Japan,JP,263.43,329.46,51.92,44.05,,true,ESTIMATED_MODE_BREAKDOWN
2024-08-18 05:00:00,Japan,Japan,JP,287.64,356.7,47.48,39.61,,true,ESTIMATED_MODE_BREAKDOWN
2024-08-18 06:00:00,Japan,Japan,JP,327.11,399.95,40.27,32.45,,true,ESTIMATED_MODE_BREAKDOWN
2024-08-18 07:00:00,Japan,Japan,JP,373.05,449.09,31.91,24.12,,true,ESTIMATED_MODE_BREAKDOWN
2024-08-18 08:00:00,Japan,Japan,JP,415.47,494.7,24.19,16.39,,true,ESTIMATED_MODE_BREAKDOWN
2024-08-18 09:00:00,Japan,Japan,JP,437.36,518.35,20.2,12.32,,true,ESTIMATED_MODE_BREAKDOWN
2024-08-18 10:00:00,Japan,Japan,JP,438.9,519.83,19.92,11.91,,true,ESTIMATED_MODE_BREAKDOWN
2024-08-18 11:00:00,Japan,Japan,JP,437.18,517.88,20.23,11.85,,true,ESTIMATED_MODE_BREAKDOWN
2024-08-18 12:00:00,Japan,Japan,JP,435.04,515.41,20.62,11.79,,true,ESTIMATED_MODE_BREAKDOWN
2024-08-18 13:00:00,Japan,Japan,JP,432.31,511.93,21.13,11.73,,true,ESTIMATED_MODE_BREAKDOWN
2024-08-18 14:00:00,Japan,Japan,JP,430.44,509.32,21.48,11.7,,true,ESTIMATED_MODE_BREAKDOWN
2024-08-18 15:00:00,Japan,Japan,JP,425.0,503.12,22.47,11.76,,true,ESTIMATED_MODE_BREAKDOWN
2024-08-18 16:00:00,Japan,Japan,JP,420.24,498.18,23.32,11.8,,true,ESTIMATED_MODE_BREAKDOWN
2024-08-18 17:00:00,Japan,Japan,JP,418.44,496.34,23.65,11.89,,true,ESTIMATED_MODE_BREAKDOWN
2024-08-18 18:00:00,Japan,Japan,JP,418.33,496.06,23.67,11.94,,true,ESTIMATED_MODE_BREAKDOWN
2024-08-18 19:00:00,Japan,Japan,JP,418.99,496.95,23.55,11.98,,true,ESTIMATED_MODE_BREAKDOWN
2024-08-18 20:00:00,Japan,Japan,JP,418.19,496.18,23.7,12.51,,true,ESTIMATED_MODE_BREAKDOWN
2024-08-18 21:00:00,Japan,Japan,JP,404.29,481.02,26.24,15.87,,true,ESTIMATED_MODE_BREAKDOWN
2024-08-18 22:00:00,Japan,Japan,JP,385.33,461.03,29.69,20.65,,true,ESTIMATED_MODE_BREAKDOWN
2024-08-18 23:00:00,Japan,Japan,JP,376.28,451.05,31.36,23.79,,true,ESTIMATED_MODE_BREAKDOWN
2024-08-19 00:00:00,Japan,Japan,JP,369.46,444.1,32.6,25.75,,true,ESTIMATED_MODE_BREAKDOWN
2024-08-19 01:00:00,Japan,Japan,JP,358.05,431.63,34.68,28.04,,true,ESTIMATED_MODE_BREAKDOWN
2024-08-19 02:00:00,Japan,Japan,JP,351.01,424.27,35.96,29.47,,true,ESTIMATED_MODE_BREAKDOWN
2024-08-19 03:00:00,Japan,Japan,JP,347.29,420.93,36.62,30.04,,true,ESTIMATED_MODE_BREAKDOWN
2024-08-19 04:00:00,Japan,Japan,JP,361.39,436.66,34.04,27.65,,true,ESTIMATED_MODE_BREAKDOWN
2024-08-19 05:00:00,Japan,Japan,JP,380.35,457.08,30.58,24.2,,true,ESTIMATED_MODE_BREAKDOWN
2024-08-19 06:00:00,Japan,Japan,JP,401.19,479.71,26.78,20.36,,true,ESTIMATED_MODE_BREAKDOWN
2024-08-19 07:00:00,Japan,Japan,JP,423.18,504.13,22.76,16.23,,true,ESTIMATED_MODE_BREAKDOWN
2024-08-19 08:00:00,Japan,Japan,JP,437.12,519.46,20.21,13.26,,true,ESTIMATED_MODE_BREAKDOWN
2024-08-19 09:00:00,Japan,Japan,JP,443.05,525.83,19.13,11.95,,true,ESTIMATED_MODE_BREAKDOWN
2024-08-19 10:00:00,Japan,Japan,JP,441.18,523.78,19.47,11.87,,true,ESTIMATED_MODE_BREAKDOWN
2024-08-19 11:00:00,Japan,Japan,JP,438.68,520.99,19.92,11.84,,true,ESTIMATED_MODE_BREAKDOWN
2024-08-19 12:00:00,Japan,Japan,JP,435.95,518.12,20.42,11.87,,true,ESTIMATED_MODE_BREAKDOWN
2024-08-19 13:00:00,Japan,Japan,JP,433.48,515.15,20.87,11.84,,true,ESTIMATED_MODE_BREAKDOWN
2024-08-19 14:00:00,Japan,Japan,JP,431.22,512.35,21.29,11.9,,true,ESTIMATED_MODE_BREAKDOWN
2024-08-19 15:00:00,Japan,Japan,JP,425.7,506.02,22.29,12.03,,true,ESTIMATED_MODE_BREAKDOWN
2024-08-19 16:00:00,Japan,Japan,JP,421.93,501.57,22.98,12.12,,true,ESTIMATED_MODE_BREAKDOWN
2024-08-19 17:00:00,Japan,Japan,JP,420.29,499.13,23.3,12.18,,true,ESTIMATED_MODE_BREAKDOWN
2024-08-19 18:00:00,Japan,Japan,JP,420.28,498.97,23.3,12.17,,true,ESTIMATED_MODE_BREAKDOWN
2024-08-19 19:00:00,Japan,Japan,JP,420.87,499.15,23.21,12.18,,true,ESTIMATED_MODE_BREAKDOWN
2024-08-19 20:00:00,Japan,Japan,JP,420.31,498.29,23.32,12.54,,true,ESTIMATED_MODE_BREAKDOWN
2024-08-19 21:00:00,Japan,Japan,JP,407.4,484.78,25.67,15.38,,true,ESTIMATED_MODE_BREAKDOWN
2024-08-19 22:00:00,Japan,Japan,JP,383.62,460.37,29.98,20.66,,true,ESTIMATED_MODE_BREAKDOWN
2024-08-19 23:00:00,Japan,Japan,JP,359.5,435.24,34.36,26.37,,true,ESTIMATED_MODE_BREAKDOWN
2024-08-20 00:00:00,Japan,Japan,JP,336.74,411.14,38.5,31.32,,true,ESTIMATED_MODE_BREAKDOWN
2024-08-20 01:00:00,Japan,Japan,JP,319.05,392.29,41.72,34.9,,true,ESTIMATED_MODE_BREAKDOWN
2024-08-20 02:00:00,Japan,Japan,JP,309.68,381.83,43.44,36.81,,true,ESTIMATED_MODE_BREAKDOWN
2024-08-20 03:00:00,Japan,Japan,JP,302.99,374.54,44.66,38.0,,true,ESTIMATED_MODE_BREAKDOWN
2024-08-20 04:00:00,Japan,Japan,JP,317.81,390.73,41.96,35.56,,true,ESTIMATED_MODE_BREAKDOWN
2024-08-20 05:00:00,Japan,Japan,JP,336.67,410.96,38.53,32.17,,true,ESTIMATED_MODE_BREAKDOWN
2024-08-20 06:00:00,Japan,Japan,JP,364.79,440.69,33.41,27.05,,true,ESTIMATED_MODE_BREAKDOWN
2024-08-20 07:00:00,Japan,Japan,JP,399.84,478.08,27.04,20.6,,true,ESTIMATED_MODE_BREAKDOWN
2024-08-20 08:00:00,Japan,Japan,JP,426.3,506.92,22.21,15.45,,true,ESTIMATED_MODE_BREAKDOWN
2024-08-20 09:00:00,Japan,Japan,JP,443.26,525.23,19.12,12.11,,true,ESTIMATED_MODE_BREAKDOWN
2024-08-20 10:00:00,Japan,Japan,JP,443.67,525.79,19.04,11.77,,true,ESTIMATED_MODE_BREAKDOWN
2024-08-20 11:00:00,Japan,Japan,JP,441.82,523.87,19.37,11.7,,true,ESTIMATED_MODE_BREAKDOWN
2024-08-20 12:00:00,Japan,Japan,JP,439.24,520.78,19.84,11.69,,true,ESTIMATED_MODE_BREAKDOWN
2024-08-20 13:00:00,Japan,Japan,JP,436.96,518.36,20.25,11.59,,true,ESTIMATED_MODE_BREAKDOWN
2024-08-20 14:00:00,Japan,Japan,JP,434.95,515.8,20.62,11.58,,true,ESTIMATED_MODE_BREAKDOWN
2024-08-20 15:00:00,Japan,Japan,JP,429.01,509.36,21.7,11.77,,true,ESTIMATED_MODE_BREAKDOWN
2024-08-20 16:00:00,Japan,Japan,JP,425.32,505.31,22.37,11.79,,true,ESTIMATED_MODE_BREAKDOWN
2024-08-20 17:00:00,Japan,Japan,JP,423.55,503.12,22.7,11.85,,true,ESTIMATED_MODE_BREAKDOWN
2024-08-20 18:00:00,Japan,Japan,JP,423.74,502.66,22.68,11.82,,true,ESTIMATED_MODE_BREAKDOWN
2024-08-20 19:00:00,Japan,Japan,JP,424.21,503.14,22.6,11.82,,true,ESTIMATED_MODE_BREAKDOWN
2024-08-20 20:00:00,Japan,Japan,JP,422.55,501.14,22.9,12.34,,true,ESTIMATED_MODE_BREAKDOWN
2024-08-20 21:00:00,Japan,Japan,JP,400.41,478.0,26.93,16.86,,true,ESTIMATED_MODE_BREAKDOWN
2024-08-20 22:00:00,Japan,Japan,JP,363.75,439.19,33.6,24.67,,true,ESTIMATED_MODE_BREAKDOWN
2024-08-20 23:00:00,Japan,Japan,JP,341.82,415.59,37.6,30.04,,true,ESTIMATED_MODE_BREAKDOWN
2024-08-21 00:00:00,Japan,Japan,JP,323.73,396.27,40.9,34.14,,true,ESTIMATED_MODE_BREAKDOWN
2024-08-21 01:00:00,Japan,Japan,JP,308.19,380.05,43.72,37.25,,true,ESTIMATED_MODE_BREAKDOWN
2024-08-21 02:00:00,Japan,Japan,JP,303.03,374.54,44.66,38.37,,true,ESTIMATED_MODE_BREAKDOWN
2024-08-21 03:00:00,Japan,Japan,JP,300.53,371.62,45.12,38.75,,true,ESTIMATED_MODE_BREAKDOWN
2024-08-21 04:00:00,Japan,Japan,JP,318.03,390.62,41.93,35.77,,true,ESTIMATED_MODE_BREAKDOWN
2024-08-21 05:00:00,Japan,Japan,JP,339.39,413.7,38.03,31.9,,true,ESTIMATED_MODE_BREAKDOWN
2024-08-21 06:00:00,Japan,Japan,JP,368.42,445.0,32.75,26.57,,true,ESTIMATED_MODE_BREAKDOWN
2024-08-21 07:00:00,Japan,Japan,JP,401.57,480.54,26.71,20.46,,true,ESTIMATED_MODE_BREAKDOWN
2024-08-21 08:00:00,Japan,Japan,JP,428.44,509.52,21.81,15.2,,true,ESTIMATED_MODE_BREAKDOWN
2024-08-21 09:00:00,Japan,Japan,JP,443.66,525.75,19.04,12.19,,true,ESTIMATED_MODE_BREAKDOWN
2024-08-21 10:00:00,Japan,Japan,JP,445.46,527.31,18.72,11.81,,true,ESTIMATED_MODE_BREAKDOWN
2024-08-21 11:00:00,Japan,Japan,JP,441.97,523.4,19.36,11.8,,true,ESTIMATED_MODE_BREAKDOWN
2024-08-21 12:00:00,Japan,Japan,JP,439.66,521.09,19.77,11.77,,true,ESTIMATED_MODE_BREAKDOWN
2024-08-21 13:00:00,Japan,Japan,JP,437.07,518.46,20.23,11.77,,true,ESTIMATED_MODE_BREAKDOWN
2024-08-21 14:00:00,Japan,Japan,JP,435.08,516.07,20.6,11.8,,true,ESTIMATED_MODE_BREAKDOWN
2024-08-21 15:00:00,Japan,Japan,JP,428.8,508.75,21.75,12.02,,true,ESTIMATED_MODE_BREAKDOWN
2024-08-21 16:00:00,Japan,Japan,JP,424.95,504.55,22.45,12.05,,true,ESTIMATED_MODE_BREAKDOWN
2024-08-21 17:00:00,Japan,Japan,JP,423.69,502.65,22.69,12.04,,true,ESTIMATED_MODE_BREAKDOWN
2024-08-21 18:00:00,Japan,Japan,JP,423.61,502.29,22.71,12.04,,true,ESTIMATED_MODE_BREAKDOWN
2024-08-21 19:00:00,Japan,Japan,JP,424.2,502.73,22.61,12.05,,true,ESTIMATED_MODE_BREAKDOWN
2024-08-21 20:00:00,Japan,Japan,JP,422.92,501.41,22.84,12.5,,true,ESTIMATED_MODE_BREAKDOWN
2024-08-21 21:00:00,Japan,Japan,JP,407.33,485.04,25.67,15.82,,true,ESTIMATED_MODE_BREAKDOWN
2024-08-21 22:00:00,Japan,Japan,JP,378.78,455.36,30.85,22.04,,true,ESTIMATED_MODE_BREAKDOWN
2024-08-21 23:00:00,Japan,Japan,JP,360.23,436.25,34.22,26.77,,true,ESTIMATED_MODE_BREAKDOWN
2024-08-22 00:00:00,Japan,Japan,JP,348.49,424.41,36.35,29.63,,true,ESTIMATED_MODE_BREAKDOWN
2024-08-22 01:00:00,Japan,Japan,JP,337.6,412.98,38.33,31.83,,true,ESTIMATED_MODE_BREAKDOWN
2024-08-22 02:00:00,Japan,Japan,JP,330.71,405.32,39.59,33.25,,true,ESTIMATED_MODE_BREAKDOWN
2024-08-22 03:00:00,Japan,Japan,JP,326.98,401.03,40.27,33.82,,true,ESTIMATED_MODE_BREAKDOWN
2024-08-22 04:00:00,Japan,Japan,JP,336.84,411.49,38.48,32.25,,true,ESTIMATED_MODE_BREAKDOWN
2024-08-22 05:00:00,Japan,Japan,JP,350.39,425.72,36.02,29.85,,true,ESTIMATED_MODE_BREAKDOWN
2024-08-22 06:00:00,Japan,Japan,JP,372.83,449.64,31.94,25.71,,true,ESTIMATED_MODE_BREAKDOWN
2024-08-22 07:00:00,Japan,Japan,JP,401.46,480.67,26.72,20.45,,true,ESTIMATED_MODE_BREAKDOWN
2024-08-22 08:00:00,Japan,Japan,JP,427.48,508.26,21.99,15.39,,true,ESTIMATED_MODE_BREAKDOWN
2024-08-22 09:00:00,Japan,Japan,JP,442.47,523.86,19.27,12.47,,true,ESTIMATED_MODE_BREAKDOWN
2024-08-22 10:00:00,Japan,Japan,JP,442.42,523.56,19.28,12.19,,true,ESTIMATED_MODE_BREAKDOWN
2024-08-22 11:00:00,Japan,Japan,JP,439.88,520.85,19.74,12.27,,true,ESTIMATED_MODE_BREAKDOWN
2024-08-22 12:00:00,Japan,Japan,JP,437.63,518.64,20.14,12.24,,true,ESTIMATED_MODE_BREAKDOWN
2024-08-22 13:00:00,Japan,Japan,JP,435.2,515.73,20.59,12.23,,true,ESTIMATED_MODE_BREAKDOWN
2024-08-22 14:00:00,Japan,Japan,JP,433.14,513.0,20.97,12.22,,true,ESTIMATED_MODE_BREAKDOWN
2024-08-22 15:00:00,Japan,Japan,JP,428.01,507.2,21.91,12.32,,true,ESTIMATED_MODE_BREAKDOWN
2024-08-22 16:00:00,Japan,Japan,JP,424.31,502.82,22.58,12.42,,true,ESTIMATED_MODE_BREAKDOWN
2024-08-22 17:00:00,Japan,Japan,JP,422.87,501.1,22.85,12.41,,true,ESTIMATED_MODE_BREAKDOWN
2024-08-22 18:00:00,Japan,Japan,JP,422.61,500.72,22.9,12.42,,true,ESTIMATED_MODE_BREAKDOWN
2024-08-22 19:00:00,Japan,Japan,JP,423.12,501.18,22.81,12.41,,true,ESTIMATED_MODE_BREAKDOWN
2024-08-22 20:00:00,Japan,Japan,JP,422.5,500.68,22.92,12.76,,true,ESTIMATED_MODE_BREAKDOWN
2024-08-22 21:00:00,Japan,Japan,JP,407.28,484.86,25.68,16.05,,true,ESTIMATED_MODE_BREAKDOWN
2024-08-22 22:00:00,Japan,Japan,JP,376.52,452.81,31.27,22.77,,true,ESTIMATED_MODE_BREAKDOWN
2024-08-22 23:00:00,Japan,Japan,JP,355.56,430.78,35.08,27.85,,true,ESTIMATED_MODE_BREAKDOWN
2024-08-23 00:00:00,Japan,Japan,JP,340.74,415.55,37.77,31.22,,true,ESTIMATED_MODE_BREAKDOWN
2024-08-23 01:00:00,Japan,Japan,JP,324.85,398.41,40.67,34.4,,true,ESTIMATED_MODE_BREAKDOWN
2024-08-23 02:00:00,Japan,Japan,JP,319.24,392.2,41.7,35.57,,true,ESTIMATED_MODE_BREAKDOWN
2024-08-23 03:00:00,Japan,Japan,JP,315.13,387.44,42.45,36.22,,true,ESTIMATED_MODE_BREAKDOWN
2024-08-23 04:00:00,Japan,Japan,JP,323.45,396.59,40.93,34.9,,true,ESTIMATED_MODE_BREAKDOWN
2024-08-23 05:00:00,Japan,Japan,JP,340.0,414.42,37.92,31.92,,true,ESTIMATED_MODE_BREAKDOWN
2024-08-23 06:00:00,Japan,Japan,JP,366.08,442.45,33.17,27.08,,true,ESTIMATED_MODE_BREAKDOWN
2024-08-23 07:00:00,Japan,Japan,JP,398.69,477.46,27.23,21.11,,true,ESTIMATED_MODE_BREAKDOWN
2024-08-23 08:00:00,Japan,Japan,JP,426.95,507.45,22.09,15.63,,true,ESTIMATED_MODE_BREAKDOWN
2024-08-23 09:00:00,Japan,Japan,JP,442.6,524.14,19.24,12.5,,true,ESTIMATED_MODE_BREAKDOWN
2024-08-23 10:00:00,Japan,Japan,JP,442.72,523.97,19.22,12.2,,true,ESTIMATED_MODE_BREAKDOWN
2024-08-23 11:00:00,Japan,Japan,JP,440.38,521.39,19.65,12.26,,true,ESTIMATED_MODE_BREAKDOWN
2024-08-23 12:00:00,Japan,Japan,JP,438.64,519.44,19.96,12.15,,true,ESTIMATED_MODE_BREAKDOWN
2024-08-23 13:00:00,Japan,Japan,JP,435.86,516.8,20.46,12.18,,true,ESTIMATED_MODE_BREAKDOWN
2024-08-23 14:00:00,Japan,Japan,JP,434.39,514.64,20.74,12.13,,true,ESTIMATED_MODE_BREAKDOWN
2024-08-23 15:00:00,Japan,Japan,JP,429.24,508.62,21.68,12.2,,true,ESTIMATED_MODE_BREAKDOWN
2024-08-23 16:00:00,Japan,Japan,JP,425.35,504.1,22.39,12.25,,true,ESTIMATED_MODE_BREAKDOWN
2024-08-23 17:00:00,Japan,Japan,JP,423.59,502.1,22.71,12.26,,true,ESTIMATED_MODE_BREAKDOWN
2024-08-23 18:00:00,Japan,Japan,JP,423.58,502.1,22.72,12.19,,true,ESTIMATED_MODE_BREAKDOWN
2024-08-23 19:00:00,Japan,Japan,JP,423.52,501.77,22.73,12.18,,true,ESTIMATED_MODE_BREAKDOWN
2024-08-23 20:00:00,Japan,Japan,JP,421.34,498.85,23.14,12.61,,true,ESTIMATED_MODE_BREAKDOWN
2024-08-23 21:00:00,Japan,Japan,JP,399.77,475.78,27.07,16.7,,true,ESTIMATED_MODE_BREAKDOWN
2024-08-23 22:00:00,Japan,Japan,JP,359.36,433.19,34.42,24.82,,true,ESTIMATED_MODE_BREAKDOWN
2024-08-23 23:00:00,Japan,Japan,JP,330.42,402.92,39.68,31.13,,true,ESTIMATED_MODE_BREAKDOWN
2024-08-24 00:00:00,Japan,Japan,JP,307.62,378.64,43.83,36.08,,true,ESTIMATED_MODE_BREAKDOWN
2024-08-24 01:00:00,Japan,Japan,JP,290.34,360.0,46.98,39.64,,true,ESTIMATED_MODE_BREAKDOWN
2024-08-24 02:00:00,Japan,Japan,JP,285.33,354.62,47.89,40.76,,true,ESTIMATED_MODE_BREAKDOWN
2024-08-24 03:00:00,Japan,Japan,JP,286.68,356.11,47.65,40.57,,true,ESTIMATED_MODE_BREAKDOWN
2024-08-24 04:00:00,Japan,Japan,JP,299.85,370.28,45.25,38.3,,true,ESTIMATED_MODE_BREAKDOWN
2024-08-24 05:00:00,Japan,Japan,JP,326.05,399.02,40.46,33.48,,true,ESTIMATED_MODE_BREAKDOWN
2024-08-24 06:00:00,Japan,Japan,JP,360.45,435.47,34.21,27.08,,true,ESTIMATED_MODE_BREAKDOWN
2024-08-24 07:00:00,Japan,Japan,JP,398.23,475.71,27.34,20.01,,true,ESTIMATED_MODE_BREAKDOWN
2024-08-24 08:00:00,Japan,Japan,JP,427.52,507.14,22.0,14.44,,true,ESTIMATED_MODE_BREAKDOWN
2024-08-24 09:00:00,Japan,Japan,JP,439.64,520.08,19.8,12.08,,true,ESTIMATED_MODE_BREAKDOWN
2024-08-24 10:00:00,Japan,Japan,JP,440.22,520.58,19.69,11.76,,true,ESTIMATED_MODE_BREAKDOWN
2024-08-24 11:00:00,Japan,Japan,JP,438.13,517.97,20.08,11.7,,true,ESTIMATED_MODE_BREAKDOWN
2024-08-24 12:00:00,Japan,Japan,JP,435.92,515.38,20.48,11.64,,true,ESTIMATED_MODE_BREAKDOWN
2024-08-24 13:00:00,Japan,Japan,JP,432.98,512.28,21.01,11.66,,true,ESTIMATED_MODE_BREAKDOWN
2024-08-24 14:00:00,Japan,Japan,JP,430.77,509.85,21.41,11.71,,true,ESTIMATED_MODE_BREAKDOWN
2024-08-24 15:00:00,Japan,Japan,JP,425.6,503.86,22.36,11.75,,true,ESTIMATED_MODE_BREAKDOWN
2024-08-24 16:00:00,Japan,Japan,JP,421.14,498.5,23.18,11.82,,true,ESTIMATED_MODE_BREAKDOWN
2024-08-24 17:00:00,Japan,Japan,JP,419.42,496.59,23.49,11.91,,true,ESTIMATED_MODE_BREAKDOWN
2024-08-24 18:00:00,Japan,Japan,JP,419.7,496.89,23.44,11.85,,true,ESTIMATED_MODE_BREAKDOWN
2024-08-24 19:00:00,Japan,Japan,JP,419.55,496.4,23.48,11.87,,true,ESTIMATED_MODE_BREAKDOWN
2024-08-24 20:00:00,Japan,Japan,JP,417.45,493.61,23.87,12.32,,true,ESTIMATED_MODE_BREAKDOWN
2024-08-24 21:00:00,Japan,Japan,JP,395.11,469.91,27.93,16.45,,true,ESTIMATED_MODE_BREAKDOWN
2024-08-24 22:00:00,Japan,Japan,JP,354.68,427.77,35.27,24.46,,true,ESTIMATED_MODE_BREAKDOWN
2024-08-24 23:00:00,Japan,Japan,JP,324.45,395.59,40.78,30.96,,true,ESTIMATED_MODE_BREAKDOWN
2024-08-25 00:00:00,Japan,Japan,JP,303.59,373.99,44.56,35.52,,true,ESTIMATED_MODE_BREAKDOWN
2024-08-25 01:00:00,Japan,Japan,JP,283.75,353.33,48.16,39.69,,true,ESTIMATED_MODE_BREAKDOWN
2024-08-25 02:00:00,Japan,Japan,JP,281.05,350.1,48.66,40.49,,true,ESTIMATED_MODE_BREAKDOWN
2024-08-25 03:00:00,Japan,Japan,JP,283.55,352.72,48.21,40.22,,true,ESTIMATED_MODE_BREAKDOWN
2024-08-25 04:00:00,Japan,Japan,JP,298.73,369.2,45.44,37.53,,true,ESTIMATED_MODE_BREAKDOWN
2024-08-25 05:00:00,Japan,Japan,JP,322.26,394.5,41.15,33.05,,true,ESTIMATED_MODE_BREAKDOWN
2024-08-25 06:00:00,Japan,Japan,JP,349.63,423.81,36.17,28.02,,true,ESTIMATED_MODE_BREAKDOWN
2024-08-25 07:00:00,Japan,Japan,JP,386.96,463.48,29.38,21.3,,true,ESTIMATED_MODE_BREAKDOWN
2024-08-25 08:00:00,Japan,Japan,JP,421.48,500.08,23.11,15.05,,true,ESTIMATED_MODE_BREAKDOWN
2024-08-25 09:00:00,Japan,Japan,JP,437.79,517.45,20.14,12.04,,true,ESTIMATED_MODE_BREAKDOWN
2024-08-25 10:00:00,Japan,Japan,JP,438.43,518.07,20.03,11.75,,true,ESTIMATED_MODE_BREAKDOWN
2024-08-25 11:00:00,Japan,Japan,JP,436.2,515.77,20.43,11.77,,true,ESTIMATED_MODE_BREAKDOWN
2024-08-25 12:00:00,Japan,Japan,JP,433.57,513.15,20.9,11.78,,true,ESTIMATED_MODE_BREAKDOWN
2024-08-25 13:00:00,Japan,Japan,JP,430.6,509.84,21.44,11.77,,true,ESTIMATED_MODE_BREAKDOWN
2024-08-25 14:00:00,Japan,Japan,JP,428.31,507.03,21.86,11.79,,true,ESTIMATED_MODE_BREAKDOWN
2024-08-25 15:00:00,Japan,Japan,JP,422.77,501.11,22.86,11.88,,true,ESTIMATED_MODE_BREAKDOWN
2024-08-25 16:00:00,Japan,Japan,JP,418.54,496.52,23.63,11.89,,true,ESTIMATED_MODE_BREAKDOWN
2024-08-25 17:00:00,Japan,Japan,JP,417.36,495.23,23.84,11.88,,true,ESTIMATED_MODE_BREAKDOWN
2024-08-25 18:00:00,Japan,Japan,JP,417.82,495.58,23.76,11.93,,true,ESTIMATED_MODE_BREAKDOWN
2024-08-25 19:00:00,Japan,Japan,JP,418.83,496.43,23.59,11.96,,true,ESTIMATED_MODE_BREAKDOWN
2024-08-25 20:00:00,Japan,Japan,JP,418.9,496.16,23.59,12.38,,true,ESTIMATED_MODE_BREAKDOWN
2024-08-25 21:00:00,Japan,Japan,JP,400.35,476.83,26.96,16.52,,true,ESTIMATED_MODE_BREAKDOWN
2024-08-25 22:00:00,Japan,Japan,JP,362.77,437.59,33.78,24.74,,true,ESTIMATED_MODE_BREAKDOWN
2024-08-25 23:00:00,Japan,Japan,JP,339.37,413.08,38.04,30.5,,true,ESTIMATED_MODE_BREAKDOWN
2024-08-26 00:00:00,Japan,Japan,JP,321.43,394.19,41.31,34.59,,true,ESTIMATED_MODE_BREAKDOWN
2024-08-26 01:00:00,Japan,Japan,JP,308.07,379.97,43.74,37.34,,true,ESTIMATED_MODE_BREAKDOWN
2024-08-26 02:00:00,Japan,Japan,JP,305.13,377.0,44.27,38.01,,true,ESTIMATED_MODE_BREAKDOWN
2024-08-26 03:00:00,Japan,Japan,JP,304.93,376.35,44.32,37.94,,true,ESTIMATED_MODE_BREAKDOWN
2024-08-26 04:00:00,Japan,Japan,JP,319.45,391.64,41.68,35.47,,true,ESTIMATED_MODE_BREAKDOWN
2024-08-26 05:00:00,Japan,Japan,JP,340.57,414.19,37.84,31.67,,true,ESTIMATED_MODE_BREAKDOWN
2024-08-26 06:00:00,Japan,Japan,JP,369.96,446.16,32.48,26.23,,true,ESTIMATED_MODE_BREAKDOWN
2024-08-26 07:00:00,Japan,Japan,JP,403.23,482.14,26.41,20.04,,true,ESTIMATED_MODE_BREAKDOWN
2024-08-26 08:00:00,Japan,Japan,JP,429.89,510.97,21.55,14.83,,true,ESTIMATED_MODE_BREAKDOWN
2024-08-26 09:00:00,Japan,Japan,JP,443.39,525.17,19.09,12.12,,true,ESTIMATED_MODE_BREAKDOWN
2024-08-26 10:00:00,Japan,Japan,JP,442.78,524.53,19.2,11.93,,true,ESTIMATED_MODE_BREAKDOWN
2024-08-26 11:00:00,Japan,Japan,JP,440.59,522.04,19.6,11.93,,true,ESTIMATED_MODE_BREAKDOWN
2024-08-26 12:00:00,Japan,Japan,JP,438.38,519.21,20.01,11.91,,true,ESTIMATED_MODE_BREAKDOWN
2024-08-26 13:00:00,Japan,Japan,JP,435.76,516.16,20.49,11.86,,true,ESTIMATED_MODE_BREAKDOWN
2024-08-26 14:00:00,Japan,Japan,JP,433.17,513.27,20.96,11.93,,true,ESTIMATED_MODE_BREAKDOWN
2024-08-26 15:00:00,Japan,Japan,JP,427.31,507.04,22.02,12.17,,true,ESTIMATED_MODE_BREAKDOWN
2024-08-26 16:00:00,Japan,Japan,JP,423.0,502.44,22.8,12.27,,true,ESTIMATED_MODE_BREAKDOWN
2024-08-26 17:00:00,Japan,Japan,JP,421.12,500.53,23.14,12.36,,true,ESTIMATED_MODE_BREAKDOWN
2024-08-26 18:00:00,Japan,Japan,JP,421.03,500.26,23.16,12.38,,true,ESTIMATED_MODE_BREAKDOWN
2024-08-26 19:00:00,Japan,Japan,JP,420.93,499.93,23.18,12.47,,true,ESTIMATED_MODE_BREAKDOWN
2024-08-26 20:00:00,Japan,Japan,JP,420.62,498.89,23.25,12.81,,true,ESTIMATED_MODE_BREAKDOWN
2024-08-26 21:00:00,Japan,Japan,JP,406.9,484.17,25.76,15.78,,true,ESTIMATED_MODE_BREAKDOWN
2024-08-26 22:00:00,Japan,Japan,JP,384.14,460.47,29.89,20.95,,true,ESTIMATED_MODE_BREAKDOWN
2024-08-26 23:00:00,Japan,Japan,JP,367.76,443.05,32.88,25.22,,true,ESTIMATED_MODE_BREAKDOWN
2024-08-27 00:00:00,Japan,Japan,JP,348.61,423.16,36.36,29.49,,true,ESTIMATED_MODE_BREAKDOWN
2024-08-27 01:00:00,Japan,Japan,JP,334.3,407.86,38.96,32.37,,true,ESTIMATED_MODE_BREAKDOWN
2024-08-27 02:00:00,Japan,Japan,JP,329.0,401.73,39.94,33.46,,true,ESTIMATED_MODE_BREAKDOWN
2024-08-27 03:00:00,Japan,Japan,JP,325.91,398.34,40.5,33.92,,true,ESTIMATED_MODE_BREAKDOWN
2024-08-27 04:00:00,Japan,Japan,JP,341.38,414.9,37.69,31.28,,true,ESTIMATED_MODE_BREAKDOWN
2024-08-27 05:00:00,Japan,Japan,JP,357.72,432.75,34.71,28.27,,true,ESTIMATED_MODE_BREAKDOWN
2024-08-27 06:00:00,Japan,Japan,JP,378.85,455.71,30.85,24.34,,true,ESTIMATED_MODE_BREAKDOWN
2024-08-27 07:00:00,Japan,Japan,JP,406.0,484.46,25.92,19.32,,true,ESTIMATED_MODE_BREAKDOWN
2024-08-27 08:00:00,Japan,Japan,JP,429.09,509.01,21.71,14.78,,true,ESTIMATED_MODE_BREAKDOWN
2024-08-27 09:00:00,Japan,Japan,JP,441.16,521.65,19.52,12.37,,true,ESTIMATED_MODE_BREAKDOWN
2024-08-27 10:00:00,Japan,Japan,JP,440.34,520.72,19.67,12.2,,true,ESTIMATED_MODE_BREAKDOWN
2024-08-27 11:00:00,Japan,Japan,JP,438.68,518.85,19.97,12.07,,true,ESTIMATED_MODE_BREAKDOWN
2024-08-27 12:00:00,Japan,Japan,JP,436.2,516.15,20.42,12.03,,true,ESTIMATED_MODE_BREAKDOWN
2024-08-27 13:00:00,Japan,Japan,JP,433.8,513.73,20.85,12.03,,true,ESTIMATED_MODE_BREAKDOWN
2024-08-27 14:00:00,Japan,Japan,JP,431.24,511.16,21.31,12.08,,true,ESTIMATED_MODE_BREAKDOWN
2024-08-27 15:00:00,Japan,Japan,JP,425.51,504.76,22.35,12.26,,true,ESTIMATED_MODE_BREAKDOWN
2024-08-27 16:00:00,Japan,Japan,JP,421.53,500.72,23.07,12.32,,true,ESTIMATED_MODE_BREAKDOWN
2024-08-27 17:00:00,Japan,Japan,JP,419.99,498.61,23.36,12.36,,true,ESTIMATED_MODE_BREAKDOWN
2024-08-27 18:00:00,Japan,Japan,JP,420.63,499.06,23.25,12.29,,true,ESTIMATED_MODE_BREAKDOWN
2024-08-27 19:00:00,Japan,Japan,JP,421.09,499.33,23.17,12.3,,true,ESTIMATED_MODE_BREAKDOWN
2024-08-27 20:00:00,Japan,Japan,JP,421.23,498.96,23.16,12.55,,true,ESTIMATED_MODE_BREAKDOWN
2024-08-27 21:00:00,Japan,Japan,JP,409.84,487.2,25.23,15.13,,true,ESTIMATED_MODE_BREAKDOWN
2024-08-27 22:00:00,Japan,Japan,JP,391.18,468.63,28.6,19.47,,true,ESTIMATED_MODE_BREAKDOWN
2024-08-27 23:00:00,Japan,Japan,JP,379.36,456.31,30.75,22.86,,true,ESTIMATED_MODE_BREAKDOWN
2024-08-28 00:00:00,Japan,Japan,JP,367.88,444.46,32.83,25.66,,true,ESTIMATED_MODE_BREAKDOWN
2024-08-28 01:00:00,Japan,Japan,JP,355.52,431.32,35.08,28.1,,true,ESTIMATED_MODE_BREAKDOWN
2024-08-28 02:00:00,Japan,Japan,JP,347.43,422.0,36.57,29.73,,true,ESTIMATED_MODE_BREAKDOWN
2024-08-28 03:00:00,Japan,Japan,JP,347.29,420.89,36.62,29.66,,true,ESTIMATED_MODE_BREAKDOWN
2024-08-28 04:00:00,Japan,Japan,JP,367.83,442.96,32.88,26.1,,true,ESTIMATED_MODE_BREAKDOWN
2024-08-28 05:00:00,Japan,Japan,JP,383.97,460.77,29.93,23.1,,true,ESTIMATED_MODE_BREAKDOWN
2024-08-28 06:00:00,Japan,Japan,JP,403.39,481.53,26.39,19.43,,true,ESTIMATED_MODE_BREAKDOWN
2024-08-28 07:00:00,Japan,Japan,JP,420.03,499.04,23.37,16.27,,true,ESTIMATED_MODE_BREAKDOWN
2024-08-28 08:00:00,Japan,Japan,JP,435.28,515.62,20.58,13.13,,true,ESTIMATED_MODE_BREAKDOWN
2024-08-28 09:00:00,Japan,Japan,JP,441.25,522.31,19.49,11.89,,true,ESTIMATED_MODE_BREAKDOWN
2024-08-28 10:00:00,Japan,Japan,JP,440.14,521.04,19.69,11.78,,true,ESTIMATED_MODE_BREAKDOWN
2024-08-28 11:00:00,Japan,Japan,JP,437.95,518.44,20.09,11.75,,true,ESTIMATED_MODE_BREAKDOWN
2024-08-28 12:00:00,Japan,Japan,JP,434.86,514.8,20.66,11.83,,true,ESTIMATED_MODE_BREAKDOWN
2024-08-28 13:00:00,Japan,Japan,JP,431.89,511.69,21.19,11.9,,true,ESTIMATED_MODE_BREAKDOWN
2024-08-28 14:00:00,Japan,Japan,JP,429.93,509.54,21.55,11.91,,true,ESTIMATED_MODE_BREAKDOWN
2024-08-28 15:00:00,Japan,Japan,JP,424.0,503.22,22.62,12.1,,true,ESTIMATED_MODE_BREAKDOWN
2024-08-28 16:00:00,Japan,Japan,JP,419.67,498.74,23.4,12.21,,true,ESTIMATED_MODE_BREAKDOWN
2024-08-28 17:00:00,Japan,Japan,JP,418.26,497.43,23.65,12.27,,true,ESTIMATED_MODE_BREAKDOWN
2024-08-28 18:00:00,Japan,Japan,JP,418.35,497.37,23.64,12.36,,true,ESTIMATED_MODE_BREAKDOWN
2024-08-28 19:00:00,Japan,Japan,JP,419.03,497.78,23.52,12.33,,true,ESTIMATED_MODE_BREAKDOWN
2024-08-28 20:00:00,Japan,Japan,JP,419.32,497.4,23.49,12.56,,true,ESTIMATED_MODE_BREAKDOWN
2024-08-28 21:00:00,Japan,Japan,JP,412.17,489.51,24.8,14.28,,true,ESTIMATED_MODE_BREAKDOWN
2024-08-28 22:00:00,Japan,Japan,JP,404.79,482.0,26.14,16.61,,true,ESTIMATED_MODE_BREAKDOWN
2024-08-28 23:00:00,Japan,Japan,JP,403.49,480.55,26.39,18.04,,true,ESTIMATED_MODE_BREAKDOWN
2024-08-29 00:00:00,Japan,Japan,JP,400.89,477.93,26.86,19.2,,true,ESTIMATED_MODE_BREAKDOWN
2024-08-29 01:00:00,Japan,Japan,JP,390.8,467.0,28.7,21.14,,true,ESTIMATED_MODE_BREAKDOWN
2024-08-29 02:00:00,Japan,Japan,JP,383.66,459.48,30.0,22.57,,true,ESTIMATED_MODE_BREAKDOWN
2024-08-29 03:00:00,Japan,Japan,JP,383.9,459.66,29.96,22.28,,true,ESTIMATED_MODE_BREAKDOWN
2024-08-29 04:00:00,Japan,Japan,JP,394.09,470.83,28.09,20.59,,true,ESTIMATED_MODE_BREAKDOWN
2024-08-29 05:00:00,Japan,Japan,JP,406.66,484.41,25.8,18.24,,true,ESTIMATED_MODE_BREAKDOWN
2024-08-29 06:00:00,Japan,Japan,JP,416.46,494.8,24.02,16.32,,true,ESTIMATED_MODE_BREAKDOWN
2024-08-29 07:00:00,Japan,Japan,JP,429.14,508.28,21.71,13.93,,true,ESTIMATED_MODE_BREAKDOWN
2024-08-29 08:00:00,Japan,Japan,JP,435.93,515.58,20.47,12.4,,true,ESTIMATED_MODE_BREAKDOWN
2024-08-29 09:00:00,Japan,Japan,JP,438.76,518.76,19.95,11.75,,true,ESTIMATED_MODE_BREAKDOWN
2024-08-29 10:00:00,Japan,Japan,JP,437.14,517.03,20.24,11.72,,true,ESTIMATED_MODE_BREAKDOWN
2024-08-29 11:00:00,Japan,Japan,JP,434.21,513.76,20.78,11.84,,true,ESTIMATED_MODE_BREAKDOWN
2024-08-29 12:00:00,Japan,Japan,JP,431.22,510.5,21.32,11.93,,true,ESTIMATED_MODE_BREAKDOWN
2024-08-29 13:00:00,Japan,Japan,JP,428.44,507.58,21.82,12.0,,true,ESTIMATED_MODE_BREAKDOWN
2024-08-29 14:00:00,Japan,Japan,JP,425.93,504.91,22.28,12.12,,true,ESTIMATED_MODE_BREAKDOWN
2024-08-29 15:00:00,Japan,Japan,JP,420.82,499.3,23.2,12.25,,true,ESTIMATED_MODE_BREAKDOWN
2024-08-29 16:00:00,Japan,Japan,JP,416.69,495.23,23.94,12.31,,true,ESTIMATED_MODE_BREAKDOWN
2024-08-29 17:00:00,Japan,Japan,JP,415.45,493.94,24.17,12.4,,true,ESTIMATED_MODE_BREAKDOWN
2024-08-29 18:00:00,Japan,Japan,JP,415.84,494.36,24.1,12.47,,true,ESTIMATED_MODE_BREAKDOWN
2024-08-29 19:00:00,Japan,Japan,JP,416.81,495.01,23.93,12.45,,true,ESTIMATED_MODE_BREAKDOWN
2024-08-29 20:00:00,Japan,Japan,JP,417.69,495.33,23.79,12.57,,true,ESTIMATED_MODE_BREAKDOWN
2024-08-29 21:00:00,Japan,Japan,JP,409.29,486.85,25.31,14.54,,true,ESTIMATED_MODE_BREAKDOWN
2024-08-29 22:00:00,Japan,Japan,JP,395.88,473.62,27.73,17.98,,true,ESTIMATED_MODE_BREAKDOWN
2024-08-29 23:00:00,Japan,Japan,JP,387.62,465.16,29.24,20.76,,true,ESTIMATED_MODE_BREAKDOWN
2024-08-30 00:00:00,Japan,Japan,JP,379.61,455.77,30.72,22.94,,true,ESTIMATED_MODE_BREAKDOWN
2024-08-30 01:00:00,Japan,Japan,JP,371.96,447.43,32.11,24.53,,true,ESTIMATED_MODE_BREAKDOWN
2024-08-30 02:00:00,Japan,Japan,JP,365.52,441.05,33.28,25.84,,true,ESTIMATED_MODE_BREAKDOWN
2024-08-30 03:00:00,Japan,Japan,JP,365.35,441.0,33.3,25.73,,true,ESTIMATED_MODE_BREAKDOWN
2024-08-30 04:00:00,Japan,Japan,JP,370.9,447.08,32.29,24.92,,true,ESTIMATED_MODE_BREAKDOWN
2024-08-30 05:00:00,Japan,Japan,JP,380.55,457.33,30.53,23.17,,true,ESTIMATED_MODE_BREAKDOWN
2024-08-30 06:00:00,Japan,Japan,JP,395.76,473.56,27.77,20.2,,true,ESTIMATED_MODE_BREAKDOWN
2024-08-30 07:00:00,Japan,Japan,JP,415.06,494.5,24.24,16.48,,true,ESTIMATED_MODE_BREAKDOWN
2024-08-30 08:00:00,Japan,Japan,JP,428.08,508.36,21.88,13.75,,true,ESTIMATED_MODE_BREAKDOWN
2024-08-30 09:00:00,Japan,Japan,JP,435.66,516.55,20.49,12.19,,true,ESTIMATED_MODE_BREAKDOWN
2024-08-30 10:00:00,Japan,Japan,JP,434.46,515.27,20.71,12.05,,true,ESTIMATED_MODE_BREAKDOWN
2024-08-30 11:00:00,Japan,Japan,JP,432.54,512.8,21.06,11.95,,true,ESTIMATED_MODE_BREAKDOWN
2024-08-30 12:00:00,Japan,Japan,JP,429.09,508.97,21.69,12.06,,true,ESTIMATED_MODE_BREAKDOWN
2024-08-30 13:00:00,Japan,Japan,JP,425.72,505.77,22.29,12.16,,true,ESTIMATED_MODE_BREAKDOWN
2024-08-30 14:00:00,Japan,Japan,JP,423.59,503.32,22.68,12.16,,true,ESTIMATED_MODE_BREAKDOWN
2024-08-30 15:00:00,Japan,Japan,JP,419.22,498.47,23.47,12.13,,true,ESTIMATED_MODE_BREAKDOWN
2024-08-30 16:00:00,Japan,Japan,JP,414.64,493.66,24.3,12.19,,true,ESTIMATED_MODE_BREAKDOWN
2024-08-30 17:00:00,Japan,Japan,JP,412.86,491.44,24.63,12.29,,true,ESTIMATED_MODE_BREAKDOWN
2024-08-30 18:00:00,Japan,Japan,JP,413.1,491.54,24.59,12.33,,true,ESTIMATED_MODE_BREAKDOWN
2024-08-30 19:00:00,Japan,Japan,JP,413.43,491.55,24.54,12.31,,true,ESTIMATED_MODE_BREAKDOWN
2024-08-30 20:00:00,Japan,Japan,JP,412.73,490.4,24.68,12.54,,true,ESTIMATED_MODE_BREAKDOWN
2024-08-30 21:00:00,Japan,Japan,JP,402.18,479.08,26.6,14.48,,true,ESTIMATED_MODE_BREAKDOWN
2024-08-30 22:00:00,Japan,Japan,JP,382.5,458.44,30.18,18.73,,true,ESTIMATED_MODE_BREAKDOWN
2024-08-30 23:00:00,Japan,Japan,JP,361.55,435.96,34.0,23.61,,true,ESTIMATED_MODE_BREAKDOWN
2024-08-31 00:00:00,Japan,Japan,JP,346.61,420.57,36.71,27.16,,true,ESTIMATED_MODE_BREAKDOWN
2024-08-31 01:00:00,Japan,Japan,JP,327.98,401.41,40.08,30.84,,true,ESTIMATED_MODE_BREAKDOWN
2024-08-31 02:00:00,Japan,Japan,JP,321.07,394.41,41.33,32.32,,true,ESTIMATED_MODE_BREAKDOWN
2024-08-31 03:00:00,Japan,Japan,JP,320.77,393.86,41.39,32.36,,true,ESTIMATED_MODE_BREAKDOWN
2024-08-31 04:00:00,Japan,Japan,JP,326.79,400.76,40.28,31.19,,true,ESTIMATED_MODE_BREAKDOWN
2024-08-31 05:00:00,Japan,Japan,JP,340.31,414.57,37.84,28.66,,true,ESTIMATED_MODE_BREAKDOWN
2024-08-31 06:00:00,Japan,Japan,JP,363.07,438.05,33.72,24.33,,true,ESTIMATED_MODE_BREAKDOWN
2024-08-31 07:00:00,Japan,Japan,JP,389.75,466.44,28.86,19.47,,true,ESTIMATED_MODE_BREAKDOWN
2024-08-31 08:00:00,Japan,Japan,JP,415.26,492.72,24.24,14.79,,true,ESTIMATED_MODE_BREAKDOWN
2024-08-31 09:00:00,Japan,Japan,JP,428.41,506.25,21.86,12.33,,true,ESTIMATED_MODE_BREAKDOWN
2024-08-31 10:00:00,Japan,Japan,JP,428.38,506.05,21.87,12.04,,true,ESTIMATED_MODE_BREAKDOWN
2024-08-31 11:00:00,Japan,Japan,JP,425.71,503.29,22.35,12.04,,true,ESTIMATED_MODE_BREAKDOWN
2024-08-31 12:00:00,Japan,Japan,JP,422.73,499.98,22.89,11.99,,true,ESTIMATED_MODE_BREAKDOWN
2024-08-31 13:00:00,Japan,Japan,JP,419.42,496.61,23.49,12.02,,true,ESTIMATED_MODE_BREAKDOWN
2024-08-31 14:00:00,Japan,Japan,JP,417.5,494.74,23.83,12.0,,true,ESTIMATED_MODE_BREAKDOWN
2024-08-31 15:00:00,Japan,Japan,JP,413.21,490.21,24.6,11.76,,true,ESTIMATED_MODE_BREAKDOWN
2024-08-31 16:00:00,Japan,Japan,JP,409.15,485.78,25.34,11.69,,true,ESTIMATED_MODE_BREAKDOWN
2024-08-31 17:00:00,Japan,Japan,JP,407.95,484.46,25.55,11.66,,true,ESTIMATED_MODE_BREAKDOWN
2024-08-31 18:00:00,Japan,Japan,JP,408.68,485.23,25.43,11.68,,true,ESTIMATED_MODE_BREAKDOWN
2024-08-31 19:00:00,Japan,Japan,JP,409.46,485.68,25.3,11.71,,true,ESTIMATED_MODE_BREAKDOWN
2024-08-31 20:00:00,Japan,Japan,JP,408.43,484.04,25.49,12.0,,true,ESTIMATED_MODE_BREAKDOWN
2024-08-31 21:00:00,Japan,Japan,JP,383.95,457.58,29.95,16.28,,true,ESTIMATED_MODE_BREAKDOWN
2024-08-31 22:00:00,Japan,Japan,JP,337.11,406.89,38.5,25.44,,true,ESTIMATED_MODE_BREAKDOWN
2024-08-31 23:00:00,Japan,Japan,JP,295.2,362.64,46.12,34.14,,true,ESTIMATED_MODE_BREAKDOWN
2024-09-01 00:00:00,Japan,Japan,JP,268.56,335.66,50.94,39.99,,true,ESTIMATED_MODE_BREAKDOWN
2024-09-01 01:00:00,Japan,Japan,JP,258.44,325.42,52.77,42.49,,true,ESTIMATED_MODE_BREAKDOWN
2024-09-01 02:00:00,Japan,Japan,JP,252.26,318.82,53.9,43.96,,true,ESTIMATED_MODE_BREAKDOWN
2024-09-01 03:00:00,Japan,Japan,JP,259.12,326.82,52.63,42.91,,true,ESTIMATED_MODE_BREAKDOWN
2024-09-01 04:00:00,Japan,Japan,JP,272.85,341.84,50.13,40.44,,true,ESTIMATED_MODE_BREAKDOWN
2024-09-01 05:00:00,Japan,Japan,JP,298.8,369.72,45.4,35.68,,true,ESTIMATED_MODE_BREAKDOWN
2024-09-01 06:00:00,Japan,Japan,JP,336.98,410.79,38.45,28.72,,true,ESTIMATED_MODE_BREAKDOWN
2024-09-01 07:00:00,Japan,Japan,JP,376.15,452.57,31.32,21.57,,true,ESTIMATED_MODE_BREAKDOWN
2024-09-01 08:00:00,Japan,Japan,JP,412.89,491.09,24.66,15.0,,true,ESTIMATED_MODE_BREAKDOWN
2024-09-01 09:00:00,Japan,Japan,JP,430.6,509.6,21.45,11.91,,true,ESTIMATED_MODE_BREAKDOWN
2024-09-01 10:00:00,Japan,Japan,JP,430.95,510.11,21.38,11.62,,true,ESTIMATED_MODE_BREAKDOWN
2024-09-01 11:00:00,Japan,Japan,JP,429.2,508.11,21.7,11.48,,true,ESTIMATED_MODE_BREAKDOWN
2024-09-01 12:00:00,Japan,Japan,JP,426.16,504.55,22.25,11.49,,true,ESTIMATED_MODE_BREAKDOWN
2024-09-01 13:00:00,Japan,Japan,JP,422.24,500.39,22.96,11.5,,true,ESTIMATED_MODE_BREAKDOWN
2024-09-01 14:00:00,Japan,Japan,JP,420.18,498.32,23.33,11.48,,true,ESTIMATED_MODE_BREAKDOWN
2024-09-01 15:00:00,Japan,Japan,JP,414.6,491.81,24.35,11.42,,true,ESTIMATED_MODE_BREAKDOWN
2024-09-01 16:00:00,Japan,Japan,JP,410.91,487.96,25.01,11.41,,true,ESTIMATED_MODE_BREAKDOWN
2024-09-01 17:00:00,Japan,Japan,JP,409.42,486.27,25.28,11.49,,true,ESTIMATED_MODE_BREAKDOWN
2024-09-01 18:00:00,Japan,Japan,JP,410.43,487.47,25.1,11.57,,true,ESTIMATED_MODE_BREAKDOWN
2024-09-01 19:00:00,Japan,Japan,JP,411.98,489.16,24.82,11.59,,true,ESTIMATED_MODE_BREAKDOWN
2024-09-01 20:00:00,Japan,Japan,JP,412.29,489.45,24.77,12.0,,true,ESTIMATED_MODE_BREAKDOWN
2024-09-01 21:00:00,Japan,Japan,JP,394.07,470.57,28.07,16.1,,true,ESTIMATED_MODE_BREAKDOWN
2024-09-01 22:00:00,Japan,Japan,JP,355.95,430.35,35.01,24.56,,true,ESTIMATED_MODE_BREAKDOWN
2024-09-01 23:00:00,Japan,Japan,JP,327.2,399.76,40.25,31.43,,true,ESTIMATED_MODE_BREAKDOWN
2024-09-02 00:00:00,Japan,Japan,JP,310.92,382.76,43.21,35.37,,true,ESTIMATED_MODE_BREAKDOWN
2024-09-02 01:00:00,Japan,Japan,JP,297.26,368.22,45.7,38.24,,true,ESTIMATED_MODE_BREAKDOWN
2024-09-02 02:00:00,Japan,Japan,JP,294.97,365.52,46.12,38.85,,true,ESTIMATED_MODE_BREAKDOWN
2024-09-02 03:00:00,Japan,Japan,JP,296.41,366.91,45.86,38.46,,true,ESTIMATED_MODE_BREAKDOWN
2024-09-02 04:00:00,Japan,Japan,JP,315.81,387.96,42.32,35.17,,true,ESTIMATED_MODE_BREAKDOWN
2024-09-02 05:00:00,Japan,Japan,JP,336.94,410.6,38.48,31.29,,true,ESTIMATED_MODE_BREAKDOWN
2024-09-02 06:00:00,Japan,Japan,JP,362.73,438.23,33.78,26.53,,true,ESTIMATED_MODE_BREAKDOWN
2024-09-02 07:00:00,Japan,Japan,JP,399.05,477.16,27.17,19.84,,true,ESTIMATED_MODE_BREAKDOWN
2024-09-02 08:00:00,Japan,Japan,JP,426.5,506.63,22.17,14.45,,true,ESTIMATED_MODE_BREAKDOWN
2024-09-02 09:00:00,Japan,Japan,JP,439.31,520.29,19.84,11.83,,true,ESTIMATED_MODE_BREAKDOWN
2024-09-02 10:00:00,Japan,Japan,JP,438.31,519.05,20.02,11.6,,true,ESTIMATED_MODE_BREAKDOWN
2024-09-02 11:00:00,Japan,Japan,JP,435.97,515.95,20.46,11.54,,true,ESTIMATED_MODE_BREAKDOWN
2024-09-02 12:00:00,Japan,Japan,JP,433.25,513.13,20.95,11.51,,true,ESTIMATED_MODE_BREAKDOWN
2024-09-02 13:00:00,Japan,Japan,JP,430.34,509.96,21.47,11.47,,true,ESTIMATED_MODE_BREAKDOWN
2024-09-02 14:00:00,Japan,Japan,JP,427.64,507.15,21.96,11.53,,true,ESTIMATED_MODE_BREAKDOWN
2024-09-02 15:00:00,Japan,Japan,JP,422.23,500.87,22.95,11.52,,true,ESTIMATED_MODE_BREAKDOWN
2024-09-02 16:00:00,Japan,Japan,JP,417.41,495.55,23.82,11.63,,true,ESTIMATED_MODE_BREAKDOWN
2024-09-02 17:00:00,Japan,Japan,JP,415.62,492.95,24.16,11.7,,true,ESTIMATED_MODE_BREAKDOWN
2024-09-02 18:00:00,Japan,Japan,JP,416.04,493.15,24.09,11.68,,true,ESTIMATED_MODE_BREAKDOWN
2024-09-02 19:00:00,Japan,Japan,JP,416.47,493.5,24.02,11.72,,true,ESTIMATED_MODE_BREAKDOWN
2024-09-02 20:00:00,Japan,Japan,JP,416.97,493.69,23.94,11.94,,true,ESTIMATED_MODE_BREAKDOWN
2024-09-02 21:00:00,Japan,Japan,JP,404.24,480.49,26.25,14.72,,true,ESTIMATED_MODE_BREAKDOWN
2024-09-02 22:00:00,Japan,Japan,JP,379.67,454.25,30.73,20.25,,true,ESTIMATED_MODE_BREAKDOWN
2024-09-02 23:00:00,Japan,Japan,JP,359.96,433.01,34.33,25.21,,true,ESTIMATED_MODE_BREAKDOWN
2024-09-03 00:00:00,Japan,Japan,JP,345.23,417.26,37.01,28.63,,true,ESTIMATED_MODE_BREAKDOWN
2024-09-03 01:00:00,Japan,Japan,JP,330.38,400.99,39.72,31.51,,true,ESTIMATED_MODE_BREAKDOWN
2024-09-03 02:00:00,Japan,Japan,JP,320.81,390.85,41.46,33.39,,true,ESTIMATED_MODE_BREAKDOWN
2024-09-03 03:00:00,Japan,Japan,JP,312.9,383.11,42.89,34.51,,true,ESTIMATED_MODE_BREAKDOWN
2024-09-03 04:00:00,Japan,Japan,JP,326.85,399.01,40.33,32.25,,true,ESTIMATED_MODE_BREAKDOWN
2024-09-03 05:00:00,Japan,Japan,JP,341.1,414.39,37.73,29.7,,true,ESTIMATED_MODE_BREAKDOWN
2024-09-03 06:00:00,Japan,Japan,JP,365.71,440.91,33.25,25.2,,true,ESTIMATED_MODE_BREAKDOWN
2024-09-03 07:00:00,Japan,Japan,JP,398.33,475.9,27.31,19.23,,true,ESTIMATED_MODE_BREAKDOWN
2024-09-03 08:00:00,Japan,Japan,JP,423.7,503.2,22.69,14.24,,true,ESTIMATED_MODE_BREAKDOWN
2024-09-03 09:00:00,Japan,Japan,JP,435.05,515.16,20.63,11.98,,true,ESTIMATED_MODE_BREAKDOWN
2024-09-03 10:00:00,Japan,Japan,JP,433.64,513.71,20.88,11.8,,true,ESTIMATED_MODE_BREAKDOWN
2024-09-03 11:00:00,Japan,Japan,JP,431.17,510.69,21.33,11.73,,true,ESTIMATED_MODE_BREAKDOWN
2024-09-03 12:00:00,Japan,Japan,JP,428.51,507.02,21.83,11.63,,true,ESTIMATED_MODE_BREAKDOWN
2024-09-03 13:00:00,Japan,Japan,JP,425.22,503.5,22.42,11.68,,true,ESTIMATED_MODE_BREAKDOWN
2024-09-03 14:00:00,Japan,Japan,JP,422.76,500.69,22.87,11.68,,true,ESTIMATED_MODE_BREAKDOWN
2024-09-03 15:00:00,Japan,Japan,JP,417.37,495.2,23.84,11.73,,true,ESTIMATED_MODE_BREAKDOWN
2024-09-03 16:00:00,Japan,Japan,JP,412.46,489.87,24.73,11.8,,true,ESTIMATED_MODE_BREAKDOWN
2024-09-03 17:00:00,Japan,Japan,JP,411.69,488.64,24.88,11.77,,true,ESTIMATED_MODE_BREAKDOWN
2024-09-03 18:00:00,Japan,Japan,JP,411.82,488.62,24.86,11.86,,true,ESTIMATED_MODE_BREAKDOWN
2024-09-03 19:00:00,Japan,Japan,JP,413.24,490.01,24.6,11.81,,true,ESTIMATED_MODE_BREAKDOWN
2024-09-03 20:00:00,Japan,Japan,JP,413.54,489.93,24.56,12.06,,true,ESTIMATED_MODE_BREAKDOWN
2024-09-03 21:00:00,Japan,Japan,JP,394.02,469.83,28.1,15.99,,true,ESTIMATED_MODE_BREAKDOWN
2024-09-03 22:00:00,Japan,Japan,JP,346.39,419.53,36.76,25.74,,true,ESTIMATED_MODE_BREAKDOWN
2024-09-03 23:00:00,Japan,Japan,JP,308.33,378.9,43.7,34.27,,true,ESTIMATED_MODE_BREAKDOWN
2024-09-04 00:00:00,Japan,Japan,JP,282.47,351.38,48.41,39.91,,true,ESTIMATED_MODE_BREAKDOWN
2024-09-04 01:00:00,Japan,Japan,JP,265.95,334.1,51.41,43.37,,true,ESTIMATED_MODE_BREAKDOWN
2024-09-04 02:00:00,Japan,Japan,JP,263.92,332.06,51.78,43.94,,true,ESTIMATED_MODE_BREAKDOWN
2024-09-04 03:00:00,Japan,Japan,JP,259.18,326.43,52.65,44.61,,true,ESTIMATED_MODE_BREAKDOWN
2024-09-04 04:00:00,Japan,Japan,JP,278.51,347.58,49.13,41.38,,true,ESTIMATED_MODE_BREAKDOWN
2024-09-04 05:00:00,Japan,Japan,JP,302.17,373.51,44.8,37.09,,true,ESTIMATED_MODE_BREAKDOWN
2024-09-04 06:00:00,Japan,Japan,JP,336.44,410.54,38.56,30.86,,true,ESTIMATED_MODE_BREAKDOWN
2024-09-04 07:00:00,Japan,Japan,JP,382.85,460.24,30.11,22.36,,true,ESTIMATED_MODE_BREAKDOWN
2024-09-04 08:00:00,Japan,Japan,JP,419.93,499.94,23.36,15.19,,true,ESTIMATED_MODE_BREAKDOWN
2024-09-04 09:00:00,Japan,Japan,JP,435.37,516.09,20.55,12.1,,true,ESTIMATED_MODE_BREAKDOWN
2024-09-04 10:00:00,Japan,Japan,JP,434.12,514.81,20.78,11.9,,true,ESTIMATED_MODE_BREAKDOWN
2024-09-04 11:00:00,Japan,Japan,JP,431.46,511.94,21.26,11.85,,true,ESTIMATED_MODE_BREAKDOWN
2024-09-04 12:00:00,Japan,Japan,JP,428.77,508.93,21.75,11.72,,true,ESTIMATED_MODE_BREAKDOWN
2024-09-04 13:00:00,Japan,Japan,JP,425.31,505.58,22.36,11.76,,true,ESTIMATED_MODE_BREAKDOWN
2024-09-04 14:00:00,Japan,Japan,JP,423.05,503.15,22.77,11.74,,true,ESTIMATED_MODE_BREAKDOWN
2024-09-04 15:00:00,Japan,Japan,JP,418.11,497.42,23.67,11.68,,true,ESTIMATED_MODE_BREAKDOWN
2024-09-04 16:00:00,Japan,Japan,JP,414.04,492.9,24.41,11.63,,true,ESTIMATED_MODE_BREAKDOWN
2024-09-04 17:00:00,Japan,Japan,JP,412.8,491.28,24.64,11.63,,true,ESTIMATED_MODE_BREAKDOWN
2024-09-04 18:00:00,Japan,Japan,JP,413.12,491.49,24.59,11.68,,true,ESTIMATED_MODE_BREAKDOWN
2024-09-04 19:00:00,Japan,Japan,JP,414.32,492.26,24.39,11.71,,true,ESTIMATED_MODE_BREAKDOWN
2024-09-04 20:00:00,Japan,Japan,JP,413.87,491.37,24.48,12.02,,true,ESTIMATED_MODE_BREAKDOWN
2024-09-04 21:00:00,Japan,Japan,JP,389.01,464.8,29.01,16.96,,true,ESTIMATED_MODE_BREAKDOWN
2024-09-04 22:00:00,Japan,Japan,JP,337.87,410.44,38.32,27.42,,true,ESTIMATED_MODE_BREAKDOWN
2024-09-04 23:00:00,Japan,Japan,JP,301.25,371.61,44.98,35.74,,true,ESTIMATED_MODE_BREAKDOWN
2024-09-05 00:00:00,Japan,Japan,JP,284.72,354.0,48.0,39.81,,true,ESTIMATED_MODE_BREAKDOWN
2024-09-05 01:00:00,Japan,Japan,JP,273.83,342.19,49.99,42.18,,true,ESTIMATED_MODE_BREAKDOWN
2024-09-05 02:00:00,Japan,Japan,JP,271.35,339.43,50.44,42.85,,true,ESTIMATED_MODE_BREAKDOWN
2024-09-05 03:00:00,Japan,Japan,JP,269.1,337.21,50.84,43.11,,true,ESTIMATED_MODE_BREAKDOWN
2024-09-05 04:00:00,Japan,Japan,JP,288.56,358.59,47.29,39.87,,true,ESTIMATED_MODE_BREAKDOWN
2024-09-05 05:00:00,Japan,Japan,JP,314.59,386.85,42.55,35.23,,true,ESTIMATED_MODE_BREAKDOWN
2024-09-05 06:00:00,Japan,Japan,JP,348.72,423.68,36.33,28.97,,true,ESTIMATED_MODE_BREAKDOWN
2024-09-05 07:00:00,Japan,Japan,JP,389.8,468.28,28.83,21.45,,true,ESTIMATED_MODE_BREAKDOWN
2024-09-05 08:00:00,Japan,Japan,JP,425.31,506.24,22.37,14.58,,true,ESTIMATED_MODE_BREAKDOWN
2024-09-05 09:00:00,Japan,Japan,JP,438.43,520.17,19.98,11.92,,true,ESTIMATED_MODE_BREAKDOWN
2024-09-05 10:00:00,Japan,Japan,JP,436.8,518.14,20.28,11.81,,true,ESTIMATED_MODE_BREAKDOWN
2024-09-05 11:00:00,Japan,Japan,JP,434.38,515.33,20.72,11.74,,true,ESTIMATED_MODE_BREAKDOWN
2024-09-05 12:00:00,Japan,Japan,JP,431.07,511.58,21.32,11.77,,true,ESTIMATED_MODE_BREAKDOWN
2024-09-05 13:00:00,Japan,Japan,JP,427.49,508.13,21.96,11.81,,true,ESTIMATED_MODE_BREAKDOWN
2024-09-05 14:00:00,Japan,Japan,JP,424.47,504.94,22.51,11.95,,true,ESTIMATED_MODE_BREAKDOWN
2024-09-05 15:00:00,Japan,Japan,JP,418.55,497.79,23.6,12.0,,true,ESTIMATED_MODE_BREAKDOWN
2024-09-05 16:00:00,Japan,Japan,JP,414.24,492.99,24.38,12.03,,true,ESTIMATED_MODE_BREAKDOWN
2024-09-05 17:00:00,Japan,Japan,JP,412.44,491.02,24.71,12.14,,true,ESTIMATED_MODE_BREAKDOWN
2024-09-05 18:00:00,Japan,Japan,JP,412.4,490.82,24.72,12.23,,true,ESTIMATED_MODE_BREAKDOWN
2024-09-05 19:00:00,Japan,Japan,JP,412.95,491.07,24.63,12.26,,true,ESTIMATED_MODE_BREAKDOWN
2024-09-05 20:00:00,Japan,Japan,JP,413.52,491.27,24.54,12.44,,true,ESTIMATED_MODE_BREAKDOWN
2024-09-05 21:00:00,Japan,Japan,JP,394.16,470.73,28.06,16.36,,true,ESTIMATED_MODE_BREAKDOWN
2024-09-05 22:00:00,Japan,Japan,JP,350.41,424.46,36.02,25.53,,true,ESTIMATED_MODE_BREAKDOWN
2024-09-05 23:00:00,Japan,Japan,JP,314.07,385.67,42.64,33.75,,true,ESTIMATED_MODE_BREAKDOWN
2024-09-06 00:00:00,Japan,Japan,JP,291.06,361.27,46.83,38.92,,true,ESTIMATED_MODE_BREAKDOWN
2024-09-06 01:00:00,Japan,Japan,JP,275.46,344.47,49.68,42.16,,true,ESTIMATED_MODE_BREAKDOWN
2024-09-06 02:00:00,Japan,Japan,JP,273.12,341.91,50.11,42.81,,true,ESTIMATED_MODE_BREAKDOWN
2024-09-06 03:00:00,Japan,Japan,JP,274.06,342.75,49.94,42.55,,true,ESTIMATED_MODE_BREAKDOWN
2024-09-06 04:00:00,Japan,Japan,JP,294.59,365.46,46.19,39.04,,true,ESTIMATED_MODE_BREAKDOWN
2024-09-06 05:00:00,Japan,Japan,JP,321.1,393.87,41.36,34.26,,true,ESTIMATED_MODE_BREAKDOWN
2024-09-06 06:00:00,Japan,Japan,JP,354.3,429.6,35.31,28.16,,true,ESTIMATED_MODE_BREAKDOWN
2024-09-06 07:00:00,Japan,Japan,JP,394.71,473.45,27.94,20.72,,true,ESTIMATED_MODE_BREAKDOWN
2024-09-06 08:00:00,Japan,Japan,JP,426.99,508.27,22.06,14.4,,true,ESTIMATED_MODE_BREAKDOWN
2024-09-06 09:00:00,Japan,Japan,JP,439.62,521.59,19.76,11.8,,true,ESTIMATED_MODE_BREAKDOWN
2024-09-06 10:00:00,Japan,Japan,JP,438.33,520.09,20.0,11.62,,true,ESTIMATED_MODE_BREAKDOWN
2024-09-06 11:00:00,Japan,Japan,JP,436.14,517.39,20.4,11.51,,true,ESTIMATED_MODE_BREAKDOWN
2024-09-06 12:00:00,Japan,Japan,JP,433.73,514.86,20.83,11.43,,true,ESTIMATED_MODE_BREAKDOWN
2024-09-06 13:00:00,Japan,Japan,JP,430.75,511.95,21.36,11.42,,true,ESTIMATED_MODE_BREAKDOWN
2024-09-06 14:00:00,Japan,Japan,JP,428.21,509.22,21.82,11.42,,true,ESTIMATED_MODE_BREAKDOWN
2024-09-06 15:00:00,Japan,Japan,JP,422.75,502.28,22.83,11.46,,true,ESTIMATED_MODE_BREAKDOWN
2024-09-06 16:00:00,Japan,Japan,JP,418.55,497.15,23.61,11.42,,true,ESTIMATED_MODE_BREAKDOWN
2024-09-06 17:00:00,Japan,Japan,JP,416.89,495.25,23.91,11.34,,true,ESTIMATED_MODE_BREAKDOWN
2024-09-06 18:00:00,Japan,Japan,JP,416.91,495.03,23.91,11.34,,true,ESTIMATED_MODE_BREAKDOWN
2024-09-06 19:00:00,Japan,Japan,JP,417.12,494.83,23.89,11.34,,true,ESTIMATED_MODE_BREAKDOWN
2024-09-06 20:00:00,Japan,Japan,JP,415.76,492.86,24.15,11.61,,true,ESTIMATED_MODE_BREAKDOWN
2024-09-06 21:00:00,Japan,Japan,JP,390.02,465.07,28.84,16.26,,true,ESTIMATED_MODE_BREAKDOWN
2024-09-06 22:00:00,Japan,Japan,JP,333.3,403.93,39.18,27.37,,true,ESTIMATED_MODE_BREAKDOWN
2024-09-06 23:00:00,Japan,Japan,JP,286.4,353.32,47.73,37.31,,true,ESTIMATED_MODE_BREAKDOWN
2024-09-07 00:00:00,Japan,Japan,JP,259.06,324.79,52.7,43.32,,true,ESTIMATED_MODE_BREAKDOWN
2024-09-07 01:00:00,Japan,Japan,JP,244.58,309.42,55.34,46.49,,true,ESTIMATED_MODE_BREAKDOWN
2024-09-07 02:00:00,Japan,Japan,JP,241.95,306.75,55.81,47.28,,true,ESTIMATED_MODE_BREAKDOWN
2024-09-07 03:00:00,Japan,Japan,JP,247.41,312.66,54.82,46.39,,true,ESTIMATED_MODE_BREAKDOWN
2024-09-07 04:00:00,Japan,Japan,JP,265.26,332.53,51.55,43.27,,true,ESTIMATED_MODE_BREAKDOWN
2024-09-07 05:00:00,Japan,Japan,JP,294.98,364.89,46.13,37.82,,true,ESTIMATED_MODE_BREAKDOWN
2024-09-07 06:00:00,Japan,Japan,JP,336.06,409.79,38.63,30.27,,true,ESTIMATED_MODE_BREAKDOWN
2024-09-07 07:00:00,Japan,Japan,JP,383.21,460.27,30.05,21.61,,true,ESTIMATED_MODE_BREAKDOWN
2024-09-07 08:00:00,Japan,Japan,JP,420.45,500.21,23.26,14.57,,true,ESTIMATED_MODE_BREAKDOWN
2024-09-07 09:00:00,Japan,Japan,JP,435.0,515.54,20.62,11.79,,true,ESTIMATED_MODE_BREAKDOWN
2024-09-07 10:00:00,Japan,Japan,JP,434.08,514.52,20.79,11.65,,true,ESTIMATED_MODE_BREAKDOWN
2024-09-07 11:00:00,Japan,Japan,JP,432.04,512.47,21.15,11.56,,true,ESTIMATED_MODE_BREAKDOWN
2024-09-07 12:00:00,Japan,Japan,JP,429.19,509.24,21.67,11.53,,true,ESTIMATED_MODE_BREAKDOWN
2024-09-07 13:00:00,Japan,Japan,JP,426.27,506.07,22.2,11.48,,true,ESTIMATED_MODE_BREAKDOWN
2024-09-07 14:00:00,Japan,Japan,JP,424.18,503.29,22.59,11.47,,true,ESTIMATED_MODE_BREAKDOWN
2024-09-07 15:00:00,Japan,Japan,JP,418.17,496.62,23.68,11.58,,true,ESTIMATED_MODE_BREAKDOWN
2024-09-07 16:00:00,Japan,Japan,JP,413.05,491.11,24.61,11.6,,true,ESTIMATED_MODE_BREAKDOWN
2024-09-07 17:00:00,Japan,Japan,JP,411.19,488.86,24.95,11.63,,true,ESTIMATED_MODE_BREAKDOWN
2024-09-07 18:00:00,Japan,Japan,JP,412.09,489.57,24.79,11.56,,true,ESTIMATED_MODE_BREAKDOWN
2024-09-07 19:00:00,Japan,Japan,JP,412.87,490.25,24.66,11.47,,true,ESTIMATED_MODE_BREAKDOWN
2024-09-07 20:00:00,Japan,Japan,JP,411.61,488.36,24.9,11.75,,true,ESTIMATED_MODE_BREAKDOWN
2024-09-07 21:00:00,Japan,Japan,JP,385.49,460.27,29.66,16.46,,true,ESTIMATED_MODE_BREAKDOWN
2024-09-07 22:00:00,Japan,Japan,JP,328.3,397.89,40.1,27.7,,true,ESTIMATED_MODE_BREAKDOWN
2024-09-07 23:00:00,Japan,Japan,JP,279.55,347.04,48.95,37.86,,true,ESTIMATED_MODE_BREAKDOWN
2024-09-08 00:00:00,Japan,Japan,JP,252.56,319.21,53.85,43.82,,true,ESTIMATED_MODE_BREAKDOWN
2024-09-08 01:00:00,Japan,Japan,JP,237.76,303.31,56.54,47.11,,true,ESTIMATED_MODE_BREAKDOWN
2024-09-08 02:00:00,Japan,Japan,JP,237.83,303.43,56.53,47.49,,true,ESTIMATED_MODE_BREAKDOWN
2024-09-08 03:00:00,Japan,Japan,JP,248.3,314.58,54.63,45.77,,true,ESTIMATED_MODE_BREAKDOWN
2024-09-08 04:00:00,Japan,Japan,JP,265.52,332.99,51.49,42.71,,true,ESTIMATED_MODE_BREAKDOWN
2024-09-08 05:00:00,Japan,Japan,JP,294.39,364.73,46.22,37.42,,true,ESTIMATED_MODE_BREAKDOWN
2024-09-08 06:00:00,Japan,Japan,JP,333.75,407.77,39.03,30.2,,true,ESTIMATED_MODE_BREAKDOWN
2024-09-08 07:00:00,Japan,Japan,JP,379.75,457.08,30.66,21.79,,true,ESTIMATED_MODE_BREAKDOWN
2024-09-08 08:00:00,Japan,Japan,JP,419.25,499.21,23.48,14.55,,true,ESTIMATED_MODE_BREAKDOWN
2024-09-08 09:00:00,Japan,Japan,JP,434.24,515.02,20.75,11.83,,true,ESTIMATED_MODE_BREAKDOWN
2024-09-08 10:00:00,Japan,Japan,JP,433.41,514.34,20.9,11.74,,true,ESTIMATED_MODE_BREAKDOWN
2024-09-08 11:00:00,Japan,Japan,JP,431.04,511.68,21.33,11.69,,true,ESTIMATED_MODE_BREAKDOWN
2024-09-08 12:00:00,Japan,Japan,JP,428.15,508.34,21.85,11.67,,true,ESTIMATED_MODE_BREAKDOWN
2024-09-08 13:00:00,Japan,Japan,JP,424.61,504.24,22.5,11.65,,true,ESTIMATED_MODE_BREAKDOWN
2024-09-08 14:00:00,Japan,Japan,JP,422.35,501.43,22.91,11.59,,true,ESTIMATED_MODE_BREAKDOWN
2024-09-08 15:00:00,Japan,Japan,JP,416.68,495.28,23.94,11.63,,true,ESTIMATED_MODE_BREAKDOWN
2024-09-08 16:00:00,Japan,Japan,JP,412.11,490.16,24.77,11.62,,true,ESTIMATED_MODE_BREAKDOWN
2024-09-08 17:00:00,Japan,Japan,JP,410.8,487.94,25.03,11.63,,true,ESTIMATED_MODE_BREAKDOWN
2024-09-08 18:00:00,Japan,Japan,JP,411.7,488.81,24.87,11.7,,true,ESTIMATED_MODE_BREAKDOWN
2024-09-08 19:00:00,Japan,Japan,JP,412.89,490.23,24.65,11.71,,true,ESTIMATED_MODE_BREAKDOWN
2024-09-08 20:00:00,Japan,Japan,JP,413.86,491.5,24.47,11.96,,true,ESTIMATED_MODE_BREAKDOWN
2024-09-08 21:00:00,Japan,Japan,JP,397.96,474.61,27.37,15.63,,true,ESTIMATED_MODE_BREAKDOWN
2024-09-08 22:00:00,Japan,Japan,JP,359.58,434.47,34.34,24.1,,true,ESTIMATED_MODE_BREAKDOWN
2024-09-08 23:00:00,Japan,Japan,JP,331.77,404.87,39.42,30.84,,true,ESTIMATED_MODE_BREAKDOWN
2024-09-09 00:00:00,Japan,Japan,JP,309.11,380.68,43.54,35.88,,true,ESTIMATED_MODE_BREAKDOWN
2024-09-09 01:00:00,Japan,Japan,JP,293.76,364.26,46.34,39.04,,true,ESTIMATED_MODE_BREAKDOWN
2024-09-09 02:00:00,Japan,Japan,JP,288.97,359.14,47.21,40.12,,true,ESTIMATED_MODE_BREAKDOWN
2024-09-09 03:00:00,Japan,Japan,JP,287.59,357.57,47.47,40.29,,true,ESTIMATED_MODE_BREAKDOWN
2024-09-09 04:00:00,Japan,Japan,JP,305.5,377.11,44.2,37.23,,true,ESTIMATED_MODE_BREAKDOWN
2024-09-09 05:00:00,Japan,Japan,JP,328.41,402.1,40.02,33.08,,true,ESTIMATED_MODE_BREAKDOWN
2024-09-09 06:00:00,Japan,Japan,JP,358.23,434.59,34.58,27.6,,true,ESTIMATED_MODE_BREAKDOWN
2024-09-09 07:00:00,Japan,Japan,JP,398.1,477.74,27.31,20.25,,true,ESTIMATED_MODE_BREAKDOWN
2024-09-09 08:00:00,Japan,Japan,JP,429.57,511.03,21.59,14.09,,true,ESTIMATED_MODE_BREAKDOWN
2024-09-09 09:00:00,Japan,Japan,JP,440.53,522.43,19.6,11.84,,true,ESTIMATED_MODE_BREAKDOWN
2024-09-09 10:00:00,Japan,Japan,JP,438.78,520.57,19.91,11.74,,true,ESTIMATED_MODE_BREAKDOWN
2024-09-09 11:00:00,Japan,Japan,JP,435.73,517.05,20.47,11.81,,true,ESTIMATED_MODE_BREAKDOWN
2024-09-09 12:00:00,Japan,Japan,JP,433.13,514.25,20.94,11.75,,true,ESTIMATED_MODE_BREAKDOWN
2024-09-09 13:00:00,Japan,Japan,JP,430.32,511.35,21.45,11.72,,true,ESTIMATED_MODE_BREAKDOWN
2024-09-09 14:00:00,Japan,Japan,JP,428.0,508.43,21.87,11.7,,true,ESTIMATED_MODE_BREAKDOWN
2024-09-09 15:00:00,Japan,Japan,JP,422.15,501.28,22.95,11.76,,true,ESTIMATED_MODE_BREAKDOWN
2024-09-09 16:00:00,Japan,Japan,JP,418.3,496.94,23.65,11.78,,true,ESTIMATED_MODE_BREAKDOWN
2024-09-09 17:00:00,Japan,Japan,JP,417.0,495.55,23.89,11.81,,true,ESTIMATED_MODE_BREAKDOWN
2024-09-09 18:00:00,Japan,Japan,JP,416.96,495.25,23.9,11.86,,true,ESTIMATED_MODE_BREAKDOWN
2024-09-09 19:00:00,Japan,Japan,JP,417.66,496.14,23.77,11.87,,true,ESTIMATED_MODE_BREAKDOWN
2024-09-09 20:00:00,Japan,Japan,JP,417.99,496.5,23.72,12.13,,true,ESTIMATED_MODE_BREAKDOWN
2024-09-09 21:00:00,Japan,Japan,JP,402.48,479.57,26.55,15.53,,true,ESTIMATED_MODE_BREAKDOWN
2024-09-09 22:00:00,Japan,Japan,JP,368.57,443.83,32.72,22.93,,true,ESTIMATED_MODE_BREAKDOWN
2024-09-09 23:00:00,Japan,Japan,JP,344.7,418.31,37.07,28.78,,true,ESTIMATED_MODE_BREAKDOWN
2024-09-10 00:00:00,Japan,Japan,JP,330.46,403.31,39.67,32.24,,true,ESTIMATED_MODE_BREAKDOWN
2024-09-10 01:00:00,Japan,Japan,JP,317.15,389.19,42.09,34.99,,true,ESTIMATED_MODE_BREAKDOWN
2024-09-10 02:00:00,Japan,Japan,JP,314.73,386.86,42.53,35.6,,true,ESTIMATED_MODE_BREAKDOWN
2024-09-10 03:00:00,Japan,Japan,JP,312.08,383.85,43.01,35.94,,true,ESTIMATED_MODE_BREAKDOWN
2024-09-10 04:00:00,Japan,Japan,JP,331.9,405.47,39.4,32.56,,true,ESTIMATED_MODE_BREAKDOWN
2024-09-10 05:00:00,Japan,Japan,JP,351.82,427.15,35.76,28.94,,true,ESTIMATED_MODE_BREAKDOWN
2024-09-10 06:00:00,Japan,Japan,JP,377.71,454.75,31.05,24.1,,true,ESTIMATED_MODE_BREAKDOWN
2024-09-10 07:00:00,Japan,Japan,JP,408.81,488.28,25.38,18.34,,true,ESTIMATED_MODE_BREAKDOWN
2024-09-10 08:00:00,Japan,Japan,JP,433.33,514.94,20.91,13.47,,true,ESTIMATED_MODE_BREAKDOWN
2024-09-10 09:00:00,Japan,Japan,JP,441.52,523.78,19.41,11.75,,true,ESTIMATED_MODE_BREAKDOWN
2024-09-10 10:00:00,Japan,Japan,JP,440.36,522.76,19.62,11.66,,true,ESTIMATED_MODE_BREAKDOWN
2024-09-10 11:00:00,Japan,Japan,JP,437.93,519.89,20.06,11.67,,true,ESTIMATED_MODE_BREAKDOWN
2024-09-10 12:00:00,Japan,Japan,JP,434.86,516.55,20.62,11.74,,true,ESTIMATED_MODE_BREAKDOWN
2024-09-10 13:00:00,Japan,Japan,JP,432.13,513.57,21.11,11.71,,true,ESTIMATED_MODE_BREAKDOWN
2024-09-10 14:00:00,Japan,Japan,JP,429.84,510.91,21.53,11.72,,true,ESTIMATED_MODE_BREAKDOWN
2024-09-10 15:00:00,Japan,Japan,JP,424.84,504.72,22.45,11.7,,true,ESTIMATED_MODE_BREAKDOWN
2024-09-10 16:00:00,Japan,Japan,JP,420.4,500.5,23.24,11.82,,true,ESTIMATED_MODE_BREAKDOWN
2024-09-10 17:00:00,Japan,Japan,JP,418.31,498.29,23.62,11.94,,true,ESTIMATED_MODE_BREAKDOWN
2024-09-10 18:00:00,Japan,Japan,JP,418.18,497.52,23.66,11.9,,true,ESTIMATED_MODE_BREAKDOWN
2024-09-10 19:00:00,Japan,Japan,JP,418.61,497.66,23.59,11.93,,true,ESTIMATED_MODE_BREAKDOWN
2024-09-10 20:00:00,Japan,Japan,JP,419.03,497.84,23.52,12.14,,true,ESTIMATED_MODE_BREAKDOWN
2024-09-10 21:00:00,Japan,Japan,JP,402.33,480.33,26.56,15.78,,true,ESTIMATED_MODE_BREAKDOWN
2024-09-10 22:00:00,Japan,Japan,JP,366.91,442.7,33.01,23.45,,true,ESTIMATED_MODE_BREAKDOWN
2024-09-10 23:00:00,Japan,Japan,JP,342.46,416.7,37.47,29.36,,true,ESTIMATED_MODE_BREAKDOWN
2024-09-11 00:00:00,Japan,Japan,JP,325.6,399.05,40.53,33.22,,true,ESTIMATED_MODE_BREAKDOWN
2024-09-11 01:00:00,Japan,Japan,JP,312.76,385.47,42.87,35.84,,true,ESTIMATED_MODE_BREAKDOWN
2024-09-11 02:00:00,Japan,Japan,JP,305.06,377.09,44.27,37.42,,true,ESTIMATED_MODE_BREAKDOWN
2024-09-11 03:00:00,Japan,Japan,JP,300.66,372.16,45.08,38.15,,true,ESTIMATED_MODE_BREAKDOWN
2024-09-11 04:00:00,Japan,Japan,JP,316.02,388.5,42.29,35.61,,true,ESTIMATED_MODE_BREAKDOWN
2024-09-11 05:00:00,Japan,Japan,JP,337.81,412.03,38.32,31.7,,true,ESTIMATED_MODE_BREAKDOWN
2024-09-11 06:00:00,Japan,Japan,JP,369.19,446.07,32.59,25.91,,true,ESTIMATED_MODE_BREAKDOWN
2024-09-11 07:00:00,Japan,Japan,JP,406.17,485.88,25.86,19.09,,true,ESTIMATED_MODE_BREAKDOWN
2024-09-11 08:00:00,Japan,Japan,JP,434.66,516.31,20.67,13.48,,true,ESTIMATED_MODE_BREAKDOWN
2024-09-11 09:00:00,Japan,Japan,JP,443.39,525.68,19.08,11.64,,true,ESTIMATED_MODE_BREAKDOWN
2024-09-11 10:00:00,Japan,Japan,JP,441.91,524.17,19.34,11.56,,true,ESTIMATED_MODE_BREAKDOWN
2024-09-11 11:00:00,Japan,Japan,JP,439.37,521.37,19.8,11.58,,true,ESTIMATED_MODE_BREAKDOWN
2024-09-11 12:00:00,Japan,Japan,JP,436.89,518.3,20.26,11.52,,true,ESTIMATED_MODE_BREAKDOWN
2024-09-11 13:00:00,Japan,Japan,JP,434.04,515.22,20.77,11.5,,true,ESTIMATED_MODE_BREAKDOWN
2024-09-11 14:00:00,Japan,Japan,JP,431.8,512.84,21.18,11.46,,true,ESTIMATED_MODE_BREAKDOWN
2024-09-11 15:00:00,Japan,Japan,JP,426.16,506.26,22.21,11.52,,true,ESTIMATED_MODE_BREAKDOWN
2024-09-11 16:00:00,Japan,Japan,JP,421.61,501.39,23.03,11.59,,true,ESTIMATED_MODE_BREAKDOWN
2024-09-11 17:00:00,Japan,Japan,JP,419.85,499.55,23.35,11.6,,true,ESTIMATED_MODE_BREAKDOWN
2024-09-11 18:00:00,Japan,Japan,JP,420.08,499.62,23.31,11.61,,true,ESTIMATED_MODE_BREAKDOWN
2024-09-11 19:00:00,Japan,Japan,JP,420.55,499.88,23.24,11.61,,true,ESTIMATED_MODE_BREAKDOWN
2024-09-11 20:00:00,Japan,Japan,JP,421.63,500.54,23.05,11.72,,true,ESTIMATED_MODE_BREAKDOWN
2024-09-11 21:00:00,Japan,Japan,JP,404.63,482.94,26.14,15.38,,true,ESTIMATED_MODE_BREAKDOWN
2024-09-11 22:00:00,Japan,Japan,JP,365.73,441.85,33.22,23.68,,true,ESTIMATED_MODE_BREAKDOWN
2024-09-11 23:00:00,Japan,Japan,JP,335.23,409.07,38.78,30.69,,true,ESTIMATED_MODE_BREAKDOWN
2024-09-12 00:00:00,Japan,Japan,JP,320.71,393.72,41.42,34.21,,true,ESTIMATED_MODE_BREAKDOWN
2024-09-12 01:00:00,Japan,Japan,JP,309.68,382.04,43.43,36.52,,true,ESTIMATED_MODE_BREAKDOWN
2024-09-12 02:00:00,Japan,Japan,JP,304.47,376.37,44.38,37.63,,true,ESTIMATED_MODE_BREAKDOWN
2024-09-12 03:00:00,Japan,Japan,JP,300.75,372.32,45.06,38.2,,true,ESTIMATED_MODE_BREAKDOWN
2024-09-12 04:00:00,Japan,Japan,JP,318.16,391.2,41.89,35.27,,true,ESTIMATED_MODE_BREAKDOWN
2024-09-12 05:00:00,Japan,Japan,JP,339.99,414.78,37.91,31.32,,true,ESTIMATED_MODE_BREAKDOWN
2024-09-12 06:00:00,Japan,Japan,JP,372.3,449.89,32.01,25.35,,true,ESTIMATED_MODE_BREAKDOWN
2024-09-12 07:00:00,Japan,Japan,JP,408.14,487.99,25.5,18.69,,true,ESTIMATED_MODE_BREAKDOWN
2024-09-12 08:00:00,Japan,Japan,JP,435.39,516.72,20.54,13.28,,true,ESTIMATED_MODE_BREAKDOWN
2024-09-12 09:00:00,Japan,Japan,JP,443.06,524.44,19.16,11.62,,true,ESTIMATED_MODE_BREAKDOWN
2024-09-12 10:00:00,Japan,Japan,JP,441.17,523.17,19.48,11.6,,true,ESTIMATED_MODE_BREAKDOWN
2024-09-12 11:00:00,Japan,Japan,JP,438.83,520.79,19.9,11.61,,true,ESTIMATED_MODE_BREAKDOWN
2024-09-12 12:00:00,Japan,Japan,JP,436.03,517.63,20.41,11.6,,true,ESTIMATED_MODE_BREAKDOWN
2024-09-12 13:00:00,Japan,Japan,JP,433.16,514.53,20.93,11.57,,true,ESTIMATED_MODE_BREAKDOWN
2024-09-12 14:00:00,Japan,Japan,JP,430.29,511.63,21.44,11.65,,true,ESTIMATED_MODE_BREAKDOWN
2024-09-12 15:00:00,Japan,Japan,JP,424.83,505.98,22.42,11.66,,true,ESTIMATED_MODE_BREAKDOWN
2024-09-12 16:00:00,Japan,Japan,JP,420.2,501.26,23.26,11.75,,true,ESTIMATED_MODE_BREAKDOWN
2024-09-12 17:00:00,Japan,Japan,JP,417.9,498.96,23.67,11.86,,true,ESTIMATED_MODE_BREAKDOWN
2024-09-12 18:00:00,Japan,Japan,JP,418.52,499.08,23.57,11.79,,true,ESTIMATED_MODE_BREAKDOWN
2024-09-12 19:00:00,Japan,Japan,JP,419.3,499.3,23.44,11.73,,true,ESTIMATED_MODE_BREAKDOWN
2024-09-12 20:00:00,Japan,Japan,JP,420.25,499.46,23.29,11.89,,true,ESTIMATED_MODE_BREAKDOWN
2024-09-12 21:00:00,Japan,Japan,JP,403.62,481.66,26.32,15.55,,true,ESTIMATED_MODE_BREAKDOWN
2024-09-12 22:00:00,Japan,Japan,JP,365.26,440.99,33.31,23.75,,true,ESTIMATED_MODE_BREAKDOWN
2024-09-12 23:00:00,Japan,Japan,JP,339.41,413.68,38.01,29.92,,true,ESTIMATED_MODE_BREAKDOWN
2024-09-13 00:00:00,Japan,Japan,JP,323.23,396.5,40.96,33.67,,true,ESTIMATED_MODE_BREAKDOWN
2024-09-13 01:00:00,Japan,Japan,JP,309.45,381.67,43.47,36.44,,true,ESTIMATED_MODE_BREAKDOWN
2024-09-13 02:00:00,Japan,Japan,JP,302.99,374.68,44.65,37.77,,true,ESTIMATED_MODE_BREAKDOWN
2024-09-13 03:00:00,Japan,Japan,JP,300.14,371.52,45.17,38.18,,true,ESTIMATED_MODE_BREAKDOWN
2024-09-13 04:00:00,Japan,Japan,JP,314.1,386.73,42.63,35.89,,true,ESTIMATED_MODE_BREAKDOWN
2024-09-13 05:00:00,Japan,Japan,JP,335.82,410.37,38.66,31.96,,true,ESTIMATED_MODE_BREAKDOWN
2024-09-13 06:00:00,Japan,Japan,JP,367.22,444.26,32.94,26.16,,true,ESTIMATED_MODE_BREAKDOWN
2024-09-13 07:00:00,Japan,Japan,JP,404.28,483.52,26.2,19.29,,true,ESTIMATED_MODE_BREAKDOWN
2024-09-13 08:00:00,Japan,Japan,JP,432.52,514.0,21.06,13.69,,true,ESTIMATED_MODE_BREAKDOWN
2024-09-13 09:00:00,Japan,Japan,JP,441.69,523.77,19.39,11.7,,true,ESTIMATED_MODE_BREAKDOWN
2024-09-13 10:00:00,Japan,Japan,JP,439.77,521.72,19.73,11.67,,true,ESTIMATED_MODE_BREAKDOWN
2024-09-13 11:00:00,Japan,Japan,JP,437.39,519.43,20.16,11.69,,true,ESTIMATED_MODE_BREAKDOWN
2024-09-13 12:00:00,Japan,Japan,JP,434.79,516.55,20.63,11.63,,true,ESTIMATED_MODE_BREAKDOWN
2024-09-13 13:00:00,Japan,Japan,JP,432.49,513.95,21.04,11.55,,true,ESTIMATED_MODE_BREAKDOWN
2024-09-13 14:00:00,Japan,Japan,JP,430.46,511.73,21.41,11.46,,true,ESTIMATED_MODE_BREAKDOWN
2024-09-13 15:00:00,Japan,Japan,JP,425.16,505.51,22.38,11.45,,true,ESTIMATED_MODE_BREAKDOWN
2024-09-13 16:00:00,Japan,Japan,JP,421.04,500.42,23.14,11.46,,true,ESTIMATED_MODE_BREAKDOWN
2024-09-13 17:00:00,Japan,Japan,JP,419.57,498.6,23.41,11.44,,true,ESTIMATED_MODE_BREAKDOWN
2024-09-13 18:00:00,Japan,Japan,JP,419.94,498.81,23.35,11.53,,true,ESTIMATED_MODE_BREAKDOWN
2024-09-13 19:00:00,Japan,Japan,JP,420.64,499.2,23.23,11.53,,true,ESTIMATED_MODE_BREAKDOWN
2024-09-13 20:00:00,Japan,Japan,JP,420.46,498.58,23.28,11.69,,true,ESTIMATED_MODE_BREAKDOWN
2024-09-13 21:00:00,Japan,Japan,JP,401.05,478.01,26.81,15.48,,true,ESTIMATED_MODE_BREAKDOWN
2024-09-13 22:00:00,Japan,Japan,JP,357.58,431.91,34.72,24.42,,true,ESTIMATED_MODE_BREAKDOWN
2024-09-13 23:00:00,Japan,Japan,JP,323.97,396.6,40.83,31.75,,true,ESTIMATED_MODE_BREAKDOWN
2024-09-14 00:00:00,Japan,Japan,JP,301.09,372.78,44.99,36.83,,true,ESTIMATED_MODE_BREAKDOWN
2024-09-14 01:00:00,Japan,Japan,JP,288.05,358.68,47.37,39.61,,true,ESTIMATED_MODE_BREAKDOWN
2024-09-14 02:00:00,Japan,Japan,JP,284.62,354.39,48.01,40.49,,true,ESTIMATED_MODE_BREAKDOWN
2024-09-14 03:00:00,Japan,Japan,JP,291.35,361.54,46.79,39.34,,true,ESTIMATED_MODE_BREAKDOWN
2024-09-14 04:00:00,Japan,Japan,JP,308.84,380.66,43.59,36.18,,true,ESTIMATED_MODE_BREAKDOWN
2024-09-14 05:00:00,Japan,Japan,JP,332.79,406.5,39.23,31.73,,true,ESTIMATED_MODE_BREAKDOWN
2024-09-14 06:00:00,Japan,Japan,JP,366.17,442.49,33.15,25.59,,true,ESTIMATED_MODE_BREAKDOWN
2024-09-14 07:00:00,Japan,Japan,JP,404.57,483.62,26.15,18.49,,true,ESTIMATED_MODE_BREAKDOWN
2024-09-14 08:00:00,Japan,Japan,JP,431.57,512.74,21.23,13.39,,true,ESTIMATED_MODE_BREAKDOWN
2024-09-14 09:00:00,Japan,Japan,JP,439.23,520.92,19.84,11.91,,true,ESTIMATED_MODE_BREAKDOWN
2024-09-14 10:00:00,Japan,Japan,JP,437.75,519.51,20.1,11.9,,true,ESTIMATED_MODE_BREAKDOWN
2024-09-14 11:00:00,Japan,Japan,JP,435.82,517.89,20.44,11.85,,true,ESTIMATED_MODE_BREAKDOWN
2024-09-14 12:00:00,Japan,Japan,JP,432.85,514.36,20.98,11.94,,true,ESTIMATED_MODE_BREAKDOWN
2024-09-14 13:00:00,Japan,Japan,JP,430.28,511.64,21.45,11.94,,true,ESTIMATED_MODE_BREAKDOWN
2024-09-14 14:00:00,Japan,Japan,JP,428.28,509.04,21.82,12.03,,true,ESTIMATED_MODE_BREAKDOWN
2024-09-14 15:00:00,Japan,Japan,JP,422.62,502.38,22.86,12.15,,true,ESTIMATED_MODE_BREAKDOWN
2024-09-14 16:00:00,Japan,Japan,JP,417.78,497.26,23.73,12.35,,true,ESTIMATED_MODE_BREAKDOWN
2024-09-14 17:00:00,Japan,Japan,JP,416.08,494.8,24.05,12.44,,true,ESTIMATED_MODE_BREAKDOWN
2024-09-14 18:00:00,Japan,Japan,JP,416.37,494.75,24.01,12.5,,true,ESTIMATED_MODE_BREAKDOWN
2024-09-14 19:00:00,Japan,Japan,JP,416.8,494.78,23.94,12.47,,true,ESTIMATED_MODE_BREAKDOWN
2024-09-14 20:00:00,Japan,Japan,JP,416.32,494.35,24.03,12.64,,true,ESTIMATED_MODE_BREAKDOWN
2024-09-14 21:00:00,Japan,Japan,JP,400.78,477.97,26.85,15.5,,true,ESTIMATED_MODE_BREAKDOWN
2024-09-14 22:00:00,Japan,Japan,JP,366.33,440.86,33.13,22.37,,true,ESTIMATED_MODE_BREAKDOWN
2024-09-14 23:00:00,Japan,Japan,JP,332.13,404.26,39.37,29.65,,true,ESTIMATED_MODE_BREAKDOWN
2024-09-15 00:00:00,Japan,Japan,JP,308.28,379.3,43.7,34.82,,true,ESTIMATED_MODE_BREAKDOWN
2024-09-15 01:00:00,Japan,Japan,JP,290.14,360.04,47.0,38.55,,true,ESTIMATED_MODE_BREAKDOWN
2024-09-15 02:00:00,Japan,Japan,JP,291.03,361.66,46.83,38.59,,true,ESTIMATED_MODE_BREAKDOWN
2024-09-15 03:00:00,Japan,Japan,JP,299.99,371.42,45.19,37.06,,true,ESTIMATED_MODE_BREAKDOWN
2024-09-15 04:00:00,Japan,Japan,JP,315.83,388.75,42.3,34.14,,true,ESTIMATED_MODE_BREAKDOWN
2024-09-15 05:00:00,Japan,Japan,JP,335.91,411.03,38.63,30.46,,true,ESTIMATED_MODE_BREAKDOWN
2024-09-15 06:00:00,Japan,Japan,JP,369.15,447.34,32.56,24.38,,true,ESTIMATED_MODE_BREAKDOWN
2024-09-15 07:00:00,Japan,Japan,JP,405.14,485.53,26.01,17.74,,true,ESTIMATED_MODE_BREAKDOWN
2024-09-15 08:00:00,Japan,Japan,JP,430.29,512.21,21.44,13.16,,true,ESTIMATED_MODE_BREAKDOWN
2024-09-15 09:00:00,Japan,Japan,JP,437.28,519.43,20.18,12.01,,true,ESTIMATED_MODE_BREAKDOWN
2024-09-15 10:00:00,Japan,Japan,JP,436.42,518.48,20.33,11.92,,true,ESTIMATED_MODE_BREAKDOWN
2024-09-15 11:00:00,Japan,Japan,JP,435.26,517.37,20.54,11.76,,true,ESTIMATED_MODE_BREAKDOWN
2024-09-15 12:00:00,Japan,Japan,JP,433.28,515.13,20.9,11.69,,true,ESTIMATED_MODE_BREAKDOWN
2024-09-15 13:00:00,Japan,Japan,JP,430.05,511.73,21.48,11.75,,true,ESTIMATED_MODE_BREAKDOWN
2024-09-15 14:00:00,Japan,Japan,JP,428.39,509.59,21.79,11.74,,true,ESTIMATED_MODE_BREAKDOWN
2024-09-15 15:00:00,Japan,Japan,JP,422.85,502.95,22.81,11.8,,true,ESTIMATED_MODE_BREAKDOWN
2024-09-15 16:00:00,Japan,Japan,JP,418.31,498.19,23.62,11.9,,true,ESTIMATED_MODE_BREAKDOWN
2024-09-15 17:00:00,Japan,Japan,JP,417.03,496.74,23.86,11.95,,true,ESTIMATED_MODE_BREAKDOWN
2024-09-15 18:00:00,Japan,Japan,JP,417.74,497.29,23.74,11.94,,true,ESTIMATED_MODE_BREAKDOWN
2024-09-15 19:00:00,Japan,Japan,JP,418.56,497.63,23.6,11.93,,true,ESTIMATED_MODE_BREAKDOWN
2024-09-15 20:00:00,Japan,Japan,JP,418.99,497.6,23.54,12.14,,true,ESTIMATED_MODE_BREAKDOWN
2024-09-15 21:00:00,Japan,Japan,JP,402.64,480.28,26.51,15.39,,true,ESTIMATED_MODE_BREAKDOWN
2024-09-15 22:00:00,Japan,Japan,JP,364.92,440.65,33.36,23.1,,true,ESTIMATED_MODE_BREAKDOWN
2024-09-15 23:00:00,Japan,Japan,JP,333.24,407.17,39.13,30.13,,true,ESTIMATED_MODE_BREAKDOWN
2024-09-16 00:00:00,Japan,Japan,JP,314.98,388.08,42.45,34.29,,true,ESTIMATED_MODE_BREAKDOWN
2024-09-16 01:00:00,Japan,Japan,JP,303.78,376.32,44.48,36.64,,true,ESTIMATED_MODE_BREAKDOWN
2024-09-16 02:00:00,Japan,Japan,JP,302.35,374.63,44.75,37.08,,true,ESTIMATED_MODE_BREAKDOWN
2024-09-16 03:00:00,Japan,Japan,JP,304.72,376.92,44.32,36.65,,true,ESTIMATED_MODE_BREAKDOWN
2024-09-16 04:00:00,Japan,Japan,JP,319.66,392.86,41.61,34.02,,true,ESTIMATED_MODE_BREAKDOWN
2024-09-16 05:00:00,Japan,Japan,JP,339.36,414.06,38.02,30.42,,true,ESTIMATED_MODE_BREAKDOWN
2024-09-16 06:00:00,Japan,Japan,JP,367.59,444.72,32.87,25.28,,true,ESTIMATED_MODE_BREAKDOWN
2024-09-16 07:00:00,Japan,Japan,JP,405.63,485.65,25.94,18.27,,true,ESTIMATED_MODE_BREAKDOWN
2024-09-16 08:00:00,Japan,Japan,JP,432.96,514.36,20.98,13.16,,true,ESTIMATED_MODE_BREAKDOWN
2024-09-16 09:00:00,Japan,Japan,JP,439.94,521.33,19.72,11.82,,true,ESTIMATED_MODE_BREAKDOWN
2024-09-16 10:00:00,Japan,Japan,JP,438.22,519.88,20.02,11.84,,true,ESTIMATED_MODE_BREAKDOWN
2024-09-16 11:00:00,Japan,Japan,JP,435.99,517.8,20.42,11.87,,true,ESTIMATED_MODE_BREAKDOWN
2024-09-16 12:00:00,Japan,Japan,JP,434.0,515.63,20.78,11.79,,true,ESTIMATED_MODE_BREAKDOWN
2024-09-16 13:00:00,Japan,Japan,JP,431.46,512.62,21.24,11.73,,true,ESTIMATED_MODE_BREAKDOWN
2024-09-16 14:00:00,Japan,Japan,JP,430.15,510.95,21.48,11.63,,true,ESTIMATED_MODE_BREAKDOWN
2024-09-16 15:00:00,Japan,Japan,JP,424.89,504.96,22.44,11.71,,true,ESTIMATED_MODE_BREAKDOWN
2024-09-16 16:00:00,Japan,Japan,JP,420.71,500.7,23.19,11.82,,true,ESTIMATED_MODE_BREAKDOWN
2024-09-16 17:00:00,Japan,Japan,JP,419.27,499.31,23.45,11.89,,true,ESTIMATED_MODE_BREAKDOWN
2024-09-16 18:00:00,Japan,Japan,JP,419.48,499.59,23.41,11.94,,true,ESTIMATED_MODE_BREAKDOWN
2024-09-16 19:00:00,Japan,Japan,JP,419.98,500.12,23.33,12.02,,true,ESTIMATED_MODE_BREAKDOWN
2024-09-16 20:00:00,Japan,Japan,JP,421.17,500.82,23.12,12.16,,true,ESTIMATED_MODE_BREAKDOWN
2024-09-16 21:00:00,Japan,Japan,JP,407.3,485.97,25.65,15.24,,true,ESTIMATED_MODE_BREAKDOWN
2024-09-16 22:00:00,Japan,Japan,JP,369.78,446.06,32.48,23.16,,true,ESTIMATED_MODE_BREAKDOWN
2024-09-16 23:00:00,Japan,Japan,JP,338.72,412.63,38.15,30.27,,true,ESTIMATED_MODE_BREAKDOWN
2024-09-17 00:00:00,Japan,Japan,JP,317.9,390.48,41.94,34.89,,true,ESTIMATED_MODE_BREAKDOWN
2024-09-17 01:00:00,Japan,Japan,JP,300.12,371.5,45.18,38.45,,true,ESTIMATED_MODE_BREAKDOWN
2024-09-17 02:00:00,Japan,Japan,JP,293.58,364.54,46.37,39.88,,true,ESTIMATED_MODE_BREAKDOWN
2024-09-17 03:00:00,Japan,Japan,JP,292.36,363.32,46.59,40.04,,true,ESTIMATED_MODE_BREAKDOWN
2024-09-17 04:00:00,Japan,Japan,JP,312.12,384.74,42.99,36.69,,true,ESTIMATED_MODE_BREAKDOWN
2024-09-17 05:00:00,Japan,Japan,JP,337.51,412.12,38.36,32.14,,true,ESTIMATED_MODE_BREAKDOWN
2024-09-17 06:00:00,Japan,Japan,JP,370.16,447.06,32.42,26.16,,true,ESTIMATED_MODE_BREAKDOWN
2024-09-17 07:00:00,Japan,Japan,JP,409.05,488.47,25.35,19.04,,true,ESTIMATED_MODE_BREAKDOWN
2024-09-17 08:00:00,Japan,Japan,JP,438.5,520.18,19.98,13.32,,true,ESTIMATED_MODE_BREAKDOWN
2024-09-17 09:00:00,Japan,Japan,JP,445.7,528.07,18.66,11.78,,true,ESTIMATED_MODE_BREAKDOWN
2024-09-17 10:00:00,Japan,Japan,JP,443.8,526.36,19.0,11.73,,true,ESTIMATED_MODE_BREAKDOWN
2024-09-17 11:00:00,Japan,Japan,JP,441.03,523.7,19.49,11.81,,true,ESTIMATED_MODE_BREAKDOWN
2024-09-17 12:00:00,Japan,Japan,JP,438.42,520.91,19.96,11.83,,true,ESTIMATED_MODE_BREAKDOWN
2024-09-17 13:00:00,Japan,Japan,JP,436.65,518.7,20.29,11.7,,true,ESTIMATED_MODE_BREAKDOWN
2024-09-17 14:00:00,Japan,Japan,JP,434.42,516.47,20.69,11.71,,true,ESTIMATED_MODE_BREAKDOWN
2024-09-17 15:00:00,Japan,Japan,JP,428.94,510.66,21.68,11.88,,true,ESTIMATED_MODE_BREAKDOWN
2024-09-17 16:00:00,Japan,Japan,JP,424.34,506.36,22.5,12.01,,true,ESTIMATED_MODE_BREAKDOWN
2024-09-17 17:00:00,Japan,Japan,JP,422.73,504.14,22.8,12.03,,true,ESTIMATED_MODE_BREAKDOWN
2024-09-17 18:00:00,Japan,Japan,JP,422.8,503.62,22.8,12.1,,true,ESTIMATED_MODE_BREAKDOWN
2024-09-17 19:00:00,Japan,Japan,JP,423.32,504.03,22.71,12.07,,true,ESTIMATED_MODE_BREAKDOWN
2024-09-17 20:00:00,Japan,Japan,JP,424.1,504.9,22.57,12.19,,true,ESTIMATED_MODE_BREAKDOWN
2024-09-17 21:00:00,Japan,Japan,JP,408.4,488.18,25.43,15.55,,true,ESTIMATED_MODE_BREAKDOWN
2024-09-17 22:00:00,Japan,Japan,JP,367.82,444.85,32.82,24.08,,true,ESTIMATED_MODE_BREAKDOWN
2024-09-17 23:00:00,Japan,Japan,JP,339.68,414.86,37.95,30.58,,true,ESTIMATED_MODE_BREAKDOWN
2024-09-18 00:00:00,Japan,Japan,JP,323.64,397.91,40.87,34.28,,true,ESTIMATED_MODE_BREAKDOWN
2024-09-18 01:00:00,Japan,Japan,JP,313.79,387.32,42.66,36.35,,true,ESTIMATED_MODE_BREAKDOWN
2024-09-18 02:00:00,Japan,Japan,JP,314.92,388.57,42.46,36.3,,true,ESTIMATED_MODE_BREAKDOWN
2024-09-18 03:00:00,Japan,Japan,JP,318.56,392.45,41.8,35.56,,true,ESTIMATED_MODE_BREAKDOWN
2024-09-18 04:00:00,Japan,Japan,JP,338.17,413.54,38.23,32.18,,true,ESTIMATED_MODE_BREAKDOWN
2024-09-18 05:00:00,Japan,Japan,JP,360.44,437.45,34.17,28.06,,true,ESTIMATED_MODE_BREAKDOWN
2024-09-18 06:00:00,Japan,Japan,JP,389.3,468.1,28.92,22.65,,true,ESTIMATED_MODE_BREAKDOWN
2024-09-18 07:00:00,Japan,Japan,JP,418.26,498.71,23.66,17.26,,true,ESTIMATED_MODE_BREAKDOWN
2024-09-18 08:00:00,Japan,Japan,JP,439.87,521.26,19.74,12.98,,true,ESTIMATED_MODE_BREAKDOWN
2024-09-18 09:00:00,Japan,Japan,JP,445.39,527.73,18.72,11.76,,true,ESTIMATED_MODE_BREAKDOWN
2024-09-18 10:00:00,Japan,Japan,JP,443.34,525.66,19.09,11.81,,true,ESTIMATED_MODE_BREAKDOWN
2024-09-18 11:00:00,Japan,Japan,JP,440.83,523.15,19.54,11.88,,true,ESTIMATED_MODE_BREAKDOWN
2024-09-18 12:00:00,Japan,Japan,JP,437.95,519.62,20.07,11.94,,true,ESTIMATED_MODE_BREAKDOWN
2024-09-18 13:00:00,Japan,Japan,JP,435.69,517.45,20.47,11.89,,true,ESTIMATED_MODE_BREAKDOWN
2024-09-18 14:00:00,Japan,Japan,JP,433.67,515.32,20.83,11.85,,true,ESTIMATED_MODE_BREAKDOWN
2024-09-18 15:00:00,Japan,Japan,JP,428.25,509.6,21.81,12.0,,true,ESTIMATED_MODE_BREAKDOWN
2024-09-18 16:00:00,Japan,Japan,JP,424.21,505.24,22.54,12.06,,true,ESTIMATED_MODE_BREAKDOWN
2024-09-18 17:00:00,Japan,Japan,JP,422.67,503.51,22.82,12.15,,true,ESTIMATED_MODE_BREAKDOWN
2024-09-18 18:00:00,Japan,Japan,JP,422.43,502.91,22.88,12.18,,true,ESTIMATED_MODE_BREAKDOWN
2024-09-18 19:00:00,Japan,Japan,JP,422.85,503.03,22.81,12.2,,true,ESTIMATED_MODE_BREAKDOWN
2024-09-18 20:00:00,Japan,Japan,JP,423.77,504.01,22.64,12.3,,true,ESTIMATED_MODE_BREAKDOWN
2024-09-18 21:00:00,Japan,Japan,JP,414.56,494.25,24.32,14.48,,true,ESTIMATED_MODE_BREAKDOWN
2024-09-18 22:00:00,Japan,Japan,JP,392.11,470.2,28.41,19.55,,true,ESTIMATED_MODE_BREAKDOWN
2024-09-18 23:00:00,Japan,Japan,JP,370.59,446.97,32.34,24.68,,true,ESTIMATED_MODE_BREAKDOWN
2024-09-19 00:00:00,Japan,Japan,JP,347.29,422.47,36.58,29.62,,true,ESTIMATED_MODE_BREAKDOWN
2024-09-19 01:00:00,Japan,Japan,JP,327.56,401.83,40.16,33.52,,true,ESTIMATED_MODE_BREAKDOWN
2024-09-19 02:00:00,Japan,Japan,JP,320.9,394.93,41.37,34.92,,true,ESTIMATED_MODE_BREAKDOWN
2024-09-19 03:00:00,Japan,Japan,JP,318.05,391.67,41.9,35.37,,true,ESTIMATED_MODE_BREAKDOWN
2024-09-19 04:00:00,Japan,Japan,JP,338.53,413.88,38.16,31.92,,true,ESTIMATED_MODE_BREAKDOWN
2024-09-19 05:00:00,Japan,Japan,JP,359.48,436.21,34.35,28.13,,true,ESTIMATED_MODE_BREAKDOWN
2024-09-19 06:00:00,Japan,Japan,JP,389.78,468.42,28.84,22.48,,true,ESTIMATED_MODE_BREAKDOWN
2024-09-19 07:00:00,Japan,Japan,JP,418.64,498.67,23.6,17.09,,true,ESTIMATED_MODE_BREAKDOWN
2024-09-19 08:00:00,Japan,Japan,JP,439.84,521.08,19.75,12.92,,true,ESTIMATED_MODE_BREAKDOWN
2024-09-19 09:00:00,Japan,Japan,JP,445.36,527.29,18.73,11.74,,true,ESTIMATED_MODE_BREAKDOWN
2024-09-19 10:00:00,Japan,Japan,JP,443.29,525.77,19.09,11.78,,true,ESTIMATED_MODE_BREAKDOWN
2024-09-19 11:00:00,Japan,Japan,JP,440.87,523.19,19.53,11.79,,true,ESTIMATED_MODE_BREAKDOWN
2024-09-19 12:00:00,Japan,Japan,JP,438.09,520.23,20.03,11.8,,true,ESTIMATED_MODE_BREAKDOWN
2024-09-19 13:00:00,Japan,Japan,JP,435.72,517.6,20.46,11.76,,true,ESTIMATED_MODE_BREAKDOWN
2024-09-19 14:00:00,Japan,Japan,JP,433.45,515.13,20.87,11.78,,true,ESTIMATED_MODE_BREAKDOWN
2024-09-19 15:00:00,Japan,Japan,JP,427.99,509.23,21.86,11.91,,true,ESTIMATED_MODE_BREAKDOWN
2024-09-19 16:00:00,Japan,Japan,JP,423.94,504.54,22.6,12.0,,true,ESTIMATED_MODE_BREAKDOWN
2024-09-19 17:00:00,Japan,Japan,JP,422.26,502.58,22.91,12.03,,true,ESTIMATED_MODE_BREAKDOWN
2024-09-19 18:00:00,Japan,Japan,JP,421.56,501.32,23.04,12.22,,true,ESTIMATED_MODE_BREAKDOWN
2024-09-19 19:00:00,Japan,Japan,JP,421.93,501.54,22.98,12.24,,true,ESTIMATED_MODE_BREAKDOWN
2024-09-19 20:00:00,Japan,Japan,JP,422.63,502.02,22.86,12.37,,true,ESTIMATED_MODE_BREAKDOWN
2024-09-19 21:00:00,Japan,Japan,JP,409.62,488.71,25.22,15.27,,true,ESTIMATED_MODE_BREAKDOWN
2024-09-19 22:00:00,Japan,Japan,JP,373.12,450.2,31.86,22.98,,true,ESTIMATED_MODE_BREAKDOWN
2024-09-19 23:00:00,Japan,Japan,JP,347.1,422.59,36.6,29.12,,true,ESTIMATED_MODE_BREAKDOWN
2024-09-20 00:00:00,Japan,Japan,JP,334.63,409.39,38.88,32.09,,true,ESTIMATED_MODE_BREAKDOWN
2024-09-20 01:00:00,Japan,Japan,JP,322.05,396.13,41.16,34.6,,true,ESTIMATED_MODE_BREAKDOWN
2024-09-20 02:00:00,Japan,Japan,JP,318.81,392.6,41.76,35.39,,true,ESTIMATED_MODE_BREAKDOWN
2024-09-20 03:00:00,Japan,Japan,JP,316.35,389.75,42.21,35.72,,true,ESTIMATED_MODE_BREAKDOWN
2024-09-20 04:00:00,Japan,Japan,JP,327.19,401.13,40.24,34.02,,true,ESTIMATED_MODE_BREAKDOWN
2024-09-20 05:00:00,Japan,Japan,JP,350.54,426.21,35.99,29.84,,true,ESTIMATED_MODE_BREAKDOWN
2024-09-20 06:00:00,Japan,Japan,JP,380.27,458.05,30.57,24.38,,true,ESTIMATED_MODE_BREAKDOWN
2024-09-20 07:00:00,Japan,Japan,JP,416.32,496.23,24.02,17.74,,true,ESTIMATED_MODE_BREAKDOWN
2024-09-20 08:00:00,Japan,Japan,JP,440.2,521.71,19.67,13.0,,true,ESTIMATED_MODE_BREAKDOWN
2024-09-20 09:00:00,Japan,Japan,JP,443.84,525.73,19.0,12.12,,true,ESTIMATED_MODE_BREAKDOWN
2024-09-20 10:00:00,Japan,Japan,JP,442.05,524.01,19.32,12.1,,true,ESTIMATED_MODE_BREAKDOWN
2024-09-20 11:00:00,Japan,Japan,JP,439.59,521.36,19.77,12.12,,true,ESTIMATED_MODE_BREAKDOWN
2024-09-20 12:00:00,Japan,Japan,JP,436.6,518.36,20.3,12.18,,true,ESTIMATED_MODE_BREAKDOWN
2024-09-20 13:00:00,Japan,Japan,JP,434.53,516.09,20.68,12.1,,true,ESTIMATED_MODE_BREAKDOWN
2024-09-20 14:00:00,Japan,Japan,JP,432.31,513.52,21.08,12.12,,true,ESTIMATED_MODE_BREAKDOWN
2024-09-20 15:00:00,Japan,Japan,JP,426.52,507.25,22.13,12.32,,true,ESTIMATED_MODE_BREAKDOWN
2024-09-20 16:00:00,Japan,Japan,JP,421.93,502.62,22.96,12.43,,true,ESTIMATED_MODE_BREAKDOWN
2024-09-20 17:00:00,Japan,Japan,JP,419.74,499.83,23.36,12.52,,true,ESTIMATED_MODE_BREAKDOWN
2024-09-20 18:00:00,Japan,Japan,JP,418.67,498.27,23.57,12.65,,true,ESTIMATED_MODE_BREAKDOWN
2024-09-20 19:00:00,Japan,Japan,JP,418.49,497.97,23.6,12.7,,true,ESTIMATED_MODE_BREAKDOWN
2024-09-20 20:00:00,Japan,Japan,JP,418.37,497.67,23.63,12.81,,true,ESTIMATED_MODE_BREAKDOWN
2024-09-20 21:00:00,Japan,Japan,JP,408.36,486.9,25.45,14.67,,true,ESTIMATED_MODE_BREAKDOWN
2024-09-20 22:00:00,Japan,Japan,JP,386.48,464.17,29.42,19.23,,true,ESTIMATED_MODE_BREAKDOWN
2024-09-20 23:00:00,Japan,Japan,JP,369.32,446.47,32.54,23.34,,true,ESTIMATED_MODE_BREAKDOWN
2024-09-21 00:00:00,Japan,Japan,JP,355.09,431.24,35.13,26.69,,true,ESTIMATED_MODE_BREAKDOWN
2024-09-21 01:00:00,Japan,Japan,JP,349.54,425.28,36.15,27.97,,true,ESTIMATED_MODE_BREAKDOWN
2024-09-21 02:00:00,Japan,Japan,JP,347.92,423.62,36.44,28.3,,true,ESTIMATED_MODE_BREAKDOWN
2024-09-21 03:00:00,Japan,Japan,JP,346.99,422.65,36.61,28.4,,true,ESTIMATED_MODE_BREAKDOWN
2024-09-21 04:00:00,Japan,Japan,JP,355.63,432.42,35.02,26.85,,true,ESTIMATED_MODE_BREAKDOWN
2024-09-21 05:00:00,Japan,Japan,JP,368.44,446.22,32.69,24.45,,true,ESTIMATED_MODE_BREAKDOWN
2024-09-21 06:00:00,Japan,Japan,JP,391.06,470.0,28.58,20.2,,true,ESTIMATED_MODE_BREAKDOWN
2024-09-21 07:00:00,Japan,Japan,JP,413.41,493.3,24.53,16.09,,true,ESTIMATED_MODE_BREAKDOWN
2024-09-21 08:00:00,Japan,Japan,JP,430.48,511.4,21.43,12.92,,true,ESTIMATED_MODE_BREAKDOWN
2024-09-21 09:00:00,Japan,Japan,JP,434.06,515.38,20.77,12.24,,true,ESTIMATED_MODE_BREAKDOWN
2024-09-21 10:00:00,Japan,Japan,JP,432.53,513.92,21.05,12.17,,true,ESTIMATED_MODE_BREAKDOWN
2024-09-21 11:00:00,Japan,Japan,JP,430.16,511.09,21.48,12.2,,true,ESTIMATED_MODE_BREAKDOWN
2024-09-21 12:00:00,Japan,Japan,JP,426.86,507.08,22.09,12.29,,true,ESTIMATED_MODE_BREAKDOWN
2024-09-21 13:00:00,Japan,Japan,JP,424.62,504.7,22.49,12.25,,true,ESTIMATED_MODE_BREAKDOWN
2024-09-21 14:00:00,Japan,Japan,JP,422.15,501.76,22.94,12.34,,true,ESTIMATED_MODE_BREAKDOWN
2024-09-21 15:00:00,Japan,Japan,JP,417.16,496.28,23.85,12.38,,true,ESTIMATED_MODE_BREAKDOWN
2024-09-21 16:00:00,Japan,Japan,JP,412.48,491.11,24.7,12.51,,true,ESTIMATED_MODE_BREAKDOWN
2024-09-21 17:00:00,Japan,Japan,JP,410.59,488.61,25.05,12.66,,true,ESTIMATED_MODE_BREAKDOWN
2024-09-21 18:00:00,Japan,Japan,JP,410.5,488.57,25.07,12.84,,true,ESTIMATED_MODE_BREAKDOWN
2024-09-21 19:00:00,Japan,Japan,JP,410.79,488.85,25.02,12.89,,true,ESTIMATED_MODE_BREAKDOWN
2024-09-21 20:00:00,Japan,Japan,JP,410.8,488.26,25.03,13.06,,true,ESTIMATED_MODE_BREAKDOWN
2024-09-21 21:00:00,Japan,Japan,JP,404.64,481.16,26.16,14.14,,true,ESTIMATED_MODE_BREAKDOWN
2024-09-21 22:00:00,Japan,Japan,JP,394.63,471.81,27.95,16.36,,true,ESTIMATED_MODE_BREAKDOWN
2024-09-21 23:00:00,Japan,Japan,JP,383.27,461.0,30.0,19.27,,true,ESTIMATED_MODE_BREAKDOWN
2024-09-22 00:00:00,Japan,Japan,JP,375.76,452.89,31.37,21.27,,true,ESTIMATED_MODE_BREAKDOWN
2024-09-22 01:00:00,Japan,Japan,JP,367.38,444.02,32.89,23.03,,true,ESTIMATED_MODE_BREAKDOWN
2024-09-22 02:00:00,Japan,Japan,JP,364.56,440.79,33.41,23.58,,true,ESTIMATED_MODE_BREAKDOWN
2024-09-22 03:00:00,Japan,Japan,JP,353.8,427.89,35.4,25.42,,true,ESTIMATED_MODE_BREAKDOWN
2024-09-22 04:00:00,Japan,Japan,JP,340.65,412.83,37.82,27.8,,true,ESTIMATED_MODE_BREAKDOWN
2024-09-22 05:00:00,Japan,Japan,JP,354.93,428.2,35.22,25.12,,true,ESTIMATED_MODE_BREAKDOWN
2024-09-22 06:00:00,Japan,Japan,JP,374.35,449.69,31.67,21.49,,true,ESTIMATED_MODE_BREAKDOWN
2024-09-22 07:00:00,Japan,Japan,JP,400.93,479.31,26.8,16.68,,true,ESTIMATED_MODE_BREAKDOWN
2024-09-22 08:00:00,Japan,Japan,JP,420.77,501.22,23.18,13.29,,true,ESTIMATED_MODE_BREAKDOWN
2024-09-22 09:00:00,Japan,Japan,JP,424.97,505.89,22.41,12.68,,true,ESTIMATED_MODE_BREAKDOWN
2024-09-22 10:00:00,Japan,Japan,JP,423.86,504.52,22.61,12.59,,true,ESTIMATED_MODE_BREAKDOWN
2024-09-22 11:00:00,Japan,Japan,JP,422.13,502.84,22.92,12.48,,true,ESTIMATED_MODE_BREAKDOWN
2024-09-22 12:00:00,Japan,Japan,JP,419.75,500.3,23.35,12.39,,true,ESTIMATED_MODE_BREAKDOWN
2024-09-22 13:00:00,Japan,Japan,JP,416.65,496.82,23.91,12.37,,true,ESTIMATED_MODE_BREAKDOWN
2024-09-22 14:00:00,Japan,Japan,JP,414.57,494.21,24.3,12.39,,true,ESTIMATED_MODE_BREAKDOWN
2024-09-22 15:00:00,Japan,Japan,JP,409.22,487.97,25.28,12.48,,true,ESTIMATED_MODE_BREAKDOWN
2024-09-22 16:00:00,Japan,Japan,JP,404.54,482.32,26.14,12.53,,true,ESTIMATED_MODE_BREAKDOWN
2024-09-22 17:00:00,Japan,Japan,JP,404.17,481.48,26.21,12.55,,true,ESTIMATED_MODE_BREAKDOWN
2024-09-22 18:00:00,Japan,Japan,JP,405.74,482.71,25.94,12.58,,true,ESTIMATED_MODE_BREAKDOWN
2024-09-22 19:00:00,Japan,Japan,JP,407.61,484.54,25.61,12.56,,true,ESTIMATED_MODE_BREAKDOWN
2024-09-22 20:00:00,Japan,Japan,JP,408.96,486.04,25.36,12.63,,true,ESTIMATED_MODE_BREAKDOWN
2024-09-22 21:00:00,Japan,Japan,JP,393.67,469.77,28.15,15.46,,true,ESTIMATED_MODE_BREAKDOWN
2024-09-22 22:00:00,Japan,Japan,JP,341.75,413.96,37.61,25.44,,true,ESTIMATED_MODE_BREAKDOWN
2024-09-22 23:00:00,Japan,Japan,JP,289.21,356.87,47.2,36.11,,true,ESTIMATED_MODE_BREAKDOWN
2024-09-23 00:00:00,Japan,Japan,JP,256.36,323.11,53.15,42.91,,true,ESTIMATED_MODE_BREAKDOWN
2024-09-23 01:00:00,Japan,Japan,JP,239.02,304.69,56.31,46.48,,true,ESTIMATED_MODE_BREAKDOWN
2024-09-23 02:00:00,Japan,Japan,JP,234.22,299.44,57.19,47.66,,true,ESTIMATED_MODE_BREAKDOWN
2024-09-23 03:00:00,Japan,Japan,JP,236.03,301.14,56.86,47.29,,true,ESTIMATED_MODE_BREAKDOWN
2024-09-23 04:00:00,Japan,Japan,JP,261.22,328.87,52.26,42.81,,true,ESTIMATED_MODE_BREAKDOWN
2024-09-23 05:00:00,Japan,Japan,JP,295.07,365.0,46.1,36.64,,true,ESTIMATED_MODE_BREAKDOWN
2024-09-23 06:00:00,Japan,Japan,JP,335.6,408.91,38.71,29.25,,true,ESTIMATED_MODE_BREAKDOWN
2024-09-23 07:00:00,Japan,Japan,JP,385.34,463.29,29.63,20.14,,true,ESTIMATED_MODE_BREAKDOWN
2024-09-23 08:00:00,Japan,Japan,JP,420.97,501.55,23.14,13.65,,true,ESTIMATED_MODE_BREAKDOWN
2024-09-23 09:00:00,Japan,Japan,JP,427.98,509.2,21.86,12.36,,true,ESTIMATED_MODE_BREAKDOWN
2024-09-23 10:00:00,Japan,Japan,JP,427.1,508.11,22.02,12.19,,true,ESTIMATED_MODE_BREAKDOWN
2024-09-23 11:00:00,Japan,Japan,JP,424.97,505.65,22.41,12.15,,true,ESTIMATED_MODE_BREAKDOWN
2024-09-23 12:00:00,Japan,Japan,JP,422.48,502.93,22.86,12.07,,true,ESTIMATED_MODE_BREAKDOWN
2024-09-23 13:00:00,Japan,Japan,JP,419.13,499.19,23.47,12.13,,true,ESTIMATED_MODE_BREAKDOWN
2024-09-23 14:00:00,Japan,Japan,JP,417.18,497.06,23.83,12.14,,true,ESTIMATED_MODE_BREAKDOWN
2024-09-23 15:00:00,Japan,Japan,JP,412.59,491.17,24.68,12.01,,true,ESTIMATED_MODE_BREAKDOWN
2024-09-23 16:00:00,Japan,Japan,JP,409.72,487.39,25.21,11.94,,true,ESTIMATED_MODE_BREAKDOWN
2024-09-23 17:00:00,Japan,Japan,JP,409.56,486.88,25.25,11.96,,true,ESTIMATED_MODE_BREAKDOWN
2024-09-23 18:00:00,Japan,Japan,JP,411.4,488.7,24.92,11.97,,true,ESTIMATED_MODE_BREAKDOWN
2024-09-23 19:00:00,Japan,Japan,JP,413.59,491.28,24.52,11.97,,true,ESTIMATED_MODE_BREAKDOWN
2024-09-23 20:00:00,Japan,Japan,JP,414.3,492.19,24.39,12.21,,true,ESTIMATED_MODE_BREAKDOWN
2024-09-23 21:00:00,Japan,Japan,JP,393.53,469.75,28.18,16.28,,true,ESTIMATED_MODE_BREAKDOWN
2024-09-23 22:00:00,Japan,Japan,JP,338.3,410.04,38.25,27.06,,true,ESTIMATED_MODE_BREAKDOWN
2024-09-23 23:00:00,Japan,Japan,JP,299.17,368.07,45.38,35.55,,true,ESTIMATED_MODE_BREAKDOWN
2024-09-24 00:00:00,Japan,Japan,JP,274.75,342.06,49.83,40.94,,true,ESTIMATED_MODE_BREAKDOWN
2024-09-24 01:00:00,Japan,Japan,JP,259.44,325.58,52.62,44.09,,true,ESTIMATED_MODE_BREAKDOWN
2024-09-24 02:00:00,Japan,Japan,JP,259.62,326.18,52.58,44.17,,true,ESTIMATED_MODE_BREAKDOWN
2024-09-24 03:00:00,Japan,Japan,JP,253.87,319.84,53.63,44.89,,true,ESTIMATED_MODE_BREAKDOWN
2024-09-24 04:00:00,Japan,Japan,JP,273.18,341.52,50.1,41.71,,true,ESTIMATED_MODE_BREAKDOWN
2024-09-24 05:00:00,Japan,Japan,JP,300.96,371.58,45.03,36.7,,true,ESTIMATED_MODE_BREAKDOWN
2024-09-24 06:00:00,Japan,Japan,JP,344.99,418.76,37.02,28.67,,true,ESTIMATED_MODE_BREAKDOWN
2024-09-24 07:00:00,Japan,Japan,JP,394.35,471.6,28.03,19.71,,true,ESTIMATED_MODE_BREAKDOWN
2024-09-24 08:00:00,Japan,Japan,JP,427.03,507.16,22.07,13.36,,true,ESTIMATED_MODE_BREAKDOWN
2024-09-24 09:00:00,Japan,Japan,JP,431.63,512.23,21.23,12.35,,true,ESTIMATED_MODE_BREAKDOWN
2024-09-24 10:00:00,Japan,Japan,JP,429.06,509.67,21.69,12.32,,true,ESTIMATED_MODE_BREAKDOWN
2024-09-24 11:00:00,Japan,Japan,JP,426.31,506.64,22.18,12.28,,true,ESTIMATED_MODE_BREAKDOWN
2024-09-24 12:00:00,Japan,Japan,JP,423.08,503.49,22.76,12.3,,true,ESTIMATED_MODE_BREAKDOWN
2024-09-24 13:00:00,Japan,Japan,JP,420.04,500.74,23.3,12.36,,true,ESTIMATED_MODE_BREAKDOWN
2024-09-24 14:00:00,Japan,Japan,JP,418.61,499.12,23.56,12.3,,true,ESTIMATED_MODE_BREAKDOWN
2024-09-24 15:00:00,Japan,Japan,JP,414.21,493.5,24.37,12.15,,true,ESTIMATED_MODE_BREAKDOWN
2024-09-24 16:00:00,Japan,Japan,JP,411.18,488.94,24.95,12.14,,true,ESTIMATED_MODE_BREAKDOWN
2024-09-24 17:00:00,Japan,Japan,JP,410.5,488.49,25.07,12.23,,true,ESTIMATED_MODE_BREAKDOWN
2024-09-24 18:00:00,Japan,Japan,JP,411.66,490.01,24.85,12.27,,true,ESTIMATED_MODE_BREAKDOWN
2024-09-24 19:00:00,Japan,Japan,JP,413.32,491.8,24.56,12.29,,true,ESTIMATED_MODE_BREAKDOWN
2024-09-24 20:00:00,Japan,Japan,JP,414.56,493.03,24.33,12.35,,true,ESTIMATED_MODE_BREAKDOWN
2024-09-24 21:00:00,Japan,Japan,JP,399.19,476.6,27.13,15.4,,true,ESTIMATED_MODE_BREAKDOWN
2024-09-24 22:00:00,Japan,Japan,JP,360.7,435.75,34.14,23.06,,true,ESTIMATED_MODE_BREAKDOWN
2024-09-24 23:00:00,Japan,Japan,JP,327.74,400.75,40.14,30.32,,true,ESTIMATED_MODE_BREAKDOWN
2024-09-25 00:00:00,Japan,Japan,JP,305.0,376.67,44.28,35.33,,true,ESTIMATED_MODE_BREAKDOWN
2024-09-25 01:00:00,Japan,Japan,JP,293.17,363.35,46.45,37.76,,true,ESTIMATED_MODE_BREAKDOWN
2024-09-25 02:00:00,Japan,Japan,JP,291.45,361.41,46.76,38.21,,true,ESTIMATED_MODE_BREAKDOWN
2024-09-25 03:00:00,Japan,Japan,JP,291.2,362.02,46.79,38.01,,true,ESTIMATED_MODE_BREAKDOWN
2024-09-25 04:00:00,Japan,Japan,JP,322.52,396.17,41.07,32.65,,true,ESTIMATED_MODE_BREAKDOWN
2024-09-25 05:00:00,Japan,Japan,JP,352.33,428.05,35.65,27.28,,true,ESTIMATED_MODE_BREAKDOWN
2024-09-25 06:00:00,Japan,Japan,JP,380.25,458.27,30.56,22.18,,true,ESTIMATED_MODE_BREAKDOWN
2024-09-25 07:00:00,Japan,Japan,JP,409.69,489.63,25.2,16.75,,true,ESTIMATED_MODE_BREAKDOWN
2024-09-25 08:00:00,Japan,Japan,JP,429.53,510.37,21.6,12.91,,true,ESTIMATED_MODE_BREAKDOWN
2024-09-25 09:00:00,Japan,Japan,JP,432.82,514.13,21.0,12.17,,true,ESTIMATED_MODE_BREAKDOWN
2024-09-25 10:00:00,Japan,Japan,JP,430.75,512.15,21.36,12.15,,true,ESTIMATED_MODE_BREAKDOWN
2024-09-25 11:00:00,Japan,Japan,JP,428.17,508.65,21.84,12.15,,true,ESTIMATED_MODE_BREAKDOWN
2024-09-25 12:00:00,Japan,Japan,JP,425.38,505.33,22.36,12.12,,true,ESTIMATED_MODE_BREAKDOWN
2024-09-25 13:00:00,Japan,Japan,JP,422.21,502.08,22.93,12.2,,true,ESTIMATED_MODE_BREAKDOWN
2024-09-25 14:00:00,Japan,Japan,JP,420.35,500.01,23.26,12.2,,true,ESTIMATED_MODE_BREAKDOWN
2024-09-25 15:00:00,Japan,Japan,JP,415.77,495.53,24.08,12.14,,true,ESTIMATED_MODE_BREAKDOWN
2024-09-25 16:00:00,Japan,Japan,JP,411.7,491.43,24.81,12.15,,true,ESTIMATED_MODE_BREAKDOWN
2024-09-25 17:00:00,Japan,Japan,JP,411.22,490.68,24.91,12.16,,true,ESTIMATED_MODE_BREAKDOWN
2024-09-25 18:00:00,Japan,Japan,JP,412.91,492.19,24.61,12.14,,true,ESTIMATED_MODE_BREAKDOWN
2024-09-25 19:00:00,Japan,Japan,JP,414.46,493.65,24.33,12.17,,true,ESTIMATED_MODE_BREAKDOWN
2024-09-25 20:00:00,Japan,Japan,JP,416.02,495.09,24.06,12.21,,true,ESTIMATED_MODE_BREAKDOWN
2024-09-25 21:00:00,Japan,Japan,JP,400.86,478.88,26.82,15.23,,true,ESTIMATED_MODE_BREAKDOWN
2024-09-25 22:00:00,Japan,Japan,JP,353.84,428.81,35.38,24.56,,true,ESTIMATED_MODE_BREAKDOWN
2024-09-25 23:00:00,Japan,Japan,JP,313.13,385.59,42.79,33.37,,true,ESTIMATED_MODE_BREAKDOWN
2024-09-26 00:00:00,Japan,Japan,JP,284.26,354.94,48.04,39.54,,true,ESTIMATED_MODE_BREAKDOWN
2024-09-26 01:00:00,Japan,Japan,JP,258.29,326.51,52.79,44.69,,true,ESTIMATED_MODE_BREAKDOWN
2024-09-26 02:00:00,Japan,Japan,JP,251.85,319.57,53.97,46.13,,true,ESTIMATED_MODE_BREAKDOWN
2024-09-26 03:00:00,Japan,Japan,JP,253.78,321.56,53.61,45.65,,true,ESTIMATED_MODE_BREAKDOWN
2024-09-26 04:00:00,Japan,Japan,JP,282.64,353.12,48.35,40.74,,true,ESTIMATED_MODE_BREAKDOWN
2024-09-26 05:00:00,Japan,Japan,JP,317.47,390.81,42.0,34.51,,true,ESTIMATED_MODE_BREAKDOWN
2024-09-26 06:00:00,Japan,Japan,JP,360.05,436.57,34.24,26.68,,true,ESTIMATED_MODE_BREAKDOWN
2024-09-26 07:00:00,Japan,Japan,JP,404.45,484.29,26.16,18.56,,true,ESTIMATED_MODE_BREAKDOWN
2024-09-26 08:00:00,Japan,Japan,JP,433.71,515.75,20.83,12.86,,true,ESTIMATED_MODE_BREAKDOWN
2024-09-26 09:00:00,Japan,Japan,JP,437.8,520.21,20.08,11.9,,true,ESTIMATED_MODE_BREAKDOWN
2024-09-26 10:00:00,Japan,Japan,JP,435.92,517.96,20.42,11.81,,true,ESTIMATED_MODE_BREAKDOWN
2024-09-26 11:00:00,Japan,Japan,JP,432.93,515.26,20.95,11.84,,true,ESTIMATED_MODE_BREAKDOWN
2024-09-26 12:00:00,Japan,Japan,JP,430.32,512.05,21.43,11.84,,true,ESTIMATED_MODE_BREAKDOWN
2024-09-26 13:00:00,Japan,Japan,JP,427.56,509.12,21.93,11.86,,true,ESTIMATED_MODE_BREAKDOWN
2024-09-26 14:00:00,Japan,Japan,JP,425.23,506.29,22.36,11.84,,true,ESTIMATED_MODE_BREAKDOWN
2024-09-26 15:00:00,Japan,Japan,JP,420.8,501.01,23.17,11.72,,true,ESTIMATED_MODE_BREAKDOWN
2024-09-26 16:00:00,Japan,Japan,JP,417.28,497.4,23.81,11.71,,true,ESTIMATED_MODE_BREAKDOWN
2024-09-26 17:00:00,Japan,Japan,JP,416.45,496.47,23.96,11.72,,true,ESTIMATED_MODE_BREAKDOWN
2024-09-26 18:00:00,Japan,Japan,JP,417.08,496.96,23.85,11.82,,true,ESTIMATED_MODE_BREAKDOWN
2024-09-26 19:00:00,Japan,Japan,JP,418.32,497.94,23.63,11.77,,true,ESTIMATED_MODE_BREAKDOWN
2024-09-26 20:00:00,Japan,Japan,JP,419.16,498.39,23.49,11.9,,true,ESTIMATED_MODE_BREAKDOWN
2024-09-26 21:00:00,Japan,Japan,JP,410.29,489.19,25.1,13.88,,true,ESTIMATED_MODE_BREAKDOWN
2024-09-26 22:00:00,Japan,Japan,JP,382.51,459.79,30.15,19.74,,true,ESTIMATED_MODE_BREAKDOWN
2024-09-26 23:00:00,Japan,Japan,JP,357.15,432.89,34.77,25.64,,true,ESTIMATED_MODE_BREAKDOWN
2024-09-27 00:00:00,Japan,Japan,JP,337.41,411.67,38.37,30.05,,true,ESTIMATED_MODE_BREAKDOWN
2024-09-27 01:00:00,Japan,Japan,JP,322.34,395.58,41.11,33.11,,true,ESTIMATED_MODE_BREAKDOWN
2024-09-27 02:00:00,Japan,Japan,JP,315.7,388.54,42.32,34.47,,true,ESTIMATED_MODE_BREAKDOWN
2024-09-27 03:00:00,Japan,Japan,JP,310.78,383.42,43.21,35.12,,true,ESTIMATED_MODE_BREAKDOWN
2024-09-27 04:00:00,Japan,Japan,JP,326.14,400.06,40.42,32.63,,true,ESTIMATED_MODE_BREAKDOWN
2024-09-27 05:00:00,Japan,Japan,JP,346.2,421.94,36.76,29.05,,true,ESTIMATED_MODE_BREAKDOWN
2024-09-27 06:00:00,Japan,Japan,JP,374.19,451.62,31.67,23.89,,true,ESTIMATED_MODE_BREAKDOWN
2024-09-27 07:00:00,Japan,Japan,JP,409.28,488.85,25.29,17.44,,true,ESTIMATED_MODE_BREAKDOWN
2024-09-27 08:00:00,Japan,Japan,JP,432.1,513.14,21.14,13.0,,true,ESTIMATED_MODE_BREAKDOWN
2024-09-27 09:00:00,Japan,Japan,JP,435.99,517.49,20.43,12.08,,true,ESTIMATED_MODE_BREAKDOWN
2024-09-27 10:00:00,Japan,Japan,JP,433.97,515.28,20.79,12.02,,true,ESTIMATED_MODE_BREAKDOWN
2024-09-27 11:00:00,Japan,Japan,JP,431.05,512.01,21.32,12.07,,true,ESTIMATED_MODE_BREAKDOWN
2024-09-27 12:00:00,Japan,Japan,JP,428.44,508.82,21.8,12.0,,true,ESTIMATED_MODE_BREAKDOWN
2024-09-27 13:00:00,Japan,Japan,JP,425.69,506.38,22.29,12.01,,true,ESTIMATED_MODE_BREAKDOWN
2024-09-27 14:00:00,Japan,Japan,JP,423.87,504.36,22.62,11.97,,true,ESTIMATED_MODE_BREAKDOWN
2024-09-27 15:00:00,Japan,Japan,JP,418.82,498.21,23.54,11.97,,true,ESTIMATED_MODE_BREAKDOWN
2024-09-27 16:00:00,Japan,Japan,JP,414.43,493.11,24.35,12.06,,true,ESTIMATED_MODE_BREAKDOWN
2024-09-27 17:00:00,Japan,Japan,JP,413.14,491.1,24.6,12.1,,true,ESTIMATED_MODE_BREAKDOWN
2024-09-27 18:00:00,Japan,Japan,JP,413.23,491.42,24.58,12.24,,true,ESTIMATED_MODE_BREAKDOWN
2024-09-27 19:00:00,Japan,Japan,JP,413.7,491.8,24.49,12.26,,true,ESTIMATED_MODE_BREAKDOWN
2024-09-27 20:00:00,Japan,Japan,JP,413.7,491.41,24.5,12.33,,true,ESTIMATED_MODE_BREAKDOWN
2024-09-27 21:00:00,Japan,Japan,JP,401.76,477.77,26.7,14.32,,true,ESTIMATED_MODE_BREAKDOWN
2024-09-27 22:00:00,Japan,Japan,JP,371.21,444.64,32.27,20.31,,true,ESTIMATED_MODE_BREAKDOWN
2024-09-27 23:00:00,Japan,Japan,JP,334.58,405.8,38.93,27.91,,true,ESTIMATED_MODE_BREAKDOWN
2024-09-28 00:00:00,Japan,Japan,JP,310.96,380.56,43.24,33.04,,true,ESTIMATED_MODE_BREAKDOWN
2024-09-28 01:00:00,Japan,Japan,JP,292.26,360.17,46.65,36.85,,true,ESTIMATED_MODE_BREAKDOWN
2024-09-28 02:00:00,Japan,Japan,JP,286.79,354.78,47.64,38.03,,true,ESTIMATED_MODE_BREAKDOWN
2024-09-28 03:00:00,Japan,Japan,JP,296.27,365.25,45.9,36.16,,true,ESTIMATED_MODE_BREAKDOWN
2024-09-28 04:00:00,Japan,Japan,JP,314.54,385.46,42.56,32.86,,true,ESTIMATED_MODE_BREAKDOWN
2024-09-28 05:00:00,Japan,Japan,JP,336.33,409.37,38.58,28.84,,true,ESTIMATED_MODE_BREAKDOWN
2024-09-28 06:00:00,Japan,Japan,JP,365.96,441.4,33.18,23.35,,true,ESTIMATED_MODE_BREAKDOWN
2024-09-28 07:00:00,Japan,Japan,JP,398.27,476.22,27.3,17.44,,true,ESTIMATED_MODE_BREAKDOWN
2024-09-28 08:00:00,Japan,Japan,JP,421.81,502.28,22.99,13.18,,true,ESTIMATED_MODE_BREAKDOWN
2024-09-28 09:00:00,Japan,Japan,JP,426.99,507.56,22.06,12.27,,true,ESTIMATED_MODE_BREAKDOWN
2024-09-28 10:00:00,Japan,Japan,JP,425.39,505.69,22.35,12.26,,true,ESTIMATED_MODE_BREAKDOWN
2024-09-28 11:00:00,Japan,Japan,JP,423.19,503.34,22.75,12.2,,true,ESTIMATED_MODE_BREAKDOWN
2024-09-28 12:00:00,Japan,Japan,JP,420.41,500.25,23.25,12.1,,true,ESTIMATED_MODE_BREAKDOWN
2024-09-28 13:00:00,Japan,Japan,JP,417.41,497.26,23.79,12.08,,true,ESTIMATED_MODE_BREAKDOWN
2024-09-28 14:00:00,Japan,Japan,JP,416.45,495.83,23.97,12.02,,true,ESTIMATED_MODE_BREAKDOWN
2024-09-28 15:00:00,Japan,Japan,JP,412.01,490.58,24.78,11.87,,true,ESTIMATED_MODE_BREAKDOWN
2024-09-28 16:00:00,Japan,Japan,JP,407.81,485.45,25.55,11.84,,true,ESTIMATED_MODE_BREAKDOWN
2024-09-28 17:00:00,Japan,Japan,JP,407.15,484.01,25.69,11.85,,true,ESTIMATED_MODE_BREAKDOWN
2024-09-28 18:00:00,Japan,Japan,JP,408.94,485.64,25.38,11.89,,true,ESTIMATED_MODE_BREAKDOWN
2024-09-28 19:00:00,Japan,Japan,JP,410.06,486.7,25.18,11.93,,true,ESTIMATED_MODE_BREAKDOWN
2024-09-28 20:00:00,Japan,Japan,JP,410.45,486.8,25.11,12.01,,true,ESTIMATED_MODE_BREAKDOWN
2024-09-28 21:00:00,Japan,Japan,JP,397.1,471.92,27.55,14.09,,true,ESTIMATED_MODE_BREAKDOWN
2024-09-28 22:00:00,Japan,Japan,JP,357.17,428.47,34.84,21.7,,true,ESTIMATED_MODE_BREAKDOWN
2024-09-28 23:00:00,Japan,Japan,JP,316.3,383.72,42.31,29.97,,true,ESTIMATED_MODE_BREAKDOWN
2024-09-29 00:00:00,Japan,Japan,JP,292.3,358.45,46.67,35.05,,true,ESTIMATED_MODE_BREAKDOWN
2024-09-29 01:00:00,Japan,Japan,JP,277.06,342.46,49.44,38.17,,true,ESTIMATED_MODE_BREAKDOWN
2024-09-29 02:00:00,Japan,Japan,JP,276.78,343.24,49.47,38.42,,true,ESTIMATED_MODE_BREAKDOWN
2024-09-29 03:00:00,Japan,Japan,JP,284.42,351.67,48.07,37.17,,true,ESTIMATED_MODE_BREAKDOWN
2024-09-29 04:00:00,Japan,Japan,JP,299.26,367.4,45.37,34.43,,true,ESTIMATED_MODE_BREAKDOWN
2024-09-29 05:00:00,Japan,Japan,JP,322.68,393.71,41.08,30.07,,true,ESTIMATED_MODE_BREAKDOWN
2024-09-29 06:00:00,Japan,Japan,JP,357.63,432.2,34.7,23.68,,true,ESTIMATED_MODE_BREAKDOWN
2024-09-29 07:00:00,Japan,Japan,JP,394.02,471.84,28.06,17.23,,true,ESTIMATED_MODE_BREAKDOWN
2024-09-29 08:00:00,Japan,Japan,JP,420.36,500.42,23.26,12.82,,true,ESTIMATED_MODE_BREAKDOWN
2024-09-29 09:00:00,Japan,Japan,JP,426.17,506.19,22.22,11.98,,true,ESTIMATED_MODE_BREAKDOWN
2024-09-29 10:00:00,Japan,Japan,JP,424.59,504.29,22.51,11.98,,true,ESTIMATED_MODE_BREAKDOWN
2024-09-29 11:00:00,Japan,Japan,JP,422.23,501.54,22.94,12.0,,true,ESTIMATED_MODE_BREAKDOWN
2024-09-29 12:00:00,Japan,Japan,JP,419.37,498.29,23.46,11.95,,true,ESTIMATED_MODE_BREAKDOWN
2024-09-29 13:00:00,Japan,Japan,JP,416.15,495.14,24.03,11.91,,true,ESTIMATED_MODE_BREAKDOWN
2024-09-29 14:00:00,Japan,Japan,JP,414.68,493.14,24.31,11.86,,true,ESTIMATED_MODE_BREAKDOWN
2024-09-29 15:00:00,Japan,Japan,JP,409.83,486.94,25.21,11.84,,true,ESTIMATED_MODE_BREAKDOWN
2024-09-29 16:00:00,Japan,Japan,JP,406.31,482.96,25.85,11.8,,true,ESTIMATED_MODE_BREAKDOWN
2024-09-29 17:00:00,Japan,Japan,JP,405.86,482.39,25.93,11.8,,true,ESTIMATED_MODE_BREAKDOWN
2024-09-29 18:00:00,Japan,Japan,JP,408.59,485.43,25.44,11.76,,true,ESTIMATED_MODE_BREAKDOWN
2024-09-29 19:00:00,Japan,Japan,JP,410.99,488.52,25.0,11.82,,true,ESTIMATED_MODE_BREAKDOWN
2024-09-29 20:00:00,Japan,Japan,JP,413.58,491.19,24.53,11.85,,true,ESTIMATED_MODE_BREAKDOWN
2024-09-29 21:00:00,Japan,Japan,JP,402.42,479.32,26.56,14.36,,true,ESTIMATED_MODE_BREAKDOWN
2024-09-29 22:00:00,Japan,Japan,JP,366.4,440.78,33.12,21.83,,true,ESTIMATED_MODE_BREAKDOWN
2024-09-29 23:00:00,Japan,Japan,JP,334.62,406.54,38.92,29.01,,true,ESTIMATED_MODE_BREAKDOWN
2024-09-30 00:00:00,Japan,Japan,JP,309.07,379.07,43.58,34.55,,true,ESTIMATED_MODE_BREAKDOWN
2024-09-30 01:00:00,Japan,Japan,JP,281.79,349.77,48.55,39.8,,true,ESTIMATED_MODE_BREAKDOWN
2024-09-30 02:00:00,Japan,Japan,JP,272.32,340.4,50.26,41.78,,true,ESTIMATED_MODE_BREAKDOWN
2024-09-30 03:00:00,Japan,Japan,JP,266.39,334.01,51.34,42.62,,true,ESTIMATED_MODE_BREAKDOWN
2024-09-30 04:00:00,Japan,Japan,JP,291.36,360.51,46.8,38.48,,true,ESTIMATED_MODE_BREAKDOWN
2024-09-30 05:00:00,Japan,Japan,JP,324.78,396.59,40.71,32.44,,true,ESTIMATED_MODE_BREAKDOWN
2024-09-30 06:00:00,Japan,Japan,JP,359.12,434.17,34.44,26.11,,true,ESTIMATED_MODE_BREAKDOWN
2024-09-30 07:00:00,Japan,Japan,JP,402.05,481.18,26.61,18.27,,true,ESTIMATED_MODE_BREAKDOWN
2024-09-30 08:00:00,Japan,Japan,JP,430.21,511.83,21.46,12.81,,true,ESTIMATED_MODE_BREAKDOWN
2024-09-30 09:00:00,Japan,Japan,JP,433.98,516.16,20.77,11.96,,true,ESTIMATED_MODE_BREAKDOWN
2024-09-30 10:00:00,Japan,Japan,JP,431.49,513.23,21.23,11.96,,true,ESTIMATED_MODE_BREAKDOWN
2024-09-30 11:00:00,Japan,Japan,JP,428.95,509.83,21.7,11.94,,true,ESTIMATED_MODE_BREAKDOWN
2024-09-30 12:00:00,Japan,Japan,JP,426.1,506.51,22.22,11.9,,true,ESTIMATED_MODE_BREAKDOWN
2024-09-30 13:00:00,Japan,Japan,JP,423.22,503.6,22.74,11.92,,true,ESTIMATED_MODE_BREAKDOWN
2024-09-30 14:00:00,Japan,Japan,JP,421.4,501.64,23.07,11.86,,true,ESTIMATED_MODE_BREAKDOWN
2024-09-30 15:00:00,Japan,Japan,JP,416.86,495.93,23.9,11.79,,true,ESTIMATED_MODE_BREAKDOWN
2024-09-30 16:00:00,Japan,Japan,JP,414.14,491.58,24.43,11.68,,true,ESTIMATED_MODE_BREAKDOWN
2024-09-30 17:00:00,Japan,Japan,JP,413.32,489.95,24.59,11.65,,true,ESTIMATED_MODE_BREAKDOWN
2024-09-30 18:00:00,Japan,Japan,JP,414.76,491.82,24.33,11.69,,true,ESTIMATED_MODE_BREAKDOWN
2024-09-30 19:00:00,Japan,Japan,JP,416.53,493.55,24.01,11.7,,true,ESTIMATED_MODE_BREAKDOWN
2024-09-30 20:00:00,Japan,Japan,JP,417.76,495.21,23.78,11.79,,true,ESTIMATED_MODE_BREAKDOWN
2024-09-30 21:00:00,Japan,Japan,JP,401.45,477.74,26.76,15.06,,true,ESTIMATED_MODE_BREAKDOWN
2024-09-30 22:00:00,Japan,Japan,JP,347.84,421.0,36.5,25.59,,true,ESTIMATED_MODE_BREAKDOWN
2024-09-30 23:00:00,Japan,Japan,JP,301.21,370.96,45.0,35.35,,true,ESTIMATED_MODE_BREAKDOWN
2024-10-01 00:00:00,Japan,Japan,JP,273.15,340.66,50.12,41.49,,true,ESTIMATED_MODE_BREAKDOWN
2024-10-01 01:00:00,Japan,Japan,JP,260.54,327.24,52.42,44.24,,true,ESTIMATED_MODE_BREAKDOWN
2024-10-01 02:00:00,Japan,Japan,JP,265.42,333.41,51.51,43.49,,true,ESTIMATED_MODE_BREAKDOWN
2024-10-01 03:00:00,Japan,Japan,JP,264.38,332.71,51.69,43.41,,true,ESTIMATED_MODE_BREAKDOWN
2024-10-01 04:00:00,Japan,Japan,JP,283.46,353.31,48.21,40.31,,true,ESTIMATED_MODE_BREAKDOWN
2024-10-01 05:00:00,Japan,Japan,JP,311.93,384.45,43.02,35.27,,true,ESTIMATED_MODE_BREAKDOWN
2024-10-01 06:00:00,Japan,Japan,JP,355.2,431.24,35.13,27.36,,true,ESTIMATED_MODE_BREAKDOWN
2024-10-01 07:00:00,Japan,Japan,JP,402.67,481.82,26.49,18.65,,true,ESTIMATED_MODE_BREAKDOWN
2024-10-01 08:00:00,Japan,Japan,JP,433.38,514.41,20.91,12.71,,true,ESTIMATED_MODE_BREAKDOWN
2024-10-01 09:00:00,Japan,Japan,JP,437.21,518.55,20.21,11.8,,true,ESTIMATED_MODE_BREAKDOWN
2024-10-01 10:00:00,Japan,Japan,JP,434.74,516.08,20.65,11.79,,true,ESTIMATED_MODE_BREAKDOWN
2024-10-01 11:00:00,Japan,Japan,JP,431.99,513.16,21.15,11.79,,true,ESTIMATED_MODE_BREAKDOWN
2024-10-01 12:00:00,Japan,Japan,JP,428.86,509.65,21.72,11.79,,true,ESTIMATED_MODE_BREAKDOWN
2024-10-01 13:00:00,Japan,Japan,JP,426.17,506.47,22.21,11.77,,true,ESTIMATED_MODE_BREAKDOWN
2024-10-01 14:00:00,Japan,Japan,JP,423.92,503.3,22.63,11.83,,true,ESTIMATED_MODE_BREAKDOWN
2024-10-01 15:00:00,Japan,Japan,JP,418.93,497.45,23.54,11.86,,true,ESTIMATED_MODE_BREAKDOWN
2024-10-01 16:00:00,Japan,Japan,JP,414.92,492.46,24.28,11.92,,true,ESTIMATED_MODE_BREAKDOWN
2024-10-01 17:00:00,Japan,Japan,JP,413.58,490.88,24.53,12.03,,true,ESTIMATED_MODE_BREAKDOWN
2024-10-01 18:00:00,Japan,Japan,JP,414.4,491.73,24.39,12.11,,true,ESTIMATED_MODE_BREAKDOWN
2024-10-01 19:00:00,Japan,Japan,JP,416.0,492.83,24.11,12.08,,true,ESTIMATED_MODE_BREAKDOWN
2024-10-01 20:00:00,Japan,Japan,JP,416.76,493.54,23.98,12.23,,true,ESTIMATED_MODE_BREAKDOWN
2024-10-01 21:00:00,Japan,Japan,JP,400.47,476.3,26.94,15.41,,true,ESTIMATED_MODE_BREAKDOWN
2024-10-01 22:00:00,Japan,Japan,JP,352.75,426.36,35.61,24.98,,true,ESTIMATED_MODE_BREAKDOWN
2024-10-01 23:00:00,Japan,Japan,JP,318.19,390.43,41.89,32.73,,true,ESTIMATED_MODE_BREAKDOWN
2024-10-02 00:00:00,Japan,Japan,JP,299.61,371.11,45.26,37.0,,true,ESTIMATED_MODE_BREAKDOWN
2024-10-02 01:00:00,Japan,Japan,JP,287.9,358.19,47.41,39.49,,true,ESTIMATED_MODE_BREAKDOWN
2024-10-02 02:00:00,Japan,Japan,JP,289.71,359.19,47.1,39.38,,true,ESTIMATED_MODE_BREAKDOWN
2024-10-02 03:00:00,Japan,Japan,JP,296.14,365.73,45.93,37.99,,true,ESTIMATED_MODE_BREAKDOWN
2024-10-02 04:00:00,Japan,Japan,JP,323.55,395.0,40.94,33.36,,true,ESTIMATED_MODE_BREAKDOWN
2024-10-02 05:00:00,Japan,Japan,JP,353.43,427.43,35.5,27.95,,true,ESTIMATED_MODE_BREAKDOWN
2024-10-02 06:00:00,Japan,Japan,JP,386.24,463.13,29.51,21.83,,true,ESTIMATED_MODE_BREAKDOWN
2024-10-02 07:00:00,Japan,Japan,JP,418.21,497.98,23.67,15.8,,true,ESTIMATED_MODE_BREAKDOWN
2024-10-02 08:00:00,Japan,Japan,JP,434.02,515.53,20.77,12.53,,true,ESTIMATED_MODE_BREAKDOWN
2024-10-02 09:00:00,Japan,Japan,JP,434.66,516.43,20.65,12.18,,true,ESTIMATED_MODE_BREAKDOWN
2024-10-02 10:00:00,Japan,Japan,JP,431.8,513.13,21.17,12.24,,true,ESTIMATED_MODE_BREAKDOWN
2024-10-02 11:00:00,Japan,Japan,JP,429.53,510.23,21.59,12.19,,true,ESTIMATED_MODE_BREAKDOWN
2024-10-02 12:00:00,Japan,Japan,JP,426.94,506.98,22.07,12.16,,true,ESTIMATED_MODE_BREAKDOWN
2024-10-02 13:00:00,Japan,Japan,JP,424.11,503.91,22.58,12.15,,true,ESTIMATED_MODE_BREAKDOWN
2024-10-02 14:00:00,Japan,Japan,JP,422.06,501.33,22.96,12.18,,true,ESTIMATED_MODE_BREAKDOWN
2024-10-02 15:00:00,Japan,Japan,JP,417.3,495.58,23.84,12.14,,true,ESTIMATED_MODE_BREAKDOWN
2024-10-02 16:00:00,Japan,Japan,JP,414.05,490.48,24.46,12.11,,true,ESTIMATED_MODE_BREAKDOWN
2024-10-02 17:00:00,Japan,Japan,JP,412.92,488.46,24.69,12.19,,true,ESTIMATED_MODE_BREAKDOWN
2024-10-02 18:00:00,Japan,Japan,JP,412.92,489.64,24.66,12.43,,true,ESTIMATED_MODE_BREAKDOWN
2024-10-02 19:00:00,Japan,Japan,JP,414.17,491.35,24.43,12.48,,true,ESTIMATED_MODE_BREAKDOWN
2024-10-02 20:00:00,Japan,Japan,JP,414.93,492.01,24.3,12.61,,true,ESTIMATED_MODE_BREAKDOWN
2024-10-02 21:00:00,Japan,Japan,JP,410.06,487.13,25.17,13.77,,true,ESTIMATED_MODE_BREAKDOWN
2024-10-02 22:00:00,Japan,Japan,JP,397.83,474.78,27.39,16.78,,true,ESTIMATED_MODE_BREAKDOWN
2024-10-02 23:00:00,Japan,Japan,JP,385.05,461.38,29.72,20.33,,true,ESTIMATED_MODE_BREAKDOWN
2024-10-03 00:00:00,Japan,Japan,JP,379.87,456.44,30.65,22.02,,true,ESTIMATED_MODE_BREAKDOWN
2024-10-03 01:00:00,Japan,Japan,JP,373.7,450.22,31.77,23.27,,true,ESTIMATED_MODE_BREAKDOWN
2024-10-03 02:00:00,Japan,Japan,JP,373.31,449.75,31.84,23.31,,true,ESTIMATED_MODE_BREAKDOWN
2024-10-03 03:00:00,Japan,Japan,JP,372.4,448.57,32.01,23.04,,true,ESTIMATED_MODE_BREAKDOWN
2024-10-03 04:00:00,Japan,Japan,JP,382.46,459.11,30.18,21.56,,true,ESTIMATED_MODE_BREAKDOWN
2024-10-03 05:00:00,Japan,Japan,JP,394.58,472.34,27.97,19.44,,true,ESTIMATED_MODE_BREAKDOWN
2024-10-03 06:00:00,Japan,Japan,JP,410.7,489.94,25.03,16.44,,true,ESTIMATED_MODE_BREAKDOWN
2024-10-03 07:00:00,Japan,Japan,JP,425.94,506.41,22.25,13.63,,true,ESTIMATED_MODE_BREAKDOWN
2024-10-03 08:00:00,Japan,Japan,JP,431.77,512.66,21.19,12.35,,true,ESTIMATED_MODE_BREAKDOWN
2024-10-03 09:00:00,Japan,Japan,JP,432.04,512.89,21.14,12.08,,true,ESTIMATED_MODE_BREAKDOWN
2024-10-03 10:00:00,Japan,Japan,JP,429.52,510.11,21.6,12.11,,true,ESTIMATED_MODE_BREAKDOWN
2024-10-03 11:00:00,Japan,Japan,JP,426.89,506.87,22.08,12.14,,true,ESTIMATED_MODE_BREAKDOWN
2024-10-03 12:00:00,Japan,Japan,JP,424.53,503.77,22.52,12.13,,true,ESTIMATED_MODE_BREAKDOWN
2024-10-03 13:00:00,Japan,Japan,JP,421.95,500.69,23.0,12.15,,true,ESTIMATED_MODE_BREAKDOWN
2024-10-03 14:00:00,Japan,Japan,JP,420.25,498.83,23.3,12.19,,true,ESTIMATED_MODE_BREAKDOWN
2024-10-03 15:00:00,Japan,Japan,JP,415.78,493.28,24.13,12.16,,true,ESTIMATED_MODE_BREAKDOWN
2024-10-03 16:00:00,Japan,Japan,JP,412.55,489.76,24.71,12.18,,true,ESTIMATED_MODE_BREAKDOWN
2024-10-03 17:00:00,Japan,Japan,JP,411.87,488.81,24.84,12.29,,true,ESTIMATED_MODE_BREAKDOWN
2024-10-03 18:00:00,Japan,Japan,JP,412.89,490.4,24.65,12.4,,true,ESTIMATED_MODE_BREAKDOWN
2024-10-03 19:00:00,Japan,Japan,JP,414.66,492.4,24.33,12.4,,true,ESTIMATED_MODE_BREAKDOWN
2024-10-03 20:00:00,Japan,Japan,JP,415.98,493.72,24.09,12.46,,true,ESTIMATED_MODE_BREAKDOWN
2024-10-03 21:00:00,Japan,Japan,JP,412.3,490.21,24.75,13.42,,true,ESTIMATED_MODE_BREAKDOWN
2024-10-03 22:00:00,Japan,Japan,JP,398.07,475.65,27.34,16.85,,true,ESTIMATED_MODE_BREAKDOWN
2024-10-03 23:00:00,Japan,Japan,JP,385.83,463.09,29.56,20.27,,true,ESTIMATED_MODE_BREAKDOWN
2024-10-04 00:00:00,Japan,Japan,JP,375.54,452.48,31.43,22.91,,true,ESTIMATED_MODE_BREAKDOWN
2024-10-04 01:00:00,Japan,Japan,JP,363.77,439.64,33.58,25.26,,true,ESTIMATED_MODE_BREAKDOWN
2024-10-04 02:00:00,Japan,Japan,JP,355.47,430.67,35.09,26.77,,true,ESTIMATED_MODE_BREAKDOWN
2024-10-04 03:00:00,Japan,Japan,JP,347.2,421.47,36.6,27.99,,true,ESTIMATED_MODE_BREAKDOWN
2024-10-04 04:00:00,Japan,Japan,JP,360.63,436.75,34.14,25.85,,true,ESTIMATED_MODE_BREAKDOWN
2024-10-04 05:00:00,Japan,Japan,JP,374.92,452.16,31.53,23.28,,true,ESTIMATED_MODE_BREAKDOWN
2024-10-04 06:00:00,Japan,Japan,JP,394.53,473.69,27.95,19.6,,true,ESTIMATED_MODE_BREAKDOWN
2024-10-04 07:00:00,Japan,Japan,JP,418.45,499.3,23.59,15.1,,true,ESTIMATED_MODE_BREAKDOWN
2024-10-04 08:00:00,Japan,Japan,JP,430.57,512.55,21.38,12.62,,true,ESTIMATED_MODE_BREAKDOWN
2024-10-04 09:00:00,Japan,Japan,JP,431.37,513.26,21.24,12.24,,true,ESTIMATED_MODE_BREAKDOWN
2024-10-04 10:00:00,Japan,Japan,JP,428.75,510.2,21.72,12.28,,true,ESTIMATED_MODE_BREAKDOWN
2024-10-04 11:00:00,Japan,Japan,JP,426.66,507.24,22.11,12.21,,true,ESTIMATED_MODE_BREAKDOWN
2024-10-04 12:00:00,Japan,Japan,JP,424.21,504.17,22.56,12.14,,true,ESTIMATED_MODE_BREAKDOWN
2024-10-04 13:00:00,Japan,Japan,JP,422.27,502.09,22.91,12.03,,true,ESTIMATED_MODE_BREAKDOWN
2024-10-04 14:00:00,Japan,Japan,JP,420.32,499.59,23.27,12.04,,true,ESTIMATED_MODE_BREAKDOWN
2024-10-04 15:00:00,Japan,Japan,JP,415.25,493.53,24.21,12.11,,true,ESTIMATED_MODE_BREAKDOWN
2024-10-04 16:00:00,Japan,Japan,JP,411.35,489.0,24.92,12.08,,true,ESTIMATED_MODE_BREAKDOWN
2024-10-04 17:00:00,Japan,Japan,JP,410.94,488.42,25.0,12.04,,true,ESTIMATED_MODE_BREAKDOWN
2024-10-04 18:00:00,Japan,Japan,JP,412.41,489.85,24.74,12.06,,true,ESTIMATED_MODE_BREAKDOWN
2024-10-04 19:00:00,Japan,Japan,JP,413.49,490.61,24.55,12.08,,true,ESTIMATED_MODE_BREAKDOWN
2024-10-04 20:00:00,Japan,Japan,JP,414.06,490.8,24.46,12.05,,true,ESTIMATED_MODE_BREAKDOWN
2024-10-04 21:00:00,Japan,Japan,JP,403.77,479.91,26.33,13.66,,true,ESTIMATED_MODE_BREAKDOWN
2024-10-04 22:00:00,Japan,Japan,JP,372.14,445.25,32.1,19.75,,true,ESTIMATED_MODE_BREAKDOWN
2024-10-04 23:00:00,Japan,Japan,JP,338.8,408.36,38.2,26.6,,true,ESTIMATED_MODE_BREAKDOWN
2024-10-05 00:00:00,Japan,Japan,JP,308.98,377.13,43.62,32.59,,true,ESTIMATED_MODE_BREAKDOWN
2024-10-05 01:00:00,Japan,Japan,JP,283.71,350.5,48.21,37.49,,true,ESTIMATED_MODE_BREAKDOWN
2024-10-05 02:00:00,Japan,Japan,JP,277.67,344.67,49.3,38.71,,true,ESTIMATED_MODE_BREAKDOWN
2024-10-05 03:00:00,Japan,Japan,JP,276.76,343.81,49.46,38.78,,true,ESTIMATED_MODE_BREAKDOWN
2024-10-05 04:00:00,Japan,Japan,JP,292.99,361.63,46.5,35.87,,true,ESTIMATED_MODE_BREAKDOWN
2024-10-05 05:00:00,Japan,Japan,JP,317.5,388.05,42.03,31.37,,true,ESTIMATED_MODE_BREAKDOWN
2024-10-05 06:00:00,Japan,Japan,JP,353.77,428.06,35.4,24.7,,true,ESTIMATED_MODE_BREAKDOWN
2024-10-05 07:00:00,Japan,Japan,JP,397.42,474.78,27.46,16.83,,true,ESTIMATED_MODE_BREAKDOWN
2024-10-05 08:00:00,Japan,Japan,JP,423.27,502.42,22.76,12.23,,true,ESTIMATED_MODE_BREAKDOWN
2024-10-05 09:00:00,Japan,Japan,JP,426.44,505.57,22.19,11.67,,true,ESTIMATED_MODE_BREAKDOWN
2024-10-05 10:00:00,Japan,Japan,JP,424.66,503.84,22.51,11.67,,true,ESTIMATED_MODE_BREAKDOWN
2024-10-05 11:00:00,Japan,Japan,JP,422.22,501.04,22.95,11.64,,true,ESTIMATED_MODE_BREAKDOWN
2024-10-05 12:00:00,Japan,Japan,JP,419.49,498.18,23.44,11.59,,true,ESTIMATED_MODE_BREAKDOWN
2024-10-05 13:00:00,Japan,Japan,JP,417.11,494.83,23.89,11.46,,true,ESTIMATED_MODE_BREAKDOWN
2024-10-05 14:00:00,Japan,Japan,JP,416.25,493.12,24.06,11.36,,true,ESTIMATED_MODE_BREAKDOWN
2024-10-05 15:00:00,Japan,Japan,JP,411.72,488.32,24.88,11.24,,true,ESTIMATED_MODE_BREAKDOWN
2024-10-05 16:00:00,Japan,Japan,JP,407.97,484.46,25.55,11.21,,true,ESTIMATED_MODE_BREAKDOWN
2024-10-05 17:00:00,Japan,Japan,JP,408.05,484.71,25.53,11.22,,true,ESTIMATED_MODE_BREAKDOWN
2024-10-05 18:00:00,Japan,Japan,JP,409.62,486.4,25.25,11.4,,true,ESTIMATED_MODE_BREAKDOWN
2024-10-05 19:00:00,Japan,Japan,JP,410.95,487.43,25.02,11.49,,true,ESTIMATED_MODE_BREAKDOWN
2024-10-05 20:00:00,Japan,Japan,JP,411.49,487.56,24.93,11.5,,true,ESTIMATED_MODE_BREAKDOWN
2024-10-05 21:00:00,Japan,Japan,JP,398.66,473.35,27.27,13.44,,true,ESTIMATED_MODE_BREAKDOWN
2024-10-05 22:00:00,Japan,Japan,JP,356.22,427.33,35.01,21.36,,true,ESTIMATED_MODE_BREAKDOWN
2024-10-05 23:00:00,Japan,Japan,JP,304.89,372.8,44.35,31.47,,true,ESTIMATED_MODE_BREAKDOWN
2024-10-06 00:00:00,Japan,Japan,JP,267.62,333.89,51.12,39.03,,true,ESTIMATED_MODE_BREAKDOWN
2024-10-06 01:00:00,Japan,Japan,JP,242.16,306.35,55.76,44.13,,true,ESTIMATED_MODE_BREAKDOWN
2024-10-06 02:00:00,Japan,Japan,JP,233.39,296.89,57.37,46.1,,true,ESTIMATED_MODE_BREAKDOWN
2024-10-06 03:00:00,Japan,Japan,JP,242.0,306.54,55.79,44.82,,true,ESTIMATED_MODE_BREAKDOWN
2024-10-06 04:00:00,Japan,Japan,JP,261.52,327.57,52.23,41.24,,true,ESTIMATED_MODE_BREAKDOWN
2024-10-06 05:00:00,Japan,Japan,JP,300.17,369.86,45.18,34.14,,true,ESTIMATED_MODE_BREAKDOWN
2024-10-06 06:00:00,Japan,Japan,JP,348.55,423.42,36.33,25.43,,true,ESTIMATED_MODE_BREAKDOWN
2024-10-06 07:00:00,Japan,Japan,JP,396.86,475.33,27.54,16.74,,true,ESTIMATED_MODE_BREAKDOWN
2024-10-06 08:00:00,Japan,Japan,JP,423.69,503.77,22.66,12.22,,true,ESTIMATED_MODE_BREAKDOWN
2024-10-06 09:00:00,Japan,Japan,JP,427.45,507.72,21.98,11.68,,true,ESTIMATED_MODE_BREAKDOWN
2024-10-06 10:00:00,Japan,Japan,JP,426.03,506.2,22.24,11.66,,true,ESTIMATED_MODE_BREAKDOWN
2024-10-06 11:00:00,Japan,Japan,JP,423.59,503.2,22.69,11.66,,true,ESTIMATED_MODE_BREAKDOWN
2024-10-06 12:00:00,Japan,Japan,JP,421.43,500.45,23.09,11.58,,true,ESTIMATED_MODE_BREAKDOWN
2024-10-06 13:00:00,Japan,Japan,JP,418.54,497.24,23.61,11.52,,true,ESTIMATED_MODE_BREAKDOWN
2024-10-06 14:00:00,Japan,Japan,JP,416.8,495.23,23.93,11.51,,true,ESTIMATED_MODE_BREAKDOWN
2024-10-06 15:00:00,Japan,Japan,JP,412.53,490.14,24.71,11.31,,true,ESTIMATED_MODE_BREAKDOWN
2024-10-06 16:00:00,Japan,Japan,JP,409.3,486.13,25.31,11.33,,true,ESTIMATED_MODE_BREAKDOWN
2024-10-06 17:00:00,Japan,Japan,JP,409.44,485.26,25.31,11.38,,true,ESTIMATED_MODE_BREAKDOWN
2024-10-06 18:00:00,Japan,Japan,JP,411.39,487.5,24.95,11.5,,true,ESTIMATED_MODE_BREAKDOWN
2024-10-06 19:00:00,Japan,Japan,JP,413.45,490.01,24.58,11.57,,true,ESTIMATED_MODE_BREAKDOWN
2024-10-06 20:00:00,Japan,Japan,JP,415.35,492.64,24.22,11.69,,true,ESTIMATED_MODE_BREAKDOWN
2024-10-06 21:00:00,Japan,Japan,JP,409.32,486.85,25.3,13.23,,true,ESTIMATED_MODE_BREAKDOWN
2024-10-06 22:00:00,Japan,Japan,JP,385.51,462.83,29.61,18.57,,true,ESTIMATED_MODE_BREAKDOWN
2024-10-06 23:00:00,Japan,Japan,JP,368.4,445.09,32.72,23.16,,true,ESTIMATED_MODE_BREAKDOWN
2024-10-07 00:00:00,Japan,Japan,JP,353.02,428.95,35.52,26.83,,true,ESTIMATED_MODE_BREAKDOWN
2024-10-07 01:00:00,Japan,Japan,JP,341.85,416.79,37.56,29.22,,true,ESTIMATED_MODE_BREAKDOWN
2024-10-07 02:00:00,Japan,Japan,JP,343.1,417.89,37.34,29.13,,true,ESTIMATED_MODE_BREAKDOWN
2024-10-07 03:00:00,Japan,Japan,JP,343.31,417.78,37.31,28.87,,true,ESTIMATED_MODE_BREAKDOWN
2024-10-07 04:00:00,Japan,Japan,JP,360.62,436.42,34.15,26.03,,true,ESTIMATED_MODE_BREAKDOWN
2024-10-07 05:00:00,Japan,Japan,JP,378.31,455.3,30.93,22.86,,true,ESTIMATED_MODE_BREAKDOWN
2024-10-07 06:00:00,Japan,Japan,JP,402.68,481.95,26.48,18.32,,true,ESTIMATED_MODE_BREAKDOWN
2024-10-07 07:00:00,Japan,Japan,JP,425.12,506.37,22.39,14.09,,true,ESTIMATED_MODE_BREAKDOWN
2024-10-07 08:00:00,Japan,Japan,JP,434.29,516.57,20.71,12.12,,true,ESTIMATED_MODE_BREAKDOWN
2024-10-07 09:00:00,Japan,Japan,JP,434.24,516.44,20.72,11.87,,true,ESTIMATED_MODE_BREAKDOWN
2024-10-07 10:00:00,Japan,Japan,JP,431.66,513.56,21.19,11.9,,true,ESTIMATED_MODE_BREAKDOWN
2024-10-07 11:00:00,Japan,Japan,JP,428.66,509.88,21.74,11.96,,true,ESTIMATED_MODE_BREAKDOWN
2024-10-07 12:00:00,Japan,Japan,JP,425.84,506.58,22.26,12.0,,true,ESTIMATED_MODE_BREAKDOWN
2024-10-07 13:00:00,Japan,Japan,JP,423.19,503.43,22.74,12.02,,true,ESTIMATED_MODE_BREAKDOWN
2024-10-07 14:00:00,Japan,Japan,JP,421.98,501.74,22.97,11.98,,true,ESTIMATED_MODE_BREAKDOWN
2024-10-07 15:00:00,Japan,Japan,JP,417.21,495.38,23.86,11.92,,true,ESTIMATED_MODE_BREAKDOWN
2024-10-07 16:00:00,Japan,Japan,JP,413.74,491.03,24.5,11.94,,true,ESTIMATED_MODE_BREAKDOWN
2024-10-07 17:00:00,Japan,Japan,JP,412.74,489.47,24.69,12.03,,true,ESTIMATED_MODE_BREAKDOWN
2024-10-07 18:00:00,Japan,Japan,JP,413.25,490.77,24.59,12.22,,true,ESTIMATED_MODE_BREAKDOWN
2024-10-07 19:00:00,Japan,Japan,JP,414.75,492.29,24.32,12.28,,true,ESTIMATED_MODE_BREAKDOWN
2024-10-07 20:00:00,Japan,Japan,JP,415.57,493.08,24.17,12.37,,true,ESTIMATED_MODE_BREAKDOWN
2024-10-07 21:00:00,Japan,Japan,JP,412.66,490.3,24.7,13.16,,true,ESTIMATED_MODE_BREAKDOWN
2024-10-07 22:00:00,Japan,Japan,JP,400.36,478.03,26.92,16.08,,true,ESTIMATED_MODE_BREAKDOWN
2024-10-07 23:00:00,Japan,Japan,JP,386.47,463.63,29.44,19.74,,true,ESTIMATED_MODE_BREAKDOWN
2024-10-08 00:00:00,Japan,Japan,JP,377.03,453.89,31.16,22.17,,true,ESTIMATED_MODE_BREAKDOWN
2024-10-08 01:00:00,Japan,Japan,JP,363.64,439.59,33.59,24.76,,true,ESTIMATED_MODE_BREAKDOWN
2024-10-08 02:00:00,Japan,Japan,JP,360.65,436.72,34.13,25.28,,true,ESTIMATED_MODE_BREAKDOWN
2024-10-08 03:00:00,Japan,Japan,JP,358.49,434.26,34.52,25.17,,true,ESTIMATED_MODE_BREAKDOWN
2024-10-08 04:00:00,Japan,Japan,JP,374.07,450.97,31.69,22.66,,true,ESTIMATED_MODE_BREAKDOWN
2024-10-08 05:00:00,Japan,Japan,JP,390.84,468.69,28.64,19.67,,true,ESTIMATED_MODE_BREAKDOWN
2024-10-08 06:00:00,Japan,Japan,JP,406.04,485.24,25.87,16.79,,true,ESTIMATED_MODE_BREAKDOWN
2024-10-08 07:00:00,Japan,Japan,JP,420.83,501.5,23.17,14.07,,true,ESTIMATED_MODE_BREAKDOWN
2024-10-08 08:00:00,Japan,Japan,JP,428.31,509.81,21.8,12.51,,true,ESTIMATED_MODE_BREAKDOWN
2024-10-08 09:00:00,Japan,Japan,JP,428.32,509.95,21.8,12.29,,true,ESTIMATED_MODE_BREAKDOWN
2024-10-08 10:00:00,Japan,Japan,JP,425.24,506.72,22.35,12.35,,true,ESTIMATED_MODE_BREAKDOWN
2024-10-08 11:00:00,Japan,Japan,JP,422.47,503.38,22.86,12.39,,true,ESTIMATED_MODE_BREAKDOWN
2024-10-08 12:00:00,Japan,Japan,JP,419.81,499.69,23.36,12.38,,true,ESTIMATED_MODE_BREAKDOWN
2024-10-08 13:00:00,Japan,Japan,JP,417.51,496.96,23.78,12.31,,true,ESTIMATED_MODE_BREAKDOWN
2024-10-08 14:00:00,Japan,Japan,JP,416.47,495.57,23.97,12.24,,true,ESTIMATED_MODE_BREAKDOWN
2024-10-08 15:00:00,Japan,Japan,JP,411.22,489.07,24.94,12.28,,true,ESTIMATED_MODE_BREAKDOWN
2024-10-08 16:00:00,Japan,Japan,JP,407.91,484.67,25.56,12.32,,true,ESTIMATED_MODE_BREAKDOWN
2024-10-08 17:00:00,Japan,Japan,JP,407.28,483.78,25.67,12.44,,true,ESTIMATED_MODE_BREAKDOWN
2024-10-08 18:00:00,Japan,Japan,JP,409.26,485.85,25.32,12.52,,true,ESTIMATED_MODE_BREAKDOWN
2024-10-08 19:00:00,Japan,Japan,JP,411.23,488.31,24.96,12.57,,true,ESTIMATED_MODE_BREAKDOWN
2024-10-08 20:00:00,Japan,Japan,JP,412.26,489.42,24.77,12.65,,true,ESTIMATED_MODE_BREAKDOWN
2024-10-08 21:00:00,Japan,Japan,JP,407.43,484.97,25.64,13.8,,true,ESTIMATED_MODE_BREAKDOWN
2024-10-08 22:00:00,Japan,Japan,JP,384.4,461.15,29.81,18.63,,true,ESTIMATED_MODE_BREAKDOWN
2024-10-08 23:00:00,Japan,Japan,JP,359.76,436.34,34.26,24.13,,true,ESTIMATED_MODE_BREAKDOWN
2024-10-09 00:00:00,Japan,Japan,JP,339.07,414.08,38.04,28.6,,true,ESTIMATED_MODE_BREAKDOWN
2024-10-09 01:00:00,Japan,Japan,JP,318.25,390.73,41.85,32.49,,true,ESTIMATED_MODE_BREAKDOWN
2024-10-09 02:00:00,Japan,Japan,JP,305.28,376.44,44.22,34.92,,true,ESTIMATED_MODE_BREAKDOWN
2024-10-09 03:00:00,Japan,Japan,JP,298.45,369.31,45.46,35.74,,true,ESTIMATED_MODE_BREAKDOWN
2024-10-09 04:00:00,Japan,Japan,JP,312.14,384.17,42.97,33.62,,true,ESTIMATED_MODE_BREAKDOWN
2024-10-09 05:00:00,Japan,Japan,JP,328.92,402.11,39.91,30.64,,true,ESTIMATED_MODE_BREAKDOWN
2024-10-09 06:00:00,Japan,Japan,JP,357.84,433.67,34.64,25.34,,true,ESTIMATED_MODE_BREAKDOWN
2024-10-09 07:00:00,Japan,Japan,JP,398.88,478.03,27.16,17.87,,true,ESTIMATED_MODE_BREAKDOWN
2024-10-09 08:00:00,Japan,Japan,JP,424.3,505.58,22.52,13.07,,true,ESTIMATED_MODE_BREAKDOWN
2024-10-09 09:00:00,Japan,Japan,JP,426.15,507.43,22.19,12.59,,true,ESTIMATED_MODE_BREAKDOWN
2024-10-09 10:00:00,Japan,Japan,JP,423.52,504.55,22.67,12.64,,true,ESTIMATED_MODE_BREAKDOWN
2024-10-09 11:00:00,Japan,Japan,JP,420.83,501.59,23.15,12.65,,true,ESTIMATED_MODE_BREAKDOWN
2024-10-09 12:00:00,Japan,Japan,JP,418.55,498.59,23.58,12.61,,true,ESTIMATED_MODE_BREAKDOWN
2024-10-09 13:00:00,Japan,Japan,JP,416.15,495.58,24.02,12.53,,true,ESTIMATED_MODE_BREAKDOWN
2024-10-09 14:00:00,Japan,Japan,JP,414.68,493.31,24.3,12.49,,true,ESTIMATED_MODE_BREAKDOWN
2024-10-09 15:00:00,Japan,Japan,JP,410.15,487.66,25.14,12.37,,true,ESTIMATED_MODE_BREAKDOWN
2024-10-09 16:00:00,Japan,Japan,JP,406.75,483.2,25.77,12.38,,true,ESTIMATED_MODE_BREAKDOWN
2024-10-09 17:00:00,Japan,Japan,JP,406.71,482.42,25.79,12.42,,true,ESTIMATED_MODE_BREAKDOWN
2024-10-09 18:00:00,Japan,Japan,JP,408.45,485.08,25.47,12.57,,true,ESTIMATED_MODE_BREAKDOWN
2024-10-09 19:00:00,Japan,Japan,JP,410.54,487.43,25.09,12.63,,true,ESTIMATED_MODE_BREAKDOWN
2024-10-09 20:00:00,Japan,Japan,JP,411.4,488.58,24.93,12.74,,true,ESTIMATED_MODE_BREAKDOWN
2024-10-09 21:00:00,Japan,Japan,JP,399.82,476.72,27.02,14.99,,true,ESTIMATED_MODE_BREAKDOWN
2024-10-09 22:00:00,Japan,Japan,JP,354.94,428.86,35.19,23.66,,true,ESTIMATED_MODE_BREAKDOWN
2024-10-09 23:00:00,Japan,Japan,JP,307.14,377.12,43.91,33.43,,true,ESTIMATED_MODE_BREAKDOWN
2024-10-10 00:00:00,Japan,Japan,JP,276.37,344.46,49.51,39.88,,true,ESTIMATED_MODE_BREAKDOWN
2024-10-10 01:00:00,Japan,Japan,JP,256.1,322.57,53.21,43.8,,true,ESTIMATED_MODE_BREAKDOWN
2024-10-10 02:00:00,Japan,Japan,JP,253.02,319.71,53.76,44.49,,true,ESTIMATED_MODE_BREAKDOWN
2024-10-10 03:00:00,Japan,Japan,JP,253.24,320.04,53.71,44.09,,true,ESTIMATED_MODE_BREAKDOWN
2024-10-10 04:00:00,Japan,Japan,JP,275.1,343.73,49.73,40.42,,true,ESTIMATED_MODE_BREAKDOWN
2024-10-10 05:00:00,Japan,Japan,JP,302.85,374.5,44.65,35.37,,true,ESTIMATED_MODE_BREAKDOWN
2024-10-10 06:00:00,Japan,Japan,JP,343.98,419.2,37.15,27.88,,true,ESTIMATED_MODE_BREAKDOWN
2024-10-10 07:00:00,Japan,Japan,JP,395.4,474.39,27.79,18.56,,true,ESTIMATED_MODE_BREAKDOWN
2024-10-10 08:00:00,Japan,Japan,JP,424.2,505.2,22.55,13.12,,true,ESTIMATED_MODE_BREAKDOWN
2024-10-10 09:00:00,Japan,Japan,JP,426.39,507.39,22.15,12.54,,true,ESTIMATED_MODE_BREAKDOWN
2024-10-10 10:00:00,Japan,Japan,JP,423.81,504.48,22.62,12.57,,true,ESTIMATED_MODE_BREAKDOWN
2024-10-10 11:00:00,Japan,Japan,JP,421.34,501.67,23.07,12.52,,true,ESTIMATED_MODE_BREAKDOWN
2024-10-10 12:00:00,Japan,Japan,JP,419.23,498.94,23.46,12.39,,true,ESTIMATED_MODE_BREAKDOWN
2024-10-10 13:00:00,Japan,Japan,JP,416.45,495.75,23.97,12.41,,true,ESTIMATED_MODE_BREAKDOWN
2024-10-10 14:00:00,Japan,Japan,JP,415.18,493.78,24.21,12.31,,true,ESTIMATED_MODE_BREAKDOWN
2024-10-10 15:00:00,Japan,Japan,JP,411.43,489.05,24.91,12.07,,true,ESTIMATED_MODE_BREAKDOWN
2024-10-10 16:00:00,Japan,Japan,JP,408.41,484.91,25.47,12.03,,true,ESTIMATED_MODE_BREAKDOWN
2024-10-10 17:00:00,Japan,Japan,JP,408.87,485.18,25.39,11.99,,true,ESTIMATED_MODE_BREAKDOWN
2024-10-10 18:00:00,Japan,Japan,JP,411.23,488.53,24.95,12.01,,true,ESTIMATED_MODE_BREAKDOWN
2024-10-10 19:00:00,Japan,Japan,JP,413.12,490.82,24.6,12.08,,true,ESTIMATED_MODE_BREAKDOWN
2024-10-10 20:00:00,Japan,Japan,JP,413.96,491.95,24.45,12.23,,true,ESTIMATED_MODE_BREAKDOWN
2024-10-10 21:00:00,Japan,Japan,JP,400.21,477.45,26.95,14.82,,true,ESTIMATED_MODE_BREAKDOWN
2024-10-10 22:00:00,Japan,Japan,JP,341.73,413.88,37.62,25.99,,true,ESTIMATED_MODE_BREAKDOWN
2024-10-10 23:00:00,Japan,Japan,JP,281.61,347.91,48.61,38.06,,true,ESTIMATED_MODE_BREAKDOWN
2024-10-11 00:00:00,Japan,Japan,JP,242.84,306.7,55.67,45.91,,true,ESTIMATED_MODE_BREAKDOWN
2024-10-11 01:00:00,Japan,Japan,JP,216.01,277.63,60.56,51.03,,true,ESTIMATED_MODE_BREAKDOWN
2024-10-11 02:00:00,Japan,Japan,JP,209.67,271.51,61.7,52.35,,true,ESTIMATED_MODE_BREAKDOWN
2024-10-11 03:00:00,Japan,Japan,JP,215.79,278.62,60.57,50.96,,true,ESTIMATED_MODE_BREAKDOWN
2024-10-11 04:00:00,Japan,Japan,JP,247.95,313.81,54.7,45.39,,true,ESTIMATED_MODE_BREAKDOWN
2024-10-11 05:00:00,Japan,Japan,JP,286.51,355.76,47.67,38.47,,true,ESTIMATED_MODE_BREAKDOWN
2024-10-11 06:00:00,Japan,Japan,JP,337.49,411.52,38.36,29.03,,true,ESTIMATED_MODE_BREAKDOWN
2024-10-11 07:00:00,Japan,Japan,JP,397.45,476.94,27.41,18.02,,true,ESTIMATED_MODE_BREAKDOWN
2024-10-11 08:00:00,Japan,Japan,JP,427.49,508.76,21.95,12.34,,true,ESTIMATED_MODE_BREAKDOWN
2024-10-11 09:00:00,Japan,Japan,JP,429.09,510.46,21.66,11.82,,true,ESTIMATED_MODE_BREAKDOWN
2024-10-11 10:00:00,Japan,Japan,JP,426.97,507.71,22.06,11.8,,true,ESTIMATED_MODE_BREAKDOWN
2024-10-11 11:00:00,Japan,Japan,JP,424.71,504.19,22.49,11.78,,true,ESTIMATED_MODE_BREAKDOWN
2024-10-11 12:00:00,Japan,Japan,JP,422.32,501.22,22.93,11.71,,true,ESTIMATED_MODE_BREAKDOWN
2024-10-11 13:00:00,Japan,Japan,JP,420.07,498.65,23.34,11.59,,true,ESTIMATED_MODE_BREAKDOWN
2024-10-11 14:00:00,Japan,Japan,JP,418.51,496.71,23.63,11.53,,true,ESTIMATED_MODE_BREAKDOWN
2024-10-11 15:00:00,Japan,Japan,JP,414.12,490.85,24.44,11.44,,true,ESTIMATED_MODE_BREAKDOWN
2024-10-11 16:00:00,Japan,Japan,JP,410.84,486.85,25.05,11.42,,true,ESTIMATED_MODE_BREAKDOWN
2024-10-11 17:00:00,Japan,Japan,JP,410.56,486.44,25.1,11.45,,true,ESTIMATED_MODE_BREAKDOWN
2024-10-11 18:00:00,Japan,Japan,JP,412.87,488.78,24.69,11.48,,true,ESTIMATED_MODE_BREAKDOWN
2024-10-11 19:00:00,Japan,Japan,JP,414.46,490.26,24.41,11.54,,true,ESTIMATED_MODE_BREAKDOWN
2024-10-11 20:00:00,Japan,Japan,JP,414.06,489.61,24.49,11.61,,true,ESTIMATED_MODE_BREAKDOWN
2024-10-11 21:00:00,Japan,Japan,JP,393.38,467.1,28.26,14.94,,true,ESTIMATED_MODE_BREAKDOWN
2024-10-11 22:00:00,Japan,Japan,JP,311.34,377.37,43.23,29.99,,true,ESTIMATED_MODE_BREAKDOWN
2024-10-11 23:00:00,Japan,Japan,JP,226.25,286.06,58.73,46.13,,true,ESTIMATED_MODE_BREAKDOWN
2024-10-12 00:00:00,Japan,Japan,JP,175.29,231.97,68.0,56.06,,true,ESTIMATED_MODE_BREAKDOWN
2024-10-12 01:00:00,Japan,Japan,JP,151.63,207.13,72.3,60.81,,true,ESTIMATED_MODE_BREAKDOWN
2024-10-12 02:00:00,Japan,Japan,JP,149.04,204.82,72.77,61.55,,true,ESTIMATED_MODE_BREAKDOWN
2024-10-12 03:00:00,Japan,Japan,JP,158.27,215.39,71.07,59.77,,true,ESTIMATED_MODE_BREAKDOWN
2024-10-12 04:00:00,Japan,Japan,JP,180.0,238.67,67.11,55.79,,true,ESTIMATED_MODE_BREAKDOWN
2024-10-12 05:00:00,Japan,Japan,JP,224.28,286.4,59.04,47.82,,true,ESTIMATED_MODE_BREAKDOWN
2024-10-12 06:00:00,Japan,Japan,JP,295.37,362.83,46.09,34.84,,true,ESTIMATED_MODE_BREAKDOWN
2024-10-12 07:00:00,Japan,Japan,JP,377.25,452.13,31.15,20.03,,true,ESTIMATED_MODE_BREAKDOWN
2024-10-12 08:00:00,Japan,Japan,JP,421.02,499.24,23.18,12.18,,true,ESTIMATED_MODE_BREAKDOWN
2024-10-12 09:00:00,Japan,Japan,JP,423.94,502.63,22.64,11.66,,true,ESTIMATED_MODE_BREAKDOWN
2024-10-12 10:00:00,Japan,Japan,JP,421.49,499.95,23.09,11.75,,true,ESTIMATED_MODE_BREAKDOWN
2024-10-12 11:00:00,Japan,Japan,JP,419.02,497.11,23.54,11.75,,true,ESTIMATED_MODE_BREAKDOWN
2024-10-12 12:00:00,Japan,Japan,JP,415.82,493.07,24.13,11.76,,true,ESTIMATED_MODE_BREAKDOWN
2024-10-12 13:00:00,Japan,Japan,JP,413.76,490.01,24.52,11.61,,true,ESTIMATED_MODE_BREAKDOWN
2024-10-12 14:00:00,Japan,Japan,JP,412.2,487.28,24.82,11.54,,true,ESTIMATED_MODE_BREAKDOWN
2024-10-12 15:00:00,Japan,Japan,JP,407.55,481.38,25.68,11.51,,true,ESTIMATED_MODE_BREAKDOWN
2024-10-12 16:00:00,Japan,Japan,JP,403.6,476.42,26.42,11.55,,true,ESTIMATED_MODE_BREAKDOWN
2024-10-12 17:00:00,Japan,Japan,JP,403.37,476.51,26.45,11.68,,true,ESTIMATED_MODE_BREAKDOWN
2024-10-12 18:00:00,Japan,Japan,JP,405.91,480.0,25.98,11.84,,true,ESTIMATED_MODE_BREAKDOWN
2024-10-12 19:00:00,Japan,Japan,JP,408.07,482.54,25.58,11.88,,true,ESTIMATED_MODE_BREAKDOWN
2024-10-12 20:00:00,Japan,Japan,JP,407.93,482.73,25.6,11.97,,true,ESTIMATED_MODE_BREAKDOWN
2024-10-12 21:00:00,Japan,Japan,JP,387.07,460.38,29.4,15.25,,true,ESTIMATED_MODE_BREAKDOWN
2024-10-12 22:00:00,Japan,Japan,JP,299.23,364.8,45.42,31.25,,true,ESTIMATED_MODE_BREAKDOWN
2024-10-12 23:00:00,Japan,Japan,JP,214.01,273.16,60.94,47.34,,true,ESTIMATED_MODE_BREAKDOWN
2024-10-13 00:00:00,Japan,Japan,JP,165.61,221.39,69.76,56.88,,true,ESTIMATED_MODE_BREAKDOWN
2024-10-13 01:00:00,Japan,Japan,JP,144.73,199.02,73.57,61.19,,true,ESTIMATED_MODE_BREAKDOWN
2024-10-13 02:00:00,Japan,Japan,JP,141.81,196.01,74.1,62.05,,true,ESTIMATED_MODE_BREAKDOWN
2024-10-13 03:00:00,Japan,Japan,JP,157.43,213.5,71.24,59.3,,true,ESTIMATED_MODE_BREAKDOWN
2024-10-13 04:00:00,Japan,Japan,JP,173.91,231.16,68.23,56.18,,true,ESTIMATED_MODE_BREAKDOWN
2024-10-13 05:00:00,Japan,Japan,JP,219.92,281.03,59.84,47.91,,true,ESTIMATED_MODE_BREAKDOWN
2024-10-13 06:00:00,Japan,Japan,JP,290.6,357.19,46.97,35.1,,true,ESTIMATED_MODE_BREAKDOWN
2024-10-13 07:00:00,Japan,Japan,JP,373.67,446.99,31.83,20.16,,true,ESTIMATED_MODE_BREAKDOWN
2024-10-13 08:00:00,Japan,Japan,JP,417.23,495.06,23.87,12.52,,true,ESTIMATED_MODE_BREAKDOWN
2024-10-13 09:00:00,Japan,Japan,JP,420.88,499.03,23.2,11.95,,true,ESTIMATED_MODE_BREAKDOWN
2024-10-13 10:00:00,Japan,Japan,JP,419.78,497.91,23.4,11.9,,true,ESTIMATED_MODE_BREAKDOWN
2024-10-13 11:00:00,Japan,Japan,JP,417.72,494.95,23.79,11.8,,true,ESTIMATED_MODE_BREAKDOWN
2024-10-13 12:00:00,Japan,Japan,JP,415.31,492.1,24.23,11.71,,true,ESTIMATED_MODE_BREAKDOWN
2024-10-13 13:00:00,Japan,Japan,JP,412.45,487.89,24.77,11.65,,true,ESTIMATED_MODE_BREAKDOWN
2024-10-13 14:00:00,Japan,Japan,JP,410.79,485.02,25.09,11.61,,true,ESTIMATED_MODE_BREAKDOWN
2024-10-13 15:00:00,Japan,Japan,JP,405.85,479.04,26.0,11.62,,true,ESTIMATED_MODE_BREAKDOWN
2024-10-13 16:00:00,Japan,Japan,JP,402.73,475.65,26.57,11.59,,true,ESTIMATED_MODE_BREAKDOWN
2024-10-13 17:00:00,Japan,Japan,JP,403.34,476.44,26.45,11.6,,true,ESTIMATED_MODE_BREAKDOWN
2024-10-13 18:00:00,Japan,Japan,JP,406.71,480.54,25.84,11.58,,true,ESTIMATED_MODE_BREAKDOWN
2024-10-13 19:00:00,Japan,Japan,JP,408.54,483.45,25.49,11.68,,true,ESTIMATED_MODE_BREAKDOWN
2024-10-13 20:00:00,Japan,Japan,JP,409.57,484.5,25.3,11.71,,true,ESTIMATED_MODE_BREAKDOWN
2024-10-13 21:00:00,Japan,Japan,JP,390.43,463.97,28.79,14.96,,true,ESTIMATED_MODE_BREAKDOWN
2024-10-13 22:00:00,Japan,Japan,JP,318.16,385.51,41.97,28.46,,true,ESTIMATED_MODE_BREAKDOWN
2024-10-13 23:00:00,Japan,Japan,JP,250.47,313.46,54.29,41.81,,true,ESTIMATED_MODE_BREAKDOWN
2024-10-14 00:00:00,Japan,Japan,JP,210.32,271.19,61.59,49.99,,true,ESTIMATED_MODE_BREAKDOWN
2024-10-14 01:00:00,Japan,Japan,JP,188.84,248.11,65.51,54.34,,true,ESTIMATED_MODE_BREAKDOWN
2024-10-14 02:00:00,Japan,Japan,JP,199.06,259.36,63.64,52.8,,true,ESTIMATED_MODE_BREAKDOWN
2024-10-14 03:00:00,Japan,Japan,JP,208.33,269.39,61.95,50.91,,true,ESTIMATED_MODE_BREAKDOWN
2024-10-14 04:00:00,Japan,Japan,JP,232.06,294.96,57.62,46.78,,true,ESTIMATED_MODE_BREAKDOWN
2024-10-14 05:00:00,Japan,Japan,JP,276.12,343.47,49.57,38.76,,true,ESTIMATED_MODE_BREAKDOWN
2024-10-14 06:00:00,Japan,Japan,JP,336.61,409.33,38.54,27.71,,true,ESTIMATED_MODE_BREAKDOWN
2024-10-14 07:00:00,Japan,Japan,JP,397.18,474.74,27.49,16.74,,true,ESTIMATED_MODE_BREAKDOWN
2024-10-14 08:00:00,Japan,Japan,JP,423.78,503.85,22.64,12.13,,true,ESTIMATED_MODE_BREAKDOWN
2024-10-14 09:00:00,Japan,Japan,JP,425.77,505.86,22.28,11.81,,true,ESTIMATED_MODE_BREAKDOWN
2024-10-14 10:00:00,Japan,Japan,JP,423.56,503.09,22.69,11.85,,true,ESTIMATED_MODE_BREAKDOWN
2024-10-14 11:00:00,Japan,Japan,JP,421.38,500.05,23.1,11.86,,true,ESTIMATED_MODE_BREAKDOWN
2024-10-14 12:00:00,Japan,Japan,JP,418.29,496.41,23.67,11.9,,true,ESTIMATED_MODE_BREAKDOWN
2024-10-14 13:00:00,Japan,Japan,JP,415.32,493.14,24.2,11.89,,true,ESTIMATED_MODE_BREAKDOWN
2024-10-14 14:00:00,Japan,Japan,JP,413.27,490.55,24.58,11.93,,true,ESTIMATED_MODE_BREAKDOWN
2024-10-14 15:00:00,Japan,Japan,JP,408.31,484.97,25.49,11.91,,true,ESTIMATED_MODE_BREAKDOWN
2024-10-14 16:00:00,Japan,Japan,JP,405.02,480.54,26.1,11.86,,true,ESTIMATED_MODE_BREAKDOWN
2024-10-14 17:00:00,Japan,Japan,JP,405.33,481.22,26.04,11.94,,true,ESTIMATED_MODE_BREAKDOWN
2024-10-14 18:00:00,Japan,Japan,JP,407.91,484.2,25.57,12.08,,true,ESTIMATED_MODE_BREAKDOWN
2024-10-14 19:00:00,Japan,Japan,JP,410.74,486.96,25.06,12.05,,true,ESTIMATED_MODE_BREAKDOWN
2024-10-14 20:00:00,Japan,Japan,JP,412.88,488.45,24.7,12.02,,true,ESTIMATED_MODE_BREAKDOWN
2024-10-14 21:00:00,Japan,Japan,JP,402.45,476.73,26.61,14.18,,true,ESTIMATED_MODE_BREAKDOWN
2024-10-14 22:00:00,Japan,Japan,JP,357.94,430.04,34.7,23.05,,true,ESTIMATED_MODE_BREAKDOWN
2024-10-14 23:00:00,Japan,Japan,JP,316.66,387.03,42.2,31.92,,true,ESTIMATED_MODE_BREAKDOWN
2024-10-15 00:00:00,Japan,Japan,JP,290.08,359.56,47.02,37.59,,true,ESTIMATED_MODE_BREAKDOWN
2024-10-15 01:00:00,Japan,Japan,JP,270.53,338.7,50.58,41.51,,true,ESTIMATED_MODE_BREAKDOWN
2024-10-15 02:00:00,Japan,Japan,JP,270.35,338.89,50.6,41.95,,true,ESTIMATED_MODE_BREAKDOWN
2024-10-15 03:00:00,Japan,Japan,JP,272.05,341.37,50.28,41.44,,true,ESTIMATED_MODE_BREAKDOWN
2024-10-15 04:00:00,Japan,Japan,JP,304.56,376.45,44.36,36.05,,true,ESTIMATED_MODE_BREAKDOWN
2024-10-15 05:00:00,Japan,Japan,JP,346.53,421.28,36.72,28.59,,true,ESTIMATED_MODE_BREAKDOWN
2024-10-15 06:00:00,Japan,Japan,JP,385.22,462.19,29.69,21.5,,true,ESTIMATED_MODE_BREAKDOWN
2024-10-15 07:00:00,Japan,Japan,JP,419.67,499.01,23.41,15.19,,true,ESTIMATED_MODE_BREAKDOWN
2024-10-15 08:00:00,Japan,Japan,JP,435.11,517.13,20.57,12.27,,true,ESTIMATED_MODE_BREAKDOWN
2024-10-15 09:00:00,Japan,Japan,JP,435.05,517.37,20.57,12.09,,true,ESTIMATED_MODE_BREAKDOWN
2024-10-15 10:00:00,Japan,Japan,JP,432.27,514.47,21.07,12.18,,true,ESTIMATED_MODE_BREAKDOWN
2024-10-15 11:00:00,Japan,Japan,JP,429.58,511.37,21.56,12.25,,true,ESTIMATED_MODE_BREAKDOWN
2024-10-15 12:00:00,Japan,Japan,JP,426.57,507.97,22.11,12.38,,true,ESTIMATED_MODE_BREAKDOWN
2024-10-15 13:00:00,Japan,Japan,JP,423.93,505.12,22.59,12.39,,true,ESTIMATED_MODE_BREAKDOWN
2024-10-15 14:00:00,Japan,Japan,JP,422.11,502.61,22.93,12.43,,true,ESTIMATED_MODE_BREAKDOWN
2024-10-15 15:00:00,Japan,Japan,JP,417.04,495.72,23.88,12.52,,true,ESTIMATED_MODE_BREAKDOWN
2024-10-15 16:00:00,Japan,Japan,JP,413.78,492.2,24.47,12.67,,true,ESTIMATED_MODE_BREAKDOWN
2024-10-15 17:00:00,Japan,Japan,JP,413.55,492.44,24.5,12.77,,true,ESTIMATED_MODE_BREAKDOWN
2024-10-15 18:00:00,Japan,Japan,JP,415.3,494.3,24.19,12.71,,true,ESTIMATED_MODE_BREAKDOWN
2024-10-15 19:00:00,Japan,Japan,JP,417.68,495.48,23.79,12.65,,true,ESTIMATED_MODE_BREAKDOWN
2024-10-15 20:00:00,Japan,Japan,JP,419.3,496.05,23.52,12.53,,true,ESTIMATED_MODE_BREAKDOWN
2024-10-15 21:00:00,Japan,Japan,JP,414.71,491.81,24.34,13.54,,true,ESTIMATED_MODE_BREAKDOWN
2024-10-15 22:00:00,Japan,Japan,JP,394.03,470.41,28.1,17.93,,true,ESTIMATED_MODE_BREAKDOWN
2024-10-15 23:00:00,Japan,Japan,JP,375.5,450.84,31.47,22.47,,true,ESTIMATED_MODE_BREAKDOWN
2024-10-16 00:00:00,Japan,Japan,JP,361.62,435.86,34.01,25.71,,true,ESTIMATED_MODE_BREAKDOWN
2024-10-16 01:00:00,Japan,Japan,JP,344.64,418.06,37.09,28.9,,true,ESTIMATED_MODE_BREAKDOWN
2024-10-16 02:00:00,Japan,Japan,JP,329.54,402.67,39.82,31.71,,true,ESTIMATED_MODE_BREAKDOWN
2024-10-16 03:00:00,Japan,Japan,JP,323.98,396.93,40.82,32.43,,true,ESTIMATED_MODE_BREAKDOWN
2024-10-16 04:00:00,Japan,Japan,JP,336.72,411.06,38.5,30.47,,true,ESTIMATED_MODE_BREAKDOWN
2024-10-16 05:00:00,Japan,Japan,JP,360.35,436.27,34.2,26.26,,true,ESTIMATED_MODE_BREAKDOWN
2024-10-16 06:00:00,Japan,Japan,JP,391.61,469.81,28.51,20.52,,true,ESTIMATED_MODE_BREAKDOWN
2024-10-16 07:00:00,Japan,Japan,JP,422.18,502.41,22.95,14.95,,true,ESTIMATED_MODE_BREAKDOWN
2024-10-16 08:00:00,Japan,Japan,JP,436.63,518.63,20.3,12.17,,true,ESTIMATED_MODE_BREAKDOWN
2024-10-16 09:00:00,Japan,Japan,JP,437.11,519.27,20.21,11.86,,true,ESTIMATED_MODE_BREAKDOWN
2024-10-16 10:00:00,Japan,Japan,JP,434.79,516.84,20.62,11.9,,true,ESTIMATED_MODE_BREAKDOWN
2024-10-16 11:00:00,Japan,Japan,JP,432.22,514.23,21.09,11.91,,true,ESTIMATED_MODE_BREAKDOWN
2024-10-16 12:00:00,Japan,Japan,JP,429.4,511.06,21.6,11.92,,true,ESTIMATED_MODE_BREAKDOWN
2024-10-16 13:00:00,Japan,Japan,JP,427.31,508.39,21.99,11.87,,true,ESTIMATED_MODE_BREAKDOWN
2024-10-16 14:00:00,Japan,Japan,JP,426.16,505.74,22.22,11.77,,true,ESTIMATED_MODE_BREAKDOWN
2024-10-16 15:00:00,Japan,Japan,JP,421.21,499.78,23.14,11.88,,true,ESTIMATED_MODE_BREAKDOWN
2024-10-16 16:00:00,Japan,Japan,JP,417.82,496.28,23.74,11.92,,true,ESTIMATED_MODE_BREAKDOWN
2024-10-16 17:00:00,Japan,Japan,JP,417.44,495.95,23.81,11.98,,true,ESTIMATED_MODE_BREAKDOWN
2024-10-16 18:00:00,Japan,Japan,JP,419.16,498.03,23.5,12.04,,true,ESTIMATED_MODE_BREAKDOWN
2024-10-16 19:00:00,Japan,Japan,JP,420.76,499.57,23.21,12.03,,true,ESTIMATED_MODE_BREAKDOWN
2024-10-16 20:00:00,Japan,Japan,JP,422.23,500.93,22.95,11.96,,true,ESTIMATED_MODE_BREAKDOWN
2024-10-16 21:00:00,Japan,Japan,JP,412.58,490.12,24.72,13.93,,true,ESTIMATED_MODE_BREAKDOWN
2024-10-16 22:00:00,Japan,Japan,JP,368.38,442.71,32.77,22.59,,true,ESTIMATED_MODE_BREAKDOWN
2024-10-16 23:00:00,Japan,Japan,JP,322.56,393.48,41.13,31.99,,true,ESTIMATED_MODE_BREAKDOWN
2024-10-17 00:00:00,Japan,Japan,JP,290.8,360.09,46.9,38.62,,true,ESTIMATED_MODE_BREAKDOWN
2024-10-17 01:00:00,Japan,Japan,JP,269.77,337.77,50.73,42.73,,true,ESTIMATED_MODE_BREAKDOWN
2024-10-17 02:00:00,Japan,Japan,JP,265.28,332.03,51.57,43.73,,true,ESTIMATED_MODE_BREAKDOWN
2024-10-17 03:00:00,Japan,Japan,JP,268.91,335.01,50.92,42.85,,true,ESTIMATED_MODE_BREAKDOWN
2024-10-17 04:00:00,Japan,Japan,JP,303.17,371.82,44.68,36.91,,true,ESTIMATED_MODE_BREAKDOWN
2024-10-17 05:00:00,Japan,Japan,JP,347.5,420.57,36.59,28.86,,true,ESTIMATED_MODE_BREAKDOWN
2024-10-17 06:00:00,Japan,Japan,JP,390.66,468.28,28.7,20.88,,true,ESTIMATED_MODE_BREAKDOWN
2024-10-17 07:00:00,Japan,Japan,JP,426.17,506.93,22.21,14.33,,true,ESTIMATED_MODE_BREAKDOWN
2024-10-17 08:00:00,Japan,Japan,JP,437.89,519.99,20.07,12.04,,true,ESTIMATED_MODE_BREAKDOWN
2024-10-17 09:00:00,Japan,Japan,JP,437.25,519.55,20.18,11.91,,true,ESTIMATED_MODE_BREAKDOWN
2024-10-17 10:00:00,Japan,Japan,JP,435.05,517.32,20.58,11.9,,true,ESTIMATED_MODE_BREAKDOWN
2024-10-17 11:00:00,Japan,Japan,JP,432.68,514.88,21.0,11.89,,true,ESTIMATED_MODE_BREAKDOWN
2024-10-17 12:00:00,Japan,Japan,JP,430.56,512.25,21.39,11.8,,true,ESTIMATED_MODE_BREAKDOWN
2024-10-17 13:00:00,Japan,Japan,JP,427.94,509.42,21.86,11.82,,true,ESTIMATED_MODE_BREAKDOWN
2024-10-17 14:00:00,Japan,Japan,JP,426.48,506.77,22.15,11.82,,true,ESTIMATED_MODE_BREAKDOWN
2024-10-17 15:00:00,Japan,Japan,JP,422.38,500.93,22.92,11.72,,true,ESTIMATED_MODE_BREAKDOWN
2024-10-17 16:00:00,Japan,Japan,JP,419.58,497.84,23.43,11.75,,true,ESTIMATED_MODE_BREAKDOWN
2024-10-17 17:00:00,Japan,Japan,JP,419.1,497.24,23.52,11.78,,true,ESTIMATED_MODE_BREAKDOWN
2024-10-17 18:00:00,Japan,Japan,JP,420.08,498.67,23.34,11.94,,true,ESTIMATED_MODE_BREAKDOWN
2024-10-17 19:00:00,Japan,Japan,JP,421.7,499.59,23.06,11.94,,true,ESTIMATED_MODE_BREAKDOWN
2024-10-17 20:00:00,Japan,Japan,JP,423.03,500.63,22.83,11.94,,true,ESTIMATED_MODE_BREAKDOWN
2024-10-17 21:00:00,Japan,Japan,JP,417.76,495.56,23.78,13.19,,true,ESTIMATED_MODE_BREAKDOWN
2024-10-17 22:00:00,Japan,Japan,JP,394.89,471.59,27.94,18.02,,true,ESTIMATED_MODE_BREAKDOWN
2024-10-17 23:00:00,Japan,Japan,JP,369.37,445.3,32.57,23.72,,true,ESTIMATED_MODE_BREAKDOWN
2024-10-18 00:00:00,Japan,Japan,JP,349.06,424.06,36.25,28.11,,true,ESTIMATED_MODE_BREAKDOWN
2024-10-18 01:00:00,Japan,Japan,JP,334.1,408.04,38.98,31.08,,true,ESTIMATED_MODE_BREAKDOWN
2024-10-18 02:00:00,Japan,Japan,JP,329.62,403.07,39.8,31.96,,true,ESTIMATED_MODE_BREAKDOWN
2024-10-18 03:00:00,Japan,Japan,JP,327.54,400.98,40.17,32.13,,true,ESTIMATED_MODE_BREAKDOWN
2024-10-18 04:00:00,Japan,Japan,JP,349.12,424.2,36.25,28.5,,true,ESTIMATED_MODE_BREAKDOWN
2024-10-18 05:00:00,Japan,Japan,JP,372.2,449.6,32.03,24.35,,true,ESTIMATED_MODE_BREAKDOWN
2024-10-18 06:00:00,Japan,Japan,JP,397.97,477.32,27.34,19.57,,true,ESTIMATED_MODE_BREAKDOWN
2024-10-18 07:00:00,Japan,Japan,JP,424.2,505.45,22.56,14.65,,true,ESTIMATED_MODE_BREAKDOWN
2024-10-18 08:00:00,Japan,Japan,JP,437.44,520.17,20.14,12.36,,true,ESTIMATED_MODE_BREAKDOWN
2024-10-18 09:00:00,Japan,Japan,JP,437.32,520.27,20.16,12.15,,true,ESTIMATED_MODE_BREAKDOWN
2024-10-18 10:00:00,Japan,Japan,JP,434.89,517.53,20.6,12.26,,true,ESTIMATED_MODE_BREAKDOWN
2024-10-18 11:00:00,Japan,Japan,JP,432.62,515.45,21.0,12.28,,true,ESTIMATED_MODE_BREAKDOWN
2024-10-18 12:00:00,Japan,Japan,JP,429.57,511.95,21.56,12.38,,true,ESTIMATED_MODE_BREAKDOWN
2024-10-18 13:00:00,Japan,Japan,JP,427.91,510.37,21.85,12.35,,true,ESTIMATED_MODE_BREAKDOWN
2024-10-18 14:00:00,Japan,Japan,JP,426.45,508.06,22.13,12.4,,true,ESTIMATED_MODE_BREAKDOWN
2024-10-18 15:00:00,Japan,Japan,JP,422.06,501.76,22.96,12.36,,true,ESTIMATED_MODE_BREAKDOWN
2024-10-18 16:00:00,Japan,Japan,JP,418.24,497.34,23.66,12.49,,true,ESTIMATED_MODE_BREAKDOWN
2024-10-18 17:00:00,Japan,Japan,JP,416.95,496.0,23.89,12.7,,true,ESTIMATED_MODE_BREAKDOWN
2024-10-18 18:00:00,Japan,Japan,JP,416.56,494.95,23.98,12.88,,true,ESTIMATED_MODE_BREAKDOWN
2024-10-18 19:00:00,Japan,Japan,JP,417.57,495.21,23.81,12.87,,true,ESTIMATED_MODE_BREAKDOWN
2024-10-18 20:00:00,Japan,Japan,JP,416.93,494.79,23.92,12.98,,true,ESTIMATED_MODE_BREAKDOWN
2024-10-18 21:00:00,Japan,Japan,JP,407.31,485.11,25.66,14.56,,true,ESTIMATED_MODE_BREAKDOWN
2024-10-18 22:00:00,Japan,Japan,JP,376.88,453.35,31.18,20.36,,true,ESTIMATED_MODE_BREAKDOWN
2024-10-18 23:00:00,Japan,Japan,JP,347.68,421.14,36.53,26.55,,true,ESTIMATED_MODE_BREAKDOWN
2024-10-19 00:00:00,Japan,Japan,JP,326.21,396.89,40.47,31.3,,true,ESTIMATED_MODE_BREAKDOWN
2024-10-19 01:00:00,Japan,Japan,JP,312.7,383.19,42.92,34.15,,true,ESTIMATED_MODE_BREAKDOWN
2024-10-19 02:00:00,Japan,Japan,JP,319.34,390.3,41.71,33.12,,true,ESTIMATED_MODE_BREAKDOWN
2024-10-19 03:00:00,Japan,Japan,JP,332.7,405.31,39.26,30.53,,true,ESTIMATED_MODE_BREAKDOWN
2024-10-19 04:00:00,Japan,Japan,JP,355.0,429.23,35.19,26.53,,true,ESTIMATED_MODE_BREAKDOWN
2024-10-19 05:00:00,Japan,Japan,JP,381.19,457.06,30.43,21.66,,true,ESTIMATED_MODE_BREAKDOWN
2024-10-19 06:00:00,Japan,Japan,JP,403.9,481.79,26.28,17.33,,true,ESTIMATED_MODE_BREAKDOWN
2024-10-19 07:00:00,Japan,Japan,JP,419.97,499.61,23.34,14.35,,true,ESTIMATED_MODE_BREAKDOWN
2024-10-19 08:00:00,Japan,Japan,JP,426.34,506.65,22.18,13.31,,true,ESTIMATED_MODE_BREAKDOWN
2024-10-19 09:00:00,Japan,Japan,JP,425.93,505.68,22.26,13.24,,true,ESTIMATED_MODE_BREAKDOWN
2024-10-19 10:00:00,Japan,Japan,JP,423.66,503.27,22.67,13.32,,true,ESTIMATED_MODE_BREAKDOWN
2024-10-19 11:00:00,Japan,Japan,JP,420.64,499.36,23.23,13.44,,true,ESTIMATED_MODE_BREAKDOWN
2024-10-19 12:00:00,Japan,Japan,JP,416.75,494.57,23.95,13.57,,true,ESTIMATED_MODE_BREAKDOWN
2024-10-19 13:00:00,Japan,Japan,JP,413.0,490.45,24.63,13.66,,true,ESTIMATED_MODE_BREAKDOWN
2024-10-19 14:00:00,Japan,Japan,JP,410.9,488.0,25.01,13.75,,true,ESTIMATED_MODE_BREAKDOWN
2024-10-19 15:00:00,Japan,Japan,JP,405.47,481.57,26.01,13.82,,true,ESTIMATED_MODE_BREAKDOWN
2024-10-19 16:00:00,Japan,Japan,JP,401.48,477.16,26.73,13.9,,true,ESTIMATED_MODE_BREAKDOWN
2024-10-19 17:00:00,Japan,Japan,JP,400.62,476.3,26.89,14.07,,true,ESTIMATED_MODE_BREAKDOWN
2024-10-19 18:00:00,Japan,Japan,JP,402.27,478.05,26.59,14.2,,true,ESTIMATED_MODE_BREAKDOWN
2024-10-19 19:00:00,Japan,Japan,JP,404.68,480.03,26.17,14.1,,true,ESTIMATED_MODE_BREAKDOWN
2024-10-19 20:00:00,Japan,Japan,JP,406.12,481.21,25.92,13.99,,true,ESTIMATED_MODE_BREAKDOWN
2024-10-19 21:00:00,Japan,Japan,JP,394.05,468.47,28.11,15.83,,true,ESTIMATED_MODE_BREAKDOWN
2024-10-19 22:00:00,Japan,Japan,JP,338.5,407.75,38.25,25.94,,true,ESTIMATED_MODE_BREAKDOWN
2024-10-19 23:00:00,Japan,Japan,JP,268.88,330.69,50.99,39.08,,true,ESTIMATED_MODE_BREAKDOWN
2024-10-20 00:00:00,Japan,Japan,JP,216.58,273.85,60.53,49.08,,true,ESTIMATED_MODE_BREAKDOWN
2024-10-20 01:00:00,Japan,Japan,JP,183.11,238.53,66.61,55.39,,true,ESTIMATED_MODE_BREAKDOWN
2024-10-20 02:00:00,Japan,Japan,JP,172.33,227.46,68.57,57.42,,true,ESTIMATED_MODE_BREAKDOWN
2024-10-20 03:00:00,Japan,Japan,JP,178.38,234.72,67.45,56.34,,true,ESTIMATED_MODE_BREAKDOWN
2024-10-20 04:00:00,Japan,Japan,JP,195.0,253.1,64.41,53.18,,true,ESTIMATED_MODE_BREAKDOWN
2024-10-20 05:00:00,Japan,Japan,JP,244.21,307.32,55.41,44.15,,true,ESTIMATED_MODE_BREAKDOWN
2024-10-20 06:00:00,Japan,Japan,JP,318.67,388.19,41.83,30.7,,true,ESTIMATED_MODE_BREAKDOWN
2024-10-20 07:00:00,Japan,Japan,JP,391.57,467.53,28.53,17.64,,true,ESTIMATED_MODE_BREAKDOWN
2024-10-20 08:00:00,Japan,Japan,JP,420.87,499.86,23.19,12.92,,true,ESTIMATED_MODE_BREAKDOWN
2024-10-20 09:00:00,Japan,Japan,JP,423.42,502.56,22.73,12.61,,true,ESTIMATED_MODE_BREAKDOWN
2024-10-20 10:00:00,Japan,Japan,JP,422.89,502.11,22.82,12.54,,true,ESTIMATED_MODE_BREAKDOWN
2024-10-20 11:00:00,Japan,Japan,JP,421.73,500.67,23.03,12.4,,true,ESTIMATED_MODE_BREAKDOWN
2024-10-20 12:00:00,Japan,Japan,JP,420.1,498.56,23.33,12.23,,true,ESTIMATED_MODE_BREAKDOWN
2024-10-20 13:00:00,Japan,Japan,JP,416.63,494.47,23.97,12.26,,true,ESTIMATED_MODE_BREAKDOWN
2024-10-20 14:00:00,Japan,Japan,JP,415.21,492.67,24.23,12.28,,true,ESTIMATED_MODE_BREAKDOWN
2024-10-20 15:00:00,Japan,Japan,JP,411.13,487.64,24.99,12.16,,true,ESTIMATED_MODE_BREAKDOWN
2024-10-20 16:00:00,Japan,Japan,JP,409.42,485.8,25.3,12.04,,true,ESTIMATED_MODE_BREAKDOWN
2024-10-20 17:00:00,Japan,Japan,JP,410.36,486.86,25.13,12.13,,true,ESTIMATED_MODE_BREAKDOWN
2024-10-20 18:00:00,Japan,Japan,JP,413.39,490.13,24.58,12.29,,true,ESTIMATED_MODE_BREAKDOWN
2024-10-20 19:00:00,Japan,Japan,JP,416.45,493.16,24.03,12.32,,true,ESTIMATED_MODE_BREAKDOWN
2024-10-20 20:00:00,Japan,Japan,JP,418.6,496.16,23.63,12.33,,true,ESTIMATED_MODE_BREAKDOWN
2024-10-20 21:00:00,Japan,Japan,JP,408.69,486.05,25.43,14.47,,true,ESTIMATED_MODE_BREAKDOWN
2024-10-20 22:00:00,Japan,Japan,JP,349.96,422.67,36.13,25.62,,true,ESTIMATED_MODE_BREAKDOWN
2024-10-20 23:00:00,Japan,Japan,JP,291.96,360.04,46.71,37.16,,true,ESTIMATED_MODE_BREAKDOWN
2024-10-21 00:00:00,Japan,Japan,JP,260.74,326.73,52.4,43.49,,true,ESTIMATED_MODE_BREAKDOWN
2024-10-21 01:00:00,Japan,Japan,JP,236.37,300.74,56.83,48.07,,true,ESTIMATED_MODE_BREAKDOWN
2024-10-21 02:00:00,Japan,Japan,JP,233.74,297.73,57.31,48.69,,true,ESTIMATED_MODE_BREAKDOWN
2024-10-21 03:00:00,Japan,Japan,JP,230.96,294.08,57.83,48.81,,true,ESTIMATED_MODE_BREAKDOWN
2024-10-21 04:00:00,Japan,Japan,JP,264.63,330.68,51.69,43.01,,true,ESTIMATED_MODE_BREAKDOWN
2024-10-21 05:00:00,Japan,Japan,JP,305.76,375.36,44.19,35.6,,true,ESTIMATED_MODE_BREAKDOWN
2024-10-21 06:00:00,Japan,Japan,JP,357.99,433.14,34.64,26.06,,true,ESTIMATED_MODE_BREAKDOWN
2024-10-21 07:00:00,Japan,Japan,JP,411.81,491.82,24.82,16.26,,true,ESTIMATED_MODE_BREAKDOWN
2024-10-21 08:00:00,Japan,Japan,JP,432.75,514.59,21.0,12.38,,true,ESTIMATED_MODE_BREAKDOWN
2024-10-21 09:00:00,Japan,Japan,JP,432.18,514.09,21.1,12.34,,true,ESTIMATED_MODE_BREAKDOWN
2024-10-21 10:00:00,Japan,Japan,JP,429.43,511.02,21.6,12.42,,true,ESTIMATED_MODE_BREAKDOWN
2024-10-21 11:00:00,Japan,Japan,JP,427.08,508.41,22.02,12.46,,true,ESTIMATED_MODE_BREAKDOWN
2024-10-21 12:00:00,Japan,Japan,JP,424.58,505.37,22.48,12.46,,true,ESTIMATED_MODE_BREAKDOWN
2024-10-21 13:00:00,Japan,Japan,JP,422.05,502.79,22.94,12.5,,true,ESTIMATED_MODE_BREAKDOWN
2024-10-21 14:00:00,Japan,Japan,JP,419.95,500.05,23.33,12.55,,true,ESTIMATED_MODE_BREAKDOWN
2024-10-21 15:00:00,Japan,Japan,JP,415.12,493.8,24.23,12.61,,true,ESTIMATED_MODE_BREAKDOWN
2024-10-21 16:00:00,Japan,Japan,JP,412.46,491.01,24.71,12.62,,true,ESTIMATED_MODE_BREAKDOWN
2024-10-21 17:00:00,Japan,Japan,JP,413.17,492.23,24.57,12.59,,true,ESTIMATED_MODE_BREAKDOWN
2024-10-21 18:00:00,Japan,Japan,JP,416.54,495.47,23.97,12.45,,true,ESTIMATED_MODE_BREAKDOWN
2024-10-21 19:00:00,Japan,Japan,JP,419.01,497.62,23.54,12.38,,true,ESTIMATED_MODE_BREAKDOWN
2024-10-21 20:00:00,Japan,Japan,JP,420.7,499.52,23.23,12.31,,true,ESTIMATED_MODE_BREAKDOWN
2024-10-21 21:00:00,Japan,Japan,JP,411.04,489.7,24.98,14.21,,true,ESTIMATED_MODE_BREAKDOWN
2024-10-21 22:00:00,Japan,Japan,JP,366.84,442.52,33.02,22.78,,true,ESTIMATED_MODE_BREAKDOWN
2024-10-21 23:00:00,Japan,Japan,JP,328.93,402.15,39.93,30.65,,true,ESTIMATED_MODE_BREAKDOWN
2024-10-22 00:00:00,Japan,Japan,JP,310.98,383.2,43.2,34.62,,true,ESTIMATED_MODE_BREAKDOWN
2024-10-22 01:00:00,Japan,Japan,JP,299.26,370.19,45.34,36.83,,true,ESTIMATED_MODE_BREAKDOWN
2024-10-22 02:00:00,Japan,Japan,JP,298.95,369.03,45.42,36.99,,true,ESTIMATED_MODE_BREAKDOWN
2024-10-22 03:00:00,Japan,Japan,JP,309.72,379.9,43.47,34.73,,true,ESTIMATED_MODE_BREAKDOWN
2024-10-22 04:00:00,Japan,Japan,JP,344.45,417.28,37.14,28.78,,true,ESTIMATED_MODE_BREAKDOWN
2024-10-22 05:00:00,Japan,Japan,JP,377.06,453.13,31.18,22.9,,true,ESTIMATED_MODE_BREAKDOWN
2024-10-22 06:00:00,Japan,Japan,JP,409.41,488.95,25.27,16.89,,true,ESTIMATED_MODE_BREAKDOWN
2024-10-22 07:00:00,Japan,Japan,JP,429.47,510.78,21.61,13.25,,true,ESTIMATED_MODE_BREAKDOWN
2024-10-22 08:00:00,Japan,Japan,JP,435.71,517.81,20.46,12.01,,true,ESTIMATED_MODE_BREAKDOWN
2024-10-22 09:00:00,Japan,Japan,JP,434.68,516.88,20.64,11.99,,true,ESTIMATED_MODE_BREAKDOWN
2024-10-22 10:00:00,Japan,Japan,JP,432.26,514.45,21.08,12.07,,true,ESTIMATED_MODE_BREAKDOWN
2024-10-22 11:00:00,Japan,Japan,JP,430.14,512.01,21.46,12.04,,true,ESTIMATED_MODE_BREAKDOWN
2024-10-22 12:00:00,Japan,Japan,JP,426.98,508.37,22.04,12.17,,true,ESTIMATED_MODE_BREAKDOWN
2024-10-22 13:00:00,Japan,Japan,JP,424.56,505.85,22.48,12.2,,true,ESTIMATED_MODE_BREAKDOWN
2024-10-22 14:00:00,Japan,Japan,JP,423.01,503.59,22.77,12.22,,true,ESTIMATED_MODE_BREAKDOWN
2024-10-22 15:00:00,Japan,Japan,JP,417.67,496.39,23.77,12.36,,true,ESTIMATED_MODE_BREAKDOWN
2024-10-22 16:00:00,Japan,Japan,JP,414.04,491.92,24.44,12.53,,true,ESTIMATED_MODE_BREAKDOWN
2024-10-22 17:00:00,Japan,Japan,JP,414.0,491.69,24.45,12.65,,true,ESTIMATED_MODE_BREAKDOWN
2024-10-22 18:00:00,Japan,Japan,JP,415.42,493.24,24.19,12.77,,true,ESTIMATED_MODE_BREAKDOWN
2024-10-22 19:00:00,Japan,Japan,JP,417.35,495.0,23.85,12.76,,true,ESTIMATED_MODE_BREAKDOWN
2024-10-22 20:00:00,Japan,Japan,JP,418.1,496.08,23.71,12.79,,true,ESTIMATED_MODE_BREAKDOWN
2024-10-22 21:00:00,Japan,Japan,JP,414.46,493.24,24.35,13.67,,true,ESTIMATED_MODE_BREAKDOWN
2024-10-22 22:00:00,Japan,Japan,JP,400.77,479.49,26.82,16.82,,true,ESTIMATED_MODE_BREAKDOWN
2024-10-22 23:00:00,Japan,Japan,JP,385.16,463.52,29.66,20.7,,true,ESTIMATED_MODE_BREAKDOWN
2024-10-23 00:00:00,Japan,Japan,JP,370.49,448.51,32.31,24.05,,true,ESTIMATED_MODE_BREAKDOWN
2024-10-23 01:00:00,Japan,Japan,JP,360.45,437.7,34.14,26.08,,true,ESTIMATED_MODE_BREAKDOWN
2024-10-23 02:00:00,Japan,Japan,JP,355.35,431.06,35.1,27.11,,true,ESTIMATED_MODE_BREAKDOWN
2024-10-23 03:00:00,Japan,Japan,JP,349.36,423.86,36.2,27.8,,true,ESTIMATED_MODE_BREAKDOWN
2024-10-23 04:00:00,Japan,Japan,JP,359.18,434.3,34.42,26.43,,true,ESTIMATED_MODE_BREAKDOWN
2024-10-23 05:00:00,Japan,Japan,JP,378.02,455.37,30.97,23.06,,true,ESTIMATED_MODE_BREAKDOWN
2024-10-23 06:00:00,Japan,Japan,JP,398.03,477.63,27.31,19.29,,true,ESTIMATED_MODE_BREAKDOWN
2024-10-23 07:00:00,Japan,Japan,JP,421.3,502.88,23.07,15.08,,true,ESTIMATED_MODE_BREAKDOWN
2024-10-23 08:00:00,Japan,Japan,JP,431.82,514.23,21.15,12.87,,true,ESTIMATED_MODE_BREAKDOWN
2024-10-23 09:00:00,Japan,Japan,JP,431.45,514.0,21.21,12.85,,true,ESTIMATED_MODE_BREAKDOWN
2024-10-23 10:00:00,Japan,Japan,JP,428.43,510.64,21.76,13.0,,true,ESTIMATED_MODE_BREAKDOWN
2024-10-23 11:00:00,Japan,Japan,JP,426.16,507.82,22.18,13.0,,true,ESTIMATED_MODE_BREAKDOWN
2024-10-23 12:00:00,Japan,Japan,JP,423.23,504.34,22.72,13.09,,true,ESTIMATED_MODE_BREAKDOWN
2024-10-23 13:00:00,Japan,Japan,JP,420.45,500.96,23.23,13.11,,true,ESTIMATED_MODE_BREAKDOWN
2024-10-23 14:00:00,Japan,Japan,JP,418.37,498.48,23.61,13.15,,true,ESTIMATED_MODE_BREAKDOWN
2024-10-23 15:00:00,Japan,Japan,JP,413.39,492.56,24.52,13.25,,true,ESTIMATED_MODE_BREAKDOWN
2024-10-23 16:00:00,Japan,Japan,JP,409.83,488.77,25.16,13.32,,true,ESTIMATED_MODE_BREAKDOWN
2024-10-23 17:00:00,Japan,Japan,JP,410.28,489.29,25.08,13.3,,true,ESTIMATED_MODE_BREAKDOWN
2024-10-23 18:00:00,Japan,Japan,JP,411.95,490.8,24.79,13.25,,true,ESTIMATED_MODE_BREAKDOWN
2024-10-23 19:00:00,Japan,Japan,JP,414.7,493.5,24.3,13.19,,true,ESTIMATED_MODE_BREAKDOWN
2024-10-23 20:00:00,Japan,Japan,JP,416.73,495.44,23.94,12.98,,true,ESTIMATED_MODE_BREAKDOWN
2024-10-23 21:00:00,Japan,Japan,JP,408.77,487.55,25.38,14.53,,true,ESTIMATED_MODE_BREAKDOWN
2024-10-23 22:00:00,Japan,Japan,JP,366.17,442.08,33.13,22.89,,true,ESTIMATED_MODE_BREAKDOWN
2024-10-23 23:00:00,Japan,Japan,JP,326.63,399.59,40.34,31.2,,true,ESTIMATED_MODE_BREAKDOWN
2024-10-24 00:00:00,Japan,Japan,JP,301.3,372.29,44.96,36.51,,true,ESTIMATED_MODE_BREAKDOWN
2024-10-24 01:00:00,Japan,Japan,JP,291.0,360.36,46.86,38.63,,true,ESTIMATED_MODE_BREAKDOWN
2024-10-24 02:00:00,Japan,Japan,JP,297.48,367.25,45.68,37.48,,true,ESTIMATED_MODE_BREAKDOWN
2024-10-24 03:00:00,Japan,Japan,JP,314.63,385.51,42.56,34.07,,true,ESTIMATED_MODE_BREAKDOWN
2024-10-24 04:00:00,Japan,Japan,JP,352.79,427.08,35.6,27.35,,true,ESTIMATED_MODE_BREAKDOWN
2024-10-24 05:00:00,Japan,Japan,JP,385.85,462.68,29.57,21.35,,true,ESTIMATED_MODE_BREAKDOWN
2024-10-24 06:00:00,Japan,Japan,JP,412.33,491.55,24.74,16.42,,true,ESTIMATED_MODE_BREAKDOWN
2024-10-24 07:00:00,Japan,Japan,JP,431.11,512.55,21.3,13.07,,true,ESTIMATED_MODE_BREAKDOWN
2024-10-24 08:00:00,Japan,Japan,JP,435.27,517.84,20.53,12.2,,true,ESTIMATED_MODE_BREAKDOWN
2024-10-24 09:00:00,Japan,Japan,JP,433.84,516.49,20.78,12.21,,true,ESTIMATED_MODE_BREAKDOWN
2024-10-24 10:00:00,Japan,Japan,JP,431.13,513.44,21.28,12.29,,true,ESTIMATED_MODE_BREAKDOWN
2024-10-24 11:00:00,Japan,Japan,JP,428.8,510.58,21.71,12.28,,true,ESTIMATED_MODE_BREAKDOWN
2024-10-24 12:00:00,Japan,Japan,JP,425.96,507.04,22.23,12.35,,true,ESTIMATED_MODE_BREAKDOWN
2024-10-24 13:00:00,Japan,Japan,JP,423.54,504.2,22.67,12.39,,true,ESTIMATED_MODE_BREAKDOWN
2024-10-24 14:00:00,Japan,Japan,JP,421.72,502.1,23.01,12.35,,true,ESTIMATED_MODE_BREAKDOWN
2024-10-24 15:00:00,Japan,Japan,JP,417.32,496.94,23.81,12.34,,true,ESTIMATED_MODE_BREAKDOWN
2024-10-24 16:00:00,Japan,Japan,JP,414.52,493.7,24.32,12.35,,true,ESTIMATED_MODE_BREAKDOWN
2024-10-24 17:00:00,Japan,Japan,JP,414.47,493.67,24.33,12.41,,true,ESTIMATED_MODE_BREAKDOWN
2024-10-24 18:00:00,Japan,Japan,JP,416.68,495.87,23.94,12.46,,true,ESTIMATED_MODE_BREAKDOWN
2024-10-24 19:00:00,Japan,Japan,JP,418.56,497.23,23.61,12.43,,true,ESTIMATED_MODE_BREAKDOWN
2024-10-24 20:00:00,Japan,Japan,JP,419.2,497.87,23.5,12.54,,true,ESTIMATED_MODE_BREAKDOWN
2024-10-24 21:00:00,Japan,Japan,JP,414.89,493.8,24.27,13.51,,true,ESTIMATED_MODE_BREAKDOWN
2024-10-24 22:00:00,Japan,Japan,JP,387.3,464.55,29.29,19.07,,true,ESTIMATED_MODE_BREAKDOWN
2024-10-24 23:00:00,Japan,Japan,JP,348.94,424.38,36.26,26.91,,true,ESTIMATED_MODE_BREAKDOWN
2024-10-25 00:00:00,Japan,Japan,JP,312.97,386.02,42.81,34.08,,true,ESTIMATED_MODE_BREAKDOWN
2024-10-25 01:00:00,Japan,Japan,JP,281.01,351.3,48.63,40.03,,true,ESTIMATED_MODE_BREAKDOWN
2024-10-25 02:00:00,Japan,Japan,JP,265.04,333.84,51.55,43.0,,true,ESTIMATED_MODE_BREAKDOWN
2024-10-25 03:00:00,Japan,Japan,JP,262.89,331.24,51.95,43.1,,true,ESTIMATED_MODE_BREAKDOWN
2024-10-25 04:00:00,Japan,Japan,JP,298.81,370.62,45.39,36.9,,true,ESTIMATED_MODE_BREAKDOWN
2024-10-25 05:00:00,Japan,Japan,JP,339.45,414.71,37.98,29.52,,true,ESTIMATED_MODE_BREAKDOWN
2024-10-25 06:00:00,Japan,Japan,JP,385.61,464.56,29.57,21.04,,true,ESTIMATED_MODE_BREAKDOWN
2024-10-25 07:00:00,Japan,Japan,JP,422.74,504.57,22.8,14.28,,true,ESTIMATED_MODE_BREAKDOWN
2024-10-25 08:00:00,Japan,Japan,JP,433.3,516.04,20.88,12.25,,true,ESTIMATED_MODE_BREAKDOWN
2024-10-25 09:00:00,Japan,Japan,JP,432.05,514.6,21.11,12.23,,true,ESTIMATED_MODE_BREAKDOWN
2024-10-25 10:00:00,Japan,Japan,JP,429.66,512.01,21.54,12.3,,true,ESTIMATED_MODE_BREAKDOWN
2024-10-25 11:00:00,Japan,Japan,JP,427.29,509.07,21.98,12.3,,true,ESTIMATED_MODE_BREAKDOWN
2024-10-25 12:00:00,Japan,Japan,JP,424.78,505.69,22.45,12.28,,true,ESTIMATED_MODE_BREAKDOWN
2024-10-25 13:00:00,Japan,Japan,JP,422.56,503.04,22.85,12.28,,true,ESTIMATED_MODE_BREAKDOWN
2024-10-25 14:00:00,Japan,Japan,JP,421.36,501.66,23.07,12.27,,true,ESTIMATED_MODE_BREAKDOWN
2024-10-25 15:00:00,Japan,Japan,JP,416.84,496.24,23.9,12.19,,true,ESTIMATED_MODE_BREAKDOWN
2024-10-25 16:00:00,Japan,Japan,JP,414.22,493.31,24.38,12.12,,true,ESTIMATED_MODE_BREAKDOWN
2024-10-25 17:00:00,Japan,Japan,JP,414.25,493.18,24.38,12.21,,true,ESTIMATED_MODE_BREAKDOWN
2024-10-25 18:00:00,Japan,Japan,JP,416.08,494.57,24.06,12.26,,true,ESTIMATED_MODE_BREAKDOWN
2024-10-25 19:00:00,Japan,Japan,JP,417.17,495.19,23.88,12.34,,true,ESTIMATED_MODE_BREAKDOWN
2024-10-25 20:00:00,Japan,Japan,JP,417.21,495.29,23.87,12.32,,true,ESTIMATED_MODE_BREAKDOWN
2024-10-25 21:00:00,Japan,Japan,JP,410.35,488.29,25.11,13.33,,true,ESTIMATED_MODE_BREAKDOWN
2024-10-25 22:00:00,Japan,Japan,JP,387.34,463.41,29.3,17.67,,true,ESTIMATED_MODE_BREAKDOWN
2024-10-25 23:00:00,Japan,Japan,JP,362.33,435.89,33.88,22.84,,true,ESTIMATED_MODE_BREAKDOWN
2024-10-26 00:00:00,Japan,Japan,JP,340.16,411.82,37.92,27.35,,true,ESTIMATED_MODE_BREAKDOWN
2024-10-26 01:00:00,Japan,Japan,JP,321.13,391.02,41.4,30.96,,true,ESTIMATED_MODE_BREAKDOWN
2024-10-26 02:00:00,Japan,Japan,JP,310.04,379.04,43.42,32.96,,true,ESTIMATED_MODE_BREAKDOWN
2024-10-26 03:00:00,Japan,Japan,JP,309.41,378.7,43.52,32.97,,true,ESTIMATED_MODE_BREAKDOWN
2024-10-26 04:00:00,Japan,Japan,JP,327.64,399.66,40.17,29.62,,true,ESTIMATED_MODE_BREAKDOWN
2024-10-26 05:00:00,Japan,Japan,JP,351.25,425.64,35.86,25.31,,true,ESTIMATED_MODE_BREAKDOWN
2024-10-26 06:00:00,Japan,Japan,JP,382.55,459.81,30.15,19.62,,true,ESTIMATED_MODE_BREAKDOWN
2024-10-26 07:00:00,Japan,Japan,JP,412.89,492.61,24.62,14.3,,true,ESTIMATED_MODE_BREAKDOWN
2024-10-26 08:00:00,Japan,Japan,JP,425.65,506.4,22.3,12.31,,true,ESTIMATED_MODE_BREAKDOWN
2024-10-26 09:00:00,Japan,Japan,JP,426.53,507.37,22.14,12.17,,true,ESTIMATED_MODE_BREAKDOWN
2024-10-26 10:00:00,Japan,Japan,JP,425.08,505.9,22.4,12.15,,true,ESTIMATED_MODE_BREAKDOWN
2024-10-26 11:00:00,Japan,Japan,JP,423.29,503.64,22.73,12.09,,true,ESTIMATED_MODE_BREAKDOWN
2024-10-26 12:00:00,Japan,Japan,JP,421.51,501.26,23.06,11.93,,true,ESTIMATED_MODE_BREAKDOWN
2024-10-26 13:00:00,Japan,Japan,JP,419.67,499.25,23.39,11.74,,true,ESTIMATED_MODE_BREAKDOWN
2024-10-26 14:00:00,Japan,Japan,JP,418.74,498.24,23.56,11.64,,true,ESTIMATED_MODE_BREAKDOWN
2024-10-26 15:00:00,Japan,Japan,JP,414.43,492.18,24.37,11.57,,true,ESTIMATED_MODE_BREAKDOWN
2024-10-26 16:00:00,Japan,Japan,JP,411.57,488.07,24.91,11.61,,true,ESTIMATED_MODE_BREAKDOWN
2024-10-26 17:00:00,Japan,Japan,JP,411.97,488.92,24.83,11.65,,true,ESTIMATED_MODE_BREAKDOWN
2024-10-26 18:00:00,Japan,Japan,JP,414.48,492.66,24.35,11.73,,true,ESTIMATED_MODE_BREAKDOWN
2024-10-26 19:00:00,Japan,Japan,JP,415.82,493.88,24.12,11.86,,true,ESTIMATED_MODE_BREAKDOWN
2024-10-26 20:00:00,Japan,Japan,JP,416.23,494.16,24.05,11.81,,true,ESTIMATED_MODE_BREAKDOWN
2024-10-26 21:00:00,Japan,Japan,JP,406.93,484.68,25.73,13.1,,true,ESTIMATED_MODE_BREAKDOWN
2024-10-26 22:00:00,Japan,Japan,JP,356.62,430.85,34.88,22.25,,true,ESTIMATED_MODE_BREAKDOWN
2024-10-26 23:00:00,Japan,Japan,JP,286.51,354.45,47.68,35.63,,true,ESTIMATED_MODE_BREAKDOWN
2024-10-27 00:00:00,Japan,Japan,JP,242.32,306.25,55.75,44.28,,true,ESTIMATED_MODE_BREAKDOWN
2024-10-27 01:00:00,Japan,Japan,JP,234.31,297.76,57.21,46.28,,true,ESTIMATED_MODE_BREAKDOWN
2024-10-27 02:00:00,Japan,Japan,JP,248.24,314.87,54.62,43.85,,true,ESTIMATED_MODE_BREAKDOWN
2024-10-27 03:00:00,Japan,Japan,JP,279.51,349.3,48.91,38.1,,true,ESTIMATED_MODE_BREAKDOWN
2024-10-27 04:00:00,Japan,Japan,JP,320.92,393.45,41.37,30.49,,true,ESTIMATED_MODE_BREAKDOWN
2024-10-27 05:00:00,Japan,Japan,JP,353.55,429.27,35.41,24.42,,true,ESTIMATED_MODE_BREAKDOWN
2024-10-27 06:00:00,Japan,Japan,JP,386.95,465.04,29.33,18.42,,true,ESTIMATED_MODE_BREAKDOWN
2024-10-27 07:00:00,Japan,Japan,JP,415.91,495.86,24.07,13.43,,true,ESTIMATED_MODE_BREAKDOWN
2024-10-27 08:00:00,Japan,Japan,JP,428.03,508.62,21.87,11.77,,true,ESTIMATED_MODE_BREAKDOWN
2024-10-27 09:00:00,Japan,Japan,JP,428.01,508.15,21.88,11.78,,true,ESTIMATED_MODE_BREAKDOWN
2024-10-27 10:00:00,Japan,Japan,JP,426.72,506.7,22.12,11.82,,true,ESTIMATED_MODE_BREAKDOWN
2024-10-27 11:00:00,Japan,Japan,JP,425.07,504.86,22.42,11.79,,true,ESTIMATED_MODE_BREAKDOWN
2024-10-27 12:00:00,Japan,Japan,JP,422.02,501.08,22.98,11.88,,true,ESTIMATED_MODE_BREAKDOWN
2024-10-27 13:00:00,Japan,Japan,JP,418.87,497.9,23.54,11.85,,true,ESTIMATED_MODE_BREAKDOWN
2024-10-27 14:00:00,Japan,Japan,JP,417.24,495.99,23.84,11.89,,true,ESTIMATED_MODE_BREAKDOWN
2024-10-27 15:00:00,Japan,Japan,JP,412.86,490.02,24.66,11.87,,true,ESTIMATED_MODE_BREAKDOWN
2024-10-27 16:00:00,Japan,Japan,JP,410.3,486.4,25.14,11.96,,true,ESTIMATED_MODE_BREAKDOWN
2024-10-27 17:00:00,Japan,Japan,JP,410.17,486.65,25.16,12.1,,true,ESTIMATED_MODE_BREAKDOWN
2024-10-27 18:00:00,Japan,Japan,JP,411.47,489.16,24.9,12.4,,true,ESTIMATED_MODE_BREAKDOWN
2024-10-27 19:00:00,Japan,Japan,JP,413.29,490.67,24.59,12.46,,true,ESTIMATED_MODE_BREAKDOWN
2024-10-27 20:00:00,Japan,Japan,JP,414.8,492.64,24.31,12.51,,true,ESTIMATED_MODE_BREAKDOWN
2024-10-27 21:00:00,Japan,Japan,JP,414.17,492.84,24.4,13.07,,true,ESTIMATED_MODE_BREAKDOWN
2024-10-27 22:00:00,Japan,Japan,JP,404.17,482.94,26.21,15.54,,true,ESTIMATED_MODE_BREAKDOWN
2024-10-27 23:00:00,Japan,Japan,JP,390.15,467.54,28.77,19.26,,true,ESTIMATED_MODE_BREAKDOWN
2024-10-28 00:00:00,Japan,Japan,JP,375.64,451.64,31.43,22.73,,true,ESTIMATED_MODE_BREAKDOWN
2024-10-28 01:00:00,Japan,Japan,JP,358.59,432.22,34.56,25.61,,true,ESTIMATED_MODE_BREAKDOWN
2024-10-28 02:00:00,Japan,Japan,JP,335.66,405.71,38.77,29.66,,true,ESTIMATED_MODE_BREAKDOWN
2024-10-28 03:00:00,Japan,Japan,JP,318.33,387.5,41.91,32.2,,true,ESTIMATED_MODE_BREAKDOWN
2024-10-28 04:00:00,Japan,Japan,JP,336.96,409.56,38.48,29.33,,true,ESTIMATED_MODE_BREAKDOWN
2024-10-28 05:00:00,Japan,Japan,JP,356.73,432.73,34.84,25.72,,true,ESTIMATED_MODE_BREAKDOWN
2024-10-28 06:00:00,Japan,Japan,JP,384.35,462.49,29.8,20.5,,true,ESTIMATED_MODE_BREAKDOWN
2024-10-28 07:00:00,Japan,Japan,JP,416.69,497.22,23.92,14.67,,true,ESTIMATED_MODE_BREAKDOWN
2024-10-28 08:00:00,Japan,Japan,JP,426.58,508.02,22.11,12.82,,true,ESTIMATED_MODE_BREAKDOWN
2024-10-28 09:00:00,Japan,Japan,JP,425.85,507.12,22.24,12.75,,true,ESTIMATED_MODE_BREAKDOWN
2024-10-28 10:00:00,Japan,Japan,JP,423.02,503.95,22.76,12.82,,true,ESTIMATED_MODE_BREAKDOWN
2024-10-28 11:00:00,Japan,Japan,JP,421.49,502.07,23.04,12.84,,true,ESTIMATED_MODE_BREAKDOWN
2024-10-28 12:00:00,Japan,Japan,JP,422.12,502.34,22.94,12.69,,true,ESTIMATED_MODE_BREAKDOWN
2024-10-28 13:00:00,Japan,Japan,JP,420.72,500.33,23.2,12.53,,true,ESTIMATED_MODE_BREAKDOWN
2024-10-28 14:00:00,Japan,Japan,JP,419.45,498.52,23.44,12.44,,true,ESTIMATED_MODE_BREAKDOWN
2024-10-28 15:00:00,Japan,Japan,JP,415.0,494.41,24.23,12.44,,true,ESTIMATED_MODE_BREAKDOWN
2024-10-28 16:00:00,Japan,Japan,JP,411.95,491.29,24.78,12.46,,true,ESTIMATED_MODE_BREAKDOWN
2024-10-28 17:00:00,Japan,Japan,JP,411.98,491.11,24.78,12.55,,true,ESTIMATED_MODE_BREAKDOWN
2024-10-28 18:00:00,Japan,Japan,JP,415.07,494.01,24.23,12.48,,true,ESTIMATED_MODE_BREAKDOWN
2024-10-28 19:00:00,Japan,Japan,JP,417.22,496.14,23.85,12.48,,true,ESTIMATED_MODE_BREAKDOWN
2024-10-28 20:00:00,Japan,Japan,JP,418.06,497.11,23.69,12.55,,true,ESTIMATED_MODE_BREAKDOWN
2024-10-28 21:00:00,Japan,Japan,JP,413.58,492.85,24.5,13.62,,true,ESTIMATED_MODE_BREAKDOWN
2024-10-28 22:00:00,Japan,Japan,JP,391.21,468.82,28.58,18.22,,true,ESTIMATED_MODE_BREAKDOWN
2024-10-28 23:00:00,Japan,Japan,JP,371.59,447.05,32.17,22.85,,true,ESTIMATED_MODE_BREAKDOWN
2024-10-29 00:00:00,Japan,Japan,JP,363.0,437.73,33.74,24.98,,true,ESTIMATED_MODE_BREAKDOWN
2024-10-29 01:00:00,Japan,Japan,JP,357.45,432.04,34.75,26.07,,true,ESTIMATED_MODE_BREAKDOWN
2024-10-29 02:00:00,Japan,Japan,JP,359.21,434.42,34.42,25.74,,true,ESTIMATED_MODE_BREAKDOWN
2024-10-29 03:00:00,Japan,Japan,JP,363.78,439.12,33.59,24.48,,true,ESTIMATED_MODE_BREAKDOWN
2024-10-29 04:00:00,Japan,Japan,JP,383.52,460.68,29.98,21.24,,true,ESTIMATED_MODE_BREAKDOWN
2024-10-29 05:00:00,Japan,Japan,JP,399.36,478.0,27.09,18.42,,true,ESTIMATED_MODE_BREAKDOWN
2024-10-29 06:00:00,Japan,Japan,JP,416.18,496.75,24.01,15.34,,true,ESTIMATED_MODE_BREAKDOWN
2024-10-29 07:00:00,Japan,Japan,JP,430.37,512.36,21.42,12.84,,true,ESTIMATED_MODE_BREAKDOWN
2024-10-29 08:00:00,Japan,Japan,JP,433.38,515.8,20.87,12.2,,true,ESTIMATED_MODE_BREAKDOWN
2024-10-29 09:00:00,Japan,Japan,JP,432.52,514.99,21.02,12.19,,true,ESTIMATED_MODE_BREAKDOWN
2024-10-29 10:00:00,Japan,Japan,JP,430.04,512.19,21.47,12.26,,true,ESTIMATED_MODE_BREAKDOWN
2024-10-29 11:00:00,Japan,Japan,JP,427.85,509.59,21.88,12.29,,true,ESTIMATED_MODE_BREAKDOWN
2024-10-29 12:00:00,Japan,Japan,JP,425.39,506.7,22.33,12.29,,true,ESTIMATED_MODE_BREAKDOWN
2024-10-29 13:00:00,Japan,Japan,JP,423.6,504.35,22.66,12.14,,true,ESTIMATED_MODE_BREAKDOWN
2024-10-29 14:00:00,Japan,Japan,JP,422.12,502.63,22.93,12.15,,true,ESTIMATED_MODE_BREAKDOWN
2024-10-29 15:00:00,Japan,Japan,JP,417.85,497.47,23.71,12.05,,true,ESTIMATED_MODE_BREAKDOWN
2024-10-29 16:00:00,Japan,Japan,JP,415.47,493.89,24.17,12.01,,true,ESTIMATED_MODE_BREAKDOWN
2024-10-29 17:00:00,Japan,Japan,JP,416.03,494.58,24.06,12.05,,true,ESTIMATED_MODE_BREAKDOWN
2024-10-29 18:00:00,Japan,Japan,JP,418.16,498.27,23.65,12.1,,true,ESTIMATED_MODE_BREAKDOWN
2024-10-29 19:00:00,Japan,Japan,JP,419.22,499.14,23.47,12.25,,true,ESTIMATED_MODE_BREAKDOWN
2024-10-29 20:00:00,Japan,Japan,JP,419.78,499.48,23.37,12.31,,true,ESTIMATED_MODE_BREAKDOWN
2024-10-29 21:00:00,Japan,Japan,JP,418.76,499.09,23.54,12.54,,true,ESTIMATED_MODE_BREAKDOWN
2024-10-29 22:00:00,Japan,Japan,JP,401.75,481.66,26.62,16.34,,true,ESTIMATED_MODE_BREAKDOWN
2024-10-29 23:00:00,Japan,Japan,JP,364.14,441.29,33.47,24.07,,true,ESTIMATED_MODE_BREAKDOWN
2024-10-30 00:00:00,Japan,Japan,JP,314.91,388.12,42.45,33.61,,true,ESTIMATED_MODE_BREAKDOWN
2024-10-30 01:00:00,Japan,Japan,JP,276.31,346.02,49.49,40.75,,true,ESTIMATED_MODE_BREAKDOWN
2024-10-30 02:00:00,Japan,Japan,JP,256.59,324.43,53.1,44.35,,true,ESTIMATED_MODE_BREAKDOWN
2024-10-30 03:00:00,Japan,Japan,JP,247.64,314.47,54.73,45.47,,true,ESTIMATED_MODE_BREAKDOWN
2024-10-30 04:00:00,Japan,Japan,JP,275.85,345.09,49.59,40.72,,true,ESTIMATED_MODE_BREAKDOWN
2024-10-30 05:00:00,Japan,Japan,JP,315.52,388.49,42.34,33.54,,true,ESTIMATED_MODE_BREAKDOWN
2024-10-30 06:00:00,Japan,Japan,JP,367.04,444.36,32.95,24.11,,true,ESTIMATED_MODE_BREAKDOWN
2024-10-30 07:00:00,Japan,Japan,JP,414.01,495.08,24.39,15.58,,true,ESTIMATED_MODE_BREAKDOWN
2024-10-30 08:00:00,Japan,Japan,JP,428.75,510.92,21.7,12.85,,true,ESTIMATED_MODE_BREAKDOWN
2024-10-30 09:00:00,Japan,Japan,JP,428.0,509.98,21.84,12.8,,true,ESTIMATED_MODE_BREAKDOWN
2024-10-30 10:00:00,Japan,Japan,JP,425.96,507.84,22.21,12.81,,true,ESTIMATED_MODE_BREAKDOWN
2024-10-30 11:00:00,Japan,Japan,JP,424.12,505.87,22.55,12.78,,true,ESTIMATED_MODE_BREAKDOWN
2024-10-30 12:00:00,Japan,Japan,JP,422.06,503.47,22.92,12.68,,true,ESTIMATED_MODE_BREAKDOWN
2024-10-30 13:00:00,Japan,Japan,JP,419.77,500.64,23.34,12.63,,true,ESTIMATED_MODE_BREAKDOWN
2024-10-30 14:00:00,Japan,Japan,JP,417.99,497.75,23.68,12.67,,true,ESTIMATED_MODE_BREAKDOWN
2024-10-30 15:00:00,Japan,Japan,JP,413.31,491.64,24.55,12.64,,true,ESTIMATED_MODE_BREAKDOWN
2024-10-30 16:00:00,Japan,Japan,JP,410.2,487.61,25.13,12.74,,true,ESTIMATED_MODE_BREAKDOWN
2024-10-30 17:00:00,Japan,Japan,JP,410.58,488.12,25.06,12.8,,true,ESTIMATED_MODE_BREAKDOWN
2024-10-30 18:00:00,Japan,Japan,JP,412.85,491.75,24.63,12.91,,true,ESTIMATED_MODE_BREAKDOWN
2024-10-30 19:00:00,Japan,Japan,JP,415.18,494.25,24.21,12.94,,true,ESTIMATED_MODE_BREAKDOWN
2024-10-30 20:00:00,Japan,Japan,JP,416.82,496.52,23.9,12.86,,true,ESTIMATED_MODE_BREAKDOWN
2024-10-30 21:00:00,Japan,Japan,JP,412.29,492.15,24.71,13.93,,true,ESTIMATED_MODE_BREAKDOWN
2024-10-30 22:00:00,Japan,Japan,JP,366.52,442.52,33.07,22.6,,true,ESTIMATED_MODE_BREAKDOWN
2024-10-30 23:00:00,Japan,Japan,JP,318.43,390.34,41.85,32.22,,true,ESTIMATED_MODE_BREAKDOWN
2024-10-31 00:00:00,Japan,Japan,JP,286.83,355.35,47.63,38.62,,true,ESTIMATED_MODE_BREAKDOWN
2024-10-31 01:00:00,Japan,Japan,JP,271.02,338.74,50.5,41.58,,true,ESTIMATED_MODE_BREAKDOWN
2024-10-31 02:00:00,Japan,Japan,JP,260.71,328.26,52.36,43.43,,true,ESTIMATED_MODE_BREAKDOWN
2024-10-31 03:00:00,Japan,Japan,JP,267.76,335.08,51.09,41.77,,true,ESTIMATED_MODE_BREAKDOWN
2024-10-31 04:00:00,Japan,Japan,JP,296.57,366.08,45.85,36.79,,true,ESTIMATED_MODE_BREAKDOWN
2024-10-31 05:00:00,Japan,Japan,JP,336.72,409.77,38.52,29.59,,true,ESTIMATED_MODE_BREAKDOWN
2024-10-31 06:00:00,Japan,Japan,JP,386.74,465.15,29.38,20.4,,true,ESTIMATED_MODE_BREAKDOWN
2024-10-31 07:00:00,Japan,Japan,JP,423.36,505.35,22.69,13.77,,true,ESTIMATED_MODE_BREAKDOWN
2024-10-31 08:00:00,Japan,Japan,JP,431.99,514.9,21.11,12.23,,true,ESTIMATED_MODE_BREAKDOWN
2024-10-31 09:00:00,Japan,Japan,JP,431.81,514.62,21.14,12.12,,true,ESTIMATED_MODE_BREAKDOWN
2024-10-31 10:00:00,Japan,Japan,JP,430.03,512.73,21.47,12.12,,true,ESTIMATED_MODE_BREAKDOWN
2024-10-31 11:00:00,Japan,Japan,JP,428.14,510.65,21.81,12.09,,true,ESTIMATED_MODE_BREAKDOWN
2024-10-31 12:00:00,Japan,Japan,JP,425.46,507.41,22.3,12.11,,true,ESTIMATED_MODE_BREAKDOWN
2024-10-31 13:00:00,Japan,Japan,JP,423.45,505.31,22.66,11.99,,true,ESTIMATED_MODE_BREAKDOWN
2024-10-31 14:00:00,Japan,Japan,JP,422.16,503.01,22.91,11.92,,true,ESTIMATED_MODE_BREAKDOWN
2024-10-31 15:00:00,Japan,Japan,JP,417.72,497.02,23.74,11.75,,true,ESTIMATED_MODE_BREAKDOWN
2024-10-31 16:00:00,Japan,Japan,JP,416.77,495.44,23.93,11.7,,true,ESTIMATED_MODE_BREAKDOWN
2024-10-31 17:00:00,Japan,Japan,JP,417.37,496.34,23.82,11.77,,true,ESTIMATED_MODE_BREAKDOWN
2024-10-31 18:00:00,Japan,Japan,JP,417.76,497.31,23.74,11.93,,true,ESTIMATED_MODE_BREAKDOWN
2024-10-31 19:00:00,Japan,Japan,JP,420.14,499.95,23.3,12.06,,true,ESTIMATED_MODE_BREAKDOWN
2024-10-31 20:00:00,Japan,Japan,JP,422.39,502.41,22.9,11.9,,true,ESTIMATED_MODE_BREAKDOWN
2024-10-31 21:00:00,Japan,Japan,JP,417.62,497.79,23.75,12.93,,true,ESTIMATED_MODE_BREAKDOWN
2024-10-31 22:00:00,Japan,Japan,JP,385.95,463.94,29.52,19.17,,true,ESTIMATED_MODE_BREAKDOWN
2024-10-31 23:00:00,Japan,Japan,JP,349.6,424.1,36.17,26.68,,true,ESTIMATED_MODE_BREAKDOWN
2024-11-01 00:00:00,Japan,Japan,JP,326.38,398.06,40.43,31.61,,true,ESTIMATED_MODE_BREAKDOWN
2024-11-01 01:00:00,Japan,Japan,JP,319.16,390.09,41.75,33.15,,true,ESTIMATED_MODE_BREAKDOWN
2024-11-01 02:00:00,Japan,Japan,JP,328.38,400.54,40.06,31.52,,true,ESTIMATED_MODE_BREAKDOWN
2024-11-01 03:00:00,Japan,Japan,JP,344.89,419.26,37.02,28.04,,true,ESTIMATED_MODE_BREAKDOWN
2024-11-01 04:00:00,Japan,Japan,JP,377.22,454.52,31.13,22.54,,true,ESTIMATED_MODE_BREAKDOWN
2024-11-01 05:00:00,Japan,Japan,JP,403.06,482.96,26.4,17.77,,true,ESTIMATED_MODE_BREAKDOWN
2024-11-01 06:00:00,Japan,Japan,JP,419.49,501.07,23.4,14.74,,true,ESTIMATED_MODE_BREAKDOWN
2024-11-01 07:00:00,Japan,Japan,JP,431.93,514.33,21.13,12.53,,true,ESTIMATED_MODE_BREAKDOWN
2024-11-01 08:00:00,Japan,Japan,JP,434.45,517.19,20.67,12.01,,true,ESTIMATED_MODE_BREAKDOWN
2024-11-01 09:00:00,Japan,Japan,JP,432.8,515.37,20.97,12.06,,true,ESTIMATED_MODE_BREAKDOWN
2024-11-01 10:00:00,Japan,Japan,JP,430.6,512.99,21.37,12.1,,true,ESTIMATED_MODE_BREAKDOWN
2024-11-01 11:00:00,Japan,Japan,JP,428.52,510.24,21.76,12.09,,true,ESTIMATED_MODE_BREAKDOWN
2024-11-01 12:00:00,Japan,Japan,JP,426.17,507.71,22.18,12.04,,true,ESTIMATED_MODE_BREAKDOWN
2024-11-01 13:00:00,Japan,Japan,JP,423.27,504.96,22.7,12.08,,true,ESTIMATED_MODE_BREAKDOWN
2024-11-01 14:00:00,Japan,Japan,JP,422.86,504.14,22.78,11.99,,true,ESTIMATED_MODE_BREAKDOWN
2024-11-01 15:00:00,Japan,Japan,JP,415.86,495.27,24.07,11.92,,true,ESTIMATED_MODE_BREAKDOWN
2024-11-01 16:00:00,Japan,Japan,JP,415.91,495.27,24.07,11.92,,true,ESTIMATED_MODE_BREAKDOWN
2024-11-01 17:00:00,Japan,Japan,JP,415.76,495.14,24.09,11.99,,true,ESTIMATED_MODE_BREAKDOWN
2024-11-01 18:00:00,Japan,Japan,JP,415.59,494.55,24.13,12.21,,true,ESTIMATED_MODE_BREAKDOWN
2024-11-01 19:00:00,Japan,Japan,JP,417.7,496.56,23.76,12.31,,true,ESTIMATED_MODE_BREAKDOWN
2024-11-01 20:00:00,Japan,Japan,JP,416.74,495.21,23.94,12.33,,true,ESTIMATED_MODE_BREAKDOWN
2024-11-01 21:00:00,Japan,Japan,JP,415.2,493.68,24.22,12.46,,true,ESTIMATED_MODE_BREAKDOWN
2024-11-01 22:00:00,Japan,Japan,JP,409.26,487.69,25.29,13.96,,true,ESTIMATED_MODE_BREAKDOWN
2024-11-01 23:00:00,Japan,Japan,JP,404.63,483.3,26.13,15.54,,true,ESTIMATED_MODE_BREAKDOWN
2024-11-02 00:00:00,Japan,Japan,JP,398.41,476.39,27.27,17.22,,true,ESTIMATED_MODE_BREAKDOWN
2024-11-02 01:00:00,Japan,Japan,JP,387.74,464.19,29.23,19.26,,true,ESTIMATED_MODE_BREAKDOWN
2024-11-02 02:00:00,Japan,Japan,JP,380.25,455.23,30.61,20.7,,true,ESTIMATED_MODE_BREAKDOWN
2024-11-02 03:00:00,Japan,Japan,JP,377.45,452.39,31.11,21.1,,true,ESTIMATED_MODE_BREAKDOWN
2024-11-02 04:00:00,Japan,Japan,JP,381.53,457.32,30.36,20.36,,true,ESTIMATED_MODE_BREAKDOWN
2024-11-02 05:00:00,Japan,Japan,JP,386.73,463.91,29.39,19.34,,true,ESTIMATED_MODE_BREAKDOWN
2024-11-02 06:00:00,Japan,Japan,JP,400.04,479.22,26.94,16.82,,true,ESTIMATED_MODE_BREAKDOWN
2024-11-02 07:00:00,Japan,Japan,JP,415.78,496.2,24.08,14.16,,true,ESTIMATED_MODE_BREAKDOWN
2024-11-02 08:00:00,Japan,Japan,JP,422.47,503.13,22.87,13.01,,true,ESTIMATED_MODE_BREAKDOWN
2024-11-02 09:00:00,Japan,Japan,JP,421.82,502.78,22.97,13.06,,true,ESTIMATED_MODE_BREAKDOWN
2024-11-02 10:00:00,Japan,Japan,JP,419.6,499.53,23.39,13.19,,true,ESTIMATED_MODE_BREAKDOWN
2024-11-02 11:00:00,Japan,Japan,JP,416.65,495.82,23.94,13.36,,true,ESTIMATED_MODE_BREAKDOWN
2024-11-02 12:00:00,Japan,Japan,JP,413.56,492.64,24.5,13.42,,true,ESTIMATED_MODE_BREAKDOWN
2024-11-02 13:00:00,Japan,Japan,JP,410.66,489.76,25.01,13.28,,true,ESTIMATED_MODE_BREAKDOWN
2024-11-02 14:00:00,Japan,Japan,JP,410.21,488.49,25.11,13.23,,true,ESTIMATED_MODE_BREAKDOWN
2024-11-02 15:00:00,Japan,Japan,JP,405.79,482.34,25.94,13.03,,true,ESTIMATED_MODE_BREAKDOWN
2024-11-02 16:00:00,Japan,Japan,JP,403.4,479.4,26.38,12.97,,true,ESTIMATED_MODE_BREAKDOWN
2024-11-02 17:00:00,Japan,Japan,JP,404.27,480.67,26.22,13.02,,true,ESTIMATED_MODE_BREAKDOWN
2024-11-02 18:00:00,Japan,Japan,JP,406.78,484.13,25.75,13.13,,true,ESTIMATED_MODE_BREAKDOWN
2024-11-02 19:00:00,Japan,Japan,JP,408.58,485.9,25.43,13.1,,true,ESTIMATED_MODE_BREAKDOWN
2024-11-02 20:00:00,Japan,Japan,JP,408.55,486.11,25.43,13.08,,true,ESTIMATED_MODE_BREAKDOWN
2024-11-02 21:00:00,Japan,Japan,JP,400.32,477.02,26.93,14.22,,true,ESTIMATED_MODE_BREAKDOWN
2024-11-02 22:00:00,Japan,Japan,JP,336.69,408.02,38.53,25.78,,true,ESTIMATED_MODE_BREAKDOWN
2024-11-02 23:00:00,Japan,Japan,JP,257.97,322.19,52.9,40.42,,true,ESTIMATED_MODE_BREAKDOWN
2024-11-03 00:00:00,Japan,Japan,JP,201.84,262.56,63.11,51.06,,true,ESTIMATED_MODE_BREAKDOWN
2024-11-03 01:00:00,Japan,Japan,JP,175.59,234.03,67.9,56.08,,true,ESTIMATED_MODE_BREAKDOWN
2024-11-03 02:00:00,Japan,Japan,JP,165.57,222.8,69.74,57.98,,true,ESTIMATED_MODE_BREAKDOWN
2024-11-03 03:00:00,Japan,Japan,JP,171.27,228.96,68.7,56.9,,true,ESTIMATED_MODE_BREAKDOWN
2024-11-03 04:00:00,Japan,Japan,JP,196.94,257.26,64.01,52.21,,true,ESTIMATED_MODE_BREAKDOWN
2024-11-03 05:00:00,Japan,Japan,JP,241.87,306.85,55.8,44.02,,true,ESTIMATED_MODE_BREAKDOWN
2024-11-03 06:00:00,Japan,Japan,JP,315.74,387.47,42.31,30.75,,true,ESTIMATED_MODE_BREAKDOWN
2024-11-03 07:00:00,Japan,Japan,JP,395.49,473.66,27.78,16.46,,true,ESTIMATED_MODE_BREAKDOWN
2024-11-03 08:00:00,Japan,Japan,JP,421.71,502.04,23.01,12.24,,true,ESTIMATED_MODE_BREAKDOWN
2024-11-03 09:00:00,Japan,Japan,JP,423.74,504.29,22.64,12.02,,true,ESTIMATED_MODE_BREAKDOWN
2024-11-03 10:00:00,Japan,Japan,JP,423.21,503.95,22.73,11.88,,true,ESTIMATED_MODE_BREAKDOWN
2024-11-03 11:00:00,Japan,Japan,JP,422.33,502.85,22.89,11.73,,true,ESTIMATED_MODE_BREAKDOWN
2024-11-03 12:00:00,Japan,Japan,JP,420.29,500.13,23.27,11.69,,true,ESTIMATED_MODE_BREAKDOWN
2024-11-03 13:00:00,Japan,Japan,JP,417.86,496.67,23.73,11.62,,true,ESTIMATED_MODE_BREAKDOWN
2024-11-03 14:00:00,Japan,Japan,JP,416.45,494.9,23.99,11.63,,true,ESTIMATED_MODE_BREAKDOWN
2024-11-03 15:00:00,Japan,Japan,JP,410.24,487.58,25.12,11.44,,true,ESTIMATED_MODE_BREAKDOWN
2024-11-03 16:00:00,Japan,Japan,JP,410.02,487.54,25.16,11.54,,true,ESTIMATED_MODE_BREAKDOWN
2024-11-03 17:00:00,Japan,Japan,JP,411.19,488.73,24.95,11.6,,true,ESTIMATED_MODE_BREAKDOWN
2024-11-03 18:00:00,Japan,Japan,JP,412.22,489.57,24.78,11.9,,true,ESTIMATED_MODE_BREAKDOWN
2024-11-03 19:00:00,Japan,Japan,JP,415.01,493.28,24.26,12.17,,true,ESTIMATED_MODE_BREAKDOWN
2024-11-03 20:00:00,Japan,Japan,JP,414.81,492.7,24.3,12.31,,true,ESTIMATED_MODE_BREAKDOWN
2024-11-03 21:00:00,Japan,Japan,JP,409.11,487.07,25.33,13.31,,true,ESTIMATED_MODE_BREAKDOWN
2024-11-03 22:00:00,Japan,Japan,JP,355.82,429.63,35.04,23.29,,true,ESTIMATED_MODE_BREAKDOWN
2024-11-03 23:00:00,Japan,Japan,JP,281.64,349.6,48.56,37.55,,true,ESTIMATED_MODE_BREAKDOWN
2024-11-04 00:00:00,Japan,Japan,JP,222.11,285.3,59.41,48.96,,true,ESTIMATED_MODE_BREAKDOWN
2024-11-04 01:00:00,Japan,Japan,JP,190.4,250.69,65.21,55.04,,true,ESTIMATED_MODE_BREAKDOWN
2024-11-04 02:00:00,Japan,Japan,JP,186.09,245.97,65.99,55.9,,true,ESTIMATED_MODE_BREAKDOWN
2024-11-04 03:00:00,Japan,Japan,JP,192.18,252.62,64.88,54.68,,true,ESTIMATED_MODE_BREAKDOWN
2024-11-04 04:00:00,Japan,Japan,JP,223.82,287.52,59.1,49.06,,true,ESTIMATED_MODE_BREAKDOWN
2024-11-04 05:00:00,Japan,Japan,JP,277.99,346.71,49.2,39.26,,true,ESTIMATED_MODE_BREAKDOWN
2024-11-04 06:00:00,Japan,Japan,JP,343.33,418.13,37.28,27.31,,true,ESTIMATED_MODE_BREAKDOWN
2024-11-04 07:00:00,Japan,Japan,JP,404.94,484.52,26.05,16.19,,true,ESTIMATED_MODE_BREAKDOWN
2024-11-04 08:00:00,Japan,Japan,JP,424.78,506.05,22.44,12.91,,true,ESTIMATED_MODE_BREAKDOWN
2024-11-04 09:00:00,Japan,Japan,JP,424.89,506.15,22.42,12.87,,true,ESTIMATED_MODE_BREAKDOWN
2024-11-04 10:00:00,Japan,Japan,JP,423.29,504.54,22.7,12.89,,true,ESTIMATED_MODE_BREAKDOWN
2024-11-04 11:00:00,Japan,Japan,JP,421.02,501.84,23.12,12.95,,true,ESTIMATED_MODE_BREAKDOWN
2024-11-04 12:00:00,Japan,Japan,JP,418.21,498.76,23.63,12.99,,true,ESTIMATED_MODE_BREAKDOWN
2024-11-04 13:00:00,Japan,Japan,JP,415.28,495.54,24.16,12.96,,true,ESTIMATED_MODE_BREAKDOWN
2024-11-04 14:00:00,Japan,Japan,JP,414.23,494.15,24.36,12.97,,true,ESTIMATED_MODE_BREAKDOWN
2024-11-04 15:00:00,Japan,Japan,JP,409.65,488.28,25.2,12.96,,true,ESTIMATED_MODE_BREAKDOWN
2024-11-04 16:00:00,Japan,Japan,JP,408.12,487.02,25.47,12.84,,true,ESTIMATED_MODE_BREAKDOWN
2024-11-04 17:00:00,Japan,Japan,JP,408.68,487.59,25.37,12.95,,true,ESTIMATED_MODE_BREAKDOWN
2024-11-04 18:00:00,Japan,Japan,JP,412.21,491.79,24.73,12.92,,true,ESTIMATED_MODE_BREAKDOWN
2024-11-04 19:00:00,Japan,Japan,JP,413.31,492.72,24.54,13.03,,true,ESTIMATED_MODE_BREAKDOWN
2024-11-04 20:00:00,Japan,Japan,JP,415.92,495.67,24.06,12.8,,true,ESTIMATED_MODE_BREAKDOWN
2024-11-04 21:00:00,Japan,Japan,JP,413.38,493.0,24.52,13.42,,true,ESTIMATED_MODE_BREAKDOWN
2024-11-04 22:00:00,Japan,Japan,JP,379.56,457.02,30.68,20.16,,true,ESTIMATED_MODE_BREAKDOWN
2024-11-04 23:00:00,Japan,Japan,JP,334.44,408.74,38.9,29.31,,true,ESTIMATED_MODE_BREAKDOWN
2024-11-05 00:00:00,Japan,Japan,JP,299.95,371.59,45.19,36.26,,true,ESTIMATED_MODE_BREAKDOWN
2024-11-05 01:00:00,Japan,Japan,JP,284.96,355.02,47.93,39.45,,true,ESTIMATED_MODE_BREAKDOWN
2024-11-05 02:00:00,Japan,Japan,JP,288.12,358.77,47.35,39.5,,true,ESTIMATED_MODE_BREAKDOWN
2024-11-05 03:00:00,Japan,Japan,JP,293.23,364.24,46.41,37.21,,true,ESTIMATED_MODE_BREAKDOWN
2024-11-05 04:00:00,Japan,Japan,JP,322.02,395.51,41.16,32.23,,true,ESTIMATED_MODE_BREAKDOWN
2024-11-05 05:00:00,Japan,Japan,JP,353.06,429.32,35.49,26.62,,true,ESTIMATED_MODE_BREAKDOWN
2024-11-05 06:00:00,Japan,Japan,JP,390.09,469.7,28.74,19.82,,true,ESTIMATED_MODE_BREAKDOWN
2024-11-05 07:00:00,Japan,Japan,JP,421.58,503.37,23.01,14.32,,true,ESTIMATED_MODE_BREAKDOWN
2024-11-05 08:00:00,Japan,Japan,JP,432.05,514.67,21.1,12.36,,true,ESTIMATED_MODE_BREAKDOWN
2024-11-05 09:00:00,Japan,Japan,JP,431.25,513.83,21.25,12.36,,true,ESTIMATED_MODE_BREAKDOWN
2024-11-05 10:00:00,Japan,Japan,JP,428.74,511.14,21.7,12.42,,true,ESTIMATED_MODE_BREAKDOWN
2024-11-05 11:00:00,Japan,Japan,JP,426.55,508.67,22.1,12.42,,true,ESTIMATED_MODE_BREAKDOWN
2024-11-05 12:00:00,Japan,Japan,JP,424.56,506.57,22.46,12.31,,true,ESTIMATED_MODE_BREAKDOWN
2024-11-05 13:00:00,Japan,Japan,JP,421.64,503.41,22.99,12.33,,true,ESTIMATED_MODE_BREAKDOWN
2024-11-05 14:00:00,Japan,Japan,JP,420.59,501.99,23.18,12.24,,true,ESTIMATED_MODE_BREAKDOWN
2024-11-05 15:00:00,Japan,Japan,JP,415.34,495.36,24.15,12.09,,true,ESTIMATED_MODE_BREAKDOWN
2024-11-05 16:00:00,Japan,Japan,JP,414.79,493.63,24.28,12.1,,true,ESTIMATED_MODE_BREAKDOWN
2024-11-05 17:00:00,Japan,Japan,JP,414.1,492.92,24.4,12.15,,true,ESTIMATED_MODE_BREAKDOWN
2024-11-05 18:00:00,Japan,Japan,JP,414.33,494.21,24.34,12.38,,true,ESTIMATED_MODE_BREAKDOWN
2024-11-05 19:00:00,Japan,Japan,JP,418.82,499.34,23.52,12.56,,true,ESTIMATED_MODE_BREAKDOWN
2024-11-05 20:00:00,Japan,Japan,JP,421.41,501.96,23.06,12.56,,true,ESTIMATED_MODE_BREAKDOWN
2024-11-05 21:00:00,Japan,Japan,JP,422.86,504.18,22.78,12.87,,true,ESTIMATED_MODE_BREAKDOWN
2024-11-05 22:00:00,Japan,Japan,JP,398.14,478.06,27.28,17.88,,true,ESTIMATED_MODE_BREAKDOWN
2024-11-05 23:00:00,Japan,Japan,JP,356.14,432.98,34.93,26.28,,true,ESTIMATED_MODE_BREAKDOWN
2024-11-06 00:00:00,Japan,Japan,JP,323.39,397.55,40.9,32.75,,true,ESTIMATED_MODE_BREAKDOWN
2024-11-06 01:00:00,Japan,Japan,JP,300.08,372.51,45.15,37.17,,true,ESTIMATED_MODE_BREAKDOWN
2024-11-06 02:00:00,Japan,Japan,JP,288.46,359.55,47.27,39.32,,true,ESTIMATED_MODE_BREAKDOWN
2024-11-06 03:00:00,Japan,Japan,JP,279.63,349.13,48.9,40.52,,true,ESTIMATED_MODE_BREAKDOWN
2024-11-06 04:00:00,Japan,Japan,JP,296.71,367.5,45.79,37.81,,true,ESTIMATED_MODE_BREAKDOWN
2024-11-06 05:00:00,Japan,Japan,JP,324.31,397.71,40.75,32.84,,true,ESTIMATED_MODE_BREAKDOWN
2024-11-06 06:00:00,Japan,Japan,JP,372.45,450.21,31.97,24.03,,true,ESTIMATED_MODE_BREAKDOWN
2024-11-06 07:00:00,Japan,Japan,JP,421.83,503.87,22.96,15.17,,true,ESTIMATED_MODE_BREAKDOWN
2024-11-06 08:00:00,Japan,Japan,JP,434.73,517.91,20.61,12.76,,true,ESTIMATED_MODE_BREAKDOWN
2024-11-06 09:00:00,Japan,Japan,JP,433.52,516.62,20.83,12.91,,true,ESTIMATED_MODE_BREAKDOWN
2024-11-06 10:00:00,Japan,Japan,JP,431.31,514.21,21.23,13.04,,true,ESTIMATED_MODE_BREAKDOWN
2024-11-06 11:00:00,Japan,Japan,JP,428.73,511.3,21.7,13.09,,true,ESTIMATED_MODE_BREAKDOWN
2024-11-06 12:00:00,Japan,Japan,JP,425.59,507.73,22.27,13.26,,true,ESTIMATED_MODE_BREAKDOWN
2024-11-06 13:00:00,Japan,Japan,JP,423.07,505.05,22.73,13.35,,true,ESTIMATED_MODE_BREAKDOWN
2024-11-06 14:00:00,Japan,Japan,JP,420.83,502.43,23.13,13.45,,true,ESTIMATED_MODE_BREAKDOWN
2024-11-06 15:00:00,Japan,Japan,JP,416.46,496.99,23.94,13.47,,true,ESTIMATED_MODE_BREAKDOWN
2024-11-06 16:00:00,Japan,Japan,JP,413.87,493.71,24.42,13.66,,true,ESTIMATED_MODE_BREAKDOWN
2024-11-06 17:00:00,Japan,Japan,JP,413.77,493.62,24.44,13.78,,true,ESTIMATED_MODE_BREAKDOWN
2024-11-06 18:00:00,Japan,Japan,JP,416.28,496.78,23.98,13.8,,true,ESTIMATED_MODE_BREAKDOWN
2024-11-06 19:00:00,Japan,Japan,JP,418.39,498.84,23.6,13.89,,true,ESTIMATED_MODE_BREAKDOWN
2024-11-06 20:00:00,Japan,Japan,JP,419.43,500.09,23.41,13.88,,true,ESTIMATED_MODE_BREAKDOWN
2024-11-06 21:00:00,Japan,Japan,JP,417.24,498.03,23.81,14.49,,true,ESTIMATED_MODE_BREAKDOWN
2024-11-06 22:00:00,Japan,Japan,JP,374.17,451.19,31.67,22.77,,true,ESTIMATED_MODE_BREAKDOWN
2024-11-06 23:00:00,Japan,Japan,JP,316.05,387.89,42.28,33.94,,true,ESTIMATED_MODE_BREAKDOWN
2024-11-07 00:00:00,Japan,Japan,JP,272.95,341.05,50.14,42.19,,true,ESTIMATED_MODE_BREAKDOWN
2024-11-07 01:00:00,Japan,Japan,JP,246.45,311.9,54.98,47.09,,true,ESTIMATED_MODE_BREAKDOWN
2024-11-07 02:00:00,Japan,Japan,JP,239.62,304.91,56.22,48.32,,true,ESTIMATED_MODE_BREAKDOWN
2024-11-07 03:00:00,Japan,Japan,JP,233.72,298.98,57.28,48.97,,true,ESTIMATED_MODE_BREAKDOWN
2024-11-07 04:00:00,Japan,Japan,JP,262.52,330.34,52.03,44.08,,true,ESTIMATED_MODE_BREAKDOWN
2024-11-07 05:00:00,Japan,Japan,JP,305.66,377.26,44.16,36.29,,true,ESTIMATED_MODE_BREAKDOWN
2024-11-07 06:00:00,Japan,Japan,JP,365.03,441.86,33.33,25.53,,true,ESTIMATED_MODE_BREAKDOWN
2024-11-07 07:00:00,Japan,Japan,JP,419.41,500.92,23.41,15.71,,true,ESTIMATED_MODE_BREAKDOWN
2024-11-07 08:00:00,Japan,Japan,JP,433.78,516.66,20.79,13.16,,true,ESTIMATED_MODE_BREAKDOWN
2024-11-07 09:00:00,Japan,Japan,JP,433.34,516.4,20.87,13.14,,true,ESTIMATED_MODE_BREAKDOWN
2024-11-07 10:00:00,Japan,Japan,JP,432.05,515.06,21.1,13.17,,true,ESTIMATED_MODE_BREAKDOWN
2024-11-07 11:00:00,Japan,Japan,JP,430.62,513.42,21.36,13.16,,true,ESTIMATED_MODE_BREAKDOWN
2024-11-07 12:00:00,Japan,Japan,JP,428.91,511.55,21.67,13.11,,true,ESTIMATED_MODE_BREAKDOWN
2024-11-07 13:00:00,Japan,Japan,JP,426.31,508.37,22.14,13.07,,true,ESTIMATED_MODE_BREAKDOWN
2024-11-07 14:00:00,Japan,Japan,JP,425.07,506.36,22.38,13.0,,true,ESTIMATED_MODE_BREAKDOWN
2024-11-07 15:00:00,Japan,Japan,JP,418.82,498.58,23.53,12.81,,true,ESTIMATED_MODE_BREAKDOWN
2024-11-07 16:00:00,Japan,Japan,JP,420.46,500.4,23.24,12.82,,true,ESTIMATED_MODE_BREAKDOWN
2024-11-07 17:00:00,Japan,Japan,JP,422.02,502.32,22.95,12.72,,true,ESTIMATED_MODE_BREAKDOWN
2024-11-07 18:00:00,Japan,Japan,JP,424.82,506.02,22.43,12.69,,true,ESTIMATED_MODE_BREAKDOWN
2024-11-07 19:00:00,Japan,Japan,JP,426.24,507.49,22.18,12.82,,true,ESTIMATED_MODE_BREAKDOWN
2024-11-07 20:00:00,Japan,Japan,JP,427.91,509.57,21.87,12.76,,true,ESTIMATED_MODE_BREAKDOWN
2024-11-07 21:00:00,Japan,Japan,JP,427.08,509.31,22.01,13.27,,true,ESTIMATED_MODE_BREAKDOWN
2024-11-07 22:00:00,Japan,Japan,JP,391.47,470.39,28.51,19.99,,true,ESTIMATED_MODE_BREAKDOWN
2024-11-07 23:00:00,Japan,Japan,JP,338.5,412.67,38.18,30.24,,true,ESTIMATED_MODE_BREAKDOWN
2024-11-08 00:00:00,Japan,Japan,JP,289.26,359.56,47.16,39.55,,true,ESTIMATED_MODE_BREAKDOWN
2024-11-08 01:00:00,Japan,Japan,JP,252.22,319.27,53.91,46.21,,true,ESTIMATED_MODE_BREAKDOWN
2024-11-08 02:00:00,Japan,Japan,JP,239.47,305.99,56.23,48.53,,true,ESTIMATED_MODE_BREAKDOWN
2024-11-08 03:00:00,Japan,Japan,JP,234.79,300.77,57.08,48.94,,true,ESTIMATED_MODE_BREAKDOWN
2024-11-08 04:00:00,Japan,Japan,JP,263.98,332.14,51.76,43.86,,true,ESTIMATED_MODE_BREAKDOWN
2024-11-08 05:00:00,Japan,Japan,JP,310.12,382.6,43.34,35.51,,true,ESTIMATED_MODE_BREAKDOWN
2024-11-08 06:00:00,Japan,Japan,JP,371.35,449.7,32.16,24.24,,true,ESTIMATED_MODE_BREAKDOWN
2024-11-08 07:00:00,Japan,Japan,JP,424.66,507.51,22.44,14.68,,true,ESTIMATED_MODE_BREAKDOWN
2024-11-08 08:00:00,Japan,Japan,JP,436.97,520.63,20.2,12.55,,true,ESTIMATED_MODE_BREAKDOWN
2024-11-08 09:00:00,Japan,Japan,JP,436.56,520.22,20.28,12.53,,true,ESTIMATED_MODE_BREAKDOWN
2024-11-08 10:00:00,Japan,Japan,JP,435.13,518.72,20.53,12.65,,true,ESTIMATED_MODE_BREAKDOWN
2024-11-08 11:00:00,Japan,Japan,JP,433.27,516.58,20.87,12.66,,true,ESTIMATED_MODE_BREAKDOWN
2024-11-08 12:00:00,Japan,Japan,JP,430.97,513.99,21.29,12.72,,true,ESTIMATED_MODE_BREAKDOWN
2024-11-08 13:00:00,Japan,Japan,JP,428.76,511.56,21.69,12.7,,true,ESTIMATED_MODE_BREAKDOWN
2024-11-08 14:00:00,Japan,Japan,JP,427.64,509.79,21.9,12.76,,true,ESTIMATED_MODE_BREAKDOWN
2024-11-08 15:00:00,Japan,Japan,JP,422.31,503.91,22.87,12.94,,true,ESTIMATED_MODE_BREAKDOWN
2024-11-08 16:00:00,Japan,Japan,JP,420.02,501.36,23.29,12.93,,true,ESTIMATED_MODE_BREAKDOWN
2024-11-08 17:00:00,Japan,Japan,JP,420.83,501.98,23.15,12.93,,true,ESTIMATED_MODE_BREAKDOWN
2024-11-08 18:00:00,Japan,Japan,JP,422.76,504.38,22.79,12.93,,true,ESTIMATED_MODE_BREAKDOWN
2024-11-08 19:00:00,Japan,Japan,JP,424.17,505.69,22.54,12.97,,true,ESTIMATED_MODE_BREAKDOWN
2024-11-08 20:00:00,Japan,Japan,JP,424.5,506.0,22.48,12.88,,true,ESTIMATED_MODE_BREAKDOWN
2024-11-08 21:00:00,Japan,Japan,JP,421.18,502.72,23.08,13.4,,true,ESTIMATED_MODE_BREAKDOWN
2024-11-08 22:00:00,Japan,Japan,JP,376.36,454.41,31.25,21.8,,true,ESTIMATED_MODE_BREAKDOWN
2024-11-08 23:00:00,Japan,Japan,JP,307.33,379.78,43.84,34.66,,true,ESTIMATED_MODE_BREAKDOWN
2024-11-09 00:00:00,Japan,Japan,JP,249.65,316.6,54.37,45.31,,true,ESTIMATED_MODE_BREAKDOWN
2024-11-09 01:00:00,Japan,Japan,JP,207.8,270.61,62.02,52.86,,true,ESTIMATED_MODE_BREAKDOWN
2024-11-09 02:00:00,Japan,Japan,JP,189.84,250.97,65.3,56.05,,true,ESTIMATED_MODE_BREAKDOWN
2024-11-09 03:00:00,Japan,Japan,JP,196.18,256.48,64.18,54.74,,true,ESTIMATED_MODE_BREAKDOWN
2024-11-09 04:00:00,Japan,Japan,JP,231.81,294.33,57.7,48.28,,true,ESTIMATED_MODE_BREAKDOWN
2024-11-09 05:00:00,Japan,Japan,JP,283.71,350.84,48.23,38.66,,true,ESTIMATED_MODE_BREAKDOWN
2024-11-09 06:00:00,Japan,Japan,JP,357.23,430.29,34.82,25.35,,true,ESTIMATED_MODE_BREAKDOWN
2024-11-09 07:00:00,Japan,Japan,JP,419.7,498.78,23.41,14.15,,true,ESTIMATED_MODE_BREAKDOWN
2024-11-09 08:00:00,Japan,Japan,JP,433.64,514.04,20.87,12.12,,true,ESTIMATED_MODE_BREAKDOWN
2024-11-09 09:00:00,Japan,Japan,JP,433.68,514.03,20.86,12.09,,true,ESTIMATED_MODE_BREAKDOWN
2024-11-09 10:00:00,Japan,Japan,JP,433.35,513.63,20.92,12.07,,true,ESTIMATED_MODE_BREAKDOWN
2024-11-09 11:00:00,Japan,Japan,JP,431.74,511.54,21.22,12.01,,true,ESTIMATED_MODE_BREAKDOWN
2024-11-09 12:00:00,Japan,Japan,JP,430.23,508.13,21.54,11.89,,true,ESTIMATED_MODE_BREAKDOWN
2024-11-09 13:00:00,Japan,Japan,JP,426.55,506.88,22.14,12.1,,true,ESTIMATED_MODE_BREAKDOWN
2024-11-09 14:00:00,Japan,Japan,JP,424.43,505.29,22.51,12.23,,true,ESTIMATED_MODE_BREAKDOWN
2024-11-09 15:00:00,Japan,Japan,JP,420.33,500.23,23.26,12.22,,true,ESTIMATED_MODE_BREAKDOWN
2024-11-09 16:00:00,Japan,Japan,JP,418.49,497.9,23.6,12.22,,true,ESTIMATED_MODE_BREAKDOWN
2024-11-09 17:00:00,Japan,Japan,JP,419.74,499.23,23.38,12.25,,true,ESTIMATED_MODE_BREAKDOWN
2024-11-09 18:00:00,Japan,Japan,JP,422.09,501.49,22.96,12.35,,true,ESTIMATED_MODE_BREAKDOWN
2024-11-09 19:00:00,Japan,Japan,JP,423.37,502.34,22.74,12.35,,true,ESTIMATED_MODE_BREAKDOWN
2024-11-09 20:00:00,Japan,Japan,JP,423.79,502.71,22.67,12.31,,true,ESTIMATED_MODE_BREAKDOWN
2024-11-09 21:00:00,Japan,Japan,JP,419.0,498.23,23.52,12.93,,true,ESTIMATED_MODE_BREAKDOWN
2024-11-09 22:00:00,Japan,Japan,JP,387.19,464.38,29.31,18.86,,true,ESTIMATED_MODE_BREAKDOWN
2024-11-09 23:00:00,Japan,Japan,JP,331.64,404.62,39.44,29.3,,true,ESTIMATED_MODE_BREAKDOWN
2024-11-10 00:00:00,Japan,Japan,JP,292.15,362.22,46.63,36.76,,true,ESTIMATED_MODE_BREAKDOWN
2024-11-10 01:00:00,Japan,Japan,JP,271.04,339.2,50.48,40.53,,true,ESTIMATED_MODE_BREAKDOWN
2024-11-10 02:00:00,Japan,Japan,JP,266.5,332.96,51.34,41.46,,true,ESTIMATED_MODE_BREAKDOWN
2024-11-10 03:00:00,Japan,Japan,JP,279.53,347.2,48.96,39.03,,true,ESTIMATED_MODE_BREAKDOWN
2024-11-10 04:00:00,Japan,Japan,JP,313.8,384.86,42.7,32.68,,true,ESTIMATED_MODE_BREAKDOWN
2024-11-10 05:00:00,Japan,Japan,JP,357.57,432.44,34.71,24.75,,true,ESTIMATED_MODE_BREAKDOWN
2024-11-10 06:00:00,Japan,Japan,JP,398.57,476.89,27.24,17.31,,true,ESTIMATED_MODE_BREAKDOWN
2024-11-10 07:00:00,Japan,Japan,JP,426.45,507.7,22.14,12.8,,true,ESTIMATED_MODE_BREAKDOWN
2024-11-10 08:00:00,Japan,Japan,JP,432.08,513.69,21.12,12.18,,true,ESTIMATED_MODE_BREAKDOWN
2024-11-10 09:00:00,Japan,Japan,JP,432.62,514.2,21.03,12.14,,true,ESTIMATED_MODE_BREAKDOWN
2024-11-10 10:00:00,Japan,Japan,JP,431.44,513.6,21.22,12.21,,true,ESTIMATED_MODE_BREAKDOWN
2024-11-10 11:00:00,Japan,Japan,JP,429.79,512.26,21.51,12.19,,true,ESTIMATED_MODE_BREAKDOWN
2024-11-10 12:00:00,Japan,Japan,JP,427.43,509.67,21.94,12.26,,true,ESTIMATED_MODE_BREAKDOWN
2024-11-10 13:00:00,Japan,Japan,JP,424.58,506.38,22.46,12.17,,true,ESTIMATED_MODE_BREAKDOWN
2024-11-10 14:00:00,Japan,Japan,JP,422.42,503.62,22.86,12.2,,true,ESTIMATED_MODE_BREAKDOWN
2024-11-10 15:00:00,Japan,Japan,JP,418.36,498.55,23.61,12.17,,true,ESTIMATED_MODE_BREAKDOWN
2024-11-10 16:00:00,Japan,Japan,JP,416.93,496.24,23.89,12.09,,true,ESTIMATED_MODE_BREAKDOWN
2024-11-10 17:00:00,Japan,Japan,JP,418.16,497.43,23.67,12.18,,true,ESTIMATED_MODE_BREAKDOWN
2024-11-10 18:00:00,Japan,Japan,JP,419.96,499.65,23.34,12.4,,true,ESTIMATED_MODE_BREAKDOWN
2024-11-10 19:00:00,Japan,Japan,JP,421.96,501.54,22.98,12.42,,true,ESTIMATED_MODE_BREAKDOWN
2024-11-10 20:00:00,Japan,Japan,JP,422.91,502.81,22.81,12.46,,true,ESTIMATED_MODE_BREAKDOWN
2024-11-10 21:00:00,Japan,Japan,JP,423.89,504.82,22.61,12.69,,true,ESTIMATED_MODE_BREAKDOWN
2024-11-10 22:00:00,Japan,Japan,JP,410.64,491.88,25.0,15.94,,true,ESTIMATED_MODE_BREAKDOWN
2024-11-10 23:00:00,Japan,Japan,JP,380.34,459.58,30.51,22.23,,true,ESTIMATED_MODE_BREAKDOWN
2024-11-11 00:00:00,Japan,Japan,JP,336.55,412.25,38.49,30.66,,true,ESTIMATED_MODE_BREAKDOWN
2024-11-11 01:00:00,Japan,Japan,JP,292.67,364.03,46.51,38.68,,true,ESTIMATED_MODE_BREAKDOWN
2024-11-11 02:00:00,Japan,Japan,JP,260.04,328.07,52.48,44.59,,true,ESTIMATED_MODE_BREAKDOWN
2024-11-11 03:00:00,Japan,Japan,JP,246.71,313.65,54.9,46.58,,true,ESTIMATED_MODE_BREAKDOWN
2024-11-11 04:00:00,Japan,Japan,JP,270.13,339.23,50.63,42.62,,true,ESTIMATED_MODE_BREAKDOWN
2024-11-11 05:00:00,Japan,Japan,JP,309.56,382.04,43.44,35.49,,true,ESTIMATED_MODE_BREAKDOWN
2024-11-11 06:00:00,Japan,Japan,JP,372.06,450.15,32.03,24.11,,true,ESTIMATED_MODE_BREAKDOWN
2024-11-11 07:00:00,Japan,Japan,JP,423.14,505.45,22.72,14.86,,true,ESTIMATED_MODE_BREAKDOWN
2024-11-11 08:00:00,Japan,Japan,JP,435.59,518.9,20.45,12.66,,true,ESTIMATED_MODE_BREAKDOWN
2024-11-11 09:00:00,Japan,Japan,JP,435.57,518.91,20.46,12.5,,true,ESTIMATED_MODE_BREAKDOWN
2024-11-11 10:00:00,Japan,Japan,JP,433.8,517.07,20.78,12.46,,true,ESTIMATED_MODE_BREAKDOWN
2024-11-11 11:00:00,Japan,Japan,JP,432.53,515.67,21.01,12.35,,true,ESTIMATED_MODE_BREAKDOWN
2024-11-11 12:00:00,Japan,Japan,JP,430.95,513.98,21.29,12.23,,true,ESTIMATED_MODE_BREAKDOWN
2024-11-11 13:00:00,Japan,Japan,JP,428.75,511.48,21.69,12.24,,true,ESTIMATED_MODE_BREAKDOWN
2024-11-11 14:00:00,Japan,Japan,JP,427.71,510.18,21.88,12.21,,true,ESTIMATED_MODE_BREAKDOWN
2024-11-11 15:00:00,Japan,Japan,JP,421.5,502.35,23.03,12.09,,true,ESTIMATED_MODE_BREAKDOWN
2024-11-11 16:00:00,Japan,Japan,JP,422.12,502.65,22.93,12.1,,true,ESTIMATED_MODE_BREAKDOWN
2024-11-11 17:00:00,Japan,Japan,JP,423.41,504.5,22.68,12.08,,true,ESTIMATED_MODE_BREAKDOWN
2024-11-11 18:00:00,Japan,Japan,JP,425.53,506.81,22.3,12.24,,true,ESTIMATED_MODE_BREAKDOWN
2024-11-11 19:00:00,Japan,Japan,JP,426.96,508.84,22.04,12.3,,true,ESTIMATED_MODE_BREAKDOWN
2024-11-11 20:00:00,Japan,Japan,JP,428.03,510.01,21.84,12.25,,true,ESTIMATED_MODE_BREAKDOWN
2024-11-11 21:00:00,Japan,Japan,JP,427.29,509.6,21.97,12.72,,true,ESTIMATED_MODE_BREAKDOWN
2024-11-11 22:00:00,Japan,Japan,JP,392.96,472.52,28.23,19.34,,true,ESTIMATED_MODE_BREAKDOWN
2024-11-11 23:00:00,Japan,Japan,JP,339.71,415.08,37.94,29.66,,true,ESTIMATED_MODE_BREAKDOWN
2024-11-12 00:00:00,Japan,Japan,JP,293.65,365.12,46.34,38.54,,true,ESTIMATED_MODE_BREAKDOWN
2024-11-12 01:00:00,Japan,Japan,JP,260.0,328.2,52.49,44.68,,true,ESTIMATED_MODE_BREAKDOWN
2024-11-12 02:00:00,Japan,Japan,JP,252.86,320.49,53.79,46.02,,true,ESTIMATED_MODE_BREAKDOWN
2024-11-12 03:00:00,Japan,Japan,JP,252.89,320.59,53.78,45.55,,true,ESTIMATED_MODE_BREAKDOWN
2024-11-12 04:00:00,Japan,Japan,JP,285.87,356.0,47.77,39.95,,true,ESTIMATED_MODE_BREAKDOWN
2024-11-12 05:00:00,Japan,Japan,JP,327.8,400.86,40.14,32.45,,true,ESTIMATED_MODE_BREAKDOWN
2024-11-12 06:00:00,Japan,Japan,JP,381.11,459.63,30.39,22.58,,true,ESTIMATED_MODE_BREAKDOWN
2024-11-12 07:00:00,Japan,Japan,JP,425.77,508.41,22.24,14.47,,true,ESTIMATED_MODE_BREAKDOWN
2024-11-12 08:00:00,Japan,Japan,JP,436.9,520.47,20.22,12.42,,true,ESTIMATED_MODE_BREAKDOWN
2024-11-12 09:00:00,Japan,Japan,JP,435.43,518.8,20.49,12.52,,true,ESTIMATED_MODE_BREAKDOWN
2024-11-12 10:00:00,Japan,Japan,JP,433.21,516.38,20.89,12.65,,true,ESTIMATED_MODE_BREAKDOWN
2024-11-12 11:00:00,Japan,Japan,JP,430.71,513.57,21.34,12.77,,true,ESTIMATED_MODE_BREAKDOWN
2024-11-12 12:00:00,Japan,Japan,JP,426.82,509.14,22.05,13.01,,true,ESTIMATED_MODE_BREAKDOWN
2024-11-12 13:00:00,Japan,Japan,JP,424.31,506.42,22.5,13.1,,true,ESTIMATED_MODE_BREAKDOWN
2024-11-12 14:00:00,Japan,Japan,JP,422.37,503.99,22.86,13.15,,true,ESTIMATED_MODE_BREAKDOWN
2024-11-12 15:00:00,Japan,Japan,JP,417.22,498.07,23.8,13.4,,true,ESTIMATED_MODE_BREAKDOWN
2024-11-12 16:00:00,Japan,Japan,JP,415.22,496.12,24.16,13.42,,true,ESTIMATED_MODE_BREAKDOWN
2024-11-12 17:00:00,Japan,Japan,JP,416.78,497.83,23.88,13.45,,true,ESTIMATED_MODE_BREAKDOWN
2024-11-12 18:00:00,Japan,Japan,JP,419.09,500.1,23.46,13.34,,true,ESTIMATED_MODE_BREAKDOWN
2024-11-12 19:00:00,Japan,Japan,JP,421.38,502.46,23.06,13.31,,true,ESTIMATED_MODE_BREAKDOWN
2024-11-12 20:00:00,Japan,Japan,JP,422.63,503.8,22.83,13.18,,true,ESTIMATED_MODE_BREAKDOWN
2024-11-12 21:00:00,Japan,Japan,JP,422.24,503.73,22.89,13.42,,true,ESTIMATED_MODE_BREAKDOWN
2024-11-12 22:00:00,Japan,Japan,JP,382.93,461.09,30.07,21.08,,true,ESTIMATED_MODE_BREAKDOWN
2024-11-12 23:00:00,Japan,Japan,JP,320.57,392.98,41.45,33.0,,true,ESTIMATED_MODE_BREAKDOWN
2024-11-13 00:00:00,Japan,Japan,JP,270.53,338.24,50.59,42.65,,true,ESTIMATED_MODE_BREAKDOWN
2024-11-13 01:00:00,Japan,Japan,JP,235.13,299.7,57.05,49.24,,true,ESTIMATED_MODE_BREAKDOWN
2024-11-13 02:00:00,Japan,Japan,JP,221.48,285.79,59.52,51.56,,true,ESTIMATED_MODE_BREAKDOWN
2024-11-13 03:00:00,Japan,Japan,JP,220.17,284.71,59.75,51.45,,true,ESTIMATED_MODE_BREAKDOWN
2024-11-13 04:00:00,Japan,Japan,JP,253.26,320.81,53.71,45.65,,true,ESTIMATED_MODE_BREAKDOWN
2024-11-13 05:00:00,Japan,Japan,JP,303.63,375.68,44.52,36.55,,true,ESTIMATED_MODE_BREAKDOWN
2024-11-13 06:00:00,Japan,Japan,JP,371.4,449.53,32.15,24.24,,true,ESTIMATED_MODE_BREAKDOWN
2024-11-13 07:00:00,Japan,Japan,JP,425.52,508.21,22.29,14.43,,true,ESTIMATED_MODE_BREAKDOWN
2024-11-13 08:00:00,Japan,Japan,JP,437.05,520.54,20.19,12.3,,true,ESTIMATED_MODE_BREAKDOWN
2024-11-13 09:00:00,Japan,Japan,JP,436.68,520.08,20.26,12.22,,true,ESTIMATED_MODE_BREAKDOWN
2024-11-13 10:00:00,Japan,Japan,JP,435.33,518.62,20.5,12.2,,true,ESTIMATED_MODE_BREAKDOWN
2024-11-13 11:00:00,Japan,Japan,JP,434.1,517.37,20.72,12.15,,true,ESTIMATED_MODE_BREAKDOWN
2024-11-13 12:00:00,Japan,Japan,JP,431.87,514.99,21.12,12.14,,true,ESTIMATED_MODE_BREAKDOWN
2024-11-13 13:00:00,Japan,Japan,JP,429.24,512.1,21.6,12.17,,true,ESTIMATED_MODE_BREAKDOWN
2024-11-13 14:00:00,Japan,Japan,JP,427.44,510.14,21.93,12.2,,true,ESTIMATED_MODE_BREAKDOWN
2024-11-13 15:00:00,Japan,Japan,JP,421.27,503.04,23.05,12.15,,true,ESTIMATED_MODE_BREAKDOWN
2024-11-13 16:00:00,Japan,Japan,JP,422.02,503.97,22.92,12.09,,true,ESTIMATED_MODE_BREAKDOWN
2024-11-13 17:00:00,Japan,Japan,JP,421.94,503.75,22.93,12.18,,true,ESTIMATED_MODE_BREAKDOWN
2024-11-13 18:00:00,Japan,Japan,JP,422.88,504.46,22.77,12.17,,true,ESTIMATED_MODE_BREAKDOWN
2024-11-13 19:00:00,Japan,Japan,JP,427.07,508.89,22.02,12.27,,true,ESTIMATED_MODE_BREAKDOWN
2024-11-13 20:00:00,Japan,Japan,JP,428.53,510.4,21.75,12.22,,true,ESTIMATED_MODE_BREAKDOWN
2024-11-13 21:00:00,Japan,Japan,JP,427.95,510.27,21.85,12.58,,true,ESTIMATED_MODE_BREAKDOWN
2024-11-13 22:00:00,Japan,Japan,JP,399.12,479.25,27.11,18.33,,true,ESTIMATED_MODE_BREAKDOWN
2024-11-13 23:00:00,Japan,Japan,JP,354.52,430.99,35.24,27.07,,true,ESTIMATED_MODE_BREAKDOWN
2024-11-14 00:00:00,Japan,Japan,JP,313.75,386.78,42.67,34.92,,true,ESTIMATED_MODE_BREAKDOWN
2024-11-14 01:00:00,Japan,Japan,JP,281.96,352.01,48.48,40.76,,true,ESTIMATED_MODE_BREAKDOWN
2024-11-14 02:00:00,Japan,Japan,JP,271.13,340.19,50.45,42.66,,true,ESTIMATED_MODE_BREAKDOWN
2024-11-14 03:00:00,Japan,Japan,JP,278.48,347.99,49.12,41.03,,true,ESTIMATED_MODE_BREAKDOWN
2024-11-14 04:00:00,Japan,Japan,JP,311.7,384.82,43.04,35.18,,true,ESTIMATED_MODE_BREAKDOWN
2024-11-14 05:00:00,Japan,Japan,JP,350.72,427.62,35.91,28.2,,true,ESTIMATED_MODE_BREAKDOWN
2024-11-14 06:00:00,Japan,Japan,JP,400.28,481.41,26.88,19.13,,true,ESTIMATED_MODE_BREAKDOWN
2024-11-14 07:00:00,Japan,Japan,JP,433.54,517.2,20.82,13.2,,true,ESTIMATED_MODE_BREAKDOWN
2024-11-14 08:00:00,Japan,Japan,JP,439.74,523.83,19.69,12.03,,true,ESTIMATED_MODE_BREAKDOWN
2024-11-14 09:00:00,Japan,Japan,JP,439.0,522.93,19.83,12.01,,true,ESTIMATED_MODE_BREAKDOWN
2024-11-14 10:00:00,Japan,Japan,JP,437.35,521.17,20.13,12.04,,true,ESTIMATED_MODE_BREAKDOWN
2024-11-14 11:00:00,Japan,Japan,JP,435.45,519.04,20.47,12.06,,true,ESTIMATED_MODE_BREAKDOWN
2024-11-14 12:00:00,Japan,Japan,JP,433.18,516.52,20.89,12.11,,true,ESTIMATED_MODE_BREAKDOWN
2024-11-14 13:00:00,Japan,Japan,JP,429.86,513.0,21.49,12.22,,true,ESTIMATED_MODE_BREAKDOWN
2024-11-14 14:00:00,Japan,Japan,JP,427.96,510.8,21.83,12.18,,true,ESTIMATED_MODE_BREAKDOWN
2024-11-14 15:00:00,Japan,Japan,JP,424.72,507.08,22.42,12.15,,true,ESTIMATED_MODE_BREAKDOWN
2024-11-14 16:00:00,Japan,Japan,JP,423.06,505.12,22.73,12.05,,true,ESTIMATED_MODE_BREAKDOWN
2024-11-14 17:00:00,Japan,Japan,JP,423.53,505.54,22.65,12.12,,true,ESTIMATED_MODE_BREAKDOWN
2024-11-14 18:00:00,Japan,Japan,JP,425.58,507.39,22.29,12.18,,true,ESTIMATED_MODE_BREAKDOWN
2024-11-14 19:00:00,Japan,Japan,JP,427.66,509.34,21.92,12.16,,true,ESTIMATED_MODE_BREAKDOWN
2024-11-14 20:00:00,Japan,Japan,JP,428.26,510.04,21.81,12.14,,true,ESTIMATED_MODE_BREAKDOWN
2024-11-14 21:00:00,Japan,Japan,JP,428.93,511.25,21.67,12.22,,true,ESTIMATED_MODE_BREAKDOWN
2024-11-14 22:00:00,Japan,Japan,JP,424.56,507.02,22.46,13.65,,true,ESTIMATED_MODE_BREAKDOWN
2024-11-14 23:00:00,Japan,Japan,JP,413.19,494.77,24.54,16.43,,true,ESTIMATED_MODE_BREAKDOWN
2024-11-15 00:00:00,Japan,Japan,JP,394.2,473.95,28.01,20.41,,true,ESTIMATED_MODE_BREAKDOWN
2024-11-15 01:00:00,Japan,Japan,JP,377.74,455.87,31.02,23.4,,true,ESTIMATED_MODE_BREAKDOWN
2024-11-15 02:00:00,Japan,Japan,JP,371.65,449.05,32.13,24.51,,true,ESTIMATED_MODE_BREAKDOWN
2024-11-15 03:00:00,Japan,Japan,JP,373.3,450.82,31.83,23.92,,true,ESTIMATED_MODE_BREAKDOWN
2024-11-15 04:00:00,Japan,Japan,JP,383.34,461.52,30.01,22.22,,true,ESTIMATED_MODE_BREAKDOWN
2024-11-15 05:00:00,Japan,Japan,JP,396.05,475.54,27.68,20.04,,true,ESTIMATED_MODE_BREAKDOWN
2024-11-15 06:00:00,Japan,Japan,JP,416.96,498.58,23.86,16.05,,true,ESTIMATED_MODE_BREAKDOWN
2024-11-15 07:00:00,Japan,Japan,JP,435.85,519.3,20.41,12.76,,true,ESTIMATED_MODE_BREAKDOWN
2024-11-15 08:00:00,Japan,Japan,JP,438.34,522.03,19.96,12.23,,true,ESTIMATED_MODE_BREAKDOWN
2024-11-15 09:00:00,Japan,Japan,JP,436.57,520.09,20.28,12.3,,true,ESTIMATED_MODE_BREAKDOWN
2024-11-15 10:00:00,Japan,Japan,JP,434.85,518.22,20.59,12.37,,true,ESTIMATED_MODE_BREAKDOWN
2024-11-15 11:00:00,Japan,Japan,JP,433.22,516.35,20.88,12.32,,true,ESTIMATED_MODE_BREAKDOWN
2024-11-15 12:00:00,Japan,Japan,JP,431.02,513.97,21.28,12.26,,true,ESTIMATED_MODE_BREAKDOWN
2024-11-15 13:00:00,Japan,Japan,JP,428.9,511.7,21.67,12.24,,true,ESTIMATED_MODE_BREAKDOWN
2024-11-15 14:00:00,Japan,Japan,JP,427.57,510.25,21.91,12.25,,true,ESTIMATED_MODE_BREAKDOWN
2024-11-15 15:00:00,Japan,Japan,JP,422.46,504.32,22.84,12.21,,true,ESTIMATED_MODE_BREAKDOWN
2024-11-15 16:00:00,Japan,Japan,JP,421.3,503.06,23.05,12.22,,true,ESTIMATED_MODE_BREAKDOWN
2024-11-15 17:00:00,Japan,Japan,JP,422.4,504.23,22.85,12.19,,true,ESTIMATED_MODE_BREAKDOWN
2024-11-15 18:00:00,Japan,Japan,JP,423.29,504.97,22.7,12.16,,true,ESTIMATED_MODE_BREAKDOWN
2024-11-15 19:00:00,Japan,Japan,JP,425.17,507.03,22.36,12.22,,true,ESTIMATED_MODE_BREAKDOWN
2024-11-15 20:00:00,Japan,Japan,JP,424.89,506.54,22.41,12.23,,true,ESTIMATED_MODE_BREAKDOWN
2024-11-15 21:00:00,Japan,Japan,JP,421.56,503.19,23.01,12.6,,true,ESTIMATED_MODE_BREAKDOWN
2024-11-15 22:00:00,Japan,Japan,JP,397.26,476.86,27.45,17.37,,true,ESTIMATED_MODE_BREAKDOWN
2024-11-15 23:00:00,Japan,Japan,JP,366.64,443.32,33.05,23.49,,true,ESTIMATED_MODE_BREAKDOWN
2024-11-16 00:00:00,Japan,Japan,JP,343.79,418.21,37.22,27.99,,true,ESTIMATED_MODE_BREAKDOWN
2024-11-16 01:00:00,Japan,Japan,JP,332.64,405.97,39.25,30.05,,true,ESTIMATED_MODE_BREAKDOWN
2024-11-16 02:00:00,Japan,Japan,JP,332.81,405.96,39.23,30.06,,true,ESTIMATED_MODE_BREAKDOWN
2024-11-16 03:00:00,Japan,Japan,JP,339.19,412.66,38.06,28.66,,true,ESTIMATED_MODE_BREAKDOWN
2024-11-16 04:00:00,Japan,Japan,JP,360.65,436.57,34.14,24.91,,true,ESTIMATED_MODE_BREAKDOWN
2024-11-16 05:00:00,Japan,Japan,JP,383.7,461.99,29.92,20.5,,true,ESTIMATED_MODE_BREAKDOWN
2024-11-16 06:00:00,Japan,Japan,JP,408.15,488.69,25.46,16.18,,true,ESTIMATED_MODE_BREAKDOWN
2024-11-16 07:00:00,Japan,Japan,JP,426.82,509.33,22.05,13.05,,true,ESTIMATED_MODE_BREAKDOWN
2024-11-16 08:00:00,Japan,Japan,JP,430.69,513.52,21.35,12.46,,true,ESTIMATED_MODE_BREAKDOWN
2024-11-16 09:00:00,Japan,Japan,JP,430.94,513.72,21.3,12.46,,true,ESTIMATED_MODE_BREAKDOWN
2024-11-16 10:00:00,Japan,Japan,JP,428.9,511.49,21.67,12.47,,true,ESTIMATED_MODE_BREAKDOWN
2024-11-16 11:00:00,Japan,Japan,JP,427.81,510.26,21.87,12.52,,true,ESTIMATED_MODE_BREAKDOWN
2024-11-16 12:00:00,Japan,Japan,JP,423.78,505.84,22.6,12.65,,true,ESTIMATED_MODE_BREAKDOWN
2024-11-16 13:00:00,Japan,Japan,JP,421.76,503.73,22.96,12.64,,true,ESTIMATED_MODE_BREAKDOWN
2024-11-16 14:00:00,Japan,Japan,JP,420.49,502.25,23.2,12.72,,true,ESTIMATED_MODE_BREAKDOWN
2024-11-16 15:00:00,Japan,Japan,JP,415.2,496.17,24.16,12.89,,true,ESTIMATED_MODE_BREAKDOWN
2024-11-16 16:00:00,Japan,Japan,JP,412.73,493.31,24.61,12.86,,true,ESTIMATED_MODE_BREAKDOWN
2024-11-16 17:00:00,Japan,Japan,JP,413.69,494.39,24.44,12.95,,true,ESTIMATED_MODE_BREAKDOWN
2024-11-16 18:00:00,Japan,Japan,JP,416.0,496.69,24.03,13.0,,true,ESTIMATED_MODE_BREAKDOWN
2024-11-16 19:00:00,Japan,Japan,JP,417.39,498.09,23.78,13.06,,true,ESTIMATED_MODE_BREAKDOWN
2024-11-16 20:00:00,Japan,Japan,JP,416.78,497.33,23.89,13.09,,true,ESTIMATED_MODE_BREAKDOWN
2024-11-16 21:00:00,Japan,Japan,JP,412.86,493.22,24.6,13.32,,true,ESTIMATED_MODE_BREAKDOWN
2024-11-16 22:00:00,Japan,Japan,JP,390.95,469.68,28.59,17.58,,true,ESTIMATED_MODE_BREAKDOWN
2024-11-16 23:00:00,Japan,Japan,JP,350.66,425.8,35.95,25.31,,true,ESTIMATED_MODE_BREAKDOWN
2024-11-17 00:00:00,Japan,Japan,JP,310.46,382.59,43.27,32.92,,true,ESTIMATED_MODE_BREAKDOWN
2024-11-17 01:00:00,Japan,Japan,JP,257.98,325.04,52.86,42.52,,true,ESTIMATED_MODE_BREAKDOWN
2024-11-17 02:00:00,Japan,Japan,JP,238.04,302.74,56.51,46.5,,true,ESTIMATED_MODE_BREAKDOWN
2024-11-17 03:00:00,Japan,Japan,JP,256.76,323.42,53.09,43.29,,true,ESTIMATED_MODE_BREAKDOWN
2024-11-17 04:00:00,Japan,Japan,JP,295.3,365.81,46.05,36.1,,true,ESTIMATED_MODE_BREAKDOWN
2024-11-17 05:00:00,Japan,Japan,JP,336.45,410.48,38.54,28.38,,true,ESTIMATED_MODE_BREAKDOWN
2024-11-17 06:00:00,Japan,Japan,JP,381.8,459.64,30.27,20.3,,true,ESTIMATED_MODE_BREAKDOWN
2024-11-17 07:00:00,Japan,Japan,JP,417.27,498.22,23.8,14.14,,true,ESTIMATED_MODE_BREAKDOWN
2024-11-17 08:00:00,Japan,Japan,JP,425.53,507.71,22.29,13.14,,true,ESTIMATED_MODE_BREAKDOWN
2024-11-17 09:00:00,Japan,Japan,JP,426.05,508.21,22.19,13.13,,true,ESTIMATED_MODE_BREAKDOWN
2024-11-17 10:00:00,Japan,Japan,JP,424.55,506.6,22.46,13.18,,true,ESTIMATED_MODE_BREAKDOWN
2024-11-17 11:00:00,Japan,Japan,JP,422.84,504.7,22.77,13.19,,true,ESTIMATED_MODE_BREAKDOWN
2024-11-17 12:00:00,Japan,Japan,JP,419.34,500.71,23.41,13.42,,true,ESTIMATED_MODE_BREAKDOWN
2024-11-17 13:00:00,Japan,Japan,JP,416.36,497.45,23.95,13.51,,true,ESTIMATED_MODE_BREAKDOWN
2024-11-17 14:00:00,Japan,Japan,JP,413.96,494.69,24.39,13.69,,true,ESTIMATED_MODE_BREAKDOWN
2024-11-17 15:00:00,Japan,Japan,JP,407.36,487.06,25.59,13.87,,true,ESTIMATED_MODE_BREAKDOWN
2024-11-17 16:00:00,Japan,Japan,JP,406.3,485.88,25.79,13.98,,true,ESTIMATED_MODE_BREAKDOWN
2024-11-17 17:00:00,Japan,Japan,JP,406.94,486.51,25.67,14.08,,true,ESTIMATED_MODE_BREAKDOWN
2024-11-17 18:00:00,Japan,Japan,JP,409.86,489.64,25.15,14.06,,true,ESTIMATED_MODE_BREAKDOWN
2024-11-17 19:00:00,Japan,Japan,JP,412.63,492.53,24.65,14.12,,true,ESTIMATED_MODE_BREAKDOWN
2024-11-17 20:00:00,Japan,Japan,JP,413.78,493.64,24.45,14.05,,true,ESTIMATED_MODE_BREAKDOWN
2024-11-17 21:00:00,Japan,Japan,JP,416.6,497.22,23.92,14.17,,true,ESTIMATED_MODE_BREAKDOWN
2024-11-17 22:00:00,Japan,Japan,JP,395.68,474.75,27.74,18.57,,true,ESTIMATED_MODE_BREAKDOWN
2024-11-17 23:00:00,Japan,Japan,JP,352.62,428.22,35.59,27.31,,true,ESTIMATED_MODE_BREAKDOWN
2024-11-18 00:00:00,Japan,Japan,JP,319.26,392.16,41.67,33.89,,true,ESTIMATED_MODE_BREAKDOWN
2024-11-18 01:00:00,Japan,Japan,JP,296.54,367.46,45.82,38.08,,true,ESTIMATED_MODE_BREAKDOWN
2024-11-18 02:00:00,Japan,Japan,JP,281.59,350.28,48.56,40.77,,true,ESTIMATED_MODE_BREAKDOWN
2024-11-18 03:00:00,Japan,Japan,JP,274.2,342.54,49.9,41.84,,true,ESTIMATED_MODE_BREAKDOWN
2024-11-18 04:00:00,Japan,Japan,JP,298.9,370.27,45.38,37.55,,true,ESTIMATED_MODE_BREAKDOWN
2024-11-18 05:00:00,Japan,Japan,JP,335.66,409.91,38.68,30.98,,true,ESTIMATED_MODE_BREAKDOWN
2024-11-18 06:00:00,Japan,Japan,JP,383.52,461.94,29.95,22.27,,true,ESTIMATED_MODE_BREAKDOWN
2024-11-18 07:00:00,Japan,Japan,JP,423.9,506.14,22.58,15.11,,true,ESTIMATED_MODE_BREAKDOWN
2024-11-18 08:00:00,Japan,Japan,JP,432.28,515.23,21.06,13.62,,true,ESTIMATED_MODE_BREAKDOWN
2024-11-18 09:00:00,Japan,Japan,JP,432.03,514.87,21.11,13.63,,true,ESTIMATED_MODE_BREAKDOWN
2024-11-18 10:00:00,Japan,Japan,JP,430.42,513.05,21.4,13.66,,true,ESTIMATED_MODE_BREAKDOWN
2024-11-18 11:00:00,Japan,Japan,JP,428.26,510.63,21.79,13.73,,true,ESTIMATED_MODE_BREAKDOWN
2024-11-18 12:00:00,Japan,Japan,JP,426.98,509.17,22.02,13.71,,true,ESTIMATED_MODE_BREAKDOWN
2024-11-18 13:00:00,Japan,Japan,JP,423.93,505.85,22.57,13.77,,true,ESTIMATED_MODE_BREAKDOWN
2024-11-18 14:00:00,Japan,Japan,JP,421.86,503.62,22.95,13.82,,true,ESTIMATED_MODE_BREAKDOWN
2024-11-18 15:00:00,Japan,Japan,JP,417.81,498.86,23.69,13.95,,true,ESTIMATED_MODE_BREAKDOWN
2024-11-18 16:00:00,Japan,Japan,JP,415.71,496.54,24.07,14.03,,true,ESTIMATED_MODE_BREAKDOWN
2024-11-18 17:00:00,Japan,Japan,JP,417.29,498.23,23.79,13.98,,true,ESTIMATED_MODE_BREAKDOWN
2024-11-18 18:00:00,Japan,Japan,JP,420.92,502.1,23.13,13.74,,true,ESTIMATED_MODE_BREAKDOWN
2024-11-18 19:00:00,Japan,Japan,JP,423.08,504.23,22.75,13.66,,true,ESTIMATED_MODE_BREAKDOWN
2024-11-18 20:00:00,Japan,Japan,JP,425.27,506.68,22.35,13.54,,true,ESTIMATED_MODE_BREAKDOWN
2024-11-18 21:00:00,Japan,Japan,JP,427.06,509.12,22.01,13.58,,true,ESTIMATED_MODE_BREAKDOWN
2024-11-18 22:00:00,Japan,Japan,JP,402.21,482.26,26.55,18.57,,true,ESTIMATED_MODE_BREAKDOWN
2024-11-18 23:00:00,Japan,Japan,JP,352.06,427.88,35.7,28.22,,true,ESTIMATED_MODE_BREAKDOWN
2024-11-19 00:00:00,Japan,Japan,JP,310.78,383.07,43.23,36.04,,true,ESTIMATED_MODE_BREAKDOWN
2024-11-19 01:00:00,Japan,Japan,JP,276.05,345.2,49.57,42.31,,true,ESTIMATED_MODE_BREAKDOWN
2024-11-19 02:00:00,Japan,Japan,JP,264.56,332.61,51.66,44.32,,true,ESTIMATED_MODE_BREAKDOWN
2024-11-19 03:00:00,Japan,Japan,JP,264.21,331.98,51.73,44.05,,true,ESTIMATED_MODE_BREAKDOWN
2024-11-19 04:00:00,Japan,Japan,JP,295.58,366.15,46.01,38.51,,true,ESTIMATED_MODE_BREAKDOWN
2024-11-19 05:00:00,Japan,Japan,JP,338.67,413.19,38.14,30.69,,true,ESTIMATED_MODE_BREAKDOWN
2024-11-19 06:00:00,Japan,Japan,JP,392.13,471.91,28.38,20.98,,true,ESTIMATED_MODE_BREAKDOWN
2024-11-19 07:00:00,Japan,Japan,JP,433.03,516.5,20.92,13.78,,true,ESTIMATED_MODE_BREAKDOWN
2024-11-19 08:00:00,Japan,Japan,JP,441.52,525.63,19.38,12.32,,true,ESTIMATED_MODE_BREAKDOWN
2024-11-19 09:00:00,Japan,Japan,JP,441.68,525.81,19.35,12.29,,true,ESTIMATED_MODE_BREAKDOWN
2024-11-19 10:00:00,Japan,Japan,JP,440.43,524.42,19.57,12.31,,true,ESTIMATED_MODE_BREAKDOWN
2024-11-19 11:00:00,Japan,Japan,JP,439.05,523.04,19.82,12.3,,true,ESTIMATED_MODE_BREAKDOWN
2024-11-19 12:00:00,Japan,Japan,JP,436.89,520.59,20.21,12.35,,true,ESTIMATED_MODE_BREAKDOWN
2024-11-19 13:00:00,Japan,Japan,JP,434.24,517.69,20.7,12.38,,true,ESTIMATED_MODE_BREAKDOWN
2024-11-19 14:00:00,Japan,Japan,JP,432.25,515.53,21.06,12.45,,true,ESTIMATED_MODE_BREAKDOWN
2024-11-19 15:00:00,Japan,Japan,JP,427.17,509.66,21.98,12.39,,true,ESTIMATED_MODE_BREAKDOWN
2024-11-19 16:00:00,Japan,Japan,JP,426.43,508.96,22.12,12.48,,true,ESTIMATED_MODE_BREAKDOWN
2024-11-19 17:00:00,Japan,Japan,JP,426.52,508.9,22.1,12.42,,true,ESTIMATED_MODE_BREAKDOWN
2024-11-19 18:00:00,Japan,Japan,JP,429.95,512.54,21.49,12.37,,true,ESTIMATED_MODE_BREAKDOWN
2024-11-19 19:00:00,Japan,Japan,JP,431.64,514.19,21.18,12.35,,true,ESTIMATED_MODE_BREAKDOWN
2024-11-19 20:00:00,Japan,Japan,JP,433.46,516.16,20.86,12.24,,true,ESTIMATED_MODE_BREAKDOWN
2024-11-19 21:00:00,Japan,Japan,JP,435.53,518.79,20.47,12.38,,true,ESTIMATED_MODE_BREAKDOWN
2024-11-19 22:00:00,Japan,Japan,JP,420.65,503.04,23.18,15.55,,true,ESTIMATED_MODE_BREAKDOWN
2024-11-19 23:00:00,Japan,Japan,JP,391.65,471.8,28.46,21.36,,true,ESTIMATED_MODE_BREAKDOWN
2024-11-20 00:00:00,Japan,Japan,JP,363.58,441.77,33.57,26.72,,true,ESTIMATED_MODE_BREAKDOWN
2024-11-20 01:00:00,Japan,Japan,JP,336.58,412.8,38.48,31.52,,true,ESTIMATED_MODE_BREAKDOWN
2024-11-20 02:00:00,Japan,Japan,JP,325.32,400.61,40.53,33.47,,true,ESTIMATED_MODE_BREAKDOWN
2024-11-20 03:00:00,Japan,Japan,JP,326.94,402.53,40.23,32.8,,true,ESTIMATED_MODE_BREAKDOWN
2024-11-20 04:00:00,Japan,Japan,JP,349.47,427.33,36.11,28.94,,true,ESTIMATED_MODE_BREAKDOWN
2024-11-20 05:00:00,Japan,Japan,JP,379.28,459.69,30.68,23.59,,true,ESTIMATED_MODE_BREAKDOWN
2024-11-20 06:00:00,Japan,Japan,JP,407.86,490.29,25.48,18.45,,true,ESTIMATED_MODE_BREAKDOWN
2024-11-20 07:00:00,Japan,Japan,JP,434.54,518.74,20.63,13.76,,true,ESTIMATED_MODE_BREAKDOWN
2024-11-20 08:00:00,Japan,Japan,JP,443.92,528.69,18.93,12.0,,true,ESTIMATED_MODE_BREAKDOWN
2024-11-20 09:00:00,Japan,Japan,JP,443.25,527.88,19.05,12.04,,true,ESTIMATED_MODE_BREAKDOWN
2024-11-20 10:00:00,Japan,Japan,JP,442.35,526.83,19.22,12.04,,true,ESTIMATED_MODE_BREAKDOWN
2024-11-20 11:00:00,Japan,Japan,JP,440.87,525.1,19.49,12.02,,true,ESTIMATED_MODE_BREAKDOWN
2024-11-20 12:00:00,Japan,Japan,JP,438.27,522.27,19.96,12.13,,true,ESTIMATED_MODE_BREAKDOWN
2024-11-20 13:00:00,Japan,Japan,JP,435.66,519.36,20.43,12.16,,true,ESTIMATED_MODE_BREAKDOWN
2024-11-20 14:00:00,Japan,Japan,JP,433.53,516.98,20.82,12.13,,true,ESTIMATED_MODE_BREAKDOWN
2024-11-20 15:00:00,Japan,Japan,JP,429.37,512.14,21.58,12.17,,true,ESTIMATED_MODE_BREAKDOWN
2024-11-20 16:00:00,Japan,Japan,JP,427.02,509.51,22.01,12.22,,true,ESTIMATED_MODE_BREAKDOWN
2024-11-20 17:00:00,Japan,Japan,JP,427.69,510.09,21.89,12.27,,true,ESTIMATED_MODE_BREAKDOWN
2024-11-20 18:00:00,Japan,Japan,JP,430.05,512.47,21.47,12.22,,true,ESTIMATED_MODE_BREAKDOWN
2024-11-20 19:00:00,Japan,Japan,JP,431.4,513.74,21.23,12.21,,true,ESTIMATED_MODE_BREAKDOWN
2024-11-20 20:00:00,Japan,Japan,JP,432.9,515.43,20.96,12.18,,true,ESTIMATED_MODE_BREAKDOWN
2024-11-20 21:00:00,Japan,Japan,JP,434.46,517.43,20.67,12.28,,true,ESTIMATED_MODE_BREAKDOWN
2024-11-20 22:00:00,Japan,Japan,JP,417.36,499.28,23.78,15.92,,true,ESTIMATED_MODE_BREAKDOWN
2024-11-20 23:00:00,Japan,Japan,JP,379.78,458.7,30.63,23.3,,true,ESTIMATED_MODE_BREAKDOWN
2024-11-21 00:00:00,Japan,Japan,JP,340.13,415.59,37.87,30.77,,true,ESTIMATED_MODE_BREAKDOWN
2024-11-21 01:00:00,Japan,Japan,JP,301.04,373.74,44.98,37.75,,true,ESTIMATED_MODE_BREAKDOWN
2024-11-21 02:00:00,Japan,Japan,JP,280.53,351.58,48.72,41.44,,true,ESTIMATED_MODE_BREAKDOWN
2024-11-21 03:00:00,Japan,Japan,JP,276.28,346.56,49.5,41.83,,true,ESTIMATED_MODE_BREAKDOWN
2024-11-21 04:00:00,Japan,Japan,JP,304.77,377.85,44.29,36.8,,true,ESTIMATED_MODE_BREAKDOWN
2024-11-21 05:00:00,Japan,Japan,JP,343.47,419.53,37.24,29.78,,true,ESTIMATED_MODE_BREAKDOWN
2024-11-21 06:00:00,Japan,Japan,JP,393.92,474.14,28.05,20.55,,true,ESTIMATED_MODE_BREAKDOWN
2024-11-21 07:00:00,Japan,Japan,JP,433.98,517.6,20.74,13.44,,true,ESTIMATED_MODE_BREAKDOWN
2024-11-21 08:00:00,Japan,Japan,JP,441.67,525.74,19.35,12.07,,true,ESTIMATED_MODE_BREAKDOWN
2024-11-21 09:00:00,Japan,Japan,JP,441.17,525.19,19.44,12.05,,true,ESTIMATED_MODE_BREAKDOWN
2024-11-21 10:00:00,Japan,Japan,JP,440.36,524.31,19.59,12.05,,true,ESTIMATED_MODE_BREAKDOWN
2024-11-21 11:00:00,Japan,Japan,JP,438.71,522.53,19.88,11.99,,true,ESTIMATED_MODE_BREAKDOWN
2024-11-21 12:00:00,Japan,Japan,JP,436.7,520.34,20.25,12.02,,true,ESTIMATED_MODE_BREAKDOWN
2024-11-21 13:00:00,Japan,Japan,JP,434.52,517.97,20.64,11.95,,true,ESTIMATED_MODE_BREAKDOWN
2024-11-21 14:00:00,Japan,Japan,JP,432.58,515.84,20.99,11.97,,true,ESTIMATED_MODE_BREAKDOWN
2024-11-21 15:00:00,Japan,Japan,JP,425.13,507.15,22.35,12.03,,true,ESTIMATED_MODE_BREAKDOWN
2024-11-21 16:00:00,Japan,Japan,JP,425.22,507.32,22.34,12.2,,true,ESTIMATED_MODE_BREAKDOWN
2024-11-21 17:00:00,Japan,Japan,JP,426.08,508.12,22.19,12.26,,true,ESTIMATED_MODE_BREAKDOWN
2024-11-21 18:00:00,Japan,Japan,JP,427.51,509.37,21.94,12.44,,true,ESTIMATED_MODE_BREAKDOWN
2024-11-21 19:00:00,Japan,Japan,JP,429.13,510.95,21.65,12.43,,true,ESTIMATED_MODE_BREAKDOWN
2024-11-21 20:00:00,Japan,Japan,JP,429.81,511.57,21.53,12.53,,true,ESTIMATED_MODE_BREAKDOWN
2024-11-21 21:00:00,Japan,Japan,JP,431.61,513.77,21.2,12.68,,true,ESTIMATED_MODE_BREAKDOWN
2024-11-21 22:00:00,Japan,Japan,JP,405.23,485.51,26.0,17.91,,true,ESTIMATED_MODE_BREAKDOWN
2024-11-21 23:00:00,Japan,Japan,JP,357.51,434.05,34.7,27.05,,true,ESTIMATED_MODE_BREAKDOWN
2024-11-22 00:00:00,Japan,Japan,JP,311.57,384.46,43.07,35.64,,true,ESTIMATED_MODE_BREAKDOWN
2024-11-22 01:00:00,Japan,Japan,JP,277.05,346.96,49.37,41.75,,true,ESTIMATED_MODE_BREAKDOWN
2024-11-22 02:00:00,Japan,Japan,JP,272.82,341.97,50.15,42.42,,true,ESTIMATED_MODE_BREAKDOWN
2024-11-22 03:00:00,Japan,Japan,JP,269.07,337.66,50.83,42.8,,true,ESTIMATED_MODE_BREAKDOWN
2024-11-22 04:00:00,Japan,Japan,JP,301.19,372.62,44.97,37.16,,true,ESTIMATED_MODE_BREAKDOWN
2024-11-22 05:00:00,Japan,Japan,JP,348.17,423.84,36.4,28.62,,true,ESTIMATED_MODE_BREAKDOWN
2024-11-22 06:00:00,Japan,Japan,JP,393.71,473.3,28.09,20.29,,true,ESTIMATED_MODE_BREAKDOWN
2024-11-22 07:00:00,Japan,Japan,JP,428.61,511.17,21.73,14.04,,true,ESTIMATED_MODE_BREAKDOWN
2024-11-22 08:00:00,Japan,Japan,JP,434.75,517.77,20.61,12.94,,true,ESTIMATED_MODE_BREAKDOWN
2024-11-22 09:00:00,Japan,Japan,JP,433.54,516.26,20.84,13.03,,true,ESTIMATED_MODE_BREAKDOWN
2024-11-22 10:00:00,Japan,Japan,JP,431.58,514.12,21.19,13.16,,true,ESTIMATED_MODE_BREAKDOWN
2024-11-22 11:00:00,Japan,Japan,JP,430.15,512.51,21.45,13.16,,true,ESTIMATED_MODE_BREAKDOWN
2024-11-22 12:00:00,Japan,Japan,JP,427.6,509.6,21.91,13.25,,true,ESTIMATED_MODE_BREAKDOWN
2024-11-22 13:00:00,Japan,Japan,JP,425.42,507.24,22.31,13.26,,true,ESTIMATED_MODE_BREAKDOWN
2024-11-22 14:00:00,Japan,Japan,JP,423.1,504.65,22.73,13.34,,true,ESTIMATED_MODE_BREAKDOWN
2024-11-22 15:00:00,Japan,Japan,JP,417.78,498.28,23.71,13.5,,true,ESTIMATED_MODE_BREAKDOWN
2024-11-22 16:00:00,Japan,Japan,JP,414.82,494.93,24.24,13.65,,true,ESTIMATED_MODE_BREAKDOWN
2024-11-22 17:00:00,Japan,Japan,JP,415.64,495.46,24.11,13.65,,true,ESTIMATED_MODE_BREAKDOWN
2024-11-22 18:00:00,Japan,Japan,JP,417.28,496.93,23.82,13.61,,true,ESTIMATED_MODE_BREAKDOWN
2024-11-22 19:00:00,Japan,Japan,JP,418.92,498.76,23.52,13.61,,true,ESTIMATED_MODE_BREAKDOWN
2024-11-22 20:00:00,Japan,Japan,JP,418.76,498.49,23.55,13.65,,true,ESTIMATED_MODE_BREAKDOWN
2024-11-22 21:00:00,Japan,Japan,JP,417.79,498.09,23.71,13.76,,true,ESTIMATED_MODE_BREAKDOWN
2024-11-22 22:00:00,Japan,Japan,JP,388.16,466.01,29.12,19.32,,true,ESTIMATED_MODE_BREAKDOWN
2024-11-22 23:00:00,Japan,Japan,JP,324.95,397.22,40.65,31.15,,true,ESTIMATED_MODE_BREAKDOWN
2024-11-23 00:00:00,Japan,Japan,JP,266.55,334.12,51.3,41.79,,true,ESTIMATED_MODE_BREAKDOWN
2024-11-23 01:00:00,Japan,Japan,JP,229.34,293.69,58.08,48.56,,true,ESTIMATED_MODE_BREAKDOWN
2024-11-23 02:00:00,Japan,Japan,JP,216.67,279.73,60.4,50.67,,true,ESTIMATED_MODE_BREAKDOWN
2024-11-23 03:00:00,Japan,Japan,JP,218.41,281.28,60.08,50.25,,true,ESTIMATED_MODE_BREAKDOWN
2024-11-23 04:00:00,Japan,Japan,JP,248.42,314.32,54.6,44.68,,true,ESTIMATED_MODE_BREAKDOWN
2024-11-23 05:00:00,Japan,Japan,JP,300.69,371.87,45.05,35.05,,true,ESTIMATED_MODE_BREAKDOWN
2024-11-23 06:00:00,Japan,Japan,JP,360.67,436.86,34.12,24.35,,true,ESTIMATED_MODE_BREAKDOWN
2024-11-23 07:00:00,Japan,Japan,JP,414.85,495.76,24.24,14.85,,true,ESTIMATED_MODE_BREAKDOWN
2024-11-23 08:00:00,Japan,Japan,JP,427.43,509.5,21.95,13.06,,true,ESTIMATED_MODE_BREAKDOWN
2024-11-23 09:00:00,Japan,Japan,JP,428.6,510.75,21.74,13.0,,true,ESTIMATED_MODE_BREAKDOWN
2024-11-23 10:00:00,Japan,Japan,JP,428.31,510.48,21.79,12.93,,true,ESTIMATED_MODE_BREAKDOWN
2024-11-23 11:00:00,Japan,Japan,JP,427.19,509.24,21.99,12.93,,true,ESTIMATED_MODE_BREAKDOWN
2024-11-23 12:00:00,Japan,Japan,JP,425.95,507.73,22.22,12.82,,true,ESTIMATED_MODE_BREAKDOWN
2024-11-23 13:00:00,Japan,Japan,JP,423.51,505.06,22.66,12.81,,true,ESTIMATED_MODE_BREAKDOWN
2024-11-23 14:00:00,Japan,Japan,JP,421.36,502.62,23.05,12.85,,true,ESTIMATED_MODE_BREAKDOWN
2024-11-23 15:00:00,Japan,Japan,JP,415.07,495.37,24.2,12.91,,true,ESTIMATED_MODE_BREAKDOWN
2024-11-23 16:00:00,Japan,Japan,JP,414.71,495.09,24.26,13.01,,true,ESTIMATED_MODE_BREAKDOWN
2024-11-23 17:00:00,Japan,Japan,JP,412.65,492.26,24.65,12.89,,true,ESTIMATED_MODE_BREAKDOWN
2024-11-23 18:00:00,Japan,Japan,JP,416.82,496.57,23.9,13.07,,true,ESTIMATED_MODE_BREAKDOWN
2024-11-23 19:00:00,Japan,Japan,JP,418.56,498.33,23.59,13.03,,true,ESTIMATED_MODE_BREAKDOWN
2024-11-23 20:00:00,Japan,Japan,JP,418.54,498.25,23.6,12.94,,true,ESTIMATED_MODE_BREAKDOWN
2024-11-23 21:00:00,Japan,Japan,JP,418.74,498.88,23.55,12.97,,true,ESTIMATED_MODE_BREAKDOWN
2024-11-23 22:00:00,Japan,Japan,JP,387.85,465.75,29.17,18.76,,true,ESTIMATED_MODE_BREAKDOWN
2024-11-23 23:00:00,Japan,Japan,JP,317.74,389.8,41.96,31.72,,true,ESTIMATED_MODE_BREAKDOWN
2024-11-24 00:00:00,Japan,Japan,JP,256.55,323.57,53.11,42.89,,true,ESTIMATED_MODE_BREAKDOWN
2024-11-24 01:00:00,Japan,Japan,JP,215.53,278.01,60.62,50.29,,true,ESTIMATED_MODE_BREAKDOWN
2024-11-24 02:00:00,Japan,Japan,JP,201.79,262.77,63.13,52.75,,true,ESTIMATED_MODE_BREAKDOWN
2024-11-24 03:00:00,Japan,Japan,JP,200.3,261.56,63.39,52.91,,true,ESTIMATED_MODE_BREAKDOWN
2024-11-24 04:00:00,Japan,Japan,JP,227.56,291.8,58.4,47.8,,true,ESTIMATED_MODE_BREAKDOWN
2024-11-24 05:00:00,Japan,Japan,JP,278.38,347.65,49.11,38.53,,true,ESTIMATED_MODE_BREAKDOWN
2024-11-24 06:00:00,Japan,Japan,JP,351.63,427.53,35.75,25.42,,true,ESTIMATED_MODE_BREAKDOWN
2024-11-24 07:00:00,Japan,Japan,JP,413.51,494.48,24.48,14.7,,true,ESTIMATED_MODE_BREAKDOWN
2024-11-24 08:00:00,Japan,Japan,JP,428.76,510.68,21.71,12.56,,true,ESTIMATED_MODE_BREAKDOWN
2024-11-24 09:00:00,Japan,Japan,JP,429.97,512.06,21.49,12.48,,true,ESTIMATED_MODE_BREAKDOWN
2024-11-24 10:00:00,Japan,Japan,JP,429.68,511.84,21.54,12.46,,true,ESTIMATED_MODE_BREAKDOWN
2024-11-24 11:00:00,Japan,Japan,JP,429.09,510.99,21.65,12.38,,true,ESTIMATED_MODE_BREAKDOWN
2024-11-24 12:00:00,Japan,Japan,JP,426.73,508.48,22.08,12.43,,true,ESTIMATED_MODE_BREAKDOWN
2024-11-24 13:00:00,Japan,Japan,JP,424.05,505.4,22.57,12.36,,true,ESTIMATED_MODE_BREAKDOWN
2024-11-24 14:00:00,Japan,Japan,JP,422.25,503.19,22.9,12.36,,true,ESTIMATED_MODE_BREAKDOWN
2024-11-24 15:00:00,Japan,Japan,JP,416.93,497.26,23.86,12.56,,true,ESTIMATED_MODE_BREAKDOWN
2024-11-24 16:00:00,Japan,Japan,JP,414.62,494.72,24.28,12.65,,true,ESTIMATED_MODE_BREAKDOWN
2024-11-24 17:00:00,Japan,Japan,JP,417.01,497.07,23.86,12.58,,true,ESTIMATED_MODE_BREAKDOWN
2024-11-24 18:00:00,Japan,Japan,JP,420.07,499.59,23.32,12.54,,true,ESTIMATED_MODE_BREAKDOWN
2024-11-24 19:00:00,Japan,Japan,JP,422.25,501.77,22.93,12.52,,true,ESTIMATED_MODE_BREAKDOWN
2024-11-24 20:00:00,Japan,Japan,JP,425.31,505.29,22.37,12.43,,true,ESTIMATED_MODE_BREAKDOWN
2024-11-24 21:00:00,Japan,Japan,JP,429.45,510.32,21.61,12.42,,true,ESTIMATED_MODE_BREAKDOWN
2024-11-24 22:00:00,Japan,Japan,JP,403.69,482.99,26.3,17.76,,true,ESTIMATED_MODE_BREAKDOWN
2024-11-24 23:00:00,Japan,Japan,JP,348.51,423.45,36.36,28.29,,true,ESTIMATED_MODE_BREAKDOWN
2024-11-25 00:00:00,Japan,Japan,JP,294.06,363.78,46.3,38.45,,true,ESTIMATED_MODE_BREAKDOWN
2024-11-25 01:00:00,Japan,Japan,JP,252.09,318.15,53.95,45.99,,true,ESTIMATED_MODE_BREAKDOWN
2024-11-25 02:00:00,Japan,Japan,JP,230.24,295.27,57.92,49.77,,true,ESTIMATED_MODE_BREAKDOWN
2024-11-25 03:00:00,Japan,Japan,JP,224.71,289.42,58.92,50.3,,true,ESTIMATED_MODE_BREAKDOWN
2024-11-25 04:00:00,Japan,Japan,JP,258.53,326.72,52.74,44.32,,true,ESTIMATED_MODE_BREAKDOWN
2024-11-25 05:00:00,Japan,Japan,JP,311.95,384.85,43.0,34.65,,true,ESTIMATED_MODE_BREAKDOWN
2024-11-25 06:00:00,Japan,Japan,JP,376.63,454.54,31.21,22.97,,true,ESTIMATED_MODE_BREAKDOWN
2024-11-25 07:00:00,Japan,Japan,JP,429.62,511.53,21.56,13.56,,true,ESTIMATED_MODE_BREAKDOWN
2024-11-25 08:00:00,Japan,Japan,JP,439.42,521.91,19.78,11.93,,true,ESTIMATED_MODE_BREAKDOWN
2024-11-25 09:00:00,Japan,Japan,JP,439.07,521.52,19.85,11.98,,true,ESTIMATED_MODE_BREAKDOWN
2024-11-25 10:00:00,Japan,Japan,JP,438.15,520.62,20.01,11.97,,true,ESTIMATED_MODE_BREAKDOWN
2024-11-25 11:00:00,Japan,Japan,JP,436.74,519.4,20.26,11.98,,true,ESTIMATED_MODE_BREAKDOWN
2024-11-25 12:00:00,Japan,Japan,JP,434.12,516.87,20.73,12.1,,true,ESTIMATED_MODE_BREAKDOWN
2024-11-25 13:00:00,Japan,Japan,JP,431.47,514.07,21.21,12.11,,true,ESTIMATED_MODE_BREAKDOWN
2024-11-25 14:00:00,Japan,Japan,JP,429.43,511.7,21.58,12.12,,true,ESTIMATED_MODE_BREAKDOWN
2024-11-25 15:00:00,Japan,Japan,JP,424.45,505.92,22.49,12.2,,true,ESTIMATED_MODE_BREAKDOWN
2024-11-25 16:00:00,Japan,Japan,JP,423.07,504.38,22.74,12.23,,true,ESTIMATED_MODE_BREAKDOWN
2024-11-25 17:00:00,Japan,Japan,JP,422.92,504.05,22.77,12.2,,true,ESTIMATED_MODE_BREAKDOWN
2024-11-25 18:00:00,Japan,Japan,JP,424.9,505.96,22.42,12.37,,true,ESTIMATED_MODE_BREAKDOWN
2024-11-25 19:00:00,Japan,Japan,JP,426.68,507.76,22.1,12.39,,true,ESTIMATED_MODE_BREAKDOWN
2024-11-25 20:00:00,Japan,Japan,JP,426.91,508.23,22.05,12.38,,true,ESTIMATED_MODE_BREAKDOWN
2024-11-25 21:00:00,Japan,Japan,JP,430.78,512.82,21.34,12.49,,true,ESTIMATED_MODE_BREAKDOWN
2024-11-25 22:00:00,Japan,Japan,JP,413.22,493.52,24.56,16.21,,true,ESTIMATED_MODE_BREAKDOWN
2024-11-25 23:00:00,Japan,Japan,JP,385.11,462.32,29.7,21.94,,true,ESTIMATED_MODE_BREAKDOWN
2024-11-26 00:00:00,Japan,Japan,JP,368.21,443.96,32.79,25.28,,true,ESTIMATED_MODE_BREAKDOWN
2024-11-26 01:00:00,Japan,Japan,JP,352.35,427.24,35.67,28.05,,true,ESTIMATED_MODE_BREAKDOWN
2024-11-26 02:00:00,Japan,Japan,JP,349.82,424.25,36.14,28.48,,true,ESTIMATED_MODE_BREAKDOWN
2024-11-26 03:00:00,Japan,Japan,JP,358.11,432.64,34.63,26.64,,true,ESTIMATED_MODE_BREAKDOWN
2024-11-26 04:00:00,Japan,Japan,JP,382.67,459.58,30.15,22.38,,true,ESTIMATED_MODE_BREAKDOWN
2024-11-26 05:00:00,Japan,Japan,JP,404.86,484.08,26.09,18.35,,true,ESTIMATED_MODE_BREAKDOWN
2024-11-26 06:00:00,Japan,Japan,JP,422.21,503.16,22.92,15.18,,true,ESTIMATED_MODE_BREAKDOWN
2024-11-26 07:00:00,Japan,Japan,JP,432.91,515.06,20.96,13.37,,true,ESTIMATED_MODE_BREAKDOWN
2024-11-26 08:00:00,Japan,Japan,JP,433.97,516.17,20.77,13.13,,true,ESTIMATED_MODE_BREAKDOWN
2024-11-26 09:00:00,Japan,Japan,JP,432.69,515.05,21.0,13.22,,true,ESTIMATED_MODE_BREAKDOWN
2024-11-26 10:00:00,Japan,Japan,JP,430.92,513.22,21.31,13.28,,true,ESTIMATED_MODE_BREAKDOWN
2024-11-26 11:00:00,Japan,Japan,JP,428.94,510.91,21.67,13.33,,true,ESTIMATED_MODE_BREAKDOWN
2024-11-26 12:00:00,Japan,Japan,JP,426.25,507.9,22.16,13.38,,true,ESTIMATED_MODE_BREAKDOWN
2024-11-26 13:00:00,Japan,Japan,JP,423.37,504.7,22.69,13.42,,true,ESTIMATED_MODE_BREAKDOWN
2024-11-26 14:00:00,Japan,Japan,JP,421.27,502.34,23.07,13.45,,true,ESTIMATED_MODE_BREAKDOWN
2024-11-26 15:00:00,Japan,Japan,JP,415.89,496.04,24.05,13.61,,true,ESTIMATED_MODE_BREAKDOWN
2024-11-26 16:00:00,Japan,Japan,JP,413.98,493.97,24.4,13.6,,true,ESTIMATED_MODE_BREAKDOWN
2024-11-26 17:00:00,Japan,Japan,JP,415.38,495.49,24.15,13.55,,true,ESTIMATED_MODE_BREAKDOWN
2024-11-26 18:00:00,Japan,Japan,JP,418.42,498.75,23.6,13.32,,true,ESTIMATED_MODE_BREAKDOWN
2024-11-26 19:00:00,Japan,Japan,JP,419.77,500.1,23.36,13.27,,true,ESTIMATED_MODE_BREAKDOWN
2024-11-26 20:00:00,Japan,Japan,JP,422.4,503.01,22.88,12.95,,true,ESTIMATED_MODE_BREAKDOWN
2024-11-26 21:00:00,Japan,Japan,JP,425.53,506.81,22.3,12.82,,true,ESTIMATED_MODE_BREAKDOWN
2024-11-26 22:00:00,Japan,Japan,JP,412.83,493.27,24.62,15.65,,true,ESTIMATED_MODE_BREAKDOWN
2024-11-26 23:00:00,Japan,Japan,JP,382.61,460.01,30.15,21.81,,true,ESTIMATED_MODE_BREAKDOWN
2024-11-27 00:00:00,Japan,Japan,JP,349.6,423.88,36.18,28.17,,true,ESTIMATED_MODE_BREAKDOWN
2024-11-27 01:00:00,Japan,Japan,JP,316.92,388.51,42.13,34.06,,true,ESTIMATED_MODE_BREAKDOWN
2024-11-27 02:00:00,Japan,Japan,JP,304.04,375.31,44.46,36.31,,true,ESTIMATED_MODE_BREAKDOWN
2024-11-27 03:00:00,Japan,Japan,JP,294.3,364.83,46.23,37.67,,true,ESTIMATED_MODE_BREAKDOWN
2024-11-27 04:00:00,Japan,Japan,JP,319.28,391.77,41.68,33.35,,true,ESTIMATED_MODE_BREAKDOWN
2024-11-27 05:00:00,Japan,Japan,JP,352.05,426.97,35.71,27.5,,true,ESTIMATED_MODE_BREAKDOWN
2024-11-27 06:00:00,Japan,Japan,JP,392.12,470.8,28.4,20.18,,true,ESTIMATED_MODE_BREAKDOWN
2024-11-27 07:00:00,Japan,Japan,JP,425.41,506.89,22.33,14.23,,true,ESTIMATED_MODE_BREAKDOWN
2024-11-27 08:00:00,Japan,Japan,JP,430.71,512.56,21.36,13.31,,true,ESTIMATED_MODE_BREAKDOWN
2024-11-27 09:00:00,Japan,Japan,JP,430.11,512.08,21.47,13.33,,true,ESTIMATED_MODE_BREAKDOWN
2024-11-27 10:00:00,Japan,Japan,JP,429.14,511.0,21.65,13.27,,true,ESTIMATED_MODE_BREAKDOWN
2024-11-27 11:00:00,Japan,Japan,JP,428.22,509.85,21.81,13.16,,true,ESTIMATED_MODE_BREAKDOWN
2024-11-27 12:00:00,Japan,Japan,JP,426.54,507.75,22.12,13.07,,true,ESTIMATED_MODE_BREAKDOWN
2024-11-27 13:00:00,Japan,Japan,JP,423.69,504.84,22.63,13.09,,true,ESTIMATED_MODE_BREAKDOWN
2024-11-27 14:00:00,Japan,Japan,JP,420.96,501.9,23.13,13.24,,true,ESTIMATED_MODE_BREAKDOWN
2024-11-27 15:00:00,Japan,Japan,JP,415.1,495.05,24.2,13.49,,true,ESTIMATED_MODE_BREAKDOWN
2024-11-27 16:00:00,Japan,Japan,JP,413.37,493.06,24.52,13.53,,true,ESTIMATED_MODE_BREAKDOWN
2024-11-27 17:00:00,Japan,Japan,JP,414.59,494.36,24.3,13.46,,true,ESTIMATED_MODE_BREAKDOWN
2024-11-27 18:00:00,Japan,Japan,JP,418.26,498.17,23.64,13.25,,true,ESTIMATED_MODE_BREAKDOWN
2024-11-27 19:00:00,Japan,Japan,JP,420.23,500.24,23.28,13.25,,true,ESTIMATED_MODE_BREAKDOWN
2024-11-27 20:00:00,Japan,Japan,JP,421.92,502.0,22.98,13.19,,true,ESTIMATED_MODE_BREAKDOWN
2024-11-27 21:00:00,Japan,Japan,JP,425.19,506.14,22.37,13.15,,true,ESTIMATED_MODE_BREAKDOWN
2024-11-27 22:00:00,Japan,Japan,JP,404.9,484.14,26.08,17.35,,true,ESTIMATED_MODE_BREAKDOWN
2024-11-27 23:00:00,Japan,Japan,JP,357.41,432.12,34.75,26.56,,true,ESTIMATED_MODE_BREAKDOWN
2024-11-28 00:00:00,Japan,Japan,JP,314.71,385.9,42.54,34.62,,true,ESTIMATED_MODE_BREAKDOWN
2024-11-28 01:00:00,Japan,Japan,JP,284.5,353.17,48.05,40.05,,true,ESTIMATED_MODE_BREAKDOWN
2024-11-28 02:00:00,Japan,Japan,JP,267.51,335.32,51.13,43.03,,true,ESTIMATED_MODE_BREAKDOWN
2024-11-28 03:00:00,Japan,Japan,JP,266.34,333.51,51.35,42.89,,true,ESTIMATED_MODE_BREAKDOWN
2024-11-28 04:00:00,Japan,Japan,JP,297.95,367.54,45.6,37.42,,true,ESTIMATED_MODE_BREAKDOWN
2024-11-28 05:00:00,Japan,Japan,JP,339.6,413.54,37.98,29.87,,true,ESTIMATED_MODE_BREAKDOWN
2024-11-28 06:00:00,Japan,Japan,JP,387.21,465.77,29.29,21.23,,true,ESTIMATED_MODE_BREAKDOWN
2024-11-28 07:00:00,Japan,Japan,JP,427.34,509.1,21.97,14.13,,true,ESTIMATED_MODE_BREAKDOWN
2024-11-28 08:00:00,Japan,Japan,JP,434.35,516.75,20.7,12.96,,true,ESTIMATED_MODE_BREAKDOWN
2024-11-28 09:00:00,Japan,Japan,JP,434.55,516.92,20.66,12.88,,true,ESTIMATED_MODE_BREAKDOWN
2024-11-28 10:00:00,Japan,Japan,JP,433.39,515.67,20.87,12.89,,true,ESTIMATED_MODE_BREAKDOWN
2024-11-28 11:00:00,Japan,Japan,JP,432.19,514.35,21.09,12.87,,true,ESTIMATED_MODE_BREAKDOWN
2024-11-28 12:00:00,Japan,Japan,JP,430.14,512.11,21.46,12.87,,true,ESTIMATED_MODE_BREAKDOWN
2024-11-28 13:00:00,Japan,Japan,JP,426.96,508.31,22.04,12.93,,true,ESTIMATED_MODE_BREAKDOWN
2024-11-28 14:00:00,Japan,Japan,JP,424.74,505.65,22.45,12.99,,true,ESTIMATED_MODE_BREAKDOWN
2024-11-28 15:00:00,Japan,Japan,JP,419.89,500.13,23.33,13.13,,true,ESTIMATED_MODE_BREAKDOWN
2024-11-28 16:00:00,Japan,Japan,JP,417.43,497.47,23.78,13.2,,true,ESTIMATED_MODE_BREAKDOWN
2024-11-28 17:00:00,Japan,Japan,JP,418.02,497.9,23.68,13.28,,true,ESTIMATED_MODE_BREAKDOWN
2024-11-28 18:00:00,Japan,Japan,JP,418.93,498.19,23.53,13.49,,true,ESTIMATED_MODE_BREAKDOWN
2024-11-28 19:00:00,Japan,Japan,JP,420.3,499.49,23.29,13.5,,true,ESTIMATED_MODE_BREAKDOWN
2024-11-28 20:00:00,Japan,Japan,JP,421.98,502.06,22.97,13.48,,true,ESTIMATED_MODE_BREAKDOWN
2024-11-28 21:00:00,Japan,Japan,JP,425.41,506.44,22.33,13.44,,true,ESTIMATED_MODE_BREAKDOWN
2024-11-28 22:00:00,Japan,Japan,JP,411.02,491.09,24.95,16.56,,true,ESTIMATED_MODE_BREAKDOWN
2024-11-28 23:00:00,Japan,Japan,JP,371.4,447.97,32.19,24.29,,true,ESTIMATED_MODE_BREAKDOWN
2024-11-29 00:00:00,Japan,Japan,JP,324.47,397.1,40.75,33.03,,true,ESTIMATED_MODE_BREAKDOWN
2024-11-29 01:00:00,Japan,Japan,JP,290.61,360.6,46.91,39.06,,true,ESTIMATED_MODE_BREAKDOWN
2024-11-29 02:00:00,Japan,Japan,JP,281.87,351.04,48.51,40.55,,true,ESTIMATED_MODE_BREAKDOWN
2024-11-29 03:00:00,Japan,Japan,JP,285.33,354.57,47.88,39.61,,true,ESTIMATED_MODE_BREAKDOWN
2024-11-29 04:00:00,Japan,Japan,JP,315.85,387.44,42.32,34.31,,true,ESTIMATED_MODE_BREAKDOWN
2024-11-29 05:00:00,Japan,Japan,JP,353.66,428.78,35.42,27.51,,true,ESTIMATED_MODE_BREAKDOWN
2024-11-29 06:00:00,Japan,Japan,JP,394.89,473.67,27.9,20.03,,true,ESTIMATED_MODE_BREAKDOWN
2024-11-29 07:00:00,Japan,Japan,JP,427.45,508.77,21.97,14.24,,true,ESTIMATED_MODE_BREAKDOWN
2024-11-29 08:00:00,Japan,Japan,JP,433.26,515.42,20.9,13.27,,true,ESTIMATED_MODE_BREAKDOWN
2024-11-29 09:00:00,Japan,Japan,JP,433.18,515.39,20.91,13.19,,true,ESTIMATED_MODE_BREAKDOWN
2024-11-29 10:00:00,Japan,Japan,JP,432.05,514.18,21.12,13.2,,true,ESTIMATED_MODE_BREAKDOWN
2024-11-29 11:00:00,Japan,Japan,JP,431.45,513.53,21.22,13.08,,true,ESTIMATED_MODE_BREAKDOWN
2024-11-29 12:00:00,Japan,Japan,JP,429.41,511.22,21.6,13.08,,true,ESTIMATED_MODE_BREAKDOWN
2024-11-29 13:00:00,Japan,Japan,JP,426.97,508.69,22.03,13.08,,true,ESTIMATED_MODE_BREAKDOWN
2024-11-29 14:00:00,Japan,Japan,JP,424.69,506.29,22.45,13.21,,true,ESTIMATED_MODE_BREAKDOWN
2024-11-29 15:00:00,Japan,Japan,JP,419.87,500.57,23.33,13.33,,true,ESTIMATED_MODE_BREAKDOWN
2024-11-29 16:00:00,Japan,Japan,JP,416.98,497.33,23.85,13.49,,true,ESTIMATED_MODE_BREAKDOWN
2024-11-29 17:00:00,Japan,Japan,JP,417.11,497.29,23.84,13.57,,true,ESTIMATED_MODE_BREAKDOWN
2024-11-29 18:00:00,Japan,Japan,JP,418.16,498.13,23.65,13.67,,true,ESTIMATED_MODE_BREAKDOWN
2024-11-29 19:00:00,Japan,Japan,JP,419.21,499.09,23.47,13.62,,true,ESTIMATED_MODE_BREAKDOWN
2024-11-29 20:00:00,Japan,Japan,JP,419.41,499.32,23.43,13.58,,true,ESTIMATED_MODE_BREAKDOWN
2024-11-29 21:00:00,Japan,Japan,JP,419.85,500.21,23.34,13.68,,true,ESTIMATED_MODE_BREAKDOWN
2024-11-29 22:00:00,Japan,Japan,JP,401.1,480.06,26.76,17.38,,true,ESTIMATED_MODE_BREAKDOWN
2024-11-29 23:00:00,Japan,Japan,JP,351.66,426.42,35.78,26.76,,true,ESTIMATED_MODE_BREAKDOWN
2024-11-30 00:00:00,Japan,Japan,JP,302.31,373.17,44.78,35.8,,true,ESTIMATED_MODE_BREAKDOWN
2024-11-30 01:00:00,Japan,Japan,JP,262.58,329.84,52.02,42.89,,true,ESTIMATED_MODE_BREAKDOWN
2024-11-30 02:00:00,Japan,Japan,JP,243.91,309.76,55.42,46.09,,true,ESTIMATED_MODE_BREAKDOWN
2024-11-30 03:00:00,Japan,Japan,JP,242.96,308.38,55.6,45.99,,true,ESTIMATED_MODE_BREAKDOWN
2024-11-30 04:00:00,Japan,Japan,JP,269.91,337.75,50.68,40.98,,true,ESTIMATED_MODE_BREAKDOWN
2024-11-30 05:00:00,Japan,Japan,JP,310.18,381.58,43.33,33.6,,true,ESTIMATED_MODE_BREAKDOWN
2024-11-30 06:00:00,Japan,Japan,JP,367.44,444.13,32.88,23.35,,true,ESTIMATED_MODE_BREAKDOWN
2024-11-30 07:00:00,Japan,Japan,JP,414.98,495.59,24.22,15.01,,true,ESTIMATED_MODE_BREAKDOWN
2024-11-30 08:00:00,Japan,Japan,JP,426.41,507.86,22.14,13.35,,true,ESTIMATED_MODE_BREAKDOWN
2024-11-30 09:00:00,Japan,Japan,JP,427.16,508.59,22.01,13.23,,true,ESTIMATED_MODE_BREAKDOWN
2024-11-30 10:00:00,Japan,Japan,JP,426.4,507.76,22.14,13.25,,true,ESTIMATED_MODE_BREAKDOWN
2024-11-30 11:00:00,Japan,Japan,JP,425.62,506.83,22.29,13.18,,true,ESTIMATED_MODE_BREAKDOWN
2024-11-30 12:00:00,Japan,Japan,JP,423.04,503.94,22.75,13.24,,true,ESTIMATED_MODE_BREAKDOWN
2024-11-30 13:00:00,Japan,Japan,JP,420.24,501.02,23.26,13.28,,true,ESTIMATED_MODE_BREAKDOWN
2024-11-30 14:00:00,Japan,Japan,JP,417.97,498.5,23.67,13.34,,true,ESTIMATED_MODE_BREAKDOWN
2024-11-30 15:00:00,Japan,Japan,JP,412.98,492.78,24.58,13.54,,true,ESTIMATED_MODE_BREAKDOWN
2024-11-30 16:00:00,Japan,Japan,JP,411.33,490.87,24.88,13.44,,true,ESTIMATED_MODE_BREAKDOWN
2024-11-30 17:00:00,Japan,Japan,JP,411.97,491.34,24.78,13.49,,true,ESTIMATED_MODE_BREAKDOWN
2024-11-30 18:00:00,Japan,Japan,JP,414.01,493.29,24.41,13.48,,true,ESTIMATED_MODE_BREAKDOWN
2024-11-30 19:00:00,Japan,Japan,JP,415.5,494.82,24.15,13.42,,true,ESTIMATED_MODE_BREAKDOWN
2024-11-30 20:00:00,Japan,Japan,JP,416.19,495.61,24.02,13.35,,true,ESTIMATED_MODE_BREAKDOWN
2024-11-30 21:00:00,Japan,Japan,JP,416.7,496.53,23.92,13.27,,true,ESTIMATED_MODE_BREAKDOWN
2024-11-30 22:00:00,Japan,Japan,JP,394.23,472.43,28.01,17.59,,true,ESTIMATED_MODE_BREAKDOWN
2024-11-30 23:00:00,Japan,Japan,JP,330.33,403.15,39.67,29.46,,true,ESTIMATED_MODE_BREAKDOWN
2024-12-01 00:00:00,Japan,Japan,JP,265.82,333.5,51.42,41.13,,true,ESTIMATED_MODE_BREAKDOWN
2024-12-01 01:00:00,Japan,Japan,JP,224.27,287.86,59.01,48.52,,true,ESTIMATED_MODE_BREAKDOWN
2024-12-01 02:00:00,Japan,Japan,JP,207.5,269.8,62.06,51.45,,true,ESTIMATED_MODE_BREAKDOWN
2024-12-01 03:00:00,Japan,Japan,JP,218.05,281.11,60.14,49.43,,true,ESTIMATED_MODE_BREAKDOWN
2024-12-01 04:00:00,Japan,Japan,JP,247.42,313.16,54.78,43.92,,true,ESTIMATED_MODE_BREAKDOWN
2024-12-01 05:00:00,Japan,Japan,JP,294.65,365.45,46.14,35.25,,true,ESTIMATED_MODE_BREAKDOWN
2024-12-01 06:00:00,Japan,Japan,JP,360.87,437.55,34.07,23.35,,true,ESTIMATED_MODE_BREAKDOWN
2024-12-01 07:00:00,Japan,Japan,JP,414.8,495.91,24.24,13.99,,true,ESTIMATED_MODE_BREAKDOWN
2024-12-01 08:00:00,Japan,Japan,JP,427.96,510.01,21.85,12.31,,true,ESTIMATED_MODE_BREAKDOWN
2024-12-01 09:00:00,Japan,Japan,JP,429.51,511.6,21.57,12.25,,true,ESTIMATED_MODE_BREAKDOWN
2024-12-01 10:00:00,Japan,Japan,JP,429.66,511.82,21.54,12.13,,true,ESTIMATED_MODE_BREAKDOWN
2024-12-01 11:00:00,Japan,Japan,JP,428.77,510.72,21.7,12.07,,true,ESTIMATED_MODE_BREAKDOWN
2024-12-01 12:00:00,Japan,Japan,JP,426.74,508.17,22.08,12.05,,true,ESTIMATED_MODE_BREAKDOWN
2024-12-01 13:00:00,Japan,Japan,JP,423.23,504.32,22.72,12.05,,true,ESTIMATED_MODE_BREAKDOWN
2024-12-01 14:00:00,Japan,Japan,JP,421.02,502.15,23.11,12.1,,true,ESTIMATED_MODE_BREAKDOWN
2024-12-01 15:00:00,Japan,Japan,JP,416.7,497.17,23.9,12.06,,true,ESTIMATED_MODE_BREAKDOWN
2024-12-01 16:00:00,Japan,Japan,JP,415.98,496.33,24.03,11.97,,true,ESTIMATED_MODE_BREAKDOWN
2024-12-01 17:00:00,Japan,Japan,JP,417.17,497.52,23.82,12.02,,true,ESTIMATED_MODE_BREAKDOWN
2024-12-01 18:00:00,Japan,Japan,JP,419.94,500.34,23.33,12.08,,true,ESTIMATED_MODE_BREAKDOWN
2024-12-01 19:00:00,Japan,Japan,JP,422.11,502.63,22.94,12.08,,true,ESTIMATED_MODE_BREAKDOWN
2024-12-01 20:00:00,Japan,Japan,JP,424.48,505.35,22.5,12.05,,true,ESTIMATED_MODE_BREAKDOWN
2024-12-01 21:00:00,Japan,Japan,JP,429.38,511.11,21.6,12.01,,true,ESTIMATED_MODE_BREAKDOWN
2024-12-01 22:00:00,Japan,Japan,JP,412.38,492.77,24.71,15.76,,true,ESTIMATED_MODE_BREAKDOWN
2024-12-01 23:00:00,Japan,Japan,JP,362.09,438.48,33.87,25.52,,true,ESTIMATED_MODE_BREAKDOWN
2024-12-02 00:00:00,Japan,Japan,JP,308.36,380.43,43.67,35.49,,true,ESTIMATED_MODE_BREAKDOWN
2024-12-02 01:00:00,Japan,Japan,JP,261.7,329.64,52.18,43.8,,true,ESTIMATED_MODE_BREAKDOWN
2024-12-02 02:00:00,Japan,Japan,JP,238.93,305.08,56.33,47.77,,true,ESTIMATED_MODE_BREAKDOWN
2024-12-02 03:00:00,Japan,Japan,JP,233.58,299.26,57.3,48.27,,true,ESTIMATED_MODE_BREAKDOWN
2024-12-02 04:00:00,Japan,Japan,JP,268.68,337.69,50.89,42.07,,true,ESTIMATED_MODE_BREAKDOWN
2024-12-02 05:00:00,Japan,Japan,JP,317.71,390.87,41.95,33.16,,true,ESTIMATED_MODE_BREAKDOWN
2024-12-02 06:00:00,Japan,Japan,JP,377.47,455.5,31.05,22.26,,true,ESTIMATED_MODE_BREAKDOWN
2024-12-02 07:00:00,Japan,Japan,JP,427.01,509.17,22.02,13.42,,true,ESTIMATED_MODE_BREAKDOWN
2024-12-02 08:00:00,Japan,Japan,JP,434.98,517.68,20.57,12.07,,true,ESTIMATED_MODE_BREAKDOWN
2024-12-02 09:00:00,Japan,Japan,JP,434.43,516.98,20.68,12.1,,true,ESTIMATED_MODE_BREAKDOWN
2024-12-02 10:00:00,Japan,Japan,JP,432.15,514.37,21.09,12.27,,true,ESTIMATED_MODE_BREAKDOWN
2024-12-02 11:00:00,Japan,Japan,JP,430.15,512.22,21.45,12.33,,true,ESTIMATED_MODE_BREAKDOWN
2024-12-02 12:00:00,Japan,Japan,JP,427.02,508.77,22.02,12.5,,true,ESTIMATED_MODE_BREAKDOWN
2024-12-02 13:00:00,Japan,Japan,JP,423.99,505.42,22.57,12.56,,true,ESTIMATED_MODE_BREAKDOWN
2024-12-02 14:00:00,Japan,Japan,JP,421.69,502.85,22.99,12.64,,true,ESTIMATED_MODE_BREAKDOWN
2024-12-02 15:00:00,Japan,Japan,JP,417.78,498.22,23.7,12.61,,true,ESTIMATED_MODE_BREAKDOWN
2024-12-02 16:00:00,Japan,Japan,JP,415.57,495.67,24.11,12.66,,true,ESTIMATED_MODE_BREAKDOWN
2024-12-02 17:00:00,Japan,Japan,JP,416.52,496.63,23.94,12.75,,true,ESTIMATED_MODE_BREAKDOWN
2024-12-02 18:00:00,Japan,Japan,JP,418.7,498.85,23.55,12.79,,true,ESTIMATED_MODE_BREAKDOWN
2024-12-02 19:00:00,Japan,Japan,JP,420.32,500.54,23.26,12.77,,true,ESTIMATED_MODE_BREAKDOWN
2024-12-02 20:00:00,Japan,Japan,JP,422.31,502.76,22.9,12.71,,true,ESTIMATED_MODE_BREAKDOWN
2024-12-02 21:00:00,Japan,Japan,JP,425.78,507.01,22.26,12.68,,true,ESTIMATED_MODE_BREAKDOWN
2024-12-02 22:00:00,Japan,Japan,JP,410.01,490.06,25.14,16.08,,true,ESTIMATED_MODE_BREAKDOWN
2024-12-02 23:00:00,Japan,Japan,JP,364.86,441.18,33.37,24.88,,true,ESTIMATED_MODE_BREAKDOWN
2024-12-03 00:00:00,Japan,Japan,JP,315.9,388.32,42.3,33.98,,true,ESTIMATED_MODE_BREAKDOWN
2024-12-03 01:00:00,Japan,Japan,JP,275.76,344.59,49.62,41.09,,true,ESTIMATED_MODE_BREAKDOWN
2024-12-03 02:00:00,Japan,Japan,JP,260.41,328.03,52.42,43.78,,true,ESTIMATED_MODE_BREAKDOWN
2024-12-03 03:00:00,Japan,Japan,JP,256.85,324.34,53.06,43.95,,true,ESTIMATED_MODE_BREAKDOWN
2024-12-03 04:00:00,Japan,Japan,JP,287.17,357.2,47.53,38.71,,true,ESTIMATED_MODE_BREAKDOWN
2024-12-03 05:00:00,Japan,Japan,JP,330.25,403.97,39.67,30.92,,true,ESTIMATED_MODE_BREAKDOWN
2024-12-03 06:00:00,Japan,Japan,JP,384.21,462.66,29.83,21.0,,true,ESTIMATED_MODE_BREAKDOWN
2024-12-03 07:00:00,Japan,Japan,JP,425.31,507.13,22.34,13.63,,true,ESTIMATED_MODE_BREAKDOWN
2024-12-03 08:00:00,Japan,Japan,JP,433.39,515.79,20.87,12.23,,true,ESTIMATED_MODE_BREAKDOWN
2024-12-03 09:00:00,Japan,Japan,JP,433.34,515.73,20.88,12.15,,true,ESTIMATED_MODE_BREAKDOWN
2024-12-03 10:00:00,Japan,Japan,JP,431.42,513.52,21.23,12.22,,true,ESTIMATED_MODE_BREAKDOWN
2024-12-03 11:00:00,Japan,Japan,JP,429.38,511.23,21.6,12.29,,true,ESTIMATED_MODE_BREAKDOWN
2024-12-03 12:00:00,Japan,Japan,JP,426.81,508.45,22.06,12.33,,true,ESTIMATED_MODE_BREAKDOWN
2024-12-03 13:00:00,Japan,Japan,JP,423.67,505.01,22.63,12.36,,true,ESTIMATED_MODE_BREAKDOWN
2024-12-03 14:00:00,Japan,Japan,JP,420.95,502.0,23.13,12.48,,true,ESTIMATED_MODE_BREAKDOWN
2024-12-03 15:00:00,Japan,Japan,JP,416.21,496.33,23.99,12.53,,true,ESTIMATED_MODE_BREAKDOWN
2024-12-03 16:00:00,Japan,Japan,JP,414.16,494.07,24.37,12.58,,true,ESTIMATED_MODE_BREAKDOWN
2024-12-03 17:00:00,Japan,Japan,JP,415.28,495.13,24.17,12.56,,true,ESTIMATED_MODE_BREAKDOWN
2024-12-03 18:00:00,Japan,Japan,JP,416.7,496.49,23.92,12.77,,true,ESTIMATED_MODE_BREAKDOWN
2024-12-03 19:00:00,Japan,Japan,JP,418.36,498.16,23.62,12.75,,true,ESTIMATED_MODE_BREAKDOWN
2024-12-03 20:00:00,Japan,Japan,JP,419.86,499.86,23.35,12.79,,true,ESTIMATED_MODE_BREAKDOWN
2024-12-03 21:00:00,Japan,Japan,JP,423.76,504.54,22.63,12.72,,true,ESTIMATED_MODE_BREAKDOWN
2024-12-03 22:00:00,Japan,Japan,JP,410.85,490.73,24.98,15.61,,true,ESTIMATED_MODE_BREAKDOWN
2024-12-03 23:00:00,Japan,Japan,JP,371.43,448.37,32.17,23.43,,true,ESTIMATED_MODE_BREAKDOWN
2024-12-04 00:00:00,Japan,Japan,JP,330.16,403.77,39.69,31.17,,true,ESTIMATED_MODE_BREAKDOWN
2024-12-04 01:00:00,Japan,Japan,JP,297.14,367.93,45.71,37.04,,true,ESTIMATED_MODE_BREAKDOWN
2024-12-04 02:00:00,Japan,Japan,JP,280.68,349.74,48.72,39.88,,true,ESTIMATED_MODE_BREAKDOWN
2024-12-04 03:00:00,Japan,Japan,JP,265.9,333.6,51.41,42.15,,true,ESTIMATED_MODE_BREAKDOWN
2024-12-04 04:00:00,Japan,Japan,JP,290.53,360.47,46.92,37.87,,true,ESTIMATED_MODE_BREAKDOWN
2024-12-04 05:00:00,Japan,Japan,JP,330.29,403.8,39.66,30.73,,true,ESTIMATED_MODE_BREAKDOWN
2024-12-04 06:00:00,Japan,Japan,JP,380.92,458.89,30.43,21.56,,true,ESTIMATED_MODE_BREAKDOWN
2024-12-04 07:00:00,Japan,Japan,JP,423.94,505.38,22.59,13.87,,true,ESTIMATED_MODE_BREAKDOWN
2024-12-04 08:00:00,Japan,Japan,JP,432.23,514.28,21.08,12.48,,true,ESTIMATED_MODE_BREAKDOWN
2024-12-04 09:00:00,Japan,Japan,JP,432.64,514.77,21.01,12.38,,true,ESTIMATED_MODE_BREAKDOWN
2024-12-04 10:00:00,Japan,Japan,JP,431.13,513.09,21.28,12.43,,true,ESTIMATED_MODE_BREAKDOWN
2024-12-04 11:00:00,Japan,Japan,JP,429.74,511.59,21.53,12.42,,true,ESTIMATED_MODE_BREAKDOWN
2024-12-04 12:00:00,Japan,Japan,JP,427.88,509.56,21.87,12.35,,true,ESTIMATED_MODE_BREAKDOWN
2024-12-04 13:00:00,Japan,Japan,JP,425.09,506.5,22.38,12.36,,true,ESTIMATED_MODE_BREAKDOWN
2024-12-04 14:00:00,Japan,Japan,JP,422.82,504.02,22.79,12.39,,true,ESTIMATED_MODE_BREAKDOWN
2024-12-04 15:00:00,Japan,Japan,JP,417.65,498.01,23.73,12.55,,true,ESTIMATED_MODE_BREAKDOWN
2024-12-04 16:00:00,Japan,Japan,JP,415.44,495.46,24.14,12.6,,true,ESTIMATED_MODE_BREAKDOWN
2024-12-04 17:00:00,Japan,Japan,JP,416.7,496.69,23.91,12.62,,true,ESTIMATED_MODE_BREAKDOWN
2024-12-04 18:00:00,Japan,Japan,JP,418.16,497.81,23.66,12.72,,true,ESTIMATED_MODE_BREAKDOWN
2024-12-04 19:00:00,Japan,Japan,JP,419.73,499.65,23.37,12.74,,true,ESTIMATED_MODE_BREAKDOWN
2024-12-04 20:00:00,Japan,Japan,JP,421.44,501.63,23.06,12.76,,true,ESTIMATED_MODE_BREAKDOWN
2024-12-04 21:00:00,Japan,Japan,JP,425.27,506.22,22.36,12.69,,true,ESTIMATED_MODE_BREAKDOWN
2024-12-04 22:00:00,Japan,Japan,JP,413.33,493.44,24.53,15.36,,true,ESTIMATED_MODE_BREAKDOWN
2024-12-04 23:00:00,Japan,Japan,JP,376.66,453.43,31.23,22.72,,true,ESTIMATED_MODE_BREAKDOWN
2024-12-05 00:00:00,Japan,Japan,JP,334.43,407.8,38.93,30.64,,true,ESTIMATED_MODE_BREAKDOWN
2024-12-05 01:00:00,Japan,Japan,JP,302.63,373.32,44.73,36.21,,true,ESTIMATED_MODE_BREAKDOWN
2024-12-05 02:00:00,Japan,Japan,JP,285.01,353.82,47.95,39.36,,true,ESTIMATED_MODE_BREAKDOWN
2024-12-05 03:00:00,Japan,Japan,JP,287.07,355.57,47.58,38.65,,true,ESTIMATED_MODE_BREAKDOWN
2024-12-05 04:00:00,Japan,Japan,JP,321.35,392.93,41.32,32.64,,true,ESTIMATED_MODE_BREAKDOWN
2024-12-05 05:00:00,Japan,Japan,JP,355.41,430.69,35.09,26.4,,true,ESTIMATED_MODE_BREAKDOWN
2024-12-05 06:00:00,Japan,Japan,JP,391.97,470.33,28.43,19.76,,true,ESTIMATED_MODE_BREAKDOWN
2024-12-05 07:00:00,Japan,Japan,JP,425.59,506.95,22.29,13.82,,true,ESTIMATED_MODE_BREAKDOWN
2024-12-05 08:00:00,Japan,Japan,JP,431.77,513.65,21.17,12.82,,true,ESTIMATED_MODE_BREAKDOWN
2024-12-05 09:00:00,Japan,Japan,JP,431.82,513.77,21.16,12.77,,true,ESTIMATED_MODE_BREAKDOWN
2024-12-05 10:00:00,Japan,Japan,JP,431.0,512.91,21.31,12.69,,true,ESTIMATED_MODE_BREAKDOWN
2024-12-05 11:00:00,Japan,Japan,JP,429.9,511.68,21.51,12.61,,true,ESTIMATED_MODE_BREAKDOWN
2024-12-05 12:00:00,Japan,Japan,JP,427.81,509.39,21.88,12.59,,true,ESTIMATED_MODE_BREAKDOWN
2024-12-05 13:00:00,Japan,Japan,JP,424.54,505.8,22.48,12.63,,true,ESTIMATED_MODE_BREAKDOWN
2024-12-05 14:00:00,Japan,Japan,JP,422.04,503.02,22.93,12.73,,true,ESTIMATED_MODE_BREAKDOWN
2024-12-05 15:00:00,Japan,Japan,JP,416.69,496.86,23.91,12.93,,true,ESTIMATED_MODE_BREAKDOWN
2024-12-05 16:00:00,Japan,Japan,JP,414.84,494.8,24.24,12.96,,true,ESTIMATED_MODE_BREAKDOWN
2024-12-05 17:00:00,Japan,Japan,JP,416.08,496.09,24.02,12.93,,true,ESTIMATED_MODE_BREAKDOWN
2024-12-05 18:00:00,Japan,Japan,JP,418.62,498.72,23.57,12.89,,true,ESTIMATED_MODE_BREAKDOWN
2024-12-05 19:00:00,Japan,Japan,JP,420.23,500.32,23.28,12.86,,true,ESTIMATED_MODE_BREAKDOWN
2024-12-05 20:00:00,Japan,Japan,JP,422.7,503.12,22.83,12.69,,true,ESTIMATED_MODE_BREAKDOWN
2024-12-05 21:00:00,Japan,Japan,JP,427.38,508.65,21.97,12.57,,true,ESTIMATED_MODE_BREAKDOWN
2024-12-05 22:00:00,Japan,Japan,JP,413.87,494.15,24.43,15.52,,true,ESTIMATED_MODE_BREAKDOWN
2024-12-05 23:00:00,Japan,Japan,JP,373.33,449.99,31.83,23.45,,true,ESTIMATED_MODE_BREAKDOWN
2024-12-06 00:00:00,Japan,Japan,JP,332.53,405.81,39.27,31.07,,true,ESTIMATED_MODE_BREAKDOWN
2024-12-06 01:00:00,Japan,Japan,JP,305.96,377.24,44.11,35.75,,true,ESTIMATED_MODE_BREAKDOWN
2024-12-06 02:00:00,Japan,Japan,JP,294.69,365.23,46.16,37.68,,true,ESTIMATED_MODE_BREAKDOWN
2024-12-06 03:00:00,Japan,Japan,JP,292.54,362.65,46.55,37.63,,true,ESTIMATED_MODE_BREAKDOWN
2024-12-06 04:00:00,Japan,Japan,JP,324.07,395.67,40.83,32.14,,true,ESTIMATED_MODE_BREAKDOWN
2024-12-06 05:00:00,Japan,Japan,JP,359.82,434.89,34.3,25.69,,true,ESTIMATED_MODE_BREAKDOWN
2024-12-06 06:00:00,Japan,Japan,JP,397.65,476.41,27.39,18.78,,true,ESTIMATED_MODE_BREAKDOWN
2024-12-06 07:00:00,Japan,Japan,JP,425.4,506.7,22.33,13.93,,true,ESTIMATED_MODE_BREAKDOWN
2024-12-06 08:00:00,Japan,Japan,JP,430.56,512.32,21.39,13.05,,true,ESTIMATED_MODE_BREAKDOWN
2024-12-06 09:00:00,Japan,Japan,JP,430.01,511.72,21.49,13.06,,true,ESTIMATED_MODE_BREAKDOWN
2024-12-06 10:00:00,Japan,Japan,JP,428.7,510.2,21.73,13.08,,true,ESTIMATED_MODE_BREAKDOWN
2024-12-06 11:00:00,Japan,Japan,JP,427.18,508.47,22.01,13.1,,true,ESTIMATED_MODE_BREAKDOWN
2024-12-06 12:00:00,Japan,Japan,JP,424.96,506.08,22.41,13.13,,true,ESTIMATED_MODE_BREAKDOWN
2024-12-06 13:00:00,Japan,Japan,JP,422.12,502.96,22.92,13.18,,true,ESTIMATED_MODE_BREAKDOWN
2024-12-06 14:00:00,Japan,Japan,JP,420.01,500.64,23.3,13.23,,true,ESTIMATED_MODE_BREAKDOWN
2024-12-06 15:00:00,Japan,Japan,JP,414.92,494.2,24.24,13.39,,true,ESTIMATED_MODE_BREAKDOWN
2024-12-06 16:00:00,Japan,Japan,JP,413.23,490.86,24.58,13.38,,true,ESTIMATED_MODE_BREAKDOWN
2024-12-06 17:00:00,Japan,Japan,JP,413.74,492.9,24.46,13.44,,true,ESTIMATED_MODE_BREAKDOWN
2024-12-06 18:00:00,Japan,Japan,JP,415.62,495.14,24.12,13.38,,true,ESTIMATED_MODE_BREAKDOWN
2024-12-06 19:00:00,Japan,Japan,JP,416.4,495.94,23.98,13.36,,true,ESTIMATED_MODE_BREAKDOWN
2024-12-06 20:00:00,Japan,Japan,JP,416.95,496.62,23.88,13.32,,true,ESTIMATED_MODE_BREAKDOWN
2024-12-06 21:00:00,Japan,Japan,JP,418.81,498.98,23.53,13.17,,true,ESTIMATED_MODE_BREAKDOWN
2024-12-06 22:00:00,Japan,Japan,JP,406.68,485.89,25.74,15.72,,true,ESTIMATED_MODE_BREAKDOWN
2024-12-06 23:00:00,Japan,Japan,JP,362.21,437.18,33.87,24.28,,true,ESTIMATED_MODE_BREAKDOWN
2024-12-07 00:00:00,Japan,Japan,JP,313.02,383.5,42.85,33.29,,true,ESTIMATED_MODE_BREAKDOWN
2024-12-07 01:00:00,Japan,Japan,JP,274.25,341.05,49.92,40.11,,true,ESTIMATED_MODE_BREAKDOWN
2024-12-07 02:00:00,Japan,Japan,JP,255.6,321.45,53.31,43.29,,true,ESTIMATED_MODE_BREAKDOWN
2024-12-07 03:00:00,Japan,Japan,JP,253.8,319.15,53.64,43.38,,true,ESTIMATED_MODE_BREAKDOWN
2024-12-07 04:00:00,Japan,Japan,JP,279.34,346.71,48.98,38.73,,true,ESTIMATED_MODE_BREAKDOWN
2024-12-07 05:00:00,Japan,Japan,JP,324.44,396.36,40.74,30.53,,true,ESTIMATED_MODE_BREAKDOWN
2024-12-07 06:00:00,Japan,Japan,JP,376.38,452.15,31.28,21.23,,true,ESTIMATED_MODE_BREAKDOWN
2024-12-07 07:00:00,Japan,Japan,JP,416.4,496.04,23.98,14.28,,true,ESTIMATED_MODE_BREAKDOWN
2024-12-07 08:00:00,Japan,Japan,JP,426.04,507.21,22.21,12.98,,true,ESTIMATED_MODE_BREAKDOWN
2024-12-07 09:00:00,Japan,Japan,JP,426.7,507.91,22.09,12.93,,true,ESTIMATED_MODE_BREAKDOWN
2024-12-07 10:00:00,Japan,Japan,JP,426.05,507.15,22.21,12.92,,true,ESTIMATED_MODE_BREAKDOWN
2024-12-07 11:00:00,Japan,Japan,JP,424.86,505.81,22.43,12.9,,true,ESTIMATED_MODE_BREAKDOWN
2024-12-07 12:00:00,Japan,Japan,JP,422.61,503.13,22.84,12.93,,true,ESTIMATED_MODE_BREAKDOWN
2024-12-07 13:00:00,Japan,Japan,JP,419.44,499.83,23.41,12.99,,true,ESTIMATED_MODE_BREAKDOWN
2024-12-07 14:00:00,Japan,Japan,JP,417.28,497.48,23.8,13.06,,true,ESTIMATED_MODE_BREAKDOWN
2024-12-07 15:00:00,Japan,Japan,JP,412.69,491.84,24.65,13.19,,true,ESTIMATED_MODE_BREAKDOWN
2024-12-07 16:00:00,Japan,Japan,JP,411.17,487.95,24.97,13.11,,true,ESTIMATED_MODE_BREAKDOWN
2024-12-07 17:00:00,Japan,Japan,JP,412.03,488.71,24.82,13.16,,true,ESTIMATED_MODE_BREAKDOWN
2024-12-07 18:00:00,Japan,Japan,JP,413.58,490.02,24.55,13.24,,true,ESTIMATED_MODE_BREAKDOWN
2024-12-07 19:00:00,Japan,Japan,JP,415.12,491.57,24.28,13.19,,true,ESTIMATED_MODE_BREAKDOWN
2024-12-07 20:00:00,Japan,Japan,JP,415.18,491.62,24.27,13.16,,true,ESTIMATED_MODE_BREAKDOWN
2024-12-07 21:00:00,Japan,Japan,JP,415.7,492.74,24.16,13.23,,true,ESTIMATED_MODE_BREAKDOWN
2024-12-07 22:00:00,Japan,Japan,JP,406.08,482.8,25.9,15.35,,true,ESTIMATED_MODE_BREAKDOWN
2024-12-07 23:00:00,Japan,Japan,JP,363.11,435.83,33.75,23.62,,true,ESTIMATED_MODE_BREAKDOWN
2024-12-08 00:00:00,Japan,Japan,JP,305.41,375.0,44.23,34.1,,true,ESTIMATED_MODE_BREAKDOWN
2024-12-08 01:00:00,Japan,Japan,JP,257.42,324.15,52.95,42.65,,true,ESTIMATED_MODE_BREAKDOWN
2024-12-08 02:00:00,Japan,Japan,JP,240.3,305.72,56.07,45.59,,true,ESTIMATED_MODE_BREAKDOWN
2024-12-08 03:00:00,Japan,Japan,JP,246.41,311.03,54.98,44.39,,true,ESTIMATED_MODE_BREAKDOWN
2024-12-08 04:00:00,Japan,Japan,JP,268.53,333.78,50.98,40.25,,true,ESTIMATED_MODE_BREAKDOWN
2024-12-08 05:00:00,Japan,Japan,JP,305.62,373.95,44.21,33.52,,true,ESTIMATED_MODE_BREAKDOWN
2024-12-08 06:00:00,Japan,Japan,JP,361.48,435.19,34.01,23.62,,true,ESTIMATED_MODE_BREAKDOWN
2024-12-08 07:00:00,Japan,Japan,JP,412.8,491.39,24.65,14.74,,true,ESTIMATED_MODE_BREAKDOWN
2024-12-08 08:00:00,Japan,Japan,JP,425.59,506.11,22.31,13.16,,true,ESTIMATED_MODE_BREAKDOWN
2024-12-08 09:00:00,Japan,Japan,JP,427.46,508.08,21.97,13.02,,true,ESTIMATED_MODE_BREAKDOWN
2024-12-08 10:00:00,Japan,Japan,JP,427.4,508.0,21.98,13.0,,true,ESTIMATED_MODE_BREAKDOWN
2024-12-08 11:00:00,Japan,Japan,JP,426.92,507.74,22.06,12.92,,true,ESTIMATED_MODE_BREAKDOWN
2024-12-08 12:00:00,Japan,Japan,JP,425.14,506.41,22.37,12.83,,true,ESTIMATED_MODE_BREAKDOWN
2024-12-08 13:00:00,Japan,Japan,JP,421.24,502.15,23.08,12.94,,true,ESTIMATED_MODE_BREAKDOWN
2024-12-08 14:00:00,Japan,Japan,JP,418.98,499.75,23.49,12.96,,true,ESTIMATED_MODE_BREAKDOWN
2024-12-08 15:00:00,Japan,Japan,JP,415.26,494.99,24.17,12.91,,true,ESTIMATED_MODE_BREAKDOWN
2024-12-08 16:00:00,Japan,Japan,JP,414.75,493.66,24.29,12.84,,true,ESTIMATED_MODE_BREAKDOWN
2024-12-08 17:00:00,Japan,Japan,JP,415.65,495.5,24.1,12.92,,true,ESTIMATED_MODE_BREAKDOWN
2024-12-08 18:00:00,Japan,Japan,JP,417.69,497.7,23.74,12.93,,true,ESTIMATED_MODE_BREAKDOWN
2024-12-08 19:00:00,Japan,Japan,JP,419.1,499.04,23.49,12.96,,true,ESTIMATED_MODE_BREAKDOWN
2024-12-08 20:00:00,Japan,Japan,JP,422.13,502.43,22.94,12.9,,true,ESTIMATED_MODE_BREAKDOWN
2024-12-08 21:00:00,Japan,Japan,JP,427.61,509.09,21.93,12.79,,true,ESTIMATED_MODE_BREAKDOWN
2024-12-08 22:00:00,Japan,Japan,JP,417.85,498.81,23.71,15.3,,true,ESTIMATED_MODE_BREAKDOWN
2024-12-08 23:00:00,Japan,Japan,JP,377.55,455.01,31.06,23.2,,true,ESTIMATED_MODE_BREAKDOWN
2024-12-09 00:00:00,Japan,Japan,JP,337.45,411.56,38.37,30.69,,true,ESTIMATED_MODE_BREAKDOWN
2024-12-09 01:00:00,Japan,Japan,JP,306.11,376.58,44.11,36.24,,true,ESTIMATED_MODE_BREAKDOWN
2024-12-09 02:00:00,Japan,Japan,JP,290.93,360.41,46.87,38.82,,true,ESTIMATED_MODE_BREAKDOWN
2024-12-09 03:00:00,Japan,Japan,JP,289.07,358.61,47.2,38.7,,true,ESTIMATED_MODE_BREAKDOWN
2024-12-09 04:00:00,Japan,Japan,JP,314.24,386.6,42.59,34.27,,true,ESTIMATED_MODE_BREAKDOWN
2024-12-09 05:00:00,Japan,Japan,JP,346.54,421.9,36.7,28.37,,true,ESTIMATED_MODE_BREAKDOWN
2024-12-09 06:00:00,Japan,Japan,JP,390.96,470.22,28.59,20.39,,true,ESTIMATED_MODE_BREAKDOWN
2024-12-09 07:00:00,Japan,Japan,JP,428.3,510.59,21.79,13.8,,true,ESTIMATED_MODE_BREAKDOWN
2024-12-09 08:00:00,Japan,Japan,JP,435.9,518.66,20.41,12.6,,true,ESTIMATED_MODE_BREAKDOWN
2024-12-09 09:00:00,Japan,Japan,JP,436.21,518.88,20.36,12.54,,true,ESTIMATED_MODE_BREAKDOWN
2024-12-09 10:00:00,Japan,Japan,JP,435.47,518.08,20.49,12.48,,true,ESTIMATED_MODE_BREAKDOWN
2024-12-09 11:00:00,Japan,Japan,JP,434.52,517.06,20.66,12.4,,true,ESTIMATED_MODE_BREAKDOWN
2024-12-09 12:00:00,Japan,Japan,JP,432.64,514.96,21.0,12.35,,true,ESTIMATED_MODE_BREAKDOWN
2024-12-09 13:00:00,Japan,Japan,JP,429.89,511.99,21.5,12.32,,true,ESTIMATED_MODE_BREAKDOWN
2024-12-09 14:00:00,Japan,Japan,JP,427.58,509.42,21.92,12.34,,true,ESTIMATED_MODE_BREAKDOWN
2024-12-09 15:00:00,Japan,Japan,JP,422.79,503.89,22.79,12.43,,true,ESTIMATED_MODE_BREAKDOWN
2024-12-09 16:00:00,Japan,Japan,JP,420.76,501.62,23.16,12.54,,true,ESTIMATED_MODE_BREAKDOWN
2024-12-09 17:00:00,Japan,Japan,JP,421.52,502.31,23.03,12.58,,true,ESTIMATED_MODE_BREAKDOWN
2024-12-09 18:00:00,Japan,Japan,JP,423.11,503.81,22.75,12.56,,true,ESTIMATED_MODE_BREAKDOWN
2024-12-09 19:00:00,Japan,Japan,JP,424.24,505.01,22.55,12.56,,true,ESTIMATED_MODE_BREAKDOWN
2024-12-09 20:00:00,Japan,Japan,JP,426.6,507.77,22.12,12.49,,true,ESTIMATED_MODE_BREAKDOWN
2024-12-09 21:00:00,Japan,Japan,JP,431.97,514.04,21.13,12.32,,true,ESTIMATED_MODE_BREAKDOWN
2024-12-09 22:00:00,Japan,Japan,JP,420.65,501.91,23.2,14.94,,true,ESTIMATED_MODE_BREAKDOWN
2024-12-09 23:00:00,Japan,Japan,JP,376.83,454.33,31.19,23.36,,true,ESTIMATED_MODE_BREAKDOWN
2024-12-10 00:00:00,Japan,Japan,JP,331.9,405.74,39.38,31.62,,true,ESTIMATED_MODE_BREAKDOWN
2024-12-10 01:00:00,Japan,Japan,JP,293.14,363.54,46.45,38.43,,true,ESTIMATED_MODE_BREAKDOWN
2024-12-10 02:00:00,Japan,Japan,JP,278.47,346.53,49.15,40.92,,true,ESTIMATED_MODE_BREAKDOWN
2024-12-10 03:00:00,Japan,Japan,JP,271.64,339.12,50.39,41.65,,true,ESTIMATED_MODE_BREAKDOWN
2024-12-10 04:00:00,Japan,Japan,JP,296.01,366.27,45.93,37.37,,true,ESTIMATED_MODE_BREAKDOWN
2024-12-10 05:00:00,Japan,Japan,JP,336.25,410.23,38.58,30.11,,true,ESTIMATED_MODE_BREAKDOWN
2024-12-10 06:00:00,Japan,Japan,JP,385.53,463.75,29.6,21.2,,true,ESTIMATED_MODE_BREAKDOWN
2024-12-10 07:00:00,Japan,Japan,JP,429.15,511.33,21.64,13.51,,true,ESTIMATED_MODE_BREAKDOWN
2024-12-10 08:00:00,Japan,Japan,JP,437.07,519.81,20.2,12.2,,true,ESTIMATED_MODE_BREAKDOWN
2024-12-10 09:00:00,Japan,Japan,JP,437.2,519.83,20.18,12.18,,true,ESTIMATED_MODE_BREAKDOWN
2024-12-10 10:00:00,Japan,Japan,JP,436.26,518.86,20.35,12.2,,true,ESTIMATED_MODE_BREAKDOWN
2024-12-10 11:00:00,Japan,Japan,JP,435.23,517.74,20.54,12.16,,true,ESTIMATED_MODE_BREAKDOWN
2024-12-10 12:00:00,Japan,Japan,JP,433.26,515.43,20.89,12.13,,true,ESTIMATED_MODE_BREAKDOWN
2024-12-10 13:00:00,Japan,Japan,JP,430.71,512.15,21.37,12.12,,true,ESTIMATED_MODE_BREAKDOWN
2024-12-10 14:00:00,Japan,Japan,JP,428.21,509.82,21.81,12.16,,true,ESTIMATED_MODE_BREAKDOWN
2024-12-10 15:00:00,Japan,Japan,JP,424.09,504.95,22.57,12.22,,true,ESTIMATED_MODE_BREAKDOWN
2024-12-10 16:00:00,Japan,Japan,JP,422.11,501.04,22.96,12.27,,true,ESTIMATED_MODE_BREAKDOWN
2024-12-10 17:00:00,Japan,Japan,JP,422.81,500.93,22.86,12.38,,true,ESTIMATED_MODE_BREAKDOWN
2024-12-10 18:00:00,Japan,Japan,JP,423.11,502.29,22.78,12.57,,true,ESTIMATED_MODE_BREAKDOWN
2024-12-10 19:00:00,Japan,Japan,JP,423.68,504.05,22.66,12.63,,true,ESTIMATED_MODE_BREAKDOWN
2024-12-10 20:00:00,Japan,Japan,JP,425.66,506.39,22.29,12.62,,true,ESTIMATED_MODE_BREAKDOWN
2024-12-10 21:00:00,Japan,Japan,JP,430.18,511.67,21.46,12.53,,true,ESTIMATED_MODE_BREAKDOWN
2024-12-10 22:00:00,Japan,Japan,JP,424.79,506.11,22.44,14.05,,true,ESTIMATED_MODE_BREAKDOWN
2024-12-10 23:00:00,Japan,Japan,JP,398.39,477.59,27.26,19.41,,true,ESTIMATED_MODE_BREAKDOWN
2024-12-11 00:00:00,Japan,Japan,JP,360.96,437.1,34.08,26.37,,true,ESTIMATED_MODE_BREAKDOWN
2024-12-11 01:00:00,Japan,Japan,JP,323.27,395.3,40.98,33.03,,true,ESTIMATED_MODE_BREAKDOWN
2024-12-11 02:00:00,Japan,Japan,JP,301.16,370.75,45.02,36.85,,true,ESTIMATED_MODE_BREAKDOWN
2024-12-11 03:00:00,Japan,Japan,JP,303.45,372.78,44.61,36.1,,true,ESTIMATED_MODE_BREAKDOWN
2024-12-11 04:00:00,Japan,Japan,JP,332.09,403.39,39.39,31.01,,true,ESTIMATED_MODE_BREAKDOWN
2024-12-11 05:00:00,Japan,Japan,JP,361.59,435.98,34.0,25.69,,true,ESTIMATED_MODE_BREAKDOWN
2024-12-11 06:00:00,Japan,Japan,JP,400.16,478.67,26.95,18.73,,true,ESTIMATED_MODE_BREAKDOWN
2024-12-11 07:00:00,Japan,Japan,JP,427.87,509.42,21.88,13.92,,true,ESTIMATED_MODE_BREAKDOWN
2024-12-11 08:00:00,Japan,Japan,JP,434.34,516.69,20.7,12.87,,true,ESTIMATED_MODE_BREAKDOWN
2024-12-11 09:00:00,Japan,Japan,JP,434.28,516.56,20.71,12.85,,true,ESTIMATED_MODE_BREAKDOWN
2024-12-11 10:00:00,Japan,Japan,JP,433.28,515.44,20.89,12.85,,true,ESTIMATED_MODE_BREAKDOWN
2024-12-11 11:00:00,Japan,Japan,JP,432.15,514.17,21.1,12.85,,true,ESTIMATED_MODE_BREAKDOWN
2024-12-11 12:00:00,Japan,Japan,JP,430.67,512.44,21.37,12.75,,true,ESTIMATED_MODE_BREAKDOWN
2024-12-11 13:00:00,Japan,Japan,JP,427.88,509.38,21.87,12.76,,true,ESTIMATED_MODE_BREAKDOWN
2024-12-11 14:00:00,Japan,Japan,JP,425.62,506.66,22.29,12.8,,true,ESTIMATED_MODE_BREAKDOWN
2024-12-11 15:00:00,Japan,Japan,JP,421.17,500.94,23.11,12.87,,true,ESTIMATED_MODE_BREAKDOWN
2024-12-11 16:00:00,Japan,Japan,JP,419.56,497.48,23.44,12.91,,true,ESTIMATED_MODE_BREAKDOWN
2024-12-11 17:00:00,Japan,Japan,JP,419.98,497.98,23.37,12.95,,true,ESTIMATED_MODE_BREAKDOWN
2024-12-11 18:00:00,Japan,Japan,JP,421.5,499.28,23.1,12.94,,true,ESTIMATED_MODE_BREAKDOWN
2024-12-11 19:00:00,Japan,Japan,JP,422.85,500.95,22.85,12.97,,true,ESTIMATED_MODE_BREAKDOWN
2024-12-11 20:00:00,Japan,Japan,JP,425.83,504.3,22.31,12.83,,true,ESTIMATED_MODE_BREAKDOWN
2024-12-11 21:00:00,Japan,Japan,JP,430.65,510.23,21.42,12.68,,true,ESTIMATED_MODE_BREAKDOWN
2024-12-11 22:00:00,Japan,Japan,JP,422.16,501.44,22.96,14.78,,true,ESTIMATED_MODE_BREAKDOWN
2024-12-11 23:00:00,Japan,Japan,JP,381.34,457.66,30.4,22.67,,true,ESTIMATED_MODE_BREAKDOWN
2024-12-12 00:00:00,Japan,Japan,JP,334.99,408.07,38.84,31.14,,true,ESTIMATED_MODE_BREAKDOWN
2024-12-12 01:00:00,Japan,Japan,JP,299.9,370.0,45.23,37.28,,true,ESTIMATED_MODE_BREAKDOWN
2024-12-12 02:00:00,Japan,Japan,JP,284.83,353.12,47.99,39.89,,true,ESTIMATED_MODE_BREAKDOWN
2024-12-12 03:00:00,Japan,Japan,JP,282.57,351.39,48.38,39.99,,true,ESTIMATED_MODE_BREAKDOWN
2024-12-12 04:00:00,Japan,Japan,JP,309.65,381.66,43.42,35.21,,true,ESTIMATED_MODE_BREAKDOWN
2024-12-12 05:00:00,Japan,Japan,JP,341.63,416.58,37.59,29.43,,true,ESTIMATED_MODE_BREAKDOWN
2024-12-12 06:00:00,Japan,Japan,JP,387.79,466.41,29.18,21.09,,true,ESTIMATED_MODE_BREAKDOWN
2024-12-12 07:00:00,Japan,Japan,JP,428.95,510.46,21.69,13.89,,true,ESTIMATED_MODE_BREAKDOWN
2024-12-12 08:00:00,Japan,Japan,JP,437.22,519.87,20.18,12.55,,true,ESTIMATED_MODE_BREAKDOWN
2024-12-12 09:00:00,Japan,Japan,JP,437.26,520.15,20.16,12.54,,true,ESTIMATED_MODE_BREAKDOWN
2024-12-12 10:00:00,Japan,Japan,JP,436.71,519.5,20.26,12.48,,true,ESTIMATED_MODE_BREAKDOWN
2024-12-12 11:00:00,Japan,Japan,JP,435.9,518.63,20.41,12.43,,true,ESTIMATED_MODE_BREAKDOWN
2024-12-12 12:00:00,Japan,Japan,JP,434.61,517.11,20.64,12.33,,true,ESTIMATED_MODE_BREAKDOWN
2024-12-12 13:00:00,Japan,Japan,JP,432.26,514.57,21.07,12.27,,true,ESTIMATED_MODE_BREAKDOWN
2024-12-12 14:00:00,Japan,Japan,JP,430.37,512.5,21.41,12.25,,true,ESTIMATED_MODE_BREAKDOWN
2024-12-12 15:00:00,Japan,Japan,JP,426.45,507.94,22.13,12.29,,true,ESTIMATED_MODE_BREAKDOWN
2024-12-12 16:00:00,Japan,Japan,JP,424.69,505.68,22.45,12.31,,true,ESTIMATED_MODE_BREAKDOWN
2024-12-12 17:00:00,Japan,Japan,JP,425.41,506.11,22.33,12.35,,true,ESTIMATED_MODE_BREAKDOWN
2024-12-12 18:00:00,Japan,Japan,JP,426.23,506.73,22.19,12.39,,true,ESTIMATED_MODE_BREAKDOWN
2024-12-12 19:00:00,Japan,Japan,JP,427.2,507.87,22.02,12.39,,true,ESTIMATED_MODE_BREAKDOWN
2024-12-12 20:00:00,Japan,Japan,JP,429.51,510.87,21.59,12.29,,true,ESTIMATED_MODE_BREAKDOWN
2024-12-12 21:00:00,Japan,Japan,JP,434.4,516.74,20.69,12.16,,true,ESTIMATED_MODE_BREAKDOWN
2024-12-12 22:00:00,Japan,Japan,JP,430.87,513.29,21.32,13.36,,true,ESTIMATED_MODE_BREAKDOWN
2024-12-12 23:00:00,Japan,Japan,JP,408.09,488.68,25.48,18.03,,true,ESTIMATED_MODE_BREAKDOWN
2024-12-13 00:00:00,Japan,Japan,JP,378.63,457.21,30.84,23.52,,true,ESTIMATED_MODE_BREAKDOWN
2024-12-13 01:00:00,Japan,Japan,JP,353.35,429.93,35.44,27.92,,true,ESTIMATED_MODE_BREAKDOWN
2024-12-13 02:00:00,Japan,Japan,JP,339.81,415.41,37.91,30.15,,true,ESTIMATED_MODE_BREAKDOWN
2024-12-13 03:00:00,Japan,Japan,JP,341.55,417.23,37.59,29.46,,true,ESTIMATED_MODE_BREAKDOWN
2024-12-13 04:00:00,Japan,Japan,JP,370.14,448.23,32.38,24.5,,true,ESTIMATED_MODE_BREAKDOWN
2024-12-13 05:00:00,Japan,Japan,JP,401.26,481.46,26.71,18.86,,true,ESTIMATED_MODE_BREAKDOWN
2024-12-13 06:00:00,Japan,Japan,JP,422.89,504.75,22.78,14.94,,true,ESTIMATED_MODE_BREAKDOWN
2024-12-13 07:00:00,Japan,Japan,JP,436.41,519.62,20.31,12.67,,true,ESTIMATED_MODE_BREAKDOWN
2024-12-13 08:00:00,Japan,Japan,JP,438.8,522.07,19.88,12.29,,true,ESTIMATED_MODE_BREAKDOWN
2024-12-13 09:00:00,Japan,Japan,JP,437.94,521.0,20.04,12.34,,true,ESTIMATED_MODE_BREAKDOWN
2024-12-13 10:00:00,Japan,Japan,JP,436.37,519.41,20.32,12.43,,true,ESTIMATED_MODE_BREAKDOWN
2024-12-13 11:00:00,Japan,Japan,JP,434.73,517.58,20.62,12.49,,true,ESTIMATED_MODE_BREAKDOWN
2024-12-13 12:00:00,Japan,Japan,JP,432.2,514.72,21.08,12.58,,true,ESTIMATED_MODE_BREAKDOWN
2024-12-13 13:00:00,Japan,Japan,JP,429.6,511.8,21.55,12.61,,true,ESTIMATED_MODE_BREAKDOWN
2024-12-13 14:00:00,Japan,Japan,JP,427.1,509.04,22.0,12.71,,true,ESTIMATED_MODE_BREAKDOWN
2024-12-13 15:00:00,Japan,Japan,JP,422.24,503.25,22.89,12.81,,true,ESTIMATED_MODE_BREAKDOWN
2024-12-13 16:00:00,Japan,Japan,JP,419.91,500.39,23.32,12.93,,true,ESTIMATED_MODE_BREAKDOWN
2024-12-13 17:00:00,Japan,Japan,JP,419.97,500.15,23.32,13.02,,true,ESTIMATED_MODE_BREAKDOWN
2024-12-13 18:00:00,Japan,Japan,JP,420.07,500.14,23.31,13.24,,true,ESTIMATED_MODE_BREAKDOWN
2024-12-13 19:00:00,Japan,Japan,JP,421.96,501.86,22.97,13.25,,true,ESTIMATED_MODE_BREAKDOWN
2024-12-13 20:00:00,Japan,Japan,JP,423.3,503.38,22.73,13.26,,true,ESTIMATED_MODE_BREAKDOWN
2024-12-13 21:00:00,Japan,Japan,JP,426.56,507.62,22.12,13.22,,true,ESTIMATED_MODE_BREAKDOWN
2024-12-13 22:00:00,Japan,Japan,JP,418.29,499.14,23.63,15.26,,true,ESTIMATED_MODE_BREAKDOWN
2024-12-13 23:00:00,Japan,Japan,JP,377.9,455.18,31.0,23.09,,true,ESTIMATED_MODE_BREAKDOWN
2024-12-14 00:00:00,Japan,Japan,JP,328.24,400.97,40.06,32.26,,true,ESTIMATED_MODE_BREAKDOWN
2024-12-14 01:00:00,Japan,Japan,JP,288.61,357.85,47.29,39.29,,true,ESTIMATED_MODE_BREAKDOWN
2024-12-14 02:00:00,Japan,Japan,JP,268.29,335.68,51.0,42.81,,true,ESTIMATED_MODE_BREAKDOWN
2024-12-14 03:00:00,Japan,Japan,JP,272.1,339.74,50.3,41.93,,true,ESTIMATED_MODE_BREAKDOWN
2024-12-14 04:00:00,Japan,Japan,JP,293.47,362.87,46.4,37.96,,true,ESTIMATED_MODE_BREAKDOWN
2024-12-14 05:00:00,Japan,Japan,JP,333.11,406.32,39.16,30.8,,true,ESTIMATED_MODE_BREAKDOWN
2024-12-14 06:00:00,Japan,Japan,JP,383.32,461.22,30.0,21.75,,true,ESTIMATED_MODE_BREAKDOWN
2024-12-14 07:00:00,Japan,Japan,JP,426.24,507.93,22.17,14.25,,true,ESTIMATED_MODE_BREAKDOWN
2024-12-14 08:00:00,Japan,Japan,JP,435.41,518.12,20.5,12.99,,true,ESTIMATED_MODE_BREAKDOWN
2024-12-14 09:00:00,Japan,Japan,JP,436.49,519.34,20.31,12.91,,true,ESTIMATED_MODE_BREAKDOWN
2024-12-14 10:00:00,Japan,Japan,JP,436.45,519.38,20.31,12.84,,true,ESTIMATED_MODE_BREAKDOWN
2024-12-14 11:00:00,Japan,Japan,JP,435.99,518.86,20.39,12.79,,true,ESTIMATED_MODE_BREAKDOWN
2024-12-14 12:00:00,Japan,Japan,JP,434.59,517.29,20.65,12.78,,true,ESTIMATED_MODE_BREAKDOWN
2024-12-14 13:00:00,Japan,Japan,JP,432.44,514.92,21.04,12.78,,true,ESTIMATED_MODE_BREAKDOWN
2024-12-14 14:00:00,Japan,Japan,JP,430.81,513.04,21.33,12.83,,true,ESTIMATED_MODE_BREAKDOWN
2024-12-14 15:00:00,Japan,Japan,JP,427.27,509.06,21.98,12.96,,true,ESTIMATED_MODE_BREAKDOWN
2024-12-14 16:00:00,Japan,Japan,JP,425.62,507.16,22.28,12.99,,true,ESTIMATED_MODE_BREAKDOWN
2024-12-14 17:00:00,Japan,Japan,JP,425.95,507.34,22.23,13.06,,true,ESTIMATED_MODE_BREAKDOWN
2024-12-14 18:00:00,Japan,Japan,JP,426.21,507.18,22.19,13.17,,true,ESTIMATED_MODE_BREAKDOWN
2024-12-14 19:00:00,Japan,Japan,JP,426.54,507.26,22.14,13.16,,true,ESTIMATED_MODE_BREAKDOWN
2024-12-14 20:00:00,Japan,Japan,JP,427.12,508.03,22.03,13.08,,true,ESTIMATED_MODE_BREAKDOWN
2024-12-14 21:00:00,Japan,Japan,JP,428.55,510.36,21.75,13.0,,true,ESTIMATED_MODE_BREAKDOWN
2024-12-14 22:00:00,Japan,Japan,JP,417.63,498.74,23.74,15.36,,true,ESTIMATED_MODE_BREAKDOWN
2024-12-14 23:00:00,Japan,Japan,JP,368.56,445.31,32.69,24.56,,true,ESTIMATED_MODE_BREAKDOWN
2024-12-15 00:00:00,Japan,Japan,JP,314.65,387.1,42.52,34.25,,true,ESTIMATED_MODE_BREAKDOWN
2024-12-15 01:00:00,Japan,Japan,JP,275.59,344.37,49.64,41.09,,true,ESTIMATED_MODE_BREAKDOWN
2024-12-15 02:00:00,Japan,Japan,JP,263.61,330.91,51.84,43.14,,true,ESTIMATED_MODE_BREAKDOWN
2024-12-15 03:00:00,Japan,Japan,JP,273.85,341.68,49.98,41.19,,true,ESTIMATED_MODE_BREAKDOWN
2024-12-15 04:00:00,Japan,Japan,JP,298.47,368.84,45.48,36.59,,true,ESTIMATED_MODE_BREAKDOWN
2024-12-15 05:00:00,Japan,Japan,JP,340.55,414.84,37.8,28.88,,true,ESTIMATED_MODE_BREAKDOWN
2024-12-15 06:00:00,Japan,Japan,JP,384.04,462.07,29.86,21.11,,true,ESTIMATED_MODE_BREAKDOWN
2024-12-15 07:00:00,Japan,Japan,JP,422.27,503.67,22.89,14.6,,true,ESTIMATED_MODE_BREAKDOWN
2024-12-15 08:00:00,Japan,Japan,JP,431.79,514.0,21.16,13.42,,true,ESTIMATED_MODE_BREAKDOWN
2024-12-15 09:00:00,Japan,Japan,JP,433.44,515.77,20.86,13.33,,true,ESTIMATED_MODE_BREAKDOWN
2024-12-15 10:00:00,Japan,Japan,JP,433.27,515.57,20.89,13.3,,true,ESTIMATED_MODE_BREAKDOWN
2024-12-15 11:00:00,Japan,Japan,JP,432.67,514.95,21.0,13.27,,true,ESTIMATED_MODE_BREAKDOWN
2024-12-15 12:00:00,Japan,Japan,JP,430.59,512.77,21.38,13.34,,true,ESTIMATED_MODE_BREAKDOWN
2024-12-15 13:00:00,Japan,Japan,JP,427.24,509.13,21.98,13.42,,true,ESTIMATED_MODE_BREAKDOWN
2024-12-15 14:00:00,Japan,Japan,JP,424.91,506.57,22.4,13.52,,true,ESTIMATED_MODE_BREAKDOWN
2024-12-15 15:00:00,Japan,Japan,JP,420.81,500.85,23.17,13.54,,true,ESTIMATED_MODE_BREAKDOWN
2024-12-15 16:00:00,Japan,Japan,JP,420.0,498.52,23.35,13.58,,true,ESTIMATED_MODE_BREAKDOWN
2024-12-15 17:00:00,Japan,Japan,JP,421.19,500.77,23.12,13.59,,true,ESTIMATED_MODE_BREAKDOWN
2024-12-15 18:00:00,Japan,Japan,JP,422.75,502.91,22.83,13.55,,true,ESTIMATED_MODE_BREAKDOWN
2024-12-15 19:00:00,Japan,Japan,JP,424.15,504.39,22.57,13.56,,true,ESTIMATED_MODE_BREAKDOWN
2024-12-15 20:00:00,Japan,Japan,JP,427.4,508.2,21.98,13.4,,true,ESTIMATED_MODE_BREAKDOWN
2024-12-15 21:00:00,Japan,Japan,JP,432.96,515.09,20.95,13.13,,true,ESTIMATED_MODE_BREAKDOWN
2024-12-15 22:00:00,Japan,Japan,JP,428.65,510.93,21.73,14.55,,true,ESTIMATED_MODE_BREAKDOWN
2024-12-15 23:00:00,Japan,Japan,JP,395.19,474.36,27.85,21.15,,true,ESTIMATED_MODE_BREAKDOWN
2024-12-16 00:00:00,Japan,Japan,JP,360.33,436.11,34.22,27.67,,true,ESTIMATED_MODE_BREAKDOWN
2024-12-16 01:00:00,Japan,Japan,JP,330.53,403.67,39.65,32.92,,true,ESTIMATED_MODE_BREAKDOWN
2024-12-16 02:00:00,Japan,Japan,JP,318.07,389.79,41.93,35.01,,true,ESTIMATED_MODE_BREAKDOWN
2024-12-16 03:00:00,Japan,Japan,JP,315.29,386.81,42.43,35.2,,true,ESTIMATED_MODE_BREAKDOWN
2024-12-16 04:00:00,Japan,Japan,JP,332.05,405.03,39.37,32.25,,true,ESTIMATED_MODE_BREAKDOWN
2024-12-16 05:00:00,Japan,Japan,JP,361.44,437.32,34.0,26.95,,true,ESTIMATED_MODE_BREAKDOWN
2024-12-16 06:00:00,Japan,Japan,JP,400.68,480.34,26.84,19.86,,true,ESTIMATED_MODE_BREAKDOWN
2024-12-16 07:00:00,Japan,Japan,JP,434.86,517.69,20.6,13.83,,true,ESTIMATED_MODE_BREAKDOWN
2024-12-16 08:00:00,Japan,Japan,JP,442.12,525.69,19.28,12.64,,true,ESTIMATED_MODE_BREAKDOWN
2024-12-16 09:00:00,Japan,Japan,JP,442.37,525.96,19.23,12.58,,true,ESTIMATED_MODE_BREAKDOWN
2024-12-16 10:00:00,Japan,Japan,JP,441.46,524.9,19.4,12.59,,true,ESTIMATED_MODE_BREAKDOWN
2024-12-16 11:00:00,Japan,Japan,JP,440.67,524.11,19.54,12.55,,true,ESTIMATED_MODE_BREAKDOWN
2024-12-16 12:00:00,Japan,Japan,JP,439.1,522.36,19.83,12.54,,true,ESTIMATED_MODE_BREAKDOWN
2024-12-16 13:00:00,Japan,Japan,JP,436.37,519.37,20.32,12.59,,true,ESTIMATED_MODE_BREAKDOWN
2024-12-16 14:00:00,Japan,Japan,JP,434.05,516.85,20.74,12.64,,true,ESTIMATED_MODE_BREAKDOWN
2024-12-16 15:00:00,Japan,Japan,JP,430.8,513.03,21.33,12.67,,true,ESTIMATED_MODE_BREAKDOWN
2024-12-16 16:00:00,Japan,Japan,JP,429.84,511.86,21.51,12.7,,true,ESTIMATED_MODE_BREAKDOWN
2024-12-16 17:00:00,Japan,Japan,JP,430.25,512.19,21.44,12.73,,true,ESTIMATED_MODE_BREAKDOWN
2024-12-16 18:00:00,Japan,Japan,JP,430.66,512.19,21.38,12.83,,true,ESTIMATED_MODE_BREAKDOWN
2024-12-16 19:00:00,Japan,Japan,JP,431.62,513.18,21.2,12.79,,true,ESTIMATED_MODE_BREAKDOWN
2024-12-16 20:00:00,Japan,Japan,JP,433.47,515.53,20.86,12.77,,true,ESTIMATED_MODE_BREAKDOWN
2024-12-16 21:00:00,Japan,Japan,JP,437.72,520.6,20.08,12.66,,true,ESTIMATED_MODE_BREAKDOWN
2024-12-16 22:00:00,Japan,Japan,JP,430.66,513.1,21.37,14.44,,true,ESTIMATED_MODE_BREAKDOWN
2024-12-16 23:00:00,Japan,Japan,JP,394.46,473.75,27.98,21.44,,true,ESTIMATED_MODE_BREAKDOWN
2024-12-17 00:00:00,Japan,Japan,JP,353.94,429.93,35.37,28.86,,true,ESTIMATED_MODE_BREAKDOWN
2024-12-17 01:00:00,Japan,Japan,JP,320.06,393.13,41.54,34.8,,true,ESTIMATED_MODE_BREAKDOWN
2024-12-17 02:00:00,Japan,Japan,JP,308.49,380.25,43.66,36.69,,true,ESTIMATED_MODE_BREAKDOWN
2024-12-17 03:00:00,Japan,Japan,JP,310.77,382.37,43.25,35.98,,true,ESTIMATED_MODE_BREAKDOWN
2024-12-17 04:00:00,Japan,Japan,JP,333.44,406.69,39.12,32.03,,true,ESTIMATED_MODE_BREAKDOWN
2024-12-17 05:00:00,Japan,Japan,JP,365.01,440.74,33.37,26.32,,true,ESTIMATED_MODE_BREAKDOWN
2024-12-17 06:00:00,Japan,Japan,JP,403.84,483.39,26.28,19.28,,true,ESTIMATED_MODE_BREAKDOWN
2024-12-17 07:00:00,Japan,Japan,JP,436.05,518.8,20.39,13.61,,true,ESTIMATED_MODE_BREAKDOWN
2024-12-17 08:00:00,Japan,Japan,JP,442.73,526.35,19.17,12.51,,true,ESTIMATED_MODE_BREAKDOWN
2024-12-17 09:00:00,Japan,Japan,JP,442.94,526.51,19.13,12.45,,true,ESTIMATED_MODE_BREAKDOWN
2024-12-17 10:00:00,Japan,Japan,JP,441.99,525.42,19.31,12.49,,true,ESTIMATED_MODE_BREAKDOWN
2024-12-17 11:00:00,Japan,Japan,JP,441.4,524.86,19.41,12.41,,true,ESTIMATED_MODE_BREAKDOWN
2024-12-17 12:00:00,Japan,Japan,JP,439.57,522.84,19.74,12.43,,true,ESTIMATED_MODE_BREAKDOWN
2024-12-17 13:00:00,Japan,Japan,JP,437.4,520.49,20.13,12.44,,true,ESTIMATED_MODE_BREAKDOWN
2024-12-17 14:00:00,Japan,Japan,JP,434.78,517.58,20.61,12.54,,true,ESTIMATED_MODE_BREAKDOWN
2024-12-17 15:00:00,Japan,Japan,JP,431.04,513.11,21.29,12.63,,true,ESTIMATED_MODE_BREAKDOWN
2024-12-17 16:00:00,Japan,Japan,JP,429.59,511.22,21.56,12.69,,true,ESTIMATED_MODE_BREAKDOWN
2024-12-17 17:00:00,Japan,Japan,JP,429.8,511.22,21.53,12.79,,true,ESTIMATED_MODE_BREAKDOWN
2024-12-17 18:00:00,Japan,Japan,JP,430.48,511.92,21.41,12.87,,true,ESTIMATED_MODE_BREAKDOWN
2024-12-17 19:00:00,Japan,Japan,JP,431.64,512.79,21.21,12.81,,true,ESTIMATED_MODE_BREAKDOWN
2024-12-17 20:00:00,Japan,Japan,JP,433.3,514.57,20.91,12.82,,true,ESTIMATED_MODE_BREAKDOWN
2024-12-17 21:00:00,Japan,Japan,JP,437.11,519.39,20.21,12.74,,true,ESTIMATED_MODE_BREAKDOWN
2024-12-17 22:00:00,Japan,Japan,JP,431.93,514.08,21.15,14.21,,true,ESTIMATED_MODE_BREAKDOWN
2024-12-17 23:00:00,Japan,Japan,JP,402.12,482.02,26.58,20.09,,true,ESTIMATED_MODE_BREAKDOWN
2024-12-18 00:00:00,Japan,Japan,JP,368.6,445.68,32.7,26.26,,true,ESTIMATED_MODE_BREAKDOWN
2024-12-18 01:00:00,Japan,Japan,JP,337.43,411.43,38.39,31.71,,true,ESTIMATED_MODE_BREAKDOWN
2024-12-18 02:00:00,Japan,Japan,JP,317.78,390.31,41.96,35.15,,true,ESTIMATED_MODE_BREAKDOWN
2024-12-18 03:00:00,Japan,Japan,JP,309.58,380.88,43.47,36.3,,true,ESTIMATED_MODE_BREAKDOWN
2024-12-18 04:00:00,Japan,Japan,JP,330.74,403.1,39.63,32.66,,true,ESTIMATED_MODE_BREAKDOWN
2024-12-18 05:00:00,Japan,Japan,JP,366.73,442.6,33.05,26.12,,true,ESTIMATED_MODE_BREAKDOWN
2024-12-18 06:00:00,Japan,Japan,JP,404.46,484.07,26.16,19.3,,true,ESTIMATED_MODE_BREAKDOWN
2024-12-18 07:00:00,Japan,Japan,JP,436.26,519.05,20.35,13.69,,true,ESTIMATED_MODE_BREAKDOWN
2024-12-18 08:00:00,Japan,Japan,JP,442.99,526.62,19.12,12.59,,true,ESTIMATED_MODE_BREAKDOWN
2024-12-18 09:00:00,Japan,Japan,JP,443.32,526.84,19.06,12.51,,true,ESTIMATED_MODE_BREAKDOWN
2024-12-18 10:00:00,Japan,Japan,JP,442.78,526.29,19.16,12.47,,true,ESTIMATED_MODE_BREAKDOWN
2024-12-18 11:00:00,Japan,Japan,JP,442.02,525.46,19.3,12.44,,true,ESTIMATED_MODE_BREAKDOWN
2024-12-18 12:00:00,Japan,Japan,JP,440.54,523.75,19.57,12.41,,true,ESTIMATED_MODE_BREAKDOWN
2024-12-18 13:00:00,Japan,Japan,JP,438.04,521.13,20.02,12.43,,true,ESTIMATED_MODE_BREAKDOWN
2024-12-18 14:00:00,Japan,Japan,JP,435.97,518.87,20.39,12.49,,true,ESTIMATED_MODE_BREAKDOWN
2024-12-18 15:00:00,Japan,Japan,JP,432.4,514.7,21.05,12.58,,true,ESTIMATED_MODE_BREAKDOWN
2024-12-18 16:00:00,Japan,Japan,JP,430.82,512.75,21.34,12.62,,true,ESTIMATED_MODE_BREAKDOWN
2024-12-18 17:00:00,Japan,Japan,JP,431.24,513.12,21.27,12.66,,true,ESTIMATED_MODE_BREAKDOWN
2024-12-18 18:00:00,Japan,Japan,JP,431.84,513.53,21.16,12.71,,true,ESTIMATED_MODE_BREAKDOWN
2024-12-18 19:00:00,Japan,Japan,JP,432.51,514.29,21.04,12.7,,true,ESTIMATED_MODE_BREAKDOWN
2024-12-18 20:00:00,Japan,Japan,JP,434.53,516.76,20.67,12.63,,true,ESTIMATED_MODE_BREAKDOWN
2024-12-18 21:00:00,Japan,Japan,JP,438.46,521.4,19.95,12.56,,true,ESTIMATED_MODE_BREAKDOWN
2024-12-18 22:00:00,Japan,Japan,JP,433.88,516.62,20.78,13.99,,true,ESTIMATED_MODE_BREAKDOWN
2024-12-18 23:00:00,Japan,Japan,JP,405.71,485.94,25.93,19.64,,true,ESTIMATED_MODE_BREAKDOWN
2024-12-19 00:00:00,Japan,Japan,JP,371.22,448.27,32.22,26.03,,true,ESTIMATED_MODE_BREAKDOWN
2024-12-19 01:00:00,Japan,Japan,JP,334.59,408.41,38.9,32.47,,true,ESTIMATED_MODE_BREAKDOWN
2024-12-19 02:00:00,Japan,Japan,JP,312.72,384.64,42.89,36.26,,true,ESTIMATED_MODE_BREAKDOWN
2024-12-19 03:00:00,Japan,Japan,JP,301.29,372.11,44.97,38.03,,true,ESTIMATED_MODE_BREAKDOWN
2024-12-19 04:00:00,Japan,Japan,JP,321.13,394.09,41.34,34.56,,true,ESTIMATED_MODE_BREAKDOWN
2024-12-19 05:00:00,Japan,Japan,JP,353.54,429.69,35.42,28.64,,true,ESTIMATED_MODE_BREAKDOWN
2024-12-19 06:00:00,Japan,Japan,JP,397.32,477.19,27.44,20.77,,true,ESTIMATED_MODE_BREAKDOWN
2024-12-19 07:00:00,Japan,Japan,JP,435.4,518.54,20.5,14.03,,true,ESTIMATED_MODE_BREAKDOWN
2024-12-19 08:00:00,Japan,Japan,JP,443.15,526.84,19.09,12.78,,true,ESTIMATED_MODE_BREAKDOWN
2024-12-19 09:00:00,Japan,Japan,JP,443.25,526.88,19.08,12.75,,true,ESTIMATED_MODE_BREAKDOWN
2024-12-19 10:00:00,Japan,Japan,JP,442.66,526.23,19.18,12.72,,true,ESTIMATED_MODE_BREAKDOWN
2024-12-19 11:00:00,Japan,Japan,JP,441.93,525.4,19.32,12.69,,true,ESTIMATED_MODE_BREAKDOWN
2024-12-19 12:00:00,Japan,Japan,JP,440.67,523.99,19.54,12.64,,true,ESTIMATED_MODE_BREAKDOWN
2024-12-19 13:00:00,Japan,Japan,JP,438.24,521.39,19.98,12.66,,true,ESTIMATED_MODE_BREAKDOWN
2024-12-19 14:00:00,Japan,Japan,JP,436.48,519.5,20.3,12.68,,true,ESTIMATED_MODE_BREAKDOWN
2024-12-19 15:00:00,Japan,Japan,JP,433.11,515.15,20.93,12.67,,true,ESTIMATED_MODE_BREAKDOWN
2024-12-19 16:00:00,Japan,Japan,JP,431.96,513.9,21.14,12.72,,true,ESTIMATED_MODE_BREAKDOWN
2024-12-19 17:00:00,Japan,Japan,JP,432.12,513.71,21.12,12.74,,true,ESTIMATED_MODE_BREAKDOWN
2024-12-19 18:00:00,Japan,Japan,JP,432.45,514.03,21.06,12.79,,true,ESTIMATED_MODE_BREAKDOWN
2024-12-19 19:00:00,Japan,Japan,JP,433.1,514.9,20.94,12.81,,true,ESTIMATED_MODE_BREAKDOWN
2024-12-19 20:00:00,Japan,Japan,JP,435.35,517.65,20.52,12.71,,true,ESTIMATED_MODE_BREAKDOWN
2024-12-19 21:00:00,Japan,Japan,JP,439.61,522.65,19.74,12.61,,true,ESTIMATED_MODE_BREAKDOWN
2024-12-19 22:00:00,Japan,Japan,JP,433.29,516.03,20.89,14.3,,true,ESTIMATED_MODE_BREAKDOWN
2024-12-19 23:00:00,Japan,Japan,JP,398.59,478.31,27.23,20.99,,true,ESTIMATED_MODE_BREAKDOWN
2024-12-20 00:00:00,Japan,Japan,JP,359.94,436.32,34.28,28.09,,true,ESTIMATED_MODE_BREAKDOWN
2024-12-20 01:00:00,Japan,Japan,JP,331.04,404.95,39.54,33.12,,true,ESTIMATED_MODE_BREAKDOWN
2024-12-20 02:00:00,Japan,Japan,JP,314.36,386.59,42.59,35.93,,true,ESTIMATED_MODE_BREAKDOWN
2024-12-20 03:00:00,Japan,Japan,JP,309.21,381.16,43.52,36.5,,true,ESTIMATED_MODE_BREAKDOWN
2024-12-20 04:00:00,Japan,Japan,JP,331.11,405.05,39.52,32.63,,true,ESTIMATED_MODE_BREAKDOWN
2024-12-20 05:00:00,Japan,Japan,JP,368.78,446.05,32.65,25.73,,true,ESTIMATED_MODE_BREAKDOWN
2024-12-20 06:00:00,Japan,Japan,JP,408.13,489.01,25.47,18.5,,true,ESTIMATED_MODE_BREAKDOWN
2024-12-20 07:00:00,Japan,Japan,JP,437.3,520.78,20.15,13.45,,true,ESTIMATED_MODE_BREAKDOWN
2024-12-20 08:00:00,Japan,Japan,JP,444.49,528.38,18.85,12.25,,true,ESTIMATED_MODE_BREAKDOWN
2024-12-20 09:00:00,Japan,Japan,JP,444.61,528.24,18.83,12.19,,true,ESTIMATED_MODE_BREAKDOWN
2024-12-20 10:00:00,Japan,Japan,JP,444.06,527.74,18.93,12.15,,true,ESTIMATED_MODE_BREAKDOWN
2024-12-20 11:00:00,Japan,Japan,JP,442.99,526.55,19.12,12.16,,true,ESTIMATED_MODE_BREAKDOWN
2024-12-20 12:00:00,Japan,Japan,JP,441.13,524.46,19.46,12.21,,true,ESTIMATED_MODE_BREAKDOWN
2024-12-20 13:00:00,Japan,Japan,JP,438.91,522.06,19.86,12.25,,true,ESTIMATED_MODE_BREAKDOWN
2024-12-20 14:00:00,Japan,Japan,JP,436.94,519.89,20.22,12.29,,true,ESTIMATED_MODE_BREAKDOWN
2024-12-20 15:00:00,Japan,Japan,JP,433.31,515.33,20.89,12.39,,true,ESTIMATED_MODE_BREAKDOWN
2024-12-20 16:00:00,Japan,Japan,JP,431.49,513.35,21.22,12.52,,true,ESTIMATED_MODE_BREAKDOWN
2024-12-20 17:00:00,Japan,Japan,JP,431.51,513.34,21.22,12.55,,true,ESTIMATED_MODE_BREAKDOWN
2024-12-20 18:00:00,Japan,Japan,JP,431.53,513.28,21.22,12.63,,true,ESTIMATED_MODE_BREAKDOWN
2024-12-20 19:00:00,Japan,Japan,JP,431.55,513.22,21.22,12.64,,true,ESTIMATED_MODE_BREAKDOWN
2024-12-20 20:00:00,Japan,Japan,JP,431.72,513.53,21.18,12.64,,true,ESTIMATED_MODE_BREAKDOWN
2024-12-20 21:00:00,Japan,Japan,JP,433.77,516.09,20.8,12.51,,true,ESTIMATED_MODE_BREAKDOWN
2024-12-20 22:00:00,Japan,Japan,JP,426.77,508.61,22.08,14.21,,true,ESTIMATED_MODE_BREAKDOWN
2024-12-20 23:00:00,Japan,Japan,JP,393.35,472.08,28.19,20.72,,true,ESTIMATED_MODE_BREAKDOWN
2024-12-21 00:00:00,Japan,Japan,JP,357.64,433.6,34.69,27.22,,true,ESTIMATED_MODE_BREAKDOWN
2024-12-21 01:00:00,Japan,Japan,JP,329.37,403.83,39.82,32.11,,true,ESTIMATED_MODE_BREAKDOWN
2024-12-21 02:00:00,Japan,Japan,JP,309.12,382.37,43.5,35.57,,true,ESTIMATED_MODE_BREAKDOWN
2024-12-21 03:00:00,Japan,Japan,JP,307.3,380.29,43.84,35.7,,true,ESTIMATED_MODE_BREAKDOWN
2024-12-21 04:00:00,Japan,Japan,JP,335.92,410.74,38.63,30.46,,true,ESTIMATED_MODE_BREAKDOWN
2024-12-21 05:00:00,Japan,Japan,JP,374.77,452.65,31.55,23.26,,true,ESTIMATED_MODE_BREAKDOWN
2024-12-21 06:00:00,Japan,Japan,JP,404.69,484.85,26.1,17.8,,true,ESTIMATED_MODE_BREAKDOWN
2024-12-21 07:00:00,Japan,Japan,JP,430.65,512.9,21.37,13.38,,true,ESTIMATED_MODE_BREAKDOWN
2024-12-21 08:00:00,Japan,Japan,JP,436.31,519.02,20.34,12.68,,true,ESTIMATED_MODE_BREAKDOWN
2024-12-21 09:00:00,Japan,Japan,JP,436.41,519.14,20.32,12.73,,true,ESTIMATED_MODE_BREAKDOWN
2024-12-21 10:00:00,Japan,Japan,JP,435.4,518.01,20.5,12.79,,true,ESTIMATED_MODE_BREAKDOWN
2024-12-21 11:00:00,Japan,Japan,JP,434.11,516.4,20.74,12.87,,true,ESTIMATED_MODE_BREAKDOWN
2024-12-21 12:00:00,Japan,Japan,JP,431.3,513.23,21.25,13.05,,true,ESTIMATED_MODE_BREAKDOWN
2024-12-21 13:00:00,Japan,Japan,JP,428.61,510.3,21.74,13.1,,true,ESTIMATED_MODE_BREAKDOWN
2024-12-21 14:00:00,Japan,Japan,JP,426.46,507.94,22.13,13.21,,true,ESTIMATED_MODE_BREAKDOWN
2024-12-21 15:00:00,Japan,Japan,JP,421.7,502.18,23.0,13.48,,true,ESTIMATED_MODE_BREAKDOWN
2024-12-21 16:00:00,Japan,Japan,JP,420.43,500.08,23.25,13.48,,true,ESTIMATED_MODE_BREAKDOWN
2024-12-21 17:00:00,Japan,Japan,JP,420.88,501.24,23.16,13.57,,true,ESTIMATED_MODE_BREAKDOWN
2024-12-21 18:00:00,Japan,Japan,JP,421.12,501.41,23.12,13.71,,true,ESTIMATED_MODE_BREAKDOWN
2024-12-21 19:00:00,Japan,Japan,JP,421.3,501.45,23.09,13.72,,true,ESTIMATED_MODE_BREAKDOWN
2024-12-21 20:00:00,Japan,Japan,JP,421.89,501.87,22.99,13.68,,true,ESTIMATED_MODE_BREAKDOWN
2024-12-21 21:00:00,Japan,Japan,JP,422.88,503.55,22.79,13.63,,true,ESTIMATED_MODE_BREAKDOWN
2024-12-21 22:00:00,Japan,Japan,JP,415.62,495.96,24.11,15.34,,true,ESTIMATED_MODE_BREAKDOWN
2024-12-21 23:00:00,Japan,Japan,JP,375.89,452.85,31.36,23.02,,true,ESTIMATED_MODE_BREAKDOWN
2024-12-22 00:00:00,Japan,Japan,JP,327.11,399.79,40.26,31.95,,true,ESTIMATED_MODE_BREAKDOWN
2024-12-22 01:00:00,Japan,Japan,JP,287.57,356.59,47.47,39.05,,true,ESTIMATED_MODE_BREAKDOWN
2024-12-22 02:00:00,Japan,Japan,JP,279.43,347.89,48.95,40.51,,true,ESTIMATED_MODE_BREAKDOWN
2024-12-22 03:00:00,Japan,Japan,JP,283.35,351.88,48.24,39.65,,true,ESTIMATED_MODE_BREAKDOWN
2024-12-22 04:00:00,Japan,Japan,JP,292.72,361.98,46.53,37.78,,true,ESTIMATED_MODE_BREAKDOWN
2024-12-22 05:00:00,Japan,Japan,JP,322.3,394.8,41.12,32.46,,true,ESTIMATED_MODE_BREAKDOWN
2024-12-22 06:00:00,Japan,Japan,JP,375.45,452.8,31.42,22.97,,true,ESTIMATED_MODE_BREAKDOWN
2024-12-22 07:00:00,Japan,Japan,JP,421.71,503.25,22.99,14.98,,true,ESTIMATED_MODE_BREAKDOWN
2024-12-22 08:00:00,Japan,Japan,JP,433.87,516.46,20.78,13.4,,true,ESTIMATED_MODE_BREAKDOWN
2024-12-22 09:00:00,Japan,Japan,JP,435.48,518.21,20.49,13.32,,true,ESTIMATED_MODE_BREAKDOWN
2024-12-22 10:00:00,Japan,Japan,JP,435.26,518.06,20.53,13.35,,true,ESTIMATED_MODE_BREAKDOWN
2024-12-22 11:00:00,Japan,Japan,JP,435.03,517.85,20.57,13.28,,true,ESTIMATED_MODE_BREAKDOWN
2024-12-22 12:00:00,Japan,Japan,JP,434.16,516.87,20.72,13.18,,true,ESTIMATED_MODE_BREAKDOWN
2024-12-22 13:00:00,Japan,Japan,JP,431.22,513.66,21.26,13.26,,true,ESTIMATED_MODE_BREAKDOWN
2024-12-22 14:00:00,Japan,Japan,JP,428.94,511.23,21.67,13.37,,true,ESTIMATED_MODE_BREAKDOWN
2024-12-22 15:00:00,Japan,Japan,JP,425.6,506.82,22.29,13.39,,true,ESTIMATED_MODE_BREAKDOWN
2024-12-22 16:00:00,Japan,Japan,JP,424.67,504.93,22.48,13.42,,true,ESTIMATED_MODE_BREAKDOWN
2024-12-22 17:00:00,Japan,Japan,JP,424.96,506.0,22.41,13.5,,true,ESTIMATED_MODE_BREAKDOWN
2024-12-22 18:00:00,Japan,Japan,JP,425.84,506.9,22.25,13.51,,true,ESTIMATED_MODE_BREAKDOWN
2024-12-22 19:00:00,Japan,Japan,JP,427.02,508.24,22.04,13.43,,true,ESTIMATED_MODE_BREAKDOWN
2024-12-22 20:00:00,Japan,Japan,JP,429.9,511.62,21.51,13.32,,true,ESTIMATED_MODE_BREAKDOWN
2024-12-22 21:00:00,Japan,Japan,JP,435.19,517.79,20.54,13.14,,true,ESTIMATED_MODE_BREAKDOWN
2024-12-22 22:00:00,Japan,Japan,JP,431.05,513.56,21.3,14.56,,true,ESTIMATED_MODE_BREAKDOWN
2024-12-22 23:00:00,Japan,Japan,JP,396.76,476.27,27.56,21.29,,true,ESTIMATED_MODE_BREAKDOWN
2024-12-23 00:00:00,Japan,Japan,JP,359.81,436.32,34.29,28.06,,true,ESTIMATED_MODE_BREAKDOWN
2024-12-23 01:00:00,Japan,Japan,JP,322.16,395.57,41.15,34.71,,true,ESTIMATED_MODE_BREAKDOWN
2024-12-23 02:00:00,Japan,Japan,JP,305.6,377.59,44.17,37.49,,true,ESTIMATED_MODE_BREAKDOWN
2024-12-23 03:00:00,Japan,Japan,JP,303.02,375.04,44.63,37.58,,true,ESTIMATED_MODE_BREAKDOWN
2024-12-23 04:00:00,Japan,Japan,JP,322.92,396.67,41.0,34.04,,true,ESTIMATED_MODE_BREAKDOWN
2024-12-23 05:00:00,Japan,Japan,JP,355.01,431.58,35.14,28.23,,true,ESTIMATED_MODE_BREAKDOWN
2024-12-23 06:00:00,Japan,Japan,JP,397.16,477.28,27.46,20.65,,true,ESTIMATED_MODE_BREAKDOWN
2024-12-23 07:00:00,Japan,Japan,JP,432.84,515.92,20.96,14.41,,true,ESTIMATED_MODE_BREAKDOWN
2024-12-23 08:00:00,Japan,Japan,JP,441.16,524.84,19.45,13.03,,true,ESTIMATED_MODE_BREAKDOWN
2024-12-23 09:00:00,Japan,Japan,JP,441.23,524.78,19.44,13.02,,true,ESTIMATED_MODE_BREAKDOWN
2024-12-23 10:00:00,Japan,Japan,JP,440.54,524.0,19.56,12.99,,true,ESTIMATED_MODE_BREAKDOWN
2024-12-23 11:00:00,Japan,Japan,JP,439.39,522.79,19.77,13.03,,true,ESTIMATED_MODE_BREAKDOWN
2024-12-23 12:00:00,Japan,Japan,JP,438.07,521.3,20.01,13.0,,true,ESTIMATED_MODE_BREAKDOWN
2024-12-23 13:00:00,Japan,Japan,JP,435.34,518.34,20.51,13.04,,true,ESTIMATED_MODE_BREAKDOWN
2024-12-23 14:00:00,Japan,Japan,JP,433.12,515.87,20.91,13.11,,true,ESTIMATED_MODE_BREAKDOWN
2024-12-23 15:00:00,Japan,Japan,JP,429.57,511.64,21.56,13.18,,true,ESTIMATED_MODE_BREAKDOWN
2024-12-23 16:00:00,Japan,Japan,JP,428.45,510.36,21.76,13.22,,true,ESTIMATED_MODE_BREAKDOWN
2024-12-23 17:00:00,Japan,Japan,JP,428.54,510.3,21.75,13.26,,true,ESTIMATED_MODE_BREAKDOWN
2024-12-23 18:00:00,Japan,Japan,JP,429.33,510.94,21.62,13.25,,true,ESTIMATED_MODE_BREAKDOWN
2024-12-23 19:00:00,Japan,Japan,JP,430.02,511.72,21.49,13.23,,true,ESTIMATED_MODE_BREAKDOWN
2024-12-23 20:00:00,Japan,Japan,JP,432.55,514.66,21.03,13.12,,true,ESTIMATED_MODE_BREAKDOWN
2024-12-23 21:00:00,Japan,Japan,JP,436.69,519.54,20.27,12.99,,true,ESTIMATED_MODE_BREAKDOWN
2024-12-23 22:00:00,Japan,Japan,JP,432.66,515.45,21.0,14.27,,true,ESTIMATED_MODE_BREAKDOWN
2024-12-23 23:00:00,Japan,Japan,JP,399.85,479.93,26.99,20.7,,true,ESTIMATED_MODE_BREAKDOWN
2024-12-24 00:00:00,Japan,Japan,JP,363.26,440.48,33.65,27.36,,true,ESTIMATED_MODE_BREAKDOWN
2024-12-24 01:00:00,Japan,Japan,JP,324.93,398.95,40.64,34.04,,true,ESTIMATED_MODE_BREAKDOWN
2024-12-24 02:00:00,Japan,Japan,JP,303.7,375.86,44.51,37.7,,true,ESTIMATED_MODE_BREAKDOWN
2024-12-24 03:00:00,Japan,Japan,JP,296.67,368.12,45.79,38.61,,true,ESTIMATED_MODE_BREAKDOWN
2024-12-24 04:00:00,Japan,Japan,JP,318.51,391.86,41.8,34.77,,true,ESTIMATED_MODE_BREAKDOWN
2024-12-24 05:00:00,Japan,Japan,JP,350.01,426.12,36.06,29.05,,true,ESTIMATED_MODE_BREAKDOWN
2024-12-24 06:00:00,Japan,Japan,JP,393.29,473.24,28.16,21.25,,true,ESTIMATED_MODE_BREAKDOWN
2024-12-24 07:00:00,Japan,Japan,JP,432.17,515.31,21.08,14.42,,true,ESTIMATED_MODE_BREAKDOWN
2024-12-24 08:00:00,Japan,Japan,JP,441.33,525.04,19.42,12.89,,true,ESTIMATED_MODE_BREAKDOWN
2024-12-24 09:00:00,Japan,Japan,JP,441.43,525.02,19.4,12.84,,true,ESTIMATED_MODE_BREAKDOWN
2024-12-24 10:00:00,Japan,Japan,JP,440.62,524.19,19.55,12.83,,true,ESTIMATED_MODE_BREAKDOWN
2024-12-24 11:00:00,Japan,Japan,JP,440.63,524.2,19.55,12.7,,true,ESTIMATED_MODE_BREAKDOWN
2024-12-24 12:00:00,Japan,Japan,JP,439.75,523.26,19.7,12.6,,true,ESTIMATED_MODE_BREAKDOWN
2024-12-24 13:00:00,Japan,Japan,JP,437.19,520.44,20.17,12.65,,true,ESTIMATED_MODE_BREAKDOWN
2024-12-24 14:00:00,Japan,Japan,JP,435.41,518.53,20.49,12.68,,true,ESTIMATED_MODE_BREAKDOWN
2024-12-24 15:00:00,Japan,Japan,JP,431.51,513.81,21.21,12.79,,true,ESTIMATED_MODE_BREAKDOWN
2024-12-24 16:00:00,Japan,Japan,JP,430.22,512.26,21.45,12.82,,true,ESTIMATED_MODE_BREAKDOWN
2024-12-24 17:00:00,Japan,Japan,JP,430.81,512.74,21.34,12.83,,true,ESTIMATED_MODE_BREAKDOWN
2024-12-24 18:00:00,Japan,Japan,JP,431.51,513.4,21.22,12.81,,true,ESTIMATED_MODE_BREAKDOWN
2024-12-24 19:00:00,Japan,Japan,JP,432.11,514.08,21.11,12.78,,true,ESTIMATED_MODE_BREAKDOWN
2024-12-24 20:00:00,Japan,Japan,JP,434.74,517.19,20.63,12.61,,true,ESTIMATED_MODE_BREAKDOWN
2024-12-24 21:00:00,Japan,Japan,JP,438.77,521.91,19.89,12.5,,true,ESTIMATED_MODE_BREAKDOWN
2024-12-24 22:00:00,Japan,Japan,JP,433.94,516.87,20.77,13.93,,true,ESTIMATED_MODE_BREAKDOWN
2024-12-24 23:00:00,Japan,Japan,JP,397.06,476.82,27.5,21.13,,true,ESTIMATED_MODE_BREAKDOWN
2024-12-25 00:00:00,Japan,Japan,JP,357.13,434.01,34.77,28.4,,true,ESTIMATED_MODE_BREAKDOWN
2024-12-25 01:00:00,Japan,Japan,JP,317.08,390.75,42.07,35.37,,true,ESTIMATED_MODE_BREAKDOWN
2024-12-25 02:00:00,Japan,Japan,JP,296.64,368.67,45.79,38.88,,true,ESTIMATED_MODE_BREAKDOWN
2024-12-25 03:00:00,Japan,Japan,JP,289.35,360.68,47.12,39.84,,true,ESTIMATED_MODE_BREAKDOWN
2024-12-25 04:00:00,Japan,Japan,JP,318.21,392.18,41.85,34.74,,true,ESTIMATED_MODE_BREAKDOWN
2024-12-25 05:00:00,Japan,Japan,JP,356.56,433.88,34.85,27.7,,true,ESTIMATED_MODE_BREAKDOWN
2024-12-25 06:00:00,Japan,Japan,JP,405.77,487.24,25.88,18.75,,true,ESTIMATED_MODE_BREAKDOWN
2024-12-25 07:00:00,Japan,Japan,JP,437.48,521.43,20.11,13.21,,true,ESTIMATED_MODE_BREAKDOWN
2024-12-25 08:00:00,Japan,Japan,JP,443.92,528.18,18.94,12.17,,true,ESTIMATED_MODE_BREAKDOWN
2024-12-25 09:00:00,Japan,Japan,JP,443.59,527.61,19.0,12.19,,true,ESTIMATED_MODE_BREAKDOWN
2024-12-25 10:00:00,Japan,Japan,JP,442.22,526.0,19.26,12.3,,true,ESTIMATED_MODE_BREAKDOWN
2024-12-25 11:00:00,Japan,Japan,JP,440.96,524.52,19.49,12.35,,true,ESTIMATED_MODE_BREAKDOWN
2024-12-25 12:00:00,Japan,Japan,JP,438.14,521.42,20.0,12.56,,true,ESTIMATED_MODE_BREAKDOWN
2024-12-25 13:00:00,Japan,Japan,JP,435.7,518.77,20.44,12.54,,true,ESTIMATED_MODE_BREAKDOWN
2024-12-25 14:00:00,Japan,Japan,JP,432.69,515.42,20.98,12.69,,true,ESTIMATED_MODE_BREAKDOWN
2024-12-25 15:00:00,Japan,Japan,JP,427.27,509.21,21.97,13.07,,true,ESTIMATED_MODE_BREAKDOWN
2024-12-25 16:00:00,Japan,Japan,JP,425.03,506.62,22.38,13.15,,true,ESTIMATED_MODE_BREAKDOWN
2024-12-25 17:00:00,Japan,Japan,JP,425.31,506.74,22.34,13.19,,true,ESTIMATED_MODE_BREAKDOWN
2024-12-25 18:00:00,Japan,Japan,JP,426.06,507.4,22.21,13.2,,true,ESTIMATED_MODE_BREAKDOWN
2024-12-25 19:00:00,Japan,Japan,JP,426.74,507.97,22.09,13.19,,true,ESTIMATED_MODE_BREAKDOWN
2024-12-25 20:00:00,Japan,Japan,JP,428.86,510.43,21.7,13.07,,true,ESTIMATED_MODE_BREAKDOWN
2024-12-25 21:00:00,Japan,Japan,JP,432.08,514.45,21.1,13.03,,true,ESTIMATED_MODE_BREAKDOWN
2024-12-25 22:00:00,Japan,Japan,JP,430.56,512.98,21.38,13.91,,true,ESTIMATED_MODE_BREAKDOWN
2024-12-25 23:00:00,Japan,Japan,JP,409.87,490.23,25.17,18.33,,true,ESTIMATED_MODE_BREAKDOWN
2024-12-26 00:00:00,Japan,Japan,JP,379.53,457.02,30.71,24.02,,true,ESTIMATED_MODE_BREAKDOWN
2024-12-26 01:00:00,Japan,Japan,JP,348.99,423.69,36.28,29.36,,true,ESTIMATED_MODE_BREAKDOWN
2024-12-26 02:00:00,Japan,Japan,JP,326.39,398.8,40.41,33.28,,true,ESTIMATED_MODE_BREAKDOWN
2024-12-26 03:00:00,Japan,Japan,JP,315.97,388.02,42.29,34.75,,true,ESTIMATED_MODE_BREAKDOWN
2024-12-26 04:00:00,Japan,Japan,JP,328.32,402.0,40.02,32.58,,true,ESTIMATED_MODE_BREAKDOWN
2024-12-26 05:00:00,Japan,Japan,JP,355.45,431.48,35.07,27.52,,true,ESTIMATED_MODE_BREAKDOWN
2024-12-26 06:00:00,Japan,Japan,JP,391.08,470.13,28.58,21.07,,true,ESTIMATED_MODE_BREAKDOWN
2024-12-26 07:00:00,Japan,Japan,JP,426.09,508.24,22.19,14.85,,true,ESTIMATED_MODE_BREAKDOWN
2024-12-26 08:00:00,Japan,Japan,JP,435.41,518.17,20.5,13.32,,true,ESTIMATED_MODE_BREAKDOWN
2024-12-26 09:00:00,Japan,Japan,JP,435.33,518.02,20.51,13.32,,true,ESTIMATED_MODE_BREAKDOWN
2024-12-26 10:00:00,Japan,Japan,JP,434.44,517.06,20.68,13.33,,true,ESTIMATED_MODE_BREAKDOWN
2024-12-26 11:00:00,Japan,Japan,JP,433.36,515.81,20.87,13.34,,true,ESTIMATED_MODE_BREAKDOWN
2024-12-26 12:00:00,Japan,Japan,JP,431.76,514.06,21.16,13.32,,true,ESTIMATED_MODE_BREAKDOWN
2024-12-26 13:00:00,Japan,Japan,JP,428.87,510.83,21.69,13.34,,true,ESTIMATED_MODE_BREAKDOWN
2024-12-26 14:00:00,Japan,Japan,JP,426.78,508.48,22.06,13.44,,true,ESTIMATED_MODE_BREAKDOWN
2024-12-26 15:00:00,Japan,Japan,JP,421.8,502.7,22.97,13.67,,true,ESTIMATED_MODE_BREAKDOWN
2024-12-26 16:00:00,Japan,Japan,JP,419.93,500.53,23.32,13.73,,true,ESTIMATED_MODE_BREAKDOWN
2024-12-26 17:00:00,Japan,Japan,JP,420.79,501.34,23.17,13.73,,true,ESTIMATED_MODE_BREAKDOWN
2024-12-26 18:00:00,Japan,Japan,JP,421.07,501.25,23.13,13.9,,true,ESTIMATED_MODE_BREAKDOWN
2024-12-26 19:00:00,Japan,Japan,JP,422.3,502.4,22.91,13.82,,true,ESTIMATED_MODE_BREAKDOWN
2024-12-26 20:00:00,Japan,Japan,JP,424.54,504.94,22.5,13.69,,true,ESTIMATED_MODE_BREAKDOWN
2024-12-26 21:00:00,Japan,Japan,JP,428.0,509.27,21.86,13.59,,true,ESTIMATED_MODE_BREAKDOWN
2024-12-26 22:00:00,Japan,Japan,JP,423.67,505.07,22.64,14.95,,true,ESTIMATED_MODE_BREAKDOWN
2024-12-26 23:00:00,Japan,Japan,JP,388.2,466.64,29.12,21.92,,true,ESTIMATED_MODE_BREAKDOWN
2024-12-27 00:00:00,Japan,Japan,JP,344.13,419.06,37.15,29.99,,true,ESTIMATED_MODE_BREAKDOWN
2024-12-27 01:00:00,Japan,Japan,JP,310.23,382.53,43.32,35.91,,true,ESTIMATED_MODE_BREAKDOWN
2024-12-27 02:00:00,Japan,Japan,JP,294.47,365.6,46.19,38.62,,true,ESTIMATED_MODE_BREAKDOWN
2024-12-27 03:00:00,Japan,Japan,JP,288.02,358.31,47.37,39.49,,true,ESTIMATED_MODE_BREAKDOWN
2024-12-27 04:00:00,Japan,Japan,JP,311.12,383.65,43.15,35.31,,true,ESTIMATED_MODE_BREAKDOWN
2024-12-27 05:00:00,Japan,Japan,JP,343.54,419.04,37.23,29.37,,true,ESTIMATED_MODE_BREAKDOWN
2024-12-27 06:00:00,Japan,Japan,JP,383.76,462.54,29.9,22.06,,true,ESTIMATED_MODE_BREAKDOWN
2024-12-27 07:00:00,Japan,Japan,JP,423.15,505.17,22.72,15.16,,true,ESTIMATED_MODE_BREAKDOWN
2024-12-27 08:00:00,Japan,Japan,JP,434.41,517.15,20.68,13.41,,true,ESTIMATED_MODE_BREAKDOWN
2024-12-27 09:00:00,Japan,Japan,JP,435.29,517.93,20.52,13.3,,true,ESTIMATED_MODE_BREAKDOWN
2024-12-27 10:00:00,Japan,Japan,JP,434.73,517.36,20.62,13.27,,true,ESTIMATED_MODE_BREAKDOWN
2024-12-27 11:00:00,Japan,Japan,JP,434.19,516.75,20.72,13.19,,true,ESTIMATED_MODE_BREAKDOWN
2024-12-27 12:00:00,Japan,Japan,JP,432.65,514.96,21.0,13.16,,true,ESTIMATED_MODE_BREAKDOWN
2024-12-27 13:00:00,Japan,Japan,JP,429.49,511.43,21.58,13.26,,true,ESTIMATED_MODE_BREAKDOWN
2024-12-27 14:00:00,Japan,Japan,JP,426.79,508.32,22.07,13.43,,true,ESTIMATED_MODE_BREAKDOWN
2024-12-27 15:00:00,Japan,Japan,JP,422.92,503.5,22.78,13.5,,true,ESTIMATED_MODE_BREAKDOWN
2024-12-27 16:00:00,Japan,Japan,JP,421.49,501.23,23.06,13.53,,true,ESTIMATED_MODE_BREAKDOWN
2024-12-27 17:00:00,Japan,Japan,JP,421.97,501.21,22.98,13.54,,true,ESTIMATED_MODE_BREAKDOWN
2024-12-27 18:00:00,Japan,Japan,JP,422.91,502.09,22.82,13.51,,true,ESTIMATED_MODE_BREAKDOWN
2024-12-27 19:00:00,Japan,Japan,JP,423.23,502.11,22.77,13.5,,true,ESTIMATED_MODE_BREAKDOWN
2024-12-27 20:00:00,Japan,Japan,JP,424.19,503.34,22.59,13.4,,true,ESTIMATED_MODE_BREAKDOWN
2024-12-27 21:00:00,Japan,Japan,JP,426.78,507.44,22.09,13.25,,true,ESTIMATED_MODE_BREAKDOWN
2024-12-27 22:00:00,Japan,Japan,JP,421.54,502.44,23.04,14.66,,true,ESTIMATED_MODE_BREAKDOWN
2024-12-27 23:00:00,Japan,Japan,JP,384.46,461.64,29.82,21.92,,true,ESTIMATED_MODE_BREAKDOWN
2024-12-28 00:00:00,Japan,Japan,JP,339.22,411.92,38.08,30.16,,true,ESTIMATED_MODE_BREAKDOWN
2024-12-28 01:00:00,Japan,Japan,JP,300.23,369.46,45.2,36.97,,true,ESTIMATED_MODE_BREAKDOWN
2024-12-28 02:00:00,Japan,Japan,JP,274.68,340.9,49.87,41.41,,true,ESTIMATED_MODE_BREAKDOWN
2024-12-28 03:00:00,Japan,Japan,JP,267.67,333.17,51.15,42.48,,true,ESTIMATED_MODE_BREAKDOWN
2024-12-28 04:00:00,Japan,Japan,JP,290.11,358.35,47.03,38.25,,true,ESTIMATED_MODE_BREAKDOWN
2024-12-28 05:00:00,Japan,Japan,JP,329.81,402.84,39.76,30.97,,true,ESTIMATED_MODE_BREAKDOWN
2024-12-28 06:00:00,Japan,Japan,JP,377.82,455.59,30.99,22.37,,true,ESTIMATED_MODE_BREAKDOWN
2024-12-28 07:00:00,Japan,Japan,JP,422.11,503.29,22.93,14.67,,true,ESTIMATED_MODE_BREAKDOWN
2024-12-28 08:00:00,Japan,Japan,JP,434.23,516.44,20.73,13.0,,true,ESTIMATED_MODE_BREAKDOWN
2024-12-28 09:00:00,Japan,Japan,JP,435.84,518.17,20.43,12.84,,true,ESTIMATED_MODE_BREAKDOWN
2024-12-28 10:00:00,Japan,Japan,JP,435.8,518.27,20.44,12.79,,true,ESTIMATED_MODE_BREAKDOWN
2024-12-28 11:00:00,Japan,Japan,JP,435.28,517.8,20.53,12.74,,true,ESTIMATED_MODE_BREAKDOWN
2024-12-28 12:00:00,Japan,Japan,JP,433.31,515.64,20.89,12.81,,true,ESTIMATED_MODE_BREAKDOWN
2024-12-28 13:00:00,Japan,Japan,JP,430.6,512.26,21.39,12.8,,true,ESTIMATED_MODE_BREAKDOWN
2024-12-28 14:00:00,Japan,Japan,JP,428.8,510.07,21.72,12.87,,true,ESTIMATED_MODE_BREAKDOWN
2024-12-28 15:00:00,Japan,Japan,JP,425.65,506.28,22.29,12.88,,true,ESTIMATED_MODE_BREAKDOWN
2024-12-28 16:00:00,Japan,Japan,JP,423.71,503.12,22.67,12.95,,true,ESTIMATED_MODE_BREAKDOWN
2024-12-28 17:00:00,Japan,Japan,JP,423.96,503.93,22.61,13.03,,true,ESTIMATED_MODE_BREAKDOWN
2024-12-28 18:00:00,Japan,Japan,JP,424.52,504.86,22.51,13.04,,true,ESTIMATED_MODE_BREAKDOWN
2024-12-28 19:00:00,Japan,Japan,JP,424.49,504.55,22.52,13.03,,true,ESTIMATED_MODE_BREAKDOWN
2024-12-28 20:00:00,Japan,Japan,JP,425.05,504.73,22.43,12.95,,true,ESTIMATED_MODE_BREAKDOWN
2024-12-28 21:00:00,Japan,Japan,JP,426.58,507.31,22.13,12.89,,true,ESTIMATED_MODE_BREAKDOWN
2024-12-28 22:00:00,Japan,Japan,JP,420.48,501.75,23.22,14.42,,true,ESTIMATED_MODE_BREAKDOWN
2024-12-28 23:00:00,Japan,Japan,JP,379.12,456.54,30.77,22.3,,true,ESTIMATED_MODE_BREAKDOWN
2024-12-29 00:00:00,Japan,Japan,JP,324.84,396.8,40.69,32.12,,true,ESTIMATED_MODE_BREAKDOWN
2024-12-29 01:00:00,Japan,Japan,JP,283.15,351.12,48.3,39.39,,true,ESTIMATED_MODE_BREAKDOWN
2024-12-29 02:00:00,Japan,Japan,JP,265.88,332.48,51.44,42.27,,true,ESTIMATED_MODE_BREAKDOWN
2024-12-29 03:00:00,Japan,Japan,JP,267.21,333.88,51.2,41.93,,true,ESTIMATED_MODE_BREAKDOWN
2024-12-29 04:00:00,Japan,Japan,JP,287.13,355.63,47.56,38.09,,true,ESTIMATED_MODE_BREAKDOWN
2024-12-29 05:00:00,Japan,Japan,JP,323.53,396.23,40.89,31.41,,true,ESTIMATED_MODE_BREAKDOWN
2024-12-29 06:00:00,Japan,Japan,JP,370.73,447.98,32.28,23.02,,true,ESTIMATED_MODE_BREAKDOWN
2024-12-29 07:00:00,Japan,Japan,JP,416.37,497.33,23.96,15.16,,true,ESTIMATED_MODE_BREAKDOWN
2024-12-29 08:00:00,Japan,Japan,JP,431.75,513.96,21.17,13.05,,true,ESTIMATED_MODE_BREAKDOWN
2024-12-29 09:00:00,Japan,Japan,JP,433.84,516.12,20.79,12.91,,true,ESTIMATED_MODE_BREAKDOWN
2024-12-29 10:00:00,Japan,Japan,JP,434.04,516.29,20.76,12.84,,true,ESTIMATED_MODE_BREAKDOWN
2024-12-29 11:00:00,Japan,Japan,JP,433.81,516.2,20.8,12.77,,true,ESTIMATED_MODE_BREAKDOWN
2024-12-29 12:00:00,Japan,Japan,JP,432.78,515.03,20.98,12.67,,true,ESTIMATED_MODE_BREAKDOWN
2024-12-29 13:00:00,Japan,Japan,JP,429.52,511.53,21.57,12.79,,true,ESTIMATED_MODE_BREAKDOWN
2024-12-29 14:00:00,Japan,Japan,JP,428.1,510.07,21.83,12.8,,true,ESTIMATED_MODE_BREAKDOWN
2024-12-29 15:00:00,Japan,Japan,JP,424.66,505.38,22.47,12.82,,true,ESTIMATED_MODE_BREAKDOWN
2024-12-29 16:00:00,Japan,Japan,JP,423.43,502.91,22.72,12.81,,true,ESTIMATED_MODE_BREAKDOWN
2024-12-29 17:00:00,Japan,Japan,JP,424.05,503.41,22.62,12.83,,true,ESTIMATED_MODE_BREAKDOWN
2024-12-29 18:00:00,Japan,Japan,JP,424.86,503.85,22.48,12.8,,true,ESTIMATED_MODE_BREAKDOWN
2024-12-29 19:00:00,Japan,Japan,JP,425.12,503.76,22.44,12.79,,true,ESTIMATED_MODE_BREAKDOWN
2024-12-29 20:00:00,Japan,Japan,JP,426.28,504.77,22.24,12.68,,true,ESTIMATED_MODE_BREAKDOWN
2024-12-29 21:00:00,Japan,Japan,JP,428.99,508.64,21.72,12.53,,true,ESTIMATED_MODE_BREAKDOWN
2024-12-29 22:00:00,Japan,Japan,JP,422.72,503.6,22.83,14.13,,true,ESTIMATED_MODE_BREAKDOWN
2024-12-29 23:00:00,Japan,Japan,JP,384.02,462.14,29.88,21.55,,true,ESTIMATED_MODE_BREAKDOWN
2024-12-30 00:00:00,Japan,Japan,JP,330.42,404.17,39.65,31.12,,true,ESTIMATED_MODE_BREAKDOWN
2024-12-30 01:00:00,Japan,Japan,JP,279.06,348.03,49.02,40.09,,true,ESTIMATED_MODE_BREAKDOWN
2024-12-30 02:00:00,Japan,Japan,JP,246.89,312.18,54.91,45.67,,true,ESTIMATED_MODE_BREAKDOWN
2024-12-30 03:00:00,Japan,Japan,JP,244.81,309.73,55.29,45.82,,true,ESTIMATED_MODE_BREAKDOWN
2024-12-30 04:00:00,Japan,Japan,JP,268.74,336.18,50.91,41.23,,true,ESTIMATED_MODE_BREAKDOWN
2024-12-30 05:00:00,Japan,Japan,JP,316.47,387.78,42.21,32.51,,true,ESTIMATED_MODE_BREAKDOWN
2024-12-30 06:00:00,Japan,Japan,JP,375.09,452.07,31.5,21.96,,true,ESTIMATED_MODE_BREAKDOWN
2024-12-30 07:00:00,Japan,Japan,JP,421.99,503.79,22.93,13.88,,true,ESTIMATED_MODE_BREAKDOWN
2024-12-30 08:00:00,Japan,Japan,JP,435.85,518.58,20.42,12.05,,true,ESTIMATED_MODE_BREAKDOWN
2024-12-30 09:00:00,Japan,Japan,JP,437.01,519.41,20.22,12.04,,true,ESTIMATED_MODE_BREAKDOWN
2024-12-30 10:00:00,Japan,Japan,JP,436.63,519.02,20.29,12.06,,true,ESTIMATED_MODE_BREAKDOWN
2024-12-30 11:00:00,Japan,Japan,JP,435.65,517.92,20.47,12.08,,true,ESTIMATED_MODE_BREAKDOWN
2024-12-30 12:00:00,Japan,Japan,JP,433.87,515.81,20.79,12.11,,true,ESTIMATED_MODE_BREAKDOWN
2024-12-30 13:00:00,Japan,Japan,JP,431.27,512.12,21.28,12.09,,true,ESTIMATED_MODE_BREAKDOWN
2024-12-30 14:00:00,Japan,Japan,JP,429.24,508.71,21.68,12.16,,true,ESTIMATED_MODE_BREAKDOWN
2024-12-30 15:00:00,Japan,Japan,JP,425.06,503.53,22.45,12.3,,true,ESTIMATED_MODE_BREAKDOWN
2024-12-30 16:00:00,Japan,Japan,JP,422.82,500.65,22.87,12.36,,true,ESTIMATED_MODE_BREAKDOWN
2024-12-30 17:00:00,Japan,Japan,JP,422.83,500.9,22.86,12.47,,true,ESTIMATED_MODE_BREAKDOWN
2024-12-30 18:00:00,Japan,Japan,JP,423.14,501.17,22.81,12.57,,true,ESTIMATED_MODE_BREAKDOWN
2024-12-30 19:00:00,Japan,Japan,JP,423.34,501.03,22.78,12.57,,true,ESTIMATED_MODE_BREAKDOWN
2024-12-30 20:00:00,Japan,Japan,JP,423.49,501.22,22.75,12.52,,true,ESTIMATED_MODE_BREAKDOWN
2024-12-30 21:00:00,Japan,Japan,JP,424.92,503.5,22.47,12.42,,true,ESTIMATED_MODE_BREAKDOWN
2024-12-30 22:00:00,Japan,Japan,JP,420.42,500.19,23.26,13.63,,true,ESTIMATED_MODE_BREAKDOWN
2024-12-30 23:00:00,Japan,Japan,JP,390.7,468.65,28.67,19.49,,true,ESTIMATED_MODE_BREAKDOWN
2024-12-31 00:00:00,Japan,Japan,JP,336.87,410.19,38.48,29.2,,true,ESTIMATED_MODE_BREAKDOWN
2024-12-31 01:00:00,Japan,Japan,JP,282.51,351.19,48.39,38.76,,true,ESTIMATED_MODE_BREAKDOWN
2024-12-31 02:00:00,Japan,Japan,JP,250.98,317.47,54.13,44.21,,true,ESTIMATED_MODE_BREAKDOWN
2024-12-31 03:00:00,Japan,Japan,JP,242.45,307.68,55.69,45.58,,true,ESTIMATED_MODE_BREAKDOWN
2024-12-31 04:00:00,Japan,Japan,JP,264.55,331.22,51.67,41.33,,true,ESTIMATED_MODE_BREAKDOWN
2024-12-31 05:00:00,Japan,Japan,JP,300.88,371.7,45.01,34.57,,true,ESTIMATED_MODE_BREAKDOWN
2024-12-31 06:00:00,Japan,Japan,JP,353.38,428.49,35.44,25.22,,true,ESTIMATED_MODE_BREAKDOWN
2024-12-31 07:00:00,Japan,Japan,JP,406.96,486.56,25.68,16.06,,true,ESTIMATED_MODE_BREAKDOWN
2024-12-31 08:00:00,Japan,Japan,JP,424.98,506.13,22.4,13.55,,true,ESTIMATED_MODE_BREAKDOWN
2024-12-31 09:00:00,Japan,Japan,JP,426.06,507.08,22.21,13.54,,true,ESTIMATED_MODE_BREAKDOWN
2024-12-31 10:00:00,Japan,Japan,JP,425.73,506.63,22.27,13.52,,true,ESTIMATED_MODE_BREAKDOWN
2024-12-31 11:00:00,Japan,Japan,JP,424.84,505.81,22.43,13.53,,true,ESTIMATED_MODE_BREAKDOWN
2024-12-31 12:00:00,Japan,Japan,JP,424.67,505.65,22.46,13.39,,true,ESTIMATED_MODE_BREAKDOWN
2024-12-31 13:00:00,Japan,Japan,JP,422.57,503.2,22.85,13.48,,true,ESTIMATED_MODE_BREAKDOWN
2024-12-31 14:00:00,Japan,Japan,JP,422.75,502.61,22.83,13.4,,true,ESTIMATED_MODE_BREAKDOWN
2024-12-31 15:00:00,Japan,Japan,JP,420.0,498.39,23.36,13.41,,true,ESTIMATED_MODE_BREAKDOWN
2024-12-31 16:00:00,Japan,Japan,JP,418.42,496.76,23.65,13.45,,true,ESTIMATED_MODE_BREAKDOWN
2024-12-31 17:00:00,Japan,Japan,JP,418.42,497.2,23.64,13.51,,true,ESTIMATED_MODE_BREAKDOWN
2024-12-31 18:00:00,Japan,Japan,JP,419.0,498.32,23.52,13.49,,true,ESTIMATED_MODE_BREAKDOWN
2024-12-31 19:00:00,Japan,Japan,JP,419.5,498.28,23.45,13.35,,true,ESTIMATED_MODE_BREAKDOWN
2024-12-31 20:00:00,Japan,Japan,JP,419.59,498.16,23.44,13.26,,true,ESTIMATED_MODE_BREAKDOWN
2024-12-31 21:00:00,Japan,Japan,JP,420.47,499.94,23.25,13.1,,true,ESTIMATED_MODE_BREAKDOWN
2024-12-31 22:00:00,Japan,Japan,JP,412.5,491.53,24.7,14.89,,true,ESTIMATED_MODE_BREAKDOWN
2024-12-31 23:00:00,Japan,Japan,JP,355.39,430.24,35.11,25.58,,true,ESTIMATED_MODE_BREAKDOWN
